"p_val","avg_log2FC","pct.1","pct.2","p_val_adj","cluster","gene"
0,1.73504641912355,0.844,0.262,0,"0","LYAR"
0,1.67838680924889,0.863,0.284,0,"0","MRTO4"
0,1.9575084577448,0.827,0.254,0,"0","SLC43A3"
0,1.68808567645426,0.931,0.378,0,"0","UBE2S"
0,1.63369343407777,0.973,0.553,0,"0","NME1"
0,1.41117603599838,0.975,0.573,0,"0","DDX21"
0,1.27331134967131,0.983,0.598,0,"0","GPI"
0,1.47898580602576,0.978,0.619,0,"0","CYCS"
0,1.5938656117821,0.979,0.631,0,"0","HSPD1"
0,1.40078310544111,0.98,0.652,0,"0","PGK1"
0,1.36163674397508,0.987,0.682,0,"0","PA2G4"
0,1.59382135811685,0.993,0.714,0,"0","LDHA"
0,1.28977224620024,0.996,0.727,0,"0","ALDOA"
0,1.43534002005675,0.996,0.729,0,"0","TUBA1B"
0,1.38844897347882,0.998,0.737,0,"0","ENO1"
0,1.22964691485273,0.997,0.752,0,"0","TPI1"
0,1.34243526628729,0.997,0.816,0,"0","NPM1"
0,1.21971207911294,0.998,0.821,0,"0","HSP90AA1"
0,1.00076841912257,1,0.9,0,"0","GAPDH"
0,0.99071418965687,1,0.907,0,"0","PPIA"
0,1.05166953134027,1,0.93,0,"0","CFL1"
0,0.845265080997425,1,0.948,0,"0","RPS2"
0,1.07178629013165,1,0.964,0,"0","PTMA"
2.60467007469278e-304,1.38245504328246,0.941,0.416,5.99412724289049e-300,"0","SRM"
1.79843569305196e-296,1.19772325790264,0.999,0.774,4.13874006042048e-292,"0","HSP90AB1"
7.49859332560949e-294,1.23520415254973,0.972,0.642,1.72565128202251e-289,"0","ATP5B"
8.08146996079361e-292,1.32141582499618,0.919,0.357,1.85978868207743e-287,"0","RRM2"
3.75769641502424e-291,1.43785513489311,0.922,0.431,8.64758675989529e-287,"0","PAICS"
9.43137319343837e-289,1.26069638719063,0.969,0.568,2.17044191300597e-284,"0","ALYREF"
4.87840740206697e-288,1.35705606983383,0.983,0.58,1.12266789543767e-283,"0","HMGA1"
4.57337982090279e-286,1.39525577766528,0.905,0.356,1.05247189818436e-281,"0","PHB"
1.71896116587443e-284,1.29867693674671,0.952,0.581,3.95584533102682e-280,"0","SLC25A5"
9.6405143079e-282,1.3529096867803,0.937,0.46,2.21857155767703e-277,"0","PGAM1"
4.07449050490192e-280,1.28975379460449,0.97,0.541,9.37662499893079e-276,"0","NOP56"
5.48822063569041e-280,0.986828023044475,0.995,0.808,1.26300421489143e-275,"0","YBX1"
2.69220309760261e-278,1.3650409287618,0.932,0.45,6.1955669885129e-274,"0","TCP1"
3.75966084185244e-278,1.14840853041365,0.984,0.723,8.65210749535503e-274,"0","SET"
1.70263273622e-277,1.39323899125552,0.92,0.373,3.9182687158631e-273,"0","MIR4435-1HG"
1.71997068664987e-277,1.04656694235845,0.984,0.747,3.95816854118734e-273,"0","ATP5G3"
3.56942128970046e-276,1.32570340833656,0.937,0.456,8.21430921398768e-272,"0","AK2"
1.11631585496567e-274,1.1256711498382,0.994,0.769,2.5689776770325e-270,"0","NCL"
2.01007313215121e-272,1.51637433741806,0.818,0.267,4.62578129901958e-268,"0","CCNA2"
2.55806669041409e-272,1.38835294183041,0.928,0.444,5.88687887464994e-268,"0","CCT6A"
1.79162814462995e-270,1.39589419258674,0.893,0.362,4.1230738492369e-266,"0","STIP1"
7.09411623378284e-270,1.26479458994133,0.965,0.539,1.63256896888044e-265,"0","HNRNPAB"
1.59282635016152e-269,1.12183248191603,0.994,0.728,3.6655712796267e-265,"0","CCND2"
5.14897533592393e-268,1.29896672869412,0.952,0.497,1.18493369405617e-263,"0","RANBP1"
7.08535786739389e-268,1.45541167909319,0.888,0.371,1.63055340602336e-263,"0","WDR43"
7.30899308596093e-268,1.36699596857306,0.909,0.4,1.68201857887219e-263,"0","CCT5"
8.89007370251498e-268,1.43906043949333,0.88,0.349,2.04587266115977e-263,"0","FKBP4"
2.14230536432412e-267,2.11823012428613,0.606,0.118,4.93008733491909e-263,"0","HK2"
1.11504319370166e-266,1.10543376007572,0.988,0.678,2.56604890166564e-262,"0","ARHGDIA"
3.25950157319847e-265,1.40618323515751,0.826,0.28,7.50109097040164e-261,"0","PFKP"
5.83057259370712e-265,1.20058241956364,0.975,0.73,1.34178967098982e-260,"0","RAN"
4.4746039275222e-264,1.61631267098194,0.888,0.387,1.02974060184068e-259,"0","AQP3"
8.76825514606367e-264,1.26323296502501,0.93,0.42,2.01783855676363e-259,"0","POLR2E"
1.05674310051912e-262,1.48131501475692,0.883,0.414,2.43188289722465e-258,"0","PPP1R14B"
1.29538489386506e-262,1.55906655618387,0.786,0.253,2.98106925625167e-258,"0","TMEM97"
2.18894002867336e-262,1.36437497342019,0.892,0.364,5.037407687986e-258,"0","KIAA0101"
7.67421932546693e-262,1.50521508787581,0.821,0.285,1.76606809336971e-257,"0","GPATCH4"
4.28098721838525e-261,1.3246346971354,0.944,0.465,9.85183588566998e-257,"0","HN1"
2.81644709253855e-260,1.2835579452319,0.942,0.46,6.48148969405898e-256,"0","HSPA9"
1.04978009585495e-258,0.971695383059237,1,0.963,2.415858934591e-254,"0","ACTB"
1.54276469595596e-258,1.42361616505731,0.896,0.371,3.55036439480344e-254,"0","TUBA1C"
1.46506298280535e-257,1.13890661546013,0.978,0.619,3.37154944232994e-253,"0","EIF5AL1"
5.45550206632104e-256,1.2627517552059,0.932,0.425,1.25547469052246e-251,"0","TYMS"
1.63378015871104e-255,1.36415634315948,0.854,0.32,3.75981827924171e-251,"0","AHCY"
1.79872250170745e-254,1.181336285919,0.969,0.682,4.13940009317935e-250,"0","H2AFZ"
1.12069813319955e-253,1.45910822093802,0.863,0.354,2.57906261393212e-249,"0","HSPE1"
5.81232115077695e-253,1.1424015615566,0.977,0.622,1.3375894664283e-248,"0","KPNB1"
5.98180507057341e-253,1.27292304626905,0.912,0.401,1.37659280089106e-248,"0","DKC1"
1.98343093822403e-252,1.29588560451021,0.877,0.326,4.56446961813497e-248,"0","ZWINT"
6.74646648030235e-252,1.09539139864736,0.971,0.61,1.55256433111198e-247,"0","TUFM"
1.05536859174376e-251,1.37670176156168,0.801,0.258,2.42871974017992e-247,"0","GINS2"
2.45937569237576e-251,1.09871346220653,0.989,0.642,5.65976128086433e-247,"0","TUBB"
1.03573361479199e-250,1.43042702152305,0.8,0.276,2.38353376772081e-246,"0","RPF2"
2.00065716862682e-250,1.30782000503612,0.855,0.324,4.6041123421609e-246,"0","GMNN"
8.35562341617165e-250,1.66406657551291,0.707,0.201,1.92287961676358e-245,"0","ACOT7"
4.44472743695781e-247,0.962768051168954,0.989,0.766,1.0228651250671e-242,"0","CHCHD2"
9.04121189986893e-247,1.11885890781951,0.969,0.644,2.08065409451684e-242,"0","XRCC5"
9.80341979216523e-247,1.65308890948704,0.695,0.192,2.25606099677098e-242,"0","CCDC86"
8.1763037729247e-246,2.03756876516061,0.566,0.108,1.88161278726316e-241,"0","POLR3G"
5.928016131633e-245,1.49816648855744,0.713,0.199,1.3642143523727e-240,"0","TOMM40"
8.60644722833384e-245,1.39718882790571,0.764,0.23,1.98060170065647e-240,"0","CENPM"
4.82347177668732e-244,1.05840530541953,0.978,0.683,1.11002555996905e-239,"0","HMGN2"
1.30386999857179e-243,1.28160324815419,0.888,0.375,3.00059602771325e-239,"0","EBNA1BP2"
2.90010453842533e-243,1.36270593693478,0.8,0.269,6.6740105742782e-239,"0","AC008155.1"
4.96597597236085e-242,1.24031598719029,0.919,0.425,1.1428200505194e-237,"0","MRPL37"
6.67529944286967e-242,1.25998786075981,0.865,0.327,1.5361866607876e-237,"0","TPX2"
1.12627235905309e-241,1.41283145529126,0.847,0.336,2.59189057988888e-237,"0","FABP5"
3.47015335860417e-241,1.29748830417005,0.891,0.368,7.98586392415577e-237,"0","RRM1"
5.08142240408759e-241,1.67506861555103,0.642,0.159,1.16938773785268e-236,"0","TRIP13"
1.14311012360241e-240,1.13281997845091,0.905,0.39,2.63063932744622e-236,"0","RPS2P46"
3.45681878660709e-240,1.19543255747072,0.937,0.461,7.9551770736189e-236,"0","POLE3"
5.02679739420002e-240,1.35004062893724,0.833,0.319,1.15681688432725e-235,"0","ATIC"
2.38437848127647e-239,1.44968947073769,0.7,0.193,5.48717019896154e-235,"0","POLR3H"
1.79644133617305e-238,1.03458019510199,0.976,0.727,4.13415044693505e-234,"0","EIF4G2"
1.80598245843835e-238,1.47412979887753,0.699,0.194,4.15610743160418e-234,"0","PLK1"
3.43590247292202e-238,1.40039086546749,0.819,0.318,7.90704236093543e-234,"0","SEPW1"
3.90072278887079e-238,1.13982611689964,0.971,0.55,8.97673335402835e-234,"0","DUT"
9.33572712537779e-238,1.23346239152487,0.816,0.285,2.14843088336319e-233,"0","CCDC34"
1.19659053072549e-237,1.28169677467855,0.912,0.452,2.75371378835858e-233,"0","ODC1"
3.08694826746159e-237,1.0943485170448,0.956,0.526,7.10399404790936e-233,"0","TFRC"
3.52942490197861e-237,0.934412342125925,0.998,0.835,8.12226552692338e-233,"0","PKM"
9.14586998244966e-237,1.43574200807597,0.841,0.361,2.10473905906114e-232,"0","C1QBP"
2.44162010161841e-236,1.16028326893353,0.886,0.356,5.61890033985446e-232,"0","SNHG1"
4.68572245462937e-236,1.2666148646059,0.908,0.459,1.07832530848386e-231,"0","VDAC3"
9.95675899321257e-236,1.20522977741701,0.992,0.707,2.29134894710801e-231,"0","HSPA8"
4.41202052273925e-235,1.38965641292045,0.814,0.294,1.01533828289798e-230,"0","POLR3K"
1.37656601138486e-233,1.2494909431148,0.905,0.402,3.16789136199997e-229,"0","HSPH1"
1.54661997910456e-233,1.3354127599708,0.779,0.259,3.55923655791332e-229,"0","ZWILCH"
1.97044948762709e-233,1.74386816787841,0.643,0.167,4.53459540587621e-229,"0","CDC25A"
2.80838140886316e-233,1.41494107425817,0.681,0.187,6.46292813621678e-229,"0","RCC1"
1.8782398710726e-232,1.30545838939603,0.83,0.325,4.32239341529937e-228,"0","CIRH1A"
2.14995716380482e-232,1.05087085047025,0.976,0.667,4.94769642106402e-228,"0","LDHB"
2.29408551307177e-232,1.42808490062331,0.765,0.251,5.27937899123207e-228,"0","DCTPP1"
2.65868119031142e-232,1.12371799008111,0.9,0.374,6.11842302326368e-228,"0","BIRC5"
2.88003749081627e-232,1.45355856631806,0.797,0.293,6.62783027761549e-228,"0","C12orf75"
5.35009924230382e-232,1.29669663982284,0.839,0.322,1.23121833863138e-227,"0","BZW2"
8.36600592887591e-231,1.1132580271294,0.939,0.448,1.92526894441221e-226,"0","RP5-882O7.1"
3.72700020546959e-230,1.13001915724781,0.933,0.521,8.57694557284718e-226,"0","SNRPC"
9.16973851405758e-230,1.12675765972945,0.946,0.535,2.11023192424007e-225,"0","CCT2"
5.45896818583961e-229,1.61154012376237,0.689,0.204,1.25627234860727e-224,"0","NPM3"
5.53013688611839e-229,1.17426082038441,0.932,0.53,1.27265040160242e-224,"0","EIF1AX"
5.72061177476093e-228,1.15191257158358,0.946,0.512,1.31648438772573e-223,"0","CCT4"
7.24415299402964e-228,1.17064338167313,0.937,0.518,1.66709692851604e-223,"0","PHB2"
1.42862037188235e-227,1.31586245722796,0.854,0.362,3.28768406181286e-223,"0","CCT7"
1.72073438586498e-227,1.37103995716808,0.734,0.231,3.95992604219108e-223,"0","DTYMK"
3.194608257542e-227,1.20525384038294,0.837,0.315,7.35175198308141e-223,"0","NABP2"
1.34461149027985e-226,1.59313728693082,0.645,0.167,3.09435442258102e-222,"0","CTPS1"
3.60183703736169e-226,1.22091834057376,0.87,0.34,8.28890757408045e-222,"0","DHFR"
5.75974789340307e-226,1.24827191872424,0.799,0.287,1.32549078270885e-221,"0","SNRPA1"
1.23599764591211e-225,1.12781384344096,0.831,0.302,2.84440138253755e-221,"0","MRPL4"
4.46177597744498e-225,1.1168895474625,0.784,0.259,1.02678850568941e-220,"0","TNFRSF1B"
4.77675652093432e-225,0.951743817481568,0.982,0.662,1.09927497816262e-220,"0","EIF3I"
9.70905034548535e-225,1.36959331934493,0.883,0.487,2.23434375600654e-220,"0","PRDX3"
1.41668329250531e-224,1.26215630147166,0.811,0.311,3.26021326104247e-220,"0","C17orf89"
4.55901796145962e-224,1.40931849575512,0.747,0.256,1.0491668034707e-219,"0","DHCR24"
3.19990285463304e-223,1.29529133755043,0.721,0.222,7.36393643936701e-219,"0","HSPBP1"
4.57407317632563e-223,1.39195064853082,0.686,0.2,1.05263146006782e-218,"0","TRAP1"
4.57651577009132e-223,1.02031236988591,0.973,0.642,1.05319357417112e-218,"0","SERBP1"
1.23616700256721e-222,1.02874549194899,0.889,0.368,2.84479112300793e-218,"0","MYBL2"
1.53454419362914e-222,1.64563868900882,0.652,0.184,3.53144655279874e-218,"0","CCNB2"
7.84927780563465e-222,1.51987830358729,0.737,0.246,1.8063543014107e-217,"0","AURKA"
6.02048801377485e-221,1.23484854594503,0.751,0.254,1.38549490661001e-216,"0","SLC16A1"
1.46752970524324e-220,1.03597438742259,0.967,0.579,3.37722611067628e-216,"0","NUTF2"
4.66732826115174e-220,1.46259837490471,0.719,0.228,1.07409225273885e-215,"0","CCNB1"
1.23933772832165e-219,1.32212965652678,0.788,0.297,2.85208791418661e-215,"0","BOLA3"
1.32783836865954e-219,1.31806119229984,0.752,0.244,3.0557544377962e-215,"0","RRP15"
1.36482749336231e-219,1.14358419514938,0.892,0.36,3.14087751047469e-215,"0","MCM4"
1.45794369392091e-219,1.30643953736921,0.741,0.241,3.35516582282019e-215,"0","DLGAP5"
1.70289590446096e-219,1.45193760065944,0.685,0.199,3.918874344936e-215,"0","U52111.12"
2.66247554518794e-219,1.13011512990729,0.92,0.461,6.127154972141e-215,"0","CCT3"
1.00932911639629e-218,1.20644164215768,0.817,0.302,2.32276909556278e-214,"0","NAA15"
1.42293564197904e-218,1.09189653514226,0.882,0.377,3.27460179288637e-214,"0","PTDSS1"
3.90214917772258e-218,1.49882621047495,0.678,0.196,8.98001590269298e-214,"0","NOP16"
1.08165498639376e-217,1.46898915666949,0.709,0.226,2.48921262018796e-213,"0","RFC3"
1.24273833320543e-217,1.38084533324133,0.667,0.185,2.85991372620565e-213,"0","CDC20"
2.0368743169547e-217,1.0710965319444,0.954,0.561,4.68745886560786e-213,"0","SNRPD1"
2.41198844119695e-217,1.20136369451548,0.783,0.286,5.55070899972654e-213,"0","UBE2V2"
2.43770895861315e-217,1.07913819188926,0.865,0.365,5.60989962645643e-213,"0","EIF4A3"
1.50663505358152e-216,1.08801106871004,0.701,0.209,3.46721924880715e-212,"0","NOC2L"
1.66181025597038e-216,1.14192834080166,0.859,0.352,3.82432394206464e-212,"0","TIMM13"
2.33417947262846e-216,1.14108409676869,0.91,0.424,5.37164722035987e-212,"0","NHP2"
5.42547514810933e-216,1.42495545367646,0.718,0.229,1.2485645958344e-211,"0","RUVBL1"
2.05930285534648e-215,1.23586174376457,0.782,0.279,4.73907366100886e-211,"0","GOT2"
2.23600056662166e-215,2.24581588880381,0.497,0.091,5.14570810396643e-211,"0","CENPV"
1.56925308064978e-214,1.16107851050279,0.894,0.418,3.61132211449933e-210,"0","CDC123"
2.32622330657752e-214,1.14056283513978,0.836,0.313,5.35333769542684e-210,"0","MCM2"
4.32393924091459e-214,1.32836129691084,0.684,0.208,9.95068137511676e-210,"0","ATAD3A"
5.64163110393979e-214,1.11058755586963,0.924,0.47,1.29830856594966e-209,"0","XRCC6"
1.52784781116369e-213,1.42040605276364,0.676,0.204,3.516036167831e-209,"0","PNPT1"
3.18896630641487e-213,1.35049280291657,0.771,0.289,7.33876816095253e-209,"0","KPNA3"
3.55042520657984e-213,1.1088340748213,0.834,0.331,8.17059352790218e-209,"0","GLRX5"
4.79873542723271e-213,1.21628264160165,0.836,0.334,1.10433298386906e-208,"0","GTF3C6"
1.33808441019776e-212,1.28852543917135,0.765,0.279,3.07933365318811e-208,"0","GRPEL1"
2.82456094178445e-212,1.20168258313141,0.906,0.468,6.50016209532854e-208,"0","GLO1"
8.30946703344666e-212,0.951051148743127,0.914,0.406,1.91225764840708e-207,"0","DDX39A"
2.32685706492105e-211,1.15487367294471,0.832,0.333,5.35479616350282e-207,"0","MKI67IP"
5.84174750524657e-211,1.18713815804114,0.868,0.401,1.34436135338239e-206,"0","TFAM"
3.725021821866e-210,1.29459430832145,0.737,0.251,8.57239271866023e-206,"0","CMSS1"
4.72992788617116e-210,1.07009324151126,0.864,0.371,1.08849830444457e-205,"0","SFXN1"
7.35101474395135e-210,1.41690945119009,0.627,0.17,1.69168902302552e-205,"0","IFRD2"
9.17517610219592e-210,1.13761056246899,0.878,0.381,2.11148327639835e-205,"0","LMNB1"
1.02610590453081e-209,1.10321126289753,0.801,0.299,2.36137751809676e-205,"0","IDH3A"
1.85504070130225e-209,0.651458535371587,0.999,0.955,4.26900516590686e-205,"0","RPS24"
6.51552215331489e-209,1.05583075982625,0.84,0.333,1.49941711314236e-204,"0","PHF19"
7.6027701043962e-209,1.01787241091525,0.997,0.825,1.7496254841247e-204,"0","ACTG1"
8.92021327629071e-209,1.04806582479924,0.841,0.325,2.05280868127278e-204,"0","NCAPG"
1.46618503045104e-208,1.38548854677081,0.705,0.227,3.37413161057699e-204,"0","HPRT1"
2.13538124576264e-208,1.07966877936072,0.919,0.448,4.91415286087357e-204,"0","PPIF"
2.13541870851729e-208,1.0031337060478,0.959,0.519,4.91423907391083e-204,"0","SNRPB"
3.98311498179052e-208,1.08950350098434,0.925,0.474,9.16634250759453e-204,"0","MRPL20"
4.40601490657589e-208,1.23872427581016,0.77,0.283,1.01395621045031e-203,"0","FARSB"
1.25091887281614e-207,1.21350438237991,0.841,0.363,2.87873960201177e-203,"0","MRPL18"
1.36930365416268e-207,1.12903334555483,0.847,0.339,3.15117849932458e-203,"0","CDK4"
1.76924633954066e-207,1.07120068034684,0.921,0.479,4.07156660118492e-203,"0","PSME3"
3.13052010505208e-207,1.0512957249299,0.975,0.577,7.20426591775634e-203,"0","CXCR4"
6.22133978968031e-207,0.980091178920031,0.977,0.67,1.43171692579913e-202,"0","CBX3"
7.57423512548743e-207,1.1058240070611,0.887,0.401,1.74305872942842e-202,"0","TUBB4B"
6.44309229552764e-206,1.20968858770513,0.782,0.294,1.48274882996978e-201,"0","CSE1L"
6.46226400401217e-206,1.18222819691504,0.888,0.386,1.48716081524332e-201,"0","SNHG3"
4.29120187445657e-205,1.27397319586881,0.714,0.238,9.8753428736869e-201,"0","SNHG12"
4.44282052366291e-204,1.38438813064351,0.7,0.223,1.02242628711055e-199,"0","ORC6"
4.9718482377022e-204,1.05802511922739,0.899,0.441,1.14417143494241e-199,"0","ETF1"
7.56246475868233e-204,1.12455393571635,0.809,0.31,1.74035001491557e-199,"0","SNHG16"
1.39893439733789e-203,1.08247224169673,0.88,0.405,3.21936772859369e-199,"0","NUDT5"
3.06486669974258e-203,0.850069339867978,0.982,0.758,7.0531777361176e-199,"0","YWHAE"
5.51060021010154e-203,1.13481471600899,0.866,0.378,1.26815442635067e-198,"0","PRKDC"
6.76680699856532e-203,1.2396017458764,0.793,0.31,1.55724529457984e-198,"0","MRPL35"
7.03300402066714e-203,1.1611509699323,0.76,0.266,1.61850521527613e-198,"0","TPGS2"
8.60105528517795e-203,1.19194452103001,0.718,0.236,1.979360852778e-198,"0","TIMM50"
1.03677305607101e-202,1.08458072547501,0.864,0.357,2.38592583393621e-198,"0","NME2P1"
1.43997008038383e-202,0.862093205524072,0.984,0.774,3.31380314598732e-198,"0","HNRNPC"
4.39979582807835e-202,1.69057104018844,0.525,0.111,1.01252501391567e-197,"0","EHD3"
1.0462420458279e-201,1.01917209401328,0.954,0.586,2.40771682006374e-197,"0","SYNCRIP"
1.1969926978668e-201,1.13817445323888,0.856,0.387,2.75463929560087e-197,"0","MRPL3"
1.22014539049239e-201,1.29569396279161,0.655,0.19,2.80792058714013e-197,"0","PNO1"
1.61368932335104e-201,1.12452395849925,0.782,0.298,3.71358323982774e-197,"0","EIF4E"
3.00287817607128e-201,1.03499125790151,0.942,0.492,6.91052354659284e-197,"0","RSL1D1"
1.0738549752757e-200,0.970680091408715,0.944,0.507,2.47126245460197e-196,"0","MRPS34"
4.3489976957494e-200,1.39843657425428,0.666,0.204,1.00083483972281e-195,"0","TTLL12"
1.14663561779584e-199,1.12208614863846,0.867,0.412,2.63875254723357e-195,"0","ABCE1"
3.32694662474266e-199,1.2534111710076,0.726,0.253,7.65630226752028e-195,"0","MAD2L1"
3.5173834962138e-199,0.938247459002795,0.974,0.648,8.09455463983683e-195,"0","FKBP1A"
4.51267756434658e-199,1.17029698060819,0.802,0.324,1.03850248788308e-194,"0","CHORDC1"
7.06734033233364e-199,1.33365310401305,0.676,0.209,1.62640703067994e-194,"0","GAR1"
7.5726666362817e-199,1.0168873989264,0.867,0.354,1.74269777300751e-194,"0","MCM7"
2.00860681250098e-198,1.09574897585636,0.888,0.412,4.6224068576085e-194,"0","PRELID1"
3.62531126570832e-198,1.27366862468691,0.745,0.263,8.34292881577455e-194,"0","WDR54"
3.9779886058e-198,0.835922783399128,0.993,0.774,9.15454517852753e-194,"0","HMGB1"
1.51272219744254e-197,0.78286875861919,0.998,0.823,3.48122759297451e-193,"0","HNRNPA2B1"
2.78978807092703e-197,1.39262448516206,0.632,0.18,6.42013928762438e-193,"0","NDC1"
1.5447807219228e-196,0.966353688955232,0.947,0.602,3.55500387536094e-192,"0","GTF3A"
2.30626598219552e-196,1.00516376957062,0.894,0.392,5.30740990482654e-192,"0","TCOF1"
2.4401547995516e-196,1.51969556512142,0.56,0.137,5.61552824020809e-192,"0","EMG1"
4.32330282052132e-196,1.10747598282795,0.896,0.465,9.94921678086572e-192,"0","LBR"
1.05689956053087e-195,1.11898947729566,0.789,0.304,2.43224295864968e-191,"0","MRPL9"
1.08919012583963e-195,1.09655717897611,0.775,0.288,2.50655323659474e-191,"0","MRPS2"
1.32390618956614e-195,1.2067616206581,0.689,0.225,3.04670531404856e-191,"0","MSRB1"
1.88114358100803e-195,1.54054924576638,0.586,0.157,4.32907572297377e-191,"0","PBK"
2.02699801304793e-195,1.37681178574506,0.698,0.237,4.6647305274272e-191,"0","NPM1P27"
2.03017565532e-195,1.03324440079463,0.943,0.616,4.67204323558792e-191,"0","SNRPG"
3.49259875495112e-194,1.02424542506058,0.914,0.488,8.03751751476902e-190,"0","PDCD5"
4.8024022821792e-194,1.04484717065754,0.932,0.528,1.1051768371979e-189,"0","PRMT1"
7.66402132075841e-194,1.01170307227682,0.92,0.512,1.76372122654613e-189,"0","H2AFY"
1.22529501836499e-193,0.982195336817828,0.939,0.58,2.81977142576335e-189,"0","ATP5F1"
1.803109477814e-193,1.0301424943195,0.75,0.269,4.14949584129337e-189,"0","MAPK6"
2.167424327045e-193,1.09424828558696,0.826,0.37,4.98789360382866e-189,"0","MRPL41"
3.78130646007117e-193,1.10349286637201,0.676,0.204,8.70192055656178e-189,"0","SKA3"
4.12490638496939e-193,1.15772815249038,0.699,0.231,9.49264706373005e-189,"0","EBPL"
4.4056286230185e-193,1.01825513954031,0.902,0.443,1.01386731501525e-188,"0","PTMAP5"
7.06502571607543e-193,1.34795177185033,0.699,0.236,1.62587436804044e-188,"0","TRIAP1"
1.18648352625051e-192,1.072298059275,0.863,0.396,2.73045453896029e-188,"0","NAA50"
3.05237635177966e-192,1.06935466494186,0.717,0.242,7.02443369835054e-188,"0","KIAA0020"
5.50087364787951e-192,0.953824189603574,0.95,0.5,1.26591605258651e-187,"0","ARPC4"
9.351603615943e-192,1.26480846920597,0.705,0.241,2.15208454013696e-187,"0","MPHOSPH6"
1.03903845577101e-191,1.08407077141171,0.663,0.205,2.39113919826583e-187,"0","HRAS"
1.96622613862764e-191,0.966040627064715,0.93,0.518,4.52487621282378e-187,"0","SLC25A39"
3.42744343831574e-191,0.968275378069493,0.904,0.419,7.88757558459602e-187,"0","PSMD1"
4.31368984104084e-191,0.978770092984147,0.914,0.452,9.9270944311873e-187,"0","RAB8A"
1.98984857096018e-190,0.870821370811318,0.922,0.433,4.57923851635067e-186,"0","PCNA"
2.35900981120573e-190,0.965290934442305,0.884,0.39,5.42878927852774e-186,"0","NOLC1"
9.66647441214611e-190,1.22351511128325,0.777,0.305,2.22454575646718e-185,"0","MRPL13"
1.13186581202056e-189,0.985416895073064,0.934,0.508,2.60476279320291e-185,"0","CHCHD10"
1.51894545162013e-189,1.03485705743486,0.752,0.27,3.49554916781341e-185,"0","NDUFAF4"
1.8579475790234e-189,1.10300580813579,0.693,0.219,4.27569476360656e-185,"0","TMX2"
2.34313472500484e-189,1.1036935100402,0.784,0.3,5.39225594265363e-185,"0","UBE2T"
2.42230740183483e-189,0.995700684409787,0.808,0.327,5.57445602384248e-185,"0","POLR2F"
2.60888836156086e-189,1.15118259474938,0.73,0.26,6.00383478646e-185,"0","TRAPPC4"
3.14654672156452e-189,1.12158904898857,0.757,0.274,7.24114797033643e-185,"0","CENPW"
3.46839556950589e-189,1.07425171783731,0.803,0.321,7.98181872410391e-185,"0","GGCT"
8.78584652577592e-189,0.812285811960265,0.988,0.74,2.02188686097681e-184,"0","TMA7"
1.21319674656664e-188,1.02357375752661,0.845,0.361,2.7919296728738e-184,"0","TIMM10"
1.44043662812472e-188,1.13771049003088,0.792,0.311,3.31487681230343e-184,"0","ITGB1BP1"
1.56941444548887e-188,1.06316453080787,0.736,0.257,3.61169346340354e-184,"0","SPDL1"
1.82835975997631e-188,0.926352798416988,0.925,0.464,4.20760431563349e-184,"0","PSMD11"
2.21297014483419e-188,1.00723777633634,0.868,0.38,5.09270819430693e-184,"0","DNAJC9"
6.78055020922955e-188,1.02675288405534,0.878,0.391,1.56040801965e-183,"0","RQCD1"
1.93969974529705e-187,0.986192609995793,0.799,0.31,4.4638310238521e-183,"0","RUVBL2"
9.12343205176457e-187,0.895418651974481,0.862,0.373,2.09957541807258e-182,"0","LRRC58"
1.33543171032188e-186,1.0915164436566,0.683,0.221,3.07322899496374e-182,"0","UCK2"
1.44316256144258e-186,1.19357933071775,0.669,0.214,3.3211500026478e-182,"0","BUB1B"
1.82816035249427e-186,1.18741966607934,0.682,0.226,4.20714541919507e-182,"0","TRMT5"
3.23068155239642e-186,1.03989373996882,0.795,0.32,7.43476745652987e-182,"0","DBF4"
5.55056415392393e-186,0.952667883019559,0.938,0.527,1.27735132874251e-181,"0","ILF2"
1.2421650635635e-185,0.982294337974222,0.934,0.588,2.85859446077868e-181,"0","SSBP1"
1.66514807436506e-185,1.00086370006524,0.785,0.304,3.8320052635363e-181,"0","ADSL"
1.91635159152678e-185,1.07009108850319,0.869,0.402,4.41009991758057e-181,"0","VDAC2"
1.22712090967212e-184,1.08766736751881,0.77,0.293,2.82397334942845e-180,"0","SIVA1"
1.67413226613375e-184,1.0550697674985,0.675,0.213,3.8526805840536e-180,"0","NOP2"
1.86037676791422e-184,1.04119776472752,0.75,0.273,4.28128505600099e-180,"0","TDG"
1.95637202012339e-184,1.13051403239584,0.809,0.333,4.50219892990996e-180,"0","MRPS6"
3.48539920398485e-184,0.565960166137794,0.999,0.973,8.02094918813033e-180,"0","RPS27A"
3.76653266308102e-184,1.08568328795027,0.763,0.29,8.66792161754835e-180,"0","AIMP2"
4.39898235785525e-184,1.07039445335075,0.695,0.23,1.01233781001323e-179,"0","CEP55"
5.03406354743939e-184,1.06906644470028,0.714,0.238,1.15848904417223e-179,"0","NCAPH"
5.8835419187137e-184,0.965435838595828,0.718,0.252,1.35397950175358e-179,"0","ESF1"
9.15595119795965e-184,1.07515614109597,0.729,0.258,2.10705904918645e-179,"0","NOB1"
9.4180126667521e-184,1.08251412423156,0.771,0.298,2.16736725499966e-179,"0","POLE4"
9.61636799726658e-184,1.09542879236314,0.695,0.238,2.21301476721096e-179,"0","SLC29A1"
1.2304300166736e-183,0.979644766646633,0.881,0.433,2.83158859737096e-179,"0","TIMM17A"
1.49538876708887e-183,0.974552998418972,0.787,0.307,3.44133816970162e-179,"0","HMMR"
2.30814524061384e-183,0.847073114210339,0.974,0.734,5.31173464222464e-179,"0","YWHAZ"
2.90392245944539e-183,0.910360575538245,0.827,0.334,6.68279675592168e-179,"0","H2AFX"
3.08081683642433e-183,1.13003166791719,0.698,0.239,7.08988378566331e-179,"0","NAT10"
7.81073352766576e-183,0.894572184152495,0.961,0.555,1.79748410672172e-178,"0","FBL"
1.21263562650813e-182,1.30395336742091,0.611,0.182,2.79063836728317e-178,"0","SAAL1"
1.55937599093086e-182,0.905601948397498,0.782,0.303,3.58859196792918e-178,"0","PSMG3"
2.67058510332053e-182,1.15930077644838,0.724,0.258,6.14581749827153e-178,"0","SNRNP25"
5.26904000801314e-182,0.94764602567299,0.893,0.426,1.21256417704406e-177,"0","TOMM22"
9.42454639079646e-182,1.14070592974798,0.672,0.223,2.16887086091399e-177,"0","POLR2H"
1.0231491749543e-181,1.01072833922861,0.675,0.218,2.35457319632232e-177,"0","STRA13"
1.07044650312081e-181,1.23718957523158,0.702,0.242,2.46341853763191e-177,"0","MRPL11"
1.30099979446403e-181,1.02587578922442,0.789,0.305,2.99399082700008e-177,"0","GYG1"
1.45222825494706e-181,1.49659221900474,0.551,0.144,3.34201288310968e-177,"0","FXN"
2.32230923817469e-181,1.41758857883413,0.563,0.151,5.34433024981142e-177,"0","CCNE1"
3.07496446533306e-181,0.86876111096199,0.983,0.703,7.07641572407096e-177,"0","RP11-3P17.3"
3.26505191561095e-181,0.972528323719057,0.788,0.304,7.51386397339548e-177,"0","AHSA1"
5.06660311521835e-181,0.89967647689716,0.887,0.414,1.1659773749052e-176,"0","MRPS15"
5.5847150097602e-181,0.977585933122375,0.917,0.488,1.28521046519612e-176,"0","PPM1G"
7.81256594059323e-181,0.916257200945301,0.818,0.337,1.79790579990872e-176,"0","RABGGTB"
1.36320470084745e-180,1.01803894007896,0.779,0.294,3.13714297806023e-176,"0","CHEK1"
2.78808680469903e-180,1.60023790059223,0.524,0.128,6.41622416365388e-176,"0","CD3EAP"
2.84644530934352e-180,1.04023777208844,0.771,0.296,6.55052459039224e-176,"0","IMPDH2"
5.41043114882132e-180,0.924657761041899,0.664,0.207,1.24510252027825e-175,"0","CD320"
5.60323165284948e-180,0.939776645053456,0.828,0.324,1.28947170027025e-175,"0","RFC4"
7.55267914630632e-180,1.00451589636527,0.797,0.333,1.73809805193947e-175,"0","NSUN2"
1.02710054836637e-179,1.0832494817004,0.783,0.31,2.36366649195553e-175,"0","SEPT11"
1.35861471304261e-179,1.22316601600939,0.678,0.232,3.12658003912496e-175,"0","TIMM21"
1.50658937073331e-179,0.918517228476098,0.811,0.324,3.46711411886856e-175,"0","MLF1IP"
1.76094591844745e-179,0.94911264416432,0.947,0.534,4.05246484212311e-175,"0","BAX"
1.91225229419737e-179,0.845826272522667,0.953,0.502,4.40066620463641e-175,"0","STMN1"
1.97077886469338e-179,1.08718994228924,0.928,0.574,4.53535340131887e-175,"0","FAM107B"
1.97558580397622e-179,0.753178732159675,0.998,0.81,4.54641561069048e-175,"0","RPSA"
2.40991490665983e-179,1.02451750295119,0.834,0.378,5.54593717469626e-175,"0","MTCH2"
2.48607245673241e-179,1.31381528990534,0.637,0.201,5.72119854467829e-175,"0","CCDC58"
5.86418147868888e-179,1.01161577033588,0.866,0.41,1.34952408369067e-174,"0","BZW1"
6.61096260501045e-179,0.96148125466062,0.925,0.5,1.52138082429106e-174,"0","SSRP1"
8.12864614142795e-179,0.88318145685438,0.969,0.614,1.87064533652681e-174,"0","PTBP1"
1.45887547289672e-178,1.00533599260966,0.891,0.443,3.35731012577722e-174,"0","TFDP1"
1.55190120380894e-178,0.880682636497592,0.953,0.616,3.5713902403255e-174,"0","PARK7"
2.79593563242947e-178,1.12356623013817,0.689,0.232,6.43428667090995e-174,"0","CLSPN"
4.86956839008781e-178,0.820414263986502,0.973,0.688,1.12063377361091e-173,"0","RBM3"
6.17355597396372e-178,1.02050739970631,0.792,0.327,1.42072043628827e-173,"0","BCCIP"
7.47723581400413e-178,1.24763348636402,0.717,0.268,1.72073627787677e-173,"0","MRPL15"
8.15785529416247e-178,1.01911110852897,0.908,0.529,1.87736723884561e-173,"0","PPA1"
1.03422568595083e-177,0.90492329650605,0.951,0.647,2.38006357107864e-173,"0","HMGN1"
1.07340074567794e-177,0.934341493963846,0.823,0.332,2.47021713602865e-173,"0","LSM4"
4.34320846276492e-177,0.746764020177656,0.994,0.803,9.9950256353609e-173,"0","ANP32B"
5.77105895880002e-177,1.01619213252083,0.954,0.622,1.32809379818865e-172,"0","TXN"
8.62086778640607e-177,1.18605893084571,0.666,0.224,1.98392030368563e-172,"0","PAK1IP1"
8.7627034237184e-177,0.867656091554281,0.949,0.538,2.01656093890032e-172,"0","ATP1B3"
9.80023242816685e-177,1.06494232055995,0.859,0.406,2.25532748869404e-172,"0","ABRACL"
1.35947271581566e-176,1.19945306892384,0.899,0.479,3.12855456090658e-172,"0","CKS2"
1.51831477795126e-176,1.33159497681728,0.577,0.162,3.49409779849923e-172,"0","SIGMAR1"
1.65468857444562e-176,1.00450470819326,0.802,0.316,3.8079348163717e-172,"0","MCM6"
3.51170550510212e-176,1.23164170447791,0.616,0.195,8.0814878788915e-172,"0","TUBB6"
8.2970069752265e-176,1.2126903046595,0.625,0.192,1.90939021520887e-171,"0","PGAM5"
1.02458074488937e-175,1.19510628092435,0.636,0.199,2.35786766821391e-171,"0","TBRG4"
1.14853967036468e-175,0.877921566343276,0.842,0.352,2.64313434341025e-171,"0","WHSC1"
1.38296811380764e-175,0.885435515824748,0.788,0.306,3.18262452030552e-171,"0","FAM32A"
1.94506870535361e-175,0.97208279320258,0.776,0.299,4.47618661163027e-171,"0","LRPPRC"
2.7991473786359e-175,0.935667900640799,0.814,0.336,6.44167786245481e-171,"0","COX20"
3.35789775420031e-175,1.04420647205097,0.714,0.257,7.72753010174118e-171,"0","TYW3"
4.82264397919517e-175,1.06647372450936,0.654,0.211,1.10983505893218e-170,"0","TMEM126A"
5.38436017390765e-175,1.0320529659167,0.773,0.302,1.23910280682137e-170,"0","PGD"
6.12966498003154e-175,1.0204695297277,0.721,0.268,1.41061980185466e-170,"0","MRPS10"
1.53310654427885e-174,0.911787481004463,0.806,0.338,3.52813809034892e-170,"0","SNRNP27"
2.69493936220565e-174,0.945241183832167,0.935,0.534,6.20186395424387e-170,"0","SEPT9"
3.5657173790639e-174,0.970526586829226,0.694,0.232,8.20578540443974e-170,"0","CDCA5"
4.08863811827786e-174,1.43627653091139,0.517,0.127,9.40918290159283e-170,"0","RRS1"
4.43928737386433e-174,1.03631857032851,0.684,0.236,1.0216132033474e-169,"0","ARID3B"
1.0295432340637e-173,1.98902633034649,0.431,0.084,2.36928784455079e-169,"0","PDGFRA"
2.29206393257876e-173,0.940253949986675,0.938,0.514,5.27472672804351e-169,"0","VDAC1"
2.66931977485389e-173,0.849529326945856,0.924,0.471,6.14290559787126e-169,"0","GSPT1"
5.29156081334921e-173,0.777431638753039,0.982,0.738,1.21774688997605e-168,"0","ATP5J2"
6.42769097348531e-173,1.31929200002546,0.575,0.166,1.47920452372817e-168,"0","SGOL2"
1.1396579625405e-172,1.14449263341151,0.66,0.223,2.62269486919446e-168,"0","NDUFAF2"
1.54843386595525e-172,1.06357675351766,0.86,0.438,3.56341085572281e-168,"0","GTF2A2"
1.83487881158612e-172,0.903387852685124,0.828,0.356,4.22260660910314e-168,"0","MRPL21"
1.84940019363683e-172,0.939968887158008,0.763,0.292,4.25602466561644e-168,"0","COPS3"
2.57024861271288e-172,0.949413740163024,0.687,0.232,5.91491313243614e-168,"0","CENPH"
3.22652271540625e-172,1.26352158486939,0.649,0.216,7.4251967249644e-168,"0","OXCT1"
4.33039887625489e-172,1.56851908648148,0.497,0.119,9.96554693392538e-168,"0","MT1X"
6.72078949912918e-172,1.01814691961553,0.878,0.435,1.5466552874346e-167,"0","RPL22L1"
6.84326208461068e-172,1.02295603720533,0.763,0.297,1.57483990353146e-167,"0","SMS"
7.33651186412853e-172,0.895341506968606,0.917,0.46,1.6883514752919e-167,"0","CS"
1.51249439050548e-171,0.784915167869483,0.977,0.699,3.48070334087026e-167,"0","TRMT112"
3.15564045256107e-171,0.965390488772823,0.782,0.315,7.26207537347879e-167,"0","CKLF"
3.58606052426503e-171,0.990536260874999,0.76,0.3,8.2526010844911e-167,"0","PPIH"
6.01221895292162e-171,0.997203082272165,0.743,0.282,1.38359194763585e-166,"0","ATAD2"
9.35314886272351e-171,0.956546225655612,0.845,0.377,2.15244014777856e-166,"0","IPO7"
9.73438941465414e-171,0.872952471577322,0.938,0.536,2.24017503599436e-166,"0","SNX5"
9.74718031124243e-171,0.877456665295864,0.705,0.246,2.24311860502622e-166,"0","GATAD2A"
1.50223285100898e-170,1.13757483654637,0.677,0.237,3.45708846002696e-166,"0","HIGD1A"
2.47004515308191e-170,0.902798829027155,0.864,0.386,5.68431491078741e-166,"0","SUPT16H"
3.0254326836241e-170,1.07855876437293,0.692,0.253,6.96242823482415e-166,"0","KPNA2"
3.66396221057344e-170,0.879399354850292,0.713,0.257,8.43187623519266e-166,"0","TMEM33"
3.89087270160145e-170,0.889412966305961,0.892,0.434,8.95406534819542e-166,"0","URM1"
3.90790476498116e-170,1.03914622723512,0.663,0.228,8.99326123565115e-166,"0","CNIH1"
8.05672072083388e-170,0.979481157448372,0.772,0.317,1.8540931394855e-165,"0","CASP3"
1.7134981499278e-169,0.942575441482211,0.925,0.565,3.94327329242886e-165,"0","NDUFAB1"
1.77499878228372e-169,0.867556772657656,0.784,0.328,4.08480469766952e-165,"0","MRPS7"
1.79115018682582e-169,1.22773203032835,0.553,0.153,4.12197392494226e-165,"0","MAK16"
2.66110679820827e-169,0.940870490047998,0.722,0.263,6.1240050747167e-165,"0","RP11-423H2.1"
2.92164316258651e-169,0.951266783472158,0.837,0.362,6.72357741006035e-165,"0","USP1"
3.63914775875012e-169,0.906853072662085,0.895,0.427,8.37477073721166e-165,"0","CYC1"
4.23441510038728e-169,0.834926832811409,0.762,0.294,9.74465947052125e-165,"0","DDX52"
5.39641788109881e-169,0.923008527495628,0.841,0.396,1.24187764697727e-164,"0","SDHB"
7.28095816126785e-169,1.02677085547545,0.724,0.267,1.67556690165257e-164,"0","MZT1"
7.71277609159968e-169,1.94519802221986,0.502,0.129,1.77494116195983e-164,"0","TPRG1"
1.26586799244107e-168,0.979693825260713,0.779,0.324,2.91314201100464e-164,"0","CCDC47"
1.74771388729518e-168,0.915218871987751,0.855,0.397,4.02201396883239e-164,"0","SNHG8"
1.8250282662828e-168,0.865310991139521,0.969,0.67,4.19993754919662e-164,"0","EIF5A"
6.48670392113724e-168,0.89268386435384,0.936,0.57,1.49278517337131e-163,"0","ANP32A"
7.04309340866167e-168,0.924174463943634,0.793,0.318,1.62082708613531e-163,"0","HELLS"
2.98312070830364e-167,0.875380772783531,0.702,0.254,6.86505568601917e-163,"0","NAGA"
3.19752142337171e-167,1.00159684118333,0.666,0.23,7.35845605160531e-163,"0","CDC6"
3.30037382934914e-167,0.925752545784234,0.932,0.494,7.59515029348117e-163,"0","ZFAS1"
3.56509593617718e-167,0.837854831349583,0.795,0.32,8.20435527792454e-163,"0","CKAP5"
3.5683242095877e-167,0.844286987742032,0.754,0.288,8.21178450352418e-163,"0","MRPS25"
3.68660819015304e-167,1.07633193043221,0.641,0.208,8.48399142799918e-163,"0","RRP1B"
8.81785117018208e-167,0.780483637701828,0.796,0.319,2.029252089794e-162,"0","RPSAP58"
9.79287824207387e-167,0.869614630505409,0.769,0.293,2.25363506984846e-162,"0","AURKB"
1.18731225885413e-166,0.869907093695414,0.872,0.38,2.73236170130102e-162,"0","YWHAH"
1.38937385936148e-166,0.904129372625412,0.788,0.311,3.19736606254857e-162,"0","MTHFD1"
1.61983014568705e-166,0.842175637398189,0.943,0.498,3.72771511426961e-162,"0","KARS"
2.23177483914825e-166,0.927056795124149,0.679,0.233,5.13598343733187e-162,"0","VKORC1L1"
2.49483540671659e-166,1.07723080794363,0.673,0.237,5.74136472147689e-162,"0","BRIX1"
4.33966378088327e-166,0.855657870955136,0.902,0.438,9.98686825894667e-162,"0","TXN2"
5.24381805333353e-166,1.22526729142793,0.61,0.195,1.20675984861365e-161,"0","UMPS"
5.33769332013542e-166,1.04012942986691,0.621,0.195,1.22836336376277e-161,"0","EXOSC7"
7.08560495063511e-166,0.94974726523692,0.759,0.306,1.63061026728966e-161,"0","UBA2"
7.20817852569232e-166,0.849432095356412,0.893,0.449,1.65881812411757e-161,"0","NDUFA6"
7.52432023856599e-166,0.937571542909095,0.768,0.315,1.73157181650119e-161,"0","ME2"
8.26059702311702e-166,0.874390906222369,0.926,0.533,1.90101119292992e-161,"0","RBM8A"
1.306922121075e-165,1.0782325009103,0.702,0.26,3.0076198772299e-161,"0","TSFM"
1.65037220649703e-165,0.877854242678564,0.936,0.517,3.79800155881161e-161,"0","SNRPD3"
2.58213318787273e-165,1.00576680389168,0.772,0.319,5.94226310525151e-161,"0","MRPS23"
2.67806607254719e-165,0.869697538619392,0.795,0.319,6.16303345275284e-161,"0","POLD2"
3.0176071272073e-165,1.25619641158297,0.574,0.171,6.94441928184216e-161,"0","C19orf48"
3.6222098893916e-165,0.819707293854661,0.796,0.328,8.33579161845688e-161,"0","EIF6"
7.55855516805114e-165,0.912268181338946,0.878,0.414,1.73945030082361e-160,"0","PMVK"
1.78778664229033e-164,0.723808535378714,0.861,0.375,4.11423339990275e-160,"0","PRR11"
2.19542699546284e-164,0.959983799987074,0.76,0.306,5.05233614465864e-160,"0","POLDIP2"
2.85332843447212e-164,0.849180382807244,0.957,0.56,6.56636472625068e-160,"0","SRSF7"
3.50830379191528e-164,0.913701818192748,0.759,0.305,8.07365951633464e-160,"0","TMX1"
4.17318001289667e-164,0.852984860300442,0.863,0.393,9.60373916367911e-160,"0","CELF2"
4.37634687603831e-164,0.985669654600989,0.801,0.346,1.0071287065827e-159,"0","CKS1B"
5.50060482920962e-164,0.805643463218505,0.737,0.275,1.26585418934601e-159,"0","MRPS12"
6.44043285142789e-164,0.835813405880973,0.818,0.353,1.4821368120991e-159,"0","TMA16"
1.10347888762338e-163,1.08240049783453,0.621,0.203,2.53943596408768e-159,"0","ABCF2"
2.67021499448998e-163,0.793400557985995,0.799,0.319,6.14496576681979e-159,"0","HMGB1P5"
3.09046796724828e-163,0.948285441894248,0.666,0.233,7.11209393302848e-159,"0","GNPNAT1"
3.4430675095991e-163,0.984111518731415,0.721,0.272,7.92353125984042e-159,"0","PRPF38A"
3.58989870032311e-163,0.835688081202549,0.948,0.558,8.26143387905356e-159,"0","METAP2"
4.06413126714837e-163,1.2953714058278,0.609,0.2,9.35278528508855e-159,"0","SNHG7"
6.32970642501586e-163,1.09148455907555,0.525,0.14,1.4566553395889e-158,"0","SNHG17"
1.10606921696008e-162,0.481547538297984,1,0.983,2.54539708899023e-158,"0","RPL23"
1.5092697176663e-162,0.861225390101633,0.872,0.4,3.47328240126545e-158,"0","DHX15"
1.53189517034992e-162,0.91013771724326,0.776,0.31,3.52535035552626e-158,"0","MRPL16"
1.81953016696203e-162,0.865014970279186,0.942,0.576,4.18728477322972e-158,"0","PSMA7"
3.17550582762532e-162,1.35132433386906,0.511,0.135,7.30779156111415e-158,"0","PINX1"
3.32327418361296e-162,0.902276274094304,0.904,0.504,7.64785087874851e-158,"0","GALNT1"
3.38599695260297e-162,0.779119898703867,0.907,0.45,7.79219478702522e-158,"0","TRAPPC2L"
3.39660141691033e-162,0.986858949066612,0.702,0.259,7.81659884073575e-158,"0","MRPS35"
3.55340688257413e-162,0.849717679432588,0.698,0.249,8.17745525886785e-158,"0","RANGAP1"
3.77273378617368e-162,1.57919466462493,0.493,0.125,8.6821922621215e-158,"0","DEPDC1B"
3.80932888923345e-162,1.03372025898888,0.687,0.242,8.76640857279293e-158,"0","HN1L"
4.72360020775245e-162,1.12223614724578,0.583,0.178,1.08704211581007e-157,"0","MRRF"
5.14764334717088e-162,0.821354773322858,0.722,0.276,1.18462716348443e-157,"0","TXNRD1"
5.52553582548931e-162,0.793967961039212,0.983,0.621,1.27159155951985e-157,"0","CORO1A"
6.06226042898681e-162,0.846358277598391,0.802,0.33,1.39510799252274e-157,"0","SF3B3"
6.70204089213814e-162,0.844873231305979,0.882,0.418,1.54234067050775e-157,"0","WDR1"
6.70854333013139e-162,0.840261776775084,0.904,0.448,1.54383707656314e-157,"0","DNMT1"
6.80884795459154e-162,0.922624831543858,0.914,0.516,1.56692017979015e-157,"0","CACYBP"
6.94796096366908e-162,0.853178667124071,0.939,0.539,1.59893425656917e-157,"0","RBMX"
8.62701431039758e-162,0.83373745933684,0.677,0.234,1.98533480325179e-157,"0","PGP"
8.76810653100728e-162,0.867179625285189,0.869,0.412,2.0178043559807e-157,"0","DHX9"
1.01591481105552e-161,0.780912774639822,0.784,0.32,2.33792475468207e-157,"0","COX6A1P2"
1.46076130313407e-161,0.949038189406356,0.686,0.249,3.36164998690244e-157,"0","ELAC2"
1.5902905554941e-161,0.786988704326944,0.988,0.737,3.65973565535858e-157,"0","C17orf76-AS1"
1.60965086495822e-161,1.102826829168,0.583,0.178,3.70428953552836e-157,"0","DTD1"
2.40169068383706e-161,0.895642736791573,0.75,0.294,5.52701077071424e-157,"0","ERAL1"
3.36219378174775e-161,0.951794603214201,0.709,0.262,7.7374165499361e-157,"0","KIF11"
3.92507238458668e-161,0.891162232857952,0.772,0.314,9.03276907864932e-157,"0","EFTUD2"
5.31422185824323e-161,1.11230196430375,0.599,0.192,1.22296187623751e-156,"0","PARPBP"
5.3976196609229e-161,0.689470067293518,0.992,0.819,1.24215421256819e-156,"0","RPL7"
7.88491241994815e-161,0.823036823314828,0.867,0.389,1.81455489520267e-156,"0","RTN4"
8.69543610797275e-161,0.808297236097007,0.953,0.548,2.00108071152777e-156,"0","POLR2L"
1.27303657022861e-160,0.908116263803601,0.66,0.224,2.92963905906711e-156,"0","TMEM106C"
1.27750393751901e-160,0.943514039663254,0.58,0.171,2.9399198114125e-156,"0","CENPN"
1.30479586210209e-160,0.97957157426101,0.65,0.223,3.00272671745553e-156,"0","PKMYT1"
2.17657195765864e-160,0.902683426024837,0.91,0.492,5.00894504615982e-156,"0","DNAJA1"
2.47147092560765e-160,0.963213956457296,0.638,0.213,5.68759604110089e-156,"0","TSR1"
3.21096363149564e-160,0.836897544161447,0.914,0.471,7.38939060516092e-156,"0","RNPS1"
5.74549697045168e-160,0.80318393712443,0.933,0.516,1.32221121781004e-155,"0","PSMD13"
7.02068524609612e-160,0.897193200021532,0.824,0.369,1.6156702956841e-155,"0","IPO5"
7.55408282695222e-160,0.810300359294192,0.902,0.458,1.73842108096652e-155,"0","XPO1"
9.07513579293907e-160,0.905843583578765,0.766,0.313,2.08846100002907e-155,"0","RPS19BP1"
1.30268774613244e-159,1.10353925950159,0.686,0.262,2.99787531017459e-155,"0","SQLE"
1.43214684635382e-159,0.745334465405009,0.781,0.314,3.29579953751404e-155,"0","HMGB3"
1.54006159019429e-159,0.892366003008543,0.908,0.492,3.54414373751411e-155,"0","SNRPF"
1.67623759571414e-159,0.815930936981552,0.858,0.406,3.85752557901696e-155,"0","PSMC1"
2.08050615815796e-159,0.74828167418858,0.78,0.317,4.78786882176891e-155,"0","SEPHS1"
3.13043840545886e-159,0.875155471944199,0.756,0.302,7.20407790248247e-155,"0","ZMPSTE24"
3.31325523914941e-159,0.867922917314748,0.83,0.378,7.62479428185453e-155,"0","TAF9"
4.12679108620587e-159,0.891392298102005,0.83,0.37,9.49698432668557e-155,"0","C11orf48"
4.58861682819137e-159,0.757777895934546,0.809,0.332,1.05597839067168e-154,"0","NOP14"
8.01505216283118e-159,1.05382407737018,0.492,0.121,1.84450395423234e-154,"0","WDR4"
1.05090611252708e-158,0.905370889465843,0.758,0.3,2.41845023675858e-154,"0","ACLY"
1.78448238360807e-158,1.07966389830631,0.634,0.215,4.10662930939726e-154,"0","PSMG1"
2.35574952947868e-158,0.88357621380224,0.788,0.326,5.42128639218929e-154,"0","ITGB3BP"
3.58453966838481e-158,0.869095580682497,0.871,0.436,8.24910113885396e-154,"0","TXNDC17"
3.70373601112949e-158,0.881508154764179,0.829,0.391,8.52340768241228e-154,"0","UQCRFS1"
5.19528834924103e-158,0.912894495383741,0.919,0.516,1.19559170781084e-153,"0","G3BP1"
5.67833739149729e-158,1.19510829190497,0.476,0.114,1.30675578390527e-153,"0","CERS6"
7.79784312478708e-158,1.14607410026803,0.572,0.178,1.79451763830725e-153,"0","HLA-DRB5"
1.03250074018893e-157,0.778718310654994,0.889,0.422,2.37609395339678e-153,"0","APRT"
1.20932369748013e-157,0.767992070554695,0.921,0.456,2.78301662501102e-153,"0","PNP"
1.52368475123319e-157,0.869251881950883,0.917,0.511,3.50645571801294e-153,"0","YWHAQ"
1.66911801320006e-157,0.795680163554333,0.91,0.493,3.84114128377729e-153,"0","TUBA4A"
1.6896375836498e-157,0.990251625393957,0.647,0.225,3.88836297125328e-153,"0","SLBP"
2.37518840130306e-157,0.91273356621986,0.801,0.35,5.46602106791873e-153,"0","AMD1"
2.61178411438323e-157,1.24333203578938,0.579,0.183,6.01049878243012e-153,"0","EEF1E1"
3.1478579690219e-157,0.834782662454493,0.936,0.554,7.24416554411011e-153,"0","ZC3H15"
3.22916129560402e-157,0.923099068304956,0.779,0.317,7.43126888957353e-153,"0","MRPL1"
5.08631541716125e-157,0.742811363204874,0.9,0.445,1.17051376695132e-152,"0","EIF3B"
6.09385162197795e-157,1.17269204103382,0.616,0.207,1.40237807376579e-152,"0","CDCA8"
6.77492453266503e-157,0.822772146293624,0.92,0.477,1.5591133827022e-152,"0","MTA2"
7.80271600730119e-157,0.836511843522541,0.622,0.203,1.79563903476022e-152,"0","KIF2C"
8.47833580868559e-157,0.956842038757573,0.805,0.361,1.95111941965282e-152,"0","OLA1"
8.87025407409883e-157,0.825063738761478,0.781,0.328,2.04131157007236e-152,"0","PRPS1"
1.01863840648456e-156,0.83356886160633,0.707,0.261,2.34419256484291e-152,"0","TPRKB"
1.08457600910017e-156,0.845147052885776,0.714,0.266,2.49593476974221e-152,"0","CHAF1A"
1.21721436933787e-156,0.784219545562613,0.761,0.309,2.80117542815725e-152,"0","PEX2"
1.68861358007067e-156,1.16391420494466,0.602,0.191,3.88600643181663e-152,"0","RAD51"
2.54550638080462e-156,0.873289799293102,0.887,0.466,5.85797383414567e-152,"0","TCEB1"
2.8715891644062e-156,0.918025187456247,0.822,0.379,6.60838814404798e-152,"0","VBP1"
2.97879153353028e-156,0.785510348790418,0.967,0.63,6.85509295611324e-152,"0","HDGF"
3.45221459819883e-156,0.804874482155967,0.792,0.322,7.94458145483497e-152,"0","MRPL27"
4.56244515771407e-156,1.19360611119416,0.641,0.229,1.04995550414474e-151,"0","CDK1"
5.76535394950206e-156,1.03447046908494,0.507,0.131,1.32678090439891e-151,"0","F2R"
6.84932978025336e-156,0.784684141202852,0.971,0.702,1.5762362623297e-151,"0","CDC42"
9.78088122619851e-156,1.15346427674166,0.628,0.214,2.25087419658506e-151,"0","POLD3"
1.04631763260698e-155,0.919160865937732,0.849,0.388,2.40789076791844e-151,"0","CDK6"
1.26214513528241e-155,0.940514633412422,0.59,0.186,2.9045745998254e-151,"0","MTHFD1L"
1.36507524376252e-155,0.859091989393543,0.787,0.332,3.14144765847069e-151,"0","RARS"
1.42173287724705e-155,1.20810002123819,0.636,0.224,3.27183387040863e-151,"0","UBE2C"
1.93968290758856e-155,0.708821176404353,0.896,0.446,4.46379227523355e-151,"0","PSMC5"
3.84059253884845e-155,1.02613994710433,0.543,0.153,8.83835560965193e-151,"0","TIMM44"
4.64029146764613e-155,0.849640641958097,0.871,0.428,1.0678702754494e-150,"0","SRSF1"
6.03494162741543e-155,0.697044579777178,0.807,0.341,1.38882111671711e-150,"0","IARS"
7.77513140987324e-155,1.06180660384828,0.661,0.235,1.78929099135413e-150,"0","MIS18A"
9.78360929261289e-155,0.987911490198961,0.635,0.215,2.251502006509e-150,"0","PPT1"
1.36128767004754e-154,1.33799103691298,0.494,0.127,3.13273131508041e-150,"0","HLA-DQA2"
1.45385882120227e-154,0.846677888622679,0.785,0.321,3.34576530523278e-150,"0","EXOSC8"
1.81411000409486e-154,0.869536627891025,0.873,0.415,4.17481135242351e-150,"0","RPA3"
2.46438245821229e-154,0.747846491792759,0.975,0.733,5.67128335108395e-150,"0","PSMB1"
2.74191861030636e-154,0.829226589562274,0.817,0.353,6.30997729789802e-150,"0","FEN1"
4.56454815402869e-154,0.952691792788201,0.667,0.239,1.05043946668662e-149,"0","ZDHHC3"
4.95388250751232e-154,1.03741597392028,0.592,0.19,1.14003698145381e-149,"0","LRR1"
5.8293034621369e-154,1.03006469241566,0.59,0.188,1.34149760574156e-149,"0","SCO1"
6.72463998057623e-154,0.835043839121803,0.791,0.332,1.54754139873001e-149,"0","GTPBP4"
7.48968733206064e-154,0.935550312428628,0.574,0.175,1.72360174572711e-149,"0","SKA1"
8.17045475546025e-154,0.748641325233058,0.928,0.506,1.88026675287407e-149,"0","RPL7L1"
9.04259565448086e-154,0.819730535819065,0.725,0.278,2.08097253796568e-149,"0","NOL11"
1.0651131444711e-153,0.971692060100611,0.702,0.27,2.45114487937134e-149,"0","NDUFA8"
1.20669013991951e-153,0.723357204988478,0.894,0.443,2.77695601899678e-149,"0","PSMC4"
1.33540305929404e-153,0.871534436026095,0.726,0.29,3.07316306035337e-149,"0","COA4"
1.54876892228651e-153,0.86686572941836,0.852,0.398,3.56418192085794e-149,"0","NUSAP1"
1.56509847876928e-153,0.88203631216809,0.767,0.327,3.60176112919173e-149,"0","PAPD5"
1.72992475161899e-153,1.02313136170744,0.662,0.243,3.98107583090079e-149,"0","EMC8"
2.03980927523281e-153,0.887065600896689,0.674,0.243,4.69421308509326e-149,"0","PRC1"
2.17649787117218e-153,0.90476215665714,0.662,0.234,5.00877455092854e-149,"0","NUF2"
2.24578889264705e-153,0.78037616512366,0.824,0.369,5.16823397864866e-149,"0","ISG20L2"
3.62501230064842e-153,0.747930790311695,0.565,0.164,8.3422408074822e-149,"0","RPS2P7"
3.70199359616818e-153,0.724821823821513,0.997,0.879,8.51939786286184e-149,"0","PFN1"
3.82286427708985e-153,0.894554595743147,0.694,0.258,8.79755756086688e-149,"0","RRP7A"
6.02620561536345e-153,1.00021316249865,0.638,0.219,1.38681069826359e-148,"0","MRPL39"
8.54553723025682e-153,1.01723371667286,0.615,0.206,1.966584482799e-148,"0","GART"
1.23379584726118e-152,0.854947821947315,0.665,0.241,2.83933438330216e-148,"0","RPIA"
1.24861041319586e-152,0.804345524823885,0.726,0.282,2.87342714388763e-148,"0","POP4"
1.85901827374792e-152,1.17392166761656,0.539,0.157,4.27815875337608e-148,"0","RAD18"
1.90319669147897e-152,0.813904201528668,0.784,0.337,4.37982654610055e-148,"0","TMEM183A"
1.94885608386371e-152,1.12779997728858,0.573,0.179,4.48490250579556e-148,"0","DHX33"
2.1649076147335e-152,1.09326009131172,0.595,0.193,4.98210189378621e-148,"0","RAD51C"
3.53196995819957e-152,0.794321098910599,0.959,0.637,8.12812246480468e-148,"0","U2AF2"
4.08742404877462e-152,0.980571174242269,0.582,0.182,9.40638896344503e-148,"0","PRMT5"
4.99603574684092e-152,0.986093186305317,0.779,0.34,1.1497377064205e-147,"0","KIF2A"
5.35161956505418e-152,0.851097373637658,0.936,0.57,1.23156821050592e-147,"0","KHDRBS1"
6.25733278590136e-152,0.856522551459596,0.702,0.268,1.43999999401948e-147,"0","STOML2"
8.14303438691805e-152,0.909666569788003,0.7,0.268,1.87395650346145e-147,"0","HSPA14"
1.10184073423224e-151,0.814753212176914,0.926,0.529,2.53566608168865e-147,"0","SSB"
1.13230078733705e-151,0.873832730248518,0.739,0.295,2.60576380189876e-147,"0","RPL26L1"
1.59753273594088e-151,0.817784744800418,0.598,0.191,3.67640208522076e-147,"0","WDR5"
1.66771633724931e-151,0.774024887994575,0.836,0.36,3.83791560691184e-147,"0","EFHD2"
2.07878354540813e-151,1.25997279591002,0.469,0.118,4.78390457304773e-147,"0","KNOP1"
2.09556085908618e-151,0.879210243561466,0.732,0.296,4.82251420501503e-147,"0","MLX"
2.12412000367986e-151,0.763993323406836,0.935,0.525,4.88823736446846e-147,"0","DDB1"
3.63998927915057e-151,0.900448047361398,0.74,0.3,8.3767073281092e-147,"0","EBP"
5.25948135916613e-151,0.698985292202314,0.884,0.455,1.2103644451849e-146,"0","IRAK1"
8.9703365337926e-151,0.845059474826264,0.874,0.451,2.06434354652169e-146,"0","MRP63"
1.03027540833837e-150,0.883290770477836,0.864,0.44,2.37097279720909e-146,"0","MAPRE1"
1.04069586494094e-150,1.01844632414046,0.621,0.209,2.39495339398858e-146,"0","SLC20A1"
1.86931221701757e-150,0.792595102796076,0.919,0.579,4.30184820502254e-146,"0","GHITM"
2.10616452418606e-150,1.46609149032907,0.513,0.15,4.84691641950939e-146,"0","MT1E"
3.06886059781783e-150,0.993544473354666,0.517,0.146,7.06236889375818e-146,"0","SLCO4A1"
3.56333823303742e-150,0.798445348624595,0.921,0.53,8.20031027568902e-146,"0","BANF1"
1.38445234087964e-149,1.04852654263745,0.619,0.217,3.18604017206632e-145,"0","PPIL1"
1.81068089662768e-149,0.813373185727296,0.721,0.283,4.16691994740927e-145,"0","VMA21"
1.87559303368499e-149,0.7724324140478,0.678,0.249,4.31630224841926e-145,"0","LTV1"
1.87785446994642e-149,1.13733522518862,0.521,0.148,4.32150649168769e-145,"0","C20orf27"
2.72727300854637e-149,0.83330029801732,0.931,0.57,6.27627337456776e-145,"0","ATP2A2"
3.08959337530398e-149,1.12317765814165,0.582,0.189,7.11008123458705e-145,"0","ZNF259"
3.37863582850085e-149,0.875591005149797,0.741,0.304,7.77525463212901e-145,"0","ACAT1"
3.58325228664507e-149,0.559376778633006,0.996,0.935,8.24613848725631e-145,"0","RPL38"
4.97833866201084e-149,0.80442144219135,0.818,0.35,1.14566507628856e-144,"0","CDK2"
5.17010912479148e-149,1.22207641468659,0.461,0.115,1.18979721288826e-144,"0","FASN"
5.51335766021687e-149,0.819671620663833,0.803,0.359,1.26878899834571e-144,"0","UQCRC2"
5.7032480449485e-149,1.05237281758404,0.653,0.239,1.312488472584e-144,"0","NAE1"
7.3423714186951e-149,0.905318066913958,0.603,0.2,1.6896999345843e-144,"0","DESI1"
8.03826296569272e-149,0.633917847268671,0.847,0.373,1.84984545629487e-144,"0","AC004057.1"
8.3123655945818e-149,0.718504114864571,0.963,0.657,1.91292469428111e-144,"0","NHP2L1"
8.95894674896845e-149,0.885697011375081,0.696,0.271,2.06172241534011e-144,"0","TRMT10C"
1.00981335280317e-148,1.31987745103639,0.442,0.103,2.32388346880594e-144,"0","SFXN4"
1.08158081302073e-148,0.943129416200406,0.596,0.196,2.4890419250046e-144,"0","STK39"
1.22840183887424e-148,0.800883747677893,0.81,0.355,2.82692115180128e-144,"0","HDAC2"
1.85012570528618e-148,0.828365391967896,0.78,0.342,4.25769428557509e-144,"0","EMC6"
1.9059446379921e-148,0.758044474733924,0.661,0.236,4.38615039541122e-144,"0","NDUFA9"
2.13360435548353e-148,0.772282428785109,0.943,0.541,4.91006370327425e-144,"0","PSMA4"
2.20678256452232e-148,0.855261222605609,0.91,0.472,5.07846871573522e-144,"0","GPX1"
2.28509169077538e-148,0.736048206558051,0.864,0.424,5.25868150798138e-144,"0","BRI3BP"
2.36378868156066e-148,0.866562266817075,0.622,0.214,5.43978689287555e-144,"0","KIAA0196"
2.42468672027945e-148,0.718104652008651,0.983,0.739,5.5799315493791e-144,"0","RHOA"
2.54733829495584e-148,0.869274317626279,0.638,0.224,5.86218961818187e-144,"0","SRPK1"
3.66924237548617e-148,1.17967871313153,0.61,0.21,8.44402747870632e-144,"0","DCUN1D5"
4.1119641762443e-148,0.768284912142063,0.849,0.405,9.462863158791e-144,"0","PSMD14"
4.6708150697356e-148,0.8028008349541,0.926,0.503,1.07489467199825e-143,"0","ATP5O"
5.94519466069995e-148,0.855267898741466,0.941,0.626,1.36816764726688e-143,"0","SRSF2"
6.74770686071971e-148,0.769337313390134,0.782,0.33,1.55284977985743e-143,"0","KIFC1"
7.91657184198028e-148,0.843803801994796,0.635,0.223,1.82184067799492e-143,"0","ICT1"
1.26381233061161e-147,0.806923028417985,0.664,0.237,2.9084113164365e-143,"0","FANCI"
1.34171699064388e-147,1.15501631307498,0.505,0.144,3.08769331056877e-143,"0","MINOS1"
2.05047725210118e-147,0.918845140117082,0.676,0.257,4.71876330026045e-143,"0","C16orf87"
2.38042028111521e-147,0.887195570302233,0.686,0.251,5.47806119293044e-143,"0","YDJC"
3.19940022489035e-147,0.860788160485102,0.627,0.22,7.36277973754016e-143,"0","TWISTNB"
3.19941980792532e-147,1.58375648164433,0.436,0.103,7.36282480397855e-143,"0","ORC1"
3.58628787213469e-147,0.859076360918144,0.687,0.263,8.25312428014356e-143,"0","DCAF13"
4.01924404878699e-147,0.862386138799154,0.676,0.246,9.24948632947349e-143,"0","CMC2"
4.97507886269177e-147,0.801881915568101,0.82,0.378,1.14491489867126e-142,"0","UTP11L"
7.24637874459872e-147,1.07083591110237,0.596,0.197,1.6676091404945e-142,"0","SEH1L"
8.63871640996037e-147,0.777918127281035,0.924,0.517,1.98802780742418e-142,"0","MBD2"
1.15810350344809e-146,0.858304697139228,0.701,0.272,2.66514359248509e-142,"0","TIMM23"
1.22328160776223e-146,0.864891870085316,0.695,0.268,2.81513796394322e-142,"0","MEMO1P1"
1.30377129568629e-146,0.728003687122664,0.871,0.444,3.00036888276287e-142,"0","RP11-120B7.1"
1.36149719908556e-146,0.912426961972375,0.685,0.26,3.13321350425561e-142,"0","PTPLAD1"
1.45189404071249e-146,1.02840223895482,0.695,0.279,3.34124375589166e-142,"0","PPP2R3C"
2.04488770071911e-146,0.69848450515747,0.836,0.394,4.70590006566488e-142,"0","C9orf78"
2.27380631623986e-146,0.795920479070832,0.829,0.372,5.23271047556279e-142,"0","ELAVL1"
2.30308242800891e-146,0.674768382313753,0.894,0.439,5.3000835915769e-142,"0","POLR2J"
2.42581583848197e-146,0.884494932034714,0.51,0.139,5.58252998909855e-142,"0","GPRIN3"
2.75521957069392e-146,0.905266685858156,0.661,0.244,6.34058679803792e-142,"0","PRPF4"
2.78120598435627e-146,1.02890299078161,0.551,0.172,6.40038933179909e-142,"0","SLC4A7"
3.72895968145287e-146,0.833818135103024,0.569,0.176,8.5814549149275e-142,"0","CTNNAL1"
4.26432127628884e-146,0.783386169046953,0.697,0.263,9.81348255312351e-142,"0","PSMD3"
5.49144884585157e-146,1.15135427261258,0.543,0.167,1.26374712289582e-141,"0","MCM10"
5.96892308700258e-146,0.901050164303996,0.694,0.271,1.3736282700119e-141,"0","CWC27"
7.04787640006537e-146,0.897364015295789,0.655,0.242,1.62192779594704e-141,"0","DIMT1"
8.39402764817997e-146,0.952639947427197,0.643,0.23,1.93171758267566e-141,"0","AFG3L2"
8.49183822079756e-146,0.721386790672506,0.86,0.406,1.95422672975214e-141,"0","NIPA2"
8.63056483717717e-146,1.06804640551897,0.603,0.203,1.98615188597958e-141,"0","CENPK"
1.22841655348848e-145,1.09896226852303,0.466,0.116,2.82695501454305e-141,"0","KIF14"
1.37040354240676e-145,0.917911074299236,0.736,0.305,3.15370967214067e-141,"0","DNAJC19"
1.51390609917349e-145,1.05948762523945,0.494,0.135,3.48395210602795e-141,"0","KIF23"
1.71193282303254e-145,0.911392860157727,0.598,0.197,3.93967100564478e-141,"0","TRUB2"
1.80082972724393e-145,1.38833103005262,0.522,0.154,4.14424945130647e-141,"0","WDHD1"
2.05444696380729e-145,0.812506831080643,0.753,0.313,4.72789879780973e-141,"0","RBBP8"
2.10071945452963e-145,0.746685060940177,0.752,0.314,4.83438568070903e-141,"0","MRPS18C"
2.45694720017589e-145,0.964552182580197,0.622,0.217,5.65417259176478e-141,"0","USP39"
2.61431639528119e-145,0.724906246772941,0.738,0.298,6.01632632046059e-141,"0","C19orf24"
2.93874069868155e-145,0.772090895685161,0.953,0.604,6.76292396987586e-141,"0","GNL3"
3.63977378181038e-145,0.608410603350712,0.803,0.334,8.37621140408024e-141,"0","SHCBP1"
4.26031497340356e-145,0.785813193477436,0.937,0.525,9.80426284829361e-141,"0","RBX1"
5.02709806990966e-145,0.826524706687898,0.779,0.351,1.15688607882831e-140,"0","HLA-DRB6"
7.41516544704223e-145,0.72030028659043,0.792,0.342,1.70645202432783e-140,"0","FH"
8.38854221535001e-145,0.757443034058058,0.882,0.454,1.9304552200185e-140,"0","HSPA4"
9.00086278927594e-145,0.764720429823423,0.859,0.388,2.07136855369607e-140,"0","MCM3"
1.06839073061639e-144,0.957036808884413,0.591,0.199,2.4586875883675e-140,"0","EIF2B3"
1.21061609488295e-144,1.23861545445561,0.483,0.131,2.78599081915414e-140,"0","ANAPC1"
1.71879133779244e-144,0.661311708863599,0.723,0.292,3.95545450566175e-140,"0","TNPO2"
1.7904262532471e-144,0.813260899811884,0.882,0.456,4.12030793659754e-140,"0","ACP1"
1.91115078388724e-144,0.716939417885633,0.732,0.292,4.3981312989597e-140,"0","ARRB2"
2.08645151252259e-144,0.659233440018866,0.783,0.331,4.80155086576824e-140,"0","BCL2L12"
2.28377960430834e-144,0.754302721025154,0.804,0.36,5.25566200339478e-140,"0","PDHA1"
2.90353747929089e-144,0.76918669911925,0.81,0.361,6.68191080109212e-140,"0","EIF4E2"
4.16918555463159e-144,0.797350568346085,0.773,0.329,9.59454671687368e-140,"0","TNPO1"
4.21546665284134e-144,0.719333259629951,0.976,0.639,9.70105340818377e-140,"0","SF1"
4.31447467671914e-144,0.78938668537359,0.717,0.281,9.92890057353375e-140,"0","TIMM8B"
4.389174318921e-144,0.868589201738077,0.802,0.367,1.01008068601329e-139,"0","PDHB"
4.57224744965648e-144,0.801737832683248,0.921,0.568,1.05221130558945e-139,"0","CSNK2B"
6.16883569497364e-144,0.803358513757949,0.698,0.272,1.41963415848428e-139,"0","PARVB"
6.70448216295447e-144,0.895665900251559,0.565,0.182,1.54290248016071e-139,"0","EIF2B2"
7.28979070554144e-144,0.766078214424946,0.959,0.635,1.67759953506625e-139,"0","GNB1"
7.78609954734707e-144,0.766485250624125,0.855,0.416,1.79181508883098e-139,"0","DENR"
1.07744692592749e-143,0.854813721304469,0.784,0.34,2.47952861063694e-139,"0","NUDC"
1.12442874760454e-143,0.672927538714106,0.754,0.31,2.58764787686232e-139,"0","CBFB"
1.41919554241326e-143,1.09987962652223,0.532,0.163,3.26599470175565e-139,"0","SLC39A14"
1.68513375156642e-143,0.726876873520661,0.684,0.25,3.87799830247981e-139,"0","TSR2"
2.46561805942084e-143,0.937332472831851,0.588,0.197,5.67412684014519e-139,"0","RBM18"
2.65631189875598e-143,1.21694616599085,0.491,0.136,6.11297057260714e-139,"0","SCARB1"
3.12295607985687e-143,0.828232883599515,0.676,0.256,7.18685882657461e-139,"0","MRPL28"
4.37068562443359e-143,0.830365521352948,0.843,0.417,1.0058258827509e-138,"0","PSMD2"
4.40635144186922e-143,1.37476526106525,0.477,0.13,1.01403365731736e-138,"0","SLC25A32"
5.38332150446997e-143,1.01644113520713,0.609,0.214,1.23886377782367e-138,"0","VTA1"
7.59211607528218e-143,0.683718947545119,0.693,0.263,1.74717367240469e-138,"0","CENPE"
1.06245880710788e-142,0.653991391374358,0.713,0.269,2.44503645279737e-138,"0","ASF1B"
1.33103048637148e-142,1.63414517533453,0.425,0.101,3.06310045828668e-138,"0","TIMM8A"
1.43680326419156e-142,0.812535634077676,0.763,0.329,3.30651535188405e-138,"0","FAM98A"
1.45884607278413e-142,0.809635909871917,0.802,0.354,3.35724246729812e-138,"0","SKA2"
1.5875780251851e-142,0.954993247301828,0.521,0.153,3.65349330935848e-138,"0","GINS1"
1.61953719111576e-142,0.692993821888082,0.906,0.476,3.7270409379147e-138,"0","TXNL4A"
2.4600665699947e-142,1.25526612395549,0.596,0.21,5.6613511975288e-138,"0","MSMO1"
2.5447328434123e-142,0.751284353851627,0.836,0.388,5.85619369254473e-138,"0","HDAC1"
2.60623962665931e-142,0.865947560676389,0.642,0.229,5.99773925283107e-138,"0","NUP85"
3.48659942093969e-142,0.828739846567087,0.656,0.245,8.0237112474085e-138,"0","SDHD"
3.82571943342149e-142,0.977843717360732,0.592,0.201,8.80412813213287e-138,"0","GFM1"
4.20070482374206e-142,1.33853561512188,0.477,0.13,9.66708201087761e-138,"0","CDC45"
5.17792611675313e-142,0.735446091890478,0.975,0.698,1.1915961372484e-137,"0","ANXA2"
6.88920273230563e-142,0.86009633377375,0.909,0.52,1.5854122247855e-137,"0","SLIRP"
7.06251861483508e-142,0.645020187015374,0.779,0.329,1.625297408832e-137,"0","GNL2"
7.64921073520354e-142,0.695206071252792,0.814,0.356,1.76031286649239e-137,"0","ESYT1"
8.0137082698664e-142,0.917977271053006,0.63,0.231,1.84419468414436e-137,"0","IDH3B"
8.41236680313004e-142,1.10849272813535,0.53,0.162,1.93593797240432e-137,"0","LIAS"
1.00518369757096e-141,0.953768020979292,0.565,0.186,2.31322924322006e-137,"0","FASTKD2"
1.87603188898044e-141,0.919158336947904,0.626,0.224,4.31731218611069e-137,"0","METAP1"
2.58223263331969e-141,0.785677553124008,0.708,0.281,5.94249195905861e-137,"0","FBXO5"
3.42399360764559e-141,0.806523361468137,0.623,0.215,7.87963648927479e-137,"0","NDC80"
4.54661622598026e-141,1.04375403235459,0.541,0.165,1.04631279208484e-136,"0","ESCO2"
5.46304411470571e-141,0.688161731119762,0.861,0.405,1.25721034211723e-136,"0","SMC2"
6.05027718739449e-141,1.42452633190147,0.451,0.117,1.39235028913509e-136,"0","PTS"
6.64463319476935e-141,0.974478784263207,0.586,0.195,1.52912943711227e-136,"0","NUP107"
9.91422006089874e-141,0.737415199094647,0.845,0.408,2.28155946261463e-136,"0","UBE2M"
1.07813615092679e-140,0.561574953724195,0.626,0.216,2.48111472412782e-136,"0","MPDU1"
1.19017379519777e-140,0.718079847629501,0.645,0.232,2.73894695488862e-136,"0","GRWD1"
1.55407770892684e-140,1.18515261427619,0.487,0.135,3.57639903155334e-136,"0","HEATR2"
1.66819740418354e-140,0.720996377381931,0.803,0.352,3.83902268624757e-136,"0","SUGT1"
1.74789322110032e-140,0.94387194260867,0.652,0.244,4.02242666971816e-136,"0","ARMC1"
1.79509857331361e-140,0.770388240733922,0.851,0.408,4.1310603467666e-136,"0","RPA2"
1.82159966826176e-140,1.40535335392429,0.471,0.13,4.19204731657079e-136,"0","OIP5"
2.15456163812721e-140,0.774086539840254,0.833,0.388,4.95829269782214e-136,"0","MDH2"
2.42778865250027e-140,0.740874263441073,0.907,0.481,5.58707002599887e-136,"0","TAF1D"
2.50186732533123e-140,0.744538863174452,0.878,0.449,5.75754727578477e-136,"0","USP14"
3.38048923736777e-140,0.834352956139371,0.849,0.411,7.77951988195445e-136,"0","SRP9"
3.62121350581024e-140,0.96469728872055,0.608,0.209,8.3334986409211e-136,"0","GINS4"
3.74518455816739e-140,0.785641837774274,0.589,0.198,8.61879322371062e-136,"0","HEATR1"
3.90380895461492e-140,0.914888829728344,0.501,0.143,8.98383554725531e-136,"0","EXOSC2"
4.1011252800541e-140,1.09413301959207,0.563,0.185,9.43791960698849e-136,"0","MRPL19"
4.67064686667706e-140,0.804593103317258,0.822,0.376,1.07485596342839e-135,"0","NUDT21"
4.68790479871758e-140,0.755630942122335,0.848,0.405,1.07882753132888e-135,"0","SCAMP3"
6.14230592937673e-140,1.26031958327779,0.454,0.118,1.41352886352747e-135,"0","CHAC2"
6.51703606805683e-140,1.02300364332662,0.558,0.181,1.49976551034192e-135,"0","WDR36"
7.08530027306509e-140,0.760484966991486,0.761,0.327,1.63054015184047e-135,"0","EIF2S1"
9.72190729929373e-140,0.777371470821264,0.876,0.447,2.23730252678647e-135,"0","EIF2S3"
1.10780829294755e-139,0.74108545434973,0.625,0.222,2.54939922456019e-135,"0","FAR1"
1.16540813720102e-139,1.26044859504562,0.445,0.114,2.68195374614071e-135,"0","PFAS"
1.17866273379892e-139,0.731432148889376,0.682,0.26,2.71245654929145e-135,"0","DNM1L"
1.20525550368334e-139,0.706515892173626,0.812,0.366,2.77365449062646e-135,"0","NCAPD2"
1.47393697286322e-139,0.828277938288315,0.598,0.206,3.39197115565013e-135,"0","GTSE1"
1.49150778815119e-139,0.894103911666616,0.557,0.181,3.43240687287233e-135,"0","HAUS2"
1.49666582780482e-139,0.829711950121324,0.751,0.327,3.44427706952723e-135,"0","RPF1"
1.75438449172768e-139,0.888063914944089,0.582,0.193,4.0373650308129e-135,"0","C8orf33"
2.14202112044045e-139,0.944452683282082,0.693,0.276,4.9294332044696e-135,"0","LSM6"
2.27920124411428e-139,0.7602284858538,0.94,0.541,5.24512582308018e-135,"0","HADHA"
3.44022125873986e-139,0.746790932352524,0.661,0.25,7.91698118273804e-135,"0","DFFA"
3.50524019986932e-139,0.76940678108269,0.879,0.442,8.06660927195926e-135,"0","CYB5B"
3.70238937376861e-139,1.08037918541104,0.553,0.177,8.5203086658537e-135,"0","WDR12"
4.01200856994627e-139,0.744928655208799,0.903,0.488,9.23283532201734e-135,"0","PDAP1"
4.28113580555739e-139,0.773600220080041,0.886,0.478,9.85217782932922e-135,"0","SNRPB2"
5.14213107405185e-139,0.764120912092628,0.844,0.408,1.18335862407155e-134,"0","DNAJC15"
5.72757322248375e-139,0.837251250424723,0.664,0.251,1.31808642569019e-134,"0","KPNA4"
5.72968236253003e-139,0.943824306043176,0.631,0.229,1.31857180208904e-134,"0","CNIH4"
6.98687757492568e-139,0.774673152755122,0.941,0.544,1.60789013631765e-134,"0","MDH1"
7.99656049815586e-139,0.787826145965917,0.821,0.374,1.84024846744061e-134,"0","PWP1"
8.87562971370465e-139,0.741982176482695,0.97,0.653,2.04254866601485e-134,"0","TPM4"
8.96284589083057e-139,0.812173571308477,0.864,0.422,2.06261972485684e-134,"0","FKBP3"
1.10183734742307e-138,0.849039569639785,0.628,0.215,2.53565828762471e-134,"0","RP11-16F15.1"
1.10686098504818e-138,0.718046546981264,0.761,0.324,2.54721918489137e-134,"0","CCDC25"
1.18125862422434e-138,0.943983928485544,0.644,0.233,2.71843047192747e-134,"0","PTMAP4"
1.25515417756155e-138,1.03647366499953,0.545,0.173,2.88848630882239e-134,"0","PPAT"
1.53412558366568e-138,0.693173827563251,0.998,0.931,3.53048320568984e-134,"0","CALR"
3.12491505789821e-138,0.778211690612687,0.796,0.356,7.19136702274114e-134,"0","CHCHD7"
3.29767004053039e-138,1.26656069391515,0.498,0.149,7.58892806427258e-134,"0","MTMR2"
3.89267798542318e-138,0.993876996024881,0.566,0.186,8.95821984785436e-134,"0","AGPAT5"
4.01407294035791e-138,1.20904727907953,0.528,0.167,9.23758605764566e-134,"0","RMI1"
4.12883775186315e-138,0.714483196795497,0.977,0.701,9.50169431836266e-134,"0","TPM3"
4.78181327524016e-138,0.92465049639965,0.561,0.183,1.10043868903102e-133,"0","NCAPG2"
4.90012609675714e-138,0.775366035433149,0.659,0.245,1.12766601864672e-133,"0","ECHDC1"
5.91352214998327e-138,0.934440706506076,0.619,0.224,1.36087885237565e-133,"0","GLRX2"
5.95755760562568e-138,0.7074495980136,0.831,0.388,1.37101273178264e-133,"0","AP2B1"
6.71252092947903e-138,0.754692334561257,0.714,0.29,1.54475244150101e-133,"0","HSD17B12"
7.37134168133013e-138,0.823158084653062,0.611,0.216,1.6963668611245e-133,"0","CCDC43"
7.41706957129537e-138,0.78817646707748,0.769,0.344,1.7068902204422e-133,"0","PITPNA"
1.20038684160759e-137,0.735304663692217,0.669,0.255,2.76245023859154e-133,"0","TSPAN13"
1.3372603459873e-137,0.63767969818026,0.799,0.35,3.07743723422056e-133,"0","SPTY2D1"
1.45861675274406e-137,0.754664344744598,0.882,0.429,3.35671473308991e-133,"0","APEX1"
1.72819917754764e-137,0.717015615614667,0.766,0.326,3.97710476729039e-133,"0","LSM12"
1.90968518577042e-137,1.24721114671622,0.488,0.141,4.39475851801347e-133,"0","TTK"
2.16332263475269e-137,0.742181924159541,0.853,0.41,4.97845437935636e-133,"0","HSD17B10"
2.51374994993479e-137,0.957557516033875,0.552,0.177,5.78489275978494e-133,"0","EXOSC5"
2.59852992694605e-137,0.775410698748575,0.662,0.25,5.97999692088095e-133,"0","MRPL47"
2.71912922290784e-137,0.806005620342751,0.749,0.313,6.25753208067782e-133,"0","CORO1C"
3.16297667507276e-137,0.729629176296469,0.782,0.336,7.27895822234493e-133,"0","EXOSC9"
3.43922715230727e-137,0.754575673383468,0.781,0.344,7.91469344560473e-133,"0","STRAP"
3.65594885112392e-137,0.68152160781556,0.988,0.744,8.41343509109147e-133,"0","HNRNPD"
3.84764993874157e-137,0.752833149202087,0.926,0.538,8.85459680402599e-133,"0","MRPL51"
4.30241194796334e-137,0.966203043148299,0.567,0.189,9.90114061584803e-133,"0","ICMT"
4.3742646391137e-137,0.632527282626566,0.718,0.286,1.00664952139923e-132,"0","MRPS5"
4.74461169963201e-137,0.796854956839895,0.785,0.338,1.09187749043632e-132,"0","SAE1"
4.87570481869107e-137,0.858805366779589,0.523,0.158,1.12204594992538e-132,"0","CCNF"
5.82141285420595e-137,0.672249883212542,0.636,0.227,1.33968174013841e-132,"0","AC107983.4"
6.67033741736198e-137,1.18285102791333,0.47,0.131,1.53504474985751e-132,"0","SOX4"
7.73364569655422e-137,0.660179681402741,0.791,0.33,1.77974388414802e-132,"0","TK1"
7.9030516493739e-137,1.04088516418931,0.521,0.159,1.81872927607042e-132,"0","YRDC"
8.23573615029854e-137,1.38319150219618,0.429,0.107,1.8952899602682e-132,"0","C20orf24"
1.14019992640603e-136,0.712423355203688,0.624,0.223,2.6239420906382e-132,"0","TACC3"
1.43499122309877e-136,0.903644134803085,0.563,0.189,3.3023453017172e-132,"0","NOL10"
1.4661349181036e-136,0.727643269709085,0.797,0.36,3.37401628703182e-132,"0","ELOF1"
1.47635403552037e-136,0.77029429033034,0.943,0.585,3.39753354194304e-132,"0","RAC1"
1.4829308415774e-136,0.767585650659732,0.669,0.26,3.41266874572208e-132,"0","MTIF2"
1.57492834897076e-136,0.814175354139985,0.607,0.211,3.62438260948641e-132,"0","CDKN3"
2.01254299550605e-136,0.80287725005171,0.726,0.3,4.63146519555808e-132,"0","TMEM109"
2.01734129004009e-136,0.766380967264779,0.807,0.359,4.64250751076926e-132,"0","ADH5"
2.34171439817853e-136,0.855124025134772,0.678,0.271,5.38898734452825e-132,"0","RAE1"
2.4259733157485e-136,0.826958617006236,0.544,0.175,5.58289239153202e-132,"0","RNF126"
2.67377247768677e-136,1.21103764409131,0.415,0.1,6.15315260290056e-132,"0","SLC5A6"
2.80444785380805e-136,0.760665386211333,0.756,0.329,6.45387584596846e-132,"0","TOPBP1"
2.8448611797722e-136,0.807801582642593,0.873,0.454,6.54687903300975e-132,"0","LSM5"
3.29400052395654e-136,0.651047603026735,0.813,0.373,7.58048340578119e-132,"0","KIF20B"
3.71890074377042e-136,0.662467498665843,0.81,0.362,8.55830628163888e-132,"0","NDUFS3"
3.90087068724566e-136,0.749796196043933,0.714,0.29,8.97707371255843e-132,"0","ADK"
3.93638882303099e-136,0.916927081577657,0.637,0.235,9.05881159844121e-132,"0","DRG1"
3.95858329760663e-136,0.726239902036508,0.783,0.351,9.10988774278214e-132,"0","GLUD1"
4.22229521828722e-136,0.840594075593017,0.65,0.248,9.71676798584439e-132,"0","ATG3"
4.4263712563438e-136,0.738541046517983,0.717,0.293,1.0186408172224e-131,"0","COPS2"
4.48594438052217e-136,0.924820567360386,0.549,0.179,1.03235038028957e-131,"0","APTX"
5.17961135560732e-136,0.818429570673116,0.836,0.416,1.19198396126591e-131,"0","API5"
7.27458024791199e-136,1.53359124404742,0.406,0.095,1.67409915245199e-131,"0","PUS7"
7.61290672578505e-136,1.03761621334386,0.572,0.194,1.75195822480491e-131,"0","CISD1"
1.09948394790335e-135,1.17039367040967,0.54,0.176,2.53024240930997e-131,"0","POLE2"
1.25960071969214e-135,1.37778807341141,0.606,0.231,2.89871913622752e-131,"0","HMGCS1"
1.32285585948006e-135,0.616519659365425,0.996,0.9,3.04428818942146e-131,"0","RPL9"
1.36608474017419e-135,0.608963310829377,0.784,0.338,3.14377081256287e-131,"0","TBCB"
1.36755295894012e-135,0.667071807164156,0.831,0.399,3.1471496244089e-131,"0","HCFC1"
1.84501790509036e-135,0.720685321283129,0.95,0.617,4.24593970498445e-131,"0","NSA2"
3.10056855486511e-135,0.693384246955093,0.582,0.197,7.13533841531108e-131,"0","ACSL5"
3.62692502198089e-135,0.720062655296486,0.679,0.263,8.34664255308463e-131,"0","BCAS2"
3.91584224690021e-135,0.772005750795751,0.749,0.324,9.01152776279145e-131,"0","PPA2"
4.14755009530534e-135,0.649682469318834,0.993,0.851,9.54475703432618e-131,"0","MTDH"
4.64879088108331e-135,0.741596219380983,0.844,0.403,1.0698262454637e-130,"0","NEDD8"
4.79806346536462e-135,0.8679478881315,0.582,0.204,1.10417834528436e-130,"0","CCNH"
1.16090686432867e-134,0.824755881952093,0.657,0.255,2.67159496687957e-130,"0","ACTL6A"
1.24775832813097e-134,0.785510969011148,0.645,0.241,2.8714662405278e-130,"0","TIMMDC1"
1.26791320140909e-134,0.932234976641441,0.635,0.244,2.91784865040273e-130,"0","SGK1"
1.27370629054798e-134,0.647915862250833,0.864,0.408,2.93118028643807e-130,"0","MCM5"
1.30440964452167e-134,0.916909004466632,0.559,0.184,3.00183791493772e-130,"0","TESC"
1.65319402809914e-134,0.661676013661736,0.765,0.327,3.80449541686456e-130,"0","DNAJA2"
1.69262665967563e-134,0.958182278711467,0.496,0.145,3.89524173191154e-130,"0","NOL12"
1.92782351690687e-134,0.935916667072871,0.61,0.219,4.43650025945777e-130,"0","MRPL45"
2.24085534957756e-134,0.964241180187775,0.549,0.177,5.15688041598284e-130,"0","GTPBP8"
2.46481533715202e-134,0.696292650927535,0.961,0.649,5.67227953538793e-130,"0","COX5A"
2.56278094744669e-134,0.747711062962808,0.837,0.399,5.89772779435906e-130,"0","COX16"
2.80919550879248e-134,0.614816637701147,0.929,0.499,6.46480162438413e-130,"0","UBALD2"
3.12349593897705e-134,0.711058998209459,0.881,0.448,7.18810120436788e-130,"0","SUMO3"
3.1318060111361e-134,0.94336346925649,0.654,0.253,7.20722517342751e-130,"0","TMEM126B"
3.2234325169371e-134,0.940123122359759,0.566,0.191,7.41808525122735e-130,"0","TAF2"
4.04219865322307e-134,0.648742529832073,0.867,0.416,9.30231176066226e-130,"0","TCERG1"
4.20207132897295e-134,0.687685415043131,0.873,0.447,9.67022674936545e-130,"0","TALDO1"
4.35170180450429e-134,0.726611188580413,0.947,0.564,1.00145713627057e-129,"0","ANP32E"
4.40411942824561e-134,0.635573140183062,0.746,0.318,1.01352000402216e-129,"0","ARL5A"
4.97214144795773e-134,0.803153783638602,0.643,0.24,1.14423891141851e-129,"0","GPN3"
5.06546557884537e-134,0.672981738430775,0.734,0.306,1.16571559365969e-129,"0","PFDN2"
5.165605142482e-134,0.761991092964037,0.867,0.464,1.18876071143938e-129,"0","MRPL34"
5.39459476996022e-134,0.750340489894044,0.835,0.393,1.24145809441095e-129,"0","GNAI3"
5.60641962862189e-134,0.816529093770084,0.791,0.368,1.29020534913475e-129,"0","DDT"
6.68014416736719e-134,0.651582219139567,0.921,0.492,1.53730157723621e-129,"0","DDX18"
6.94968750526116e-134,0.882893643808325,0.53,0.168,1.59933158558575e-129,"0","HDHD1"
7.60301544115128e-134,1.21449372285886,0.486,0.145,1.74968194347215e-129,"0","DARS2"
8.02249575640516e-134,0.873247402856488,0.544,0.175,1.84621694842152e-129,"0","LETM1"
9.44661871359483e-134,0.682353294461343,0.755,0.322,2.17395036455958e-129,"0","DNAJC2"
9.93158251939715e-134,1.01768033449272,0.53,0.165,2.28555508518887e-129,"0","RP11-226L15.1"
1.39734013041282e-133,0.987340647677402,0.535,0.171,3.21569884211902e-129,"0","TUBG1"
2.02081012817136e-133,1.99177846778599,0.41,0.105,4.65049034796075e-129,"0","AK4"
2.05759304826574e-133,0.70902565544964,0.685,0.265,4.73513888197396e-129,"0","BLM"
2.16200108816786e-133,1.14800247399308,0.42,0.102,4.9754131042007e-129,"0","NOL6"
2.50590975443338e-133,0.643503579170834,0.752,0.318,5.76685011787755e-129,"0","NDUFA10"
3.09042033488478e-133,0.653662595861971,0.849,0.399,7.11198431667034e-129,"0","ELOVL5"
3.29241133020816e-133,0.874632274877433,0.652,0.257,7.57682619420805e-129,"0","PFDN4"
3.88522780176276e-133,0.599244638616247,0.826,0.379,8.94107474019665e-129,"0","IL2RB"
5.18825614670312e-133,0.761977571710194,0.75,0.329,1.19397338704079e-128,"0","RP11-796G6.1"
5.47762318180963e-133,0.729477936834184,0.633,0.233,1.26056542282985e-128,"0","NCLN"
7.25637084127631e-133,0.87531258914609,0.624,0.229,1.66990862170292e-128,"0","TUSC2"
9.45711508115239e-133,0.866474707690711,0.696,0.284,2.1763658936256e-128,"0","BRCC3"
9.92523904143497e-133,0.705593376735971,0.92,0.541,2.28409526060543e-128,"0","SLC7A5"
1.29227898066249e-132,0.804929801787237,0.688,0.275,2.97392161819858e-128,"0","SETD3"
1.37793593219422e-132,0.887556169690297,0.643,0.238,3.17104396075856e-128,"0","WDR76"
1.42807802765516e-132,0.591251754682583,0.706,0.291,3.28643596504281e-128,"0","NARF"
1.45029280374325e-132,0.871823096804739,0.901,0.512,3.33755882925434e-128,"0","SNRPE"
1.49823905566609e-132,0.756132807179805,0.712,0.295,3.44789753880438e-128,"0","E2F4"
1.59703582300546e-132,1.00380448227152,0.531,0.169,3.67525853948247e-128,"0","POLR2C"
1.62138531736607e-132,0.669024706830394,0.87,0.445,3.73129403085454e-128,"0","TARDBP"
1.75201967200502e-132,0.801750591423821,0.701,0.287,4.03192287118514e-128,"0","DLST"
2.89489190383149e-132,0.998762272059925,0.552,0.18,6.66201473828741e-128,"0","MELK"
3.02501338305164e-132,1.5091842420709,0.409,0.1,6.96146329841675e-128,"0","AC009948.5"
3.53524397722151e-132,0.819464283904963,0.725,0.294,8.13565696477986e-128,"0","ACAT2"
3.87656347223712e-132,0.706562206297078,0.692,0.275,8.92113551865929e-128,"0","FARSA"
7.74785011473719e-132,0.686122564353521,0.924,0.519,1.78301274690447e-127,"0","SRSF10"
1.05928601713403e-131,0.704257930336769,0.751,0.317,2.43773491123055e-127,"0","IMMT"
1.07666654211626e-131,1.07069076103501,0.539,0.18,2.47773271337216e-127,"0","SLC2A1"
1.48731575506363e-131,1.14842701663544,0.474,0.135,3.42275974712794e-127,"0","PTMAP2"
1.59347970779435e-131,1.00155107223122,0.505,0.157,3.66707485154714e-127,"0","HEATR3"
1.59537515566636e-131,0.757018258194999,0.823,0.396,3.67143684573498e-127,"0","PCMT1"
1.72600847769746e-131,0.700894534886289,0.709,0.289,3.97206330972517e-127,"0","MRPL22"
1.7335946143276e-131,0.763360112602941,0.66,0.257,3.98952128595211e-127,"0","RRP36"
1.77123230573653e-131,0.79586288148752,0.663,0.259,4.07613690519147e-127,"0","RTCA"
1.77200208991765e-131,0.630185907708854,0.889,0.449,4.07790840952749e-127,"0","TKT"
2.68526958815928e-131,0.735921991431774,0.773,0.345,6.17961090323095e-127,"0","CPSF2"
2.90010792748272e-131,0.754095951665297,0.945,0.6,6.67401837351599e-127,"0","COX6A1"
3.01282930897501e-131,0.692986267819004,0.738,0.314,6.9334240887442e-127,"0","TMEM14B"
3.03654403010657e-131,0.760758693518602,0.783,0.363,6.98799877648426e-127,"0","POLR2K"
3.1142085844954e-131,0.673151148846991,0.798,0.351,7.16672821549926e-127,"0","POLR2G"
3.43559822884249e-131,0.722817621066991,0.592,0.21,7.90634220403521e-127,"0","NUP205"
3.77899528062751e-131,0.557073923284916,0.727,0.302,8.69660183930808e-127,"0","REEP4"
3.89402063560668e-131,0.728042318784994,0.811,0.373,8.96130968872165e-127,"0","ARL8B"
4.53656436243884e-131,0.729261859997056,0.672,0.262,1.04399955672805e-126,"0","ATG5"
4.58386085140462e-131,0.793055885380266,0.686,0.279,1.05488389773374e-126,"0","PAGR1"
4.74853309257e-131,0.869060322199523,0.579,0.203,1.09277992059313e-126,"0","CDT1"
4.76453824136651e-131,0.980433845263008,0.431,0.108,1.09646318548568e-126,"0","ZFAT"
5.24618074199032e-131,1.18799483565708,0.431,0.112,1.20730357415423e-126,"0","MECR"
5.39109083554874e-131,0.712463971403532,0.987,0.788,1.24065173398483e-126,"0","TMSB4XP8"
5.8262905339978e-131,0.59691524825558,0.681,0.262,1.34080424058891e-126,"0","AIFM2"
6.17619306720344e-131,0.649098174847043,0.941,0.543,1.42132731055553e-126,"0","TRIM28"
6.69017907083983e-131,0.859716454362197,0.662,0.259,1.53961090957237e-126,"0","MALSU1"
6.98416389986432e-131,0.652960474779579,0.774,0.335,1.60726563827577e-126,"0","PARL"
8.94936867516273e-131,0.750547934314097,0.601,0.206,2.0595182132152e-126,"0","RAD51AP1"
1.0286151716013e-130,0.851242670284571,0.596,0.214,2.36715209440608e-126,"0","LLPH"
1.11187457537282e-130,0.707265446790164,0.912,0.487,2.55875696030548e-126,"0","CLTA"
1.22643164681346e-130,0.74490354021671,0.694,0.282,2.82238714881183e-126,"0","BLMH"
1.25196170021904e-130,0.865344524569204,0.567,0.197,2.88113946071407e-126,"0","RIOK1"
1.95154839240348e-130,0.794155777921775,0.612,0.221,4.49109831543813e-126,"0","NUP37"
2.04590470268377e-130,0.673884525438607,0.62,0.225,4.70824049228616e-126,"0","SPAG5"
2.577615852688e-130,0.61871269222357,0.839,0.406,5.9318673617909e-126,"0","IMP3"
2.6741039688443e-130,0.767763415745615,0.88,0.467,6.15391546350138e-126,"0","YWHAG"
2.76220614776949e-130,0.472896117166626,0.999,0.952,6.35666500786192e-126,"0","RPL41"
3.39598053020802e-130,0.735473902800851,0.664,0.254,7.81516999416773e-126,"0","CDCA4"
3.4657829885647e-130,0.713702036879852,0.811,0.37,7.97580639158395e-126,"0","SF3A3"
3.54133911216759e-130,0.646703280753746,0.713,0.291,8.14968369883128e-126,"0","MAT2A"
3.56934658172666e-130,0.807546043942704,0.681,0.281,8.21413728852757e-126,"0","GTF2F2"
3.76447638421907e-130,0.76162773594123,0.643,0.256,8.66318950300334e-126,"0","TOMM70A"
3.80103155074898e-130,0.741422265767306,0.802,0.365,8.74731390773863e-126,"0","C7orf73"
4.20861010021895e-130,0.750547202676758,0.743,0.32,9.68527442363387e-126,"0","NRAS"
4.35927353753982e-130,0.799476662345134,0.551,0.185,1.00319961919404e-125,"0","ARHGAP11A"
7.29361290750163e-130,0.934046160613594,0.375,0.081,1.67847913840335e-125,"0","GRK5"
8.44993949546216e-130,0.932105718437447,0.583,0.209,1.94458457609071e-125,"0","CCDC137"
1.13851166266413e-129,1.51794517191649,0.506,0.164,2.62005688928897e-125,"0","TNFRSF8"
1.1403124622863e-129,0.817417555194695,0.622,0.233,2.62420106945946e-125,"0","GPN1"
1.19772214207026e-129,0.759286065877986,0.636,0.24,2.7563179655463e-125,"0","TAF11"
1.37098307886414e-129,0.751326626562961,0.662,0.257,3.15504335939004e-125,"0","FAM162A"
1.4529185110318e-129,0.604044404083458,0.784,0.352,3.34360136943749e-125,"0","MRPL54"
1.66489846708493e-129,0.676949363755704,0.64,0.242,3.83143084230255e-125,"0","PROSC"
1.76971984723022e-129,0.663296373779386,0.676,0.262,4.0726562844309e-125,"0","UQCRC1"
2.82633131677419e-129,0.787859489308673,0.577,0.202,6.50423625929244e-125,"0","MRPS17"
3.67363520564283e-129,0.699483755867399,0.868,0.464,8.45413669874584e-125,"0","EMC4"
3.96304555763072e-129,0.957028029140713,0.536,0.178,9.12015674177557e-125,"0","PGRMC1"
4.14113025289184e-129,0.774457043036482,0.867,0.479,9.52998305098e-125,"0","PSMA2"
4.56292424982094e-129,0.79079319107544,0.568,0.194,1.05006575761129e-124,"0","SAMM50"
5.64141066595927e-129,0.741483471304572,0.562,0.184,1.29825783655721e-124,"0","SPC25"
6.8831484045013e-129,0.844028733616781,0.56,0.194,1.58401894232788e-124,"0","SOCS4"
7.2590531022397e-129,0.802478513761715,0.646,0.251,1.67052589041842e-124,"0","MRPL42"
8.86667969258981e-129,0.679045517666414,0.788,0.365,2.04048899765569e-124,"0","PMF1"
9.03799760265534e-129,1.30869553465735,0.461,0.133,2.07991438829907e-124,"0","PRPS2"
9.18905807650856e-129,0.602546586632378,0.767,0.333,2.11467793514692e-124,"0","MED24"
1.07090547489336e-128,1.20104064047603,0.476,0.141,2.4644747693721e-124,"0","MRPS28"
1.27140855512054e-128,0.839247764780386,0.563,0.189,2.9258925078989e-124,"0","KIAA1524"
1.27189330347056e-128,0.726028256216475,0.814,0.389,2.9270080592768e-124,"0","MRPS18B"
1.5184946316436e-128,0.656093594720515,0.686,0.276,3.49451169580142e-124,"0","MEA1"
1.637997796182e-128,0.835587157715927,0.612,0.228,3.76952432835364e-124,"0","PLEKHB2"
1.83302984953362e-128,0.620225626806423,0.872,0.44,4.21835159273172e-124,"0","PSMA5"
1.93014950608197e-128,0.958866722713022,0.525,0.168,4.44185305834644e-124,"0","FBXO45"
2.07141018850384e-128,0.668641818238865,0.807,0.369,4.76693626680388e-124,"0","SNRPA"
2.21759060644701e-128,1.54891679031883,0.412,0.105,5.1033412626165e-124,"0","NQO1"
2.32469384729437e-128,0.861767549069476,0.498,0.149,5.34981795077852e-124,"0","RNASEH1"
3.00940962819048e-128,0.841028081118459,0.62,0.235,6.92555437735476e-124,"0","CHCHD3"
3.67786559291414e-128,0.616223047274174,0.792,0.368,8.46387208897331e-124,"0","RP11-478C6.4"
3.88660936406631e-128,0.626373215517044,0.949,0.609,8.9442541295258e-124,"0","HLA-DRA"
6.09317041120373e-128,1.09788932662754,0.468,0.135,1.40222130673031e-123,"0","RPE"
1.13031632481489e-127,0.613330336861214,0.926,0.454,2.60119695829651e-123,"0","COTL1"
1.37322688617508e-127,0.957380579516047,0.583,0.213,3.1602070331547e-123,"0","APEX2"
1.43421058105211e-127,1.15792910526508,0.461,0.133,3.30054881017522e-123,"0","SCD"
1.48929674223947e-127,0.667431818181744,0.978,0.696,3.4273185929157e-123,"0","ACTR3"
1.52839109314605e-127,1.27066048605137,0.483,0.151,3.51728642265701e-123,"0","GCSH"
1.53416386983364e-127,1.18305577757689,0.47,0.139,3.53057131364816e-123,"0","UTP20"
1.56068703030957e-127,0.726033302386185,0.898,0.515,3.5916090628514e-123,"0","ATP5C1"
1.59563900088233e-127,0.76774247596314,0.912,0.535,3.67204403273051e-123,"0","CCT8"
1.63934614829088e-127,0.64785142705145,0.732,0.315,3.77262729106179e-123,"0","MRPS36"
1.68912265027726e-127,0.627364932432135,0.98,0.722,3.88717795508306e-123,"0","PEBP1"
1.88188640736447e-127,0.61700364800534,0.68,0.269,4.33078518926786e-123,"0","AP1B1"
1.91234031411369e-127,0.689202259240955,0.954,0.605,4.40086876486985e-123,"0","HNRNPU"
2.97397852394441e-127,0.825165047235762,0.554,0.188,6.84401677715327e-123,"0","KIF4A"
3.56449122884094e-127,0.685681916587236,0.672,0.271,8.20296366493165e-123,"0","PRKAR2A"
4.1544563779284e-127,0.733278580488179,0.638,0.246,9.56065046252662e-123,"0","GADD45GIP1"
4.42436157555354e-127,0.657168355461643,0.834,0.413,1.01817832938214e-122,"0","EMC7"
5.10646392019463e-127,0.614312249256927,0.685,0.282,1.17515054195439e-122,"0","PSPC1"
5.22410437076234e-127,0.662951521155792,0.946,0.562,1.20222313884354e-122,"0","SRRM1"
5.35581150695016e-127,0.991399784553074,0.482,0.148,1.23253290209444e-122,"0","PCCB"
6.2412412148546e-127,0.728102072383143,0.869,0.462,1.43629684077449e-122,"0","PSMC2"
7.47785662840982e-127,0.636669411058644,0.876,0.447,1.72087914589595e-122,"0","DIAPH1"
7.78785704771772e-127,0.836350884849264,0.593,0.215,1.79221954239128e-122,"0","LAS1L"
7.99824438087637e-127,0.59059192002239,0.884,0.446,1.84063597937108e-122,"0","TMPO"
9.25797758496126e-127,1.19786237816841,0.447,0.127,2.13053838162713e-122,"0","MTPAP"
1.41452597835435e-126,0.768694821454362,0.899,0.499,3.25524863398687e-122,"0","LSM3"
1.62290039655739e-126,0.483111291935192,0.998,0.947,3.73478068259751e-122,"0","RPL36"
1.66171194124569e-126,0.567882212510508,0.869,0.451,3.8240976903887e-122,"0","NARS"
1.84541074908255e-126,0.648503626737786,0.825,0.402,4.24684375686368e-122,"0","FUNDC2"
1.94140843117256e-126,0.699114588920042,0.766,0.347,4.4677632226574e-122,"0","CAPRIN1"
1.958682912034e-126,0.755742222012783,0.634,0.24,4.50751698546385e-122,"0","MFAP1"
2.08625494302732e-126,0.6437322724849,0.705,0.296,4.80109850038876e-122,"0","MIEF1"
2.14482331569812e-126,0.79129593442677,0.689,0.277,4.93588189641609e-122,"0","PPIAP22"
2.48599117854444e-126,0.757611690174203,0.79,0.376,5.72101149918432e-122,"0","DDX1"
2.77347665680767e-126,0.473996244340767,0.726,0.297,6.38260183031149e-122,"0","CCND3"
2.83251651625561e-126,0.583461927070864,0.788,0.355,6.51847025885904e-122,"0","G3BP2"
2.84253954573091e-126,0.618130524841509,0.688,0.271,6.54153625659054e-122,"0","PDCD2"
2.90148123243291e-126,0.906108803268463,0.614,0.234,6.67717876019786e-122,"0","LINC00998"
3.21923637854204e-126,0.727700524666953,0.564,0.195,7.40842867793881e-122,"0","RBM28"
3.31089046208375e-126,1.01131547152035,0.516,0.166,7.61935222039334e-122,"0","TFB1M"
3.79529532964412e-126,0.62439804421337,0.915,0.507,8.73411314211e-122,"0","PPP2CA"
4.19916459620524e-126,0.634647430772931,0.69,0.28,9.66353748524712e-122,"0","BMS1"
4.40780086277124e-126,0.684202081989621,0.85,0.422,1.01436721254955e-121,"0","SS18L2"
4.59983526691471e-126,1.09590872123741,0.5,0.16,1.05856008997508e-121,"0","EXOSC3"
6.42224043508425e-126,0.63214416637178,0.77,0.349,1.47795019132594e-121,"0","MPHOSPH10"
7.00504724410966e-126,0.736942303262781,0.844,0.435,1.61207152228696e-121,"0","PTP4A1"
7.75150789884974e-126,0.627899456291076,0.979,0.718,1.78385451276229e-121,"0","NAP1L1"
7.76419713337188e-126,0.613091639771661,0.936,0.542,1.78677468630287e-121,"0","RPLP0P2"
8.25998329444433e-126,0.676708901505172,0.686,0.274,1.90086995555047e-121,"0","COA6"
9.83716040804805e-126,0.805121705692882,0.559,0.195,2.2638257247041e-121,"0","FAM35A"
1.09672772693659e-125,0.867541765925416,0.498,0.154,2.52389951799917e-121,"0","TMEM5"
1.15712073622667e-125,0.730522011055422,0.883,0.474,2.66288195027844e-121,"0","PDLIM1"
1.67248874697525e-125,0.759264664556734,0.482,0.147,3.84889835341415e-121,"0","BCS1L"
1.78557570729723e-125,0.683360336865944,0.583,0.209,4.10914537520311e-121,"0","OPA1"
2.81778824265131e-125,0.891499193037131,0.568,0.201,6.48457608281345e-121,"0","MST4"
2.99516768075969e-125,0.769045630720351,0.512,0.162,6.89277938373228e-121,"0","EPT1"
3.02311599978207e-125,0.712077034021081,0.95,0.579,6.95709685029849e-121,"0","PRPF40A"
3.0897562747885e-125,0.6806258970284,0.829,0.404,7.11045611517078e-121,"0","NUP50"
3.1115711467665e-125,0.838063822755643,0.648,0.252,7.16065868005375e-121,"0","FAM111B"
3.41301312335313e-125,0.614646128651485,0.719,0.297,7.85436710077255e-121,"0","POLR2I"
3.42727857519578e-125,0.868876542004392,0.568,0.199,7.88719618509805e-121,"0","TNPO3"
3.55531424139987e-125,1.00373853624037,0.474,0.137,8.18184466373352e-121,"0","RPL27AP"
3.80708443948831e-125,0.905228881599995,0.612,0.234,8.76124342059444e-121,"0","DPH3"
4.76759408276888e-125,0.99384508185588,0.456,0.132,1.0971664262676e-120,"0","COCH"
5.18806987801944e-125,2.10543625437808,0.312,0.056,1.19393052102861e-120,"0","EGR1"
6.48795041044037e-125,0.672454655994676,0.805,0.39,1.49307202795464e-120,"0","LAMP1"
8.93216532988544e-125,0.555519255652951,0.678,0.271,2.05555920736654e-120,"0","RPL7AP6"
1.05501529634445e-124,0.640346579267107,0.712,0.297,2.42790670147747e-120,"0","FAM98B"
1.15366472138889e-124,0.704014077213315,0.951,0.634,2.65492862333226e-120,"0","UBE2L3"
1.5694897439405e-124,0.653793826996136,0.766,0.336,3.61186674773028e-120,"0","UCHL5"
1.57183244917494e-124,0.592162126605866,0.843,0.416,3.61725801528628e-120,"0","MYEOV2"
1.65158872076001e-124,0.860253464412869,0.628,0.245,3.800801123085e-120,"0","PDCL3"
1.71725721903251e-124,1.04400054241776,0.436,0.121,3.95192403815952e-120,"0","ECT2"
1.89294261565744e-124,0.747053148636166,0.623,0.241,4.35622884141246e-120,"0","NAA20"
1.96496907599365e-124,0.821003523982686,0.801,0.375,4.52198333458419e-120,"0","LSM2"
2.2114055808989e-124,0.717820024359431,0.682,0.278,5.08910766332265e-120,"0","MRPL49"
2.28956707389356e-124,0.684394717417782,0.901,0.514,5.26898070715125e-120,"0","PPP1CC"
2.50639985931141e-124,0.660223892081225,0.797,0.38,5.76797799623334e-120,"0","CNOT7"
2.60988111527787e-124,0.743011089267455,0.635,0.242,6.00611941058896e-120,"0","ZCCHC10"
2.64942186190803e-124,0.775230674139247,0.459,0.132,6.09711453080895e-120,"0","MYBBP1A"
2.65434427520104e-124,0.679250094980736,0.615,0.231,6.10844248052014e-120,"0","DDX19A"
3.01720662632033e-124,0.752980758463984,0.576,0.208,6.94349760915096e-120,"0","RABEPK"
3.14596834737257e-124,0.512379904411761,0.996,0.9,7.23981695780849e-120,"0","RPL19"
3.72473213378449e-124,0.679628891891722,0.636,0.24,8.57172605947825e-120,"0","ATAD5"
4.4837967730166e-124,0.999027679062142,0.413,0.104,1.03185615137431e-119,"0","DUSP6"
5.06939621410751e-124,0.84918680522293,0.538,0.18,1.16662015075256e-119,"0","CENPA"
5.09274115842788e-124,0.610094621430361,0.68,0.276,1.17199252278901e-119,"0","FAM136A"
6.3356769650602e-124,1.04778083579359,0.543,0.188,1.4580293399693e-119,"0","HMGCR"
7.54757681619012e-124,0.726357741236485,0.634,0.241,1.73692385270983e-119,"0","LEO1"
8.20361420944173e-124,0.713401630693256,0.679,0.277,1.88789773801882e-119,"0","OGFOD1"
8.98395050954124e-124,0.524928730583667,0.996,0.872,2.06747653076073e-119,"0","FTL"
1.05973727296782e-123,0.609844548136711,0.779,0.349,2.43877338628083e-119,"0","BUB1"
1.25517385773776e-123,0.778937063102205,0.598,0.22,2.88853159881192e-119,"0","FTSJ2"
1.32262637881561e-123,0.815601368537291,0.7,0.295,3.04376008556837e-119,"0","KRR1"
1.40467924473683e-123,0.588569161045518,0.835,0.399,3.23258834591286e-119,"0","PUF60"
1.41261414419204e-123,0.714369568943259,0.666,0.269,3.25084893002913e-119,"0","CPT1A"
1.6390633724759e-123,0.606346065394445,0.746,0.326,3.77197653907878e-119,"0","DAP3"
1.82108572186084e-123,0.60730010732804,0.734,0.318,4.19086457171836e-119,"0","PPP4R2"
1.85703002864571e-123,0.970617210278092,0.604,0.243,4.27358320492237e-119,"0","FOS"
2.09171548506484e-123,0.64441919536227,0.851,0.416,4.81366484577971e-119,"0","LAMTOR5"
2.30762086430545e-123,0.718741268238142,0.717,0.306,5.31052789502613e-119,"0","AIFM1"
2.81084213557743e-123,0.714031832837481,0.662,0.263,6.46859100660433e-119,"0","HBS1L"
2.85647320240122e-123,0.71736694435238,0.868,0.467,6.57360178068593e-119,"0","VAPA"
3.2249747114274e-123,0.610419447335566,0.921,0.496,7.42163430340786e-119,"0","EIF3D"
3.25938004443281e-123,0.69356960330748,0.66,0.268,7.50081129625322e-119,"0","IARS2"
3.37111048864454e-123,1.04628363717997,0.476,0.146,7.75793656751768e-119,"0","WDR3"
4.09890344134025e-123,0.744788280286631,0.738,0.318,9.43280648955631e-119,"0","RGS10"
5.83333529083631e-123,0.723523965905566,0.686,0.282,1.34242545048016e-118,"0","TMOD3"
6.35589313002715e-123,0.66771054562939,0.946,0.593,1.46268168601315e-118,"0","PSMB3"
6.49273659234563e-123,0.881758818887733,0.486,0.148,1.4941734719965e-118,"0","SUV39H1"
6.69002549608914e-123,0.672618635926691,0.862,0.439,1.53957556741499e-118,"0","PNRC2"
8.05645864871633e-123,0.62471541537118,0.863,0.436,1.85403282882909e-118,"0","CSNK2A1"
8.17293762329944e-123,0.659357316273369,0.947,0.596,1.8808381352499e-118,"0","NOP58"
8.32952412410154e-123,0.527538268836049,0.694,0.28,1.91687338667949e-118,"0","IQGAP2"
8.93046959613868e-123,0.60920799840515,0.786,0.352,2.05516896815939e-118,"0","PIH1D1"
1.01029055249302e-122,0.573855741363754,0.693,0.29,2.32498164845219e-118,"0","CPSF3"
1.58920686170877e-122,0.968772245464475,0.531,0.182,3.65724175085039e-118,"0","MRPS9"
1.68522798343517e-122,0.64965896981023,0.763,0.333,3.87821515827936e-118,"0","SEPHS2"
1.9410213220142e-122,0.713425897244211,0.811,0.4,4.46687236835129e-118,"0","THOC7"
1.99374770237985e-122,1.0729692156689,0.508,0.165,4.58821158748675e-118,"0","UNG"
2.1411528145025e-122,0.873320120176603,0.556,0.198,4.9274349720146e-118,"0","GUF1"
2.3002575098138e-122,0.717629121762833,0.728,0.316,5.29358260733451e-118,"0","ASNSD1"
2.43941310181811e-122,1.04987925888262,0.468,0.143,5.61382137121402e-118,"0","GBE1"
2.45031001465242e-122,0.633673491386273,0.786,0.364,5.63889843671961e-118,"0","VPS35"
2.48426865557516e-122,1.03364359310087,0.502,0.165,5.71704745707513e-118,"0","FDXR"
2.89670984279805e-122,0.845130291582352,0.564,0.202,6.66619836123115e-118,"0","PDCD11"
2.95697944890651e-122,0.968146528379602,0.537,0.188,6.80489680576855e-118,"0","RFC5"
3.18646139781197e-122,0.606911735138499,0.818,0.408,7.33300361478468e-118,"0","USP16"
3.45796013443432e-122,0.701221294831626,0.624,0.242,7.9578036573737e-118,"0","RPL37AP1"
4.68099915274924e-122,0.754469947883597,0.662,0.272,1.07723833502218e-117,"0","RP11-365F18.1"
5.9456639248737e-122,0.77289883861153,0.559,0.197,1.36827563903118e-117,"0","RWDD4"
6.36454930979914e-122,0.983285025629996,0.519,0.174,1.46467373266408e-117,"0","NIP7"
6.77978029344042e-122,0.859412049012364,0.53,0.178,1.56023083892944e-117,"0","C1orf131"
6.78554391078357e-122,0.687885170180698,0.739,0.318,1.56155722018862e-117,"0","HK1"
6.84356889005691e-122,0.708742159905346,0.614,0.236,1.5749105086688e-117,"0","INO80C"
1.05364922571042e-121,1.28240785099278,0.41,0.109,2.4247629631274e-117,"0","RP11-145M9.4"
1.21941425619475e-121,1.35692478625829,0.408,0.107,2.80623802778098e-117,"0","PRMT3"
1.23072665869727e-121,0.725272633861364,0.616,0.237,2.83227125966002e-117,"0","ELP5"
1.28809315974124e-121,0.767987337520427,0.445,0.125,2.96428878851253e-117,"0","FAM101B"
1.53430714192504e-121,1.01935310995909,0.465,0.141,3.53090102571209e-117,"0","LINC00116"
1.55557277270197e-121,0.800654195593966,0.581,0.211,3.57983962181904e-117,"0","UTP18"
1.71437505626511e-121,0.491527696639745,0.999,0.961,3.9452913169829e-117,"0","RPS5"
1.82651550539902e-121,0.653086738825799,0.562,0.195,4.20336013257476e-117,"0","FAM104A"
2.04411036212941e-121,0.624510647905392,0.97,0.66,4.70411117636841e-117,"0","COX8A"
2.1931932480063e-121,0.734112993994874,0.546,0.185,5.0471956216369e-117,"0","ASF1A"
2.40665111418544e-121,0.868675115382223,0.536,0.184,5.53842620907495e-117,"0","SNRNP40"
2.69015305284995e-121,0.635552003621681,0.88,0.453,6.19084922052358e-117,"0","DAZAP1"
2.77230430996976e-121,1.03143737364674,0.489,0.157,6.3799039085334e-117,"0","ENOPH1"
2.96650048230936e-121,0.632862073310586,0.788,0.376,6.82680755993854e-117,"0","SUZ12"
3.15598715755891e-121,0.665370346341282,0.953,0.587,7.26287324569033e-117,"0","KHSRP"
3.4153689061768e-121,0.77162520910291,0.498,0.158,7.85978846378466e-117,"0","RPL27AP5"
3.7747438577438e-121,0.645522119653876,0.555,0.193,8.6868180398258e-117,"0","C7orf50"
4.17298821194957e-121,0.631221694937621,0.976,0.716,9.60329777215955e-117,"0","HNRNPK"
4.3113849914717e-121,0.585820069684067,0.695,0.286,9.92179028087383e-117,"0","POP7"
4.80081666725486e-121,0.696063827436621,0.749,0.332,1.10481193963536e-116,"0","LYPLA1"
5.83366739278905e-121,0.796252854728937,0.596,0.224,1.34250187710254e-116,"0","ATAD1"
6.30369924375739e-121,1.06977517934674,0.447,0.132,1.45067030696589e-116,"0","NUP155"
6.40045647288314e-121,1.02525860291275,0.51,0.168,1.4729370481046e-116,"0","RBM14"
6.64981475051075e-121,0.57409669273166,0.994,0.759,1.53032186853504e-116,"0","LCP1"
6.90484001899501e-121,1.32190978097505,0.389,0.097,1.58901083357132e-116,"0","DEPDC1"
9.14471825695182e-121,0.631989334648371,0.811,0.381,2.10447401247232e-116,"0","ARPP19"
1.09619484368684e-120,0.586064017471956,0.969,0.585,2.52267319377652e-116,"0","SMC4"
1.13509020268553e-120,0.522652808231648,0.679,0.275,2.6121830834402e-116,"0","LSG1"
1.23582403337154e-120,0.729311701285144,0.643,0.256,2.84400184799793e-116,"0","COPS8"
1.25156526727864e-120,0.649443022688594,0.806,0.373,2.88022714958834e-116,"0","PITPNB"
1.42437093565876e-120,0.658978486543983,0.801,0.373,3.2779048342315e-116,"0","DNTTIP2"
1.48702481868679e-120,0.661561687047452,0.787,0.383,3.42209021524392e-116,"0","TMEM167A"
1.49023191218276e-120,0.71743434447478,0.603,0.225,3.4294706995062e-116,"0","FAM91A1"
1.54569339106395e-120,0.701561028072654,0.564,0.205,3.55710420085547e-116,"0","UBE3C"
1.54856277545065e-120,0.686039280745511,0.936,0.535,3.56370751514458e-116,"0","NASP"
1.81146485263187e-120,0.878555052223438,0.52,0.178,4.16872406536172e-116,"0","FASTKD1"
2.28878532121954e-120,1.33396844344426,0.415,0.113,5.26718165972254e-116,"0","CHCHD4"
2.56411922392939e-120,0.781841872929848,0.671,0.275,5.90080757002871e-116,"0","CHRAC1"
2.64191777055742e-120,0.624503021911082,0.941,0.584,6.07984536538379e-116,"0","RP11-425L10.1"
2.94677839951038e-120,0.620059699469515,0.82,0.396,6.78142113079323e-116,"0","CEBPZ"
3.19211706650042e-120,0.508408852638566,0.722,0.309,7.34601900513741e-116,"0","NOL8"
3.37687243213998e-120,0.690021955840478,0.838,0.424,7.77119652808374e-116,"0","MRPS33"
3.7539991744265e-120,0.639534622577908,0.911,0.535,8.63907830010771e-116,"0","TBCA"
4.46770414703253e-120,0.622861566039926,0.771,0.336,1.0281527553566e-115,"0","BUD31"
4.52733830041288e-120,0.578398519774882,0.989,0.842,1.04187636307402e-115,"0","CANX"
5.90332384674533e-120,0.646463821019849,0.756,0.331,1.3585319168515e-115,"0","S100A10"
5.98235243749839e-120,0.711086123870258,0.681,0.284,1.3767187664415e-115,"0","RANGRF"
6.07120532332883e-120,0.613660834330829,0.738,0.32,1.39716648105766e-115,"0","SLC7A1"
6.24014544077614e-120,0.661243421378243,0.957,0.622,1.43604467028581e-115,"0","GDI2"
6.66580565470808e-120,0.556998568271363,0.805,0.383,1.53400185531797e-115,"0","MCTS1"
6.93774706595555e-120,0.928192679451427,0.54,0.189,1.59658373228835e-115,"0","NUP54"
6.95118389465834e-120,0.914602518106891,0.507,0.165,1.59967594967772e-115,"0","PDZD11"
7.37248349976302e-120,0.669480495560658,0.958,0.628,1.69662962780046e-115,"0","SRSF3"
7.67028139417866e-120,0.616530999446438,0.765,0.333,1.76516185724233e-115,"0","SMIM12"
8.1239319799408e-120,0.459939622844483,0.72,0.301,1.86956046654378e-115,"0","CENPF"
9.32337159147125e-120,0.865064918694162,0.59,0.22,2.14558750434528e-115,"0","MCMBP"
1.03604283278439e-119,1.39210190992431,0.407,0.111,2.38424537108673e-115,"0","CCNE2"
1.08337544935107e-119,0.764873700859762,0.566,0.206,2.49317192159161e-115,"0","SLC25A17"
1.16672738801572e-119,0.737324766744555,0.776,0.373,2.68498973804056e-115,"0","VPS25"
1.90256392264996e-119,0.667485682127843,0.679,0.277,4.37837035519435e-115,"0","SMIM15"
2.00057253660469e-119,0.508681562377569,0.998,0.903,4.60391757848838e-115,"0","RPL12"
2.16956306710354e-119,0.88601892109147,0.514,0.172,4.99281548632537e-115,"0","CDCA2"
2.32737490249435e-119,0.685998044494078,0.615,0.234,5.35598786311024e-115,"0","UTP14A"
3.60521537138493e-119,0.685466554612804,0.81,0.405,8.29668213416814e-115,"0","SUCLG1"
3.94516099226896e-119,0.591974095091302,0.836,0.421,9.07899899150855e-115,"0","RAD23B"
4.16912780957951e-119,0.596086826026559,0.894,0.481,9.59441382818533e-115,"0","NDUFB9"
5.54946952565493e-119,1.40900586228207,0.349,0.077,1.27709942193897e-114,"0","CEP41"
5.63536862505153e-119,0.988053109336412,0.483,0.154,1.29686738168311e-114,"0","DONSON"
5.90324635840008e-119,0.631822663949546,0.875,0.468,1.35851408445861e-114,"0","RCC2"
6.39332033933131e-119,0.943647465040722,0.458,0.137,1.47129480969032e-114,"0","CLUH"
7.00888550515582e-119,0.667696720713145,0.502,0.161,1.61295482130151e-114,"0","METTL2A"
7.28309973086715e-119,1.2395335843862,0.375,0.089,1.67605974106446e-114,"0","TEX30"
9.06931385458574e-119,0.689499635063237,0.771,0.346,2.08712119735582e-114,"0","PDCD10"
1.00707057062484e-118,0.6098816382482,0.932,0.577,2.31757150417895e-114,"0","HNRNPL"
1.11642522442184e-118,0.532085797749008,0.995,0.911,2.56922936896199e-114,"0","RPS20"
1.17463572629681e-118,0.706337081106955,0.68,0.274,2.70318919692686e-114,"0","RPP30"
1.17731117709907e-118,0.793317372515162,0.467,0.143,2.70934621185809e-114,"0","GCLM"
1.30303669977024e-118,0.66572346216968,0.723,0.305,2.99867835718125e-114,"0","CTC-471F3.4"
1.30460959248597e-118,0.581854051984729,0.989,0.815,3.00229805518796e-114,"0","RPL23A"
1.32059049947638e-118,0.927944930714487,0.476,0.147,3.039074916445e-114,"0","APOO"
1.53214668756684e-118,0.466061511660888,0.86,0.421,3.52592917209757e-114,"0","SRRT"
1.72423618910444e-118,0.990130351310474,0.493,0.161,3.96798474198605e-114,"0","SLC9B2"
1.8700177116705e-118,0.517854509687584,0.716,0.302,4.30347175986733e-114,"0","DDX23"
1.99067677881522e-118,0.819891595948029,0.533,0.183,4.58114447108747e-114,"0","GOT1"
2.1280791970129e-118,0.611171495144282,0.678,0.278,4.89734865608579e-114,"0","SLC25A11"
2.2741522932481e-118,1.119686326314,0.468,0.145,5.23350667245184e-114,"0","IMPA2"
2.91438441461733e-118,0.713835063744304,0.689,0.293,6.70687285335886e-114,"0","SUCLG2"
3.06742714227246e-118,0.561234831500178,0.666,0.273,7.05907008251162e-114,"0","IPO9"
3.12838708250287e-118,0.765020945702295,0.633,0.252,7.19935719296385e-114,"0","ZNHIT3"
3.53391709334524e-118,0.570755416782736,0.733,0.325,8.1326034069154e-114,"0","TTC37"
5.12287389419794e-118,1.0260566216026,0.462,0.143,1.17892696927177e-113,"0","MOB4"
5.30346145179754e-118,0.572012231043356,0.784,0.353,1.22048558390217e-113,"0","STK24"
5.41579139134294e-118,0.664600118278822,0.985,0.722,1.24633607288975e-113,"0","ANXA6"
7.55195633101025e-118,0.688295369839562,0.897,0.493,1.73793171045539e-113,"0","UBE2N"
8.81769982341949e-118,1.13388201811785,0.396,0.103,2.02921726036353e-113,"0","RRP9"
9.87558325054613e-118,0.708142782081734,0.578,0.216,2.27266797344818e-113,"0","THUMPD3"
1.02050450514526e-117,0.620502865402623,0.576,0.209,2.34848701769079e-113,"0","DDX55"
1.05347409536642e-117,0.650086761880081,0.631,0.255,2.42435993566675e-113,"0","UPF3B"
1.20964436868696e-117,0.574120879668674,0.866,0.44,2.7837545856593e-113,"0","KCNAB2"
1.27679203006991e-117,0.471395141634203,0.997,0.927,2.93828149879988e-113,"0","RPL35"
1.39968380153213e-117,0.652152563425118,0.72,0.316,3.22109233246588e-113,"0","HADHB"
1.44291651545841e-117,0.890373638878055,0.533,0.187,3.32058377702443e-113,"0","P4HA1"
1.4904026922251e-117,1.14711883284677,0.378,0.094,3.42986371561761e-113,"0","CISD3"
1.60550400257778e-117,0.636713058614679,0.602,0.229,3.69474636113224e-113,"0","FTSJ3"
1.64788651784528e-117,0.727951570288472,0.631,0.249,3.79228124351734e-113,"0","NUPL1"
1.80360603684105e-117,0.640384583444073,0.965,0.699,4.15063857258231e-113,"0","UQCRH"
1.94960748244677e-117,0.718193535257546,0.616,0.241,4.48663169935475e-113,"0","BFAR"
1.97368816397346e-117,0.4552427947487,0.773,0.347,4.54204857175211e-113,"0","AC144530.1"
2.05306544511126e-117,0.932019377302952,0.462,0.14,4.72471950883454e-113,"0","KIAA1715"
2.18468795161865e-117,0.715475180132934,0.603,0.232,5.02762238306001e-113,"0","RPS6KB1"
2.86330652473184e-117,0.783566200347784,0.522,0.178,6.58932730536539e-113,"0","ISCA1"
2.92442243791041e-117,0.460953566571743,0.799,0.362,6.72997335636322e-113,"0","RPS3AP47"
3.03108455834636e-117,1.05496918833632,0.462,0.143,6.97543489412248e-113,"0","CKAP2L"
3.04085914517007e-117,0.824102596558181,0.578,0.213,6.99792915077989e-113,"0","ANAPC15"
3.26624274535402e-117,0.688211159522386,0.697,0.291,7.5166044298832e-113,"0","MAX"
3.69150398109277e-117,0.881750593690282,0.53,0.182,8.4952581116888e-113,"0","MSH2"
3.79528460339492e-117,0.759069270768548,0.575,0.213,8.73408845779272e-113,"0","HAUS6"
3.86423835304151e-117,0.646504005167803,0.679,0.288,8.89277172185442e-113,"0","ZNF146"
4.23258238570793e-117,0.665453988026751,0.655,0.269,9.74044184422966e-113,"0","SRA1"
4.98414997963179e-117,0.598137416471991,0.692,0.297,1.14700243481266e-112,"0","TEX261"
5.46881447337122e-117,0.557611036954876,0.779,0.365,1.25853827475692e-112,"0","SHISA5"
5.63155117871919e-117,0.638315698690373,0.885,0.487,1.29598887275865e-112,"0","KIF5B"
6.20349135347263e-117,0.487993975257151,0.66,0.251,1.42760946517466e-112,"0","TUBA1A"
6.21435095382864e-117,0.845006835047294,0.802,0.412,1.43010858500458e-112,"0","INSIG1"
6.88475746522632e-117,0.695641481524377,0.9,0.525,1.58438923547253e-112,"0","RAP1A"
7.70883949264528e-117,0.655971933259073,0.703,0.311,1.77403523244246e-112,"0","IKBIP"
8.8667456207097e-117,0.755434470277186,0.526,0.18,2.04050416969392e-112,"0","SBDSP1"
9.20375105396329e-117,0.593496137768217,0.988,0.759,2.11805923004857e-112,"0","TAGLN2"
9.53102209039592e-117,0.655210985622228,0.641,0.255,2.19337411366281e-112,"0","PPP3CB"
1.25483326799615e-116,0.648510244828386,0.61,0.234,2.88774779963953e-112,"0","NUP188"
1.50185703220618e-116,0.485757321013202,0.996,0.929,3.45622358821608e-112,"0","RPS26"
1.61384770997241e-116,1.01190996683073,0.488,0.159,3.7139477349595e-112,"0","BNIP3"
1.62731865397151e-116,0.551768728080011,0.62,0.236,3.74494841838464e-112,"0","NET1"
1.6724905464343e-116,0.590247195726762,0.728,0.327,3.84890249450924e-112,"0","IL10RB"
1.69206220936751e-116,1.33578045099581,0.378,0.095,3.89394276241744e-112,"0","RP11-1033A18.1"
1.95438728899944e-116,0.822375720342136,0.497,0.164,4.4976314681744e-112,"0","CDC23"
2.0088958841418e-116,0.669875454435833,0.934,0.597,4.62307209817553e-112,"0","CAP1"
2.1455797658501e-116,0.7014743491183,0.616,0.241,4.93762271515083e-112,"0","CINP"
2.23545409497197e-116,0.676186222804382,0.918,0.592,5.14445050875898e-112,"0","PSMB4"
2.5218187667926e-116,0.726189932783305,0.582,0.219,5.8034615280198e-112,"0","UTP6"
2.71878747620219e-116,0.787277410956907,0.58,0.219,6.25674561898411e-112,"0","STARD3NL"
2.87279098071769e-116,0.457687988259074,0.616,0.228,6.61115388392563e-112,"0","FOXM1"
3.41056528112941e-116,0.486441379197678,0.721,0.313,7.84873388146311e-112,"0","PTCD3"
3.77693731224596e-116,1.0720676416098,0.473,0.149,8.69186583667163e-112,"0","RFC2"
3.84940649932032e-116,0.760998219187088,0.626,0.251,8.85863917688585e-112,"0","ADIPOR2"
3.98271236962182e-116,0.65553028835579,0.603,0.229,9.1654159762107e-112,"0","RNASEH2A"
3.99305875611236e-116,0.628438873473356,0.961,0.591,9.18922611544137e-112,"0","RP11-122C9.1"
4.52765542484578e-116,0.581745309011205,0.759,0.339,1.04194934291976e-111,"0","HAT1"
4.58935443034225e-116,0.664423065127367,0.504,0.159,1.05614813505466e-111,"0","E2F2"
5.48462194140238e-116,0.659914213484551,0.604,0.232,1.26217604737493e-111,"0","CDCA7L"
6.51404635080165e-116,0.629220612837626,0.747,0.334,1.49907748670998e-111,"0","PFDN1"
6.62919955816299e-116,0.988067832972894,0.468,0.148,1.52557769432005e-111,"0","CIAPIN1"
7.35663313315048e-116,0.779566097953913,0.563,0.208,1.69298198293192e-111,"0","CDKN2AIPNL"
7.63936218869179e-116,0.866562228089482,0.516,0.178,1.75804642048364e-111,"0","LPCAT3"
1.50877402059276e-115,0.618620511402425,0.598,0.229,3.47214165359011e-111,"0","RP11-212P7.1"
1.66413033814526e-115,0.816535130397391,0.541,0.193,3.82966314717369e-111,"0","TMEM138"
1.98093000236795e-115,0.624036798141003,0.872,0.465,4.55871421444937e-111,"0","CCDC59"
2.47903042610323e-115,0.521922813360228,0.786,0.369,5.70499271959136e-111,"0","METTL5"
3.60944619177628e-115,1.04352531784645,0.508,0.177,8.30641852113474e-111,"0","RAD1"
4.09165682708991e-115,0.53407810768162,0.809,0.38,9.416129856182e-111,"0","MOB3A"
4.83999051239587e-115,0.959301897462812,0.486,0.156,1.11382701661766e-110,"0","CREG1"
4.9697538121824e-115,0.618075971650585,0.731,0.327,1.14368944479754e-110,"0","ATP13A3"
5.0833834070824e-115,0.598119341551588,0.581,0.216,1.16983902347187e-110,"0","CASP2"
7.2744181547832e-115,0.665029127130844,0.721,0.319,1.67406184996026e-110,"0","LSM1"
8.94304768582716e-115,0.580989661024972,0.79,0.366,2.0580635639394e-110,"0","USP10"
9.48265727194026e-115,0.567263140745637,0.757,0.339,2.18224391799161e-110,"0","RTCB"
1.00128988794539e-114,0.722606454586512,0.525,0.181,2.30426841912872e-110,"0","TMEM41A"
1.31064038175795e-114,0.636300410124544,0.593,0.224,3.01617671053957e-110,"0","TP53"
1.4492023663955e-114,0.589039698455278,0.833,0.421,3.33504940578596e-110,"0","TOMM20"
1.4492906340254e-114,0.564590758700099,0.649,0.262,3.33525253608266e-110,"0","PAFAH1B2"
1.50999683307872e-114,0.599136516513949,0.969,0.703,3.47495571196406e-110,"0","POMP"
1.83492696615727e-114,0.572668843285576,0.821,0.408,4.22271742721772e-110,"0","EIF3M"
2.20541426510022e-114,0.573975039408071,0.655,0.263,5.07531984827513e-110,"0","FCF1"
2.58515374126732e-114,0.684717787956292,0.96,0.69,5.94921430477849e-110,"0","RP5-1052M9.1"
2.68441404947777e-114,0.805297331730048,0.569,0.21,6.1776420520632e-110,"0","NMD3"
2.69867360550736e-114,0.587261997025999,0.982,0.75,6.2104575683541e-110,"0","RP11-742N3.1"
2.72236189899746e-114,0.609777023207938,0.81,0.38,6.26497143816285e-110,"0","PRPF19"
2.98741111014982e-114,0.577293880346222,0.588,0.22,6.87492918778778e-110,"0","NTMT1"
3.01521929409542e-114,0.652373932711908,0.849,0.43,6.93892416150179e-110,"0","PCNP"
3.22004690153014e-114,0.614017060619546,0.654,0.268,7.41029393449131e-110,"0","XPO6"
3.74742039645406e-114,0.599093835491051,0.881,0.452,8.62393855835973e-110,"0","SUPT4H1"
3.74964159746825e-114,0.748811301892322,0.615,0.241,8.62905020825368e-110,"0","CLPP"
3.75982609333306e-114,0.63523979534116,0.754,0.341,8.65248778858737e-110,"0","SF3B14"
3.76813474121149e-114,0.542162691990607,0.682,0.291,8.67160847995e-110,"0","KPNA6"
4.30233359143955e-114,0.689838587132368,0.76,0.353,9.90096029397984e-110,"0","MAGOH"
4.75338585403562e-114,0.747503543695969,0.558,0.202,1.09389668658922e-109,"0","TERF1"
5.90150093459097e-114,0.937044710796306,0.418,0.119,1.35811241007742e-109,"0","ORC5"
7.10204929559511e-114,0.466745929215027,0.63,0.248,1.6343946043953e-109,"0","RAB5C"
7.56587361467114e-114,0.5157238318182,0.622,0.246,1.74113449494427e-109,"0","COPS7B"
7.81760699223087e-114,0.702298893649591,0.485,0.156,1.79906589712209e-109,"0","LSM7"
8.47733880895537e-114,0.738604731264598,0.561,0.206,1.9508899801049e-109,"0","DCTN5"
8.57740480339187e-114,0.555770501108455,0.895,0.48,1.97391816740457e-109,"0","CTDNEP1"
9.02464420669957e-114,0.905122391036346,0.478,0.156,2.07684137128777e-109,"0","PDRG1"
9.82173139977732e-114,0.698942620427421,0.598,0.234,2.26027504703075e-109,"0","GPX4"
1.03531856958758e-113,1.1485188971116,0.427,0.128,2.3825786241919e-109,"0","PHF5A"
1.09944034270588e-113,0.733541616407062,0.557,0.201,2.53014206066905e-109,"0","ATP6V1C1"
1.18879841727316e-113,0.748820665888217,0.561,0.21,2.73578179767072e-109,"0","COX15"
1.37711567128458e-113,0.920617677362668,0.533,0.195,3.16915629432721e-109,"0","IMPA1"
1.597629941635e-113,0.607646779139853,0.648,0.266,3.67662578468464e-109,"0","MRPL36"
1.76138438275164e-113,0.654665692388984,0.787,0.38,4.05347388002634e-109,"0","SVIP"
1.83157940738225e-113,0.57673711109003,0.616,0.245,4.21501369020878e-109,"0","MFNG"
2.42309320460197e-113,1.12947758002884,0.407,0.112,5.57626439175052e-109,"0","FIGNL1"
2.43440108149009e-113,0.610335488886262,0.569,0.214,5.60228720883314e-109,"0","BAK1"
2.43745209180722e-113,0.623059883039194,0.689,0.292,5.60930849887596e-109,"0","TMSB4XP4"
2.4543959384087e-113,0.729875660703066,0.516,0.177,5.64830137305995e-109,"0","MRPS30"
3.29994415941043e-113,0.670947221951937,0.639,0.257,7.59416149405123e-109,"0","MCCC2"
3.4969505646405e-113,0.664134825217978,0.579,0.217,8.04753233440719e-109,"0","HIATL1"
4.03025727754952e-113,0.979472395000035,0.444,0.136,9.27483107282471e-109,"0","ILKAP"
4.17162764990075e-113,0.527344333227084,0.939,0.54,9.60016671071659e-109,"0","RP11-408P14.1"
4.27542555191268e-113,0.916018341732132,0.447,0.138,9.83903682261665e-109,"0","UBIAD1"
4.4052758829764e-113,0.623381207608296,0.882,0.499,1.01378613894936e-108,"0","RWDD1"
4.89930391317955e-113,0.637500369704169,0.936,0.629,1.12747680954001e-108,"0","PSMB2"
4.91915513721551e-113,1.04544063369783,0.457,0.145,1.1320451717274e-108,"0","MRPL17"
5.0031096097426e-113,1.26196695428737,0.334,0.073,1.15136561449006e-108,"0","UBXN8"
5.19460668359824e-113,0.591487776804451,0.827,0.415,1.19543483609646e-108,"0","NDUFA5"
5.89237660938974e-113,0.606381003946787,0.686,0.291,1.35601262911886e-108,"0","SLMO2"
6.8185121425459e-113,0.616820155746281,0.645,0.268,1.56914419936409e-108,"0","TOR1A"
6.822741172991e-113,0.646971612856811,0.571,0.212,1.57011742614042e-108,"0","SIKE1"
7.16394025698603e-113,1.02551573765048,0.424,0.123,1.64863757134019e-108,"0","VARS"
7.54056857640768e-113,0.611343907521776,0.896,0.501,1.7353110464887e-108,"0","COX7B"
8.99697802399871e-113,0.517208500455214,0.885,0.452,2.07047455266282e-108,"0","ARL6IP5"
9.67456231077444e-113,0.671351731923298,0.659,0.274,2.22640702457852e-108,"0","RAP1B"
1.16628079478339e-112,0.979851418828116,0.423,0.125,2.68396199303502e-108,"0","TIMM22"
1.28167666064936e-112,1.17597909196029,0.408,0.113,2.94952249915237e-108,"0","C9orf41"
1.43253986591246e-112,0.988804788711202,0.503,0.169,3.29670399342435e-108,"0","PLK4"
1.47056776849739e-112,1.22795654579196,0.41,0.117,3.38421760564304e-108,"0","BAG2"
1.51192358091302e-112,0.475289883274576,0.814,0.391,3.47938973675514e-108,"0","IMP4"
1.55653958950596e-112,1.02948705931984,0.468,0.153,3.58206455733006e-108,"0","PPP2R1B"
1.5599378417433e-112,0.651694618029162,0.551,0.201,3.58988495520385e-108,"0","GOLT1B"
1.8120649119153e-112,1.01394747937137,0.411,0.116,4.17010498179068e-108,"0","FGFR1OP"
1.86875191004154e-112,0.6035951538851,0.805,0.395,4.30055877057859e-108,"0","EID1"
1.92124954877793e-112,0.626157976404787,0.69,0.301,4.42137158660266e-108,"0","LSMD1"
2.04306686576062e-112,0.678233722907016,0.763,0.357,4.70170977817491e-108,"0","TOP2A"
2.6421124413696e-112,0.619427486780597,0.903,0.534,6.08029336132385e-108,"0","ACO2"
2.6644931779065e-112,0.956681810389751,0.435,0.13,6.13179815031622e-108,"0","SHMT1"
3.403901186275e-112,0.617759651003896,0.867,0.469,7.83339779997466e-108,"0","WBP11"
3.45551776639566e-112,0.406663389527578,1,0.977,7.95218303580633e-108,"0","RPL37A"
3.60002860792058e-112,0.559020015305248,0.847,0.432,8.28474583540764e-108,"0","DNAJC8"
3.8383185987594e-112,0.935336868787209,0.445,0.136,8.833122591325e-108,"0","SLC25A33"
5.9886102824868e-112,1.25399480980005,0.392,0.107,1.37815888430869e-107,"0","C12orf5"
7.74689835169741e-112,0.683284323302025,0.76,0.353,1.78279371767613e-107,"0","CELF1"
8.0167740487588e-112,0.289672030343631,0.754,0.327,1.84490021184086e-107,"0","MT2A"
8.28037959008712e-112,0.575240212555658,0.659,0.274,1.90556375506675e-107,"0","ATP6V1B2"
8.56612547956385e-112,0.617707195846317,0.741,0.343,1.97132245661203e-107,"0","PSMB5"
9.39507678246009e-112,0.929714974416147,0.495,0.168,2.16208901994754e-107,"0","MAGOHB"
1.1223837051562e-111,0.53774290066342,0.719,0.316,2.58294162067596e-107,"0","COA3"
1.14479184977062e-111,0.419824875985037,0.741,0.328,2.63450948387713e-107,"0","TMED3"
1.36982028166904e-111,0.885283526715389,0.546,0.197,3.15236741420495e-107,"0","NUDCD1"
1.54602572491102e-111,0.771670904256783,0.487,0.159,3.55786900073774e-107,"0","DNAJA3"
1.58989008357513e-111,0.421641117733902,1,0.988,3.65881404933144e-107,"0","RPS29"
1.77765736027561e-111,0.53479624716801,0.651,0.268,4.09092288320226e-107,"0","ASCC3"
2.07269160248535e-111,0.963879818737487,0.474,0.156,4.76988518479954e-107,"0","SNHG15"
2.19815335550871e-111,0.595858981962443,0.93,0.558,5.0586103170322e-107,"0","NOL7"
2.47937234981968e-111,0.994134485126565,0.486,0.165,5.70577958864002e-107,"0","CENPQ"
2.67647944318777e-111,1.08858732975315,0.424,0.125,6.15938214260802e-107,"0","CDK8"
2.78403131669819e-111,0.538190503134606,0.833,0.411,6.40689126911754e-107,"0","C6orf48"
3.04962202081252e-111,0.929517645486624,0.454,0.144,7.01809515649584e-107,"0","GEMIN6"
3.06889485015518e-111,0.64145494709393,0.921,0.559,7.06244771866212e-107,"0","PTGES3"
3.16713232338878e-111,0.709837788816676,0.579,0.223,7.28852161581459e-107,"0","MED6"
3.23520124898351e-111,0.55441874619175,0.947,0.573,7.44516863428576e-107,"0","U2SURP"
3.43502806652935e-111,0.622470415091314,0.593,0.226,7.905030089504e-107,"0","EIF2B1"
3.46565232321676e-111,0.644072607566745,0.901,0.526,7.97550569141872e-107,"0","CNBP"
3.74741926184991e-111,0.702797624999599,0.492,0.166,8.6239359472952e-107,"0","CHERP"
3.84328401726835e-111,0.560287554601904,0.646,0.269,8.84454950893966e-107,"0","MCRS1"
4.06036611065533e-111,0.637505545369259,0.938,0.606,9.34412053045111e-107,"0","HNRNPR"
4.30442211302306e-111,0.562666410820936,0.812,0.383,9.90576660869997e-107,"0","SMARCC1"
4.36159221681553e-111,0.502140895989035,0.893,0.457,1.00373321685576e-106,"0","EZH2"
4.50729450225742e-111,0.614324580670646,0.583,0.226,1.0372636838045e-106,"0","DLAT"
4.72850641200592e-111,1.15282321065222,0.395,0.11,1.08817118059492e-106,"0","SSBP4"
4.92399776202455e-111,0.836902834374779,0.537,0.198,1.13315960497471e-106,"0","DLD"
5.68968904941846e-111,0.717191885058757,0.464,0.145,1.30936814094267e-106,"0","RP11-592N21.1"
6.01984355870284e-111,0.706559735045852,0.511,0.176,1.38534659816429e-106,"0","C12orf43"
6.46780106806658e-111,1.05033515102709,0.443,0.138,1.48843505979416e-106,"0","BTG3"
8.20131122568346e-111,1.36821876182396,0.373,0.1,1.88736775236654e-106,"0","SGMS1"
8.87911970999091e-111,0.829690616474926,0.526,0.189,2.04335181886021e-106,"0","PGM2"
9.46975030547431e-111,0.44397551452503,0.472,0.147,2.1792736377988e-106,"0","SCAP"
1.07838795019839e-110,0.403364079456685,0.774,0.365,2.48169418979156e-106,"0","SNORA76"
1.22755689359525e-110,0.884632276109715,0.506,0.175,2.82497667923076e-106,"0","CAD"
1.23037165234236e-110,1.14183155179137,0.405,0.117,2.83145428353548e-106,"0","XRCC2"
1.26767259383119e-110,0.479885882350048,0.765,0.353,2.91729494018371e-106,"0","NDUFS1"
1.35391285424876e-110,0.64732870875606,0.899,0.53,3.11575965148268e-106,"0","CD47"
1.58400546832914e-110,0.450741199862725,0.716,0.307,3.64527178426585e-106,"0","AP2S1"
1.75654239517782e-110,0.730888297702574,0.513,0.178,4.04233101402271e-106,"0","NCBP1"
2.17215790352268e-110,0.83816100497724,0.505,0.175,4.99878698337673e-106,"0","C16orf80"
2.41272347260545e-110,0.577277428729811,0.825,0.415,5.55240052750693e-106,"0","DSTN"
2.93447581173674e-110,0.543596601576698,0.993,0.809,6.75310918554976e-106,"0","HLA-DRB1"
3.16146907940731e-110,0.544223898512881,0.981,0.641,7.27548879244003e-106,"0","HMGB2"
3.53950006291201e-110,0.595795841573629,0.874,0.488,8.14545149477941e-106,"0","RSL24D1"
4.22066962153534e-110,0.632227255803888,0.627,0.255,9.71302700003927e-106,"0","FTH1P10"
4.42595524121329e-110,0.419656110474118,1,0.966,1.01854507966042e-105,"0","RPL32"
4.53327732675085e-110,0.619758695355531,0.679,0.281,1.04324311120517e-105,"0","CAND1"
5.56206147381954e-110,0.694161619980899,0.591,0.231,1.27999720697009e-105,"0","MRPS11"
5.64312747338345e-110,0.639778175809386,0.635,0.262,1.29865292544973e-105,"0","OAT"
5.89462079292951e-110,0.483351799805276,0.767,0.349,1.35652908307687e-105,"0","BAZ1A"
6.67357665190157e-110,0.415215687792033,0.936,0.497,1.53579019490211e-105,"0","MKI67"
6.69766010896039e-110,0.773617933789887,0.437,0.131,1.54133252087505e-105,"0","MRGBP"
6.72160409740579e-110,0.642677484181712,0.561,0.212,1.54684275093599e-105,"0","CCDC124"
7.58107623787539e-110,1.46314686308764,0.401,0.118,1.74463307462226e-105,"0","UHRF1"
8.180982105546e-110,0.664752005131994,0.745,0.349,1.8826894119493e-105,"0","DPM1"
8.23932315145273e-110,0.616586369987506,0.921,0.551,1.89611543684382e-105,"0","ATP5G1"
8.48240897602698e-110,0.882031934613892,0.444,0.136,1.95205677765309e-105,"0","MASTL"
8.96365328794041e-110,1.06601503709947,0.399,0.114,2.06280553115373e-105,"0","PECR"
8.98481369991169e-110,0.64755021934537,0.573,0.219,2.06767517676068e-105,"0","ABT1"
1.10350110697957e-109,0.578632267342201,0.98,0.689,2.53948709749208e-105,"0","NUCKS1"
1.38665355630003e-109,1.35381246566408,0.373,0.099,3.19110582911325e-105,"0","DSCC1"
1.39888263302537e-109,0.494735725499548,0.757,0.344,3.21924860338129e-105,"0","SMC1A"
1.42809976189224e-109,0.541806884115222,0.806,0.392,3.28648598204261e-105,"0","FAM96A"
1.50480935169585e-109,0.709272243189341,0.51,0.178,3.46301776105766e-105,"0","MESDC1"
1.54870092909494e-109,0.653433142149987,0.636,0.261,3.56402544812619e-105,"0","MOCS2"
1.63975604014816e-109,0.758273537713784,0.614,0.247,3.77357057519297e-105,"0","PPID"
1.97111645975419e-109,0.560221792328733,0.67,0.285,4.53613030883232e-105,"0","TSN"
2.01719084954235e-109,0.689911451242793,0.685,0.294,4.64216130205182e-105,"0","HAUS1"
2.13172554167324e-109,0.488615548655801,0.76,0.349,4.90573998905262e-105,"0","AIMP1"
2.18677821615155e-109,0.582286891181922,0.783,0.351,5.03243270882956e-105,"0","RP11-51O6.1"
2.54546824498346e-109,0.926565896906709,0.45,0.144,5.85788607218045e-105,"0","REXO4"
2.54741853680208e-109,0.623851063457022,0.582,0.229,5.86237427874263e-105,"0","ASUN"
2.80150738992164e-109,0.523233392855484,0.939,0.564,6.44710895642668e-105,"0","ADRBK1"
2.86470959074288e-109,0.650928642129028,0.842,0.456,6.59255618117658e-105,"0","PSMA1"
3.01613699927469e-109,0.552108944248977,0.797,0.385,6.94103607643083e-105,"0","SDAD1"
3.08882538688828e-109,0.642916531641112,0.592,0.23,7.108313862846e-105,"0","TRMT6"
3.22839266173267e-109,0.508691604314323,0.648,0.263,7.42950003244539e-105,"0","NACC1"
3.70287876156288e-109,0.571782067378673,0.96,0.633,8.52143489398465e-105,"0","NDUFS6"
4.03293876858416e-109,0.541776526423822,0.771,0.357,9.28100198814272e-105,"0","CCNK"
4.31351029056563e-109,1.01480927914729,0.472,0.16,9.92668123167869e-105,"0","COMMD8"
5.33570629780848e-109,0.651047797383267,0.898,0.541,1.22790609031467e-104,"0","PSMA3"
5.52268878709737e-109,0.95239399846155,0.459,0.149,1.27093637057472e-104,"0","KCTD9"
6.2011426950564e-109,0.572927221272233,0.677,0.294,1.42706896841333e-104,"0","RNF7"
6.72768695580368e-109,0.55515184249041,0.736,0.33,1.5482425991391e-104,"0","EI24"
6.72893718379957e-109,1.06591765058393,0.411,0.121,1.54853031410779e-104,"0","RBFA"
6.7964906082459e-109,0.898015590268862,0.494,0.169,1.56407638367563e-104,"0","HUS1"
7.43453025644169e-109,1.33578535816412,0.385,0.106,1.71090844791493e-104,"0","MTFR2"
7.72502092047023e-109,0.570382316583716,0.861,0.443,1.77775906442781e-104,"0","TACC1"
8.26392860519293e-109,0.586499045975005,0.656,0.276,1.90177788991305e-104,"0","SPAG7"
1.31255866519341e-108,0.530489335261792,0.531,0.191,3.0205912562096e-104,"0","L3MBTL2"
1.33019071268374e-108,0.532257186796689,0.74,0.34,3.0611678870991e-104,"0","PPP2R5E"
1.37135174485394e-108,0.66294025852375,0.498,0.171,3.15589177043237e-104,"0","CHUK"
1.493099686059e-108,0.499474607292018,0.835,0.407,3.43607030752758e-104,"0","CD48"
1.62762082137736e-108,0.633308033324226,0.917,0.521,3.74564379623572e-104,"0","UQCR10"
1.70883377086964e-108,1.51331514252673,0.361,0.093,3.93253915690231e-104,"0","BYSL"
1.84978620625708e-108,0.56924899905508,0.842,0.461,4.25691299645942e-104,"0","HIST1H4C"
1.85045120694465e-108,0.835286913050093,0.513,0.181,4.25844336254173e-104,"0","MTAP"
1.96636161018094e-108,0.462689627691002,0.672,0.282,4.5251879735094e-104,"0","SNF8"
2.10659100966496e-108,0.627525990773371,0.871,0.486,4.84789789054197e-104,"0","C1orf43"
2.37664046564651e-108,0.467605199342706,0.782,0.368,5.46936270359231e-104,"0","SPTBN1"
2.38009253938491e-108,0.602571972358034,0.594,0.23,5.47730696088649e-104,"0","UQCC2"
2.44399636828254e-108,0.710059635286857,0.532,0.194,5.62436884232862e-104,"0","CCP110"
2.74894583601428e-108,0.592711105464924,0.559,0.21,6.32614905241966e-104,"0","DCP2"
2.8399892092427e-108,0.55500622982275,0.713,0.316,6.53566716723023e-104,"0","CLNS1A"
2.87656431487675e-108,0.522802057129796,0.849,0.419,6.61983745782587e-104,"0","NONO"
2.95394076167249e-108,0.561424378156723,0.906,0.519,6.7979038748369e-104,"0","U2AF1"
3.01499432785529e-108,0.771436717916733,0.493,0.168,6.93840644669339e-104,"0","C9orf114"
3.54144124392672e-108,0.544915982899251,0.69,0.305,8.14991873464855e-104,"0","TMEM87A"
3.91890438769889e-108,0.627847049293261,0.64,0.269,9.01857466741146e-104,"0","RBM12"
4.10178569217722e-108,0.845993802834401,0.488,0.167,9.43943941340743e-104,"0","FAM120AOS"
4.12364471734516e-108,0.880535148902753,0.448,0.143,9.48974358802642e-104,"0","SENP3"
4.13068029118811e-108,0.665509619659734,0.528,0.192,9.50593455411119e-104,"0","NCAPD3"
4.32542739373647e-108,0.544710645375076,0.756,0.348,9.95410606120574e-104,"0","DGUOK"
4.6775006101474e-108,0.648925011990264,0.612,0.253,1.07643321541322e-103,"0","MRPL32"
4.68814083581853e-108,0.493029532464263,0.887,0.47,1.07888185054692e-103,"0","PSMC3"
4.83239533641841e-108,0.58462649545818,0.603,0.233,1.11207913876997e-103,"0","SPTSSA"
5.84004532582476e-108,0.586024963255008,0.71,0.321,1.34396963083205e-103,"0","AASDHPPT"
5.87256067029561e-108,0.608790956852771,0.742,0.353,1.35145238705513e-103,"0","LAP3"
6.29277521797426e-108,0.99186666899385,0.433,0.135,1.44815636091242e-103,"0","SMIM4"
7.10981072739511e-108,0.561537133608532,0.612,0.243,1.63618074269544e-103,"0","COX14"
7.16193413531089e-108,0.587593881073702,0.717,0.318,1.64817590255909e-103,"0","CDC27"
7.56900678563991e-108,0.882594230225635,0.541,0.203,1.74185553157931e-103,"0","ACAA2"
9.4391679965847e-108,0.584809852817141,0.825,0.414,2.17223573105404e-103,"0","PPP1CB"
9.4622907175952e-108,0.502838116526849,0.872,0.467,2.17755696284018e-103,"0","CBX6"
9.55325533209061e-108,0.627857905952079,0.555,0.208,2.19849064957401e-103,"0","ITGAE"
1.35969257476694e-107,0.57040902701114,0.628,0.255,3.12906052231117e-103,"0","GTF2H3"
1.45564725198311e-107,0.512154084160115,0.886,0.49,3.34988102098874e-103,"0","PSMF1"
1.63951152259697e-107,0.596223320678232,0.57,0.219,3.77300786695241e-103,"0","SLC30A9"
1.92272063655486e-107,0.478276841756086,0.737,0.328,4.4247570009037e-103,"0","NBN"
2.57925152665514e-107,0.585950451673201,0.921,0.526,5.93563153829148e-103,"0","M6PR"
2.65213247459771e-107,0.735754811980952,0.664,0.289,6.1033524637917e-103,"0","CDK12"
2.68271358587864e-107,0.643386158560882,0.914,0.571,6.17372877518251e-103,"0","EIF4H"
2.75241585631749e-107,0.581236237527746,0.614,0.247,6.33413461014345e-103,"0","LEPROTL1"
2.84759294270539e-107,0.612822362701708,0.588,0.23,6.55316563904791e-103,"0","RFWD3"
2.90407139744032e-107,0.642559961672024,0.864,0.462,6.68313950692941e-103,"0","NDUFA12"
3.25245840626251e-107,0.51873679023368,0.628,0.255,7.48488253033191e-103,"0","RIF1"
3.42430014428175e-107,1.35596681965264,0.352,0.089,7.88034192203559e-103,"0","FAM216A"
3.61825905451425e-107,0.607496840319598,0.67,0.292,8.32669956215364e-103,"0","AMZ2"
3.65955071631626e-107,0.534855959303481,0.687,0.299,8.42172406345862e-103,"0","RBM27"
3.76288161838787e-107,0.621944800760127,0.959,0.674,8.659519468396e-103,"0","SLC25A3"
3.91902074721345e-107,0.587855422132383,0.9,0.493,9.01884244556232e-103,"0","CWC15"
4.13384189912019e-107,0.522704213856528,0.891,0.492,9.5132103624453e-103,"0","SLC3A2"
4.23135303687528e-107,0.639619219991355,0.925,0.578,9.73761274376109e-103,"0","RBM17"
4.57408493744946e-107,0.685772413408821,0.598,0.241,1.05263416665524e-102,"0","SMNDC1"
4.86491840891343e-107,0.427110296355283,0.729,0.321,1.11956367344325e-102,"0","EXOSC10"
5.77167700386949e-107,0.470347802986083,0.812,0.4,1.32823602890049e-102,"0","COPS6"
5.84602829427114e-107,0.486506608555317,0.992,0.87,1.34534649136062e-102,"0","RPL7A"
7.79443047734832e-107,0.497917275314512,0.717,0.321,1.79373228575217e-102,"0","LARP4"
1.00967103171891e-106,0.422609369068269,0.619,0.244,2.32355594529473e-102,"0","SLC39A8"
1.03826899072758e-106,0.648683512140586,0.767,0.37,2.38936842836137e-102,"0","ETFA"
1.09669239135509e-106,0.777153081211547,0.402,0.116,2.52381820022546e-102,"0","DDX49"
1.16969765422378e-106,0.539144503602282,0.432,0.132,2.69182521166519e-102,"0","RRN3"
1.217197779617e-106,0.503836342031372,0.643,0.27,2.80113725023259e-102,"0","AATF"
1.23768326008399e-106,0.619838881981487,0.962,0.683,2.84828048643129e-102,"0","SFPQ"
1.38567030974055e-106,0.895522823626996,0.45,0.146,3.18884308380594e-102,"0","HADH"
1.41152669999303e-106,0.545673322724383,0.715,0.319,3.24834639469395e-102,"0","RP11-641D5.1"
1.41546580951622e-106,0.704864121987975,0.532,0.197,3.25741146743968e-102,"0","PAG1"
1.72382010907745e-106,1.04258763634177,0.298,0.06,3.96702721701994e-102,"0","SLC39A3"
2.07986560632579e-106,0.566292721451254,0.595,0.236,4.78639471983755e-102,"0","PPP2R4"
2.09389911300503e-106,0.705636325888215,0.505,0.176,4.81869002875848e-102,"0","DCK"
2.18797516093528e-106,0.601412738914433,0.5,0.17,5.03518723786035e-102,"0","EMC1"
2.22121977935106e-106,0.468520395522324,0.632,0.257,5.1116930782206e-102,"0","ZDHHC6"
2.27477658745995e-106,0.461328392952024,0.708,0.304,5.23494336072159e-102,"0","ATG12"
2.42574998252382e-106,0.499874312579053,0.862,0.471,5.58237843478206e-102,"0","FUBP1"
2.51936191761411e-106,0.564270443760756,0.524,0.186,5.79780758100535e-102,"0","RP11-108B14.4"
2.6824683327303e-106,0.444611249464573,0.787,0.371,6.17316437411225e-102,"0","ERO1L"
2.8177199711161e-106,0.384890509652742,0.715,0.314,6.48441896952948e-102,"0","SMARCA4"
2.84463215903966e-106,0.806691803146158,0.531,0.192,6.54635198759797e-102,"0","SNRPEP4"
2.84728386294402e-106,0.668821772421025,0.556,0.211,6.55245435379306e-102,"0","MFN2"
3.55948331934745e-106,0.561603766939323,0.607,0.246,8.19143896281429e-102,"0","SKIV2L2"
4.17092035719884e-106,0.482183867070216,0.726,0.329,9.59853901802169e-102,"0","APEH"
4.55034345551033e-106,0.558740465113662,0.597,0.236,1.04717053941659e-101,"0","MTRF1L"
4.95954942856235e-106,0.426377730689511,0.722,0.321,1.14134110999505e-101,"0","NDUFAF3"
5.34380258950947e-106,0.815170631578815,0.545,0.204,1.22976928992381e-101,"0","RNF138"
6.17763669401787e-106,0.723308432109907,0.532,0.198,1.42165953239433e-101,"0","COMMD2"
6.39370410473007e-106,0.464772393922454,0.706,0.317,1.47138312562153e-101,"0","ATP5D"
6.43260505847047e-106,0.509421427481897,0.698,0.303,1.48033540210581e-101,"0","OGDH"
6.64619790134041e-106,0.627290596578121,0.976,0.652,1.52948952303547e-101,"0","LAPTM5"
6.67803462988147e-106,0.413773977758946,0.667,0.282,1.53681610937462e-101,"0","EMC3"
7.01499239116936e-106,0.491202448114564,0.75,0.351,1.6143601989798e-101,"0","RSRC1"
7.08645483763946e-106,0.463222613862402,0.698,0.305,1.63080585178597e-101,"0","XPO7"
7.7428658817122e-106,0.527593193217914,0.807,0.407,1.78186572535843e-101,"0","PTEN"
9.07069412540033e-106,0.854791053790659,0.378,0.102,2.08743883907838e-101,"0","TRMU"
1.05240978149081e-105,0.480557653740961,0.648,0.27,2.42191063014479e-101,"0","PICALM"
1.07928303162627e-105,0.73001618435611,0.662,0.29,2.48375404068153e-101,"0","C1D"
1.3516789789778e-105,0.882839607901904,0.436,0.137,3.11061883432161e-101,"0","KIF15"
1.48908705536675e-105,0.487605775910817,0.771,0.356,3.42683604051551e-101,"0","FAM49B"
1.52042575694764e-105,0.504889645184343,0.675,0.293,3.49895579446361e-101,"0","ARIH2"
1.54109737055698e-105,0.61108262058888,0.503,0.177,3.54652737886278e-101,"0","MYCBP"
1.61308501678338e-105,0.593039212172275,0.567,0.219,3.7121925491236e-101,"0","GDE1"
1.69736897208013e-105,0.522452976225563,0.932,0.568,3.906155215448e-101,"0","ATP6V0B"
1.69997559540346e-105,0.624146986806071,0.557,0.214,3.91215383770197e-101,"0","CUL2"
1.76843497978641e-105,0.42629397293615,0.661,0.275,4.06969941898246e-101,"0","LAT2"
1.8224523929272e-105,0.874434173687308,0.427,0.132,4.19400969184336e-101,"0","ATL2"
2.04695131242194e-105,0.660813304343873,0.559,0.21,4.7106490552766e-101,"0","MCM8"
2.17807380484839e-105,0.467286152416728,0.616,0.244,5.01240124709759e-101,"0","ASPM"
2.45107975109717e-105,0.584161391966628,0.785,0.386,5.64066983119991e-101,"0","MDM2"
2.79022708728802e-105,0.862867076317797,0.392,0.112,6.42114959597592e-101,"0","GPR65"
2.9079121505859e-105,0.562405568776563,0.589,0.236,6.69197823214334e-101,"0","UBAP2"
3.38473924251654e-105,0.473438529925322,0.623,0.254,7.7893004188033e-101,"0","YTHDF1"
3.41729978616933e-105,0.538616600006405,0.879,0.462,7.86423199791147e-101,"0","UBE2I"
4.25168174672701e-105,0.64662547640596,0.575,0.222,9.78439520374288e-101,"0","NUP153"
4.62554694088517e-105,1.00091117752796,0.408,0.122,1.0644771175059e-100,"0","PGM1"
4.74176676454604e-105,0.46233648423294,0.686,0.294,1.09122278552498e-100,"0","RIC8A"
5.06713520337054e-105,0.802682736964215,0.515,0.189,1.16609982435166e-100,"0","SLC12A2"
5.18185901476614e-105,0.832053549030715,0.489,0.17,1.19250121506813e-100,"0","DTL"
5.30323690219598e-105,0.622548971282749,0.63,0.265,1.22043390830236e-100,"0","UBAC1"
5.42906028715762e-105,0.873478648583075,0.398,0.115,1.24938964388358e-100,"0","RACGAP1"
5.53202290836223e-105,1.67541700049379,0.264,0.045,1.2730844319014e-100,"0","COX20P1"
5.8335857548585e-105,0.446019444915552,0.678,0.296,1.34248308976559e-100,"0","UBQLN1"
6.11977001890192e-105,0.395322469857404,0.738,0.332,1.4083426744499e-100,"0","TAF15"
7.37984901768529e-105,0.499377254621469,0.562,0.213,1.69832465443992e-100,"0","SLC31A1"
7.45743347662853e-105,0.69895910338659,0.596,0.241,1.71617916597652e-100,"0","HSDL2"
9.91439298932395e-105,0.917563860589543,0.508,0.182,2.28159925863312e-100,"0","POLR1E"
1.15692939069818e-104,0.613952881162336,0.707,0.316,2.66244160681372e-100,"0","DCTD"
1.19696274084559e-104,0.52567076508094,0.79,0.381,2.75457035550796e-100,"0","FAM96B"
1.19745843977451e-104,0.573519081744952,0.862,0.442,2.75571110745309e-100,"0","UBE2A"
1.30665499947948e-104,0.510550647907946,0.823,0.423,3.00700515030212e-100,"0","TARS"
1.45238969845635e-104,1.09099156936973,0.415,0.128,3.34238441305761e-100,"0","NUP93"
1.46996573354939e-104,0.394407200584837,0.541,0.196,3.3828321426172e-100,"0","DDX41"
1.51482353676769e-104,0.9191005548188,0.402,0.121,3.48606340516348e-100,"0","RNF26"
1.52637445693742e-104,0.609167077688963,0.71,0.323,3.51264553775008e-100,"0","ACSL4"
1.65171185155186e-104,0.573744061341122,0.767,0.365,3.8010844839763e-100,"0","AP3S1"
1.69790887965893e-104,0.429973616474946,0.659,0.281,3.9073977047591e-100,"0","MRPS27"
1.72796197968458e-104,0.53436694475442,0.57,0.22,3.97655890384813e-100,"0","NELFCD"
1.77551366472135e-104,0.579398732420102,0.594,0.234,4.08598959662325e-100,"0","BRCA1"
1.82225822521851e-104,0.562953166300686,0.737,0.335,4.19356285369536e-100,"0","DR1"
1.92149484109589e-104,0.45787732587824,0.479,0.158,4.42193607781397e-100,"0","SPSB1"
2.32244747507746e-104,0.565712235989842,0.505,0.182,5.34464837439575e-100,"0","TRAF7"
2.45851616095169e-104,0.990254663320169,0.423,0.134,5.65778324119813e-100,"0","NOM1"
2.67469908878137e-104,0.532667252639077,0.567,0.22,6.15528501301257e-100,"0","TMEM223"
2.84000029155005e-104,0.601255449965404,0.682,0.309,6.53569267094414e-100,"0","IER2"
2.88110318668243e-104,0.990605133657219,0.444,0.145,6.63028276351228e-100,"0","C2orf47"
3.03159891336798e-104,0.512530297981466,0.712,0.317,6.97661857933372e-100,"0","GRSF1"
3.6873152949498e-104,1.38700344177945,0.41,0.127,8.48561868826797e-100,"0","FUT7"
3.82699303518376e-104,0.473860977488205,0.791,0.382,8.8070590718684e-100,"0","WDR82"
3.85865246339775e-104,0.78504351429252,0.399,0.115,8.87991691401725e-100,"0","NETO2"
5.80043952685141e-104,0.576284036933221,0.718,0.317,1.33485514831431e-99,"0","DNAJB6"
6.14586436032378e-104,0.678101352851258,0.461,0.153,1.41434776524131e-99,"0","C12orf4"
6.19898671410666e-104,0.866030308492808,0.447,0.146,1.42657281251736e-99,"0","FOXN2"
7.62723265893359e-104,0.508452225525104,0.737,0.355,1.75525505180039e-99,"0","ZFAND6"
7.64003222869687e-104,0.71947506426445,0.616,0.26,1.75820061679001e-99,"0","SCOC"
8.32890506878021e-104,0.702013104850369,0.575,0.23,1.91673092347839e-99,"0","GABPB1"
8.46198367720584e-104,0.453771197901853,0.692,0.304,1.94735630363538e-99,"0","SBNO1"
8.48044403391915e-104,0.834684469444753,0.466,0.157,1.95160458552581e-99,"0","POLA1"
8.57646573582505e-104,0.749755153315112,0.623,0.267,1.97370205978542e-99,"0","SLC41A1"
9.98755251217908e-104,0.427120429532456,0.771,0.367,2.29843545962777e-99,"0","APH1A"
1.013446990943e-103,0.534520481080542,0.777,0.372,2.33224556025712e-99,"0","AZIN1"
1.1023710212319e-103,0.39493970784315,0.675,0.29,2.53688643116098e-99,"0","ALG8"
1.12328089663437e-103,0.889365639490057,0.467,0.156,2.58500632742468e-99,"0","ZBED2"
1.13219935774086e-103,1.03055285865732,0.409,0.126,2.60553038196904e-99,"0","CCDC85B"
1.15485141064719e-103,0.507437254721811,0.84,0.441,2.65765955132237e-99,"0","NUS1"
1.15572665859704e-103,0.443873345554561,0.598,0.238,2.65967375942937e-99,"0","CNPY2"
1.16093011048498e-103,0.404350936383959,0.644,0.269,2.67164846325909e-99,"0","IMPDH1"
1.16628749888063e-103,0.430580425395173,0.854,0.431,2.683977421174e-99,"0","PPP2R1A"
1.2531671717589e-103,0.512769477648317,0.815,0.406,2.88391361236875e-99,"0","CAB39"
1.25583325379195e-103,0.584726558284222,0.96,0.687,2.89004906695141e-99,"0","ATP5J"
1.63420708348728e-103,0.845519615308318,0.462,0.156,3.76080076122928e-99,"0","KCTD5"
1.85090223656416e-103,0.537683465003377,0.976,0.76,4.25948131700509e-99,"0","EIF2S2"
1.89516681733548e-103,0.890672903994988,0.375,0.102,4.36134739673413e-99,"0","CECR5"
1.99522717272202e-103,0.439732372889923,0.881,0.478,4.59161629258519e-99,"0","ZNF207"
2.14678215426456e-103,0.79504707864464,0.447,0.144,4.94038977160904e-99,"0","RCL1"
2.23046917520722e-103,0.465851857786015,0.62,0.255,5.13297871290438e-99,"0","HTRA2"
2.28251856473922e-103,0.427782704367976,0.788,0.375,5.25275997303436e-99,"0","ECHS1"
2.60616646771214e-103,0.490660837713788,0.61,0.248,5.99757089214595e-99,"0","RBMX2"
2.74647246975595e-103,0.520863508003911,0.599,0.243,6.32045709464936e-99,"0","KIAA1429"
2.82763322347243e-103,0.557514123043905,0.944,0.627,6.50723233717711e-99,"0","TRA2B"
2.8651560441828e-103,0.527177682942791,0.625,0.261,6.59358360447787e-99,"0","LRIF1"
2.98760275666608e-103,0.575826125850719,0.585,0.23,6.87537022391566e-99,"0","HTATIP2"
2.99413252343126e-103,1.47237131981439,0.296,0.062,6.89039717617235e-99,"0","SNORA79"
4.5940923857216e-103,0.373248854892613,0.759,0.362,1.05723848072611e-98,"0","MAP4K1"
5.67405533183422e-103,0.480330537798609,0.885,0.489,1.30577035351501e-98,"0","PSMB7"
6.13786316690289e-103,0.556727960049078,0.933,0.603,1.41250645059936e-98,"0","EIF3K"
6.28342294992154e-103,0.991675885792675,0.379,0.108,1.44600412346544e-98,"0","C17orf75"
8.20018308281723e-103,0.485559158173306,0.732,0.342,1.88710813284873e-98,"0","AC007390.5"
8.20497098682806e-103,0.62283788745413,0.527,0.196,1.88820997319874e-98,"0","TGS1"
9.55372383759232e-103,0.691846633496336,0.431,0.137,2.19859846674512e-98,"0","ZBTB2"
9.68813151060519e-103,0.316764198003027,0.634,0.257,2.22952970453557e-98,"0","EIF2B5"
1.07183992006341e-102,0.552971328510616,0.717,0.331,2.46662520804194e-98,"0","RPL10AP6"
1.12689284007027e-102,0.725748202893614,0.636,0.276,2.59331849285372e-98,"0","TM7SF3"
1.13550741569867e-102,0.519989878252219,0.722,0.331,2.61314321574735e-98,"0","RALA"
1.29711010691166e-102,0.847721031957437,0.615,0.269,2.9850394890358e-98,"0","CD70"
1.36500413409982e-102,0.609170810542382,0.926,0.548,3.14128401380392e-98,"0","HNRNPF"
1.51917450863539e-102,0.775369472842262,0.412,0.126,3.49607629672263e-98,"0","DTD2"
1.54982799930515e-102,0.631596596195127,0.571,0.227,3.56661917480094e-98,"0","DYNC1LI1"
1.70031494017959e-102,0.552634229936582,0.628,0.261,3.9129347718353e-98,"0","RP11-345K20.2"
2.06910426273866e-102,0.763464711002035,0.44,0.144,4.76162963984049e-98,"0","GPS1"
2.11343020447966e-102,0.546414728119878,0.863,0.455,4.86363692956904e-98,"0","RBBP7"
2.16349297967951e-102,0.677205075996313,0.491,0.172,4.97884639413646e-98,"0","RCHY1"
2.18223564708171e-102,0.577403797078181,0.995,0.858,5.02197889462915e-98,"0","CTD-2031P19.4"
2.30862578340388e-102,0.57786152562022,0.998,0.965,5.31284051534736e-98,"0","HSP90B1"
2.31606434880046e-102,1.03868552153067,0.343,0.089,5.3299588858945e-98,"0","DPH2"
2.40302659320628e-102,0.46755427729449,0.84,0.424,5.5300850989456e-98,"0","SRSF6"
2.68242930087258e-102,0.498115577812638,0.853,0.432,6.17307455009807e-98,"0","MTCH1"
2.83121220128759e-102,1.03675879479142,0.403,0.121,6.51546863882313e-98,"0","NLN"
3.20721881176852e-102,0.535308517061653,0.793,0.399,7.38077265152289e-98,"0","PSMD12"
3.44951810012073e-102,0.548155562703995,0.837,0.434,7.93837600380784e-98,"0","AKR1B1"
3.91024391357481e-102,0.621258599512605,0.628,0.262,8.99864431830971e-98,"0","ZNF511"
4.05233592198364e-102,0.65849917979109,0.471,0.16,9.32564065726095e-98,"0","PPP5C"
4.87883292221755e-102,0.705519783010835,0.53,0.2,1.12276582038993e-97,"0","TIMM9"
5.09326893201117e-102,0.588202780125391,0.953,0.657,1.17211397932373e-97,"0","ERH"
5.34519224577074e-102,0.400929730360574,0.834,0.419,1.23008909151922e-97,"0","SLC35B1"
5.48835451014433e-102,0.581163395764217,0.523,0.192,1.26303502341952e-97,"0","LSM10"
5.87201516564636e-102,0.788233991475577,0.473,0.164,1.3513268500702e-97,"0","LRRCC1"
6.28734845766533e-102,0.512083293635702,0.668,0.293,1.44690750056252e-97,"0","ATXN10"
7.44111151668772e-102,0.474126918356169,0.803,0.393,1.71242299333534e-97,"0","WTAP"
8.07403246049805e-102,0.723842813028375,0.431,0.136,1.85807709013442e-97,"0","SMIM13"
8.41708422009524e-102,1.183657830717,0.367,0.102,1.93702359157052e-97,"0","IPO11"
8.95186519437648e-102,1.28180086006109,0.334,0.085,2.06009273718186e-97,"0","PRELID1P1"
1.01433874856649e-101,0.362264745966719,0.527,0.191,2.33429776207606e-97,"0","TROAP"
1.04471744783333e-101,0.965133786332436,0.378,0.108,2.40420826269883e-97,"0","WDR18"
1.06269442183924e-101,0.374091241886717,0.631,0.267,2.44557867297864e-97,"0","RP11-372E1.1"
1.14016573257283e-101,0.400378757377304,0.635,0.267,2.62386340036986e-97,"0","ISOC2"
1.21361263718055e-101,1.00059542416358,0.418,0.132,2.7928867619436e-97,"0","TAF1B"
1.2298748228929e-101,0.7342435526275,0.359,0.096,2.83031092992343e-97,"0","ENOSF1"
1.27385033716558e-101,0.37955701315636,0.747,0.353,2.93151178091915e-97,"0","NDUFA11"
1.29616847433274e-101,0.519973415967469,0.709,0.334,2.98287250998194e-97,"0","ADI1"
1.35089755313001e-101,1.33727620498898,0.365,0.101,3.10882053901808e-97,"0","HIST1H2BJ"
1.731533634817e-101,0.582000345880173,0.518,0.191,3.98477835380437e-97,"0","RAP2A"
1.82858188418439e-101,0.716763012855612,0.515,0.192,4.20811549007355e-97,"0","PITHD1"
1.85370257926234e-101,1.21447369512374,0.357,0.097,4.26592574565643e-97,"0","C1orf109"
1.87922137388688e-101,0.515970060148065,0.816,0.414,4.32465214772588e-97,"0","PPP6C"
1.98904277538814e-101,0.549017781727995,0.77,0.381,4.57738413900072e-97,"0","B4GALT1"
2.04425428135753e-101,0.472581151085452,0.906,0.504,4.70444237768807e-97,"0","CCAR1"
2.07231421593256e-101,0.456206922964892,0.655,0.278,4.76901670512561e-97,"0","USP5"
2.18601399444474e-101,1.14140130674769,0.382,0.11,5.03067400541568e-97,"0","C17orf58"
2.47487586921794e-101,0.529447307272593,0.995,0.867,5.69543183783124e-97,"0","MYL6"
2.68761836606019e-101,0.488195808516225,0.769,0.368,6.18501614581431e-97,"0","FAM204A"
2.86686291517556e-101,0.421918883806528,0.863,0.409,6.59751162669351e-97,"0","RHOG"
3.16770197335888e-101,0.700207312095619,0.515,0.19,7.2898325512908e-97,"0","ANKH"
3.55757184761258e-101,1.56298381136386,0.321,0.077,8.18704009291084e-97,"0","C11orf82"
3.62920581890922e-101,1.08469403140777,0.392,0.116,8.35189135105578e-97,"0","AKAP1"
3.95219190339552e-101,0.83992008202318,0.466,0.16,9.09517922728412e-97,"0","TACO1"
4.12486153738246e-101,0.542315491813847,0.657,0.287,9.49254385597826e-97,"0","CSNK2A2"
4.30933431990408e-101,0.684894323784128,0.428,0.136,9.91707107039526e-97,"0","PES1"
4.44858408402183e-101,0.508784185401402,0.82,0.429,1.02375265525594e-96,"0","EMD"
5.35666782151896e-101,0.455601492382996,0.88,0.484,1.23272996576616e-96,"0","LINC00152"
5.85147838911703e-101,0.527552683336165,0.59,0.242,1.3466007216875e-96,"0","LYRM2"
7.11182997153836e-101,0.535552905041074,0.74,0.333,1.63664543135012e-96,"0","ESD"
8.07129292263534e-101,0.474566997338425,0.901,0.505,1.85744664028607e-96,"0","ILF3"
9.96507734414979e-101,0.419246735281027,0.831,0.429,2.29326324920919e-96,"0","C16orf13"
1.27796160639698e-100,0.561409568292159,0.807,0.416,2.94097304480137e-96,"0","C14orf166"
1.37456188696349e-100,0.614860097581432,0.958,0.697,3.16327927046907e-96,"0","HINT1"
1.37674478885673e-100,0.398956330107556,0.734,0.336,3.16830278259599e-96,"0","SREK1IP1"
1.37727011535874e-100,0.492805956362152,0.675,0.298,3.16951171647506e-96,"0","MED1"
1.41351796953798e-100,0.475052302051746,0.656,0.284,3.25292890329776e-96,"0","PLRG1"
1.46477571143652e-100,0.508576544155114,0.826,0.435,3.37088834472887e-96,"0","NDUFB6"
1.4839653849944e-100,0.37716682228419,0.847,0.439,3.41504954048761e-96,"0","MAZ"
1.58382433038143e-100,0.524169036778267,0.576,0.23,3.64485493150679e-96,"0","PPP1R8"
1.75998249379912e-100,0.63641020963563,0.596,0.243,4.05024771297991e-96,"0","VRK1"
1.81544166666157e-100,1.02659470411337,0.341,0.086,4.17787590748827e-96,"0","TMEM38B"
2.19047885270241e-100,0.412614128354426,0.679,0.301,5.04094898372406e-96,"0","PSMC6"
2.40150492174947e-100,0.484564062414601,0.771,0.364,5.52658327642204e-96,"0","FIBP"
2.44342698254038e-100,0.43055840654655,0.671,0.287,5.62305851492017e-96,"0","SMU1"
2.5856379289663e-100,0.501553488751505,0.914,0.537,5.95032856593015e-96,"0","BAZ1B"
2.94603832429014e-100,0.572797349765139,0.574,0.226,6.7797179956889e-96,"0","BCL7B"
3.30527252391612e-100,0.636959017712871,0.553,0.215,7.60642365928816e-96,"0","ZCCHC9"
3.65957414484104e-100,1.27964625736978,0.366,0.103,8.42177797952269e-96,"0","DHCR7"
3.79466612341596e-100,0.533095282843581,0.472,0.16,8.73266514981715e-96,"0","RP11-220D10.1"
3.91313965620758e-100,0.485235557414648,0.877,0.493,9.0053082908305e-96,"0","EIF3J"
3.947808519402e-100,0.461847846930143,0.785,0.387,9.08509174569983e-96,"0","GSK3A"
3.95602192073635e-100,0.464485928631844,0.759,0.363,9.10399324619057e-96,"0","PFDN6"
4.38857802841073e-100,0.54716964603826,0.507,0.183,1.00994346167816e-95,"0","NAA10"
5.38926520324385e-100,0.617263144580433,0.907,0.573,1.24023160122251e-95,"0","NOP10"
6.09729647006566e-100,0.525017900614193,0.838,0.463,1.40317083665621e-95,"0","GLRX"
7.26374719511627e-100,0.479108937720873,0.712,0.333,1.67160614201211e-95,"0","C7orf55-LUC7L2"
8.32548166919138e-100,0.360391573933768,0.64,0.266,1.91594309653101e-95,"0","PPP1R15B"
1.00897912999069e-99,0.446364416175749,0.907,0.525,2.32196367184758e-95,"0","BOLA2B"
1.1688489822149e-99,0.406852977824695,0.686,0.306,2.68987216277116e-95,"0","APMAP"
1.23014257172456e-99,0.610073371734508,0.537,0.203,2.83092710030973e-95,"0","NUDCD2"
1.36742794077778e-99,0.536939606670666,0.874,0.486,3.14686192011192e-95,"0","COX17"
1.62762115587157e-99,0.644419889503878,0.489,0.172,3.74564456600725e-95,"0","ANAPC7"
2.32788013499701e-99,0.511438243638658,0.589,0.235,5.35715055466862e-95,"0","IVNS1ABP"
2.4224868280984e-99,0.581126270487541,0.823,0.434,5.57486893750284e-95,"0","CERS2"
2.46792112350292e-99,0.81805943138656,0.545,0.208,5.67942688151726e-95,"0","LYRM4"
2.63467404066679e-99,0.580394933513872,0.724,0.338,6.06317536978649e-95,"0","DPY30"
2.7364847632725e-99,0.415606079273875,0.658,0.291,6.29747238571901e-95,"0","NADK"
2.8613940839846e-99,0.728623054456673,0.397,0.119,6.58492620547375e-95,"0","SCAMP1"
2.86753590314101e-99,0.886112772137908,0.435,0.145,6.59906037389841e-95,"0","RABL3"
2.88722546773667e-99,0.502219397787108,0.559,0.219,6.6443719689024e-95,"0","CWC22"
2.96041920457503e-99,0.605126641345235,0.55,0.21,6.81281271548851e-95,"0","FANCD2"
3.54501538211329e-99,1.19011176340046,0.345,0.092,8.15814389885731e-95,"0","LANCL2"
3.71354443110308e-99,0.515157959462338,0.999,0.952,8.54597979929751e-95,"0","TMSB4X"
3.92795118176573e-99,0.806557883876329,0.498,0.187,9.03939405459747e-95,"0","SLC39A6"
4.34888007720501e-99,0.810438495692467,0.419,0.134,1.00080777216719e-94,"0","THEM4"
4.54047623210439e-99,0.470765219676874,0.885,0.482,1.04489979529418e-94,"0","DDX3X"
4.86357787450408e-99,0.40754075228035,0.758,0.352,1.11925517625962e-94,"0","G6PC3"
4.9913882858998e-99,0.575747121036075,0.953,0.6,1.14866818623412e-94,"0","C14orf2"
5.69812989902735e-99,1.11270060966141,0.368,0.105,1.31131063366316e-94,"0","YBX1P10"
5.71451076224176e-99,0.661498638873779,0.526,0.199,1.3150803617147e-94,"0","TTF2"
6.24496457246845e-99,0.496550520553838,0.533,0.202,1.43715369706216e-94,"0","TRPV2"
7.37322060709153e-99,0.573781091067372,0.607,0.255,1.69679925830997e-94,"0","EIF4EBP1"
8.29355824316916e-99,0.463318601996279,0.566,0.224,1.90859655850052e-94,"0","CRNKL1"
8.46624828624013e-99,0.415883017678895,0.822,0.408,1.94833771811244e-94,"0","PRPF8"
8.83237285923887e-99,0.954702885478041,0.407,0.126,2.03259396609664e-94,"0","EXO1"
9.93987085390913e-99,0.456637917173901,0.999,0.928,2.28746247961011e-94,"0","RPS12"
1.05945324837302e-98,1.12821461974714,0.367,0.105,2.43811976048084e-94,"0","HMGN1P38"
1.07434480406899e-98,0.890568063063861,0.385,0.115,2.47238969760397e-94,"0","FASTKD5"
1.16887262312065e-98,0.738385833555632,0.489,0.177,2.68992656758756e-94,"0","SLC25A12"
1.18448268487593e-98,0.926746036063467,0.374,0.107,2.72585000270498e-94,"0","PDCD2L"
1.30621345536436e-98,0.440374587621129,0.779,0.369,3.00598902483e-94,"0","FERMT3"
1.42485596951838e-98,0.50145631093843,0.623,0.262,3.27902104265264e-94,"0","CKAP2"
1.61027154425638e-98,0.61267760858444,0.553,0.219,3.70571790479722e-94,"0","HMOX2"
1.71128641901932e-98,0.532109525711006,0.664,0.291,3.93818343608915e-94,"0","SCNM1"
2.03510972184334e-98,0.496857104874329,0.936,0.57,4.68339800287807e-94,"0","SSU72"
2.13905929656405e-98,0.835480481565946,0.416,0.131,4.92261715918285e-94,"0","MARCH5"
2.58440789182442e-98,0.522021285235245,0.576,0.231,5.94749788145553e-94,"0","COMTD1"
2.89949175038231e-98,0.50959731211015,0.923,0.512,6.6726003651548e-94,"0","C19orf53"
3.1239013353391e-98,0.493076085098728,0.825,0.434,7.18903414301587e-94,"0","OCIAD1"
3.53909813567181e-98,0.486993533449996,0.816,0.421,8.14452653962153e-94,"0","TAOK3"
3.82170406196611e-98,0.607984443929695,0.532,0.202,8.79488755780261e-94,"0","PLAA"
3.96994500047472e-98,1.19160739487086,0.406,0.131,9.13603442959246e-94,"0","DUSP14"
4.35691886688702e-98,0.427001581147902,0.746,0.349,1.00265773883671e-93,"0","CDC5L"
5.12831303521558e-98,0.454961749270801,0.811,0.412,1.18017867879416e-93,"0","HAX1"
5.1982585198678e-98,0.420031668280509,0.598,0.252,1.19627523317718e-93,"0","ADRM1"
5.48033766738095e-98,0.473968872921065,0.773,0.38,1.26119010739438e-93,"0","PSMD6"
5.86894612183022e-98,0.607167733876988,0.585,0.239,1.35062057101679e-93,"0","CHMP2B"
6.06016246073044e-98,1.58924438704094,0.314,0.077,1.3946251870879e-93,"0","MYB"
6.48706365393655e-98,0.509556475125285,0.994,0.906,1.49286795868042e-93,"0","RPS13"
6.82449249911715e-98,0.41196356454713,0.605,0.249,1.57052045882183e-93,"0","MRPL40"
7.09086031408593e-98,0.455637235946626,0.622,0.261,1.6318196840806e-93,"0","NSMCE4A"
8.47501750746594e-98,0.399794777228846,0.867,0.462,1.95035577899314e-93,"0","ABCF1"
8.77601763480331e-98,0.52608347400265,0.899,0.521,2.01962493829728e-93,"0","ZCRB1"
9.22650526590368e-98,0.270126171515825,0.757,0.354,2.12329565684241e-93,"0","CTD-2287O16.1"
9.60077166466953e-98,0.362422346877662,0.717,0.333,2.2094255831904e-93,"0","SAFB2"
9.99191404807024e-98,0.310326343508471,0.603,0.241,2.29943917988241e-93,"0","KDM1A"
1.05596089029149e-97,1.55196147900625,0.297,0.068,2.4300827968278e-93,"0","NUP35"
1.10154816162209e-97,0.597665880866243,0.916,0.565,2.53499278434092e-93,"0","DYNLL1"
1.11555916225744e-97,0.41627937407707,0.799,0.375,2.56723630010305e-93,"0","SZRD1"
1.13122780707426e-97,0.451776865414234,0.998,0.924,2.60329455242e-93,"0","PABPC1"
1.32508231512215e-97,0.590034430520701,0.638,0.274,3.04941193179061e-93,"0","SLC39A1"
1.33244812429851e-97,0.578180433919854,0.911,0.551,3.06636286844815e-93,"0","C11orf58"
1.38867263273915e-97,1.23004058839701,0.367,0.106,3.1957523297226e-93,"0","TTC27"
1.40445176023109e-97,0.381718992706963,0.999,0.983,3.23206483581981e-93,"0","CD74"
1.52126855230509e-97,1.47929001991381,0.282,0.059,3.50089531941971e-93,"0","VTRNA2-1"
1.65755845600615e-97,0.707847755691665,0.45,0.154,3.81453927480696e-93,"0","COMMD9"
2.05829766805082e-97,0.538034261717947,0.643,0.283,4.73676042348536e-93,"0","CNOT11"
2.06695918720604e-97,0.463458020776042,0.659,0.291,4.75669317751726e-93,"0","AKT1"
2.16920200740499e-97,0.642931796249668,0.509,0.188,4.99198457964111e-93,"0","COA1"
2.27218662889985e-97,0.621220397889487,0.467,0.164,5.22898308908723e-93,"0","SGOL1"
2.37943427421027e-97,0.34525134346149,0.601,0.246,5.47579209524009e-93,"0","GTF3C2"
2.41738361643856e-97,1.28355033900834,0.359,0.103,5.56312491651005e-93,"0","GEMIN5"
2.45635486544431e-97,0.437356468833652,0.759,0.356,5.65280945184699e-93,"0","CSRP1"
2.49767942350769e-97,0.926719609431507,0.395,0.12,5.74790965731824e-93,"0","NSDHL"
2.50678541808608e-97,0.668235191115934,0.549,0.217,5.76886528264151e-93,"0","POGK"
2.55146243685514e-97,0.924290745391511,0.416,0.134,5.87168050593474e-93,"0","ADCY3"
2.62839891369443e-97,0.486878430800265,0.811,0.4,6.048734420085e-93,"0","SKP1"
2.6919385076574e-97,0.406049075021301,0.69,0.313,6.19495808767197e-93,"0","ITGB2"
2.77714626584011e-97,0.255317113286978,0.788,0.376,6.39104670157785e-93,"0","WBSCR22"
2.88454188303689e-97,0.457101656589426,0.822,0.424,6.63819623543279e-93,"0","VMP1"
2.95175453802017e-97,1.26762664318261,0.339,0.091,6.79287271834583e-93,"0","ATP6V0E2"
3.02932290185818e-97,0.481813920686622,0.834,0.423,6.97138079404624e-93,"0","PRDX6"
3.08548054380929e-97,0.52398560130772,0.669,0.3,7.10061637546833e-93,"0","VKORC1"
3.49836966697158e-97,0.472050403019469,0.748,0.354,8.0507981146017e-93,"0","SNX6"
3.57083338147651e-97,0.72974840177578,0.5,0.184,8.2175588607919e-93,"0","MLTK"
3.8979063393623e-97,0.739285243072919,0.403,0.124,8.97025185877447e-93,"0","UCHL3"
4.02722492329675e-97,1.27678036731994,0.305,0.072,9.26785271598282e-93,"0","SNTA1"
4.23450661741082e-97,0.518026904412392,0.654,0.284,9.74487007864751e-93,"0","BRD7"
4.48648695621026e-97,0.537596359250095,0.617,0.261,1.03247524323267e-92,"0","BPNT1"
4.50054422342568e-97,0.44845268955875,0.699,0.313,1.03571024213695e-92,"0","BTBD1"
4.66850676649739e-97,0.315721618275309,0.618,0.259,1.07436346217404e-92,"0","EIF4G3"
5.49587543348799e-97,0.557288710957713,0.932,0.598,1.26476581350859e-92,"0","BUB3"
5.97591925637112e-97,0.363405803453332,0.699,0.322,1.37523829846869e-92,"0","ZFP91"
6.23397616231832e-97,0.520539279383761,0.727,0.351,1.43462493423432e-92,"0","DANCR"
7.16768760150702e-97,0.385172133681398,0.547,0.214,1.64949994773481e-92,"0","XPO5"
8.88025795568865e-97,0.472443957101446,0.764,0.36,2.04361376334263e-92,"0","BLOC1S2"
1.48113194121647e-96,0.848848307609992,0.398,0.123,3.40852893632146e-92,"0","BAK1P1"
1.5933418787207e-96,0.556864892649187,0.543,0.213,3.66675766549995e-92,"0","GLTP"
1.62177084781696e-96,0.47165822965085,0.65,0.28,3.73218125208116e-92,"0","CPSF6"
1.66656841235953e-96,0.856256607689498,0.403,0.126,3.835273887363e-92,"0","TEX10"
2.04926800041174e-96,0.627761948104438,0.887,0.533,4.71598044934754e-92,"0","USMG5"
2.22694857002473e-96,0.518237413390189,0.861,0.471,5.12487674419792e-92,"0","PAK2"
2.29375297208212e-96,0.402180132534453,0.739,0.352,5.27861371465258e-92,"0","RIOK3"
2.33514977225863e-96,0.928335430989223,0.34,0.088,5.37388017089877e-92,"0","AC139452.2"
2.37387021787463e-96,0.926887867480192,0.463,0.164,5.46298753239489e-92,"0","AC012146.7"
2.41072877847107e-96,0.578411336706615,0.496,0.187,5.54781013789547e-92,"0","SMIM11"
2.64908786076493e-96,0.510650379456293,0.622,0.266,6.09634589397833e-92,"0","PTPN11"
2.73397554129657e-96,0.490997985269179,0.978,0.705,6.2916979131858e-92,"0","HLA-DPA1"
2.8246501531798e-96,0.538699589789016,0.941,0.589,6.50036739751268e-92,"0","DDX24"
3.19203345575614e-96,0.716308613816434,0.391,0.119,7.3458265917316e-92,"0","RP11-75L1.2"
3.25804453732143e-96,0.71603271882942,0.509,0.191,7.49773789373781e-92,"0","TDP2"
3.32503182922961e-96,0.464416173366006,0.917,0.526,7.65189574860611e-92,"0","DDX46"
3.49555943905994e-96,0.512275612549908,0.519,0.195,8.04433093710864e-92,"0","NARG2"
3.71417851817567e-96,0.611093912457752,0.416,0.131,8.54743902387767e-92,"0","CHSY1"
4.13533939562742e-96,0.51261370914108,0.678,0.305,9.51665655115739e-92,"0","SLC25A23"
4.46238899648112e-96,0.774357548706031,0.432,0.144,1.0269295797602e-91,"0","NDUFC2"
5.61438664632109e-96,0.604895845702239,0.447,0.153,1.29203879891787e-91,"0","SYS1"
5.65862147522187e-96,0.7793902805092,0.45,0.156,1.30221856009281e-91,"0","E2F1"
5.65878748334104e-96,0.381740607980074,0.63,0.264,1.30225676354127e-91,"0","FAM3C"
5.70102430136456e-96,0.411280044796727,0.502,0.182,1.31197672247303e-91,"0","CDCA3"
6.17291887812774e-96,0.400076737282578,0.828,0.423,1.42057382142354e-91,"0","AKT2"
6.47311718502585e-96,0.494480019290796,0.68,0.302,1.48965845779e-91,"0","MLH1"
6.58601109126466e-96,0.534032332936451,0.975,0.701,1.51563873243274e-91,"0","HNRNPA1"
6.78797987176395e-96,0.496216320407658,0.527,0.203,1.56211780788904e-91,"0","MAP7D3"
7.0294849055921e-96,0.483357462069398,0.687,0.311,1.61769536132391e-91,"0","MCUR1"
7.1377914688391e-96,0.629753248239669,0.561,0.222,1.64261995072394e-91,"0","PMPCB"
7.34014730938322e-96,0.463982308319632,0.625,0.27,1.68918810030836e-91,"0","AP3M1"
7.64325770798578e-96,0.354636187428939,0.785,0.375,1.75894289633877e-91,"0","NMT1"
7.68512541089017e-96,0.512086232808418,0.959,0.564,1.76857791080815e-91,"0","ARPC1B"
8.10820009153931e-96,0.449483874837475,0.764,0.355,1.86594008706594e-91,"0","RPS4Y1"
8.13032129814688e-96,0.663551576858582,0.506,0.195,1.87103084034254e-91,"0","TRIM14"
8.16593100909667e-96,0.975373330745694,0.43,0.146,1.87922570312342e-91,"0","DPH5"
9.25581652698089e-96,0.299840145831152,0.661,0.287,2.13004105735411e-91,"0","PPIE"
9.28172873252756e-96,0.712748855092796,0.481,0.174,2.13600423321657e-91,"0","PTGES2"
9.8322519894482e-96,0.498576200595194,0.99,0.867,2.26269615033172e-91,"0","RPL5"
1.05113504915334e-95,0.498981941875724,0.806,0.41,2.41897708861657e-91,"0","TXNL1"
1.07461908139416e-95,1.32283304156876,0.34,0.092,2.47302089201238e-91,"0","GNB4"
1.09095895409627e-95,0.517141918018015,0.943,0.593,2.51062384106174e-91,"0","SLC38A1"
1.16327275567163e-95,0.700045840948134,0.5,0.188,2.67703959262712e-91,"0","NRM"
1.21553482511387e-95,0.703478110969227,0.465,0.165,2.79731029303454e-91,"0","TTL"
1.23862635788298e-95,0.806154233217163,0.415,0.134,2.85045083739611e-91,"0","TWF1"
1.2544411678912e-95,0.464500169269387,0.707,0.323,2.88684545966803e-91,"0","NDUFS4"
1.29746218430161e-95,0.507056161933333,0.724,0.345,2.9858497247333e-91,"0","SAMD1"
1.40240106366234e-95,0.810353345009829,0.421,0.14,3.22734556780614e-91,"0","SMPD4"
1.66414852729683e-95,0.602756675153896,0.459,0.163,3.82970500586819e-91,"0","ACOT9"
1.7701162628977e-95,0.824630202085787,0.499,0.19,4.07356855580647e-91,"0","GMPS"
1.88132652503502e-95,0.528486779807475,0.812,0.433,4.32949673206308e-91,"0","EIF1AY"
2.25693991974894e-95,0.891454512086245,0.443,0.155,5.19389583731823e-91,"0","NUDT15"
2.28485104077539e-95,1.28071021628204,0.362,0.106,5.2581277001364e-91,"0","FAH"
2.29379207032624e-95,0.340479692221786,0.722,0.325,5.27870369144178e-91,"0","UBAP2L"
2.71310412934417e-95,0.533162092818483,0.967,0.661,6.24366653285974e-91,"0","CAPZB"
3.12794865091251e-95,0.87823309332575,0.382,0.116,7.19834823034497e-91,"0","SAPCD2"
3.33288148342316e-95,0.478804591050377,0.662,0.296,7.66996015780172e-91,"0","SLC25A36"
3.35293237189417e-95,0.564098137184182,0.525,0.204,7.71610326744005e-91,"0","BABAM1"
3.59485353579436e-95,0.987145242381225,0.349,0.097,8.27283644192356e-91,"0","POLR1B"
3.69787016326389e-95,0.533683574934474,0.485,0.177,8.5099086067192e-91,"0","PCID2"
3.84490372154518e-95,0.511287984975329,0.954,0.632,8.84827693439193e-91,"0","RAD23A"
3.94444800163126e-95,0.451581854490075,0.541,0.212,9.07735818615401e-91,"0","ZNF480"
4.1721236400175e-95,0.609459094897381,0.478,0.174,9.60130813277228e-91,"0","GUCD1"
4.42122779742125e-95,0.480709417739059,0.487,0.174,1.01745715302055e-90,"0","ALG1"
4.88393799821318e-95,0.600465142788847,0.447,0.155,1.1239406515288e-90,"0","SGTA"
4.96098856258118e-95,0.976253019412712,0.392,0.124,1.14167229790681e-90,"0","C9orf89"
5.09167264633115e-95,1.04151935780274,0.376,0.114,1.17174662610019e-90,"0","C12orf29"
5.19634181357382e-95,0.978381512434414,0.382,0.115,1.19583414155774e-90,"0","CENPO"
5.27234628462211e-95,0.523733931549988,0.953,0.666,1.21332505048009e-90,"0","CLPTM1L"
5.35818808427713e-95,0.438666348526707,0.703,0.323,1.2330798238347e-90,"0","NCBP2"
6.17307588680632e-95,0.418403274387078,0.663,0.297,1.42060995383074e-90,"0","RNF145"
6.49719958358873e-95,0.525555842913126,0.78,0.387,1.49520054017127e-90,"0","PDCD6"
7.21007212837504e-95,0.851689407598525,0.473,0.172,1.65925389890295e-90,"0","SOAT1"
1.17769678481692e-94,0.41437876856435,0.88,0.477,2.71023361089917e-90,"0","HNRNPUL2"
1.18547389541932e-94,0.725029773173068,0.524,0.201,2.72813107552849e-90,"0","SNRPGP10"
1.20689755417011e-94,0.456739489421065,0.473,0.166,2.77743334141169e-90,"0","PRPF31"
1.24265197888476e-94,0.418940323781044,0.544,0.213,2.85971499900751e-90,"0","TAF12"
1.36267993055055e-94,0.364322032720151,0.761,0.365,3.13593532417599e-90,"0","FAM133B"
1.44096347533741e-94,0.54702986950686,0.493,0.185,3.31608924579399e-90,"0","CACUL1"
1.63375509220548e-94,0.479059881746696,0.592,0.246,3.75976059369247e-90,"0","MTF2"
1.73453312507261e-94,0.432013783670187,0.773,0.382,3.99168108072959e-90,"0","WNK1"
1.94620874251098e-94,0.360695308538303,1,0.987,4.47881017914052e-90,"0","RPL21"
2.04668735217069e-94,0.668069854198523,0.461,0.161,4.71004160355042e-90,"0","ARMC10"
2.05112928603671e-94,0.40578735011117,0.63,0.271,4.72026382595629e-90,"0","VTI1B"
2.06993452240475e-94,0.440104337379268,0.807,0.409,4.76354031641005e-90,"0","RALY"
2.26442096543014e-94,0.514422847488916,0.869,0.471,5.21111196774439e-90,"0","UBE2K"
2.28558835168114e-94,0.486439702510802,0.676,0.305,5.2598244737238e-90,"0","LAMTOR1"
2.78958749658417e-94,0.358919918910552,0.737,0.347,6.41967770588915e-90,"0","MAP7D1"
2.86097815717933e-94,0.358414857418548,0.724,0.34,6.58396903311678e-90,"0","PDS5A"
3.05030629939566e-94,0.515467979220469,0.899,0.531,7.01966988679923e-90,"0","FAM120A"
3.05423685511268e-94,0.376862909000649,0.83,0.418,7.02871527467082e-90,"0","AB019441.29"
3.17626293545508e-94,0.32191719910511,0.782,0.368,7.30953389336278e-90,"0","ZNF593"
3.37701305597149e-94,0.306467274437833,0.503,0.181,7.7715201457072e-90,"0","SLC38A5"
3.38326342730886e-94,0.434364505573184,0.794,0.384,7.78590412526588e-90,"0","PPP1CA"
3.48931228639115e-94,0.576301046227461,0.53,0.205,8.02995436467196e-90,"0","CNOT10"
3.58173373125735e-94,0.332985806692712,0.701,0.312,8.24264383574254e-90,"0","NDUFV1"
3.72566487055693e-94,0.715453977222834,0.54,0.217,8.57387256661267e-90,"0","AAGAB"
4.136334236283e-94,0.444835564173327,0.775,0.385,9.51894597795808e-90,"0","UBE2G2"
4.21323570648144e-94,0.271462200989081,0.633,0.269,9.69591933132574e-90,"0","FTSJ1"
4.91987154434066e-94,0.949189690987271,0.329,0.085,1.13221003849912e-89,"0","FKBP1C"
5.09600609636274e-94,0.563617144357047,0.597,0.247,1.17274388295596e-89,"0","CBX1"
5.14964137624872e-94,0.513267128214948,0.969,0.686,1.18508696991612e-89,"0","RPL6P27"
5.20844194921913e-94,0.509587608025468,0.744,0.353,1.1986187457738e-89,"0","RNF34"
5.51741505859933e-94,0.357522235190889,0.767,0.374,1.26972272743546e-89,"0","TXNDC12"
5.63171763117406e-94,0.322034392249543,0.675,0.294,1.29602717846209e-89,"0","NAMPT"
6.57555143217382e-94,0.576096087226458,0.613,0.261,1.51323165108616e-89,"0","DDB2"
7.06015640555256e-94,0.650377046512106,0.34,0.091,1.62475379360981e-89,"0","PKP4"
7.19653477740615e-94,0.521877626215333,0.562,0.229,1.65613854832448e-89,"0","ACOT13"
8.55180289448186e-94,0.514076996845825,0.509,0.195,1.96802640010711e-89,"0","OAS2"
9.3549469365217e-94,0.563977384806172,0.524,0.204,2.15285393850174e-89,"0","FAF1"
9.36410822873297e-94,0.454766712608988,0.702,0.318,2.15496222667832e-89,"0","OSBPL8"
1.04841774204369e-93,0.414299313821365,0.537,0.212,2.41272374976514e-89,"0","HJURP"
1.14132100771577e-93,2.01574883402123,0.257,0.052,2.6265220350563e-89,"0","VTRNA1-3"
1.18735178395626e-93,0.428487448763982,0.761,0.366,2.73245266041853e-89,"0","CISD2"
1.31476490952592e-93,0.497060053824849,0.939,0.595,3.025668486292e-89,"0","HNRNPM"
1.31509260248477e-93,0.416604981672638,0.674,0.303,3.02642260609819e-89,"0","PPP3R1"
1.38059542880191e-93,0.463718641403262,0.938,0.583,3.17716426030185e-89,"0","RPS14P3"
1.39226806700955e-93,0.38650839231952,0.717,0.329,3.20402650260907e-89,"0","YKT6"
1.40266823467237e-93,0.451109505002675,0.678,0.304,3.22796040845152e-89,"0","CCNG1"
1.4811854688983e-93,0.355348693934333,0.598,0.25,3.40865211957566e-89,"0","BAG1"
1.49538093147891e-93,0.499297698982673,0.902,0.508,3.44132013761242e-89,"0","NDUFA7"
1.52896911323819e-93,0.460089428412043,0.535,0.211,3.51861662029504e-89,"0","REEP3"
1.56546655416533e-93,0.457881790103458,0.655,0.29,3.60260818110068e-89,"0","LAMTOR3"
1.57005421040961e-93,0.824449093634133,0.375,0.113,3.61316575441564e-89,"0","PAXIP1"
1.900456145781e-93,0.441849306736421,0.549,0.219,4.37351972828581e-89,"0","BAG5"
2.11524821292952e-93,0.886147550764715,0.43,0.15,4.8678207124147e-89,"0","TNFRSF10A"
2.31073628014064e-93,0.999109999684881,0.363,0.109,5.31769740148765e-89,"0","SURF2"
2.42528616276348e-93,0.461947379052362,0.913,0.534,5.5813110463676e-89,"0","RPS23P8"
2.48855391624285e-93,0.475937897339595,0.694,0.319,5.72690912744967e-89,"0","DIS3"
2.60354813442561e-93,0.51798452356594,0.498,0.183,5.99154532175365e-89,"0","PPRC1"
3.29511919128089e-93,0.774511742290741,0.419,0.142,7.58305779489471e-89,"0","LMNB2"
3.49169709191638e-93,0.341822316942586,0.776,0.38,8.03544251762718e-89,"0","OTUB1"
3.90765479685492e-93,1.28533141270122,0.309,0.078,8.99268598400223e-89,"0","TUBBP1"
4.06567574363869e-93,0.410251911982805,0.59,0.248,9.35633958883571e-89,"0","CASC4"
4.97667807871392e-93,0.451645002568414,0.829,0.457,1.14528292625443e-88,"0","IRF2"
5.16543273044821e-93,0.56751048571772,0.474,0.172,1.18872103425805e-88,"0","USB1"
5.38061847773391e-93,0.669093797821279,0.449,0.16,1.2382417302809e-88,"0","DNAJB1"
5.51701398095901e-93,0.675857776603213,0.421,0.141,1.2696304274381e-88,"0","C12orf45"
5.80081746269566e-93,0.758028608791319,0.438,0.154,1.33494212269015e-88,"0","ZNHIT6"
6.43292935242837e-93,0.414913360536729,0.838,0.433,1.48041003187434e-88,"0","SMC3"
6.65832844333479e-93,0.444485538655714,0.823,0.439,1.53228112466463e-88,"0","DNAJC7"
7.76185923711014e-93,0.266310717826429,0.546,0.214,1.78623666623616e-88,"0","RP11-448G4.2"
7.86058251379857e-93,0.654562914285619,0.402,0.126,1.80895585390047e-88,"0","B4GALT2"
8.24261306787296e-93,0.419389649744859,0.76,0.368,1.8968725453096e-88,"0","METTL17"
8.2888671707648e-93,0.734528434683997,0.486,0.181,1.9075170020081e-88,"0","THYN1"
8.32374140539091e-93,0.560211606785671,0.469,0.173,1.91554260962261e-88,"0","RPP14"
1.30447911730075e-92,0.645612780432371,0.438,0.151,3.00199779264422e-88,"0","WDR46"
1.33648717694685e-92,0.471429341336265,0.737,0.357,3.07565794030778e-88,"0","ACADM"
1.37845567628723e-92,0.809463479560001,0.402,0.131,3.17224004783981e-88,"0","POLR1A"
1.50074838647989e-92,0.917742300766065,0.393,0.124,3.45367226180618e-88,"0","ACAD9"
1.67595705374204e-92,0.412901206791397,0.707,0.328,3.85687996777656e-88,"0","OSBPL9"
1.69990552633956e-92,0.498214309863134,0.479,0.171,3.91199258776523e-88,"0","COPS5"
1.87705358185241e-92,0.485102778619346,0.968,0.667,4.31966340791695e-88,"0","TOP1"
1.97731303790903e-92,0.814479162070906,0.405,0.131,4.55039049414006e-88,"0","MTFMT"
1.99089578812805e-92,0.412184612832836,0.478,0.174,4.58164847721908e-88,"0","SACM1L"
2.04547629599339e-92,0.476532498395207,0.64,0.285,4.70725459996959e-88,"0","TSR3"
2.2819876612681e-92,0.374383613993376,0.628,0.272,5.25153820487627e-88,"0","FLI1"
2.45225229206293e-92,0.460786957325143,0.996,0.874,5.64336819972443e-88,"0","ARPC2"
2.53811772075915e-92,0.453910848192537,0.564,0.231,5.84097031078303e-88,"0","CSNK1A1"
2.62805985763863e-92,0.463521452917275,0.559,0.226,6.04795415038377e-88,"0","STUB1"
2.6299603827091e-92,0.521950996110377,0.469,0.169,6.05232782872846e-88,"0","ERI3"
2.75483476852425e-92,0.471239132683229,0.866,0.486,6.33970125280485e-88,"0","LSM14A"
2.88368642113429e-92,0.820575611877212,0.441,0.154,6.63622756095633e-88,"0","DDX10"
2.90322638364585e-92,0.603652860991357,0.48,0.178,6.68119487668419e-88,"0","CSTF1"
3.05136992692437e-92,0.463428416005804,0.682,0.316,7.02211761283105e-88,"0","ACTR1A"
3.29208477415145e-92,0.322445842821535,0.622,0.26,7.57607469075474e-88,"0","APOBEC3B"
4.19277140513532e-92,0.414695699863152,0.75,0.365,9.64882483463792e-88,"0","SF3A2"
4.51079015478172e-92,0.402552468569243,0.799,0.406,1.03806813831992e-87,"0","RER1"
4.55185992531981e-92,0.728810600376008,0.42,0.14,1.04751952461385e-87,"0","BTBD6"
5.51324142202305e-92,0.448699305609377,0.826,0.427,1.26876224845016e-87,"0","PAFAH1B1"
5.62791250426895e-92,0.734022474987042,0.395,0.125,1.29515150460741e-87,"0","MRPL46"
5.69785833317165e-92,0.855791505226517,0.344,0.095,1.31124813821279e-87,"0","ECE2"
7.10640568258808e-92,0.477321568850285,0.524,0.202,1.63539713973399e-87,"0","UFSP2"
7.34290126596538e-92,0.589927047801286,0.476,0.175,1.68982186833661e-87,"0","LYRM7"
7.98013516257332e-92,0.645551417210329,0.502,0.195,1.836468504963e-87,"0","DCAF15"
9.35699424426442e-92,0.478091810652277,0.592,0.246,2.15332508543257e-87,"0","R3HDM1"
9.40653901291989e-92,1.15928561535901,0.396,0.131,2.16472682304325e-87,"0","SORD"
9.51802639375869e-92,0.469043323660609,0.929,0.56,2.19038341399569e-87,"0","ATP5EP2"
1.01006254980983e-91,0.515120456863121,0.538,0.211,2.32445694587735e-87,"0","TSSC1"
1.01348268976981e-91,0.916250209303832,0.38,0.119,2.33232771396727e-87,"0","G2E3"
1.02360035731828e-91,0.409605010620026,0.697,0.327,2.35561150229656e-87,"0","TROVE2"
1.17586683627678e-91,0.467489600839914,0.609,0.263,2.70602235032376e-87,"0","SLC4A1AP"
1.19444561846164e-91,0.632995058147572,0.414,0.135,2.74877770176578e-87,"0","WRAP73"
1.29818524946673e-91,0.39427166267243,0.641,0.282,2.98751371459778e-87,"0","EIF2AK2"
1.41491544122603e-91,0.370121717386663,0.605,0.258,3.25614490489347e-87,"0","PSME4"
1.49339137028795e-91,0.304046214795758,0.693,0.315,3.43674156044366e-87,"0","LARS"
1.58100142646926e-91,0.285639580731318,0.84,0.437,3.63835858273372e-87,"0","NDUFS2"
1.59267784168076e-91,0.799547064583823,0.365,0.11,3.66522951705993e-87,"0","POP1"
1.64120908622749e-91,0.493634870822258,0.864,0.49,3.77691447013533e-87,"0","XRN2"
1.77906589211932e-91,0.498741710437012,0.528,0.206,4.0941643375342e-87,"0","CTNNBL1"
1.77959303302076e-91,0.458298153465273,0.873,0.484,4.09537744689069e-87,"0","TRBC2"
2.01200706344975e-91,0.377854557872708,0.639,0.279,4.63023185511692e-87,"0","CHMP1A"
2.11394753688286e-91,0.437056339702305,0.996,0.934,4.86482746662852e-87,"0","RPL27"
2.1420751154133e-91,0.369970256598314,0.733,0.344,4.92955746310062e-87,"0","IDI1"
2.1752182699912e-91,0.459144858704591,0.54,0.215,5.00582980473075e-87,"0","ZNF326"
2.32253119504811e-91,0.640003028268171,0.461,0.167,5.3448410391642e-87,"0","ELP3"
2.33270326567306e-91,0.405908963328529,0.792,0.382,5.36825002529342e-87,"0","FLNA"
2.53794800466414e-91,0.279239872029422,0.786,0.381,5.84057974313359e-87,"0","CCDC167"
2.58089267833876e-91,0.748956671481742,0.387,0.121,5.93940832066099e-87,"0","PUS7L"
2.59917243666411e-91,0.624046450319683,0.498,0.189,5.98147552849511e-87,"0","CLECL1"
2.60866642623726e-91,0.540669563857394,0.56,0.231,6.00332404669982e-87,"0","SART3"
2.72049500172101e-91,0.598296086410334,0.462,0.168,6.26067514746056e-87,"0","AEN"
2.83294157242665e-91,0.503940415388656,0.609,0.258,6.51944844062545e-87,"0","ZMIZ1"
2.85650804070038e-91,0.461367588174956,0.909,0.518,6.57368195406378e-87,"0","UQCR11"
2.91842325314306e-91,0.4608459748609,0.916,0.551,6.71616743245813e-87,"0","HNRNPA0"
3.01716744544995e-91,0.287492332495432,0.783,0.387,6.94340744221398e-87,"0","RPS7P3"
3.1028439438222e-91,0.521660311419779,0.738,0.36,7.14057476791804e-87,"0","RNF5"
3.16252765044562e-91,0.395119748165082,0.694,0.323,7.2779248819705e-87,"0","NUDT3"
3.2574752199083e-91,0.858948124357944,0.401,0.131,7.49642772357496e-87,"0","NAF1"
3.28368240629003e-91,0.604223441079245,0.47,0.173,7.55673832159524e-87,"0","MED31"
3.70009316068968e-91,0.470733173184218,0.565,0.229,8.51502439069516e-87,"0","ADA"
4.19060158688272e-91,0.425527178178374,0.868,0.48,9.64383143189321e-87,"0","NAP1L4"
4.44461504195714e-91,0.529381991337945,0.467,0.169,1.0228392596056e-86,"0","CBWD1"
4.7745766938892e-91,0.504544235099253,0.527,0.211,1.09877333456472e-86,"0","THAP11"
5.46381994621996e-91,0.441200072892932,0.89,0.503,1.2573888842236e-86,"0","GARS"
5.50203653603055e-91,0.526118259680103,0.778,0.392,1.26618366803671e-86,"0","MRPL33"
6.51027059726743e-91,0.932254233794807,0.376,0.117,1.49820857254915e-86,"0","TOE1"
6.65485202148591e-91,1.30470339010336,0.263,0.056,1.53148109570455e-86,"0","MRPL12"
6.65682712045536e-91,0.319167382993998,0.801,0.407,1.53193562523039e-86,"0","YARS"
8.00494360420778e-91,0.505464129733013,0.721,0.358,1.84217767163634e-86,"0","PYURF"
8.25967058103337e-91,0.49236214816889,0.731,0.358,1.90079799081321e-86,"0","GOLGA7"
8.50357609173965e-91,0.404314546803287,0.43,0.142,1.95692796599205e-86,"0","RPS21P4"
8.90151151549366e-91,0.441835275574333,0.824,0.441,2.04850484506056e-86,"0","MAGT1"
8.91716006285234e-91,0.857357547700045,0.416,0.142,2.05210604526421e-86,"0","AC002044.4"
8.96503322804584e-91,0.469362801312182,0.744,0.355,2.06312309677019e-86,"0","C14orf1"
9.43938166639331e-91,0.310745358238275,0.68,0.307,2.17228490288709e-86,"0","MRPL2"
1.04756351725945e-90,0.277991383491189,0.547,0.218,2.41075792226917e-86,"0","COMMD4"
1.2284602338226e-90,0.426572548828782,0.793,0.398,2.82705553609595e-86,"0","TMEM70"
1.23287301028025e-90,0.46042793193243,0.971,0.66,2.83721065855793e-86,"0","UBA1"
1.28855116570651e-90,0.506545895618509,0.829,0.454,2.96534279764039e-86,"0","MMADHC"
1.31187134784803e-90,0.754321940816769,0.441,0.16,3.01900953280267e-86,"0","MAPKAPK3"
1.33647231765941e-90,0.580579469136272,0.577,0.238,3.0756237446296e-86,"0","INIP"
1.41422596285553e-90,0.60676088783175,0.475,0.177,3.25455820831943e-86,"0","RP11-480N24.3"
1.6674675446893e-90,1.05583605003186,0.289,0.068,3.83734306059348e-86,"0","SCARNA22"
1.89478875844545e-90,0.470421164403773,0.807,0.416,4.36047736981052e-86,"0","UBE3A"
1.94731044223775e-90,0.554826146034314,0.456,0.165,4.48134552072174e-86,"0","NUP98"
2.09272153614288e-90,0.258350914493032,0.811,0.397,4.8159800711256e-86,"0","PTTG1"
2.35243098252852e-90,0.48927510125505,0.585,0.243,5.41364942009289e-86,"0","PLEKHO1"
2.44233459874702e-90,0.561437535006628,0.48,0.181,5.62054461209652e-86,"0","EIF1AD"
2.89362070603184e-90,0.389120642749539,0.757,0.373,6.65908933079108e-86,"0","RBM22"
2.96915519543147e-90,0.666614358756985,0.482,0.18,6.83291685124644e-86,"0","AGFG2"
3.14622553636714e-90,0.755304498720554,0.419,0.141,7.2404088268417e-86,"0","C9orf40"
3.15236675802567e-90,0.25213543682043,0.73,0.344,7.25454162024448e-86,"0","RP4-706A16.3"
3.23539145455025e-90,0.547473775306205,0.64,0.286,7.44560635435649e-86,"0","DDX50"
3.49217178094113e-90,0.513053987807149,0.939,0.644,8.03653491947983e-86,"0","NDUFB8"
3.64137410425484e-90,1.20514284118825,0.312,0.083,8.37989422612167e-86,"0","DNA2"
3.66295748223635e-90,0.466315675447946,0.993,0.912,8.42956405387052e-86,"0","RPL26"
3.76653493906079e-90,1.75284978543697,0.254,0.051,8.66792685526058e-86,"0","HSPD1P1"
3.79496428425734e-90,0.417417426117569,0.854,0.436,8.73335130736141e-86,"0","PRR13"
3.89530295121579e-90,0.422835321684002,0.542,0.212,8.9642606816329e-86,"0","TCF19"
3.93516242210326e-90,0.351011691780715,0.535,0.209,9.05598928198624e-86,"0","TMEM222"
4.02884870270648e-90,0.449546942288452,0.652,0.294,9.27158951953843e-86,"0","PRKACA"
4.14047726988287e-90,0.323792174843991,0.687,0.311,9.52848034118144e-86,"0","NFKBIB"
4.37668139512857e-90,0.486760826439724,0.87,0.481,1.00720568946094e-85,"0","ZMAT2"
5.97041888133793e-90,0.334503676123877,0.623,0.273,1.3739724971623e-85,"0","KIAA0100"
6.04214845609507e-90,0.464379798481074,0.572,0.24,1.39047962420116e-85,"0","PPIP5K2"
7.43535667163716e-90,0.315654244859395,0.553,0.223,1.71109863084386e-85,"0","MRPL44"
7.49894218504805e-90,1.00246891356781,0.303,0.076,1.72573156504511e-85,"0","KIF20A"
8.63588257780144e-90,0.524496567552028,0.546,0.227,1.98737565762945e-85,"0","TERF2"
9.36999674805763e-90,0.586942620075835,0.467,0.171,2.1563173516305e-85,"0","LIN52"
9.56884788686195e-90,0.474973720412824,0.757,0.374,2.20207896420354e-85,"0","MRPS14"
9.57832977935499e-90,0.517486966470917,0.644,0.29,2.20426103212296e-85,"0","RPAP3"
1.01098282638656e-89,0.534732053317401,0.477,0.178,2.32657477836339e-85,"0","COG2"
1.11344667331397e-89,0.420072433802183,0.544,0.222,2.56237482929743e-85,"0","GPR160"
1.14024333489712e-89,0.488274216960776,0.953,0.659,2.62404198659874e-85,"0","UBE2D3"
1.16427685890133e-89,0.460866839415952,0.897,0.499,2.67935033538964e-85,"0","RAB1B"
1.20204302479755e-89,0.664816775035022,0.483,0.185,2.7662616129666e-85,"0","FOPNL"
1.34630928424881e-89,0.509032794133471,0.814,0.417,3.09826155584179e-85,"0","SRI"
1.40063952708042e-89,0.811782308964029,0.434,0.155,3.22329174367018e-85,"0","ZNF714"
1.46033957713482e-89,0.517063903852165,0.501,0.194,3.36067946886037e-85,"0","C1orf52"
1.60077567298879e-89,0.289186077045816,0.654,0.287,3.6838650562491e-85,"0","KXD1"
1.62109182010655e-89,0.385312712117957,0.841,0.445,3.73061860561121e-85,"0","WSB1"
1.67567780296308e-89,0.334262945631107,0.685,0.299,3.85623732795894e-85,"0","AC016739.2"
1.718842605369e-89,0.675780398930607,0.44,0.155,3.95557248773568e-85,"0","RP11-832N8.1"
1.72246666249197e-89,0.977710195788218,0.345,0.101,3.96391253039276e-85,"0","POLR1C"
1.81191152832492e-89,0.499679787809737,0.932,0.6,4.16975200013414e-85,"0","SLC1A5"
1.97029597532783e-89,0.365866554998512,0.778,0.381,4.53424212802193e-85,"0","PPP2R2A"
1.98010548151307e-89,0.478015155061511,0.57,0.238,4.55681674460603e-85,"0","ACBD6"
2.43040701382118e-89,1.46099888983003,0.275,0.063,5.59309566090669e-85,"0","PDSS1"
2.51518502740868e-89,0.577837262754373,0.536,0.219,5.78819530357559e-85,"0","GSR"
2.5224716166607e-89,1.33286595686975,0.261,0.055,5.80496393142126e-85,"0","SLC19A1"
2.62492169395241e-89,0.295868926190319,0.779,0.383,6.04073229429267e-85,"0","KCMF1"
2.67129027983154e-89,0.855988480028966,0.35,0.103,6.14744032097631e-85,"0","METTL16"
2.70355273379201e-89,0.507296958599994,0.509,0.2,6.22168590627555e-85,"0","TRIM25"
2.84918226317464e-89,0.388506614847542,0.532,0.209,6.55682314224381e-85,"0","GNA13"
3.0452017374566e-89,0.612913409930354,0.573,0.247,7.00792275840886e-85,"0","KATNBL1"
3.45528405790947e-89,0.482450605116166,0.609,0.255,7.95164520246705e-85,"0","RP11-40C6.2"
4.51175926925593e-89,0.409126415376464,0.571,0.236,1.03829116063387e-84,"0","SIT1"
4.73043172129398e-89,0.368921688996213,0.627,0.279,1.08861425202138e-84,"0","TXLNA"
5.40382770208878e-89,0.744876853234389,0.411,0.139,1.24358286908169e-84,"0","NUP160"
5.45515208418042e-89,0.433430502964927,0.709,0.332,1.25539414913244e-84,"0","SRF"
5.74306487319364e-89,0.848164258706168,0.361,0.11,1.32165151926805e-84,"0","KLHL18"
7.19308919078308e-89,0.483495836558341,0.544,0.219,1.65534561547491e-84,"0","CRLS1"
7.19997220973411e-89,0.420087182047203,0.757,0.375,1.65692960462611e-84,"0","KCTD20"
8.10908596397893e-89,0.543662462556224,0.459,0.169,1.86614395289047e-84,"0","STYX"
8.6442092703795e-89,0.416666955817026,0.876,0.488,1.98929187939243e-84,"0","TTC1"
8.874348049459e-89,0.38102024385583,0.86,0.473,2.042253716622e-84,"0","CNDP2"
8.96516247269951e-89,1.17283207696576,0.306,0.079,2.06315283984234e-84,"0","PDE4D"
9.30576896176361e-89,0.656010983538204,0.427,0.147,2.14153661117066e-84,"0","RCN2"
9.44240952492809e-89,0.559685635981699,0.612,0.268,2.1729817039717e-84,"0","NSL1"
9.98548052352924e-89,0.476895426497856,0.899,0.516,2.29795863287979e-84,"0","ST13"
1.00075005597625e-88,0.560291712683437,0.901,0.569,2.30302610381814e-84,"0","SEC11A"
1.01355778819541e-88,0.756014372694028,0.288,0.068,2.33250053797409e-84,"0","SLC16A6"
1.0245331020667e-88,0.635606057914245,0.494,0.187,2.35775802778609e-84,"0","GMFB"
1.04078917381062e-88,0.476889424178796,0.937,0.601,2.39516812569038e-84,"0","MRPL52"
1.13655927948992e-88,0.40679154727151,0.725,0.34,2.61556386989015e-84,"0","USP12"
1.28658855849665e-88,0.285672660087488,0.686,0.313,2.96082624966833e-84,"0","SYAP1"
1.31376935072591e-88,1.08187629139285,0.334,0.095,3.02337740682553e-84,"0","KLHL8"
1.37435124716077e-88,0.406329046073011,0.918,0.546,3.16279452509109e-84,"0","EIF4G1"
1.43458648309511e-88,0.467935244427774,0.813,0.416,3.30141387354679e-84,"0","SUMO1"
1.55128764906894e-88,0.5367267069642,0.854,0.483,3.56997826680235e-84,"0","SMARCA5"
1.57775953783301e-88,0.48945608335267,0.596,0.257,3.6308980244151e-84,"0","RNF114"
1.97821798404045e-88,1.25674735076505,0.358,0.111,4.55247304667229e-84,"0","ARNTL2"
2.22340873936304e-88,0.414794949769145,0.486,0.182,5.11673053189617e-84,"0","ABHD12"
2.34346869180188e-88,0.40369870989596,0.498,0.194,5.39302450044367e-84,"0","NIF3L1"
2.56445895023525e-88,0.87468248549795,0.385,0.126,5.90158938217639e-84,"0","SKP2"
2.69043750960817e-88,0.484646842981112,0.933,0.566,6.19150384086128e-84,"0","ENSA"
2.96965928105667e-88,0.381373000787361,0.767,0.371,6.83407690349572e-84,"0","RECQL"
2.99522086727233e-88,0.378953393885611,0.879,0.501,6.89290178185381e-84,"0","SEC13"
3.15923986087339e-88,0.86088955376091,0.398,0.133,7.27035869182793e-84,"0","ACD"
3.65398297412139e-88,0.433817025369746,0.61,0.268,8.40891101834556e-84,"0","URI1"
3.80582791353129e-88,0.595590906386222,0.424,0.149,8.75835177740956e-84,"0","SASS6"
3.87453761827037e-88,0.488080366669762,0.929,0.591,8.9164734209256e-84,"0","SAP18"
4.15975938506769e-88,0.488759517859664,0.99,0.825,9.57285427285627e-84,"0","ARHGDIB"
4.33530729376004e-88,0.50135697079472,0.617,0.276,9.97684267512997e-84,"0","RNU1-59P"
4.57237968684797e-88,0.509495591646959,0.977,0.706,1.05224173733432e-83,"0","NDUFS5"
4.62601266275373e-88,0.448042155584818,0.533,0.216,1.06458429407952e-83,"0","BRMS1"
4.67319086705902e-88,0.74432200507468,0.847,0.514,1.07544141423629e-83,"0","CDKN1A"
4.83107873722575e-88,0.548745824447628,0.563,0.234,1.11177614979776e-83,"0","MAPRE2"
4.87604941023811e-88,0.432319088774861,0.578,0.242,1.1221252507781e-83,"0","ZCCHC17"
4.92061087618407e-88,0.438705021293767,0.692,0.323,1.13238018093624e-83,"0","DDA1"
5.10984945171832e-88,0.657208739915621,0.438,0.156,1.17592965432394e-83,"0","SLC25A4"
5.23305365254469e-88,0.547427328547764,0.55,0.228,1.20428263706011e-83,"0","ITPA"
5.66577872106342e-88,0.735475177959315,0.391,0.128,1.30386565707832e-83,"0","STIL"
5.86696824895143e-88,0.37228349531841,0.46,0.168,1.35016540313119e-83,"0","CRKL"
6.10487620034267e-88,0.681311879535453,0.408,0.139,1.40491515998486e-83,"0","CARS2"
6.52338032902957e-88,1.14811950330677,0.354,0.108,1.50122551511957e-83,"0","GINS3"
6.60193229293285e-88,0.412828897657019,0.842,0.447,1.51930267857264e-83,"0","TIAL1"
6.61327319526598e-88,0.529460256551136,0.747,0.36,1.52191256042656e-83,"0","AIDA"
6.64852734646212e-88,0.33904037717855,0.848,0.457,1.53002559824133e-83,"0","OIP5-AS1"
6.94929954081944e-88,0.521674360883843,0.464,0.165,1.59924230332878e-83,"0","RPL10P3"
6.95597068601547e-88,0.514667446617587,0.524,0.212,1.60077753397274e-83,"0","IPO8"
6.95804869652922e-88,0.521399320937808,0.521,0.207,1.60125574653227e-83,"0","AGPS"
6.95861200051909e-88,0.572430476811121,0.46,0.169,1.60138537967946e-83,"0","TARBP2"
6.97782634781631e-88,0.389413005813409,0.637,0.284,1.60580717742297e-83,"0","MTA1"
7.164683853982e-88,0.487528960593424,0.502,0.195,1.64880869531688e-83,"0","SLK"
7.26365453860903e-88,0.364533398018337,0.838,0.443,1.6715848189701e-83,"0","UFD1L"
7.71282173018845e-88,0.701756704701467,0.388,0.128,1.77495166476827e-83,"0","WRAP53"
8.28691983495436e-88,0.547521074712996,0.584,0.25,1.90706886161805e-83,"0","CHAMP1"
9.90535805808765e-88,0.413620801113289,0.675,0.311,2.27952004990771e-83,"0","CAPZA2"
1.02186138442942e-87,0.435196506989197,0.486,0.186,2.35160960398743e-83,"0","TMEM261"
1.03442009971835e-87,0.957439779600085,0.346,0.105,2.38051097548185e-83,"0","COX10"
1.04139521165385e-87,0.300028474167103,0.749,0.365,2.39656280057901e-83,"0","UBTF"
1.09407431740324e-87,0.341833132640455,0.72,0.338,2.51779322664008e-83,"0","MED4"
1.14641156730091e-87,0.323316443749184,0.603,0.256,2.63823693982959e-83,"0","NTAN1"
1.1537214453692e-87,0.956445428100509,0.296,0.075,2.65505916222814e-83,"0","LONP1"
1.18725845959838e-87,1.49921739665614,0.266,0.061,2.73223789307375e-83,"0","CD96"
1.35198817578355e-87,0.516689084685436,0.45,0.162,3.11133038893069e-83,"0","ANKRD40"
1.4291880966736e-87,0.459426766768195,0.662,0.303,3.28899056687495e-83,"0","SF3A1"
1.67003051651446e-87,0.299511940107761,0.62,0.274,3.84324122765474e-83,"0","WDR33"
1.7864831190878e-87,0.271651564398123,0.633,0.277,4.11123360195676e-83,"0","SSSCA1"
1.93938006234945e-87,0.52655843769002,0.685,0.329,4.46309533748478e-83,"0","TIPRL"
2.16649983916674e-87,0.414053380801279,0.398,0.125,4.98576607987442e-83,"0","HSP90B2P"
2.32554900697733e-87,0.501405892872897,0.843,0.46,5.35178592975694e-83,"0","JUNB"
2.33969875206743e-87,0.353202219580882,0.875,0.479,5.38434873813277e-83,"0","THRAP3"
2.34471686080393e-87,0.431638106295422,0.917,0.551,5.39589691176809e-83,"0","NDUFB3"
2.46342020087063e-87,0.417596371111885,0.75,0.362,5.66906890826357e-83,"0","RAB14"
2.63829630251063e-87,0.741048059032751,0.412,0.14,6.07151128096772e-83,"0","HDDC2"
2.8023792736646e-87,0.711250875126198,0.343,0.099,6.44911542248433e-83,"0","HABP4"
2.81947598090124e-87,0.460124041697401,0.94,0.642,6.48846007484803e-83,"0","PAPOLA"
2.85740107039937e-87,0.5196072378966,0.977,0.76,6.57573708331007e-83,"0","CALM1"
2.95739423242738e-87,0.458503795199389,0.831,0.44,6.80585134708513e-83,"0","PTBP3"
3.45910229110423e-87,0.558675724886895,0.474,0.177,7.96043210251817e-83,"0","MPZL1"
3.68832528754335e-87,0.684428931195307,0.422,0.146,8.4879429842235e-83,"0","THAP1"
3.80376655629632e-87,0.696153157713376,0.422,0.148,8.75360797600472e-83,"0","ZDHHC16"
4.19188526537617e-87,0.85840711781463,0.308,0.08,9.64678556121017e-83,"0","BCL7A"
4.65786721158219e-87,0.542799088198796,0.488,0.19,1.07191498140141e-82,"0","PANK3"
4.93206780125517e-87,0.429626254082361,0.499,0.194,1.13501676310285e-82,"0","DNPEP"
5.54271619831442e-87,0.472294612349108,0.561,0.237,1.2755452787181e-82,"0","MRPL43"
5.76200594191174e-87,0.494758032336391,0.451,0.163,1.32601042741215e-82,"0","RPL26P37"
5.7683941440473e-87,0.461519879843719,0.836,0.457,1.3274805443696e-82,"0","SF3B4"
6.08725181517906e-87,0.423318693113765,0.592,0.252,1.40085926022716e-82,"0","KDSR"
6.23442914246777e-87,0.352400617007958,0.58,0.248,1.43472917855611e-82,"0","RNASEH2B"
6.71391878088545e-87,0.53476666973091,0.464,0.175,1.54507412904517e-82,"0","TIMM10B"
7.04285813098702e-87,0.430528656978549,0.557,0.233,1.62077294168404e-82,"0","CUL1"
7.08458185392625e-87,0.648936330544737,0.379,0.12,1.63037482204405e-82,"0","VWA9"
7.37056119987887e-87,1.11684095770116,0.338,0.1,1.69618724892812e-82,"0","WDR77"
7.81610312263185e-87,0.859400097334676,0.358,0.111,1.79871981161127e-82,"0","RRP8"
7.98208668243322e-87,0.410328115927602,0.743,0.366,1.83691760822836e-82,"0","SMEK2"
8.68423265120044e-87,0.470145703991451,0.994,0.868,1.99850246002076e-82,"0","RPL10A"
9.67910954786206e-87,0.462292674456627,0.94,0.594,2.2274534802495e-82,"0","TAP1"
9.84964976414379e-87,0.585704688647452,0.437,0.156,2.26669990022241e-82,"0","SUPV3L1"
9.85982393318467e-87,0.368724243275255,0.881,0.509,2.26904128174379e-82,"0","PRKCB"
9.8789848476092e-87,0.470465454463133,0.54,0.222,2.2734507829803e-82,"0","KLHDC3"
9.97875105753377e-87,0.492793321918973,0.857,0.471,2.29640998087025e-82,"0","DARS"
9.98826173414607e-87,0.901927033165907,0.427,0.155,2.29859867287903e-82,"0","MID1IP1"
1.03941990217561e-86,0.433387994953077,0.905,0.542,2.39201702087674e-82,"0","IFNAR1"
1.2718936588899e-86,0.611211441295925,0.453,0.166,2.92700887720332e-82,"0","HIBCH"
1.38385829138198e-86,0.418753784223671,0.613,0.272,3.18467308595735e-82,"0","FAM168B"
1.52314515005279e-86,0.365782734904322,0.719,0.343,3.5052139338165e-82,"0","ZFR"
1.57900765543374e-86,0.521203510700889,0.476,0.181,3.63377031744967e-82,"0","KDM2B"
1.7105852202645e-86,0.640532459887619,0.443,0.159,3.9365697673947e-82,"0","PSMG4"
1.79761034336303e-86,0.611215495438622,0.444,0.159,4.13684068318134e-82,"0","MGLL"
1.92655339608032e-86,0.419417104098153,0.617,0.273,4.43357733039963e-82,"0","PPP6R3"
2.00179421213386e-86,0.508010247860636,0.487,0.188,4.60672902038365e-82,"0","YY1AP1"
2.1264270745391e-86,0.691921879441956,0.457,0.172,4.89354662663683e-82,"0","ADSS"
2.1485012817044e-86,0.336540135569559,0.737,0.36,4.94434599958634e-82,"0","NDUFS8"
2.16690677214049e-86,0.372963975272806,0.76,0.377,4.9867025547269e-82,"0","TRA2A"
2.30080191900062e-86,0.688868861085606,0.351,0.104,5.29483545619614e-82,"0","RRP1"
2.36332091258009e-86,0.32257349016843,0.628,0.284,5.43871041612056e-82,"0","XPOT"
2.58064850675437e-86,0.490544692352851,0.841,0.462,5.93884640859383e-82,"0","HNRNPH3"
2.58158548979179e-86,0.456887706674135,0.521,0.206,5.94100268765784e-82,"0","PARP2"
2.93587378786394e-86,0.501830485676373,0.416,0.143,6.75632634801129e-82,"0","MYO19"
2.98577943993518e-86,1.17554742037203,0.25,0.052,6.87117422512282e-82,"0","ERMP1"
3.05573314706528e-86,0.702552424707767,0.366,0.115,7.03215869134133e-82,"0","NF2"
3.19839535331812e-86,0.52314058099324,0.508,0.203,7.360467226591e-82,"0","DDX54"
3.24440246762732e-86,0.858496997005584,0.343,0.101,7.46634339875075e-82,"0","PSMC3IP"
3.27838153570348e-86,0.445929680133587,0.637,0.287,7.54453942811441e-82,"0","EXOC5"
3.76349860594248e-86,0.897170184759108,0.385,0.126,8.66093934185543e-82,"0","TMEM209"
4.00721484766603e-86,0.419171131068028,0.851,0.457,9.22180352893384e-82,"0","TES"
4.03464893212389e-86,0.468939464845771,0.591,0.259,9.28493758749672e-82,"0","PAK1"
4.19943955239977e-86,0.406627750093115,0.489,0.186,9.66417024193758e-82,"0","LIG1"
4.53329350167372e-86,0.768574389828954,0.386,0.129,1.04324683354017e-81,"0","ZC3H8"
5.04204329664966e-86,1.48055310164818,0.305,0.084,1.16032542385799e-81,"0","APITD1"
5.52414658261566e-86,0.963286150602593,0.319,0.09,1.27127185305734e-81,"0","CENPL"
5.70730522555882e-86,0.505661864781823,0.964,0.759,1.31342215155785e-81,"0","ARF1"
5.79107385427759e-86,0.539782305143175,0.934,0.624,1.3326998260849e-81,"0","SUMO2"
6.23001417756881e-86,0.283965944871218,0.438,0.156,1.43371316268391e-81,"0","LIN7C"
8.15566982907712e-86,0.371631776072796,0.597,0.262,1.87686429776552e-81,"0","UTP23"
8.240448177392e-86,0.527750309642409,0.464,0.177,1.89637433906322e-81,"0","SENP1"
8.52298591145274e-86,0.443211981014975,0.427,0.148,1.96139474780262e-81,"0","JMJD8"
8.58357267399538e-86,0.412826498932349,0.941,0.569,1.97533757946656e-81,"0","PSME2"
8.85687551391475e-86,0.409317036113237,0.719,0.348,2.0382327620172e-81,"0","IWS1"
9.17136099427994e-86,0.63086708660698,0.42,0.148,2.11060530561364e-81,"0","ORC2"
9.7988242474365e-86,0.874763156239209,0.39,0.132,2.25500342406256e-81,"0","ERI1"
1.00644215547937e-85,0.421874359420964,0.463,0.172,2.31612533240468e-81,"0","TM2D3"
1.02940214340393e-85,0.383521613831247,0.808,0.427,2.36896315261547e-81,"0","ZC3HAV1"
1.37111937249667e-85,0.349354638784408,0.587,0.253,3.15535701192658e-81,"0","TCEB3"
1.37275566506688e-85,0.429385963047366,0.586,0.25,3.15912261201841e-81,"0","VPS26A"
1.51393441973053e-85,0.385134621606426,0.612,0.27,3.48401728012587e-81,"0","WAPAL"
1.60924068092016e-85,0.668781558151153,0.39,0.13,3.70334557900157e-81,"0","FBXO22"
1.66035717755216e-85,0.347653385412433,0.517,0.205,3.82097997270079e-81,"0","DIAPH3"
1.85274554285131e-85,0.441364108694002,0.42,0.146,4.26372331776373e-81,"0","POLR3E"
1.97263074968071e-85,0.490757470353271,0.865,0.482,4.53961514424023e-81,"0","ATP6V1F"
2.02523101278142e-85,0.330026597886769,0.577,0.246,4.66066412971387e-81,"0","NUP88"
2.05152858158148e-85,0.784214735814296,0.353,0.107,4.72118272479346e-81,"0","RCE1"
2.17567440742175e-85,0.279553699918103,0.736,0.359,5.00687951379968e-81,"0","RNH1"
2.39171858125319e-85,0.767890176260219,0.388,0.13,5.50406197103798e-81,"0","C10orf128"
2.80689386200649e-85,0.675504149897754,0.444,0.164,6.45950484463553e-81,"0","NGDN"
2.80877571262015e-85,0.366757611185241,0.491,0.189,6.46383554745275e-81,"0","ATR"
2.9830030553171e-85,0.418823948818952,0.532,0.217,6.86478493120125e-81,"0","WDR75"
3.2016596799234e-85,0.479998981778979,0.482,0.182,7.36797942140773e-81,"0","DPP3"
3.683430647109e-85,0.296190784604963,0.708,0.336,8.47667894819195e-81,"0","CTR9"
3.97478537269862e-85,0.380421300427893,0.608,0.271,9.14717357819133e-81,"0","SERPINB9"
4.11053095144736e-85,0.512976756500112,0.54,0.222,9.45956487856582e-81,"0","RAP1GDS1"
4.20547240624013e-85,0.587259840867531,0.405,0.138,9.67805364848042e-81,"0","IFRD1"
4.59736402173758e-85,0.448318088601663,0.859,0.481,1.05799138232247e-80,"0","TMEM50A"
5.02482570629546e-85,0.57881656291393,0.447,0.161,1.15636313978977e-80,"0","ANAPC13"
5.32871191200692e-85,0.373551998357952,0.828,0.422,1.22629647231015e-80,"0","PSIP1"
5.93939176202185e-85,0.902778667115,0.361,0.115,1.36683222619409e-80,"0","RBM19"
6.12685815917745e-85,0.283784120177942,0.599,0.25,1.40997386817151e-80,"0","STK38L"
6.326342038178e-85,0.776882197354104,0.409,0.142,1.4558810932459e-80,"0","PTRH2"
6.49258555250407e-85,0.443191942376037,0.901,0.486,1.49413871319776e-80,"0","MTPN"
6.73225960068878e-85,0.349139912755247,0.634,0.284,1.54929490190651e-80,"0","HINT2"
7.03193534121847e-85,0.558391050248471,0.488,0.19,1.61825928007461e-80,"0","MRPS22"
7.17583605747456e-85,0.405139479180789,0.597,0.261,1.65137515190662e-80,"0","MTMR6"
7.60325833749573e-85,0.572678058764129,0.51,0.205,1.74973784120789e-80,"0","WBP4"
8.04016050760084e-85,0.679540938923328,0.423,0.152,1.85028213761418e-80,"0","ELP6"
8.79982650730882e-85,0.480114831439562,0.518,0.211,2.02510407412698e-80,"0","THUMPD1"
9.09295187309666e-85,0.510645467990442,0.982,0.767,2.09256101455573e-80,"0","RP11-864N7.2"
9.3154744581353e-85,0.413131569988649,0.603,0.256,2.14377013705068e-80,"0","GLRX3"
9.56922377821334e-85,0.427122190214851,0.829,0.452,2.20216546808024e-80,"0","SREBF2"
1.0267965044603e-84,0.315468740192525,0.607,0.265,2.36296679571448e-80,"0","SPG21"
1.04296234557322e-84,0.286150615594237,0.501,0.196,2.40016924586765e-80,"0","RP1-17K7.2"
1.07773416157719e-84,0.476173572078294,0.495,0.198,2.48018962603759e-80,"0","PHF14"
1.09876267531939e-84,0.453065143400197,0.435,0.155,2.52858254471251e-80,"0","MRPS18A"
1.14899533266437e-84,0.498247745971875,0.528,0.217,2.64418295906051e-80,"0","MICU1"
1.18160681962466e-84,0.574818335556478,0.442,0.162,2.71923177400222e-80,"0","RPL9P9"
1.45091517157232e-84,0.276182477445734,0.873,0.481,3.33899108433938e-80,"0","EEF1B2P3"
1.45675259358836e-84,0.595253560605023,0.454,0.174,3.3524247436249e-80,"0","FAM126A"
1.54762823779595e-84,0.514417237723214,0.397,0.134,3.56155686363982e-80,"0","OSTM1"
1.69707414662675e-84,0.368766172902044,0.504,0.195,3.90547673363213e-80,"0","SLC25A37"
1.72741988035888e-84,0.642949686658134,0.411,0.142,3.97531137066989e-80,"0","KIN"
1.74143647926642e-84,0.291493427659319,0.613,0.274,4.00756776973581e-80,"0","PIM3"
1.78579927208231e-84,0.552355714258095,0.44,0.161,4.10965986484302e-80,"0","MMS19"
1.96453739251329e-84,0.299840372925279,0.587,0.253,4.52098990139083e-80,"0","ZNF101"
2.04181802755349e-84,0.845891372173344,0.377,0.123,4.69883582680884e-80,"0","POLR2D"
2.08129431294233e-84,0.360878914799887,0.72,0.343,4.78968260237419e-80,"0","PSMG2"
2.66983249977251e-84,0.340318267778911,0.904,0.537,6.14408553172648e-80,"0","SRPRB"
2.69619623144759e-84,0.352694893280179,0.874,0.466,6.20475638743034e-80,"0","COX5B"
2.69838598100293e-84,0.286729433447734,0.779,0.387,6.20979565808204e-80,"0","NUBP2"
2.8347485731931e-84,0.620192306342779,0.513,0.206,6.52360689148929e-80,"0","ARL6IP6"
3.33365116385448e-84,0.274417635738217,0.789,0.397,7.67173142337831e-80,"0","ALKBH5"
3.98098173953726e-84,0.414417076417376,0.562,0.241,9.16143327719709e-80,"0","CENPB"
4.81287369051345e-84,0.513503750887001,0.483,0.188,1.10758662239786e-79,"0","EXOSC6"
5.5331396743481e-84,0.441888442099269,0.85,0.494,1.27334143325773e-79,"0","SURF4"
5.75091779730392e-84,0.262676452230416,0.564,0.236,1.32345871269355e-79,"0","DERL2"
5.9973191886355e-84,0.562889786405743,0.49,0.193,1.38016306488069e-79,"0","RABIF"
6.15282525868589e-84,0.506800047633804,0.939,0.641,1.41594967678138e-79,"0","PCBP2"
6.3650051582214e-84,0.378000304922925,0.527,0.217,1.46477863706149e-79,"0","NNT"
6.71051504911056e-84,0.790802193649132,0.294,0.076,1.54429082825181e-79,"0","SRRD"
7.19885573003501e-84,0.29012036338312,0.618,0.269,1.65667266915296e-79,"0","FNTA"
7.73599789531475e-84,0.57601939257609,0.4,0.136,1.78028519564878e-79,"0","COX11"
7.92817693458003e-84,1.47422432177908,0.28,0.071,1.8245113579549e-79,"0","TUBB2A"
8.02115194379549e-84,1.00523640675291,0.298,0.079,1.84590769682566e-79,"0","GNL3L"
8.19252656069574e-84,0.342523685216673,0.885,0.502,1.88534613741291e-79,"0","LRRC59"
9.26922864682336e-84,0.317035790016226,0.48,0.185,2.13312758849346e-79,"0","USP36"
9.69149901851097e-84,0.350395152445325,0.868,0.471,2.23030466912993e-79,"0","ROCK1"
1.04647943256606e-83,0.410260944121375,0.424,0.15,2.40826311816427e-79,"0","COX19"
1.11834374143856e-83,0.31148473153822,0.793,0.396,2.57364445217255e-79,"0","DDX27"
1.16154309719599e-83,0.361944662151162,0.598,0.264,2.67305912957713e-79,"0","PPP1R11"
1.16384308554069e-83,0.399622479036968,0.493,0.195,2.67835209275478e-79,"0","ALDH3A2"
1.26172266332838e-83,0.411413720546689,0.713,0.352,2.9036023651176e-79,"0","C6orf106"
1.31789202037424e-83,0.632709545974748,0.364,0.116,3.03286490648724e-79,"0","HIRA"
1.37576201762113e-83,0.389511598031609,0.648,0.297,3.1660411311515e-79,"0","UBP1"
1.41732276514179e-83,0.309922902125377,0.837,0.455,3.2616848794208e-79,"0","TAP2"
1.445314843099e-83,0.268761692561854,0.71,0.338,3.32610304842372e-79,"0","RTFDC1"
1.45848013196198e-83,0.717340890764445,0.4,0.136,3.35640032768411e-79,"0","SAP30"
1.50980333973187e-83,0.622701125896605,0.452,0.167,3.47451042572496e-79,"0","COLGALT1"
1.68551725946223e-83,0.675968165005946,0.379,0.126,3.87888086920044e-79,"0","ATP5SL"
1.96139811288259e-83,0.420194157739542,0.588,0.259,4.5137654771767e-79,"0","CDC73"
1.97834965050118e-83,0.39063058367822,0.46,0.173,4.55277605069838e-79,"0","FANCG"
2.22117632850932e-83,0.495678700078894,0.977,0.747,5.11159308479851e-79,"0","ATP5I"
2.28898683616423e-83,0.649643191265893,0.365,0.117,5.26764540606474e-79,"0","PUS1"
2.5968345696912e-83,0.370268723027874,0.616,0.277,5.97609539523035e-79,"0","PTPRA"
2.7633657605571e-83,0.274338687703244,0.731,0.357,6.35933362477006e-79,"0","APOA1BP"
3.81514082415654e-83,0.466506089518388,0.491,0.192,8.77978357863144e-79,"0","C16orf72"
4.12611893644986e-83,0.55562793579677,0.507,0.205,9.49543750845207e-79,"0","TIMELESS"
4.63930683742747e-83,0.464752989293652,0.42,0.148,1.06764368249718e-78,"0","EIF2S2P4"
5.23476034030543e-83,0.31111366081653,0.625,0.281,1.20467539711449e-78,"0","IL21R"
5.28147717915725e-83,0.296278594939607,0.747,0.367,1.21542634323946e-78,"0","CPNE1"
5.6610768462831e-83,0.471004953099994,0.567,0.246,1.30278361463513e-78,"0","GID8"
6.08046824753594e-83,1.05338324456571,0.355,0.114,1.39929815780544e-78,"0","TIPIN"
6.11408368754889e-83,0.343203346730429,0.443,0.163,1.40703407901563e-78,"0","MRPL55"
6.41927636725231e-83,0.390207854165497,0.517,0.21,1.47726807039577e-78,"0","SLAIN2"
7.56606759295615e-83,0.420960882250276,0.505,0.202,1.741179135167e-78,"0","PPIL3"
7.74535746297205e-83,1.05097840560308,0.327,0.098,1.78243911295376e-78,"0","ACN9"
7.77468712558095e-83,0.371867150466924,0.617,0.282,1.78918874820994e-78,"0","DCTN1"
7.8920467378139e-83,0.401990029767368,0.627,0.285,1.81619671577311e-78,"0","PHAX"
8.1239863774401e-83,0.358330369711058,0.72,0.353,1.86957298504029e-78,"0","CHCHD1"
8.16350366602709e-83,0.513559573987941,0.502,0.203,1.87866709866281e-78,"0","OSBPL11"
8.3978944016425e-83,0.664342076021468,0.277,0.068,1.93260743864999e-78,"0","FAM195A"
8.51547474884575e-83,0.543331840573379,0.418,0.149,1.95966620395187e-78,"0","PTPLB"
8.7412356370422e-83,0.282554888699582,0.659,0.305,2.01162055715252e-78,"0","RBM42"
9.70034199814136e-83,0.766676603590727,0.354,0.111,2.23233970403227e-78,"0","MAD2L1BP"
9.75706105562752e-83,0.491753624764738,0.542,0.225,2.24539246073156e-78,"0","MB21D1"
9.77920544965536e-83,0.841654023515293,0.384,0.13,2.25048855012919e-78,"0","OPN3"
1.04211741264327e-82,0.900627771324585,0.334,0.1,2.39822480171595e-78,"0","ACACA"
1.17268745836254e-82,0.737005164912679,0.417,0.151,2.69870564792972e-78,"0","PRIM1"
1.21506200920895e-82,0.778032146746999,0.435,0.163,2.79622220179256e-78,"0","MCU"
1.35110437648976e-82,0.450241817840256,0.9,0.521,3.10929650161589e-78,"0","PPP4C"
1.82533911385835e-82,0.33338303172418,0.586,0.256,4.20065290272222e-78,"0","ZDHHC5"
1.93968181053053e-82,0.342449338802304,0.813,0.434,4.46378975057392e-78,"0","ETS1"
1.96015146947327e-82,0.368354480786537,0.421,0.148,4.51089657669884e-78,"0","TMEM184C"
2.14541704703958e-82,0.940099646071726,0.333,0.101,4.93724825035218e-78,"0","OXNAD1"
2.17958312642556e-82,0.354021642018765,0.657,0.303,5.01587464884314e-78,"0","CAPN2"
2.30868005881848e-82,0.510728580756616,0.5,0.202,5.31296541935896e-78,"0","FAM76B"
2.39064592948485e-82,0.426592362571453,0.359,0.112,5.50159347752349e-78,"0","XPO4"
2.66871352588674e-82,0.529297162229701,0.935,0.659,6.14151043712316e-78,"0","PTPRC"
2.96068497222327e-82,0.485314150705576,0.756,0.384,6.81342432657742e-78,"0","ARL6IP1"
2.968271165588e-82,0.40878760388429,0.831,0.444,6.83088243336766e-78,"0","RNF167"
3.29283573860155e-82,0.503785323982856,0.478,0.188,7.57780288524374e-78,"0","OXSR1"
3.53795929285194e-82,0.502414555161212,0.429,0.157,8.14190572064018e-78,"0","METTL13"
3.64506972767113e-82,0.339234389325256,0.437,0.164,8.38839896428958e-78,"0","TRAC"
3.66957146574997e-82,0.386813476317439,0.835,0.438,8.4447848141304e-78,"0","CYB5R3"
4.01258905638278e-82,0.291490518535477,0.631,0.286,9.2341711954537e-78,"0","KIF3B"
4.11697685891027e-82,0.381131001337585,0.905,0.524,9.47439884541019e-78,"0","PSMB6"
4.55758063686192e-82,0.582644456389175,0.48,0.189,1.04883603196103e-77,"0","MRPL48"
4.88538858186002e-82,0.445892232487096,0.45,0.168,1.12427447434345e-77,"0","NVL"
4.99655080092493e-82,0.437936504165432,0.511,0.207,1.14985623581686e-77,"0","NFYB"
5.35969754089321e-82,0.35628407382249,0.514,0.211,1.23342719508575e-77,"0","ZNF787"
5.41386955696245e-82,0.431507735606908,0.957,0.592,1.24589380114377e-77,"0","IQGAP1"
5.51680521240315e-82,0.347991817292613,0.847,0.457,1.26958238353034e-77,"0","NDUFC1"
5.77783450961368e-82,0.645791144409589,0.499,0.205,1.3296530556974e-77,"0","NIT2"
5.82365836277643e-82,0.488343508680261,0.434,0.161,1.34019849902574e-77,"0","SLC35F2"
6.96190922221633e-82,0.793022126315386,0.353,0.112,1.60214416930864e-77,"0","PDE12"
8.23483754530486e-82,0.654146101606303,0.437,0.162,1.89508316430101e-77,"0","NUP133"
9.68676509607585e-82,0.534716147746354,0.564,0.245,2.22921525155994e-77,"0","FGD5-AS1"
9.6933288028293e-82,0.703219124975853,0.445,0.172,2.23072575739511e-77,"0","NRROS"
1.27299655912756e-81,0.942205770232099,0.327,0.096,2.92954698152025e-77,"0","RPL9P7"
1.33588858017801e-81,0.700130227041761,0.399,0.141,3.07428038956366e-77,"0","SLC25A26"
1.39424966329513e-81,0.920563782407331,0.343,0.104,3.20858675014109e-77,"0","AC005884.1"
1.43924472691391e-81,0.314336175863384,0.518,0.208,3.31213389004698e-77,"0","MPRIP"
1.49696233745207e-81,0.3306304037149,0.548,0.232,3.44495942717845e-77,"0","RABEP1"
1.5608068479465e-81,0.94006804749361,0.355,0.114,3.59188479917929e-77,"0","TXLNG"
1.66395651342353e-81,1.32200544382464,0.291,0.08,3.82926312434158e-77,"0","ANKLE1"
1.9401367818647e-81,0.47292208220037,0.534,0.222,4.46483677610524e-77,"0","PRKACB"
1.95841223295704e-81,0.456731777644477,0.728,0.365,4.50689407170403e-77,"0","SNW1"
2.08594682665653e-81,0.340205334420607,0.495,0.198,4.80038943218468e-77,"0","ACSL3"
2.29603020675245e-81,0.82800445512992,0.399,0.143,5.28385431479942e-77,"0","CRYZ"
2.47986889495299e-81,0.325554828822272,0.636,0.293,5.70692228795532e-77,"0","DPP9"
2.55824763589953e-81,0.624263963044086,0.471,0.187,5.8872952844956e-77,"0","SGCB"
2.57473442391233e-81,0.528401761894121,0.46,0.178,5.92523632974944e-77,"0","PLEKHJ1"
2.64442040601392e-81,0.348475202481684,0.738,0.367,6.08560468035983e-77,"0","TRIP12"
2.67792706857851e-81,0.627165828912117,0.456,0.176,6.16271356291973e-77,"0","NFATC3"
3.01109855137696e-81,0.333155925876027,0.705,0.341,6.9294410962838e-77,"0","AC093106.7"
3.02494792321788e-81,0.599046892642804,0.453,0.171,6.96131265570131e-77,"0","COPRS"
3.13981513989835e-81,0.274493973271376,0.683,0.321,7.22565658144807e-77,"0","YTHDF2"
3.19471943210356e-81,0.465473508563482,0.48,0.187,7.35200782909991e-77,"0","RPS20P2"
3.23577050285596e-81,0.600572738345706,0.35,0.11,7.44647865822241e-77,"0","CLN6"
3.95019501092337e-81,0.418387416213296,0.709,0.344,9.09058377863794e-77,"0","NDUFB5"
4.23324213654564e-81,0.336474821476152,0.602,0.265,9.74196012883249e-77,"0","FPGS"
4.24296236363581e-81,0.558814179022201,0.398,0.14,9.7643292874351e-77,"0","NAB1"
4.36941137044704e-81,0.386775433594829,0.894,0.519,1.00553263868098e-76,"0","PNN"
5.52817116681944e-81,0.31402353928129,0.692,0.333,1.27219803062016e-76,"0","SDHA"
6.08592190840333e-81,0.347831298779165,0.572,0.25,1.40055320878086e-76,"0","PPTC7"
6.38609389825174e-81,0.466815891532867,0.875,0.506,1.46963178880467e-76,"0","ENY2"
7.67901765506154e-81,0.498739017060491,0.42,0.153,1.76717233295931e-76,"0","C9orf85"
8.10262382422308e-81,0.68170017053031,0.356,0.114,1.86465682066846e-76,"0","SLC5A3"
8.3139852638965e-81,0.511844782050088,0.482,0.197,1.9132974287805e-76,"0","C11orf84"
9.16022009996555e-81,0.381865605444522,0.575,0.254,2.10804145160507e-76,"0","TMEM165"
1.09599136858827e-80,0.311945133187805,0.695,0.333,2.52220493653219e-76,"0","CTCF"
1.29995585532852e-80,0.597895899055765,0.441,0.165,2.99158840986752e-76,"0","CHPT1"
1.35909620686614e-80,0.366995059046019,0.999,0.979,3.12768810086105e-76,"0","RPS6"
1.41325120142766e-80,0.446734459527106,0.562,0.246,3.25231498984547e-76,"0","GNPAT"
1.51237957868204e-80,0.352819545394141,0.883,0.501,3.48043912442098e-76,"0","BCAP31"
1.53416241154029e-80,0.682190327072099,0.409,0.145,3.53056795767766e-76,"0","SPOPL"
1.66155145800022e-80,0.415053943825185,0.534,0.226,3.82372837029591e-76,"0","TAF3"
1.73093817453468e-80,0.536507927619091,0.42,0.155,3.98340802105666e-76,"0","GLE1"
1.78905747004091e-80,0.351155425268767,0.589,0.265,4.11715795580514e-76,"0","TMEM9B"
1.86017084871397e-80,0.320024961808242,0.733,0.364,4.28081117414546e-76,"0","STRBP"
2.00764616692322e-80,0.309766278058161,0.7,0.34,4.62019612394042e-76,"0","POLR2B"
2.12023402096521e-80,0.456807150502993,0.439,0.165,4.87929455244724e-76,"0","THOC1"
2.26376481006718e-80,0.543448893037755,0.904,0.609,5.2096019574076e-76,"0","SELT"
2.28101787718943e-80,0.372859457004149,0.886,0.527,5.24930644077603e-76,"0","TM9SF3"
2.33895312859154e-80,0.61231189340692,0.385,0.132,5.38263283482771e-76,"0","SURF6"
2.44473488600645e-80,0.722709238332688,0.383,0.131,5.62606839316665e-76,"0","SLC35B4"
2.77351991361755e-80,0.744199272418182,0.406,0.147,6.38270137720807e-76,"0","GATC"
2.77616241799988e-80,0.401870415885591,0.876,0.519,6.38878257254313e-76,"0","ISCU"
3.01671914621462e-80,0.582715711768961,0.435,0.161,6.9423757711837e-76,"0","TOMM34"
3.01885505027025e-80,0.359076541596544,0.647,0.3,6.94729112718692e-76,"0","DYNLL2"
3.53726563349113e-80,0.754293366809037,0.393,0.138,8.14030940235314e-76,"0","MMS22L"
3.66311296861288e-80,0.525000729841699,0.477,0.189,8.42992187466881e-76,"0","DERA"
4.0494030208022e-80,0.311658488977992,0.856,0.454,9.31889117177209e-76,"0","LARP7"
4.51781968788795e-80,0.475285380056964,0.474,0.185,1.03968584477365e-75,"0","MRPL10"
4.88151046965439e-80,0.252660204457468,0.609,0.269,1.12338200438156e-75,"0","EML4"
4.89495377439259e-80,0.505220162147642,0.38,0.127,1.12647571210097e-75,"0","LONRF1"
5.31476404368222e-80,0.457910039986673,0.561,0.247,1.22308664937259e-75,"0","ING3"
6.02939903456655e-80,0.457488843982865,0.399,0.141,1.3875455998248e-75,"0","PMS1"
6.62466443989495e-80,0.761094398455699,0.371,0.121,1.52453402755303e-75,"0","HNRNPA1P48"
6.74344892964792e-80,0.767792863075049,0.349,0.11,1.55186990217988e-75,"0","TRIP6"
6.91721925648025e-80,0.357717380494589,0.609,0.279,1.5918596674938e-75,"0","SSNA1"
7.40740048730651e-80,0.892625831624848,0.35,0.113,1.70466507414385e-75,"0","ARMC6"
7.59082244418939e-80,0.563099787048857,0.337,0.103,1.7468759690813e-75,"0","DNAJC11"
7.92378156716965e-80,0.566172978960024,0.427,0.158,1.82349985205275e-75,"0","JAGN1"
8.83665141763825e-80,0.409429993668029,0.534,0.219,2.03357859074109e-75,"0","RP11-20O24.4"
9.08164002896254e-80,0.381580018250035,0.607,0.275,2.08995781986515e-75,"0","MRPL14"
9.32520911173001e-80,0.306291878412446,0.667,0.319,2.14601037288243e-75,"0","SLC25A46"
9.42570127069206e-80,0.410989594544731,0.612,0.282,2.16913663342436e-75,"0","RAB5A"
9.60026561525567e-80,0.456822407542711,0.539,0.231,2.20930912603879e-75,"0","ZDHHC12"
9.86454210363908e-80,1.14123313506876,0.298,0.083,2.27012707431046e-75,"0","RPS2P5"
1.05645813247353e-79,0.432929651431001,0.598,0.269,2.43122710026133e-75,"0","NOC3L"
1.07400478829441e-79,1.01645278187496,0.334,0.103,2.47160721930192e-75,"0","CDC7"
1.09317913077567e-79,0.330438819900413,0.535,0.225,2.51573313365404e-75,"0","MAP3K13"
1.11730382970374e-79,0.590183271556681,0.469,0.186,2.57125130329723e-75,"0","TMEM107"
1.22268921732073e-79,0.53753707892932,0.443,0.17,2.8137746958202e-75,"0","RBBP5"
1.25019920117128e-79,0.401561270565601,0.55,0.239,2.87708342165547e-75,"0","SEC23IP"
1.35120389501844e-79,0.826573056162171,0.318,0.095,3.10952552360594e-75,"0","FUT11"
1.40947706986e-79,0.820666470404225,0.372,0.125,3.24362958086882e-75,"0","POLA2"
1.47582871830275e-79,0.426075147355657,0.966,0.649,3.39632462943013e-75,"0","ACTN4"
1.51548323473772e-79,0.253127324385534,0.872,0.5,3.48758156810191e-75,"0","TPP2"
1.56107816038732e-79,0.458435736258219,0.442,0.165,3.59250917049934e-75,"0","LRWD1"
1.57495712008531e-79,0.522438889281274,0.405,0.144,3.62444882045232e-75,"0","TMEM199"
1.58624749395653e-79,0.333877697495844,0.519,0.212,3.65043135784217e-75,"0","CPSF7"
1.67736245106373e-79,0.322124864824429,0.873,0.49,3.86011420863295e-75,"0","CD180"
1.69077413906424e-79,0.437308822071413,0.482,0.195,3.89097852622854e-75,"0","ZNF131"
1.8382312161457e-79,0.284342238492286,0.794,0.431,4.2303214977161e-75,"0","WDR83OS"
1.85562211113197e-79,0.352617966687046,0.429,0.158,4.27034316434801e-75,"0","CEP78"
1.8668440043186e-79,0.459813611160041,0.469,0.185,4.29616810713839e-75,"0","PSMD5"
1.96738783761557e-79,0.297933137036395,0.578,0.248,4.52754963070471e-75,"0","SLC35A4"
1.97561402630276e-79,0.386435400580291,0.391,0.136,4.54648055873053e-75,"0","IL12RB1"
2.16910072930405e-79,0.453433024321997,0.987,0.794,4.99175150834741e-75,"0","H3F3B"
2.1939673539725e-79,0.317520684754251,0.649,0.303,5.04897707169691e-75,"0","EBAG9"
2.49511370823882e-79,0.47204167826768,0.534,0.227,5.74200517676999e-75,"0","CETN3"
2.51019356535526e-79,0.396074144754135,0.97,0.674,5.77670845195206e-75,"0","AC007969.5"
2.66804583031144e-79,0.366693652869374,0.457,0.177,6.13997386929571e-75,"0","LPGAT1"
2.91619626897096e-79,1.01201680653476,0.304,0.087,6.71104247378286e-75,"0","KNSTRN"
3.02421154478108e-79,0.578248802674349,0.445,0.172,6.9596180280047e-75,"0","NUPL2"
3.09434594859148e-79,0.28820777033697,0.743,0.375,7.12101833149357e-75,"0","TMEM248"
3.38549235820632e-79,1.08995154020102,0.381,0.137,7.79103356394021e-75,"0","PERP"
3.66669439278043e-79,0.726700473759584,0.403,0.145,8.4381638061056e-75,"0","NXT1"
3.86129399535093e-79,0.355883281892214,0.644,0.288,8.88599587150109e-75,"0","CMAS"
4.1632165640914e-79,0.287760723009642,0.525,0.218,9.58081027894355e-75,"0","DDRGK1"
4.2080579880478e-79,0.460188067828009,0.681,0.328,9.6840038478944e-75,"0","SDHC"
4.57447044038087e-79,1.03178208039795,0.299,0.085,1.05272288244485e-74,"0","SUCLA2"
4.79700239365894e-79,0.40570149886829,0.615,0.278,1.10393416085273e-74,"0","AP1S2"
4.94567960442985e-79,0.466526357828148,0.584,0.263,1.13814924736744e-74,"0","DPYSL2"
5.68892332167831e-79,0.270097649027602,0.641,0.296,1.30919192401783e-74,"0","VPS4B"
5.69196072176395e-79,0.442002446899191,0.545,0.236,1.30989092089954e-74,"0","SSH2"
5.9532534113099e-79,0.454578470422738,0.969,0.686,1.37002220754475e-74,"0","GNAI2"
6.24507391416887e-79,0.26426244448894,0.79,0.392,1.43717885986768e-74,"0","DYNC1I2"
6.59484511204156e-79,1.01634344395017,0.343,0.111,1.51767170563412e-74,"0","TXNL4B"
6.61931812289642e-79,0.256747271442992,0.594,0.264,1.52330367962215e-74,"0","ERICH1"
7.00405461590022e-79,0.36180510606129,0.809,0.434,1.61184308875712e-74,"0","PPHLN1"
7.12711365791505e-79,0.301406417268499,0.435,0.162,1.64016266609599e-74,"0","DDX56"
7.31552429288126e-79,0.705111603325434,0.478,0.193,1.68352160552077e-74,"0","TNFSF10"
7.8645505384619e-79,0.398848921051737,0.476,0.189,1.80986901541624e-74,"0","MKKS"
9.22213921209382e-79,0.290596660167271,0.587,0.26,2.12229089687915e-74,"0","MAPK14"
9.60519733998541e-79,0.346930992217513,0.589,0.263,2.21044406385084e-74,"0","HDAC3"
9.74487003237923e-79,0.515027605334738,0.398,0.141,2.24258694055143e-74,"0","THOC5"
9.80214038586534e-79,0.352881604123085,0.516,0.214,2.25576656699919e-74,"0","PRPSAP2"
1.43869654545884e-78,0.309783804166268,0.545,0.235,3.31087236006443e-74,"0","ATP2C1"
1.67644750699978e-78,0.252147529534807,0.852,0.469,3.8580086478586e-74,"0","CDC37"
1.68712616995945e-78,0.297912950624156,0.589,0.261,3.88258345492768e-74,"0","TMEM50B"
1.6979799103713e-78,0.473041975248626,0.392,0.137,3.90756116773748e-74,"0","CAPN15"
1.92190157285708e-78,0.273178917226529,0.586,0.258,4.422872089616e-74,"0","HTATSF1"
2.02655578597192e-78,0.927944011424504,0.294,0.082,4.66371283025719e-74,"0","RNMTL1"
2.19394889159749e-78,0.603945281809138,0.351,0.113,5.04893458423331e-74,"0","RP11-303E16.2"
2.51821880511885e-78,0.308694496300315,0.536,0.229,5.79517693622001e-74,"0","SMAD2"
2.62786543901008e-78,0.445526567163272,0.433,0.164,6.0475067347939e-74,"0","PIN1"
2.83057530082887e-78,0.544152765290266,0.394,0.139,6.51400293979749e-74,"0","IMMP1L"
3.16049473757283e-78,0.360549809439002,0.857,0.47,7.27324653957635e-74,"0","HMGN3"
3.55424966524029e-78,0.753572926353978,0.376,0.131,8.17939475461747e-74,"0","GALE"
3.59295001767032e-78,0.492194025728009,0.504,0.21,8.26845587566471e-74,"0","UBA6"
3.83354239958914e-78,0.612042127192076,0.394,0.138,8.82213112417449e-74,"0","NUDT16L1"
3.87528222315065e-78,0.285382378913348,0.581,0.257,8.9181869801366e-74,"0","TMEM18"
4.4432651939525e-78,0.311528251796941,0.659,0.313,1.02252861908429e-73,"0","RANBP2"
4.45987490056569e-78,0.341281614650562,0.556,0.242,1.02635101086718e-73,"0","PEF1"
4.71301679088671e-78,1.0444560900586,0.267,0.068,1.08460655408676e-73,"0","DOHH"
5.211228666343e-78,0.920766732907437,0.267,0.067,1.19926005298551e-73,"0","HMBS"
5.30399071678737e-78,0.278635136749823,0.679,0.325,1.22060738365428e-73,"0","SMC5"
5.32440332712256e-78,0.544448875727375,0.468,0.19,1.22530493767071e-73,"0","ZFAND1"
5.55300432232588e-78,0.610622903457687,0.407,0.151,1.27791288469685e-73,"0","NAA25"
5.78485473484061e-78,0.326608970577791,0.738,0.376,1.33126862012887e-73,"0","STAG2"
5.86100573403371e-78,0.609637500718354,0.367,0.125,1.34879324957318e-73,"0","C1orf174"
6.46721929466586e-78,0.288305648082422,0.712,0.353,1.48830117628146e-73,"0","NUFIP2"
7.49762334503427e-78,0.315426243357302,0.517,0.213,1.72542806039274e-73,"0","CLSTN1"
7.57896591531807e-78,0.445002002978595,0.962,0.681,1.74414742609215e-73,"0","HNRNPA3"
8.94984217298767e-78,0.464846760023532,0.876,0.52,2.05962717926965e-73,"0","COX7A2L"
9.77189499179638e-78,0.394808795874797,0.479,0.195,2.2488061944621e-73,"0","MDN1"
1.24749472663848e-77,0.696137998556063,0.367,0.125,2.87085961441314e-73,"0","NDRG3"
1.2581682002376e-77,0.785474672619638,0.302,0.086,2.89542247920679e-73,"0","RFT1"
1.3223684271265e-77,0.675928211821815,0.407,0.149,3.0431664613462e-73,"0","GTF3C4"
1.36129998150985e-77,0.608286702335876,0.37,0.125,3.13275964744861e-73,"0","TRMT1"
1.3728538224853e-77,0.395418767962477,0.935,0.607,3.15934850168542e-73,"0","BCLAF1"
1.41635321134161e-77,0.42154291432952,0.523,0.22,3.25945364526045e-73,"0","PPP4R1"
1.54689502106428e-77,0.455603444554585,0.977,0.764,3.55986951197523e-73,"0","TOMM7"
1.54751691127202e-77,0.338567385350128,0.489,0.198,3.5613006679103e-73,"0","JOSD1"
1.56306026694307e-77,0.262540302137356,0.562,0.247,3.59707059231608e-73,"0","SAFB"
1.63356625355607e-77,1.11614287914497,0.294,0.082,3.75932601930859e-73,"0","SPTLC1"
1.76522496059196e-77,0.414873777297309,0.94,0.573,4.06231220181027e-73,"0","PSMD4"
1.91222343130431e-77,0.42054208115092,0.894,0.567,4.4005997824606e-73,"0","ZNF706"
2.01610984698002e-77,0.445372581130738,0.46,0.18,4.63967359085511e-73,"0","WDR61"
2.09548812802667e-77,0.318281811709685,0.472,0.186,4.82234682902778e-73,"0","PEX14"
2.17334299103753e-77,0.304588505225681,0.46,0.178,5.00151422527467e-73,"0","PMPCA"
2.20903638430127e-77,0.596719703480043,0.582,0.266,5.08365543119252e-73,"0","ARL3"
2.27817340165661e-77,0.361415895375141,0.718,0.354,5.24276044923235e-73,"0","RALBP1"
2.48639951133389e-77,0.547123624798245,0.485,0.199,5.72195119543269e-73,"0","ELOVL1"
2.50521430460835e-77,0.537405897220376,0.472,0.193,5.76524967919521e-73,"0","PIGX"
2.55828419917908e-77,0.423204055475471,0.456,0.177,5.88737942757081e-73,"0","TMED7"
2.60574254806367e-77,0.777926175181244,0.339,0.108,5.99659532585891e-73,"0","FANCA"
2.72325887346509e-77,0.285614587398609,0.81,0.423,6.2670356455052e-73,"0","BECN1"
2.93380142763374e-77,0.422731909614653,0.536,0.228,6.75155722541354e-73,"0","PTRHD1"
3.10196066231525e-77,0.538282123280174,0.388,0.137,7.1385420721861e-73,"0","AC079922.2"
3.34935531692666e-77,0.250949905182063,0.816,0.438,7.70787139084332e-73,"0","BSG"
3.40263993795275e-77,0.479000435415168,0.514,0.217,7.83049528921066e-73,"0","GTF2H1"
3.47720878612748e-77,1.23128895368689,0.271,0.072,8.00210057951518e-73,"0","SUV39H2"
3.93328871592755e-77,0.412748706787722,0.951,0.658,9.05167732196406e-73,"0","HNRNPH1"
4.08168472541491e-77,0.302698258986381,0.601,0.259,9.39318105859734e-73,"0","RP11-112J1.1"
4.12264409245109e-77,0.597434856771891,0.387,0.137,9.48744084995769e-73,"0","RBL1"
4.1942291718491e-77,0.333061037420352,0.817,0.424,9.65217959317633e-73,"0","ATP6V1E1"
4.28579060400211e-77,0.322938423447883,0.598,0.274,9.86288991699006e-73,"0","RNF40"
4.34252320598314e-77,0.312099940845202,0.647,0.3,9.99344865392899e-73,"0","SNX4"
4.38852088635716e-77,0.491372472900995,0.448,0.172,1.00993031157737e-72,"0","AHCTF1"
5.26620763097076e-77,0.300806111878954,0.784,0.398,1.2119123621153e-72,"0","DBNL"
6.45500413449764e-77,0.48912094504175,0.928,0.606,1.48549010147194e-72,"0","CALM2"
6.56077042939136e-77,0.584160317561813,0.368,0.124,1.50983009891583e-72,"0","FEM1A"
6.8420683937764e-77,0.585237130047544,0.357,0.118,1.57456519945976e-72,"0","TMEM68"
7.04325816551062e-77,0.82318343199017,0.287,0.08,1.62086500162896e-72,"0","METTL1"
7.7920378149679e-77,0.333056138211211,0.899,0.524,1.79318166235856e-72,"0","AURKAIP1"
7.8201911514699e-77,0.355611344371304,0.455,0.179,1.79966058968777e-72,"0","COASY"
8.17231607941506e-77,0.392056697058294,0.648,0.314,1.88069509935579e-72,"0","FAM129A"
8.6415177260003e-77,0.387460390528449,0.456,0.181,1.98867247428445e-72,"0","ODF2"
9.70452164235128e-77,0.325604213463588,0.475,0.192,2.2333015655543e-72,"0","MICU2"
9.94142616242248e-77,0.528531078486614,0.384,0.135,2.28782040275829e-72,"0","APOPT1"
1.15862985680371e-76,0.554207292871095,0.443,0.171,2.66635488946237e-72,"0","SCCPDH"
1.24378439654901e-76,1.00170530627849,0.28,0.075,2.86232103177824e-72,"0","CENPP"
1.3382166917554e-76,0.265384820570255,0.54,0.229,3.07963807273671e-72,"0","CTB-63M22.1"
1.34926527011886e-76,0.284723610469195,0.707,0.332,3.10506416612454e-72,"0","ZYX"
1.42333167540871e-76,0.671328629351443,0.393,0.141,3.27551318461807e-72,"0","PREP"
1.54017268016105e-76,0.44129573253867,0.518,0.223,3.54439938885463e-72,"0","VPS72"
1.62034925237534e-76,0.696620919071264,0.365,0.125,3.72890973449137e-72,"0","TBP"
1.62899312519192e-76,0.47426933014419,0.434,0.168,3.74880187900418e-72,"0","POM121C"
1.63642320853301e-76,0.31751508262591,0.764,0.389,3.76590072979702e-72,"0","UBE2R2"
1.7292465746449e-76,0.286213233408218,0.553,0.244,3.9795151422303e-72,"0","SCO2"
1.73988456575589e-76,0.295849443751593,0.618,0.284,4.00399635117403e-72,"0","MED8"
1.82200186996485e-76,0.37389451729613,0.932,0.588,4.1929729033501e-72,"0","ANAPC5"
2.14605639235307e-76,0.476054747607169,0.428,0.164,4.93871957572211e-72,"0","SACS"
2.22798357888245e-76,1.16768197652764,0.28,0.076,5.12725861008218e-72,"0","SNRPGP2"
2.43029696056388e-76,1.02545668932478,0.286,0.08,5.59284239534566e-72,"0","RPAP1"
3.34636320956857e-76,0.453780905547442,0.448,0.175,7.70098565418016e-72,"0","CBR1"
3.62834628308443e-76,0.667101479886416,0.342,0.11,8.3499133012622e-72,"0","SYTL3"
3.7860685234943e-76,0.310953503113397,0.502,0.206,8.71287949311743e-72,"0","CTC-503J8.6"
3.91793131936198e-76,0.587395089943919,0.42,0.158,9.01633534524773e-72,"0","NAA35"
4.01501012582578e-76,1.00249354022853,0.269,0.07,9.23974280256286e-72,"0","RRP12"
4.1363339256768e-76,0.382498335553178,0.54,0.232,9.51894526316002e-72,"0","RAB18"
4.38620186740652e-76,0.262504437504705,0.569,0.251,1.00939663574626e-71,"0","CTD-3035D6.1"
4.76602920162047e-76,0.26956949853213,0.629,0.29,1.09680630016892e-71,"0","GPATCH11"
4.80657848494773e-76,0.325913480508073,0.825,0.468,1.10613790674102e-71,"0","CLDND1"
5.439822079854e-76,0.845928882049635,0.329,0.105,1.2518662552368e-71,"0","OTUD6B"
5.49014821337888e-76,0.31151241200083,0.555,0.245,1.26344780834488e-71,"0","DDI2"
6.17973597233982e-76,0.339468163095008,0.947,0.626,1.42214263931456e-71,"0","VCP"
6.27980381395533e-76,0.792044045761195,0.295,0.085,1.44517125170554e-71,"0","UTP15"
6.81422251833128e-76,0.864657690573088,0.329,0.104,1.56815702814358e-71,"0","QTRTD1"
6.92119300793324e-76,0.350654797427982,0.567,0.251,1.59277414691568e-71,"0","CUL5"
7.85775128232765e-76,1.15794427349958,0.273,0.074,1.80830430260206e-71,"0","AC108488.3"
7.86444745437864e-76,0.363787849517857,0.476,0.19,1.80984529267616e-71,"0","CASC5"
7.96474094876801e-76,1.45890846356667,0.274,0.076,1.83292583453998e-71,"0","RAD54L"
8.09694768293501e-76,0.420637835441872,0.887,0.528,1.86335057027383e-71,"0","CYTIP"
8.16541466506642e-76,0.25502930596324,0.737,0.364,1.87910687687174e-71,"0","MAD2L2"
8.37642782957515e-76,0.373455122009036,0.658,0.332,1.92766733642013e-71,"0","YBX3"
8.50765392519126e-76,1.04935529236701,0.319,0.1,1.95786639780427e-71,"0","SRP9P1"
8.99386760625737e-76,0.300891358569214,0.532,0.224,2.06975875222801e-71,"0","PIGS"
9.49516392374499e-76,0.354443639102747,0.468,0.186,2.18512207377143e-71,"0","ISOC1"
9.63029811345277e-76,0.477569345101374,0.408,0.149,2.21622050484889e-71,"0","FECH"
9.6833962116782e-76,0.856942438970611,0.332,0.107,2.2284399701935e-71,"0","C12orf52"
1.17157146088494e-75,0.350816473507187,0.614,0.283,2.69613740293452e-71,"0","PYCR2"
1.24668149647741e-75,0.341091522341148,0.525,0.224,2.86898812784346e-71,"0","DCAF12"
1.25176521091582e-75,0.327410792377734,0.498,0.203,2.88068727988058e-71,"0","RP11-889L3.1"
1.29601137137607e-75,0.611843776877895,0.358,0.12,2.98251096894776e-71,"0","RP11-434O22.1"
1.31641536073664e-75,0.400135988624494,0.457,0.181,3.02946666966323e-71,"0","MIS12"
1.31670676014935e-75,0.367909829961437,0.525,0.223,3.0301372671317e-71,"0","DHPS"
1.35309855607343e-75,0.459493370360688,0.526,0.225,3.11388570709178e-71,"0","CD58"
1.56161375156395e-75,0.792997347048773,0.38,0.135,3.59374172647413e-71,"0","AGK"
1.56249517109344e-75,0.365379140497779,0.674,0.323,3.59577013723734e-71,"0","NT5DC1"
1.57583404415016e-75,0.298507529463645,0.58,0.255,3.62646688580277e-71,"0","CCDC109B"
1.62866490064571e-75,0.643784903314293,0.361,0.121,3.74804653585597e-71,"0","CYB5R4"
1.80744700110991e-75,0.427867377677556,0.987,0.797,4.15947778365425e-71,"0","YWHAB"
1.81590606834836e-75,0.507489057369567,0.373,0.13,4.17894463509009e-71,"0","MTO1"
2.27989268840385e-75,0.526433680859138,0.478,0.199,5.24671704382377e-71,"0","RMDN1"
2.36567154589161e-75,0.338034767425342,0.849,0.473,5.44411992856036e-71,"0","YY1"
2.46827941850489e-75,0.306839810278323,0.74,0.376,5.6802514258053e-71,"0","SCP2"
2.67406445944289e-75,0.57602522320424,0.438,0.17,6.15382454051593e-71,"0","MSH6"
2.83817782554718e-75,0.353640272133699,0.507,0.212,6.53149862993172e-71,"0","CIB1"
3.26728582386055e-75,0.409799102820382,0.41,0.151,7.5190048664503e-71,"0","TMEM161B"
3.73019599005858e-75,0.473309897481851,0.432,0.167,8.58430003192181e-71,"0","CMC1"
4.09439173689817e-75,0.634793329975339,0.349,0.116,9.42242370412375e-71,"0","DLEU2"
4.16289701763019e-75,0.422669976618181,0.558,0.25,9.58007490667236e-71,"0","ISY1"
4.505800559153e-75,0.57830060517495,0.363,0.123,1.03691988267788e-70,"0","LPCAT1"
4.84988116310487e-75,0.654912786253956,0.358,0.121,1.11610315206532e-70,"0","C12orf49"
5.16761534119856e-75,0.266889716812248,0.577,0.263,1.18922331847002e-70,"0","MPV17"
6.44208404795639e-75,0.380360715178899,0.541,0.238,1.4825168019562e-70,"0","RPAIN"
6.68372576392548e-75,0.287689888640688,0.61,0.282,1.53812581005217e-70,"0","SFSWAP"
6.72337440505797e-75,0.465254683944713,0.469,0.191,1.54725015183599e-70,"0","SQRDL"
6.80207798540617e-75,0.539594750217694,0.414,0.156,1.56536220678152e-70,"0","MAPK8"
7.0260043786329e-75,0.32920313069153,0.483,0.198,1.61689438765479e-70,"0","TOR1AIP1"
7.04767551195266e-75,0.261925743338727,0.67,0.332,1.62188156556567e-70,"0","APPL1"
7.13354649364349e-75,0.488441345118632,0.45,0.179,1.64164305458218e-70,"0","AEBP2"
7.20604674538189e-75,0.444633503834719,0.933,0.618,1.65832753751473e-70,"0","HNRNPDL"
7.68746279246994e-75,0.579982328997498,0.347,0.116,1.76911581243111e-70,"0","RPL36A"
7.8059396016861e-75,0.687637123756705,0.337,0.109,1.79638088053602e-70,"0","SNAPC5"
7.94695933893876e-75,0.542681415081563,0.371,0.128,1.82883375266998e-70,"0","MICB"
9.39367304229098e-75,0.313280541755501,0.771,0.395,2.16176597722242e-70,"0","CUL3"
1.04921227653025e-74,0.522173529762485,0.453,0.181,2.41455221197907e-70,"0","RSPRY1"
1.0577557084009e-74,0.414733188144285,0.407,0.151,2.434213211743e-70,"0","ZNF271"
1.08472935737547e-74,0.59242420756872,0.399,0.147,2.49628767012817e-70,"0","VGLL4"
1.37419675845729e-74,0.613254977275557,0.395,0.144,3.16243900023777e-70,"0","THOC3"
1.46438441486167e-74,1.04341242278389,0.303,0.092,3.36998785392116e-70,"0","MIPEP"
1.48101219798778e-74,0.624836874545625,0.469,0.192,3.40825337122927e-70,"0","CMTM3"
1.56451249058633e-74,0.318680858178433,0.518,0.22,3.60041259458633e-70,"0","C21orf33"
1.87341942527245e-74,0.41564727678221,0.494,0.207,4.31130012337949e-70,"0","UBR7"
1.88764257034724e-74,0.616147742493788,0.37,0.129,4.34403184714011e-70,"0","NOP9"
2.25614766930776e-74,0.608891247317275,0.35,0.116,5.19207263137795e-70,"0","MED27"
2.30816894230877e-74,0.420198773263028,0.657,0.32,5.31178918693518e-70,"0","VPS29"
2.30882965954466e-74,0.574206505346875,0.456,0.184,5.31330969551013e-70,"0","ATF1"
2.42585829298673e-74,0.293510828951053,0.664,0.323,5.58262768965037e-70,"0","DDX42"
2.51676549571861e-74,0.276898411935492,0.655,0.318,5.79183243529723e-70,"0","OSTF1"
2.51700518272178e-74,1.20907427332742,0.263,0.069,5.79238402699764e-70,"0","ABHD5"
2.74771915934152e-74,0.293049558876013,0.663,0.315,6.32332610139265e-70,"0","SUMF2"
2.75601859440548e-74,0.66240426933794,0.335,0.106,6.34242559130534e-70,"0","HNRNPCP2"
2.80581719392594e-74,0.440084792701823,0.423,0.161,6.45702710838177e-70,"0","FAM122B"
2.91004675161246e-74,0.402576196277914,0.443,0.174,6.69689058948575e-70,"0","ACTR10"
3.08899340040433e-74,0.356725075180703,0.45,0.177,7.10870051235049e-70,"0","CRBN"
3.10145997717682e-74,0.735692243895385,0.383,0.14,7.13738984547703e-70,"0","TDP1"
3.29358059387169e-74,0.71777300356813,0.306,0.092,7.57951702067691e-70,"0","MPV17L2"
3.40009954990428e-74,0.269573377174397,0.838,0.465,7.82464909419472e-70,"0","SARS"
3.4610274103909e-74,0.471250497965125,0.526,0.229,7.96486237953259e-70,"0","C11orf73"
3.50700385982747e-74,0.555489399988838,0.372,0.13,8.07066798262095e-70,"0","NOL9"
3.835239974375e-74,0.449406235141408,0.396,0.146,8.8260377530292e-70,"0","CAMKK2"
3.84374759752669e-74,0.293504874430129,0.813,0.44,8.84561634618817e-70,"0","ANAPC11"
3.9165957969913e-74,0.403515266944307,0.491,0.204,9.01326190761607e-70,"0","TRAF4"
3.9173201061144e-74,0.622692808870673,0.365,0.127,9.01492876020106e-70,"0","ZBTB32"
4.11912081694986e-74,0.280629218228208,0.919,0.554,9.47933273604671e-70,"0","PRDX2"
4.60978918020277e-74,0.519463931313622,0.435,0.17,1.06085078404006e-69,"0","BROX"
5.26071308658356e-74,0.275316254885454,0.727,0.362,1.21064790261548e-69,"0","CTDSP1"
5.29534108637585e-74,0.487524098427798,0.481,0.195,1.21861684420767e-69,"0","RP11-169K16.7"
5.68554873676316e-74,0.4835017994944,0.459,0.187,1.3084153307913e-69,"0","ZC3H4"
5.73068188916984e-74,0.439343739289084,0.421,0.159,1.31880182315466e-69,"0","AGPAT1"
6.05910479507553e-74,0.552748856957687,0.414,0.157,1.39438178649073e-69,"0","NEDD1"
6.24279023468782e-74,0.443124501270675,0.539,0.234,1.43665331670871e-69,"0","FAS"
6.36643750867796e-74,0.293174025417808,0.793,0.428,1.46510826387206e-69,"0","CTC-575D19.1"
7.2571724243564e-74,0.42867791117328,0.553,0.246,1.67009309001714e-69,"0","OARD1"
7.81092945821014e-74,0.939320869111813,0.345,0.117,1.7975291962179e-69,"0","QDPR"
8.54032911367369e-74,0.407968535033703,0.959,0.655,1.96538593892973e-69,"0","FUS"
9.56539472480939e-74,1.01471943884632,0.259,0.067,2.20128428802038e-69,"0","AP001046.5"
1.01011938823044e-73,0.405542116118936,0.862,0.489,2.3245877481347e-69,"0","CDC42SE1"
1.01294539260339e-73,0.265674979398089,0.552,0.246,2.33109123199818e-69,"0","BICD2"
1.02413421336501e-73,1.00529491113366,0.257,0.066,2.35684006521689e-69,"0","ALDH1B1"
1.0769519190535e-73,0.380061443487885,0.522,0.228,2.47838945131781e-69,"0","UBE4B"
1.21388381163539e-73,0.467808614482109,0.445,0.178,2.79351081571652e-69,"0","HMGXB4"
1.47892130082843e-73,0.380075878987801,0.595,0.276,3.40344158959646e-69,"0","UBA3"
1.61179850904063e-73,0.447466869508181,0.977,0.768,3.7092319088552e-69,"0","PDIA6"
1.61913894539412e-73,0.507370143343062,0.431,0.169,3.72612445503549e-69,"0","MNAT1"
1.66570950694194e-73,0.302641781978071,0.45,0.177,3.83329728832548e-69,"0","CASC3"
1.83599553472368e-73,0.441187928784687,0.975,0.743,4.22517652405961e-69,"0","CAPZA1"
1.9075146351159e-73,1.11615244061797,0.298,0.09,4.38976342979222e-69,"0","GTDC1"
2.09795179931732e-73,0.32038358354188,0.874,0.502,4.82801647576895e-69,"0","CNOT1"
2.27069277818893e-73,0.495350645468621,0.427,0.164,5.22554529044619e-69,"0","C4orf46"
2.36310930695374e-73,0.448900089186397,0.947,0.665,5.43822344809264e-69,"0","HNRNPUL1"
2.43514767904854e-73,0.48206038953152,0.456,0.184,5.6040053537944e-69,"0","TMEM242"
2.57086509652691e-73,0.528055113652359,0.449,0.181,5.91633184663738e-69,"0","FAM103A1"
2.59508777977487e-73,0.307543927626026,0.429,0.163,5.97207550759591e-69,"0","CANT1"
2.90162534878675e-73,0.533713106334736,0.361,0.123,6.67751041516294e-69,"0","RP1-278E11.3"
3.07460731940818e-73,0.423882059104175,0.969,0.668,7.07559382415405e-69,"0","H2AFV"
3.23593773571614e-73,0.279938785069847,0.638,0.299,7.44686351120356e-69,"0","RAB11A"
3.40832972920655e-73,0.641320297441489,0.46,0.19,7.84358920582304e-69,"0","PBDC1"
3.45797553788869e-73,0.759959308730517,0.364,0.128,7.95783910534325e-69,"0","TEX9"
4.07460012114686e-73,0.260188330352395,0.714,0.354,9.37687725879527e-69,"0","HIGD2A"
4.0791133535007e-73,1.07491541640966,0.284,0.082,9.38726356041117e-69,"0","NCEH1"
4.12396343703469e-73,0.426019234376003,0.52,0.223,9.49047705764792e-69,"0","IAH1"
4.22454075210654e-73,0.412330550095963,0.397,0.148,9.72193563282277e-69,"0","CCZ1B"
4.29618822289284e-73,0.408276802383138,0.462,0.193,9.88681795734328e-69,"0","PRKX"
4.36256740029556e-73,0.752745783628921,0.984,0.849,1.00395763583002e-68,"0","HSPA5"
4.56664424122316e-73,1.31482830842254,0.26,0.069,1.05092183923269e-68,"0","DDX31"
4.6438377756029e-73,0.382553760436043,0.441,0.178,1.06868638729949e-68,"0","TGFB1"
4.73469922155061e-73,0.332397756619665,0.654,0.316,1.08959633185544e-68,"0","EIF1B"
5.66238838222288e-73,0.377021850212949,0.482,0.2,1.30308543840095e-68,"0","WDR34"
5.95339634668851e-73,0.321035826884818,0.578,0.263,1.37005510126343e-68,"0","DESI2"
6.10548139866093e-73,0.474191068098231,0.449,0.18,1.40505443427384e-68,"0","NPTN"
6.89339772666099e-73,0.368400098761659,0.467,0.192,1.58637761883649e-68,"0","SLC7A6"
7.007019201256e-73,0.289840629041254,0.566,0.252,1.61252532878504e-68,"0","GTF2E2"
8.13008489749142e-73,0.299976907512965,0.705,0.355,1.8709764374597e-68,"0","MFF"
8.24094924364248e-73,0.324439950179501,0.5,0.21,1.89648964943945e-68,"0","MIEN1"
8.45566601744728e-73,0.304131825672644,0.811,0.436,1.94590242059514e-68,"0","AP2M1"
8.56807008720792e-73,0.291764529868204,0.441,0.175,1.97176996916916e-68,"0","COQ4"
8.80329788678222e-73,0.284608393924737,0.419,0.158,2.02590294268519e-68,"0","ZNF592"
8.95607959581817e-73,0.680895463245517,0.399,0.15,2.06106259738564e-68,"0","CTDSPL2"
1.05083650058192e-72,0.276631740117273,0.782,0.417,2.41829003878917e-68,"0","ECH1"
1.11364336786373e-72,0.90477131164762,0.321,0.105,2.5628274824648e-68,"0","FAM200B"
1.13969382912465e-72,0.412462752892521,0.326,0.104,2.62277740896456e-68,"0","AC005262.4"
1.15914279063953e-72,0.383892685693854,0.934,0.611,2.66753530409875e-68,"0","SHMT2"
1.19023858214907e-72,0.274939885188227,0.538,0.237,2.73909604909966e-68,"0","ZNRF1"
1.19831545825559e-72,0.291839741411016,0.73,0.376,2.7576833640836e-68,"0","EIF2A"
1.21001930744101e-72,0.392903810185179,0.482,0.202,2.78461743221399e-68,"0","PANK2"
1.28790330671313e-72,0.425051576538117,0.388,0.139,2.96385187973893e-68,"0","CDR2"
1.39022057904851e-72,0.523016803284366,0.433,0.171,3.19931461856433e-68,"0","BCAP29"
1.61152183287454e-72,0.278538358701714,0.464,0.182,3.70859519399419e-68,"0","FTLP3"
1.7472351435932e-72,0.302597536293482,1,0.989,4.02091223595103e-68,"0","RPS8"
1.84703179243107e-72,0.498515001419396,0.37,0.131,4.25057426392162e-68,"0","ABCD3"
1.87105463882176e-72,0.291002096855331,0.554,0.249,4.30585804032051e-68,"0","PSAT1"
1.99020244954159e-72,0.612712038545859,0.314,0.098,4.58005289713006e-68,"0","CMAHP"
2.1954571595467e-72,0.779412686031367,0.302,0.093,5.05240556126483e-68,"0","ZMYND19"
2.32885492675015e-72,0.504907711868064,0.45,0.188,5.35939384293013e-68,"0","MRPS26"
2.33028250629382e-72,0.953159058971091,0.29,0.087,5.36267913173396e-68,"0","NUFIP1"
2.4368833529697e-72,0.439110156961477,0.522,0.23,5.60799966018917e-68,"0","KCNN4"
2.76234547935574e-72,0.868139712107088,0.289,0.086,6.35698565164136e-68,"0","PNPO"
2.91826550003643e-72,1.10188479761281,0.27,0.075,6.71580439523384e-68,"0","ALKBH2"
2.94382971710767e-72,0.64625502846186,0.305,0.093,6.77463532797987e-68,"0","ARHGAP19"
3.02306707523544e-72,0.619948391431939,0.27,0.074,6.95698426023933e-68,"0","EARS2"
3.08589543510351e-72,0.530122944036024,0.388,0.142,7.10157116480371e-68,"0","MAP3K3"
4.56175835693342e-72,0.739380881383667,0.372,0.134,1.04979745068109e-67,"0","C2orf69"
5.10651078018237e-72,0.369716186901642,0.457,0.185,1.17516132584337e-67,"0","CTC-228N24.3"
5.2090549294455e-72,0.302602907974502,0.739,0.381,1.19875981091329e-67,"0","STAU1"
5.67366947306363e-72,0.499582656213243,0.454,0.186,1.30568155583613e-67,"0","GTF2H5"
5.76316376097496e-72,0.265685161986558,0.832,0.469,1.32627687631317e-67,"0","YME1L1"
6.2680559416542e-72,0.78021784679635,0.333,0.11,1.44246771385288e-67,"0","GXYLT1"
6.46242676522855e-72,0.295355072997553,0.854,0.474,1.48719827148205e-67,"0","SRSF4"
6.97399622053849e-72,0.700583618508602,0.286,0.084,1.60492575023252e-67,"0","ZNF346"
7.17841989702311e-72,0.356207371717027,0.662,0.326,1.65196977090193e-67,"0","CNOT2"
7.47382906110565e-72,0.327459498057337,0.459,0.187,1.71995228183224e-67,"0","UBE2J2"
8.9340866478358e-72,0.501989957598777,0.398,0.15,2.05600136026645e-67,"0","ZNF639"
9.64991748980981e-72,0.285711069633627,0.594,0.27,2.22073551192993e-67,"0","MPC2"
9.70233968267127e-72,0.466049860688734,0.94,0.659,2.23279943117314e-67,"0","JTB"
1.08226220356876e-71,0.306564094336472,0.907,0.531,2.49061000907278e-67,"0","SF3B5"
1.19827085201922e-71,0.444110103451673,0.459,0.188,2.75758071175184e-67,"0","C5orf15"
1.3387977347728e-71,0.344544282708993,0.372,0.132,3.08097522703263e-67,"0","TCTN3"
1.39364848414958e-71,1.11308104965062,0.265,0.072,3.20720325657344e-67,"0","ANLN"
1.42080412982247e-71,0.361416121398659,0.54,0.239,3.26969654396045e-67,"0","WIBG"
1.58578047301753e-71,0.315047070839271,0.47,0.193,3.64935660255523e-67,"0","TAF13"
1.58949647913686e-71,0.437701313321843,0.352,0.122,3.65790824743765e-67,"0","ARV1"
1.64568144409277e-71,0.692308602842401,0.33,0.109,3.7872067072907e-67,"0","FASTKD3"
1.73248284047576e-71,1.09256828776823,0.264,0.072,3.98696276078688e-67,"0","DHX37"
1.73900575091596e-71,0.365982963960537,0.469,0.197,4.00197393458291e-67,"0","COQ5"
1.82156478093e-71,1.00763431221,0.278,0.08,4.19196703035421e-67,"0","LRP8"
1.85985963213157e-71,0.754865170447955,0.331,0.112,4.28009497142438e-67,"0","MOSPD1"
1.87137228943374e-71,0.641440118154395,0.401,0.153,4.30658904967386e-67,"0","ELK1"
2.20189717204473e-71,0.463135795137417,0.36,0.126,5.06722596202654e-67,"0","PUS3"
2.59605015748968e-71,0.820249437557296,0.345,0.119,5.97429022743101e-67,"0","CCDC104"
2.78218121626663e-71,0.366242092649223,0.485,0.205,6.40263363299439e-67,"0","IREB2"
2.93355174986455e-71,0.327141047807671,0.584,0.27,6.75098264196329e-67,"0","SLC2A3"
3.17562106879703e-71,0.523520909030619,0.406,0.157,7.3080567656226e-67,"0","GCDH"
3.25238097229823e-71,0.459239148252732,0.414,0.159,7.48470433154992e-67,"0","C4orf27"
3.92969790347362e-71,0.295642070833927,0.811,0.445,9.04341378526383e-67,"0","RNF10"
3.97760395333625e-71,0.283704743379073,0.583,0.265,9.15365997781271e-67,"0","ARPC1A"
4.79669562575508e-71,0.584213232696999,0.373,0.136,1.10386356435502e-66,"0","XPR1"
4.89801906591618e-71,0.858276454668196,0.307,0.096,1.12718112763929e-66,"0","HIST1H2AC"
4.98402419019002e-71,0.522367024820497,0.398,0.151,1.14697348688843e-66,"0","CCZ1"
5.42194253541658e-71,0.433238084838031,0.463,0.191,1.24775163567542e-66,"0","MAPK9"
5.71558414096507e-71,0.288574940295819,0.684,0.336,1.31532737836029e-66,"0","CEP57"
6.15495664674799e-71,0.521260099637839,0.425,0.167,1.41644017311611e-66,"0","SENP5"
6.72627226055695e-71,0.412357282449928,0.528,0.231,1.54791703532197e-66,"0","CYSTM1"
7.02159730305897e-71,0.296189294547473,0.567,0.258,1.61588018735296e-66,"0","KIAA1143"
7.27351632040586e-71,0.289052062378922,0.917,0.569,1.673854310815e-66,"0","ARID3A"
7.3435329031143e-71,0.303932716583369,0.438,0.174,1.68996722699369e-66,"0","RPL35P5"
8.04764633144478e-71,0.357323014220684,0.39,0.143,1.85200485025539e-66,"0","SDHAF2"
8.29371550914434e-71,0.34887653021958,0.477,0.199,1.90863275011939e-66,"0","STX8"
8.35545700179129e-71,0.428321204454167,0.85,0.493,1.92284131982223e-66,"0","POLR1D"
8.42712393263266e-71,0.407072449886384,0.441,0.175,1.93933403061675e-66,"0","MRPL24"
9.04022302114303e-71,0.533773453661239,0.377,0.137,2.08042652385565e-66,"0","C8orf76"
9.49647042709781e-71,0.501191944748152,0.447,0.184,2.18542273938802e-66,"0","MED10"
1.10474051526704e-70,0.264921461172028,0.596,0.277,2.54233934778404e-66,"0","UBLCP1"
1.38014015288118e-70,0.41072986002198,0.407,0.154,3.17611653382546e-66,"0","KEAP1"
1.39989598231025e-70,0.314389343514519,0.81,0.443,3.22158062409057e-66,"0","CMPK1"
1.57108641056371e-70,0.334960848897582,0.466,0.195,3.61554115663028e-66,"0","MTMR4"
1.72394040008091e-70,0.408572915954213,0.963,0.729,3.9673040427062e-66,"0","UQCRQ"
1.79045832764043e-70,0.326972198997428,0.912,0.571,4.12038174939891e-66,"0","MATR3"
1.83148232998971e-70,0.454360801626719,0.912,0.638,4.21479028600532e-66,"0","TCEA1"
2.07216345835487e-70,0.378791049064775,0.595,0.279,4.76866976671206e-66,"0","STAMBP"
2.08013555672513e-70,1.30702533452376,0.272,0.078,4.78701595669154e-66,"0","HSP90AB3P"
2.09308831813924e-70,0.68837835451792,0.376,0.142,4.81682414653383e-66,"0","C6orf211"
2.12694413929538e-70,0.569207532464946,0.382,0.139,4.89473654776047e-66,"0","TM2D2"
2.43307863637353e-70,0.256716402285665,0.414,0.158,5.59924386588641e-66,"0","UBE2Q2"
2.51879769315982e-70,0.449543255897034,0.416,0.162,5.7965091312687e-66,"0","MIOS"
2.82573501580672e-70,0.392752662895054,0.37,0.134,6.50286399187601e-66,"0","GMEB1"
2.97073387167625e-70,0.384369853411624,0.409,0.156,6.83654985888857e-66,"0","THAP5"
3.0596234499276e-70,0.281777791405239,0.463,0.191,7.04111144531838e-66,"0","NCBP2-AS2"
3.15828168845475e-70,0.610360919031291,0.367,0.133,7.26815364964091e-66,"0","SLC35A5"
3.30277611162821e-70,0.490557648681781,0.389,0.146,7.60067866569e-66,"0","C15orf40"
3.36033422777862e-70,0.434407862379775,0.344,0.119,7.73313715838693e-66,"0","RNF8"
3.41842955395508e-70,0.434516149245313,0.442,0.176,7.86683193251683e-66,"0","ASCC1"
3.58302058910716e-70,0.533009775266193,0.42,0.165,8.24560528171231e-66,"0","YEATS4"
4.27376787412017e-70,0.263812004624954,0.841,0.486,9.83522200871276e-66,"0","RASSF5"
4.32954631268046e-70,0.397329532850362,0.913,0.584,9.96358492937153e-66,"0","CD53"
4.51478022099166e-70,0.283184062349917,0.593,0.279,1.03898637225681e-65,"0","AGGF1"
4.94624169472116e-70,0.359791557173875,0.48,0.202,1.13827860120618e-65,"0","SASH3"
5.04705742908969e-70,0.308530183608993,0.491,0.208,1.16147932615641e-65,"0","PITRM1"
5.53048480353041e-70,0.550147008910019,0.402,0.154,1.27273046783645e-65,"0","MVK"
6.35371863064367e-70,0.647281982403567,0.403,0.155,1.46218126847003e-65,"0","CAAP1"
6.47976464831341e-70,0.374693456135308,0.907,0.566,1.49118823851636e-65,"0","TERF2IP"
7.06273660630169e-70,0.45094563668101,0.441,0.182,1.62534757520821e-65,"0","PEX26"
7.16767042852905e-70,0.42309566187608,0.934,0.6,1.64949599571739e-65,"0","SOD1"
7.30284511757279e-70,0.548321113772299,0.341,0.118,1.68060374690703e-65,"0","FLAD1"
9.11611585266502e-70,0.401057433931967,0.43,0.172,2.0978917411738e-65,"0","ATPAF1"
9.14984500201393e-70,0.647931109218033,0.391,0.151,2.10565383031347e-65,"0","PSPH"
1.00560339967421e-69,0.325130940856744,0.408,0.158,2.31419510367026e-65,"0","POLR3D"
1.04885792372313e-69,0.322776617900353,0.92,0.584,2.41373673986405e-65,"0","PSMD7"
1.08263266453234e-69,0.262158406733781,0.605,0.284,2.49146255088827e-65,"0","BNIP2"
1.21181332033837e-69,0.293462014524467,0.75,0.396,2.78874599409469e-65,"0","GM2A"
1.24316678999764e-69,0.454054987837928,0.489,0.208,2.86089973382157e-65,"0","TMEM69"
1.30554702593206e-69,0.578535879668929,0.405,0.158,3.00445537077746e-65,"0","VTI1A"
1.30708015119838e-69,0.660762690099071,0.351,0.126,3.00798355195283e-65,"0","MRS2"
1.33407836562062e-69,0.410403642608058,0.366,0.13,3.07011454280273e-65,"0","RANBP3"
1.97706604820893e-69,0.317617035675885,0.546,0.248,4.5498220967432e-65,"0","DCUN1D1"
2.262838740718e-69,0.276078083541922,0.875,0.513,5.20747079401434e-65,"0","TMCO1"
2.30068367344576e-69,0.252740014579734,0.722,0.369,5.29456333770073e-65,"0","HEBP2"
2.39589356846325e-69,0.335410810759263,0.459,0.194,5.51366986910448e-65,"0","EIF2D"
2.73535462228563e-69,0.26530124942125,0.306,0.096,6.29487159226591e-65,"0","ACVR1"
2.87520996422005e-69,0.377466180904916,0.356,0.125,6.6167206906596e-65,"0","CDKAL1"
2.9817991358979e-69,0.337680758379039,0.418,0.164,6.86201435144185e-65,"0","ARFRP1"
3.30634625102551e-69,0.760031579355214,0.322,0.108,7.60889462748501e-65,"0","NOC4L"
3.82387490153052e-69,0.475789067031265,0.392,0.15,8.79988331089218e-65,"0","COIL"
4.08308540948638e-69,0.292573399275089,0.539,0.238,9.39640445285101e-65,"0","RPA1"
4.80724662391437e-69,0.803087867965827,0.292,0.089,1.10629166556141e-64,"0","TRMT10A"
5.19859936944943e-69,0.415599832213479,0.379,0.142,1.1963536728914e-64,"0","POLH"
5.55951870960709e-69,0.429671471656684,0.92,0.561,1.27941204064188e-64,"0","GAS5"
5.71788089452288e-69,1.19645389476552,0.365,0.142,1.31585593025655e-64,"0","UCHL1"
7.20032095770718e-69,0.660080669333342,0.297,0.094,1.65700986199715e-64,"0","TFB2M"
7.44495795769366e-69,1.17374322765379,0.256,0.071,1.71330817480404e-64,"0","CHML"
8.41083057597115e-69,0.776106891284746,0.355,0.128,1.93558444044824e-64,"0","CPOX"
9.57027772464214e-69,0.681249313972938,0.288,0.087,2.20240801277189e-64,"0","DOLPP1"
1.05265705100042e-68,0.685058569254891,0.311,0.102,2.42247967146727e-64,"0","GRPEL2"
1.12508043016826e-68,0.370121727263485,0.402,0.154,2.58914759394622e-64,"0","RNF4"
1.13138905291635e-68,0.564339014328178,0.353,0.125,2.60366562747641e-64,"0","POLQ"
1.48309536464358e-68,0.286499509945681,0.501,0.218,3.41304736265428e-64,"0","MFSD10"
1.50212713671307e-68,0.72305790257193,0.403,0.161,3.45684517971778e-64,"0","HSPA1A"
1.80713782931347e-68,0.317315689850599,0.902,0.547,4.15876628659909e-64,"0","PSMD8"
1.86523299719761e-68,0.593784026674367,0.343,0.122,4.29246069645087e-64,"0","DUSP12"
2.1382042886203e-68,0.474099149846333,0.375,0.138,4.9206495294019e-64,"0","BAG4"
2.14104091932643e-68,0.341799800849062,0.415,0.164,4.92717746764591e-64,"0","COQ10B"
2.23057308404977e-68,0.306484998632991,0.372,0.135,5.13321783832374e-64,"0","BMI1"
2.27143283817976e-68,0.695510117466354,0.298,0.094,5.22724839050308e-64,"0","C12orf10"
2.50465496021693e-68,0.277715410459444,0.498,0.217,5.76396245994722e-64,"0","METTL2B"
2.62438572053873e-68,0.354368042299089,0.357,0.128,6.03949885867577e-64,"0","ZC3H7B"
2.84125855779088e-68,0.642384513783764,0.383,0.146,6.53858831904414e-64,"0","PRPSAP1"
2.86663930403111e-68,0.27930878955871,0.787,0.429,6.5969970303668e-64,"0","RDH11"
2.91699638487139e-68,0.389551395686972,0.461,0.193,6.71288378050453e-64,"0","WEE1"
2.96367144028741e-68,0.742885739915413,0.318,0.105,6.82029708553341e-64,"0","NARS2"
3.12246574483248e-68,0.705155426116324,0.332,0.114,7.185730418583e-64,"0","WBSCR16"
3.98620592236662e-68,0.79177329693676,0.414,0.171,9.17345568914229e-64,"0","BTBD10"
4.41983898513641e-68,0.375109350522007,0.549,0.253,1.01713754564944e-63,"0","MITD1"
4.54847563356757e-68,0.278025317501789,0.885,0.512,1.04674069755291e-63,"0","BST2"
4.63369893255014e-68,0.310271727357587,0.528,0.23,1.06635313534776e-63,"0","RALB"
5.38655398946274e-68,0.404237273000569,0.4,0.158,1.23960766959506e-63,"0","AP1M1"
5.62781419516934e-68,0.873822812037414,0.282,0.083,1.29512888073432e-63,"0","RP1-89D4.1"
5.68711314298264e-68,0.29538614041903,0.439,0.178,1.30877534759459e-63,"0","GTF3C3"
7.36349865005537e-68,0.394494466162186,0.429,0.175,1.69456194433724e-63,"0","BCAT2"
8.1728794079166e-68,0.372456135132681,0.924,0.589,1.88082473814385e-63,"0","KTN1"
8.29868516286955e-68,0.44880044992754,0.376,0.14,1.90977641653117e-63,"0","MFSD6"
9.49485317318148e-68,0.472266220836525,0.352,0.125,2.18505056074425e-63,"0","COMMD7"
9.53901551775548e-68,0.554815950193187,0.339,0.118,2.19521364110107e-63,"0","LAGE3"
9.92486667161802e-68,0.731257987599078,0.379,0.147,2.28400956713946e-63,"0","UHRF1BP1L"
1.00717455970671e-67,0.568380530870206,0.353,0.127,2.31781081425305e-63,"0","TTI1"
1.21571853870505e-67,0.488860101657038,0.375,0.141,2.79773307312193e-63,"0","C18orf21"
1.37912977307465e-67,0.578692533134842,0.321,0.108,3.17379134677668e-63,"0","C6orf136"
1.72613381622143e-67,0.40093876058802,0.385,0.147,3.97235175127037e-63,"0","VPRBP"
1.74832664207467e-67,0.760136814905553,0.318,0.108,4.02342410140643e-63,"0","THOP1"
1.92750130851858e-67,0.658819035420771,0.308,0.1,4.4357587612938e-63,"0","TFAP4"
2.06218661033535e-67,0.679250787420665,0.295,0.092,4.74571004636474e-63,"0","CLP1"
2.08819226446912e-67,0.48887394954873,0.424,0.171,4.80555685822278e-63,"0","RPP38"
2.27520662357405e-67,0.53485805728984,0.375,0.14,5.23593300283097e-63,"0","INTS7"
2.30238172759244e-67,0.295027444308869,0.917,0.575,5.29847106970848e-63,"0","MESDC2"
2.40370931941679e-67,0.595513869856914,0.359,0.131,5.53165625677385e-63,"0","WDR89"
2.56044734083748e-67,0.495455274047287,0.319,0.107,5.89235746546928e-63,"0","URB1"
2.58242782627296e-67,0.85141371733992,0.289,0.092,5.94294115660196e-63,"0","RAB33A"
2.78911835609764e-67,1.08342040513188,0.302,0.1,6.4185980728875e-63,"0","MYO1E"
2.83247345570703e-67,0.639866840518602,0.364,0.135,6.51837116361858e-63,"0","CNOT6"
3.02675060578614e-67,0.337692686095211,0.427,0.172,6.96546116909564e-63,"0","CCDC107"
3.29211011954377e-67,0.645411781825131,0.333,0.116,7.57613301810607e-63,"0","STOM"
3.63515538864437e-67,0.469075219215803,0.522,0.237,8.36558309588728e-63,"0","C17orf85"
3.81984010697848e-67,0.66684237645307,0.355,0.128,8.79059803818957e-63,"0","PDHX"
4.18275698937936e-67,0.373951275788137,0.392,0.148,9.62577865965872e-63,"0","POP5"
4.39587503819159e-67,0.455342220408621,0.382,0.147,1.01162272253903e-62,"0","ABHD10"
4.42471567919789e-67,0.394082213601642,0.976,0.824,1.01825981925381e-62,"0","SUB1"
4.67838496972097e-67,0.498118733100676,0.426,0.17,1.07663673308189e-62,"0","E2F3"
4.91403079522038e-67,0.688485301277876,0.366,0.136,1.13086590690407e-62,"0","TGFBRAP1"
6.53420104116589e-67,0.355672138622568,0.398,0.153,1.50371568560351e-62,"0","TM2D1"
6.57740486595621e-67,0.74124174844354,0.294,0.094,1.5136581818025e-62,"0","TRUB1"
6.68296087775877e-67,0.659030227555309,0.38,0.147,1.53794978679863e-62,"0","NUBP1"
6.69782649141506e-67,0.456764870339486,0.377,0.143,1.54137081046935e-62,"0","ADPRHL2"
7.18546487763329e-67,0.415019140866693,0.97,0.67,1.65359103228975e-62,"0","PARP1"
7.4692256241047e-67,0.417797670136371,0.388,0.149,1.71889289287521e-62,"0","TMEM192"
7.51321486048618e-67,0.365268702543162,0.918,0.597,1.72901613584368e-62,"0","MSN"
8.09249264556569e-67,0.379811455333749,0.914,0.555,1.86232533252403e-62,"0","NDUFB2"
8.70119156044771e-67,0.333205645877582,0.915,0.59,2.00240521380583e-62,"0","EPRS"
9.36785012422036e-67,0.392654485723825,0.402,0.157,2.15582334908683e-62,"0","UBAP1"
9.47445221958141e-67,0.421042689318524,0.984,0.853,2.18035568929227e-62,"0","RPL6"
9.89144533839188e-67,0.483094128190926,0.385,0.147,2.27631831572412e-62,"0","NDUFAF1"
1.00407401518522e-66,0.45938697259687,0.4,0.158,2.31067553114575e-62,"0","TBPL1"
1.07809276931323e-66,0.837997320927669,0.301,0.1,2.48101489002053e-62,"0","PAQR4"
1.12117625083658e-66,0.420132480775854,0.422,0.171,2.58016290605023e-62,"0","PIP5K1A"
1.20181316355583e-66,0.512875018925941,0.346,0.123,2.76573263329103e-62,"0","CUTC"
1.32742897838325e-66,0.260773869171727,0.585,0.278,3.05481230795337e-62,"0","HSPB11"
1.45360725810847e-66,0.44871821137919,0.945,0.643,3.34518638308501e-62,"0","DBI"
1.53969496066356e-66,0.251707700401253,0.819,0.454,3.54330001297504e-62,"0","COMT"
1.54321664567052e-66,0.501210714922665,0.313,0.103,3.55140446668156e-62,"0","ETFDH"
1.6293543291626e-66,0.375619781179863,0.399,0.156,3.7496331177019e-62,"0","ZNF598"
1.67448685196754e-66,0.619130482568835,0.293,0.093,3.85349659243289e-62,"0","LMBR1"
1.68272269718761e-66,0.39703079867662,0.372,0.14,3.87244974303784e-62,"0","QRSL1"
1.97054057681117e-66,0.609007484984243,0.346,0.126,4.53480502941554e-62,"0","TELO2"
2.08102832689017e-66,0.74639136165624,0.261,0.074,4.78907048867234e-62,"0","CABLES2"
2.19810495604668e-66,0.422143983542952,0.965,0.725,5.05849893535024e-62,"0","COX7C"
2.5297870000133e-66,0.761476280768393,0.282,0.086,5.8217988231306e-62,"0","NEIL2"
2.5415673127062e-66,0.372040874459454,0.42,0.168,5.84890885673078e-62,"0","CSTF3"
2.77668360735719e-66,0.67707898998833,0.318,0.109,6.38998198561111e-62,"0","AAR2"
2.7819853061162e-66,0.692016419944317,0.285,0.089,6.40218278496522e-62,"0","PPP6R1"
2.87999887005445e-66,0.397705551929486,0.379,0.145,6.6277413996563e-62,"0","KIF1B"
2.99383305694884e-66,0.261556092064725,0.911,0.539,6.88970801395637e-62,"0","PSMB8"
3.22479686655105e-66,0.478236370159582,0.387,0.151,7.42122502899393e-62,"0","MRE11A"
3.4155703436433e-66,0.401589627995945,0.963,0.682,7.86025203182632e-62,"0","MORF4L1"
3.68704875800085e-66,0.264992636935979,0.501,0.222,8.48500530678735e-62,"0","CIAO1"
4.47778635695793e-66,0.490309593465286,0.314,0.104,1.03047297432673e-61,"0","SRD5A3"
4.5550447385024e-66,0.578910343583954,0.366,0.137,1.04825244567156e-61,"0","ARHGAP18"
4.67678686451065e-66,0.699375337986868,0.309,0.103,1.07626896112984e-61,"0","RETSAT"
4.84565587188375e-66,0.607737411895104,0.311,0.101,1.11513078579661e-61,"0","RPL5P34"
4.96231813358125e-66,0.333973483730958,0.808,0.449,1.14197827208105e-61,"0","LGALS3"
5.50463012848775e-66,0.950592806355897,0.263,0.074,1.26678053146889e-61,"0","GAPDHP63"
5.65482805518348e-66,0.254506857420455,0.746,0.385,1.30134558033937e-61,"0","DNAJC21"
6.33122443084933e-66,0.28202525156379,0.957,0.674,1.45700467827136e-61,"0","EIF5"
6.42042564890243e-66,0.329027247742919,0.469,0.201,1.47753255458192e-61,"0","PHTF2"
6.63954122901558e-66,0.340479943366846,0.499,0.221,1.52795762303336e-61,"0","ALG13"
6.80488660646826e-66,0.452623106471776,0.412,0.166,1.56600855474654e-61,"0","RIOK2"
8.00687944293584e-66,0.399354831019228,0.958,0.667,1.84262316620282e-61,"0","ARPC3"
8.31636953265372e-66,0.363027273637401,0.458,0.195,1.9138461205496e-61,"0","MAP4K2"
1.06854841820195e-65,0.381658250808572,0.394,0.156,2.45905047480815e-61,"0","CCAR2"
1.27499504579554e-65,0.273576994433259,0.508,0.227,2.93414609888928e-61,"0","APOL3"
1.44656820143329e-65,0.527431895017957,0.383,0.149,3.32898740195842e-61,"0","STAMBPL1"
1.69939371052179e-65,0.6009850193692,0.339,0.121,3.91081474602379e-61,"0","PDSS2"
1.77956614811946e-65,0.968858422644532,0.275,0.085,4.09531557666731e-61,"0","C16orf59"
1.92181996681875e-65,0.597833072762989,0.389,0.156,4.42268428963998e-61,"0","TMEM99"
2.01798972617527e-65,0.327943268194958,0.456,0.192,4.64399975684714e-61,"0","OGFRL1"
2.27755108214958e-65,0.888609961346449,0.288,0.093,5.24132830535083e-61,"0","AMMECR1"
2.53386963092843e-65,0.795076609456387,0.262,0.077,5.8311941816556e-61,"0","UBXN2B"
2.5812362439438e-65,0.699058913253402,0.344,0.127,5.94019896818787e-61,"0","TAF9B"
3.05038631003344e-65,0.584622863982903,0.327,0.115,7.01985401527996e-61,"0","SLC25A44"
3.24715452337222e-65,0.362037427984747,0.453,0.192,7.47267670463648e-61,"0","UGDH"
3.67916532446534e-65,0.316860474409381,0.485,0.212,8.46686316119208e-61,"0","VEZT"
3.7261692998452e-65,0.504148977987916,0.362,0.134,8.57503340973375e-61,"0","RPS20P14"
4.01894346219531e-65,0.463850699218901,0.337,0.119,9.24879458955006e-61,"0","CCNB1IP1"
4.47752591894824e-65,0.337580344831142,0.371,0.141,1.03041303972756e-60,"0","NCAPH2"
4.72982105286035e-65,0.300551063634409,0.563,0.263,1.08847371889475e-60,"0","CYB5A"
4.88640029896836e-65,0.285033406242972,0.405,0.16,1.12450730080159e-60,"0","DNAJB12"
5.11554942023013e-65,0.29224868260566,0.618,0.297,1.17724138807756e-60,"0","EED"
5.22787361190521e-65,0.302501182432432,0.379,0.145,1.20309055430774e-60,"0","DGKZ"
5.26115752998485e-65,0.434420852521004,0.374,0.142,1.21075018237541e-60,"0","NDUFS7"
5.63948117630335e-65,0.436250612658656,0.341,0.122,1.29781380310269e-60,"0","SNRNP48"
5.81934411261951e-65,0.305960335909239,0.411,0.164,1.33920566063713e-60,"0","MAP2K4"
6.44527777840087e-65,1.04189956450127,0.267,0.081,1.48325177514339e-60,"0","SSBP2"
7.12595260824401e-65,0.600363985269686,0.34,0.124,1.6398954737352e-60,"0","FAM58A"
7.51569247311873e-65,0.373760304148461,0.488,0.217,1.72958630883881e-60,"0","MED28"
8.38012312233029e-65,0.468268313278873,0.382,0.149,1.92851773414187e-60,"0","NABP1"
9.32319140994604e-65,0.45038392006178,0.353,0.129,2.14554603917088e-60,"0","COMMD5"
1.15792032917356e-64,0.403455090061703,0.443,0.187,2.66472205352712e-60,"0","AKAP11"
1.1730553875235e-64,0.370871165161968,0.451,0.192,2.69955236330784e-60,"0","TMEM14A"
1.20643671620121e-64,0.527223167544088,0.387,0.153,2.77637281499384e-60,"0","ACTR6"
1.4744555790085e-64,0.405158933957052,0.448,0.191,3.39316462397225e-60,"0","GBAS"
1.48225388924578e-64,0.455530447653804,0.42,0.173,3.41111087532131e-60,"0","CDK7"
1.59269426194654e-64,0.292980788364433,0.414,0.167,3.66526730501757e-60,"0","FAM126B"
1.92556017849281e-64,0.256828176735934,0.526,0.232,4.43129163876551e-60,"0","EBI3"
2.24169558885703e-64,0.452015293135258,0.347,0.129,5.15881405863669e-60,"0","TRNT1"
2.27385848397722e-64,0.482073408712064,0.331,0.116,5.23283052917678e-60,"0","RHOT1"
2.43030924236143e-64,0.827894876899014,0.261,0.077,5.59287065944636e-60,"0","COX17P1"
2.44676060793031e-64,0.614730858391656,0.34,0.125,5.63073018703002e-60,"0","CEP57L1"
2.465730292496e-64,0.253607576774618,0.474,0.203,5.67438512212105e-60,"0","GBP1"
2.60512206533327e-64,0.293904944982403,0.888,0.546,5.99516740895145e-60,"0","WAC"
3.06009139836498e-64,0.253637044960172,0.864,0.501,7.04218833505733e-60,"0","SRP19"
3.11055314594162e-64,0.757788723233417,0.268,0.08,7.15831595475545e-60,"0","NEK2"
3.29870021203346e-64,0.297016441210507,0.449,0.191,7.59129879795261e-60,"0","ASNA1"
3.47698275972108e-64,0.325851683238402,0.374,0.143,8.00158042494612e-60,"0","POLR3A"
3.5797346212215e-64,0.339350981231958,0.359,0.134,8.23804328381703e-60,"0","HCCS"
3.6051619440398e-64,0.419254423577276,0.341,0.123,8.29655918181879e-60,"0","SCRIB"
3.81376563866264e-64,0.387470489721408,0.414,0.167,8.77661886425433e-60,"0","RABGGTA"
3.8332690572629e-64,0.594601084722022,0.326,0.114,8.82150208147912e-60,"0","LRRC40"
4.06123207317632e-64,0.58718495262678,0.323,0.113,9.34611337000066e-60,"0","HIST1H1B"
5.20060162201704e-64,0.47396760087484,0.381,0.148,1.19681445127478e-59,"0","SNAPC3"
5.69652952344891e-64,0.382900310290531,0.954,0.69,1.3109423392313e-59,"0","UBE2D2"
6.30389648532019e-64,0.583812568937787,0.336,0.122,1.45071569816674e-59,"0","PAFAH1B3"
6.65479938165551e-64,0.279732264205497,0.497,0.229,1.53146898170038e-59,"0","EPB41L2"
7.22309021820344e-64,0.731006626925422,0.25,0.071,1.66224975191516e-59,"0","BNIP1"
7.52261008270037e-64,0.263412277570266,0.435,0.181,1.73117825833184e-59,"0","MGME1"
8.49458594375871e-64,0.301806442807965,0.37,0.141,1.95485906323719e-59,"0","AGTPBP1"
1.01223608923924e-63,0.507471719277591,0.436,0.187,2.32945891216625e-59,"0","CDS2"
1.33034540492713e-63,0.74447631980351,0.265,0.081,3.0615238803588e-59,"0","ANKRD32"
1.46956572305409e-63,0.344545323062115,0.92,0.603,3.38191159846438e-59,"0","CLTC"
1.51298338268482e-63,0.831025794983532,0.309,0.107,3.48182865857258e-59,"0","KIF18A"
1.54411476018968e-63,0.305901202675917,0.852,0.527,3.55347129762451e-59,"0","DAZAP2"
1.93582909230348e-63,0.472964303846088,0.38,0.151,4.454923490118e-59,"0","POLG"
1.96665021833985e-63,0.340014331429489,0.511,0.233,4.52585214746549e-59,"0","LRRFIP2"
2.09772875181293e-63,0.703047250497778,0.353,0.134,4.82750317654709e-59,"0","THG1L"
2.15872822411022e-63,0.384960880009251,0.916,0.574,4.96788126214485e-59,"0","S100A11"
2.52314199601326e-63,0.658336026475135,0.298,0.099,5.80650667542531e-59,"0","POC1A"
2.59368336374144e-63,0.445016554983542,0.34,0.125,5.96884352497818e-59,"0","FAM122A"
2.77331474416246e-63,0.525556239251324,0.341,0.127,6.38222922074107e-59,"0","AGO1"
3.18170700187249e-63,0.503938037114178,0.362,0.139,7.32206232340915e-59,"0","PIAS2"
3.24746880626941e-63,0.326490310695405,0.396,0.157,7.4733999638678e-59,"0","DHX8"
3.49096082451993e-63,0.300164737931627,0.333,0.119,8.03374814546771e-59,"0","NAA60"
3.82224371630488e-63,0.296706905795201,0.509,0.23,8.79612946433242e-59,"0","GSS"
3.8403984688806e-63,0.309184968588117,0.451,0.194,8.83790899643491e-59,"0","MMGT1"
3.89467885150072e-63,0.335631215597716,0.924,0.589,8.9628244409586e-59,"0","NDUFA2"
4.66036022226893e-63,0.634838916609968,0.327,0.117,1.07248869795075e-58,"0","PCGF6"
4.75238633839065e-63,0.415445519744155,0.353,0.133,1.09366666805384e-58,"0","TBC1D7"
5.33859311575878e-63,0.357450120571542,0.862,0.529,1.22857043372957e-58,"0","RAB1A"
5.38216107904981e-63,0.541241743654723,0.326,0.116,1.23859672912173e-58,"0","NUP43"
5.52161459380001e-63,0.747698321376126,0.282,0.091,1.2706891664712e-58,"0","UBL4A"
6.44819076625018e-63,0.788136208109034,0.288,0.095,1.48392214103715e-58,"0","BORA"
6.59098765232457e-63,0.479294020303601,0.396,0.157,1.51678398842945e-58,"0","RHNO1"
6.93943699720075e-63,0.286629602822651,0.379,0.148,1.59697263616581e-58,"0","PRKRIP1"
6.94451292009698e-63,0.424590346684645,0.384,0.153,1.59814075830192e-58,"0","EXOSC1"
7.63162674571629e-63,0.700312707694939,0.353,0.135,1.75626626299169e-58,"0","KLF16"
1.05245899603702e-62,0.441835083721358,0.37,0.142,2.42202388757999e-58,"0","KIAA0391"
1.11887144220612e-62,0.410580768681074,0.332,0.119,2.57485884994896e-58,"0","HNRNPA3P6"
1.16748279510325e-62,0.857416705073633,0.273,0.086,2.6867281563711e-58,"0","SMYD2"
1.3278267826303e-62,0.27719024332502,0.554,0.263,3.0557277748671e-58,"0","UGP2"
1.43387490971299e-62,0.56901545016596,0.295,0.099,3.29977632972249e-58,"0","ARFIP1"
1.54968859396491e-62,0.440948796250119,0.376,0.147,3.56629836129145e-58,"0","NCDN"
1.64596381890038e-62,0.988194530654651,0.291,0.098,3.78785653643544e-58,"0","KATNAL1"
1.67875987069668e-62,0.763602167794948,0.268,0.084,3.86333009043426e-58,"0","C1orf112"
1.70738606295664e-62,0.577117503956958,0.378,0.149,3.92920754668212e-58,"0","LIMA1"
1.74085029983435e-62,0.454711241668328,0.343,0.124,4.0062187950088e-58,"0","HLTF"
1.77630039275998e-62,0.795624150817314,0.25,0.072,4.08780009385855e-58,"0","PAAF1"
1.77686382820265e-62,0.39852561531423,0.375,0.145,4.08909672784276e-58,"0","RNF11"
2.14564955350522e-62,0.637745868457169,0.372,0.145,4.93778331748156e-58,"0","SLC25A40"
2.16904641443064e-62,0.78510122425429,0.359,0.141,4.99162651352923e-58,"0","DUSP2"
2.20508130841672e-62,0.50491161458578,0.288,0.095,5.07455361505939e-58,"0","ZNF121"
2.38705890007148e-62,0.28830724720044,0.385,0.15,5.49333864673449e-58,"0","DMWD"
2.38872221086291e-62,0.748353095763397,0.304,0.106,5.49716642385881e-58,"0","LINC00665"
2.44876909865548e-62,0.362614751614381,0.45,0.192,5.63535232673585e-58,"0","AP1S1"
2.61191211368066e-62,0.338680097962788,0.945,0.584,6.01079334721331e-58,"0","MYH9"
4.71800405554422e-62,0.444299558618111,0.343,0.128,1.08575427330239e-57,"0","AFMID"
4.98526432609137e-62,0.416173696840327,0.904,0.578,1.14725887936341e-57,"0","MBNL1"
5.31461337841136e-62,0.697150949556693,0.328,0.121,1.22305197677381e-57,"0","HSF1"
5.85987138464024e-62,0.336637078192356,0.363,0.138,1.34853220174726e-57,"0","ALG14"
6.21994791399492e-62,0.38973691841441,0.368,0.144,1.43139661344765e-57,"0","DOT1L"
6.32738548827957e-62,0.492626889167655,0.401,0.167,1.45612122241778e-57,"0","CLEC2B"
6.78214569514619e-62,0.353215739193537,0.364,0.14,1.56077518882399e-57,"0","FBXO21"
7.86880588768065e-62,0.919933673893277,0.251,0.075,1.81084829893195e-57,"0","TONSL"
8.33057086765057e-62,0.591293376510455,0.332,0.12,1.91711427377243e-57,"0","NSMAF"
8.46437932813339e-62,0.594443256824233,0.273,0.084,1.94790761478334e-57,"0","RPLP0P6"
9.40439774497586e-62,0.27558691876847,0.433,0.183,2.16423405305129e-57,"0","ATMIN"
9.64322407029593e-62,1.27367274878649,0.28,0.095,2.2191951552972e-57,"0","GTSF1"
1.03472549370685e-61,0.433385791339671,0.354,0.137,2.38121377866758e-57,"0","DUSP11"
1.07361876648799e-61,0.382169383959466,0.413,0.172,2.4707188673188e-57,"0","PDE6D"
1.09695908374695e-61,0.788540786856275,0.314,0.113,2.52443193942685e-57,"0","ARL13B"
1.21407527974495e-61,0.359200438869082,0.959,0.661,2.79395144127705e-57,"0","UBL5"
1.50413689612359e-61,0.568695385154192,0.3,0.102,3.46147023904923e-57,"0","NKRF"
1.66504354491444e-61,0.505414656687129,0.357,0.136,3.8317647099116e-57,"0","CD226"
1.6959435721677e-61,0.672820181295072,0.317,0.113,3.90287494262952e-57,"0","RPL5P4"
1.76476666277342e-61,0.900924536394168,0.26,0.081,4.06125752104048e-57,"0","RP11-390K5.1"
1.76797619453889e-61,0.309306563403626,0.454,0.2,4.06864361649235e-57,"0","CFDP1"
1.83737208801806e-61,0.36934728531666,0.401,0.163,4.22834438615596e-57,"0","C2orf49"
1.89682107674078e-61,0.843569845525901,0.281,0.092,4.36515434390355e-57,"0","C2orf43"
2.12837631282297e-61,0.265121223436497,0.864,0.507,4.89803240869949e-57,"0","OXA1L"
2.19352015744759e-61,0.258683214279519,0.778,0.436,5.04794793833413e-57,"0","MORF4L2"
2.34287802524357e-61,0.413775801175112,0.418,0.175,5.39166519949302e-57,"0","DAAM1"
2.35655835282294e-61,0.87572958455757,0.274,0.088,5.42314773735143e-57,"0","SCFD2"
2.36651623927185e-61,0.700866633176843,0.291,0.098,5.4460638214363e-57,"0","XRCC3"
2.45873585348464e-61,0.54800599730237,0.443,0.195,5.65828881962421e-57,"0","PLIN2"
2.50630628021873e-61,0.397716633939035,0.392,0.158,5.76776264266736e-57,"0","WWP1"
2.62451860908383e-61,0.497502495094791,0.4,0.165,6.03980467508462e-57,"0","DCTN6"
2.8586837390499e-61,0.339072255977232,0.953,0.686,6.57868888867552e-57,"0","SRP72"
3.07069822043427e-61,0.510054436396052,0.341,0.128,7.06659781468538e-57,"0","PGAP2"
3.28141653999589e-61,0.431125744641173,0.326,0.116,7.55152388349253e-57,"0","TTC28-AS1"
3.39443929588318e-61,0.451663791173998,0.393,0.161,7.81162315161595e-57,"0","ZDHHC2"
3.43859367518354e-61,0.406486643286044,0.369,0.142,7.91323562469988e-57,"0","SC22CB-1E7.1"
3.48054495893263e-61,0.499182338676706,0.372,0.148,8.00977811399167e-57,"0","ZNRD1"
4.05489016828023e-61,0.285723228039497,0.328,0.117,9.33151874426329e-57,"0","SLC35A3"
4.21455130741315e-61,0.721226886946972,0.256,0.077,9.69894692374988e-57,"0","CEP76"
4.55791779792242e-61,0.40756460784488,0.364,0.141,1.04891362283589e-56,"0","DYM"
5.09015544820038e-61,0.520737965632412,0.349,0.132,1.17139747329435e-56,"0","FADD"
5.15704980410182e-61,0.521665406397194,0.272,0.086,1.18679187141795e-56,"0","IKBKAP"
5.29261307172897e-61,0.539359480390523,0.325,0.118,1.21798904619699e-56,"0","OGG1"
5.6133678875807e-61,0.513443618322747,0.371,0.15,1.29180435196895e-56,"0","SMARCAD1"
5.80932628783103e-61,0.292797353139813,0.327,0.117,1.33690025861855e-56,"0","KIF18B"
6.84726935536798e-61,1.11679379764688,0.261,0.082,1.57576209675083e-56,"0","CCDC51"
6.85998723421446e-61,0.284822865105784,0.483,0.218,1.57868886220977e-56,"0","AIM1"
7.10843236004181e-61,0.629169289537946,0.304,0.105,1.63586353901642e-56,"0","POLE"
7.35224078562374e-61,0.355221935695232,0.888,0.581,1.69197117199559e-56,"0","IRF4"
7.74111162052234e-61,0.353292685356236,0.461,0.205,1.78146201723081e-56,"0","EHD4"
7.82294067085582e-61,0.481020868589213,0.298,0.101,1.80029333658405e-56,"0","XPNPEP3"
7.86737461403127e-61,0.907309415697953,0.285,0.096,1.81051891992702e-56,"0","TAF5L"
9.28673480192454e-61,0.311098782589406,0.438,0.191,2.1371562799669e-56,"0","SLC25A19"
1.05091589904423e-60,0.429503244033091,0.34,0.126,2.4184727584705e-56,"0","SLC10A3"
1.06721438401238e-60,0.371776508373268,0.374,0.149,2.4559804619277e-56,"0","GPR180"
1.34673702791474e-60,0.432900458997417,0.346,0.131,3.09924592234019e-56,"0","TCHP"
1.37764985645919e-60,0.763657870495031,0.311,0.111,3.17038561466953e-56,"0","WDYHV1"
1.82911772863355e-60,0.280594990224519,0.866,0.508,4.2093486289044e-56,"0","MOB1A"
1.8451600746568e-60,0.283275914011968,0.547,0.262,4.2462668798077e-56,"0","DEGS1"
2.10419961765219e-60,0.3279922125886,0.352,0.134,4.84239458010297e-56,"0","TATDN2"
2.22454998545656e-60,0.361469801324392,0.333,0.123,5.11935688153118e-56,"0","DHX38"
2.28573787297462e-60,0.373572237804432,0.523,0.249,5.26016856707649e-56,"0","TMEM14C"
2.65567181902134e-60,0.256387049860407,0.887,0.531,6.11149755711382e-56,"0","RBBP4"
3.55062491123768e-60,0.719869314161586,0.263,0.082,8.17105310823128e-56,"0","DHX30"
3.60527452035637e-60,0.515674682304262,0.295,0.101,8.29681825369611e-56,"0","PKNOX1"
3.61006520658649e-60,0.299622270655209,0.941,0.604,8.30784305991749e-56,"0","PSME1"
3.70648693570686e-60,0.623111187075531,0.293,0.1,8.5297383851422e-56,"0","XRCC6BP1"
3.81945354606808e-60,0.338013043518591,0.383,0.156,8.78970844556648e-56,"0","POM121"
4.17797519867492e-60,0.377575658154257,0.348,0.132,9.61477432471059e-56,"0","RPUSD4"
4.55177083006003e-60,0.743369284828107,0.263,0.084,1.04749902112171e-55,"0","ZC3HC1"
4.68935869358245e-60,0.251502470577874,0.433,0.182,1.07916211615413e-55,"0","FKBP5"
4.86894798580048e-60,0.329434263949517,0.372,0.147,1.12049099997227e-55,"0","USP19"
5.58499737431892e-60,1.24741832369758,0.274,0.092,1.28527544575201e-55,"0","ZNF826P"
6.00379187448012e-60,0.677827586442011,0.258,0.08,1.38165262407411e-55,"0","E2F8"
6.596038231589e-60,0.367099364914152,0.386,0.156,1.51794627823558e-55,"0","TMEM194A"
7.10149655501434e-60,0.37829111117112,0.407,0.169,1.63426740220545e-55,"0","SEC22C"
7.35869210607379e-60,0.616583486497264,0.331,0.122,1.69345581437076e-55,"0","MSH3"
8.01139995834425e-60,0.755523002476073,0.274,0.089,1.84366347241376e-55,"0","PKIA"
8.60771684810259e-60,0.562038016424509,0.313,0.112,1.98089387825385e-55,"0","ZZZ3"
9.15702965915502e-60,0.439995925364319,0.313,0.111,2.10730723546135e-55,"0","C19orf47"
9.77890026753947e-60,0.519210342325063,0.344,0.129,2.25041831856886e-55,"0","MND1"
1.02959061203813e-59,0.305992180101323,0.89,0.561,2.36939687548335e-55,"0","SNHG6"
1.13257643895448e-59,0.251324466081459,0.408,0.171,2.60639815896595e-55,"0","RGS19"
1.52799320016931e-59,0.380689295529667,0.396,0.163,3.51637075154962e-55,"0","UBE2D1"
1.62687551562524e-59,0.264152036690434,0.798,0.437,3.74392862410837e-55,"0","FDFT1"
1.63120875953059e-59,0.281672592804927,0.397,0.165,3.75390071830774e-55,"0","FAM178A"
1.84906489306882e-59,0.529546042132051,0.363,0.144,4.25525303841927e-55,"0","CCBL2"
1.92218486106355e-59,0.3613350653421,0.396,0.163,4.42352402076554e-55,"0","REC8"
2.03385256527824e-59,0.421893348762831,0.341,0.13,4.6805049084748e-55,"0","RNVU1-6"
2.05112165490975e-59,0.471173122140824,0.313,0.112,4.72024626444382e-55,"0","POLR3F"
2.24633702607865e-59,0.783888740962888,0.269,0.087,5.16949539811479e-55,"0","MTX1"
2.50388949860448e-59,0.266969347223327,0.334,0.124,5.76220090313848e-55,"0","SNX9"
2.79007818754906e-59,0.690181183215148,0.321,0.116,6.42080693300665e-55,"0","FAM189B"
3.02045972589439e-59,0.397125272863012,0.334,0.124,6.95098396720076e-55,"0","HERC5"
3.07157970078574e-59,0.365987362846533,0.949,0.664,7.06862636541822e-55,"0","SRP14"
3.21653800095982e-59,0.251487150907193,0.375,0.149,7.40221890160884e-55,"0","CBL"
3.27335544401665e-59,0.56671604530756,0.327,0.121,7.53297288331551e-55,"0","RMDN3"
3.28398517869335e-59,0.820679056717621,0.29,0.101,7.55743509172701e-55,"0","ZNF367"
3.37906058334187e-59,1.02690458557671,0.252,0.078,7.77623212044464e-55,"0","ANKRD37"
3.61157269432562e-59,0.339773425525973,0.421,0.18,8.31131224145155e-55,"0","DNAAF2"
3.6361953174186e-59,0.548979288189448,0.273,0.089,8.36797628397543e-55,"0","ALG6"
3.80414518842306e-59,0.342028673814399,0.377,0.153,8.75447932211799e-55,"0","HIF1AN"
3.82561989587117e-59,0.264531441218807,0.429,0.186,8.80389906636833e-55,"0","PNKD"
4.07370294682662e-59,0.344910493590945,0.879,0.531,9.3748125915321e-55,"0","GNG5"
4.23902889004688e-59,0.364565357325321,0.398,0.167,9.75527718466489e-55,"0","AP5M1"
5.39843817603677e-59,0.41555008807962,0.299,0.103,1.24234257745134e-54,"0","CCR10"
5.40053066450516e-59,0.731431336438034,0.296,0.103,1.24282412182257e-54,"0","NUDT9"
5.40552378207852e-59,0.299971313054081,0.397,0.163,1.24397318796973e-54,"0","ECI2"
5.48542975876681e-59,0.83690164168889,0.276,0.092,1.26236195038501e-54,"0","GNGT2"
5.50161534241773e-59,0.302547695000276,0.356,0.138,1.26608673875059e-54,"0","ABCC1"
5.88094411021887e-59,0.624492261438661,0.271,0.089,1.35338166808467e-54,"0","C16orf70"
6.865545407419e-59,0.370586510000181,0.343,0.131,1.57996796460933e-54,"0","TOR2A"
7.01763190453256e-59,0.64214545616799,0.333,0.126,1.61496763019008e-54,"0","COPS4"
7.2687015363503e-59,0.255492908866636,0.382,0.155,1.67274628456029e-54,"0","DHX16"
7.34194331014662e-59,0.279574675294657,0.352,0.136,1.68960141396404e-54,"0","AVEN"
7.66071358178134e-59,0.647669392556108,0.252,0.078,1.76296001657534e-54,"0","USP13"
8.74204942839142e-59,0.429664032449366,0.384,0.158,2.01180783495572e-54,"0","TXNDC9"
9.96538364704357e-59,0.349280976259799,0.457,0.204,2.29333373869414e-54,"0","VAMP7"
1.12116367878008e-58,0.26871228943734,0.374,0.15,2.58013397397659e-54,"0","CSGALNACT2"
1.3564460106926e-58,0.31710995083303,0.374,0.152,3.12158920440688e-54,"0","ABCB7"
1.43794709726105e-58,0.40488522150706,0.391,0.163,3.30914765492684e-54,"0","SLC15A4"
1.71973720718331e-58,0.469179070947106,0.28,0.094,3.95763123489095e-54,"0","GCFC2"
1.79646921337737e-58,0.450931577146842,0.47,0.218,4.13421460074535e-54,"0","ARHGEF6"
1.91217729468393e-58,0.306670965801263,0.284,0.093,4.40049360825613e-54,"0","PHACTR1"
1.91643077799878e-58,0.46041798142452,0.368,0.149,4.41028214940859e-54,"0","NME4"
2.14623258659452e-58,0.530612506387721,0.346,0.136,4.93912505152996e-54,"0","METTL8"
2.19421505536108e-58,0.321527865464294,0.352,0.135,5.04954710690246e-54,"0","NELFA"
2.60162405814062e-58,0.640910003670433,0.293,0.103,5.98711744499901e-54,"0","GNPDA2"
2.71875299934468e-58,0.485993675579786,0.296,0.102,6.25666627739192e-54,"0","HDAC8"
2.90071258861802e-58,0.316474991338634,0.486,0.222,6.67540988018666e-54,"0","STARD4"
3.85443377161546e-58,0.598187910064418,0.333,0.127,8.87020843861866e-54,"0","ABI2"
4.26412440000665e-58,0.287652357809238,0.979,0.746,9.81302948173531e-54,"0","PPDPF"
5.19236946682375e-58,0.306444218014179,0.954,0.618,1.19491998540015e-53,"0","IL2RG"
5.424345284559e-58,0.372404769253713,0.931,0.643,1.24830458033556e-53,"0","RAD21"
5.51507754908089e-58,0.287148472437684,0.943,0.583,1.26918479636999e-53,"0","MYL12A"
5.5404699458246e-58,0.535816033137187,0.305,0.11,1.27502834863262e-53,"0","RPRD1B"
6.44103626841623e-58,0.348795176892634,0.382,0.156,1.48227567645063e-53,"0","CLASP1"
6.46630858562209e-58,0.402282079195355,0.312,0.113,1.48809159480921e-53,"0","AGO2"
6.7418049760269e-58,0.288474038046914,0.389,0.163,1.55149157913307e-53,"0","DROSHA"
7.0535060914567e-58,0.488988127275524,0.288,0.099,1.62322335682693e-53,"0","ZNF544"
7.74952863757333e-58,0.309883801295132,0.423,0.185,1.78339902536475e-53,"0","PELP1"
8.18266856965887e-58,0.445779260729283,0.358,0.143,1.8830775179356e-53,"0","ANKRD52"
8.83055534439653e-58,0.373657977143606,0.988,0.841,2.03217570140597e-53,"0","RPL4"
1.06294578447e-57,0.586676731603695,0.282,0.096,2.44615713380082e-53,"0","GFM2"
1.07971381625085e-57,0.256301643460571,0.885,0.531,2.48474540533809e-53,"0","STARD7"
1.34899529065935e-57,0.785997010041861,0.295,0.105,3.10444286239435e-53,"0","AKIP1"
1.52165573158834e-57,1.19970678475714,0.267,0.089,3.50178633510426e-53,"0","RP11-701P16.5"
1.63184088894206e-57,0.613440511719053,0.261,0.084,3.75535543772237e-53,"0","DIEXF"
1.78584833325435e-57,0.304728541291611,0.415,0.179,4.10977276931824e-53,"0","FAM20B"
1.89580356645513e-57,0.416730348790731,0.363,0.146,4.36281274748319e-53,"0","C14orf142"
1.97258493809801e-57,0.583390482168777,0.256,0.08,4.53950971804495e-53,"0","SOCS2"
2.13048716847077e-57,0.921201346381964,0.259,0.084,4.90289012080177e-53,"0","TMEM189"
3.00808572610368e-57,0.358567509378897,0.967,0.656,6.92250768148239e-53,"0","CALM3"
3.12542636459335e-57,0.356161634773241,0.389,0.162,7.19254369283867e-53,"0","TMEM43"
3.30049166077569e-57,0.566854187235835,0.268,0.088,7.5954214589431e-53,"0","PIP4K2B"
3.3133683399759e-57,0.311659729530435,0.989,0.806,7.62505456078653e-53,"0","EEF2"
4.04535497090365e-57,0.723860141692341,0.272,0.091,9.30957539454057e-53,"0","PRR3"
5.86825625235876e-57,0.360092094028486,0.956,0.638,1.35046181135532e-52,"0","CAPNS1"
6.72046206970314e-57,0.345789674491435,0.932,0.624,1.54657993610078e-52,"0","ACTR2"
6.94755890693321e-57,0.458333801145823,0.38,0.158,1.59884173125254e-52,"0","ZNF800"
8.41765486324916e-57,0.645315304080652,0.276,0.094,1.93715491367953e-52,"0","GALNT7"
8.91271349483546e-57,0.306953400808914,0.437,0.193,2.05108275656648e-52,"0","APIP"
1.0021565332769e-56,0.317466867823939,0.326,0.122,2.30626283003012e-52,"0","MRPL50"
1.01094554524021e-56,0.797212394783557,0.272,0.091,2.3264889832613e-52,"0","FAM206A"
1.02842911197548e-56,0.545345556693058,0.286,0.099,2.36672391538918e-52,"0","ADNP2"
1.87207526700381e-56,0.293979014624203,0.527,0.254,4.30820681195587e-52,"0","PRMT2"
2.13934386469319e-56,0.550863667659962,0.263,0.087,4.92327203581843e-52,"0","KBTBD8"
2.29098743482232e-56,0.305353242320125,0.472,0.214,5.27224938375661e-52,"0","RILPL2"
2.58947980406008e-56,0.677990305539798,0.281,0.098,5.95916987308347e-52,"0","RFK"
2.94647772240477e-56,0.495313688517094,0.285,0.1,6.7807291825701e-52,"0","SNAP47"
3.27553438463952e-56,1.01067346475905,0.296,0.11,7.53798727937094e-52,"0","HMSD"
3.388228633839e-56,0.482524408261438,0.325,0.125,7.7973305550537e-52,"0","CDKN2AIP"
4.31575589780322e-56,0.364968592539427,0.966,0.691,9.93184904761455e-52,"0","NDUFA4"
4.56944329173337e-56,0.421048176635993,0.404,0.171,1.0515659847266e-51,"0","GMPR2"
4.62841745986629e-56,0.330274958348899,0.336,0.13,1.06513771003903e-51,"0","TAF8"
4.70230754544642e-56,0.411251449842278,0.326,0.123,1.08214203543358e-51,"0","MTF1"
4.72061224079088e-56,0.413536224362651,0.267,0.089,1.08635449497321e-51,"0","RPUSD1"
4.79398470973333e-56,0.457056055068672,0.284,0.099,1.10323970125093e-51,"0","SLC30A6"
4.87395197017366e-56,0.348382081204868,0.934,0.632,1.12164256689606e-51,"0","ATP5A1"
5.26035688871684e-56,0.503892748333031,0.392,0.167,1.21056593080041e-51,"0","DSE"
5.85535462370524e-56,0.467770331432306,0.263,0.087,1.34749275955329e-51,"0","MPP5"
5.86373118908483e-56,0.499855692497927,0.371,0.152,1.34942045854409e-51,"0","GATM"
5.86748158836091e-56,0.273835559410039,0.377,0.155,1.3502835379295e-51,"0","EMC2"
6.70247076262264e-56,0.359253705832596,0.99,0.8,1.54243959660235e-51,"0","CTSH"
7.2334552683234e-56,0.46825123350516,0.322,0.123,1.66463506089926e-51,"0","VAPB"
8.84577824900347e-56,0.434000914046588,0.413,0.182,2.03567894844317e-51,"0","UBFD1"
1.16785958838464e-55,0.454457405799745,0.354,0.143,2.68759527074958e-51,"0","LYRM1"
1.40270155494209e-55,0.445323386904358,0.347,0.14,3.22803708838823e-51,"0","PTPLAD2"
1.43413731702281e-55,0.2792210267171,0.284,0.099,3.3003802076646e-51,"0","MBD3"
1.6207104317206e-55,0.276776418815389,0.369,0.154,3.72974091651861e-51,"0","GPALPP1"
1.77195504456065e-55,0.280996866945013,0.259,0.084,4.07780014404743e-51,"0","POLR3B"
1.98494695445932e-55,0.46541016254264,0.334,0.132,4.56795842629724e-51,"0","ZNF430"
2.06741100342528e-55,0.323815001875384,0.952,0.682,4.7577329421826e-51,"0","CSDE1"
2.38891767019102e-55,0.423291287392376,0.289,0.102,5.49761623441059e-51,"0","GTPBP10"
3.112950681262e-55,0.537183420524455,0.283,0.1,7.16383340278825e-51,"0","BRPF1"
3.13908526527932e-55,0.334964285837259,0.34,0.132,7.22397692098729e-51,"0","SLC35E3"
3.23553090276939e-55,0.349541853425674,0.347,0.138,7.4459272665432e-51,"0","PLOD1"
3.53513405848602e-55,0.39301138559603,0.387,0.166,8.13540400879388e-51,"0","TRNAU1AP"
3.54213520126954e-55,0.454145487621651,0.302,0.11,8.15151573868159e-51,"0","TBCD"
3.65286675056659e-55,0.33152418429546,0.978,0.745,8.4063422530789e-51,"0","EIF5B"
3.9207362289728e-55,0.473047361136442,0.295,0.107,9.02279028373509e-51,"0","RPRD1A"
3.94926022780118e-55,0.342824470873304,0.259,0.085,9.08843256223885e-51,"0","LIG3"
4.38508108127969e-55,0.442128143588688,0.275,0.095,1.0091387092349e-50,"0","DGKE"
4.53520363294525e-55,0.543524529488473,0.266,0.089,1.04368641204969e-50,"0","NPRL3"
5.08415326777919e-55,0.351631538112575,0.355,0.142,1.17001619151403e-50,"0","PLAGL2"
7.07763248966943e-55,0.425198113472986,0.343,0.136,1.62877556484762e-50,"0","STX11"
9.28263051715082e-55,0.299524920670203,0.311,0.115,2.13621176091192e-50,"0","NSUN5"
1.00876005575184e-54,0.297884015742488,0.893,0.555,2.3214595163017e-50,"0","MKNK2"
1.11658479208462e-54,0.5318532334584,0.313,0.119,2.56959658202435e-50,"0","BARD1"
1.26460506400486e-54,0.369953036549642,0.343,0.135,2.9102356337944e-50,"0","GMCL1"
1.49009016949375e-54,0.90324046391918,0.301,0.116,3.42914450705596e-50,"0","ADD2"
1.50936394147728e-54,0.701162137720614,0.261,0.087,3.47349923852166e-50,"0","TRAPPC13"
1.57323259427169e-54,0.610919717240437,0.288,0.104,3.62048016919745e-50,"0","SP4"
1.81221449865837e-54,0.289817530369703,0.387,0.166,4.17044922576251e-50,"0","MEPCE"
1.94910607472649e-54,0.330503605601761,0.312,0.117,4.48547780976807e-50,"0","CBR4"
2.42838397558281e-54,0.275107531144784,0.333,0.13,5.58844004300871e-50,"0","MED11"
2.53048211589202e-54,0.326084098463663,0.422,0.188,5.82339849330231e-50,"0","STK17A"
2.82421869941325e-54,0.66878005694404,0.306,0.118,6.49937449295971e-50,"0","FOSB"
2.9463629192948e-54,0.297366145012606,0.426,0.192,6.78046498617311e-50,"0","PROSER1"
3.00290093661519e-54,0.575601235533754,0.34,0.136,6.91057592543253e-50,"0","ZBTB11"
3.31915970571864e-54,0.274917402679496,0.458,0.212,7.6383822307703e-50,"0","SH3BP1"
4.07926420465433e-54,0.530735436016746,0.337,0.136,9.38761071417101e-50,"0","PTER"
4.41072738723808e-54,0.348131080291336,0.259,0.085,1.0150406936251e-49,"0","TRMT2A"
5.42218035698315e-54,0.868283651962691,0.274,0.097,1.24780636555253e-49,"0","SPAG1"
5.63645204459009e-54,0.363576650876568,0.273,0.095,1.29711670902152e-49,"0","HSD17B7"
6.09193868406227e-54,0.546018656810303,0.262,0.089,1.40193784936325e-49,"0","TRMT11"
6.1897015326619e-54,0.269771485285834,0.341,0.135,1.42443601371148e-49,"0","RP11-304L19.5"
6.25041648458984e-54,0.289125978346263,0.285,0.1,1.43840834559866e-49,"0","LIG4"
6.81171707768037e-54,0.552379641818961,0.269,0.094,1.56758045108658e-49,"0","ELP4"
7.22416823829174e-54,0.279017037699172,0.396,0.172,1.66249783667808e-49,"0","FBXO25"
7.55256568739703e-54,0.316856737327976,0.29,0.105,1.73807194164068e-49,"0","TFIP11"
8.31574056707025e-54,0.460554177202029,0.362,0.151,1.91370137669988e-49,"0","ASH2L"
8.54711618670392e-54,0.267421137722357,0.332,0.13,1.96694784804617e-49,"0","PRKAA1"
8.63058487192209e-54,0.770581512337,0.303,0.115,1.98615649657543e-49,"0","RWDD2B"
9.46205480654096e-54,0.4402870437527,0.41,0.179,2.17750267262927e-49,"0","RMI2"
1.00799931659984e-53,0.363374708712378,0.306,0.115,2.31970882729122e-49,"0","PLA2G12A"
1.0299527145193e-53,0.321631346905401,0.918,0.586,2.37023018192327e-49,"0","TRAPPC1"
1.05430128599415e-53,0.32781035175496,0.953,0.74,2.42626354945833e-49,"0","SEC61G"
1.07501361653533e-53,0.606197586372099,0.272,0.095,2.47392883573276e-49,"0","CLEC16A"
1.15686665913755e-53,0.264217932125161,0.402,0.177,2.66229724267324e-49,"0","FAM89B"
1.24440594398874e-53,0.49839138230877,0.287,0.104,2.86375139890128e-49,"0","C1orf50"
1.34678624372968e-53,1.00435366973187,0.269,0.095,3.09935918269512e-49,"0","CHAF1B"
1.44228303558485e-53,0.273351696288814,0.357,0.148,3.3191259497914e-49,"0","MED17"
1.54826846473512e-53,0.400839956564166,0.273,0.095,3.56303021789494e-49,"0","SSX2IP"
1.62496907237151e-53,0.263987431137791,0.303,0.113,3.73954132624854e-49,"0","GTF3C5"
1.8721146982702e-53,0.500716205529911,0.304,0.114,4.30829755512921e-49,"0","FUNDC1"
2.01214966409633e-53,0.299795382218917,0.349,0.14,4.63056002198489e-49,"0","CLTB"
2.03033688978144e-53,0.251721187768102,0.404,0.177,4.67241428445402e-49,"0","ATP6V1D"
2.52622595196372e-53,0.553173707856627,0.291,0.107,5.81360378325412e-49,"0","POFUT1"
2.59845721847261e-53,0.599607195814941,0.34,0.14,5.97982959687103e-49,"0","SOCS1"
2.8585327313113e-53,0.531253957666693,0.345,0.142,6.5783413745667e-49,"0","POC1B"
3.3244787433092e-53,0.585966723806307,0.255,0.085,7.65062293197746e-49,"0","FOXRED2"
3.32978059800537e-53,0.498256066049647,0.332,0.133,7.66282409018976e-49,"0","LRRC42"
4.78428204578351e-53,0.357502847126557,0.25,0.082,1.10100682719616e-48,"0","TRERF1"
5.41256409738847e-53,0.358326696534778,0.325,0.127,1.24559337573201e-48,"0","KANSL2"
5.9898135793659e-53,0.569455955939631,0.302,0.115,1.37843579901947e-48,"0","SRFBP1"
6.23150202936746e-53,0.485098533089187,0.32,0.126,1.43405556201833e-48,"0","C10orf32"
7.00687200109741e-53,0.552776424578426,0.254,0.085,1.61249145361255e-48,"0","GTPBP6"
7.19249913810999e-53,0.919410811596954,0.254,0.087,1.65520982665325e-48,"0","FAM210A"
8.21378159803591e-53,0.431082187550628,0.385,0.168,1.890237559156e-48,"0","MT1F"
8.45890660091437e-53,0.516617637691335,0.325,0.131,1.94664817606842e-48,"0","RNF2"
8.4690620114381e-53,0.278780847076834,0.28,0.1,1.94898524069225e-48,"0","INO80"
9.24993316503292e-53,0.427044999552124,0.975,0.745,2.12868711926903e-48,"0","SNRPD2"
1.06021573942799e-52,0.365096232047943,0.379,0.163,2.43987448114562e-48,"0","RUSC1"
1.37288799079698e-52,0.655242937743754,0.308,0.121,3.1594271332211e-48,"0","COMMD10"
1.37455533619474e-52,0.322857887475793,0.264,0.09,3.16326419518495e-48,"0","PIP5K1B"
2.05793069547143e-52,0.3145582688467,0.261,0.089,4.7359159094884e-48,"0","UBE2E2"
2.07656442851423e-52,0.477406991218948,0.339,0.138,4.7787977193398e-48,"0","RBM15"
2.40395133254846e-52,0.483473393891094,0.269,0.095,5.53221320159378e-48,"0","METTL4"
2.50484427976325e-52,0.364862246923076,0.359,0.148,5.76439814101917e-48,"0","MORF4L1P1"
2.75059530817326e-52,0.680482394764159,0.257,0.088,6.32994498269912e-48,"0","RNF216P1"
3.12380554894998e-52,0.468878727293937,0.27,0.095,7.18881370979859e-48,"0","HAUS8"
3.4328501000863e-52,0.2824637987384,0.292,0.108,7.90001793532861e-48,"0","ZNF3"
3.55068903937028e-52,0.262199049873096,0.355,0.147,8.17120068630282e-48,"0","FMR1"
3.72272824885942e-52,0.348666186999504,0.338,0.137,8.56711451910017e-48,"0","ADCY7"
4.22016573593241e-52,0.270227251488921,0.406,0.18,9.71186740810125e-48,"0","CYB561A3"
6.37177957536146e-52,0.336323312448501,0.34,0.138,1.46633763367793e-47,"0","POC5"
6.63967803157382e-52,0.648315935341757,0.25,0.084,1.52798910540608e-47,"0","NCKIPSD"
7.56290837372069e-52,0.292627631511946,0.972,0.716,1.74045210404434e-47,"0","COX4I1"
1.05465170138142e-51,0.66989472949246,0.277,0.1,2.42706996038905e-47,"0","ACSL1"
1.11785424649356e-51,0.258652059746914,0.383,0.166,2.57251797745563e-47,"0","HARS"
1.13494571644597e-51,0.298367166586569,0.312,0.121,2.61185057725712e-47,"0","HRSP12"
1.13959214850241e-51,0.393860598072041,0.317,0.125,2.6225434113486e-47,"0","CWF19L1"
1.40663872527688e-51,0.261494827510675,0.372,0.159,3.23709769847967e-47,"0","PSEN1"
1.51754996873087e-51,0.447006994485678,0.267,0.095,3.49233774304036e-47,"0","NFS1"
1.81649980931411e-51,0.329554262595015,0.295,0.11,4.18031101117456e-47,"0","ESPL1"
1.9200662165676e-51,0.658747526526386,0.289,0.109,4.41864838418701e-47,"0","RMND1"
1.93127578440722e-51,0.279355824471574,0.901,0.575,4.44444496265634e-47,"0","CLIC1"
2.08677994658434e-51,0.420534366547285,0.306,0.118,4.80230669107454e-47,"0","CEP44"
2.45092978055221e-51,0.439857921327359,0.415,0.188,5.64032470398481e-47,"0","RP4-647J21.1"
2.7794516138001e-51,0.510305645313352,0.266,0.095,6.39635199883817e-47,"0","LIMK2"
2.91705588603237e-51,0.340409653018611,0.389,0.17,6.7130207105263e-47,"0","NPAT"
3.52074208133312e-51,0.688263205683163,0.287,0.107,8.1022837517719e-47,"0","AP3M2"
4.83188640331697e-51,0.264827049014527,0.988,0.832,1.11196201799533e-46,"0","RPS15"
4.88831920780427e-51,0.346146945143234,0.957,0.755,1.124948899292e-46,"0","NACA"
4.99520032839393e-51,0.338259919583348,0.304,0.117,1.1495454515733e-46,"0","YEATS2"
5.32211728507645e-51,0.280265378529535,0.332,0.134,1.22477885081464e-46,"0","CPPED1"
6.38128571624128e-51,0.322591536727067,0.346,0.144,1.46852528187861e-46,"0","FUBP3"
7.32323397334505e-51,0.327177922940171,0.258,0.089,1.6852958342859e-46,"0","ZSWIM6"
7.38665393890334e-51,0.426112922460403,0.258,0.091,1.69989067095983e-46,"0","SPHK2"
8.51513710393683e-51,0.354862048047995,0.296,0.114,1.95958850172898e-46,"0","EAF1"
1.16772336452822e-50,0.303685309808,0.472,0.226,2.6872817787888e-46,"0","GLOD4"
1.30122827954054e-50,0.495605693514389,0.339,0.141,2.99451663970664e-46,"0","SERPINB8"
1.32946631782132e-50,0.376514635182593,0.347,0.146,3.0595008372022e-46,"0","TADA2A"
1.62554980829388e-50,0.528926755375886,0.26,0.093,3.74087777382672e-46,"0","SLC7A6OS"
1.6543118670596e-50,0.305107513260819,0.308,0.121,3.80706789966425e-46,"0","MTX2"
1.7159317889313e-50,0.502439465016111,0.33,0.134,3.94887382586761e-46,"0","SNX12"
1.77639702957355e-50,0.306831357723593,0.351,0.147,4.08802248415762e-46,"0","WDR70"
2.44478728278237e-50,0.271494644992543,0.348,0.146,5.62618897386707e-46,"0","CRK"
3.19659589627748e-50,0.273798866444719,0.979,0.796,7.35632613610336e-46,"0","SLC25A6"
3.78515141260425e-50,0.670637686877544,0.269,0.098,8.71076894582617e-46,"0","ZNF143"
3.92873227807892e-50,0.29660221062242,0.416,0.188,9.04119159154302e-46,"0","SNAPIN"
4.91901937918764e-50,0.489160507490023,0.275,0.101,1.13201392973245e-45,"0","KLHL21"
5.29419138313545e-50,0.400295210882356,0.298,0.116,1.21835226300096e-45,"0","RP6-109B7.3"
5.86111460534743e-50,0.350699124241918,0.267,0.096,1.3488183041286e-45,"0","AMMECR1L"
6.79675366243857e-50,0.401302095047366,0.339,0.144,1.56413692033699e-45,"0","FADS1"
7.22824776977134e-50,0.319772314602816,0.286,0.108,1.66343665925748e-45,"0","CCDC127"
7.39574527716423e-50,0.278442808294529,0.996,0.946,1.70198286063381e-45,"0","RPL35A"
8.23232700447566e-50,0.383929127242682,0.36,0.155,1.89450541353998e-45,"0","ENPP4"
8.30641609071958e-50,0.476258023129968,0.419,0.199,1.9115555349573e-45,"0","SLC16A3"
8.79621507407582e-50,0.344147023665668,0.254,0.089,2.02427297499707e-45,"0","ABHD11"
9.35028690103269e-50,0.361961342651118,0.365,0.162,2.15178152453465e-45,"0","ERCC3"
9.82787975686979e-50,0.339172958271873,0.333,0.137,2.26168996844844e-45,"0","CCDC41"
1.00992363966248e-49,0.316082744772457,0.353,0.144,2.32413727195526e-45,"0","RP11-146N23.1"
1.04181244596666e-49,0.555835157072697,0.252,0.087,2.39752298190308e-45,"0","STX10"
1.27875985371054e-49,0.500124837551619,0.264,0.095,2.94281005134406e-45,"0","C16orf91"
1.29173952138215e-49,0.66097560869615,0.272,0.101,2.97268016055675e-45,"0","ITPK1"
1.60159803316737e-49,0.345662760043459,0.322,0.132,3.68575755372807e-45,"0","PDK3"
1.84271594388928e-49,0.441362893069697,0.261,0.093,4.24064220167239e-45,"0","PANK4"
2.22448297326999e-49,0.539846574229392,0.254,0.088,5.11920266638622e-45,"0","VARS2"
2.2825472155746e-49,0.582932550827347,0.256,0.092,5.25282590720183e-45,"0","DBR1"
2.28988378370117e-49,0.357868846769069,0.318,0.129,5.2697095514315e-45,"0","RBM4B"
2.34153818857877e-49,0.506971980602427,0.32,0.131,5.38858183337633e-45,"0","CDCA7"
2.39637870093784e-49,0.297373402988252,0.263,0.094,5.51478630446826e-45,"0","ILVBL"
2.66026422033911e-49,0.293502125511031,0.289,0.111,6.1220660502664e-45,"0","IFT52"
2.78974668858396e-49,0.372326141890066,0.278,0.103,6.42004405443827e-45,"0","PGGT1B"
2.95383794994195e-49,0.351277227717818,0.295,0.114,6.79766727420141e-45,"0","ASB1"
3.3651975099771e-49,0.264859600759409,0.327,0.134,7.7443290297103e-45,"0","TUBGCP3"
4.63107464829925e-49,0.49227102344753,0.276,0.1,1.06574920881311e-44,"0","RPL12P4"
4.70930815709478e-49,0.355739413767509,0.965,0.711,1.08375308619222e-44,"0","BTF3"
4.71693056613197e-49,0.349316575409205,0.322,0.131,1.08550723118395e-44,"0","CXorf56"
4.98483405515232e-49,0.259605498953216,0.834,0.493,1.1471598611122e-44,"0","RPS17"
6.45994464624022e-49,0.668003023138238,0.253,0.091,1.48662706143926e-44,"0","ZNF542"
6.93035108824585e-49,0.276788253535835,0.345,0.146,1.59488169593802e-44,"0","CASC7"
7.27693237267738e-49,0.388205901445501,0.28,0.106,1.67464044692424e-44,"0","TOP3A"
7.98858219546041e-49,0.562416790840302,0.255,0.091,1.8384124206413e-44,"0","ZNF282"
8.36176810893521e-49,0.291081719245973,0.99,0.879,1.92429369490926e-44,"0","EIF1"
9.31892055019773e-49,0.366021831202101,0.308,0.123,2.144563186217e-44,"0","NUTM2A-AS1"
1.15214742661576e-48,0.522925158548578,0.298,0.118,2.65143687287085e-44,"0","RAB3IP"
1.62161423862032e-48,0.313336985563607,0.967,0.744,3.73182084733695e-44,"0","DDX5"
1.62170717651419e-48,0.302554420730402,0.914,0.592,3.7320347253121e-44,"0","IFI16"
2.76115395380491e-48,0.605953054132007,0.286,0.111,6.35424359389123e-44,"0","OSGIN2"
2.84444119866278e-48,0.368725546269737,0.282,0.108,6.54591253048266e-44,"0","TEFM"
2.8480706249583e-48,0.276959124603924,0.349,0.149,6.55426492921654e-44,"0","INTS12"
2.99563693730432e-48,0.363684749677867,0.293,0.115,6.89385928381844e-44,"0","NIPSNAP3A"
3.22850338055322e-48,0.651960959258604,0.255,0.092,7.42975482966712e-44,"0","WDR92"
3.40982697086311e-48,0.360845739440178,0.306,0.123,7.84703480804728e-44,"0","CDK5"
4.38871886011932e-48,0.372822165717555,0.322,0.134,1.00997587127926e-43,"0","LANCL1"
4.919319262408e-48,0.31497820360917,0.261,0.095,1.13208294185795e-43,"0","SNORD3D"
5.13396976658547e-48,0.355806470225384,0.313,0.127,1.18148046238431e-43,"0","RANBP6"
9.14266360353384e-48,0.26810551815123,0.407,0.186,2.10400117508124e-43,"0","WSB2"
9.22603241314292e-48,0.48610119944331,0.253,0.091,2.12318683923658e-43,"0","ACER3"
9.57677204898057e-48,0.283343136784096,0.993,0.873,2.2039025516319e-43,"0","RPLP0"
9.8239615758301e-48,0.293909871056399,0.359,0.157,2.26078827744578e-43,"0","TATDN1"
1.16391045678628e-47,0.463240638621496,0.303,0.122,2.67850713420227e-43,"0","RCOR1"
1.24017813522587e-47,0.385679349482063,0.277,0.105,2.8540219425953e-43,"0","PIGF"
1.33127300366133e-47,0.317600770064531,0.311,0.127,3.06365856332581e-43,"0","GPN2"
2.69480506244383e-47,0.362258880446638,0.302,0.121,6.20155489020199e-43,"0","TRAK2"
3.0748748866355e-47,0.283593103735704,0.376,0.169,7.07620957661428e-43,"0","RC3H1"
3.57782793471463e-47,0.458996471323653,0.274,0.105,8.23365542615877e-43,"0","THOC6"
4.19137057397481e-47,0.371866455019322,0.966,0.759,9.64560110188824e-43,"0","COX6C"
4.26016307555147e-47,0.338532639931433,0.535,0.283,9.80391328576659e-43,"0","DDIT4"
4.66643673362692e-47,0.426605446261392,0.278,0.108,1.07388708550956e-42,"0","COQ6"
4.85159852044351e-47,0.3096117058097,0.354,0.156,1.11649836750967e-42,"0","C3orf17"
5.25704168933397e-47,0.311647190846065,0.287,0.112,1.20980300396643e-42,"0","CLOCK"
6.68458788981641e-47,0.327312587977665,0.292,0.116,1.53832421108345e-42,"0","MPLKIP"
8.39857486335727e-47,0.360718280448964,0.258,0.094,1.93276403330441e-42,"0","RP11-295G20.2"
9.8911280867811e-47,0.514353308334578,0.277,0.106,2.27624530661093e-42,"0","ANAPC10"
1.01184837551546e-46,0.2521674673106,0.333,0.142,2.32856666657372e-42,"0","ANKRD13C"
1.16089304910187e-46,0.456691301429298,0.35,0.153,2.67156317389814e-42,"0","S1PR1"
1.25499214099924e-46,0.26245228769548,0.275,0.104,2.88811341408155e-42,"0","UBR1"
1.31865454912091e-46,0.364275656309505,0.339,0.146,3.03461971389195e-42,"0","CCDC23"
1.37991827426911e-46,0.316442147593232,0.339,0.147,3.1756059245755e-42,"0","LIPA"
1.39633389810606e-46,0.366209381758755,0.395,0.185,3.21338319971147e-42,"0","PCBD1"
1.42946146710146e-46,0.536326477978835,0.325,0.138,3.28961967424058e-42,"0","OSBPL10"
2.44163264899923e-46,0.284315973282432,0.299,0.12,5.61892921514193e-42,"0","TMEM39B"
2.48602601306856e-46,0.34030179565504,0.973,0.786,5.72109166387468e-42,"0","PTPRCAP"
2.64237379078374e-46,0.255118347075328,0.269,0.101,6.08089480473062e-42,"0","FAM118B"
3.23206626072109e-46,0.36678040774009,0.26,0.096,7.43795408579744e-42,"0","ERLIN2"
3.52511726734337e-46,0.406678633044999,0.304,0.123,8.11235236733729e-42,"0","PDCL"
3.53363799359809e-46,0.46332259261003,0.251,0.091,8.13196111466729e-42,"0","PI4K2A"
3.56535999061341e-46,0.25388969346281,0.288,0.112,8.20496294639864e-42,"0","IL15RA"
3.62187249174869e-46,0.399610935325159,0.26,0.098,8.33501516526125e-42,"0","ING5"
3.94462013584827e-46,0.897061076573969,0.254,0.097,9.07775431862762e-42,"0","C4orf33"
5.19013731110608e-46,0.490169498580106,0.274,0.106,1.19440629940484e-41,"0","WRB"
5.3603151482074e-46,0.54992452981925,0.268,0.103,1.23356932505697e-41,"0","EID2"
6.87124772344077e-46,0.479630192830347,0.283,0.111,1.58128023859542e-41,"0","THAP9-AS1"
7.03031725978692e-46,0.421044547884645,0.288,0.115,1.61788691099476e-41,"0","TMEM206"
7.80929729025072e-46,0.288896925255099,0.265,0.1,1.7971535854054e-41,"0","ABI3"
8.15597632278535e-46,0.468155728336825,0.263,0.099,1.87693483116259e-41,"0","SPIN1"
1.01274249199879e-45,0.435930926665194,0.26,0.098,2.3306242968368e-41,"0","PQLC1"
1.05803967095345e-45,0.367643231332216,0.302,0.125,2.43486669476518e-41,"0","POLB"
1.08649584858471e-45,0.405390780535527,0.306,0.128,2.500352896348e-41,"0","VPS37A"
1.13970540224335e-45,0.358382943356461,0.303,0.126,2.62280404218263e-41,"0","TMEM128"
1.41997707481703e-45,0.287638258002088,0.306,0.125,3.26779324227643e-41,"0","TFDP2"
1.49257393472343e-45,0.257275305236111,0.298,0.121,3.43486039597904e-41,"0","PTPN9"
1.50746822700607e-45,0.293746899877487,0.903,0.607,3.46913663080906e-41,"0","LPXN"
1.74944825164382e-45,0.273231156151379,0.874,0.572,4.02600526150792e-41,"0","HYOU1"
1.96456043221775e-45,0.399173079572758,0.262,0.1,4.5210429226627e-41,"0","ATPAF2"
3.13451399948392e-45,0.343052374185322,0.254,0.094,7.21345706701235e-41,"0","FBXO28"
3.9618365287735e-45,0.506855442678749,0.283,0.113,9.11737440366647e-41,"0","MAPKAPK5"
4.57846764179487e-45,0.415779959515404,0.309,0.128,1.05364275840625e-40,"0","RPL39L"
5.22816076034107e-45,0.298917519700824,0.289,0.116,1.20315663577729e-40,"0","VAC14"
7.08407090555734e-45,0.272754672056412,0.34,0.151,1.63025723749591e-40,"0","RP11-977G19.5"
7.5890740009147e-45,0.261687137040241,0.32,0.135,1.7464735998305e-40,"0","C22orf39"
1.10373927046297e-44,0.484958490321442,0.273,0.107,2.54003518311644e-40,"0","SDHAF1"
1.26904287523152e-44,0.420190383674781,0.28,0.111,2.92044836877029e-40,"0","YTHDC2"
1.40733980050309e-44,0.266657853011748,0.265,0.101,3.23871108289775e-40,"0","SPATS2L"
1.41048378844232e-44,0.433010867504071,0.308,0.13,3.2459463423423e-40,"0","GSKIP"
1.90339149943021e-44,0.338240191334517,0.958,0.743,4.38027485763875e-40,"0","RPL22"
2.30664178937753e-44,0.386102310076264,0.266,0.103,5.30827474989451e-40,"0","TRMT13"
2.39766298801983e-44,0.262966050184216,0.396,0.188,5.51774183433003e-40,"0","HSD17B11"
2.75016608943732e-44,0.608953238590262,0.283,0.116,6.3289572216221e-40,"0","MYC"
3.88218216755345e-44,0.356872948935552,0.263,0.1,8.93406582219076e-40,"0","C4orf21"
3.9262300679155e-44,0.25058746009725,0.367,0.168,9.03543325529394e-40,"0","FAIM"
4.98069029676809e-44,0.251845198772522,0.927,0.636,1.14620625799524e-39,"0","EIF3E"
6.88747712294632e-44,0.259499753876997,0.368,0.173,1.58501511030364e-39,"0","ZBED1"
7.45560264610113e-44,0.309359705904965,0.879,0.595,1.71575783694725e-39,"0","RPS27L"
7.83172265611727e-44,0.256524733510708,0.293,0.121,1.80231433485227e-39,"0","CSTF2T"
8.71807389478292e-44,0.46109509323344,0.262,0.101,2.00629034540639e-39,"0","POLR2M"
9.68743242136e-44,0.68030607524134,0.255,0.1,2.22936882312758e-39,"0","USP37"
1.43750795822244e-43,0.364998390506963,0.269,0.105,3.30813706425731e-39,"0","CDC26"
2.5823114905281e-43,0.318987326733203,0.369,0.172,5.94267343315231e-39,"0","CASP6"
2.61472685021207e-43,0.252459850677643,0.309,0.131,6.01727090039303e-39,"0","TRIM37"
3.03378895133962e-43,0.570475692045007,0.252,0.098,6.98165851371787e-39,"0","UXS1"
4.87789282635199e-43,0.556595975835282,0.252,0.097,1.12254947612838e-38,"0","SLC35B3"
5.14786204336417e-43,0.252271280895203,0.938,0.673,1.1846774920394e-38,"0","SRSF9"
8.49988334993871e-43,0.976225479291871,0.521,0.298,1.95607815532139e-38,"0","HIST1H2BK"
1.13394561862919e-42,0.400997528734207,0.254,0.098,2.60954905215135e-38,"0","WRN"
1.2518530472143e-42,0.259678348977887,0.997,0.974,2.88088941755428e-38,"0","RPL27A"
1.25520230168913e-42,0.346119881369296,0.255,0.097,2.8885970568772e-38,"0","R3HCC1L"
2.06350534195062e-42,0.3014767109492,0.303,0.13,4.74874484343097e-38,"0","RFX7"
2.42615634857287e-42,0.43964440910383,0.274,0.111,5.58331360497075e-38,"0","NUDT16"
2.50088748203029e-42,0.28161853530123,0.264,0.105,5.75529236239631e-38,"0","PYROXD1"
3.73921491005827e-42,0.255093539559259,0.298,0.125,8.60505527251709e-38,"0","HIST1H2BG"
5.77923231592997e-42,0.286393371098837,0.26,0.101,1.32997473286496e-37,"0","AKAP10"
5.82564616366018e-42,0.428052302473703,0.315,0.139,1.34065595164312e-37,"0","SYT11"
5.8719715482072e-42,0.256437706263632,0.261,0.103,1.35131681238892e-37,"0","LRRC14"
6.88190131163547e-42,0.290611185068922,0.313,0.135,1.58373194884667e-37,"0","CETN2"
8.2806664449543e-42,0.268960239193018,0.351,0.164,1.90562976897733e-37,"0","CSNK1G1"
8.5221310420041e-42,0.404679381528795,0.346,0.159,1.9611980166964e-37,"0","MMD"
1.14116584138352e-41,0.464024462345165,0.258,0.103,2.6261649507759e-37,"0","HARS2"
1.27835317255658e-41,0.302464127989406,0.286,0.119,2.94187415600446e-37,"0","ACYP1"
1.3652486237096e-41,0.476025270369489,0.254,0.1,3.14184665774291e-37,"0","ORC4"
1.91955807019585e-41,0.331533206605849,0.263,0.106,4.41747898694171e-37,"0","B3GNT2"
3.4812098707289e-41,0.30875139101473,0.34,0.155,8.01130827550843e-37,"0","PLSCR1"
3.49727023475125e-41,0.253612643612436,0.366,0.174,8.04826799123305e-37,"0","TCEAL4"
8.07918751996932e-41,0.497736037222521,0.286,0.122,1.85926342397054e-36,"0","HCK"
8.42365187696353e-41,0.275884556659228,0.341,0.157,1.93853500644562e-36,"0","SMIM19"
1.2929280256459e-40,0.40451001978645,0.28,0.118,2.97541526541891e-36,"0","MSANTD4"
3.79130211129113e-40,0.289504916033932,0.333,0.151,8.72492354871428e-36,"0","SMCO4"
4.26099578211822e-40,0.285580731875593,0.285,0.121,9.80582959338866e-36,"0","NXT2"
7.59879127473303e-40,0.561402810124362,0.26,0.107,1.74870983605431e-35,"0","STRADB"
1.02124731975296e-39,0.458981281187015,0.26,0.106,2.35019645694749e-35,"0","SLC41A3"
1.12975737765622e-39,0.262434421187423,0.946,0.687,2.59991065320025e-35,"0","EIF3H"
2.28582619462225e-39,0.311914013402382,0.973,0.8,5.26037182168418e-35,"0","RPL39"
2.32271287958395e-39,0.255591719863887,0.312,0.14,5.34525914978654e-35,"0","ZHX1"
3.17763609670827e-39,0.362672312037046,0.257,0.105,7.31269394935475e-35,"0","QSOX1"
3.53877271234773e-39,0.349688894465317,0.254,0.103,8.14377764292582e-35,"0","POT1"
2.2433806777662e-38,0.256394259864971,0.265,0.111,5.16269195374336e-34,"0","KIAA1586"
1.02501414022453e-37,0.371499549325071,0.27,0.116,2.35886504089872e-33,"0","PELO"
3.27858461511386e-37,0.309958108024082,0.26,0.111,7.54500677476153e-33,"0","HACL1"
3.89479091397775e-37,0.437269401651915,0.255,0.107,8.96308233033699e-33,"0","SPRYD7"
4.91569934903747e-37,0.265259408552112,0.967,0.796,1.13124989119399e-32,"0","ATP5L"
1.02551353125989e-36,0.421103075230135,0.327,0.16,2.36001428948838e-32,"0","APP"
2.14980347950215e-36,0.326158558813609,0.31,0.145,4.94734274737829e-32,"0","AAED1"
2.53413483860747e-36,0.319421042776648,0.264,0.115,5.83180450408738e-32,"0","RARA"
5.20762260433894e-36,0.448994812422309,0.25,0.105,1.19843018993652e-31,"0","PRMT6"
7.20131190617144e-36,0.262882856019973,0.25,0.105,1.65723790896723e-31,"0","LRRC8A"
4.66630279165378e-34,0.268338275807389,0.254,0.111,1.07385626144328e-29,"0","AC016747.3"
4.36276506568839e-30,0.268647538597952,0.979,0.832,1.00400312456687e-25,"0","RPS7"
0,2.46115942035223,0.99,0.907,0,"1","IGJ"
1.49740118740156e-224,1.4233736042535,0.951,0.823,3.44596935256722e-220,"1","MZB1"
2.12387379746663e-223,4.7891328719921,0.824,0.639,4.88767077010996e-219,"1","IGHA1"
2.80098202000007e-210,1.69239527937315,0.892,0.605,6.44589992262616e-206,"1","DERL3"
9.20014031370844e-163,1.66252113332347,0.869,0.816,2.11722829039372e-158,"1","SSR4"
7.76457512737653e-155,2.60808503200996,0.664,0.352,1.78686167406316e-150,"1","AL928768.3"
1.54961474544715e-150,1.38968620268915,0.893,0.863,3.56612841369752e-146,"1","ABCG1"
6.89577042257956e-119,0.555070675066663,0.999,0.999,1.58692364734823e-114,"1","MT-CYB"
2.14563071741984e-111,0.838693724449477,0.208,0.602,4.93773996999828e-107,"1","IGHG3"
3.03102666598947e-100,4.19537977048668,0.377,0.12,6.97530166644157e-96,"1","IGHA2"
8.67259707200953e-94,1.58337777182409,0.663,0.446,1.99582476418155e-89,"1","TNFRSF17"
7.49292558459868e-93,0.480822706778324,0.999,0.999,1.72434696478369e-88,"1","MT-CO3"
1.11949761515962e-90,2.1212541716412,0.347,0.107,2.57629986176683e-86,"1","CD38"
4.09687184216942e-90,1.15894169914695,0.835,0.8,9.4281311703845e-86,"1","PDIA4"
2.86985550204222e-89,1.47542286714469,0.547,0.274,6.60439846684976e-85,"1","FCRL5"
3.24439795483247e-89,0.606381008930745,0.977,0.975,7.46633301345597e-85,"1","GNAS"
2.92705961027991e-88,1.75414694709867,0.575,0.338,6.73604228113716e-84,"1","TP53INP1"
6.77393546630533e-87,1.53493483530429,0.553,0.293,1.55888576886085e-82,"1","ZBP1"
7.11535783138644e-86,0.551148615627438,0.998,0.999,1.63745729773696e-81,"1","MT-ND5"
1.75381564120794e-80,1.24189006468042,0.741,0.596,4.03605593511183e-76,"1","FAM46C"
3.18034395814061e-80,1.01937195523249,0.83,0.778,7.31892555086899e-76,"1","XBP1"
1.56646306945146e-77,0.975422178960234,0.861,0.856,3.60490146172863e-73,"1","PPIB"
4.42325365689555e-76,0.392516875098358,0.999,1,1.01792336406137e-71,"1","MT-CO2"
4.9901082850848e-71,0.755708359131903,0.98,0.987,1.14837361964656e-66,"1","MALAT1"
2.84516332818386e-70,1.25573084143133,0.647,0.456,6.54757436714952e-66,"1","CPNE5"
3.71183114601418e-69,1.62972900629856,0.402,0.174,8.54203701632244e-65,"1","ANKRD36BP2"
3.92844819988643e-68,1.20378562341486,0.754,0.708,9.04053784239863e-64,"1","TXNDC11"
1.62709067064237e-65,0.37943722542426,0.998,0.999,3.74442376034928e-61,"1","MT-ND1"
1.89527671724535e-64,0.453336963978844,0.998,0.998,4.36160030939673e-60,"1","MT-ND4L"
4.87533442773284e-64,1.64153988964395,0.406,0.191,1.12196071185416e-59,"1","CECR1"
5.94459408451522e-63,1.22847122746676,0.709,0.603,1.36802943666949e-58,"1","CD27"
2.26609993058437e-62,0.931304099998621,0.815,0.852,5.21497577025381e-58,"1","RPN2"
1.23040280249933e-61,0.349684190907989,0.998,0.999,2.8315259693917e-57,"1","MT-ATP6"
7.71597690452508e-61,0.98542720975038,0.83,0.837,1.77567776503836e-56,"1","UBE2J1"
3.63209072858206e-60,0.428606265459591,0.999,1,8.3585303936859e-56,"1","MT-RNR2"
4.89004196766265e-60,0.316883689000115,0.998,0.999,1.12534535801821e-55,"1","MT-CO1"
2.78582764469586e-56,1.02821355144411,0.746,0.648,6.41102515873858e-52,"1","RRBP1"
7.18486902077374e-56,1.03850282875488,0.748,0.743,1.65345390775066e-51,"1","C19orf10"
7.37221549413046e-56,1.60309148457774,0.374,0.176,1.69656795166424e-51,"1","NUGGC"
1.018030485239e-55,1.08389713798135,0.726,0.702,2.34279355568052e-51,"1","SEL1L3"
2.49258980621864e-51,1.05995189243637,0.73,0.683,5.73619692105095e-47,"1","FKBP2"
1.79428391569629e-50,0.802041023619783,0.858,0.886,4.12918557519186e-46,"1","SEC11C"
2.23991467441657e-50,1.39716598331329,0.579,0.446,5.15471564023486e-46,"1","ISG20"
2.39199543869258e-50,0.744727530741308,0.868,0.875,5.50469910306323e-46,"1","SSR3"
1.37983719736371e-49,0.841483118173299,0.804,0.843,3.17541934229311e-45,"1","SPCS3"
8.09912249782534e-48,0.814633150243903,0.784,0.713,1.86385106042455e-43,"1","SDF2L1"
3.82372610342768e-45,1.72758314683227,0.374,0.205,8.79954088181811e-41,"1","IGF1"
8.97649675659505e-44,0.787766860729553,0.801,0.827,2.06576119859522e-39,"1","TMED9"
3.30992070059506e-43,1.25804855262164,0.608,0.49,7.61712050827941e-39,"1","YPEL3"
3.04455272221168e-41,1.32365644903282,0.42,0.259,7.00642917962573e-37,"1","RP11-16E12.2"
2.01261684129514e-40,0.28496332612614,0.999,0.999,4.63163513687252e-36,"1","MT-ND4"
1.35165994110197e-39,1.4301586381889,0.509,0.388,3.11057502245797e-35,"1","FKBP11"
4.24774706620814e-38,0.881705948044037,0.781,0.821,9.77534032346479e-34,"1","TRAM1"
4.78757673378075e-38,1.13410706789444,0.647,0.583,1.10176503374496e-33,"1","SLAMF7"
9.6789676714834e-38,0.636541787635185,0.857,0.898,2.22742083023848e-33,"1","TMEM258"
1.15358937679768e-36,1.13918611431588,0.619,0.541,2.6547552328245e-32,"1","CKAP4"
4.55394943057403e-36,1.4129877733823,0.553,0.454,1.048000382458e-31,"1","GLCCI1"
4.71293065244014e-36,0.615038447980573,0.926,0.965,1.08458673104605e-31,"1","CD79A"
5.37616336534785e-36,0.9319070889648,0.734,0.783,1.2372164752675e-31,"1","PSAP"
2.40714550327022e-35,1.17619534841775,0.575,0.487,5.53956394667575e-31,"1","SPATS2"
1.57993490993756e-33,1.38284309872499,0.498,0.398,3.6359042082393e-29,"1","PPAPDC1B"
1.52615913117014e-32,0.696645513881321,0.792,0.842,3.51215000856185e-28,"1","SSR2"
8.21695431677142e-29,0.393547651861417,0.925,0.953,1.89096769691861e-24,"1","SERF2"
3.90485298793261e-28,0.590271652380519,0.835,0.831,8.98623818112932e-24,"1","MANF"
1.14652215814411e-27,0.486566141281397,0.865,0.908,2.63849144253703e-23,"1","POU2AF1"
1.90857167117189e-26,1.25739752221608,0.432,0.327,4.39219598686786e-22,"1","METTL7A"
4.06571630925067e-26,0.399047208243931,0.999,0.998,9.35643294247858e-22,"1","MT-RNR1"
2.95846942058569e-25,0.443113782979911,0.938,0.941,6.80832567759385e-21,"1","PIM2"
8.23296306841566e-25,0.999688382014514,0.651,0.678,1.8946517909345e-20,"1","OS9"
6.04720612335832e-23,1.36110761136675,0.314,0.201,1.39164354516845e-18,"1","C10orf54"
2.88328363769113e-22,0.566284311220076,0.775,0.838,6.63530063541859e-18,"1","COPE"
5.82979522315341e-22,1.4426034545177,0.522,0.481,1.34161077470429e-17,"1","TXNIP"
6.42661711640345e-22,1.11151763153462,0.59,0.584,1.47895739699792e-17,"1","BTG2"
9.40630186511257e-22,0.422352069303667,0.184,0.368,2.16467224821836e-17,"1","BCKDK"
1.31862819494312e-21,0.257223824637391,0.24,0.444,3.03455906502261e-17,"1","FGD2"
2.32768150436026e-21,0.576942902418134,0.796,0.831,5.35669344598426e-17,"1","RPN1"
4.67478407408588e-21,0.260183940580303,0.135,0.288,1.07580805896938e-16,"1","BAP1"
1.84774131060757e-20,1.52603510989074,0.336,0.237,4.2522070781012e-16,"1","KDM5D"
2.76885849060707e-20,0.683964330281675,0.77,0.839,6.37197404443404e-16,"1","HDLBP"
5.82277392674139e-20,0.371705485826861,0.201,0.381,1.339994963761e-15,"1","RNGTT"
8.05755900806461e-20,0.687934670840023,0.705,0.729,1.85428605452591e-15,"1","SEMA4A"
8.71320802442467e-20,1.24717584890019,0.547,0.554,2.00517056266085e-15,"1","ERGIC3"
1.71555839121963e-19,0.844909218771974,0.663,0.698,3.94801452571374e-15,"1","ST6GAL1"
2.10085637338992e-19,1.29305154172224,0.386,0.295,4.83470077208221e-15,"1","CASP10"
4.15309943611699e-19,0.313129130160389,0.143,0.294,9.55752773233603e-15,"1","RP11-349A22.5"
4.66708004075646e-19,0.744651291426635,0.745,0.809,1.07403512977928e-14,"1","HERPUD1"
7.70994443951246e-19,0.322370015350778,0.217,0.4,1.774289513865e-14,"1","CMTM7"
1.20003429144823e-18,0.721436742119536,0.724,0.782,2.76163891490981e-14,"1","LMAN1"
1.66378758417395e-18,1.46841163883044,0.351,0.26,3.82887436745951e-14,"1","DUSP5"
1.8493464670043e-18,0.272649546260713,0.124,0.263,4.255901024517e-14,"1","RPL34P18"
1.95801429252705e-18,0.304165838093374,0.264,0.475,4.50597829139249e-14,"1","RAF1"
2.10366857900724e-18,0.787989190430004,0.647,0.693,4.84117250086937e-14,"1","HM13"
2.47874137350338e-18,0.283536077820783,0.161,0.318,5.70432752284334e-14,"1","UNC50"
4.25325570397832e-18,0.335629696009172,0.228,0.412,9.78801735156531e-14,"1","ADPGK"
4.39430834847038e-18,0.269327789570397,0.118,0.25,1.01126218023349e-13,"1","TMUB2"
5.67739242277907e-18,0.258225334396816,0.15,0.295,1.30653831825415e-13,"1","VPS13A"
9.60541309866728e-18,0.34819829580648,0.196,0.363,2.2104937163963e-13,"1","TROAP"
1.32480789885617e-17,0.471587206810491,0.201,0.37,3.04878041763771e-13,"1","MKRN1"
1.69238599877831e-17,1.33166248889278,0.453,0.405,3.89468789898853e-13,"1","TMEM184B"
1.98229193058296e-17,1.321087021077,0.382,0.303,4.56184841985057e-13,"1","GNG7"
3.17343556943312e-17,0.302912645170777,0.142,0.282,7.30302727593644e-13,"1","UPF1"
4.39926408921666e-17,0.26728713467204,0.248,0.439,1.01240264485143e-12,"1","SLC35C2"
7.29314783208092e-17,0.40741163576588,0.248,0.444,1.67837211059678e-12,"1","UTP3"
8.57714638598977e-17,0.264137275379013,0.159,0.309,1.97385869780783e-12,"1","PPP1R12C"
1.02308033139102e-16,0.329403419273435,0.146,0.286,2.35441476663016e-12,"1","ANKRD10"
1.74989329524515e-16,0.300576468262365,0.138,0.275,4.02702944034767e-12,"1","C1orf27"
1.94976323094528e-16,0.287415751835059,0.202,0.366,4.48699012337438e-12,"1","IQCB1"
1.98910207550404e-16,0.306372976490811,0.175,0.327,4.57752060635745e-12,"1","SUDS3"
2.42878510663847e-16,0.307997378075884,0.161,0.305,5.58936316590711e-12,"1","GFER"
2.58140621397759e-16,0.284287574746924,0.147,0.282,5.94059012022662e-12,"1","CASP8AP2"
2.67791287663782e-16,0.302838734287535,0.168,0.316,6.16268090300662e-12,"1","OAZ2"
3.11102107273535e-16,0.31316152441809,0.175,0.325,7.15939279468586e-12,"1","POU2F1"
3.22816136611885e-16,0.284819476055066,0.125,0.255,7.42896775184932e-12,"1","NADSYN1"
3.32667119155416e-16,0.380470194362177,0.185,0.341,7.65566841312358e-12,"1","PCNT"
3.45110595134062e-16,0.26688578387593,0.225,0.395,7.94203012582018e-12,"1","SLC43A2"
3.64967399385394e-16,0.261181189193018,0.164,0.309,8.39899476205606e-12,"1","RAP2B"
3.85555262973516e-16,2.23362220536752,0.502,0.446,8.87278326680951e-12,"1","IGLC3"
4.35379612117826e-16,0.259712945377432,0.228,0.401,1.00193910136675e-11,"1","MSL3"
5.15665637300034e-16,0.26834377798045,0.159,0.299,1.18670133111857e-11,"1","SAMD9"
5.62958935463576e-16,0.288777332053937,0.239,0.415,1.29553739818233e-11,"1","LPCAT4"
5.6635268569877e-16,0.482012353028499,0.811,0.86,1.30334743559858e-11,"1","P4HB"
6.27739583938409e-16,0.42731804364583,0.865,0.888,1.44461710451746e-11,"1","SUB1"
6.39586817836738e-16,0.347441639912023,0.198,0.36,1.47188114388769e-11,"1","BRD8"
6.48626564496976e-16,1.007614432591,0.736,0.818,1.49268431287689e-11,"1","NEAT1"
1.14163044354904e-15,0.265907118211969,0.216,0.386,2.62723413973941e-11,"1","RPL21P28"
1.48869627308683e-15,0.266804589021339,0.205,0.361,3.42593673325472e-11,"1","KIF21B"
1.54848358759006e-15,0.329497193375453,0.243,0.418,3.563525280121e-11,"1","YIF1A"
1.58443684382536e-15,0.298001282934066,0.176,0.325,3.6462645086953e-11,"1","ZDHHC4"
2.22059680968995e-15,0.518598359920431,0.786,0.851,5.11025943813948e-11,"1","SRPR"
2.91959957078235e-15,0.748177790033669,0.66,0.713,6.71887449224143e-11,"1","SEC14L1"
3.08409939944718e-15,0.323642545387793,0.179,0.33,7.09743794794779e-11,"1","NDUFAF6"
3.3358990394647e-15,0.440783248372792,0.248,0.432,7.67690445952011e-11,"1","INTS8"
4.82201253714718e-15,0.449344732845426,0.856,0.895,1.10968974517368e-10,"1","LSP1"
7.14853898619693e-15,0.262478004366639,0.239,0.411,1.6450932768935e-10,"1","ARHGEF1"
7.90299349846583e-15,0.810993040063587,0.586,0.586,1.81871589380194e-10,"1","ITM2C"
8.08747345532807e-15,0.364635890374813,0.223,0.391,1.86117026627465e-10,"1","PARP4"
1.03464541179258e-14,0.326599867798197,0.159,0.293,2.38102948615827e-10,"1","FAIM3"
1.15531918835486e-14,0.392464274978315,0.149,0.278,2.65873604816105e-10,"1","H2AFJ"
1.26184344456216e-14,0.424357212336139,0.255,0.437,2.90388031897091e-10,"1","RNF149"
1.28119336588119e-14,0.620984591270336,0.73,0.825,2.94841029290239e-10,"1","SERP1"
1.466178579067e-14,0.331803802521374,0.257,0.436,3.37411676400688e-10,"1","MBD1"
1.63467036308316e-14,0.379124163647722,0.13,0.254,3.76186690656327e-10,"1","C10orf137"
1.98929162343709e-14,0.43807465296979,0.161,0.294,4.57795681301577e-10,"1","NDRG1"
2.38970450420255e-14,0.362969293675194,0.169,0.308,5.49942697552133e-10,"1","SPC24"
2.41245238254665e-14,0.346070063938028,0.239,0.41,5.55177666795462e-10,"1","CNOT6L"
3.07688215878734e-14,0.289199033276377,0.167,0.305,7.0808289120173e-10,"1","NAGK"
3.13421626278308e-14,0.273296336501558,0.273,0.456,7.2127718855427e-10,"1","FTSJ1"
3.41186235890294e-14,0.31609546483681,0.139,0.263,7.85171884654334e-10,"1","KLHDC4"
6.33376043236944e-14,0.265546609134314,0.167,0.303,1.45758828830118e-09,"1","YIPF6"
6.7351994847989e-14,0.346998312459999,0.197,0.346,1.54997145743677e-09,"1","AIG1"
7.94582425643109e-14,0.347262556469083,0.177,0.316,1.82857253613249e-09,"1","GSTM4"
9.09754546944302e-14,0.339107545786694,0.328,0.533,2.09361813888292e-09,"1","GEMIN7"
9.16552433462434e-14,0.360181998494595,0.135,0.257,2.1092621151271e-09,"1","ODF2L"
9.71675494883325e-14,0.959584160888641,0.611,0.678,2.236116816375e-09,"1","TECR"
9.86730078963399e-14,0.299844522239048,0.246,0.417,2.27076193071847e-09,"1","PPP3CC"
1.19346342816834e-13,0.373359740964463,0.176,0.309,2.74651738724381e-09,"1","F2R"
1.26333116061789e-13,0.63928474701366,0.822,0.882,2.90730399992995e-09,"1","SNORD3A"
1.30024172508091e-13,0.385949498212461,0.168,0.305,2.9922462819287e-09,"1","CCDC28A"
1.55898929641458e-13,0.294632999957484,0.31,0.507,3.58770206783887e-09,"1","NRBP1"
1.96266153196649e-13,1.19992326299393,0.295,0.219,4.51667298351449e-09,"1","LILRB4"
2.2554102167849e-13,0.399606892300765,0.229,0.388,5.19037553188709e-09,"1","SIAH2"
2.29721792463671e-13,0.353487834522322,0.982,0.975,5.28658760996647e-09,"1","B2M"
2.42578081900435e-13,0.508691264841742,0.164,0.298,5.58244939877471e-09,"1","STK16"
4.18620962241994e-13,0.26228962372644,0.15,0.274,9.633724204075e-09,"1","SIPA1L3"
5.39350114022967e-13,1.15127851711075,0.408,0.363,1.24120641740105e-08,"1","NXPE3"
5.43293834776414e-13,0.612251141544202,0.766,0.846,1.25028210197096e-08,"1","MTRNR2L12"
5.45624519198046e-13,0.39227125674526,0.242,0.41,1.25564570603046e-08,"1","KIAA2013"
5.49523492520158e-13,0.320869774108147,0.159,0.285,1.26461841333664e-08,"1","MBNL3"
5.57829462185993e-13,0.292861398646878,0.318,0.509,1.28373294132862e-08,"1","COMMD3"
7.23141743823538e-13,0.360358504102142,0.261,0.436,1.66416609506111e-08,"1","RPS15AP1"
7.85983527525936e-13,1.18297147877474,0.277,0.201,1.80878389189544e-08,"1","RASSF6"
1.21869682964042e-12,0.258045790125065,0.235,0.386,2.80458701405151e-08,"1","MYO9B"
1.2492641764406e-12,0.379196103014884,0.242,0.403,2.87493164924276e-08,"1","DERL2"
1.25885521330627e-12,0.267762904909054,0.172,0.299,2.89700350238171e-08,"1","CES2"
1.66640752357759e-12,0.276613455919786,0.341,0.537,3.83490363400912e-08,"1","ADD3"
1.90411661545489e-12,0.323352094838844,0.258,0.42,4.38194356714633e-08,"1","TMEM156"
1.96203331265285e-12,0.324010530455439,0.167,0.292,4.515227262408e-08,"1","MAST4"
2.27450704148905e-12,0.320288096183364,0.14,0.257,5.23432305457874e-08,"1","CDYL"
2.76684120792501e-12,0.548000098092187,0.734,0.72,6.36733167179783e-08,"1","PRDM1"
2.95666221377971e-12,0.30905503533464,0.882,0.933,6.80416675257125e-08,"1","TMBIM6"
3.19891664615764e-12,0.314408206576525,0.138,0.252,7.36166687780258e-08,"1","DLG1"
3.22405977372307e-12,1.17214252017853,0.382,0.332,7.4195287572689e-08,"1","NUCB2"
3.39692163053506e-12,0.37159532007114,0.246,0.405,7.81733574835034e-08,"1","SLFN13"
3.57224949051914e-12,0.836510818565643,0.522,0.527,8.22081775253169e-08,"1","MAN1A2"
4.24828342308864e-12,0.312573638698803,0.152,0.269,9.77657464155388e-08,"1","KANSL1"
4.51419234437355e-12,0.280815322397223,0.172,0.297,1.03885108421069e-07,"1","FBXO46"
4.6868405626228e-12,0.251834477205084,0.187,0.316,1.07858261867638e-07,"1","N4BP1"
4.96331953032159e-12,0.280624740684263,0.342,0.54,1.14220872351291e-07,"1","REXO2"
5.16689962450109e-12,0.453548558881597,0.165,0.292,1.18905861058643e-07,"1","C14orf159"
5.32222112837497e-12,0.888201307580726,0.6,0.654,1.22480274827293e-07,"1","RHOQ"
5.45996792393911e-12,0.289368028152443,0.294,0.469,1.25650241833611e-07,"1","MLLT6"
5.51906472525678e-12,1.0506510997175,0.534,0.567,1.27010236522334e-07,"1","EVI2B"
6.08734659592678e-12,0.319491555530678,0.209,0.346,1.40088107212063e-07,"1","LMF2"
6.87989083797577e-12,0.316448708142962,0.248,0.409,1.58326927854336e-07,"1","NCSTN"
8.24241071865135e-12,0.312671135198304,0.311,0.492,1.89682597868324e-07,"1","TMEM259"
8.7458262581855e-12,0.471453008352146,0.218,0.359,2.01267699679623e-07,"1","RBM38"
8.87700625942644e-12,0.802111219737606,0.633,0.698,2.04286545048181e-07,"1","ITGB7"
9.2021144794755e-12,0.411763065634766,0.224,0.374,2.1176826051617e-07,"1","KNTC1"
9.29216881642064e-12,0.293228957441068,0.207,0.348,2.13840680972288e-07,"1","GLA"
9.80531084330793e-12,0.382765144809307,0.165,0.287,2.25649618437045e-07,"1","SMAD5"
1.03118367713383e-11,0.800430731018811,0.695,0.783,2.37306299618809e-07,"1","CD44"
1.03267304160464e-11,0.282624579364835,0.231,0.372,2.37649047064477e-07,"1","HJURP"
1.0792615140878e-11,0.414831556956596,0.228,0.374,2.48370452237024e-07,"1","ATM"
1.29750163938906e-11,0.395021430246993,0.261,0.421,2.98594052272603e-07,"1","C15orf57"
1.30792808619608e-11,0.384310304033508,0.213,0.354,3.00993490476303e-07,"1","ITCH"
1.40038318799609e-11,0.36006708725391,0.18,0.305,3.22270183053539e-07,"1","ALG9"
1.44147803349689e-11,0.281099613736361,0.285,0.45,3.31727339848638e-07,"1","ISOC2"
1.56057998429343e-11,0.437000298857697,0.155,0.268,3.59136271785446e-07,"1","UBALD1"
1.57027336315444e-11,0.562550863642884,0.256,0.417,3.61367009062731e-07,"1","CLK1"
1.57919386748104e-11,0.354320574566666,0.221,0.366,3.63419884723412e-07,"1","NUDT22"
1.73708276082301e-11,0.365048867829708,0.219,0.363,3.99754855748198e-07,"1","TAPSAR1"
1.85801007263208e-11,0.298645943563002,0.219,0.36,4.27583858014821e-07,"1","DHTKD1"
2.19284867691717e-11,0.871166999701355,0.54,0.562,5.04640266018948e-07,"1","GOLGB1"
2.23270291695304e-11,0.40294599044823,0.156,0.271,5.13811922278404e-07,"1","KIAA0141"
2.34308119255865e-11,0.459376353651767,0.198,0.336,5.39213274843521e-07,"1","GGCX"
2.44275812629117e-11,0.286752115103142,0.155,0.271,5.62151927603388e-07,"1","MPHOSPH9"
2.45910724715909e-11,0.385916684192167,0.267,0.432,5.65914350788722e-07,"1","PHF12"
2.51253355865733e-11,0.332038957795517,0.152,0.266,5.78209347853811e-07,"1","IFI35"
2.76891920035006e-11,1.10562576410996,0.498,0.505,6.37211375576559e-07,"1","CD59"
2.85980076992091e-11,0.291838726616965,0.245,0.4,6.581259511819e-07,"1","CCDC53"
2.86507345668381e-11,0.406293245291122,0.218,0.364,6.59339354586646e-07,"1","MTND4P12"
3.08464324563765e-11,0.256742374096499,0.225,0.367,7.09868950118592e-07,"1","TMEM179B"
3.09126428746278e-11,0.281415682798329,0.257,0.412,7.1139265047381e-07,"1","TMEM147"
3.12891327851096e-11,0.303655334474374,0.165,0.284,7.20056812783728e-07,"1","TJAP1"
3.16772354047579e-11,0.376072260880711,0.147,0.257,7.28988218369695e-07,"1","IRAK4"
3.56935952861407e-11,0.269800503517069,0.184,0.309,8.21416708319955e-07,"1","HS2ST1"
4.46942814336954e-11,0.365385262768634,0.195,0.332,1.02854949863363e-06,"1","MTND2P28"
4.86760920858769e-11,0.261095201369889,0.281,0.439,1.12018290717228e-06,"1","APOBEC3B"
6.16653371869968e-11,0.482916560727364,0.27,0.427,1.41910440468436e-06,"1","FDX1"
6.31814402582319e-11,0.474465314910112,0.161,0.276,1.45399448466269e-06,"1","NLK"
7.07733835452987e-11,0.313214533218436,0.33,0.513,1.62870787552796e-06,"1","VAV1"
7.52598758962244e-11,0.266971304380939,0.168,0.286,1.73195552399981e-06,"1","KIAA0319L"
8.02097738738179e-11,0.349583071796506,0.213,0.349,1.84586752615817e-06,"1","ATF6B"
9.01987300985465e-11,0.317594340581727,0.177,0.301,2.07574337575785e-06,"1","TSC2"
9.47542233788666e-11,0.472199576928602,0.179,0.304,2.18057894261786e-06,"1","CPSF1"
9.48327689563736e-11,0.28802184456791,0.214,0.349,2.18238651199303e-06,"1","NT5C2"
9.95770141121224e-11,0.251984882236174,0.194,0.319,2.29156582576227e-06,"1","ZFC3H1"
1.00673803005212e-10,0.357746160765343,0.285,0.446,2.31680622855895e-06,"1","GFPT1"
1.27644271799671e-10,0.288281050529035,0.185,0.307,2.93747762692582e-06,"1","MDM4"
1.39913406866389e-10,0.357763688576926,0.226,0.368,3.21982723221621e-06,"1","AKAP17A"
1.57792393404278e-10,0.365466012014966,0.29,0.456,3.63127634941266e-06,"1","CIR1"
1.77538586165302e-10,0.339359969854758,0.192,0.318,4.0856954834221e-06,"1","ERCC5"
1.88398577325509e-10,0.396787159232364,0.3,0.471,4.33561645999194e-06,"1","DPAGT1"
1.91968421942043e-10,0.394430334430929,0.194,0.322,4.41776929415223e-06,"1","CTSA"
2.10098697270742e-10,0.651370869766188,0.675,0.763,4.83500132029159e-06,"1","TAPBP"
2.32286459149398e-10,0.25939172593925,0.255,0.401,5.3456082844051e-06,"1","PIK3CG"
2.329409818049e-10,0.469922692949684,0.157,0.269,5.36067081427615e-06,"1","TRIO"
2.33235233634515e-10,0.509381861155864,0.23,0.373,5.36744243163109e-06,"1","PDXDC1"
3.71791009124522e-10,0.30994663150438,0.341,0.522,8.55602649298262e-06,"1","NKTR"
3.95097410685984e-10,0.29157755784064,0.15,0.257,9.09237671211656e-06,"1","HSP90B2P"
4.26490609689021e-10,0.336683702031044,0.168,0.281,9.81482840077344e-06,"1","SP140L"
4.3276108435323e-10,0.362960201224785,0.147,0.25,9.95913083422088e-06,"1","ALG14"
4.5515816059761e-10,0.310580651138386,0.473,0.684,1.04745547498328e-05,"1","JUN"
5.73897189139621e-10,0.397684107845325,0.154,0.262,1.32070960136701e-05,"1","RNF168"
6.37317978661852e-10,0.345577314157436,0.158,0.265,1.46665986429452e-05,"1","ITPR3"
6.3793171633179e-10,0.309440221460547,0.282,0.441,1.46807225879435e-05,"1","RP1-72A23.3"
7.12089830868796e-10,0.57693883542305,0.216,0.349,1.63873232777836e-05,"1","HMG20B"
9.57484140324329e-10,0.293953554287192,0.27,0.423,2.20345825212838e-05,"1","ZNF580"
1.00220207475842e-09,0.253310816056121,0.325,0.491,2.30636763464156e-05,"1","SCARB2"
1.10512058728693e-09,0.86802190564334,0.582,0.628,2.5432140075234e-05,"1","CRELD2"
1.10588038478355e-09,0.316465447601101,0.38,0.581,2.54496252950239e-05,"1","ERGIC2"
1.10858563862992e-09,0.618241352428666,0.689,0.778,2.55118813017904e-05,"1","DNAJB11"
1.13196152248231e-09,0.451580522272408,0.307,0.476,2.60498305168853e-05,"1","APOL2"
1.13426412693309e-09,0.314967652022764,0.321,0.491,2.61028203531111e-05,"1","NDUFB7"
1.39369640835455e-09,0.260408675777966,0.194,0.315,3.20731354454632e-05,"1","DVL3"
1.39671930411836e-09,0.403215774696627,0.253,0.401,3.21427013456758e-05,"1","ERAP1"
1.51502141837861e-09,0.30599956545697,0.403,0.615,3.48651879011469e-05,"1","FGFR1OP2"
1.61096187602957e-09,1.05091033686889,0.447,0.443,3.70730656530685e-05,"1","SLC44A1"
1.72306373514021e-09,0.38182433369437,0.216,0.343,3.96528657367816e-05,"1","PHYKPL"
1.88159108675889e-09,0.464000158293738,0.207,0.335,4.33010556795822e-05,"1","PIGK"
2.13132082611038e-09,2.48424730037648,0.785,0.857,4.90480861712783e-05,"1","IGHM"
2.2888781025388e-09,0.446392835334448,0.288,0.451,5.26739517737255e-05,"1","SYNRG"
2.39064150317047e-09,0.296396908888228,0.168,0.276,5.5015832912462e-05,"1","TMEM57"
2.47099781188087e-09,0.801915045994138,0.596,0.655,5.68650726448144e-05,"1","NT5DC2"
2.56086023812465e-09,0.350336008881507,0.158,0.261,5.89330766599625e-05,"1","GEN1"
2.58097046169127e-09,0.290627885940515,0.389,0.581,5.93958732349013e-05,"1","PQBP1"
2.66975062476266e-09,1.40847593940353,0.293,0.247,6.14389711276632e-05,"1","HERC2P2"
3.25311060125232e-09,0.312892815484223,0.211,0.334,7.48638342666196e-05,"1","TNRC6B"
3.55946513681653e-09,0.404845881832201,0.195,0.317,8.19139711935588e-05,"1","BET1"
3.88803220704427e-09,0.459870364898921,0.158,0.26,8.94752851807098e-05,"1","SH3GLB2"
4.67649126059315e-09,0.406358706563074,0.245,0.384,0.00010762009338003,"1","PRRC1"
4.87636986721957e-09,1.00093295816363,0.545,0.598,0.000112219899754324,"1","MAPKAPK2"
5.35019608889705e-09,0.395313152316484,0.162,0.265,0.000123124062593788,"1","TSPAN14"
5.71667401591338e-09,0.30601000807032,0.213,0.336,0.000131557819128215,"1","GINM1"
6.37614808422837e-09,0.491654940172352,0.164,0.271,0.000146734295862347,"1","MBD6"
6.9498765268009e-09,0.823478669366033,0.382,0.332,0.000159937508511269,"1","KCNN3"
7.01091845384172e-09,0.282453908842001,0.175,0.281,0.000161342266378259,"1","MPC1"
7.25803485049637e-09,0.536449458832834,0.168,0.276,0.000167029156014473,"1","SLC30A7"
7.73745558487466e-09,0.257112212747213,0.429,0.629,0.00017806206537472,"1","PRCC"
7.96782607591825e-09,0.405599891827386,0.218,0.342,0.000183363581485107,"1","ADAM10"
8.75403252955925e-09,0.282626569739662,0.196,0.309,0.000201456550602747,"1","EHMT1"
8.7631166619292e-09,0.354426810001147,0.156,0.255,0.000201665603740977,"1","ASPHD2"
8.81610916144621e-09,0.374252960668383,0.305,0.463,0.000202885120132362,"1","STX16"
1.06681190347563e-08,0.845825606872264,0.571,0.625,0.000245505423346847,"1","ANKRD12"
1.07065596930425e-08,0.290766708946062,0.863,0.918,0.000246390058215986,"1","NDUFA1"
1.27657328967276e-08,0.49083401558096,0.294,0.447,0.000293777811152391,"1","RB1CC1"
1.3673381903646e-08,0.346042266855898,0.381,0.57,0.000314665537748606,"1","SPEN"
1.70588222137272e-08,0.806183005386717,0.632,0.721,0.000392574675604503,"1","CD63"
1.92696609239957e-08,0.339247623697418,0.158,0.256,0.000443452706843913,"1","MAP3K1"
2.10986152901593e-08,0.267348058752471,0.309,0.464,0.000485542433672435,"1","PGRMC2"
2.11775199170401e-08,0.670662692548233,0.661,0.748,0.000487358265850843,"1","EDEM1"
2.2570101986214e-08,0.336632346323333,0.402,0.582,0.000519405757008742,"1","DOK3"
2.32919478585709e-08,0.31513477956887,0.301,0.447,0.000536017596069293,"1","GRN"
2.44418142277314e-08,0.355950472391924,0.296,0.445,0.000562479470822782,"1","ACBD3"
2.5799042110067e-08,0.259560530185162,0.371,0.554,0.000593713356078971,"1","ORMDL3"
2.80366939788134e-08,0.568914803395805,0.219,0.344,0.000645208438534432,"1","NCF4"
2.88283365724038e-08,0.408552502695548,0.261,0.396,0.00066342650954073,"1","MTRR"
2.97544570108579e-08,0.598623820058992,0.187,0.295,0.000684739319190873,"1","HIST1H1E"
3.0286851602103e-08,0.309856959326738,0.257,0.391,0.000696991315919196,"1","CENPJ"
3.03076286773816e-08,0.258756259028526,0.41,0.584,0.000697469458752583,"1","IRF1"
4.27857220672754e-08,0.328501622703464,0.317,0.476,0.000984627821934208,"1","SOCS3"
4.31448448498627e-08,0.506602386322869,0.237,0.366,0.00099289231452989,"1","EPB41"
4.54244279653485e-08,0.978121866509333,0.341,0.301,0.00104535236076657,"1","RABAC1"
4.76320300017554e-08,0.558850094174671,0.163,0.261,0.0010961559064304,"1","CCDC117"
5.08600409027042e-08,0.324688625067142,0.288,0.439,0.00117044212129393,"1","TMEM19"
5.34138017283767e-08,0.273091728947908,0.191,0.297,0.00122921181917513,"1","BIN2"
5.96779227229548e-08,0.400913420093927,0.358,0.537,0.00137336803562336,"1","NFATC2IP"
6.8127576676154e-08,0.288095144913898,0.289,0.423,0.00156781992204833,"1","SLA"
6.98419632371538e-08,0.361818498501901,0.226,0.343,0.00160727309997662,"1","CARD16"
7.45460908950261e-08,1.13788838522745,0.428,0.439,0.00171552918976724,"1","B4GALT3"
8.27957404812205e-08,0.458567960033654,0.203,0.313,0.00190537837569433,"1","SNHG9"
8.36205933338785e-08,0.52944884975669,0.178,0.28,0.00192436071439254,"1","TBC1D10C"
9.94226464071473e-08,0.400390747455175,0.732,0.821,0.00228801336176768,"1","SEC61B"
1.07031499376658e-07,0.25409121530259,0.482,0.695,0.00246311589515504,"1","SRP19"
1.33137852814408e-07,0.456781916642867,0.328,0.489,0.00306390140681796,"1","SEC23B"
1.4250643673606e-07,0.375365324157876,0.176,0.273,0.00327950062860694,"1","C15orf39"
1.42878523457332e-07,0.543876552940334,0.233,0.356,0.00328806346032358,"1","STXBP2"
1.63554958978373e-07,0.484847235094971,0.374,0.553,0.0037638902709693,"1","SEMA4D"
1.64728694621326e-07,0.474308351653717,0.237,0.365,0.00379090144932057,"1","SEMA4B"
2.10363356932616e-07,0.295324234539522,0.189,0.288,0.00484109193309029,"1","SREBF1"
2.16369307328239e-07,0.302918578679061,0.301,0.44,0.00497930686954477,"1","CTSB"
2.23947963695911e-07,0.461061376287455,0.258,0.389,0.005153714488534,"1","AGA"
2.26119515072549e-07,0.253207185372469,0.335,0.49,0.00520368840036456,"1","N4BP2L2"
2.4527088315362e-07,0.636573923833396,0.619,0.685,0.00564441883401426,"1","VIMP"
3.10918753608072e-07,0.31407754714928,0.203,0.307,0.00715517327678256,"1","GPR108"
3.45427585868445e-07,0.559357721850213,0.219,0.333,0.00794932503359053,"1","SLC38A5"
3.82630084213957e-07,0.31231104815585,0.415,0.596,0.00880546612801579,"1","SCFD1"
4.50682033066669e-07,0.254394397851952,0.46,0.652,0.0103715456269633,"1","SAR1A"
5.50604503809879e-07,0.993180199041211,0.382,0.364,0.0126710614461767,"1","PLD3"
5.84429463817173e-07,0.253914721656197,0.325,0.476,0.0134494752508246,"1","SAMD9L"
6.60679879139403e-07,0.526373085555409,0.693,0.807,0.0152042260586351,"1","ERP29"
6.81679855472794e-07,0.63816277147462,0.212,0.326,0.0156874985139954,"1","SRPK2"
7.17143785762767e-07,0.293262885903687,0.213,0.315,0.0165036299417585,"1","GPR114"
7.34007625280049e-07,0.38821851866799,0.322,0.468,0.0168917174805698,"1","ALG3"
8.40574400916235e-07,0.442178453452614,0.312,0.46,0.0193441386882853,"1","CCNC"
8.86829089443333e-07,0.992754389386087,0.273,0.232,0.0204085978353594,"1","SLC38A10"
9.19661691735867e-07,1.01173204174135,0.383,0.363,0.0211641745119175,"1","KLF2"
9.56730141708829e-07,1.30410538374617,0.279,0.242,0.0220172307511453,"1","PNOC"
1.05842777567733e-06,0.480466419196895,0.226,0.34,0.0243575984016623,"1","PCED1B"
1.21489598817152e-06,0.316995225953809,0.237,0.352,0.0279584013757913,"1","XIAP"
1.23403713491601e-06,0.278155898691073,0.342,0.489,0.0283988965858221,"1","IRF3"
1.29830359237352e-06,0.381458098620991,0.342,0.505,0.0298778605712917,"1","SLC50A1"
1.61603817609746e-06,1.10115214603277,0.274,0.234,0.037189886546531,"1","WDR45"
1.74025310013128e-06,0.428836082012457,0.325,0.476,0.0400484445933211,"1","YIPF3"
1.88637775705257e-06,0.420734283259567,0.326,0.477,0.0434112113230507,"1","SAR1B"
2.38697986717231e-06,0.627769067443005,0.617,0.701,0.0549315676832363,"1","COPG1"
2.66295746249371e-06,0.355319941667168,0.295,0.429,0.0612826400843677,"1","FUT8"
2.73709531588459e-06,0.441834793503613,0.19,0.282,0.062988774504452,"1","KLHL5"
3.5521678571805e-06,1.25263479681166,0.287,0.257,0.0817460388972948,"1","DENND5B"
3.6342878301179e-06,0.577710014526675,0.258,0.379,0.0836358658345033,"1","ZMYND8"
3.68700816200127e-06,0.408305910917133,0.418,0.599,0.0848491188321353,"1","MARK3"
4.011390352875e-06,0.484908977372876,0.179,0.269,0.0923141261907124,"1","SURF1"
4.04939274325848e-06,0.471550598760696,0.24,0.354,0.0931886752006073,"1","BET1L"
4.10885367234135e-06,0.306142252268853,0.383,0.547,0.0945570495615916,"1","MZT2B"
4.52166520697914e-06,0.450060204926403,0.326,0.472,0.104057081408211,"1","CCNL2"
4.56676859783495e-06,0.284229601752331,0.52,0.714,0.105095045741976,"1","GTF2I"
5.21103973600117e-06,0.281336777765754,0.443,0.621,0.119921657444595,"1","FAM65B"
6.44751485216865e-06,0.88382458312957,0.48,0.525,0.148376659292957,"1","DNAJC1"
7.54057883633411e-06,0.305285533886947,0.258,0.361,0.173531340760557,"1","P2RX5"
7.64400269323283e-06,0.449772254764047,0.335,0.483,0.175911433979367,"1","CXXC1"
7.66523539490424e-06,0.426864100302738,0.262,0.379,0.176400062142931,"1","ARMCX3"
7.68850936517021e-06,0.639885394935781,0.216,0.32,0.176935666020662,"1","BTAF1"
7.6992893931528e-06,0.558739464567859,0.231,0.338,0.177183746804625,"1","TTC17"
9.11904473125924e-06,0.779942900266708,0.542,0.622,0.209856576400469,"1","TMEM59"
1.0019517207176e-05,0.505071959780057,0.317,0.462,0.23057914948874,"1","SRP68"
1.02356907576756e-05,1.02492699802494,0.455,0.498,0.235553951406388,"1","TXNDC15"
1.03186214865369e-05,0.321979922324755,0.259,0.368,0.237462436269673,"1","SSBP3"
1.10300101599257e-05,0.631518820460977,0.201,0.296,0.253833623810371,"1","DPP7"
1.11795258512138e-05,0.333757261817711,0.284,0.399,0.257274428413983,"1","C1orf186"
1.32259359544346e-05,0.481368344324122,0.27,0.388,0.304368464119404,"1","CD55"
1.45045892518099e-05,0.417829292094657,0.358,0.507,0.333794112451901,"1","GTF2A1"
1.57188500222936e-05,0.485585743318534,0.213,0.305,0.361737895563042,"1","ADAM28"
1.59158186789525e-05,0.456179584875225,0.671,0.778,0.366270735258735,"1","TMED10"
1.64238437263429e-05,0.516800524068116,0.251,0.359,0.377961915674329,"1","CERK"
1.7201074437528e-05,0.314890072922048,0.343,0.471,0.395848326030831,"1","IQGAP2"
1.7369384955621e-05,0.310940053971115,0.294,0.418,0.399721655983707,"1","PAPSS1"
1.96290567907307e-05,0.472312242295459,0.274,0.388,0.451723483925086,"1","HEXB"
2.06650214524591e-05,0.251024905223914,0.508,0.689,0.475564138685441,"1","TPP2"
2.22783339323069e-05,0.427115218563163,0.179,0.261,0.512691298784178,"1","PTOV1"
2.32129976540876e-05,1.19697153483405,0.337,0.329,0.534200715013518,"1","EDEM2"
2.79017951071186e-05,0.73617846073187,0.173,0.258,0.642104010800121,"1","PYGB"
2.84394374659676e-05,1.80859796015165,0.291,0.246,0.654476774404312,"1","IGLC2"
2.88708950130504e-05,0.614308700484395,0.223,0.325,0.664405906935328,"1","DEF6"
3.36381702001886e-05,0.641098697087916,0.226,0.325,0.77411521081694,"1","GBF1"
3.82905521783426e-05,0.557645997044458,0.23,0.332,0.881180477280197,"1","CLCC1"
4.56901922342336e-05,0.410059711992485,0.698,0.809,1,"1","SSR1"
5.11202876505556e-05,0.56450452749047,0.21,0.301,1,"1","ATP6V0A1"
5.59527763458266e-05,1.21805777897831,0.332,0.321,1,"1","FAM214A"
5.66828820966448e-05,0.389337277885875,0.349,0.49,1,"1","TRABD"
5.8585311998099e-05,0.525018392837328,0.361,0.507,1,"1","SETX"
5.92714615492783e-05,0.558253139322302,0.193,0.276,1,"1","LRP5"
6.63166311275825e-05,0.309989014780806,0.427,0.599,1,"1","GRK6"
6.99298124707138e-05,0.532497013451184,0.345,0.489,1,"1","VPS36"
7.59128118751621e-05,0.332021096935961,0.763,0.862,1,"1","PRDX5"
7.63662268282877e-05,0.438613318347228,0.427,0.603,1,"1","C17orf62"
8.91384286756375e-05,0.783601866799293,0.392,0.393,1,"1","CEP128"
8.98704775110284e-05,0.649706514779897,0.215,0.307,1,"1","ZNF37A"
9.17337267450109e-05,0.773707822500573,0.31,0.289,1,"1","CBX4"
9.5517767303883e-05,0.903436451147005,0.439,0.47,1,"1","SYVN1"
9.79373975040943e-05,0.540673947787386,0.346,0.497,1,"1","MARCH6"
9.81309319579718e-05,0.743855850112885,0.563,0.668,1,"1","DERL1"
0.000101457639541616,0.421263933477391,0.255,0.352,1,"1","EMP3"
0.000127219007048611,0.521766048706013,0.615,0.732,1,"1","SPCS2"
0.00012931880492422,0.859521985253177,0.513,0.589,1,"1","ERLEC1"
0.000129482687633799,0.49566152686131,0.319,0.45,1,"1","NDFIP1"
0.00013008955948131,0.318388056759912,0.397,0.541,1,"1","TRAM2"
0.000132746596151307,0.289649770497412,0.501,0.7,1,"1","LRRC59"
0.00014203075910413,0.502498394231706,0.388,0.542,1,"1","CNP"
0.000152925357676384,0.774708536331168,0.177,0.254,1,"1","GBA2"
0.000170001428136176,0.400863928686004,0.716,0.83,1,"1","UBXN4"
0.000170844306026655,0.485538960628026,0.176,0.25,1,"1","TRADD"
0.000214350924802799,0.637329591269067,0.223,0.31,1,"1","ZFP36L2"
0.000228410919408721,0.708154259426627,0.333,0.311,1,"1","BHLHE41"
0.000241022678477631,0.252039244970652,0.422,0.581,1,"1","IFI6"
0.000275532744890363,0.300146228458795,0.334,0.449,1,"1","PHGDH"
0.000302776513692523,1.16930262502272,0.332,0.33,1,"1","DNAJB9"
0.000338156427268165,0.75231567352077,0.179,0.252,1,"1","NMRK1"
0.000353945349916418,0.890806727260669,0.422,0.452,1,"1","ITM2B"
0.000383356396967617,0.597065989444676,0.205,0.286,1,"1","MOGS"
0.000397112962439423,0.448411777931772,0.44,0.597,1,"1","CRIP1"
0.000397491605224425,1.09532587074396,0.252,0.23,1,"1","ARRDC3"
0.000424299562122757,0.34941518596608,0.48,0.672,1,"1","SRP54"
0.00044531994328618,0.603480727409423,0.609,0.75,1,"1","SPCS1"
0.000456096925418301,0.771477789532539,0.246,0.342,1,"1","SLFN11"
0.000493896056321632,0.814660399002242,0.488,0.549,1,"1","OGT"
0.000505116317100315,0.561437439752968,0.266,0.365,1,"1","FAM134C"
0.00053417229930072,0.970634984430463,0.484,0.568,1,"1","DDOST"
0.000606348339709492,0.820275306835413,0.561,0.658,1,"1","LENG8"
0.000769071936813364,0.328135157166034,0.228,0.307,1,"1","GOLGA2"
0.000769243790407279,0.555461435839401,0.247,0.337,1,"1","CDC25B"
0.000804043554058284,0.512087034624468,0.201,0.276,1,"1","STX5"
0.000812863955580092,0.392939340633376,0.483,0.668,1,"1","NDUFA3"
0.000988691401501583,0.648035766174576,0.252,0.347,1,"1","RNF113A"
0.00116173082879678,0.606476680535555,0.196,0.27,1,"1","IQSEC1"
0.00117360627624028,0.7328567588711,0.186,0.257,1,"1","MYO1D"
0.00120983741976556,0.841169135285157,0.313,0.298,1,"1","YPEL5"
0.00121414404271685,0.487404428030286,0.27,0.361,1,"1","GADD45A"
0.00130077418281027,0.360518190785734,0.505,0.695,1,"1","TM9SF2"
0.00133094752644623,1.22206565803597,0.359,0.38,1,"1","ITM2A"
0.00134262111896607,0.39494276423818,0.43,0.585,1,"1","CSNK1E"
0.00135891644854207,0.501602559651805,0.323,0.446,1,"1","TMEM219"
0.0013685814963636,0.560732920338397,0.371,0.505,1,"1","UBE2H"
0.00142158081601664,0.991695885921397,0.302,0.297,1,"1","FNDC3A"
0.00151527822731079,0.835199863768086,0.447,0.492,1,"1","GMPPA"
0.00153541498059121,0.533504321782484,0.375,0.51,1,"1","CTSS"
0.0015630802781032,0.487294195857199,0.227,0.306,1,"1","NCF1B"
0.00159169884989255,0.980882783931214,0.361,0.375,1,"1","IDH2"
0.0016613710280972,0.565028445776719,0.197,0.268,1,"1","TECPR1"
0.00171105418496579,0.432359689817826,0.434,0.59,1,"1","THEMIS2"
0.00177697330274888,0.59421063669065,0.603,0.733,1,"1","KDELR1"
0.0019975622938173,0.718129440358942,0.243,0.329,1,"1","MANEA"
0.00204154076378334,0.594516164429395,0.309,0.421,1,"1","TPST2"
0.00208754034314476,0.41645297336577,0.347,0.471,1,"1","GOLGA3"
0.00214991327713272,0.561059342345784,0.612,0.721,1,"1","LMAN2"
0.00221706249939791,0.392757042210721,0.35,0.471,1,"1","SEL1L"
0.00228178518948424,0.703897534475057,0.282,0.384,1,"1","NGLY1"
0.00245565056071336,0.675882045518024,0.551,0.665,1,"1","KDELR2"
0.00255297207001693,1.29680881540907,0.281,0.28,1,"1","TXLNG2P"
0.00268891678786026,0.345765395654801,0.73,0.842,1,"1","SRRM2"
0.0027789144629538,0.479072482485784,0.411,0.559,1,"1","ATP6AP1"
0.00291459451222785,0.671582698784062,0.272,0.372,1,"1","MAGED1"
0.00352029077905825,0.848966669751544,0.41,0.446,1,"1","SEC24D"
0.00365060938991049,0.508849275651731,0.33,0.442,1,"1","HSH2D"
0.00370429537182282,0.537349222590026,0.398,0.545,1,"1","ATP6V1G1"
0.00391176897974502,0.569611052606835,0.307,0.418,1,"1","MGAT2"
0.00443373645835448,0.46446106318147,0.407,0.558,1,"1","SMARCB1"
0.00471742009073823,0.678331454325247,0.383,0.397,1,"1","CYBA"
0.00530401723200348,0.398243486405984,0.442,0.582,1,"1","YIF1B"
0.00542645630181679,0.340900668286438,0.441,0.583,1,"1","KLF13"
0.0057294921075477,0.525245277786265,0.385,0.509,1,"1","IFNAR2"
0.00573103273781516,0.793895890349847,0.462,0.517,1,"1","BTN3A2"
0.00605225425513811,0.447123347463948,0.225,0.294,1,"1","KIAA0226"
0.00621046996892229,0.92771237936294,0.3,0.302,1,"1","IRF7"
0.00679156639315221,0.503505518038199,0.334,0.443,1,"1","HCST"
0.00776439802511199,0.276001054236774,0.26,0.33,1,"1","SYNE2"
0.00830197682065091,0.769572096283888,0.383,0.407,1,"1","LARP1B"
0.00952303745272775,0.967474930749017,0.288,0.291,1,"1","CITED2"
0,5.68947999082583,0.556,0.047,0,"2","CCL17"
1.68222804405203e-267,2.65943691442191,0.598,0.089,3.87131139777694e-263,"2","SPIB"
3.57639681760769e-261,3.44689871148445,0.571,0.083,8.23036199636057e-257,"2","LTA"
4.85953618532251e-256,2.34980686756324,0.654,0.118,1.11832506232827e-251,"2","CCR7"
6.08844617346786e-252,2.73190656907628,0.663,0.138,1.40113411790016e-247,"2","TRAF1"
2.96816753322203e-235,4.7518407309081,0.473,0.059,6.83064394420385e-231,"2","CCL22"
3.65834628170581e-234,3.38141972396176,0.366,0.022,8.41895229808959e-230,"2","MNDA"
4.47043762066902e-231,3.20583456902499,0.385,0.029,1.02878180964456e-226,"2","MCOLN2"
1.84991678074545e-217,3.11759043683073,0.701,0.217,4.2572134875295e-213,"2","MS4A1"
3.46343590416738e-214,2.57112151026105,0.63,0.144,7.97040504626038e-210,"2","MIR155HG"
4.91776151615775e-208,2.8563345233881,0.545,0.101,1.13172445771338e-203,"2","TNF"
1.39014956681407e-202,2.35246373708406,0.62,0.143,3.19915119810923e-198,"2","LTB"
2.8298315211743e-201,4.37911838060224,0.321,0.021,6.51229127967842e-197,"2","CXCL10"
9.57557518635885e-197,3.58657734454473,0.519,0.103,2.20362711763676e-192,"2","AHR"
5.55450292981375e-194,5.08657685874925,0.25,0.007,1.27825775923804e-189,"2","DENND5A"
8.49639234337126e-192,3.19783698986378,0.524,0.103,1.95527476998003e-187,"2","SMIM14"
4.46461673136629e-191,2.53102958482528,0.486,0.08,1.02744224838932e-186,"2","PIKFYVE"
3.60205190216432e-187,5.30102576482037,0.26,0.011,8.28940204245075e-183,"2","CYP1B1"
9.80227864880636e-183,3.58081909907696,0.442,0.071,2.25579838544981e-178,"2","AICDA"
2.15652163976667e-180,2.38058150530673,0.637,0.18,4.96280324959505e-176,"2","ARID5A"
7.22210284807658e-177,2.75941545618193,0.705,0.297,1.66202252842786e-172,"2","DEK"
1.30912366956311e-176,3.7035617898498,0.328,0.031,3.01268630076559e-172,"2","NCR3"
2.65303391592445e-176,3.19584523104213,0.312,0.025,6.10542695071694e-172,"2","ITGAX"
1.87436041675865e-172,3.32341811729499,0.341,0.036,4.31346562708668e-168,"2","RP11-861A13.4"
3.80561402160955e-167,2.60889665249084,0.578,0.155,8.75785954793007e-163,"2","RAB13"
6.2455536207133e-167,2.85222875263634,0.294,0.023,1.43728925473475e-162,"2","MARCH1"
3.30155384361118e-164,1.94305857516882,0.657,0.206,7.5978658603024e-160,"2","CD22"
1.1708652334862e-162,2.34022546076902,0.541,0.13,2.69451216182179e-158,"2","BATF3"
3.44243566422457e-159,2.00733326310059,0.663,0.223,7.92207719408001e-155,"2","CD40"
1.48738342301604e-158,2.16631612623821,0.689,0.261,3.42291547138681e-154,"2","IRF5"
2.30158746291513e-157,2.29425718648238,0.336,0.039,5.2966432284066e-153,"2","CD83"
1.24176035792337e-155,2.34617549408168,0.657,0.228,2.85766311168906e-151,"2","CD82"
5.87969314069536e-153,2.3842940379166,0.661,0.24,1.35309378246822e-148,"2","DUSP4"
6.03854561316422e-153,3.10059713435157,0.288,0.027,1.38965050195748e-148,"2","CCDC28B"
2.39225250086201e-149,2.08526357490153,0.351,0.047,5.50529068023375e-145,"2","ZC3H12D"
3.76460036559237e-148,2.44219630937977,0.425,0.081,8.66347482133773e-144,"2","BCL2A1"
6.38125310560185e-148,2.0482082900755,0.553,0.15,1.46851777719215e-143,"2","TRIM22"
7.73439105140784e-148,2.73725335354382,0.553,0.163,1.77991541266049e-143,"2","CCDC71L"
3.03234104082222e-147,1.813701202139,0.51,0.12,6.97832643724417e-143,"2","CXCR5"
5.45071904966216e-147,2.59300950569847,0.467,0.103,1.25437397489875e-142,"2","TTC39C"
3.62352355400505e-143,2.26959054601171,0.309,0.036,8.33881475483181e-139,"2","GRAMD1B"
1.27937580464183e-140,2.06746088049558,0.59,0.185,2.94422753922224e-136,"2","LACTB"
1.3012870557965e-139,1.87425228754041,0.722,0.317,2.99465190150448e-135,"2","CAPG"
4.39430741063593e-138,2.85582342373946,0.341,0.051,1.01126196440965e-133,"2","STAG3"
5.5418414823752e-138,2.42647211614396,0.682,0.298,1.275343980339e-133,"2","LMNA"
1.77801401848059e-131,3.14714716536397,0.301,0.04,4.09174366072938e-127,"2","RP11-465B22.3"
1.15264285502788e-130,2.74254722434739,0.262,0.027,2.65257700227566e-126,"2","DGKG"
1.31907489238616e-130,2.04652293163357,0.674,0.282,3.03558704984828e-126,"2","EBI3"
1.33824403171796e-129,2.03207300978135,0.453,0.106,3.07970099019255e-125,"2","CCSER2"
2.32656106378396e-129,1.9202652310788,0.485,0.124,5.35411497608602e-125,"2","LILRB1"
2.37088555592211e-129,1.7695125309771,0.659,0.248,5.45611892984354e-125,"2","TSPAN33"
5.40301478571189e-128,2.67693520544843,0.413,0.092,1.24339579263588e-123,"2","CD80"
7.90844181255748e-127,2.10490590800003,0.309,0.044,1.81996971432385e-122,"2","DMD"
7.64479826939291e-126,1.96157857156803,0.566,0.182,1.75929742573539e-121,"2","STAT5A"
2.88577817563925e-122,2.04410780955736,0.339,0.058,6.6410413155986e-118,"2","PHF16"
5.42414163486979e-122,1.92407702671518,0.459,0.115,1.24825771443259e-117,"2","B4GALT5"
1.83233551282562e-120,2.06967752605214,0.282,0.036,4.21675371566559e-116,"2","IGFBP4"
4.05152350051058e-120,2.63530645493057,0.332,0.057,9.32377103172499e-116,"2","NEK6"
7.11877381399628e-118,1.73411860990885,0.564,0.186,1.63824341781496e-113,"2","CCDC6"
5.10618245507207e-117,2.0731123488422,0.582,0.215,1.17508576838573e-112,"2","HSPB1"
9.30559285796326e-117,2.22518772256978,0.529,0.171,2.14149608440308e-112,"2","NINJ1"
2.64251270801104e-116,2.74928149174706,0.35,0.068,6.08121449494581e-112,"2","SERPINB6"
5.68160626321583e-115,2.35849708285163,0.723,0.454,1.30750804935386e-110,"2","S100A4"
1.40354505829375e-113,2.46432786476217,0.294,0.045,3.22997824265141e-109,"2","LFNG"
1.39123277410276e-112,1.68538729800767,0.734,0.443,3.20164398304269e-108,"2","PEA15"
2.52659335635263e-111,2.99812716271123,0.277,0.041,5.81444929097431e-107,"2","LY86"
1.81814866926399e-110,1.79446925803952,0.653,0.283,4.18410553257723e-106,"2","BHLHE40"
5.01196101483458e-109,2.40041354618554,0.339,0.067,1.15340258834388e-104,"2","DUSP10"
7.11305696669777e-109,1.82673709725886,0.26,0.034,1.63692779974616e-104,"2","BACH2"
2.19449170157143e-108,1.9510779102364,0.543,0.189,5.05018375282634e-104,"2","PFKFB3"
1.67735772063306e-107,1.79255127970243,0.52,0.171,3.86010332249285e-103,"2","RAB11FIP1"
2.86814558658617e-105,1.39013836120432,0.729,0.402,6.60046343841074e-101,"2","BIRC3"
4.53595702924781e-105,3.07797903740913,0.288,0.05,1.0438597911408e-100,"2","BCAS1"
3.68266694829435e-104,2.16288366348397,0.459,0.137,8.47492144810979e-100,"2","CCL5"
6.28499451648874e-104,1.54617480497641,0.388,0.092,1.44636578807955e-99,"2","ALOX5AP"
5.74812916496015e-103,2.83378281290142,0.275,0.045,1.32281696473228e-98,"2","ATP8B4"
2.00705159454363e-101,1.773814635934,0.713,0.417,4.61882783452326e-97,"2","SERPINB1"
2.30790980142468e-101,1.56312725639764,0.488,0.154,5.31119282601862e-97,"2","KIAA0922"
1.16635209584474e-100,1.40044834076594,0.646,0.292,2.6841260781675e-96,"2","SNX10"
3.07218834165532e-100,1.49132042625063,0.664,0.295,7.07002703065138e-96,"2","PKIG"
2.0947368681212e-99,1.45061483197472,0.595,0.242,4.82061795460731e-95,"2","NMI"
5.32584039349734e-98,1.75992016594812,0.271,0.045,1.22563564975554e-93,"2","TNFSF12"
7.15252084063451e-98,1.90572343330631,0.658,0.332,1.64600962105522e-93,"2","STK38L"
1.81689855344695e-97,1.33768594504197,0.67,0.33,4.18122864104748e-93,"2","PAX5"
3.64560848166537e-97,2.60153824904171,0.271,0.046,8.38963879885651e-93,"2","CYB5R2"
6.99254150110539e-97,1.89939401085391,0.684,0.361,1.60919357564938e-92,"2","ZFP36L1"
1.76108747546609e-96,2.85382819703376,0.345,0.081,4.05279060729012e-92,"2","PLAC8"
1.87318870118173e-96,1.73875641116109,0.604,0.253,4.31076915802951e-92,"2","BCAT1"
1.81441866402428e-95,2.44391365530158,0.375,0.098,4.17552167151907e-91,"2","SNX22"
2.68105737626956e-95,1.70678614200113,0.294,0.055,6.16991734000913e-91,"2","CHI3L2"
5.592588944858e-95,2.19567073388368,0.298,0.059,1.28702249388017e-90,"2","RHOC"
6.7193807687682e-95,2.60712744094019,0.287,0.054,1.54633109631663e-90,"2","SEMA7A"
1.43424629080676e-93,1.54889962388568,0.486,0.163,3.30063098903359e-89,"2","KSR1"
5.1733948921984e-91,1.91357159456933,0.461,0.152,1.19055336654162e-86,"2","KYNU"
1.14791880652348e-90,1.84356626581305,0.528,0.206,2.64170554945248e-86,"2","NUB1"
5.62122810778521e-90,1.95172137475213,0.356,0.092,1.29361322444461e-85,"2","BBC3"
6.24341912346041e-90,1.25524038898105,0.427,0.123,1.43679804288194e-85,"2","SPINT2"
8.40905878966128e-90,1.58358251263704,0.362,0.092,1.93517669926475e-85,"2","CIITA"
2.47717462867175e-89,2.39885014016058,0.35,0.09,5.7007219729623e-85,"2","RPL38P4"
1.48658770223246e-87,1.63180332429971,0.379,0.102,3.42108427914756e-83,"2","SYPL1"
9.1576756371066e-87,1.69436332687379,0.607,0.281,2.10745589436734e-82,"2","DOK1"
2.64258795000252e-86,1.9657449200778,0.461,0.158,6.08138764934079e-82,"2","SYT11"
3.88612642322655e-85,1.20825995299779,0.718,0.404,8.94314273777126e-81,"2","STAT6"
3.99690011036444e-85,1.57908352243891,0.664,0.356,9.19806622398169e-81,"2","VRK2"
2.22063271560584e-84,1.69462122366672,0.473,0.168,5.11034206842372e-80,"2","MYL9"
6.05021065636563e-84,1.42871251422534,0.592,0.26,1.39233497834942e-79,"2","RILPL2"
6.89700415231234e-84,1.39348074867229,0.617,0.292,1.58720756557164e-79,"2","RALB"
1.28363825525545e-83,1.68088134936061,0.359,0.096,2.95403671681936e-79,"2","TRAF5"
2.87753975302489e-82,1.79668819460049,0.396,0.121,6.62208223363618e-78,"2","NCF2"
8.29901787291895e-82,1.40264383915431,0.603,0.268,1.90985298309484e-77,"2","BCAS4"
4.11439174439882e-81,1.64336089812847,0.495,0.186,9.468449721385e-77,"2","MYO1C"
1.23615143921526e-80,1.65250945070349,0.393,0.118,2.84475530706607e-76,"2","HVCN1"
2.70434519027274e-80,1.5171307856252,0.751,0.519,6.22350958637466e-76,"2","S100A6"
3.10782179153759e-80,1.46571478868805,0.73,0.518,7.15203028886545e-76,"2","VASP"
3.5122464471198e-80,1.31938053213817,0.265,0.052,8.0827327487568e-76,"2","ARHGAP24"
5.05868353700179e-80,1.46412814078674,0.557,0.236,1.16415484237022e-75,"2","TNFAIP3"
5.26448413244109e-80,1.15826726000264,0.779,0.799,1.21151573339867e-75,"2","ARPC5"
7.19844351579846e-80,1.82296441090604,0.532,0.226,1.6565778062907e-75,"2","ZBED2"
3.16701425192876e-79,1.25773686824655,0.291,0.064,7.28824989796365e-75,"2","KIAA1147"
1.22480591885076e-78,1.15974433120116,0.776,0.652,2.81864586105124e-74,"2","MYL12B"
1.50531325727548e-78,1.81445213449695,0.429,0.147,3.46417739896806e-74,"2","ADO"
2.68252134308481e-78,1.496114902117,0.565,0.248,6.17328636684107e-74,"2","CMTM3"
6.91483928656754e-77,1.61865490080716,0.539,0.232,1.59131196501779e-72,"2","PTMS"
2.54427189470414e-76,1.26400615968188,0.54,0.226,5.85513291128264e-72,"2","PIK3AP1"
3.44005256070864e-76,1.4454859598547,0.267,0.057,7.9165929579588e-72,"2","TTN"
5.45069419741075e-76,1.66077395670985,0.409,0.135,1.25436825565014e-71,"2","PASK"
6.79163951277412e-76,1.81683568786463,0.438,0.159,1.56296000107471e-71,"2","CDCA7"
7.7402133866417e-76,1.66254008875424,0.457,0.17,1.78125530666786e-71,"2","ZMAT3"
1.06151667964169e-75,1.30179340297736,0.582,0.265,2.44286833485941e-71,"2","PACS1"
2.20731766167659e-75,1.76495647330157,0.389,0.127,5.07970013481635e-71,"2","AHCYL2"
6.95760301491033e-75,1.44120801398592,0.279,0.063,1.60115318182131e-70,"2","GBP4"
9.4885939544389e-75,1.45284275566832,0.418,0.142,2.18361012673503e-70,"2","NFKBIE"
2.00868013613004e-74,1.64679419238539,0.4,0.132,4.62257559727606e-70,"2","UNC119"
2.13327703683912e-74,1.30416876607186,0.727,0.496,4.90931044487787e-70,"2","RUNX3"
7.04300608099097e-74,1.47217347219574,0.723,0.491,1.62080698941845e-69,"2","MGST3"
1.5000938678393e-73,1.2540289101229,0.659,0.37,3.45216601805859e-69,"2","HLA-DQB1"
8.57071297692756e-73,1.23287612769504,0.758,0.586,1.97237817738034e-68,"2","TNFAIP8"
3.66147102765152e-72,1.16362912008586,0.515,0.213,8.42614327593443e-68,"2","ZNF267"
8.29985748378703e-72,1.28642344876655,0.473,0.177,1.91004620274391e-67,"2","ZC3H12A"
8.37719745450977e-71,1.71374788268497,0.295,0.074,1.92784445020633e-66,"2","TIMP1"
1.55950961958527e-70,2.34202966760756,0.282,0.071,3.58889948755158e-66,"2","LOXL3"
2.22474625194907e-70,2.05495232160167,0.318,0.088,5.11980854961039e-66,"2","CD9"
2.63230226375757e-70,1.81710878435578,0.358,0.112,6.05771719958531e-66,"2","AC017002.1"
7.49533781156255e-70,0.856703841123307,0.832,0.852,1.72490209057489e-65,"2","LCP1"
1.92017535174078e-69,1.46325489018247,0.291,0.075,4.41889953696105e-65,"2","ZEB2"
5.704913185085e-69,1.5542474772293,0.48,0.199,1.31287167128361e-64,"2","IFNGR1"
1.61167435943886e-68,1.63441808012938,0.343,0.102,3.70894620337665e-64,"2","CDKN2D"
1.76231719804663e-68,1.21835403289139,0.582,0.285,4.05562056786472e-64,"2","HLA-DMB"
6.92285055452821e-68,1.26502976015943,0.552,0.246,1.59315559811358e-63,"2","TNFRSF8"
2.08793564655151e-66,2.00642058648135,0.26,0.063,4.80496630340898e-62,"2","GLUL"
1.61618029739579e-65,1.1012394318832,0.751,0.467,3.71931571839693e-61,"2","AHNAK"
2.56276494486281e-65,1.08246714383574,0.381,0.129,5.89769096761278e-61,"2","IRF8"
7.40586013618216e-65,1.06096992146387,0.659,0.363,1.7043105931396e-60,"2","SLAMF1"
8.2002646129858e-65,0.953831182095116,0.518,0.219,1.88712689538642e-60,"2","NFKB2"
2.363721172506e-64,1.6971971903289,0.349,0.114,5.43963153428806e-60,"2","RP11-215G15.5"
2.80271075886558e-64,1.85977088141535,0.291,0.08,6.44987826937737e-60,"2","BIN1"
2.86587726943836e-64,1.5320302362608,0.436,0.173,6.5952433601585e-60,"2","LYPLAL1"
5.52500926965989e-64,1.80074193074021,0.346,0.113,1.27147038322683e-59,"2","MARCKSL1"
1.72993145219737e-62,1.12627527501364,0.743,0.532,3.98109125094182e-58,"2","FNBP1"
2.49740401268486e-62,1.28654559829862,0.522,0.241,5.74727585439167e-58,"2","BMP2K"
3.30062451291865e-62,1.86887397561767,0.328,0.103,7.59572719157969e-58,"2","TMEM159"
6.37334715750964e-62,1.48308149178492,0.536,0.263,1.46669838135769e-57,"2","GBP1"
9.82352096640435e-62,1.20612674554192,0.573,0.288,2.26068687999863e-57,"2","NFKB1"
1.0631810993857e-61,1.05767469868565,0.723,0.461,2.4466986640163e-57,"2","NFKBIA"
1.13473861008327e-61,1.55045975547856,0.613,0.35,2.61137396338463e-57,"2","ID2"
3.23002355147571e-61,0.903541580784165,0.755,0.467,7.43325319901105e-57,"2","PTPN6"
2.00980132717046e-60,1.24486293789713,0.611,0.334,4.62515579421738e-56,"2","PMAIP1"
3.58417882987129e-60,1.18841397345402,0.688,0.435,8.2482707411828e-56,"2","ZYX"
4.33379362984368e-60,0.957792431845555,0.583,0.285,9.97335928035926e-56,"2","HLA-DOA"
7.36831965317342e-60,1.0654654372131,0.782,0.689,1.6956714017848e-55,"2","S100A11"
1.46211726233443e-59,1.44835444880715,0.502,0.231,3.36477045581021e-55,"2","RP4-647J21.1"
4.91852349029345e-59,0.986910539204793,0.726,0.46,1.13189981082123e-54,"2","CD19"
7.85375568583789e-59,1.72495003491026,0.315,0.1,1.80738479598187e-54,"2","BLVRA"
8.97263314176014e-59,0.921981299689102,0.387,0.138,2.06487206491326e-54,"2","OFD1"
2.35647235195794e-58,0.976150081217607,0.533,0.251,5.42294982356082e-54,"2","STAT5B"
3.23184972772197e-58,0.950004154153578,0.387,0.14,7.43745577840657e-54,"2","UVRAG"
1.05940823865668e-57,1.34012477135955,0.626,0.365,2.43801617962061e-53,"2","TUBA1A"
1.53289029007038e-57,1.33173369602189,0.44,0.181,3.52764042453898e-53,"2","HTT"
4.04715784140461e-57,1.12421295928985,0.579,0.298,9.31372434042442e-53,"2","BATF"
4.30359423272397e-57,1.10234048907881,0.472,0.203,9.90386140776768e-53,"2","FOXP4"
4.75364877394667e-57,1.3867833504625,0.36,0.13,1.09395719234835e-52,"2","GLDC"
5.62811590655673e-57,0.842318675867521,0.822,0.834,1.2951983135759e-52,"2","C17orf76-AS1"
1.22417268934753e-56,1.54528746056841,0.46,0.202,2.81718860999548e-52,"2","RNF19B"
2.59886927617635e-56,1.05436431166885,0.573,0.291,5.98077786526464e-52,"2","PLGRKT"
3.61960330146194e-56,1.13771731370596,0.545,0.269,8.32979307765436e-52,"2","ARL2"
3.12338643522446e-55,1.06636167084425,0.575,0.3,7.18784920338205e-51,"2","TANK"
5.8625518764888e-55,0.91549021340621,0.515,0.247,1.34914906333637e-50,"2","FOXP1"
6.3571902906589e-55,1.02111164001742,0.529,0.252,1.46298020158933e-50,"2","STX7"
1.806930962173e-54,0.7959485039302,0.43,0.17,4.15829022324872e-50,"2","ALOX5"
2.01523570723042e-54,0.867657856019483,0.545,0.26,4.63766193304936e-50,"2","ARHGAP25"
2.11994341439053e-54,1.00360939567758,0.515,0.237,4.87862577953693e-50,"2","HCP5"
2.27580877499168e-54,1.50244359740517,0.478,0.228,5.23731873388834e-50,"2","RMI2"
2.8078927822643e-54,1.11097598880334,0.591,0.331,6.46180365982484e-50,"2","DAPP1"
2.85539263801309e-54,0.800635259054543,0.798,0.821,6.57111507785952e-50,"2","NAP1L1"
3.22836389880016e-54,1.09217613765756,0.422,0.175,7.42943384030882e-50,"2","NCK2"
3.61521327074232e-54,1.14915526988115,0.518,0.248,8.3196902999593e-50,"2","MFHAS1"
3.86136920074079e-54,1.42594692611852,0.48,0.225,8.88616894166477e-50,"2","RRM2B"
5.31041168602327e-54,1.20086011176634,0.257,0.071,1.22208504130454e-49,"2","INPP5F"
6.48162677697143e-54,1.22770051876241,0.414,0.169,1.49161677018443e-49,"2","RCAN3"
8.74524469064853e-54,1.67360797317014,0.317,0.109,2.01254316065895e-49,"2","ACTA2"
1.93696718243348e-53,0.884501967621177,0.767,0.64,4.45754257693416e-49,"2","HLA-DQA1"
2.77196419974533e-53,1.02996178784724,0.608,0.329,6.37912121287392e-49,"2","PLEKHO1"
3.39601570520833e-53,1.37021501451124,0.467,0.213,7.81525094239594e-49,"2","DSE"
4.03794382442754e-53,1.66025961381569,0.253,0.071,9.29252012315511e-49,"2","AMPD3"
4.98407295323716e-53,0.877465510618638,0.495,0.223,1.14698470872847e-48,"2","CTSZ"
6.86268624622868e-53,1.01747666341993,0.45,0.194,1.57930998584461e-48,"2","NFKBIZ"
7.8268289729627e-53,1.48360071078361,0.307,0.102,1.8011881515479e-48,"2","LYST"
8.73347556144126e-53,1.22670620499684,0.52,0.262,2.00983473095448e-48,"2","PIK3CD"
9.6932008823309e-53,1.12778533704731,0.596,0.338,2.23069631905081e-48,"2","RAB31"
1.13099140669714e-52,0.816603154071721,0.772,0.703,2.60275052423213e-48,"2","ARPC1B"
1.87633758752784e-52,0.950618487010865,0.41,0.167,4.31801569017781e-48,"2","TLR10"
1.95962515947796e-52,1.28245930715816,0.522,0.264,4.50968537950663e-48,"2","MLTK"
2.23588529301579e-52,1.54502378195212,0.252,0.071,5.14544282481723e-48,"2","JUP"
2.48892723377678e-52,0.638028029156465,0.702,0.476,5.72776824309049e-48,"2","STAT3"
6.99153106037887e-52,0.939025214488595,0.726,0.512,1.60896104292499e-47,"2","SWAP70"
7.48739441694391e-52,1.57881984079958,0.668,0.456,1.7230740771713e-47,"2","MT2A"
1.03731996327238e-51,1.0742850499596,0.624,0.363,2.38718443147872e-47,"2","SMC6"
2.06140990613028e-51,1.29508737183839,0.315,0.108,4.74392261697762e-47,"2","CCDC92"
2.06313341102918e-51,0.963596465134613,0.599,0.325,4.74788891880145e-47,"2","CYTH1"
3.65848200675884e-51,0.962467926876254,0.737,0.541,8.41926464215412e-47,"2","SYNGR2"
7.6210880033714e-51,1.09165848154845,0.254,0.073,1.75384098221586e-46,"2","SPINT1"
1.52192653655834e-50,1.00034838857543,0.474,0.219,3.50240953858171e-46,"2","MAST4"
2.11923356991142e-50,0.961856428174912,0.391,0.158,4.87699221443716e-46,"2","ELMSAN1"
4.35621955624406e-50,0.850070304576621,0.776,0.602,1.00249680647845e-45,"2","CD37"
8.14872804723503e-50,0.913390612629766,0.706,0.514,1.8752667855102e-45,"2","LYN"
9.11864057971027e-50,0.698073851454509,0.725,0.496,2.09847275660872e-45,"2","IL2RA"
1.49676118304706e-49,1.16916107098914,0.433,0.192,3.4444965105462e-45,"2","PLXNB2"
2.62033832078157e-49,0.938636013651342,0.429,0.186,6.03018457761464e-45,"2","ADPRH"
2.84806657653599e-49,1.29316619460566,0.394,0.165,6.55425561258227e-45,"2","TNFRSF10B"
4.33120410977134e-49,1.34948840732068,0.26,0.08,9.96740001781678e-45,"2","FMNL3"
5.20207774238434e-49,0.9631123917176,0.574,0.317,1.19715415085491e-44,"2","IER5"
9.18986116603844e-49,0.935390866548837,0.637,0.384,2.11486275014043e-44,"2","CMAS"
9.46485739110847e-49,1.16519602608117,0.315,0.112,2.17814763141579e-44,"2","ELF4"
1.11906074419136e-48,0.94584143477914,0.412,0.174,2.57529449060759e-44,"2","WDFY4"
1.20001229864178e-48,0.914728599306982,0.461,0.216,2.76158830286432e-44,"2","RASSF3"
1.5056326618896e-48,0.81696609734764,0.564,0.293,3.46491244480654e-44,"2","ZMIZ2"
1.90622938441698e-48,1.07290553359728,0.381,0.154,4.38680568235879e-44,"2","TRIP10"
2.6403947792426e-48,1.01837560466926,0.491,0.239,6.07634050547099e-44,"2","CAMK2D"
4.34063750476036e-48,1.06965968260798,0.687,0.461,9.98910908970501e-44,"2","SMARCA2"
6.57917621039463e-48,0.817476328388972,0.482,0.222,1.51406582129812e-43,"2","RAB4B"
1.05212265894707e-47,1.23633602737556,0.393,0.167,2.42124987503489e-43,"2","RAB8B"
1.56548733652131e-47,0.966122126811694,0.6,0.337,3.60265600753648e-43,"2","DDIT4"
2.42228311265932e-47,0.885057549161207,0.735,0.553,5.57440012716289e-43,"2","RHOG"
2.56624337359069e-47,0.854202112085253,0.279,0.089,5.90569587564425e-43,"2","N4BP2"
4.07349355372873e-47,0.912671091172334,0.634,0.379,9.37433071519594e-43,"2","EED"
4.25875925361047e-47,0.710006660902062,0.434,0.19,9.80068267033377e-43,"2","NFATC2"
4.6583199604972e-47,0.979690420827969,0.848,0.793,1.07201917250922e-42,"2","LGALS1"
7.62447075482491e-47,0.832562686109391,0.453,0.203,1.75461945480786e-42,"2","PCSK7"
8.16691486400569e-47,1.15307904654814,0.587,0.338,1.87945211765363e-42,"2","CYB5A"
8.99287620006346e-47,1.74761204162764,0.265,0.085,2.0695305999206e-42,"2","C14orf182"
9.6178510406208e-47,1.05356175656847,0.535,0.276,2.21335605997807e-42,"2","IFITM2"
1.24490561327609e-46,0.848920977998796,0.447,0.202,2.86490128783226e-42,"2","DTX3L"
1.39114619119889e-46,0.93969893091402,0.586,0.339,3.20144472980601e-42,"2","GNG2"
1.51236538372177e-46,1.41000851565785,0.329,0.125,3.4804064575589e-42,"2","PBX3"
2.29075321370642e-46,1.01049912997546,0.425,0.191,5.27171037070257e-42,"2","TNIP2"
4.43754625467465e-46,1.14015731206142,0.368,0.152,1.02121251958828e-41,"2","EEA1"
6.24140510427252e-46,0.623276418153353,0.598,0.327,1.43633455664624e-41,"2","ABI1"
8.20911023690465e-46,1.00856968064007,0.426,0.193,1.88916253881887e-41,"2","NR3C1"
9.11153137357397e-46,0.754273348398208,0.779,0.709,2.09683671500058e-41,"2","MYL12A"
2.2258107654082e-45,1.13448134713138,0.519,0.275,5.1222583144339e-41,"2","TRAF4"
2.9604952071282e-45,0.897166009728446,0.693,0.472,6.81298762016412e-41,"2","AIDA"
4.50973147373038e-45,0.967882197241179,0.477,0.232,1.03782450404957e-40,"2","TMBIM1"
4.74843751637623e-45,0.957981544499362,0.54,0.295,1.09275792564366e-40,"2","GRHPR"
4.75438980911519e-45,0.841068065304869,0.501,0.247,1.09412772677168e-40,"2","PARP14"
5.22066719097378e-45,0.829185035567493,0.574,0.318,1.2014321406588e-40,"2","RHOF"
6.54326752070925e-45,0.781077718585327,0.776,0.594,1.50580215454082e-40,"2","LIMD2"
6.58146540385954e-45,1.01840362793589,0.33,0.126,1.5145926333902e-40,"2","TARBP1"
1.48042982099174e-44,1.09530255923111,0.595,0.346,3.4069131470483e-40,"2","DPYSL2"
3.42619799225541e-44,1.07936554580248,0.634,0.425,7.88470943957738e-40,"2","AC104699.1"
4.09842384424798e-44,0.884432729398298,0.763,0.611,9.43170279276787e-40,"2","RAB7L1"
5.66643624178586e-44,0.753736860913497,0.792,0.817,1.30401697232218e-39,"2","BASP1"
8.41012546114125e-44,0.82103481905163,0.637,0.386,1.93542217237244e-39,"2","PIP4K2A"
8.53366611259915e-44,1.30082662831476,0.312,0.118,1.96385258249244e-39,"2","BID"
1.01284111600066e-43,0.823498902477009,0.742,0.537,2.33085126025231e-39,"2","GPSM3"
1.10142596407205e-43,0.878736182766471,0.644,0.408,2.53471157111902e-39,"2","MAP4K4"
1.1519623950603e-43,0.98590724904534,0.661,0.434,2.65101105975226e-39,"2","DNAJB6"
1.29107771157124e-43,0.773555541171953,0.756,0.738,2.97115713763889e-39,"2","ACTR2"
1.45906701344926e-43,0.83707441182538,0.439,0.205,3.35775091805078e-39,"2","SERTAD2"
3.12488882754837e-43,1.27253394509298,0.258,0.085,7.19130665883707e-39,"2","CYFIP1"
4.55503020054342e-43,0.859175920675424,0.381,0.163,1.04824910005106e-38,"2","TRAFD1"
6.66533521151438e-43,0.967490207103616,0.353,0.144,1.5338935922258e-38,"2","SNX8"
6.85467964773661e-43,0.873630903194673,0.754,0.611,1.57746742733363e-38,"2","COTL1"
6.87123976507627e-43,1.22027007839132,0.265,0.09,1.581278407137e-38,"2","NFKBID"
6.87596050951473e-43,1.02000141564314,0.438,0.208,1.58236479205462e-38,"2","FAIM"
9.45663524532271e-43,1.17570201052025,0.379,0.17,2.17625546900611e-38,"2","EBF1"
1.17580179150112e-42,0.804271223193102,0.748,0.624,2.70587266278152e-38,"2","MTPN"
1.45825168817135e-42,0.810058834738442,0.74,0.575,3.35587460998873e-38,"2","APEX1"
2.20086178187553e-42,1.38986100810476,0.404,0.189,5.06484321863017e-38,"2","CYSLTR1"
3.28313921879882e-42,0.785568776998515,0.716,0.506,7.55548828422172e-38,"2","SP140"
3.72433313759291e-42,0.787021297802143,0.74,0.594,8.57080784954257e-38,"2","ARL6IP5"
6.45216867060038e-42,1.0579963900007,0.485,0.254,1.48483757616527e-37,"2","AP1S1"
8.61659551278627e-42,1.28051540664451,0.273,0.096,1.98293712535751e-37,"2","ATF3"
1.09503444820222e-41,0.795156153576367,0.379,0.162,2.52000277564778e-37,"2","PARP15"
1.76819162551944e-41,1.26635845992835,0.315,0.124,4.06913938780788e-37,"2","CDK19"
1.79980762995858e-41,0.985531359944367,0.451,0.222,4.14189729882368e-37,"2","PEX11B"
2.27292229905598e-41,0.628478617226341,0.805,0.807,5.23067608681752e-37,"2","TPM3"
4.07377690104634e-41,1.30151098914639,0.273,0.097,9.37498278237794e-37,"2","APOBEC3H"
4.81214527125107e-41,0.83160794398237,0.522,0.281,1.10741899127301e-36,"2","AIM1"
5.76841460219084e-41,0.858609706353293,0.742,0.644,1.32748525240218e-36,"2","CMTM6"
6.65226849346453e-41,0.751624969354875,0.813,0.787,1.53088654840099e-36,"2","CNN2"
7.95184271538098e-41,0.932175731651585,0.371,0.16,1.82995756409062e-36,"2","WAC-AS1"
8.94976158251717e-41,0.58900019183475,0.869,0.934,2.05960863298468e-36,"2","PFN1"
1.0774835907255e-40,0.877312814585073,0.469,0.232,2.47961298733658e-36,"2","DYNLT1"
1.52315351235372e-40,0.644973982480831,0.385,0.167,3.50523317797962e-36,"2","SOS2"
1.55991524855012e-40,0.747731407057191,0.769,0.732,3.58983296148838e-36,"2","HLA-DRA"
1.96320787231275e-40,1.08610205748772,0.304,0.119,4.51793027655334e-36,"2","IL27RA"
2.15890385177305e-40,0.842683239845882,0.564,0.32,4.96828543408533e-36,"2","PARP9"
2.63503990352528e-40,1.21866255887955,0.415,0.201,6.06401732998273e-36,"2","FUT7"
3.46428913542276e-40,0.672771517411001,0.633,0.379,7.97236858734839e-36,"2","ARID4B"
6.25940345690505e-40,0.891958481481949,0.477,0.248,1.44047651753756e-35,"2","FAM175B"
8.53923314181772e-40,0.611241803345662,0.659,0.415,1.96513372292651e-35,"2","MAP4"
9.2985326778188e-40,1.33274394227677,0.309,0.125,2.13987132514644e-35,"2","BCL7C"
1.13840405352069e-39,0.962080670467351,0.435,0.219,2.61980924836716e-35,"2","SAV1"
1.43691627629658e-39,0.938357806888169,0.544,0.318,3.30677542664133e-35,"2","SNX2"
1.50446154339693e-39,1.24052650869595,0.337,0.143,3.46221734981935e-35,"2","ANXA4"
2.2723919007334e-39,0.657421891731142,0.933,0.977,5.22945548115778e-35,"2","TMSB4X"
3.21402948838293e-39,0.963434400151594,0.509,0.28,7.39644606161564e-35,"2","RPS6KA1"
3.69549140290352e-39,0.7925460965744,0.678,0.451,8.50443436550186e-35,"2","USP12"
3.95556495405794e-39,1.008800047509,0.797,0.683,9.10294162877353e-35,"2","CD52"
4.70101606594559e-39,1.16781870185853,0.374,0.17,1.08184482725606e-34,"2","HLA-DOB"
4.71765528901857e-39,0.811570248434246,0.668,0.454,1.08567401166184e-34,"2","ESD"
6.88027131703703e-39,0.968992550351286,0.523,0.289,1.58335683818973e-34,"2","MFSD10"
9.18120048664679e-39,1.11502933681197,0.25,0.085,2.11286966799203e-34,"2","FAM65A"
9.61574347950396e-39,0.711114018987526,0.284,0.103,2.21287104693825e-34,"2","CBFA2T3"
1.1131299517891e-38,0.867717355077262,0.596,0.357,2.56164595805225e-34,"2","DDB2"
1.38401067075873e-38,0.822213277652577,0.482,0.256,3.18502375661706e-34,"2","NTPCR"
1.69289925222734e-38,0.917539337655368,0.381,0.173,3.89586904915078e-34,"2","NCOA1"
1.97846533130166e-38,1.14793502287441,0.254,0.09,4.5530422669245e-34,"2","BCAR3"
3.53105901701849e-38,0.635370732938094,0.547,0.303,8.12602611586465e-34,"2","FBRS"
3.72556505069564e-38,1.00796144272317,0.465,0.238,8.57364285116588e-34,"2","PVT1"
4.86290171719087e-38,1.0625296653063,0.336,0.142,1.11909957217713e-33,"2","PDLIM7"
5.15401622708912e-38,0.75337657948071,0.321,0.132,1.18609375434002e-33,"2","NFIC"
5.4852600907764e-38,0.766902668668996,0.516,0.276,1.26232290469037e-33,"2","GNA12"
5.92754323085074e-38,0.913584555272687,0.591,0.362,1.36410552371568e-33,"2","CYBB"
6.00073569951816e-38,0.932791107362208,0.305,0.122,1.38094930653011e-33,"2","KLF7"
6.88767876443475e-38,0.757309850732273,0.591,0.35,1.58506151405937e-33,"2","GRINA"
1.23634294002856e-37,0.918864045202688,0.401,0.192,2.84519600788772e-33,"2","AP1AR"
1.87153389043768e-37,0.590461441679182,0.843,0.847,4.30696094206423e-33,"2","TAGLN2"
2.34183524692273e-37,0.80049155612576,0.733,0.593,5.38926545374328e-33,"2","SP110"
2.60370004578929e-37,1.11832023029783,0.51,0.303,5.9918949153749e-33,"2","CD86"
2.84537606714568e-37,1.16360223814021,0.265,0.098,6.54806394332236e-33,"2","MLLT4"
3.63465796517343e-37,0.768736107848298,0.716,0.512,8.36443837525361e-33,"2","BANK1"
4.30980131399795e-37,0.480093235590844,0.865,0.931,9.91814576390347e-33,"2","ARPC2"
4.88658823409221e-37,0.725947735347264,0.748,0.646,1.12455055031164e-32,"2","SEPT7"
5.85813877312682e-37,0.665769730876643,0.393,0.182,1.34813347585968e-32,"2","CD151"
9.56634189510027e-37,0.816406555207374,0.764,0.685,2.20150226031942e-32,"2","GAS5"
1.21225091442814e-36,0.786065989071426,0.419,0.208,2.78975302937348e-32,"2","STX12"
1.4843978084473e-36,0.558238167968828,0.802,0.773,3.41604467657976e-32,"2","CAPZB"
1.55730491449883e-36,0.732849038678146,0.695,0.503,3.58382579973616e-32,"2","FAM60A"
2.28463740414186e-36,0.978861453227715,0.591,0.365,5.25763605815167e-32,"2","CD70"
2.33400008701498e-36,0.53686368484689,0.514,0.283,5.37123440024757e-32,"2","CTC-444N24.11"
2.66567359585858e-36,0.969075777211421,0.396,0.191,6.13451464614935e-32,"2","SLC25A24"
3.71314981426166e-36,0.936701439823233,0.488,0.273,8.54507166756035e-32,"2","CLECL1"
4.44640181484576e-36,0.770338465009505,0.709,0.541,1.02325044965046e-31,"2","SRI"
4.78631380681366e-36,0.77344689890393,0.609,0.374,1.10147439636203e-31,"2","AP1G2"
6.81203883235225e-36,0.687512753170359,0.779,0.706,1.56765449648922e-31,"2","HLA-DPB1"
6.89774374958315e-36,0.997963994098358,0.557,0.334,1.58737776909157e-31,"2","IVNS1ABP"
9.31598386289623e-36,0.937858889819026,0.288,0.115,2.14388736636831e-31,"2","TFEB"
9.80912387930146e-36,0.908371600250391,0.334,0.145,2.25737367834364e-31,"2","GPR132"
1.39030991018614e-35,0.550758699553481,0.38,0.174,3.19952019631136e-31,"2","BMF"
1.49412119201404e-35,0.754727441743998,0.421,0.202,3.43842109918192e-31,"2","RP4-765C7.2"
1.61628501780198e-35,0.878313500264741,0.501,0.284,3.7195567114677e-31,"2","COL4A3BP"
1.87503842820364e-35,0.894068023320313,0.453,0.241,4.31502593482505e-31,"2","SCCPDH"
1.91614328057203e-35,0.723306707072466,0.558,0.334,4.40962053158042e-31,"2","ILK"
2.15273775869378e-35,0.795548120210173,0.438,0.223,4.95409540408201e-31,"2","PCNX"
2.63768972236017e-35,0.589301845664385,0.491,0.263,6.07011535806745e-31,"2","CHMP1B"
2.68933839844515e-35,0.747660978653411,0.733,0.568,6.18897445634182e-31,"2","SP100"
2.86975136596569e-35,0.732668023991652,0.685,0.478,6.60415881849685e-31,"2","RPS4Y1"
3.05857346853935e-35,0.804304561709283,0.55,0.323,7.0386951231496e-31,"2","NECAP2"
3.57990406216909e-35,0.70543391273959,0.624,0.397,8.23843321826972e-31,"2","RASSF2"
3.75870840799925e-35,1.30267295283365,0.337,0.152,8.64991565932867e-31,"2","HMSD"
4.53470717518115e-35,0.785774259765797,0.287,0.114,1.04357216222444e-30,"2","PPM1M"
5.71940924707877e-35,0.611551309583377,0.818,0.739,1.31620765003024e-30,"2","CFLAR"
1.04349595800008e-34,0.60867100397531,0.835,0.875,2.40139724814558e-30,"2","SH3BGRL3"
1.24982879928423e-34,0.963373455041614,0.333,0.148,2.87623101579279e-30,"2","TP53BP2"
1.29647381756594e-34,0.846023023960141,0.742,0.601,2.9835751963645e-30,"2","EZH2"
1.61379909322935e-34,0.786488453750834,0.706,0.559,3.71383585324871e-30,"2","COMMD6"
2.56870670379657e-34,0.766473362031266,0.371,0.175,5.91136473744705e-30,"2","MTSS1"
2.69579703009122e-34,0.356355198612916,0.971,0.986,6.20383770534893e-30,"2","RPL13A"
3.0148116141688e-34,0.751121132966385,0.554,0.337,6.93798596768666e-30,"2","CHMP5"
3.06666482114846e-34,0.841446167285234,0.516,0.302,7.05731575290896e-30,"2","IAH1"
3.13703457457086e-34,0.755969053916264,0.267,0.103,7.21925766645991e-30,"2","IRF2BPL"
5.45074655213038e-34,0.615514543571893,0.81,0.791,1.25438030404176e-29,"2","GNAI2"
5.80661981438481e-34,0.639497363801382,0.776,0.813,1.33627741788438e-29,"2","BTF3"
6.06026019272971e-34,0.710091562265597,0.831,0.902,1.39464767815289e-29,"2","ACTG1"
6.20797170408953e-34,0.653390549500477,0.74,0.586,1.42864052826212e-29,"2","KLF6"
6.41733034262315e-34,0.719732101505695,0.455,0.24,1.47682023174787e-29,"2","NAAA"
7.05699350723008e-34,0.743568344649314,0.758,0.643,1.62402591581886e-29,"2","ZFAS1"
1.02026133060848e-33,0.614005765272038,0.575,0.345,2.34792740012929e-29,"2","TMEM131"
1.04483208239577e-33,0.836090697285815,0.392,0.192,2.40447207121738e-29,"2","DUSP2"
2.09624877327614e-33,0.683267261250229,0.744,0.626,4.82409730194037e-29,"2","MOB1A"
2.35458533287399e-33,0.987903409674622,0.286,0.117,5.41860722654291e-29,"2","CISH"
2.7017744384676e-33,0.630954434576109,0.345,0.157,6.2175935152455e-29,"2","DLGAP4"
3.96795166083606e-33,0.610059986142302,0.396,0.192,9.13144715708202e-29,"2","IFIH1"
5.47147370384484e-33,0.743436124321545,0.654,0.459,1.25915024346581e-28,"2","SH3KBP1"
5.6091220073061e-33,0.763302134109134,0.522,0.301,1.29082724754135e-28,"2","SNX11"
5.81696619755483e-33,0.666550080680077,0.48,0.262,1.33865843104329e-28,"2","RFX5"
8.59338971606784e-33,1.21794063340594,0.367,0.18,1.97759677535869e-28,"2","CPPED1"
9.13028277634514e-33,0.800603908655398,0.672,0.484,2.10115197532031e-28,"2","BLOC1S2"
1.16223865894672e-32,0.57868317993617,0.401,0.199,2.6746598258341e-28,"2","MAGEF1"
1.59944106257462e-32,0.66428745337378,0.74,0.629,3.68079371730298e-28,"2","UBE2N"
1.69902888535855e-32,0.707461741547758,0.535,0.315,3.90997517387563e-28,"2","TBC1D5"
2.15775011894832e-32,0.644999420847724,0.661,0.454,4.96563034873577e-28,"2","IFNGR2"
2.2649141634188e-32,0.679922483488034,0.705,0.517,5.21224696427568e-28,"2","IRF2BP2"
2.41135021660351e-32,0.80856736129776,0.507,0.3,5.54924025346967e-28,"2","CHMP3"
2.55453491958835e-32,0.623851078510236,0.645,0.431,5.87875121044866e-28,"2","TNIP1"
3.13115571729766e-32,0.807911538412404,0.588,0.368,7.2057286522171e-28,"2","SLC41A1"
3.7462355743499e-32,1.31061804875317,0.296,0.131,8.62121192725142e-28,"2","RP11-701P16.5"
3.75336660039578e-32,0.9063630961373,0.51,0.304,8.6376225574908e-28,"2","LYRM4"
3.9030496802523e-32,0.756596572948382,0.364,0.174,8.98208822916462e-28,"2","RNF216"
4.69626984173947e-32,0.693115001272665,0.351,0.166,1.08075257867951e-27,"2","GGPS1"
5.07048591056284e-32,1.09939617467817,0.287,0.122,1.16687092259783e-27,"2","FBXO6"
5.24113277428356e-32,0.975116305572354,0.726,0.599,1.20614188534588e-27,"2","PCNA"
5.6773073882119e-32,0.696011009828598,0.54,0.326,1.3065187492492e-27,"2","TSTD1"
6.02724574970222e-32,0.944689088941954,0.486,0.273,1.38705006437897e-27,"2","NRM"
9.08848439244049e-32,0.707232156525123,0.455,0.245,2.09153291323233e-27,"2","FCRLA"
9.43711092839407e-32,0.735117294081759,0.62,0.423,2.17176233795133e-27,"2","ATP1A1"
1.27883880427366e-31,0.784310225286683,0.394,0.2,2.94299174027497e-27,"2","MMD"
1.27974265832655e-31,0.883527497021025,0.358,0.173,2.94507177960689e-27,"2","BCL11A"
1.34354368648872e-31,0.815593744535516,0.448,0.245,3.09189708571649e-27,"2","STK17A"
1.45740453286488e-31,0.769089950028214,0.544,0.323,3.35392505148196e-27,"2","PRMT2"
1.48194688100626e-31,0.890396500995877,0.442,0.247,3.41040435725972e-27,"2","FKBP5"
1.64487140620809e-31,0.6703733617688,0.502,0.283,3.78534256710667e-27,"2","NIT2"
1.66768599398956e-31,0.877070651222109,0.619,0.414,3.83784577796817e-27,"2","CCNG1"
1.74146346163273e-31,0.683907101858255,0.714,0.548,4.00762986425541e-27,"2","FDFT1"
2.0267928215418e-31,0.638856485913627,0.529,0.306,4.66425832021415e-27,"2","KCNN4"
2.53024028669608e-31,0.787619492949177,0.459,0.25,5.82284197177368e-27,"2","ENO2"
3.14439180871761e-31,1.10131729125776,0.265,0.11,7.23618886940185e-27,"2","RBBP9"
3.31961311135905e-31,0.693987308441047,0.574,0.361,7.63942565317059e-27,"2","UBE2E1"
3.61771021644656e-31,0.796070099788466,0.439,0.232,8.32543652110848e-27,"2","PCBD1"
6.48807723613246e-31,0.806596499816976,0.353,0.171,1.49310121435116e-26,"2","ADAM8"
7.27130601289034e-31,0.863250910305319,0.608,0.407,1.67334565274645e-26,"2","NAMPT"
7.92773569906492e-31,0.834930775750314,0.526,0.322,1.82440981642581e-26,"2","IFT57"
9.85556720816199e-31,0.780465276370724,0.56,0.356,2.26806168161432e-26,"2","GLRX3"
1.60901811006668e-30,1.05382596454282,0.25,0.1,3.70283337669645e-26,"2","RIPK2"
2.11295552581325e-30,0.547091194764539,0.503,0.289,4.86254455155404e-26,"2","DHTKD1"
2.63939620792583e-30,1.2404077336852,0.282,0.124,6.07404249329972e-26,"2","EXOC2"
2.67433627456345e-30,0.888645880688068,0.377,0.191,6.15445006865286e-26,"2","TOB2"
3.2943985793772e-30,0.57693008833716,0.76,0.577,7.58139945072074e-26,"2","JUNB"
4.3042748952778e-30,0.809712442731857,0.634,0.442,9.9054278165028e-26,"2","RDX"
5.81185857131245e-30,0.779122137086748,0.321,0.147,1.33748301301613e-25,"2","SLC15A3"
8.88494318564825e-30,0.616742733659224,0.731,0.564,2.04469197531323e-25,"2","RFTN1"
9.82867023105118e-30,0.589931001691324,0.33,0.155,2.26187188027181e-25,"2","TGFBR2"
1.0816111831724e-29,0.69315750791421,0.671,0.478,2.48911181583464e-25,"2","PDCD10"
1.09323950140138e-29,0.869898523828972,0.301,0.134,2.515872064575e-25,"2","RP11-343H5.4"
1.12198750588795e-29,0.817923564971711,0.372,0.187,2.58202984729994e-25,"2","LNPEP"
1.12613518481523e-29,0.787378824632301,0.435,0.239,2.59157490081528e-25,"2","WSB2"
1.3591585607252e-29,0.539453529716618,0.84,0.784,3.12783159579689e-25,"2","JUND"
1.5637073675361e-29,0.710687547859569,0.494,0.291,3.59855976491082e-25,"2","CEPT1"
1.8852204585518e-29,0.652272220137357,0.506,0.302,4.33845784126526e-25,"2","RRAGC"
2.13108347152563e-29,0.628417345375739,0.721,0.543,4.90426239302193e-25,"2","RTN4"
2.32155704902128e-29,0.749822116130099,0.463,0.261,5.34259923691267e-25,"2","RRAS2"
2.47301208944713e-29,0.615414049658673,0.667,0.476,5.69114272144467e-25,"2","HCFC1R1"
2.78269194058463e-29,0.808590728049575,0.418,0.224,6.40380896286742e-25,"2","RELT"
3.72828672846463e-29,0.95602086528225,0.274,0.118,8.57990624821565e-25,"2","FAM213A"
4.10517634565677e-29,0.652917673209432,0.501,0.295,9.44724232425993e-25,"2","NCOA7"
4.37563088816481e-29,0.598497430501306,0.446,0.244,1.00696393629337e-24,"2","BCL10"
5.20812833313277e-29,0.724531256311429,0.541,0.342,1.19854657330384e-24,"2","AGFG1"
6.14523018672577e-29,0.678819263744541,0.519,0.31,1.4142018228712e-24,"2","FRMD8"
7.66842056605692e-29,0.615671502560355,0.484,0.276,1.76473362486668e-24,"2","MAPK1"
7.78964176641309e-29,0.66499959701458,0.383,0.195,1.79263025970465e-24,"2","CAMK1D"
7.90389404057447e-29,0.70535720146571,0.456,0.26,1.8189231355574e-24,"2","TMEM14A"
9.64657603749991e-29,0.712824304740233,0.553,0.343,2.21996654350985e-24,"2","HSDL2"
1.04296029681935e-28,1.19914670362823,0.267,0.117,2.40016453107038e-24,"2","C4orf32"
1.14681194672676e-28,0.600808433004083,0.747,0.624,2.6391583330023e-24,"2","CAST"
1.24456547557179e-28,0.693837307065863,0.398,0.208,2.86411852893336e-24,"2","VAMP5"
1.34811098112603e-28,0.535030480032111,0.503,0.285,3.10240780086533e-24,"2","KLHL6"
1.39234951501177e-28,0.795118490880421,0.317,0.15,3.20421393889659e-24,"2","SLC23A2"
1.79352267874524e-28,0.592629210637871,0.651,0.446,4.12743374059641e-24,"2","HK1"
1.810456190581e-28,0.706384858414975,0.434,0.236,4.16640283138404e-24,"2","MIR142"
1.81428898834749e-28,0.647474053904747,0.658,0.462,4.17522324888408e-24,"2","UBE2Z"
1.87029884520749e-28,0.722113959223144,0.55,0.34,4.304118732476e-24,"2","TADA3"
2.28220887890095e-28,0.516032267078677,0.413,0.216,5.25204729301476e-24,"2","ZBED1"
2.30934804666417e-28,0.831175977272231,0.311,0.146,5.31450265978825e-24,"2","FAM127B"
2.32389274677098e-28,0.77272447128991,0.451,0.254,5.34797437814406e-24,"2","NDE1"
3.09106535768624e-28,1.30712475053215,0.256,0.11,7.11346870764334e-24,"2","FAM43A"
4.109566943086e-28,0.58997394873734,0.489,0.276,9.45734640612381e-24,"2","GBP2"
4.12355149251266e-28,1.09819876170115,0.324,0.159,9.48952904971939e-24,"2","HCK"
5.15125552213839e-28,0.684801382128561,0.363,0.182,1.18545843330971e-23,"2","CTC-241F20.3"
5.49703335461914e-28,0.811257864593571,0.274,0.116,1.2650322858985e-23,"2","TRANK1"
6.28499517214392e-28,0.752215670290246,0.368,0.188,1.44636593896548e-23,"2","SOCS1"
6.62125275823472e-28,0.623460417519955,0.351,0.172,1.52374889725256e-23,"2","BTBD2"
8.13117844431927e-28,0.567766118113639,0.461,0.261,1.87122809539119e-23,"2","FBXL3"
9.14873621135336e-28,0.585913522771173,0.755,0.72,2.10539866431875e-23,"2","CAP1"
1.07485971203492e-27,0.942016022422439,0.343,0.173,2.47357465530597e-23,"2","CEP170"
1.1659207140228e-27,0.908734403936781,0.33,0.161,2.68313333918067e-23,"2","PDE7A"
1.26367282779335e-27,0.661134996554823,0.494,0.293,2.90809027860083e-23,"2","CD97"
1.32419517675768e-27,0.626966911747934,0.526,0.318,3.04737036027246e-23,"2","TRIM38"
1.66352843873708e-27,0.575072881561651,0.663,0.46,3.82827799606565e-23,"2","IDI1"
1.74029745024833e-27,0.479064889377943,0.606,0.397,4.00494652225648e-23,"2","ETV6"
1.97187226996651e-27,0.575526259801451,0.574,0.367,4.53786965487392e-23,"2","STAMBP"
2.26346882871452e-27,0.668993190223116,0.697,0.516,5.20892081552074e-23,"2","SKAP2"
2.50495904019161e-27,0.639970607186166,0.588,0.38,5.76466223919295e-23,"2","SLC39A1"
2.83938244624248e-27,0.673224732000465,0.502,0.303,6.53427082353781e-23,"2","MYO5A"
2.84954582722716e-27,0.66586304973629,0.465,0.264,6.55765981219787e-23,"2","RLTPR"
5.14346247480456e-27,0.584128131318272,0.488,0.288,1.18366501932677e-22,"2","GLOD4"
6.33616402440764e-27,0.674154340877376,0.619,0.428,1.45814142693693e-22,"2","ACAT2"
7.73492045533066e-27,0.691107797795515,0.278,0.124,1.78003724438524e-22,"2","ITPR1"
9.35115937354461e-27,0.530588652861679,0.451,0.254,2.15198230663382e-22,"2","VPS41"
1.01258465238621e-26,0.697081273056743,0.433,0.243,2.33026106053639e-22,"2","WDR48"
1.05758220608111e-26,0.676200207612542,0.448,0.259,2.43381393085446e-22,"2","CDC40"
1.10721968472496e-26,0.551027147075373,0.537,0.333,2.54804466045756e-22,"2","MITD1"
1.13627068590831e-26,0.604572286722136,0.722,0.551,2.61489972948079e-22,"2","LRRFIP1"
1.16909154790838e-26,0.623494681001233,0.536,0.331,2.69043037920155e-22,"2","RRAGA"
1.41825805332178e-26,0.559260753843459,0.442,0.249,3.26383725810941e-22,"2","ARID1B"
1.5785547175323e-26,0.676679932957088,0.629,0.437,3.63272797145707e-22,"2","CLNS1A"
1.70520321089274e-26,0.628895949079053,0.45,0.258,3.92418414922747e-22,"2","CAT"
1.83009874039298e-26,0.626043324179308,0.418,0.232,4.21160623126635e-22,"2","KIAA0247"
2.38755214536597e-26,0.646631834997593,0.689,0.51,5.49447375213071e-22,"2","FLNA"
2.45096975850907e-26,0.737055966918393,0.653,0.465,5.64041670525692e-22,"2","PREX1"
2.53429338275413e-26,0.664390280726309,0.701,0.553,5.83216936173209e-22,"2","PSIP1"
2.90965867305889e-26,0.754031032926523,0.497,0.31,6.69599750431042e-22,"2","CD58"
3.11440407558449e-26,0.419822441893604,0.334,0.166,7.16717809914259e-22,"2","GNB5"
3.34242165505811e-26,0.6101521088859,0.716,0.573,7.69191495478523e-22,"2","PRR13"
3.39089315356819e-26,0.523088485342284,0.505,0.309,7.80346241430648e-22,"2","SMARCE1"
3.4482703929531e-26,0.595328920457349,0.76,0.678,7.93550465530297e-22,"2","BAX"
3.46572678362555e-26,0.808975590580179,0.461,0.272,7.97567704715748e-22,"2","EHD4"
4.65365617039534e-26,0.477067792355252,0.439,0.241,1.07094589449308e-21,"2","RINL"
4.87251171392625e-26,0.714039975346047,0.528,0.335,1.12131112072585e-21,"2","BIRC2"
5.08426744680139e-26,0.731590205057,0.418,0.237,1.1700424675324e-21,"2","MED19"
6.52414680638579e-26,0.609622113094937,0.696,0.512,1.50140190455356e-21,"2","EFHD2"
7.46135154231311e-26,0.574597297373232,0.341,0.171,1.71708083043252e-21,"2","ICAM1"
1.15355151070939e-25,0.662186360057243,0.668,0.497,2.65466809159553e-21,"2","SNX1"
1.20773037325441e-25,0.509167988501247,0.256,0.112,2.77934990797039e-21,"2","IL32"
1.2496961523939e-25,0.671342432209167,0.57,0.371,2.87592575550407e-21,"2","SMG1"
1.52261635439219e-25,0.523437759466983,0.452,0.257,3.50399701636274e-21,"2","GPR114"
1.63813911020307e-25,0.652954767364532,0.385,0.207,3.76984953431032e-21,"2","CSNK1G1"
1.64361784133672e-25,0.736297954011035,0.262,0.117,3.78245773826819e-21,"2","MYO9A"
1.97213763911191e-25,1.05878876083975,0.304,0.152,4.53848034888825e-21,"2","AP3M2"
1.99619746500013e-25,0.623467493096052,0.754,0.713,4.5938492262048e-21,"2","LPXN"
2.2201460984513e-25,0.476906690606825,0.57,0.373,5.10922221636596e-21,"2","NPEPPS"
2.66377500787218e-25,0.713420607472314,0.535,0.349,6.13014542561625e-21,"2","CCDC109B"
3.05770444382881e-25,0.737205244959328,0.37,0.201,7.03669523658324e-21,"2","S1PR1"
3.35692225771171e-25,0.88489997754589,0.379,0.215,7.72528519167195e-21,"2","CREM"
4.09608850731353e-25,0.720534367977027,0.754,0.757,9.42632848188063e-21,"2","PRDX1"
4.11463702486618e-25,0.823779676146536,0.371,0.201,9.46901418532454e-21,"2","C10orf128"
4.43203287509557e-25,0.592278763285379,0.353,0.181,1.01994372554574e-20,"2","AAED1"
5.41262039899418e-25,0.640662514533725,0.35,0.182,1.24560633242053e-20,"2","FAM13B"
7.33481847155908e-25,0.691320971922213,0.587,0.402,1.68796177485989e-20,"2","ERAP2"
1.00922308996324e-24,0.517448365567906,0.446,0.254,2.3225250969324e-20,"2","UBQLN2"
1.13877313464636e-24,0.635284617902192,0.561,0.372,2.62065861476167e-20,"2","FNTA"
1.2957663502415e-24,0.64314117369845,0.623,0.421,2.98194710181075e-20,"2","MACF1"
1.38278606987985e-24,0.797983936820219,0.309,0.153,3.1822055826145e-20,"2","PIGC"
1.40415777270883e-24,0.596929392387589,0.712,0.54,3.23138828233482e-20,"2","YWHAH"
1.48028768820885e-24,0.570198725424726,0.616,0.431,3.40658605687502e-20,"2","CCND3"
1.52375474808892e-24,0.824851774091525,0.258,0.118,3.50661680177702e-20,"2","KDM4C"
1.6357288780856e-24,0.799176374133896,0.435,0.258,3.76430286713839e-20,"2","APIP"
1.96803060322911e-24,1.25288286151326,0.267,0.126,4.52902882721114e-20,"2","ARAP2"
2.2633016477704e-24,0.523396228151295,0.565,0.362,5.20853608201403e-20,"2","NOC3L"
2.45366234386497e-24,0.641661139683102,0.73,0.615,5.64661315193645e-20,"2","SHFM1"
2.51816426442289e-24,0.367364617438375,0.595,0.378,5.79505142171641e-20,"2","PITPNM1"
2.55402271795597e-24,0.705858036899525,0.529,0.337,5.87757248083207e-20,"2","TRMT6"
2.63875361859007e-24,0.60992814219432,0.629,0.455,6.07256370246133e-20,"2","MAT2B"
3.30336707216759e-24,0.547375962409662,0.326,0.163,7.60203864317927e-20,"2","ARHGAP31"
3.47376371340006e-24,0.832514375015138,0.447,0.275,7.99417243364756e-20,"2","TNFSF10"
4.00281184475375e-24,0.452835405784119,0.418,0.236,9.2116708983318e-20,"2","DRAM2"
5.82880863503411e-24,0.509767515023445,0.562,0.364,1.3413837311804e-19,"2","CHD1"
6.49059755347236e-24,0.67864701552606,0.45,0.27,1.49368121498059e-19,"2","OXSR1"
6.6229134143516e-24,0.463848257047636,0.415,0.229,1.52413106404473e-19,"2","SETD2"
7.16998579741832e-24,0.507049509297659,0.638,0.456,1.65002883155988e-19,"2","EPS15"
7.19612294289207e-24,1.10037887039556,0.351,0.196,1.65604377284775e-19,"2","CD226"
7.45235434847601e-24,0.454703115516567,0.775,0.8,1.71501030621478e-19,"2","HINT1"
7.52473213275185e-24,0.642898312222383,0.682,0.51,1.73166660571018e-19,"2","LSM2"
8.42822158493727e-24,0.480954061927499,0.321,0.163,1.93958663334161e-19,"2","ABLIM1"
8.52019619202512e-24,0.645513951054937,0.549,0.356,1.96075274967074e-19,"2","ARL3"
9.08936619402851e-24,0.505074812937382,0.561,0.378,2.09173584223178e-19,"2","SAMSN1"
9.2772652684047e-24,0.46955505505501,0.788,0.806,2.13497705621797e-19,"2","ACTR3"
9.65235273336663e-24,0.67155567240374,0.303,0.151,2.22129593452966e-19,"2","C6orf1"
9.83179011158848e-24,0.616003210454878,0.376,0.206,2.26258985837986e-19,"2","MIF4GD"
1.09437854766876e-23,0.579437140576117,0.54,0.348,2.51849335175011e-19,"2","VPS26A"
1.11447153773104e-23,0.475426663387939,0.569,0.375,2.56473334978044e-19,"2","KIAA1430"
1.94595613910057e-23,0.636935357697999,0.619,0.44,4.47822886291214e-19,"2","MAPKAP1"
1.9988616800049e-23,0.507325348414912,0.693,0.507,4.59998038419528e-19,"2","PDCD6"
2.14210694487439e-23,0.59461871896155,0.577,0.395,4.92963071223944e-19,"2","OPTN"
2.15428607823706e-23,0.478961382745976,0.798,0.707,4.95765855184694e-19,"2","MYH9"
3.12015165051655e-23,0.688807456795796,0.617,0.445,7.18040499333374e-19,"2","LTA4H"
3.3009950475553e-23,0.568799506722524,0.354,0.19,7.59657990293902e-19,"2","SUN1"
3.44034599470128e-23,0.436888684936173,0.625,0.429,7.91726823760606e-19,"2","SHOC2"
4.43537917703561e-23,0.417889420521591,0.693,0.53,1.0207138100112e-18,"2","CRIP1"
4.95057630914417e-23,0.535102010696982,0.465,0.284,1.13927612602335e-18,"2","UHRF2"
5.05054507603409e-23,0.431833244148752,0.46,0.276,1.16228193834773e-18,"2","RP11-622K12.1"
5.23950164356322e-23,0.411092980163016,0.481,0.291,1.2057665132332e-18,"2","TRIM69"
5.24646578734003e-23,0.487294741805333,0.469,0.282,1.20736917164056e-18,"2","CREB1"
5.26170214466534e-23,0.603267511555787,0.539,0.357,1.21087551455184e-18,"2","ACTR1B"
5.2824021523455e-23,0.56581641316279,0.52,0.322,1.21563920731927e-18,"2","RPAIN"
6.3111357734537e-23,0.554487184152022,0.737,0.609,1.4523816755449e-18,"2","POLR1D"
6.33542720767164e-23,0.603283431080019,0.443,0.267,1.45797186330148e-18,"2","FAM127A"
6.79914761005282e-23,0.697724501508827,0.273,0.13,1.56468783950145e-18,"2","DYNLT3"
6.9739466932817e-23,0.527754405268729,0.565,0.364,1.60491435252492e-18,"2","SCOC"
8.03219673561174e-23,0.72741149112095,0.497,0.323,1.84844943476633e-18,"2","FAS"
8.2935996230206e-23,0.77241132379878,0.392,0.226,1.90860608124573e-18,"2","UBE2D1"
1.10482999939902e-22,0.561851871263618,0.662,0.49,2.54254527761696e-18,"2","MDFIC"
1.12041899611826e-22,0.614914936424702,0.434,0.256,2.57842023576695e-18,"2","CARM1"
1.12560039027653e-22,0.60770297349363,0.3,0.151,2.59034417814337e-18,"2","PHF15"
1.23433835785551e-22,0.467434791206304,0.421,0.243,2.84058286293289e-18,"2","PPIL4"
1.24358933188168e-22,0.538462616208889,0.632,0.46,2.86187212945931e-18,"2","PSMG2"
1.32036375330318e-22,0.550476199292393,0.598,0.403,3.0385531054766e-18,"2","PPIAP22"
1.39416251676694e-22,0.366692992610616,0.879,0.922,3.20838619983575e-18,"2","MYL6"
1.5896799112768e-22,0.798089441423129,0.368,0.207,3.65833037982129e-18,"2","SORD"
1.66533366115854e-22,0.596513284005072,0.474,0.291,3.83243235442414e-18,"2","MED28"
1.67941293290333e-22,0.654517601434792,0.537,0.359,3.86483298249043e-18,"2","PPID"
1.79133067859043e-22,0.663920782288104,0.494,0.316,4.12238929064015e-18,"2","CYSTM1"
1.83271976271441e-22,0.593821746272418,0.515,0.336,4.21763798993467e-18,"2","AKIRIN2"
1.84079562095884e-22,0.579959643178507,0.718,0.595,4.23622296251258e-18,"2","NDUFA12"
2.03587565721956e-22,0.524414187596704,0.578,0.384,4.68516064995937e-18,"2","XPO6"
2.17578741157469e-22,0.787372268814662,0.311,0.161,5.00713957025684e-18,"2","SC5D"
2.54210006435845e-22,0.455331129991874,0.586,0.386,5.85013487810809e-18,"2","PHF11"
2.79007146650291e-22,0.87740392713332,0.308,0.161,6.42079146586316e-18,"2","TRIM21"
2.92836007948089e-22,0.638323127280449,0.537,0.349,6.73903505090937e-18,"2","LINC00998"
3.59388984388404e-22,0.508491650577188,0.675,0.511,8.27061869773035e-18,"2","SZRD1"
3.62649421815077e-22,0.638493147191307,0.426,0.251,8.34565114423037e-18,"2","TMEM55B"
3.75406482699496e-22,0.665257166148989,0.636,0.471,8.6392293863635e-18,"2","RSU1"
3.99674969904824e-22,0.483194836087124,0.536,0.351,9.19772008241971e-18,"2","AIP"
4.47232262881748e-22,0.661777831231109,0.408,0.24,1.02921560656977e-17,"2","CYB561A3"
4.93423443966714e-22,0.593662346595194,0.464,0.287,1.1355153716006e-17,"2","TMEM69"
4.95035600082927e-22,0.609831410241889,0.296,0.148,1.13922542647084e-17,"2","RARA"
4.95232694636954e-22,0.758826117419522,0.573,0.406,1.13967900016802e-17,"2","PHPT1"
5.17955491895293e-22,0.548932854398196,0.456,0.278,1.19197097349864e-17,"2","SH3BP1"
5.6070302341413e-22,0.738923143382659,0.358,0.203,1.29034586778294e-17,"2","TIPARP"
5.78346556243855e-22,0.606833792806387,0.657,0.497,1.33094892988398e-17,"2","RECQL"
6.20651271085123e-22,0.618813151853858,0.469,0.293,1.42830477014819e-17,"2","WBP4"
6.2778523126117e-22,0.437588596481359,0.391,0.218,1.44472215270133e-17,"2","IL16"
7.29438687262032e-22,0.320115936332014,0.729,0.57,1.67865725099611e-17,"2","HUWE1"
8.64980072290758e-22,0.36675645922266,0.64,0.455,1.99057864036272e-17,"2","PPP1R16B"
9.36660977574006e-22,0.548000776118534,0.536,0.349,2.15553790769106e-17,"2","MYL6B"
1.02349017786994e-21,0.717628539658173,0.45,0.271,2.3553579463321e-17,"2","PIGX"
1.06180286854918e-21,0.575238796616398,0.366,0.208,2.44352694139223e-17,"2","NDFIP2"
1.07596680434471e-21,0.825052399480766,0.341,0.19,2.47612240683849e-17,"2","BPGM"
1.09870634875979e-21,0.463571376251201,0.946,0.983,2.52845292040092e-17,"2","ACTB"
1.16609848049976e-21,0.664885838433462,0.38,0.217,2.68354243317411e-17,"2","PACSIN2"
1.20309269758476e-21,0.509411794654831,0.406,0.237,2.7686772249518e-17,"2","RFFL"
1.20376403568608e-21,0.585053441800897,0.616,0.44,2.77022217532438e-17,"2","SH3BGRL"
1.31371532452513e-21,0.343381772625567,0.322,0.167,3.02325307632969e-17,"2","TET2"
1.62037162356148e-21,0.473906061604826,0.755,0.655,3.72896121730205e-17,"2","ARPC4"
1.64521873071439e-21,0.909645292739008,0.347,0.194,3.78614186499302e-17,"2","THG1L"
1.66480877867923e-21,0.565918486125076,0.573,0.39,3.83122444237451e-17,"2","GPATCH11"
1.73572584053807e-21,0.678269381925,0.484,0.306,3.99442587683025e-17,"2","RNF138"
1.76479659257374e-21,0.485992199818565,1,0.999,4.06132639848996e-17,"2","MT-CO1"
2.05298655520146e-21,0.765407396338793,0.384,0.223,4.72453795948512e-17,"2","MVK"
2.12961919959794e-21,0.597255794806209,0.425,0.255,4.90089266403474e-17,"2","AEBP2"
2.28317162714288e-21,0.613557051067945,0.389,0.224,5.25426286554391e-17,"2","ECD"
2.28657792244694e-21,0.656268134310329,0.835,0.888,5.26210177292714e-17,"2","VIM"
2.48606238698183e-21,0.472026071936459,0.65,0.476,5.72117537116127e-17,"2","GGNBP2"
2.65802078766055e-21,0.763595962749712,0.254,0.123,6.11690323864322e-17,"2","SRD5A1"
3.65774198762419e-21,0.539428406994645,0.512,0.335,8.41756163611955e-17,"2","OARD1"
3.7358939810523e-21,0.489535148230166,0.666,0.489,8.59741281859566e-17,"2","STAU1"
3.99222560123608e-21,0.491588314603838,0.796,0.77,9.1873087761246e-17,"2","TPM4"
4.0945292837989e-21,0.574159920998211,0.646,0.463,9.4227402408064e-17,"2","MTHFD1"
4.70241006395261e-21,0.281898617537517,0.33,0.174,1.08216562801741e-16,"2","PLEKHF2"
4.84214439004411e-21,0.674681229179626,0.298,0.155,1.11432268848085e-16,"2","IKBKB"
5.16732559348708e-21,0.418920456227553,0.609,0.42,1.18915663882918e-16,"2","CAPZA2"
5.83464141566905e-21,0.335048190558411,0.324,0.171,1.34272602898792e-16,"2","EGLN2"
5.99805398601024e-21,0.524872452673575,0.388,0.224,1.38033216380054e-16,"2","SLC15A4"
6.03923623865556e-21,0.575380529194125,0.423,0.257,1.3898094356018e-16,"2","PYCARD"
6.3102439666671e-21,0.578260333000262,0.409,0.241,1.4521764440491e-16,"2","KCTD10"
6.45228211118522e-21,0.408855763907387,0.485,0.3,1.48486368224705e-16,"2","RERE"
6.50191569388567e-21,0.49091216842707,0.839,0.869,1.49628585863391e-16,"2","TMSB4XP8"
7.01576841868859e-21,0.8599715400364,0.284,0.147,1.6145387861928e-16,"2","DALRD3"
7.13102698764237e-21,0.459451149767023,0.689,0.533,1.64106324066614e-16,"2","LASP1"
7.45955106566895e-21,0.659097873676209,0.406,0.241,1.7166664867424e-16,"2","CDK7"
9.33678302807402e-21,0.44393987670309,0.37,0.205,2.14867387825067e-16,"2","SPTLC2"
1.07666622453381e-20,0.680810137886909,0.273,0.137,2.47773198251965e-16,"2","GVINP1"
1.10526591566444e-20,0.528595516987232,0.346,0.194,2.54354845171858e-16,"2","FANCL"
1.26539212180363e-20,0.635970051804921,0.405,0.241,2.9120468899067e-16,"2","KIAA1279"
1.43592906254715e-20,0.421323412608091,0.667,0.49,3.30450355163975e-16,"2","BTG1"
1.44740064837349e-20,0.436222762891539,0.392,0.227,3.3309031121019e-16,"2","TWF2"
1.46992243100272e-20,0.451181334955883,0.668,0.496,3.38273249046656e-16,"2","CAPN1"
1.57209088872852e-20,0.676083492966049,0.328,0.18,3.61785276223095e-16,"2","CRTC2"
1.63785944854905e-20,0.439954543364525,0.377,0.217,3.76920594894592e-16,"2","TMEM87B"
1.6887106802692e-20,0.433258012648247,0.609,0.422,3.8862298885035e-16,"2","RPL41P1"
1.72449064110378e-20,0.265338639450361,0.363,0.203,3.96857031237213e-16,"2","NSMCE1"
2.02714267377084e-20,0.36933694061112,0.473,0.293,4.66506343514883e-16,"2","VPS13C"
2.24105463513292e-20,0.591004548152809,0.271,0.137,5.15733903183138e-16,"2","CXorf38"
2.31033712658567e-20,0.493206835098977,0.429,0.258,5.3167788294116e-16,"2","SLC25A19"
2.54895450534857e-20,0.380500274574166,0.661,0.492,5.86590900315867e-16,"2","FURIN"
2.80277028177715e-20,0.337229608875915,0.315,0.165,6.45001524945375e-16,"2","RAB2B"
3.12110699110144e-20,0.475607783575064,0.75,0.645,7.18260351862175e-16,"2","ST13"
3.32752376081436e-20,0.609391868728713,0.304,0.161,7.65763043076208e-16,"2","TPMT"
3.40206978461981e-20,0.385657253496373,0.377,0.214,7.82918319534557e-16,"2","PTOV1"
3.75428228390027e-20,0.46919738717222,0.405,0.237,8.63972981993969e-16,"2","BTBD10"
3.77748807368041e-20,0.740657327447761,0.693,0.565,8.69313330396073e-16,"2","LGALS3"
3.86680661452046e-20,0.563028402097224,0.375,0.217,8.89868206199594e-16,"2","STK10"
4.06382737556319e-20,0.447969813955867,0.341,0.188,9.35208593938356e-16,"2","DMXL1"
5.12612992967401e-20,0.397030936782175,0.481,0.301,1.17967628071588e-15,"2","PATL1"
5.27990948757934e-20,0.402814678051407,0.524,0.346,1.21506557037663e-15,"2","MBP"
5.30004117381505e-20,0.564923377355554,0.298,0.153,1.21969847533006e-15,"2","RASGRP2"
5.37877363583026e-20,0.569702701194228,0.544,0.369,1.23781717681362e-15,"2","BPNT1"
5.95577723017452e-20,0.506878963724327,0.503,0.322,1.37060301398006e-15,"2","ITPA"
6.081658400032e-20,0.591914531967743,0.52,0.354,1.39957204759936e-15,"2","CBX1"
6.33172008531142e-20,0.366594871760196,0.628,0.456,1.45711874323272e-15,"2","R3HDM4"
7.10134377105593e-20,0.40300635222449,0.847,0.912,1.6342322420331e-15,"2","RPS3A"
7.81951777396799e-20,0.473902278936296,0.524,0.351,1.79950562532325e-15,"2","LARP4B"
7.97322337340827e-20,0.820575623791861,0.356,0.206,1.83487789492244e-15,"2","MTMR14"
8.060966421863e-20,0.319813595889639,0.913,0.958,1.85507020266333e-15,"2","RPL11"
8.14415382629637e-20,1.01013600958206,0.257,0.126,1.87421412004558e-15,"2","TBC1D3F"
8.4877254872555e-20,0.759253535668365,0.271,0.139,1.95328026638211e-15,"2","PPME1"
8.80855895311966e-20,0.810110564349397,0.4,0.247,2.02711367188143e-15,"2","TPRG1"
8.81541993106013e-20,0.585549784027888,0.461,0.297,2.02869258873487e-15,"2","ARL6IP6"
9.74703083685542e-20,0.705621126908029,0.33,0.186,2.24308420648554e-15,"2","SNX12"
1.01721170173161e-19,0.533278535947821,0.35,0.198,2.34090928919496e-15,"2","TMEM134"
1.12056951945002e-19,0.339275251576962,0.413,0.246,2.57876663511033e-15,"2","TTC19"
1.25029125409976e-19,0.868282747489832,0.325,0.182,2.87729526305979e-15,"2","ARNTL2"
1.33450410897834e-19,0.54130029065884,0.512,0.336,3.07109430599185e-15,"2","CTNNB1"
1.54696448295977e-19,0.372879801055147,0.541,0.363,3.56002936463533e-15,"2","C19orf66"
1.6489505568498e-19,0.686889832781061,0.406,0.25,3.79472991647845e-15,"2","SNAPIN"
1.7773905588811e-19,0.761085923352381,0.318,0.174,4.09030889315307e-15,"2","TGIF2"
1.81751902819984e-19,0.594993760808936,0.406,0.246,4.18265653959628e-15,"2","BCAT2"
1.82008690716749e-19,0.480940354797958,0.482,0.309,4.18856599946454e-15,"2","GSS"
1.8307301800555e-19,0.542066076562073,0.374,0.219,4.21305936336173e-15,"2","GPR137"
2.3070643212508e-19,0.859215109934868,0.282,0.151,5.30924712249446e-15,"2","ANAPC10"
2.42967682917163e-19,0.60084126926165,0.355,0.204,5.59141528697268e-15,"2","CCBL2"
2.86937595545286e-19,0.87772264942331,0.368,0.224,6.60329488628368e-15,"2","C9orf40"
2.93159438019441e-19,0.477200934079987,0.271,0.139,6.7464781471414e-15,"2","RAB9A"
2.97623790186799e-19,0.631097453476958,0.468,0.304,6.8492162835688e-15,"2","NUDCD1"
3.08336779902172e-19,0.60069090312776,0.431,0.271,7.09575431588869e-15,"2","UNG"
3.16155752504762e-19,0.354633540105736,0.566,0.383,7.27569233239209e-15,"2","IL21R"
3.35946685744433e-19,0.629415796332202,0.591,0.437,7.73114107903664e-15,"2","RPL39P3"
3.42080453378527e-19,0.432071258295391,0.381,0.222,7.87229747360005e-15,"2","NIPSNAP1"
3.58420368386409e-19,0.412053305227359,0.343,0.191,8.24832793767642e-15,"2","WHAMM"
3.95028950570576e-19,0.440754944719521,0.388,0.232,9.09080123948066e-15,"2","CTNNA1"
4.39744170234776e-19,0.60755474225532,0.332,0.187,1.01198325896129e-14,"2","ZADH2"
5.15355679142367e-19,0.406354290669089,1,1,1.18598802441033e-14,"2","MT-RNR2"
6.40904653371088e-19,0.393873132617709,0.609,0.435,1.47491387880288e-14,"2","SDHC"
6.58785191875205e-19,0.596418390779762,0.37,0.217,1.51606236206241e-14,"2","RAB4A"
6.94104219340375e-19,0.481149782579247,0.448,0.281,1.59734203996801e-14,"2","GMPS"
7.2158543962416e-19,0.573509617100769,0.46,0.294,1.66058457220708e-14,"2","APBB1IP"
7.34226126291962e-19,0.431594603796738,0.387,0.227,1.68967458443569e-14,"2","SP140L"
7.50433937075431e-19,0.25981417767446,0.318,0.174,1.72697361939169e-14,"2","PLEC"
7.63770570807435e-19,0.350118917480304,0.761,0.7,1.75766521459915e-14,"2","SMAP2"
8.46604345694043e-19,0.459521024306808,0.415,0.256,1.9482905807457e-14,"2","ADSS"
1.00079330821354e-18,0.431106959111299,0.426,0.262,2.30312564019183e-14,"2","ETHE1"
1.01095925564507e-18,0.419982636635953,0.516,0.34,2.32652053501599e-14,"2","ISY1"
1.07069413003802e-18,0.456153647870956,0.54,0.363,2.4639884014565e-14,"2","PDCL3"
1.10143355485643e-18,0.577983212391942,0.615,0.458,2.53472903979111e-14,"2","SCARNA9"
1.12139257153773e-18,0.482108067563188,0.755,0.715,2.58066072487978e-14,"2","ARF6"
1.16044357382662e-18,0.445362816571127,0.727,0.598,2.67052879644719e-14,"2","DARS"
1.196281335376e-18,0.579764591083089,0.464,0.301,2.75300223710078e-14,"2","CUEDC2"
1.22896263962025e-18,0.56779254306769,0.346,0.2,2.82821172255807e-14,"2","ATP6V0A2"
1.22930372971856e-18,0.498158924839252,0.307,0.167,2.82899667320131e-14,"2","MORC3"
1.28874691001607e-18,0.64953423601487,0.3,0.166,2.96579326401998e-14,"2","F8A1"
1.30611235632921e-18,0.399081722363207,0.554,0.378,3.0057563656204e-14,"2","AP1S2"
1.30999362583503e-18,0.333130033206247,0.278,0.142,3.01468833113415e-14,"2","ALDOC"
1.33742448162956e-18,0.341411558996259,0.436,0.268,3.0778149595741e-14,"2","EIF2D"
1.4082910499579e-18,0.494064311741271,0.68,0.531,3.24090019326811e-14,"2","LIMS1"
1.41886960085229e-18,0.552479866757719,0.55,0.385,3.26524461244136e-14,"2","HN1L"
1.41941775598129e-18,0.57344640979138,0.372,0.222,3.26650608183975e-14,"2","RUSC1"
1.51565879698451e-18,0.423522059217158,0.391,0.231,3.48798558950045e-14,"2","TBC1D22A"
1.52981082013993e-18,0.540304140349465,0.532,0.364,3.52055364038802e-14,"2","FGD2"
1.54222839280529e-18,0.393850755489212,0.661,0.483,3.5491302003628e-14,"2","FLOT2"
1.61853508452689e-18,0.455412132453977,0.408,0.25,3.72473479002174e-14,"2","POLK"
1.70344802116489e-18,0.437890145828994,0.664,0.499,3.92014493110676e-14,"2","FERMT3"
1.76765726433179e-18,0.384187960290282,0.803,0.81,4.06790966240675e-14,"2","HLA-DPA1"
1.83391284874955e-18,0.410335825128327,0.267,0.136,4.22038363882734e-14,"2","PPP1R9B"
1.84364519143461e-18,0.445974164653151,0.767,0.756,4.24278067904846e-14,"2","DBI"
1.95180246691032e-18,0.497564665961147,0.664,0.496,4.49168301710073e-14,"2","DNAJC21"
2.10773345369412e-18,0.359348272788912,0.363,0.21,4.85052699698628e-14,"2","HDAC9"
2.35906139017899e-18,0.764315516319285,0.353,0.213,5.42890797721891e-14,"2","GATM"
2.44612185160172e-18,0.458238892629407,0.611,0.437,5.62926021709103e-14,"2","CTC-471F3.4"
2.5208592090547e-18,0.757664810482497,0.363,0.215,5.80125329779758e-14,"2","STAMBPL1"
2.6016629941928e-18,0.630981786519458,0.301,0.167,5.98720704853589e-14,"2","ATXN3"
2.64287071092898e-18,0.419026941965279,0.536,0.362,6.08203836706086e-14,"2","ERICH1"
2.66213803316154e-18,0.335286390575043,0.269,0.136,6.12637825571466e-14,"2","ZBTB4"
3.29083872753233e-18,0.592876566693243,0.503,0.338,7.57320716367015e-14,"2","TP53"
3.30623285062702e-18,0.461397428598685,0.697,0.528,7.60863365914797e-14,"2","IPO7"
3.37563696496755e-18,0.446897038972342,0.484,0.32,7.76835334747982e-14,"2","CAMLG"
3.46118756751696e-18,0.52705170750874,0.725,0.616,7.96523094912677e-14,"2","PNP"
3.56863420733318e-18,0.405424696175012,0.524,0.345,8.21249790133585e-14,"2","PDCD6IP"
3.69539388624557e-18,0.527260370570752,0.484,0.319,8.50420995041693e-14,"2","PTRHD1"
4.05188886203584e-18,0.493273841259584,0.646,0.482,9.32461183820307e-14,"2","SAE1"
4.33600693169434e-18,0.692375089711688,0.332,0.193,9.97845275190819e-14,"2","CPOX"
4.37059766900457e-18,0.409546204515378,0.634,0.463,1.00580564156802e-13,"2","PCM1"
4.71393550453985e-18,0.494581627277265,0.455,0.291,1.08481797765976e-13,"2","HECTD3"
5.0755004073587e-18,0.671321672690425,0.435,0.282,1.16802490874546e-13,"2","POLR1E"
5.29359611846296e-18,0.379156597867913,0.654,0.476,1.21821527474188e-13,"2","SNX6"
5.5329095079531e-18,0.650580013780116,0.506,0.339,1.27328846506525e-13,"2","PML"
5.65258283014819e-18,0.476981331206533,0.566,0.402,1.300828886702e-13,"2","RAB11A"
5.71125269423748e-18,0.384550239482807,0.543,0.372,1.31433058252487e-13,"2","EML4"
5.91860145747485e-18,0.423389574191836,0.613,0.457,1.36204775340869e-13,"2","DOCK2"
5.96118783190224e-18,0.379404414512067,0.396,0.231,1.37184815575566e-13,"2","ATN1"
6.73612781395252e-18,0.394881576530792,0.522,0.349,1.55018509382489e-13,"2","SLC2A6"
7.05514775365048e-18,0.362524174122508,0.623,0.466,1.62360115254758e-13,"2","POLR2A"
7.4136287621006e-18,0.439879536748241,0.384,0.23,1.70609838702221e-13,"2","TTC9C"
7.65099290699102e-18,0.604735264589924,0.442,0.279,1.76072299768584e-13,"2","RMDN1"
7.99923767973127e-18,0.375686719893223,0.561,0.383,1.84086456723656e-13,"2","ANKRD13A"
8.11747199696132e-18,0.450689324646019,0.653,0.508,1.86807383066071e-13,"2","RAB10"
9.33021906947004e-18,0.589442590688674,0.273,0.142,2.14716331445714e-13,"2","SDCCAG8"
9.86171324300062e-18,0.296428712990955,0.849,0.906,2.26947606861173e-13,"2","RPL4"
1.05546611407224e-17,0.44247221707019,0.565,0.393,2.42894416831446e-13,"2","EXOC5"
1.0558652897795e-17,0.466655592086246,0.659,0.493,2.42986279136957e-13,"2","FIBP"
1.17478726347013e-17,0.584152985018834,0.334,0.195,2.70353792942381e-13,"2","SERPINB8"
1.27467065032626e-17,0.43484921685291,0.716,0.588,2.93339956759582e-13,"2","CYB5B"
1.28056773590074e-17,0.518215184600951,0.397,0.242,2.94697053062837e-13,"2","MOSPD3"
1.30468370112254e-17,0.397214390803894,0.556,0.375,3.00246860139329e-13,"2","IGBP1"
1.3827365641502e-17,0.707747843773709,0.261,0.135,3.18209165507886e-13,"2","TRAPPC6A"
1.39033248609669e-17,0.441654542513509,0.482,0.316,3.19957215025431e-13,"2","C11orf73"
1.39328297457661e-17,0.414415596374294,0.528,0.36,3.20636210939315e-13,"2","RBCK1"
1.45025375663576e-17,0.565144417532757,0.469,0.306,3.33746897014588e-13,"2","ACAA2"
1.47951522891326e-17,0.347857175271276,0.607,0.435,3.40480839629808e-13,"2","INPP5D"
1.5680537381309e-17,0.36954369008044,0.683,0.535,3.60856206756065e-13,"2","ANXA7"
1.60261337132565e-17,0.389220270537975,0.779,0.667,3.68809415143172e-13,"2","TPR"
1.65419626484873e-17,0.497602785773406,0.661,0.501,3.80680186429639e-13,"2","DCAF7"
1.65775017814558e-17,0.409216287670578,0.786,0.754,3.81498048496643e-13,"2","CAPNS1"
1.66839200678002e-17,0.288134920225812,0.414,0.254,3.83947052520286e-13,"2","GGA3"
1.6974670398314e-17,0.561538191630314,0.326,0.186,3.90638089876399e-13,"2","FKBP15"
1.82748936142247e-17,0.686864057362217,0.366,0.215,4.20560126744152e-13,"2","DENND3"
1.85755280130886e-17,0.588624669603936,0.353,0.206,4.27478626165208e-13,"2","HPS5"
1.85881764615349e-17,0.624647274806564,0.394,0.243,4.27769704909304e-13,"2","MCU"
2.25271228438509e-17,0.662430692827115,0.402,0.254,5.18416678005542e-13,"2","ASCC1"
2.34097534219518e-17,0.380622649527818,0.606,0.438,5.38728655499376e-13,"2","OSBPL8"
2.41213565515466e-17,0.489201602057976,0.429,0.272,5.55104778320741e-13,"2","SQRDL"
2.83634719555337e-17,0.301742930851319,0.413,0.255,6.52728580112696e-13,"2","ZBTB1"
2.8556937475186e-17,0.62350550311649,0.287,0.158,6.57180802116455e-13,"2","ZDHHC21"
3.005805889655e-17,0.377361202967879,0.507,0.342,6.91726109386306e-13,"2","MRPL45"
3.0388718226843e-17,0.542646169765814,0.358,0.212,6.99335572554338e-13,"2","PCGF1"
3.09219926408723e-17,0.613948549557809,0.391,0.243,7.11607816644393e-13,"2","PIP5K1A"
3.31564625066241e-17,0.382381651510673,0.468,0.309,7.63029671664941e-13,"2","CUL4A"
3.33890999932688e-17,0.428842872684359,0.731,0.6,7.68383358145096e-13,"2","UBE2I"
4.1654214785578e-17,0.404071473907367,0.598,0.424,9.58588444860507e-13,"2","ADK"
4.23238373993557e-17,0.497483376263053,0.667,0.52,9.73998470071373e-13,"2","DYNC1I2"
4.2347472847796e-17,0.338185659106798,0.54,0.37,9.74542392646331e-13,"2","UBA3"
4.76947359527827e-17,0.373600765436763,0.529,0.361,1.09759895848139e-12,"2","USP15"
4.85328552134231e-17,0.282678570098333,1,1,1.11688659702651e-12,"2","MT-CO2"
5.02306766883159e-17,0.456917049588874,0.381,0.233,1.15595856262821e-12,"2","CHIC2"
5.33307875500428e-17,0.438230654539963,0.777,0.722,1.22730141388914e-12,"2","IQGAP1"
5.61715260290892e-17,0.407970679637061,0.633,0.471,1.29267532850743e-12,"2","SYF2"
6.06115745995852e-17,0.50915654370506,0.598,0.434,1.39485416626025e-12,"2","BTBD1"
6.44545541333129e-17,0.474689077796764,0.476,0.318,1.48329265426993e-12,"2","RAP1GDS1"
6.59486438947609e-17,0.617627464777944,0.471,0.312,1.51767614195013e-12,"2","WDR75"
6.87687779958359e-17,0.560976824627779,0.528,0.366,1.58257588801817e-12,"2","ZMIZ1"
7.17023841292794e-17,0.32774329589866,0.417,0.253,1.65008696596711e-12,"2","UBXN7"
7.32589369690953e-17,0.261004150921906,0.893,0.881,1.68590791646979e-12,"2","POU2F2"
7.41239763468676e-17,0.442783805817266,0.464,0.301,1.70581506767046e-12,"2","DLD"
7.92087155647561e-17,0.416812799579234,0.488,0.327,1.82283017129173e-12,"2","RPA1"
7.93877175530598e-17,0.32377034654685,0.277,0.15,1.82694954404856e-12,"2","MARCH9"
8.26962943782009e-17,0.402327829229642,0.699,0.532,1.90308982252554e-12,"2","HDAC1"
8.45499904116908e-17,0.527845722314285,0.758,0.701,1.94574892934424e-12,"2","DUT"
9.14059384670871e-17,0.402608928116249,0.484,0.324,2.10352486194308e-12,"2","BRI3"
9.2018326199733e-17,0.489750428300823,0.611,0.453,2.11761774083446e-12,"2","RGS10"
9.24949833882668e-17,0.333430881945678,0.574,0.408,2.12858705271418e-12,"2","PPP1R15A"
9.34807469117907e-17,0.564853719954714,0.37,0.223,2.15127242868104e-12,"2","FBRSL1"
9.45369902672716e-17,0.484672966583595,0.564,0.4,2.17557975702072e-12,"2","PSD4"
1.01703644203808e-16,0.374185914915118,0.591,0.417,2.34050596406223e-12,"2","DLST"
1.02859232573106e-16,0.395069358169521,0.439,0.282,2.36709951920489e-12,"2","GNB2"
1.03614799374958e-16,0.965935769276399,0.26,0.142,2.38448737801591e-12,"2","PRMT6"
1.0688678356901e-16,0.605017843433366,0.328,0.194,2.45978555027362e-12,"2","STX11"
1.08079962674167e-16,0.433027053584686,0.535,0.373,2.4872441810206e-12,"2","NSL1"
1.09782536825699e-16,0.35732891100628,0.541,0.373,2.5264255199698e-12,"2","SERPINB9"
1.1032595142417e-16,0.506246433305415,0.574,0.406,2.53893112012441e-12,"2","SNX4"
1.10777724982912e-16,0.479388616817827,0.329,0.192,2.54932778503175e-12,"2","HERC4"
1.17889086440444e-16,0.640178539741484,0.269,0.147,2.71298154625394e-12,"2","SMG9"
1.21434125070571e-16,0.691843497002287,0.321,0.187,2.79456352024904e-12,"2","C1orf123"
1.27092779266374e-16,0.501624002005671,0.735,0.63,2.92478612925707e-12,"2","ENY2"
1.30199277141812e-16,0.37302971077539,0.491,0.332,2.99627596486453e-12,"2","CDC42EP3"
1.32779431186687e-16,0.491492263314796,0.485,0.326,3.05565304989923e-12,"2","SNAP23"
1.37699275235934e-16,0.606449605396029,0.4,0.255,3.16887342100455e-12,"2","COPRS"
1.38588339985327e-16,0.458718312865537,0.729,0.633,3.18933346808233e-12,"2","EIF3L"
1.41159003003271e-16,0.277639578087777,0.267,0.141,3.24849213611427e-12,"2","SPG11"
1.46922010300468e-16,0.396597926205912,0.625,0.456,3.38111622304467e-12,"2","NCOA4"
1.54917344402558e-16,0.372518792373725,0.796,0.744,3.56511284673608e-12,"2","TLN1"
1.55753063742302e-16,0.54860472338357,0.425,0.271,3.5843452559016e-12,"2","MAP4K2"
1.57251473452911e-16,0.269609461739131,0.598,0.414,3.61882815857185e-12,"2","HLA-F"
1.61516331649505e-16,0.368913762707366,0.727,0.567,3.71697534025006e-12,"2","MTCH1"
1.74672951290639e-16,0.528751633206529,0.433,0.281,4.01974862805148e-12,"2","NIP7"
1.91647114982502e-16,0.435331446600763,0.375,0.231,4.41037505709231e-12,"2","NPAT"
2.0019792957381e-16,0.406720891307261,0.747,0.633,4.60715495328209e-12,"2","DNAJA1"
2.03797289625585e-16,0.656374799217168,0.415,0.273,4.6899870261536e-12,"2","MRPL10"
2.43060609854863e-16,0.379580442356269,0.713,0.583,5.59355381458996e-12,"2","PAIP2"
2.46261953313316e-16,0.693636880448497,0.338,0.203,5.66722633159935e-12,"2","GALE"
2.53887005821991e-16,0.380837328972225,0.625,0.456,5.84270166498148e-12,"2","NDUFB5"
2.61112730665147e-16,0.654768760381482,0.388,0.245,6.00898727079703e-12,"2","DAAM1"
2.87811352342336e-16,0.395348770897907,0.624,0.447,6.62340265145418e-12,"2","SMS"
3.02318878438428e-16,0.319750314869109,0.675,0.514,6.95726434950355e-12,"2","VEGFB"
3.05681180695874e-16,0.463481500430635,0.567,0.41,7.03464101135415e-12,"2","LSM6"
3.06064596590912e-16,0.63041528435867,0.48,0.332,7.04346456134666e-12,"2","CENPK"
3.06368800434693e-16,0.369776313874358,0.463,0.306,7.05046520440358e-12,"2","PURB"
3.17118681300341e-16,0.617857796848607,0.379,0.24,7.29785221276475e-12,"2","YEATS4"
3.42261472588089e-16,0.354419950104481,0.612,0.443,7.8764632686697e-12,"2","CLIP1"
3.5419199974788e-16,0.388260326156473,0.687,0.517,8.15102049019797e-12,"2","PWP1"
3.59117168608573e-16,0.457448176969692,0.258,0.139,8.26436340118909e-12,"2","SMAD4"
3.69080650251809e-16,0.432621214168869,0.507,0.356,8.49365300424489e-12,"2","SOD2"
3.70460352459753e-16,0.269610873238296,0.385,0.235,8.5254040911563e-12,"2","KRCC1"
3.72280503867531e-16,0.420816995308978,0.443,0.288,8.56729123550349e-12,"2","NFE2L2"
3.87232974848324e-16,0.870318281241851,0.316,0.191,8.91139245018447e-12,"2","MND1"
3.87797357566117e-16,0.64760232724416,0.33,0.2,8.92438058966904e-12,"2","SMCO4"
4.1142459115059e-16,0.40371315780433,0.803,0.77,9.46811411614853e-12,"2","LAPTM5"
4.31136148977028e-16,0.63769158510979,0.35,0.215,9.92173619640834e-12,"2","LIMA1"
4.53233929584726e-16,0.313677462382232,0.693,0.522,1.04302724215333e-11,"2","IL2RB"
4.5788096713888e-16,0.354015948396357,0.266,0.144,1.05372146967671e-11,"2","ATXN7"
4.61264936718837e-16,0.385600505138972,0.734,0.649,1.06150899887106e-11,"2","RAB7A"
4.72460379666004e-16,0.358478526032816,0.387,0.24,1.08727307172538e-11,"2","SLC44A2"
4.86629792136135e-16,0.639411665116107,0.332,0.198,1.11988114064289e-11,"2","CCDC23"
4.92411610114559e-16,0.437338997126776,0.278,0.153,1.13318683835663e-11,"2","TCTA"
5.09519150303775e-16,0.565035942132878,0.55,0.405,1.17255642059408e-11,"2","RPP30"
5.12259198967647e-16,0.42093736564649,0.37,0.224,1.17886209458425e-11,"2","STAP1"
5.61502277014534e-16,0.457040066948118,0.252,0.136,1.29218519009355e-11,"2","TP53BP1"
6.2701562247773e-16,0.366620001035826,0.434,0.276,1.442951052008e-11,"2","JMJD1C"
6.32742047012642e-16,0.408284256762987,0.265,0.145,1.45612927279019e-11,"2","WDR44"
6.4217925714075e-16,0.405762793348593,0.626,0.449,1.47784712445801e-11,"2","IMPDH2"
6.64588316747114e-16,0.371153504035332,0.371,0.224,1.52941709333013e-11,"2","TCEAL4"
7.15636004862774e-16,0.681126340368113,0.279,0.157,1.6468931379907e-11,"2","LETMD1"
7.36835661577459e-16,0.299553159231277,0.43,0.277,1.69567990798821e-11,"2","GCA"
7.63039553016580e-16,0.633103578062493,0.346,0.211,1.75598292335705e-11,"2","ADPRHL2"
7.88564204325835e-16,0.587150453885825,0.933,0.853,1.81472280341505e-11,"2","SNORD3A"
8.65137086637255e-16,0.411922797177666,0.381,0.236,1.99093997747831e-11,"2","EML2"
9.03346422790936e-16,0.390746518351329,0.377,0.234,2.07887112276878e-11,"2","DSCR3"
9.08191450965274e-16,0.303319480353786,0.452,0.296,2.09002098610638e-11,"2","TMED8"
9.13249235123779e-16,0.325916275156428,0.645,0.474,2.10166046479035e-11,"2","ZBTB7A"
1.01173495577295e-15,0.285169210356103,0.427,0.275,2.32830565372029e-11,"2","CCNY"
1.09516072971489e-15,0.299318151594424,0.873,0.948,2.52029338729287e-11,"2","RPL9"
1.15052864295201e-15,0.436939972392397,0.553,0.386,2.64771156602547e-11,"2","TRIAP1"
1.22242509522079e-15,0.288468284643223,0.37,0.227,2.81316687163161e-11,"2","MMAB"
1.33477981878001e-15,0.579251544057567,0.346,0.212,3.07172879695844e-11,"2","ENPP4"
1.38527103827309e-15,0.380078144574031,0.668,0.506,3.18792424037785e-11,"2","UBE2R2"
1.40672988088265e-15,0.396844094749506,0.362,0.223,3.23730747487525e-11,"2","TMEM99"
1.41379326110316e-15,0.518414891064172,0.397,0.254,3.2535624317767e-11,"2","BLOC1S4"
1.43342710848331e-15,0.344703546030605,0.585,0.427,3.29874580475264e-11,"2","KIAA1551"
1.45510420060806e-15,0.52191177925673,0.3,0.175,3.34863129685932e-11,"2","NOTCH2"
1.5107448685102e-15,0.635255175734711,0.278,0.16,3.47667716590253e-11,"2","ACBD5"
1.51559774604758e-15,0.29661551065576,0.978,0.993,3.4878450929793e-11,"2","RPS18"
1.55582737880085e-15,0.302709578833037,0.824,0.732,3.5804255468344e-11,"2","IL2RG"
1.58707537365906e-15,0.421508464759385,0.502,0.349,3.6523365574016e-11,"2","NOA1"
1.6074907771441e-15,0.584342549835245,0.364,0.224,3.69931852544173e-11,"2","TCEAL3"
1.6447995035025e-15,0.700549753566994,0.376,0.243,3.7851770974103e-11,"2","C4orf46"
1.70436014426595e-15,0.381824399181121,0.435,0.282,3.92224399999923e-11,"2","RAB3GAP2"
1.76267022514373e-15,0.389381458297807,0.473,0.319,4.05643298912327e-11,"2","RABGAP1L"
1.76735304869783e-15,0.494352540040366,0.409,0.262,4.06720957096832e-11,"2","PLEKHJ1"
1.84812072226682e-15,0.541303980828829,0.295,0.167,4.25308021815264e-11,"2","ADD2"
1.8518221717801e-15,0.507963211596462,0.626,0.472,4.26159836391755e-11,"2","SEPHS2"
1.93542589772406e-15,0.307504776932156,0.566,0.394,4.45399561843238e-11,"2","SPAG7"
1.93801150107441e-15,0.588137783915839,0.299,0.174,4.45994586742254e-11,"2","TFDP2"
1.95905627469614e-15,0.411079899909313,0.674,0.515,4.50837620495823e-11,"2","ARL8B"
1.9717436922476e-15,0.517557834848374,0.439,0.299,4.53757375896939e-11,"2","SNRPEP4"
2.09613441346882e-15,0.400762807882167,0.592,0.419,4.8238341257158e-11,"2","DCTPP1"
2.20963250713823e-15,0.379106768235215,0.547,0.384,5.08502728867722e-11,"2","PAFAH1B2"
2.22530594446341e-15,0.413616801762201,0.596,0.44,5.12109656999366e-11,"2","DCTD"
2.39628943829447e-15,0.275246334519494,0.394,0.248,5.51458088434707e-11,"2","P2RY10"
2.60090635848103e-15,0.412696393179865,0.271,0.153,5.98546580277239e-11,"2","RASA1"
2.78296997283746e-15,0.478327277350114,0.415,0.273,6.40444879849084e-11,"2","NSMCE2"
2.98930714509963e-15,0.386267011819555,0.866,0.946,6.87929253301778e-11,"2","RPS14"
3.2498285014439e-15,0.615706076404735,0.501,0.35,7.47883033037286e-11,"2","CHD1L"
3.26883461073974e-15,0.37270412711578,0.661,0.507,7.52256908969537e-11,"2","C7orf73"
3.27073314151559e-15,0.464560059746872,0.629,0.477,7.52693817856982e-11,"2","MCM6"
3.36711716108297e-15,0.398841001184266,0.473,0.319,7.74874672280024e-11,"2","POGK"
3.37518937445521e-15,0.496985388915093,0.706,0.607,7.76732330743377e-11,"2","RPS17"
3.6344657584634e-15,0.459228059801713,0.512,0.359,8.36399604995182e-11,"2","COX14"
3.73265588132285e-15,0.338634113056068,0.351,0.214,8.58996097968826e-11,"2","GPALPP1"
3.84261340159451e-15,0.356384051979439,0.619,0.455,8.84300622108944e-11,"2","NRAS"
4.1024751957131e-15,0.416922597654659,0.651,0.494,9.44102616789455e-11,"2","BZW2"
4.11458702469676e-15,0.39025491166143,0.628,0.463,9.46889911993465e-11,"2","NEMF"
4.14252797946826e-15,0.40234623793989,0.664,0.524,9.5331996391503e-11,"2","SMARCC1"
4.70991632608074e-15,0.276807598750393,0.459,0.306,1.08389304412096e-10,"2","GTF2H1"
4.73263795976595e-15,0.290447705533111,0.598,0.437,1.08912197368094e-10,"2","DIS3"
4.8830524226603e-15,0.326990995742537,0.495,0.341,1.12373685402681e-10,"2","ARHGEF1"
5.07568245275187e-15,0.555156393665326,0.339,0.208,1.16806680285179e-10,"2","C14orf142"
5.12905947346493e-15,0.50362760279804,0.326,0.196,1.18035045662848e-10,"2","KIAA0586"
5.53367026157249e-15,0.35005588322302,0.448,0.299,1.27346353729568e-10,"2","ADRBK2"
5.73333137064104e-15,0.415465148752263,0.688,0.55,1.31941154832562e-10,"2","C6orf48"
5.77173602650679e-15,0.417923263416974,0.52,0.362,1.32824961178001e-10,"2","HDAC3"
5.78745220140438e-15,0.433492051474237,0.71,0.61,1.33186637510919e-10,"2","BRK1"
6.58454451487145e-15,0.34188253325939,0.45,0.295,1.51530122920737e-10,"2","KIF1C"
6.59290205794285e-15,0.349680781682467,0.367,0.229,1.51722455059439e-10,"2","PHF20"
6.69628431965758e-15,0.518854913329758,0.301,0.178,1.5410159104828e-10,"2","MLLT10"
6.77867732471115e-15,0.359193469087242,0.423,0.271,1.55997701273578e-10,"2","SCRN1"
6.79079433394845e-15,0.351382673527927,0.414,0.264,1.56276550007156e-10,"2","GTF2H5"
6.85557336599468e-15,0.422788450316313,0.729,0.651,1.57767309871636e-10,"2","MTHFD2"
6.94500108351016e-15,0.439198822687654,0.595,0.453,1.59825309934819e-10,"2","SRF"
7.2022849152938e-15,0.310260168684946,0.6,0.46,1.65746182755656e-10,"2","CYLD"
7.60923228692409e-15,0.367117340910422,0.295,0.168,1.75111262618984e-10,"2","CD69"
7.91423086620729e-15,0.27320277653555,0.654,0.496,1.82130194924028e-10,"2","GLTSCR2"
7.97509511851684e-15,0.419167766605413,0.64,0.49,1.83530863962428e-10,"2","FAM49B"
8.16138985618872e-15,0.574760885921127,0.318,0.192,1.87818064760471e-10,"2","DENND4A"
9.22687991627974e-15,0.324073777437129,0.671,0.523,2.12338187513346e-10,"2","RB1"
9.58433915734053e-15,0.400606754901779,0.62,0.463,2.20564397027878e-10,"2","DR1"
1.0832853554567e-14,0.300261341083754,0.482,0.329,2.49296458851251e-10,"2","VRK3"
1.13392318112e-14,0.44594177472371,0.311,0.186,2.60949741671146e-10,"2","LANCL1"
1.21341779645951e-14,0.364642877769858,0.754,0.672,2.79243837499228e-10,"2","PPP1R18"
1.25543510982014e-14,0.260235728889019,0.436,0.284,2.88913281822908e-10,"2","FAM208A"
1.29581666728214e-14,0.684011582420132,0.262,0.15,2.98206289641638e-10,"2","ACSL1"
1.47412069153881e-14,0.467052427856441,0.52,0.365,3.39239394743826e-10,"2","MFAP1"
1.54517118048653e-14,0.414141650521175,0.633,0.481,3.55590243765365e-10,"2","FLOT1"
1.55900140911419e-14,0.449246246130786,0.57,0.417,3.58772994279449e-10,"2","FAM129A"
1.66118147084972e-14,0.497467395986825,0.261,0.147,3.82287691886646e-10,"2","AC016747.3"
1.72892503427385e-14,0.373599414745615,0.346,0.211,3.97877518137442e-10,"2","NME4"
1.73937279319364e-14,0.365486215186776,0.343,0.211,4.00281860897653e-10,"2","NBPF10"
1.73987809221587e-14,0.371312133049051,0.553,0.396,4.00398145361639e-10,"2","DDX50"
2.03095759434243e-14,0.279276756598862,0.358,0.223,4.67384271186024e-10,"2","TNKS2"
2.14966959430444e-14,0.447441702805755,0.725,0.604,4.9470346373728e-10,"2","C12orf57"
2.28038936749762e-14,0.428468352625828,0.493,0.347,5.24786005142228e-10,"2","SH3GL1"
2.39322013291462e-14,0.271947570354715,0.903,0.946,5.50751749187642e-10,"2","RPL12"
2.43224074121031e-14,0.703380330045354,0.443,0.309,5.59731561774729e-10,"2","DCAF6"
2.44338318737177e-14,0.695817083290873,0.287,0.171,5.62295772909866e-10,"2","KAT7"
2.46238239417068e-14,0.337416764247467,0.658,0.496,5.66668060370498e-10,"2","AMD1"
2.56079153512045e-14,0.30667961249966,0.671,0.533,5.8931495597727e-10,"2","FXR1"
2.60691295726325e-14,0.580892452507257,0.256,0.143,5.99928878854993e-10,"2","ZNF826P"
2.675148173537e-14,0.566141942266805,0.36,0.228,6.1563184917607e-10,"2","C11orf1"
2.75708286769794e-14,0.335820870401781,0.532,0.374,6.34487480343328e-10,"2","DIMT1"
2.91367732879509e-14,0.316611824325374,0.345,0.21,6.70524563675613e-10,"2","C3orf17"
2.9935325381292e-14,0.372975196544166,0.271,0.154,6.88901642999672e-10,"2","GATAD1"
3.15350299664012e-14,0.637045366089761,0.287,0.168,7.25715644616792e-10,"2","SRFBP1"
3.23179396287236e-14,0.456598406581098,0.52,0.376,7.43732744675817e-10,"2","UBLCP1"
3.32426363429238e-14,0.399469143424823,0.25,0.139,7.65012790159706e-10,"2","C8orf82"
3.33942002959062e-14,0.256440161228832,0.515,0.351,7.68500731409689e-10,"2","SMNDC1"
3.40916239447691e-14,0.326069920967497,0.35,0.212,7.84550541840971e-10,"2","MAPK3"
3.7672432352522e-14,0.386652702312367,0.561,0.405,8.66955685728589e-10,"2","OGFOD1"
4.01288858945938e-14,0.295476135462177,0.662,0.492,9.23486051092286e-10,"2","ITSN2"
4.2331838125816e-14,0.332559146493696,0.298,0.177,9.74182590789404e-10,"2","ULK3"
4.55663124671492e-14,0.356827465750885,0.641,0.483,1.0486175488065e-09,"2","MAGOH"
4.65196967653822e-14,0.447557355608158,0.578,0.423,1.07055778166174e-09,"2","SLC25A23"
4.84563186859868e-14,0.346640966909843,0.412,0.266,1.11512526192061e-09,"2","TOB1"
5.28912118915043e-14,0.393488452955058,0.388,0.249,1.21718545925919e-09,"2","XPC"
5.38159145201088e-14,0.581510390649542,0.516,0.381,1.23846564085126e-09,"2","FAM111B"
5.42998694111646e-14,0.375417982609685,0.636,0.482,1.24960289475913e-09,"2","GTPBP4"
5.5463827170003e-14,0.325376675898522,0.647,0.493,1.27638905466328e-09,"2","STK24"
5.88850134425716e-14,0.375822042984066,0.345,0.216,1.3551208143539e-09,"2","ZBTB44"
5.8998558591228e-14,0.38170687924623,0.742,0.647,1.35773382885993e-09,"2","SSRP1"
6.43190734816264e-14,0.424001691024712,0.368,0.232,1.48017483803267e-09,"2","LRP5"
6.61929901135573e-14,0.418978238597331,0.509,0.347,1.52329928148329e-09,"2","GPX4"
6.74452850196198e-14,0.384780427349636,0.565,0.422,1.55211834415651e-09,"2","EIF1B"
6.96731444654011e-14,0.250395504519306,0.453,0.307,1.60338807358228e-09,"2","ZCCHC7"
7.69572324633119e-14,0.350548068849322,0.75,0.693,1.7710167906782e-09,"2","MBNL1"
8.31489447461965e-14,0.598765882115277,0.254,0.144,1.91350666544422e-09,"2","CHAF1B"
8.51369707237526e-14,0.477821125687408,0.379,0.247,1.95925710726572e-09,"2","IVD"
8.60681394510304e-14,0.381495069523394,0.354,0.226,1.98068609318656e-09,"2","CHFR"
8.89965457162089e-14,0.346416416967064,0.748,0.724,2.04807750656712e-09,"2","SOD1"
9.2462034680736e-14,0.279258538903314,0.907,0.953,2.12782880410778e-09,"2","RPS27"
9.39858863263439e-14,0.29481980249379,0.485,0.334,2.16289720202815e-09,"2","DYNC1LI1"
9.58246872486135e-14,0.480293877359387,0.433,0.294,2.20521352765234e-09,"2","ATF2"
1.00641497248453e-13,0.52610673392435,0.35,0.222,2.31606277617865e-09,"2","RNF44"
1.05653601600389e-13,0.691927467962676,0.262,0.152,2.43140633362974e-09,"2","TMEM60"
1.15043889760037e-13,0.349556921258089,0.649,0.506,2.64750503504774e-09,"2","EIF3F"
1.17635035399663e-13,0.60962441148133,0.422,0.294,2.70713506965245e-09,"2","MSH2"
1.1961531245204e-13,0.357871942943213,0.611,0.455,2.7527071854588e-09,"2","RALA"
1.21948092551016e-13,0.667997049266327,0.26,0.151,2.80639145387653e-09,"2","MED30"
1.26603157364994e-13,0.444204962459901,0.353,0.225,2.91351846044061e-09,"2","SMG5"
1.28812564417971e-13,0.413075946414453,0.398,0.263,2.96436354495078e-09,"2","MED10"
1.36681299191715e-13,0.383786273761997,0.608,0.445,3.14544673829894e-09,"2","ACSL4"
1.39135550982576e-13,0.262381267161959,0.463,0.315,3.20192643476203e-09,"2","SNX20"
1.51809695894811e-13,0.266348865989415,0.415,0.275,3.49359653162728e-09,"2","LY96"
1.59809525681146e-13,0.479485680970511,0.389,0.259,3.67769661450021e-09,"2","HMGXB4"
1.70813800496364e-13,0.294038055214646,0.519,0.369,3.93093799082282e-09,"2","GPN3"
1.80895074610938e-13,0.590623059325762,0.329,0.207,4.16293835202151e-09,"2","OPN3"
1.84038212731615e-13,0.339434066436759,0.758,0.698,4.23527138959265e-09,"2","EIF4A2"
1.84244394197368e-13,0.440348298177504,0.471,0.329,4.24001624366402e-09,"2","PMPCB"
1.84829865524718e-13,0.260659370188596,0.484,0.336,4.25348969532032e-09,"2","MEAF6"
2.00998779438205e-13,0.7130382655752,0.363,0.235,4.62558491121141e-09,"2","NEDD1"
2.02391770504914e-13,0.35696312179101,0.269,0.155,4.65764181462959e-09,"2","STX2"
2.06722806160263e-13,0.341007138037327,0.754,0.701,4.75731193816613e-09,"2","KHDRBS1"
2.06868307142607e-13,0.416332569258862,0.478,0.334,4.76066035227281e-09,"2","CCDC57"
2.0764898657344e-13,0.405283642590038,0.623,0.469,4.77862612801458e-09,"2","MRPL1"
2.08470271993246e-13,0.413045563620125,0.363,0.229,4.79752636938057e-09,"2","AP1M1"
2.14234443834008e-13,0.329486414615574,0.623,0.47,4.93017725595202e-09,"2","ITGB1BP1"
2.21721213533199e-13,0.258032235118085,0.377,0.24,5.10247028703951e-09,"2","NLRC5"
2.28991397794802e-13,0.269158438616103,0.527,0.373,5.26977903745179e-09,"2","CHTF8"
2.39179358441524e-13,0.49701306319652,0.355,0.227,5.50423457581479e-09,"2","CDK13"
2.85253153655552e-13,0.359081054031168,0.326,0.2,6.56453082507521e-09,"2","SNX14"
3.25865703554183e-13,0.295145777245843,0.26,0.148,7.49914743589242e-09,"2","LRCH1"
3.29670045446762e-13,0.40763945525881,0.379,0.245,7.58669675586633e-09,"2","IP6K2"
3.34870860606732e-13,0.473555731370068,0.427,0.292,7.70638311514271e-09,"2","PDCD7"
4.38879724594575e-13,0.453044429642368,0.654,0.507,1.0099939102095e-08,"2","FABP5"
4.41758434292141e-13,0.309059579173998,0.798,0.783,1.0166186848365e-08,"2","EIF3H"
4.50454980682395e-13,0.382929786870862,0.362,0.229,1.0366320470444e-08,"2","MEPCE"
4.50583032655898e-13,0.296138290171633,0.287,0.171,1.03692673305102e-08,"2","KCTD13"
4.57540736939014e-13,0.319532478900643,0.467,0.327,1.05293849791775e-08,"2","MRPL44"
4.82659374390183e-13,0.269181786833527,0.4,0.261,1.11074401828413e-08,"2","FAM103A1"
4.85989258389153e-13,0.486262260854753,0.353,0.228,1.11840708033096e-08,"2","CASP6"
4.92163730577432e-13,0.338210277935924,0.25,0.143,1.13261639317784e-08,"2","ELMO2"
4.97762286731756e-13,0.312084663776844,0.67,0.522,1.14550035045579e-08,"2","NUDT21"
5.10649403999947e-13,0.529467712146354,0.257,0.148,1.17515747342508e-08,"2","STRADB"
5.13525260376507e-13,0.446528416761669,0.321,0.195,1.18177568170446e-08,"2","GTPBP2"
5.44980772515398e-13,0.588358459229515,0.279,0.172,1.25416425178968e-08,"2","PTPN9"
5.49416410988743e-13,0.414556055194903,0.322,0.196,1.2643719866084e-08,"2","FAM219B"
5.9303101594348e-13,0.365034873458456,0.303,0.184,1.36474227699073e-08,"2","EIF2AK4"
5.9432516152699e-13,0.293330324756295,0.587,0.438,1.36772049422206e-08,"2","PCK2"
6.07431640850305e-13,0.347476209078139,0.697,0.569,1.39788243508881e-08,"2","CYB5R3"
6.29451945613312e-13,0.696113584401018,0.256,0.149,1.44855776243991e-08,"2","ITPK1"
6.50718648101958e-13,0.479901980731156,0.48,0.346,1.49749882487704e-08,"2","INIP"
7.15142701498054e-13,0.53771377255011,0.552,0.422,1.64575789895747e-08,"2","PLEK"
7.87464201380763e-13,0.29905895484242,0.354,0.227,1.81219136663755e-08,"2","GALNT10"
7.90320500744888e-13,0.468680542041741,0.337,0.214,1.81876456836421e-08,"2","TATDN1"
7.92030661879237e-13,0.425574584761067,0.408,0.271,1.82270016218269e-08,"2","PBDC1"
8.10802906249819e-13,0.471027275288612,0.739,0.697,1.86590072815271e-08,"2","RPS27L"
8.2639426941219e-13,0.259553238443286,0.423,0.282,1.90178113219827e-08,"2","DNAJC13"
8.29595316091511e-13,0.395808189235157,0.644,0.506,1.90914770092139e-08,"2","CDK2"
8.37270409898207e-13,0.359513455992341,0.613,0.468,1.92681039429874e-08,"2","PFDN1"
8.61306376802616e-13,0.412679460351692,0.68,0.547,1.98212436493586e-08,"2","SUPT16H"
9.47094536768179e-13,0.294428937325639,0.557,0.412,2.17954865746461e-08,"2","SH3BP5"
1.05655051642838e-12,0.292246803787273,0.679,0.553,2.43143970345663e-08,"2","LITAF"
1.06437018480553e-12,0.316352542306681,0.418,0.28,2.44943510629296e-08,"2","RUFY1"
1.083147372645e-12,0.474743335833505,0.384,0.257,2.49264704866794e-08,"2","SNHG15"
1.13645165989363e-12,0.310086053648649,0.261,0.152,2.61531620491321e-08,"2","ATP5S"
1.14698186607701e-12,0.36783133733487,0.569,0.419,2.63954936840302e-08,"2","TMSB4XP4"
1.16308783667113e-12,0.429575819127134,0.332,0.212,2.67661403853128e-08,"2","ASH2L"
1.20845580313882e-12,0.389299735197788,0.553,0.421,2.78101933976336e-08,"2","CCDC90B"
1.20989224750975e-12,0.329304970077598,0.36,0.235,2.78432502919418e-08,"2","C9orf85"
1.28878005580189e-12,0.455800563675851,0.679,0.575,2.96586954241688e-08,"2","RNF167"
1.30007310252157e-12,0.506266105324158,0.43,0.292,2.9918582308329e-08,"2","TRIM14"
1.47604995911082e-12,0.49101391538867,0.254,0.149,3.39683377090173e-08,"2","B3GNT2"
1.51082127351662e-12,0.335981112366457,0.641,0.499,3.4768529967438e-08,"2","POLR2G"
1.51237933460952e-12,0.353339808356026,0.351,0.224,3.4804385627369e-08,"2","PLEKHM2"
1.51466892380557e-12,0.433832821542396,0.342,0.221,3.48570759435376e-08,"2","CRYZ"
1.68930495415094e-12,0.423267890845987,0.325,0.2,3.88759749098756e-08,"2","KDM4B"
1.71061906738774e-12,0.284721760694806,0.478,0.336,3.9366476597794e-08,"2","BCL7B"
1.8572422220888e-12,0.33641245720397,0.748,0.685,4.27407152569295e-08,"2","MDH1"
1.8619264726961e-12,0.470634256700341,0.269,0.16,4.28485139161554e-08,"2","OSGIN2"
1.87083660539538e-12,0.289843418140776,0.46,0.322,4.30535627999638e-08,"2","CETN3"
1.92873114664618e-12,0.287975236481687,0.786,0.808,4.43858898777686e-08,"2","CDC42"
1.94668854232359e-12,0.29960131247981,0.376,0.249,4.47991434244928e-08,"2","MNAT1"
1.96467928737807e-12,0.485535544516327,0.469,0.332,4.52131644404316e-08,"2","ANKLE2"
2.03051294019444e-12,0.362072856158319,0.735,0.655,4.67281942926946e-08,"2","USMG5"
2.06495886034101e-12,0.306080918474109,0.806,0.877,4.75208982530277e-08,"2","RPL39"
2.31804887380845e-12,0.277893120471837,0.654,0.496,5.33452587329539e-08,"2","RAD50"
2.38392938231323e-12,0.346400065246898,0.547,0.411,5.48613668751744e-08,"2","CAND1"
2.41181267773329e-12,0.36505965486459,0.381,0.256,5.55030451526762e-08,"2","COLGALT1"
2.45013964045967e-12,0.396393558324321,0.324,0.205,5.63850635458985e-08,"2","MSRB2"
2.54501257542194e-12,0.561335571065288,0.359,0.233,5.85683743981851e-08,"2","HSPA1A"
2.58855145491735e-12,0.271740049696492,0.46,0.324,5.9570334632013e-08,"2","MB21D1"
2.94925265928561e-12,0.562276809061907,0.308,0.194,6.78711514481396e-08,"2","NCOA5"
2.96570250243757e-12,0.322458791975555,0.9,0.811,6.82497116885959e-08,"2","MTRNR2L12"
2.97366238260064e-12,0.376376720983635,0.613,0.475,6.84328924107884e-08,"2","SMIM12"
2.99371677289214e-12,0.368838130639138,0.461,0.321,6.88944040945668e-08,"2","CDKN2AIPNL"
3.01288401729084e-12,0.343469615870038,0.598,0.471,6.93354998899142e-08,"2","GABARAPL2"
3.04860228678867e-12,0.276744241605574,0.6,0.453,7.01574844258676e-08,"2","UBAP2L"
3.17986004805118e-12,0.344645646334507,0.764,0.705,7.31781192858018e-08,"2","IFI16"
3.28234439334366e-12,0.523598854912016,0.322,0.208,7.55365915240176e-08,"2","PLSCR1"
3.3691195884113e-12,0.341557203585723,0.755,0.74,7.75335490881093e-08,"2","SUMO2"
3.53649650025264e-12,0.266996483010518,0.641,0.493,8.1385393960314e-08,"2","NUP62"
3.6223488631406e-12,0.526769881650728,0.384,0.254,8.33611143874546e-08,"2","TMC8"
3.72524778557294e-12,0.293505261148426,0.697,0.568,8.57291272893901e-08,"2","PTBP3"
3.77767462211961e-12,0.553839321057107,0.336,0.215,8.69356260788386e-08,"2","TRIM44"
3.92555316376363e-12,0.328491388446454,0.657,0.513,9.03387549576923e-08,"2","DNTTIP2"
3.97720838692363e-12,0.408112097361119,0.274,0.167,9.15274966082735e-08,"2","RPRD1B"
4.10439580171339e-12,0.349973015756092,0.667,0.542,9.44544605848302e-08,"2","CAB39"
4.21510876255905e-12,0.328101424367252,0.663,0.537,9.70022979527715e-08,"2","SKP1"
4.27233942159269e-12,0.4207074512483,0.537,0.409,9.83193471091127e-08,"2","CSF2RB"
4.33223022584689e-12,0.310556232515988,0.763,0.747,9.96976141874146e-08,"2","GDI2"
4.49237046978187e-12,0.368872787882461,0.675,0.547,1.0338292162109e-07,"2","SUMO1"
4.63254999338607e-12,0.316266717997406,0.797,0.716,1.06608872997794e-07,"2","CXCR4"
4.99885722862238e-12,0.463112558616667,0.377,0.253,1.15038701402287e-07,"2","RFC2"
5.05243080064771e-12,0.258002037949743,0.647,0.501,1.16271590015306e-07,"2","TSC22D4"
5.11577807643002e-12,0.582942424347862,0.313,0.196,1.17729400872884e-07,"2","MINK1"
5.35453836213718e-12,0.263916074723408,0.64,0.503,1.23223991327863e-07,"2","UHMK1"
5.7330400974209e-12,0.352492229437995,0.712,0.579,1.31934451761947e-07,"2","PNRC2"
5.73893812247929e-12,0.547666747297836,0.33,0.211,1.32070183012616e-07,"2","TSEN34"
5.92189853389087e-12,0.333030524580775,0.456,0.317,1.36280650960431e-07,"2","LRRFIP2"
6.40103345160268e-12,0.281258977782411,0.389,0.264,1.47306982821733e-07,"2","CCDC82"
6.53243546950644e-12,0.254040452178125,0.532,0.38,1.50330937459752e-07,"2","PLIN3"
6.62162471165424e-12,0.39993613893344,0.266,0.16,1.52383449489299e-07,"2","ACO1"
7.04375977587491e-12,0.651637515898194,0.257,0.155,1.62098043722209e-07,"2","KATNAL1"
7.80294534708812e-12,0.322749808955633,0.705,0.598,1.79569181272539e-07,"2","SUPT4H1"
8.19646979171387e-12,0.34450564784192,0.596,0.479,1.88625359316711e-07,"2","NAA38"
8.70981833741394e-12,0.545742746914593,0.433,0.303,2.00439049398907e-07,"2","TTF2"
8.97783065108083e-12,0.323926932183862,0.782,0.787,2.06606816773323e-07,"2","CBX3"
9.1481069353182e-12,0.299761758983105,0.692,0.556,2.10525384902478e-07,"2","SRP9"
9.16174967269896e-12,0.312577664445885,0.446,0.31,2.10839345217821e-07,"2","EPB41L2"
9.31959973058413e-12,0.268214885001785,0.485,0.345,2.14471948599933e-07,"2","CD2AP"
9.48927958357862e-12,0.296481971378172,0.263,0.156,2.18376791056895e-07,"2","ZNF217"
9.98264261216584e-12,0.282232555507473,0.619,0.472,2.29730554433772e-07,"2","PSMB5"
1.02208884149998e-11,0.314261139096029,0.325,0.208,2.35213305094391e-07,"2","INO80E"
1.03431032972863e-11,0.267967824479459,0.773,0.712,2.38025836180449e-07,"2","RAC1"
1.06196708580609e-11,0.280875060342042,0.333,0.215,2.44390485456556e-07,"2","RNMT"
1.07606441840255e-11,0.297694674632635,0.645,0.505,2.4763470460698e-07,"2","USP10"
1.08945935252532e-11,0.298653061160688,0.343,0.222,2.50717280796652e-07,"2","OSER1"
1.13253346396121e-11,0.296294205505894,0.679,0.539,2.60629926061393e-07,"2","GNAI3"
1.14215751492838e-11,0.321406169661509,0.664,0.525,2.62844708910468e-07,"2","DDX27"
1.20704505378388e-11,0.493757523716704,0.321,0.205,2.77777278227285e-07,"2","TADA2A"
1.21272576579069e-11,0.542151977880509,0.277,0.17,2.79084580481412e-07,"2","RWDD2B"
1.23436570402656e-11,0.487723564104225,0.287,0.179,2.84064579467633e-07,"2","STRN"
1.24945824536321e-11,0.306829746487631,0.699,0.546,2.87537826005436e-07,"2","CD48"
1.27371143576325e-11,0.358149034773444,0.473,0.338,2.93119212712198e-07,"2","MAPRE2"
1.27560998432883e-11,0.577446021467875,0.295,0.185,2.93556125693594e-07,"2","WRNIP1"
1.2824330505139e-11,0.441024850811144,0.311,0.198,2.95126317914763e-07,"2","METTL8"
1.33850481194292e-11,0.436665753553921,0.349,0.229,3.08030112372425e-07,"2","ELK1"
1.43638575424857e-11,0.296514274025276,0.621,0.477,3.30555453625224e-07,"2","DPM1"
1.4829880232452e-11,0.302037120704575,0.25,0.147,3.41280033789419e-07,"2","MIB1"
1.48490733962697e-11,0.425215693473799,0.349,0.23,3.41721726068355e-07,"2","TMEM43"
1.61933087683431e-11,0.453110597838209,0.697,0.603,3.7265661468588e-07,"2","TYMS"
1.63754107290447e-11,0.49405243598936,0.493,0.365,3.76847327107505e-07,"2","SLBP"
1.73783632600996e-11,0.348065417766097,0.558,0.414,3.99928273704672e-07,"2","NOB1"
1.74271862702441e-11,0.277204622696316,0.527,0.387,4.01051837637127e-07,"2","PYCR2"
1.82294431085798e-11,0.335553297043757,0.498,0.369,4.19514174257747e-07,"2","PARN"
1.82766355826969e-11,0.306110986007066,0.718,0.58,4.20600214664604e-07,"2","KCNAB2"
1.84157731438617e-11,0.382259473783385,0.683,0.582,4.23802187359688e-07,"2","SNX3"
1.8786962946879e-11,0.311446674601854,0.578,0.436,4.32344378296526e-07,"2","AKIRIN1"
1.89971660189578e-11,0.344736236279503,0.633,0.483,4.37181781594276e-07,"2","KIF2A"
2.00659625265204e-11,0.407312929175295,0.429,0.304,4.61777995622814e-07,"2","SNRPGP10"
2.006872353377e-11,0.32438756690371,0.425,0.295,4.6184153468265e-07,"2","PITHD1"
2.13135019646097e-11,0.309116248544797,0.594,0.459,4.90487620711564e-07,"2","PRRC2B"
2.14445141584772e-11,0.370280444648516,0.262,0.159,4.93502604329036e-07,"2","ZNRF2"
2.23478949631577e-11,0.39738651132594,0.296,0.187,5.14292106787147e-07,"2","PDK3"
2.24929393759661e-11,0.329275198599947,0.676,0.542,5.17630013859107e-07,"2","KMT2A"
2.25210410785744e-11,0.43392902118641,0.485,0.344,5.18276718341233e-07,"2","MT-TS1"
2.2881594078104e-11,0.274488372160485,0.623,0.488,5.26574124519408e-07,"2","RAB14"
2.39414618549076e-11,0.359270312231548,0.309,0.195,5.50964861666988e-07,"2","METTL23"
2.4025556987266e-11,0.301691624812741,0.547,0.387,5.52900142947952e-07,"2","NPM1P27"
2.44122721622365e-11,0.346084361051733,0.303,0.192,5.61799619269548e-07,"2","UBE2F"
2.50581982823839e-11,0.33209565493522,0.36,0.241,5.76664317072501e-07,"2","SEC22C"
2.54341655304974e-11,0.342591049344731,0.476,0.34,5.85316451353337e-07,"2","MCMBP"
2.60972510629162e-11,0.301181963762417,0.545,0.405,6.0057603871089e-07,"2","VPS4B"
2.66402165765338e-11,0.30667471855889,0.701,0.569,6.13071304075773e-07,"2","FKBP3"
2.72971159659781e-11,0.388546887668793,0.394,0.264,6.28188529725055e-07,"2","TMC6"
2.77045919856343e-11,0.369311179261395,0.343,0.226,6.37565775365403e-07,"2","TXNDC9"
2.88477376027117e-11,0.462928850032357,0.312,0.204,6.63872985451205e-07,"2","BCOR"
3.09158327095519e-11,0.307953638752701,0.494,0.36,7.11466058144918e-07,"2","KDSR"
3.17440483962365e-11,0.37892194016377,0.333,0.219,7.30525785742591e-07,"2","GIT1"
3.44211433588702e-11,0.462327428318158,0.266,0.165,7.92133772117679e-07,"2","TMEM206"
3.46726081210599e-11,0.39413312578236,0.485,0.358,7.97920730689951e-07,"2","MRPL39"
3.62878967968122e-11,0.286292672771087,0.754,0.675,8.35093368985038e-07,"2","VAMP8"
3.71952081448119e-11,0.287514476919922,0.667,0.52,8.55973325036556e-07,"2","BTK"
3.94206716970443e-11,0.444283478671206,0.726,0.66,9.0718791776408e-07,"2","NCOA3"
4.8457753828593e-11,0.320474953596249,0.465,0.334,1.11515828885741e-06,"2","HIATL1"
4.86700183699073e-11,0.278875648744738,0.298,0.188,1.12004313274668e-06,"2","ZHX1"
4.87166241610874e-11,0.418060037638268,0.401,0.283,1.1211156718191e-06,"2","LIG1"
4.91307459491809e-11,0.312229619440572,0.566,0.417,1.1306458565285e-06,"2","BRCC3"
5.07114589202441e-11,0.26250909419745,0.485,0.356,1.16702280413158e-06,"2","AHCYL1"
5.29358054549806e-11,0.273578378340424,0.57,0.437,1.21821169093547e-06,"2","EAPP"
5.53491491713088e-11,0.408435388340094,0.308,0.199,1.27374996987933e-06,"2","DDHD2"
5.64958965807288e-11,0.510844802511353,0.301,0.197,1.30014006801231e-06,"2","RP11-304L19.5"
5.77085536696949e-11,0.38006551869946,0.476,0.343,1.32804694560069e-06,"2","FTSJ2"
6.03326397084644e-11,0.298835765633441,0.611,0.485,1.38843503761089e-06,"2","MYCBP2"
6.13590388492257e-11,0.342827404425221,0.396,0.277,1.41205556103723e-06,"2","DPP3"
6.21103875046992e-11,0.336255835490473,0.412,0.291,1.42934634764564e-06,"2","SPPL2A"
6.3565678572946e-11,0.699606321043212,0.336,0.217,1.46283696099921e-06,"2","STK25"
6.41658556410782e-11,0.268330870589307,0.869,0.935,1.47664883586813e-06,"2","ATP5E"
6.60942649476523e-11,0.257004828903488,0.602,0.47,1.52102731924032e-06,"2","HIGD2A"
6.79696950346894e-11,0.25293516796823,0.51,0.376,1.56418659183331e-06,"2","GTF2H3"
6.97042152123301e-11,0.375304344454737,0.35,0.234,1.60410310468135e-06,"2","ZDHHC16"
6.99151612683775e-11,0.503286218395922,0.256,0.157,1.60895760626917e-06,"2","ZNF367"
7.47267376434169e-11,0.315726509810672,0.696,0.584,1.71968641338795e-06,"2","UBE2A"
7.51449201131233e-11,0.365065078616865,0.748,0.69,1.72931004656331e-06,"2","CLIC1"
7.58022032650478e-11,0.379873829594975,0.561,0.438,1.74443610373855e-06,"2","WIPI2"
8.28261671308978e-11,0.361406692601022,0.793,0.744,1.90607858418335e-06,"2","SYK"
8.37220970776946e-11,0.270731890464675,0.275,0.168,1.92669662004899e-06,"2","WDR13"
8.41770613101189e-11,0.328300888600813,0.775,0.717,1.93716671192977e-06,"2","TAP1"
8.43320992641585e-11,0.306282185624839,0.317,0.206,1.94073460036608e-06,"2","LYRM1"
8.63989253278404e-11,0.403774724988357,0.321,0.212,1.98829846856959e-06,"2","FBXO22"
8.70954895029702e-11,0.330154153360283,0.501,0.366,2.00432849993185e-06,"2","NIN"
8.79743309516552e-11,0.256518563918377,0.514,0.371,2.02455327819044e-06,"2","ACOT7"
8.92028608521229e-11,0.347018652154595,0.682,0.572,2.0528254367899e-06,"2","RPA3"
9.05046254078577e-11,0.455633507129428,0.262,0.16,2.08278294451103e-06,"2","PAQR4"
9.06874485353106e-11,0.305826537660267,0.477,0.351,2.0869902531431e-06,"2","POLD3"
9.3158354406678e-11,0.320146599735849,0.529,0.396,2.14385320996088e-06,"2","MRPL11"
9.94034579931356e-11,0.388889788635478,0.448,0.318,2.28757177879603e-06,"2","RIOK1"
1.02131486186494e-10,0.321096167751892,0.649,0.524,2.35035189160979e-06,"2","PRPF19"
1.04360878192955e-10,0.329076651689073,0.286,0.182,2.40165688985447e-06,"2","SNX25"
1.09770794215073e-10,0.254342775025009,0.549,0.409,2.52615528727148e-06,"2","MEMO1P1"
1.09924064935001e-10,0.285959318341885,0.451,0.319,2.52968250634918e-06,"2","ARHGAP9"
1.14378276590948e-10,0.413633941452749,0.558,0.432,2.63218727918748e-06,"2","TRAF3"
1.17672342156702e-10,0.47046336960532,0.292,0.187,2.70799361005219e-06,"2","FAH"
1.26877853543033e-10,0.298570454120607,0.347,0.231,2.91984004358583e-06,"2","SS18"
1.27401751032716e-10,0.263984428513103,0.417,0.294,2.93189649651588e-06,"2","ANKH"
1.36848887943631e-10,0.341854504141983,0.333,0.223,3.14930345824679e-06,"2","MRE11A"
1.38204782352487e-10,0.32819460888083,0.721,0.649,3.18050665627778e-06,"2","SNRPE"
1.41155356308602e-10,0.259508458782824,0.339,0.224,3.24840821472986e-06,"2","ACTR6"
1.41469836768359e-10,0.305228439351214,0.474,0.344,3.25564535355024e-06,"2","ACBD6"
1.44354165452666e-10,0.256510944249574,0.455,0.329,3.32202240956219e-06,"2","C14orf119"
1.52193582036824e-10,0.380725798631314,0.275,0.172,3.50243090341342e-06,"2","PIK3C3"
1.58801203196975e-10,0.325713155428656,0.501,0.369,3.65449208917198e-06,"2","SLC2A3"
1.61589658428316e-10,0.269925235470785,0.696,0.576,3.71866280941083e-06,"2","WDR1"
1.69913560987032e-10,0.344600851085334,0.282,0.177,3.91022077899458e-06,"2","ZUFSP"
1.76555601304973e-10,0.464275148727805,0.313,0.204,4.06307405283135e-06,"2","FAM193A"
1.81056847408483e-10,0.559611215281007,0.291,0.19,4.16666122941141e-06,"2","KLHL18"
1.89550527087129e-10,0.279444813199082,0.64,0.499,4.36212627985609e-06,"2","ETFA"
1.9198274713749e-10,0.292382180852946,0.371,0.253,4.41809895987505e-06,"2","MSH6"
2.21221601681515e-10,0.31394185078885,0.283,0.179,5.09097271949671e-06,"2","ZBTB24"
2.52611234636108e-10,0.287817155176265,0.704,0.593,5.81334234268076e-06,"2","DIAPH1"
2.56433255501181e-10,0.299578049793394,0.371,0.253,5.90129850884868e-06,"2","LIX1L"
2.60707221881615e-10,0.35471626432065,0.439,0.316,5.9996552971616e-06,"2","PPP4R1"
2.67797788644914e-10,0.409269962497744,0.353,0.243,6.1628305100854e-06,"2","DNAJB14"
2.71754974549849e-10,0.25461571717766,0.709,0.576,6.25389722931567e-06,"2","PPP1R12A"
2.94818222289957e-10,0.385856287413741,0.598,0.481,6.78465174955877e-06,"2","PLEKHA2"
3.02768310707712e-10,0.288830329684542,0.484,0.349,6.96760713431657e-06,"2","DEGS1"
3.12681999242262e-10,0.314053501977378,0.725,0.618,7.19575084856217e-06,"2","GLO1"
3.19281306475103e-10,0.258232154650205,0.278,0.177,7.34762070591155e-06,"2","NSUN4"
3.34104314204504e-10,0.289051505836927,0.668,0.569,7.68874258278824e-06,"2","GSTO1"
3.42787566320156e-10,0.297009778038643,0.641,0.51,7.88857026372575e-06,"2","ESYT1"
3.45071298910207e-10,0.317020806193431,0.36,0.25,7.94112580182059e-06,"2","PSMG4"
3.49711139312168e-10,0.338478953974801,0.471,0.342,8.04790244899093e-06,"2","DCUN1D5"
3.6201628780468e-10,0.317299657497828,0.278,0.179,8.33108083124911e-06,"2","LRRC40"
3.69208291581847e-10,0.273810398116152,0.278,0.176,8.49659041417304e-06,"2","POLB"
3.78844445044054e-10,0.267045209201578,0.275,0.177,8.71834721379882e-06,"2","MAFG"
3.9729573575379e-10,0.290143546270326,0.616,0.481,9.14296676690197e-06,"2","RNF34"
4.04103675384304e-10,0.359878622352231,0.284,0.183,9.29963788161899e-06,"2","STOM"
4.05839174024647e-10,0.262751563278238,0.502,0.369,9.33957691182919e-06,"2","UROD"
4.12656192479801e-10,0.323106869475019,0.375,0.26,9.49645695753765e-06,"2","MGME1"
4.52333791497452e-10,0.26709600848169,0.304,0.2,1.04095575437309e-05,"2","LRRC41"
4.5587324496448e-10,0.264929784148648,0.862,0.859,1.04910109863676e-05,"2","HSP90AB1"
4.66342313906427e-10,0.277690593438224,0.309,0.205,1.07319356699286e-05,"2","ZC2HC1A"
4.87915932639196e-10,0.338004392722641,0.379,0.267,1.12284093578258e-05,"2","AKAP11"
4.94499957589619e-10,0.368373146006402,0.418,0.299,1.13799275240099e-05,"2","MEN1"
4.98439677694952e-10,0.269121448073345,0.713,0.611,1.14705923027939e-05,"2","CCDC50"
5.37580226322964e-10,0.376185375895691,0.436,0.316,1.23713337483704e-05,"2","ARHGAP1"
5.46655737493016e-10,0.441719554473297,0.288,0.189,1.25801884869268e-05,"2","INTS3"
5.64383484616775e-10,0.399135863025361,0.339,0.234,1.29881571314858e-05,"2","MT1F"
5.80236352706678e-10,0.589446772201057,0.258,0.162,1.33529791848388e-05,"2","ATF7"
5.86155243666331e-10,0.421443079245237,0.647,0.552,1.34891906224933e-05,"2","MCM3"
5.94150768907918e-10,0.469599479197194,0.256,0.161,1.36731916448779e-05,"2","PDDC1"
6.07591772610016e-10,0.253520442522452,0.602,0.463,1.39825094630743e-05,"2","DPY30"
6.16382494817323e-10,0.280559951327376,0.553,0.422,1.4184810353231e-05,"2","UBE2L6"
6.56242382643592e-10,0.379331765653849,0.562,0.437,1.5102105951777e-05,"2","NT5DC1"
6.56597607130819e-10,0.473368038187504,0.72,0.665,1.51102807329015e-05,"2","STMN1"
7.16163976587053e-10,0.320789354687575,0.617,0.492,1.64810815931979e-05,"2","MCM2"
8.00211856371366e-10,0.297258894007769,0.366,0.251,1.84152754506743e-05,"2","CIC"
8.54781735297903e-10,0.326865744779965,0.446,0.327,1.96710920744106e-05,"2","SIRT2"
8.93157741074419e-10,0.584415234337431,0.385,0.276,2.05542390953456e-05,"2","FDXR"
9.33903533279479e-10,0.278533544852077,0.455,0.325,2.14919220113607e-05,"2","PTTG1IP"
9.87789086229219e-10,0.313693072392024,0.54,0.412,2.2731990241393e-05,"2","MRPL49"
1.07698631239877e-09,0.352543631063384,0.345,0.238,2.47846860072329e-05,"2","DCTN6"
1.10816086747083e-09,0.252619913067037,0.499,0.374,2.55021060431061e-05,"2","NUPL1"
1.12248185320774e-09,0.282961758681374,0.72,0.622,2.58316748878697e-05,"2","PSMB9"
1.24145108510796e-09,0.284738139122922,0.388,0.277,2.85695138215896e-05,"2","WDHD1"
1.36215122595617e-09,0.368304284602735,0.288,0.187,3.13471861629293e-05,"2","C2CD5"
1.39247744906305e-09,0.356199943112827,0.394,0.281,3.20450835352879e-05,"2","DERA"
1.40576254227161e-09,0.287492398377373,0.617,0.483,3.23508133852965e-05,"2","GGCT"
1.45160898370526e-09,0.278000280006645,0.595,0.46,3.34058775420092e-05,"2","PGD"
1.46468954458617e-09,0.30274513482491,0.464,0.334,3.37069004895616e-05,"2","TUBB6"
1.5363782698628e-09,0.299377699361757,0.758,0.696,3.53566731243527e-05,"2","ENSA"
1.54589514455692e-09,0.25264250985181,0.321,0.213,3.55756849616883e-05,"2","PERP"
1.57604484231625e-09,0.415852044478917,0.489,0.374,3.62695199562239e-05,"2","WDR76"
1.61699139582206e-09,0.370929685180406,0.398,0.286,3.7211822992053e-05,"2","GMFB"
1.70150068909146e-09,0.431654048511368,0.279,0.177,3.91566353580618e-05,"2","CNOT4"
1.88855215226541e-09,0.287390075584067,0.419,0.298,4.34612506800838e-05,"2","PGM2"
2.00481035350868e-09,0.29092828591358,0.305,0.205,4.61367006652954e-05,"2","NADSYN1"
2.02570259881498e-09,0.341439619687341,0.782,0.718,4.6617493906529e-05,"2","CALM2"
2.03284582505076e-09,0.270642912997314,0.408,0.288,4.67818809718932e-05,"2","UCKL1"
2.06808585893019e-09,0.274706290365607,0.737,0.652,4.75928598715606e-05,"2","YWHAQ"
2.0723775667927e-09,0.272891960277375,0.565,0.427,4.76916249446004e-05,"2","KRR1"
2.10608195063335e-09,0.272213140724921,0.528,0.398,4.84672639299252e-05,"2","EIF2AK2"
2.36732668750583e-09,0.258645795544996,0.784,0.782,5.44792890595717e-05,"2","SLC25A3"
2.52290814222371e-09,0.253198112512605,0.574,0.449,5.80596850769943e-05,"2","NDUFS4"
2.58054323556269e-09,0.279582571030259,0.29,0.191,5.93860414800042e-05,"2","HIRIP3"
2.62962696537576e-09,0.388367630513364,0.721,0.661,6.05156053541924e-05,"2","GPR183"
2.72665057463198e-09,0.324472255353838,0.321,0.217,6.27484096740058e-05,"2","ZEB1"
2.74803458754173e-09,0.369867476908946,0.644,0.547,6.32405199630978e-05,"2","MCM4"
2.76600811323054e-09,0.313882355191453,0.253,0.159,6.36541447097744e-05,"2","UAP1L1"
2.80074264167477e-09,0.382986001008011,0.353,0.247,6.44534904128614e-05,"2","PDE6D"
2.84048754614284e-09,0.289693059982256,0.303,0.205,6.53681398993851e-05,"2","TFCP2"
2.89081140344555e-09,0.31674150672425,0.43,0.314,6.65262428274924e-05,"2","VPS4A"
2.93241542769221e-09,0.292392206713583,0.324,0.215,6.74836762374809e-05,"2","TRIM24"
3.22109497287408e-09,0.260185850571309,0.511,0.387,7.41270586107513e-05,"2","RAB35"
3.7289911953473e-09,0.45442252008379,0.25,0.161,8.58152743785275e-05,"2","LRCH3"
3.7769827408508e-09,0.348801008616643,0.301,0.203,8.69197038151995e-05,"2","WDR89"
3.95331292154255e-09,0.260090229460296,0.731,0.632,9.09775902634586e-05,"2","GLS"
4.05224187701461e-09,0.302025304701378,0.602,0.483,9.32542423157372e-05,"2","BUD31"
4.10851502927031e-09,0.391453345218826,0.312,0.21,9.45492563685976e-05,"2","UHRF1"
4.22051467835064e-09,0.302059537503067,0.687,0.565,9.71267042928833e-05,"2","SS18L2"
4.99597192581442e-09,0.290409690803944,0.273,0.177,0.000114972301928767,"2","DDX59"
5.16150433496557e-09,0.252279976773055,0.364,0.246,0.000118781699260563,"2","MVP"
5.37751273531954e-09,0.54360513764792,0.269,0.18,0.000123752700577909,"2","FAM189B"
5.44143917658894e-09,0.288862241618048,0.397,0.29,0.000125223839770841,"2","SCYL2"
5.62288838261856e-09,0.262594831434398,0.826,0.896,0.000129399530349201,"2","NPM1"
5.70342074345576e-09,0.27488672183418,0.738,0.683,0.000131252821569147,"2","HNRNPF"
5.80047574488176e-09,0.423145339190539,0.309,0.213,0.000133486348316964,"2","NLN"
5.80202163061676e-09,0.275195158251766,0.381,0.269,0.000133521923785383,"2","CENPQ"
7.40164439797454e-09,0.262572098492908,0.755,0.66,0.000170334042530588,"2","VDAC1"
7.76430310747763e-09,0.256674618040049,0.269,0.176,0.000178679907412383,"2","RPS3AP6"
8.76198957715922e-09,0.31207616649895,0.527,0.408,0.000201639666139165,"2","KXD1"
9.29794883762032e-09,0.309656191694798,0.379,0.268,0.000213973696600156,"2","PAWR"
9.38674689379214e-09,0.345999071937837,0.27,0.18,0.000216017206266839,"2","HRSP12"
9.88386486774319e-09,0.316409840428301,0.37,0.266,0.000227457382201374,"2","RAB22A"
1.02173973915245e-08,0.315355062800712,0.676,0.557,0.000235132966171154,"2","VMP1"
1.06372748477437e-08,0.255628621255638,0.609,0.481,0.000244795606071125,"2","MRPL27"
1.14307772068872e-08,0.482696314109432,0.422,0.322,0.000263056475862094,"2","TCF19"
1.41381949894066e-08,0.252747448096158,0.685,0.572,0.000325362281291214,"2","PCNP"
1.50333503799293e-08,0.284036557100092,0.366,0.262,0.000345962492293314,"2","PDRG1"
1.52614917509875e-08,0.265553073545289,0.799,0.828,0.000351212709665474,"2","RAN"
1.59113335307863e-08,0.414655312883626,0.253,0.166,0.000366167518543986,"2","MYC"
1.62184505938923e-08,0.255617014657652,0.258,0.168,0.000373235203517243,"2","DNAJC30"
1.65726183632158e-08,0.488372188857051,0.372,0.276,0.000381385666392684,"2","DTL"
1.70197597263171e-08,0.295902759231147,0.606,0.47,0.000391675730581737,"2","POLR3K"
1.82467722612206e-08,0.267805008247786,0.367,0.265,0.000419912970047469,"2","CRBN"
1.92933733772457e-08,0.42987092102905,0.364,0.261,0.000443998401530556,"2","GTF3C3"
1.98190513110588e-08,0.273268774143065,0.305,0.21,0.000456095827821396,"2","MKNK1"
2.02693091198831e-08,0.261250776526575,0.284,0.191,0.000466457610775871,"2","FAM50A"
2.09743433380514e-08,0.294298444960653,0.313,0.216,0.000482682563238577,"2","SLC25A40"
2.38016349004588e-08,0.28102092646205,0.701,0.601,0.000547747023964259,"2","HMGN3"
2.56424923182558e-08,0.256858739159626,0.376,0.27,0.00059011067572002,"2","TST"
2.56472613545501e-08,0.347901818803083,0.282,0.188,0.000590220425552261,"2","ARMC6"
2.57128918925387e-08,0.256814181318186,0.295,0.198,0.000591730781122994,"2","INPPL1"
2.57543983319151e-08,0.454500003023975,0.287,0.195,0.000592685968812362,"2","AFMID"
2.93895830912058e-08,0.300257973817575,0.459,0.344,0.000676342475677919,"2","COMTD1"
3.14522407346807e-08,0.437583390383149,0.333,0.23,0.000723810416027207,"2","NUMA1"
3.33623879087392e-08,0.259519938535993,0.391,0.284,0.000767768632943815,"2","C16orf80"
3.82660171482725e-08,0.253848635041998,0.309,0.215,0.000880615852633196,"2","ISCA2"
4.10976279799355e-08,0.343730251738672,0.278,0.185,0.000945779712702256,"2","HSF1"
4.22047409046257e-08,0.277480293711599,0.349,0.245,0.00097125770243815,"2","MAP3K8"
4.45258070152443e-08,0.60488326709169,0.296,0.208,0.00102467239684182,"2","NQO1"
4.61075481236809e-08,0.367773841009931,0.252,0.163,0.00106107300497027,"2","SPSB3"
4.70222146861048e-08,0.32241636477086,0.354,0.253,0.00108212222657133,"2","CC2D1B"
4.76562619152596e-08,0.308483673574439,0.415,0.31,0.00109671355545587,"2","ATXN7L3"
5.304918292533e-08,0.284019061830637,0.261,0.175,0.00122082084666062,"2","POLR3F"
5.47447076317672e-08,0.44690081096233,0.252,0.167,0.00125983995672986,"2","RNU2-59P"
5.56839233035037e-08,0.359633054449406,0.384,0.286,0.00128145412698353,"2","DCK"
5.62080873245258e-08,0.326036659378466,0.566,0.462,0.00129351671359931,"2","CHEK1"
6.31924769240009e-08,0.384082856106553,0.317,0.223,0.00145424847145203,"2","NABP1"
6.40508818190023e-08,0.339634486115394,0.431,0.332,0.0014740029433007,"2","RAD51"
6.4221931291296e-08,0.418816495121016,0.287,0.195,0.00147793930480659,"2","TELO2"
6.6399828572281e-08,0.280765289207288,0.315,0.222,0.0015280592549339,"2","SDHAF2"
6.66673111931445e-08,0.304962741917638,0.374,0.265,0.00153421483248784,"2","METTL3"
6.71949497999492e-08,0.543814472490824,0.275,0.191,0.00154635737974623,"2","RNF8"
6.75585723308886e-08,0.393234839915509,0.263,0.177,0.00155472542505074,"2","WDR77"
7.83688600895484e-08,0.306108391034719,0.355,0.253,0.00180350257724078,"2","MZT2A"
8.08876311555575e-08,0.290405679821341,0.491,0.395,0.00186146705578284,"2","CDCA4"
8.36068872089219e-08,0.324358999028138,0.278,0.191,0.00192404529533892,"2","PRR14L"
8.48674326723786e-08,0.384510092125639,0.274,0.185,0.00195305422808945,"2","TXNL4B"
9.17456541537449e-08,0.342814764768345,0.316,0.225,0.00211134273904013,"2","THOC3"
9.50778015191279e-08,0.324623075521232,0.439,0.332,0.00218802544635969,"2","SEH1L"
9.81730351392053e-08,0.465529154313121,0.269,0.186,0.00225925605765853,"2","MALT1"
1.13519362758061e-07,0.305570108529407,0.43,0.323,0.00261242109515127,"2","PDCD11"
1.14918616376627e-07,0.322672295956135,0.404,0.307,0.00264462211867532,"2","STARD4"
1.28272598173832e-07,0.261952375183147,0.346,0.252,0.0029519373017744,"2","NUP133"
1.59347142245057e-07,0.256569357517386,0.358,0.256,0.00366705578448549,"2","TTF1"
1.66312474216616e-07,0.323542817969511,0.452,0.356,0.00382734896914698,"2","BRCA1"
1.72203688377137e-07,0.379276025897113,0.269,0.184,0.00396292348062306,"2","RPL39L"
1.83284788235571e-07,0.254101015137603,0.457,0.348,0.00421793283166519,"2","TBRG4"
2.11445846661747e-07,0.290319412672714,0.471,0.36,0.00486600326922679,"2","MTF2"
2.51951321646953e-07,0.26633345388925,0.318,0.23,0.00579815576506132,"2","TMEM194A"
2.53109801927333e-07,0.287217481107768,0.28,0.197,0.00582481587175371,"2","RPL37P23"
2.62021387131711e-07,0.263542386646507,0.71,0.626,0.00602989818206206,"2","ADAM19"
2.75035248830583e-07,0.258770486167923,0.267,0.184,0.0063293861813382,"2","PCGF6"
2.80664024538032e-07,0.456097430292727,0.27,0.186,0.00645892119669373,"2","VAPB"
2.81677156351889e-07,0.382134001317373,0.354,0.258,0.00648223639912602,"2","MYO1F"
3.14556135439294e-07,0.438563789160803,0.267,0.189,0.00723888034486447,"2","NSMAF"
3.62495072940071e-07,0.312853764727828,0.398,0.302,0.00834209911356986,"2","PPIL3"
3.83474138425079e-07,0.331760987620792,0.315,0.225,0.00882489034757635,"2","ZNF195"
4.19656434039018e-07,0.481911344029232,0.318,0.231,0.00965755351653991,"2","DAK"
4.39116957004676e-07,0.309793572376215,0.271,0.187,0.0101053985315486,"2","RNF20"
4.87911885010544e-07,0.288836906191683,0.422,0.328,0.0112283162097477,"2","MCM8"
5.13159741505353e-07,0.290712829598888,0.309,0.219,0.0118093451312627,"2","ZNRD1"
5.23787237937186e-07,0.345194987509619,0.33,0.24,0.0120539157066485,"2","MAPK8"
5.76276066988448e-07,0.25264438430826,0.3,0.213,0.0132618411296052,"2","SETD5-AS1"
5.77347710379944e-07,0.280928243267874,0.294,0.206,0.0132865028589736,"2","DUSP11"
5.87649163940145e-07,0.375538923512281,0.262,0.181,0.0135235702097545,"2","POLR1C"
6.2165952009975e-07,0.437448232969587,0.254,0.177,0.0143062505360555,"2","CEP44"
6.53684652601794e-07,0.805099383344951,0.332,0.247,0.0150432449103251,"2","SOX4"
7.35347447295716e-07,0.301314136669018,0.384,0.284,0.0169225508046163,"2","MICU2"
8.05555922182502e-07,0.274774555129447,0.283,0.203,0.0185382584371859,"2","C12orf5"
8.06069636244459e-07,0.282292071663269,0.436,0.336,0.0185500805388937,"2","UTP18"
8.19219132772559e-07,0.259376751674708,0.299,0.214,0.0188526899024949,"2","ANAPC4"
8.8999071661772e-07,0.318404790485361,0.256,0.175,0.0204813563615236,"2","FAM200B"
8.92237807196668e-07,0.273865100849213,0.333,0.241,0.0205330686570169,"2","USP24"
9.27458860875545e-07,0.377584156303371,0.332,0.238,0.0213436107653289,"2","TBC1D10C"
9.81454203645831e-07,0.316087109950343,0.252,0.175,0.0225862055885015,"2","WDYHV1"
1.02250172236516e-06,0.25502859965402,0.296,0.212,0.0235308321367894,"2","WDR70"
1.21075468422035e-06,0.429736325598941,0.322,0.234,0.0278630975479629,"2","ZNF271"
1.33126423008638e-06,0.270170022375187,0.33,0.241,0.0306363837269778,"2","AP2A2"
1.5165932657376e-06,0.598658709950188,0.295,0.221,0.0349013608244193,"2","EXO1"
1.65561010731992e-06,0.276422361703088,0.303,0.22,0.0381005553997532,"2","NAF1"
1.71267532211691e-06,0.276687994723546,0.706,0.626,0.0394137971878765,"2","CKS2"
1.72993656262482e-06,0.404173580547396,0.372,0.273,0.039811030115685,"2","TNK2"
1.78254322935826e-06,0.323119465451769,0.315,0.227,0.0410216673372215,"2","KIAA1731"
2.08896464302922e-06,0.318325993587154,0.341,0.255,0.0480733433300315,"2","MRPS28"
2.52872884261363e-06,0.590946786798463,0.262,0.191,0.0581936368550674,"2","CCNB1IP1"
2.67540740702962e-06,0.277875379929983,0.32,0.234,0.0615691506579727,"2","GTF3C4"
2.76801031150245e-06,0.652413990732778,0.999,0.969,0.0637002212986059,"2","hsa-mir-6723"
2.99020282511857e-06,0.436560742370485,0.3,0.214,0.0688135376144536,"2","TOPORS"
3.6516057724143e-06,0.304393751331741,0.318,0.235,0.0840344036405703,"2","MUS81"
3.89993236263271e-06,0.386574049622124,0.301,0.221,0.0897491434612665,"2","ACD"
3.95117700553116e-06,0.301944239676673,0.436,0.341,0.0909284364282885,"2","ARID5B"
4.25270829808182e-06,0.290257236738636,0.288,0.21,0.0978675760637569,"2","ATP5SL"
4.42319816045256e-06,0.345723155703367,0.421,0.323,0.101791059266495,"2","RNA5-8SP6"
4.43964263961479e-06,0.31578136296306,0.263,0.19,0.102169496065455,"2","GINS3"
5.37896821099557e-06,0.346530528386497,0.309,0.228,0.123786195439641,"2","STARD3"
5.39786753615955e-06,0.255262874091561,0.405,0.314,0.12422112560964,"2","CTNNBL1"
5.80887135084709e-06,0.265956096755878,0.308,0.229,0.133679556397044,"2","ADCY3"
6.45491132768336e-06,0.297509513024635,0.312,0.234,0.148546874383977,"2","CASP8AP2"
6.62233970755162e-06,0.2726619337359,0.309,0.23,0.152399903689886,"2","ARMC8"
1.16296863764937e-05,0.353273106367183,0.414,0.329,0.267633972582249,"2","PRKD3"
1.24651101194105e-05,0.3194938671506,0.796,0.77,0.286859579177993,"2","TUBB"
1.27188404976319e-05,0.297524791352053,0.334,0.252,0.292698676372004,"2","NUDT15"
1.30922369758747e-05,0.268623913753045,0.338,0.259,0.301291649525804,"2","SCARB1"
1.45354687424565e-05,0.313945800801483,0.359,0.284,0.334504742170151,"2","PLK4"
1.72620793472542e-05,0.290888416442917,0.258,0.188,0.39725223201836,"2","ANKRD26"
1.89736267517071e-05,0.259862654644361,0.337,0.254,0.436640072437035,"2","MMS19"
2.60470751029139e-05,0.416810266588575,0.446,0.352,0.599421339343359,"2","MT-TN"
3.21704756972524e-05,0.283283070573321,0.283,0.207,0.740339157220871,"2","ZDHHC7"
3.27476045652086e-05,0.332739008214613,0.3,0.227,0.753620623859145,"2","C15orf40"
3.40412132099774e-05,0.477421290687106,0.25,0.188,0.78339043960121,"2","SYTL3"
3.64275516601312e-05,0.292877481965923,0.256,0.189,0.838307246354599,"2","MYSM1"
5.05315247703137e-05,0.467681839106017,0.279,0.207,1,"2","NXF1"
5.41472581604158e-05,0.252255027536837,0.309,0.243,1,"2","MASTL"
5.99394407054865e-05,0.319644634430078,0.282,0.213,1,"2","TGFBRAP1"
6.10579622143329e-05,0.251368649773287,0.38,0.3,1,"2","ATF6B"
0.00018773456506662,0.494913111133528,0.383,0.316,1,"2","TESC"
0.000194675042839648,0.260119964266983,0.993,0.971,1,"2","MTND1P23"
0.0002193465247874,0.459118157934208,0.269,0.202,1,"2","ANKRD36C"
0.000242728775978983,0.282139541545054,0.374,0.312,1,"2","MELK"
0.000270583608472795,0.340914495428607,0.794,0.766,1,"2","HMGB2"
0.000365082266275431,0.39135994215772,0.278,0.218,1,"2","AGTPBP1"
0.000627804054105622,0.451844182390233,0.277,0.218,1,"2","SIPA1"
0.000710971115305813,0.275512183131277,0.336,0.269,1,"2","SCLT1"
0.00374168636486554,0.301747782415778,0.26,0.212,1,"2","RANBP3"
0.00422934276690236,0.32649943198366,0.993,0.913,1,"2","RP5-857K21.7"
0.00552228730059416,0.260299588878578,0.634,0.561,1,"2","UPF2"
0.00712020749867814,0.272637854837104,0.278,0.227,1,"2","PHKG2"
0,4.40826553815064,0.952,0.269,0,"3","IGHG2"
0,4.79216414849265,0.97,0.445,0,"3","IGHG1"
5.48378886844599e-286,5.38187275267223,0.694,0.132,1.26198433229547e-281,"3","IGHG4"
2.2490515249809e-284,2.34659265608361,0.965,0.429,5.17574227443855e-280,"3","IGHG3"
1.45218472620699e-237,4.72813307527369,0.864,0.43,3.34191271042014e-233,"3","IGHGP"
1.76861150533914e-99,1.07182561849989,0.968,0.84,4.07010565723695e-95,"3","MZB1"
3.65129247777965e-98,0.876941768970081,0.995,0.919,8.40271937911431e-94,"3","IGJ"
6.50304895062443e-94,1.75550102133894,0.879,0.779,1.4965466550072e-89,"3","XBP1"
2.38406197932119e-79,1.2149084752568,0.882,0.651,5.48644183301186e-75,"3","DERL3"
1.08282551316614e-67,1.14651917993124,0.962,0.954,2.49190635344925e-63,"3","CD79A"
5.95533893294742e-63,1.37568748454036,0.799,0.695,1.37050214863919e-58,"3","SEL1L3"
1.87736233441346e-57,1.94112439517301,0.477,0.214,4.32037394018569e-53,"3","CECR1"
6.16332482311168e-57,1.97917816563711,0.522,0.268,1.41836594154269e-52,"3","RP11-16E12.2"
8.76756999705341e-57,1.1091937436202,0.864,0.825,2.0176808834219e-52,"3","SSR4"
5.08742137662803e-54,1.55689665456626,0.617,0.368,1.17076828140341e-49,"3","TP53INP1"
6.77706409957014e-48,0.928894775862476,0.987,0.985,1.55960576123408e-43,"3","MALAT1"
2.06902705434728e-46,1.30826318019641,0.573,0.312,4.7614519601694e-42,"3","FCRL5"
2.23931404042446e-43,1.1955129457553,0.742,0.618,5.15333340122882e-39,"3","FAM46C"
2.77847060920156e-43,0.427881139054607,1,0.999,6.39409441295555e-39,"3","MT-CO1"
5.81013994994641e-43,0.370631720730332,1,0.999,1.33708750668117e-38,"3","MT-CYB"
6.34692639236479e-43,1.26347831719522,0.885,0.863,1.46061817067491e-38,"3","SNORD3A"
6.20718323840966e-41,1.22882571453266,0.667,0.482,1.42845907865522e-36,"3","CPNE5"
1.6286530670255e-40,0.440442936477019,1,0.999,3.74801930314579e-36,"3","MT-ND5"
3.35063740149093e-40,0.527353597902184,0.963,0.977,7.71082185205109e-36,"3","GNAS"
2.18675408249069e-39,1.29212361281726,0.558,0.332,5.03237717003581e-35,"3","ZBP1"
2.31696629619452e-36,0.304848644449663,1,1,5.33203453743245e-32,"3","MT-CO2"
3.87179358019759e-35,0.454773357770289,1,1,8.91015856610871e-31,"3","MT-RNR2"
1.22883084589116e-34,1.51108198085923,0.408,0.208,2.82790842564933e-30,"3","ANKRD36BP2"
1.53169362576393e-34,0.289546892597795,1,0.999,3.52488654097052e-30,"3","MT-CO3"
3.35047458342423e-34,1.48623727808032,0.335,0.146,7.71044715883419e-30,"3","CD38"
4.36717841056629e-32,0.352285568339163,1,0.999,1.00501876762362e-27,"3","MT-ND4"
3.66385196886227e-31,0.292255593184832,1,0.999,8.43162253594275e-27,"3","MT-ATP6"
1.13376508898938e-30,0.841343707328023,0.82,0.808,2.60913359929125e-26,"3","PDIA4"
1.73121969778216e-30,0.314817453075711,1,0.999,3.98405589050608e-26,"3","MT-ND1"
3.31903120327081e-29,0.957723190449859,0.748,0.716,7.63808650808711e-25,"3","TXNDC11"
1.57326134925373e-28,1.1459260874178,0.699,0.621,3.62054634303761e-24,"3","CD27"
5.19400834895692e-28,0.679799552921227,0.936,0.941,1.19529714134546e-23,"3","PIM2"
7.01026045928323e-28,0.442577616626673,0.997,0.996,1.61327123949485e-23,"3","MT-ATP8"
1.14712386845042e-27,0.305502997443299,1,0.999,2.63987615846496e-23,"3","MT-ND2"
2.29674344521992e-27,1.68622224193893,0.365,0.199,5.2854956904846e-23,"3","RASSF6"
5.64360741585793e-26,0.538347449524561,0.93,0.948,1.29876337461139e-21,"3","SERF2"
1.56932775961103e-25,1.10169798562571,0.644,0.55,3.61149397319287e-21,"3","CKAP4"
7.00030541335099e-25,0.704479742365087,0.829,0.879,1.61098028477446e-20,"3","SSR3"
1.45351851233084e-24,0.800813965472074,0.801,0.848,3.34498215242697e-20,"3","RPN2"
7.16969380673893e-24,0.289960688468037,0.997,0.998,1.64996163574483e-19,"3","MT-ND4L"
1.22035755274917e-23,1.19587792121327,0.582,0.466,2.80840883614165e-19,"3","ISG20"
1.20272853219161e-22,0.646372760466119,0.825,0.862,2.76783917113255e-18,"3","PPIB"
1.4481573802622e-22,0.905989090385086,0.73,0.746,3.3326445791974e-18,"3","C19orf10"
1.73497348152506e-22,0.605192892031131,0.85,0.893,3.99269447303362e-18,"3","TMEM258"
5.14671460915984e-22,0.543263744898412,0.858,0.873,1.18441343300595e-17,"3","ABCG1"
2.12897938728548e-21,1.28504790009812,0.36,0.209,4.89942026396008e-17,"3","NUGGC"
5.92869602160483e-20,0.253388526122072,1,0.999,1.36437081545192e-15,"3","MT-ND3"
1.2345854625959e-19,0.430467147679639,0.904,0.922,2.84115152507195e-15,"3","TMBIM6"
3.21090243831466e-18,0.574303827554712,0.805,0.84,7.38924978129353e-14,"3","UBE2J1"
7.23802874014032e-17,1.25890176242087,0.604,0.583,1.66568755396849e-12,"3","ITM2C"
1.69276437397113e-16,0.547443589106576,0.863,0.902,3.89555865381976e-12,"3","POU2AF1"
1.79455763056289e-16,0.4668734997979,0.971,0.975,4.12981547521438e-12,"3","MTND1P23"
3.17912978188302e-16,0.947285338479397,0.59,0.511,7.31613136704738e-12,"3","YPEL3"
1.29064490549723e-15,0.64729592677056,0.96,0.976,2.97016112102079e-11,"3","hsa-mir-6723"
1.60017171163341e-15,0.278949130253205,0.193,0.408,3.68247515998196e-11,"3","YIPF4"
2.52389889610328e-15,0.260675179540093,0.15,0.335,5.80824852960247e-11,"3","SAMD4B"
5.10780750934248e-15,0.346387117128867,0.104,0.268,1.17545974212498e-10,"3","MYO19"
5.91999107146642e-15,1.32949105897018,0.442,0.341,1.36236754527657e-10,"3","METTL7A"
6.44287201480727e-15,0.25539304572525,0.126,0.298,1.4826981367676e-10,"3","COQ4"
6.92851105667411e-15,0.276669389898041,0.131,0.305,1.59445824947241e-10,"3","FANCG"
1.02307579989799e-14,0.834222122980607,0.7,0.695,2.35440433830525e-10,"3","FKBP2"
4.38359774750455e-14,0.373436304777116,0.112,0.268,1.00879734963322e-09,"3","NR1H2"
6.29769602784941e-14,0.253551176674124,0.191,0.396,1.44928878688899e-09,"3","NACAP1"
6.61927334220614e-14,0.316773268925305,0.134,0.304,1.5232933742419e-09,"3","ESCO1"
7.14676156422658e-14,0.282310307694934,0.113,0.273,1.64468423877546e-09,"3","RPS21P4"
8.29190438027807e-14,0.263715460184626,0.217,0.424,1.90821595503339e-09,"3","DUS1L"
8.30843958731571e-14,1.35482824932152,0.327,0.217,1.91202120222896e-09,"3","C10orf54"
1.28503024710886e-13,0.919925426977917,0.541,0.471,2.95724010767162e-09,"3","GLCCI1"
1.4324067054166e-13,0.274370599409804,0.273,0.501,3.29639755117523e-09,"3","SPOP"
1.91311291036732e-13,0.393329659722229,0.107,0.26,4.4026467406283e-09,"3","ZNF622"
2.72424479845647e-13,0.376675521361193,0.129,0.294,6.26930455468787e-09,"3","RPL26P37"
2.87290034711651e-13,0.433569960561636,0.179,0.363,6.61140556881922e-09,"3","ARHGAP9"
7.98096653209773e-13,0.483477908184909,0.238,0.447,1.83665982803165e-08,"3","CDK11B"
8.03225482559011e-13,0.289637541618569,0.171,0.349,1.84846280301305e-08,"3","FRA10AC1"
8.97619116757396e-13,0.790054896475405,0.705,0.78,2.0656908733938e-08,"3","PSAP"
9.03344741667865e-13,0.286382809486372,0.298,0.531,2.07886725400026e-08,"3","EEF1DP1"
1.05189322698596e-12,0.305987109077008,0.199,0.378,2.4207218832628e-08,"3","CCDC88C"
1.16872318758214e-12,0.714494755182727,0.748,0.798,2.68958267158279e-08,"3","HERPUD1"
1.40741993306332e-12,1.06231886727942,0.542,0.505,3.23889549195862e-08,"3","SPATS2"
1.41456596467511e-12,1.26792206094309,0.49,0.437,3.25534065450683e-08,"3","SLC44A1"
2.28187850631208e-12,0.938410461387488,0.565,0.494,5.25128700657599e-08,"3","TNFRSF17"
2.30617977418859e-12,0.252096991031321,0.145,0.304,5.3072115143402e-08,"3","CCDC82"
3.20013496996963e-12,0.612140429233565,0.764,0.83,7.36447060639111e-08,"3","HDLBP"
3.64405953967552e-12,0.398933547157525,0.219,0.412,8.38607421865527e-08,"3","RABL6"
5.57593819322898e-12,0.375208709515287,0.22,0.418,1.28319065640779e-07,"3","ORMDL1"
6.38186742961293e-12,0.574087535042507,0.759,0.843,1.46865915157682e-07,"3","SPCS3"
8.03019359870432e-12,0.369589583228329,0.212,0.398,1.84798845286982e-07,"3","KIAA1033"
9.85934839839e-12,1.16416149491577,0.475,0.412,2.26893184692149e-07,"3","FKBP11"
1.02713406885926e-11,0.293995386016451,0.164,0.327,2.36374363266581e-07,"3","PCF11"
1.10687745354649e-11,0.265236935364444,0.268,0.476,2.54725708384653e-07,"3","UBR5"
1.17121742989769e-11,0.29275716050352,0.217,0.401,2.69532267142355e-07,"3","ATG13"
1.60047744837802e-11,0.424942837768461,0.164,0.33,3.68317875195233e-07,"3","TLK2"
2.06573882310172e-11,1.30377037591546,0.41,0.336,4.75388475360399e-07,"3","NUCB2"
2.18607263969591e-11,0.48522672129355,0.909,0.928,5.0308089657322e-07,"3","RP5-857K21.7"
2.26629231058575e-11,0.602549188901064,0.753,0.819,5.21541849435099e-07,"3","TRAM1"
2.39205409611476e-11,0.283200975092862,0.153,0.306,5.50483409138889e-07,"3","SYMPK"
2.61658453776202e-11,0.367497237225632,0.123,0.265,6.02154599675173e-07,"3","FAM101B"
3.03344949272393e-11,0.410771650532231,0.163,0.323,6.98087731760559e-07,"3","TAOK1"
3.95338235305683e-11,0.670397514772022,0.678,0.673,9.09791880908968e-07,"3","RRBP1"
4.18049449225597e-11,0.294740236391381,0.238,0.427,9.62057197502866e-07,"3","HPS1"
4.30475939628137e-11,1.31095070870533,0.389,0.306,9.90654279866231e-07,"3","BHLHE41"
4.86311098107954e-11,0.400008220080072,0.129,0.273,1.11914773007583e-06,"3","JMJD8"
4.90117149717998e-11,0.25267036886593,0.159,0.317,1.12790659664603e-06,"3","RPS19P1"
5.62807226361933e-11,0.267763222771523,0.343,0.574,1.29518827002672e-06,"3","SREK1"
5.95503885646281e-11,0.313612395454262,0.169,0.329,1.37043309203779e-06,"3","ALDH3A2"
6.13573922561712e-11,0.264816659139508,0.241,0.434,1.41201766799127e-06,"3","NUP210"
6.99387694638871e-11,0.383663503988113,0.193,0.365,1.60950090167243e-06,"3","COMMD4"
7.78937361581748e-11,0.445530641282828,0.166,0.324,1.79256855020808e-06,"3","CWF19L2"
8.65925766372844e-11,0.290731558749313,0.145,0.295,1.99275496615383e-06,"3","CSNK1G2"
9.65247255702218e-11,0.622677563682926,0.78,0.844,2.22132350954751e-06,"3","PRDX5"
1.09852661115162e-10,1.44017447992442,0.266,0.177,2.52803929024323e-06,"3","RP11-1070N10.3"
1.20915439204938e-10,0.304003510671876,0.321,0.542,2.78262700242324e-06,"3","GOLPH3"
1.21259273004208e-10,0.280295128591147,0.242,0.43,2.79053964964584e-06,"3","NCOR2"
1.49341955545736e-10,0.46210894284208,0.804,0.853,3.43680642297403e-06,"3","P4HB"
1.59257333975526e-10,0.499958388171864,0.131,0.274,3.66498902677877e-06,"3","RP11-445N18.3"
2.44444042810526e-10,0.367643559073392,0.199,0.374,5.62539075719864e-06,"3","ZNRF1"
2.67290698839594e-10,0.531842998213377,0.74,0.832,6.15116085239557e-06,"3","TMED9"
3.20514373310122e-10,0.626899140795256,0.751,0.832,7.37599727298583e-06,"3","COPE"
3.51523937154148e-10,0.274355274914349,0.223,0.397,8.08962036572841e-06,"3","SEC16A"
3.9441211289026e-10,0.368406474967565,0.188,0.348,9.07660595394354e-06,"3","TBRG1"
4.16082029488329e-10,0.256902703073685,0.147,0.285,9.57529574461492e-06,"3","YIPF6"
4.26500435448441e-10,0.37110358159916,0.158,0.31,9.81505452097498e-06,"3","UBE2J2"
4.37763885288807e-10,0.820857856798376,0.742,0.804,1.00742602921513e-05,"3","NEAT1"
4.75390798220945e-10,0.258647261520245,0.183,0.337,1.09401684394586e-05,"3","ANKIB1"
5.23671214858009e-10,0.390808515788979,0.147,0.288,1.20512456675274e-05,"3","MRPL55"
5.6967647147917e-10,0.497982577756845,0.745,0.73,1.31099646381501e-05,"3","SDF2L1"
5.88478991886306e-10,0.421176460720833,0.129,0.261,1.35426670402796e-05,"3","HERC1"
7.31773834850273e-10,0.257757130826397,0.242,0.414,1.68403112614093e-05,"3","BLOC1S1"
8.31745689325098e-10,1.18352102117732,0.443,0.386,1.91409635484385e-05,"3","CEP128"
9.93793952583549e-10,0.257563309195585,0.185,0.335,2.28701802308052e-05,"3","COMMD1"
1.25224203616984e-09,0.390586745520138,0.233,0.399,2.88178459783764e-05,"3","ATP11B"
1.34918294900804e-09,0.515468820046596,0.139,0.278,3.10487472055219e-05,"3","RP11-572P18.1"
1.41063242397783e-09,0.675516536608122,0.686,0.728,3.24628839730018e-05,"3","SEMA4A"
1.52078127332183e-09,0.321551665558086,0.159,0.31,3.49977394429552e-05,"3","NDUFAF6"
1.61609270367766e-09,0.290574584180212,0.274,0.466,3.71911413897341e-05,"3","WDR26"
1.67581298294849e-09,0.416977705769596,0.144,0.282,3.85654841765937e-05,"3","PMM2"
1.72933580649163e-09,0.373904587141597,0.159,0.303,3.9797204914792e-05,"3","BET1"
1.84307008459561e-09,0.283639801347261,0.327,0.541,4.24145718567989e-05,"3","CASP4"
1.90221561095495e-09,0.554437343891578,0.196,0.361,4.37756878549063e-05,"3","RP11-448G4.2"
2.02967990898138e-09,1.37933996973206,0.27,0.184,4.67090237453886e-05,"3","CYTH4"
2.11366646587233e-09,0.780741498070079,0.651,0.736,4.86418063791199e-05,"3","EDEM1"
2.13635856155657e-09,0.257104977532147,0.152,0.289,4.91640195771013e-05,"3","TM9SF4"
2.14216993778007e-09,0.274483775387933,0.171,0.315,4.92977567781328e-05,"3","IGF2R"
2.41546470119097e-09,0.317164243078573,0.199,0.363,5.55870891685077e-05,"3","RPL21P28"
2.48778943833806e-09,0.394938207698936,0.203,0.36,5.72514983444738e-05,"3","GAK"
2.61806364837771e-09,0.260974493283101,0.144,0.278,6.02494987401162e-05,"3","FAM126B"
2.7196239278424e-09,0.320028365259489,0.167,0.311,6.25867054514371e-05,"3","AMFR"
3.20782854715001e-09,0.315924515583199,0.198,0.353,7.38217583555632e-05,"3","TOLLIP"
3.24804174874111e-09,0.280287089831574,0.148,0.283,7.47471847637792e-05,"3","CES2"
3.44920120715019e-09,0.6594535335742,0.662,0.703,7.93764673801473e-05,"3","CD63"
3.48433075556962e-09,0.752282149689564,0.638,0.687,8.01849036779237e-05,"3","HM13"
3.6316008532499e-09,0.266457605530974,0.314,0.516,8.357403043584e-05,"3","NFATC2IP"
3.74977970576832e-09,0.251264241029192,0.364,0.575,8.62936803688464e-05,"3","USP22"
3.85849647610054e-09,0.582505182801463,0.132,0.262,8.87955794045016e-05,"3","SURF1"
4.23113381077883e-09,0.501564808041468,0.175,0.326,9.73710823874531e-05,"3","MPST"
4.25824713614328e-09,0.397512473157307,0.177,0.325,9.79950413440653e-05,"3","SHARPIN"
4.32942486641345e-09,0.325310012036148,0.247,0.422,9.96330544507727e-05,"3","TMX4"
4.39523074341024e-09,1.00661127073705,0.531,0.525,0.0001011474450981,"3","MAN1A2"
4.41064443936121e-09,0.33044172473116,0.211,0.371,0.000101502160483019,"3","TRIM38"
4.60285134949073e-09,1.31682998558071,0.317,0.24,0.00010592541810583,"3","IGF1"
4.76136688217958e-09,0.391555514724923,0.217,0.388,0.000109573336059599,"3","ARHGEF1"
5.10073796327967e-09,0.296619171537441,0.136,0.263,0.000117383282748955,"3","VPS53"
5.11092897421435e-09,0.385607319344925,0.254,0.434,0.000117617808483595,"3","ANKRD13A"
5.18517346822043e-09,0.389654898246148,0.152,0.287,0.000119326397024157,"3","STRN4"
5.8495508395355e-09,0.437921633222284,0.179,0.321,0.000134615713470231,"3","PPP1R10"
6.29493372023678e-09,0.349831361819064,0.217,0.381,0.000144865309703809,"3","TCEAL8"
6.35026202507914e-09,1.03779096327865,0.518,0.488,0.000146138579983146,"3","TXNIP"
6.39941697317711e-09,0.343876697250061,0.207,0.367,0.000147269782803725,"3","MYO9B"
6.56626075572163e-09,1.1778684864439,0.381,0.309,0.000151109358771422,"3","CASP10"
6.65350740565346e-09,0.257892064538353,0.273,0.453,0.000153117165926303,"3","KDM5A"
6.71720570767059e-09,0.381850739567688,0.142,0.27,0.000154583054950623,"3","OR7E38P"
7.43329863908067e-09,0.425761665424389,0.167,0.314,0.000171062501581164,"3","ATP5L2"
7.76278491907293e-09,0.392050172063468,0.249,0.432,0.000178644969342625,"3","NELFE"
9.27751441016791e-09,0.631461553529076,0.204,0.36,0.000213503439121194,"3","KIF22"
9.57879227434779e-09,0.455254314557305,0.309,0.509,0.000220436746609566,"3","TYK2"
9.69309065186119e-09,0.304492617226118,0.292,0.477,0.000223067095171282,"3","PPP1R2"
1.01428971026893e-08,0.314297808780023,0.203,0.354,0.000233418491024189,"3","KNTC1"
1.02112597741894e-08,0.497579010619644,0.716,0.725,0.00023499172118342,"3","PRDM1"
1.02252280348478e-08,0.350361119638876,0.129,0.252,0.000235313172765952,"3","DDX11"
1.20485690175289e-08,0.811528187589474,0.587,0.602,0.000277273718800393,"3","SLAMF7"
1.32086991003815e-08,0.269417073410976,0.327,0.517,0.00030397179239708,"3","LPIN1"
1.49396455508503e-08,0.327145505999224,0.14,0.267,0.000343806063061718,"3","C1GALT1C1"
1.49714785083509e-08,0.31056664533773,0.236,0.399,0.000344538634912678,"3","CASC4"
1.50697528438536e-08,0.319579435718544,0.152,0.283,0.000346800222195602,"3","PAXBP1"
1.51912729575798e-08,0.39919871623053,0.166,0.3,0.000349596764572783,"3","CCDC18"
1.65441447577296e-08,0.330437359004171,0.279,0.465,0.000380730403309632,"3","WDR6"
1.83140375897942e-08,0.33080245121968,0.209,0.362,0.000421460947053933,"3","GYPC"
1.883160960727e-08,0.325498600041894,0.273,0.444,0.000433371831892104,"3","JAK3"
2.17138731586771e-08,0.285045585343252,0.279,0.461,0.000499701363000636,"3","GCC2"
2.50700812476896e-08,0.43635561280378,0.81,0.889,0.00057693777975308,"3","SEC11C"
2.69104737516863e-08,0.286922408320474,0.145,0.274,0.000619290732447557,"3","VPS13A"
2.76430722377685e-08,0.423406623932545,0.18,0.321,0.000636150021407767,"3","FAM105B"
2.91155581616222e-08,0.396023954417669,0.233,0.394,0.000670036339973412,"3","REST"
3.36860319568934e-08,0.350926225354143,0.152,0.276,0.000775216653423988,"3","BSDC1"
3.37923831901103e-08,0.474389597000866,0.241,0.406,0.000777664114354009,"3","NDUFV3"
3.39736325243351e-08,1.20554591075533,0.416,0.369,0.000781835205282524,"3","NXPE3"
3.43151931226476e-08,0.312230748343583,0.179,0.314,0.00078969553933149,"3","GS1-251I9.4"
3.50841947702077e-08,0.351969139657662,0.167,0.296,0.000807392574246791,"3","GSTM4"
3.56660049652499e-08,0.288995989673909,0.139,0.259,0.000820781772265296,"3","PHKB"
3.64286888912604e-08,0.361530268265053,0.15,0.278,0.000838333417454576,"3","MAP3K8"
3.66808344000806e-08,0.909079044608817,0.552,0.559,0.000844136042049055,"3","EVI2B"
3.83235967735435e-08,0.400479390055727,0.209,0.36,0.000881940932549556,"3","SUPT6H"
4.41849894399978e-08,0.5462091849079,0.19,0.332,0.00101682916198267,"3","RBM33"
4.45357749918507e-08,1.14848774322858,0.399,0.337,0.00102490178988746,"3","KCNN3"
4.54124316539944e-08,0.50657357528571,0.136,0.257,0.00104507628965337,"3","OSER1"
4.5452093525235e-08,0.430814817732456,0.209,0.358,0.00104598902829623,"3","HEXIM1"
4.70844618924494e-08,0.270541088547183,0.34,0.53,0.00108355472153094,"3","USP8"
4.90092244094806e-08,0.294646475291682,0.177,0.314,0.00112784928133538,"3","VPS28"
4.95121026864652e-08,0.336524123599124,0.188,0.332,0.00113942201912362,"3","LONP2"
5.37220571768662e-08,0.449291113967907,0.753,0.832,0.00123630570181122,"3","RPN1"
5.37612317259829e-08,0.280523721992066,0.349,0.56,0.00123720722571004,"3","WBSCR22"
5.94399885648331e-08,0.287637036801185,0.357,0.563,0.0013678924568425,"3","ARID1A"
6.37095544525228e-08,0.633284371903857,0.694,0.777,0.00146614797661591,"3","LMAN1"
7.11564824679209e-08,0.442320416599305,0.155,0.279,0.00163752413103426,"3","SLC44A2"
7.40864573979386e-08,0.271403650967884,0.37,0.575,0.00170495164409876,"3","SCFD1"
8.1109330458593e-08,0.541436220174566,0.144,0.265,0.0018665690218436,"3","RNU2-63P"
8.92571182576596e-08,0.307876495932684,0.164,0.292,0.00205407406246352,"3","HSCB"
8.9841945402274e-08,0.280296614891472,0.273,0.446,0.00206753268954253,"3","FKBP8"
9.3418146219216e-08,0.348900289713643,0.159,0.285,0.00214983179894282,"3","CCDC28A"
1.03024873322958e-07,0.257709648502945,0.164,0.29,0.00237091140978123,"3","USP6NL"
1.09854913032033e-07,0.336526834241258,0.281,0.457,0.00252809111360617,"3","AK3"
1.12775708765054e-07,0.29010572912781,0.23,0.382,0.0025953073858102,"3","ERAP1"
1.15301200994446e-07,0.705575717060153,0.651,0.709,0.00265342653848518,"3","SPCS2"
1.20178726438158e-07,0.285872804908865,0.246,0.402,0.00276567303152133,"3","NET1"
1.25779352707439e-07,0.390491076568103,0.188,0.321,0.00289456024385629,"3","GINM1"
1.272034358983e-07,0.593155327397213,0.145,0.268,0.00292733267032758,"3","ARHGEF12"
1.38837272856009e-07,0.254036585241418,0.155,0.276,0.00319506216023532,"3","ATF7IP2"
1.51234413311266e-07,0.456656822057967,0.274,0.451,0.00348035755353215,"3","ARL1"
1.51701473154628e-07,0.448179466296844,0.33,0.529,0.00349110600170746,"3","NDUFA11"
1.55170142976956e-07,0.292499629986495,0.298,0.482,0.00357093050032869,"3","PRKCD"
1.62841519073708e-07,0.954728057346982,0.463,0.419,0.00374747187844324,"3","PPAPDC1B"
1.63692227995376e-07,0.274613541938466,0.407,0.63,0.00376704924285759,"3","AC091633.2"
1.67871771829977e-07,0.290496817667969,0.293,0.474,0.00386323308512327,"3","VPS36"
1.69682046993717e-07,0.342542919445459,0.156,0.276,0.00390489294746641,"3","CHP1"
2.17173010455385e-07,0.306509470359738,0.163,0.283,0.00499780248960979,"3","AFF4"
2.37248969533016e-07,0.423187096814565,0.152,0.269,0.0054598105358633,"3","LYSMD3"
2.89245601864436e-07,0.4844158520496,0.14,0.257,0.00665640903570626,"3","DENND1B"
3.01227980724757e-07,0.758640722490779,0.598,0.646,0.00693215952041884,"3","DERL1"
3.07632362987482e-07,0.371307867720032,0.152,0.27,0.00707954356943093,"3","ZNF428"
3.26760159371456e-07,0.525178608962378,0.14,0.253,0.00751973154761532,"3","KANSL1"
3.34316131838281e-07,0.362553233849351,0.359,0.557,0.00769361714199436,"3","SNRNP70"
3.58140837277791e-07,0.459333828872338,0.285,0.454,0.0082418950882738,"3","NFX1"
5.01604297815756e-07,0.379396440659467,0.276,0.433,0.011543419705634,"3","TSPAN13"
5.27711344860223e-07,0.31947086215559,0.313,0.494,0.0121442211792683,"3","CTDSP2"
5.44594788284201e-07,0.815066804028085,0.561,0.589,0.0125327598627843,"3","BTG2"
5.65060359659345e-07,0.397897415365008,0.163,0.283,0.0130037340568405,"3","FN3KRP"
5.70503907914112e-07,0.273371167577983,0.3,0.466,0.0131290064328275,"3","TMEM259"
5.87335746263556e-07,0.567999743203261,0.234,0.386,0.0135163575287632,"3","MT-TS1"
6.0766716814013e-07,0.381382283765112,0.159,0.276,0.0139842445404088,"3","ANKZF1"
6.10129934834259e-07,0.29298700611166,0.144,0.253,0.0140409201903408,"3","C1orf27"
6.29463419887154e-07,0.319605814608371,0.34,0.531,0.0144858416818631,"3","ORMDL3"
6.3687472162388e-07,0.51801576637511,0.191,0.322,0.0146563979687303,"3","TLE4"
6.44107443689822e-07,0.385307668308079,0.191,0.318,0.0148228446016339,"3","TNRC6B"
6.50063759629467e-07,0.408853863566593,0.215,0.355,0.0149599173003529,"3","SCAF1"
6.923647130708e-07,0.432299105081012,0.263,0.425,0.0159333891418983,"3","C11orf24"
7.16268547242629e-07,0.301527759707981,0.175,0.3,0.0164834880776946,"3","TBL2"
7.45176585402434e-07,0.500925882416943,0.163,0.284,0.0171487487598662,"3","TSC2"
7.78816299844425e-07,0.425550201697534,0.171,0.294,0.0179228995083197,"3","PHACTR4"
7.97288774233517e-07,0.356041654285975,0.967,0.978,0.0183480065614359,"3","B2M"
8.67267289296971e-07,0.377994541107219,0.203,0.334,0.0199584221285912,"3","SLFN11"
9.57363461412588e-07,0.362173691548985,0.152,0.263,0.0220318053374879,"3","DENND4B"
9.75255624942509e-07,0.377868418044122,0.278,0.443,0.022443557696802,"3","STX16"
1.01383199483496e-06,0.668507747504811,0.63,0.709,0.0233313156971369,"3","SEC14L1"
1.06407000947906e-06,0.414717019639786,0.174,0.296,0.0244874431281417,"3","MBOAT7"
1.17687962276463e-06,0.403704525565435,0.207,0.34,0.0270835307586825,"3","IQCB1"
1.18534072714363e-06,0.602172229856154,0.729,0.811,0.0272782461537564,"3","UBXN4"
1.26542381196948e-06,0.307648246499129,0.285,0.445,0.0291211981848535,"3","SRP68"
1.36076437063945e-06,0.281233837109092,0.167,0.286,0.0313152704615257,"3","ZMYND11"
1.50720429303085e-06,0.320429100320142,0.203,0.326,0.0346852923955189,"3","RASGRP1"
1.51714344178783e-06,0.440158314861254,0.196,0.327,0.0349140220258634,"3","PHYKPL"
1.53819602107955e-06,0.414787003682872,0.335,0.514,0.0353985050331036,"3","RP4-706A16.3"
1.54281291353501e-06,0.368975073741525,0.308,0.47,0.0355047535791811,"3","N4BP2L2"
1.55765392058316e-06,0.261630510768534,0.145,0.25,0.0358462896743802,"3","IFI35"
1.59664358855265e-06,0.459327244058846,0.233,0.375,0.0367435589033622,"3","OSBP"
1.59946915124061e-06,0.374041499106309,0.144,0.254,0.0368085835775002,"3","TRIO"
1.62311896636e-06,0.348736958865099,0.191,0.314,0.0373528367728426,"3","DEF6"
1.74414987969916e-06,0.26227305699033,0.311,0.481,0.0401381211815168,"3","COMMD3"
1.86076503402951e-06,0.324677981624604,0.254,0.401,0.042821785728121,"3","KIAA0040"
1.93284972948673e-06,0.663918803241748,0.185,0.311,0.0444806708246781,"3","FOXRED1"
1.97374534207468e-06,0.274772993972132,0.231,0.369,0.0454218015571646,"3","INSIG2"
2.11300597158597e-06,0.433145428986768,0.287,0.448,0.048626606424108,"3","BLNK"
2.13145584692878e-06,0.276634500942154,0.404,0.594,0.0490511934053719,"3","HLA-DMA"
2.1720202306248e-06,0.356786256680171,0.378,0.579,0.0499847015673686,"3","SMCHD1"
2.17295949265504e-06,0.275321963535638,0.15,0.257,0.0500063168044705,"3","TTC14"
2.22982761022602e-06,0.531734121384411,0.206,0.339,0.0513150227941313,"3","HECTD1"
2.24767455769572e-06,0.252469032274004,0.359,0.548,0.0517257345962516,"3","TXNDC12"
2.27024962981396e-06,0.289660389282975,0.36,0.555,0.0522452547309087,"3","FRG1"
2.31651271868164e-06,0.357414103726352,0.191,0.313,0.0533099071950206,"3","GRIPAP1"
2.36377018115969e-06,0.529160124265531,0.26,0.408,0.0543974431790279,"3","MBD1"
2.4046846473124e-06,0.448444577992744,0.211,0.338,0.0553390077886003,"3","DSN1"
2.4075284982113e-06,0.74773185205333,0.63,0.697,0.0554044533293366,"3","ST6GAL1"
2.58049364645174e-06,0.322979955166854,0.324,0.5,0.0593849002857939,"3","CASP8"
2.61945285805695e-06,0.314702823596533,0.273,0.422,0.0602814686224646,"3","FAM3C"
2.62570761920472e-06,0.294589789795196,0.388,0.578,0.0604254094407582,"3","GRK6"
2.64520739324474e-06,0.310293968082825,0.276,0.426,0.0608741577407411,"3","RB1CC1"
3.06572745010054e-06,0.532592134131793,0.155,0.263,0.0705515858091637,"3","ANKRD10"
3.16267215553039e-06,0.373999184963419,0.153,0.26,0.0727825743152208,"3","NUMA1"
3.36551488597127e-06,0.275339879787928,0.411,0.614,0.0774505940708568,"3","ORMDL2"
3.6790652251551e-06,0.255639928887289,0.352,0.526,0.0846663280264942,"3","TLE3"
3.70815127610309e-06,0.377012014841789,0.19,0.309,0.0853356853169604,"3","RNF19A"
3.83270256420453e-06,0.257220032409319,0.285,0.441,0.0882019841100389,"3","CCNC"
3.84769194919138e-06,0.44612439073145,0.152,0.256,0.0885469348267412,"3","PCSK7"
3.92656017200599e-06,0.712524118017692,0.206,0.334,0.0903619292383739,"3","FAM53C"
4.51380300575918e-06,0.403002055641764,0.152,0.256,0.103876148571536,"3","MBD6"
4.51954915366623e-06,0.654855719267332,0.159,0.271,0.104008384673321,"3","PCGF3"
4.82874578600115e-06,0.609835840361988,0.619,0.679,0.111123926773245,"3","OS9"
4.97445216916928e-06,0.293624546537893,0.268,0.403,0.114477067769093,"3","ASPM"
5.15645532317951e-06,0.27572072226263,0.246,0.374,0.11866550635233,"3","ADA"
6.18177193424559e-06,0.371974321310083,0.188,0.303,0.142261117522794,"3","CHD7"
6.35372790673076e-06,0.403617177484197,0.278,0.428,0.146218340317595,"3","SYNRG"
6.50206849902186e-06,0.464554631238273,0.167,0.274,0.14963210236799,"3","U3"
6.53423686912598e-06,0.367347471943382,0.183,0.301,0.150372393069196,"3","POU2F1"
7.44711767512349e-06,0.267780812253692,0.354,0.529,0.171380519057617,"3","SEMA4D"
8.20330798088542e-06,0.305373548792578,0.821,0.894,0.188782726564116,"3","LSP1"
8.63719438746387e-06,0.374205665042945,0.297,0.459,0.198767754438706,"3","DAP"
8.76823473223907e-06,0.406298300036991,0.212,0.335,0.201783385893018,"3","KLHL6"
9.35458342344567e-06,0.342422741481287,0.228,0.358,0.215277028323755,"3","STK38"
9.42777212537563e-06,0.647370452505205,0.163,0.269,0.216961319921269,"3","SP3"
9.63905950459907e-06,0.495307486533083,0.234,0.365,0.221823676379338,"3","EHD1"
9.90734667408549e-06,0.520599566839268,0.257,0.406,0.227997769010729,"3","SLC39A8"
1.00838344840565e-05,0.354192509643352,0.188,0.301,0.232059282981592,"3","SUDS3"
1.11583730469416e-05,0.284345495728774,0.196,0.312,0.256787638929266,"3","LY96"
1.17471273457997e-05,0.569586576607998,0.169,0.275,0.27033664160889,"3","VPS51"
1.26654055346538e-05,0.436621254566482,0.214,0.337,0.291468977568988,"3","STIM2"
1.31071172778284e-05,0.260731935676109,0.161,0.259,0.301634089914664,"3","MMP24-AS1"
1.37361667836469e-05,0.48029367613712,0.745,0.842,0.316110406192067,"3","SSR2"
1.39374825386817e-05,0.5875397807454,0.247,0.382,0.320743285662681,"3","PTP4A3"
1.44319302261359e-05,0.365295003927343,0.169,0.271,0.332122010294065,"3","KLHL5"
1.49409235628714e-05,0.507764490783192,0.185,0.298,0.34383547395236,"3","PYCARD"
1.49496070277595e-05,0.466914799814982,0.182,0.293,0.344035306529828,"3","EHMT1"
1.57779532637729e-05,0.309275913776057,0.324,0.479,0.363098038459205,"3","QKI"
1.6089291975178e-05,0.446738469570467,0.241,0.378,0.370262876224771,"3","EIF2B4"
1.62005684015749e-05,0.386627016331765,0.281,0.43,0.372823680625443,"3","TOP2B"
1.76718411907138e-05,0.330291283838323,0.359,0.534,0.406682081321896,"3","CLPTM1"
1.7813640349692e-05,0.441832445867341,0.207,0.33,0.409945305367463,"3","GLB1"
1.79539309368928e-05,0.319300984862131,0.356,0.522,0.413173812650714,"3","PRDM2"
1.90630328735698e-05,0.364341721070738,0.249,0.384,0.438697575519462,"3","KIAA2013"
1.91239693907165e-05,0.576922472072995,0.167,0.273,0.44009990758856,"3","EEF1A1P5"
1.92374606635228e-05,0.609597761590587,0.177,0.289,0.442711682249651,"3","ALKBH7"
1.92984839527189e-05,0.503976062276698,0.301,0.473,0.44411601120392,"3","IRF3"
1.94300776751011e-05,0.438537443327325,0.153,0.251,0.447144377537101,"3","UBALD1"
2.09553774590794e-05,0.286785373320433,0.282,0.426,0.482246101465795,"3","TNRC6A"
2.11360326389686e-05,0.461592747420211,0.175,0.285,0.486403519120584,"3","DPP7"
2.1232511059612e-05,0.396239794025118,0.404,0.602,0.488623777014852,"3","PRCC"
2.35870274387757e-05,0.41076059834915,0.177,0.286,0.542808262448546,"3","CPSF1"
2.36345064047308e-05,0.298538667821248,0.329,0.49,0.54390089589207,"3","LAMP2"
2.83144570867225e-05,0.262076309123871,0.375,0.554,0.651600600936745,"3","GM2A"
2.9427034287203e-05,0.459086241607889,0.177,0.282,0.677204340051403,"3","FBXO9"
3.1327085846916e-05,0.536280019791175,0.207,0.327,0.720930226595077,"3","GLA"
3.18835898059056e-05,1.04896609993794,0.389,0.368,0.733737052203306,"3","IDH2"
3.2355069685259e-05,0.786227511090776,0.234,0.367,0.744587218666866,"3","KMT2C"
3.29508210846151e-05,1.15307570895491,0.37,0.339,0.758297245620248,"3","RNASE6"
3.54606136119978e-05,0.370656516227567,0.19,0.296,0.816055101052905,"3","NSF"
3.84569865854563e-05,0.375000035756538,0.295,0.438,0.885010632291105,"3","MT-ND6"
4.00628286717027e-05,0.27969017048699,0.198,0.304,0.921965876221894,"3","E2F2"
4.44876109682311e-05,0.277855235000793,0.252,0.378,1,"3","RBM6"
4.54212496729293e-05,0.413052750101673,0.238,0.367,1,"3","SLC43A2"
4.6401556224699e-05,0.280453716007048,0.305,0.451,1,"3","SLC17A9"
5.09521406048707e-05,0.253943230744292,0.512,0.729,1,"3","FXYD5"
5.59419494965782e-05,0.378427518477479,0.215,0.326,1,"3","CARD16"
5.73984336609085e-05,0.346463629909546,0.226,0.347,1,"3","SEMA4B"
5.79531029857607e-05,0.455079596040439,0.198,0.31,1,"3","SRPK2"
5.84625685209544e-05,0.60080587964201,0.193,0.3,1,"3","ZFC3H1"
6.26817120101508e-05,1.65937218794193,0.306,0.251,1,"3","IGLC2"
6.40477682090078e-05,0.701315133020249,0.164,0.259,1,"3","ARL5B"
6.74354832923843e-05,0.326806981827282,0.341,0.507,1,"3","MTATP6P1"
7.08867651515835e-05,0.290480493623295,0.182,0.277,1,"3","MVP"
7.09814175353296e-05,0.706203175809823,0.171,0.269,1,"3","STX5"
7.35153055582275e-05,0.92333688237283,0.305,0.257,1,"3","KDM5D"
7.45217803265498e-05,0.419177879819356,0.249,0.38,1,"3","SLFN13"
7.88066636757042e-05,0.419939993163065,0.346,0.514,1,"3","ZC3H11A"
8.09505607275303e-05,0.446605260621637,0.273,0.413,1,"3","SETD5"
8.50164687538139e-05,0.437768317676272,0.319,0.479,1,"3","BOD1L1"
8.77623842120883e-05,0.262332922311597,0.399,0.561,1,"3","SDF4"
8.98775981170258e-05,0.329595266913928,0.22,0.327,1,"3","CDC25B"
9.40534584520182e-05,0.572957906540125,0.284,0.435,1,"3","TMEM205"
9.91763773099665e-05,0.352192292080585,0.311,0.456,1,"3","OTUD5"
0.000103606520582418,0.452220603515381,0.233,0.356,1,"3","PRKACB"
0.000116393646544451,0.381697813978512,0.365,0.535,1,"3","CHST2"
0.000126912556182648,1.17875208475938,0.287,0.247,1,"3","PNOC"
0.000133551134597415,0.996004459492174,0.506,0.537,1,"3","OGT"
0.000137037938320099,0.387958372981835,0.161,0.25,1,"3","TSPAN14"
0.000138190847870583,0.450163430616008,0.167,0.26,1,"3","TMEM57"
0.000142744704964011,0.386158491792312,0.36,0.535,1,"3","SHCBP1"
0.00014367457358854,0.452419396850719,0.266,0.396,1,"3","PRKD2"
0.000143770047080118,0.519888907191339,0.716,0.813,1,"3","SERP1"
0.000145372362374341,0.568045236736159,0.231,0.349,1,"3","RNGTT"
0.00015043031441848,0.369713782474436,0.292,0.436,1,"3","UBA5"
0.000151724351938818,0.392998888962833,0.25,0.377,1,"3","MTRR"
0.000155527733290599,0.320238840857855,0.311,0.45,1,"3","APOL2"
0.000157034384527591,0.404779420928834,0.166,0.258,1,"3","NLK"
0.000163388367698011,0.307492044168363,0.174,0.267,1,"3","RUNX2"
0.000172881655052404,0.513204666625362,0.692,0.793,1,"3","SEC62"
0.000193130951715606,0.333895194013799,0.365,0.52,1,"3","ZFAND6"
0.000196818033776066,1.25490106881676,0.477,0.459,1,"3","IGLC3"
0.000207985020432463,0.616119772300995,0.63,0.702,1,"3","LMAN2"
0.000211587906955581,0.587059780107557,0.276,0.418,1,"3","RP1-72A23.3"
0.000215934011712579,0.275766614264726,0.378,0.541,1,"3","ATP6AP1"
0.00022063151017878,0.636254973923338,0.195,0.293,1,"3","SPSB1"
0.000220745229067413,0.583222307951207,0.271,0.406,1,"3","MGAT2"
0.000229406613362239,0.425199917995825,0.388,0.552,1,"3","ARFIP2"
0.000231161175200436,0.840655863274558,0.419,0.417,1,"3","TMEM184B"
0.00024127850002818,0.42353679035977,0.233,0.344,1,"3","TMEM179B"
0.000242657652289834,0.524703218939723,0.309,0.456,1,"3","SAR1B"
0.000248069162476691,0.537327134558909,0.274,0.408,1,"3","CLASRP"
0.000253515578220454,0.425287870959969,0.255,0.375,1,"3","CCDC53"
0.000256464150969959,1.23439413381869,0.319,0.291,1,"3","CBX4"
0.000302535543355188,0.474083655451704,0.308,0.448,1,"3","ALG3"
0.000314259487225381,0.54216074529675,0.36,0.526,1,"3","CHD2"
0.000318574727414675,0.520339612808975,0.325,0.477,1,"3","MARCH6"
0.000320598547559032,0.528883718309646,0.196,0.291,1,"3","ARID4A"
0.000340507967795614,0.288767045740133,0.448,0.644,1,"3","SUPT5H"
0.000347410685039501,0.421599649963351,0.285,0.418,1,"3","IMPAD1"
0.00035052033617491,0.361353693171131,0.183,0.274,1,"3","SREBF1"
0.000356327120236731,0.517596609849892,0.228,0.338,1,"3","STXBP2"
0.000360334055820866,0.886559369895337,0.501,0.552,1,"3","KLF13"
0.000441749657090529,1.19894261564259,0.279,0.246,1,"3","KIAA0125"
0.000459120435375628,0.78305813492894,0.23,0.342,1,"3","NUDT22"
0.000468892341714724,0.340403993974347,0.175,0.262,1,"3","ARFGAP1"
0.000473287662203843,0.48703329044643,0.25,0.362,1,"3","ZMYND8"
0.000491145199961372,0.775230626562456,0.179,0.272,1,"3","YIPF1"
0.000501172736310329,0.920618921633283,0.482,0.516,1,"3","ZBTB38"
0.000504567195436385,0.453649448226803,0.322,0.458,1,"3","MIS18BP1"
0.00054852476746913,0.65224098026785,0.177,0.266,1,"3","KIAA0319L"
0.000567938344544856,1.09325851842121,0.378,0.377,1,"3","FBXO18"
0.000573519700399178,0.343337049445014,0.236,0.342,1,"3","NEU1"
0.000591966385785871,0.599821498661152,0.606,0.692,1,"3","ITGB7"
0.000593067921428194,0.989045925610342,0.378,0.368,1,"3","PLD3"
0.000606623383305878,0.418570379560043,0.242,0.353,1,"3","FAM134C"
0.000610387002844152,0.414606803215567,0.249,0.356,1,"3","CREB3"
0.000630328137463867,0.803335783521739,0.544,0.59,1,"3","MAPKAPK2"
0.000639182093597725,0.561794858611706,0.196,0.292,1,"3","FCHSD2"
0.000653971385852835,0.373067557235985,0.439,0.619,1,"3","PHIP"
0.000680656422771719,0.414113530161569,0.416,0.59,1,"3","NRD1"
0.000687633492612614,0.460208284455926,0.177,0.265,1,"3","LRP5"
0.000748461347584905,0.544866157398155,0.188,0.281,1,"3","NAGK"
0.000830345963249656,0.385523290810299,0.27,0.386,1,"3","TMEM147"
0.000852531890857763,0.444195204127642,0.226,0.33,1,"3","LMBRD1"
0.000866025886415202,0.433852802004291,0.416,0.591,1,"3","ATRX"
0.000888593214487388,0.586488013959341,0.651,0.753,1,"3","TAPBP"
0.000926948475955831,0.533991807401614,0.239,0.35,1,"3","ATM"
0.000949947784099526,0.610638945044967,0.187,0.275,1,"3","FBXO46"
0.000952576107495563,0.412559297943936,0.18,0.264,1,"3","TJAP1"
0.00103033788106081,0.362772568931123,0.337,0.469,1,"3","BAZ2A"
0.00103824154029045,0.563432266712289,0.214,0.316,1,"3","CREBZF"
0.00108609251308698,0.606101762377898,0.201,0.294,1,"3","GPCPD1"
0.00116772512863502,0.659696691448827,0.191,0.28,1,"3","BIN2"
0.0011841226508521,0.399564000745616,0.254,0.361,1,"3","PRRC1"
0.00119956061969182,0.533260833768542,0.276,0.399,1,"3","ZNF580"
0.00130769684091851,0.676350062968009,0.174,0.255,1,"3","KIAA2026"
0.00149013870738174,0.450837662374565,0.335,0.475,1,"3","ITGB2"
0.00152158692427627,0.875480590087121,0.179,0.262,1,"3","HEXA"
0.00157114726308808,0.329564382549184,0.764,0.845,1,"3","SRPR"
0.00162764904081943,0.379591264343984,0.179,0.255,1,"3","IL16"
0.00168530607316288,0.448753365854063,0.244,0.344,1,"3","AKAP17A"
0.00173857800299667,0.282378422968751,0.195,0.277,1,"3","HIST1H1E"
0.00174177580986726,0.501124537428072,0.386,0.54,1,"3","SPEN"
0.00178331362669711,0.420745190425118,0.207,0.296,1,"3","ERCC5"
0.00180542813325727,0.46624029424001,0.702,0.812,1,"3","SEC61B"
0.00188635504290196,1.14217275849176,0.325,0.309,1,"3","RABAC1"
0.0018898102942244,0.531813395457459,0.223,0.317,1,"3","ZKSCAN1"
0.0019494869917175,1.0070420869132,0.337,0.322,1,"3","GNG7"
0.00202358747981366,0.731312466655675,0.195,0.282,1,"3","TMEM39A"
0.00207571874095737,0.5696540569427,0.263,0.372,1,"3","NGLY1"
0.0020809898118855,0.405156100143367,0.247,0.347,1,"3","P2RX5"
0.00214544175252316,0.660114138413792,0.239,0.345,1,"3","GIGYF2"
0.00218653590297418,0.347308886071769,0.439,0.614,1,"3","MPHOSPH8"
0.00218897269241306,0.378265267459022,0.225,0.319,1,"3","MANEA"
0.00224639838809395,0.502224531570277,0.309,0.44,1,"3","PGRMC2"
0.00226045923427182,0.512104323530814,0.38,0.527,1,"3","VAMP2"
0.00234093283436177,0.493359436817508,0.365,0.525,1,"3","DNAJC10"
0.00281540689951669,0.559796349933039,0.29,0.41,1,"3","FUT8"
0.00290438860642217,0.345729373965306,0.38,0.518,1,"3","SEC61A1"
0.00298105061508014,0.288966345843618,0.252,0.342,1,"3","CDK14"
0.00306602244397606,0.387196156499516,0.187,0.265,1,"3","SMAD5"
0.00321880985147517,0.958974492873143,0.206,0.295,1,"3","DVL3"
0.00324665300610748,0.437885374673165,0.228,0.323,1,"3","NCF4"
0.00331321679397209,0.527430603819987,0.303,0.422,1,"3","ACBD3"
0.00342651743840264,0.504089018049269,0.217,0.303,1,"3","RNU1-60P"
0.00353630751749492,0.924488115621948,0.34,0.329,1,"3","DNAJB9"
0.0039232559875504,0.517064232102948,0.341,0.48,1,"3","SLC50A1"
0.00396305072717637,0.270797554503102,0.474,0.652,1,"3","DNM2"
0.00404307745552593,0.737421561717218,0.236,0.337,1,"3","BET1L"
0.00420859784890841,0.635368326968418,0.239,0.34,1,"3","EMP3"
0.00423840661372213,0.52465422388183,0.226,0.318,1,"3","AIG1"
0.00428521628035922,0.392839190534945,0.421,0.587,1,"3","MORF4L2"
0.00437347532993072,0.423562431154722,0.415,0.574,1,"3","COBLL1"
0.00456071229018093,0.605525768482847,0.281,0.394,1,"3","OSBPL3"
0.00470870396227248,0.761511143439088,0.522,0.58,1,"3","MAN1A1"
0.00473298688507291,0.679167838729735,0.581,0.675,1,"3","ACADVL"
0.00476638901583109,0.435509341790653,0.378,0.525,1,"3","ALG5"
0.0050931866950505,0.404437316613392,0.445,0.61,1,"3","CCNL1"
0.00516682889504946,0.395324977867166,0.311,0.429,1,"3","TMEM219"
0.00527028767189818,0.629519639464006,0.241,0.333,1,"3","XIAP"
0.0053240911819641,0.966191367186095,0.494,0.561,1,"3","PTPN18"
0.00543646435998775,0.368802139954863,0.455,0.646,1,"3","SRP54"
0.00572627050306489,1.08468035464823,0.305,0.294,1,"3","SEC24A"
0.00584744281933351,0.571125659915687,0.246,0.336,1,"3","PAG1"
0.00594633469883095,0.60681802562721,0.308,0.428,1,"3","HSH2D"
0.00612358840945481,0.594423211200474,0.343,0.477,1,"3","AIM2"
0.00615481390838368,0.503869543133089,0.182,0.257,1,"3","SLC30A7"
0.00626347572699152,0.671128212134532,0.223,0.313,1,"3","PIGK"
0.00631876660324784,0.347589063577594,0.394,0.547,1,"3","USO1"
0.00632944256337285,1.01808924004329,0.383,0.395,1,"3","CYBA"
0.00646236100254448,0.669082748109141,0.23,0.317,1,"3","CLCC1"
0.00663530884556091,0.76469192082863,0.203,0.283,1,"3","TBCC"
0.00682414699899261,0.671365552770464,0.338,0.487,1,"3","GTF2A1"
0.00710507398207065,0.460386022089245,0.278,0.382,1,"3","C1orf186"
0.00717956458205311,0.299405156480778,0.212,0.287,1,"3","ATP6V0A1"
0.00761631790690837,0.473337031100311,0.434,0.613,1,"3","ANKRD11"
0.00774183769667622,0.760401525686775,0.204,0.286,1,"3","MDM4"
0.00779272850368837,0.566363606920975,0.273,0.376,1,"3","PIK3CG"
0.00807751426157517,0.421357675800272,0.332,0.463,1,"3","SEC23B"
0.00832500475862808,0.464205542109238,0.241,0.331,1,"3","SIK1"
0.00837683748701796,0.76107612941509,0.525,0.612,1,"3","TMEM59"
0.00840553855981117,1.02726640011956,0.41,0.449,1,"3","ITM2B"
0.00852956469378921,0.618011767515092,0.335,0.464,1,"3","SCARB2"
0.00977199774580004,0.561640963353473,0.297,0.408,1,"3","C1orf63"
0,7.81190448728774,0.51,0.017,0,"4","ADTRP"
1.73308360164219e-131,5.37699396767126,0.263,0.017,3.98834529245917e-127,"4","FCER2"
7.32790679349782e-129,3.19601683637458,0.667,0.168,1.68637119038765e-124,"4","CCR7"
6.13037290286779e-100,4.94158714011243,0.342,0.05,1.41078271613696e-95,"4","SESN3"
8.05778701737908e-85,3.91462135842425,0.333,0.055,1.85433852630945e-80,"4","IGFBP4"
2.59016947015995e-77,2.60739264646887,0.779,0.513,5.96075700167909e-73,"4","IL2RA"
7.80474140137336e-77,2.65520218304176,0.758,0.43,1.79610513869805e-72,"4","BIRC3"
5.32001726528156e-74,1.12914777002572,0.994,0.989,1.22429557325924e-69,"4","CD74"
1.69703344143224e-71,2.89316102667833,0.746,0.494,3.90538305876802e-67,"4","STAT3"
2.69971312335794e-65,3.78196727996227,0.313,0.063,6.21284981078363e-61,"4","SKAP1"
8.85377438678051e-65,1.51771399936975,0.858,0.729,2.0375190996298e-60,"4","HLA-DRA"
3.2040965133096e-64,1.91417584096739,0.841,0.766,7.37358730607939e-60,"4","PTPN1"
1.22696364914971e-62,2.30518393670476,0.466,0.137,2.82361144578822e-58,"4","LTA"
1.84016774880164e-62,2.60323814427963,0.54,0.194,4.23477804031721e-58,"4","LTB"
1.50391478009423e-61,1.00322749876927,0.982,0.986,3.46095908343086e-57,"4","MALAT1"
1.9822824160328e-61,3.28684490033787,0.469,0.159,4.56182652401629e-57,"4","CXCR5"
5.05104061836871e-60,1.90650544642804,0.814,0.648,1.16239597750519e-55,"4","HLA-DQA1"
9.41538691086449e-60,0.758816153821009,0.991,0.991,2.16676298979725e-55,"4","HLA-A"
4.89869025804196e-59,1.8172026354271,0.823,0.701,1.1273355890832e-54,"4","SMAP2"
6.59761995429086e-59,2.83578668818038,0.519,0.198,1.51831028008096e-54,"4","MIR155HG"
1.04660229537032e-57,2.15182277738909,0.619,0.268,2.40854586233571e-53,"4","MS4A1"
7.74943959747529e-57,2.12809426906687,0.732,0.47,1.78337853456699e-52,"4","PEA15"
2.79269442799529e-56,2.84937270248442,0.578,0.268,6.42682768714556e-52,"4","FOXP1"
1.05697051390777e-55,2.73341646853953,0.646,0.364,2.43240624365595e-51,"4","PAX5"
3.32587017399604e-55,3.72610352243105,0.342,0.091,7.65382503141709e-51,"4","IL4R"
1.28457143211223e-53,2.68765526826264,0.608,0.328,2.95618423671986e-49,"4","SNX10"
9.3329647484541e-53,1.9346373632531,0.841,0.779,2.14779517756174e-48,"4","FTH1"
1.3714706400709e-52,1.16092420847587,0.947,0.945,3.15616538399517e-48,"4","RPS27"
2.38339569613191e-51,3.75007206964089,0.316,0.081,5.48490851550837e-47,"4","GBP4"
4.88115383684172e-51,1.19539868828226,0.923,0.892,1.12329993247239e-46,"4","GSTP1"
1.92302189442883e-50,2.21955820833513,0.729,0.53,4.42545028564906e-46,"4","LYN"
6.21527171249131e-50,1.91294028868162,0.788,0.693,1.43032047919562e-45,"4","TCF4"
2.14531443966529e-49,3.13640798049926,0.475,0.194,4.93701212000172e-45,"4","BCL2"
5.15839727432232e-48,3.30017818015578,0.378,0.121,1.18710196473979e-43,"4","ALOX5AP"
6.53534845684212e-48,1.56376332170016,0.794,0.604,1.50397974037308e-43,"4","ARL6IP5"
8.71882363446751e-48,3.74385816097475,0.263,0.059,2.00646288300001e-43,"4","CD84"
9.08820182757719e-48,3.01619442916271,0.422,0.152,2.09146788658034e-43,"4","SPINT2"
1.05504066957242e-47,1.13469575501166,0.914,0.881,2.42796509288701e-43,"4","POU2F2"
2.61384158323115e-47,1.24201439509706,0.858,0.81,6.01523363548984e-43,"4","BASP1"
3.8110513414514e-47,2.60106687180226,0.54,0.257,8.77037245208211e-43,"4","CD22"
1.36426976462821e-46,2.37885079230177,0.555,0.273,3.13959400933889e-42,"4","CD40"
4.96534309395033e-46,1.16713176569264,0.876,0.804,1.14267440621079e-41,"4","HLA-DPA1"
9.35566829041689e-46,2.43209490610322,0.637,0.399,2.15301994367364e-41,"4","HLA-DQB1"
6.31854839465509e-45,3.36418518555124,0.298,0.081,1.45408754206198e-40,"4","CNTNAP1"
5.29927346426213e-43,1.76504062180285,0.767,0.619,1.21952180233064e-38,"4","CD37"
1.81421135478641e-42,1.3813066585863,0.808,0.696,4.17504459076997e-38,"4","ATP6V0E1"
2.69023689587553e-42,2.14411236845021,0.614,0.363,6.19104216847837e-38,"4","CAPG"
3.02321568245357e-41,0.830616652258023,0.95,0.946,6.9573262500304e-37,"4","HLA-B"
2.57592416226e-40,2.81281666281334,0.398,0.151,5.92797427460893e-36,"4","SPIB"
9.13922103759428e-40,1.48579044576412,0.808,0.7,2.10320893738157e-35,"4","EIF4A2"
2.96756016905513e-39,0.635772068869771,0.988,0.99,6.82924621704658e-35,"4","RPS19"
7.71324171900555e-39,2.08568329813095,0.711,0.587,1.77504831679475e-34,"4","HUWE1"
3.07978229708025e-38,2.28926565003256,0.493,0.233,7.08750300027077e-34,"4","ARID5A"
3.84513141827738e-38,2.59521101573536,0.451,0.198,8.84880093288173e-34,"4","MYL9"
4.56220169102672e-38,3.52560048199744,0.286,0.086,1.04989947515598e-33,"4","KIAA1147"
6.23473903401694e-38,0.779194219049484,0.932,0.923,1.43480049389832e-33,"4","PFN1"
3.44922848050039e-37,1.68125797389945,0.726,0.639,7.93770950217554e-33,"4","GRB2"
4.74171181887965e-37,1.73494339363045,0.681,0.489,1.09121014087877e-32,"4","NFKBIA"
3.85356374729196e-36,0.403566659948633,0.944,0.83,8.86820625164299e-32,"4","IGHM"
1.01001996955927e-35,3.31135573176972,0.378,0.153,2.32435895594676e-31,"4","IRF8"
2.19210944358963e-35,1.67650482293867,0.743,0.6,5.04470146253281e-31,"4","KLF6"
8.18130226341592e-35,3.04584119869482,0.274,0.084,1.88276308987991e-30,"4","GSAP"
1.35891574948094e-34,2.69046519644841,0.431,0.197,3.12727281428048e-30,"4","TRIM22"
1.87179178677818e-34,2.44554701969753,0.354,0.132,4.30755443891263e-30,"4","SPOCK2"
1.93359097968558e-34,2.43599495817505,0.445,0.204,4.44977292155043e-30,"4","TRAF1"
3.27245340309006e-34,2.45024431433,0.56,0.343,7.53089701653116e-30,"4","PDCD4"
1.02051801265744e-33,2.62640975196176,0.383,0.16,2.34851810252856e-29,"4","TOX2"
7.37979698635161e-33,0.612216316259708,0.979,0.967,1.6983126804691e-28,"4","RPS11"
1.9452969225192e-32,1.92991714544598,0.614,0.441,4.47671180779343e-28,"4","STAT6"
4.4634052347322e-32,0.65125705122357,0.935,0.945,1.02716344666892e-27,"4","RPLP1"
5.81347884465509e-32,0.527363854406792,0.965,0.977,1.33785588652047e-27,"4","B2M"
2.00973850641928e-31,0.928640424840911,0.829,0.734,4.62501122482268e-27,"4","ACTR2"
2.0648728510762e-31,1.80357487881278,0.676,0.564,4.75189189218167e-27,"4","SYNGR2"
2.2744494249284e-31,3.16098559995311,0.26,0.082,5.23419046158773e-27,"4","COL9A2"
5.48756045509341e-31,2.78369420274422,0.319,0.118,1.26285228753065e-26,"4","CBFA2T3"
1.06601585785782e-30,2.35750605189941,0.466,0.248,2.4532222936882e-26,"4","RAB4B"
1.45296630142e-30,1.39629276766893,0.776,0.713,3.34371134945785e-26,"4","HLA-DPB1"
5.85224899450772e-30,2.72459751034216,0.46,0.261,1.34677806110606e-25,"4","PIK3AP1"
1.20619539042909e-29,3.64049139260248,0.251,0.081,2.77581745199447e-25,"4","CHI3L2"
3.90324974854572e-29,2.66798615076453,0.392,0.188,8.98254864632827e-25,"4","BCL11A"
6.32628117554987e-29,0.915336794360154,0.909,0.877,1.45586708692929e-24,"4","HLA-DRB1"
1.1056657683668e-28,2.01227603616062,0.625,0.487,2.54446863274252e-24,"4","NFE2L1"
1.1400278783989e-28,1.75793210186336,0.649,0.534,2.6235461565594e-24,"4","JAK1"
9.13382428099119e-28,1.80084792680963,0.658,0.523,2.1019669817845e-23,"4","RUNX3"
1.17541626823065e-27,2.50096970404858,0.448,0.246,2.70498545807919e-23,"4","ZNF267"
1.6698123766816e-27,2.40219176869968,0.507,0.305,3.84273922245736e-23,"4","CTC-444N24.11"
2.46818687227514e-27,1.27478569593988,0.749,0.656,5.68003844916679e-23,"4","SEPT7"
3.58546192889114e-27,2.60146207311288,0.434,0.241,8.25122353695718e-23,"4","UGCG"
4.96389644657731e-27,1.87276360259639,0.634,0.523,1.14234148925084e-22,"4","TPP1"
6.25635454141006e-27,0.883368650764409,0.864,0.848,1.4397748706147e-22,"4","RPL10"
7.95971946214014e-26,0.777185819692484,0.873,0.868,1.83177023982231e-21,"4","SH3BGRL3"
1.18915460383564e-25,2.40415634302711,0.363,0.167,2.73660148980695e-21,"4","LILRB1"
1.21666324157246e-25,0.632473928812763,0.935,0.933,2.7999071178307e-21,"4","RPLP2"
1.62355294609723e-25,2.35131535234709,0.378,0.181,3.73628239485356e-21,"4","BATF3"
4.2041107809106e-25,1.47910260167561,0.673,0.571,9.67492014010956e-21,"4","ETS1"
4.92529543210432e-25,0.734499578036154,0.876,0.798,1.13345823779017e-20,"4","ACTR3"
6.86703213027984e-25,2.08033747400411,0.49,0.298,1.5803101041413e-20,"4","SYNE2"
1.43110000566905e-24,0.667255735759516,0.926,0.922,3.29339044304618e-20,"4","HLA-E"
1.72465025032623e-24,0.520433440834431,0.953,0.969,3.96893762107575e-20,"4","RPS16"
1.8626603687176e-24,1.69366964002668,0.622,0.517,4.28654030652982e-20,"4","UHMK1"
2.57423749704505e-24,2.72475611831425,0.327,0.149,5.92409275194978e-20,"4","HVCN1"
6.35195927751531e-24,2.90216775077422,0.283,0.114,1.4617763885346e-19,"4","GNPDA1"
6.93687661485084e-24,0.95451456457829,0.805,0.742,1.59638341537562e-19,"4","IL2RG"
8.69950225146915e-24,0.589406999367172,0.906,0.863,2.0020164531306e-19,"4","RPL39"
2.59116910795026e-23,1.23680520913197,0.723,0.645,5.96305746812593e-19,"4","PRKCB"
3.4761260604894e-23,1.54531849958991,0.649,0.542,7.99960890300426e-19,"4","IL2RB"
4.94750087391242e-23,2.31052369655274,0.493,0.331,1.13856837611347e-18,"4","BATF"
6.24705255445989e-23,2.68042828528733,0.372,0.198,1.43763420435785e-18,"4","LY75"
1.27458144192659e-22,1.49547388336365,0.513,0.32,2.93319427230566e-18,"4","HLA-J"
2.83520322034786e-22,0.901970947691871,0.841,0.72,6.52465317098653e-18,"4","CXCR4"
4.10977899958084e-22,2.6516033816743,0.369,0.193,9.45783441173539e-18,"4","TLR10"
4.82505049405753e-22,0.57956643300324,0.935,0.933,1.11038887019746e-17,"4","RPS14"
5.45283113127936e-22,1.09223772100004,0.794,0.793,1.25486002824132e-17,"4","JUND"
1.29834776151121e-21,0.920220406441847,0.796,0.714,2.98788770356575e-17,"4","MYL12A"
2.78563444871668e-21,1.22959832372456,0.723,0.644,6.41058055683169e-17,"4","SELL"
3.63654818822294e-21,1.7259955693245,0.587,0.475,8.36878834555745e-17,"4","SQSTM1"
3.97430030156322e-21,0.375837757652152,0.994,0.994,9.14605728398744e-17,"4","TPT1"
7.32669634884495e-21,2.45605380668118,0.457,0.303,1.68609263075969e-16,"4","PDE4B"
7.46866114969378e-21,1.47424705066234,0.658,0.569,1.71876299037903e-16,"4","IDS"
8.27773551264823e-21,1.24197457803045,0.693,0.607,1.90495527352574e-16,"4","TNFAIP8"
9.67645833523785e-21,1.21641255054566,0.723,0.628,2.22684335668829e-16,"4","RAB7L1"
1.17038759688637e-20,1.2844192517732,0.714,0.683,2.69341297671461e-16,"4","RP11-94L15.2"
1.26843406529461e-20,0.541898386489381,0.953,0.951,2.91904731446248e-16,"4","RPL30"
1.42439967143402e-20,1.12930037089126,0.673,0.547,3.27797096387111e-16,"4","S100A6"
1.43180789048034e-20,1.27380230064143,0.711,0.619,3.2950194983624e-16,"4","WASF2"
1.72291603422186e-20,1.08895776109561,0.782,0.683,3.96494666955477e-16,"4","TFRC"
2.01647611012884e-20,2.12691220730205,0.454,0.294,4.6405164722395e-16,"4","ARHGAP25"
2.3028388034368e-20,0.507622159568258,0.965,0.955,5.29952293834911e-16,"4","HLA-C"
2.78903924882075e-20,0.967787364417653,0.767,0.724,6.4184160233112e-16,"4","SOD1"
3.25988108897431e-20,1.50790986528406,0.643,0.538,7.50196435005658e-16,"4","SWAP70"
4.19562458060276e-20,2.04263004547012,0.442,0.275,9.65539084734114e-16,"4","TNFAIP3"
7.40450815579045e-20,1.18495441999145,0.723,0.658,1.70399946189206e-15,"4","WARS"
1.73648791006346e-19,2.66022885892443,0.324,0.168,3.99617962742904e-15,"4","UVRAG"
4.58526981938654e-19,0.989423651480854,0.785,0.79,1.05520814353542e-14,"4","PFDN5"
4.90390245114049e-19,2.01913417500413,0.528,0.389,1.12853507108096e-14,"4","SERPINB9"
5.44541553047575e-19,0.56583524168401,0.912,0.923,1.25315347602838e-14,"4","RPS23"
7.82957380246301e-19,0.548085006754074,0.906,0.903,1.80181981916081e-14,"4","RPL6"
1.02340290504115e-18,0.787486186928828,0.85,0.769,2.3551571053712e-14,"4","LAPTM5"
1.12849384913202e-18,1.79881995724182,0.543,0.427,2.59700289500752e-14,"4","SH3BP5"
1.12962459344675e-18,2.48132414789732,0.286,0.135,2.59960507689902e-14,"4","SYPL1"
1.58181466654239e-18,0.909322419022106,0.782,0.734,3.64023009211401e-14,"4","HNRNPDL"
5.72595549026689e-18,0.54526315781233,0.912,0.902,1.31771413697512e-13,"4","RPS25"
9.71285398348966e-18,1.60357736940872,0.614,0.554,2.23521908722048e-13,"4","ANXA7"
1.24318820779412e-17,2.15692959742661,0.437,0.291,2.86094902259662e-13,"4","GCA"
1.54104044246423e-17,2.35928160807298,0.28,0.133,3.54639637024294e-13,"4","PIKFYVE"
4.29047514630361e-17,2.16937377924808,0.425,0.286,9.87367045418849e-13,"4","STAT5B"
6.72192166146827e-17,0.375239351312425,0.959,0.972,1.54691583195369e-12,"4","RPL28"
8.32005689381217e-17,0.610636554095481,0.864,0.833,1.91469469297299e-12,"4","PPDPF"
9.93218754602814e-17,0.696382777467819,0.844,0.828,2.28569431996746e-12,"4","DDX5"
1.77619000218122e-16,0.564940899292163,0.885,0.868,4.08754605201965e-12,"4","YWHAB"
2.18897018120425e-16,0.449263495027528,0.985,0.983,5.03747707800533e-12,"4","RPL13A"
2.42737224958864e-16,2.04002079286496,0.445,0.324,5.58611175797833e-12,"4","HLA-DOA"
2.47405050252299e-16,1.44745793127837,0.628,0.565,5.69353242145615e-12,"4","RNF187"
2.58915217887033e-16,1.24262715600368,0.646,0.59,5.9584159092343e-12,"4","SP100"
3.52102595925587e-16,0.466067617716257,0.906,0.89,8.10293704003552e-12,"4","RPS28"
3.80812108441133e-16,2.27502714609812,0.33,0.188,8.76362905155579e-12,"4","NEDD9"
3.90574571245523e-16,0.636017676914425,0.861,0.841,8.98829260807323e-12,"4","CALM1"
4.78148683344014e-16,1.51286509349094,0.578,0.487,1.10036356497958e-11,"4","UBE2Z"
6.88029973834485e-16,1.04838246735385,0.74,0.753,1.5833633787853e-11,"4","CFLAR"
7.8205464417413e-16,1.31358429982612,0.64,0.578,1.79974235263793e-11,"4","COMMD6"
9.13678969574019e-16,1.56760981556386,0.457,0.306,2.10264941268069e-11,"4","IFITM2"
1.30724338973702e-15,1.00134371096087,0.77,0.774,3.00835921280181e-11,"4","VOPP1"
1.30931713837479e-15,0.51551506633061,0.92,0.855,3.0131315305419e-11,"4","HSP90AB1"
1.38594651001572e-15,0.762804660168715,0.796,0.708,3.18947870349918e-11,"4","ARPC1B"
2.01676768006138e-15,2.15196432115493,0.395,0.257,4.64118746212524e-11,"4","NFKB2"
2.20160488461976e-15,0.579140310328239,0.879,0.867,5.06655332097545e-11,"4","H3F3B"
3.2281239562504e-15,1.36618809280472,0.56,0.457,7.42888166051905e-11,"4","SERPINB1"
3.27193193695408e-15,2.16689583675136,0.386,0.253,7.52969696651241e-11,"4","WDFY1"
3.47375494107465e-15,1.59931726350586,0.575,0.519,7.9941522458951e-11,"4","CDC42SE2"
4.34799631521919e-15,1.52615547828386,0.552,0.449,1.00060439202139e-10,"4","YBX3"
5.32641404883056e-15,1.18614067648269,0.64,0.544,1.22576766505738e-10,"4","VASP"
5.78318161314651e-15,2.49316668693041,0.307,0.17,1.33088358463341e-10,"4","ZNF107"
7.9292299095291e-15,0.49940851795704,0.956,0.951,1.82475367907993e-10,"4","RPL11"
9.63817825275702e-15,0.464769657313023,0.929,0.924,2.21803396130697e-10,"4","ATP5E"
1.03983307568158e-14,1.81059104633677,0.519,0.426,2.39296785706603e-10,"4","RHOH"
1.13576860007812e-14,1.600874334139,0.575,0.51,2.61374427935977e-10,"4","IKZF1"
1.18319089161076e-14,1.53990954512445,0.528,0.411,2.72287719886385e-10,"4","ARID4B"
1.2832508988445e-14,1.64126848080678,0.534,0.438,2.95314529351086e-10,"4","MAP4K4"
2.13927588520708e-14,0.459532943516834,0.885,0.898,4.92311559462706e-10,"4","RPL4"
2.28819164698917e-14,1.71572948770728,0.487,0.37,5.26581543721617e-10,"4","PMAIP1"
2.33556538007077e-14,1.14689331603836,0.622,0.522,5.37483660915686e-10,"4","B4GALT1"
3.03926541222489e-14,2.10062617206995,0.28,0.148,6.99426149315315e-10,"4","ZBTB4"
3.35650298676309e-14,1.72071853330933,0.537,0.445,7.7243203234379e-10,"4","KIAA1551"
3.46612307869902e-14,0.611652558091364,0.92,0.921,7.97658904101006e-10,"4","EIF1"
3.94286280301171e-14,0.991709854817297,0.696,0.64,9.07371016857086e-10,"4","MOB1A"
4.06547559459433e-14,1.59030560074484,0.549,0.482,9.35587898583992e-10,"4","IFNGR2"
6.812457991241e-14,0.985462262280067,0.714,0.717,1.56775095752429e-09,"4","EZR"
1.22084459732701e-13,2.24054767257085,0.345,0.219,2.80952967182864e-09,"4","NFATC2"
2.10123933243536e-13,1.15730446235054,0.661,0.642,4.83558207573349e-09,"4","CAST"
3.20417382503825e-13,0.829244421330389,0.755,0.739,7.37376522356053e-09,"4","WIPF1"
4.29570734324456e-13,2.03159841555259,0.286,0.159,9.88571130900871e-09,"4","IL10RA"
4.35475498718341e-13,1.85116510712207,0.431,0.327,1.00215976520052e-08,"4","GRHPR"
4.84136390771494e-13,2.13087089881606,0.383,0.259,1.11414307608244e-08,"4","TRAC"
5.29085598500564e-13,1.80103869223771,0.493,0.399,1.21758468782935e-08,"4","KIAA1430"
5.87394880600657e-13,1.0902374630838,0.723,0.699,1.35177183872629e-08,"4","MATR3"
5.98519771915694e-13,1.676257579649,0.493,0.401,1.37737355110959e-08,"4","SAMSN1"
6.18850286598049e-13,0.854282404706551,0.749,0.699,1.42416016454809e-08,"4","MBNL1"
1.00851934511074e-12,1.83326757857756,0.431,0.324,2.32090556890335e-08,"4","HLA-DMB"
1.0284414445167e-12,1.45441237020942,0.543,0.484,2.36675229626628e-08,"4","RP11-220I1.1"
1.05373595132187e-12,2.35768009761311,0.336,0.216,2.42496254477702e-08,"4","IFIH1"
1.23061640822185e-12,0.622643042808164,0.799,0.807,2.83201754024093e-08,"4","HCLS1"
1.24495768866856e-12,2.24173263285566,0.301,0.178,2.86502112893296e-08,"4","DLGAP4"
1.36048084961385e-12,1.04794785964954,0.681,0.645,3.13087457921635e-08,"4","GLS"
2.12931272943062e-12,0.690747599064453,0.788,0.754,4.90018738423868e-08,"4","PRDX1"
2.32987103541086e-12,0.863824797790954,0.746,0.732,5.361732213791e-08,"4","ATXN2L"
2.42550249528072e-12,2.0094170296808,0.395,0.279,5.58180889238953e-08,"4","PARP14"
2.4603562598644e-12,0.868518059604891,0.746,0.724,5.66201786082595e-08,"4","TAP1"
3.45026224297149e-12,1.55922792285458,0.504,0.424,7.94008849975028e-08,"4","ETV6"
3.76903268422432e-12,1.14748278395062,0.611,0.558,8.67367491620544e-08,"4","CAB39"
4.01358308607139e-12,1.1270528422101,0.617,0.589,9.23645875597609e-08,"4","RFTN1"
4.50729547928975e-12,1.2436821000508,0.614,0.527,1.03726390864895e-07,"4","FAM60A"
4.91677163941439e-12,0.63316799038926,0.788,0.739,1.13149665737843e-07,"4","SUMO2"
1.05924871273724e-11,1.48923900018596,0.475,0.371,2.4376490626222e-07,"4","RAB31"
1.27335829150143e-11,2.01818250800773,0.395,0.291,2.93037943623224e-07,"4","NMI"
1.39854386714251e-11,0.351254811313108,0.982,0.991,3.21846900145507e-07,"4","RPS18"
1.98772084722305e-11,0.314559341057519,0.988,0.987,4.57434198571441e-07,"4","RPS6"
2.01896894501456e-11,0.366507685094068,0.953,0.935,4.64625323316202e-07,"4","RPL9"
2.14812388417357e-11,1.32833717622592,0.578,0.527,4.94347749464863e-07,"4","RAB10"
2.17713700189856e-11,1.21405027164426,0.64,0.613,5.01024538246916e-07,"4","SP110"
2.382808403644e-11,1.31809307275881,0.516,0.437,5.48355697930593e-07,"4","HLA-F"
2.56078275401209e-11,0.659233316638729,0.799,0.755,5.89312935180801e-07,"4","GNB1"
2.79456496256285e-11,0.344767577915195,0.965,0.977,6.43113234834588e-07,"4","RPL37"
2.80589895143729e-11,0.590569429598955,0.917,0.92,6.45721525694263e-07,"4","TMBIM6"
2.90465528444369e-11,2.07851829617387,0.313,0.198,6.68448320609027e-07,"4","KIAA0922"
3.51567264892292e-11,1.72302518136438,0.445,0.351,8.09061746696632e-07,"4","PARP9"
4.06500675166734e-11,2.16813545659817,0.274,0.161,9.35480003761206e-07,"4","B4GALT5"
4.15512422128905e-11,0.728631492957656,0.743,0.725,9.5621873704525e-07,"4","SLC38A1"
4.33726176556485e-11,1.42940355932581,0.528,0.479,9.98134050109439e-07,"4","R3HDM4"
4.49433842240809e-11,0.885342925729689,0.714,0.658,1.03428210114877e-06,"4","RAB7A"
7.70864222344138e-11,1.16920550009012,0.596,0.54,1.77398983488056e-06,"4","BANK1"
9.57430443422413e-11,0.42221297731547,0.873,0.801,2.203334679448e-06,"4","TPM3"
1.06384148165858e-10,1.28407136920945,0.56,0.515,2.44821840174089e-06,"4","BTG1"
1.0705883581673e-10,1.92379187254867,0.442,0.364,2.46374498865041e-06,"4","ABI1"
1.24403607900734e-10,1.36407761638511,0.56,0.516,2.8629002286196e-06,"4","FURIN"
1.48182779699311e-10,0.824674466851484,0.714,0.72,3.41013030922025e-06,"4","MSN"
1.53770199276913e-10,1.60757345170604,0.454,0.376,3.53871359595961e-06,"4","TMEM131"
1.74040913245669e-10,1.31500952497105,0.46,0.364,4.00520353652258e-06,"4","RALGPS2"
2.12389524268814e-10,0.559104050105227,0.835,0.788,4.88772012199823e-06,"4","CNN2"
2.25195342222551e-10,1.36339377909603,0.558,0.514,5.18242041056756e-06,"4","MDFIC"
2.4785793925639e-10,2.21070132355348,0.283,0.176,5.7039547561073e-06,"4","CD274"
2.48352554079055e-10,1.34214615073312,0.552,0.495,5.71533732702129e-06,"4","STAT1"
3.1455560167195e-10,0.328132051576142,0.938,0.956,7.23886806127659e-06,"4","RPS12"
3.21533418967894e-10,0.717122292304323,0.799,0.813,7.39944857070814e-06,"4","SON"
3.43132625286427e-10,0.474496777762252,0.841,0.824,7.89651110571653e-06,"4","RPL22"
3.64381853540527e-10,0.311785602783709,0.982,0.979,8.38551959552814e-06,"4","RPL32"
4.13332976134183e-10,1.20312863003263,0.575,0.544,9.51203177977595e-06,"4","IRF2BP2"
4.70755278765822e-10,1.08052118607849,0.605,0.562,1.08334912302379e-05,"4","FNBP1"
5.12444509833036e-10,0.324989989592896,0.109,0.291,1.17928855047876e-05,"4","RPL10P3"
5.7305788143745e-10,1.52860485925191,0.277,0.161,1.318778102552e-05,"4","SMIM14"
5.95363904131183e-10,0.29612637648958,0.1,0.273,1.37011095257709e-05,"4","CEP78"
6.25969986032418e-10,1.76614512906174,0.528,0.464,1.4405447288564e-05,"4","ATF5"
7.46562455299021e-10,1.25623733844013,0.301,0.184,1.71806417837964e-05,"4","ID3"
7.5233811353145e-10,0.376407289745511,0.962,0.967,1.73135570066993e-05,"4","RPL13"
8.74892973571553e-10,0.64457095288593,0.785,0.841,2.01339120008022e-05,"4","RPL18A"
8.85048530997441e-10,1.48879411032159,0.56,0.544,2.03676218438441e-05,"4","ANAPC16"
9.0658346838121e-10,0.296686232400616,0.177,0.405,2.08632053578568e-05,"4","RP11-112J1.1"
9.11961674140999e-10,1.03534042890904,0.64,0.613,2.09869740070068e-05,"4","CSK"
1.07763721144992e-09,1.52721637272693,0.407,0.308,2.47996651470971e-05,"4","PACS1"
1.09950253135594e-09,0.318053693583787,0.112,0.29,2.53028517540942e-05,"4","PINX1"
1.11668444105787e-09,1.24282973830116,0.575,0.569,2.56982590420647e-05,"4","TMBIM4"
1.22261642585257e-09,0.635632136593025,0.77,0.747,2.81360718081451e-05,"4","TXN"
1.36986769433788e-09,0.399780641079619,0.906,0.901,3.15247652497977e-05,"4","RPS3A"
1.47055428617375e-09,0.677790560133497,0.732,0.72,3.38418657877164e-05,"4","MYH9"
1.59915931666636e-09,0.36514848183087,0.982,0.977,3.68014533544429e-05,"4","ACTB"
1.73504361189642e-09,0.276758509194849,0.165,0.363,3.99285586405722e-05,"4","RAB18"
1.91575399355902e-09,1.00554443262044,0.643,0.633,4.40872466537737e-05,"4","COX17"
1.95708892841325e-09,1.98182026365194,0.301,0.2,4.50384875095742e-05,"4","BMF"
2.19219604171207e-09,1.09835141744306,0.605,0.57,5.044900750792e-05,"4","LITAF"
2.5068728721268e-09,1.33610462905785,0.531,0.489,5.7690665406254e-05,"4","IDI1"
2.65451338843029e-09,1.75056161586893,0.401,0.321,6.10883166079462e-05,"4","TAB2"
2.73824675135506e-09,0.988134258421733,0.631,0.627,6.3015272488934e-05,"4","CCDC50"
3.01639950142895e-09,1.00373629982535,0.587,0.506,6.94164017263845e-05,"4","AHNAK"
3.02977369386832e-09,1.79807364297783,0.49,0.423,6.97241820169917e-05,"4","TMEM154"
4.10881298297278e-09,0.250817909778729,0.112,0.279,9.45561131771526e-05,"4","CMC1"
4.39885181620782e-09,1.61193462122044,0.422,0.352,0.00010123077684639,"4","IER5"
4.41510793170564e-09,0.565951003269946,0.805,0.788,0.000101604878832342,"4","MORF4L1"
4.65323659641777e-09,1.86404377161196,0.363,0.273,0.000107084933793362,"4","CAMK2D"
4.70728335000634e-09,0.301940755359663,0.168,0.366,0.000108328711733696,"4","PPP2R2D"
4.95756561964562e-09,0.353936911712787,0.92,0.929,0.000114088457604905,"4","RPS21"
5.26991177331382e-09,1.99866244104008,0.33,0.236,0.000121276479639271,"4","STAT5A"
5.44744537049744e-09,0.440528686662666,0.844,0.805,0.000125362060311258,"4","BTF3"
5.51149761377477e-09,1.6332968187302,0.401,0.313,0.000126836094585799,"4","KIF1C"
5.97422768374456e-09,1.22827478176908,0.549,0.555,0.000137484901686013,"4","LIMS1"
6.78225377548381e-09,1.89558006020353,0.333,0.235,0.000156080006135209,"4","SERTAD2"
7.18372490103354e-09,1.25996911621054,0.493,0.434,0.000165319061147485,"4","LINC00657"
8.39115957138033e-09,0.683835861013228,0.746,0.755,0.000193105755216176,"4","RAD23A"
8.69481640877478e-09,1.14535446974005,0.398,0.295,0.000200093810015134,"4","YPEL5"
8.88050802142537e-09,0.464571231435885,0.858,0.866,0.000204367131097062,"4","SLC25A6"
1.12265352760495e-08,1.01251037068256,0.546,0.505,0.000258356256307727,"4","VAMP2"
1.17915189945974e-08,1.17491850441146,0.578,0.562,0.000271358226622669,"4","KMT2A"
1.19355894369227e-08,0.867544899256235,0.676,0.688,0.000274673719711903,"4","VAMP8"
1.25536740650178e-08,1.98588840806697,0.257,0.162,0.000288897701258254,"4","SGPP1"
1.32700457605041e-08,0.962855936042456,0.655,0.664,0.00030538356308648,"4","MTHFD2"
1.41640509265275e-08,1.51986606990717,0.472,0.429,0.000325957303972178,"4","RASSF2"
1.50659927706749e-08,0.334436055312203,0.929,0.913,0.000346713691631542,"4","RPL5"
1.64813897639875e-08,0.347404789017914,0.201,0.4,0.000379286222638645,"4","LY6E"
1.69595010460686e-08,0.319683365153265,0.962,0.957,0.000390288997573177,"4","RPL8"
1.71734352325368e-08,1.58528191489874,0.499,0.462,0.000395212265006369,"4","TNIP1"
1.80245135535653e-08,1.58932066240027,0.457,0.408,0.000414798130408199,"4","IL21R"
1.922668528065e-08,1.85331246766966,0.381,0.309,0.000442463708363599,"4","GNA12"
2.11154957297535e-08,0.904454100923726,0.628,0.593,0.000485930903228817,"4","PRR13"
2.16046393555561e-08,0.282813882762415,0.201,0.391,0.000497187565489412,"4","CHAMP1"
2.42869955193098e-08,0.751055983407343,0.714,0.708,0.000558916627885877,"4","CD53"
2.56840552513544e-08,1.20006885555613,0.501,0.457,0.000591067163499418,"4","KDM2A"
2.90066472611421e-08,0.359082462216177,0.15,0.329,0.000667529973420663,"4","FOXK2"
3.08558165839021e-08,1.85349104756496,0.336,0.251,0.00071008490704534,"4","PCNX"
3.3360825069482e-08,0.255155016293252,0.227,0.427,0.000767732667323988,"4","RTCA"
3.46675246814324e-08,0.688704378488318,0.746,0.795,0.000797803745493803,"4","HERPUD1"
3.57282459653672e-08,1.48092909048576,0.463,0.414,0.000822214124400996,"4","PHF11"
3.92776908451541e-08,1.86969691694624,0.283,0.19,0.00090389749941953,"4","CEBPB"
4.16661456499555e-08,0.471587265515547,0.118,0.277,0.000958863009842426,"4","DDX56"
4.30515032801439e-08,1.15572749420179,0.596,0.568,0.000990744244985951,"4","ELOVL5"
4.63433023003667e-08,1.53520586582156,0.442,0.384,0.00106649841583834,"4","GRINA"
4.83864800502943e-08,0.285719822679571,0.18,0.368,0.00111351806539742,"4","HIATL1"
5.36092918755974e-08,1.91227008029867,0.319,0.234,0.00123371063393312,"4","DTX3L"
5.67827617163029e-08,1.32441418576764,0.54,0.542,0.00130674169537728,"4","TMEM123"
6.02692025899953e-08,0.678539799870589,0.72,0.695,0.00138697515920356,"4","PTGES3"
6.06291131619136e-08,0.893089772162253,0.631,0.622,0.00139525778119512,"4","LIMD2"
6.13922733019512e-08,0.404634992564496,0.147,0.317,0.0014128203854978,"4","MAK16"
6.15818346079657e-08,0.573846494659133,0.767,0.758,0.00141718275983311,"4","CAPNS1"
6.76236474650426e-08,0.287555910241378,0.286,0.514,0.00155622299911303,"4","FAM192A"
6.8375606726602e-08,0.495251460189966,0.814,0.816,0.00157352783759929,"4","COX7C"
7.24913405410647e-08,0.334497566152553,0.168,0.344,0.00166824321987152,"4","MRRF"
7.39320342463033e-08,0.296196848543025,0.245,0.45,0.00170139790411018,"4","PBRM1"
7.43013323542822e-08,2.40374760459951,0.28,0.195,0.0017098965614691,"4","SOS2"
7.89738792209439e-08,0.616078809064495,0.693,0.669,0.00181742588251158,"4","MYL12B"
8.34312321414561e-08,0.856280898505348,0.684,0.701,0.00192000294527133,"4","SCAMP2"
8.99404289739979e-08,1.68890239220906,0.478,0.459,0.00206979909197861,"4","CCND3"
9.61931703989522e-08,1.65138101770721,0.419,0.354,0.00221369343039109,"4","RHOF"
9.75079340373625e-08,0.454938838087606,0.867,0.814,0.00224395008600182,"4","NAP1L1"
1.00483388956347e-07,0.362973723585231,0.139,0.302,0.00231242423005242,"4","C20orf27"
1.16179150018446e-07,1.12852510636019,0.478,0.407,0.0026736307793745,"4","ZFP36L1"
1.25162315976204e-07,2.01832182143232,0.268,0.183,0.00288036037756038,"4","MORC3"
1.38335040780433e-07,0.270869674936429,0.159,0.329,0.00318350429348011,"4","BRD8"
1.40106606958159e-07,1.1890228363033,0.546,0.517,0.00322427334592811,"4","ITSN2"
1.47353622918097e-07,0.376217413433655,0.876,0.847,0.00339104892421416,"4","LCP1"
1.51087706819512e-07,0.723408908251489,0.637,0.59,0.00347698139703743,"4","HSPH1"
1.51616063912872e-07,0.428386430020814,0.174,0.35,0.00348914047882692,"4","CISD1"
1.55492991695595e-07,2.12910150784728,0.283,0.2,0.00357836021789073,"4","MTSS1"
1.6486930023453e-07,1.43407703456061,0.504,0.481,0.00379413720629723,"4","CYLD"
1.66333384870446e-07,0.424229882075466,0.118,0.271,0.00382783018602358,"4","METTL13"
1.67476804998417e-07,0.274332262277106,0.118,0.265,0.00385414371342858,"4","ZNF428"
1.69535525136644e-07,1.5774220692309,0.401,0.331,0.00390152103996958,"4","ZMIZ2"
1.84496279145698e-07,0.260545684284229,0.221,0.416,0.00424581287197994,"4","RNPEP"
1.84746482891793e-07,0.283738983441869,0.923,0.888,0.00425157081078884,"4","ACTG1"
1.88095869622193e-07,0.562458979286563,0.749,0.76,0.00432865024761554,"4","CD44"
1.90389289513998e-07,0.720358275929632,0.687,0.66,0.00438142871958564,"4","ST13"
1.92273478832521e-07,0.349133242965141,0.186,0.37,0.00442478956837281,"4","ZNF302"
2.07568333438673e-07,0.88675476937554,0.634,0.66,0.00477677005742418,"4","TAX1BP1"
2.21815303919223e-07,1.68108983570712,0.378,0.31,0.00510463558909308,"4","DOCK10"
2.33474351554825e-07,2.15225293773525,0.286,0.206,0.00537294525233118,"4","WDFY4"
2.35355107107707e-07,0.661690811049393,0.894,0.915,0.00541622707986966,"4","EEF1A1"
2.45255119868338e-07,1.27249111122003,0.543,0.551,0.00564405607353007,"4","KMT2E"
2.50789276913568e-07,0.511926525952102,0.118,0.262,0.00577141362961194,"4","NUP155"
2.57631523429841e-07,0.423594198244067,0.118,0.265,0.00592887424869094,"4","ORC3"
2.69615338685996e-07,0.35419832994814,0.15,0.312,0.00620465778918082,"4","MYCBP"
2.72751939029507e-07,2.20887761042269,0.251,0.169,0.00627684037288603,"4","PHF15"
2.7796261038848e-07,0.369835112499604,0.153,0.315,0.00639675355287009,"4","FBXO45"
2.82915147131125e-07,0.498206341663843,0.136,0.292,0.00651072628092859,"4","CRBN"
2.86861644502062e-07,0.506329165413758,0.835,0.844,0.00660154702492596,"4","RBM39"
3.18294067963024e-07,0.25723762288654,0.18,0.355,0.00732490138603307,"4","INTS10"
3.20677696133442e-07,1.80785751766692,0.295,0.21,0.00737975582111891,"4","LNPEP"
3.25164395585731e-07,0.652954537365785,0.699,0.642,0.00748300823561443,"4","UBE2N"
3.29886975452824e-07,1.39043595385216,0.487,0.468,0.00759168896609584,"4","CLIP1"
3.50145696665298e-07,0.266086218909672,0.319,0.534,0.0080579029173585,"4","RBM22"
3.60372258301206e-07,0.867818732585299,0.614,0.627,0.00829324678028565,"4","BRK1"
3.73782534244372e-07,1.2775869855981,0.487,0.46,0.00860185746056573,"4","INPP5D"
3.75145000008066e-07,0.427234303993939,0.162,0.332,0.00863321188518563,"4","L3MBTL2"
3.95192450644601e-07,1.43194330067633,0.407,0.336,0.0090945638666842,"4","BHLHE40"
4.21386180432006e-07,0.255950438044148,0.168,0.339,0.00969736017028175,"4","AGPS"
4.26239262499298e-07,1.04007885927403,0.593,0.609,0.00980904414789634,"4","CYFIP2"
4.40633449538322e-07,0.67655596898971,0.702,0.639,0.0101402975742254,"4","MTPN"
4.9559563691162e-07,0.392680596604261,0.779,0.797,0.0114051423922471,"4","NEAT1"
4.976864165825e-07,0.324639826289596,0.192,0.361,0.0114532575048131,"4","SIKE1"
4.97997109243876e-07,0.415600407829099,0.853,0.861,0.0114604074750293,"4","AES"
5.07175990859763e-07,1.86286541518614,0.398,0.346,0.0116716410776557,"4","TBC1D5"
5.12387794690258e-07,0.281838249961531,0.112,0.252,0.0117915803192069,"4","VGLL4"
5.24908728444209e-07,0.461971943141648,0.139,0.29,0.0120797245676866,"4","SCLT1"
5.78460629579785e-07,1.74367733453583,0.336,0.258,0.0133121144685196,"4","MARCKS"
6.56013613156328e-07,1.78767107804663,0.307,0.229,0.0150968412795666,"4","NFKBIZ"
6.72682144736467e-07,0.292800685789543,0.118,0.258,0.0154804341968203,"4","DHX8"
6.96730647105509e-07,0.485510948826015,0.794,0.72,0.0160338623818391,"4","CAP1"
7.84037477297143e-07,0.358923659531914,0.841,0.824,0.0180430544650391,"4","YWHAZ"
7.87868055970705e-07,0.29012253321167,0.195,0.369,0.0181312075720538,"4","STARD3NL"
7.91764138732575e-07,1.61839058475168,0.422,0.38,0.0182208681246527,"4","PXK"
8.05340519313356e-07,1.62529069728287,0.383,0.325,0.0185333013709583,"4","RERE"
8.14580079400956e-07,1.0419228465932,0.513,0.472,0.0187459313672542,"4","CTSS"
8.2876764134686e-07,1.38312261492221,0.378,0.312,0.0190724297303153,"4","DGKA"
9.48688346734035e-07,0.305332856699067,0.206,0.385,0.0218321649233904,"4","GPX4"
9.69698005805088e-07,0.259456040532902,0.139,0.277,0.0223156602075925,"4","C12orf23"
1.12952376802829e-06,0.338237716974583,0.153,0.305,0.025993730473635,"4","SGCB"
1.13459796372903e-06,0.576503094912016,0.171,0.341,0.0261105029392963,"4","CPSF7"
1.17003160914531e-06,0.671091855654864,0.723,0.731,0.026925937421261,"4","SEPT2"
1.34417243850675e-06,0.265371762958202,0.147,0.3,0.0309334403273558,"4","FAM120AOS"
1.37978031326879e-06,0.492600737262463,0.15,0.304,0.0317528843492547,"4","KDM2B"
1.45651394042207e-06,0.315889400329669,0.159,0.312,0.0335187553109332,"4","AAAS"
1.4686383512697e-06,1.74083360856534,0.263,0.182,0.0337977743777696,"4","ABLIM1"
1.61474366177218e-06,1.62112455979068,0.419,0.375,0.0371600958883631,"4","GNG2"
1.72974132442278e-06,0.255382259218602,0.121,0.26,0.0398065370989414,"4","AP1M1"
1.77870549982339e-06,0.325452145910515,0.192,0.354,0.0409333496674357,"4","DCP2"
1.8031641293754e-06,1.88949273179402,0.265,0.191,0.0414962161093161,"4","PARP15"
1.85419347875388e-06,0.38387978930148,0.867,0.883,0.042670554526563,"4","FAU"
1.92638164154265e-06,1.61288758073435,0.295,0.218,0.044331820716821,"4","ZC3H12A"
1.9698855566196e-06,0.825251821519896,0.59,0.59,0.0453329763144869,"4","ANKRD11"
1.97006384845615e-06,1.77925582891544,0.251,0.172,0.0453370793445215,"4","OFD1"
1.97875559420375e-06,0.705018960996168,0.678,0.667,0.0455371024894108,"4","RAP1A"
2.03185046003838e-06,0.329826860866187,0.861,0.83,0.0467589746368632,"4","RHOA"
2.2586832077022e-06,0.333529627677526,0.121,0.256,0.0519790766588507,"4","BTBD6"
2.32516764565988e-06,0.261027056205571,0.118,0.253,0.0535090830295709,"4","PTRH2"
2.39809236310385e-06,1.82381396796448,0.407,0.377,0.0551872995521089,"4","SOD2"
2.43177390670171e-06,1.83471594937846,0.357,0.305,0.0559624129149264,"4","MAPK1"
2.44529505394165e-06,0.448943329862266,0.139,0.28,0.0562735750763592,"4","TMEM39A"
2.45765727621431e-06,2.18910700641829,0.26,0.188,0.0565580668975199,"4","MAFG"
2.53599018240196e-06,1.11686895036208,0.584,0.614,0.0583607420676163,"4","MAP1LC3B"
2.70607296783963e-06,1.9728738678872,0.268,0.194,0.0622748572088934,"4","PLEKHF2"
2.78955606363239e-06,0.337094547578499,0.212,0.396,0.0641960536923723,"4","ZNF580"
2.81439578279747e-06,0.535714485736803,0.26,0.458,0.0647676901495183,"4","TRAPPC3"
2.91958553580886e-06,0.345522880241979,0.159,0.306,0.0671884219355694,"4","SLC25A12"
2.94291475184162e-06,1.47036133698285,0.31,0.231,0.0677252971841312,"4","RP4-765C7.2"
2.99934784443876e-06,1.72277869496879,0.333,0.273,0.0690239919440692,"4","IKZF3"
3.12786272099653e-06,0.562181668672185,0.115,0.25,0.0719815047982931,"4","PSEN1"
3.16806888910959e-06,2.02400361586856,0.298,0.231,0.072906769345079,"4","KIAA0430"
3.47685263200859e-06,0.303922578477432,0.239,0.43,0.0800128096204137,"4","YDJC"
3.55500028508578e-06,0.347496509795564,0.174,0.332,0.081811221560679,"4","SNRPEP4"
3.5735882917382e-06,1.603069372963,0.375,0.318,0.0822389873577712,"4","VPS13C"
3.72232702187361e-06,1.49198345277663,0.386,0.327,0.0856619117543775,"4","CDK14"
3.82246890923157e-06,0.390210591929764,0.174,0.331,0.0879664770081461,"4","WDR12"
4.00449295354711e-06,1.59121185556802,0.357,0.297,0.0921553963399796,"4","JMJD1C"
4.1131699815207e-06,0.274713050822659,0.198,0.361,0.0946563807847358,"4","GFM1"
4.1743553012383e-06,1.85923013099411,0.28,0.208,0.096064438547397,"4","SIPA1L1"
4.18924988916223e-06,0.474171644054906,0.124,0.258,0.0964072076992905,"4","MVK"
4.30804747167707e-06,0.290669728394651,0.242,0.419,0.0991410964657043,"4","MRPL47"
4.49416339079367e-06,0.331055779293319,0.327,0.534,0.103424182112335,"4","RABGGTB"
4.52064365484746e-06,0.961511449503747,0.599,0.588,0.104033572429005,"4","PTBP3"
4.57157783200662e-06,0.274320475601558,0.142,0.277,0.105205720647968,"4","IVD"
4.58608784577053e-06,0.657389420876503,0.714,0.774,0.105539639594717,"4","PSAP"
4.76341537347083e-06,0.276699506790077,0.941,0.936,0.109620477989684,"4","RPL19"
4.77023906195071e-06,0.280274512515901,0.257,0.444,0.109777511532672,"4","TYW3"
4.83756408088297e-06,0.46596968959826,0.206,0.379,0.11132686219336,"4","PNO1"
4.84724744567115e-06,1.42280622965682,0.28,0.203,0.11154970546723,"4","NBR1"
4.91720061873924e-06,1.93821284592517,0.319,0.253,0.113159537839046,"4","SETD2"
5.58007416069427e-06,0.435983984991587,0.236,0.416,0.128414246660057,"4","UBAC1"
5.61745386266039e-06,0.343450733461505,0.251,0.429,0.129274465741404,"4","IARS2"
5.70775389538719e-06,0.554240186190766,0.174,0.331,0.131352540394545,"4","APTX"
6.020630998013e-06,0.301627026242412,0.15,0.292,0.138552781157273,"4","MTMR2"
6.12286029217945e-06,0.363974945791908,0.136,0.265,0.140905383903926,"4","MYBBP1A"
6.28203549360063e-06,0.364157180651586,0.189,0.35,0.144568482814231,"4","RBM10"
6.3659586606161e-06,0.517949519402688,0.127,0.261,0.146499806656758,"4","THAP1"
6.47937020009738e-06,0.41588997884819,0.239,0.421,0.149109746414841,"4","PDS5B"
6.54375404375104e-06,0.321473220352098,0.192,0.354,0.150591411808843,"4","CRLS1"
6.5539532078599e-06,0.481935745530689,0.233,0.424,0.15082612517248,"4","MED8"
6.60963464362403e-06,0.38991864687584,0.183,0.337,0.15210752205372,"4","DLD"
6.75815337046622e-06,0.587686753945317,0.684,0.648,0.155525383514539,"4","DNAJA1"
7.43733063133638e-06,0.310107055054789,0.201,0.356,0.171155289818944,"4","PTRHD1"
7.87917294307857e-06,0.256540738181938,0.195,0.354,0.181323406939067,"4","KPNA1"
8.45483738773176e-06,0.33319906768211,0.212,0.381,0.194571172803871,"4","ZCCHC17"
9.51523285385214e-06,0.552390823825811,0.183,0.339,0.218974053665699,"4","DDX41"
9.52499724470204e-06,0.309029569675912,0.162,0.303,0.219198761592328,"4","PSMD5"
9.56209657815868e-06,1.18499562685848,0.611,0.676,0.220052528553166,"4","UCP2"
9.70422247367422e-06,0.706510434595183,0.177,0.337,0.223323271786665,"4","C1GALT1"
9.84445256757867e-06,0.286589153673028,0.248,0.434,0.226550386937688,"4","AIFM2"
9.98537298876553e-06,0.35474926107306,0.139,0.273,0.229793388590461,"4","SLC25A4"
1.00611281080034e-05,0.532984127580011,0.257,0.44,0.231536741149482,"4","VPS4B"
1.01457046801361e-05,0.415082896417189,0.236,0.409,0.233483101803972,"4","DUS1L"
1.01601809796248e-05,0.285909400264054,0.18,0.325,0.233816244884104,"4","SLC33A1"
1.01877301013163e-05,0.267573063658261,0.218,0.402,0.234450232821591,"4","RP11-40C6.2"
1.05261527383148e-05,0.32417665670033,0.204,0.369,0.242238352966837,"4","MAP2K3"
1.08834400392188e-05,0.273539215653416,0.239,0.408,0.250460605622541,"4","BPNT1"
1.09284256780234e-05,0.400351408683022,0.177,0.326,0.251495860128353,"4","FAM76B"
1.10320105002391e-05,0.488541218041578,0.764,0.764,0.253879657642003,"4","PTPRC"
1.12828229251611e-05,0.474845120675423,0.13,0.255,0.259651603976732,"4","CCAR2"
1.146884165738e-05,0.368858482564946,0.142,0.274,0.263932453061285,"4","TOMM34"
1.14698868826995e-05,1.11907855497876,0.519,0.528,0.263956506831563,"4","ASNS"
1.20905272032811e-05,0.826028858590245,0.614,0.653,0.278239302529107,"4","GARS"
1.21547064813594e-05,0.422607050981063,0.233,0.401,0.279716260255525,"4","MFAP1"
1.2206168730818e-05,1.62441892096552,0.386,0.349,0.280900561002315,"4","SNAP23"
1.25199538731159e-05,0.570491654160562,0.147,0.286,0.288121698482017,"4","ELP2"
1.25651310685415e-05,0.618997601198884,0.168,0.316,0.289161361280347,"4","MRPS30"
1.26248201581535e-05,0.3287605161741,0.127,0.254,0.290534986299587,"4","RUSC1"
1.26610543106604e-05,0.362436441418793,0.145,0.279,0.291368842851227,"4","CCDC107"
1.3037597922363e-05,0.289235365272476,0.206,0.366,0.30003424098734,"4","DNASE2"
1.34276147811032e-05,0.836806734780136,0.198,0.36,0.309009698957527,"4","MRPL44"
1.35566073998037e-05,0.335015124093928,0.192,0.346,0.311978206091683,"4","TSSC1"
1.36030955592868e-05,1.24238493237717,0.516,0.521,0.313048038105868,"4","GLTSCR2"
1.3726173472087e-05,1.00566813411769,0.522,0.541,0.315880430113137,"4","AKAP13"
1.45577149848019e-05,0.412336977223849,0.198,0.349,0.335016694945246,"4","RIOK1"
1.49732395312295e-05,0.517060664562707,0.189,0.347,0.344579161332186,"4","CD86"
1.51003859146368e-05,0.721314610561533,0.667,0.672,0.347505181053537,"4","MBD2"
1.54659415500252e-05,0.270333807384132,0.204,0.359,0.355917712890729,"4","ZDHHC12"
1.61725104689765e-05,0.367531339532276,0.814,0.794,0.372177983422555,"4","ARPC5"
1.62137448539219e-05,0.405930089086413,0.189,0.34,0.373126910323305,"4","CHCHD5"
1.62241027666765e-05,0.388202034736754,0.13,0.257,0.373365276969526,"4","ZNF271"
1.62603455387002e-05,0.367970662021735,0.283,0.471,0.374199331882108,"4","ATG12"
1.63172353478276e-05,0.551994195252166,0.735,0.695,0.375508537059557,"4","GAS5"
1.64801716110217e-05,0.362216680814067,0.245,0.425,0.379258189284443,"4","LTV1"
1.65711215117765e-05,0.361646364134764,0.195,0.342,0.381351219350513,"4","RASA2"
1.67619290318604e-05,0.790360934069148,0.611,0.623,0.385742272810204,"4","ROCK1"
1.71812580469004e-05,0.55630566962813,0.746,0.774,0.395392291433319,"4","SRP14"
1.73336976468904e-05,0.263597767175378,0.298,0.485,0.39890038394789,"4","SPOP"
1.73935950150616e-05,0.394043669395066,0.174,0.322,0.400278802081613,"4","SBDSP1"
1.80241996906032e-05,0.325928954893411,0.142,0.272,0.414790907479851,"4","SUPV3L1"
1.91057925725199e-05,0.349318326834021,0.171,0.311,0.4396816044714,"4","BTF3L4"
1.9393417825146e-05,0.58361392091433,0.136,0.262,0.446300724410084,"4","RCN2"
1.94321086048644e-05,0.309153751281081,0.162,0.3,0.447191115323744,"4","METTL2A"
1.97978739850442e-05,0.356265619252181,0.165,0.307,0.455608474017822,"4","SQRDL"
1.99107816067741e-05,1.36477120895419,0.428,0.4,0.458206817116692,"4","SMG1"
2.00160188586164e-05,1.30690084711331,0.407,0.365,0.46062864199334,"4","CYTH1"
2.02053704251222e-05,0.306956854125842,0.212,0.374,0.464986189593338,"4","RAD17"
2.02438636441421e-05,1.08371094142773,0.522,0.532,0.465872034042642,"4","WNK1"
2.1056967704711e-05,0.385336442398095,0.322,0.525,0.484583997788514,"4","EPN1"
2.20692642972048e-05,0.692236845544915,0.552,0.492,0.507879979271574,"4","S100A4"
2.20839980055567e-05,0.576284225026061,0.139,0.262,0.508219046101876,"4","FAM178A"
2.44087028632756e-05,0.39706686361145,0.168,0.305,0.561717478992562,"4","MRPL10"
2.46806579398035e-05,0.267387887596545,0.159,0.292,0.567975981168698,"4","XPNPEP1"
2.48424275691764e-05,1.98012979717648,0.304,0.251,0.571698785649456,"4","RASSF3"
2.54950746003845e-05,0.263914746323945,0.248,0.413,0.586718151778649,"4","PPP3CB"
2.55303511183075e-05,0.354906566597091,0.301,0.503,0.58752997028561,"4","BAG6"
2.56807154279572e-05,0.337953547962015,0.254,0.424,0.590990304143579,"4","AATF"
2.58018329211407e-05,0.321504211267718,0.145,0.266,0.59377758101421,"4","FBXO25"
2.58413651736598e-05,1.17545326631184,0.487,0.484,0.594687336741432,"4","EPS15"
2.66670120949208e-05,0.371352894334836,0.248,0.408,0.613687949340413,"4","CHTF8"
2.70958998390662e-05,0.491627177874034,0.183,0.331,0.62355794299643,"4","MED28"
2.73073957365282e-05,0.459457306412926,0.201,0.352,0.628425098084723,"4","DCTN5"
2.83355083439023e-05,0.297772820660873,0.133,0.253,0.652085053518224,"4","CCZ1"
2.84577862180652e-05,0.453630833454599,0.15,0.278,0.654899034236335,"4","MNAT1"
2.92931332852907e-05,0.388868356109711,0.215,0.37,0.674122876294395,"4","MAPRE2"
2.94651008137029e-05,0.398343005490887,0.242,0.416,0.678080365025744,"4","PPP6R3"
3.04907952471805e-05,0.452305883316931,0.15,0.281,0.701684671023365,"4","LIX1L"
3.13675451111761e-05,0.779118798491103,0.602,0.606,0.721861315643497,"4","HNRNPH3"
3.15133731010789e-05,0.408885321667049,0.218,0.372,0.725217255175129,"4","RBM15B"
3.15993772090835e-05,1.57522664230804,0.263,0.198,0.727196467712638,"4","RAB8B"
3.17722190548458e-05,0.637751606707032,0.72,0.754,0.731174077109167,"4","TLN1"
3.17722860048476e-05,0.418977111063739,0.183,0.321,0.731175617829559,"4","ACSL3"
3.23343215354407e-05,0.39193978830276,0.177,0.315,0.744109741495097,"4","NDEL1"
3.27313170985878e-05,0.516658654739607,0.254,0.434,0.7532458003898,"4","ZBTB8OS"
3.29799733603499e-05,0.279790261555781,0.15,0.276,0.758968126941733,"4","KIAA1279"
3.31234221119909e-05,0.387117325296058,0.139,0.263,0.762269313063246,"4","DPH5"
3.32256767545599e-05,1.59372411449415,0.327,0.276,0.764622499152687,"4","GGA3"
3.43980471892278e-05,1.77589901330522,0.271,0.209,0.7916022599657,"4","NCK2"
3.44142020884629e-05,0.467128644355774,0.785,0.77,0.791974032661796,"4","UBE2D3"
3.48595531725886e-05,1.06526369077919,0.481,0.467,0.802222897160781,"4","SH3BGRL"
3.50230316752367e-05,0.335825896582504,0.283,0.474,0.805985027942223,"4","LAMTOR2"
3.54641632117614e-05,0.50729240319383,0.171,0.312,0.816136787992265,"4","EHD4"
3.61852755231151e-05,0.319349231535798,0.257,0.436,0.832731745613447,"4","PRKAR2A"
3.63674283695187e-05,0.267586159553089,0.147,0.273,0.836923629067734,"4","CANT1"
3.64475206501072e-05,0.488945180408061,0.189,0.334,0.838766792720917,"4","UFSP2"
3.65644007981726e-05,1.67200816621937,0.327,0.281,0.841456555568345,"4","UBQLN2"
3.67836431782697e-05,0.817869730115873,0.64,0.683,0.84650198046152,"4","CIRBP"
3.6870643846356e-05,0.374502317988059,0.224,0.375,0.848504126836192,"4","ACBD6"
3.74926740732278e-05,0.655611795528137,0.661,0.699,0.862818908447191,"4","TERF2IP"
3.76685873076296e-05,0.42011792039971,0.142,0.263,0.866867199710479,"4","DCTN6"
3.81593662629456e-05,0.657696118484329,0.611,0.608,0.878161495809167,"4","CYB5B"
3.84151855313454e-05,0.435557352088487,0.159,0.295,0.884048664632852,"4","PIN4"
3.96522170029783e-05,0.540073874651753,0.153,0.287,0.912516469889541,"4","ASCC1"
3.9782648961501e-05,0.699166414910548,0.593,0.612,0.915518100551022,"4","ANKRD12"
4.02941168024467e-05,0.347830188858907,0.209,0.358,0.927288509974706,"4","CCNH"
4.05320836725129e-05,1.07254431094298,0.528,0.539,0.932764841555539,"4","IRF1"
4.11181965441724e-05,0.268502892754893,0.209,0.367,0.94625305707104,"4","TCF12"
4.13724028420045e-05,0.252965162732922,0.265,0.44,0.95210310660305,"4","PSMD3"
4.18347009687002e-05,0.276583666132266,0.383,0.579,0.962741973392697,"4","EIF3M"
4.20244617131926e-05,0.411279722507855,0.198,0.341,0.967108937405702,"4","AGPAT5"
4.23080000554174e-05,0.48278083449146,0.145,0.268,0.973634005275321,"4","RPRD2"
4.25984537684948e-05,0.382692954235627,0.221,0.374,0.98031821657437,"4","OARD1"
4.36867684811169e-05,0.673454756316556,0.147,0.276,1,"4","PIN1"
4.49356672237002e-05,0.547350675699508,0.139,0.258,1,"4","SS18"
4.66621082944933e-05,1.24737652061077,0.354,0.291,1,"4","CD82"
4.69492592856592e-05,0.312506339741302,0.189,0.323,1,"4","LONP2"
4.81160398501037e-05,1.58661722084286,0.354,0.318,1,"4","TMED8"
4.89193481092417e-05,0.274204354454765,0.174,0.307,1,"4","USP36"
4.89633208154315e-05,0.397957926501288,0.153,0.279,1,"4","ANAPC13"
4.91388864057981e-05,1.54866477758012,0.298,0.237,1,"4","STX12"
4.95806925967708e-05,0.432007314568582,0.168,0.301,1,"4","COG2"
5.01073201272482e-05,0.250388663132851,0.947,0.943,1,"4","RPS20"
5.05145232774734e-05,1.66082498171956,0.263,0.202,1,"4","NCOA1"
5.09457510033931e-05,1.49604242367168,0.378,0.348,1,"4","RNF41"
5.16278941385149e-05,0.382926716660489,0.189,0.331,1,"4","UBA6"
5.3598267148684e-05,0.386349432728933,0.829,0.804,1,"4","HNRNPA1"
5.42745222209059e-05,0.31376586438892,0.319,0.493,1,"4","NRAS"
5.46447017210567e-05,0.420856034832525,0.342,0.541,1,"4","CD79B"
5.46711365222446e-05,0.670126162452657,0.681,0.715,1,"4","PSMD4"
5.50975556813417e-05,0.481167858580284,0.248,0.414,1,"4","BRIX1"
5.56053274476198e-05,0.397504599225925,0.212,0.368,1,"4","EXOSC7"
5.58178274979371e-05,0.581329040587714,0.204,0.353,1,"4","PRKD3"
5.60506977141246e-05,0.293288083955249,0.145,0.268,1,"4","RCL1"
5.66125871988396e-05,0.273603136468451,0.145,0.268,1,"4","C14orf159"
5.78346813804064e-05,0.264131297989499,0.239,0.402,1,"4","CLASRP"
5.8491778952019e-05,0.491865286236288,0.735,0.79,1,"4","PRRC2C"
5.94217611120926e-05,0.351357389051289,0.183,0.317,1,"4","MAF1"
6.13435717824966e-05,0.305334766066033,0.15,0.274,1,"4","MED19"
6.14842367604401e-05,0.297503690467046,0.283,0.464,1,"4","MAT2A"
6.43526561241337e-05,0.496773482005118,0.142,0.26,1,"4","TMEM184C"
6.7527949181822e-05,0.3513702203678,0.139,0.258,1,"4","CAAP1"
6.82106827928269e-05,0.369532039265821,0.799,0.793,1,"4","GNAI2"
7.13128182613006e-05,0.352616073065621,0.165,0.292,1,"4","IDE"
7.14908546516477e-05,0.281012416211372,0.224,0.369,1,"4","BCL7B"
7.25979974581447e-05,1.50196358302585,0.301,0.245,1,"4","LACTB"
7.48618307258163e-05,0.487408575719153,0.295,0.479,1,"4","UBE2B"
7.68386276143907e-05,0.516503407778442,0.206,0.353,1,"4","TAF3"
7.79515779016966e-05,0.349479420346398,0.136,0.251,1,"4","PRKRA"
7.81967333710981e-05,0.944994511253881,0.549,0.586,1,"4","ADAR"
7.86494647899589e-05,0.502087344243054,0.23,0.391,1,"4","TMEM18"
7.99002593266633e-05,0.301044389266236,0.274,0.442,1,"4","SMIM15"
8.5094746998738e-05,0.257049213206551,0.165,0.291,1,"4","AEBP2"
8.86419838245713e-05,0.704706181084062,0.608,0.624,1,"4","RPS17"
9.07616934652041e-05,0.260255847290664,0.348,0.533,1,"4","MRPS14"
9.08943004468806e-05,0.511792334797508,0.183,0.315,1,"4","SLC39A6"
9.28558881073972e-05,0.413605271813187,0.224,0.366,1,"4","SART3"
9.30287755951406e-05,0.329973669906553,0.165,0.294,1,"4","NDE1"
9.48365106611479e-05,1.07804921735522,0.496,0.486,1,"4","USP12"
9.6082141818358e-05,0.46053439212501,0.165,0.294,1,"4","TIMM10B"
9.7897167962483e-05,2.13364063173958,0.292,0.249,1,"4","TMEM167B"
0.000105462926244516,1.56946867206589,0.389,0.363,1,"4","PSAT1"
0.000106145514933803,0.507459665064455,0.156,0.281,1,"4","KCTD5"
0.000106159924461279,0.343295773192405,0.263,0.422,1,"4","ATF6"
0.000107421670027135,0.255761262278486,0.201,0.335,1,"4","FAF1"
0.000111752858475483,0.325554606300533,0.313,0.499,1,"4","DAP3"
0.000115034140451705,0.31006763413937,0.248,0.412,1,"4","EIF2B5"
0.000117726602960544,0.351998701483993,0.292,0.481,1,"4","GRSF1"
0.000120748226420813,0.824268565821059,0.162,0.292,1,"4","ERI3"
0.000125250513438368,0.575602238296447,0.198,0.335,1,"4","MFSD10"
0.00012668665085442,0.35171338860684,0.192,0.324,1,"4","PITHD1"
0.000129828703052332,1.46338962379655,0.445,0.442,1,"4","PLEK"
0.000130467735613774,1.16281856407744,0.419,0.393,1,"4","BBX"
0.000137974749173611,0.339978484529919,0.147,0.264,1,"4","UBIAD1"
0.000139326054014106,1.47259205395782,0.348,0.31,1,"4","ARL2"
0.000142408677454002,0.378251772367845,0.233,0.394,1,"4","HTATSF1"
0.000143243525284016,0.371746886864127,0.171,0.299,1,"4","AP1S1"
0.000143874872530486,0.472822221968887,0.136,0.25,1,"4","ACTR6"
0.000143956635764648,0.336085360392189,0.224,0.378,1,"4","TRMT6"
0.000143991877992744,0.529068639570215,0.15,0.269,1,"4","FAM126B"
0.00014797882883302,0.273354017164809,0.168,0.294,1,"4","TMEM5"
0.000148881244038153,0.312896886126509,0.245,0.394,1,"4","SKIV2L2"
0.000156410227327872,0.425468450827367,0.212,0.355,1,"4","MRPS17"
0.000157143810191452,0.548461611403678,0.192,0.326,1,"4","OSBPL11"
0.000157645239197553,0.392547401192222,0.186,0.313,1,"4","RPUSD3"
0.000158582645334629,0.459679463969201,0.156,0.277,1,"4","MRPS28"
0.000161000391151008,0.378382654768094,0.142,0.254,1,"4","MMP24-AS1"
0.00016115384533847,0.508320871629809,0.189,0.32,1,"4","IREB2"
0.000163320392017771,0.498552131143264,0.268,0.439,1,"4","MRPS35"
0.000164150925038429,0.378587357708292,0.218,0.357,1,"4","LRRC47"
0.000165619439176105,0.491508024179356,0.206,0.345,1,"4","VPS72"
0.000170870606510153,0.314357272632874,0.254,0.412,1,"4","MRPL42"
0.000172738503277593,0.563512575939739,0.186,0.323,1,"4","NAPG"
0.000173695763026666,0.847308867638632,0.622,0.674,1,"4","BRD4"
0.000174070154142303,0.583046558378499,0.708,0.701,1,"4","EIF4H"
0.000175339509793309,0.749830852945711,0.646,0.688,1,"4","PPP1R18"
0.000176171949564758,0.291533706596007,0.212,0.357,1,"4","NMD3"
0.000177498673620091,1.31596109414424,0.31,0.26,1,"4","RFFL"
0.000177800939671641,0.692394618620041,0.204,0.341,1,"4","C7orf50"
0.000178538818255182,0.353420847505232,0.366,0.568,1,"4","RAB2A"
0.000182505765893347,0.985068538271353,0.519,0.539,1,"4","CUL3"
0.000189294081153699,1.37963958840082,0.339,0.298,1,"4","GNPTAB"
0.000190441121007538,0.40140982750389,0.153,0.269,1,"4","JAGN1"
0.000193531027929665,1.33309163591096,0.375,0.339,1,"4","KCNN4"
0.000193861591121055,1.36472107307674,0.383,0.362,1,"4","DNPH1"
0.000195802867389133,0.345581868929823,0.18,0.304,1,"4","UIMC1"
0.000197600913196977,0.309538299824621,0.15,0.262,1,"4","SMAD5"
0.000198575271394169,0.484394835789507,0.168,0.298,1,"4","GBAS"
0.000201456422975298,0.431254464116186,0.26,0.409,1,"4","DIMT1"
0.000207211077591272,0.56385881397743,0.206,0.356,1,"4","SIRT2"
0.000207972795058892,0.278465620723536,0.212,0.348,1,"4","ZNF326"
0.000208408102423743,0.321738591384038,0.298,0.463,1,"4","ADK"
0.000211102947966605,0.256953288529649,0.351,0.526,1,"4","STAG2"
0.000214633327112079,1.49519242332358,0.263,0.206,1,"4","PARVG"
0.000217003617749883,0.481249586191842,0.174,0.295,1,"4","ZNF281"
0.000221237291370065,1.5996620376269,0.316,0.274,1,"4","STK17A"
0.000225033437797958,0.289001164474076,0.257,0.404,1,"4","NUPL1"
0.000230298461030977,0.255186595874396,0.248,0.394,1,"4","CCDC86"
0.000233933238544232,0.478590772860338,0.159,0.274,1,"4","IP6K2"
0.000237324300590905,0.420997263488094,0.224,0.374,1,"4","CENPB"
0.000240377705112239,0.539270988103845,0.215,0.355,1,"4","C17orf85"
0.000241828547971028,0.25398585904428,0.351,0.521,1,"4","NSUN2"
0.000243578407763264,0.543570357571575,0.189,0.322,1,"4","UHRF2"
0.000246737002716648,0.384503572572663,0.186,0.313,1,"4","GINM1"
0.000248513407095137,0.980727884465599,0.555,0.577,1,"4","VMP1"
0.000249882197464764,0.338317421596382,0.301,0.463,1,"4","SBNO1"
0.000251700642423515,0.514485558566799,0.274,0.444,1,"4","CAND1"
0.000254793029424976,0.495996519492583,0.15,0.265,1,"4","PI4KB"
0.000255693801263,0.286756693272702,0.292,0.465,1,"4","FIP1L1"
0.000255951625706932,0.392244278486818,0.15,0.263,1,"4","UBE2Q2"
0.000256545531888831,0.492473773950826,0.165,0.285,1,"4","USP38"
0.00026027027230614,0.576036389762686,0.145,0.253,1,"4","ARHGEF7"
0.000262641418572364,0.333932704620965,0.879,0.926,1,"4","ATF4"
0.000264237565000766,0.338065132934429,0.168,0.29,1,"4","LGALS8"
0.000266269540904648,0.432764616454807,0.162,0.283,1,"4","SCCPDH"
0.000268469921747723,0.772192116735953,0.142,0.25,1,"4","PIGP"
0.000268586273294057,0.484872505821667,0.201,0.333,1,"4","IMPA1"
0.000269322652383634,1.0386886148637,0.51,0.542,1,"4","CGGBP1"
0.000271661335827949,0.536031371098281,0.145,0.258,1,"4","TBPL1"
0.000273126385060995,0.405066212433092,0.201,0.334,1,"4","WDR36"
0.000273456193127395,0.265067832983718,0.832,0.838,1,"4","COX6C"
0.000275397923771143,0.506191774901946,0.23,0.374,1,"4","G6PD"
0.000282156581324315,1.19594560935217,0.469,0.487,1,"4","ZFR"
0.000288013786086233,0.916692529971419,0.525,0.56,1,"4","LASP1"
0.000289035640334611,0.336203785617493,0.236,0.383,1,"4","REST"
0.000290046621752298,0.276862822926234,0.277,0.431,1,"4","TSR3"
0.000290160302608877,0.90348052569186,0.499,0.505,1,"4","CHD2"
0.000296534497140895,0.306182829945034,0.283,0.44,1,"4","LAMTOR3"
0.000297512977247142,0.511998953354404,0.147,0.258,1,"4","POLR3E"
0.000298470297564806,0.316393063788826,0.168,0.285,1,"4","UNC50"
0.0002987578050816,0.352892623505657,0.168,0.287,1,"4","CRKL"
0.000300150372030529,0.262768424093962,0.268,0.417,1,"4","ARID3B"
0.000300649133275426,0.252845877337985,0.327,0.481,1,"4","AIMP2"
0.000301026386613824,0.541019006218619,0.218,0.361,1,"4","OPA1"
0.000305507379285227,1.50258886426275,0.351,0.321,1,"4","CEPT1"
0.000311951875862083,0.403654710753101,0.165,0.286,1,"4","GTF3C3"
0.000312302646994957,0.41489178202448,0.147,0.257,1,"4","ZBTB2"
0.000312619597141602,0.431864574199624,0.298,0.458,1,"4","CCNG1"
0.000316194883873912,0.290678411954628,0.298,0.47,1,"4","ACAT2"
0.000337280076820278,0.351354747427262,0.156,0.267,1,"4","C2orf68"
0.000338367783014974,0.878792346424767,0.569,0.61,1,"4","SARS"
0.000340503321903556,0.632729160985072,0.186,0.315,1,"4","C16orf72"
0.000340946698161961,0.505866737190241,0.201,0.327,1,"4","LSM10"
0.00034364206969596,0.317673786286142,0.198,0.324,1,"4","LETM1"
0.000343667188354444,0.279583117230812,0.195,0.321,1,"4","UBL7"
0.00035043265465996,0.308751198928795,0.254,0.397,1,"4","LEPROTL1"
0.000350481101285097,2.07158677165303,0.313,0.282,1,"4","LPGAT1"
0.000353395744460302,0.254492727794024,0.923,0.92,1,"4","ARPC2"
0.000354480923702779,0.476075735619907,0.283,0.451,1,"4","RBM42"
0.000358199664380146,0.437566376889199,0.268,0.424,1,"4","SEC24C"
0.000358909881945259,1.45486873088625,0.31,0.269,1,"4","COPS7A"
0.000362563484624388,0.490531471254359,0.15,0.263,1,"4","SDF2"
0.000363094839798286,1.59806368539751,0.322,0.282,1,"4","AKAP11"
0.000364143699212181,1.91636646704108,0.268,0.222,1,"4","AP1AR"
0.000368426003350809,1.16846610321976,0.431,0.431,1,"4","ZNF24"
0.000370843555894148,0.325948813665482,0.268,0.417,1,"4","RAB35"
0.000373417141261105,1.51260345296562,0.389,0.373,1,"4","MBP"
0.000376364442123076,0.381999030669584,0.218,0.359,1,"4","SEH1L"
0.000379257904109931,0.312909779219617,0.209,0.339,1,"4","SPI1"
0.000385207363564071,0.505920259513166,0.156,0.265,1,"4","PKN1"
0.000389201882206072,0.556160508891415,0.177,0.299,1,"4","TMEM14A"
0.00039232862738539,0.265923975372872,0.313,0.489,1,"4","POLR2B"
0.000393805047366321,0.290226130297954,0.218,0.353,1,"4","FRMD8"
0.000395630343150127,0.28843115438438,0.239,0.381,1,"4","KATNBL1"
0.000396526698410384,0.332086338767214,0.245,0.391,1,"4","CHCHD3"
0.000400462703043355,0.330908565943919,0.221,0.355,1,"4","SMAD2"
0.000400838924827871,0.379591841325024,0.283,0.453,1,"4","SLMO2"
0.00040679300981637,0.417764761685167,0.233,0.376,1,"4","GNPAT"
0.000408343138010397,0.550594563344321,0.209,0.343,1,"4","GUF1"
0.000415821352019833,0.450697049524642,0.15,0.263,1,"4","SP3"
0.000417920142404816,0.817301040116107,0.519,0.536,1,"4","TGOLN2"
0.000421894580876982,0.507379551080509,0.201,0.328,1,"4","CTC-503J8.6"
0.000432525623353329,0.678942178095579,0.658,0.711,1,"4","DYNLRB1"
0.000434494182473752,0.517635621997961,0.177,0.296,1,"4","ETHE1"
0.000434676029936042,0.960414432856648,0.51,0.537,1,"4","USF2"
0.000436103667516595,0.4831177243253,0.283,0.443,1,"4","TSN"
0.000437814019925089,0.369522730407774,0.336,0.498,1,"4","DNAJC2"
0.000437998975830304,1.91109982307714,0.268,0.221,1,"4","ADPRH"
0.000438052263001147,0.354741640111547,0.186,0.305,1,"4","CFDP1"
0.000440197091222817,0.417017755645813,0.271,0.435,1,"4","FKBP8"
0.000447668251431515,1.41375777086005,0.357,0.332,1,"4","RAB3GAP1"
0.000456013765220886,0.782574064435268,0.183,0.309,1,"4","DICER1"
0.000456266454460983,0.329358261924263,0.242,0.386,1,"4","AHCYL1"
0.000456525183633763,1.4084774004933,0.431,0.44,1,"4","NAMPT"
0.000460974860145836,0.27379252230499,0.345,0.512,1,"4","SNHG16"
0.000473942098222499,0.351565114750471,0.156,0.268,1,"4","CHP1"
0.000477559922931629,0.387186493387371,0.215,0.35,1,"4","AAGAB"
0.0004841647289288,0.49313578246637,0.239,0.381,1,"4","USP39"
0.000518736041452742,0.434392836747408,0.254,0.404,1,"4","HTRA2"
0.000526547988936492,0.450453203001269,0.227,0.363,1,"4","ANKLE2"
0.000530028423544072,0.385409308340955,0.236,0.379,1,"4","FAM91A1"
0.000537009823599193,0.404626316221885,0.324,0.494,1,"4","ATRAID"
0.000539489950630443,0.689469054964104,0.614,0.667,1,"4","GTF2I"
0.000550987583310931,0.917924211347216,0.543,0.575,1,"4","PTPN2"
0.000552519583959407,1.3148351382499,0.274,0.226,1,"4","TSEN34"
0.000553747705420495,0.67755366134065,0.195,0.322,1,"4","PDCD7"
0.000555709718623074,0.634022624692023,0.165,0.282,1,"4","C19orf12"
0.000564799877760291,1.11183279287233,0.49,0.525,1,"4","PPM1K"
0.00056713055667038,0.536245900611187,0.212,0.345,1,"4","MICU1"
0.000567717729734973,0.58891754808808,0.153,0.262,1,"4","AP5M1"
0.000569371970578609,0.308175306639157,0.212,0.343,1,"4","RNF138"
0.000571475426413018,0.271487794374994,0.18,0.292,1,"4","ERCC5"
0.000581261529339958,0.517951183753267,0.183,0.304,1,"4","LUC7L"
0.000582655988885796,0.459657979462479,0.212,0.345,1,"4","GSS"
0.000592275356248033,0.752284670939481,0.15,0.257,1,"4","MMAB"
0.000602729695849963,0.601876699698973,0.171,0.292,1,"4","FAM103A1"
0.000613305007550318,0.404920664054761,0.218,0.347,1,"4","ZNF259"
0.000626135532362438,0.841265581055606,0.186,0.312,1,"4","PANK3"
0.000628821418916438,0.41722375239481,0.145,0.251,1,"4","HDDC2"
0.000634322385032017,0.698189360703355,0.156,0.263,1,"4","ALDH16A1"
0.000634934744594953,0.355270575523342,0.28,0.431,1,"4","ATP6V1B2"
0.000636421903455124,0.529166678516455,0.174,0.294,1,"4","MIS12"
0.000642403592312793,0.356746020145928,0.156,0.26,1,"4","POLR3D"
0.000642692486028233,0.487550464355721,0.26,0.406,1,"4","IBTK"
0.000649973953304808,1.54932316199523,0.31,0.27,1,"4","RINL"
0.00065284355300494,0.376918281272995,0.257,0.401,1,"4","LEO1"
0.000656643529806858,0.432594630798488,0.333,0.503,1,"4","PFDN1"
0.000662262092443106,0.505212990597936,0.277,0.43,1,"4","RAF1"
0.000667317748632685,0.32900704962539,0.82,0.803,1,"4","CDC42"
0.000672925655276466,1.01164856624319,0.422,0.397,1,"4","CCDC88A"
0.000688781634455844,0.27420772064104,0.941,0.953,1,"4","GNB2L1"
0.000692320665585378,0.698637648729677,0.212,0.342,1,"4","SOCS4"
0.000701118484136842,0.387467079466797,0.304,0.449,1,"4","SEL1L"
0.000716095701207635,1.45530721060607,0.271,0.215,1,"4","GBP5"
0.000720247561550039,0.445684791204148,0.15,0.258,1,"4","MEPCE"
0.000727397937843085,0.787171163994212,0.147,0.251,1,"4","TXNDC9"
0.000739760891207948,0.33452749571976,0.307,0.469,1,"4","WIPI2"
0.000746074278460354,1.40683982187708,0.324,0.294,1,"4","IGF2R"
0.000748503460983993,0.343071880116453,0.292,0.458,1,"4","OSTF1"
0.000749106103380148,0.550722935789336,0.189,0.309,1,"4","AP2A1"
0.000770174094539842,0.441337822301189,0.195,0.316,1,"4","SASH3"
0.000783965836857202,0.369930176535361,0.15,0.255,1,"4","RC3H1"
0.000787252501459654,0.546757342440642,0.667,0.726,1,"4","ARF6"
0.00078990013626478,0.369854743521342,0.324,0.488,1,"4","EXOSC10"
0.000794584134033899,1.64373885245867,0.251,0.2,1,"4","SNX9"
0.000820037813890794,0.471547616695461,0.195,0.312,1,"4","CWF19L2"
0.000822556811280841,1.11585186241726,0.428,0.437,1,"4","TLK1"
0.0008230411391252,0.42059032698826,0.206,0.332,1,"4","UBE4A"
0.000827696422242015,1.5771542618857,0.36,0.34,1,"4","FBRS"
0.000828571317688134,1.4241168236705,0.327,0.294,1,"4","RFX5"
0.000836772007666238,0.27900997944624,0.811,0.771,1,"4","TPM4"
0.000844440960598919,0.332692577231312,0.271,0.417,1,"4","RB1CC1"
0.000863384172762906,0.448829001219222,0.752,0.787,1,"4","CSDE1"
0.000872250892664575,0.323183897648588,0.245,0.385,1,"4","SEC16A"
0.000874661541467076,0.463601253680822,0.277,0.416,1,"4","DFFA"
0.000895716514129383,1.13273506909668,0.351,0.317,1,"4","KLHL6"
0.000897706572264425,0.29092315228121,0.147,0.25,1,"4","ZNF800"
0.000897880257116294,0.600965242438463,0.15,0.252,1,"4","DAK"
0.000921263691556817,0.741981477540974,0.599,0.679,1,"4","PRKAR1A"
0.000929539736619056,0.300267733496677,0.274,0.416,1,"4","PTPRA"
0.00094024054339831,0.386962390712783,0.221,0.354,1,"4","TSTA3"
0.000946646620369469,0.261546413271974,0.251,0.388,1,"4","LINC00998"
0.000960713329054603,0.37466732307609,0.183,0.292,1,"4","EHMT2"
0.000985990031408662,0.497892317742747,0.242,0.379,1,"4","KIAA0196"
0.000998296457771576,0.314945931678874,0.257,0.395,1,"4","ACTR1B"
0.000998800196757193,0.379006350306883,0.304,0.462,1,"4","IRF3"
0.00100374549675561,0.316136772446425,0.204,0.326,1,"4","ITCH"
0.00100566687612263,0.416659609249319,0.215,0.337,1,"4","CIAO1"
0.00101130375342968,0.520229621956288,0.192,0.314,1,"4","NCBP1"
0.00103257263139094,0.520878553363033,0.254,0.403,1,"4","GPN3"
0.00103268551085124,0.620724183051284,0.198,0.316,1,"4","GMPS"
0.00103803985971801,0.588926157901666,0.614,0.634,1,"4","SHFM1"
0.00104566397888281,0.379064366259268,0.805,0.775,1,"4","CAPZB"
0.00104966363600612,0.266910672076803,0.817,0.795,1,"4","HINT1"
0.00105224815775539,0.298043792236491,0.215,0.334,1,"4","GATAD2B"
0.00105438393060583,1.26250810443004,0.448,0.46,1,"4","SHOC2"
0.00105740070531727,0.27624928034564,0.263,0.405,1,"4","CHD1"
0.001072714928012,0.779209474604866,0.147,0.251,1,"4","TMEM194A"
0.00107313601640764,0.51362336610562,0.251,0.39,1,"4","YIPF4"
0.00108318983842844,0.511760061155496,0.248,0.392,1,"4","ARL2BP"
0.00108833508510815,0.992937731117344,0.434,0.435,1,"4","KIAA0368"
0.00109594200461113,0.724240604389436,0.162,0.271,1,"4","LIN7C"
0.00110270343896632,0.3556227011964,0.162,0.265,1,"4","FAIM3"
0.00111745342005271,0.594159206469461,0.242,0.384,1,"4","PURA"
0.00112618587724954,0.469727622968447,0.177,0.294,1,"4","ZDHHC4"
0.00114925853548495,0.841109556481045,0.537,0.572,1,"4","HLA-DMA"
0.0011514065385458,0.612100431372813,0.192,0.313,1,"4","PHF6"
0.00115227957041733,0.463868652827239,0.212,0.336,1,"4","TBRG1"
0.00116179333626113,0.584510195385245,0.687,0.735,1,"4","BCLAF1"
0.00116669229874967,1.34675915438262,0.431,0.444,1,"4","BCL3"
0.00116675578487563,0.539054392898501,0.171,0.276,1,"4","PIAS1"
0.00116825387642279,0.754916526147786,0.153,0.258,1,"4","KEAP1"
0.00120193078402404,0.293185370120454,0.407,0.587,1,"4","FAM65B"
0.00120215524166593,0.410229727932283,0.239,0.37,1,"4","EIF2B4"
0.00121299828367605,0.260094065389855,0.381,0.541,1,"4","PSMD6"
0.00122066491281593,0.285205220352419,0.313,0.471,1,"4","CHTOP"
0.00122852351313301,0.668136134269497,0.206,0.329,1,"4","ROCK2"
0.00123096164342617,0.503279985167788,0.227,0.363,1,"4","WIBG"
0.00124066093197357,0.405959200220741,0.732,0.708,1,"4","ANP32A"
0.00124115901416806,1.4156569959098,0.404,0.407,1,"4","ST8SIA4"
0.00125650977809124,0.581971335219078,0.186,0.302,1,"4","HELZ"
0.0012599735260092,0.409878703925029,0.295,0.439,1,"4","LSG1"
0.00127528447965481,0.508667374590525,0.159,0.267,1,"4","SEC22C"
0.00127751790546694,0.520237617191067,0.18,0.291,1,"4","PAPD4"
0.0012789852489783,0.424101717373524,0.156,0.259,1,"4","MBNL3"
0.00128745502333233,0.289294724649893,0.392,0.583,1,"4","CD48"
0.00129181316200928,0.352353215362535,0.156,0.255,1,"4","MUS81"
0.00130008477620591,1.50029573041505,0.33,0.301,1,"4","PIK3CD"
0.00131424776293156,0.350135323021556,0.263,0.405,1,"4","ZNF22"
0.00132540170791203,0.29091460711053,0.248,0.379,1,"4","SLC39A4"
0.0013336883672007,0.41386599413475,0.301,0.442,1,"4","TRMT10C"
0.00134140458113895,0.391840247562071,0.758,0.749,1,"4","GDI2"
0.00137310566218385,0.278758571471746,0.257,0.393,1,"4","ADRM1"
0.00139168249524687,0.447953259200863,0.295,0.44,1,"4","OGFOD1"
0.00140793362271771,0.795350359611138,0.168,0.274,1,"4","PIP5K1A"
0.00143527820989891,0.441213523190234,0.174,0.279,1,"4","WDR3"
0.00144804511023664,0.398404340301826,0.162,0.267,1,"4","COQ10B"
0.00146381631081674,0.327488116946866,0.174,0.282,1,"4","SNAPIN"
0.0014952166003572,0.356230152919726,0.322,0.48,1,"4","PFDN2"
0.00150565091047386,0.63467158088513,0.15,0.252,1,"4","SPOPL"
0.00151077596148853,0.373892002962862,0.301,0.447,1,"4","ZNF146"
0.00152423358265543,0.50266802818109,0.268,0.411,1,"4","IMPAD1"
0.0015554401087302,1.29688268043177,0.295,0.256,1,"4","KRCC1"
0.00157960224900218,0.327086128499632,0.327,0.498,1,"4","CTBP1"
0.00158472990059751,1.66811921998495,0.277,0.241,1,"4","GPR137"
0.00162094067220248,1.04218696898832,0.404,0.385,1,"4","SERINC1"
0.00162354234092013,0.270872390925849,0.383,0.571,1,"4","SPTAN1"
0.00162462468896995,0.390852474198633,0.248,0.379,1,"4","SH3GL1"
0.00163481734317665,0.432496770177034,0.277,0.422,1,"4","FCF1"
0.00163750875923434,1.78144321765567,0.336,0.321,1,"4","ADRBK2"
0.00164741867053397,0.658157734240808,0.204,0.328,1,"4","RNF13"
0.00165220390363269,0.464755011113465,0.289,0.432,1,"4","KIAA0020"
0.00169236624016009,0.393559092724902,0.168,0.274,1,"4","NUP133"
0.00170660839303497,0.344211859317619,0.254,0.381,1,"4","YIF1A"
0.0017361860172796,0.409218221194357,0.192,0.306,1,"4","RBM14"
0.00174638479257006,0.40804346852399,0.198,0.314,1,"4","POLR1E"
0.00175099954693367,0.428371613966242,0.206,0.325,1,"4","LMBRD1"
0.00176079487057373,1.39771692560651,0.401,0.397,1,"4","NSFL1C"
0.00176409322032441,0.604141980143176,0.153,0.251,1,"4","PRR14"
0.00181185211912032,0.355291289486519,0.239,0.364,1,"4","SMAP1"
0.00182276005340054,0.726070383489283,0.596,0.621,1,"4","PAK2"
0.0019077508071461,0.811129070435933,0.215,0.349,1,"4","MTHFD1L"
0.0019237969233275,0.434610952831168,0.215,0.335,1,"4","C6orf89"
0.00194048056999682,0.524177550128933,0.702,0.753,1,"4","EIF4B"
0.00194415698684318,0.893790152233741,0.212,0.339,1,"4","GTF2H1"
0.00195036458148655,0.504338519611845,0.277,0.424,1,"4","ZNF638"
0.00195999086550311,0.341560445367295,0.177,0.281,1,"4","RHBDD2"
0.00202345138984419,0.652464658578508,0.168,0.27,1,"4","ATP6V1D"
0.00203134379778969,0.543100695853707,0.286,0.436,1,"4","PLRG1"
0.00210028693180656,0.42190236753048,0.189,0.3,1,"4","NTPCR"
0.00212174048553726,0.59092268376051,0.156,0.26,1,"4","DSE"
0.00216748445076117,0.372052533021519,0.192,0.299,1,"4","C9orf114"
0.00217029330598621,0.497208637306204,0.676,0.718,1,"4","IFI16"
0.00217908170003766,0.478109134945465,0.215,0.335,1,"4","ALG13"
0.00218364594263333,0.344267384529214,0.307,0.46,1,"4","CIZ1"
0.00223670112681491,0.590490464885142,0.218,0.345,1,"4","ATP6V1C1"
0.0022385736198901,0.392577879617422,0.295,0.442,1,"4","C1D"
0.00225953980221605,0.488667120127908,0.307,0.47,1,"4","YTHDF2"
0.00226897608204896,0.305810195805859,0.389,0.562,1,"4","ZC3H13"
0.00227437199594027,0.59246997659753,0.18,0.286,1,"4","UBXN7"
0.00228215691673221,0.299460089521311,0.351,0.53,1,"4","HIF1A"
0.0023238061017197,0.627580355833555,0.153,0.253,1,"4","TM2D1"
0.00233577798176845,0.657256032379579,0.23,0.363,1,"4","NELFCD"
0.00233780789343275,0.446913598213833,0.245,0.381,1,"4","RAB6A"
0.00234931870520396,0.289176884234352,0.159,0.257,1,"4","CD2BP2"
0.00237164495707032,0.258589158177543,0.348,0.518,1,"4","USP8"
0.00239170505088579,0.428483625726515,0.289,0.439,1,"4","ARL1"
0.00241509814088685,0.388693449318627,0.342,0.503,1,"4","NUDT4"
0.00246881963621017,0.442105106533991,0.286,0.428,1,"4","ALG2"
0.00248433840841605,0.330350813090702,0.378,0.538,1,"4","AZIN1"
0.00252076847292866,0.338779042592259,0.206,0.317,1,"4","TTC17"
0.00252868140889025,0.876744905123085,0.186,0.298,1,"4","JKAMP"
0.00253882886578521,0.281086393979414,0.381,0.57,1,"4","YARS"
0.00254528399030023,0.500844791463977,0.339,0.501,1,"4","AC007390.5"
0.00254966606004458,0.504788945740416,0.263,0.405,1,"4","SPG21"
0.00257332258521768,0.380406567687924,0.198,0.308,1,"4","ZNF664"
0.00258911761686962,0.260946032485265,0.159,0.25,1,"4","HERC1"
0.00260155418564163,0.95510319552616,0.501,0.54,1,"4","WDR82"
0.00261466012024481,0.620719301187352,0.257,0.393,1,"4","CDC73"
0.00264043103048877,0.456992118288489,0.277,0.408,1,"4","NSL1"
0.00265288759486534,0.411748842418783,0.292,0.441,1,"4","ERAP2"
0.00269051332751969,0.334871564890324,0.274,0.411,1,"4","FAM168B"
0.00269913396544539,0.678925122640452,0.215,0.335,1,"4","PNPLA8"
0.00275623386012145,0.567502377785434,0.224,0.345,1,"4","SCAF1"
0.00278728922760804,0.611805881319983,0.162,0.26,1,"4","NKIRAS2"
0.00284059535427441,0.380911148060126,0.416,0.581,1,"4","WDR83OS"
0.0028551766744299,0.493918932647661,0.277,0.425,1,"4","TSR2"
0.00285550160634704,0.512727060230153,0.236,0.35,1,"4","MFN2"
0.0028758321285502,0.32951961878337,0.18,0.283,1,"4","NRROS"
0.00293281885745491,0.552018500043626,0.204,0.324,1,"4","TMEM69"
0.0029375845085131,0.404438558388632,0.224,0.343,1,"4","ARHGAP1"
0.00295536756936597,0.833186068874194,0.546,0.602,1,"4","CSNK2A1"
0.00296447824721091,0.71763896929196,0.558,0.617,1,"4","PIM1"
0.00297641854035297,0.567776377118965,0.257,0.398,1,"4","SLA"
0.00298799051263745,0.813472973706746,0.165,0.269,1,"4","RGS19"
0.00299895916029512,0.631354601841915,0.192,0.302,1,"4","AGFG2"
0.00300287728975154,0.704198024481459,0.162,0.261,1,"4","COX19"
0.00301906630584472,0.551668497608008,0.212,0.335,1,"4","ATXN7L3"
0.0030689697572173,0.322841848509672,0.177,0.276,1,"4","CIC"
0.0030728159680196,0.569405355904383,0.156,0.25,1,"4","NXT1"
0.0030840464410573,0.29361179039348,0.171,0.27,1,"4","SLC44A2"
0.00308627324065038,0.337713993658542,0.749,0.79,1,"4","HNRNPA3"
0.00310563549397338,0.494098308137362,0.711,0.69,1,"4","BAX"
0.0031167911833096,0.295072606588228,0.354,0.518,1,"4","CAPRIN1"
0.0031340866737237,0.365931873834871,0.165,0.259,1,"4","HSPA1A"
0.00315490707284789,0.597638703123543,0.189,0.294,1,"4","SOAT1"
0.0031591072388536,0.285507559422068,0.159,0.253,1,"4","VPS53"
0.0031642079337683,0.563416949919541,0.251,0.381,1,"4","PPP3CC"
0.0031681608008042,0.874268492523957,0.174,0.276,1,"4","THOC1"
0.00318303804161535,1.27467986421592,0.369,0.359,1,"4","TSTD1"
0.00331120874850417,0.563587820489328,0.168,0.269,1,"4","SMIM20"
0.00331428849253623,0.281837271528067,0.301,0.446,1,"4","RNF145"
0.00336043795188179,0.251321722293364,0.363,0.52,1,"4","SF3B3"
0.00336314108338454,0.263890319666536,0.375,0.543,1,"4","NMT1"
0.00343813365325153,0.437539795558285,0.162,0.256,1,"4","LDB1"
0.00346944429401104,0.62699543589133,0.265,0.41,1,"4","ZDHHC6"
0.00347591004235035,0.600677195217752,0.183,0.291,1,"4","TMED7"
0.00350388640320622,0.367658420711605,0.245,0.37,1,"4","DCUN1D1"
0.00358898724354383,0.540849298388379,0.192,0.3,1,"4","AMFR"
0.00362574552095626,1.45486171754059,0.324,0.304,1,"4","RP11-622K12.1"
0.00364021440520079,0.288738444502906,0.254,0.375,1,"4","SAFB"
0.00367561485455931,0.401112682568529,0.268,0.407,1,"4","RNF40"
0.00368577223927814,0.518976236259796,0.239,0.369,1,"4","GSK3B"
0.0036980192931156,0.269305028936427,0.26,0.387,1,"4","C16orf58"
0.00373501356110689,0.462770920943177,0.204,0.311,1,"4","MDN1"
0.00377402552929285,0.269485680076328,0.44,0.607,1,"4","WSB1"
0.00380244170723642,0.623927570863467,0.631,0.702,1,"4","FMNL1"
0.0038123896979762,0.382802782256248,0.307,0.449,1,"4","ZNF655"
0.00381255310825776,0.26515370310925,0.354,0.518,1,"4","ATP6V1G1"
0.00383329194827642,0.257420560411029,0.271,0.399,1,"4","FGD2"
0.00385197407462691,0.396566443430741,0.298,0.434,1,"4","RRP7A"
0.00387472298659239,0.703846662409064,0.168,0.267,1,"4","RIOK2"
0.00402481890773172,0.581617027575978,0.162,0.256,1,"4","TMEM161B"
0.00407568222903274,0.630674806874477,0.209,0.327,1,"4","NARG2"
0.00409094122204121,0.31938558898687,0.186,0.284,1,"4","GOPC"
0.00413208632664087,0.423852699111956,0.301,0.444,1,"4","LSM6"
0.00418219074384314,0.250995228729723,0.242,0.358,1,"4","TRIM38"
0.00424715369302146,0.354182474728569,0.36,0.517,1,"4","HCFC1R1"
0.00426648539436458,0.634223282212041,0.162,0.258,1,"4","ARHGEF12"
0.00427335192114547,0.331384094165174,0.162,0.255,1,"4","DENND4B"
0.00427648322891618,0.315703417332304,0.201,0.304,1,"4","LY96"
0.00428374576630003,0.62567218471796,0.186,0.29,1,"4","NFATC3"
0.00432142167831335,0.286936182711553,0.265,0.395,1,"4","RFXANK"
0.00438341034760285,0.38647786741885,0.254,0.383,1,"4","PLEKHB2"
0.00443677310659644,0.673208970822173,0.18,0.28,1,"4","POLDIP3"
0.00447434582070076,0.400661904905341,0.206,0.318,1,"4","SPPL2A"
0.00449355441158103,0.548863171557866,0.283,0.426,1,"4","CHMP1A"
0.0045165386063395,1.0004352233023,0.171,0.273,1,"4","GCLM"
0.00452178523147073,0.33188496333739,0.215,0.325,1,"4","MEN1"
0.00454239183681417,0.590013879406738,0.168,0.265,1,"4","MIOS"
0.0045659549096088,0.282763033129554,0.398,0.581,1,"4","NRD1"
0.00461861324254331,0.864601593505866,0.286,0.426,1,"4","DOCK11"
0.00464915938690667,0.600896137272582,0.608,0.66,1,"4","ANXA11"
0.00467348313710456,0.446343719997987,0.212,0.324,1,"4","GOT1"
0.0046884061183258,0.412698360772417,0.204,0.307,1,"4","SLAMF6"
0.00469245093267793,0.296905584110415,0.301,0.442,1,"4","MRPL49"
0.00473449597706021,0.407047598163549,0.702,0.716,1,"4","PSMA7"
0.00475155368224767,0.349980050137819,0.189,0.291,1,"4","FAM175B"
0.00480276622806908,0.469042825476231,0.28,0.413,1,"4","NPEPPS"
0.00482963362721292,1.43554277739272,0.301,0.28,1,"4","ZNF770"
0.00484918127468561,0.344981537386243,0.257,0.374,1,"4","SLC20A1"
0.00486734002987075,0.52153643588282,0.339,0.501,1,"4","PHF20L1"
0.00486907609234461,0.44562821096908,0.268,0.407,1,"4","RIF1"
0.00487399328966728,0.401326115227432,0.351,0.52,1,"4","BAZ1A"
0.00489217306548404,0.402771110494621,0.732,0.743,1,"4","TCEA1"
0.00493565555745158,0.623939028761856,0.248,0.377,1,"4","RNF115"
0.00493760408369599,1.5250005314871,0.307,0.289,1,"4","MFHAS1"
0.00495590785568543,0.65253715079204,0.596,0.664,1,"4","ADD1"
0.00496671632026117,0.513641673419457,0.67,0.745,1,"4","TAPBP"
0.00501609744291087,0.361170298118496,0.286,0.425,1,"4","TUG1"
0.0051465896496302,0.755891153073798,0.159,0.259,1,"4","UBE2D1"
0.00517537822357382,0.323674215929354,0.304,0.444,1,"4","UPF3A"
0.00518864211828714,0.571121873307467,0.159,0.254,1,"4","CDK9"
0.00524223055915357,0.303220058270573,0.322,0.464,1,"4","NFKBIB"
0.00524983977782128,0.691167109958558,0.599,0.692,1,"4","AKR1A1"
0.00530829495070392,0.374614587271505,0.342,0.49,1,"4","RALA"
0.00534382407278915,0.57147370434436,0.622,0.639,1,"4","KIF5B"
0.00544852834127167,0.380892194595268,0.168,0.258,1,"4","GCDH"
0.00552834365159849,1.33528841038879,0.395,0.396,1,"4","SENP6"
0.00552953966715829,0.843601771363252,0.531,0.593,1,"4","GPBP1"
0.00553359351538035,0.554672596927403,0.236,0.353,1,"4","CUL2"
0.00557158955278392,0.52916850070644,0.263,0.392,1,"4","DESI2"
0.00559536281226718,0.306864773450656,0.183,0.278,1,"4","TBC1D9B"
0.0056294715818852,0.732761883348494,0.171,0.264,1,"4","USP33"
0.00563921241177552,0.691400476375467,0.257,0.379,1,"4","FTSJ3"
0.00573771905003879,0.63136343456445,0.248,0.371,1,"4","BICD2"
0.00574535158095806,0.649659057027608,0.177,0.278,1,"4","NGDN"
0.00575539616500219,0.915138709323017,0.416,0.422,1,"4","STX16"
0.00576786527220631,0.732326125264005,0.183,0.283,1,"4","COLGALT1"
0.00577284714413323,0.306443714578348,0.41,0.584,1,"4","NDUFA5"
0.00580767579226794,0.567511594686292,0.212,0.325,1,"4","NIT2"
0.00582622636048347,0.367163471127769,0.319,0.465,1,"4","XPO7"
0.00595296456327764,1.16000144017547,0.342,0.319,1,"4","BCAS4"
0.00602867748408317,0.745299900557339,0.159,0.251,1,"4","ZNF639"
0.00604317954869932,0.270471904174974,0.295,0.428,1,"4","RCSD1"
0.00614771957721947,1.24969293480784,0.295,0.264,1,"4","CTSZ"
0.00616313882074883,0.412931222189439,0.699,0.701,1,"4","NOP10"
0.00632745149473439,0.35710565919442,0.212,0.322,1,"4","HMG20B"
0.0063438022690247,0.563497240566284,0.221,0.334,1,"4","FRA10AC1"
0.00643111455759269,0.282417657529124,0.263,0.386,1,"4","ATP11B"
0.00645547888497349,0.759953407370188,0.26,0.39,1,"4","GTF3C2"
0.00645785792016766,0.426334513647693,0.28,0.416,1,"4","BNIP2"
0.00650785156742481,0.407004554055489,0.162,0.25,1,"4","SLC25A22"
0.0065159861127662,0.41038109633268,0.171,0.261,1,"4","RELT"
0.00652658722824278,0.451023793338445,0.162,0.251,1,"4","SMG5"
0.00654349586234006,0.2577382875533,0.316,0.451,1,"4","WDR6"
0.00658037421214524,0.285456291405173,0.198,0.289,1,"4","ZNF37A"
0.00658792603317006,0.601031851917851,0.327,0.485,1,"4","MRPS36"
0.00669748822340384,0.375123955821833,0.324,0.466,1,"4","COA4"
0.00674645970650775,0.660390744411647,0.274,0.41,1,"4","ELMO1"
0.00678062875714022,0.489625902547009,0.28,0.418,1,"4","METTL9"
0.00678263503688453,0.647017550679553,0.204,0.317,1,"4","TLK2"
0.00682760499963785,0.319106805277203,0.251,0.372,1,"4","CTNNB1"
0.00683732529451253,0.80678184834423,0.189,0.288,1,"4","PROSER1"
0.00685102245809799,0.295061539549161,0.168,0.257,1,"4","PTPLB"
0.00685921501843344,0.456579010202262,0.897,0.921,1,"4","FTL"
0.00695394332664503,0.391350602581957,0.23,0.342,1,"4","MCM3AP"
0.0070079759118638,0.921921203948247,0.501,0.528,1,"4","DCAF7"
0.00721933127341738,0.439127198873303,0.295,0.443,1,"4","SNX4"
0.00723751890826014,0.396899669110344,0.221,0.331,1,"4","IQCB1"
0.00726742198745872,0.428735252892639,0.227,0.341,1,"4","AP1G1"
0.00728385696837308,0.808906705767402,0.189,0.291,1,"4","ENOPH1"
0.00744219725615817,0.289063519449757,0.41,0.568,1,"4","CEBPZ"
0.0074659408685083,0.269555586618083,0.192,0.284,1,"4","FCRLA"
0.00750771531602512,0.473674236315093,0.345,0.509,1,"4","NAA38"
0.00751405202624748,1.0288956655613,0.41,0.416,1,"4","NDFIP1"
0.00765543190026958,0.644559816665116,0.251,0.373,1,"4","TP53"
0.00774657929770387,0.943056449035375,0.475,0.524,1,"4","RAD50"
0.00778075291062723,0.392377533649489,0.749,0.755,1,"4","PCBP2"
0.00781699213749375,0.508905460535149,0.168,0.259,1,"4","TJAP1"
0.00802608479520668,0.813853166463446,0.209,0.319,1,"4","ATL3"
0.00802924893339095,0.499446723788388,0.274,0.402,1,"4","RAB5C"
0.00805071339318681,1.26642215584599,0.372,0.373,1,"4","PPTC7"
0.00807089707357487,0.35069821401443,0.375,0.526,1,"4","GLUD1"
0.00807331025950765,0.683707826010185,0.204,0.31,1,"4","PPRC1"
0.00808785844337191,0.426675868995592,0.221,0.332,1,"4","BET1L"
0.00812297088020959,0.65779563088913,0.209,0.319,1,"4","PHF14"
0.0082248917518753,0.532499521529753,0.224,0.338,1,"4","FASTKD2"
0.00827488993612864,0.338579670655259,0.339,0.49,1,"4","RTFDC1"
0.00832915680745596,0.712006173685065,0.177,0.274,1,"4","KCTD10"
0.00833994809997915,0.444736354171683,0.242,0.354,1,"4","HEATR1"
0.00843442260866544,0.366094923211803,0.236,0.351,1,"4","RAP1GDS1"
0.00851534168687861,0.659516341509531,0.283,0.417,1,"4","TIA1"
0.00855504766964382,0.570592809271119,0.218,0.328,1,"4","POGZ"
0.0085680692200981,0.453824162857048,0.383,0.545,1,"4","KCMF1"
0.0085967494329674,0.538244263556315,0.271,0.395,1,"4","HDAC3"
0.00868864991259955,0.627630284009075,0.209,0.308,1,"4","RUFY1"
0.00872016737592479,0.253155066731298,0.448,0.605,1,"4","TRAF3IP3"
0.00876134127284493,0.581844883315601,0.289,0.423,1,"4","ASCC3"
0.00882263843746717,0.53252928012495,0.201,0.3,1,"4","ZNF451"
0.00887039796041914,0.760063513792009,0.198,0.294,1,"4","SLCO4A1"
0.00887515415144637,1.16468774492505,0.366,0.372,1,"4","GTF2E2"
0.00911908679328147,1.27232013704473,0.313,0.295,1,"4","VPS28"
0.00914694195594046,0.800874938987331,0.18,0.28,1,"4","PAF1"
0.00915952823988076,0.600024231357595,0.212,0.314,1,"4","SCYL2"
0.00916895734130624,0.761142276551014,0.534,0.603,1,"4","LRP10"
0.00928979211488892,0.377538647390206,0.31,0.445,1,"4","TMOD3"
0.00929479173874535,0.577176699545555,0.165,0.256,1,"4","ZDHHC2"
0.00946111941575574,0.485702841926132,0.283,0.417,1,"4","VTI1B"
0.00949242497258223,1.4136594883503,0.363,0.365,1,"4","HTATIP2"
0.00953218127438258,0.901816491602239,0.189,0.288,1,"4","ADAM28"
0.0096509917267929,0.72220274797735,0.192,0.288,1,"4","ADSS"
0.0096509917359016,0.702577117914907,0.189,0.288,1,"4","CASC3"
0.00968745889645573,0.43089353868655,0.254,0.37,1,"4","ABCF2"
0.0098487237287655,0.382303369831974,0.732,0.798,1,"4","APOBEC3C"
