"p_val","avg_log2FC","pct.1","pct.2","p_val_adj","cluster","gene"
0,2.99643619074429,0.923,0.152,0,"0","TYMS"
0,2.52893273519289,0.917,0.153,0,"0","CCT5"
0,1.97827966084036,0.862,0.098,0,"0","IL2RA"
0,2.84332146987593,0.926,0.17,0,"0","PCNA"
0,3.15525877209513,0.854,0.099,0,"0","FABP5"
0,2.62587823391896,0.871,0.127,0,"0","MCM4"
0,2.40877500200263,0.88,0.137,0,"0","RRM1"
0,2.49068769718827,0.878,0.136,0,"0","LMNB1"
0,2.55320062171118,0.837,0.095,0,"0","MRTO4"
0,2.42339151878621,0.852,0.111,0,"0","BZW2"
0,2.30044409671712,0.947,0.207,0,"0","STMN1"
0,2.62180658572923,0.864,0.125,0,"0","KIAA0101"
0,2.56508993178589,0.853,0.117,0,"0","DHFR"
0,3.44055321218463,0.801,0.066,0,"0","SLC43A3"
0,1.95907804323942,0.853,0.119,0,"0","IL2RB"
0,2.18304269099648,0.934,0.201,0,"0","CCT6A"
0,1.80302878839653,0.923,0.191,0,"0","POLR2E"
0,2.11745798746303,0.913,0.183,0,"0","MRPL37"
0,1.96668767405787,0.881,0.151,0,"0","PHB"
0,1.96043547636431,0.91,0.181,0,"0","NHP2"
0,1.64711501510179,0.887,0.158,0,"0","YWHAH"
0,2.46147306537276,0.824,0.096,0,"0","MCM2"
0,1.89056502314754,0.915,0.188,0,"0","HSPH1"
0,1.85591190657901,0.889,0.162,0,"0","RTN4"
0,2.23456655932575,0.917,0.195,0,"0","PAICS"
0,2.29547295001619,0.866,0.145,0,"0","HSPE1"
0,2.62895889843829,0.806,0.086,0,"0","LYAR"
0,1.49105201023624,0.943,0.223,0,"0","COTL1"
0,1.99701445577636,0.909,0.19,0,"0","EZH2"
0,2.1654858593039,0.94,0.222,0,"0","PGAM1"
0,2.12858455449163,0.959,0.242,0,"0","ARPC4"
0,2.58697124587303,0.811,0.095,0,"0","POLR3K"
0,1.97730760498177,0.874,0.16,0,"0","EBNA1BP2"
0,2.41777254668481,0.829,0.115,0,"0","ZWINT"
0,2.49205604846616,0.81,0.097,0,"0","MCM6"
0,1.70569092606269,0.867,0.154,0,"0","DNAJC9"
0,1.73101539740922,0.902,0.19,0,"0","CDC123"
0,1.82769137515055,0.843,0.131,0,"0","CDK4"
0,1.97928986225915,0.878,0.167,0,"0","RPA3"
0,1.91617331154231,0.842,0.132,0,"0","MCM7"
0,2.37997864448923,0.891,0.181,0,"0","PPP1R14B"
0,2.12557919770864,0.854,0.144,0,"0","RRM2"
0,1.73763397877566,0.901,0.192,0,"0","DKC1"
0,2.06463024861999,0.85,0.141,0,"0","BIRC5"
0,2.3480356994488,0.854,0.145,0,"0","C1QBP"
0,2.0544986700642,0.83,0.122,0,"0","AHCY"
0,1.93893105861537,0.928,0.221,0,"0","HN1"
0,2.28318867306141,0.801,0.094,0,"0","MTHFD1"
0,2.09169957414426,0.856,0.149,0,"0","MCM3"
0,1.64706186362819,0.927,0.222,0,"0","CCT3"
0,1.89231213658176,0.932,0.227,0,"0","TCP1"
0,2.24352081351353,0.858,0.154,0,"0","TUBA1C"
0,1.71067705140514,0.886,0.182,0,"0","WDR1"
0,2.60508527460367,0.97,0.267,0,"0","DUT"
0,2.42576281820588,0.809,0.107,0,"0","GGCT"
0,2.42971639811252,0.801,0.099,0,"0","ITGB1BP1"
0,2.86490717531207,0.772,0.07,0,"0","GINS2"
0,2.31548855809198,0.791,0.09,0,"0","CCDC34"
0,1.8432346741556,0.932,0.232,0,"0","AK2"
0,2.00160009450814,0.852,0.152,0,"0","CCT7"
0,1.62753591322371,0.867,0.167,0,"0","PTDSS1"
0,2.17780757947193,0.947,0.247,0,"0","RANBP1"
0,1.49924327484226,0.901,0.201,0,"0","TXN2"
0,1.78936146655559,0.898,0.199,0,"0","CYB5B"
0,1.83969895674902,0.821,0.122,0,"0","LSM4"
0,1.71631863653702,0.87,0.171,0,"0","STIP1"
0,2.37706545099684,0.82,0.121,0,"0","TPX2"
0,2.0821637769069,0.822,0.124,0,"0","ATIC"
0,2.77191371856943,0.766,0.068,0,"0","DCTPP1"
0,1.86756799896188,0.865,0.168,0,"0","TUBB4B"
0,1.80011595904168,0.894,0.199,0,"0","TFDP1"
0,1.70890780940576,0.915,0.221,0,"0","PPIF"
0,2.01622307826627,0.819,0.125,0,"0","SEPW1"
0,1.88743882089635,0.944,0.25,0,"0","VDAC1"
0,1.30651638433773,0.881,0.188,0,"0","RPS2P46"
0,2.9113310829527,0.764,0.071,0,"0","TMEM97"
0,1.60227647821264,0.813,0.12,0,"0","MRPL4"
0,1.34669576026109,0.852,0.16,0,"0","EFHD2"
0,1.89571875729572,0.867,0.176,0,"0","ABRACL"
0,1.41045816084016,0.901,0.21,0,"0","URM1"
0,2.53106190047355,0.776,0.086,0,"0","CHEK1"
0,1.88155390738138,0.81,0.12,0,"0","NABP2"
0,1.60806215358209,0.929,0.239,0,"0","PNP"
0,1.52992355005933,0.878,0.188,0,"0","NUDT5"
0,1.33129389057794,0.893,0.204,0,"0","PSMD1"
0,1.9423841745764,0.934,0.245,0,"0","SSRP1"
0,1.68526612162056,0.869,0.18,0,"0","SUPT16H"
0,1.63788941635372,0.849,0.16,0,"0","SFXN1"
0,1.66652359288137,0.905,0.217,0,"0","APEX1"
0,1.68640997595017,0.917,0.229,0,"0","GPX1"
0,2.07940283479818,0.92,0.233,0,"0","GLO1"
0,1.4605423605071,0.867,0.18,0,"0","IPO7"
0,2.0448117065731,0.805,0.118,0,"0","RFC4"
0,1.48405438187167,0.855,0.168,0,"0","MCM5"
0,1.47309109424781,0.937,0.251,0,"0","HSPA9"
0,1.54835344533724,0.842,0.156,0,"0","NME2P1"
0,2.16620611607893,0.966,0.28,0,"0","TFRC"
0,2.16197570869268,0.876,0.19,0,"0","UBE2S"
0,1.54457996131874,0.859,0.174,0,"0","GNAI3"
0,1.95995334705668,0.793,0.108,0,"0","GPATCH4"
0,2.25678242638003,0.786,0.101,0,"0","MRPL13"
0,1.58936642146512,0.926,0.241,0,"0","SNRPF"
0,1.71121262827711,0.817,0.132,0,"0","ESYT1"
0,2.33975829357036,0.91,0.226,0,"0","CKS2"
0,1.38689440404242,0.921,0.237,0,"0","CS"
0,1.9369647950044,0.844,0.16,0,"0","FKBP4"
0,1.69215967238031,0.88,0.197,0,"0","ABCE1"
0,1.63506637093584,0.879,0.196,0,"0","PRELID1"
0,1.80152986254364,0.801,0.119,0,"0","SAE1"
0,1.59370816615235,0.831,0.149,0,"0","GTF3C6"
0,1.73481418144008,0.831,0.149,0,"0","MKI67IP"
0,1.350623727741,0.874,0.192,0,"0","RQCD1"
0,1.52162863136055,0.875,0.194,0,"0","WDR43"
0,1.58420352699863,0.825,0.144,0,"0","CIRH1A"
0,2.03644605895601,0.779,0.099,0,"0","IMPDH2"
0,1.95792906277822,0.784,0.105,0,"0","PFKP"
0,1.45493919434153,0.807,0.128,0,"0","SNHG16"
0,1.37481615197048,0.845,0.166,0,"0","AP2B1"
0,2.68104018659759,0.767,0.089,0,"0","CCNA2"
0,1.82808885223281,0.779,0.101,0,"0","SMS"
0,1.68737130219313,0.814,0.136,0,"0","CDK2"
0,1.21604081228755,0.872,0.194,0,"0","DDX39A"
0,1.60160221471216,0.837,0.159,0,"0","NUDT21"
0,1.65779939582934,0.83,0.152,0,"0","TIMM10"
0,1.44820928667503,0.856,0.179,0,"0","TCOF1"
0,1.78684144770043,0.912,0.235,0,"0","VDAC3"
0,1.52860968846142,0.925,0.248,0,"0","XRCC6"
0,1.94153183045424,0.798,0.122,0,"0","MRPL35"
0,2.4126875757996,0.911,0.235,0,"0","PRDX3"
0,1.65631291273799,0.805,0.131,0,"0","C17orf89"
0,1.82142252550877,0.811,0.137,0,"0","GMNN"
0,1.24699753341579,0.878,0.204,0,"0","KCNAB2"
0,1.66955343407311,0.838,0.164,0,"0","MTCH2"
0,1.58116736278117,0.875,0.201,0,"0","TFAM"
0,1.80394177290078,0.798,0.125,0,"0","PHF19"
0,0.900265738011914,0.889,0.216,0,"0","RHOG"
0,1.50804965405355,0.867,0.194,0,"0","SRP9"
0,2.39047915051754,0.753,0.081,0,"0","ACAT2"
0,1.98300342309146,0.788,0.116,0,"0","MLF1IP"
0,1.41899248959485,0.91,0.238,0,"0","XPO1"
0,1.87485970467553,0.969,0.297,0,"0","ARPC1B"
0,1.78541015417658,0.951,0.279,0,"0","CCT4"
0,2.05411618273428,0.959,0.287,0,"0","HNRNPAB"
0,1.59820167339824,0.838,0.166,0,"0","SMC2"
0,1.45336107951669,0.948,0.276,0,"0","SNRPB"
0,1.18385103660796,0.881,0.21,0,"0","APRT"
0,1.61961739032112,0.882,0.211,0,"0","LSM5"
0,2.36711817072635,0.773,0.103,0,"0","C12orf75"
0,1.36176057091559,0.88,0.21,0,"0","TOMM22"
0,1.262417767666,0.854,0.184,0,"0","HDAC1"
0,2.00928641884559,0.769,0.1,0,"0","AIMP2"
0,2.18028673459168,0.777,0.108,0,"0","BOLA3"
0,1.22364837312202,0.917,0.248,0,"0","CLTA"
0,1.05178870263608,0.863,0.194,0,"0","PPP2R1A"
0,1.48938901149706,0.937,0.268,0,"0","SNRPD3"
0,1.39518695208167,0.869,0.2,0,"0","VDAC2"
0,1.22850534797283,0.907,0.239,0,"0","ETF1"
0,1.40933894724972,0.911,0.243,0,"0","MTHFD2"
0,1.61822983945135,0.817,0.149,0,"0","PRR11"
0,1.23832331015611,0.837,0.169,0,"0","PWP1"
0,1.72668316464981,0.788,0.121,0,"0","MRPL1"
0,1.31494616746274,0.877,0.211,0,"0","BZW1"
0,1.38531075698611,0.878,0.212,0,"0","CYC1"
0,1.38818791211117,0.8,0.134,0,"0","NOP14"
0,3.37055301438795,0.703,0.037,0,"0","ACOT7"
0,1.92568984831751,0.775,0.11,0,"0","HELLS"
0,1.16253057417572,0.871,0.206,0,"0","MRPS15"
0,1.51331444910813,0.926,0.261,0,"0","PPM1G"
0,2.28528592168924,0.765,0.101,0,"0","UBE2T"
0,1.76720091888067,0.837,0.173,0,"0","CDK6"
0,1.68141208040727,0.978,0.314,0,"0","CORO1A"
0,1.44089748733119,0.862,0.198,0,"0","NOLC1"
0,1.01459363684665,0.861,0.198,0,"0","CELF2"
0,2.4694262357601,0.743,0.08,0,"0","CENPW"
0,1.22284806899114,0.887,0.224,0,"0","DIAPH1"
0,1.2693953334501,0.95,0.287,0,"0","HLA-DQA1"
0,1.53916653573705,0.789,0.126,0,"0","MRPL27"
0,1.57609343181883,0.804,0.141,0,"0","PDCD10"
0,2.29601145581397,0.747,0.084,0,"0","ZWILCH"
0,1.37879639245534,0.825,0.162,0,"0","IPO5"
0,1.58117540431826,0.913,0.251,0,"0","ARL6IP5"
0,1.46495750588459,0.806,0.144,0,"0","CHORDC1"
0,2.17885893760367,0.791,0.129,0,"0","CKS1B"
0,1.35488061206198,0.811,0.149,0,"0","COX20"
0,1.22226938087829,0.802,0.14,0,"0","EIF6"
0,1.47569966558119,0.827,0.165,0,"0","MYBL2"
0,1.50708088765979,0.833,0.171,0,"0","VBP1"
0,1.11005537498443,0.87,0.209,0,"0","DHX15"
0,1.19780701468093,0.883,0.222,0,"0","DNMT1"
0,2.03344620904445,0.785,0.124,0,"0","NCAPG"
0,1.20956769047251,0.903,0.242,0,"0","RP5-882O7.1"
0,1.71374043381908,0.925,0.264,0,"0","UBE2N"
0,1.50495466160204,0.82,0.159,0,"0","C7orf73"
0,1.32033749508622,0.871,0.211,0,"0","FKBP3"
0,1.56146787044099,0.807,0.147,0,"0","MRPS6"
0,1.30890009750491,0.797,0.137,0,"0","SF3B3"
0,1.20908648169587,0.815,0.155,0,"0","HDAC2"
0,1.26766801847965,0.832,0.172,0,"0","MDH2"
0,1.62701691310525,0.847,0.187,0,"0","MRPL3"
0,1.64188823407945,0.817,0.157,0,"0","OLA1"
0,1.29907091659051,0.852,0.192,0,"0","RPA2"
0,1.50885973889831,0.847,0.187,0,"0","SRI"
0,1.75929945275588,0.927,0.268,0,"0","CACYBP"
0,2.62104289411789,0.732,0.073,0,"0","DHCR24"
0,1.33171785986017,0.828,0.169,0,"0","ELAVL1"
0,1.70716930996214,0.827,0.168,0,"0","LSM2"
0,1.86630149367719,0.766,0.108,0,"0","HK1"
0,1.46543185392098,0.792,0.134,0,"0","NAA15"
0,1.67653918751573,0.78,0.122,0,"0","POLD2"
0,1.91834341109482,0.913,0.255,0,"0","SNRPE"
0,1.11419995237473,0.835,0.177,0,"0","ARL8B"
0,1.34710791938914,0.947,0.289,0,"0","HADHA"
0,1.53968144676964,0.907,0.25,0,"0","PDCD5"
0,1.71733019249709,0.769,0.112,0,"0","RPF2"
0,1.30451788212952,0.845,0.188,0,"0","SDHB"
0,1.08940734897048,0.883,0.227,0,"0","EIF3B"
0,1.56047201890469,0.798,0.142,0,"0","GLRX5"
0,1.81815060800166,0.773,0.117,0,"0","PGD"
0,1.3504177638137,0.865,0.209,0,"0","SRSF1"
0,1.78663956889103,0.826,0.17,0,"0","NUSAP1"
0,1.20012732517448,0.808,0.153,0,"0","FLNA"
0,1.64347815150876,0.948,0.293,0,"0","MDH1"
0,1.38031505576215,0.923,0.268,0,"0","MRPL20"
0,1.29018816771731,0.841,0.186,0,"0","THOC7"
0,1.04527756639578,0.858,0.204,0,"0","CYB5R3"
0,1.1408152829508,0.932,0.278,0,"0","DDB1"
0,1.29459574935093,0.799,0.145,0,"0","GTPBP4"
0,1.2525435130353,0.895,0.241,0,"0","RAB8A"
0,1.20515033106081,0.879,0.225,0,"0","RCC2"
0,2.36911929000506,0.723,0.069,0,"0","CENPM"
0,1.71833272916783,0.777,0.124,0,"0","MRPS23"
0,1.32152624025598,0.859,0.206,0,"0","NAA50"
0,1.31778197930397,0.799,0.146,0,"0","POLR2F"
0,1.37438892858694,0.805,0.152,0,"0","POLR2G"
0,0.993993321480294,0.917,0.264,0,"0","RNPS1"
0,1.55799313332253,0.933,0.28,0,"0","YWHAQ"
0,1.31875291446369,0.936,0.284,0,"0","RBX1"
0,2.27415846039963,0.734,0.082,0,"0","WDR54"
0,2.30997623293401,0.965,0.313,0,"0","NME1"
0,1.36383096933928,0.836,0.184,0,"0","PRKDC"
0,1.81217769921301,0.761,0.11,0,"0","CSE1L"
0,1.23243193239624,0.954,0.303,0,"0","FBL"
0,1.03651660476336,0.874,0.223,0,"0","MKI67"
0,1.18350408452866,0.895,0.244,0,"0","PTMAP5"
0,1.53707553516651,0.932,0.282,0,"0","G3BP1"
0,1.28902166444995,0.882,0.232,0,"0","DARS"
0,1.27553353682388,0.774,0.124,0,"0","LRPPRC"
0,1.36943602529063,0.775,0.125,0,"0","SNRPA1"
0,1.73541409606341,0.94,0.29,0,"0","PRMT1"
0,1.24542713666038,0.821,0.171,0,"0","USP1"
0,1.27688016478468,0.85,0.201,0,"0","PMVK"
0,0.939476413116603,0.924,0.276,0,"0","MTA2"
0,1.10820390267348,0.876,0.228,0,"0","PRR13"
0,0.842406715354121,0.875,0.227,0,"0","TRBC2"
0,1.59741872134396,0.762,0.114,0,"0","UBE2V2"
0,1.21726425181719,0.809,0.161,0,"0","VPS35"
0,1.06003851378864,0.831,0.183,0,"0","LRRC58"
0,1.27398604840464,0.808,0.161,0,"0","ADH5"
0,1.45180078959111,0.829,0.182,0,"0","BRI3BP"
0,1.16366412976477,0.846,0.199,0,"0","HSD17B10"
0,1.39221799158787,0.799,0.152,0,"0","KIF2A"
0,1.5240442015786,0.794,0.147,0,"0","NCAPD2"
0,1.64057907584818,0.885,0.238,0,"0","NDUFA12"
0,1.23310516181947,0.92,0.273,0,"0","PSME3"
0,1.77019498574522,0.769,0.122,0,"0","SEPT11"
0,1.09655643559924,0.891,0.244,0,"0","SUPT4H1"
0,0.970532460322923,0.878,0.231,0,"0","TKT"
0,1.34448908554089,0.803,0.156,0,"0","WHSC1"
0,1.21545311507899,0.817,0.17,0,"0","PRPF19"
0,1.60343411584084,0.931,0.285,0,"0","BANF1"
0,1.59266006760786,0.784,0.138,0,"0","H2AFX"
0,1.54181380569236,0.758,0.112,0,"0","PPIH"
0,1.44236080362755,0.791,0.145,0,"0","RECQL"
0,1.94081729922346,0.74,0.094,0,"0","TPGS2"
0,1.38297857873896,0.867,0.221,0,"0","TXNDC17"
0,1.61848604175582,0.769,0.124,0,"0","ESD"
0,1.54908578120634,0.874,0.229,0,"0","GTF2A2"
0,1.4566787259361,0.819,0.174,0,"0","MRPL18"
0,1.13868449774911,0.919,0.274,0,"0","RPL7L1"
0,1.10918842012466,0.872,0.227,0,"0","TALDO1"
0,1.72275147928624,0.76,0.115,0,"0","TK1"
0,1.14840808346103,0.814,0.169,0,"0","EIF4E2"
0,1.62255952535549,0.745,0.101,0,"0","CCND3"
0,1.79591157921088,0.75,0.106,0,"0","GOT2"
0,1.35725395126543,0.899,0.255,0,"0","LSM3"
0,1.7784269892221,0.782,0.138,0,"0","MT2A"
0,0.833678486401464,0.877,0.233,0,"0","PSMC4"
0,1.23155081103511,0.866,0.222,0,"0","TIMM17A"
0,1.1918362218027,0.834,0.19,0,"0","PCMT1"
0,1.80672548673359,0.957,0.313,0,"0","SNRPD1"
0,0.943797687817834,0.865,0.222,0,"0","CSNK2A1"
0,1.51358490472041,0.771,0.128,0,"0","MRPL16"
0,1.41584776040475,0.793,0.15,0,"0","SKA2"
0,1.12335828693579,0.846,0.203,0,"0","VMP1"
0,1.51995660698825,0.757,0.115,0,"0","ACLY"
0,0.994601808587556,0.871,0.229,0,"0","DAZAP1"
0,0.933627761650032,0.879,0.237,0,"0","DHX9"
0,1.82865323638957,0.961,0.319,0,"0","ALYREF"
0,2.50310954762227,0.708,0.066,0,"0","DTYMK"
0,1.2454478371432,0.821,0.179,0,"0","EIF4A3"
0,1.04108045722667,0.814,0.173,0,"0","AMD1"
0,1.16440678104959,0.917,0.276,0,"0","ATP5O"
0,0.871348740298848,0.847,0.206,0,"0","ELOVL5"
0,1.19676702706273,0.798,0.157,0,"0","FERMT3"
0,1.17009812094112,0.876,0.235,0,"0","MAPRE1"
0,1.31074387694369,0.768,0.127,0,"0","NRAS"
0,1.53949288307147,0.874,0.233,0,"0","SRM"
0,0.974780087512642,0.817,0.176,0,"0","SZRD1"
0,1.55181532913425,0.772,0.132,0,"0","ITGB3BP"
0,0.967434965629636,0.882,0.242,0,"0","PSMC5"
0,1.29124170028292,0.786,0.146,0,"0","RARS"
0,1.66070424394312,0.733,0.093,0,"0","RRP15"
0,1.22497731086778,0.889,0.249,0,"0","TCEB1"
0,1.40517436649476,0.808,0.168,0,"0","TIMM13"
0,1.26511387672253,0.817,0.177,0,"0","C11orf48"
0,1.22410135459685,0.817,0.177,0,"0","SF3A3"
0,1.09150377662757,0.86,0.221,0,"0","DENR"
0,0.993728643324169,0.902,0.263,0,"0","GSPT1"
0,2.08059995100354,0.727,0.088,0,"0","MRPL15"
0,1.06960107448027,0.88,0.241,0,"0","NDUFA6"
0,1.49159853496384,0.731,0.092,0,"0","NOB1"
0,1.18171226925844,0.806,0.167,0,"0","SUGT1"
0,2.04269320316441,0.713,0.074,0,"0","TRIAP1"
0,1.61429888159458,0.819,0.18,0,"0","VASP"
0,1.33478624054943,0.895,0.256,0,"0","YWHAG"
0,1.01637056151431,0.928,0.29,0,"0","KARS"
0,1.32843637959249,0.786,0.148,0,"0","GLUD1"
0,2.08685657070102,0.715,0.077,0,"0","PPIAP22"
0,0.904422992008985,0.891,0.253,0,"0","UBE2I"
0,1.79697010444007,0.753,0.115,0,"0","ZYX"
0,2.34160636996168,0.701,0.063,0,"0","HPRT1"
0,1.57531846416092,0.938,0.3,0,"0","SNRPC"
0,1.20740402863053,0.831,0.193,0,"0","TAF9"
0,1.09895211645629,0.887,0.25,0,"0","ACP1"
0,1.06220198272162,0.807,0.17,0,"0","DYNC1I2"
0,1.30524482399957,0.774,0.137,0,"0","EXOSC8"
0,1.87846481784851,0.975,0.338,0,"0","GPI"
0,1.31030406353942,0.888,0.251,0,"0","LBR"
0,1.51057123289518,0.943,0.306,0,"0","PHB2"
0,1.35517711875572,0.893,0.256,0,"0","RAB7L1"
0,1.16971270832893,0.806,0.169,0,"0","SNRPA"
0,2.42761946137802,0.988,0.351,0,"0","TUBB"
0,1.14331588889344,0.929,0.293,0,"0","M6PR"
0,1.44283676411232,0.763,0.127,0,"0","ADSL"
0,1.05670179097184,0.84,0.204,0,"0","COX16"
0,1.39452515784664,0.764,0.129,0,"0","AHSA1"
0,1.27019820996746,0.768,0.133,0,"0","EIF4E"
0,1.12351605393376,0.793,0.158,0,"0","FAM49B"
0,1.26332207205768,0.782,0.147,0,"0","FH"
0,2.24469443823358,0.704,0.069,0,"0","MRPL11"
0,1.04694796792577,0.837,0.202,0,"0","NEDD8"
0,1.00089203610189,0.899,0.264,0,"0","PSMD11"
0,1.47980176265533,0.925,0.291,0,"0","H2AFY"
0,1.21050943962263,0.937,0.303,0,"0","NASP"
0,1.38056410587619,0.76,0.126,0,"0","AC008155.1"
0,1.40478969611669,0.764,0.13,0,"0","EFTUD2"
0,2.03359927936091,0.752,0.118,0,"0","HMMR"
0,1.11806468344443,0.805,0.171,0,"0","MRPL21"
0,1.39947555089531,0.756,0.122,0,"0","POLE4"
0,1.46741425484174,0.757,0.123,0,"0","RGS10"
0,1.10760945848129,0.776,0.142,0,"0","TBCB"
0,1.17884162261299,0.835,0.201,0,"0","PSMD14"
0,1.4809687891239,0.734,0.101,0,"0","ADK"
0,1.38858422671214,0.763,0.13,0,"0","DNAJB6"
0,0.59984897248186,0.867,0.234,0,"0","LAMTOR5"
0,1.25941530021503,0.934,0.301,0,"0","MBD2"
0,1.02853507292823,0.844,0.211,0,"0","PRDX6"
0,1.12639950073219,0.857,0.224,0,"0","SNHG3"
0,1.55802977676566,0.733,0.1,0,"0","TNFRSF1B"
0,1.30923636196174,0.929,0.297,0,"0","MRPL51"
0,1.14779011251221,0.788,0.156,0,"0","FIBP"
0,1.04863131069045,0.799,0.167,0,"0","PPP1CA"
0,1.34072843617042,0.944,0.312,0,"0","ANP32E"
0,1.02012163873852,0.828,0.196,0,"0","RFTN1"
0,1.23326372190761,0.835,0.204,0,"0","FDFT1"
0,0.980963208116728,0.884,0.253,0,"0","HSPA4"
0,1.19085322696815,0.773,0.142,0,"0","MRPL9"
0,0.94654343563758,0.85,0.219,0,"0","NIPA2"
0,1.52362135715071,0.955,0.324,0,"0","NOP56"
0,1.38311964534133,0.777,0.146,0,"0","NUDC"
0,1.2750301475044,0.801,0.17,0,"0","PDHB"
0,0.950171586442779,0.817,0.186,0,"0","PITPNB"
0,0.92694145223533,0.843,0.212,0,"0","PSMC1"
0,2.46917313336154,0.7,0.069,0,"0","RUVBL1"
0,0.900919033596809,0.8,0.169,0,"0","STK24"
0,1.26083668150305,0.795,0.164,0,"0","TMA16"
0,2.04842915704255,0.699,0.068,0,"0","TUBA1A"
0,1.33168981486741,0.773,0.142,0,"0","UCHL5"
0,1.20231478315606,0.835,0.205,0,"0","CAB39"
0,2.4371297418476,0.707,0.077,0,"0","MAD2L1"
0,1.26324666361069,0.85,0.22,0,"0","MRPS33"
0,0.829896030624366,0.858,0.228,0,"0","OIP5-AS1"
0,1.14855972210492,0.875,0.245,0,"0","PDLIM1"
0,0.861392100277104,0.869,0.239,0,"0","POLR2J"
0,1.21783685524374,0.876,0.246,0,"0","RPL22L1"
0,1.46161021011018,0.763,0.133,0,"0","RUVBL2"
0,0.956100841593908,0.861,0.231,0,"0","SS18L2"
0,1.08070058414764,0.8,0.17,0,"0","UQCRC2"
0,2.1404898538761,0.699,0.069,0,"0","HN1L"
0,0.939132144391189,0.882,0.253,0,"0","EIF2S3"
0,1.55044060127092,0.747,0.118,0,"0","GRPEL1"
0,1.98798252392171,0.705,0.076,0,"0","NPM1P27"
0,1.64490786147967,0.967,0.338,0,"0","NUTF2"
0,1.05375864668582,0.815,0.186,0,"0","PDCD6"
0,1.13154441912535,0.841,0.212,0,"0","PSMD2"
0,1.16264797704385,0.792,0.163,0,"0","PTTG1"
0,0.740808327216882,0.919,0.291,0,"0","EIF3D"
0,1.27314522988598,0.793,0.165,0,"0","AIDA"
0,1.54156022812637,0.774,0.146,0,"0","FEN1"
0,1.37233801323446,0.76,0.132,0,"0","HMGB1P5"
0,1.54130502337172,0.833,0.205,0,"0","LGALS3"
0,1.52812594174692,0.741,0.113,0,"0","RPL26L1"
0,0.920615645559762,0.858,0.23,0,"0","TMPO"
0,1.72718983566467,0.954,0.327,0,"0","BAX"
0,0.848285744631956,0.921,0.294,0,"0","C19orf53"
0,1.39981817471959,0.757,0.13,0,"0","KPNA3"
0,0.854332589460543,0.895,0.268,0,"0","RAB1B"
0,1.05133632163351,0.769,0.142,0,"0","RPSAP58"
0,0.650464703426882,0.821,0.194,0,"0","SWAP70"
0,0.950400828529919,0.805,0.178,0,"0","USP10"
0,0.873827073160863,0.924,0.298,0,"0","MTPN"
0,1.11211000133006,0.915,0.289,0,"0","PSMD13"
0,1.09724092480512,0.794,0.168,0,"0","BLOC1S2"
0,1.09465351168334,0.78,0.154,0,"0","CAPRIN1"
0,1.57786255959282,0.743,0.117,0,"0","CLNS1A"
0,2.77211106836396,0.678,0.052,0,"0","NPM3"
0,1.20623852252914,0.772,0.146,0,"0","SF3B14"
0,1.51182144004656,0.949,0.323,0,"0","CCT2"
0,1.44188357717428,0.955,0.329,0,"0","MYL12A"
0,1.10806609383537,0.942,0.316,0,"0","POLR2L"
0,0.919173342171493,0.82,0.194,0,"0","SMARCC1"
0,1.02527834089288,0.842,0.217,0,"0","API5"
0,1.3155169970142,0.787,0.162,0,"0","ETFA"
0,1.19188278269049,0.766,0.141,0,"0","PFDN1"
0,0.890165731704124,0.907,0.283,0,"0","DDX18"
0,1.06733576870718,0.935,0.311,0,"0","SHMT2"
0,1.57864681597821,0.741,0.117,0,"0","FARSB"
0,1.08758258545802,0.895,0.271,0,"0","SNRPB2"
0,0.953815900996116,0.878,0.254,0,"0","USP14"
0,1.1016868836721,0.824,0.2,0,"0","MRPS18B"
0,1.79795121552978,0.723,0.1,0,"0","ATAD2"
0,1.02858893381766,0.793,0.17,0,"0","ECHS1"
0,1.09152254370677,0.914,0.291,0,"0","MRPS34"
0,0.757036133179387,0.85,0.227,0,"0","NONO"
0,0.968879679803779,0.848,0.225,0,"0","PSIP1"
0,0.838994677988414,0.86,0.237,0,"0","PSMA5"
0,1.13484071927208,0.811,0.188,0,"0","UTP11L"
0,0.894048353282059,0.835,0.213,0,"0","ETS1"
0,1.13169305425341,0.782,0.16,0,"0","MAGOH"
0,1.04394847364154,0.789,0.167,0,"0","NSUN2"
0,0.643806711531998,0.856,0.234,0,"0","TACC1"
0,0.871568024261171,0.883,0.261,0,"0","TTC1"
0,1.02915761038768,0.956,0.334,0,"0","MYH9"
0,1.12035779085751,0.945,0.323,0,"0","PSMA4"
0,0.947366092789586,0.819,0.197,0,"0","PUF60"
0,1.19755369247631,0.91,0.289,0,"0","ATP5C1"
0,1.25032081794119,0.759,0.138,0,"0","CCDC25"
0,1.41936170472384,0.749,0.128,0,"0","CORO1C"
0,0.765792300652951,0.833,0.212,0,"0","EIF3M"
0,1.31828693850929,0.74,0.119,0,"0","ERAL1"
0,1.10373065991526,0.902,0.281,0,"0","GALNT1"
0,0.879419703743362,0.884,0.263,0,"0","GARS"
0,2.03987480090188,0.697,0.076,0,"0","MPHOSPH6"
0,0.863780791725421,0.865,0.244,0,"0","PCNP"
0,0.813870616916809,0.876,0.255,0,"0","RBBP7"
0,0.96340359297278,0.835,0.214,0,"0","SCAMP3"
0,1.21332581904467,0.777,0.156,0,"0","SEPHS2"
0,1.10896109439972,0.769,0.148,0,"0","SMIM12"
0,1.92659141337218,0.707,0.086,0,"0","SNRNP25"
0,0.923755115334985,0.869,0.248,0,"0","UBE2A"
0,2.6641745512903,0.68,0.06,0,"0","ORC6"
0,0.909729945464374,0.855,0.235,0,"0","CBX6"
0,1.1461536498892,0.881,0.261,0,"0","COX17"
0,0.98680786285266,0.777,0.157,0,"0","IARS"
0,0.554845261098672,0.863,0.243,0,"0","MTCH1"
0,0.927329924643839,0.831,0.211,0,"0","MYEOV2"
0,1.888061477144,0.709,0.089,0,"0","RP11-423H2.1"
0,1.43683427980302,0.948,0.328,0,"0","PSMA7"
0,1.16465981207869,0.793,0.174,0,"0","DDT"
0,0.779384159989351,0.816,0.197,0,"0","DNTTIP2"
0,1.21593914099577,0.763,0.144,0,"0","LYPLA1"
0,1.02642183472167,0.819,0.2,0,"0","MRPL41"
0,1.20728783337696,0.889,0.27,0,"0","POLE3"
0,1.05475677396261,0.771,0.152,0,"0","PRPS1"
0,2.51668508377353,0.685,0.066,0,"0","RFC3"
0,1.72125447675473,0.743,0.124,0,"0","SERPINB1"
0,0.895552207761627,0.879,0.26,0,"0","TRAPPC2L"
0,1.02759119648323,0.807,0.189,0,"0","SKAP2"
0,1.57057867447606,0.735,0.117,0,"0","ACAT1"
0,1.03437982847439,0.876,0.258,0,"0","BRK1"
0,1.02216971414223,0.771,0.153,0,"0","BUD31"
0,1.3198437499011,0.76,0.142,0,"0","CKAP5"
0,2.00047407484167,0.981,0.363,0,"0","HMGA1"
0,0.655751405856706,0.82,0.202,0,"0","ARPP19"
0,0.939164307895406,0.817,0.199,0,"0","ISG20L2"
0,1.25789618637332,0.764,0.147,0,"0","HAT1"
0,0.935789172769224,0.771,0.154,0,"0","IDI1"
0,1.59708251924162,0.817,0.2,0,"0","MIR4435-1HG"
0,0.802617605871875,0.882,0.265,0,"0","PNRC2"
0,0.737449339277052,0.877,0.26,0,"0","PSMC3"
0,0.997963072466668,0.83,0.213,0,"0","SUMO1"
0,0.734173211844357,0.871,0.254,0,"0","TARDBP"
0,1.01726126425171,0.793,0.177,0,"0","PMF1"
0,1.34617632853964,0.918,0.302,0,"0","SLIRP"
0,1.17462457331202,0.779,0.163,0,"0","PEA15"
0,1.15687336141178,0.871,0.255,0,"0","SHFM1"
0,0.98287095064927,0.769,0.153,0,"0","TNPO1"
0,1.66662892050574,0.951,0.335,0,"0","ATP5F1"
0,0.725161400186312,0.854,0.239,0,"0","DNAJC8"
0,0.614046395974189,0.845,0.23,0,"0","IMP3"
0,1.69968481640117,0.74,0.125,0,"0","KIFC1"
0,0.61573529743363,0.885,0.27,0,"0","PRKCB"
0,1.00149624326781,0.945,0.33,0,"0","RSL1D1"
0,1.11148258900759,0.915,0.3,0,"0","TBCA"
0,0.902813378005257,0.886,0.271,0,"0","TXNL4A"
0,1.33100648917621,0.927,0.313,0,"0","CCT8"
0,0.517219220332902,0.797,0.183,0,"0","RPS4Y1"
0,0.948330715168984,0.746,0.132,0,"0","CTC-471F3.4"
0,1.32346622871574,0.722,0.108,0,"0","DLST"
0,1.93087211284001,0.704,0.09,0,"0","LSM6"
0,0.953390375909886,0.893,0.279,0,"0","PDAP1"
0,1.41297816466059,0.745,0.131,0,"0","S100A10"
0,1.39122657755814,0.721,0.107,0,"0","TRAPPC4"
0,1.29781396730583,0.753,0.139,0,"0","UBA2"
0,0.985447656512395,0.924,0.311,0,"0","ATP1B3"
0,0.833479942286907,0.831,0.218,0,"0","CBX5"
0,1.6334311400799,0.725,0.112,0,"0","EBP"
0,1.14850357623171,0.892,0.279,0,"0","ENY2"
0,0.714824054090252,0.865,0.252,0,"0","FDPS"
0,1.63470881403283,0.966,0.353,0,"0","HMGB2"
0,0.984868641626791,0.873,0.26,0,"0","MRPL34"
0,1.01304776454587,0.806,0.193,0,"0","PSMD12"
0,2.19783805757206,0.676,0.064,0,"0","CENPH"
0,0.918216581113904,0.8,0.188,0,"0","ELOF1"
0,0.997358452145316,0.916,0.304,0,"0","SLC25A39"
0,0.961173078040799,0.751,0.139,0,"0","DDX52"
0,1.25314528863377,0.77,0.158,0,"0","DPM1"
0,0.848958335277905,0.779,0.167,0,"0","STRAP"
0,0.923711842541417,0.821,0.209,0,"0","UQCRFS1"
0,1.18817239630683,0.945,0.333,0,"0","ZFAS1"
0,0.812093528118556,0.812,0.201,0,"0","FAM96A"
0,1.09317591779232,0.943,0.332,0,"0","METAP2"
0,1.06301049430832,0.76,0.149,0,"0","MRPS7"
0,1.08456829629052,0.772,0.161,0,"0","PITPNA"
0,1.07408354153628,0.919,0.308,0,"0","UQCR10"
0,0.976505544820658,0.883,0.272,0,"0","XRN2"
0,1.04070845637927,0.791,0.181,0,"0","POLR2K"
0,1.21296544098804,0.921,0.311,0,"0","RAP1A"
0,2.52106358878513,0.984,0.374,0,"0","HSPD1"
0,0.431522455367176,0.819,0.21,0,"0","BANK1"
0,1.54971732573873,0.939,0.33,0,"0","EIF1AX"
0,1.04884348456616,0.76,0.151,0,"0","EIF2S1"
0,1.1638983332002,0.936,0.327,0,"0","HNRNPF"
0,1.07590487603047,0.93,0.321,0,"0","ILF2"
0,1.24766146419859,0.743,0.134,0,"0","IMMT"
0,1.64421808383786,0.936,0.327,0,"0","S100A11"
0,0.771781433177858,0.829,0.22,0,"0","SNHG1"
0,1.38005622798086,0.728,0.119,0,"0","TMEM109"
0,0.571888059519961,0.9,0.292,0,"0","CCAR1"
0,0.524116392225768,0.861,0.253,0,"0","ABCF1"
0,0.711985205777215,0.825,0.217,0,"0","ANXA7"
0,1.15865419438463,0.77,0.162,0,"0","BCCIP"
0,0.533169671305368,0.867,0.259,0,"0","LARP7"
0,1.21740621243177,0.746,0.138,0,"0","RBBP8"
0,1.23539112591328,0.94,0.332,0,"0","RBMX"
0,0.68226388989878,0.811,0.204,0,"0","CNOT7"
0,0.906425757183991,0.834,0.227,0,"0","AKR1B1"
0,1.87124580470684,0.699,0.092,0,"0","CMSS1"
0,1.00083075977808,0.799,0.192,0,"0","DDX1"
0,0.819583982735996,0.815,0.208,0,"0","EID1"
0,0.835786349653538,0.761,0.154,0,"0","FAM32A"
0,1.52513846261984,0.699,0.092,0,"0","KIAA0020"
0,0.464274591027332,0.843,0.236,0,"0","LRRFIP1"
0,1.21110660878003,0.718,0.111,0,"0","MAP4"
0,1.26197219177122,0.75,0.143,0,"0","PPA2"
0,0.700332538202682,0.832,0.225,0,"0","PPP1CB"
0,0.658726049917292,0.828,0.221,0,"0","SKP1"
0,0.980123839971507,0.93,0.323,0,"0","SNX5"
0,0.93881369263311,0.744,0.137,0,"0","TAF15"
0,0.7216867039542,0.778,0.171,0,"0","TMEM183A"
0,2.08919344877316,0.674,0.067,0,"0","TOMM40"
0,1.80344471048632,0.685,0.079,0,"0","HSPBP1"
0,1.07571271552487,0.763,0.157,0,"0","C14orf1"
0,1.62508341610829,0.959,0.353,0,"0","DBI"
0,0.549528109498508,0.873,0.267,0,"0","HNRNPUL2"
0,0.604483827707509,0.88,0.274,0,"0","LIMD2"
0,1.56467043637177,0.69,0.084,0,"0","NAT10"
0,0.788196352428347,0.868,0.262,0,"0","PSMC2"
0,1.14195597725857,0.748,0.142,0,"0","PSMG3"
0,1.12512828107443,0.744,0.138,0,"0","RALA"
0,1.64087534061292,0.711,0.105,0,"0","SLC16A1"
0,0.872786129598448,0.823,0.217,0,"0","TARS"
0,0.867821290968106,0.765,0.159,0,"0","USP12"
0,1.53023748210514,0.714,0.109,0,"0","BRCC3"
0,0.911111087953949,0.792,0.187,0,"0","FAM96B"
0,1.0462333914556,0.782,0.177,0,"0","KIF20B"
0,1.10720352964752,0.776,0.171,0,"0","MRPS14"
0,0.963035963520205,0.751,0.146,0,"0","NDUFA10"
0,0.744515671814549,0.904,0.299,0,"0","PPP4C"
0,1.20975219934718,0.764,0.159,0,"0","PSMB5"
0,0.817732489714005,0.923,0.318,0,"0","TRIM28"
0,0.907856291704495,0.828,0.223,0,"0","UBE2M"
0,0.662664108189163,0.795,0.19,0,"0","WDR82"
0,2.19509657943118,0.681,0.077,0,"0","NCAPH"
0,1.02868943738901,0.782,0.178,0,"0","VPS25"
0,0.962144687440502,0.765,0.161,0,"0","CD19"
0,1.17333023381153,0.734,0.13,0,"0","COPS3"
0,0.760802873210476,0.766,0.162,0,"0","DNAJA2"
0,1.64206561946933,0.977,0.373,0,"0","FKBP1A"
0,1.3930926363564,0.707,0.103,0,"0","MEMO1P1"
0,0.928577445358133,0.859,0.255,0,"0","PSMA1"
0,0.676823062817412,0.876,0.272,0,"0","PSMB7"
0,0.743219498334855,0.846,0.242,0,"0","RAD23B"
0,1.22769982060104,0.756,0.152,0,"0","RNF34"
0,0.543260515403455,0.836,0.232,0,"0","SRRT"
0,1.11927890540062,0.939,0.335,0,"0","ENSA"
0,2.49563595489607,0.659,0.056,0,"0","CCDC86"
0,0.634844605760405,0.786,0.183,0,"0","CCNK"
0,0.843662027877982,0.8,0.197,0,"0","FAM60A"
0,0.620729010470237,0.875,0.272,0,"0","NDUFB9"
0,1.34129014515122,0.713,0.11,0,"0","PRPF38A"
0,0.733180630216964,0.79,0.187,0,"0","SNRNP27"
0,0.83630025723345,0.923,0.321,0,"0","RPLP0P2"
0,0.839345143119056,0.804,0.202,0,"0","SDAD1"
0,1.99688209993354,0.977,0.375,0,"0","TPM4"
0,0.765538851180774,0.876,0.274,0,"0","ZMAT2"
0,1.24956110875938,0.944,0.343,0,"0","ANP32A"
0,0.874390286335497,0.824,0.223,0,"0","GSTO1"
0,0.964221797761908,0.86,0.259,0,"0","MRP63"
0,0.712530535554931,0.897,0.296,0,"0","NDUFA7"
0,0.899133319342578,0.818,0.217,0,"0","NUP50"
0,0.793165461037074,0.848,0.247,0,"0","PTBP3"
0,1.03112054794978,0.754,0.153,0,"0","RTCB"
0,0.92102349138873,0.783,0.182,0,"0","SNX1"
0,1.77532276455525,0.697,0.096,0,"0","SPDL1"
0,2.00872115380729,0.688,0.087,0,"0","SQLE"
0,1.41789782143752,0.908,0.307,0,"0","USMG5"
0,1.14063739968074,0.892,0.292,0,"0","ODC1"
0,0.91615857977869,0.781,0.181,0,"0","PDHA1"
0,0.74831525935683,0.92,0.32,0,"0","PPP1R18"
0,0.783348054461259,0.895,0.295,0,"0","RSL24D1"
0,0.606786014861104,0.884,0.284,0,"0","SUMO3"
0,0.679322111518666,0.823,0.223,0,"0","ARF3"
0,0.982209085861881,0.724,0.124,0,"0","ARRB2"
0,1.77658968138086,0.689,0.089,0,"0","ASF1B"
0,0.573932123912532,0.836,0.236,0,"0","ATP6V1E1"
0,1.41472824968346,0.726,0.126,0,"0","HMGB3"
0,1.22584773325255,0.718,0.118,0,"0","MAT2A"
0,0.912150107619117,0.759,0.159,0,"0","PARL"
0,1.15775079208395,0.745,0.145,0,"0","RPS19BP1"
0,0.592824568761023,0.851,0.251,0,"0","TCERG1"
0,0.716372042570769,0.818,0.219,0,"0","C14orf166"
0,0.712631669249169,0.801,0.202,0,"0","LIMS1"
0,1.17584401265421,0.741,0.142,0,"0","POLDIP2"
0,1.02881431645919,0.886,0.287,0,"0","PSMA2"
0,1.13938598596803,0.739,0.14,0,"0","SIVA1"
0,2.39585286578973,0.664,0.065,0,"0","STK38L"
0,0.579182167044839,0.901,0.302,0,"0","TAF1D"
0,1.35526426898646,0.927,0.329,0,"0","DNAJA1"
0,1.05773085382381,0.968,0.37,0,"0","CALM3"
0,1.323020243175,0.716,0.118,0,"0","CCNG1"
0,0.61759614637245,0.861,0.263,0,"0","COX5B"
0,0.728680076456293,0.845,0.247,0,"0","CSK"
0,1.26566470644608,0.764,0.166,0,"0","HLA-DRB6"
0,0.811847571888611,0.945,0.347,0,"0","SLC38A1"
0,0.711163047131748,0.786,0.189,0,"0","DBNL"
0,1.15074759828,0.73,0.133,0,"0","LTA4H"
0,0.604249697247971,0.833,0.236,0,"0","PAFAH1B1"
0,0.456106413979819,0.839,0.242,0,"0","PPP1R12A"
0,0.668482460363628,0.906,0.309,0,"0","PPP2CA"
0,0.429268894409603,0.782,0.185,0,"0","RP11-51O6.1"
0,0.620764845941614,0.921,0.324,0,"0","SRSF10"
0,0.89924799244671,0.924,0.327,0,"0","ST13"
0,1.10797397996114,0.74,0.143,0,"0","TMEM14B"
0,2.57419114115847,0.671,0.075,0,"0","CCNB1"
0,0.788635159336159,0.92,0.324,0,"0","NDUFB3"
0,1.97624306358903,0.66,0.064,0,"0","TRAP1"
0,0.880156714889536,0.757,0.161,0,"0","DGUOK"
0,1.21120432380997,0.713,0.117,0,"0","FAM98B"
0,1.22695793661348,0.707,0.111,0,"0","MRPS12"
0,1.41694642157718,0.71,0.114,0,"0","POP4"
0,0.933580189879402,0.748,0.152,0,"0","PSMG2"
0,0.661507656440278,0.819,0.223,0,"0","RALY"
0,1.60280116207655,0.698,0.102,0,"0","TMSB4XP4"
0,2.27029450113637,0.679,0.084,0,"0","DLGAP5"
0,0.872037041818871,0.804,0.209,0,"0","SUCLG1"
0,0.758088762284552,0.832,0.237,0,"0","CERS2"
0,0.909019188028266,0.729,0.134,0,"0","MRPS25"
0,1.15126575351561,0.919,0.324,0,"0","MYL12B"
0,1.3708351931567,0.714,0.119,0,"0","NAMPT"
0,1.09618412090457,0.718,0.123,0,"0","NOL11"
0,0.762933560313263,0.816,0.221,0,"0","TRAF3IP3"
0,0.69095619132313,0.899,0.304,0,"0","UQCR11"
0,0.712547436487751,0.91,0.316,0,"0","BAZ1B"
0,2.36525236192763,0.664,0.07,0,"0","CEP55"
0,0.838884029620199,0.807,0.213,0,"0","HCFC1"
0,1.07623784612449,0.928,0.334,0,"0","SSB"
0,0.693363815937974,0.882,0.288,0,"0","VAPA"
0,1.6954711081767,0.71,0.116,0,"0","AURKB"
0,1.74803323194239,0.951,0.357,0,"0","CAP1"
0,0.52338427255118,0.82,0.226,0,"0","CEBPZ"
0,1.37945271888693,0.716,0.122,0,"0","COA4"
0,0.928003637430257,0.762,0.168,0,"0","DBF4"
0,1.45103014850118,0.707,0.113,0,"0","MZT1"
0,1.44421637688964,0.965,0.371,0,"0","PARK7"
0,0.962804099556241,0.734,0.14,0,"0","PFDN2"
0,1.12984850417004,0.714,0.12,0,"0","TDG"
0,0.518131028331266,0.873,0.279,0,"0","WASF2"
0,0.351507527024741,0.853,0.26,0,"0","C6orf48"
0,0.620717710356038,0.865,0.272,0,"0","CNDP2"
0,0.74221941119328,0.852,0.259,0,"0","SF3B4"
0,0.577288995452564,0.858,0.265,0,"0","TES"
0,1.21094299635404,0.702,0.109,0,"0","TYW3"
0,0.638167830168259,0.935,0.343,0,"0","ADRBK1"
0,0.547728503288268,0.797,0.205,0,"0","MOB3A"
0,1.86152756817255,0.675,0.083,0,"0","SLC29A1"
0,0.841052808871447,0.757,0.165,0,"0","FLOT1"
0,0.450126374481926,0.836,0.244,0,"0","HUWE1"
0,0.962005208358695,0.962,0.37,0,"0","IQGAP1"
0,1.39921220795455,0.692,0.1,0,"0","MRPS35"
0,1.06437941943755,0.755,0.163,0,"0","PAPD5"
0,1.48688728377498,0.69,0.099,0,"0","CMAS"
0,0.963652345020557,0.892,0.301,0,"0","COX7A2L"
0,0.567900350296392,0.829,0.238,0,"0","MAZ"
0,1.50799483467593,0.932,0.341,0,"0","NDUFAB1"
0,2.13489365598672,0.651,0.06,0,"0","NOP16"
0,0.813740816873504,0.729,0.138,0,"0","OSBPL8"
0,0.847795981025456,0.761,0.17,0,"0","RPF1"
0,1.08272528726359,0.92,0.329,0,"0","SEC11A"
0,0.622683215202725,0.878,0.287,0,"0","UBE2K"
0,0.718000233687743,0.897,0.306,0,"0","ZCRB1"
0,0.686416221217921,0.773,0.183,0,"0","CELF1"
0,0.794803028036204,0.783,0.193,0,"0","NDUFS3"
0,0.838530381307163,0.762,0.172,0,"0","PFDN6"
0,0.67069019293909,0.79,0.2,0,"0","WNK1"
0,0.956375040738337,0.948,0.358,0,"0","C14orf2"
0,1.20216771683557,0.703,0.113,0,"0","CPSF3"
0,1.14438895576986,0.731,0.141,0,"0","DNAJC19"
0,0.331766687257887,0.825,0.235,0,"0","FNBP1"
0,1.11413764379431,0.692,0.102,0,"0","GATAD2A"
0,1.09214944874654,0.732,0.142,0,"0","MRPS2"
0,0.55266264480348,0.819,0.229,0,"0","NDUFS2"
0,0.832271233486003,0.761,0.171,0,"0","PIH1D1"
0,1.00513059124443,0.943,0.353,0,"0","PSMB3"
0,0.904994016391035,0.866,0.276,0,"0","TNFAIP8"
0,0.452204378545725,0.848,0.258,0,"0","TOMM20"
0,0.617897981901553,0.808,0.219,0,"0","ECH1"
0,1.28307713181992,0.675,0.086,0,"0","RPIA"
0,0.664656948994204,0.939,0.35,0,"0","PSMD4"
0,0.974130999151179,0.93,0.341,0,"0","RBM8A"
0,0.850079729133906,0.926,0.337,0,"0","TRAPPC1"
0,1.61514660933418,0.69,0.101,0,"0","TSFM"
0,0.378940859048327,0.806,0.218,0,"0","DDX27"
0,0.815156288480491,0.776,0.188,0,"0","METTL5"
0,1.65755251784579,0.924,0.336,0,"0","PPA1"
0,0.401478841493453,0.876,0.288,0,"0","ROCK1"
0,0.719443205416218,0.931,0.343,0,"0","SEPT9"
0,1.43317078712982,0.684,0.096,0,"0","TIMM50"
0,0.712755378140969,0.755,0.167,0,"0","DR1"
0,0.516300330644974,0.865,0.277,0,"0","PAK2"
0,1.7848030229556,0.958,0.37,0,"0","SLC25A5"
0,1.56290602906292,0.675,0.088,0,"0","SLC39A1"
0,0.947239921239555,0.934,0.347,0,"0","SMC4"
0,0.839773224538286,0.764,0.177,0,"0","DCAF7"
0,0.891645988078743,0.728,0.141,0,"0","HADHB"
0,1.05104374915034,0.725,0.138,0,"0","IL10RB"
0,1.36757919747194,0.698,0.111,0,"0","MRPS10"
0,0.496175268135178,0.79,0.203,0,"0","RABGGTB"
0,1.55827166630569,0.69,0.103,0,"0","RPP30"
0,1.15409272849446,0.732,0.145,0,"0","SHCBP1"
0,0.846216106739386,0.744,0.157,0,"0","TOPBP1"
0,1.44199215837342,0.672,0.086,0,"0","BRIX1"
0,1.12084805442265,0.927,0.341,0,"0","CSNK2B"
0,0.584595136914723,0.905,0.319,0,"0","U2AF1"
0,1.39830897549242,0.692,0.106,0,"0","CWC27"
0,0.552854377238183,0.84,0.254,0,"0","NDUFC1"
0,0.711382860101657,0.961,0.375,0,"0","RP11-122C9.1"
0,0.521294434834502,0.844,0.258,0,"0","TIAL1"
0,2.22364914224172,0.658,0.073,0,"0","CDCA5"
0,0.826823337890011,0.92,0.335,0,"0","CD47"
0,1.00104140645055,0.919,0.334,0,"0","CLIC1"
0,0.959304570759389,0.904,0.319,0,"0","CMTM6"
0,0.575637664012877,0.839,0.254,0,"0","DNAJC15"
0,0.634245799923361,0.777,0.192,0,"0","DNAJC21"
0,0.706908374382413,0.865,0.28,0,"0","HMGN3"
0,1.27573370566941,0.785,0.2,0,"0","INSIG1"
0,0.786659908477336,0.777,0.192,0,"0","NUBP2"
0,1.35858902727138,0.694,0.109,0,"0","OGFOD1"
0,0.790893055965096,0.882,0.298,0,"0","C1orf43"
0,0.650773254212014,0.802,0.218,0,"0","FUNDC2"
0,1.93295295488233,0.655,0.071,0,"0","GPN3"
0,1.03289424819821,0.739,0.155,0,"0","BCL2L12"
0,0.995295888496859,0.743,0.159,0,"0","CHCHD1"
0,0.890235795753299,0.727,0.143,0,"0","GRSF1"
0,1.09150366510067,0.717,0.133,0,"0","NDUFAF4"
0,0.749103251582259,0.739,0.155,0,"0","PDS5A"
0,1.38870887445195,0.681,0.098,0,"0","RRP7A"
0,0.752099039634699,0.905,0.322,0,"0","ACO2"
0,0.985642319219411,0.734,0.151,0,"0","ACSL4"
0,0.527256053184579,0.893,0.31,0,"0","CAST"
0,0.799650712120687,0.757,0.174,0,"0","CCDC167"
0,0.951714501385186,0.755,0.172,0,"0","CPSF2"
0,0.548867417459417,0.775,0.192,0,"0","EXOSC9"
0,0.765880166013965,0.763,0.18,0,"0","SCP2"
0,1.12894593452969,0.692,0.109,0,"0","TIMM23"
0,1.12223181423647,0.702,0.119,0,"0","TRMT10C"
0,0.62908529049353,0.797,0.215,0,"0","COPS6"
0,1.17877200867926,0.684,0.102,0,"0","DCAF13"
0,0.678828869375669,0.784,0.202,0,"0","MCTS1"
0,1.90341206438651,0.657,0.075,0,"0","MSRB1"
0,1.32705699731878,0.685,0.103,0,"0","SNHG12"
0,1.28679394704761,0.714,0.132,0,"0","AIFM1"
0,0.964730348248579,0.753,0.171,0,"0","CCDC47"
0,1.23958371244775,0.735,0.153,0,"0","CKLF"
0,0.78471772643424,0.734,0.152,0,"0","UBAP2L"
0,0.572599834527512,0.818,0.236,0,"0","UFD1L"
0,2.14022523155948,0.678,0.097,0,"0","AURKA"
0,0.903279271457434,0.766,0.185,0,"0","EMC6"
0,0.545077626836677,0.861,0.28,0,"0","FUBP1"
0,1.0378148896557,0.723,0.142,0,"0","MRPS36"
0,2.08851475064302,0.983,0.402,0,"0","PGK1"
0,0.547505776933747,0.831,0.25,0,"0","SARS"
0,0.5773276144361,0.832,0.251,0,"0","SREBF2"
0,0.595415430623197,0.872,0.292,0,"0","CNOT1"
0,0.536254444541241,0.769,0.189,0,"0","RAB14"
0,0.709648164452817,0.869,0.289,0,"0","SMARCA5"
0,0.810977892995257,0.875,0.295,0,"0","TUBA4A"
0,1.44067659344413,0.677,0.097,0,"0","YDJC"
0,0.887010185807869,0.725,0.145,0,"0","BTBD1"
0,0.820618924791882,0.717,0.137,0,"0","E2F4"
0,0.701229995154666,0.748,0.168,0,"0","GNL2"
0,1.10552813763305,0.724,0.144,0,"0","SRF"
0,1.47639080626791,0.674,0.095,0,"0","IARS2"
0,0.673242988455166,0.806,0.227,0,"0","PTEN"
0,0.651885833315486,0.905,0.326,0,"0","FAM120A"
0,0.931095355654755,0.955,0.376,0,"0","KHSRP"
0,0.840922552162493,0.742,0.163,0,"0","LSM12"
0,0.881387251907963,0.74,0.161,0,"0","MAD2L2"
0,1.03035595377231,0.731,0.152,0,"0","MRPS18C"
0,0.585382101318017,0.775,0.196,0,"0","NMT1"
0,1.21619423362083,0.961,0.382,0,"0","PTBP1"
0,2.07484518295937,0.643,0.064,0,"0","TTLL12"
0,0.699445381221209,0.775,0.197,0,"0","AP3S1"
0,0.389192400243602,0.791,0.213,0,"0","B4GALT1"
0,0.529131798710277,0.81,0.232,0,"0","C16orf13"
0,1.59316390020052,0.663,0.085,0,"0","HIGD1A"
0,0.534429861520541,0.895,0.317,0,"0","KIF5B"
0,0.386610021172083,0.784,0.206,0,"0","RP11-478C6.4"
0,1.48680094705564,0.688,0.11,0,"0","HAUS1"
0,0.723128121049254,0.841,0.263,0,"0","MMADHC"
0,0.70432152019566,0.838,0.26,0,"0","RNF167"
0,0.977928477356335,0.736,0.158,0,"0","SMC1A"
0,0.979583682628298,0.707,0.13,0,"0","CAPZA2"
0,1.31130182478349,0.968,0.391,0,"0","GDI2"
0,0.875549477401755,0.74,0.163,0,"0","HCFC1R1"
0,0.850455330413666,0.748,0.171,0,"0","ME2"
0,0.64597873615514,0.742,0.165,0,"0","PREX1"
0,1.10979424073162,0.692,0.115,0,"0","TMOD3"
0,0.823241175707965,0.904,0.328,0,"0","CHCHD10"
0,1.4877550309007,0.666,0.09,0,"0","LAT2"
0,0.694342185236216,0.904,0.328,0,"0","RAB7A"
0,0.96350179515849,0.736,0.16,0,"0","DPY30"
0,3.15028851623974,0.617,0.041,0,"0","EBI3"
0,1.29168971236421,0.958,0.382,0,"0","RAC1"
0,1.2707424666222,0.685,0.11,0,"0","COA6"
0,1.00234087487894,0.682,0.107,0,"0","DNM1L"
0,0.350298844916015,0.779,0.204,0,"0","G3BP2"
0,0.958896534160443,0.677,0.102,0,"0","TSR2"
0,0.864611900485443,0.724,0.149,0,"0","DCTD"
0,1.29951667403106,0.948,0.373,0,"0","KHDRBS1"
0,0.928851297841367,0.737,0.162,0,"0","NDUFB5"
0,0.760150564302487,0.88,0.305,0,"0","POLR1D"
0,0.612362498337693,0.823,0.248,0,"0","SMC3"
0,0.574009365189948,0.777,0.202,0,"0","SNX6"
0,0.614844554829035,0.811,0.237,0,"0","AP2M1"
0,1.53024438872023,0.675,0.101,0,"0","CHAF1A"
0,1.35472134678185,0.666,0.092,0,"0","DIMT1"
0,1.3661302689704,0.686,0.112,0,"0","HSPA14"
0,1.26384764738805,0.683,0.109,0,"0","PARVB"
0,1.14545636385739,0.673,0.099,0,"0","RANGAP1"
0,0.99475556136931,0.68,0.106,0,"0","XPO6"
0,0.792387653908435,0.708,0.134,0,"0","TNPO2"
0,1.56617219370493,0.664,0.091,0,"0","ACTL6A"
0,0.481776642106091,0.781,0.208,0,"0","GSK3A"
0,0.720684845122087,0.785,0.212,0,"0","MRPL33"
0,0.36158793977303,0.792,0.219,0,"0","PPP2R2A"
0,0.458818397752925,0.793,0.22,0,"0","UBE2R2"
0,1.36032699066856,0.972,0.399,0,"0","EIF5AL1"
0,0.936098391044621,0.709,0.136,0,"0","KRR1"
0,0.717436418347711,0.739,0.166,0,"0","MED24"
0,1.06404336646834,0.712,0.139,0,"0","MLX"
0,2.0015992315406,0.635,0.062,0,"0","RCC1"
0,0.876360479863715,0.858,0.285,0,"0","RPS17"
0,0.94401411665263,0.736,0.163,0,"0","RSU1"
0,0.839015963046901,0.74,0.167,0,"0","TMX1"
0,0.493868852062628,0.762,0.189,0,"0","UBTF"
0,0.511904914816322,0.869,0.296,0,"0","WBP11"
0,0.652143378232913,0.753,0.181,0,"0","CSRP1"
0,1.63305447847302,0.653,0.081,0,"0","DDB2"
0,1.11481777933378,0.93,0.358,0,"0","GAS5"
0,1.54406721414478,0.651,0.079,0,"0","PDCL3"
0,0.455064696042556,0.81,0.238,0,"0","PPP6C"
0,1.35767570471619,0.679,0.107,0,"0","RAE1"
0,2.63126447439463,0.991,0.419,0,"0","TUBA1B"
0,0.990924209757997,0.688,0.116,0,"0","ESF1"
0,1.21025210926586,0.711,0.139,0,"0","SDHC"
0,1.60509706332309,0.723,0.151,0,"0","TOP2A"
0,1.38378806822015,0.969,0.397,0,"0","TUFM"
0,1.00559978794812,0.72,0.148,0,"0","ZMPSTE24"
0,0.790013987365485,0.93,0.359,0,"0","CD53"
0,1.33504711440594,0.685,0.114,0,"0","MRPL49"
0,1.81652226359577,0.659,0.088,0,"0","SLC41A1"
0,0.825543607694543,0.738,0.167,0,"0","AC007390.5"
0,0.716889747502177,0.735,0.164,0,"0","DAP3"
0,1.39448091345571,0.69,0.119,0,"0","PPP2R3C"
0,0.87140956894795,0.699,0.128,0,"0","SLMO2"
0,0.688381427967914,0.747,0.177,0,"0","NDUFS1"
0,0.953403190259785,0.686,0.116,0,"0","PDCD2"
0,1.54521836623448,0.635,0.065,0,"0","PLEKHO1"
0,0.769314139885247,0.782,0.212,0,"0","SVIP"
0,0.977501403444801,0.712,0.142,0,"0","ATP13A3"
0,0.738541463878663,0.965,0.395,0,"0","IL2RG"
0,1.02474067719189,0.691,0.121,0,"0","MRPL22"
0,0.672110879763508,0.803,0.234,0,"0","ANAPC11"
0,0.50443977894805,0.774,0.205,0,"0","IMP4"
0,1.79785792536667,0.64,0.071,0,"0","MRPL39"
0,0.911605139513593,0.932,0.363,0,"0","RBM17"
0,0.460931773414391,0.754,0.185,0,"0","AIMP1"
0,1.12181241836337,0.69,0.121,0,"0","GTF2F2"
0,0.554076064688962,0.762,0.193,0,"0","IDH3A"
0,0.503399537210024,0.815,0.246,0,"0","PPHLN1"
0,1.19776715181394,0.67,0.102,0,"0","ATP6V1B2"
0,0.84521442157009,0.93,0.362,0,"0","BUB3"
0,0.679201138020371,0.811,0.243,0,"0","NDUFB6"
0,0.617478482835532,0.771,0.203,0,"0","PSMD6"
0,1.21525295615458,0.679,0.111,0,"0","STOML2"
0,0.639683692147657,0.728,0.16,0,"0","PPP1R16B"
0,0.878236973193593,0.969,0.401,0,"0","UBA1"
0,1.50683941028482,0.666,0.099,0,"0","EED"
0,1.66289750544594,0.644,0.077,0,"0","GAR1"
0,0.562362819984428,0.795,0.228,0,"0","HAX1"
0,1.75948471807512,0.665,0.098,0,"0","KIF11"
0,0.471917303336197,0.8,0.233,0,"0","LITAF"
0,1.40826824950773,0.66,0.093,0,"0","PFDN4"
0,1.85986217816691,0.643,0.076,0,"0","SLBP"
0,0.573561662028685,0.776,0.209,0,"0","SUZ12"
0,0.530925491401112,0.806,0.239,0,"0","TXNL1"
0,2.13865023925177,0.639,0.072,0,"0","WDR76"
0,2.25372794127114,0.627,0.06,0,"0","CCDC58"
0,0.580501534251252,0.83,0.263,0,"0","CMPK1"
0,1.82941131582916,0.964,0.397,0,"0","CYCS"
0,0.463455267486138,0.769,0.202,0,"0","FAM204A"
0,1.74671277400671,0.951,0.384,0,"0","SNRPG"
0,1.59968761523807,0.953,0.386,0,"0","TXN"
0,0.478117017387073,0.738,0.171,0,"0","ZFR"
0,0.869004683743883,0.766,0.2,0,"0","ARL6IP1"
0,0.483851783514977,0.753,0.187,0,"0","CDC5L"
0,1.67136693286358,0.656,0.09,0,"0","CDCA4"
0,1.93166507594339,0.648,0.082,0,"0","CLSPN"
0,1.72974156126801,0.663,0.097,0,"0","KPNA2"
0,0.789928360060206,0.747,0.181,0,"0","NUP62"
0,2.31960780736592,0.627,0.061,0,"0","POLD3"
0,0.775222723654284,0.71,0.144,0,"0","COPS2"
0,0.63806633839324,0.813,0.247,0,"0","EIF1AY"
0,0.471891725259605,0.782,0.217,0,"0","AZIN1"
0,0.304725458262166,0.788,0.223,0,"0","CUL3"
0,1.93236450156208,0.651,0.086,0,"0","FAM111B"
0,1.31881499940061,0.657,0.092,0,"0","PRPF4"
0,0.939032946491767,0.912,0.347,0,"0","SLC1A5"
0,1.75681267811156,0.644,0.079,0,"0","UCK2"
0,0.797435112339929,0.96,0.395,0,"0","ACTN4"
0,0.315976552533762,0.767,0.202,0,"0","APH1A"
0,1.08462219407178,0.969,0.404,0,"0","CAPNS1"
0,2.60005169809586,0.613,0.048,0,"0","CENPK"
0,0.772651397060793,0.763,0.198,0,"0","CHCHD7"
0,0.790147210874748,0.732,0.167,0,"0","COX6A1P2"
0,0.704498644311067,0.87,0.305,0,"0","GLS"
0,0.920203672587851,0.693,0.128,0,"0","LAMTOR1"
0,0.764754637407856,0.74,0.175,0,"0","RSRC1"
0,1.57920799580864,0.946,0.381,0,"0","SSBP1"
0,0.668303182819325,0.849,0.285,0,"0","ADAM19"
0,1.05939208979811,0.675,0.111,0,"0","C16orf87"
0,0.713604357914827,0.798,0.234,0,"0","DSTN"
0,1.69394616200218,0.641,0.077,0,"0","FANCI"
0,1.70561096798976,0.635,0.071,0,"0","HRAS"
0,1.17231252427728,0.687,0.123,0,"0","NDUFA8"
0,0.28587377026245,0.749,0.185,0,"0","RP11-796G6.1"
0,0.524881132062688,0.796,0.232,0,"0","TMEM70"
0,0.756220897546486,0.719,0.155,0,"0","AASDHPPT"
0,0.69850829167822,0.718,0.154,0,"0","EXOSC10"
0,0.836531124829887,0.94,0.376,0,"0","HNRNPM"
0,0.621440597416116,0.718,0.154,0,"0","NOL8"
0,0.632792089330276,0.722,0.158,0,"0","RP11-641D5.1"
0,1.164117316522,0.702,0.138,0,"0","SLC7A1"
0,1.26292710937777,0.682,0.119,0,"0","BLMH"
0,0.560379116435554,0.775,0.212,0,"0","BTK"
0,1.33157706363834,0.659,0.096,0,"0","FAM162A"
0,1.69679110605783,0.64,0.077,0,"0","POLR3H"
0,1.17510601867454,0.942,0.379,0,"0","CALM2"
0,0.502274938921706,0.757,0.194,0,"0","CPNE1"
0,0.698804124948257,0.749,0.186,0,"0","GOLGA7"
0,0.826626242729946,0.72,0.157,0,"0","NCBP2"
0,0.929871640108957,0.721,0.158,0,"0","PEX2"
0,2.15586551691677,0.629,0.066,0,"0","SKA3"
0,1.00289587546576,0.701,0.138,0,"0","SUCLG2"
0,1.36501277575764,0.975,0.413,0,"0","ANXA2"
0,1.47352340978135,0.976,0.414,0,"0","CAPZB"
0,0.560290657226989,0.749,0.187,0,"0","MAP4K1"
0,0.553981117499985,0.79,0.228,0,"0","RDH11"
0,0.83594021903885,0.676,0.114,0,"0","SPAG7"
0,1.28872187193262,0.967,0.405,0,"0","DDX21"
0,0.622681267770489,0.727,0.165,0,"0","PPP4R2"
0,0.637333196023795,0.715,0.153,0,"0","PTCD3"
0,0.875675355016212,0.733,0.171,0,"0","RAB27A"
0,1.3272786202094,0.956,0.394,0,"0","SYNCRIP"
0,2.31065467068723,0.614,0.052,0,"0","TUBB6"
0,1.33067279843693,0.653,0.092,0,"0","IL21R"
0,0.511959765684571,0.795,0.234,0,"0","LASP1"
0,1.33280273855516,0.66,0.099,0,"0","TMEM126B"
0,0.860322961333404,0.703,0.142,0,"0","C19orf24"
0,0.418407272669612,0.736,0.175,0,"0","DNAJC2"
0,0.52652750704613,0.76,0.199,0,"0","MRPL54"
0,0.675686672292586,0.725,0.164,0,"0","NDUFS4"
0,1.64069587199604,0.628,0.067,0,"0","PNO1"
0,0.428209679078899,0.727,0.166,0,"0","RPL10AP6"
0,0.926823197371132,0.707,0.146,0,"0","TIPRL"
0,0.783664801854117,0.919,0.359,0,"0","C11orf58"
0,2.00222949021073,0.635,0.075,0,"0","DEK"
0,1.37968750837069,0.663,0.103,0,"0","MALSU1"
0,1.27891321901088,0.645,0.085,0,"0","MFAP1"
0,1.74984384696516,0.626,0.066,0,"0","MRPL45"
0,0.847990240784804,0.907,0.347,0,"0","PSMA3"
0,1.16518600357662,0.668,0.108,0,"0","RTCA"
0,1.48108126013485,0.651,0.091,0,"0","SCOC"
0,2.73175893369412,0.611,0.051,0,"0","CCNB2"
0,0.533674424247534,0.71,0.15,0,"0","MAX"
0,0.805768181815766,0.694,0.134,0,"0","ZNF146"
0,2.01023441242595,0.636,0.077,0,"0","MIS18A"
0,1.50969511054244,0.644,0.085,0,"0","POLR2H"
0,0.999103249260301,0.937,0.378,0,"0","PTGES3"
0,1.32215680008055,0.651,0.092,0,"0","TRMT5"
0,0.542818982879509,0.794,0.235,0,"0","WDR83OS"
0,1.04861919218099,0.945,0.386,0,"0","COX6A1"
0,1.16773634491963,0.982,0.423,0,"0","CXCR4"
0,0.444589680310785,0.758,0.199,0,"0","METTL17"
0,0.777640737101262,0.954,0.395,0,"0","PRPF40A"
0,0.426570894847338,0.728,0.169,0,"0","SREK1IP1"
0,1.13810321831458,0.681,0.123,0,"0","C1D"
0,1.29697198824599,0.973,0.415,0,"0","CNN2"
0,2.15140510193261,0.631,0.073,0,"0","DPYSL2"
0,1.23889117337113,0.937,0.379,0,"0","FAM107B"
0,1.20076549938822,0.659,0.101,0,"0","FCF1"
0,1.45586235103006,0.653,0.095,0,"0","GPATCH11"
0,0.62250561852446,0.732,0.174,0,"0","HIGD2A"
0,1.67801754715037,0.638,0.08,0,"0","LINC00998"
0,1.02024521604636,0.683,0.125,0,"0","MLH1"
0,1.70949556385604,0.64,0.082,0,"0","PPID"
0,1.34944032623566,0.652,0.094,0,"0","ZDHHC3"
0,1.25584033756157,0.665,0.108,0,"0","BLM"
0,2.03571916829027,0.655,0.098,0,"0","CD70"
0,1.096854449373,0.669,0.112,0,"0","PLRG1"
0,0.866464923720903,0.69,0.133,0,"0","AP2S1"
0,0.667660530684776,0.715,0.158,0,"0","APEH"
0,1.67352306549341,0.974,0.417,0,"0","ATP5B"
0,0.868323380917489,0.688,0.131,0,"0","CAND1"
0,0.867877158437214,0.735,0.178,0,"0","FAM98A"
0,0.9660463926754,0.927,0.371,0,"0","ATP2A2"
0,1.10992235974366,0.971,0.415,0,"0","COX8A"
0,0.495887098968265,0.751,0.195,0,"0","KCTD20"
0,1.32450947056756,0.65,0.094,0,"0","NAE1"
0,0.554168080282197,0.774,0.218,0,"0","RNF187"
0,0.514376739529487,0.749,0.193,0,"0","STRBP"
0,1.65474511543043,0.622,0.066,0,"0","TBRG4"
0,0.86443512777966,0.718,0.162,0,"0","BIRC3"
0,2.27464589833106,0.606,0.05,0,"0","CTPS1"
0,0.779171624728211,0.694,0.138,0,"0","MRPS5"
0,1.78741328748994,0.629,0.074,0,"0","CHCHD3"
0,0.824654768710492,0.666,0.111,0,"0","PAFAH1B2"
0,0.489822611205295,0.771,0.216,0,"0","YARS"
0,2.68539779265585,0.601,0.046,0,"0","CDC25A"
0,0.810773955933471,0.699,0.144,0,"0","OGDH"
0,0.476011967015825,0.755,0.2,0,"0","RAD50"
0,1.03368921921871,0.945,0.39,0,"0","SOD1"
0,1.18489806318569,0.658,0.104,0,"0","ELAC2"
0,2.15718708289685,0.97,0.416,0,"0","H2AFZ"
0,2.1057745949053,0.998,0.444,0,"0","LCP1"
0,0.385276275174886,0.782,0.228,0,"0","PPP3CA"
0,0.464550101818677,0.779,0.225,0,"0","TMEM167A"
0,0.923981026606285,0.716,0.162,0,"0","SEPHS1"
0,2.14663014244381,0.626,0.073,0,"0","BUB1B"
0,1.32669181702685,0.653,0.1,0,"0","EMC8"
0,1.06046254257297,0.665,0.112,0,"0","EXOC5"
0,1.6266839119311,0.625,0.072,0,"0","IVNS1ABP"
0,1.30930164366734,0.651,0.098,0,"0","MRPL42"
0,1.02889574620119,0.687,0.134,0,"0","REEP4"
0,0.739617207837809,0.677,0.124,0,"0","SMU1"
0,1.02419000412757,0.691,0.138,0,"0","MAPK6"
0,1.03106360927496,0.969,0.416,0,"0","PARP1"
0,1.25053101360731,0.646,0.094,0,"0","BPNT1"
0,1.08204462951433,0.923,0.371,0,"0","NOP10"
0,0.957987193200315,0.681,0.129,0,"0","NUDT1"
0,0.732305044025925,0.724,0.172,0,"0","RALBP1"
0,1.15453555931785,0.675,0.123,0,"0","SETD3"
0,0.770279557048519,0.715,0.163,0,"0","ASNSD1"
0,0.763494309201769,0.709,0.157,0,"0","CBFB"
0,1.11341058808434,0.651,0.1,0,"0","DFFA"
0,0.683063437719649,0.669,0.118,0,"0","KPNA4"
0,0.79005757294012,0.672,0.121,0,"0","SNX4"
0,0.577372481626168,0.713,0.162,0,"0","DIS3"
0,0.495567792223308,0.754,0.203,0,"0","MPHOSPH10"
0,0.561236679273983,0.751,0.201,0,"0","CAPN1"
0,0.963147609671475,0.931,0.381,0,"0","EIF4H"
0,1.26751737107171,0.645,0.095,0,"0","GTF2H3"
0,1.1708514362143,0.655,0.105,0,"0","HBS1L"
0,0.576265460038564,0.726,0.176,0,"0","MRPS21"
0,1.64290942379201,0.639,0.089,0,"0","PAK1IP1"
0,0.787917317271695,0.672,0.122,0,"0","PIP4K2A"
0,4.83265250767981,0.561,0.011,0,"0","TNFRSF8"
0,1.26019507118914,0.957,0.407,0,"0","UBE2L3"
0,0.74160397505667,0.705,0.155,0,"0","MAPKAP1"
0,1.61959125014117,0.633,0.084,0,"0","ATAD3A"
0,1.76324284469224,0.627,0.078,0,"0","HSDL2"
0,1.12730989113794,0.641,0.092,0,"0","NOP2"
0,1.77526750744446,0.628,0.079,0,"0","U52111.12"
0,1.33540611657908,0.646,0.097,0,"0","VKORC1L1"
0,0.458642175653958,0.709,0.16,0,"0","ATG12"
0,0.623097754005107,0.712,0.163,0,"0","CDC27"
0,0.415317920747858,0.732,0.183,0,"0","FAM192A"
0,0.957704009689356,0.692,0.143,0,"0","SLC25A23"
0,1.95053958729193,0.982,0.434,0,"0","CBX3"
0,1.68647496313767,0.626,0.078,0,"0","CNIH4"
0,1.51047135562573,0.634,0.086,0,"0","GLRX3"
0,0.491955297383559,0.745,0.197,0,"0","IKZF1"
0,0.863121194251058,0.67,0.122,0,"0","PSMD3"
0,0.360469050506516,0.745,0.197,0,"0","SNW1"
0,1.41683606768837,0.634,0.086,0,"0","STRA13"
0,1.49705869305271,0.642,0.094,0,"0","TIMM21"
0,1.24250869743936,0.646,0.099,0,"0","ARMC1"
0,0.390715834758229,0.764,0.217,0,"0","EIF3F"
0,1.26834130348518,0.648,0.101,0,"0","MRPL47"
0,1.24888960836065,0.657,0.11,0,"0","NAGA"
0,1.64051532148099,0.64,0.093,0,"0","PRC1"
0,1.13151217143163,0.669,0.122,0,"0","PTPLAD1"
0,0.966512974288471,0.686,0.139,0,"0","TIMM8B"
0,1.89984765925037,0.615,0.068,0,"0","DCUN1D5"
0,1.0207738355702,0.972,0.425,0,"0","H2AFV"
0,0.952673587626865,0.697,0.15,0,"0","NT5DC1"
0,2.71991051683258,0.592,0.045,0,"0","RAD51"
0,2.07335544138374,0.605,0.058,0,"0","UMPS"
0,1.18099033537644,0.653,0.107,0,"0","CMC2"
0,1.2147892886625,0.643,0.097,0,"0","NUPL1"
0,1.13945989617122,0.648,0.102,0,"0","SDHD"
0,0.428407369692387,0.758,0.212,0,"0","USP22"
0,0.551592140613088,0.707,0.161,0,"0","DDA1"
0,0.737215445073003,0.689,0.143,0,"0","LARS"
0,0.771698325582182,0.951,0.405,0,"0","SRSF7"
0,1.14259314916892,0.799,0.254,0,"0","HIST1H4C"
0,1.23068925472819,0.646,0.101,0,"0","NSL1"
0,1.29799942715001,0.616,0.071,0,"0","TP53"
0,0.902980631291325,0.851,0.306,0,"0","CDKN1A"
0,0.756266946063461,0.719,0.174,0,"0","EI24"
0,0.700000699748883,0.729,0.184,0,"0","RNF5"
0,0.69340312868857,0.688,0.143,0,"0","VMA21"
0,0.840915508472048,0.674,0.13,0,"0","BMS1"
0,0.516190290183231,0.736,0.192,0,"0","FLOT2"
0,0.878000896624534,0.912,0.368,0,"0","GHITM"
0,1.35004040609917,0.634,0.09,0,"0","LEO1"
0,0.320034883276862,0.738,0.194,0,"0","MAP7D1"
0,1.17506803649107,0.642,0.098,0,"0","NOC2L"
0,0.67550402648851,0.682,0.138,0,"0","PPP3R1"
0,0.695307012790714,0.718,0.174,0,"0","SAMD1"
0,1.49591269336298,0.619,0.075,0,"0","TRMT6"
0,0.499233394425968,0.699,0.155,0,"0","NUDT3"
0,0.643961685796822,0.699,0.155,0,"0","TNIP1"
0,0.823763525009691,0.669,0.126,0,"0","CHRAC1"
0,1.42866060922451,0.621,0.078,0,"0","GLRX2"
0,0.623143506541737,0.684,0.141,0,"0","MED1"
0,0.937210478778532,0.676,0.133,0,"0","OSTF1"
0,1.48273587770317,0.626,0.083,0,"0","OXCT1"
0,1.38308468638408,0.631,0.088,0,"0","PTMAP4"
0,1.01761759278991,0.664,0.121,0,"0","SLC25A11"
0,0.871990867571341,0.675,0.132,0,"0","SMIM15"
0,0.756843404858324,0.686,0.143,0,"0","TEX261"
0,0.612468965217863,0.731,0.188,0,"0","CASP3"
0,0.95179409724716,0.69,0.147,0,"0","IKBIP"
0,0.651753774830336,0.707,0.164,0,"0","LARP4"
0,0.649822881289996,0.712,0.169,0,"0","MRPS16"
0,0.589202723882417,0.713,0.17,0,"0","OSBPL9"
0,0.718020846924736,0.689,0.146,0,"0","POLR2I"
0,0.814887430096765,0.709,0.166,0,"0","PTPN6"
0,0.410632505914738,0.732,0.19,0,"0","CTDSP1"
0,0.549499524054453,0.747,0.205,0,"0","ERO1L"
0,0.585269846848218,0.723,0.181,0,"0","IWS1"
0,0.905153670137826,0.668,0.126,0,"0","MEA1"
0,1.9551352986396,0.988,0.446,0,"0","PA2G4"
0,1.12456446305301,0.665,0.123,0,"0","POP7"
0,0.641417047916724,0.761,0.219,0,"0","RAB10"
0,1.54696098525896,0.609,0.067,0,"0","SLC20A1"
0,0.254987121182126,0.739,0.197,0,"0","UBE2Z"
0,1.23467991256445,0.65,0.109,0,"0","EBPL"
0,0.366731219135781,0.745,0.204,0,"0","EIF2A"
0,1.108060526789,0.649,0.108,0,"0","RRP36"
0,0.364570838043806,0.714,0.173,0,"0","AC093106.7"
0,0.650978189413276,0.688,0.147,0,"0","ATP5D"
0,0.861859942606326,0.956,0.415,0,"0","HNRNPU"
0,1.84083934475659,0.979,0.438,0,"0","LDHB"
0,0.401633057134247,0.689,0.148,0,"0","SBNO1"
0,1.6909923689765,0.605,0.065,0,"0","EXOSC7"
0,1.6760512413103,0.606,0.066,0,"0","GART"
0,1.35402486993816,0.637,0.097,0,"0","GNPNAT1"
0,1.1899906775049,0.625,0.085,0,"0","GPN1"
0,0.786600617792196,0.668,0.128,0,"0","LAMTOR3"
0,0.706435112504191,0.679,0.139,0,"0","PLEK"
0,0.65533341321142,0.68,0.14,0,"0","RIC8A"
0,1.05001064294478,0.642,0.102,0,"0","ZNHIT3"
0,1.05684886870733,0.704,0.164,0,"0","BUB1"
0,0.754875768045257,0.659,0.12,0,"0","IPO9"
0,0.476041621555196,0.745,0.206,0,"0","PYURF"
0,0.868191147595773,0.676,0.137,0,"0","VPS29"
0,1.41948859828635,0.985,0.446,0,"0","ARHGDIA"
0,1.73961300638469,0.596,0.057,0,"0","RALB"
0,0.52627194573549,0.688,0.149,0,"0","RNF7"
0,1.12021474759184,0.641,0.103,0,"0","AP1S2"
0,0.295221972339438,0.711,0.173,0,"0","C7orf55-LUC7L2"
0,1.3416455562095,0.662,0.124,0,"0","CENPF"
0,1.35373252660167,0.979,0.441,0,"0","EIF3I"
0,1.04034188290903,0.679,0.141,0,"0","FAM129A"
0,0.359502659681423,0.727,0.189,0,"0","HEBP2"
0,0.571984762751888,0.676,0.138,0,"0","PSPC1"
0,1.18342301223662,0.966,0.428,0,"0","SRSF3"
0,0.498125475353128,0.733,0.195,0,"0","SUN2"
0,0.841573830806602,0.644,0.106,0,"0","ZDHHC6"
0,0.902439196057435,0.655,0.118,0,"0","ATG5"
0,1.14372097603704,0.629,0.092,0,"0","COX14"
0,0.934002960950738,0.658,0.121,0,"0","KXD1"
0,0.520972415410076,0.713,0.176,0,"0","MAT2B"
0,2.07592150361769,0.592,0.055,0,"0","SEH1L"
0,0.717854789636767,0.653,0.117,0,"0","LTV1"
0,1.55677723442064,0.615,0.079,0,"0","PPIL1"
0,1.36717059382558,0.622,0.087,0,"0","CBX1"
0,1.01180694115625,0.66,0.125,0,"0","FARSA"
0,0.88435974126619,0.677,0.142,0,"0","LSMD1"
0,0.962494517018548,0.644,0.109,0,"0","UBAC1"
0,0.29511825420317,0.727,0.192,0,"0","C6orf106"
0,1.05390448868795,0.967,0.432,0,"0","HDGF"
0,0.649540284252839,0.707,0.172,0,"0","LSM1"
0,1.78859406877234,0.6,0.065,0,"0","PGAM5"
0,1.66601452344961,0.943,0.409,0,"0","LGALS1"
0,1.03304912581092,0.643,0.109,0,"0","MCCC2"
0,0.434128737472405,0.718,0.184,0,"0","MED4"
0,0.375636617785006,0.709,0.175,0,"0","POLR2B"
0,1.01680232999029,0.933,0.399,0,"0","PSMB4"
0,0.430490275913608,0.707,0.173,0,"0","RTFDC1"
0,0.997976446707705,0.62,0.086,0,"0","USP39"
0,0.627567407046769,0.697,0.163,0,"0","COA3"
0,0.692585960387679,0.685,0.152,0,"0","ACTR1A"
0,1.64101036982226,0.615,0.082,0,"0","CYB5A"
0,0.901302879866982,0.664,0.131,0,"0","TPRKB"
0,1.1881332841777,0.655,0.122,0,"0","VRK2"
0,0.444877704743551,0.716,0.183,0,"0","NCOA4"
0,1.18996536302913,0.66,0.128,0,"0","FBXO5"
0,0.605549802985343,0.662,0.13,0,"0","LSG1"
0,1.23812979599805,0.618,0.086,0,"0","METAP1"
0,1.80566550402189,0.616,0.084,0,"0","NUF2"
0,1.05000603341989,0.631,0.099,0,"0","PROSC"
0,1.53091769771974,0.616,0.084,0,"0","TMEM106C"
0,0.681767863821405,0.666,0.134,0,"0","TSN"
0,0.4272974319762,0.718,0.186,0,"0","TTC37"
0,0.876640683118846,0.649,0.117,0,"0","UQCRC1"
0,1.12824382848388,0.641,0.11,0,"0","MRPL28"
0,1.39596053192025,0.622,0.091,0,"0","NDUFAF2"
0,1.85418695219504,0.607,0.076,0,"0","PKMYT1"
0,1.14587126585014,0.62,0.089,0,"0","TWISTNB"
0,2.31372093136447,0.596,0.065,0,"0","CDC20"
0,0.530337040387836,0.722,0.191,0,"0","G6PC3"
0,1.21159360050779,0.969,0.438,0,"0","GNB1"
0,0.543231455036707,0.692,0.161,0,"0","PPP1R7"
0,0.352378337868271,0.704,0.173,0,"0","SHOC2"
0,0.74693448545047,0.656,0.126,0,"0","CNOT11"
0,0.395795068985106,0.673,0.143,0,"0","HLA-DQB1"
0,1.72007506656408,0.624,0.094,0,"0","ID2"
0,1.36926902503791,0.618,0.088,0,"0","IDH3B"
0,2.43649283538126,0.992,0.462,0,"0","LDHA"
0,1.11169353592868,0.983,0.453,0,"0","NUCKS1"
0,1.33328087348413,0.62,0.09,0,"0","NUP85"
0,1.71345748718868,0.608,0.078,0,"0","PSMG1"
0,0.492972056696958,0.714,0.184,0,"0","RNH1"
0,0.688269688596878,0.665,0.135,0,"0","SCNM1"
0,1.22095122535762,0.633,0.103,0,"0","TMX2"
0,1.2605005947069,0.616,0.087,0,"0","ATAD5"
0,0.978658218459576,0.738,0.209,0,"0","MGST3"
0,0.656986515406914,0.68,0.151,0,"0","MIEF1"
0,0.758291511132854,0.654,0.125,0,"0","MTIF2"
0,0.982053452869817,0.637,0.108,0,"0","NOC3L"
0,1.5983982870365,0.602,0.073,0,"0","NUP37"
0,0.729918785475081,0.66,0.131,0,"0","RPAP3"
0,0.578066643329392,0.658,0.129,0,"0","RPL7AP6"
0,1.25164280925242,0.617,0.088,0,"0","TMEM126A"
0,0.741350436957654,0.659,0.131,0,"0","CSNK2A2"
0,0.710760239152598,0.657,0.129,0,"0","DDX50"
0,1.00651174469688,0.639,0.111,0,"0","ECHDC1"
0,1.50650634710912,0.605,0.077,0,"0","FTSJ2"
0,2.26670690918239,0.587,0.059,0,"0","GINS4"
0,1.51971605990388,0.978,0.45,0,"0","KPNB1"
0,0.73992529237377,0.659,0.131,0,"0","RASSF2"
0,0.634471087325048,0.681,0.153,0,"0","XPO7"
0,0.57874060849807,0.694,0.166,0,"0","CEP57"
0,1.08021380284053,0.698,0.17,0,"0","GYG1"
0,1.24279946946755,0.611,0.084,0,"0","CCDC109B"
0,0.617430954112595,0.665,0.138,0,"0","CPT1A"
0,0.962042357058049,0.653,0.126,0,"0","FAM136A"
0,0.930529362573206,0.667,0.14,0,"0","PCK2"
0,0.881195473766348,0.66,0.133,0,"0","PRKACA"
0,1.21904007794346,0.64,0.113,0,"0","TM7SF3"
0,0.453913451669592,0.688,0.161,0,"0","DDX23"
0,1.01194073167227,0.627,0.101,0,"0","AFG3L2"
0,0.461685868073918,0.702,0.176,0,"0","DOCK2"
0,0.437110091871445,0.681,0.155,0,"0","ITGB2"
0,1.04164953350628,0.923,0.397,0,"0","LPXN"
0,1.44588859323836,0.599,0.073,0,"0","MCMBP"
0,1.22598642773418,0.628,0.102,0,"0","PGP"
0,0.620410226822208,0.663,0.137,0,"0","RAB11A"
0,0.656166213471772,0.662,0.136,0,"0","RBM42"
0,3.16462085672603,0.557,0.032,0,"0","DUSP4"
0,0.775302042329194,0.639,0.114,0,"0","NACC1"
0,0.591766067054782,0.699,0.174,0,"0","EIF4EBP2"
0,0.881426658926011,0.943,0.418,0,"0","GTF3A"
0,0.887028900857698,0.945,0.42,0,"0","HNRNPR"
0,2.30775998568076,0.579,0.054,0,"0","PARPBP"
0,0.57556605553699,0.708,0.184,0,"0","ADI1"
0,0.835713430929566,0.64,0.116,0,"0","AP3M1"
0,0.699268087031812,0.651,0.127,0,"0","CPSF6"
0,0.494973966589294,0.713,0.189,0,"0","GABARAPL2"
0,0.910508841476352,0.962,0.438,0,"0","U2AF2"
0,0.905068946449586,0.63,0.106,0,"0","UPF3B"
0,0.763433608416404,0.658,0.135,0,"0","AKT1"
0,0.367069203262523,0.686,0.163,0,"0","APPL1"
0,0.683728273139972,0.664,0.141,0,"0","ATXN10"
0,1.25140470285127,0.614,0.091,0,"0","DPH3"
0,0.506693444475259,0.671,0.148,0,"0","KPNA6"
0,0.601493747943823,0.674,0.151,0,"0","NDUFV1"
0,0.719569721112026,0.65,0.127,0,"0","PPIE"
0,0.832944414257223,0.646,0.123,0,"0","RAP1B"
0,1.11612203633196,0.613,0.09,0,"0","SRPK1"
0,0.880797362965461,0.638,0.115,0,"0","STAMBP"
0,0.54620267135106,0.7,0.177,0,"0","TNFRSF13B"
0,0.602739712408818,0.658,0.136,0,"0","BCAS2"
0,0.501248891839888,0.698,0.176,0,"0","DECR1"
0,0.677550294789815,0.642,0.12,0,"0","FNTA"
0,0.964927146210318,0.639,0.117,0,"0","MRPL36"
0,0.560369006337588,0.678,0.156,0,"0","NCKAP1L"
0,0.675951455560034,0.638,0.116,0,"0","NDUFA9"
0,0.53883975758153,0.681,0.159,0,"0","TXNRD1"
0,0.717369190450864,0.641,0.12,0,"0","CHMP1A"
0,1.03430601072501,0.624,0.103,0,"0","GADD45GIP1"
0,1.12563907040244,0.61,0.089,0,"0","GPX4"
0,0.668892583055299,0.675,0.154,0,"0","MCUR1"
0,0.340556271107471,0.675,0.154,0,"0","PSMC6"
0,0.480339212770949,0.671,0.15,0,"0","SF3A1"
0,1.91194555871623,0.574,0.053,0,"0","MTHFD1L"
0,1.52688942934028,0.974,0.453,0,"0","XRCC5"
0,1.00281819545865,0.975,0.455,0,"0","ANXA6"
0,0.785480520552487,0.642,0.122,0,"0","ARID3B"
0,2.99050523894374,0.55,0.03,0,"0","BCAT1"
0,1.10527154240329,0.619,0.099,0,"0","DRG1"
0,0.843795814835282,0.668,0.148,0,"0","HSD17B12"
0,0.749008113521847,0.638,0.118,0,"0","MCRS1"
0,0.652201959549089,0.664,0.144,0,"0","NARF"
0,2.15290579918337,0.604,0.084,0,"0","PLK1"
0,1.42062920809619,0.606,0.086,0,"0","PPT1"
0,0.368833736015631,0.678,0.158,0,"0","RBM27"
0,0.586056137529443,0.654,0.134,0,"0","SMARCD2"
0,0.796928963886604,0.641,0.122,0,"0","AIFM2"
0,0.453928695131563,0.695,0.176,0,"0","CAMTA1"
0,1.60184464740974,0.581,0.062,0,"0","SAAL1"
0,1.91791184036858,0.579,0.06,0,"0","STK39"
0,0.378980426193277,0.695,0.176,0,"0","UBE2B"
0,0.275765428820413,0.694,0.176,0,"0","AKIRIN1"
0,1.72926615544477,0.592,0.074,0,"0","BRCA1"
0,1.70035497087992,0.577,0.059,0,"0","IFRD2"
0,0.903327477000949,0.629,0.111,0,"0","IMPDH1"
0,1.09612455223383,0.98,0.462,0,"0","NDUFS5"
0,0.550725480871756,0.677,0.159,0,"0","RPL41P1"
0,1.75112697998298,0.99,0.473,0,"0","CCND2"
0,1.54343793239802,0.607,0.09,0,"0","CDC6"
0,0.714328349583472,0.623,0.106,0,"0","COPS7B"
0,1.05189247511022,0.632,0.115,0,"0","COPS8"
0,2.3843962724734,0.996,0.479,0,"0","ENO1"
0,1.28852664881695,0.609,0.092,0,"0","ICT1"
0,0.279983709308949,0.681,0.164,0,"0","TMEM87A"
0,1.14772104159032,0.953,0.436,0,"0","PRDX1"
0,1.46538616279621,0.978,0.461,0,"0","SERBP1"
0,1.18526811084586,0.594,0.078,0,"0","LLPH"
0,0.348016749657518,0.682,0.166,0,"0","YTHDF2"
0,1.17006838841653,0.609,0.094,0,"0","CLPP"
0,0.954023358554061,0.624,0.109,0,"0","CNIH1"
0,1.72558357636895,0.605,0.09,0,"0","HMGCS1"
0,1.91451882780116,0.573,0.058,0,"0","LYRM4"
0,1.24301401144205,0.969,0.454,0,"0","SLC25A3"
0,1.88600743862757,0.561,0.047,0,"0","BCAS4"
0,0.818602662252895,0.664,0.15,0,"0","CCDC90B"
0,1.32532820150511,0.59,0.076,0,"0","HIATL1"
0,2.06454270875021,0.594,0.08,0,"0","LMNA"
0,0.483647090589631,0.656,0.142,0,"0","RP11-365F18.1"
0,0.340979852796659,0.661,0.147,0,"0","VPS4B"
0,2.4361175991823,0.568,0.054,0,"0","TRIP13"
0,1.22490413146901,0.601,0.088,0,"0","ATAD1"
0,0.492285622861847,0.674,0.161,0,"0","LAMTOR2"
0,2.6403400261668,0.546,0.033,0,"0","MLTK"
0,0.845770000855763,0.657,0.144,0,"0","RANGRF"
0,0.848971963595654,0.632,0.119,0,"0","SERPINB9"
0,0.356422684450624,0.678,0.165,0,"0","TBL1XR1"
0,2.11363070371291,0.569,0.056,0,"0","DOK1"
0,1.83691775197277,0.568,0.055,0,"0","DTD1"
0,1.36671337660649,0.593,0.081,0,"0","ABCF2"
0,1.41256435361333,0.612,0.1,0,"0","ARL3"
0,2.15002634319963,0.58,0.068,0,"0","CDCA8"
0,2.1680656273135,0.596,0.084,0,"0","CDK1"
0,1.35266269707077,0.624,0.112,0,"0","CENPE"
0,1.7572780526835,0.59,0.078,0,"0","MSMO1"
0,0.932319786817042,0.617,0.105,0,"0","NAA20"
0,1.0191085919872,0.604,0.092,0,"0","NUP188"
0,0.637052503480733,0.64,0.128,0,"0","TOR1A"
0,1.03724872047366,0.605,0.093,0,"0","TSR1"
0,5.20432269473699,0.523,0.011,0,"0","ZBED2"
0,1.59929582351612,0.585,0.074,0,"0","APEX2"
0,3.2013064751195,0.538,0.027,0,"0","CMTM3"
0,1.23953611587078,0.596,0.085,0,"0","MRPS11"
0,0.87315768072545,0.649,0.138,0,"0","PAGR1"
0,0.768958965283385,0.633,0.122,0,"0","TOMM70A"
0,0.612295060901225,0.646,0.135,0,"0","TSR3"
0,2.2346316078854,0.591,0.08,0,"0","UBE2C"
0,0.676978904229368,0.614,0.103,0,"0","VPS26A"
0,0.708645633856914,0.629,0.118,0,"0","ZMIZ1"
0,0.943305305344932,0.613,0.103,0,"0","BFAR"
0,0.897963517507973,0.624,0.114,0,"0","UBA3"
0,1.96245298343864,0.566,0.056,0,"0","EEF1E1"
0,0.595212383201143,0.634,0.125,0,"0","AATF"
0,1.05051050156573,0.607,0.098,0,"0","KDSR"
0,1.42776538915283,0.574,0.065,0,"0","CDKN2AIPNL"
0,1.78097417342017,0.571,0.062,0,"0","RAD51C"
0,0.578212405264451,0.658,0.15,0,"0","AMZ2"
0,1.76492594803215,0.567,0.059,0,"0","CISD1"
0,0.562363551248115,0.659,0.152,0,"0","CAPN2"
0,0.690971774483075,0.632,0.125,0,"0","DCTN2"
0,0.658802353649944,0.637,0.13,0,"0","MRPS27"
0,0.769215818553695,0.615,0.108,0,"0","SMNDC1"
0,0.432707017717122,0.661,0.154,0,"0","UBP1"
0,0.840743270684791,0.632,0.126,0,"0","HINT2"
0,1.61038584461797,0.974,0.468,0,"0","HMGN2"
0,0.866756207776152,0.61,0.104,0,"0","HTRA2"
0,1.31119410517586,0.592,0.086,0,"0","INIP"
0,1.01471956624909,0.616,0.11,0,"0","MRPL14"
0,1.26140600447618,0.575,0.069,0,"0","SCO1"
0,0.384644370519015,0.673,0.167,0,"0","SMARCA4"
0,2.05656638824283,0.998,0.492,0,"0","TPI1"
0,0.253855079552176,0.67,0.164,0,"0","ZC3H18"
0,0.367673441172428,0.652,0.147,0,"0","DYNLL2"
0,1.22463032110989,0.579,0.074,0,"0","HEATR1"
0,0.672649579048525,0.634,0.129,0,"0","RBM12"
0,0.594502595400774,0.636,0.131,0,"0","VTI1B"
0,0.55462773512006,0.623,0.118,0,"0","ZCCHC10"
0,0.917020475006595,0.62,0.115,0,"0","ZNF511"
0,1.2411706658885,0.576,0.072,0,"0","MST4"
0,1.80441928817624,0.564,0.06,0,"0","NUDCD1"
0,1.38588732944145,0.59,0.086,0,"0","PKIG"
0,0.988876245958152,0.598,0.094,0,"0","VTA1"
0,0.511738692868721,0.634,0.131,0,"0","DOCK11"
0,0.975857456522086,0.614,0.111,0,"0","OAT"
0,0.604749908023873,0.639,0.136,0,"0","PRKAR2A"
0,0.718396298656758,0.632,0.129,0,"0","PYCR2"
0,0.778209823039994,0.629,0.126,0,"0","USP5"
0,1.96779582573901,0.563,0.06,0,"0","CDT1"
0,0.672603047263046,0.965,0.462,0,"0","HLA-DRA"
0,1.92195796185595,0.56,0.058,0,"0","ACAA2"
0,0.880198081558438,0.959,0.457,0,"0","ERH"
0,1.22791750322179,0.579,0.077,0,"0","GFM1"
0,0.867962687462311,0.607,0.105,0,"0","HDAC3"
0,1.04298899045141,0.592,0.09,0,"0","HTATIP2"
0,1.71113041723114,0.573,0.071,0,"0","KIF2C"
0,1.49572100029009,0.564,0.062,0,"0","MRRF"
0,2.69349908859819,0.546,0.044,0,"0","PBK"
0,1.13426053376408,0.596,0.094,0,"0","RRP1B"
0,0.597071745389632,0.656,0.154,0,"0","TMEM33"
0,1.05966541152996,0.61,0.109,0,"0","ADIPOR2"
0,2.55558247360647,0.538,0.037,0,"0","CCNE1"
0,0.349530124775044,0.663,0.162,0,"0","MRPL2"
0,0.828331974066317,0.656,0.155,0,"0","PHPT1"
0,1.00070638707653,0.604,0.103,0,"0","UTP14A"
0,1.1054153507344,0.578,0.077,0,"0","UTP18"
0,0.983581886882408,0.603,0.103,0,"0","CINP"
0,0.759863398087612,0.6,0.1,0,"0","SNHG7"
0,0.644118181786375,0.618,0.118,0,"0","TAF11"
0,1.12004833063535,0.578,0.078,0,"0","CCDC137"
0,1.5897278036485,0.562,0.063,0,"0","KCNN4"
0,1.49442580748042,0.55,0.051,0,"0","RILPL2"
0,0.48577286712772,0.646,0.147,0,"0","BRD7"
0,0.744263071596443,0.604,0.105,0,"0","GTF3C2"
0,0.410927923591334,0.638,0.139,0,"0","MTA1"
0,1.22276421553229,0.576,0.077,0,"0","NUP205"
0,1.6209140009551,0.572,0.073,0,"0","RAD51AP1"
0,0.97406340487927,0.572,0.073,0,"0","RIOK1"
0,1.40813599082514,0.567,0.068,0,"0","SLC25A17"
0,0.623481288542204,0.592,0.094,0,"0","BCL7B"
0,0.591119513049553,0.638,0.14,0,"0","CARHSP1"
0,0.366592342615522,0.618,0.12,0,"0","ERICH1"
0,0.559162896637605,0.631,0.133,0,"0","KIAA1430"
0,1.29113168790112,0.585,0.087,0,"0","TACC3"
0,1.16108146445239,0.593,0.095,0,"0","VRK1"
0,1.293068679051,0.574,0.076,0,"0","HAUS6"
0,1.41861189382382,0.566,0.068,0,"0","NUP107"
0,1.42714427184507,0.561,0.064,0,"0","IAH1"
0,1.73806540672788,0.966,0.469,0,"0","ARPC5"
0,0.827568754920399,0.595,0.098,0,"0","KIAA0196"
0,0.841674390070359,0.604,0.107,0,"0","TUSC2"
0,0.779008760032025,0.62,0.123,0,"0","UBLCP1"
0,1.46988396301165,0.57,0.073,0,"0","ITPA"
0,1.84284000521336,0.566,0.069,0,"0","NDC1"
0,1.29259102501968,0.566,0.069,0,"0","SNX10"
0,1.10713712127847,0.948,0.451,0,"0","SRSF2"
0,1.44390132704117,0.565,0.068,0,"0","TNPO3"
0,1.74540655353998,0.559,0.063,0,"0","LRR1"
0,0.609419643859448,0.612,0.116,0,"0","FPGS"
0,0.520089943780637,0.636,0.14,0,"0","SNF8"
0,1.30779819410609,0.578,0.082,0,"0","COMTD1"
0,1.68196735139098,0.552,0.057,0,"0","EIF2B2"
0,0.496357396845732,0.649,0.154,0,"0","DCTN3"
0,1.08881672057429,0.583,0.088,0,"0","NECAP2"
0,0.957072937372372,0.581,0.086,0,"0","RHOF"
0,0.543996675641933,0.603,0.108,0,"0","RP11-16F15.1"
0,0.715238469849817,0.607,0.112,0,"0","TPD52L2"
0,0.95466627680432,0.583,0.088,0,"0","UTP6"
0,1.63866794997211,0.568,0.073,0,"0","CDKN3"
0,1.58230019179022,0.578,0.083,0,"0","NDC80"
0,0.547849238972129,0.646,0.152,0,"0","ALG8"
0,0.876013024966822,0.59,0.096,0,"0","CCDC43"
0,0.68872095269339,0.605,0.111,0,"0","RBMX2"
0,0.571901672837672,0.621,0.127,0,"0","RIF1"
0,0.329120794576161,0.642,0.148,0,"0","ZNF106"
0,1.4153124088248,0.576,0.082,0,"0","SPAG5"
0,1.30671506674438,0.57,0.076,0,"0","TRUB2"
0,1.54156803770686,0.557,0.064,0,"0","BATF"
0,2.54863045827653,0.536,0.043,0,"0","POLE2"
0,1.16625677253802,0.583,0.09,0,"0","CDCA7L"
0,0.841201916316319,0.599,0.106,0,"0","DDX19A"
0,0.519439110878612,0.61,0.117,0,"0","MTMR6"
0,0.789731481757424,0.598,0.105,0,"0","NTAN1"
0,0.601074851162663,0.606,0.113,0,"0","PAX5"
0,4.86519738945818,0.509,0.016,0,"0","TPRG1"
0,1.04573597257478,0.586,0.093,0,"0","ZCCHC17"
0,1.35313392247376,0.95,0.457,0,"0","ACTR2"
0,1.48865107720509,0.576,0.083,0,"0","RNASEH2A"
0,1.93945843652384,0.546,0.054,0,"0","C19orf48"
0,1.52244387953289,0.555,0.063,0,"0","DHX33"
0,1.10045608606452,0.555,0.063,0,"0","HLA-DOA"
0,1.46431336846879,0.562,0.07,0,"0","PTRHD1"
0,0.542461945307376,0.629,0.137,0,"0","AP1B1"
0,0.623792347225608,0.621,0.129,0,"0","DCTN1"
0,0.944105939547405,0.583,0.091,0,"0","DYNC1LI1"
0,0.80591265111406,0.598,0.106,0,"0","ELP5"
0,0.999683858283807,0.583,0.092,0,"0","ACBD6"
0,1.5976715259812,0.983,0.492,0,"0","ACTR3"
0,0.806955273812245,0.596,0.105,0,"0","MTF2"
0,1.17973196189006,0.567,0.076,0,"0","MRPS17"
0,1.08639590458081,0.95,0.459,0,"0","SUMO2"
0,0.495199916363471,0.614,0.124,0,"0","RP11-372E1.1"
0,0.979323038407816,0.976,0.486,0,"0","TRMT112"
0,1.25608017597197,0.565,0.075,0,"0","RPA1"
0,2.38959664251942,0.526,0.037,0,"0","EMG1"
0,1.72824575463886,0.555,0.066,0,"0","MCM8"
0,1.91262595984299,0.544,0.055,0,"0","TESC"
0,1.2523904989694,0.587,0.098,0,"0","EIF4EBP1"
0,0.977007295990039,0.59,0.101,0,"0","KATNBL1"
0,0.510506334261677,0.627,0.138,0,"0","SRA1"
0,1.04450364054231,0.575,0.086,0,"0","STARD3NL"
0,1.34243899578016,0.553,0.065,0,"0","DLD"
0,2.60536305810845,0.53,0.042,0,"0","HK2"
0,1.72475370172566,0.551,0.063,0,"0","MRPL19"
0,1.01263263631434,0.586,0.098,0,"0","MITD1"
0,0.356431220031442,0.618,0.13,0,"0","PMAIP1"
0,1.10792216906915,0.574,0.086,0,"0","SLC30A9"
0,1.17146804358069,0.57,0.082,0,"0","CCNH"
0,1.17371902891767,0.571,0.083,0,"0","SIT1"
0,1.42973951284651,0.561,0.074,0,"0","ANAPC15"
0,1.29368803808963,0.553,0.066,0,"0","FASTKD2"
0,2.09053722660538,0.535,0.048,0,"0","MSH2"
0,2.13711444592003,0.539,0.052,0,"0","SNRPEP4"
0,1.28024738224951,0.561,0.074,0,"0","ZNF259"
0,0.312631347270511,0.62,0.133,0,"0","KIAA0100"
0,0.371251308368029,0.609,0.122,0,"0","RPL37AP1"
0,0.740300157739378,0.616,0.129,0,"0","XPOT"
0,0.849926138263823,0.574,0.088,0,"0","CASP2"
0,0.767024922617419,0.583,0.097,0,"0","ISY1"
0,0.468374245744946,0.627,0.141,0,"0","TXLNA"
0,1.06407511589487,0.571,0.085,0,"0","PRMT2"
0,2.31612250915814,0.536,0.051,0,"0","MELK"
0,1.57789187514389,0.544,0.059,0,"0","SIGMAR1"
0,1.45582426035951,0.972,0.487,0,"0","EIF5A"
0,0.499416724626734,0.609,0.124,0,"0","ELMO1"
0,0.462253989910478,0.629,0.144,0,"0","PHAX"
0,0.976901195013737,0.972,0.487,0,"0","POMP"
0,0.563267313490963,0.609,0.124,0,"0","SPG21"
0,0.73854154845024,0.606,0.121,0,"0","TIMMDC1"
0,0.958261550553901,0.618,0.133,0,"0","TSPAN13"
0,1.12914708183931,0.563,0.078,0,"0","RAP1GDS1"
0,1.70250068350411,0.534,0.05,0,"0","CLECL1"
0,1.56368870744109,0.533,0.049,0,"0","NRM"
0,0.713861362368632,0.596,0.112,0,"0","GRWD1"
0,0.75455965325478,0.582,0.098,0,"0","OARD1"
0,0.689014420528681,0.592,0.108,0,"0","TMEM18"
0,0.716590016796335,0.6,0.116,0,"0","UROD"
0,2.69059508433389,0.517,0.033,0,"0","WDHD1"
0,1.04440939756943,0.567,0.083,0,"0","POGK"
0,1.56316952846126,0.539,0.056,0,"0","SLC4A7"
0,0.571134272943707,0.613,0.13,0,"0","CHTF8"
0,0.419344819803423,0.63,0.147,0,"0","DPP9"
0,1.34741050931851,0.57,0.087,0,"0","FAS"
0,0.756696588197765,0.594,0.111,0,"0","MFNG"
0,0.836258015741912,0.579,0.096,0,"0","RFWD3"
0,0.79009762402186,0.609,0.126,0,"0","UBE2E1"
0,1.06997824146229,0.562,0.08,0,"0","C8orf33"
0,1.43520979031448,0.54,0.058,0,"0","NIT2"
0,1.2751650608464,0.557,0.075,0,"0","PDCD11"
0,1.84517577065806,0.534,0.052,0,"0","PGM2"
0,0.543578393033044,0.593,0.111,0,"0","AGFG1"
0,1.11964597940931,0.601,0.119,0,"0","DDIT4"
0,0.56746509012606,0.589,0.107,0,"0","FAM91A1"
0,0.875266830207735,0.576,0.094,0,"0","GNPAT"
0,0.791897018971989,0.605,0.123,0,"0","HSPB11"
0,0.875387872114661,0.589,0.107,0,"0","INO80C"
0,0.422585434172576,0.602,0.12,0,"0","KIAA1429"
0,0.918085817524354,0.573,0.091,0,"0","PEF1"
0,0.487080038602314,0.611,0.129,0,"0","PPP6R3"
0,0.501904009256937,0.617,0.135,0,"0","TMEM154"
0,0.491706051912106,0.616,0.134,0,"0","WAPAL"
0,1.49261350650661,0.551,0.07,0,"0","ICMT"
0,0.824724348140093,0.583,0.102,0,"0","CHD1L"
0,0.844605032493362,0.583,0.102,0,"0","EIF2B1"
0,0.763006614056094,0.593,0.112,0,"0","MAPK14"
0,0.719302788618073,0.575,0.094,0,"0","MED6"
0,0.674967696208008,0.571,0.09,0,"0","PMPCB"
0,0.886174747643412,0.569,0.088,0,"0","RBM18"
0,0.902916321226124,0.581,0.1,0,"0","TADA3"
0,1.18447178412405,0.559,0.079,0,"0","C11orf73"
0,1.25254659351258,0.556,0.076,0,"0","CD58"
0,1.32400047439258,0.534,0.054,0,"0","MAK16"
0,2.47924715557562,0.518,0.038,0,"0","UNG"
0,0.694919513685104,0.607,0.127,0,"0","AGGF1"
0,1.21862769614511,0.978,0.498,0,"0","GNAI2"
0,0.323492910187516,0.618,0.138,0,"0","RP11-345K20.2"
0,0.721769222499449,0.593,0.113,0,"0","SKIV2L2"
0,0.779940335562236,0.641,0.161,0,"0","YBX3"
0,1.00984340964524,0.558,0.079,0,"0","AAGAB"
0,1.19895472430347,0.539,0.06,0,"0","AIM1"
0,1.73492371374157,0.537,0.058,0,"0","ARL6IP6"
0,1.13095885846561,0.554,0.075,0,"0","SAMM50"
0,1.13591210737746,0.559,0.08,0,"0","WDR5"
0,0.800660078187538,0.606,0.127,0,"0","CYBB"
0,0.65634369039193,0.611,0.132,0,"0","LRIF1"
0,0.619453883998635,0.603,0.124,0,"0","MPC2"
0,0.414282794090563,0.611,0.132,0,"0","PTPN11"
0,0.774364606829055,0.572,0.093,0,"0","RPAIN"
0,0.510357446538103,0.624,0.145,0,"0","TSEN15"
0,1.24886449932787,0.556,0.078,0,"0","CETN3"
0,0.932519121417729,0.546,0.068,0,"0","HAUS2"
0,1.75695811025033,0.533,0.055,0,"0","PGRMC1"
0,0.706992398087003,0.6,0.122,0,"0","LYPLA2"
0,0.528428775803514,0.568,0.09,0,"0","RNF138"
0,0.684887480720406,0.585,0.107,0,"0","SOD2"
0,1.67852679626813,0.527,0.05,0,"0","NIP7"
0,1.19611724833939,0.566,0.089,0,"0","FOXM1"
0,0.619528349371789,0.587,0.11,0,"0","LYRM2"
0,0.747988935543626,0.581,0.104,0,"0","MPDU1"
0,0.852188081382385,0.567,0.09,0,"0","OPA1"
0,0.848780127833095,0.59,0.113,0,"0","PAK1"
0,0.559362604598972,0.596,0.119,0,"0","PARN"
0,0.306372757237152,0.611,0.134,0,"0","RAB35"
0,1.70274080033435,0.535,0.059,0,"0","NCAPG2"
0,1.04082291972591,0.551,0.075,0,"0","WDR75"
0,0.721013732987683,0.582,0.106,0,"0","FTSJ3"
0,0.493215859343346,0.577,0.101,0,"0","MAPRE2"
0,0.385282592948846,0.608,0.132,0,"0","NSMCE4A"
0,0.504515067279063,0.584,0.108,0,"0","NUP88"
0,1.49775388099275,0.99,0.514,0,"0","TAGLN2"
0,1.3977246497003,0.546,0.071,0,"0","PLGRKT"
0,1.36294469370424,0.547,0.072,0,"0","PRMT5"
0,1.65892521955472,0.533,0.058,0,"0","WDR12"
0,0.406675385320438,0.601,0.126,0,"0","EIF2B5"
0,0.405201214662617,0.604,0.129,0,"0","FAM168B"
0,0.43592946046933,0.596,0.121,0,"0","TCEB3"
0,1.13253387770382,0.559,0.085,0,"0","EIF2B3"
0,1.28316924024099,0.542,0.068,0,"0","IMPA1"
0,1.90593515880455,0.528,0.054,0,"0","RFC5"
0,1.5268451860748,0.544,0.07,0,"0","TCF19"
0,0.623141296559369,0.596,0.122,0,"0","LEPROTL1"
0,1.11725427103217,0.559,0.086,0,"0","CYSTM1"
0,1.01553484724445,0.559,0.086,0,"0","ZCCHC9"
0,1.43949253774781,0.536,0.063,0,"0","GTPBP8"
0,1.71628100522338,0.53,0.057,0,"0","PPAT"
0,1.00111515317828,0.552,0.079,0,"0","TAF2"
0,1.00892868420304,0.564,0.091,0,"0","LAS1L"
0,0.689045683819549,0.587,0.114,0,"0","MPV17"
0,0.663400157442024,0.584,0.111,0,"0","MYL6B"
0,0.799513486499082,0.577,0.104,0,"0","PPIP5K2"
0,1.94819386321012,0.517,0.045,0,"0","TFB1M"
0,1.00945189087182,0.552,0.08,0,"0","UBE3C"
0,0.491594540789182,0.611,0.139,0,"0","ATG3"
0,1.18943965936406,0.959,0.487,0,"0","HMGN1"
0,0.624959571750892,0.581,0.109,0,"0","UBAP2"
0,1.71075021021149,0.527,0.056,0,"0","ARL2"
0,1.98927788757664,0.52,0.049,0,"0","RMI1"
0,0.869965594263967,0.571,0.1,0,"0","ASUN"
0,0.827489434228645,0.588,0.117,0,"0","CHAMP1"
0,0.474321727074293,0.586,0.115,0,"0","KIAA1143"
0,0.625714626464384,0.583,0.112,0,"0","NOA1"
0,2.59493510447566,0.505,0.034,0,"0","POLR3G"
0,0.607358823866677,0.605,0.134,0,"0","PPP3CB"
0,0.471844106424003,0.581,0.11,0,"0","RP11-212P7.1"
0,0.569978428672847,0.605,0.134,0,"0","SSNA1"
0,1.73995930171178,0.521,0.051,0,"0","GMPS"
0,2.03174299004703,0.519,0.049,0,"0","POLR1E"
0,2.03086755076513,0.528,0.058,0,"0","SGOL2"
0,1.44065657299491,0.531,0.062,0,"0","EXOSC5"
0,1.04049703321753,0.541,0.072,0,"0","MFSD10"
0,1.37661024029456,0.529,0.06,0,"0","SNRNP40"
0,0.78336483129876,0.553,0.084,0,"0","SOCS4"
0,0.414383925396125,0.589,0.12,0,"0","CHMP2B"
0,1.09320926539038,0.557,0.089,0,"0","RABEPK"
0,1.12270073368078,0.541,0.073,0,"0","AGPAT5"
0,1.17051326820012,0.535,0.067,0,"0","TTF2"
0,1.23071580209624,0.535,0.067,0,"0","WBP4"
0,0.790421240836384,0.568,0.1,0,"0","PPP1R8"
0,0.68267182710277,0.575,0.107,0,"0","PPP2R4"
0,0.426373461800778,0.597,0.129,0,"0","UTP23"
0,1.60651923029728,0.531,0.064,0,"0","GBP1"
0,1.41750522811246,0.528,0.061,0,"0","MRPS9"
0,0.472092085444333,0.552,0.085,0,"0","NFKB1"
0,1.86136806437068,0.529,0.062,0,"0","SPC25"
0,0.783532004736923,0.566,0.099,0,"0","NMD3"
0,0.739830165400671,0.556,0.09,0,"0","DDX55"
0,0.460496774643638,0.59,0.124,0,"0","ARPC1A"
0,0.649888457037977,0.58,0.114,0,"0","FAR1"
0,0.574522765780307,0.585,0.119,0,"0","R3HDM1"
0,1.53249599285987,0.545,0.08,0,"0","GTSE1"
0,0.925281264061237,0.548,0.083,0,"0","GUF1"
0,1.88598229725414,0.525,0.06,0,"0","KIF4A"
0,1.07166959577176,0.543,0.078,0,"0","NOL10"
0,1.10416112161496,0.538,0.073,0,"0","NUP54"
0,1.62619651632589,0.531,0.066,0,"0","SNRPGP10"
0,0.75661942161742,0.604,0.139,0,"0","CTSC"
0,1.0445917807881,0.971,0.506,0,"0","UQCRH"
0,2.23515636114105,0.512,0.048,0,"0","MCM10"
0,0.792588659612815,0.537,0.073,0,"0","SLC2A1"
0,1.409102221867,0.543,0.079,0,"0","ZNRF1"
0,0.659423103042317,0.583,0.119,0,"0","DESI2"
0,0.329356431773913,0.587,0.123,0,"0","GTF2E2"
0,1.41922401625389,0.528,0.065,0,"0","ANKH"
0,0.477516887848093,0.573,0.11,0,"0","GID8"
0,0.85616237935496,0.98,0.517,0,"0","RBM3"
0,1.07529259624492,0.543,0.081,0,"0","DCTN5"
0,1.42512873734249,0.535,0.073,0,"0","HMGCR"
0,1.85742946418909,0.511,0.049,0,"0","RAD18"
0,0.986199402535652,0.542,0.08,0,"0","RBM28"
0,1.63723064046083,0.525,0.063,0,"0","SKA1"
0,0.490185609999923,0.574,0.112,0,"0","MTRF1L"
0,0.401276832742148,0.588,0.126,0,"0","ZDHHC5"
0,0.880359058253768,0.56,0.099,0,"0","ACOT13"
0,0.737449394494866,0.559,0.098,0,"0","TMEM223"
0,1.9811512831218,0.498,0.037,0,"0","CD3EAP"
0,1.66487911571048,0.528,0.067,0,"0","KIAA1524"
0,0.899576929393281,0.544,0.083,0,"0","SNX11"
0,1.19913467790136,0.536,0.075,0,"0","TSSC1"
0,1.97584069347677,0.995,0.534,0,"0","HSPA8"
0,0.327281075347112,0.576,0.115,0,"0","NUP153"
0,0.610298998590327,0.574,0.113,0,"0","TMEM165"
0,0.376736750824374,0.561,0.101,0,"0","NELFCD"
0,0.841611267333166,0.556,0.096,0,"0","WIBG"
0,1.16667622518749,0.535,0.075,0,"0","FANCD2"
0,2.18243660344572,0.511,0.052,0,"0","ESCO2"
0,1.05575949994516,0.535,0.076,0,"0","GTF2H1"
0,1.49143897745198,0.515,0.056,0,"0","LIAS"
0,0.947131478395198,0.526,0.067,0,"0","RPS2P7"
0,0.399017758900419,0.586,0.127,0,"0","ACTR1B"
0,1.11432692299177,0.57,0.111,0,"0","CAPG"
0,0.350181221435718,0.581,0.122,0,"0","TMEM243"
0,0.854545843559991,0.555,0.097,0,"0","ABT1"
0,0.9850470856458,0.544,0.086,0,"0","COX15"
0,1.13641407193257,0.531,0.073,0,"0","APTX"
0,1.34506264399727,0.519,0.061,0,"0","FBXO45"
0,1.42081800327524,0.511,0.053,0,"0","YRDC"
0,1.17356348450077,0.993,0.535,0,"0","CTSH"
0,0.435951136864227,0.58,0.122,0,"0","LARP4B"
0,0.66444452691275,0.571,0.113,0,"0","SLC2A6"
0,0.952437041949271,0.557,0.1,0,"0","DESI1"
0,0.566496161977793,0.558,0.101,0,"0","SART3"
0,0.873079763132206,0.535,0.078,0,"0","COMMD2"
0,0.974940863292894,0.539,0.082,0,"0","NUDCD2"
0,0.442291352616833,0.535,0.078,0,"0","TRAF4"
0,0.849484266694168,0.536,0.079,0,"0","WDR36"
0,0.431654362875374,0.58,0.123,0,"0","ADRM1"
0,0.386180193814391,0.578,0.121,0,"0","FGD5-AS1"
0,0.53918638759585,0.566,0.109,0,"0","GABPB1"
0,2.3005392840278,0.487,0.03,0,"0","SCCPDH"
0,0.656101585956581,0.557,0.101,0,"0","CUL2"
0,0.786082886604963,0.546,0.09,0,"0","MFN2"
0,1.95431190805398,0.5,0.044,0,"0","C20orf27"
0,1.70025859839324,0.513,0.057,0,"0","MTAP"
0,0.871517906553148,0.526,0.07,0,"0","PITHD1"
0,1.08809555901917,0.535,0.079,0,"0","RWDD4"
0,0.544082153957142,0.548,0.093,0,"0","DCP2"
0,0.844940350195826,0.557,0.102,0,"0","DNPH1"
0,0.755146641004512,0.542,0.087,0,"0","FAM35A"
0,0.362486388084149,0.559,0.104,0,"0","TBC1D5"
0,0.613617581375209,0.564,0.109,0,"0","DLAT"
0,0.773008255279122,0.564,0.109,0,"0","UQCC2"
0,0.706982665333018,0.55,0.096,0,"0","ACSL5"
0,1.56237516706589,0.52,0.066,0,"0","CENPN"
0,0.85971871896269,0.565,0.111,0,"0","CD320"
0,0.756014344258968,0.568,0.114,0,"0","NET1"
0,1.46873834882069,0.989,0.535,0,"0","TPM3"
0,0.468207910466227,0.543,0.09,0,"0","C7orf50"
0,1.38243533240489,0.508,0.055,0,"0","DCK"
0,0.628250706791971,0.563,0.11,0,"0","CENPB"
0,0.921276728898622,0.544,0.092,0,"0","HMOX2"
0,0.824078660744168,0.555,0.103,0,"0","ILK"
0,0.818066731754401,0.542,0.09,0,"0","KLHDC3"
0,0.962281831724018,0.535,0.083,0,"0","MICU1"
0,0.655084925984712,0.572,0.12,0,"0","SLC39A8"
0,0.59732780027709,0.568,0.116,0,"0","UGP2"
0,0.665719533771644,0.554,0.104,0,"0","NTMT1"
0,0.999088785309585,0.542,0.092,0,"0","ZDHHC12"
0,1.26290207691655,0.509,0.059,0,"0","C16orf80"
0,0.810956899636136,0.532,0.082,0,"0","CTNNBL1"
0,1.65493861078347,0.508,0.058,0,"0","FXN"
0,1.49010807813227,0.509,0.059,0,"0","RAD1"
0,0.954421626301303,0.518,0.068,0,"0","TDP2"
0,1.12684873193786,0.982,0.532,0,"0","ATP5J2"
0,0.913047811559634,0.529,0.08,0,"0","CNOT10"
0,1.78161406015664,0.491,0.042,0,"0","MTMR2"
0,1.47013094270975,0.513,0.064,0,"0","NCAPD3"
0,0.566021985884889,0.564,0.115,0,"0","DCUN1D1"
0,0.417354580058574,0.557,0.109,0,"0","DDI2"
0,0.919131715838751,0.534,0.086,0,"0","GSS"
0,1.83870471341834,0.494,0.046,0,"0","AP1S1"
0,1.97957357000315,0.494,0.046,0,"0","EXOSC3"
0,1.26600673390284,0.513,0.065,0,"0","TUBG1"
0,0.913376702723733,0.563,0.115,0,"0","APOBEC3B"
0,0.831389397965704,0.533,0.086,0,"0","PPP4R1"
0,1.11041713462081,0.531,0.084,0,"0","CCDC124"
0,1.95153133917726,0.5,0.053,0,"0","FDXR"
0,1.25930717133906,0.507,0.06,0,"0","PIK3CD"
0,2.12114871140855,0.494,0.047,0,"0","PLK4"
0,0.60136298100846,0.537,0.091,0,"0","CUL4A"
0,0.719536577491722,0.555,0.109,0,"0","THUMPD3"
0,1.09840371509464,0.521,0.075,0,"0","TMEM69"
0,0.691660636138616,0.539,0.094,0,"0","CHMP3"
0,0.708503313782121,0.538,0.093,0,"0","CTB-63M22.1"
0,1.64625784636337,0.995,0.55,0,"0","ALDOA"
0,0.35366246502541,0.555,0.111,0,"0","CSNK1A1"
0,0.86717989809726,0.532,0.088,0,"0","TIMM9"
0,1.43054328336671,0.504,0.06,0,"0","HDHD1"
0,1.20533676956076,0.512,0.068,0,"0","RPS6KA1"
0,0.439479259952852,0.548,0.105,0,"0","CWC22"
0,0.681175254883327,0.548,0.105,0,"0","SEC23IP"
0,1.16653306190924,0.52,0.077,0,"0","AGPS"
0,1.03142399388932,0.516,0.073,0,"0","C1orf131"
0,1.20570916279335,0.52,0.077,0,"0","CCP110"
0,0.78473994605339,0.524,0.081,0,"0","MAP7D3"
0,0.660621920134141,0.528,0.085,0,"0","TMEM138"
0,1.95391658331049,0.999,0.556,0,"0","PKM"
0,2.02888655101043,0.478,0.035,0,"0","SCARB1"
0,0.471136275544017,0.555,0.113,0,"0","MB21D1"
0,0.476044525821617,0.543,0.101,0,"0","SMAD2"
0,1.92071060643871,0.488,0.046,0,"0","CENPQ"
0,1.02665513876772,0.55,0.109,0,"0","ASPM"
0,0.703965358945435,0.545,0.104,0,"0","G6PD"
0,0.61097465027543,0.539,0.098,0,"0","ZNF480"
0,2.77056437294912,0.473,0.032,0,"0","EHD3"
0,0.682467401277908,0.522,0.082,0,"0","DDX41"
0,1.09167628841413,0.508,0.068,0,"0","FASTKD1"
0,1.65271363659728,0.483,0.043,0,"0","MINOS1"
0,2.28966706012837,0.49,0.05,0,"0","MT1E"
0,1.64033606859957,0.489,0.049,0,"0","TMEM14A"
0,1.45028508124902,0.987,0.547,0,"0","ATP5G3"
0,0.620027664816784,0.539,0.1,0,"0","ATP2C1"
0,1.23463692490041,0.507,0.068,0,"0","C11orf84"
0,1.37574134503603,0.497,0.058,0,"0","CAD"
0,0.703741011722893,0.524,0.085,0,"0","MED28"
0,1.26144938807384,0.492,0.053,0,"0","MFHAS1"
0,1.0598492439067,0.518,0.079,0,"0","TSPAN33"
0,0.452957021692346,0.527,0.089,0,"0","TGS1"
0,0.957305547510601,0.503,0.065,0,"0","OXSR1"
0,1.88215942188608,0.479,0.041,0,"0","PINX1"
0,2.07559457311281,0.474,0.036,0,"0","RFC2"
0,1.25340518908913,0.508,0.07,0,"0","TIMELESS"
0,0.542768734770624,0.541,0.104,0,"0","FRMD8"
0,0.527614129728126,0.546,0.109,0,"0","SIKE1"
0,2.32716904432326,0.474,0.037,0,"0","DARS2"
0,2.22037488885949,0.483,0.046,0,"0","DTL"
0,2.23882924687669,0.982,0.545,0,"0","RAN"
0,2.21248931634937,0.475,0.039,0,"0","HSPB1"
0,1.96298378123844,0.991,0.555,0,"0","C17orf76-AS1"
0,1.21587446193447,0.98,0.544,0,"0","CDC42"
0,0.757105586730394,0.531,0.096,0,"0","GSR"
0,0.741638252748704,0.526,0.091,0,"0","NNT"
0,0.716542038880025,0.513,0.078,0,"0","LETM1"
0,1.26661012706785,0.494,0.059,0,"0","LIG1"
0,1.26076331730117,0.5,0.065,0,"0","NCBP1"
0,1.14420871288223,0.492,0.057,0,"0","SNHG17"
0,0.519940684956553,0.533,0.099,0,"0","THAP11"
0,1.06182432382334,0.483,0.049,0,"0","PDRG1"
0,1.05920872418459,0.502,0.068,0,"0","TRAF7"
0,0.679312675231415,0.531,0.098,0,"0","DHPS"
0,0.454706979605112,0.533,0.1,0,"0","GLTP"
0,1.79156805671192,0.497,0.064,0,"0","CENPA"
0,4.30547365268112,0.443,0.01,0,"0","FUT7"
0,1.0356059438219,0.497,0.064,0,"0","PIGX"
0,1.80328400403938,0.477,0.044,0,"0","RRS1"
0,0.600526575952099,0.524,0.092,0,"0","TMEM222"
0,1.10497288426216,0.502,0.07,0,"0","RMDN1"
0,0.807611761812928,0.51,0.078,0,"0","RNF126"
0,1.88115420128775,0.476,0.044,0,"0","RP4-647J21.1"
0,1.15913959313405,0.481,0.049,0,"0","SNHG15"
0,0.631183468134412,0.527,0.096,0,"0","UBE4B"
0,1.72994351248039,0.476,0.045,0,"0","COMMD8"
0,1.67355639175117,0.483,0.052,0,"0","NTPCR"
0,1.71547817032739,0.989,0.558,0,"0","TMSB4XP8"
0,0.729862871280724,0.52,0.09,0,"0","PLAA"
0,2.75052474072236,0.463,0.033,0,"0","RMI2"
0,1.31952743202221,0.5,0.07,0,"0","DIAPH3"
0,1.44931468262381,0.487,0.057,0,"0","DPP3"
0,0.932624496679786,0.512,0.082,0,"0","TRPV2"
0,0.564312307339573,0.528,0.099,0,"0","FAM104A"
0,1.75076431703455,0.481,0.052,0,"0","GINS1"
0,0.884145304874134,0.513,0.084,0,"0","GLOD4"
0,1.10467707238176,0.499,0.07,0,"0","SLC39A6"
0,1.95466009300723,0.467,0.039,0,"0","MRPS28"
0,0.442722518899363,0.526,0.098,0,"0","XPO5"
0,1.20478970653069,0.483,0.055,0,"0","ADSS"
0,0.667953938803645,0.507,0.079,0,"0","MRPS30"
0,1.17047615935528,0.499,0.071,0,"0","POLR2C"
0,0.80763484484844,0.511,0.083,0,"0","PPIL3"
0,1.03272521569339,0.489,0.062,0,"0","RBM14"
0,0.882711742738557,0.498,0.071,0,"0","SMIM11"
0,0.406067357096841,0.515,0.089,0,"0","ADRBK2"
0,0.796202963659309,0.522,0.096,0,"0","ATP6V1C1"
0,0.616331626413808,0.528,0.102,0,"0","GPR160"
0,0.704957510120024,0.52,0.094,0,"0","IPO8"
0,2.67498290237002,0.459,0.033,0,"0","SOX4"
0,0.924794280616426,0.488,0.062,0,"0","EIF2D"
0,0.850349674738255,0.501,0.075,0,"0","GMFB"
0,1.40181225060181,0.492,0.066,0,"0","SLC39A14"
0,1.65445584845058,0.467,0.042,0,"0","HEATR2"
0,0.644823719016795,0.516,0.091,0,"0","NFYB"
0,1.19125881807038,0.5,0.075,0,"0","ARHGAP11A"
0,0.849707080983181,0.496,0.071,0,"0","C12orf43"
0,1.37840688229652,0.482,0.057,0,"0","CDC23"
0,1.43209005387588,0.479,0.054,0,"0","ENOPH1"
0,1.42228275943086,0.496,0.071,0,"0","GOT1"
0,1.19803568185773,0.492,0.067,0,"0","LPCAT3"
0,1.0159007232753,0.49,0.065,0,"0","MRPL10"
0,1.06971942815356,0.982,0.557,0,"0","TMA7"
0,0.71726609210531,0.512,0.088,0,"0","CHCHD5"
0,0.429270759148408,0.523,0.099,0,"0","CRLF3"
0,1.47118733255992,0.468,0.044,0,"0","GBE1"
0,1.07628458601302,0.507,0.083,0,"0","EPB41L2"
0,0.984262378053634,0.487,0.063,0,"0","HEATR3"
0,0.708220642617591,0.502,0.078,0,"0","PHF14"
0,1.12186633276261,0.497,0.073,0,"0","RABIF"
0,2.8281052547155,0.998,0.575,0,"0","ACTG1"
0,1.4492163052194,0.483,0.06,0,"0","MAGOHB"
0,1.23249366621065,0.48,0.057,0,"0","PLEKHJ1"
0,1.33551795980477,0.494,0.071,0,"0","SLC12A2"
0,2.28798408512603,0.462,0.04,0,"0","TTK"
0,0.569756353260705,0.52,0.098,0,"0","VPS72"
0,1.00587600327992,0.494,0.072,0,"0","ELOVL1"
0,0.951425890856819,0.485,0.063,0,"0","SLC9B2"
0,1.68979617544677,0.46,0.039,0,"0","ANAPC1"
0,0.827092613539144,0.507,0.086,0,"0","BABAM1"
0,2.71340718055075,0.455,0.034,0,"0","DEPDC1B"
0,1.29269554345642,0.478,0.057,0,"0","GTF2H5"
0,1.19749699178909,0.487,0.066,0,"0","HUS1"
0,0.993304158041789,0.496,0.075,0,"0","MESDC1"
0,0.606730777414593,0.509,0.089,0,"0","OSBPL11"
0,1.31251916505539,0.469,0.049,0,"0","EXOSC2"
0,0.423679490544338,0.505,0.085,0,"0","RP11-889L3.1"
0,1.12753502965381,0.487,0.067,0,"0","SLC25A12"
0,0.519363665442289,0.505,0.086,0,"0","CD82"
0,2.14212456039289,0.459,0.04,0,"0","IMPA2"
0,1.27011049644179,0.5,0.081,0,"0","CTNNAL1"
0,0.926289748834292,0.515,0.097,0,"0","CD86"
0,1.30366621749082,0.995,0.577,0,"0","HMGB1"
0,0.867549492413106,0.508,0.09,0,"0","P4HA1"
0,0.531538660308462,0.502,0.084,0,"0","ISCA1"
0,0.792336871808601,0.498,0.08,0,"0","PEX19"
0,0.711399756871837,0.503,0.085,0,"0","RAP2A"
0,1.3091672723903,0.478,0.06,0,"0","SGCB"
0,1.41833227555849,0.473,0.055,0,"0","SLCO4A1"
0,1.03904739911484,0.519,0.102,0,"0","BHLHE40"
0,1.3013060422598,0.987,0.57,0,"0","CHCHD2"
0,1.89637613519134,0.463,0.046,0,"0","DONSON"
0,0.709409146628913,0.504,0.087,0,"0","MIEN1"
0,0.82987877805187,0.493,0.076,0,"0","NAA10"
0,1.25439715382658,0.48,0.063,0,"0","PDZD11"
0,0.966722254485022,0.488,0.071,0,"0","TIMM44"
0,0.945643745461558,0.498,0.081,0,"0","UBR7"
0,2.41039015753534,0.449,0.033,0,"0","CDC45"
0,1.76680385918223,0.477,0.061,0,"0","CDCA2"
0,0.446940833185326,0.507,0.092,0,"0","CEPT1"
0,0.680196001415621,0.507,0.092,0,"0","CUEDC2"
0,1.35487998092399,0.467,0.052,0,"0","SLC25A19"
0,0.498292632177858,0.5,0.085,0,"0","C1orf52"
0,0.876826006942286,0.484,0.069,0,"0","TMEM261"
0,0.925642561997847,0.98,0.566,0,"0","HNRNPK"
0,1.20474093168497,0.467,0.053,0,"0","PCCB"
0,1.74287365551051,0.461,0.047,0,"0","SGOL1"
0,0.953432555177233,0.488,0.074,0,"0","DERA"
0,0.934469002762864,0.485,0.071,0,"0","MYCBP"
0,0.910686273274236,0.493,0.079,0,"0","SQRDL"
0,1.50114556550078,0.464,0.051,0,"0","COPRS"
0,1.20456307889005,0.467,0.054,0,"0","FKBP5"
0,0.63153960783632,0.499,0.086,0,"0","PITRM1"
0,0.736604581738592,0.499,0.086,0,"0","TMEM41A"
0,1.28349448658579,0.473,0.06,0,"0","APIP"
0,2.34763614196923,0.442,0.029,0,"0","CENPV"
0,0.999794388612266,0.476,0.063,0,"0","NDE1"
0,1.67953280041803,0.458,0.046,0,"0","WDR3"
0,1.26412364728615,0.474,0.062,0,"0","CREG1"
0,1.20486596580543,0.472,0.06,0,"0","LYRM7"
0,0.918402266230684,0.476,0.064,0,"0","RRAS2"
0,1.04283097441952,0.972,0.56,0,"0","BTF3"
0,0.771158267502915,0.499,0.088,0,"0","CTC-503J8.6"
0,1.72932019711045,0.464,0.053,0,"0","GCSH"
0,1.47821009242709,0.456,0.045,0,"0","UTP20"
0,1.0096421129662,0.474,0.063,0,"0","METTL2A"
0,0.660742669961435,0.49,0.079,0,"0","PPRC1"
0,1.29478675413945,0.986,0.576,0,"0","YWHAE"
0,0.780998392993477,0.487,0.077,0,"0","GNB2"
0,1.43874768429842,0.459,0.05,0,"0","CIAPIN1"
0,0.62361642816223,0.498,0.089,0,"0","DDX54"
0,1.59755688015042,0.456,0.047,0,"0","MCU"
0,1.49377085089842,0.457,0.048,0,"0","PPP2R1B"
0,0.808600952023743,0.477,0.068,0,"0","AEBP2"
0,1.12253073259008,0.478,0.069,0,"0","THYN1"
0,1.36493434072325,0.462,0.054,0,"0","ASCC1"
0,1.28493937944797,0.468,0.06,0,"0","DNAJA3"
0,1.27808404002911,0.456,0.048,0,"0","PTMAP2"
0,1.56264505659376,0.452,0.044,0,"0","RPE"
0,0.82962106648616,0.481,0.073,0,"0","CSTF1"
0,0.891692108183801,0.48,0.072,0,"0","EPT1"
0,0.747640203041379,0.487,0.079,0,"0","MRPS22"
0,0.946489524662233,0.486,0.078,0,"0","SH3BP1"
0,2.32743518386887,0.446,0.039,0,"0","CKAP2L"
0,1.95057794082047,0.444,0.037,0,"0","DSE"
0,1.35136299728071,0.464,0.057,0,"0","NOL12"
0,0.843682932224783,0.487,0.08,0,"0","NIF3L1"
0,1.11542410092455,0.482,0.075,0,"0","TROAP"
0,1.54497939390315,0.452,0.046,0,"0","MT1X"
0,0.600679477082197,0.489,0.083,0,"0","PANK2"
0,1.00880054743913,0.468,0.063,0,"0","AEN"
0,1.523901560501,0.467,0.062,0,"0","BNIP3"
0,0.94859701291025,0.467,0.062,0,"0","CD22"
0,1.37737473131125,0.454,0.049,0,"0","KCTD9"
0,1.5301447059775,0.454,0.049,0,"0","POLA1"
0,1.47081226922654,0.456,0.051,0,"0","SLC25A32"
0,0.98965328331557,0.465,0.06,0,"0","TARBP2"
0,1.15257061508985,0.472,0.067,0,"0","AGFG2"
0,0.439079764240247,0.489,0.084,0,"0","PANK3"
0,1.17413244534255,0.461,0.057,0,"0","HMGXB4"
0,2.02146024550639,0.439,0.035,0,"0","KNOP1"
0,1.23455235462795,0.461,0.057,0,"0","TTL"
0,1.75858621127396,0.445,0.042,0,"0","C4orf46"
0,1.24359760850024,0.46,0.057,0,"0","ELP3"
0,1.33255827778554,0.454,0.052,0,"0","BCAT2"
0,2.12813197505377,0.433,0.031,0,"0","C9orf40"
0,1.60647046908758,0.464,0.062,0,"0","CCNF"
0,1.11608420119354,0.967,0.565,0,"0","HINT1"
0,1.47359419219228,0.449,0.047,0,"0","LINC00116"
0,0.84388591247577,0.468,0.066,0,"0","MED31"
0,1.54478331688889,0.446,0.044,0,"0","NUDT15"
0,1.68588544947164,0.451,0.049,0,"0","SUV39H1"
0,0.558637164938234,0.485,0.083,0,"0","MICU2"
0,0.827838633194483,0.472,0.07,0,"0","TIMM10B"
0,1.492136983935,0.45,0.049,0,"0","BTBD10"
0,1.74124340091591,0.444,0.043,0,"0","GEMIN6"
0,0.725699862909936,0.472,0.071,0,"0","CHUK"
0,0.886293764686464,0.473,0.072,0,"0","PBDC1"
0,0.57957231125294,0.476,0.075,0,"0","PCID2"
0,0.857343800858148,0.47,0.069,0,"0","SOAT1"
0,1.47134851710415,0.461,0.061,0,"0","AC012146.7"
0,1.03650056560957,0.456,0.056,0,"0","BCS1L"
0,0.646499895885567,0.472,0.072,0,"0","ATF1"
0,0.796966024177309,0.48,0.08,0,"0","VAMP7"
0,1.65849900449927,0.458,0.059,0,"0","PTMS"
0,0.82005370409642,0.472,0.073,0,"0","FAM120AOS"
0,0.501363396327197,0.476,0.077,0,"0","MAP4K2"
0,0.672564039824855,0.476,0.077,0,"0","RCHY1"
0,1.12004896592355,0.451,0.053,0,"0","MNAT1"
0,2.18556747937389,0.437,0.039,0,"0","OIP5"
0,1.16473224489168,0.452,0.054,0,"0","RRM2B"
0,0.832071392077555,0.473,0.075,0,"0","BMP2K"
0,0.598614942484453,0.48,0.082,0,"0","MAPK1"
0,0.885269513767007,0.476,0.078,0,"0","WDR34"
0,1.57884480610975,0.443,0.046,0,"0","E2F1"
0,0.853023568475926,0.461,0.064,0,"0","PRPF31"
0,1.68668932927246,0.44,0.043,0,"0","WDR4"
0,0.675941982863798,0.468,0.072,0,"0","FAM103A1"
0,1.64130633153804,0.429,0.033,0,"0","PHF5A"
0,0.790743959459241,0.465,0.069,0,"0","SENP1"
0,2.7991484333714,0.418,0.022,0,"0","SORD"
0,1.16491750468419,0.992,0.597,0,"0","ARHGDIB"
0,0.94033840317037,0.457,0.062,0,"0","ARMC10"
0,1.85264070325037,0.443,0.048,0,"0","KIF23"
0,0.499703994788848,0.46,0.065,0,"0","LPGAT1"
0,0.799595388341374,0.447,0.052,0,"0","SENP3"
0,0.766748170231936,0.464,0.069,0,"0","WDR61"
0,0.830480091847282,0.469,0.074,0,"0","PTGES2"
0,1.14934420563554,0.449,0.055,0,"0","CDK7"
0,1.33711106079276,0.451,0.057,0,"0","TACO1"
0,0.709729396679498,0.469,0.075,0,"0","COG2"
0,0.784908791679304,0.466,0.073,0,"0","ANAPC7"
0,0.574006604847753,0.459,0.066,0,"0","COLGALT1"
0,1.3304563830842,0.448,0.055,0,"0","MSH6"
0,0.9418898585587,0.988,0.595,0,"0","RHOA"
0,0.539294985056901,0.469,0.076,0,"0","MED10"
0,1.63854787388777,0.443,0.051,0,"0","MAPKAPK3"
0,0.905048974770391,0.467,0.075,0,"0","WEE1"
0,1.59155848077655,0.439,0.047,0,"0","YEATS4"
0,0.587671598257225,0.468,0.077,0,"0","GBAS"
0,1.33445478023002,0.985,0.594,0,"0","VIM"
0,0.779441711143418,0.464,0.074,0,"0","C9orf114"
0,0.981992977647374,0.456,0.067,0,"0","ERI3"
0,1.32563530257221,0.432,0.043,0,"0","NUP155"
0,0.836993731982556,0.457,0.068,0,"0","ODF2"
0,1.00300696969373,0.445,0.056,0,"0","PIP5K1A"
0,1.30855419832314,0.439,0.051,0,"0","GCLM"
0,1.77062041527359,0.432,0.044,0,"0","PRPS2"
0,1.05498139530723,0.438,0.05,0,"0","RCL1"
0,0.786238016237681,0.441,0.053,0,"0","SACS"
0,1.15182028649336,0.456,0.069,0,"0","CASC5"
0,1.08565125322364,0.453,0.066,0,"0","CBR1"
0,1.05793331976239,0.447,0.06,0,"0","PSMG4"
0,1.5201542915275,0.431,0.044,0,"0","ZDHHC16"
0,1.13260541395376,0.437,0.051,0,"0","C2orf47"
0,1.06679015239126,0.458,0.072,0,"0","CDCA3"
0,1.14126933506034,0.443,0.057,0,"0","PCBD1"
0,1.07523112511105,0.459,0.073,0,"0","TMEM107"
0,0.921552700543482,0.455,0.069,0,"0","VPS41"
0,0.854857110143639,0.456,0.071,0,"0","ALAS1"
0,1.14167486808654,0.436,0.051,0,"0","MASTL"
0,2.66646462579817,0.406,0.021,0,"0","TIMM8A"
0,1.11190911449063,0.446,0.062,0,"0","APOO"
0,1.02855863313141,0.448,0.064,0,"0","FANCG"
0,1.00114115570672,0.445,0.061,0,"0","MRPL17"
0,0.525827157089702,0.448,0.064,0,"0","NAAA"
0,1.28469536106645,0.993,0.609,0,"0","NCL"
0,0.793472810085488,0.452,0.068,0,"0","RNASEH1"
0,1.05635670931526,0.443,0.06,0,"0","DAAM1"
0,0.585045371282924,0.445,0.062,0,"0","RPL9P9"
0,0.604070566062076,0.449,0.067,0,"0","ACOT9"
0,1.2310520307833,0.431,0.049,0,"0","C9orf85"
0,1.67572069714679,0.426,0.044,0,"0","COCH"
0,0.89350381891235,0.437,0.055,0,"0","DPH5"
0,0.720718830824678,0.448,0.066,0,"0","PIK3AP1"
0,1.04663906661184,0.445,0.063,0,"0","PPP5C"
0,3.56358076170069,0.4,0.02,0,"0","AK4"
0,1.13441477327661,0.442,0.062,0,"0","WSB2"
0,0.747895151663573,0.439,0.06,0,"0","COMMD9"
0,1.80560399228188,0.419,0.04,0,"0","FASN"
0,1.40802695816713,0.43,0.051,0,"0","HADH"
0,1.12321136077726,0.446,0.067,0,"0","LRRCC1"
0,2.26219455930902,0.404,0.025,0,"0","NQO1"
0,0.969793171278797,0.44,0.061,0,"0","NUP133"
0,0.913776750469027,0.436,0.057,0,"0","REXO4"
0,0.66751160677227,0.442,0.063,0,"0","THOC1"
0,0.90338550166916,0.991,0.612,0,"0","YWHAB"
0,1.00936812990181,0.442,0.064,0,"0","CMC1"
0,1.83261881439102,0.414,0.036,0,"0","CRYZ"
0,1.48654595702546,0.422,0.044,0,"0","MVK"
0,1.07684823624119,0.43,0.052,0,"0","NEDD1"
0,1.54422677651273,0.408,0.031,0,"0","C10orf128"
0,2.65284937558763,0.404,0.027,0,"0","EXO1"
0,0.98596838849749,0.445,0.068,0,"0","FAM126A"
0,0.97197686495339,0.437,0.06,0,"0","KCTD10"
0,2.18100807097957,0.405,0.028,0,"0","NLN"
0,0.827352527839012,0.437,0.061,0,"0","CYB561A3"
0,1.31564038513755,0.419,0.043,0,"0","SMPD4"
0,0.697957182244476,0.436,0.06,0,"0","SUPV3L1"
0,3.02972182099798,0.389,0.013,0,"0","SYT11"
0,3.13342037573616,0.399,0.023,0,"0","UHRF1"
0,1.08590479938772,0.438,0.063,0,"0","BCAP29"
0,0.95365091052243,0.44,0.065,0,"0","HIBCH"
0,1.03691497578801,0.44,0.065,0,"0","KCTD5"
0,1.67449985984658,0.426,0.051,0,"0","MID1IP1"
0,0.842999187801055,0.436,0.061,0,"0","MMS19"
0,1.14636090627394,0.428,0.053,0,"0","RABL3"
0,2.30462478892435,0.418,0.043,0,"0","SCD"
0,2.34606671531716,0.401,0.027,0,"0","ORC1"
0,1.16536643588566,0.423,0.049,0,"0","SLC25A33"
0,1.57574904572062,0.415,0.042,0,"0","FAIM"
0,1.74808585410719,0.406,0.034,0,"0","MECR"
0,1.78101925768304,0.408,0.036,0,"0","NUP93"
0,1.64664297805028,0.41,0.038,0,"0","PFAS"
0,0.952841237256889,0.429,0.058,0,"0","CLUH"
0,1.44191277484374,0.424,0.053,0,"0","HSPA1A"
0,0.864582379246351,0.433,0.062,0,"0","SYS1"
0,0.880401606667855,0.43,0.059,0,"0","TRAC"
0,1.79238950737273,0.402,0.032,0,"0","BAG2"
0,3.38425817918728,0.381,0.011,0,"0","CDCA7"
0,1.60214810328453,0.417,0.047,0,"0","PRIM1"
0,0.72786759222666,0.433,0.063,0,"0","ZNHIT6"
0,1.38239320108017,0.412,0.043,0,"0","ADCY3"
0,1.39546171872069,0.416,0.047,0,"0","CHAC2"
0,0.505052503953401,0.425,0.056,0,"0","RASSF3"
0,1.52363466892212,0.426,0.058,0,"0","F2R"
0,0.892229994437109,0.427,0.059,0,"0","JAGN1"
0,0.784218794952539,0.419,0.051,0,"0","RRN3"
0,1.13904863491828,0.418,0.051,0,"0","PTS"
0,0.805673526788363,0.425,0.058,0,"0","UBIAD1"
0,1.97411512087163,0.405,0.039,0,"0","ECT2"
0,1.52657622783699,0.404,0.038,0,"0","NINJ1"
0,1.05522791659788,0.417,0.051,0,"0","AP1M1"
0,2.09414160924799,0.393,0.027,0,"0","GALE"
0,1.26337874343536,0.413,0.047,0,"0","GATC"
0,1.44371471249101,0.411,0.045,0,"0","LMNB2"
0,0.745835042293436,0.426,0.06,0,"0","UBE2D1"
0,1.12614478793508,0.414,0.049,0,"0","BTBD6"
0,1.5324876860633,0.417,0.053,0,"0","LACTB"
0,1.03365319734259,0.412,0.048,0,"0","PES1"
0,1.43281245160012,0.408,0.044,0,"0","SHMT1"
0,0.807648003824357,0.42,0.056,0,"0","THAP1"
0,1.48613974662914,0.405,0.042,0,"0","CDK8"
0,2.03979314445638,0.406,0.043,0,"0","KIF14"
0,0.895440368551822,0.417,0.054,0,"0","NAA25"
0,1.11142810819912,0.417,0.054,0,"0","SMIM4"
0,1.52133389228735,0.411,0.048,0,"0","TMEM99"
0,1.60535021823731,0.404,0.042,0,"0","DUSP14"
0,1.59891397108624,0.399,0.037,0,"0","FBXO22"
0,0.971468943520266,0.414,0.052,0,"0","ELK1"
0,0.82725059474423,0.419,0.057,0,"0","ILKAP"
0,1.40533294521425,0.408,0.046,0,"0","THEM4"
0,0.72208678886144,0.415,0.053,0,"0","ZBED1"
0,1.44745122930824,0.4,0.039,0,"0","RBFA"
0,1.02592350136549,0.413,0.052,0,"0","FAM101B"
0,1.14263510988966,0.412,0.051,0,"0","STAT5A"
0,1.18524026001419,0.416,0.055,0,"0","ZNF714"
0,3.30717889748107,0.376,0.016,0,"0","ARNTL2"
0,0.953005698333291,0.408,0.048,0,"0","CCZ1B"
0,1.43246705684233,0.989,0.629,0,"0","SET"
0,1.48360306522248,0.395,0.036,0,"0","OPN3"
0,0.903564848993992,0.41,0.051,0,"0","NOM1"
0,2.04266717466121,0.388,0.029,0,"0","PRMT3"
0,1.18941284171059,0.405,0.048,0,"0","PACSIN2"
0,1.08322039580628,0.407,0.05,0,"0","STAMBPL1"
0,1.8162453149962,0.385,0.029,0,"0","C12orf5"
0,1.48503215913252,0.396,0.041,0,"0","ACD"
0,1.48234816371454,0.402,0.047,0,"0","KIF15"
0,1.17923058586379,0.402,0.047,0,"0","TIMM22"
0,1.4676269375515,0.406,0.051,0,"0","TWF2"
0,1.71634962324261,0.387,0.032,0,"0","FIGNL1"
0,1.36951396626294,0.394,0.04,0,"0","ORC5"
0,1.97814801451381,0.391,0.038,0,"0","PERP"
0,1.2450607952739,0.403,0.05,0,"0","RUSC1"
0,2.32708116741155,0.384,0.031,0,"0","CCNE2"
0,1.06188759851765,0.986,0.633,0,"0","NAP1L1"
0,1.2663478428494,0.391,0.039,0,"0","CCBL2"
0,0.87846240638379,0.401,0.049,0,"0","NAF1"
0,1.20347324350368,0.399,0.048,0,"0","MRE11A"
0,0.953730203509032,0.979,0.628,0,"0","EIF4G2"
0,1.03913923765341,0.398,0.048,0,"0","CCDC85B"
0,1.60125843657432,0.394,0.044,0,"0","THOC3"
0,1.31362845116677,0.989,0.639,0,"0","HNRNPC"
0,2.27187945257087,0.382,0.032,0,"0","XRCC2"
0,1.10675761981545,0.4,0.051,0,"0","TAF1B"
0,1.24902494384602,0.4,0.051,0,"0","TXNDC9"
0,1.85309482292196,0.377,0.028,0,"0","PUS7"
0,1.08110247242318,0.396,0.048,0,"0","SLC25A26"
0,2.77551419658033,0.373,0.025,0,"0","PDGFRA"
0,1.38618022385758,0.391,0.044,0,"0","CHCHD4"
0,1.31410692682551,0.384,0.037,0,"0","RP11-145M9.4"
0,2.52904544845224,0.365,0.019,0,"0","KYNU"
0,1.23668896608675,0.996,0.65,0,"0","RPSA"
0,1.76689971045561,0.386,0.041,0,"0","MMS22L"
0,1.2735004122109,0.389,0.044,0,"0","NDFIP2"
0,1.50211622127436,0.395,0.05,0,"0","PSPH"
0,1.09998727583719,0.389,0.044,0,"0","TDP1"
0,1.29036409919023,0.385,0.041,0,"0","C9orf89"
0,1.51302895729371,0.392,0.048,0,"0","GATM"
0,1.60763386995501,0.38,0.036,0,"0","PECR"
0,1.14607152080636,0.382,0.038,0,"0","SLC5A6"
0,1.40343394536711,0.382,0.038,0,"0","SSBP4"
0,1.02856613687254,0.389,0.045,0,"0","TEX10"
0,1.90987065906084,0.999,0.655,0,"0","HSP90AB1"
0,1.09683926161786,0.979,0.635,0,"0","YWHAZ"
0,3.15402789964415,0.362,0.019,0,"0","DSCC1"
0,2.1290932084495,0.353,0.011,0,"0","CCL5"
0,2.22593654618428,0.368,0.026,0,"0","MTFR2"
0,1.22472909018632,0.388,0.047,0,"0","C6orf211"
0,1.22375634581242,0.379,0.038,0,"0","THG1L"
0,1.26327387129211,0.382,0.042,0,"0","ACAD9"
0,1.23102523815683,0.379,0.039,0,"0","ATP5SL"
0,1.75778741282749,0.378,0.038,0,"0","NSDHL"
0,1.73743851072479,0.373,0.033,0,"0","CPOX"
0,2.04462603220149,0.365,0.025,0,"0","CPPED1"
0,1.07620204963459,0.383,0.044,0,"0","FGFR1OP"
0,1.85949054307396,0.378,0.039,0,"0","RAB13"
0,1.87245961493274,0.374,0.035,0,"0","RACGAP1"
0,1.48725526099624,0.379,0.041,0,"0","ERI1"
0,2.4136386476994,0.364,0.026,0,"0","MND1"
0,1.85878946117349,0.362,0.024,0,"0","RP11-1033A18.1"
0,1.92933462366772,0.369,0.031,0,"0","RRP9"
0,1.31326765093237,0.377,0.04,0,"0","AKAP1"
0,1.15520617481719,0.379,0.042,0,"0","AP1AR"
0,1.93241318348902,0.366,0.029,0,"0","FAH"
0,1.5157576949545,0.38,0.044,0,"0","CD226"
0,1.23364059413429,0.996,0.66,0,"0","ANP32B"
0,2.67534128574727,0.354,0.018,0,"0","BYSL"
0,1.40370580944478,0.37,0.035,0,"0","TOE1"
0,1.43673609113075,0.998,0.664,0,"0","HNRNPA2B1"
0,1.30209797180176,0.374,0.041,0,"0","SLC25A24"
0,1.46730464714364,0.368,0.036,0,"0","SERPINB8"
0,1.90910236297557,0.364,0.033,0,"0","CENPO"
0,1.78955494431404,0.364,0.034,0,"0","C17orf58"
0,2.08883417107211,0.353,0.023,0,"0","TEX30"
0,0.943002412287707,0.364,0.035,0,"0","KLHL18"
0,1.98876941402474,0.358,0.029,0,"0","TIPIN"
0,1.52299831321876,0.365,0.037,0,"0","KSR1"
0,1.63131034439653,0.362,0.034,0,"0","C17orf75"
0,1.4702088509761,0.36,0.032,0,"0","TTC27"
0,2.23265264150374,0.351,0.025,0,"0","GINS3"
0,2.01537407124515,0.358,0.032,0,"0","MYL9"
0,1.57346627563386,0.355,0.03,0,"0","ARMC6"
0,1.83455203084605,0.353,0.028,0,"0","IPO11"
0,4.14196992736744,0.334,0.01,0,"0","HMSD"
0,1.40870433870095,0.36,0.036,0,"0","PAXIP1"
0,1.00092585089764,0.983,0.661,0,"0","CALM1"
0,1.47142456218348,0.356,0.034,0,"0","TAF9B"
0,1.50465432118791,0.352,0.03,0,"0","TXNL4B"
0,1.23713755270897,0.996,0.675,0,"0","MYL6"
0,1.38993227962354,0.355,0.034,0,"0","SGMS1"
0,2.06786477901967,0.341,0.021,0,"0","WDR77"
0,1.96547396174478,0.349,0.029,0,"0","GEMIN5"
0,1.88908625133144,0.347,0.031,0,"0","CISD3"
0,1.03087686100768,0.343,0.03,0,"0","POLR1C"
0,2.21951049652662,0.333,0.021,0,"0","FAM216A"
0,1.58624313069429,0.34,0.029,0,"0","WBSCR16"
0,1.82906193837952,0.998,0.689,0,"0","HSP90AA1"
0,2.50147673446954,0.332,0.025,0,"0","BATF3"
0,2.15678098130404,0.325,0.02,0,"0","ATP6V0E2"
0,3.19317469385071,0.315,0.014,0,"0","TNF"
0,1.38120273408459,0.996,0.696,0,"0","YBX1"
0,2.20009810650189,0.32,0.021,0,"0","CEP41"
0,3.55376701758029,0.308,0.011,0,"0","MYB"
0,4.96801741595062,0.299,0.005,0,"0","RP11-701P16.5"
0,2.06986286524299,0.31,0.02,0,"0","PAQR4"
0,2.26571706689327,0.303,0.018,0,"0","DNA2"
0,2.29851582419923,0.299,0.016,0,"0","RAB33A"
0,2.41073865430318,0.297,0.015,0,"0","TTC39C"
0,1.11297729584409,0.998,0.74,0,"0","TMSB10"
0,1.72558842059912,1,0.745,0,"0","GAPDH"
0,2.07834473909353,0.997,0.752,0,"0","NPM1"
0,1.84588584176153,1,0.757,0,"0","PPIA"
0,1.19625129963352,0.997,0.774,0,"0","ARPC2"
0,1.93911469013015,0.999,0.784,0,"0","PFN1"
0,1.87894407651871,1,0.852,0,"0","CFL1"
0,2.45849189745347,1,0.861,0,"0","ACTB"
0,1.65288022784708,1,0.862,0,"0","TMSB4X"
0,1.10809946445707,1,0.885,0,"0","RPS2"
0,0.725955101993621,0.998,0.887,0,"0","RPL9"
0,0.720034406414638,1,0.938,0,"0","RPS24"
0,1.17537397650678,1,0.961,0,"0","PTMA"
4.75653438669525e-308,0.777818780842155,0.478,0.082,1.09462125841018e-303,"0","FOPNL"
4.79437962641974e-308,0.856477930433432,0.472,0.079,1.10333058342797e-303,"0","COQ5"
5.06025764815876e-308,0.819397992129657,0.465,0.076,1.16451709257077e-303,"0","EMC1"
6.32056628830157e-308,0.796553282078169,0.96,0.433,1.45455191992684e-303,"0","ARPC3"
6.3226680567968e-308,0.762187763843816,0.46,0.075,1.45503559991065e-303,"0","USB1"
6.38359590037951e-308,0.449659492493243,0.879,0.291,1.46905692455434e-303,"0","THRAP3"
6.42478621692363e-308,0.570141078554617,0.537,0.107,1.47853605210064e-303,"0","CPSF4"
6.55467675744715e-308,2.02638392767153,0.328,0.026,1.50842776219131e-303,"0","PSMC3IP"
9.95698958827817e-308,0.382430635499674,0.666,0.162,2.29140201395046e-303,"0","TRAPPC3"
1.19057661250567e-307,1.00866845330398,0.9,0.386,2.7398739583593e-303,"0","RPS27L"
1.35626862879926e-307,1.30181616290246,0.443,0.07,3.12118099545575e-303,"0","HLA-DQA2"
1.40038999058498e-307,0.905459190253891,0.391,0.048,3.22271748533321e-303,"0","MMD"
1.83862069861175e-307,0.560115028934272,0.659,0.168,4.23121781371521e-303,"0","ATP1A1"
2.16667080156055e-307,0.916006154509862,0.391,0.048,4.98615951563129e-303,"0","NAB1"
2.91329091510173e-307,0.70608377588745,0.546,0.112,6.70435638292362e-303,"0","TMEM14C"
2.93269907904446e-307,0.373763726263968,0.733,0.198,6.749020390605e-303,"0","PPP2R5E"
3.42528206964547e-307,0.407686306315894,0.611,0.138,7.88260162687512e-303,"0","KIF3B"
3.60641254988125e-307,1.17312016145167,0.386,0.047,8.29943720104173e-303,"0","POLR1A"
3.60760502707756e-307,0.449661424323307,0.575,0.122,8.3021814488136e-303,"0","AHCYL1"
3.6515726741798e-307,1.42964349302794,0.378,0.043,8.40336419508997e-303,"0","TMEM209"
8.21752083286473e-307,0.985274765779584,0.975,0.527,1.89109806926716e-302,"0","SNRPD2"
8.59192373823409e-307,1.9217460740237,0.359,0.037,1.97725940987981e-302,"0","POLA2"
8.81262919074739e-307,0.482506755011623,0.871,0.291,2.0280503556667e-302,"0","NAP1L4"
1.53101827375124e-306,0.336562913484954,0.548,0.11,3.52333235338372e-302,"0","CRNKL1"
1.84794646165023e-306,0.535728408842055,0.894,0.308,4.25267919219567e-302,"0","SF3B5"
2.17452690573225e-306,2.76486618566511,0.29,0.014,5.00423876816162e-302,"0","ZNF826P"
2.64614266602665e-306,1.08567265897307,0.41,0.056,6.08956811732713e-302,"0","SASS6"
4.65863382948725e-306,1.12477424872291,0.413,0.056,1.0720914031799e-301,"0","ELP6"
5.79442764575498e-306,0.300936130102815,0.737,0.201,1.33347163411759e-301,"0","NBN"
6.91993475656431e-306,0.47888696973044,0.561,0.117,1.59248458552814e-301,"0","TAF6"
7.9935384434215e-306,1.27501188615493,0.367,0.039,1.83955300198459e-301,"0","STX11"
8.34959236169245e-306,0.93870854052402,0.392,0.049,1.92149169019628e-301,"0","GPALPP1"
8.75325608545669e-306,1.62499008042249,0.315,0.022,2.01438682294615e-301,"0","AP3M2"
9.12078257411564e-306,0.831671222115725,0.983,0.531,2.09896569378123e-301,"0","PEBP1"
9.26573773747216e-306,0.97924156588856,0.466,0.078,2.13232422552447e-301,"0","MRPL48"
9.27424484905804e-306,0.716491062660794,0.421,0.06,2.13428196711373e-301,"0","MTPAP"
1.00075648927258e-305,0.87275907041498,0.447,0.07,2.30304090876299e-301,"0","MGME1"
1.42219642509291e-305,0.654429304411992,0.498,0.09,3.27290063306632e-301,"0","COA1"
1.45857048973383e-305,0.532668606231717,0.866,0.286,3.35660826802445e-301,"0","AC022431.1"
1.46191995197267e-305,0.663348807894343,0.904,0.356,3.3643163854747e-301,"0","SEPT7"
1.70903842938154e-305,0.512323778729621,0.828,0.262,3.93301013753573e-301,"0","OCIAD1"
1.78439780296771e-305,0.641921789496544,0.516,0.099,4.10643466396959e-301,"0","BRMS1"
2.22595009369697e-305,0.730852258835478,0.404,0.053,5.12257895062484e-301,"0","NUP160"
2.41597071386685e-305,0.89901477986972,0.429,0.064,5.55987340382178e-301,"0","KIAA1279"
3.63853226194033e-305,1.15641072237841,0.404,0.053,8.37335429440327e-301,"0","AC002044.4"
4.28725117472123e-305,0.307918378132521,0.603,0.136,9.86625112838597e-301,"0","RNF40"
4.46028556701351e-305,0.378882048524524,0.727,0.197,1.02644551753682e-300,"0","NAA38"
5.72083610166425e-305,1.12374268148955,0.373,0.042,1.31653601207599e-300,"0","WDR89"
6.4080759178866e-305,1.07674315665999,0.414,0.057,1.47469051098324e-300,"0","CERS6"
9.28035508883295e-305,0.732809600405468,0.452,0.072,2.13568811659313e-300,"0","LSM7"
1.11755253498167e-304,0.449952332837517,0.51,0.095,2.57182364875331e-300,"0","PRPSAP2"
1.28145825825371e-304,1.18148512807315,0.383,0.046,2.94901988971926e-300,"0","C14orf142"
1.28683224763072e-304,0.881831691029131,0.944,0.43,2.96138705147258e-300,"0","PSMB2"
1.36878817037277e-304,0.699290449004536,0.932,0.382,3.14999221647885e-300,"0","ZC3H15"
1.61759716531342e-304,0.549898140366846,0.849,0.276,3.72257635653578e-300,"0","C12orf57"
1.63780953226526e-304,0.754787878436213,0.452,0.072,3.76909107660205e-300,"0","CARM1"
2.08231909842478e-304,1.13205901263564,0.404,0.055,4.79204094120496e-300,"0","RNF19B"
2.34010853322244e-304,0.312909999530943,0.566,0.119,5.3852917675048e-300,"0","MEAF6"
3.14708977337791e-304,2.17435907515326,0.321,0.025,7.24239769547459e-300,"0","ADD2"
4.1175583192882e-304,0.791473870663412,0.461,0.076,9.47573696017794e-300,"0","TMEM242"
4.54604863221440e-304,0.547523861458339,0.676,0.174,1.0461821717315e-299,"0","TMED3"
4.63661800157247e-304,1.15502692622117,0.382,0.045,1.06702490070187e-299,"0","MRPL46"
5.07147947566453e-304,0.408305004364941,0.52,0.099,1.16709957173468e-299,"0","VPS4A"
5.50719706147130e-304,0.461521125879959,0.883,0.301,1.26737125975639e-299,"0","EIF3L"
6.08630555299899e-304,0.414744086652202,0.705,0.187,1.40064149691166e-299,"0","ARL5A"
9.58707177374129e-304,0.594202401484895,0.48,0.084,2.20627282729108e-299,"0","ATL3"
1.01170004297961e-303,0.674468304731868,0.456,0.074,2.32822530890898e-299,"0","PMPCA"
1.13750807783081e-303,0.715553619403986,0.933,0.38,2.61774733951204e-299,"0","MSN"
1.16644771744633e-303,0.388867490620918,0.821,0.251,2.68434613215923e-299,"0","NDUFA5"
1.51020556087931e-303,1.45629942640709,0.351,0.035,3.47543605725156e-299,"0","YBX1P10"
1.90117292640534e-303,0.357758112448741,0.596,0.134,4.37516925553661e-299,"0","SLC4A1AP"
2.07415292338023e-303,0.544849665264688,0.837,0.262,4.77324812257493e-299,"0","NDUFB10"
2.11961822588648e-303,0.622165862711801,0.843,0.284,4.87787742323257e-299,"0","EMC4"
3.22579196390736e-303,0.786010078532782,0.422,0.06,7.42351504654001e-299,"0","SEC22C"
3.50653804243383e-303,0.27489776442704,0.737,0.204,8.06959599705297e-299,"0","TRIP12"
4.20552299691923e-303,0.279171101891891,0.548,0.112,9.67817007281022e-299,"0","STUB1"
4.23938099083869e-303,0.377896626832655,0.596,0.134,9.75608747421708e-299,"0","CDC73"
5.22284861687063e-303,0.346680988693817,0.803,0.225,1.20193415220044e-298,"0","RP11-36C20.1"
9.61269151402124e-303,0.444365021564868,0.509,0.096,2.21216869812171e-298,"0","UBA6"
1.27279000934308e-302,0.494661045365814,0.541,0.11,2.92907164850124e-298,"0","SNAP23"
1.64218648219737e-302,1.36602911319523,0.347,0.033,3.7791637514808e-298,"0","TNFRSF10B"
2.34175949438362e-302,0.338799147490816,0.617,0.142,5.38909112442502e-298,"0","AGPAT3"
2.8465583826913e-302,0.389396858034124,0.629,0.15,6.55078480608748e-298,"0","ASCC3"
2.88740552331939e-302,0.921287907897682,0.402,0.053,6.64478633081492e-298,"0","ACTR6"
3.48854143047676e-302,0.46875507088154,0.715,0.195,8.02818039395616e-298,"0","NDUFA11"
4.61980281394049e-302,0.864251317035966,0.443,0.07,1.06315522157212e-297,"0","ENO2"
5.69081876949105e-302,0.499730174416295,0.531,0.104,1.30962812342297e-297,"0","PIGS"
6.36561326109292e-302,0.288257453819696,0.816,0.242,1.46491857977531e-297,"0","AB019441.29"
7.0270443614042e-302,0.734166767643265,0.5,0.094,1.61713371888995e-297,"0","KIF22"
1.39887383488953e-301,0.267361128079151,0.464,0.077,3.21922835623128e-297,"0","STK17A"
3.10077348997877e-301,0.856787886254824,0.921,0.372,7.13581003248814e-297,"0","DYNLL1"
3.73692985188637e-301,0.451452464908546,0.755,0.218,8.5997966681461e-297,"0","FAM65B"
4.27843634197161e-301,1.06579420240298,0.39,0.05,9.84596555377928e-297,"0","PREP"
5.20655471930097e-301,1.163746027455,0.376,0.044,1.19818443755273e-296,"0","SKP2"
6.67143163519542e-301,0.443986379409493,0.46,0.074,1.53529656220752e-296,"0","RP11-220D10.1"
8.6592047613511e-301,0.88143208519737,0.381,0.046,1.99274279172973e-296,"0","S1PR1"
8.87515636361728e-301,0.606798566293743,0.885,0.315,2.04243973395924e-296,"0","RWDD1"
9.14330503485289e-301,0.284860587774066,0.741,0.206,2.10414878767069e-296,"0","SF3A2"
1.0279285317402e-300,0.534671983000144,0.559,0.117,2.36557193009373e-296,"0","KDM1A"
1.12048801481733e-300,0.554934236642453,0.478,0.085,2.57857906849911e-296,"0","CACUL1"
1.19334844485056e-300,0.569340227763493,0.525,0.104,2.74625277613459e-296,"0","LRRFIP2"
1.56180776365132e-300,1.09684007738646,0.397,0.052,3.59418820649078e-296,"0","MARCH5"
1.6532717924324e-300,0.734600596872945,0.98,0.528,3.80467437592469e-296,"0","HNRNPA1"
1.68283835700969e-300,0.480414095823588,0.879,0.303,3.8727159109864e-296,"0","LSM14A"
1.70174018110386e-300,1.43221213684727,0.354,0.037,3.91621467877432e-296,"0","WDR18"
1.70467804820778e-300,1.31120973662964,0.377,0.045,3.92297559234056e-296,"0","RBL1"
1.94169777691066e-300,0.739712890907303,0.99,0.642,4.4684290940045e-296,"0","RPL7"
2.21738516095334e-300,0.639687051274627,0.454,0.074,5.10286847090192e-296,"0","LIN52"
2.74175235216068e-300,0.69479700195432,0.444,0.07,6.30959468802738e-296,"0","GTF3C3"
3.91931267668177e-300,0.61594788054384,0.464,0.077,9.01951426284775e-296,"0","FAM175B"
4.14465504654839e-300,1.28198837032154,0.398,0.053,9.5380946586218e-296,"0","MMAB"
4.22349805168409e-300,0.983043235318691,0.424,0.062,9.7195360663406e-296,"0","TOMM34"
5.91991313632723e-300,0.531447237400256,0.598,0.137,1.36234961006299e-295,"0","PLIN3"
6.73319556668971e-300,0.346532829668156,0.524,0.103,1.5495102957623e-295,"0","MYO5A"
6.94116717999444e-300,0.387251407966706,0.665,0.167,1.59737080313212e-295,"0","SLC25A46"
7.02080447588564e-300,0.615220845588004,0.55,0.116,1.61569773403556e-295,"0","MRPL43"
8.51633812628166e-300,0.580046067715945,0.517,0.101,1.9598648930012e-295,"0","TSTA3"
9.37164466231428e-300,0.451925203351054,0.742,0.209,2.15669658613838e-295,"0","ACADM"
1.64121870866585e-299,1.00890656487368,0.425,0.064,3.77693661425272e-295,"0","PDE6D"
1.78324204230734e-299,0.42530733489698,0.805,0.251,4.10377491196187e-295,"0","USP16"
2.41685349288358e-299,0.859300577681283,0.43,0.065,5.56190494317298e-295,"0","DDX10"
2.69119287497211e-299,2.42132029152631,0.3,0.019,6.19324216317333e-295,"0","APITD1"
3.12582077898219e-299,0.72795031712153,0.451,0.074,7.19345135867171e-295,"0","CAMK2D"
3.21790243375094e-299,1.30814471873253,0.335,0.03,7.40535887079103e-295,"0","LRRC40"
3.31627140834921e-299,0.434159378654901,0.675,0.175,7.63173539203404e-295,"0","RASGRP3"
3.57584240699102e-299,0.439050450155208,0.656,0.164,8.22908613120843e-295,"0","SUMF2"
3.66011794408472e-299,1.00150735970465,0.384,0.047,8.42302942472216e-295,"0","ZC3H8"
4.57912539741588e-299,0.657501469280884,0.92,0.363,1.05379412770732e-294,"0","CNBP"
4.8009259577302e-299,0.397331756491245,0.86,0.28,1.10483709065245e-294,"0","SRSF4"
6.56735344107608e-299,0.563013861692268,0.426,0.063,1.51134504739484e-294,"0","SAV1"
6.74202092303069e-299,1.7887341562865,0.325,0.028,1.55154127501705e-294,"0","GNB4"
7.02236535744343e-299,0.724096291745382,0.43,0.065,1.61605693970846e-294,"0","BTG3"
7.22041233903256e-299,2.00332021595643,0.313,0.023,1.66163349158156e-294,"0","AHR"
9.82601965899542e-299,2.24789633965791,0.303,0.02,2.26126190412462e-294,"0","ZNF367"
1.05411316613375e-298,0.520843628552373,0.465,0.079,2.42583062922361e-294,"0","TMEM5"
1.06929919010438e-298,0.945873171592044,0.484,0.09,2.4607782261872e-294,"0","HJURP"
1.10934864552392e-298,0.476520965222428,0.575,0.126,2.5529440379442e-294,"0","MRPL40"
1.13729220680208e-298,0.789656953079186,0.906,0.345,2.61725055551364e-294,"0","ATP5G1"
1.43288672090415e-298,0.866920151858655,0.979,0.536,3.29750221081671e-294,"0","EIF2S2"
1.54425361433012e-298,0.263069958957169,0.824,0.256,3.5537908426579e-294,"0","RUNX3"
1.66395697580072e-298,0.2920712068482,0.612,0.14,3.8292641884102e-294,"0","RPS7P1"
2.19552486735018e-298,0.368481342416813,0.819,0.25,5.05256137723298e-294,"0","BECN1"
2.69574030617259e-298,0.691648735153987,0.927,0.364,6.20370716659498e-294,"0","NOL7"
2.96893921363176e-298,1.18399701991437,0.393,0.052,6.83241981233077e-294,"0","PRPSAP1"
3.36986054138083e-298,0.884115862315015,0.421,0.062,7.7550600638797e-294,"0","WDR46"
3.41899067126223e-298,0.537467729499459,0.419,0.061,7.86812323177578e-294,"0","MAPK8"
3.42940637727204e-298,0.606406751517861,0.891,0.318,7.89209289601615e-294,"0","DDX46"
4.66560929421771e-298,0.792479139868241,0.418,0.061,1.07369666687832e-293,"0","DCTN6"
5.27225977074212e-298,0.327269898570385,0.804,0.241,1.21330514104088e-293,"0","PRPF8"
5.47185053717089e-298,0.594365842046816,0.914,0.333,1.25923696411914e-293,"0","VAMP8"
6.46833971181336e-298,0.806648996608244,0.445,0.071,1.48855901787961e-293,"0","PROSER1"
7.22219863894139e-298,0.75885430807184,0.45,0.073,1.66204457277958e-293,"0","LRRC8C"
7.22577752080415e-298,0.377010571638907,0.759,0.216,1.66286818086266e-293,"0","FRG1"
7.52865731469429e-298,0.391373247211248,0.887,0.295,1.7325699078306e-293,"0","ANXA11"
7.77755159963971e-298,0.718816024027833,0.407,0.057,1.78984794962509e-293,"0","NXT1"
9.10346445602324e-298,2.8894824916808,0.273,0.011,2.09498027526463e-293,"0","AC017002.1"
9.45551624077464e-298,0.478112604015288,0.789,0.235,2.17599795248947e-293,"0","RER1"
1.06224090041868e-297,1.09312488964256,0.522,0.111,2.44453498413352e-293,"0","IRF5"
1.06577079596094e-297,0.755551987934649,0.93,0.368,2.45265833274491e-293,"0","MRPL52"
1.56256198106044e-297,0.424016527832002,0.683,0.179,3.59592388701438e-293,"0","ARHGAP15"
1.91141884908826e-297,0.868300405221271,0.421,0.063,4.39874819740682e-293,"0","KIAA1715"
1.94968316021191e-297,0.379002040586418,0.81,0.249,4.48680585659566e-293,"0","UBE3A"
2.08701680823845e-297,0.463745811863787,0.683,0.177,4.80285178079915e-293,"0","NDUFAF3"
2.47219225325916e-297,0.98457078036065,0.395,0.052,5.68925603242531e-293,"0","TMEM194A"
3.01566317035932e-297,0.755146649906211,0.424,0.063,6.9399456539479e-293,"0","NAA35"
3.49926574021356e-297,0.738982872193316,0.436,0.068,8.05286024795346e-293,"0","MED19"
3.6308383980921e-297,0.511690769766195,0.879,0.309,8.35564840552936e-293,"0","ATP6V1F"
3.94440141708911e-297,0.41875984867004,0.538,0.111,9.07725098114717e-293,"0","C17orf85"
4.07318201034942e-297,0.765466522159374,0.377,0.045,9.37361376041713e-293,"0","GPR65"
4.54842331150016e-297,1.13603940511671,0.403,0.055,1.04672865667553e-292,"0","PTRH2"
7.29295695396634e-297,0.255649006950171,0.651,0.162,1.67832818381627e-292,"0","SH3BP5"
8.9496663175338e-297,0.615773932916436,0.51,0.1,2.05958670965405e-292,"0","ITGAE"
1.2215683699738e-296,0.470826840910499,0.543,0.113,2.81119528982071e-292,"0","TERF2"
1.27924571946656e-296,1.11642706373105,0.414,0.061,2.9439281742084e-292,"0","SPC24"
1.34282220239232e-296,1.50199989520287,0.402,0.057,3.09023673436544e-292,"0","PFKFB3"
2.22421022078186e-296,1.4417800660422,0.325,0.028,5.11857498108529e-292,"0","DPH2"
2.73984678080025e-296,0.615619647188454,0.48,0.085,6.30520939665562e-292,"0","ZFAND1"
3.0446559448677e-296,0.253281508276989,0.693,0.181,7.00666672592405e-292,"0","QARS"
3.13435725443643e-296,1.46290913294831,0.35,0.036,7.21309634963455e-292,"0","HMGN1P38"
3.20000009328234e-296,0.635346446948999,0.459,0.077,7.36416021467065e-292,"0","COPS5"
3.36669180717586e-296,1.21726340078605,0.35,0.036,7.7477678558538e-292,"0","SURF2"
4.3563468611986e-296,0.3280968978985,0.499,0.094,1.00252610316763e-291,"0","DCAF15"
4.82614128576942e-296,0.603525841996402,0.598,0.141,1.11063989409412e-291,"0","CKAP2"
5.27645760431825e-296,1.27733341301771,0.35,0.036,1.21427118848176e-291,"0","AFMID"
5.35305501912795e-296,0.372101347120441,0.505,0.096,1.23189855155192e-291,"0","L3MBTL2"
6.97608525027406e-296,0.494019623427907,0.6,0.14,1.60540649864557e-291,"0","MOCS2"
7.19085920308238e-296,2.06947404316486,0.302,0.021,1.65483242840535e-291,"0","KATNAL1"
7.92182428450453e-296,0.363511714063548,0.71,0.191,1.82304942259303e-291,"0","MFF"
1.0596977840298e-295,1.2668522300703,0.344,0.034,2.43868251038777e-291,"0","STOM"
1.3559559519721e-295,0.86470871218013,0.976,0.56,3.12046143227338e-291,"0","PSMB1"
1.46079013849265e-295,1.80198688373048,0.362,0.042,3.36171634571314e-291,"0","TRAF1"
1.74072464009858e-295,1.13563166848661,0.386,0.05,4.00592961425885e-291,"0","C20orf24"
2.91794537547007e-295,0.330432897320791,0.504,0.096,6.71506769256927e-291,"0","TMED8"
5.09139424602921e-295,0.735773352569446,0.96,0.474,1.1716825578387e-290,"0","NSA2"
6.71811244759465e-295,0.390067138220028,0.555,0.117,1.54603921756496e-290,"0","RBM15B"
6.73873740359303e-295,0.314600465987881,0.753,0.215,1.55078563868886e-290,"0","SMEK2"
6.89831718626452e-295,0.476615335449194,0.434,0.068,1.58750973407505e-290,"0","FOXN2"
1.08191323859419e-294,0.404026385344541,0.688,0.18,2.4898069359768e-290,"0","C8orf59"
1.15381289406836e-294,0.762570272022532,0.953,0.466,2.65526961311951e-290,"0","PTPRC"
1.73352747876226e-294,1.03862809043564,0.391,0.051,3.98936678687559e-290,"0","COX11"
2.02844018035365e-294,0.485620849721372,0.856,0.288,4.66804938704785e-290,"0","HNRNPH3"
2.22169846814377e-294,0.653544679022563,0.504,0.098,5.11279468473926e-290,"0","FAF1"
2.42236108358254e-294,0.93848929593081,0.974,0.617,5.5745795616485e-290,"0","COX6C"
2.65148021012016e-294,1.06361298389078,0.397,0.054,6.10185140754952e-290,"0","FOXP4"
2.73178807838919e-294,0.384541220970337,0.577,0.129,6.28666390479705e-290,"0","NCLN"
2.75376925629213e-294,1.19993361006213,0.383,0.049,6.33724918950508e-290,"0","SLC25A40"
2.86191238801982e-294,1.98058540454528,0.339,0.034,6.58611897855001e-290,"0","DHCR7"
3.29796402285058e-294,0.506015397749353,0.52,0.104,7.58960460578605e-290,"0","GOLT1B"
3.75099230256548e-294,1.17260058176088,0.383,0.049,8.63215858589393e-290,"0","ENPP4"
3.75658089410126e-294,0.524252829343176,0.507,0.098,8.64501961159522e-290,"0","C21orf33"
4.86066762009607e-294,1.21231432636606,0.357,0.039,1.11858543941271e-289,"0","SNX12"
4.98908898456317e-294,0.28999707228738,0.825,0.249,1.14813904801752e-289,"0","RPL14P1"
1.20081373396507e-293,0.755711025151087,0.414,0.06,2.76343264597381e-289,"0","ORC2"
2.25316617028059e-293,2.04412178933709,0.342,0.036,5.18521130766672e-289,"0","DEPDC1"
2.41495974617729e-293,0.43453036764906,0.652,0.165,5.5575468638778e-289,"0","APMAP"
2.67618922946438e-293,0.823763393336307,0.398,0.053,6.15871427376639e-289,"0","SDHAF2"
2.84418623083507e-293,0.569293913701872,0.692,0.19,6.54532577302074e-289,"0","DANCR"
3.32482136423536e-293,1.14950013234022,0.397,0.055,7.65141140551483e-289,"0","LIMA1"
4.20682027917791e-293,0.499883567143053,0.983,0.482,9.68115550847212e-289,"0","LAPTM5"
4.39765962588644e-293,0.693399773535763,0.501,0.097,1.01203340970525e-288,"0","ASF1A"
5.56019321061287e-293,0.740686389188925,0.923,0.4,1.27956726355834e-288,"0","MBNL1"
9.64533563134217e-293,1.35093514352838,0.374,0.046,2.21968108884077e-288,"0","AGK"
1.46512948439165e-292,0.378927848174702,0.565,0.124,3.37170248243049e-288,"0","NFYC"
1.83290634977673e-292,0.346863768778396,0.543,0.113,4.21806738274118e-288,"0","RAB18"
1.95156825238972e-292,0.504204146356592,0.517,0.103,4.49114401922447e-288,"0","COMMD4"
2.92218183057295e-292,0.841463675978734,0.399,0.055,6.72481704669752e-288,"0","VGLL4"
6.95278231606984e-292,0.375458744799091,0.611,0.146,1.60004379439715e-287,"0","FLI1"
7.10004189346776e-292,0.623807860562744,0.469,0.083,1.63393264094374e-287,"0","CFDP1"
7.85733657861595e-292,0.7504164721553,0.96,0.446,1.80820886683689e-287,"0","FUS"
9.36942051466646e-292,1.71538634399403,0.324,0.029,2.15618474304019e-287,"0","FAM200B"
1.15968743482598e-291,0.608903578937659,0.866,0.295,2.66878869376502e-287,"0","COX7B"
1.45580975452446e-291,1.00337786835242,0.349,0.037,3.35025498808714e-287,"0","RNF8"
1.47419196119269e-291,0.320948489318747,0.515,0.103,3.39255796029273e-287,"0","ARHGAP1"
2.15928030277406e-291,0.36882235008557,0.545,0.116,4.96915176077395e-287,"0","GSK3B"
2.30624152426589e-291,2.02164240658961,0.277,0.014,5.30735361979308e-287,"0","TUBB2A"
3.30566325957443e-291,0.296459715824397,0.475,0.085,7.60732285925863e-287,"0","GUCD1"
4.30136724613303e-291,1.33586575726164,0.333,0.031,9.89873644352595e-287,"0","HNRNPCP2"
5.45757862862047e-291,0.42053131156482,0.481,0.087,1.25595256980443e-286,"0","SASH3"
7.20923154127302e-291,1.69796719707416,0.679,0.23,1.65906045459316e-286,"0","S100A4"
7.59793090305374e-291,0.557968897570988,0.441,0.072,1.74851183871976e-286,"0","NVL"
7.78029839662705e-291,0.831796277805795,0.406,0.058,1.79048007001578e-286,"0","FECH"
8.31456410054206e-291,0.304060511810196,0.528,0.108,1.91343063645774e-286,"0","TERF1"
1.10836397739505e-290,0.280934836991225,0.675,0.175,2.55067802117923e-286,"0","CNOT2"
2.40105042262646e-290,1.13756409827453,0.352,0.038,5.52553733759028e-286,"0","RRP8"
3.18769240673122e-290,0.87172633114168,0.406,0.058,7.33583653561056e-286,"0","SMIM13"
3.31336823283944e-290,0.469474088842614,0.451,0.076,7.6250543142334e-286,"0","PAWR"
3.35172352252028e-290,0.978843496188095,0.387,0.052,7.71332134237592e-286,"0","RAB11FIP1"
3.54860085057262e-290,0.76170611779264,0.43,0.068,8.16639513742276e-286,"0","PIN1"
3.65824911844374e-290,0.390046948357178,0.502,0.097,8.41872869627458e-286,"0","NARG2"
6.11402637578861e-290,0.704630257643335,0.435,0.07,1.40702088986023e-285,"0","ANKRD40"
1.18981818035093e-289,0.784224420782211,0.561,0.13,2.73812857844159e-285,"0","RNU1-59P"
1.47579453587516e-289,0.558596207053761,0.507,0.1,3.3962459654095e-285,"0","UFSP2"
1.8487766977881e-289,0.346286932708777,0.879,0.303,4.25458981461976e-285,"0","CDC42SE1"
3.51799888156689e-289,1.08897900344233,0.386,0.051,8.09597082614989e-285,"0","SFXN4"
3.86878543967904e-289,0.702746181027096,0.446,0.074,8.90323593233336e-285,"0","SNAPIN"
5.32606190838705e-289,0.302407858542837,0.551,0.118,1.22568662697711e-284,"0","CUL1"
6.319409680677e-289,0.757857691345508,0.44,0.072,1.4542857498142e-284,"0","MRPL24"
9.30633925632362e-289,0.480906255417481,0.417,0.063,2.14166785305776e-284,"0","COX19"
1.01165574793583e-288,1.07583426215737,0.362,0.043,2.32812337272473e-284,"0","METTL8"
1.19414211286409e-288,0.879194515725427,0.404,0.058,2.74807924433414e-284,"0","EIF2S2P4"
1.1981745845096e-288,0.470976166642428,0.578,0.132,2.75735917133195e-284,"0","MFSD1"
1.3270786473945e-288,0.76929955579447,0.995,0.689,3.05400609124896e-284,"0","RPLP0"
1.3488073748391e-288,0.976814301833748,0.356,0.04,3.10401041171722e-284,"0","TMEM68"
1.56112782491202e-288,1.9188654869382,0.261,0.01,3.59262346347004e-284,"0","CD96"
1.88943502398651e-288,0.393298082479655,0.869,0.299,4.34815682070016e-284,"0","CCDC59"
2.69200174995624e-288,0.315136294375731,0.658,0.17,6.1951036271743e-284,"0","TBC1D10B"
2.78163431632993e-288,0.936888348136748,0.366,0.044,6.40137505217008e-284,"0","TBP"
9.7653075684574e-288,0.476924895416973,0.527,0.109,2.2472902307291e-283,"0","MAP2K1"
1.1254192147727e-287,2.11349410233034,0.287,0.018,2.58992723895641e-283,"0","ANKLE1"
1.14865227792428e-287,1.13923824448158,0.369,0.046,2.64339348718715e-283,"0","WRAP53"
2.47937230189337e-287,1.70692423859848,0.325,0.03,5.70577947834722e-283,"0","CDC7"
2.55524841420705e-287,2.53966733286054,0.285,0.017,5.88039317561469e-283,"0","CHAF1B"
3.83189951329346e-287,0.28958149942079,0.677,0.18,8.81835034994224e-283,"0","EIF1B"
4.12060757019631e-287,0.92616590330568,0.384,0.051,9.48275420129278e-283,"0","THOC5"
4.13423134938729e-287,0.716645037266718,0.408,0.06,9.51410660434496e-283,"0","TBPL1"
9.4451918983082e-287,1.13216742891141,0.376,0.048,2.17362201155767e-282,"0","APOPT1"
1.2870477319059e-286,1.50742582453932,0.342,0.036,2.96188294543505e-282,"0","TRMU"
1.45721818041497e-286,0.79564693781595,0.403,0.058,3.35349619858897e-282,"0","CCZ1"
2.49283016780602e-286,0.537107460004454,0.898,0.328,5.73675006517199e-282,"0","EIF4G1"
2.70740404396042e-286,0.425263182573461,0.461,0.082,6.2305489263661e-282,"0","RPP14"
3.91299860425747e-286,1.15577263391709,0.368,0.046,9.00498368797771e-282,"0","DDX49"
5.02057882164571e-286,1.08020846301665,0.362,0.044,1.15538580422533e-281,"0","C12orf29"
7.74870332770783e-286,0.581451789012637,0.456,0.08,1.7832090968054e-281,"0","CTC-228N24.3"
1.03307090903016e-285,0.409906499669678,0.538,0.115,2.3774060829511e-281,"0","TANK"
1.067129212942e-285,0.481200457330965,0.898,0.322,2.45578445774341e-281,"0","CWC15"
1.13060821169627e-285,0.634518283780969,0.415,0.063,2.60186867757663e-281,"0","MIOS"
2.05416062485183e-285,0.415169108813344,0.574,0.131,4.72723984597152e-281,"0","TOX4"
2.34959084751002e-285,1.29820299296178,0.359,0.043,5.4071134173748e-281,"0","LYPLAL1"
2.8248494906589e-285,0.406642958393431,0.804,0.257,6.50082613285332e-281,"0","DNAJC7"
4.59395381052853e-285,0.503293588359775,0.871,0.306,1.05720659041693e-280,"0","TMEM50A"
6.88560555054883e-285,1.63297430900032,0.325,0.031,1.5845844053478e-280,"0","ACACA"
7.51303945765338e-285,1.60889637133092,0.305,0.024,1.72897577038977e-280,"0","CENPL"
8.19257970511124e-285,0.960028865122023,0.382,0.051,1.88535836753725e-280,"0","DUSP23"
1.02223418046336e-284,0.289616109709853,0.584,0.135,2.35246751950033e-280,"0","AC107983.4"
1.1329818717884e-284,0.6194920564403,0.392,0.054,2.60733118154664e-280,"0","NUDT16L1"
1.36649224192696e-284,0.810281741537935,0.461,0.083,3.14470859634651e-280,"0","NSMCE2"
1.41794762484677e-284,0.340739399396967,0.887,0.313,3.26312286905988e-280,"0","ILF3"
1.96699612597455e-284,0.250866567482982,0.516,0.104,4.52664818470524e-280,"0","CPSF7"
2.12844911048307e-284,0.253499348607744,0.586,0.135,4.89819993795469e-280,"0","RNPEP"
2.59368731725434e-284,0.454810415173624,0.511,0.103,5.96885262319742e-280,"0","SLAIN2"
3.45139834603492e-284,0.84464699597418,0.439,0.073,7.94270301373016e-280,"0","RPL27AP"
4.11150231848506e-284,0.755315765294229,0.465,0.083,9.46180028552967e-280,"0","RP11-169K16.7"
4.46150529615056e-284,2.43082743392738,0.295,0.021,1.02672621380313e-279,"0","C11orf82"
4.80934597590907e-284,1.29369839475545,0.358,0.042,1.10677478943596e-279,"0","HNRNPA1P48"
6.20190222670914e-284,0.389133899372841,0.465,0.083,1.42724375943257e-279,"0","FHOD1"
6.28251876431443e-284,0.332068863287696,0.8,0.256,1.44579604323168e-279,"0","TAOK3"
6.46038986964005e-284,1.0127879640988,0.372,0.048,1.48672952070027e-279,"0","RNF26"
6.54066160894699e-284,0.315477959270969,0.447,0.076,1.50520245606697e-279,"0","BCL10"
7.42970334695438e-284,0.391992276024936,0.59,0.138,1.70979763123461e-279,"0","FTSJ1"
7.54610765227097e-284,1.48730462374518,0.326,0.031,1.73658575401712e-279,"0","OXNAD1"
7.6945510365434e-284,0.361174741846813,0.878,0.301,1.77074703003973e-279,"0","ZNF207"
1.27561248494775e-283,0.938634248433257,0.445,0.078,2.93556701161027e-279,"0","ETHE1"
1.35048618388108e-283,0.891636331573364,0.409,0.062,3.10787385496553e-279,"0","C4orf27"
1.41868238659856e-283,0.648163198358107,0.417,0.064,3.26481377627927e-279,"0","MYBBP1A"
1.4517141103897e-283,1.4518615098248,0.338,0.036,3.34082968223983e-279,"0","COX10"
1.98455413876583e-283,0.276863085940567,0.579,0.131,4.5670544395418e-279,"0","SLC35A4"
2.01419894945341e-283,1.28784779406259,0.365,0.046,4.63527604237713e-279,"0","STIL"
2.25049202018127e-283,0.96864179701644,0.458,0.084,5.17905728604316e-279,"0","RPL27AP5"
2.54138359896238e-283,1.71416486637942,0.303,0.024,5.84848607629212e-279,"0","MIPEP"
2.65925745735421e-283,0.56909134177925,0.443,0.075,6.11974918660925e-279,"0","NUPL2"
4.93057547977742e-283,0.921491932759355,0.37,0.048,1.13467333516118e-278,"0","SLC35B4"
9.29687321565896e-283,0.259632112410995,0.495,0.096,2.1394894331196e-278,"0","ATF2"
9.62250142038068e-283,0.422835878591614,0.926,0.346,2.21442625187221e-278,"0","RP11-408P14.1"
9.67719042297777e-283,0.499317578421306,0.444,0.075,2.22701183203987e-278,"0","NUP98"
1.19137361277353e-282,0.265874429487672,0.682,0.181,2.74170809507571e-278,"0","HSBP1"
2.44159614212009e-282,1.14956694038309,0.381,0.053,5.61884520186095e-278,"0","PGM1"
4.34709396993036e-282,0.571684019099288,0.908,0.343,1.00039673530007e-277,"0","ARID3A"
4.49092349026628e-282,0.404224152318773,0.446,0.077,1.03349622281498e-277,"0","PEX26"
5.27379251388711e-282,0.704079889625084,0.439,0.074,1.21365787122084e-277,"0","BROX"
5.90485931609542e-282,1.73044712722256,0.319,0.03,1.35888527441304e-277,"0","WDYHV1"
6.87006463466622e-282,0.574711780370222,0.51,0.104,1.58100797437574e-277,"0","REEP3"
8.26993770405818e-282,1.3426923410455,0.749,0.292,1.90316076383491e-277,"0","AQP3"
1.16695245892062e-281,0.955670722665332,0.376,0.05,2.68550769371401e-277,"0","INTS7"
1.26632604576057e-281,0.380363221152437,0.722,0.205,2.91419612910879e-277,"0","NDUFS8"
1.49565565096378e-281,0.860395772635508,0.991,0.638,3.44195234956296e-277,"0","SH3BGRL3"
1.89664534384915e-281,0.327933082068193,0.526,0.111,4.36474992980004e-277,"0","TRIM14"
2.15366029094545e-281,0.555746256295592,0.466,0.085,4.95621842755276e-277,"0","RPUSD3"
2.19788312168581e-281,0.266342758060687,0.712,0.198,5.05798842793556e-277,"0","TMEM230"
2.22477281907813e-281,1.01012652786847,0.36,0.044,5.1198696885445e-277,"0","NDRG3"
2.24600421750825e-281,0.362729902281221,0.755,0.232,5.16872950575173e-277,"0","MDM2"
2.27766794452642e-281,0.438910081944578,0.87,0.297,5.24159724073865e-277,"0","CTDNEP1"
2.33489269484498e-281,0.801261147540868,0.391,0.056,5.37328855864676e-277,"0","CSNK1G1"
3.17928747048763e-281,0.759652711675791,0.397,0.058,7.31649425583318e-277,"0","PMS1"
3.41295032683112e-281,0.346015763675178,0.692,0.19,7.85422258713645e-277,"0","CTR9"
5.54531755692964e-281,0.733211471555479,0.48,0.093,1.27614392937622e-276,"0","ARHGEF6"
7.75446475244659e-281,0.43125364074673,0.947,0.395,1.78453497348053e-276,"0","RP11-425L10.1"
7.91549636147523e-281,0.79382341392496,0.379,0.051,1.8215931776663e-276,"0","NOL6"
1.01242574269528e-280,0.853947634345141,0.647,0.178,2.32989536166464e-276,"0","AC104699.1"
1.1344593608477e-280,0.46656493330891,0.666,0.178,2.61073132711882e-276,"0","GGH"
1.14735762739789e-280,0.32038978801089,0.568,0.129,2.64041410793076e-276,"0","AIP"
1.25531305427434e-280,0.444860798006682,0.571,0.135,2.88885193180153e-276,"0","BNIP3L"
1.33277318860542e-280,0.324159769122133,0.569,0.13,3.06711093893766e-276,"0","DEGS1"
5.78531393566957e-280,0.75154163092823,0.393,0.057,1.33137429601564e-275,"0","MTFMT"
9.2100929374312e-280,0.705193295661746,0.918,0.354,2.11951868769104e-275,"0","NDUFB2"
1.09006305484986e-279,0.958616946492178,0.515,0.113,2.50856210812599e-275,"0","PSAT1"
1.53935985380104e-279,0.264233468106669,0.679,0.181,3.54252883155234e-275,"0","TSG101"
2.23389328948553e-279,0.6408633727534,0.461,0.085,5.14085862709305e-275,"0","PLIN2"
3.01581063249648e-279,0.494766187301719,0.424,0.068,6.94028500856414e-275,"0","IVD"
4.42671354715136e-279,1.04455443826358,0.369,0.048,1.01871958860594e-274,"0","TADA2A"
4.47400414004274e-279,0.637273924001619,0.393,0.057,1.02960257274804e-274,"0","ADPRHL2"
4.61483528753358e-279,0.390227042825398,0.844,0.283,1.0620120447201e-274,"0","WSB1"
5.30197815005057e-279,1.21081973762204,0.395,0.059,1.22014423167114e-274,"0","CASP6"
1.14854311842592e-278,0.919025175002314,0.409,0.064,2.64314227843357e-274,"0","WDR41"
1.64642288258209e-278,0.309537909654959,0.574,0.135,3.78891297968616e-274,"0","DAPP1"
1.84891675635649e-278,0.660305349615047,0.953,0.425,4.25491213140318e-274,"0","RAD23A"
2.3765003721748e-278,0.719136818473079,0.375,0.05,5.46904030648586e-274,"0","TNIP2"
3.77079778637637e-278,0.47225311115846,0.879,0.308,8.67773694578794e-274,"0","PSMF1"
4.15917790691673e-278,1.22336230568333,0.348,0.04,9.57151611718748e-274,"0","C1orf123"
1.71551712295248e-277,0.529138045234233,0.516,0.11,3.94791955505054e-273,"0","BAK1"
2.22601891096166e-277,2.16094063592309,0.301,0.025,5.12273731979608e-273,"0","MYO1E"
2.52445312093241e-277,1.71965829996349,0.313,0.029,5.80952396720176e-273,"0","KIF18A"
2.73088525310234e-277,0.343421616297571,0.777,0.245,6.2845862329644e-273,"0","LAMP1"
2.80729262902274e-277,0.358587318832707,0.592,0.142,6.46042252717004e-273,"0","GRINA"
2.8814505480666e-277,0.331087459834856,0.489,0.096,6.63108214626566e-273,"0","CHMP7"
3.68595992806943e-277,0.338983632554809,0.592,0.142,8.48249958246617e-273,"0","PPP1R11"
4.03217782100953e-277,0.756300754132013,0.937,0.419,9.27925081948924e-273,"0","GNL3"
4.45090694720446e-277,0.510389492548323,0.985,0.57,1.02428721576016e-272,"0","HLA-DPA1"
4.78688261145447e-277,0.425427281427908,0.505,0.105,1.10160529537402e-272,"0","DCAF6"
5.55269149979706e-277,0.29503674916368,0.876,0.304,1.2778408948483e-272,"0","YY1"
5.77790697149579e-277,0.327460058110441,0.685,0.187,1.32966973135033e-272,"0","RNASEH2C"
6.76423048189672e-277,1.13982935531746,0.478,0.099,1.55665236079889e-272,"0","RP11-226L15.1"
7.72318654445715e-277,0.471606381016896,0.823,0.277,1.77733691947592e-272,"0","IRF2"
9.80932903412229e-277,0.454834126453161,0.478,0.092,2.25742089062256e-272,"0","PHF6"
1.13671760084307e-276,1.18430316763307,0.345,0.04,2.61592821482015e-272,"0","POP1"
1.34249777133549e-276,1.10022356854205,0.297,0.023,3.08949012117436e-272,"0","ACSL1"
1.41857900123026e-276,0.323422093277073,0.553,0.124,3.26457585553119e-272,"0","SH3GL1"
1.78569390132375e-276,0.283332151409819,0.641,0.166,4.10941737511634e-272,"0","SNX17"
2.03785917076272e-276,0.68633335192042,0.953,0.418,4.68972530967625e-272,"0","ARPC5L"
2.67087041726692e-276,0.781350526937104,0.406,0.063,6.14647409125637e-272,"0","CAAP1"
2.84709668556931e-276,0.493638896830513,0.472,0.089,6.55202360250065e-272,"0","STX8"
2.93508617677829e-276,0.879945097191882,0.375,0.052,6.75451381861987e-272,"0","MFSD6"
3.27391137231623e-276,0.29402989322327,0.447,0.079,7.53425224111135e-272,"0","NRROS"
3.52809617060567e-276,0.320354357211701,0.461,0.084,8.11920771741483e-272,"0","RP11-480N24.3"
3.52914870990376e-276,1.54056578762647,0.321,0.032,8.12162992610153e-272,"0","ARL13B"
5.27034024258392e-276,1.22509411867843,0.354,0.044,1.21286340002584e-271,"0","ZBTB32"
2.87610647638376e-275,0.729389869058005,0.353,0.043,6.61878383410196e-271,"0","TRNT1"
2.9224721335016e-275,0.411996509089522,0.567,0.131,6.72548512082723e-271,"0","SPTSSA"
3.53137607803399e-275,0.769667207881664,0.389,0.057,8.12675576837961e-271,"0","UHRF1BP1L"
3.73870937203643e-275,0.371948187427442,0.558,0.127,8.60389187786743e-271,"0","RRAGA"
4.0941895204116e-275,0.908379693981484,0.385,0.055,9.42195834332322e-271,"0","SNAPC3"
4.22668646337044e-275,0.61234564308397,0.404,0.062,9.72687355815439e-271,"0","ECD"
4.3598513720659e-275,0.96891183740149,0.393,0.059,1.00333259625353e-270,"0","RHNO1"
4.58384487757013e-275,0.484851511683536,0.822,0.269,1.05488022167521e-270,"0","TMEM256"
5.06035635079327e-275,0.310403551016917,0.493,0.099,1.16453980700805e-270,"0","ZNF330"
5.1538247713204e-275,0.801576747300911,0.399,0.061,1.18604969462396e-270,"0","IFNGR1"
8.28434145758011e-275,0.29662178059378,0.713,0.203,1.90647549963291e-270,"0","EPS15"
8.35631214598684e-275,0.336933758569212,0.526,0.113,1.92303811415595e-270,"0","CRLS1"
8.58913375649481e-275,0.878342383918795,0.394,0.059,1.97661735138215e-270,"0","HDDC2"
9.40153420513503e-275,0.401976848436262,0.455,0.083,2.16357506662773e-270,"0","RSPRY1"
1.02987894653252e-274,0.271299178361536,0.72,0.205,2.3700604196553e-270,"0","APOA1BP"
1.22711754072012e-274,0.304319673906145,0.42,0.069,2.8239655964592e-270,"0","TNFRSF10A"
1.49963106518494e-274,1.03588063491504,0.376,0.053,3.45110097031011e-270,"0","C9orf41"
2.08250672971658e-274,1.11323148945015,0.324,0.033,4.79247273709676e-270,"0","LANCL2"
2.71353446570366e-274,1.14626111109844,0.34,0.039,6.24465686592384e-270,"0","TRIP6"
3.1892576057148e-274,0.556783169720858,0.482,0.096,7.33943852803148e-270,"0","KIF1C"
3.56497589699658e-274,0.457713010269771,0.463,0.087,8.20407903175823e-270,"0","PEX14"
4.90565135186854e-274,0.863784810243204,0.422,0.07,1.12893754560551e-269,"0","SLC25A4"
5.83121059184232e-274,2.15955132866434,0.273,0.016,1.34193649350067e-269,"0","HSP90AB3P"
6.44069567782622e-274,0.496351961008533,0.495,0.1,1.48219729633815e-269,"0","VEZT"
6.63540610820508e-274,0.313583021356225,0.688,0.187,1.52700600768123e-269,"0","RPL39P3"
7.73789615018637e-274,0.81175343258733,0.397,0.06,1.78072204104239e-269,"0","TRNAU1AP"
8.73536520899402e-274,0.610839089252641,0.397,0.059,2.01026959554579e-269,"0","IFRD1"
1.04706220112808e-273,0.876614083442705,0.378,0.053,2.40960424345604e-269,"0","ASH2L"
1.30398771514758e-273,2.03930782088741,0.264,0.014,3.00086692886912e-269,"0","CD80"
1.35136436383231e-273,1.03015803917171,0.33,0.035,3.10989481048729e-269,"0","POLR1B"
1.4162789540034e-273,0.352753966337298,0.75,0.224,3.25928275684802e-269,"0","RB1"
1.58734370631215e-273,0.867273671851869,0.339,0.038,3.65295407133615e-269,"0","HSF1"
1.74787995599745e-273,1.59031131521457,0.304,0.026,4.02239614273692e-269,"0","FKBP1C"
2.60471376019976e-273,0.287530571658195,0.799,0.246,5.9942277763477e-269,"0","UFC1"
2.95603901128665e-273,0.353582318869722,0.881,0.314,6.80273257667396e-269,"0","DDX3X"
3.2814250903986e-273,0.662441382310583,0.416,0.068,7.5515435605343e-269,"0","TTC9C"
4.57452369625377e-273,0.46409990194691,0.42,0.069,1.05273513821888e-268,"0","DDX56"
5.87561825939031e-273,0.878168839189009,0.481,0.097,1.35215603003349e-268,"0","GPT2"
6.13833459778889e-273,0.433161686833403,0.904,0.33,1.41261494098916e-268,"0","PSMB8"
7.01768460022493e-273,0.479774220569438,0.917,0.346,1.61497975704976e-268,"0","ATP5EP2"
9.15734174216352e-273,0.793469989781975,0.371,0.05,2.10737905512409e-268,"0","SOCS1"
1.22796789510871e-272,0.264018104953988,0.572,0.133,2.82592251701367e-268,"0","PDCD6IP"
1.25716750151123e-272,0.976232485054938,0.355,0.044,2.89311957122778e-268,"0","PDCD2L"
1.42023406395601e-272,0.278163036830518,0.44,0.077,3.26838465138198e-268,"0","NGDN"
2.39707317991293e-272,0.289010772690808,0.515,0.109,5.51638450893363e-268,"0","ADNP"
4.94408016032475e-272,2.8288843319047,0.267,0.015,1.13778116729553e-267,"0","RAD54L"
1.02573049572489e-271,1.003054244733,0.339,0.039,2.36051358981168e-267,"0","SYTL3"
1.14344087374851e-271,0.278573318939893,0.472,0.091,2.63140048275746e-267,"0","DDX19B"
1.17778876040725e-271,0.304045428456526,0.762,0.235,2.71044527432521e-267,"0","AAMP"
1.55083179865085e-271,0.414713140871698,0.48,0.096,3.56892921823519e-267,"0","NAPG"
1.95036219369223e-271,0.317760911116916,0.814,0.262,4.48836851634394e-267,"0","RNF10"
2.10090540210143e-271,0.547973113936387,0.443,0.079,4.83481360185603e-267,"0","ASNA1"
2.86551803420396e-271,0.814753647779109,0.855,0.341,6.59441665211357e-267,"0","SLC7A5"
4.50542285917322e-271,1.02184496047651,0.369,0.05,1.03683296258153e-266,"0","XPR1"
4.56482295052755e-271,0.344520864071318,0.833,0.285,1.05050270560491e-266,"0","NARS"
6.00947193598779e-271,0.255723321758325,0.478,0.092,1.38295977662887e-266,"0","RPS20P2"
6.19364247076581e-271,0.297922457852584,0.806,0.258,1.42534294179734e-266,"0","PTPN2"
1.62363930886518e-270,0.536299307061162,0.507,0.108,3.73648114149143e-266,"0","TSPO"
1.93898557255557e-270,0.772273667236878,0.938,0.412,4.46218749812213e-266,"0","NDUFB8"
1.99103515980217e-270,0.419435876038541,0.776,0.244,4.58196921325273e-266,"0","SFT2D1"
2.12373478338874e-270,0.573069485144518,0.389,0.058,4.88735085701251e-266,"0","NUBP1"
3.10145658136218e-270,1.4141701314069,0.334,0.038,7.1373820306888e-266,"0","C1orf109"
3.50533080360361e-270,0.575721290038304,0.452,0.085,8.066817778333e-266,"0","MRPS26"
3.59708217319463e-270,0.795222949806718,0.364,0.049,8.2779652051728e-266,"0","VWA9"
7.15844350128435e-270,0.415502737017452,0.465,0.089,1.64737260295057e-265,"0","MTMR4"
9.69222634527017e-270,0.345026000260044,0.5,0.103,2.23047204883702e-265,"0","EHD4"
1.21380019138993e-269,0.47793759710364,0.51,0.109,2.79331838044564e-265,"0","SNX20"
1.34307145643856e-269,0.789636108912582,0.4,0.062,3.09081034270206e-265,"0","PTPLB"
1.84894599115351e-269,0.753517862879641,0.405,0.065,4.25497940944158e-265,"0","CEP78"
2.13035220137158e-269,0.350282859393428,0.439,0.078,4.90257952101641e-265,"0","CRKL"
2.21535390490038e-269,0.514822596918262,0.405,0.065,5.09819394134724e-265,"0","KIN"
2.2628793612096e-269,0.386580799275095,0.46,0.087,5.20756427395166e-265,"0","OGFRL1"
2.31114159729054e-269,0.829548764462167,0.373,0.053,5.31863015784472e-265,"0","ZFAT"
3.29162510863997e-269,0.317621559864365,0.563,0.132,7.57501686251317e-265,"0","RABL6"
3.41439266861255e-269,0.294523458856702,0.578,0.138,7.85754184827806e-265,"0","HTATSF1"
4.40073397631096e-269,0.80452087509312,0.41,0.067,1.01274090996844e-264,"0","ARFRP1"
5.31813105955602e-269,0.710397796329759,0.38,0.055,1.22386150073563e-264,"0","ZNRD1"
6.46127394420214e-269,0.609299377366365,0.951,0.396,1.48693297277924e-264,"0","TLN1"
6.95289586498018e-269,0.518289921257179,0.933,0.383,1.60006992540789e-264,"0","U2SURP"
1.4812268972508e-268,0.293593729171512,0.57,0.136,3.40874745864326e-264,"0","SHKBP1"
1.49211677465032e-268,0.263458454979795,0.737,0.215,3.43380833350278e-264,"0","LAMTOR4"
2.79526341671072e-268,0.475344900653781,0.429,0.075,6.43273970087638e-264,"0","MOB4"
4.27150262223196e-268,0.574627476947956,0.993,0.675,9.83000898454241e-264,"0","HLA-DRB1"
4.38544690151165e-268,0.310595616829318,0.437,0.077,1.00922289544488e-263,"0","RPL26P37"
5.32205381805662e-268,0.317132197923313,0.496,0.104,1.22476424514937e-263,"0","ZNF787"
5.92611280871902e-268,1.08598212495237,0.359,0.048,1.36377634067051e-263,"0","KLF16"
6.5411333675241e-268,0.647852135979733,0.394,0.061,1.50531102186832e-263,"0","CARS2"
7.45093794826113e-268,0.387884942266366,0.505,0.107,1.71468435003333e-263,"0","GRHPR"
8.33625738804713e-268,0.650164730508806,0.399,0.063,1.91842291271129e-263,"0","GCDH"
9.09067762306118e-268,0.707323594368724,0.468,0.092,2.09203764139507e-263,"0","ACSL3"
1.11836874858362e-267,0.274661508076305,0.594,0.148,2.57370200111548e-263,"0","PITPNM1"
1.53290046629737e-267,0.87916723856808,0.349,0.044,3.52766384309013e-263,"0","RBM19"
1.67858992420208e-267,0.636170168609841,0.388,0.058,3.86293899256625e-263,"0","NME4"
2.2492637509884e-267,0.628878697191495,0.421,0.072,5.1762306701496e-263,"0","ATP6V1D"
4.73126321206312e-267,0.299145932178335,0.515,0.111,1.08880560299209e-262,"0","FAM111A"
4.81753623297809e-267,0.417524244243715,0.464,0.089,1.10865961329525e-262,"0","C5orf15"
6.28939914900676e-267,1.07536418235566,0.325,0.036,1.44737942616093e-262,"0","OTUD6B"
6.61288881685336e-267,1.56718193255122,0.316,0.033,1.52182410342246e-262,"0","HCK"
1.14771224512667e-266,0.755199332723857,0.386,0.058,2.64123018970999e-262,"0","DTD2"
1.60141694194601e-266,0.263601560816411,0.851,0.285,3.68534080850035e-262,"0","EEF1B2P3"
4.14362371132906e-266,1.29580371633784,0.407,0.069,9.53572124688158e-262,"0","ARID5A"
4.86860754849966e-266,0.864039721462773,0.394,0.062,1.12041265513623e-261,"0","NIPSNAP1"
5.9962510812703e-266,0.78605012384985,0.983,0.554,1.37991726133273e-261,"0","HNRNPD"
6.87665893814762e-266,0.271534862663214,0.56,0.132,1.58252552143591e-261,"0","ZNF101"
9.30004834157073e-266,0.6972871404155,0.391,0.06,2.14022012484567e-261,"0","TMEM199"
1.18542277568985e-265,0.477167233091526,0.91,0.365,2.72801343369505e-261,"0","PPP1CC"
1.1858553739987e-265,1.06528094037637,0.356,0.048,2.72900897218321e-261,"0","SMCO4"
1.2188624118874e-265,0.339247371611008,0.685,0.192,2.80496806847647e-261,"0","REXO2"
1.69198132851789e-265,0.607164840621291,0.402,0.065,3.89375663131823e-261,"0","TMEM43"
1.92284904144811e-265,0.821199237317819,0.349,0.045,4.42505249908453e-261,"0","TELO2"
2.01479582385373e-265,1.67433549478732,0.342,0.044,4.6366496294346e-261,"0","SAPCD2"
2.15701094181938e-265,0.895096528114989,0.352,0.046,4.96392928040894e-261,"0","PTPLAD2"
2.40664914382745e-265,0.691309686195074,0.941,0.402,5.5384216746901e-261,"0","NDUFS6"
2.42039662515764e-265,0.755214544783863,0.384,0.058,5.57005875347528e-261,"0","ABHD10"
3.54953885239705e-265,0.341932615634274,0.427,0.074,8.16855376102133e-261,"0","RP11-832N8.1"
3.87708703167099e-265,0.775677261809625,0.38,0.056,8.92234038598444e-261,"0","TATDN1"
4.02255590510753e-265,0.493760727293281,0.577,0.146,9.25710790442396e-261,"0","ISOC2"
5.38937031011185e-265,0.601944524539216,0.395,0.062,1.24025578946604e-260,"0","MYO19"
5.45662690028979e-265,1.35329959126338,0.29,0.024,1.25573354856369e-260,"0","RPS2P5"
5.57923069681341e-265,0.640521730276259,0.421,0.073,1.28394836025767e-260,"0","CSTF3"
5.84053302664441e-265,0.572707937055055,0.43,0.077,1.34408186542168e-260,"0","UBFD1"
6.55243547664348e-265,1.05438559419248,0.378,0.056,1.50791197623997e-260,"0","VARS"
8.92026064325198e-265,0.414457044354216,0.461,0.09,2.05281958183158e-260,"0","TAF13"
9.33556135468459e-265,1.44039516503328,0.298,0.027,2.14839273455356e-260,"0","ANAPC10"
9.5794048012827e-265,0.265764084243182,0.41,0.066,2.20450842691919e-260,"0","RPS21P4"
1.53218634595866e-264,1.41891076895427,0.305,0.029,3.52602043795466e-260,"0","PRELID1P1"
1.7582954136314e-264,0.964844099449268,0.356,0.048,4.04636523538993e-260,"0","MIR155HG"
2.07669625910858e-264,0.78008420582823,0.34,0.042,4.77910110108657e-260,"0","CCNB1IP1"
2.18053625423334e-264,0.70376799299367,0.956,0.468,5.01806808186719e-260,"0","SRP14"
2.76474463083377e-264,0.547046310121023,0.454,0.088,6.36250681893776e-260,"0","RCN1"
2.91926084368923e-264,0.732903451314499,0.357,0.047,6.71809497958202e-260,"0","MRS2"
5.59600891719707e-264,0.569020878551115,0.401,0.065,1.28780953211456e-259,"0","MRGBP"
9.18303663307183e-264,0.39341335931593,0.483,0.099,2.11329222036882e-259,"0","RNF13"
9.40297867585714e-264,0.872441057653735,0.357,0.048,2.163907482675e-259,"0","PDHX"
1.06982850025165e-263,0.646715952693848,0.389,0.061,2.46199632762912e-259,"0","C15orf40"
1.1178175005581e-263,0.26965038153637,0.55,0.13,2.57243341403435e-259,"0","SLC39A4"
1.73508541917949e-263,0.41334395695597,0.524,0.118,3.99295207515777e-259,"0","C14orf119"
1.81238552914492e-263,1.64726494349365,0.292,0.025,4.17084281822121e-259,"0","SUCLA2"
2.00195116605391e-263,0.270517279798722,0.597,0.15,4.60709021843986e-259,"0","MED8"
3.07818116084493e-263,0.532985225372084,0.433,0.079,7.08381830545245e-259,"0","PNKD"
3.11440555131168e-263,0.348547408533656,0.5,0.107,7.16718149523357e-259,"0","NCOA7"
3.36280744599802e-263,0.711522815271814,0.367,0.052,7.73882877547524e-259,"0","HTT"
3.50061988076665e-263,0.293437457895206,0.534,0.124,8.05597653160829e-259,"0","GPANK1"
5.31170797683106e-263,0.541380967097229,0.431,0.077,1.22238335670813e-258,"0","LRWD1"
5.85253731418323e-263,0.251254609756608,0.716,0.212,1.34684441211299e-258,"0","SNORA76"
6.09151062086644e-263,0.678271933308905,0.374,0.055,1.40183933917999e-258,"0","QRSL1"
6.25309841349604e-263,0.387462617401719,0.434,0.079,1.43902553789784e-258,"0","DNAJB1"
8.26951054532797e-263,2.45532431391268,0.258,0.014,1.90306246179632e-258,"0","PDSS1"
8.84522653126643e-263,0.423568606333283,0.453,0.085,2.03555198164034e-258,"0","ATP5L2"
9.24252171137702e-263,0.436770604742132,0.469,0.094,2.12698152143919e-258,"0","RFX5"
1.32854283915098e-262,0.741468250719721,0.369,0.053,3.05737563573815e-258,"0","LYRM1"
1.40389101505134e-262,0.59846597159116,0.459,0.09,3.23077439293764e-258,"0","MKKS"
1.72899159864517e-262,0.70823532608274,0.941,0.441,3.97892836596212e-258,"0","RAD21"
1.77868649855223e-262,0.333962651242891,0.451,0.086,4.09329123911825e-258,"0","STYX"
2.15662857038097e-262,1.26535155453364,0.323,0.036,4.96304932901773e-258,"0","HRSP12"
3.00035028906571e-262,0.588314215085404,0.405,0.067,6.90470612022692e-258,"0","C12orf45"
3.2529351393761e-262,0.835433797424399,0.346,0.044,7.48597963624622e-258,"0","LANCL1"
3.303160920268e-262,0.42420648677829,0.861,0.303,7.60156422581275e-258,"0","BCAP31"
3.6030805124224e-262,0.456979974233829,0.403,0.066,8.29176918323767e-258,"0","CTDSPL2"
4.55847864891632e-262,0.717733201043769,0.404,0.067,1.04904269147511e-257,"0","GLE1"
4.78793626497193e-262,0.531422299536758,0.892,0.336,1.10184777265799e-257,"0","PSMD8"
6.79022625928324e-262,0.328143047505495,0.537,0.123,1.56263476904885e-257,"0","TCF12"
1.22149708027088e-261,0.416127910675917,0.469,0.093,2.81103123082737e-257,"0","ISOC1"
2.08775827697655e-261,0.412443471274222,0.472,0.095,4.80455812280613e-257,"0","RP1-17K7.2"
2.95713059427611e-261,0.32724269386374,0.467,0.093,6.80524463660761e-257,"0","BTF3L4"
4.07177117800246e-261,1.26573847944804,0.315,0.034,9.37036701193706e-257,"0","THOP1"
4.94367745596191e-261,0.351106324496819,0.431,0.078,1.13768849294052e-256,"0","POM121C"
5.75840429427261e-261,0.258926688614904,0.627,0.165,1.32518158024096e-256,"0","EMC3"
6.18104779616809e-261,0.658401247043075,0.398,0.065,1.42244452933216e-256,"0","SMG5"
6.7628238634016e-261,2.06437051816051,0.266,0.017,1.55632865568461e-256,"0","AC108488.3"
6.9552900920398e-261,0.564518057711714,0.429,0.077,1.60062090888112e-256,"0","SLC35F2"
7.53377070662715e-261,0.660326149316204,0.407,0.069,1.73374665271611e-256,"0","MOSPD3"
1.2554186995057e-260,0.701034967457165,0.434,0.081,2.88909505317248e-256,"0","GPRIN3"
1.31559234397344e-260,0.521223884795782,0.395,0.064,3.02757266118608e-256,"0","CCAR2"
1.40711393221281e-260,1.094663414495,0.354,0.049,3.23819129220135e-256,"0","NETO2"
1.63701697399641e-260,0.62702509141243,0.893,0.35,3.76726716225794e-256,"0","GNG5"
2.55811983144725e-260,0.325920821921337,0.422,0.074,5.88700116810957e-256,"0","FAM20B"
3.61584352069689e-260,0.45504600765326,0.444,0.083,8.32114069417976e-256,"0","NPTN"
1.16827875747322e-259,0.850207340967003,0.436,0.082,2.68855990457313e-255,"0","TST"
1.94464421770926e-259,0.490863215396955,0.834,0.294,4.47520973821432e-255,"0","LINC00152"
1.94807274623735e-259,0.277839994286779,0.406,0.068,4.483099810916e-255,"0","RCN2"
1.99234008469185e-259,0.720980282434079,0.372,0.055,4.58497223690136e-255,"0","MTMR14"
2.38055376672714e-259,0.425129577166761,0.475,0.097,5.47836838336917e-255,"0","PSMD10"
2.40421006654785e-259,1.5674762320209,0.276,0.021,5.53280862614657e-255,"0","NUP35"
2.41412206134776e-259,0.284041311367638,0.588,0.149,5.5556190997796e-255,"0","ST8SIA4"
2.58581723497449e-259,0.684875772288169,0.404,0.068,5.95074120284679e-255,"0","GPS1"
2.58964678276443e-259,0.905928655008827,0.33,0.039,5.95955414117578e-255,"0","NUP43"
2.91079447731764e-259,1.17010272676704,0.295,0.027,6.69861133065108e-255,"0","TFB2M"
3.23689320328181e-259,0.357368514036656,0.457,0.089,7.44906232871243e-255,"0","CRBN"
3.29747037287791e-259,0.966975440612662,0.359,0.05,7.58846856910394e-255,"0","NOP9"
3.66501881760176e-259,0.613022020296801,0.4,0.065,8.43430780494693e-255,"0","KEAP1"
3.7313307907591e-259,0.724817180167032,0.371,0.055,8.58691154877392e-255,"0","KIAA0391"
4.22404365499337e-259,0.521133226050744,0.46,0.091,9.72079166323624e-255,"0","MAPK9"
5.00730571465809e-259,0.603256589795241,0.443,0.085,1.15233126411427e-254,"0","NFATC3"
5.46400953156769e-259,1.60461042447307,0.291,0.026,1.25743251349967e-254,"0","B4GALT5"
5.8438602932797e-259,0.610873212298914,0.389,0.061,1.34484756929246e-254,"0","GPR137"
6.50562356800872e-259,0.647833594938149,0.383,0.06,1.49713915170585e-254,"0","ABCB7"
6.6198400315048e-259,1.31917391985514,0.318,0.035,1.5234237864502e-254,"0","ACN9"
7.19403746122938e-259,0.410142933709656,0.871,0.312,1.65556384095272e-254,"0","OXA1L"
9.01280408174325e-259,0.64808773464159,0.989,0.738,2.07411660333157e-254,"0","RPL23A"
1.00388385051089e-258,2.05176155451804,0.258,0.015,2.31023790518072e-254,"0","FAM161A"
1.28288830073473e-258,0.473952114288515,0.409,0.07,2.95231084648082e-254,"0","GTF3C4"
1.36882705574917e-258,0.535111558006539,0.4,0.066,3.15008170339556e-254,"0","TMEM245"
3.2941002259282e-258,0.838051019789528,0.348,0.046,7.58071284992856e-254,"0","RCAN3"
3.40625552527888e-258,0.462090542194474,0.425,0.076,7.83881584032428e-254,"0","RPL35P5"
3.42735251229791e-258,0.787195158888828,0.974,0.542,7.88736633655119e-254,"0","ATP5I"
5.09182690590584e-258,0.476235993804329,0.898,0.366,1.17178212585611e-253,"0","MOB1A"
5.38022762582013e-258,0.335117342168812,0.453,0.089,1.23815178352999e-253,"0","SACM1L"
5.52245406712132e-258,0.614037466269711,0.409,0.071,1.27088235446663e-253,"0","SGTA"
6.90804822651077e-258,1.86815967531158,0.282,0.023,1.58974913836692e-253,"0","TUBBP1"
8.3232222375281e-258,0.416006717398777,0.408,0.069,1.91542313352234e-253,"0","RELT"
9.50871076730491e-258,0.767182732731502,0.403,0.07,2.18823960887988e-253,"0","MT1F"
1.96108119073746e-257,0.74856667195249,0.346,0.046,4.51303614424412e-253,"0","FAM58A"
7.02824269348438e-257,0.62039688336322,0.386,0.062,1.61740949105156e-252,"0","VPRBP"
1.21172942329671e-256,0.451480118509287,0.431,0.079,2.78855292183271e-252,"0","TTC19"
1.87410414112578e-256,0.885035800304542,0.324,0.038,4.31287585997276e-252,"0","SRFBP1"
2.36076751309946e-256,0.455572340844766,0.382,0.059,5.43283427789578e-252,"0","PCGF1"
2.38948321591694e-256,0.965462883926431,0.325,0.038,5.49891772478966e-252,"0","ENOSF1"
2.50849744748417e-256,1.03768903484079,0.355,0.05,5.77280517589531e-252,"0","ABCD3"
3.40184388857033e-256,0.743264749455376,0.336,0.043,7.8286633407669e-252,"0","PDK3"
4.28558233526047e-256,0.438960436791475,0.493,0.107,9.86241062813492e-252,"0","MINA"
5.21173564818877e-256,0.946072983574886,0.319,0.036,1.19937672471768e-251,"0","POLR3F"
5.39399933137642e-256,0.251662885871736,0.557,0.135,1.24132106612966e-251,"0","FAM177A1"
6.21808066734494e-256,0.716409783425888,0.386,0.062,1.43096690397609e-251,"0","CAMKK2"
6.23226616546558e-256,1.02706090180759,0.343,0.045,1.43423141265859e-251,"0","LRRC42"
8.44907173615487e-256,0.402110889489269,0.473,0.098,1.94438487864132e-251,"0","SPPL2A"
9.40707676087558e-256,0.333831769907561,0.474,0.098,2.1648505749803e-251,"0","SMIM7"
1.17378781422753e-255,0.559645362739334,0.935,0.404,2.70123789688181e-251,"0","SAP18"
1.34533864821232e-255,2.36932610235169,0.26,0.017,3.09602783113102e-251,"0","SUV39H2"
1.80358896295131e-255,0.880262922279658,0.344,0.046,4.15059928043986e-251,"0","ARV1"
2.23003905885645e-255,0.76601491974807,0.324,0.038,5.13198888614636e-251,"0","QTRTD1"
2.81238497697053e-255,0.426259599948567,0.48,0.102,6.47214154750228e-251,"0","METTL2B"
4.82217130047847e-255,0.843140159561409,0.363,0.053,1.10972628137911e-250,"0","CCDC23"
5.19611587334265e-255,0.36420253033807,0.459,0.092,1.19578214593234e-250,"0","SLC7A6"
5.2110986442164e-255,0.362855801326521,0.421,0.076,1.19923013099352e-250,"0","RGS19"
5.71135598020148e-255,0.695889224187821,0.38,0.06,1.31435435172377e-250,"0","SMARCAD1"
6.69423049176878e-255,0.850553129307175,0.363,0.053,1.54054326307075e-250,"0","ADPRH"
7.19868911840833e-255,0.381508675084623,0.452,0.09,1.65663432681931e-250,"0","ORAI1"
8.07900813064198e-255,0.442467294759946,0.428,0.079,1.85922214110464e-250,"0","RPP38"
8.79718574546879e-255,0.267625118402837,0.433,0.08,2.02449635560473e-250,"0","ACTR10"
8.80347622314007e-255,0.32547938532962,0.465,0.095,2.02594398323122e-250,"0","RUFY1"
9.86958218748738e-255,0.572440301092275,0.447,0.087,2.27128694880647e-250,"0","PRKAG1"
1.41602990025651e-254,0.621632946316568,0.372,0.057,3.25870960946031e-250,"0","C2orf69"
2.06750970560392e-254,0.427371663255606,0.403,0.069,4.7579600855063e-250,"0","FAM178A"
2.30536096297884e-254,1.2426118382828,0.314,0.035,5.3053271841032e-250,"0","NARS2"
2.42948970380316e-254,0.350486296121246,0.876,0.317,5.59098465536222e-250,"0","AURKAIP1"
2.67380922126138e-254,0.655837259548215,0.353,0.049,6.15323716088881e-250,"0","CYB5R4"
3.85853206502799e-254,0.516941402199417,0.394,0.066,8.87963984124892e-250,"0","TCEAL4"
4.46308939776746e-254,0.346591842406743,0.456,0.091,1.02709076310822e-249,"0","STX7"
5.09320310820428e-254,0.833498983450436,0.332,0.041,1.17209883129105e-249,"0","PCGF6"
6.01004661903634e-254,1.18144356122783,0.305,0.032,1.38309202843883e-249,"0","LINC00665"
6.34720265996243e-254,1.10133582294767,0.325,0.039,1.46068174813715e-249,"0","FAM189B"
7.36028569714136e-254,0.419379155445165,0.395,0.066,1.69382254748314e-249,"0","RNF4"
8.40409830610525e-254,0.425765387702334,0.442,0.085,1.934035143184e-249,"0","SDCCAG3"
9.26870751938828e-254,0.410663700813497,0.847,0.305,2.13300766143683e-249,"0","WARS"
1.25787022612255e-253,2.01156782046373,0.269,0.02,2.89473675137582e-249,"0","SNRPGP2"
1.68243506672146e-253,0.400116514998261,0.46,0.093,3.87178781904609e-249,"0","GCA"
1.87824340224149e-253,0.761246156754137,0.974,0.555,4.32240154157834e-249,"0","BASP1"
2.54220084862062e-253,1.43125547476167,0.324,0.04,5.85036681293064e-249,"0","RP11-303E16.2"
3.48948074514645e-253,0.95956764156498,0.331,0.041,8.03034203880553e-249,"0","SNAPC5"
3.77723486417192e-253,0.642427740161606,0.38,0.06,8.69255059291883e-249,"0","HIF1AN"
4.37967527415462e-253,0.406635747826187,0.888,0.32,1.0078946708412e-248,"0","PSMB6"
4.54889142975544e-253,0.395308988479861,0.833,0.302,1.04683638472962e-248,"0","PTP4A1"
5.56676859525302e-253,0.521416811987526,0.419,0.076,1.28108045682558e-248,"0","COPS7A"
5.60999949943614e-253,0.504341094086305,0.545,0.136,1.29102918480524e-248,"0","RAB31"
8.0954985223481e-253,0.436295448495666,0.451,0.089,1.86301707494797e-248,"0","FAM127A"
1.0642849015649e-252,0.381962298352476,0.439,0.085,2.4492388439713e-248,"0","DRG2"
1.27023629420111e-252,0.641222917452673,0.383,0.062,2.92319478384501e-248,"0","EXOSC1"
2.29452088310879e-252,0.371803164185808,0.437,0.083,5.28038090829826e-248,"0","AHCTF1"
2.92420372259471e-252,0.921603259360978,0.337,0.044,6.7294700268072e-248,"0","RNF2"
3.24728783980724e-252,0.531864601536882,0.507,0.116,7.4729835057484e-248,"0","SLC31A1"
3.55555311702909e-252,0.720793146785715,0.328,0.04,8.18239438821904e-248,"0","TFDP2"
3.5637646288936e-252,0.608680028635358,0.382,0.061,8.20129154047284e-248,"0","POLG"
3.88254736196499e-252,0.502670136031844,0.886,0.344,8.93490624409002e-248,"0","CYTIP"
4.49762814152507e-252,0.62959855942363,0.318,0.037,1.03503916420916e-247,"0","RPRD1B"
5.0840071405366e-252,1.38261554744771,0.282,0.025,1.16998256325169e-247,"0","RNMTL1"
5.19082281742898e-252,1.01123098234217,0.34,0.045,1.19456405497493e-247,"0","CCDC104"
6.72194927709221e-252,0.42864113720696,0.89,0.34,1.54692218713723e-247,"0","STARD7"
1.64905553491597e-251,0.936019156778982,0.314,0.036,3.79497150250212e-247,"0","PTPN9"
1.82637401151681e-251,1.00009156557134,0.335,0.044,4.20303451270364e-247,"0","MED27"
5.34384380554461e-251,0.979182604447401,0.328,0.041,1.22977877496998e-246,"0","ADO"
6.47932648495697e-251,0.290712237081622,0.453,0.091,1.49108740398315e-246,"0","CHERP"
7.10472250143571e-251,0.556364443567842,0.407,0.072,1.6350097892554e-246,"0","C11orf1"
7.5340920098271e-251,0.84286805070864,0.35,0.049,1.73382059422151e-246,"0","FADD"
7.74120287624761e-251,0.263040088588253,0.433,0.082,1.78148301791086e-246,"0","POLDIP3"
8.07983152206384e-251,0.767097529282583,0.956,0.485,1.85941162817255e-246,"0","ATP5J"
8.82094494362352e-251,0.412728712532775,0.433,0.082,2.02996405987608e-246,"0","TMBIM1"
9.92344907488953e-251,1.5491110794139,0.282,0.025,2.28368333560433e-246,"0","SNTA1"
1.25973669862811e-250,0.48172555363362,0.417,0.076,2.89903206455288e-246,"0","METTL13"
1.26366627839913e-250,0.467823070839203,0.478,0.103,2.90807520647992e-246,"0","CRIPT"
1.61650258949724e-250,0.655521713342481,0.957,0.481,3.72005740921e-246,"0","NHP2L1"
1.83011083095399e-250,1.68257980425176,0.288,0.027,4.21163405527442e-246,"0","POC1A"
2.15455945501553e-250,0.818085540556068,0.376,0.06,4.95828767382724e-246,"0","IMMP1L"
2.25819086633176e-250,0.559185428553106,0.408,0.072,5.19677464068927e-246,"0","GMPR2"
2.99923652053365e-250,0.271211975051618,0.732,0.225,6.9021430047041e-246,"0","CISD2"
8.39791676869885e-250,0.340555907829446,0.402,0.069,1.93261258598067e-245,"0","MEPCE"
9.87006370491083e-250,0.297068003870352,0.852,0.312,2.27139776041113e-245,"0","IRAK1"
1.65222330476397e-249,1.2481664769436,0.293,0.029,3.80226149125332e-245,"0","GTDC1"
1.74341194179848e-249,0.552311651637895,0.423,0.079,4.01211390166084e-245,"0","LIX1L"
2.21339117349673e-249,0.621472866011965,0.352,0.05,5.09367710756801e-245,"0","C12orf49"
3.80249359875735e-249,0.979182860861917,0.338,0.045,8.75067851882028e-245,"0","SCRIB"
4.00073549328456e-249,0.307202845219868,0.522,0.123,9.20689259069575e-245,"0","PTTG1IP"
5.47888014925061e-249,0.872117391598924,0.321,0.039,1.26085468874704e-244,"0","DNAJC11"
5.69579896730737e-249,0.302104397501694,0.598,0.157,1.31077421634645e-244,"0","DPAGT1"
9.17036032567221e-249,0.58505273997012,0.346,0.049,2.11037502174695e-244,"0","TXLNG"
1.0942195364211e-248,0.311072379530091,0.377,0.06,2.51812741916587e-244,"0","BAG4"
1.34136737703757e-248,1.27619114833096,0.306,0.034,3.08688874477656e-244,"0","SRP9P1"
1.59554720414458e-248,0.353836056097379,0.869,0.323,3.67183278089793e-244,"0","ATP6V0D1"
1.86188183350674e-248,0.865231175072712,0.34,0.046,4.28474866344906e-244,"0","SLC5A3"
2.38361643275671e-248,0.358722939773689,0.489,0.107,5.48541649670303e-244,"0","PARP2"
3.7904148377838e-248,0.464134932824597,0.373,0.058,8.72288166619185e-244,"0","SC22CB-1E7.1"
3.82909662417974e-248,0.809880371380022,0.366,0.057,8.81190006122483e-244,"0","BAK1P1"
5.21234930207844e-248,0.506621970968196,0.43,0.083,1.19951794488731e-243,"0","RBBP5"
6.13396249049047e-248,0.382435320195909,0.515,0.12,1.41160878793657e-243,"0","MAP3K13"
7.40282563045869e-248,0.549151179663334,1,0.894,1.70361226233746e-243,"0","RPL36"
7.88394316710591e-248,0.252589901136878,0.831,0.28,1.81433184104608e-243,"0","PABPN1"
7.9364041207045e-248,0.614707627246219,0.992,0.833,1.82640468029773e-243,"0","RPL5"
1.08695677245612e-247,0.967281209001194,0.349,0.05,2.50141362045326e-243,"0","PTER"
1.15354147544708e-247,0.411379456541435,0.69,0.211,2.65464499744635e-243,"0","ZFAND6"
1.22024023335795e-247,0.911428167026865,0.453,0.097,2.80813884902664e-243,"0","CD40"
1.23664907524047e-247,0.687283597344617,0.367,0.057,2.8459005168509e-243,"0","SPTLC2"
1.30519224389331e-247,0.401754200629214,0.362,0.055,3.00363891087169e-243,"0","C1orf174"
1.55536867361846e-247,0.372094385994302,0.412,0.075,3.57936992859817e-243,"0","MRPS18A"
2.7294463540932e-247,0.443891686599294,0.401,0.07,6.28127489467469e-243,"0","TMEM161B"
2.76186306701901e-247,1.0219979592886,0.326,0.042,6.35587547613084e-243,"0","DLEU2"
3.68765334940443e-247,0.297576109322837,0.917,0.372,8.48639665298442e-243,"0","HNRNPA0"
3.89639101504574e-247,0.280483338424757,0.448,0.09,8.96676464292475e-243,"0","MIS12"
4.63619882533779e-247,0.525267849407122,0.92,0.379,1.06692843567499e-242,"0","CLTC"
4.68548319902987e-247,0.836322083629189,0.372,0.06,1.07827024859274e-242,"0","KIF1B"
4.70236421888336e-247,0.483650839683996,0.402,0.071,1.08215507769163e-242,"0","ABHD2"
4.8138829443721e-247,0.302630267838551,0.442,0.088,1.10781888198835e-242,"0","TSNAX"
5.6662317801732e-247,0.661717210879306,0.373,0.059,1.30396991957126e-242,"0","C8orf76"
6.9151680456022e-247,1.45556986332725,0.295,0.03,1.59138762233443e-242,"0","ANXA4"
9.77838546686178e-247,0.600134909464016,0.417,0.077,2.2502998474889e-242,"0","E2F3"
1.01851479908736e-246,1.57064654008849,0.366,0.059,2.34390810713973e-242,"0","CCDC71L"
1.23454117965938e-246,0.5407222128106,0.432,0.084,2.84104961675012e-242,"0","C16orf62"
1.28831738349398e-246,0.922839054205935,0.336,0.045,2.9648047946347e-242,"0","NSMAF"
1.30932027539728e-246,0.288159694695681,0.745,0.243,3.01313874977176e-242,"0","CRIP1"
1.33719759038906e-246,0.955718745228319,0.299,0.031,3.07729281476233e-242,"0","GNPDA2"
1.49466794619416e-246,1.65606488956713,0.257,0.018,3.43967934457663e-242,"0","ST20"
2.60822683241884e-246,2.03008851894145,0.265,0.021,6.00231240944547e-242,"0","LRP8"
2.95105939743297e-246,0.381672271820082,0.473,0.102,6.79127299131249e-242,"0","COMMD1"
3.62635128374092e-246,0.585509595739631,0.416,0.077,8.34532220927297e-242,"0","PEX11B"
5.94121887762267e-246,1.27976195989788,0.334,0.045,1.3672527003073e-241,"0","POLQ"
6.80219260457027e-246,0.293549136885089,0.512,0.118,1.56538858408976e-241,"0","DCPS"
1.04588262544038e-245,0.409382474325185,0.451,0.092,2.40688968592594e-241,"0","STAT5B"
1.38655321019326e-245,0.617878541628698,0.992,0.779,3.19087490261775e-241,"0","RPL4"
1.504142118598e-245,0.545808476122183,0.942,0.419,3.46148225752958e-241,"0","NOP58"
1.68782211973256e-245,0.431765361579278,0.458,0.096,3.88418504414054e-241,"0","PSMD5"
1.76110744953543e-245,0.454368375039156,0.701,0.224,4.05283657361588e-241,"0","FURIN"
2.70786318903882e-245,0.646822330477994,0.339,0.047,6.23160555693503e-241,"0","FLAD1"
3.1567684737169e-245,1.14831724582878,0.29,0.029,7.26467128856471e-241,"0","AMMECR1"
3.99425674942412e-245,0.391576230311545,0.467,0.099,9.19198305744973e-241,"0","UBL7"
4.48837143757607e-245,0.369652192880829,0.411,0.075,1.03290891892938e-240,"0","RFFL"
8.71240767701085e-245,1.00984637600886,0.315,0.038,2.00498637871051e-240,"0","HABP4"
9.2965942051554e-245,0.254724983158559,0.844,0.299,2.13942522443241e-240,"0","SNX3"
9.34999906663725e-245,0.640734711633077,0.347,0.05,2.15171528520523e-240,"0","PUS1"
1.61895812194599e-244,1.50467104050764,0.288,0.029,3.72570832603432e-240,"0","AHCYL2"
1.62277521528116e-244,0.304603180959555,0.437,0.086,3.73449260292653e-240,"0","COASY"
1.92989635471359e-244,0.73883486906676,0.34,0.047,4.44127048110238e-240,"0","CECR5"
2.17125134345563e-244,0.289126414107311,0.409,0.074,4.99670071669444e-240,"0","RPL4P4"
4.7234864641768e-244,0.89739922898776,0.353,0.053,1.08701594000101e-239,"0","POC1B"
6.1662157143456e-244,0.596676802436912,0.317,0.038,1.41903122234235e-239,"0","RPL9P7"
6.41133352387327e-244,0.363046898529312,0.375,0.061,1.47544018384895e-239,"0","CBL"
7.46300214554315e-244,0.622589525436292,0.36,0.055,1.71746068375385e-239,"0","CNOT6"
1.17607145769897e-243,1.10969623563407,0.283,0.027,2.70649324560265e-239,"0","UTP15"
1.51731067376273e-243,0.577166751334875,0.794,0.286,3.49178705353017e-239,"0","S100A6"
2.43647994089294e-243,0.454851609393151,0.37,0.059,5.60707128797693e-239,"0","MAPK3"
2.93853319704042e-243,0.631254683243796,0.384,0.065,6.76244644634912e-239,"0","WRAP73"
5.92739949055229e-243,0.589059354894164,0.348,0.051,1.3640724447608e-238,"0","TTI1"
6.73307728934588e-243,0.434866875790022,0.391,0.068,1.54948307659717e-238,"0","COIL"
8.85614982259135e-243,0.469690402501488,0.393,0.069,2.03806575867295e-238,"0","UNC45A"
1.4629438631964e-242,0.481988596457378,0.392,0.069,3.36667271237386e-238,"0","ZNF598"
1.48639600518353e-242,0.520507612150601,0.362,0.057,3.42064312672885e-238,"0","DUSP11"
1.77179464733827e-242,0.877996224516023,0.306,0.036,4.07743102191957e-238,"0","TMEM206"
2.02437476725043e-242,1.88346202533725,0.272,0.024,4.65869365187341e-238,"0","NCEH1"
3.11170751419678e-242,0.467690942012262,0.338,0.047,7.16097250242105e-238,"0","RCE1"
4.23349192849059e-242,0.530635280843241,0.351,0.052,9.74253497503539e-238,"0","RP11-304L19.5"
4.40630375495488e-242,0.430074004291081,0.378,0.063,1.01402268312777e-237,"0","NT5C"
4.87078748408992e-242,0.296385992916386,0.451,0.093,1.12091432371361e-237,"0","TM2D3"
6.2121782041645e-242,0.677699600889068,0.359,0.055,1.42960857012438e-237,"0","POLR2D"
7.04330354497346e-242,0.579255405326989,0.418,0.08,1.62087544480474e-237,"0","ATPAF1"
8.21958802301017e-242,0.591080816602942,0.368,0.06,1.89157379173533e-237,"0","SURF6"
8.59909113649906e-242,0.277873945903524,0.483,0.108,1.97890884324253e-237,"0","NKAP"
1.72107104725727e-241,0.331456863214921,0.509,0.117,3.96070080105316e-237,"0","RP11-20O24.4"
2.297886276473e-241,0.396602622744769,0.458,0.097,5.28812568804731e-237,"0","YY1AP1"
2.94159148427905e-241,0.333439128166725,0.518,0.125,6.76948448277137e-237,"0","SMAP1"
4.24568461230691e-241,1.47366162341883,0.254,0.018,9.77059399830189e-237,"0","CHML"
5.15850715025775e-241,1.15786914523217,0.315,0.039,1.18712725048882e-236,"0","RWDD2B"
6.55697336470782e-241,0.709720461005417,0.36,0.057,1.50895628042021e-236,"0","ANKRD52"
7.91009141414677e-241,0.490762652895937,0.44,0.09,1.8203493371376e-236,"0","ZC3H4"
9.87876836279404e-241,1.80348587387312,0.266,0.023,2.27340096332979e-236,"0","C16orf59"
1.31936070576289e-240,0.454269886512753,0.449,0.093,3.03624479217215e-236,"0","GOLIM4"
1.33967591371155e-240,0.661525908617266,0.939,0.422,3.08299618022439e-236,"0","ATP5A1"
1.34223669945137e-240,0.576027395615193,0.402,0.074,3.08888931644743e-236,"0","NDUFC2"
1.51946794275389e-240,0.311055439027377,0.447,0.093,3.49675157665952e-236,"0","CEP135"
1.55550590786799e-240,0.462973493370131,0.38,0.064,3.5796857457766e-236,"0","GIT1"
3.09279765313109e-240,0.866725762879772,0.325,0.043,7.11745523915057e-236,"0","TMEM128"
3.20377004697346e-240,0.597381177027628,0.362,0.057,7.37283600910003e-236,"0","PUS7L"
3.24581370895554e-240,0.422142561523901,0.438,0.089,7.46959108841939e-236,"0","CBWD1"
5.12248768879405e-240,0.424557569760765,0.413,0.079,1.17883809182217e-235,"0","ZNF267"
5.63698186285467e-240,0.460347169513323,0.362,0.057,1.29723863609875e-235,"0","PIAS2"
1.10241989851581e-239,0.377097229654318,0.397,0.072,2.53699891245444e-235,"0","LINC00341"
1.30096372426158e-239,0.254981086229716,0.862,0.319,2.99390781864317e-235,"0","EIF3J"
1.55084840997625e-239,1.25338004564877,0.282,0.028,3.56896744587834e-235,"0","PNPO"
1.66967331118686e-239,0.825603353852522,0.307,0.036,3.84241919103432e-235,"0","RPL5P34"
1.95852086913682e-239,0.517831687097893,0.355,0.054,4.50714407614457e-235,"0","RANBP3"
2.75398141233257e-239,1.47156199039213,0.278,0.027,6.33773742420095e-235,"0","GNGT2"
3.4347738887498e-239,1.28523952905982,0.297,0.034,7.90444515017991e-235,"0","POLE"
5.82244149280342e-239,0.386792692402389,0.363,0.058,1.33991846073885e-234,"0","FANCL"
5.88700940383886e-239,0.347453932299087,0.898,0.359,1.35477747410544e-234,"0","TPR"
7.51726186970756e-239,0.470231282368757,0.377,0.064,1.7299474740758e-234,"0","AKR7A2"
1.11907247518515e-238,0.630144016511272,0.349,0.052,2.57532148714359e-234,"0","RP1-278E11.3"
1.29306823036919e-238,1.40967314116068,0.316,0.041,2.97573791854862e-234,"0","RPL39L"
1.4517115819445e-238,0.609320251742226,0.355,0.055,3.34082386352887e-234,"0","HCCS"
1.74476422828036e-238,0.666475092829465,0.33,0.045,4.01522591854158e-234,"0","VAPB"
2.02097098564948e-238,0.913246098496895,0.293,0.032,4.65086052927515e-234,"0","ZMYND19"
2.33989166940057e-238,0.26072907426329,0.491,0.112,5.38479269879154e-234,"0","NMI"
2.39708671500568e-238,0.544260127670953,0.409,0.078,5.51641565724258e-234,"0","CHIC2"
2.74485493577171e-238,0.524239831687874,0.587,0.165,6.31673466369143e-234,"0","SLAMF1"
3.78798862820714e-238,0.48114872083032,0.371,0.062,8.7172982300931e-234,"0","IL12RB1"
7.88917349867386e-238,0.292944454540621,0.412,0.079,1.81553549724982e-233,"0","MYO1F"
1.02322109673126e-237,0.729561527893309,0.32,0.042,2.35473870990765e-233,"0","RPL5P4"
1.03762111202957e-237,0.897525820727994,0.339,0.049,2.38787746511364e-233,"0","QDPR"
1.26945563637818e-237,0.518302181464578,0.376,0.064,2.9213982559971e-233,"0","PLXNB2"
1.49394445857042e-237,2.09233279774282,0.259,0.021,3.43801438250811e-233,"0","SOCS2"
1.68344292408135e-237,2.07373143183701,0.269,0.024,3.87410720118841e-233,"0","KIF20A"
1.84656996119386e-237,0.535345996835819,0.36,0.057,4.24951145169544e-233,"0","ATP6V1H"
2.1782594683236e-237,0.399770790125618,0.43,0.087,5.0128285144531e-233,"0","CCDC82"
2.18653612548138e-237,0.411684411841609,0.876,0.339,5.0318755855703e-233,"0","UBALD2"
2.26290565017037e-237,0.729142257007008,0.434,0.089,5.20762477273707e-233,"0","UGDH"
3.24369390945071e-237,0.453922972128455,0.351,0.053,7.46471279381893e-233,"0","RP11-434O22.1"
3.37664570860124e-237,0.411342358745486,0.336,0.048,7.77067476920404e-233,"0","RPL36A"
3.58578900432579e-237,0.965927572776548,0.328,0.045,8.25197623565495e-233,"0","PAFAH1B3"
3.88129121760423e-237,1.44305164410548,0.297,0.034,8.93201547907262e-233,"0","ACYP1"
4.5095306716051e-237,0.592244956281956,0.343,0.051,1.03777829345648e-232,"0","MAD2L1BP"
6.47409609110056e-237,0.72208533497224,0.318,0.041,1.48988373344497e-232,"0","FASTKD3"
8.2124416312786e-237,0.314843918183035,0.453,0.097,1.88992919260614e-232,"0","PHTF2"
2.69193698392342e-236,1.42482124826691,0.255,0.02,6.19495458110297e-232,"0","DDX31"
4.13901102942522e-236,0.933715391490848,0.273,0.025,9.52510608201626e-232,"0","TRMT11"
5.52025752369551e-236,0.361205476076725,0.412,0.079,1.27037686392805e-231,"0","LIN7C"
7.70357123726586e-236,0.344945773505338,0.878,0.326,1.77282284883199e-231,"0","RBBP4"
8.98066987949808e-236,0.570795388041129,0.343,0.052,2.06672155936889e-231,"0","RPUSD4"
1.1838292313524e-235,0.887925101981305,0.319,0.043,2.72434621011129e-231,"0","C12orf52"
1.37817820884341e-235,1.81977276917982,0.261,0.022,3.17160151201134e-231,"0","CCDC51"
1.75035299902799e-235,0.729379257656483,0.358,0.058,4.02808735666312e-231,"0","DYM"
2.19036156569528e-235,0.543215201737224,0.909,0.377,5.04067907113455e-231,"0","EPRS"
2.19968324178275e-235,1.34802330733988,0.295,0.034,5.06213104431464e-231,"0","PASK"
2.89800163628754e-235,1.61455837496538,0.256,0.02,6.66917116558853e-231,"0","ACTA2"
3.3641926966346e-235,0.285532243894318,0.385,0.068,7.7420166527652e-231,"0","TMEM192"
3.90195011492991e-235,0.375515902313122,0.37,0.062,8.9795577994882e-231,"0","NENF"
4.24398251366044e-235,0.416110376917698,0.888,0.332,9.76667695868677e-231,"0","ROMO1"
5.47796983222193e-235,1.39280042112335,0.273,0.026,1.26064519748923e-230,"0","LIMK2"
5.69079870750966e-235,0.531047160298914,0.395,0.073,1.3096235065592e-230,"0","TBC1D22A"
5.78701693165481e-235,0.399735867560205,0.917,0.376,1.33176620648172e-230,"0","SSU72"
5.92628966443672e-235,1.4889940060544,0.255,0.02,1.36381704047682e-230,"0","SNX22"
6.57828585183941e-235,0.541956341987947,0.462,0.103,1.5138609230838e-230,"0","DRAM1"
1.14880285226407e-234,0.272007987984894,0.505,0.121,2.6437400039153e-230,"0","TAF12"
1.40153199634794e-234,0.395603823728663,0.388,0.069,3.22534558319551e-230,"0","TM2D1"
2.01183029053115e-234,0.444965424547601,0.911,0.368,4.62982504759935e-230,"0","ANAPC5"
2.77257905625825e-234,0.575246500122238,0.993,0.755,6.3805361821671e-230,"0","RPL7A"
3.3142333771749e-234,0.458380845353862,0.924,0.381,7.62704527089259e-230,"0","NDUFA2"
3.45245183007689e-234,0.503854007626384,0.368,0.061,7.94512739655595e-230,"0","ATP6V0A2"
3.72462897866066e-234,1.2727778741313,0.301,0.036,8.57148866859178e-230,"0","PKP4"
4.78406305408603e-234,0.267727396629554,0.417,0.081,1.10095643063682e-229,"0","RIOK2"
5.3039819529897e-234,0.670528031405517,0.363,0.06,1.22060536684152e-229,"0","B4GALT2"
1.31818329209581e-233,0.581905010134168,0.346,0.053,3.03353521010009e-229,"0","HIRA"
1.32657843006509e-233,1.65257523321142,0.25,0.019,3.05285494110879e-229,"0","C4orf32"
1.44432824888397e-233,0.288955273535157,0.82,0.298,3.32383259915667e-229,"0","LRMP"
1.46948383381088e-233,0.557135199617896,0.362,0.06,3.38172314674898e-229,"0","WDR70"
1.4704053006833e-233,0.30840286094886,0.376,0.065,3.38384371846247e-229,"0","ZNF195"
1.57731721205798e-233,0.517005105464397,0.417,0.083,3.62988010010904e-229,"0","PELP1"
1.65801288651079e-233,0.817055677777366,0.323,0.044,3.81558505572728e-229,"0","COMMD10"
2.60385859583234e-233,0.355385605413488,0.36,0.058,5.99225978658895e-229,"0","RPS20P14"
2.7407656803897e-233,0.337193351960909,0.888,0.337,6.30732406028082e-229,"0","PRKAR1A"
4.8018908869027e-233,0.328399434785762,0.501,0.119,1.10505914980292e-228,"0","DDRGK1"
4.82533983800934e-233,1.68356844580165,0.275,0.027,1.11045545692109e-228,"0","GLDC"
4.93748285213254e-233,0.267218732628218,0.401,0.075,1.13626292876126e-228,"0","DSCR3"
5.31607116296535e-233,0.804294944750157,0.299,0.036,1.22338745673322e-228,"0","NKRF"
6.84364286699047e-233,0.736677352642549,0.352,0.057,1.57492753298052e-228,"0","G2E3"
7.63121385297412e-233,0.795182745920555,0.349,0.055,1.75617124398494e-228,"0","KIAA0586"
1.4232370965192e-232,0.605616202682748,0.352,0.056,3.27529553021963e-228,"0","HPS3"
1.4615251217206e-232,1.03970213713621,0.31,0.04,3.36340776261562e-228,"0","FUNDC1"
1.51246072544948e-232,1.4275721184926,0.295,0.035,3.4806258674769e-228,"0","RMND1"
1.54550784773307e-232,0.84639148918166,0.303,0.037,3.5566772099881e-228,"0","NIPSNAP3A"
1.94033693193099e-232,0.913940213806112,0.306,0.039,4.46529738145278e-228,"0","GRPEL2"
2.00046993419306e-232,0.78884233432793,0.299,0.036,4.60368145955849e-228,"0","FUT11"
2.07429365861954e-232,0.494816156649578,0.997,0.861,4.77357199658116e-228,"0","RPL19"
2.30550666066653e-232,1.58825173911179,0.282,0.03,5.30566247819189e-228,"0","XRCC3"
2.39727428217297e-232,0.274069855753031,0.358,0.059,5.51684730556465e-228,"0","LONRF1"
2.4312824299165e-232,0.564576605457967,0.362,0.06,5.59511025596683e-228,"0","ANAPC4"
3.0945146581251e-232,0.474272928870218,0.395,0.073,7.1214065827433e-228,"0","ORC3"
4.52635637253552e-232,0.387971470471282,0.367,0.062,1.0416503920116e-227,"0","TGFBRAP1"
6.27355480022926e-232,0.38705717605478,0.935,0.422,1.44373316617676e-227,"0","HNRNPL"
6.34071823325781e-232,0.434508319722922,0.829,0.309,1.45918948701962e-227,"0","SLC3A2"
8.31720794504113e-232,1.27791836426705,0.288,0.032,1.91403906439232e-227,"0","GPR132"
8.55131729995555e-232,0.723647395486571,0.418,0.085,1.96791465023877e-227,"0","E2F2"
9.87920662248327e-232,0.981188456661243,0.3,0.037,2.27350182003208e-227,"0","MYC"
1.27774408823705e-231,0.467635892685643,0.34,0.052,2.94047247025992e-227,"0","AGO1"
1.30426663225874e-231,0.66514925617488,0.34,0.052,3.00150880081703e-227,"0","NF2"
1.46939477961667e-231,0.723019695721071,0.303,0.038,3.38151820633183e-227,"0","OSGIN2"
2.87904356045944e-231,1.56291180165591,0.251,0.02,6.62554294568532e-227,"0","USP13"
3.532297555565e-231,0.424440940893718,0.869,0.339,8.12887636462173e-227,"0","BOLA2B"
6.83277226329529e-231,0.754089913763051,0.322,0.045,1.57242588095215e-226,"0","GXYLT1"
8.0092472511346e-231,0.337461299776898,0.407,0.079,1.84316806990361e-226,"0","AP5M1"
1.08096893529891e-230,0.530917937842719,0.335,0.05,2.48763381080339e-226,"0","NUDCD3"
1.74932938494224e-230,1.21007731781215,0.288,0.033,4.02573171356758e-226,"0","ARHGAP19"
1.93170038676925e-230,1.3140240713093,0.285,0.032,4.44542210007208e-226,"0","UBXN8"
2.20679088419273e-230,0.68071147533537,0.352,0.057,5.07848786179273e-226,"0","PLAGL2"
3.1182886009467e-230,0.294126834223144,0.701,0.224,7.17611755735864e-226,"0","YIF1B"
4.62755763515678e-230,0.461998974169167,0.354,0.057,1.06493983857863e-225,"0","TRMT1"
5.0174093868836e-230,0.350759192270024,0.372,0.064,1.15465642220352e-225,"0","FBXW2"
5.13176666588035e-230,1.91928953798749,0.255,0.022,1.18097346281905e-225,"0","ALKBH2"
7.26465205565598e-230,0.439717810023924,0.339,0.051,1.67181437756811e-225,"0","CEP170"
1.3880538159631e-229,1.15764360196166,0.303,0.038,3.19432824667587e-225,"0","AKIP1"
2.08066671591256e-229,0.57782428781252,0.37,0.064,4.78823831332957e-225,"0","TM2D2"
2.10478882903393e-229,0.654925579557631,0.328,0.047,4.84375053225577e-225,"0","WRNIP1"
2.59030070754185e-229,0.92459519521696,0.314,0.042,5.96105901826607e-225,"0","MTX2"
4.47564894701243e-229,0.982530669372792,0.283,0.031,1.02998109217597e-224,"0","ITPK1"
4.55201061283169e-229,0.274949426202478,0.426,0.088,1.04755420233096e-224,"0","RMND5A"
6.1863097382397e-229,1.00341542967278,0.273,0.027,1.4236554600611e-224,"0","PKIA"
6.233682857136e-229,0.761674800480787,0.311,0.041,1.43455743591271e-224,"0","KLHL8"
6.67431890041946e-229,0.416573192521706,0.382,0.07,1.53596100855353e-224,"0","SLC25A22"
1.07582921280528e-228,1.12350090436022,0.28,0.03,2.4758057674288e-224,"0","TRMT10A"
1.38075779491669e-228,1.25767000176519,0.296,0.036,3.17753791344178e-224,"0","SRD5A3"
1.65563577364585e-228,0.62237686838824,0.376,0.068,3.81011460589118e-224,"0","LACTB2"
1.6571855983002e-228,1.26254276105109,0.336,0.053,3.81368121736824e-224,"0","DUSP6"
1.84010319610957e-228,0.506266462241147,0.329,0.047,4.23462948520696e-224,"0","AC005884.1"
1.85502505634771e-228,0.418113499701146,0.381,0.069,4.26896916217299e-224,"0","MUS81"
2.51163549259064e-228,1.00283702176002,0.27,0.027,5.78002675909883e-224,"0","BCL7C"
2.55695675851082e-228,0.447125294638266,1,0.966,5.88432458836096e-224,"0","RPL37A"
2.723920488921e-228,0.314985857237994,0.404,0.079,6.26855822115389e-224,"0","AGPAT1"
3.02137396215738e-228,0.594148669590937,0.356,0.059,6.95308789911277e-224,"0","LIPA"
3.65686681247038e-228,1.56079883755764,0.258,0.023,8.41554759553809e-224,"0","C12orf73"
3.86676097794952e-228,1.14819680071889,0.335,0.052,8.89857703855523e-224,"0","FADS1"
4.02552859772844e-228,0.308115229491573,0.727,0.239,9.26394896195246e-224,"0","GM2A"
4.27806033491796e-228,0.482301033893896,0.367,0.064,9.8451002487467e-224,"0","ISCA2"
5.57553092558571e-228,0.332123311290608,0.366,0.063,1.28309693190504e-223,"0","AGTPBP1"
6.1469963765154e-228,1.11272016140014,0.274,0.028,1.41460827612749e-223,"0","NEIL2"
7.04784486618487e-228,0.35880874615045,0.376,0.067,1.62192053905512e-223,"0","C18orf21"
7.85013953162015e-228,0.694908615717954,0.321,0.046,1.80655261041174e-223,"0","OGG1"
8.6046396202573e-228,0.442896456219613,0.361,0.061,1.98018571580981e-223,"0","POLR3A"
9.14409844463246e-228,1.22506233023353,0.269,0.027,2.10433137506327e-223,"0","LONP1"
1.06714266831496e-227,0.448418899983048,0.414,0.083,2.45581542259322e-223,"0","FAM89B"
1.72947703810204e-227,0.418453891870414,0.819,0.299,3.98004550778422e-223,"0","CD180"
2.55995131591666e-227,0.560572747535837,0.356,0.06,5.89121596331902e-223,"0","PPP2R5D"
2.99120684893499e-227,0.407244087220319,0.345,0.055,6.8836643214541e-223,"0","AAED1"
6.65536325871349e-227,0.655586449657398,0.365,0.064,1.53159874672773e-222,"0","POLH"
1.02282234234268e-226,0.535799976741254,0.997,0.88,2.3538210564332e-222,"0","RPS3"
1.26280449860481e-226,0.359274273119407,0.394,0.075,2.90609199263926e-222,"0","DROSHA"
2.30991439563458e-226,1.05211674986911,0.301,0.038,5.31580599867386e-222,"0","ASB1"
3.41196063629942e-226,1.60507150981597,0.26,0.024,7.85194501231586e-222,"0","C1orf112"
3.80388983778706e-226,0.787732220183607,0.351,0.059,8.75389168369936e-222,"0","ZMAT3"
3.96215030120542e-226,0.288206549611794,0.405,0.08,9.11809648816403e-222,"0","MZT2A"
4.09935447322365e-226,0.32426384114567,0.443,0.097,9.43384444922959e-222,"0","ALG1"
4.90453989120365e-226,0.771520337864917,0.32,0.046,1.1286817651627e-221,"0","SLC25A44"
5.63861250488152e-226,0.894087518805854,0.332,0.051,1.29761389574838e-221,"0","HLTF"
1.38302341310492e-225,0.399882769218751,0.365,0.064,3.18275178057835e-221,"0","HPS5"
2.3617351028218e-225,0.957779289369347,0.31,0.043,5.43506099212381e-221,"0","CEP44"
2.4486164116885e-225,0.393505929666353,0.349,0.057,5.63500094821874e-221,"0","TARS2"
4.32135266445649e-225,0.556120558264526,0.899,0.371,9.94472888671372e-221,"0","ANXA5"
6.23457629386761e-225,0.489435747044002,0.32,0.046,1.43476304250775e-220,"0","EGLN2"
9.06061408964481e-225,0.594959736648345,0.328,0.049,2.08511912044996e-220,"0","MRPL50"
1.19244679094874e-224,0.478531104665406,0.914,0.381,2.74417780001033e-220,"0","ATP5H"
1.49403868482418e-224,0.280265542096858,0.39,0.073,3.43823122538589e-220,"0","SCAF4"
1.70637287798614e-224,0.708468693620934,0.965,0.523,3.92687590410951e-220,"0","UQCRQ"
1.90603883331209e-224,1.45770649591804,0.26,0.025,4.38636716710111e-220,"0","FARS2"
2.37502474277986e-224,0.274223753971656,0.43,0.091,5.46564444055929e-220,"0","PIN4"
2.56962624425195e-224,0.295432732105769,0.438,0.095,5.91348087589702e-220,"0","UBE2J2"
3.44471860137537e-224,0.630661453421366,0.334,0.052,7.92733091734513e-220,"0","CEP57L1"
4.58904826453912e-224,0.302283735863352,0.39,0.074,1.05607767711839e-219,"0","HARS"
5.5751928244281e-224,0.825286842288879,0.312,0.043,1.28301912468564e-219,"0","NOC4L"
5.66864825425895e-224,0.321568369542441,0.396,0.077,1.30452602275261e-219,"0","ECI2"
5.94459085334526e-224,0.515862476787708,0.939,0.452,1.36802869308034e-219,"0","EIF3E"
6.27892921793379e-224,1.13828747348156,0.279,0.031,1.4449699809231e-219,"0","NUFIP1"
2.01073957987252e-223,1.2361042898478,0.266,0.027,4.62731499516062e-219,"0","ZNF542"
2.07945295521698e-223,0.268351298032104,0.421,0.088,4.78544508584084e-219,"0","C19orf12"
4.00284469536805e-223,0.391889033875714,0.361,0.061,9.21174649745049e-219,"0","RP11-146N23.1"
4.71933055335597e-223,0.368973203966872,0.365,0.064,1.08605954024381e-218,"0","MORF4L1P1"
6.46583419026606e-223,0.461550205087498,0.376,0.069,1.48798242220593e-218,"0","DAK"
7.36750744220328e-223,0.27478298604856,0.407,0.082,1.69548448767424e-218,"0","CANT1"
8.042009108288e-223,0.944560952918431,0.343,0.056,1.85070755609032e-218,"0","TBC1D7"
9.1012642623103e-223,0.516838511501429,0.34,0.055,2.09447394468547e-218,"0","COMMD7"
1.14549329562596e-222,0.508190641650263,0.353,0.06,2.63612372122402e-218,"0","DOT1L"
1.37715759540426e-222,0.427425458593767,0.93,0.417,3.16925277430381e-218,"0","KTN1"
2.26489210008616e-222,0.404946388938188,0.343,0.056,5.21219618992827e-218,"0","CDKAL1"
2.54530806312004e-222,0.634349304333576,0.323,0.048,5.85751744565815e-218,"0","TRIM37"
3.60282907383623e-222,1.15625709864894,0.276,0.031,8.29119054761933e-218,"0","FAM206A"
4.15204438019898e-222,0.297743677787969,0.325,0.048,9.55509973215191e-218,"0","MLLT10"
5.04392650514439e-222,1.53663584914389,0.279,0.032,1.16075880662888e-217,"0","KNSTRN"
5.46720093440851e-222,0.317880304590711,0.882,0.343,1.25816695103543e-217,"0","NDUFB1"
6.54911083206497e-222,0.619102405188569,0.331,0.051,1.50714687578311e-217,"0","COPS4"
7.43928240680824e-222,0.592684499759696,0.335,0.053,1.71200206027878e-217,"0","PGAP2"
1.03238017676757e-221,0.589315918648405,0.308,0.042,2.3758165007952e-217,"0","TMEM39B"
1.04758806109416e-221,1.29450071317329,0.257,0.024,2.410814404996e-217,"0","ANKRD32"
3.819999754951e-221,0.356866291556176,0.411,0.085,8.79096543606873e-217,"0","SUPT20H"
3.82539718964765e-221,0.602833264734384,0.307,0.042,8.80338655253614e-217,"0","TMEM38B"
5.96643981624821e-221,0.630588210497829,0.328,0.05,1.3730567949132e-216,"0","CXorf56"
6.98929088781615e-221,0.297066766539773,0.337,0.054,1.60844551201313e-216,"0","DUSP12"
7.54144089896104e-221,0.579116747160868,0.307,0.042,1.7355117940779e-216,"0","MPLKIP"
1.21278743292576e-220,0.653501526274852,0.358,0.063,2.79098771939205e-216,"0","MIF4GD"
1.47191312424965e-220,0.385517909269079,0.368,0.067,3.38731367283573e-216,"0","CAPN15"
1.54748866438517e-220,0.31639336702101,0.373,0.069,3.56123566334959e-216,"0","AGL"
1.64578665383924e-220,0.3552431670196,0.347,0.058,3.78744882648025e-216,"0","LPCAT1"
1.84201120079744e-220,0.335538460657394,0.441,0.099,4.23902037639516e-216,"0","MPST"
2.06993225831664e-220,0.481659184235882,0.934,0.413,4.76353510606409e-216,"0","WIPF1"
2.09010645458313e-220,0.460657452537814,0.863,0.344,4.80996198393215e-216,"0","PRDX2"
2.70127652946748e-220,0.499181890912393,0.321,0.047,6.21644767726352e-216,"0","ZBED4"
2.82582924107551e-220,0.653384597469117,0.98,0.588,6.50308083248707e-216,"0","CAPZA1"
3.46382685926728e-220,0.720386829631342,0.318,0.047,7.97130475123179e-216,"0","RRP1"
4.40936652690227e-220,1.51070910145028,0.26,0.026,1.01472751883602e-215,"0","RP11-295G20.2"
5.10150110115854e-220,0.34487831112626,0.452,0.105,1.17400844840961e-215,"0","CTC-444N24.11"
5.88984355169133e-220,0.476921412887443,0.346,0.058,1.35542969655073e-215,"0","COMMD5"
8.26215486137119e-220,0.527062663059442,0.354,0.061,1.90136969824735e-215,"0","ZDHHC18"
9.68847713158334e-220,1.0637433680902,0.261,0.026,2.22960924229127e-215,"0","FAM210A"
1.03734877850463e-219,0.360995460428353,0.332,0.052,2.3872507439727e-215,"0","MTSS1"
1.07060437491261e-219,0.785808015258178,0.288,0.036,2.4637818479864e-215,"0","KLHL12"
1.55080952715871e-219,0.459908533413723,0.349,0.06,3.56887796485034e-215,"0","OPA3"
5.37955184129464e-219,0.907027584848252,0.297,0.039,1.23799626523714e-214,"0","TFAP4"
5.4582335660723e-219,0.650659517023708,0.306,0.043,1.25610329056022e-214,"0","URB1"
5.5403746371432e-219,0.578799723485589,0.327,0.05,1.27500641524577e-214,"0","LAGE3"
8.55560412710488e-219,0.40307399691412,0.828,0.319,1.96890117777065e-214,"0","GLRX"
1.05464489590629e-218,0.337494789315202,0.33,0.052,2.42705429894915e-214,"0","RMDN3"
1.11560488957311e-218,0.448789499840974,0.364,0.066,2.56734153237461e-214,"0","UCHL3"
1.23663847857487e-218,0.694913572798717,0.33,0.052,2.84587613074434e-214,"0","PDE12"
1.30138932784293e-218,0.543285678961068,0.336,0.055,2.99488726016495e-214,"0","ZADH2"
1.49628668985401e-218,1.44227577178049,0.267,0.029,3.44340455936104e-214,"0","PPME1"
1.52440918137237e-218,0.49679526194384,0.624,0.201,3.50812284909223e-214,"0","ATF5"
2.52673015780645e-218,0.890565471497585,0.276,0.032,5.81476411215998e-214,"0","GALNT7"
2.65515913037481e-218,0.325051968690264,0.435,0.096,6.11031770673154e-214,"0","TMED7"
3.53881981538985e-218,0.487229428768165,0.407,0.085,8.14388604115666e-214,"0","DNTTIP1"
4.23131345931599e-218,0.320381815662977,0.344,0.057,9.73752166392389e-214,"0","OSBPL10"
4.28136114671888e-218,0.604118716836719,0.978,0.517,9.85269640694415e-214,"0","PLP2"
7.29226325801292e-218,0.985099279175184,0.251,0.023,1.67816854356651e-213,"0","FAHD1"
8.16207025828952e-218,0.932620921035576,0.281,0.034,1.87833722854017e-213,"0","STRADB"
1.19152136566639e-217,0.45357770874008,0.999,0.878,2.74204811880807e-213,"0","RPL12"
1.29055909598019e-217,0.639562879886334,0.336,0.055,2.9699636475792e-213,"0","TCHP"
1.39078296431721e-217,0.294596015342155,0.785,0.28,3.20060883578321e-213,"0","EMC7"
1.4524242785718e-217,0.514224973589122,0.318,0.048,3.34246399227727e-213,"0","STRN"
1.99086644997604e-217,0.379111884674645,0.43,0.095,4.58158096132987e-213,"0","CAT"
2.7291723443218e-217,1.02264837341995,0.282,0.034,6.28064431598776e-213,"0","C12orf10"
2.91759277374093e-217,0.312469619863575,0.846,0.319,6.71425625021e-213,"0","TMCO1"
3.34358420873802e-217,0.936619438884229,0.309,0.045,7.6945903395688e-213,"0","FANCA"
3.78420958725241e-217,0.521771322690811,0.322,0.049,8.70860152314398e-213,"0","CLN6"
5.24301405627848e-217,0.884739660556133,0.262,0.027,1.20657482477137e-212,"0","DIEXF"
5.87007813083342e-217,0.482805749051956,0.384,0.075,1.3508810802487e-212,"0","OR7E38P"
6.63311779582288e-217,0.482351978281066,0.405,0.084,1.52647939835272e-212,"0","FN3KRP"
6.69913814307937e-217,0.276387539304725,0.421,0.091,1.54167266086685e-212,"0","EMC9"
7.31609539967412e-217,0.784055430982082,0.32,0.049,1.68365303432701e-212,"0","TLR10"
9.12857169727506e-217,0.896610161859304,0.305,0.043,2.10075820469391e-212,"0","RAB3IP"
1.14934256626236e-216,0.394891049090169,0.445,0.103,2.64498204773957e-212,"0","GBP2"
1.40216585455067e-216,0.304994929311626,0.466,0.111,3.22680428107745e-212,"0","SLC25A37"
1.92974683901865e-216,0.682357668605903,0.422,0.094,4.44092640063362e-212,"0","SLC16A3"
1.96296132934789e-216,0.715359651570619,0.339,0.057,4.5173629072283e-212,"0","POC5"
4.83384464180828e-216,0.389344036817813,0.897,0.366,1.11241266741934e-211,"0","EIF2AK1"
6.63186772111676e-216,1.11013269887205,0.286,0.036,1.5261917186606e-211,"0","STX2"
1.53521513798074e-215,0.412272788013375,0.539,0.151,3.53299059703507e-211,"0","PHGDH"
2.05316810454534e-215,0.290079072616786,0.914,0.377,4.7249557589902e-211,"0","PSMD7"
2.28523115593244e-215,0.550917082396768,0.967,0.532,5.25900245914733e-211,"0","MORF4L1"
2.58475179340251e-215,0.507561258659487,0.314,0.047,5.94828930215719e-211,"0","DBT"
2.67658365617867e-215,0.768232818911804,0.349,0.062,6.15962196796397e-211,"0","APP"
2.92259797014656e-215,0.327526697676453,0.444,0.102,6.72577470869828e-211,"0","HSD17B4"
3.06781553107312e-215,1.21139243516638,0.271,0.031,7.05996388165857e-211,"0","UBL4A"
4.02343277067887e-215,0.328629180093262,0.931,0.415,9.25912583516328e-211,"0","SRRM1"
4.79965026497928e-215,0.292728954834097,0.427,0.094,1.10454351547968e-210,"0","XRCC1"
5.15051923254674e-215,0.362142164758853,0.376,0.072,1.18528899098598e-210,"0","PSEN1"
8.20618278341229e-215,0.408842013742117,0.345,0.06,1.88848884394667e-210,"0","BPGM"
1.07280449994637e-214,1.01392629781213,0.288,0.038,2.46884499572658e-210,"0","POFUT1"
1.13958637962718e-214,0.434188778124367,0.326,0.052,2.62253013543602e-210,"0","METTL16"
1.35026844102447e-214,0.683821323783117,0.325,0.052,3.10737276332962e-210,"0","HIRIP3"
1.66578201180227e-214,0.594720601127975,0.926,0.456,3.83346414376057e-210,"0","TCEA1"
2.66581317815652e-214,0.385744825322165,0.408,0.087,6.1348358668916e-210,"0","CCDC18"
2.97175958183716e-214,0.805495636030797,0.323,0.051,6.83891032568186e-210,"0","CETN2"
3.39353195824412e-214,0.317691848973597,0.357,0.065,7.8095350955072e-210,"0","SMIM19"
4.85280781369458e-214,0.361884420607021,0.352,0.063,1.11677666216553e-209,"0","RFWD2"
5.07702690592977e-214,0.429944645376044,0.362,0.067,1.16837620186162e-209,"0","NCDN"
5.79521245711438e-214,0.622781722122451,0.33,0.053,1.33365224275573e-209,"0","MED11"
6.32264868841403e-214,0.380629474881796,0.391,0.079,1.45503114266472e-209,"0","ZDHHC2"
1.16534486953436e-213,0.477631199419155,0.998,0.907,2.68180814825942e-209,"0","RPL38"
1.27224612273126e-213,0.996209945798157,0.269,0.03,2.92782000224145e-209,"0","HAUS8"
1.28614753785093e-213,1.23184431231071,0.257,0.026,2.95981132885635e-209,"0","ZC3HC1"
1.34670439581087e-213,1.14798820389721,0.272,0.032,3.09917082607956e-209,"0","PRMT6"
1.54464791788328e-213,0.437708307069535,0.97,0.517,3.55469825342479e-209,"0","RPL6P27"
1.60985033862756e-213,0.521750164299991,0.353,0.063,3.70474858428361e-209,"0","NCAPH2"
1.81026726946172e-213,0.52557548677748,0.414,0.091,4.16596806721225e-209,"0","MGLL"
1.82311409537022e-213,0.635856875844201,0.365,0.069,4.19553246767548e-209,"0","SAP30"
3.76304074479905e-213,0.403124560516381,0.331,0.054,8.65988566600605e-209,"0","NNT-AS1"
3.81345176407041e-213,0.335757655373439,0.318,0.049,8.77589654465524e-209,"0","ELMSAN1"
3.82619490895619e-213,1.23917658588747,0.273,0.033,8.80522234398087e-209,"0","SPAG1"
4.52152990022644e-213,0.28776815979999,0.32,0.049,1.04053967593911e-208,"0","GPN2"
5.50063454419816e-213,0.282818022711454,1,0.964,1.26586102765632e-208,"0","RPS27A"
5.51024455104496e-213,0.265162902146907,0.484,0.122,1.26807257853198e-208,"0","EHD1"
6.13269452156653e-213,0.305912767743314,0.347,0.061,1.41131699024811e-208,"0","FEM1A"
8.3742576103858e-213,0.562862252895707,0.933,0.417,1.92716790387808e-208,"0","SYK"
9.49165732148916e-213,0.510953802964245,0.371,0.071,2.1843150993943e-208,"0","POP5"
1.2515836072334e-212,0.336434049412215,0.376,0.072,2.88026935532622e-208,"0","CLASP1"
1.27534810788178e-212,0.265255248749606,0.38,0.074,2.93495860066833e-208,"0","GALNT10"
1.62707975087847e-212,1.11271122955091,0.258,0.027,3.74439863069662e-208,"0","RP11-215G15.5"
4.10895611025666e-212,1.14631303435257,0.251,0.025,9.45594069653366e-208,"0","COX17P1"
4.45426382571884e-212,0.39529720643877,0.437,0.1,1.02505973421268e-207,"0","MPZL1"
6.20818913433688e-212,0.6778076788884,0.317,0.049,1.42869056548495e-207,"0","VPS37A"
9.59122438560537e-212,0.819441079456902,0.269,0.031,2.20722846785936e-207,"0","SRRD"
1.3713356367071e-211,0.387832195888251,0.378,0.074,3.15585470075405e-207,"0","DMWD"
1.38582176393567e-211,0.343334240352223,0.946,0.469,3.18919162534515e-207,"0","TRA2B"
1.71480131103516e-211,0.377029203900778,1,0.946,3.94627225708521e-207,"0","RPL32"
5.43079508654719e-211,0.637459764223686,0.293,0.04,1.24978887326711e-206,"0","IFT52"
5.79615667511013e-211,1.63271796782681,0.254,0.027,1.33386953564309e-206,"0","CENPP"
9.1266767606209e-211,0.898026955767122,0.348,0.064,2.10032212292169e-206,"0","TEX9"
9.4033204034047e-211,0.329342744520953,0.311,0.046,2.16398612443552e-206,"0","AC139452.2"
1.52456996359387e-210,1.07976734558783,0.27,0.032,3.50849285721857e-206,"0","CLEC16A"
1.5645041254735e-210,0.54195084759186,0.345,0.061,3.60039334395216e-206,"0","TFCP2"
1.70123762939016e-210,0.720609612674626,0.972,0.565,3.91505815651558e-206,"0","SNHG5"
3.10599641055134e-210,0.252205574293877,0.41,0.089,7.1478295396018e-206,"0","RINL"
6.91125128245249e-210,0.400161599283527,0.359,0.067,1.59048625763079e-205,"0","EYA3"
1.07901743376298e-209,0.354397356058002,0.901,0.37,2.48314282031873e-205,"0","SCAMP2"
1.14509710944744e-209,0.291178331425038,0.353,0.064,2.63521197797139e-205,"0","NSMCE1"
1.40504198724093e-209,0.604278346279743,0.316,0.049,3.23342312523756e-205,"0","NSUN4"
1.79126935787028e-209,1.08724798389932,0.267,0.031,4.12224817326687e-205,"0","HSD17B7"
3.32328256164671e-209,0.919088310071761,0.276,0.035,7.64787015911757e-205,"0","MED30"
3.59273426172543e-209,0.365733121769111,0.687,0.237,8.26795935650873e-205,"0","AHNAK"
4.90424743297674e-209,0.671663821820684,0.29,0.039,1.12861446175094e-204,"0","ACO1"
8.86481331645416e-209,0.77272918606595,0.989,0.663,2.0400594885156e-204,"0","MTDH"
1.17346595992816e-208,0.911859457422367,0.306,0.046,2.70049721358267e-204,"0","FAM89A"
1.23194145564845e-208,0.25723570347767,0.88,0.336,2.83506687188378e-204,"0","GMFG"
1.45593383039716e-208,0.452732151205023,0.984,0.559,3.35054052389299e-204,"0","RP11-3P17.3"
1.96533312265727e-208,0.786891917581058,0.307,0.047,4.52282111517116e-204,"0","ECE2"
2.42158322381784e-208,0.367517775274444,0.337,0.057,5.57278947297199e-204,"0","RPL37P23"
4.491424408908e-208,0.355783203320498,0.343,0.061,1.033611499222e-203,"0","FAM219B"
4.66412099442647e-208,0.598153644162959,0.333,0.057,1.07335416444736e-203,"0","CBWD2"
8.55676127911488e-208,0.32843406487419,0.343,0.061,1.96916747316271e-203,"0","KLHDC10"
9.71342629260643e-208,0.550808841846174,0.943,0.453,2.23535079271752e-203,"0","SRSF9"
1.02923330884834e-207,0.882707842797845,0.286,0.039,2.36857461365268e-203,"0","XRCC6BP1"
1.04010075376156e-207,0.45081528883439,0.322,0.053,2.39358386463148e-203,"0","MSH3"
2.583622634608e-207,0.273062038388685,0.355,0.066,5.94569076902339e-203,"0","NFATC2"
3.13490957341402e-207,0.373882995511433,0.932,0.409,7.21436740129769e-203,"0","VCP"
4.81024922755755e-207,0.454293386046254,0.338,0.059,1.10698265473782e-202,"0","MAP3K7"
7.78158138676847e-207,0.669846284134386,0.314,0.05,1.79077532453703e-202,"0","BARD1"
8.31595421125987e-207,1.02139965233153,0.264,0.031,1.91375054263723e-202,"0","RP1-89D4.1"
9.72381907726095e-207,1.04979931257995,0.265,0.031,2.23774248425006e-202,"0","ELP4"
1.03095389129916e-206,0.437227886963906,0.307,0.046,2.37253419004675e-202,"0","RPS3AP6"
2.40382941819846e-206,1.12226958037299,0.262,0.03,5.53193264010011e-202,"0","RPLP0P6"
3.61311438009442e-206,0.398565846209123,0.342,0.061,8.3148601229113e-202,"0","SLC35B2"
3.64193614109302e-206,0.603582098359595,0.971,0.583,8.38118764149737e-202,"0","COX7C"
4.28831610791793e-206,0.334149604765538,0.849,0.323,9.86870185915152e-202,"0","LRRC59"
4.86498785086024e-206,0.548834147500752,0.352,0.066,1.11957965411847e-201,"0","PDLIM5"
5.25123090896747e-206,0.376703105319688,0.318,0.051,1.20846576908068e-201,"0","GGPS1"
6.84432496978938e-206,1.40316095643688,0.26,0.03,1.57508450529763e-201,"0","PBX3"
8.97262528947147e-206,1.11255872801265,0.267,0.032,2.06487025786607e-201,"0","POT1"
1.59568371019659e-205,0.320505787499989,0.348,0.064,3.67214692227541e-201,"0","GMEB1"
1.85068597969727e-205,0.459684570938795,0.32,0.053,4.25898364507734e-201,"0","PMM1"
1.85887128409293e-205,0.739461391960245,0.285,0.039,4.27782048608306e-201,"0","HAUS5"
4.43600494625897e-205,0.34911232330668,0.352,0.065,1.02085781828258e-200,"0","STAU2"
7.7636345630839e-205,1.37265955377161,0.262,0.031,1.7866452220025e-200,"0","NCF2"
8.56107310379323e-205,0.913629009035577,0.269,0.033,1.97015975337594e-200,"0","ZNF346"
1.0004786202728e-204,0.350893931103572,0.381,0.078,2.30240144883378e-200,"0","RAC2"
1.13885664557225e-204,1.11040481624484,0.257,0.029,2.62085079845542e-200,"0","SPHK2"
1.14158170987576e-204,0.297055677591387,0.334,0.058,2.62712198893708e-200,"0","SLC10A3"
1.15385380459801e-204,0.86336806833099,0.267,0.033,2.6553637605214e-200,"0","GNL3L"
1.50983712104103e-204,0.972308196171144,0.26,0.03,3.47458816665172e-200,"0","NPRL3"
1.95533195932976e-204,0.350872027260312,0.412,0.092,4.49980543800558e-200,"0","ANAPC13"
2.64336926292536e-204,0.52322399884112,0.331,0.057,6.08318568477014e-200,"0","ABI2"
2.82193907070283e-204,1.17445185816363,0.258,0.029,6.49412838340843e-200,"0","VPS45"
3.3196085042334e-204,0.68669314338894,0.313,0.051,7.63941505079232e-200,"0","GSKIP"
1.17421203528953e-203,0.347562444793626,0.362,0.071,2.7022141568118e-199,"0","H2AFJ"
1.35867168578168e-203,0.750382931986742,0.303,0.047,3.12671115048938e-199,"0","AAR2"
1.5631895550979e-203,0.515713256628184,0.309,0.049,3.5973681231468e-199,"0","ZUFSP"
1.80413466027444e-203,0.629480461835626,0.313,0.051,4.15185509368958e-199,"0","MOSPD1"
2.54689499269922e-203,0.822632713940853,0.319,0.054,5.86116944669872e-199,"0","RNVU1-6"
2.96743945267412e-203,1.00283629375665,0.251,0.027,6.82896841243894e-199,"0","ANKRD37"
5.02912013158523e-203,0.320379474103,0.339,0.061,1.15735141588171e-198,"0","CACTIN"
1.29491368815085e-202,0.862196958675328,0.259,0.03,2.97998487054155e-198,"0","ACER3"
1.79328602933718e-202,0.343628927525827,0.334,0.059,4.12688913931364e-198,"0","ACOT8"
1.88642853221252e-202,0.381918701657915,0.328,0.057,4.34123798118066e-198,"0","CDKN2AIP"
2.27006520349722e-202,0.575262213805396,0.303,0.047,5.22410105280816e-198,"0","RP6-109B7.3"
3.30056949565012e-202,0.881471193156027,0.262,0.032,7.59560058033961e-198,"0","NRSN2"
3.74725956068937e-202,0.393576104588751,0.327,0.056,8.62356842701445e-198,"0","SNRNP48"
3.76141157792287e-202,0.319502703056709,0.371,0.075,8.6561364642739e-198,"0","DHX16"
5.83706792596739e-202,0.437672076348401,0.351,0.066,1.34328444180288e-197,"0","SLC35A5"
6.85901948138967e-202,0.310461404630483,0.362,0.071,1.57846615325221e-197,"0","ARHGAP18"
8.27507275500455e-202,0.879544047267566,0.272,0.035,1.9043424931092e-197,"0","SPRYD7"
8.52578495166291e-202,0.784540113757052,0.276,0.036,1.96203889092619e-197,"0","RPL12P4"
9.87839696079606e-202,0.669657087024307,0.325,0.056,2.273315492588e-197,"0","PDSS2"
1.11639483788032e-201,0.958473673486569,0.252,0.028,2.56915944041398e-197,"0","RRP12"
1.35552864543839e-201,0.460465443828064,0.308,0.049,3.11947807174736e-197,"0","TSEN54"
1.458215800742e-201,0.797438337984599,0.275,0.036,3.35579202224757e-197,"0","AC016747.3"
1.65536856210818e-201,0.344019302696204,0.316,0.052,3.80949967197956e-197,"0","ICAM1"
2.91474803602608e-201,1.0400105649737,0.273,0.036,6.70770965530682e-197,"0","C2orf43"
3.42009552454083e-201,0.87545387544644,0.265,0.033,7.87066583062581e-197,"0","ABI3"
3.62958860276379e-201,1.02963264310673,0.28,0.039,8.35277225154031e-197,"0","MPV17L2"
4.24059049244252e-201,0.70940912605421,0.307,0.049,9.75887090025797e-197,"0","MYO1G"
4.69244021401626e-201,0.45033906209053,1,0.923,1.07987126645156e-196,"0","RPL41"
5.14637904982724e-201,0.406272619564493,0.31,0.05,1.18433621073674e-196,"0","PDCL"
5.47860577951802e-201,0.80236436986792,0.281,0.039,1.26079154804048e-196,"0","TAF5L"
5.88200328390881e-201,0.31174670943652,0.34,0.062,1.35362541572594e-196,"0","ANKRD13C"
7.43208231566514e-201,1.56654390157993,0.25,0.028,1.71034510330402e-196,"0","SCARNA22"
7.49230954547728e-201,0.286583795967405,0.924,0.425,1.72420519570069e-196,"0","MATR3"
9.10607930763584e-201,0.591248975554317,0.401,0.091,2.09558203106624e-196,"0","FCRLA"
1.1582581869799e-200,0.621306578029595,0.282,0.039,2.66549956569684e-196,"0","LMBR1"
1.17205684623288e-200,1.18295846504296,0.279,0.039,2.69725442023572e-196,"0","ESPL1"
2.26509984660371e-200,0.974293911650182,0.254,0.029,5.21267427698912e-196,"0","SLC39A3"
2.46067420337859e-200,0.777415433149657,0.295,0.045,5.66274954423515e-196,"0","MSANTD4"
2.47656119217236e-200,0.37836649015008,0.459,0.114,5.69931027154625e-196,"0","MT-TD"
3.19204240572101e-200,0.366692189879836,0.919,0.41,7.34584718828576e-196,"0","EIF3K"
5.03140752228151e-200,1.04355799525782,0.267,0.034,1.15787781310264e-195,"0","METTL1"
6.11237431913898e-200,0.412047278571959,0.303,0.048,1.40664070206345e-195,"0","ESRRA"
7.89697112676794e-200,0.340387908182802,0.338,0.062,1.81732996540311e-195,"0","CEP152"
8.44956908547788e-200,0.819530648045852,0.277,0.038,1.94449933364102e-195,"0","TRUB1"
2.29367834233988e-199,1.09473069171696,0.268,0.035,5.27844196922676e-195,"0","DOLPP1"
2.59036190267049e-199,0.558279815924182,0.31,0.051,5.9611998466156e-195,"0","CDK5"
2.61859973136744e-199,0.25816623565757,0.359,0.071,6.02618356179588e-195,"0","BCL2L13"
2.98501339840052e-199,0.568169443398819,0.303,0.047,6.86941133373911e-195,"0","NSUN5"
3.11299881687532e-199,0.417557423893049,0.325,0.057,7.16394417727518e-195,"0","RBM4B"
3.25877367775568e-199,0.53549064605246,0.97,0.513,7.49941586461914e-195,"0","EIF5B"
3.87043108563713e-199,0.684235811175511,0.266,0.034,8.90702305737672e-195,"0","SSBP2"
5.00719422827539e-199,0.994530682536603,0.267,0.034,1.15230560775302e-194,"0","ORC4"
8.66704175466114e-199,0.428775616344621,0.327,0.058,1.99454631900017e-194,"0","C10orf32"
1.48647722095606e-198,0.854551820045625,0.275,0.038,3.42083002858617e-194,"0","HACL1"
1.76195704940378e-198,0.478478467214322,0.937,0.467,4.05479175779293e-194,"0","HNRNPDL"
2.16885836348756e-198,0.390989455066142,0.336,0.062,4.99119375189392e-194,"0","CD151"
2.30237337071353e-198,0.273076836030033,0.755,0.275,5.29845183802304e-194,"0","SLC35B1"
3.48749568501334e-198,0.906866525594526,0.26,0.032,8.0257738199212e-194,"0","PIP4K2B"
5.27393699351008e-198,0.9696134875153,0.25,0.029,1.21369112031648e-193,"0","TTC5"
6.85540322269181e-198,0.496345639913887,0.312,0.052,1.57763394363807e-193,"0","ULK3"
9.3312326601717e-198,0.991506982059585,0.284,0.042,2.14739657208531e-193,"0","PKNOX1"
1.39672826534073e-197,0.407564509065137,0.354,0.069,3.21429075702861e-193,"0","MSRB2"
1.74826010672543e-197,0.845826888312367,0.293,0.044,4.02327098360724e-193,"0","TBCD"
7.2704096890583e-197,0.938333631424857,0.263,0.034,1.67313938174299e-192,"0","RPAP1"
8.36233477684078e-197,1.13091957162101,0.29,0.045,1.92442410219437e-192,"0","HIST1H1B"
8.494598779557e-197,0.82039511996163,0.293,0.045,1.95486201713945e-192,"0","NXT2"
2.31307020322102e-196,0.38687255225698,0.341,0.065,5.32306845867253e-192,"0","PUS3"
2.40497702220163e-196,1.09454029277265,0.25,0.029,5.53457362119262e-192,"0","C9orf64"
3.1908359635365e-196,0.981072964065453,0.273,0.038,7.34307080288655e-192,"0","CDC26"
5.77117418513704e-196,0.744057446144558,0.292,0.045,1.32812031522559e-191,"0","TPMT"
5.96619937854074e-196,1.01852859447686,0.267,0.036,1.37300146298358e-191,"0","BCL7A"
6.76792098324819e-196,0.377607556750008,0.903,0.384,1.55750165587491e-191,"0","ATP6V0B"
6.84384707854782e-196,0.903943517155837,0.274,0.038,1.57497452818621e-191,"0","RFT1"
1.21692169448775e-195,0.508950970781149,0.996,0.898,2.80050189552465e-191,"0","RPL27"
1.46899236577263e-195,0.624812043598332,0.266,0.035,3.38059213135254e-191,"0","KATNA1"
1.61945631043048e-195,0.537768683406491,0.99,0.833,3.72685480719366e-191,"0","RPL6"
2.2695866236007e-195,0.39370670762777,0.297,0.047,5.22299969689228e-191,"0","ETFDH"
2.34903058881802e-195,0.523834571438071,0.279,0.04,5.40582409404692e-191,"0","TOP3A"
2.73218218849191e-195,0.281565284903228,0.569,0.178,6.28757087037643e-191,"0","SGK1"
2.87007372787639e-195,0.514430774604423,0.327,0.059,6.60490066996194e-191,"0","TUBGCP3"
3.78635618879156e-195,0.432175334942962,0.997,0.896,8.71354149726602e-191,"0","RPS12"
3.937161122038e-195,0.387929962652005,0.306,0.051,9.06058889014606e-191,"0","CBR4"
4.48061145627855e-195,0.361324485080005,0.31,0.052,1.03112311443338e-190,"0","ZZZ3"
9.08635590817632e-195,0.8698522443149,0.272,0.038,2.09104308514862e-190,"0","THOC6"
1.27518536621189e-194,0.5441636453126,0.271,0.037,2.93458408326342e-190,"0","DGKE"
1.78310048660178e-194,0.405729664244869,0.317,0.055,4.10344914981669e-190,"0","TP53RK"
4.09430717384425e-194,0.25119713693972,0.307,0.051,9.42222909916777e-190,"0","TUBGCP4"
4.83962280352641e-194,0.785520116216753,0.296,0.047,1.11374239577553e-189,"0","KIF18B"
5.56361914618558e-194,0.530176297284738,0.316,0.055,1.28035567411169e-189,"0","LY75"
5.92066204620312e-194,0.39242572806381,0.288,0.044,1.36252195669272e-189,"0","COQ6"
7.1197381141714e-194,0.347028687424031,0.959,0.469,1.63846533221426e-189,"0","RP11-466H18.1"
7.52462217024337e-194,0.504466963435313,0.904,0.404,1.73164130003811e-189,"0","CDK2AP2"
9.93401524879217e-194,0.446924907062153,0.314,0.054,2.28611492920454e-189,"0","CWF19L1"
2.35773474121324e-193,0.342834199662003,0.26,0.033,5.42585495995403e-189,"0","ARAP2"
2.60421827780408e-193,0.261744069512753,0.805,0.305,5.99308752271054e-189,"0","NUS1"
2.77229185329163e-193,0.69343117661778,0.26,0.033,6.37987524198004e-189,"0","DBR1"
3.1654534419963e-193,0.327361391875566,0.369,0.078,7.28465800606608e-189,"0","PRKRA"
4.34212626849997e-193,0.335156799376337,0.341,0.066,9.99253518169899e-189,"0","ZDHHC7"
7.05303984156857e-193,1.00625954262297,0.254,0.032,1.62311605874017e-188,"0","ZNF282"
1.62138859965958e-192,0.926180193182523,0.255,0.032,3.73130158439658e-188,"0","WDR92"
1.89947545431135e-192,0.368478075248821,0.36,0.075,4.3712628630067e-188,"0","MYO1C"
2.2125543247584e-192,0.454738784904634,0.995,0.843,5.0917512675665e-188,"0","RPL10A"
3.93470445758625e-192,0.267754327886974,0.342,0.066,9.05493536824323e-188,"0","NEK1"
5.01479391169266e-192,0.262076237619665,0.326,0.06,1.15405452289783e-187,"0","TAF8"
6.6090472686713e-192,0.277934835403234,0.343,0.067,1.52094004793933e-187,"0","CTC-241F20.3"
9.12494655546254e-192,0.329476085044454,0.269,0.038,2.09992395080859e-187,"0","CXorf38"
1.03928066717381e-191,0.807761389602298,0.319,0.059,2.3916965993671e-187,"0","HIST1H2BJ"
4.51217029962898e-191,0.766782051617575,0.262,0.035,1.03838575105362e-186,"0","NFS1"
4.70967292415113e-191,0.558241272044598,0.273,0.039,1.0838370300349e-186,"0","ZNF121"
5.82203786752214e-191,0.411048176357046,0.346,0.069,1.33982557445287e-186,"0","NDUFS7"
6.27715422288316e-191,0.523920714316893,0.312,0.055,1.4445615013121e-186,"0","WAC-AS1"
7.54906698899671e-191,0.378480168864032,1,0.976,1.73726678617781e-186,"0","RPS8"
8.11584486721789e-191,0.479825655405215,0.325,0.06,1.86769937929285e-186,"0","CCDC41"
1.99410587570151e-190,0.521923351723417,0.285,0.044,4.58903585175189e-186,"0","SPAST"
3.60659221060532e-190,0.474559473092945,0.328,0.062,8.29985065426602e-186,"0","CUTC"
4.49307439673028e-190,0.423061230901542,0.291,0.047,1.03399121091954e-185,"0","GTF3C5"
5.19251571208023e-190,0.874019366871,0.282,0.043,1.19495364082102e-185,"0","PELO"
5.26475114094943e-190,0.35625792844329,0.349,0.071,1.21157718006669e-185,"0","C19orf70"
8.40361494319366e-190,0.817955665701842,0.28,0.042,1.93392390687716e-185,"0","SLC15A3"
1.1034729826665e-189,0.569615582857444,0.967,0.519,2.53942237501042e-185,"0","NDUFA4"
1.88729105598897e-189,0.485335183913274,0.996,0.898,4.34322290714742e-185,"0","RPS13"
2.12667674395558e-189,0.322773468126187,0.327,0.062,4.89412119086498e-185,"0","ZHX1"
2.62627121785829e-189,1.09652566414629,0.272,0.04,6.04383795365729e-185,"0","SPIB"
1.27038992006163e-188,0.461091042068279,0.269,0.038,2.92354832303783e-184,"0","PPP6R1"
1.91687810543304e-188,0.800396975157189,0.271,0.039,4.41131158403305e-184,"0","PIGF"
2.39598205860251e-188,0.358359788871035,0.288,0.046,5.51387351146195e-184,"0","GTPBP10"
2.78901745207633e-188,0.487081874656772,0.286,0.045,6.41836586246325e-184,"0","XPNPEP3"
3.266249968347e-188,0.402834608653042,0.306,0.053,7.51662105215695e-184,"0","NEK7"
3.87007746312338e-188,0.63259583571072,0.269,0.038,8.90620926588584e-184,"0","MBD3"
6.35237339049959e-188,0.875021615145807,0.252,0.032,1.46187168835567e-183,"0","BCKDHB"
6.51179358800246e-188,0.438058005005084,0.963,0.516,1.49855905840701e-183,"0","COX5A"
9.04579621884854e-188,0.252914175914942,0.354,0.073,2.08170908384362e-183,"0","TRIM24"
1.602776595286e-187,0.642496518942946,0.286,0.045,3.68846977873167e-183,"0","SNX8"
2.54508074693103e-187,0.396580075944113,0.949,0.428,5.85699432291239e-183,"0","TCEB2"
3.83965092712028e-187,0.604828791225158,0.274,0.041,8.8361886785819e-183,"0","KIAA1586"
4.39513539950576e-187,0.395315092034969,0.953,0.452,1.01145250948826e-182,"0","UBL5"
4.41543207568687e-187,0.703084194493016,0.274,0.041,1.01612338357782e-182,"0","SPTLC1"
5.36099359297931e-187,1.7684961679244,0.268,0.041,1.23372545555233e-182,"0","GTSF1"
6.83012700164408e-187,0.269388764604183,0.32,0.059,1.57181712688835e-182,"0","RNF20"
7.04918638085637e-187,0.630076976283919,0.289,0.047,1.62222926182648e-182,"0","RETSAT"
1.21771549264326e-186,0.798103234393384,0.263,0.037,2.80232866321993e-182,"0","PRR3"
2.52056373349873e-186,0.703460935221321,0.262,0.037,5.80057331990062e-182,"0","ZDHHC13"
2.59395900707117e-186,0.289363919797636,0.817,0.326,5.96947786297289e-182,"0","SURF4"
2.71011268081833e-186,0.392870916648405,0.359,0.077,6.23678231236723e-182,"0","LIMK1"
3.45374637478342e-186,0.773915040768193,0.257,0.035,7.94810653228909e-182,"0","MCCC1"
4.14265380752577e-186,0.492769388984436,0.277,0.042,9.53348920725905e-182,"0","RP11-632C17--A.1"
6.19672476001952e-186,2.39057060963483,0.251,0.034,1.42605226902329e-181,"0","LTA"
7.43590144273602e-186,0.681809323406696,0.287,0.047,1.71122399901684e-181,"0","CHTF18"
8.89013953005806e-186,0.333630698414527,0.289,0.047,2.04588781005226e-181,"0","UQCC1"
9.75239120674194e-186,0.335664724023366,0.323,0.061,2.24431778840752e-181,"0","FKBP15"
3.06378532590319e-185,0.379082477850516,0.302,0.053,7.050689170501e-181,"0","POGLUT1"
3.93172545265145e-185,0.30564259929861,0.383,0.089,9.04807978418678e-181,"0","HIST1H1D"
4.0889100201192e-185,0.907648376391325,0.25,0.032,9.4098086293003e-181,"0","NME6"
1.26789859388272e-184,0.331372997511393,0.281,0.044,2.91781503410229e-180,"0","CLP1"
2.15315746261565e-184,0.70229382505554,0.255,0.035,4.9550612687174e-180,"0","RNF216P1"
3.06798706450868e-184,0.425938740129897,0.813,0.338,7.06035863155384e-180,"0","SELL"
3.09105534142327e-184,0.407646023267012,0.257,0.035,7.11344565721738e-180,"0","TRAPPC13"
3.28573164827775e-184,0.467188862828487,0.277,0.043,7.56145424218159e-180,"0","ARFIP1"
3.77929340602743e-184,0.829185230375068,0.282,0.045,8.69728791529093e-180,"0","CD274"
6.38852473627863e-184,0.75026703703729,0.261,0.037,1.4701911975598e-179,"0","MOSPD2"
1.07642350172035e-183,0.722827337082216,0.262,0.037,2.47717340450904e-179,"0","C16orf91"
1.60579575540534e-183,0.48687942144011,0.277,0.043,3.69541777191431e-179,"0","PGGT1B"
1.7559293400865e-183,1.0420410611479,0.257,0.036,4.04092019034106e-179,"0","SMYD2"
2.16295964583346e-183,0.270105199256502,0.362,0.08,4.97761903295654e-179,"0","RNU2-63P"
2.23146560651455e-183,0.380301049956091,0.299,0.052,5.13527180027194e-179,"0","TRAK2"
3.01866801401795e-183,0.636102526786474,0.262,0.038,6.94686070065951e-179,"0","USP37"
3.36474636198798e-183,0.3178782614586,0.284,0.046,7.74329080284294e-179,"0","C1orf50"
4.46035587894995e-183,0.706593047815586,0.279,0.044,1.02646169842275e-178,"0","HDAC8"
7.90795610731664e-183,0.442305435803482,0.297,0.051,1.81985793897678e-178,"0","MED14"
8.94352912703492e-183,0.504326719434182,0.285,0.047,2.05817435800455e-178,"0","RPRD1A"
1.3323176747571e-182,0.650314616046285,0.32,0.062,3.06606266491852e-178,"0","RNVU1-13"
2.65128075329497e-182,0.332040999776657,0.897,0.417,6.10139239755771e-178,"0","GPR183"
8.09408082071598e-182,0.347000671943098,0.292,0.049,1.86269081927137e-177,"0","RPP25L"
8.70687392458806e-182,0.279737159991282,0.3,0.053,2.00371289626545e-177,"0","YEATS2"
2.25137838490024e-181,0.4958478217854,0.273,0.042,5.18109707717092e-177,"0","EID2"
3.38307221724399e-181,0.363176960644914,0.949,0.521,7.7854640935436e-177,"0","PCBP2"
5.08695982910599e-181,0.360298940680074,0.285,0.047,1.17066206547216e-176,"0","TEFM"
5.66998249293e-181,0.4067252970124,0.328,0.065,1.30483307109798e-176,"0","HLA-DOB"
6.52543037240071e-181,0.672034994987007,0.251,0.034,1.50169729160058e-176,"0","EXOC6"
9.57750665952321e-181,1.1030844015738,0.257,0.037,2.20407160755608e-176,"0","SCFD2"
3.61294146018123e-180,0.650901155018606,0.264,0.039,8.31446218231507e-176,"0","SMG9"
4.53140552075362e-180,0.681342315238916,0.251,0.034,1.04281235249103e-175,"0","SYNJ2"
5.87930921578692e-180,0.252099121976683,0.319,0.061,1.35300542982904e-175,"0","MKRN2"
7.33038714803482e-180,0.430934825426722,0.965,0.499,1.68694199437725e-175,"0","APOBEC3C"
8.88161905880113e-180,0.393614371292451,0.375,0.088,2.0439269940019e-175,"0","MAST4"
1.51593997231363e-179,0.275325342671068,0.286,0.048,3.48863265828536e-175,"0","C5orf51"
1.69154501933412e-179,0.804968604571662,0.27,0.042,3.8927525529936e-175,"0","WRB"
5.10913022100415e-179,0.259363608873935,0.594,0.201,1.17576413775968e-174,"0","IQGAP2"
9.57196017194644e-179,0.311212344395196,0.304,0.055,2.20279519437003e-174,"0","DDX59"
1.13175004201488e-178,0.39356966685022,0.261,0.038,2.60449637168884e-174,"0","SLC7A6OS"
1.77383177388015e-178,0.724633331459934,0.255,0.036,4.08211906123038e-174,"0","CDK19"
3.02054607186975e-178,0.311150994675879,0.266,0.04,6.95118267519387e-174,"0","HVCN1"
3.34295545687775e-178,0.525147321427416,0.29,0.05,7.69314339291277e-174,"0","MUT"
6.48586040942658e-178,0.821704410608266,0.268,0.042,1.49259105602134e-173,"0","BORA"
7.99884017710042e-178,0.486279844842431,0.271,0.043,1.84077308995612e-173,"0","TRMT13"
9.3920840493325e-178,0.476776917665295,0.297,0.053,2.16140030227289e-173,"0","TFPT"
1.15781416600437e-177,0.421689693438642,0.256,0.037,2.66447774022585e-173,"0","IKBKAP"
1.40729508755866e-177,0.59364660526772,0.269,0.042,3.23860818499874e-173,"0","GFM2"
4.44367043046762e-177,0.666355231593038,0.26,0.039,1.02262187616351e-172,"0","SLC37A4"
5.0305023624695e-177,0.697283580563537,0.273,0.044,1.1576695086751e-172,"0","RNU2-59P"
4.89404915162651e-176,0.91125763515573,0.251,0.036,1.12626753126381e-171,"0","MTX1"
6.12349251055428e-176,0.445313443778604,0.959,0.54,1.40919933145386e-171,"0","EIF3H"
1.31205987463609e-175,0.433260264258065,0.291,0.052,3.01944338950004e-171,"0","ARHGAP31"
1.3713737176283e-175,0.43040898767514,0.32,0.064,3.155942336378e-171,"0","SLC35E3"
1.46467528656507e-175,0.26673150295596,0.871,0.373,3.3706572369722e-171,"0","RAB1A"
2.45724906817844e-175,0.264618787910476,0.288,0.05,5.65486728059905e-171,"0","MAPKAPK5"
5.15644269357839e-175,0.575490084023004,0.258,0.038,1.1866521570732e-170,"0","RPUSD1"
1.1969288624044e-174,0.686563445263499,0.255,0.038,2.75449239105125e-170,"0","C16orf70"
2.91533936045096e-174,0.331955982626574,0.279,0.047,6.70907047020579e-170,"0","ACVR1"
4.88136972201845e-174,0.386387611375282,0.262,0.04,1.12334961412811e-169,"0","ATPAF2"
5.05364550059531e-174,0.373998870044717,0.257,0.038,1.162995439052e-169,"0","WRN"
5.33908117775444e-174,0.255535777481508,0.29,0.052,1.22868275143663e-169,"0","CMAHP"
5.83865592048051e-174,0.357892187524156,0.286,0.05,1.34364988698018e-169,"0","UNC119"
7.15980540035716e-174,0.301477448795797,0.275,0.046,1.64768601678419e-169,"0","NUDT16"
1.08638737442048e-173,0.508523883757591,0.26,0.04,2.50010326475386e-169,"0","COA5"
1.20755772954874e-173,0.367429155460004,0.273,0.045,2.77895260301052e-169,"0","VPS33A"
2.1088805986956e-173,0.465964470887914,0.996,0.853,4.85316692177819e-169,"0","RPL35"
3.47414746227312e-173,0.334923486629252,0.294,0.054,7.99505555492912e-169,"0","C19orf47"
5.9854045695778e-173,0.477111129545269,0.26,0.04,1.37742115359694e-168,"0","SRGAP2"
1.01009086045863e-172,0.533729632720016,0.271,0.044,2.32452209717345e-168,"0","ZNF544"
1.03951188352384e-172,0.30815024901451,0.286,0.05,2.39222869755342e-168,"0","CCDC127"
1.33731961980704e-172,0.483550354549961,0.998,0.823,3.07757364106193e-168,"0","GNB2L1"
2.86801293750295e-172,0.406254185052355,0.262,0.041,6.60015817307553e-168,"0","SPIN1"
3.86749843680756e-172,0.557476067548746,0.272,0.045,8.90027415262523e-168,"0","PDLIM7"
5.39636466228873e-172,0.665827498712812,0.261,0.041,1.24186539973251e-167,"0","NFIC"
5.63188417056494e-172,0.295142709101671,0.307,0.06,1.29606550417211e-167,"0","HNRNPA3P6"
8.24229863406825e-172,0.337916959639984,0.916,0.439,1.89680018465813e-167,"0","SEPT2"
8.65365931357432e-172,0.265881235191543,0.259,0.04,1.99146661783286e-167,"0","METTL14"
2.50735365627466e-171,0.423964327620527,0.277,0.047,5.77017296918487e-167,"0","SDHAF1"
5.73982987782289e-171,0.250851554936584,1,0.968,1.32090704978338e-166,"0","RPS6"
6.1927005639099e-171,0.78963076627973,0.311,0.064,1.42512618077258e-166,"0","CCR7"
1.75458292310487e-170,0.401675261758035,0.92,0.461,4.03782168094123e-166,"0","SELT"
2.54098159783899e-170,0.290605742473555,0.324,0.068,5.84756095110687e-166,"0","NCK2"
8.89403442016488e-170,0.546419342075674,0.972,0.624,2.04678414111254e-165,"0","ATP5L"
1.64590861913253e-169,0.313146350865079,0.275,0.047,3.7877295052097e-165,"0","AACS"
1.80253511663473e-169,0.332935630768346,0.917,0.44,4.14817406391151e-165,"0","ATP6V0E1"
2.75170842200895e-169,0.460790474008155,0.299,0.058,6.33250659156919e-165,"0","TANGO2"
2.8470022605053e-169,0.38877511125574,0.965,0.518,6.55180630210086e-165,"0","C19orf43"
3.11743056570614e-169,0.370987861004687,1,0.888,7.17414296085953e-165,"0","PABPC1"
3.40778456501884e-169,0.255963842828388,0.284,0.051,7.84233461947785e-165,"0","ATF7"
8.10652558183522e-169,0.465677444077672,0.27,0.046,1.86555473214774e-164,"0","RFK"
5.98797708172069e-167,0.334187092686173,0.276,0.049,1.37801316581638e-162,"0","C6orf1"
1.00230298961244e-166,0.511640619262651,0.996,0.718,2.30659986999511e-162,"0","OAZ1"
1.22643654908761e-166,0.268851193989805,0.959,0.473,2.82239843041533e-162,"0","AC007969.5"
1.23761703599702e-166,0.338965170251763,0.956,0.498,2.84812808493993e-162,"0","HCLS1"
1.74573703649282e-166,0.513677489698637,0.264,0.044,4.01746464208092e-162,"0","ZNF143"
6.85892074675896e-166,0.277726940619813,0.259,0.042,1.57844343145164e-161,"0","MBIP"
1.31480932304429e-165,0.654012991321745,0.251,0.039,3.02577069512183e-161,"0","C4orf21"
2.00031085814658e-165,0.361940439070393,0.261,0.043,4.60331537785273e-161,"0","HARS2"
5.83598630809664e-165,0.357669325838909,0.958,0.509,1.34303552908228e-160,"0","UBE2D2"
1.06264853242184e-164,0.369744230800596,0.989,0.718,2.44547306766238e-160,"0","H3F3B"
1.22829276440083e-164,0.503982562300572,0.257,0.042,2.82667013871564e-160,"0","MTG2"
1.8118330186515e-164,0.39294058381299,0.287,0.055,4.1695713258227e-160,"0","RGS16"
2.21236720066019e-164,0.651192929228382,0.263,0.045,5.09132063887929e-160,"0","KLHL21"
3.00475407665105e-163,0.272615067515167,0.254,0.041,6.91484055659706e-159,"0","DYNLT3"
3.19820768492509e-163,0.397187616392225,0.251,0.04,7.36003534531811e-159,"0","UXS1"
6.25583436672898e-163,0.493507545558391,0.999,0.854,1.43965516281534e-158,"0","RPL8"
1.77623609048202e-162,0.288217020815615,0.996,0.901,4.08765211502628e-158,"0","RPS20"
1.8123207909579e-162,0.414890364077046,0.254,0.041,4.17069383623142e-158,"0","UROS"
6.48285693857016e-162,0.337847115608284,0.36,0.09,1.49189986727315e-157,"0","CDKN2A"
9.3392212767543e-162,0.28527973359755,0.302,0.062,2.14923499241947e-157,"0","TRAFD1"
1.11873816822094e-161,0.254289131745688,0.954,0.503,2.57455214652684e-157,"0","HNRNPUL1"
1.16302289909884e-161,0.684621440618932,0.252,0.041,2.67646459769616e-157,"0","MPI"
1.6636864081843e-161,0.411084438847402,0.256,0.042,3.82864153115452e-157,"0","SSX2IP"
1.15622734968365e-160,0.407246909943003,0.252,0.041,2.66082599982699e-156,"0","MGMT"
1.29910244770724e-160,0.262711691470458,0.287,0.056,2.98962446290866e-156,"0","SRBD1"
3.03143197977263e-160,0.494209229172656,0.288,0.057,6.97623441505075e-156,"0","PLA2G12A"
3.64140339382259e-160,0.446618853872353,0.261,0.045,8.37996163020392e-156,"0","FAM118B"
4.02555423205387e-158,0.342108799531617,0.275,0.052,9.26400795422557e-154,"0","NELFB"
4.39317233669704e-158,0.343626683671713,0.257,0.044,1.01100074984409e-153,"0","ERLIN2"
9.45775090659742e-158,0.42340285280895,0.273,0.051,2.17651221613526e-153,"0","FAM127B"
1.0600398385541e-157,0.306768233588793,0.272,0.051,2.43946968046456e-153,"0","TMEM60"
1.34904885754795e-157,0.423416094592097,0.969,0.652,3.1045661358751e-153,"0","RPL22"
5.37498566731361e-157,0.286262447626044,0.264,0.047,1.23694545161888e-152,"0","MARCKSL1"
1.30671112018814e-156,0.420120505979183,0.26,0.046,3.00713430088896e-152,"0","C1orf86"
4.76906665205275e-156,0.626087975726657,0.253,0.044,1.0975053086369e-151,"0","QSOX1"
5.61069856398675e-156,0.262167706902732,0.964,0.543,1.29119006053027e-151,"0","SFPQ"
7.80994768313268e-156,0.540953441591562,0.281,0.055,1.79730326031932e-151,"0","IDH1"
3.62937851452084e-155,0.280781568027887,0.252,0.043,8.3522887754668e-151,"0","FBXO28"
4.86886663486627e-155,0.287262404051097,0.253,0.044,1.12047227868178e-150,"0","TRAPPC11"
5.09408634703918e-155,0.369254194733689,0.253,0.044,1.17230209104413e-150,"0","ALG6"
5.74826748168277e-155,0.308531853801705,0.934,0.465,1.32284879555966e-150,"0","PAPOLA"
2.87378779634251e-154,0.324624589241495,0.274,0.053,6.61344785572302e-150,"0","THAP9-AS1"
1.63183280862285e-153,0.318831633071594,0.319,0.074,3.75533684248378e-149,"0","PLOD1"
1.79081742489728e-153,0.321972473657993,0.258,0.047,4.12120813991612e-149,"0","SLC41A3"
8.03463359829378e-153,0.277907934888557,0.949,0.483,1.84901022997535e-148,"0","SEPT6"
1.47233226637725e-152,0.299850061087865,0.266,0.051,3.38827824461397e-148,"0","KIF21A"
1.15921909496573e-151,0.396657532187681,0.256,0.046,2.66771090324462e-147,"0","AKAP10"
2.49101751157145e-151,0.289361970414159,0.27,0.052,5.73257859937938e-147,"0","RAB39B"
7.49501186694082e-151,0.286665222112771,0.949,0.497,1.72482708093909e-146,"0","TOP1"
9.37674249961127e-151,0.298147974854203,0.251,0.044,2.15786975143554e-146,"0","RINT1"
1.38013411014555e-149,0.394657047219626,0.319,0.076,3.17610262767796e-145,"0","PYCR1"
1.66024855687172e-149,0.326424501823876,0.954,0.512,3.82073000392889e-145,"0","EWSR1"
1.87430620941991e-148,0.379922081585073,0.25,0.045,4.31334087973804e-144,"0","SLC35B3"
1.36696562508146e-147,0.281280620182236,0.255,0.047,3.14579799299996e-143,"0","TMEM55A"
3.16003447034081e-147,0.353818044733792,0.957,0.502,7.27218732659531e-143,"0","CSTB"
4.15837735558158e-147,0.264286573644339,0.266,0.052,9.56967380839988e-143,"0","MSTO1"
4.10156273716421e-146,0.489203037532982,0.273,0.056,9.438926327036e-142,"0","LILRB1"
6.82550776977713e-145,0.290112081394632,0.999,0.972,1.57075410305881e-140,"0","RPL23"
1.00277260031253e-144,0.403081833814657,0.955,0.5,2.30768058509923e-140,"0","COX6B1"
1.79731256489418e-144,0.259943940492424,0.279,0.059,4.13615540559098e-140,"0","CPT2"
1.09047154084317e-142,0.360302123282767,0.952,0.518,2.50950215694238e-138,"0","HNRNPA3"
1.36850854950948e-142,0.543920635902799,0.996,0.823,3.14934872498616e-138,"0","ATP5E"
2.35003589556689e-142,0.548709535005005,0.988,0.658,5.40813760646809e-138,"0","CANX"
1.81810400324582e-140,0.277568157403865,0.257,0.051,4.18400274266962e-136,"0","RP4-758J18.2"
1.19949197914661e-139,0.418629488967418,0.986,0.792,2.76039089161009e-135,"0","RPS3A"
1.72826890861008e-139,1.24788491890807,0.313,0.083,3.97726523938439e-135,"0","UCHL1"
2.9185207368737e-139,0.410234707521761,0.989,0.743,6.71639177176745e-135,"0","EEF1B2"
5.73816128532667e-139,0.438695559990191,0.985,0.724,1.32052305659223e-134,"0","RPL24"
7.70496543109743e-139,0.317604327239824,0.95,0.501,1.77314369465845e-134,"0","SRP72"
4.4075286187709e-138,0.285399198520755,0.941,0.474,1.01430456103775e-133,"0","CD99"
1.1826267652666e-137,0.329489630141585,0.253,0.051,2.72157897490802e-133,"0","RNF121"
7.01545574559778e-137,0.38055017564601,0.996,0.883,1.61446683073442e-132,"0","RPS26"
1.41677976114419e-136,0.352776044926832,0.277,0.062,3.26043526432112e-132,"0","TRIP10"
7.11441113353966e-136,0.499348103717182,0.978,0.605,1.63723943416148e-131,"0","PDIA6"
6.50509665135649e-135,0.618285915349905,0.998,0.798,1.49701789237667e-130,"0","CALR"
2.13030703512395e-133,0.300693057951501,0.981,0.595,4.90247557993075e-129,"0","RP11-864N7.2"
9.47192192187403e-132,0.292012650992538,0.983,0.672,2.17977339188087e-127,"0","SLC25A6"
1.17431597132493e-131,0.32643254754789,0.99,0.708,2.70245334481005e-127,"0","EEF2"
6.60127452696628e-131,0.261087480988111,0.257,0.055,1.51915130689075e-126,"0","AP5S1"
4.78160061670403e-128,0.423271778452225,0.993,0.742,1.1003897499221e-123,"0","CTD-2031P19.4"
1.29134356188045e-126,0.367521354118267,0.999,0.969,2.97176893895548e-122,"0","RPS18"
1.65723812090352e-126,0.304927694867349,0.998,0.914,3.81380208763527e-122,"0","RPS5"
1.97316519086149e-124,0.260815579185902,0.965,0.549,4.54084505372954e-120,"0","PCBP1"
2.62686491526049e-120,0.323292446810457,0.941,0.526,6.04520422948896e-116,"0","JTB"
1.08926149545977e-116,0.38060691869416,0.965,0.638,2.50671747950156e-112,"0","ARF1"
3.40579271410751e-115,0.274993867469264,0.992,0.772,7.83775077297562e-111,"0","RPL15"
6.84306707032485e-113,0.324885507510444,0.956,0.551,1.57479502489386e-108,"0","SEC61G"
7.80293391962295e-113,0.284645361250473,1,0.944,1.79568918292283e-108,"0","RPL29"
8.47241306911099e-110,0.337569212330107,0.975,0.64,1.94975641959451e-105,"0","PTPRCAP"
1.20672695418857e-108,0.273817016381255,0.95,0.546,2.77704073967415e-104,"0","UQCRB"
8.23743655068357e-102,0.671359217695798,0.265,0.077,1.89568127340881e-97,"0","HPGD"
1.96061488945462e-100,0.253751758993404,0.993,0.842,4.51196304510192e-96,"0","RPS21"
1.61466523686097e-99,0.285825006680673,0.981,0.82,3.71582910958815e-95,"0","RPL39"
3.60772717291629e-99,0.261105101100161,0.995,0.862,8.30246254303225e-95,"0","RPL14"
2.24044705681551e-98,0.300873988888818,0.98,0.778,5.15594081184954e-94,"0","RPS7"
1.08261732801713e-71,0.331068988703077,0.985,0.843,2.49142725696581e-67,"0","RPS28"
9.79013022811121e-58,0.252529425300636,1,0.967,2.25300266939523e-53,"0","RPS19"
3.02316237976867e-51,0.250000618614309,0.996,0.885,6.95720358456165e-47,"0","RPS14"
2.30675470540026e-25,0.407775359097642,0.961,0.746,5.30853460353763e-21,"0","HSPA5"
0,1.20503275418318,1,0.998,0,"1","MT-CO3"
0,1.10258228803289,0.999,0.998,0,"1","MT-ATP6"
0,1.1271506543209,1,0.999,0,"1","MT-CYB"
0,1.13900758223812,1,0.999,0,"1","MT-RNR2"
0,1.31114430053627,0.999,0.999,0,"1","MT-CO1"
0,1.03738998888989,1,1,0,"1","MT-CO2"
6.30101822375226e-302,1.09983080660259,0.95,0.699,1.45005332383211e-297,"1","MZB1"
1.51696291811212e-289,1.04652063079968,0.999,0.997,3.49098676345141e-285,"1","MT-ND5"
3.37056360382984e-274,0.979876607724494,1,0.999,7.75667802149361e-270,"1","MT-ND4"
6.35610627723199e-269,1.10423492519373,0.995,0.96,1.4627307375794e-264,"1","MT-RNR1"
1.2806099678661e-261,0.9400097584201,0.996,0.976,2.94706771905025e-257,"1","MT-ND4L"
2.4723515875256e-224,0.749292690696175,0.999,0.997,5.68962270837266e-220,"1","MT-ND1"
2.57914516763718e-216,0.745163497724786,0.879,0.552,5.93538677428344e-212,"1","DERL3"
4.08020260385197e-210,1.07973126629381,0.994,0.957,9.38977025224455e-206,"1","MT-ATP8"
8.20523904757695e-155,1.20050120460813,0.545,0.244,1.88827166201888e-150,"1","FCRL5"
3.88602693042449e-145,1.09084492999729,0.81,0.663,8.94291377498589e-141,"1","PPIB"
2.06232203738909e-137,1.40166489208504,0.54,0.279,4.7460217046435e-133,"1","TP53INP1"
1.21763308177245e-123,1.03657834153378,0.873,0.689,2.80213901108293e-119,"1","RP5-857K21.7"
3.61086285034655e-122,1.24943450123026,0.692,0.55,8.30967867750251e-118,"1","C19orf10"
1.67007904907802e-116,1.20506822060781,0.736,0.569,3.84335291564324e-112,"1","MTRNR2L12"
2.74134074354704e-115,0.460391444833988,0.868,0.735,6.3086474531248e-111,"1","ABCG1"
2.61172361472159e-113,0.944634475658313,0.718,0.514,6.0103595545588e-109,"1","RRBP1"
5.94539053189866e-113,0.45595959742304,0.999,0.999,1.36821272310584e-108,"1","MT-ND2"
6.48050598186778e-113,1.38173946580663,0.352,0.135,1.49135884160723e-108,"1","NUGGC"
1.32839611079114e-110,1.42710932881995,0.929,0.8,3.05703796976365e-106,"1","hsa-mir-6723"
9.540338618577e-106,0.428787377826191,0.999,0.999,2.19551812629313e-101,"1","MT-ND3"
1.49422836881763e-105,0.855703759106138,0.727,0.526,3.43866774516002e-101,"1","SDF2L1"
2.8855492645569e-103,0.81844555241358,0.8,0.663,6.6405145225248e-99,"1","PDIA4"
1.1978291909385e-92,1.61289476896672,0.835,0.76,2.75656431710676e-88,"1","SNORD3A"
3.16201707552425e-92,1.23093080573979,0.681,0.547,7.27674989590395e-88,"1","IGHA1"
6.61757304836799e-89,0.794178586439933,0.954,0.85,1.52290208562093e-84,"1","MTND1P23"
2.31345819945745e-88,0.796189782541271,0.81,0.672,5.32396135441142e-84,"1","LSP1"
5.40888732408367e-86,0.639348631506557,0.545,0.306,1.24474723989138e-81,"1","ZBP1"
7.61573315428201e-86,0.608385657795612,0.891,0.792,1.75260867079492e-81,"1","SERF2"
4.82014511041869e-85,0.774652915225013,0.702,0.547,1.10925999426065e-80,"1","FKBP2"
1.13878123605784e-83,1.49090853330406,0.553,0.404,2.6206772585399e-79,"1","NT5DC2"
7.8541493505657e-75,0.808668537401382,0.731,0.619,1.80747539004568e-70,"1","COPE"
8.74682432620241e-74,0.608698261130402,0.73,0.607,2.01290668218896e-69,"1","TXNDC11"
4.81191292732482e-73,0.891794897058764,0.567,0.388,1.10736552196526e-68,"1","TNFRSF17"
2.13878826825355e-72,2.5396725090804,0.255,0.111,4.9219934417319e-68,"1","LILRB4"
1.04287294840315e-70,1.41063939883794,0.323,0.158,2.39996351616016e-66,"1","IGF1"
1.08615488902899e-70,0.882716376892131,0.657,0.527,2.49956824612242e-66,"1","SEMA4A"
2.61219850162124e-70,0.696202063604314,0.772,0.653,6.01145241178096e-66,"1","P4HB"
2.7697779081433e-70,1.10169641743689,0.734,0.645,6.37408990001018e-66,"1","NEAT1"
4.50590392554937e-70,0.747089884798075,0.736,0.631,1.03694367038668e-65,"1","HDLBP"
1.14835892580514e-69,0.722211677273572,0.775,0.63,2.64271839595536e-65,"1","MANF"
1.30350466806373e-67,0.68568466085951,0.767,0.709,2.99975529261506e-63,"1","RPN2"
3.32759574786366e-67,0.819916228199363,0.727,0.611,7.65779609455864e-63,"1","PRDX5"
2.72130367991153e-64,0.360167321699776,0.951,0.941,6.26253615858039e-60,"1","GNAS"
1.34741493359814e-63,0.374332893284796,0.632,0.44,3.10080598668939e-59,"1","CPNE5"
6.04014597200058e-62,0.416895007646588,0.984,0.987,1.39001879253649e-57,"1","MALAT1"
1.23116170793446e-58,0.980388691677661,0.582,0.48,2.83327243846956e-54,"1","ITGB7"
5.47142696129522e-57,0.724337445753941,0.592,0.452,1.25913948660287e-52,"1","CKAP4"
1.3294862073555e-56,1.37622912118886,0.442,0.296,3.0595466089872e-52,"1","AL928768.3"
4.85757627565403e-56,0.50843398123653,0.404,0.221,1.11787402831626e-51,"1","ANKRD36BP2"
1.03719042167431e-53,0.702563282307015,0.724,0.668,2.3868863173991e-49,"1","SSR2"
1.56636499400718e-52,0.619999805100224,0.732,0.636,3.60467576070873e-48,"1","RPN1"
1.9871036360307e-52,0.528251829168573,0.817,0.755,4.57292159759745e-48,"1","TMEM258"
4.38815641177398e-52,1.30536732067257,0.513,0.39,1.00984643504155e-47,"1","MKI67"
8.30515184782189e-52,0.66301481831663,0.55,0.416,1.91126459473925e-47,"1","SPATS2"
6.64577007590724e-50,0.796605709177128,0.413,0.269,1.52939106756853e-45,"1","METTL7A"
9.7720010390937e-50,1.24777799645766,0.324,0.186,2.24883059912663e-45,"1","KDM5D"
1.08023786269315e-49,0.431271064452015,0.83,0.744,2.48595139341574e-45,"1","POU2AF1"
2.28205069155861e-49,0.564430785981309,0.731,0.668,5.25168325648383e-45,"1","TMED9"
9.34003904608021e-49,0.678274501186145,0.41,0.255,2.14942318567444e-44,"1","RP11-16E12.2"
3.57356958469774e-47,0.592977118436438,0.768,0.72,8.22385568526491e-43,"1","UBE2J1"
9.43433398782771e-47,0.486770809444153,0.809,0.747,2.17112328061879e-42,"1","SSR3"
1.2407483198905e-46,1.22676171060574,0.383,0.259,2.855334108564e-42,"1","CEP128"
5.13880430694047e-45,0.34298753410312,0.722,0.643,1.18259303515621e-40,"1","SEL1L3"
6.7842432190741e-44,0.371111830248454,0.674,0.554,1.56125789200552e-39,"1","CD27"
1.32866174582685e-43,1.24382064612274,0.476,0.378,3.05764927567133e-39,"1","MT-TM"
7.55741131687786e-41,0.666819605770981,0.515,0.391,1.7391870663531e-36,"1","GLCCI1"
1.04682918595019e-40,0.555442074245831,0.796,0.755,2.40906800562718e-36,"1","SEC11C"
1.16601032443265e-40,1.18520890223448,0.497,0.413,2.68333955961685e-36,"1","RP5-857K21.11"
2.45640575937578e-39,1.62502171871765,0.396,0.303,5.65292657405148e-35,"1","GGH"
1.32941802323752e-38,0.460871155347238,0.586,0.459,3.05938969687651e-34,"1","YPEL3"
2.65915693379892e-36,0.619610446934549,0.302,0.179,6.11951785175145e-32,"1","C10orf54"
9.46124521700888e-35,1.01655301798639,0.374,0.271,2.17731636179025e-30,"1","CYBA"
4.81755934198874e-34,0.744645099997579,0.596,0.545,1.10866493137187e-29,"1","EDEM1"
1.2035015597116e-33,0.262630804902668,0.697,0.526,2.76961813936431e-29,"1","LGALS1"
7.00130367143638e-32,0.688594755858081,0.629,0.582,1.61121001390766e-27,"1","DNAJB11"
7.3289936109215e-31,0.690709070537486,0.394,0.29,1.68662129968136e-26,"1","NXPE3"
2.37143581636433e-30,0.622552385936192,0.628,0.585,5.45738524419924e-26,"1","ERP29"
5.10550514628764e-30,0.499959182142418,0.609,0.555,1.17492989931517e-25,"1","OS9"
5.78387615292593e-30,0.516168086537434,0.604,0.553,1.33104341907284e-25,"1","HM13"
2.01504524049445e-29,0.604918470110059,0.361,0.252,4.63722361194988e-25,"1","CASP10"
6.18314305211207e-29,0.700578361961021,0.578,0.522,1.42292671058255e-24,"1","LMAN2"
1.61271395815353e-28,0.59821449966409,0.663,0.633,3.71133863189872e-24,"1","LMAN1"
2.54544936550885e-28,0.775549212669031,0.509,0.443,5.85784262484551e-24,"1","MAPKAPK2"
3.54440778124093e-27,0.701104295738643,0.357,0.254,8.15674562696975e-23,"1","KCNN3"
1.80622750770778e-26,0.753318763368121,0.336,0.241,4.15667136348792e-22,"1","GNG7"
2.39447119646236e-26,0.572859351837483,0.507,0.438,5.51039656441882e-22,"1","GOLGB1"
5.78287314959337e-25,0.441694635381637,0.908,0.785,1.33081259791592e-20,"1","TMSB10"
6.67304837152644e-25,0.939246479076168,0.416,0.345,1.53566862173938e-20,"1","GMPPA"
3.33497361752638e-24,1.0140614800295,0.253,0.169,7.67477478601346e-20,"1","SLC38A10"
3.3644179946092e-24,1.13702552913336,0.43,0.379,7.74253513099416e-20,"1","PTPN18"
4.03582182221756e-24,0.472524321236286,0.8,0.776,9.28763675946928e-20,"1","SUB1"
1.39971795938025e-23,0.695781960461608,0.546,0.518,3.22117093992176e-19,"1","TECR"
1.72755033357557e-23,0.665830401130708,0.491,0.438,3.97561158265746e-19,"1","ERGIC3"
2.04872151738514e-23,0.687643182479487,0.493,0.434,4.71472282795843e-19,"1","OGT"
3.4537627292839e-23,0.699103566502741,0.558,0.484,7.94814416890105e-19,"1","PRDX2"
4.50075286640554e-23,0.743873395694482,0.421,0.349,1.03575825714591e-18,"1","SLC44A1"
9.59329008288712e-23,0.327342765705394,0.292,0.194,2.20770384677481e-18,"1","RASSF6"
2.60164607652501e-21,0.968492645421039,0.342,0.27,5.98716811590702e-17,"1","IDH2"
5.09895182465374e-21,0.34986236035635,0.809,0.765,1.17342178340756e-16,"1","NDUFA1"
7.34992350989551e-21,0.593194966160464,0.55,0.502,1.69143789733225e-16,"1","MLEC"
9.70384911430475e-21,0.619167565049679,0.567,0.535,2.23314679667495e-16,"1","ACADVL"
4.88893930418101e-20,1.27398722651179,0.363,0.313,1.12509160207118e-15,"1","MTATP6P1"
5.9499166573161e-20,0.881269557576212,0.297,0.221,1.36925432034815e-15,"1","RABAC1"
1.77131721307032e-19,1.11222252012691,0.336,0.274,4.07633230243872e-15,"1","LRPAP1"
5.70918596149448e-19,1.29205384109254,0.316,0.255,1.31385496531873e-14,"1","ITM2A"
6.33105325761388e-19,0.488449021300229,0.408,0.338,1.45696528617468e-14,"1","TMEM184B"
1.17528096187335e-18,0.451175383311268,0.642,0.609,2.70467407755913e-14,"1","CD99"
1.27617408752639e-18,0.59399708412478,0.361,0.286,2.93685942762448e-14,"1","NUCB2"
2.26197818426961e-18,0.589627045964589,0.528,0.506,5.20549039545966e-14,"1","DERL1"
2.48145966188897e-18,0.636771769190125,0.307,0.229,5.71058311990509e-14,"1","BHLHE41"
4.26614216552989e-18,0.386580598258829,0.168,0.285,9.81767296553393e-14,"1","FANCI"
4.32414874112673e-18,0.641895852727617,0.474,0.433,9.95116349795495e-14,"1","TMEM214"
5.16078615179013e-18,0.652153339280016,0.576,0.511,1.18765171711146e-13,"1","SMC4"
5.81321587548169e-18,0.261253142309274,0.739,0.748,1.3377953694246e-13,"1","SPCS3"
2.32251211191429e-17,0.340218346916683,0.61,0.596,5.34479712314835e-13,"1","SEC14L1"
3.09931578510968e-17,1.32640654392631,0.338,0.289,7.13245541627291e-13,"1","SLC17A9"
6.4632852850425e-17,1.34061550793802,0.312,0.255,1.48739584264683e-12,"1","PHGDH"
7.02565392816004e-17,1.02801976290628,0.263,0.199,1.61681373848747e-12,"1","CCDC14"
7.79040629860686e-17,0.409880773971509,0.445,0.374,1.7928062014984e-12,"1","PPAPDC1B"
2.63752857893094e-16,0.390928094716614,0.718,0.731,6.06974451869377e-12,"1","TRAM1"
3.14469520559202e-16,0.823305421358018,0.473,0.442,7.23688707662892e-12,"1","DNM2"
3.8793723252846e-16,0.282685856848262,0.156,0.26,8.92759953217746e-12,"1","TSTA3"
4.1639075000477e-16,0.275120905345205,0.768,0.703,9.58240032985978e-12,"1","POU2F2"
7.82206132336597e-16,0.354350946540658,0.664,0.626,1.80009097234621e-11,"1","NDUFB11"
9.02582870484332e-16,0.696661026056969,0.256,0.188,2.07711395984559e-11,"1","WDR45"
1.04477334646946e-15,0.292912485306417,0.161,0.266,2.40433690223017e-11,"1","RNASEH2A"
1.17803634985949e-15,0.926412093463375,0.431,0.394,2.71101505193165e-11,"1","GPAA1"
1.42132898809245e-15,0.532674020686978,0.36,0.296,3.27090440029714e-11,"1","PLD3"
1.47715751396053e-15,0.411329977786326,0.561,0.537,3.39938258687736e-11,"1","COPG1"
1.51021277858415e-15,0.29407480613677,0.161,0.264,3.47545266735569e-11,"1","BRCA1"
1.88835425618893e-15,0.353391072398446,0.154,0.257,4.34566964976758e-11,"1","RAD51AP1"
2.36762496904947e-15,0.508548328714853,0.561,0.538,5.44861534127356e-11,"1","GANAB"
3.93544683900955e-15,0.6975673682202,0.375,0.327,9.05664381061268e-11,"1","B4GALT3"
1.07344238915869e-14,1.43792562112677,0.279,0.228,2.47031297017089e-10,"1","MT-TN"
1.4469521687218e-14,0.949658881733024,0.401,0.361,3.32987102587949e-10,"1","YIF1B"
3.55032874543019e-14,0.609406542319389,0.544,0.519,8.17037154185849e-10,"1","AARS"
4.65785047452265e-14,0.519824480032886,0.153,0.251,1.0719111297019e-09,"1","ZNRF1"
4.74481257812974e-14,0.800678336350234,0.346,0.298,1.091923718605e-09,"1","PDXK"
5.25803126683677e-14,0.280318649454968,0.22,0.34,1.21003073543715e-09,"1","AP2S1"
6.51015785624031e-14,0.444983590322844,0.605,0.586,1.49818262745658e-09,"1","EDF1"
7.18834566336325e-14,0.573570642342251,0.513,0.487,1.65425398750979e-09,"1","CRELD2"
8.9299933198156e-14,0.40404995431958,0.177,0.281,2.05505936268916e-09,"1","ATAD5"
1.1620591422103e-13,0.323020052417881,0.171,0.27,2.67424670396856e-09,"1","TACC3"
3.9372788039034e-13,0.578500486456422,0.254,0.194,9.06085971142289e-09,"1","PNOC"
4.67642162500409e-13,0.623839684631318,0.607,0.622,1.07618490856219e-08,"1","CD44"
5.06581164857015e-13,0.6816100074247,0.309,0.253,1.16579523468545e-08,"1","RNASE6"
5.73787117878152e-13,0.633725502525999,0.475,0.452,1.32045629437299e-08,"1","ATP2A3"
8.96786733649412e-13,0.527517284871044,0.52,0.508,2.06377531014739e-08,"1","PRKCSH"
1.59302574012896e-12,0.406633543806644,0.306,0.246,3.66603013575878e-08,"1","CBX4"
1.89187725395316e-12,0.512851859203052,0.545,0.524,4.3537771245224e-08,"1","ENTPD1"
2.57900687816907e-12,0.280862065631644,0.192,0.295,5.93506852873047e-08,"1","MRPL40"
2.9334178952255e-12,0.452886326261949,0.542,0.511,6.75067460228244e-08,"1","HYOU1"
3.24502385636997e-12,0.405300034659989,0.666,0.634,7.46777340066422e-08,"1","CSTB"
5.26521760602827e-12,0.2775941854697,0.17,0.264,1.21168452767529e-07,"1","FAM111A"
7.77952430146237e-12,0.762457959615439,0.427,0.408,1.79030192749554e-07,"1","H3F3AP4"
1.22805149723809e-11,0.538191481993303,0.202,0.304,2.82611491059403e-07,"1","ASF1B"
1.29134447382955e-11,0.511798681136657,0.439,0.403,2.97177103762393e-07,"1","HIPK2"
2.44925720526168e-11,0.535775505317597,0.498,0.495,5.6364756064687e-07,"1","KDELR2"
2.72123126030628e-11,0.469408915882203,0.525,0.503,6.26236949934285e-07,"1","HDAC7"
2.8851433193612e-11,0.587907134328083,0.496,0.48,6.63958032084594e-07,"1","RHOQ"
3.19805039484915e-11,0.385424332709039,0.564,0.562,7.35967337366634e-07,"1","LENG8"
3.20756977903597e-11,0.399958399630829,0.207,0.308,7.38158033249548e-07,"1","CHAF1A"
3.86622727605735e-11,0.578226602015927,0.42,0.385,8.89734883039078e-07,"1","BTN3A2"
3.86980361087505e-11,0.410476455378319,0.167,0.258,8.90557904970676e-07,"1","COMMD4"
5.33338498669419e-11,0.272452507213061,0.197,0.289,1.22737188698793e-06,"1","PRC1"
8.04113325661058e-11,0.499826494771165,0.178,0.266,1.85050599634379e-06,"1","PKMYT1"
1.18283377792183e-10,0.704896232335762,0.415,0.391,2.7220553731315e-06,"1","PREB"
1.25285779549112e-10,0.663462264884744,0.368,0.335,2.88320164476372e-06,"1","SEC24D"
1.3925618767944e-10,0.289393386751751,0.231,0.336,3.20470264706695e-06,"1","NARF"
2.2505394159049e-10,1.21699489673801,0.262,0.224,5.17916635782196e-06,"1","PIGT"
2.50614931611473e-10,0.584223576743524,0.28,0.232,5.76740142117483e-06,"1","TNK2"
3.3129326933243e-10,0.829034288139333,0.427,0.424,7.62405200714721e-06,"1","DDOST"
4.79809329401083e-10,0.698795849863873,0.404,0.38,1.10418520975071e-05,"1","SEC61A1"
4.8752386767285e-10,0.286425013427151,0.177,0.266,1.12193867667553e-05,"1","DCPS"
5.26443431370137e-10,0.724476418487878,0.298,0.255,1.2115042686121e-05,"1","EDEM2"
5.37222172704057e-10,0.408157175291716,0.572,0.569,1.23630938604385e-05,"1","TCF25"
6.60312850248377e-10,0.328138965961565,0.636,0.619,1.51957796227659e-05,"1","SND1"
9.68775365854404e-10,0.72182606707405,0.167,0.251,2.22944274944074e-05,"1","KIF2C"
1.33927577877418e-09,0.256533162337972,0.208,0.305,3.08207534969302e-05,"1","IDH3G"
1.51379407423411e-09,0.736331823624285,0.341,0.305,3.48369430303496e-05,"1","LARP1B"
1.94517045361748e-09,1.03600122180308,0.374,0.358,4.4764207649099e-05,"1","ASNS"
2.07283745529608e-09,0.327110327962157,0.527,0.523,4.77022083587287e-05,"1","CCDC69"
2.09572518417435e-09,0.329856878997144,0.641,0.648,4.82289236634043e-05,"1","SSR1"
2.28514147758319e-09,0.317395906713118,0.671,0.691,5.25879608236219e-05,"1","SERP1"
2.45966865627349e-09,0.254456503627726,0.206,0.301,5.66043547868217e-05,"1","INTS8"
2.92346879503195e-09,0.429399877064062,0.642,0.665,6.72777873800702e-05,"1","H3F3A"
5.83599599250634e-09,0.350598213904785,0.592,0.524,0.000134303775775548,"1","HMGB2"
6.08813156265423e-09,0.277328815134992,0.22,0.315,0.000140106171651362,"1","GYS1"
8.64957707740055e-09,0.297097575628679,0.683,0.674,0.000199052717282219,"1","SEC61G"
9.14235412710743e-09,0.599737501472666,0.306,0.271,0.000210392995527123,"1","CDK5RAP3"
1.15493083755506e-08,0.337012127033435,0.192,0.279,0.000265784233646545,"1","KDM1A"
1.43782920848552e-08,0.685675620376239,0.168,0.25,0.000330887635748772,"1","CDKN3"
1.67377613320255e-08,0.322743387050153,0.242,0.342,0.000385186101533902,"1","NDUFV1"
1.7972445200295e-08,0.53081767738846,0.518,0.518,0.00041359988139439,"1","OSTC"
2.9720115419279e-08,0.608863160727882,0.251,0.209,0.000683949016143868,"1","HERC2P2"
3.56604592362229e-08,0.472491978061022,0.505,0.511,0.000820654148403198,"1","SEC63"
3.91625178979754e-08,0.671268267239146,0.447,0.414,0.000901247024386107,"1","HIST1H4C"
5.05342428266969e-08,0.26724750157378,0.183,0.262,0.00116294453017078,"1","RNGTT"
5.24514384692265e-08,0.508971312558075,0.439,0.426,0.00120706495349231,"1","SLC1A4"
6.15328705660826e-08,0.995802431950491,0.346,0.325,0.00141605595033726,"1","BUB1"
1.05640113125527e-07,0.511915550101689,0.176,0.254,0.00243109592335776,"1","TSPO"
1.181764701677e-07,0.517022476311986,0.434,0.425,0.00271959510796928,"1","MAN2A1"
1.20782471867228e-07,0.57783124328777,0.193,0.271,0.00277956702508052,"1","NUF2"
1.23146413363335e-07,0.250684555329663,0.237,0.328,0.00283396841073044,"1","JAK3"
1.23378684170949e-07,0.30307241171166,0.579,0.595,0.00283931365882605,"1","CD63"
1.42425583560765e-07,0.617767322210296,0.347,0.327,0.00327763995448388,"1","SPCS2P4"
1.53323575417326e-07,0.515609464883749,0.182,0.259,0.00352843544107892,"1","NDC80"
1.72493526089277e-07,0.66003633008797,0.418,0.415,0.00396959351589252,"1","C17orf62"
2.31689165272236e-07,0.430179207947097,0.208,0.292,0.00533186276040997,"1","RNF181"
2.40918970612175e-07,0.272573724441687,0.578,0.594,0.00554426827069798,"1","SPCS2"
2.99098360096601e-07,0.428044324391788,0.206,0.29,0.00688315056090307,"1","RABL6"
3.36518416323381e-07,0.283484792350223,0.236,0.329,0.00774429831484996,"1","AP1G2"
3.53647896932798e-07,0.286639609538854,0.218,0.302,0.00813849905211447,"1","SLC35E1"
4.13570966755206e-07,0.425805202907009,0.408,0.395,0.00951750865793756,"1","TXNDC15"
4.2053945300555e-07,0.435995691548255,0.183,0.257,0.00967787443201673,"1","BAK1"
5.99673604066865e-07,0.311836900179071,0.223,0.303,0.0138002886503908,"1","ISOC2"
8.75582662805721e-07,1.12406273897485,0.289,0.271,0.0201497838191481,"1","HCST"
1.16602174102493e-06,0.364493507777046,0.183,0.256,0.0268336583262067,"1","MCM3AP"
1.20263681191351e-06,0.601955447576839,0.196,0.272,0.0276762809525656,"1","CDC6"
1.26821884504482e-06,0.319213821509829,0.508,0.511,0.0291855202810165,"1","USP48"
1.35049324589685e-06,0.443220855223699,0.218,0.296,0.0310789010678243,"1","KIF11"
1.69015143650943e-06,0.31638246681947,0.225,0.305,0.0388954550083915,"1","CKAP2"
2.33763087774232e-06,0.2685547663751,0.432,0.42,0.0537958993894841,"1","PNPLA2"
2.81960531666246e-06,0.414445146050981,0.205,0.283,0.0648875771523532,"1","SLC39A8"
3.56913349986732e-06,0.707305239412798,0.252,0.222,0.0821364692324467,"1","ARL4C"
4.98204006098981e-06,0.436712001004836,0.439,0.435,0.114651687923558,"1","SLC39A7"
5.54573148105633e-06,0.29271940074543,0.45,0.445,0.127623918573549,"1","DNAJC1"
5.57939444298351e-06,0.250710751488584,0.67,0.697,0.12839860431638,"1","SEC61B"
7.27873299442469e-06,0.332538734774365,0.342,0.44,0.167505482400695,"1","NDUFS2"
8.35212135997867e-06,1.37795696981177,0.264,0.251,0.192207368857189,"1","APOBEC3B"
8.58142285496615e-06,0.256071355576851,0.229,0.305,0.197484284161336,"1","CTSC"
9.03283274161367e-06,0.295078005263836,0.281,0.362,0.207872579882756,"1","H2AFX"
1.04910888036511e-05,0.330425220704727,0.257,0.224,0.241431426638422,"1","BTN3A1"
1.1136872226176e-05,0.417262956965424,0.23,0.312,0.256292840540989,"1","NUP210"
1.16952501223225e-05,0.316122399146893,0.643,0.64,0.269142791065008,"1","COX6B1"
1.32123440076959e-05,0.321496082339621,0.275,0.366,0.304055672649106,"1","QARS"
1.84241970862009e-05,0.447836000334231,0.222,0.301,0.423996047544742,"1","FTSJ1"
2.14253088534069e-05,0.256920280553053,0.342,0.431,0.493060632643454,"1","TRAF3IP3"
2.16996228858555e-05,0.339497642192325,0.289,0.372,0.499373421472193,"1","NCAPD2"
2.19205310378794e-05,0.305186564281461,0.305,0.397,0.504457180774719,"1","CARS"
3.01863840284868e-05,0.44065146374107,0.274,0.361,0.694679255647567,"1","BCL2L12"
3.25947401002801e-05,0.431846581264838,0.203,0.271,0.750102753927745,"1","CD320"
3.6037365094093e-05,0.78186078676681,0.302,0.294,0.829327882910361,"1","UGGT1"
3.64750773514063e-05,0.369785925953558,0.188,0.253,0.839400955087913,"1","EHD1"
3.90297877076136e-05,0.284167585399409,0.276,0.357,0.898192504515311,"1","SEPHS1"
3.96109819810626e-05,0.675189708398218,0.37,0.371,0.911567528330194,"1","NANS"
5.00377202185074e-05,0.321281657945532,0.206,0.274,1,"1","NET1"
6.3056396349687e-05,0.819119360807345,0.188,0.254,1,"1","SPAG5"
6.53546440462109e-05,0.341355602665077,0.582,0.597,1,"1","ATPIF1"
6.79121786594934e-05,0.277961172487204,0.2,0.266,1,"1","SUPT6H"
7.52696261821389e-05,0.49068490803178,0.466,0.479,1,"1","NUCB1"
8.74714106610328e-05,0.328261856660008,0.587,0.591,1,"1","TCEB2"
8.9432790628775e-05,0.385981694540967,0.336,0.322,1,"1","FBXO18"
0.000104162270678076,0.30579507717711,0.223,0.296,1,"1","RPS15AP1"
0.000111755084539956,0.431525572050356,0.42,0.428,1,"1","STT3A"
0.000118266900870004,0.376536909078887,0.197,0.265,1,"1","RPL21P28"
0.000132479213212779,0.339313597747131,0.508,0.516,1,"1","SRPRB"
0.000141047909096234,0.323887722814652,0.225,0.296,1,"1","SLC35C2"
0.000154964526343491,0.464818302535994,0.251,0.327,1,"1","REEP4"
0.000176517230072011,0.470960008043297,0.337,0.33,1,"1","GUSB"
0.000204504230278882,0.291727775358771,0.391,0.386,1,"1","SYVN1"
0.000232344316621996,0.262187410485008,0.234,0.304,1,"1","FGD2"
0.000269822508577569,0.31835886564387,0.52,0.526,1,"1","RTN3"
0.000309593349515266,0.576227260206549,0.267,0.234,1,"1","IGHG4"
0.00034416508413564,0.267721816743095,0.489,0.513,1,"1","TMEM59"
0.00035229383045993,0.856312995416129,0.322,0.324,1,"1","SLC9A3R1"
0.00038074157171341,0.587110034629188,0.338,0.338,1,"1","TOR3A"
0.000410588507836934,1.00900815779687,0.321,0.33,1,"1","SHCBP1"
0.000427168341743438,0.321958313896542,0.219,0.285,1,"1","KIAA2013"
0.000434607414365963,0.454255685838644,0.259,0.24,1,"1","SEC24A"
0.000508572234254299,0.262946248258754,0.317,0.402,1,"1","GUK1"
0.000648449274346024,0.263706253783757,0.326,0.38,1,"1","RRM2"
0.000686784401909736,0.334202677808385,0.455,0.478,1,"1","ERLEC1"
0.000807384837659798,0.6680977216809,0.336,0.326,1,"1","TOP2A"
0.000923625457261398,0.665755006118472,0.383,0.397,1,"1","GRK6"
0.00127587158967911,0.6408991296385,0.279,0.356,1,"1","PTPN6"
0.00139859581492296,0.674536634141567,0.346,0.358,1,"1","MZT2B"
0.00144357699864307,0.28699311069842,0.205,0.261,1,"1","SCAF1"
0.00153815425898582,0.358461080068204,0.199,0.253,1,"1","STK38"
0.00205705905729331,0.35591861940585,0.279,0.264,1,"1","APOL1"
0.00239982381250915,0.315302642655061,0.281,0.356,1,"1","UBR5"
0.00239993028813964,0.409458214108351,0.206,0.262,1,"1","GAK"
0.00282130384069579,0.310766454326737,0.508,0.542,1,"1","AKR1A1"
0.00369924647135578,0.33756509234962,0.487,0.511,1,"1","GMFG"
0.00382519198436213,0.354259663424426,0.287,0.346,1,"1","NCAPG"
0.00390640304385353,0.373124699682813,0.313,0.385,1,"1","KIF20B"
0.00407082104714262,0.592106860050132,0.335,0.349,1,"1","TMEM208"
0.00429170801022146,0.356725949401641,0.506,0.527,1,"1","MARS"
0.00438842577105658,0.524475920136826,0.198,0.251,1,"1","NUDT22"
0.00441626671874511,0.378957066234088,0.478,0.506,1,"1","STT3B"
0.00464792214975272,0.469085628434443,0.252,0.31,1,"1","FBXO5"
0.00478888510860685,0.309854338826095,0.326,0.388,1,"1","MYBL2"
0.00550984926786463,0.289302835284544,0.363,0.445,1,"1","ITGAL"
0.00662509972062289,0.379857857026727,0.445,0.473,1,"1","MPHOSPH8"
0,3.10477759966052,0.918,0.17,0,"2","XAF1"
0,3.11346595621113,0.915,0.219,0,"2","MX1"
0,2.60704302575878,0.919,0.239,0,"2","ISG15"
0,4.12635781067421,0.945,0.288,0,"2","IGHG2"
0,3.16887377537175,0.747,0.163,0,"2","IGHG4"
0,3.45179251338947,0.981,0.407,0,"2","IGHG3"
0,3.90289518599636,0.939,0.426,0,"2","IGHG1"
0,2.84953327541651,0.602,0.1,0,"2","IFI44L"
0,3.2438430720579,0.549,0.072,0,"2","RSAD2"
0,3.22284513629287,0.995,0.529,0,"2","IFI6"
0,3.62246672139973,0.84,0.409,0,"2","IGHGP"
0,2.97440682472036,0.498,0.076,0,"2","IFIT1"
0,2.33215283787782,0.948,0.703,0,"2","XBP1"
0,1.92783724190294,0.95,0.748,0,"2","SSR4"
0,2.0624006904225,0.994,0.945,0,"2","CD79A"
1.21115246635571e-295,2.62425807149093,0.869,0.533,2.7872251708244e-291,"2","ITM2C"
1.39310393048185e-279,2.54866529056697,0.736,0.273,3.20595007521787e-275,"2","CECR1"
1.58131852897527e-266,3.27319600397604,0.436,0.071,3.63908833073079e-262,"2","IFIT3"
1.37735692541149e-262,1.38570098763489,0.976,0.954,3.16971149244946e-258,"2","HLA-C"
1.79055387969458e-262,1.34552896267681,0.991,0.981,4.12060164334113e-258,"2","B2M"
3.17004302422097e-247,2.12032000170133,0.867,0.591,7.29522001163973e-243,"2","BTG2"
1.66238658991599e-241,2.39662335972857,0.787,0.426,3.82565025937367e-237,"2","SAMD9L"
3.693155371007e-241,2.34367574054138,0.744,0.332,8.4990584552984e-237,"2","IRF7"
1.27815068753796e-234,2.49805842143032,0.788,0.471,2.9414081772311e-230,"2","STAT1"
1.9621555435991e-234,1.06768988234753,0.999,0.833,4.5155085524846e-230,"2","IGJ"
2.00332725644524e-233,1.19637411708561,0.994,0.983,4.61025701525743e-229,"2","HLA-A"
1.63438244780756e-222,2.68522043288352,0.691,0.317,3.76120432713954e-218,"2","OAS2"
5.11570742158183e-221,2.76516291069125,0.467,0.107,1.17727774892863e-216,"2","IFITM1"
2.25640573973996e-218,2.6413663951773,0.459,0.102,5.19266652886356e-214,"2","IFI44"
3.28002210395818e-205,2.55555661278202,0.58,0.195,7.54831486783897e-201,"2","CD38"
1.30178069457257e-187,1.31283348492757,0.933,0.825,2.99578791241985e-183,"2","TMBIM6"
3.97623761132404e-187,1.9617709516377,0.784,0.47,9.15051561494001e-183,"2","ISG20"
1.51508126353706e-182,1.63337524075961,0.868,0.728,3.48665651177784e-178,"2","PSAP"
2.08836624103586e-182,3.27552906237091,0.306,0.048,4.80595723049584e-178,"2","IFI27"
2.19019874428538e-160,1.72448335593612,0.81,0.578,5.04030437022394e-156,"2","FAM46C"
1.74684828722222e-157,1.15277289768265,0.967,0.956,4.0200219633845e-153,"2","HLA-B"
6.99756694188877e-146,2.60215513534623,0.453,0.154,1.61035008033686e-141,"2","SLFN5"
3.17047561022864e-143,2.1593742764321,0.658,0.382,7.29621552181917e-139,"2","LY6E"
1.04239888906964e-141,3.01228502328844,0.354,0.091,2.39887256341596e-137,"2","ITGA6"
3.90918196738536e-141,1.4553013206257,0.852,0.613,8.99620046154392e-137,"2","DERL3"
9.63569889338778e-135,2.49575672579083,0.413,0.132,2.21746338633533e-130,"2","EPSTI1"
1.14036351084011e-125,2.41018067972526,0.481,0.196,2.62431854749635e-121,"2","OAS1"
5.37186530732097e-123,1.28814217968049,0.948,0.879,1.23622736317378e-118,"2","FTL"
5.06776867769806e-121,1.22039896082644,0.93,0.843,1.16624560579866e-116,"2","PIM2"
1.57327868721826e-118,2.60433412602669,0.361,0.108,3.62058624289538e-114,"2","IGLV6-57"
2.59504565076353e-118,1.00661122367824,0.923,0.747,5.97197855610212e-114,"2","MZB1"
2.34394050609328e-117,2.4001634215098,0.513,0.242,5.39411028667247e-113,"2","IFI35"
4.97855382784392e-112,1.60675944774736,0.748,0.563,1.14571459240172e-107,"2","CD27"
1.14262393032193e-109,1.44947587365217,0.755,0.552,2.62952045084987e-105,"2","TXNIP"
4.8998162578688e-105,1.99058045132132,0.564,0.313,1.12759471542335e-100,"2","PARP14"
1.31157848232406e-103,2.32808426678801,0.487,0.236,3.01833556137237e-99,"2","IFIH1"
8.15161632552965e-96,1.49234550712944,0.815,0.693,1.87593146499414e-91,"2","RNF213"
2.13632334406748e-95,2.42699270003474,0.446,0.205,4.9163209117025e-91,"2","PDK1"
9.24379837243623e-90,1.07367095034536,0.987,0.986,2.12727531944875e-85,"2","MALAT1"
5.19732791802503e-89,1.27819296816738,0.804,0.768,1.1960610737751e-84,"2","ABCG1"
3.78751029588876e-88,2.90764473760161,0.261,0.075,8.7161974439288e-84,"2","MX2"
7.87029807633506e-87,1.5528092685588,0.663,0.468,1.81119169630699e-82,"2","CPNE5"
8.08741555033033e-86,2.50115339841338,0.427,0.208,1.86115694059752e-81,"2","HERC5"
1.43932713281072e-85,2.14324723744211,0.567,0.383,3.31232353073732e-81,"2","EIF2AK2"
7.28288236448261e-84,1.9816989602356,0.568,0.377,1.67600971853838e-79,"2","C19orf66"
1.40231265215021e-83,1.65398969218879,0.576,0.343,3.22714210639327e-79,"2","ZBP1"
1.04938823464609e-79,1.35799551718301,0.746,0.653,2.41495714439104e-75,"2","SEL1L3"
2.33137666925224e-76,1.98242756332644,0.589,0.442,5.36519712895018e-72,"2","APOL6"
4.10392816811714e-72,2.5838524603218,0.463,0.276,9.44436989328799e-68,"2","TNFSF10"
1.52031098441804e-70,1.75289656606113,0.466,0.243,3.49869166844123e-66,"2","ANKRD36BP2"
3.6449513991791e-69,1.829561300118,0.481,0.27,8.38812665493087e-65,"2","RP11-16E12.2"
7.97911671025779e-67,2.04973170186654,0.459,0.271,1.83623412853163e-62,"2","STAT2"
9.58611468545323e-67,2.24640113745158,0.391,0.195,2.20605257256335e-62,"2","RASSF6"
5.78599522990993e-66,1.22624709236135,0.762,0.722,1.33153108225917e-61,"2","HERPUD1"
1.42116557610486e-65,2.19328200961273,0.345,0.154,3.27052834029012e-61,"2","FNDC3B"
2.59244149326892e-65,1.00881795045457,0.802,0.737,5.96598560845976e-61,"2","SPCS3"
7.06644272835152e-64,1.79687858542838,0.547,0.385,1.62620046507554e-59,"2","FKBP11"
7.3166981611247e-60,2.28034936745014,0.42,0.247,1.68379174781963e-55,"2","SAMD9"
8.82105329876643e-60,1.64828105117297,0.635,0.558,2.02998899564512e-55,"2","BST2"
5.08272664207696e-57,1.98089142226873,0.551,0.437,1.16968788214117e-52,"2","LAP3"
2.25856793126457e-54,0.772571521089719,0.836,0.754,5.19764238021916e-50,"2","SSR3"
5.29854265960783e-54,2.0240884823161,0.514,0.391,1.21935362225555e-49,"2","UBE2L6"
6.09259674313152e-53,1.3593520856122,0.645,0.544,1.40208928849686e-48,"2","SLAMF7"
3.50675217161594e-52,2.19553612654915,0.478,0.342,8.07008877253976e-48,"2","TPST2"
1.49530024711216e-51,1.97995272584261,0.509,0.383,3.44113445867921e-47,"2","NT5C3A"
1.94800333265377e-51,1.76690312845941,0.479,0.323,4.48294006943612e-47,"2","DNAJB9"
1.79237352557598e-50,1.44989445464971,0.606,0.527,4.12478919440799e-46,"2","ADAR"
8.79478933184689e-48,1.8455698141514,0.521,0.411,2.02394486893792e-43,"2","HLA-F"
2.96159429150905e-44,1.80044214725191,0.503,0.386,6.81551694304979e-40,"2","FBXW7"
1.6122105054088e-43,2.00922187369678,0.403,0.264,3.71018003609726e-39,"2","FCHSD2"
1.37759638691165e-42,0.503750109999053,0.95,0.943,3.17026256519979e-38,"2","GNAS"
9.36436633263451e-42,1.05914043598865,0.704,0.645,2.15502162412918e-37,"2","TAP1"
1.40695941139743e-40,1.2522226706195,0.622,0.57,3.2378356934489e-36,"2","SP100"
1.24682247098918e-39,1.15888428306785,0.686,0.62,2.86931255248741e-35,"2","PRDM1"
1.48206744490518e-39,0.533914093787563,0.9,0.917,3.41068181096029e-35,"2","HLA-E"
6.66952920369213e-39,0.429707370465439,0.969,0.886,1.53485875564567e-34,"2","HSP90B1"
1.98231154854894e-35,1.61315856156849,0.547,0.482,4.56189356667569e-31,"2","HIST1H1C"
2.82541022343835e-35,0.926874599606614,0.735,0.721,6.50211654719867e-31,"2","DDX17"
7.47432491979102e-34,1.59191484827364,0.501,0.418,1.72006639379151e-29,"2","TRIB1"
3.37457072620598e-33,1.29336888298471,0.556,0.477,7.76589961221783e-29,"2","MAN1A2"
2.29375151692709e-32,1.06021437741798,0.661,0.657,5.27861036590431e-28,"2","MCL1"
3.71115724286625e-32,0.950190283604795,0.668,0.638,8.5404861630081e-28,"2","TXNDC11"
5.85834119636139e-32,0.306526938601455,0.1,0.295,1.34818005951865e-27,"2","RFXANK"
6.73184116261737e-32,0.29369994779275,0.077,0.256,1.54919860675314e-27,"2","XPO5"
1.30054853426555e-31,0.30806680389318,0.114,0.315,2.99295234190532e-27,"2","SBNO2"
1.9018729176679e-31,0.264484329006354,0.117,0.317,4.37678014542915e-27,"2","SRA1"
2.00769193497028e-31,0.258646949129675,0.102,0.296,4.6203014499471e-27,"2","ZDHHC5"
2.96299869916238e-31,0.279378960346658,0.099,0.29,6.81874890638239e-27,"2","LARP4B"
1.33473302026491e-30,0.406093493140231,0.084,0.263,3.07162109953565e-26,"2","SMAD2"
2.83839348049875e-30,0.653374142780109,0.8,0.769,6.53199491667178e-26,"2","TMEM258"
3.35772734875427e-30,1.40872498173591,0.454,0.346,7.7271379476882e-26,"2","HIST1H2BK"
6.75436790803596e-30,0.345934974507336,0.108,0.298,1.55438268667632e-25,"2","TIMM17B"
8.24731761560288e-30,1.27918236251229,0.586,0.552,1.89795520287869e-25,"2","SP110"
8.71771512977915e-30,0.275961754066356,0.151,0.369,2.00620778281608e-25,"2","RTFDC1"
1.68075008407112e-29,0.746795356160094,0.744,0.723,3.86791016847287e-25,"2","RPN2"
3.12615217362349e-29,1.12019031606136,0.642,0.65,7.19421399715974e-25,"2","TAPBP"
3.49757575931465e-29,1.68570570914471,0.457,0.379,8.04897109491079e-25,"2","SEL1L"
1.20976419506761e-28,1.20763516890164,0.442,0.312,2.78403034210909e-24,"2","FCRL5"
1.67154510340088e-28,1.53700728723691,0.573,0.56,3.84672674645645e-24,"2","PTK2B"
1.8988738883364e-28,0.271304530747163,0.152,0.361,4.36987847922857e-24,"2","ACSL4"
4.25545023257247e-28,0.294031829176479,0.086,0.256,9.79306762021902e-24,"2","GOLT1B"
8.82121133920051e-28,0.336790806858401,0.269,0.508,2.03002536549021e-23,"2","CDKN1A"
1.52192948790186e-27,0.746658460238308,0.782,0.767,3.50241633050855e-23,"2","POU2AF1"
3.61515825214018e-27,0.697621136877641,0.723,0.699,8.31956368565019e-23,"2","PDIA4"
5.2008353068804e-27,0.28934276524748,0.108,0.288,1.19686822917239e-22,"2","AHCYL1"
5.32814207083545e-27,0.35755415239462,0.188,0.413,1.22616533476136e-22,"2","MCTS1"
6.50060857657142e-27,0.316906742208441,0.154,0.361,1.49598505172638e-22,"2","LARP4"
7.83437404744422e-27,0.452557816040227,0.155,0.363,1.80292449953834e-22,"2","SPOP"
1.05718900741601e-26,1.4789116565457,0.495,0.439,2.43290906276646e-22,"2","DNAJC1"
1.52147784357993e-26,1.54294765489749,0.474,0.403,3.5013769614305e-22,"2","XRN1"
5.03423770159543e-26,0.409826208948763,0.095,0.262,1.15852912226816e-21,"2","TERF1"
5.60104516057983e-26,0.36130526517996,0.1,0.27,1.28896852280424e-21,"2","TMEM14C"
7.12714145896213e-26,0.288867472499648,0.118,0.298,1.64016906395096e-21,"2","PLEKHB2"
7.24076806471542e-26,0.284577288607527,0.102,0.273,1.66631795473296e-21,"2","DLAT"
7.80971607804367e-26,0.440243087381498,0.106,0.278,1.79724996104019e-21,"2","SLFN13"
9.77953585113186e-26,0.313597628307103,0.125,0.31,2.25056458542098e-21,"2","KIAA0100"
1.09805527704144e-25,0.354985104018564,0.115,0.291,2.52695460905546e-21,"2","CUL5"
1.18999095702584e-25,0.306060422547045,0.158,0.361,2.73852618940357e-21,"2","CDC27"
1.28440014647998e-25,0.288651928953471,0.132,0.319,2.95579005709437e-21,"2","WDR33"
1.54766694463169e-25,0.332847193067057,0.138,0.331,3.56164593968092e-21,"2","PSD4"
2.56646734945917e-25,1.08646748444365,0.598,0.577,5.90621131131038e-21,"2","VIMP"
3.71232343196317e-25,0.342736996875743,0.123,0.305,8.54316991397684e-21,"2","CHTF8"
3.77129348285862e-25,0.33887008114299,0.193,0.417,8.67887769210254e-21,"2","RBM22"
5.57382608633848e-25,0.344521233022978,0.143,0.333,1.28270459724907e-20,"2","DYNC1LI2"
6.03596907757396e-25,0.418929090957101,0.162,0.364,1.3890575638221e-20,"2","EMC10"
8.10201835756571e-25,0.458771809288095,0.126,0.306,1.8645174846266e-20,"2","PSME4"
1.37359231423297e-24,0.27723348833576,0.113,0.286,3.16104799274434e-20,"2","PPP1R35"
1.53688547521334e-24,0.300298529349469,0.175,0.378,3.53683454410846e-20,"2","RDX"
2.30657266622823e-24,0.597986625493992,0.104,0.27,5.30811567679103e-20,"2","STUB1"
2.35097931712875e-24,1.04913089303187,0.635,0.635,5.41030870250839e-20,"2","PPP2R5C"
3.16170931031712e-24,1.52719978153221,0.47,0.421,7.27604163583279e-20,"2","DRAP1"
4.52022544327595e-24,0.359574432093163,0.137,0.323,1.04023948126109e-19,"2","TMEM30A"
6.00507438482613e-24,0.29308651042305,0.099,0.256,1.38194776818004e-19,"2","ZNF480"
8.07831381758379e-24,0.379608587264012,0.134,0.318,1.85906235884056e-19,"2","URI1"
9.56033912758161e-24,1.28172810771926,0.489,0.416,2.20012084343036e-19,"2","GLCCI1"
1.02997690950249e-23,0.255142984564587,0.222,0.446,2.37028586183808e-19,"2","TXNL1"
1.07221186801522e-23,0.361729419203434,0.137,0.317,2.46748117186342e-19,"2","CLK2"
1.22200082577475e-23,0.344391672289458,0.137,0.32,2.81219050035542e-19,"2","CD46"
1.5751761919552e-23,0.443408611769331,0.152,0.344,3.62495297054651e-19,"2","MRPL2"
1.59031857328688e-23,0.389300541977092,0.105,0.269,3.65980013270509e-19,"2","RAB18"
2.51453159157288e-23,0.285964989917203,0.124,0.295,5.78669155168666e-19,"2","CNPY2"
2.83701940392317e-23,0.297793495141341,0.101,0.26,6.5288327542484e-19,"2","STK38"
3.77972149437796e-23,0.399431721016254,0.151,0.339,8.69827307501199e-19,"2","SNX17"
5.62771663003362e-23,0.324062127301089,0.1,0.257,1.29510642806964e-18,"2","ALG13"
6.87782223630527e-23,0.252387390848953,0.174,0.374,1.58279323124093e-18,"2","DAXX"
7.82631480774025e-23,0.479475658888455,0.128,0.301,1.80106982670526e-18,"2","SLC4A1AP"
7.92900648558978e-23,0.334287591635061,0.187,0.391,1.82470226252878e-18,"2","MAP7D1"
8.96664082822321e-23,0.265883632299488,0.109,0.269,2.06349305379901e-18,"2","THUMPD3"
1.05452258441185e-22,0.270504062888308,0.116,0.28,2.42677282350699e-18,"2","CCDC57"
1.06476202606776e-22,1.81061726038664,0.39,0.314,2.45033685058974e-18,"2","PARP9"
1.11408244129943e-22,0.357632371340643,0.131,0.305,2.56383792216238e-18,"2","LRIF1"
1.13928641901155e-22,0.30564750670632,0.182,0.384,2.62183983607128e-18,"2","SERINC3"
1.16619705925452e-22,0.373448531695557,0.122,0.289,2.68376929246243e-18,"2","KIAA2013"
1.33737316583122e-22,0.489651620649492,0.138,0.316,3.07769686652739e-18,"2","TXLNA"
1.40187383860734e-22,0.351371388220814,0.129,0.3,3.22613226478706e-18,"2","REST"
1.41024739886584e-22,0.369463942174672,0.172,0.371,3.24540233900997e-18,"2","SLC50A1"
1.70743643658089e-22,0.379199741375784,0.142,0.321,3.92932347150359e-18,"2","PTPRA"
1.79715502882741e-22,1.38413503871291,0.484,0.439,4.13579286784052e-18,"2","CD59"
1.92766847425505e-22,0.307620552919466,0.155,0.341,4.43614345980315e-18,"2","UPF3A"
2.27127646785802e-22,0.308312282427269,0.14,0.317,5.22688853548167e-18,"2","HPS1"
2.28094008902867e-22,0.336711223819259,0.236,0.457,5.24912742688167e-18,"2","DNAJC7"
2.87116583979919e-22,0.29764901597221,0.13,0.301,6.60741394712987e-18,"2","IDH3G"
2.87848340142549e-22,0.989357029421967,0.627,0.621,6.62425385170049e-18,"2","SPCS1"
3.47312848025562e-22,0.318215675058816,0.121,0.287,7.99271057161226e-18,"2","SAFB"
4.14280288768932e-22,0.369337375575623,0.138,0.312,9.53383228543944e-18,"2","GYS1"
4.55941125016613e-22,0.454345919660596,0.134,0.307,1.04925731100073e-17,"2","CHD8"
5.00657335894652e-22,0.27090672461754,0.175,0.37,1.15216272709436e-17,"2","CTDSP2"
5.86514675980823e-22,0.626022629442137,0.738,0.725,1.34974622383467e-17,"2","TRAM1"
6.43700307439515e-22,0.348822967754164,0.181,0.377,1.48134751751056e-17,"2","CLIP1"
6.82592139781003e-22,0.428960602119612,0.148,0.326,1.57084929127802e-17,"2","JAK3"
7.01896883451155e-22,0.949225273971814,0.604,0.604,1.61527529788614e-17,"2","ST6GAL1"
7.4084729250175e-22,0.460842913078144,0.134,0.309,1.70491187423428e-17,"2","IBTK"
1.00376283896838e-21,0.409115430519924,0.184,0.385,2.30995942131794e-17,"2","C6orf106"
1.4509184899325e-21,0.440347505853364,0.112,0.271,3.33899872088166e-17,"2","NRBF2"
1.57805722688861e-21,0.415223961672529,0.186,0.385,3.63158309623875e-17,"2","TMEM230"
1.60479953152517e-21,0.552901747741824,0.138,0.314,3.69312516189888e-17,"2","FLI1"
1.95700702747318e-21,0.511955913801252,0.1,0.251,4.50366027232403e-17,"2","ATOX1"
1.98038181639407e-21,0.375604099835866,0.108,0.262,4.55745267406767e-17,"2","CRLS1"
2.00914055126282e-21,0.27181324189467,0.127,0.291,4.62363515062112e-17,"2","YIF1A"
2.33503097267908e-21,0.51112077665376,0.11,0.265,5.37360677742636e-17,"2","C14orf119"
2.75239393673007e-21,0.256973824829313,0.304,0.542,6.3340841665969e-17,"2","HDAC7"
2.78973667277449e-21,0.308333025215154,0.137,0.307,6.42002100505593e-17,"2","FDX1"
2.87369968882159e-21,0.382845142837521,0.107,0.259,6.61324509388513e-17,"2","GATAD2B"
3.0973323489934e-21,0.526672849071306,0.147,0.324,7.12789093473851e-17,"2","DCXR"
3.49947886540384e-21,0.424777639041834,0.115,0.273,8.05335071295386e-17,"2","SIAH2"
4.77720291996839e-21,0.349515027123868,0.207,0.411,1.09937770797232e-16,"2","ZNF593"
5.24438825065937e-21,0.297437100162365,0.102,0.252,1.20689106812424e-16,"2","FRA10AC1"
5.66386037801262e-21,0.366616732812043,0.217,0.431,1.30342418879204e-16,"2","ECH1"
5.67600246541786e-21,0.318012716199077,0.113,0.268,1.30621844736661e-16,"2","ERBB2IP"
6.07676814818415e-21,1.26957942173727,0.494,0.448,1.39844665394162e-16,"2","SPATS2"
8.50982019956018e-21,0.469596417591881,0.216,0.422,1.95836492252478e-16,"2","MDM2"
8.8731573203859e-21,0.296544278090533,0.158,0.334,2.04197969414041e-16,"2","SMARCC2"
9.37696493915927e-21,0.392587241881524,0.187,0.383,2.15792094144872e-16,"2","NDUFA11"
1.1109487850125e-20,0.276010800415266,0.136,0.305,2.55662643894927e-16,"2","PPP1R11"
1.32212987055814e-20,0.273893772493389,0.232,0.448,3.04261747111544e-16,"2","RSF1"
1.53199889784379e-20,0.439963619020942,0.116,0.271,3.52558906360791e-16,"2","TOR1AIP2"
1.60967561801287e-20,0.55466368457056,0.11,0.261,3.70434649973302e-16,"2","TAF12"
2.00791042574305e-20,0.973084314476774,0.645,0.682,4.62080426276248e-16,"2","SEC62"
2.0745159022685e-20,0.463215660512794,0.107,0.256,4.7740834458905e-16,"2","SPI1"
3.03565558108236e-20,0.378639606704631,0.111,0.264,6.98595418874483e-16,"2","OCIAD2"
4.19314523253973e-20,0.30469168393879,0.219,0.429,9.64968512364368e-16,"2","HIF1A"
4.4408440517066e-20,0.436899765979811,0.177,0.365,1.02197144161924e-15,"2","GTF2F1"
4.73317706744651e-20,0.510156002274878,0.116,0.267,1.08924603853146e-15,"2","ARHGAP9"
4.86846367865422e-20,0.304710988647643,0.206,0.405,1.12037954636869e-15,"2","RBM26"
5.43791553280374e-20,0.329995443314432,0.186,0.373,1.25142750156413e-15,"2","ADI1"
5.89244079866278e-20,0.459132620308655,0.208,0.411,1.35602740099627e-15,"2","SEC22B"
6.03117235786618e-20,2.15595732254603,0.487,0.41,1.38795369471574e-15,"2","IGLC3"
6.46670160323248e-20,0.371271645690762,0.138,0.303,1.48818203995189e-15,"2","ZNF580"
6.53752953639961e-20,0.445836942408053,0.105,0.25,1.50448167221164e-15,"2","ROCK2"
8.51305504557447e-20,0.278231489766341,0.21,0.409,1.95910935763805e-15,"2","NUFIP2"
8.88749366220023e-20,0.688252891652221,0.124,0.282,2.04527891648214e-15,"2","SLC39A4"
9.02767644554445e-20,0.329445289160897,0.154,0.325,2.07753918041314e-15,"2","RAB5A"
9.26897312479069e-20,0.461123775060488,0.206,0.408,2.13306878520808e-15,"2","GOLPH3"
9.77137166709304e-20,0.418744518568034,0.218,0.427,2.24868576174812e-15,"2","AAMP"
1.15905805749065e-19,0.339282225597357,0.12,0.273,2.66734030770324e-15,"2","HEXIM1"
1.65190361097324e-19,0.280540849651835,0.152,0.319,3.80152577993271e-15,"2","UGGT1"
1.70601259402142e-19,0.496068204719185,0.147,0.317,3.92604678262149e-15,"2","YTHDF1"
1.71466849856611e-19,1.58343148112309,0.436,0.391,3.94596661575019e-15,"2","EAF2"
1.80161388895294e-19,0.395642643227599,0.122,0.279,4.14605404264741e-15,"2","TCEAL8"
2.10309249884592e-19,0.452177665479815,0.131,0.29,4.83984676759413e-15,"2","PURA"
2.19037243470545e-19,0.309341711599439,0.152,0.32,5.04070408398765e-15,"2","USP47"
2.20434944606906e-19,0.537721698291809,0.125,0.28,5.07286938023874e-15,"2","TMX3"
2.4433402248448e-19,1.2026403196176,0.541,0.551,5.62285885943533e-15,"2","C6orf62"
2.56691306365725e-19,0.475987760253829,0.109,0.254,5.90723703339444e-15,"2","NPLOC4"
3.06442485362725e-19,0.280338690200307,0.192,0.381,7.0521609156524e-15,"2","EAPP"
3.44512736063757e-19,1.78269473540647,0.348,0.276,7.92827159503523e-15,"2","RP11-284N8.3"
3.55726703504321e-19,0.277443690563457,0.11,0.254,8.18633862774495e-15,"2","ITCH"
3.71786504273385e-19,0.395545533601561,0.159,0.331,8.55592282284341e-15,"2","UBA5"
3.94729098476982e-19,1.99496606455507,0.289,0.207,9.08390074325078e-15,"2","DTX3L"
4.62642304205529e-19,0.578771127572727,0.172,0.35,1.06467873466818e-14,"2","WDR6"
4.69588935852113e-19,0.361617296213255,0.12,0.269,1.08066501807647e-14,"2","GYPC"
5.12288895048212e-19,0.329034557605491,0.159,0.329,1.17893043417445e-14,"2","SENP6"
5.43986414386032e-19,0.568208090061635,0.158,0.33,1.25187593542658e-14,"2","ZNF638"
5.55491428823522e-19,0.313844088450457,0.161,0.334,1.27835242515157e-14,"2","TMEM33"
6.66498349043979e-19,0.40344312437597,0.135,0.293,1.53381265065491e-14,"2","DAPP1"
6.68019106854232e-19,1.54471493647625,0.439,0.4,1.53731237060364e-14,"2","PRDX4"
8.15432527489212e-19,2.25030851586035,0.343,0.238,1.87655487551092e-14,"2","IGLC2"
8.78456849496934e-19,0.531828769731648,0.797,0.762,2.02159274774729e-14,"2","SEC11C"
1.15004423723449e-18,0.657292644977032,0.122,0.272,2.64659680314773e-14,"2","LRRC47"
1.46442226782929e-18,0.565969647515845,0.131,0.285,3.37007496495554e-14,"2","SCO2"
1.72200092029329e-18,0.261477688534004,0.206,0.396,3.96284071787095e-14,"2","ZFAND5"
1.75284183348908e-18,0.278579486972837,0.122,0.27,4.03381491140842e-14,"2","CHST11"
1.86021037860321e-18,0.409070503568443,0.208,0.4,4.28090214427957e-14,"2","PYURF"
1.88523112643937e-18,0.43263003820514,0.172,0.35,4.33848239127491e-14,"2","ASAH1"
2.08457011712439e-18,0.312422029217748,0.203,0.391,4.79722121053837e-14,"2","PJA2"
2.4996885441323e-18,0.462078462736497,0.118,0.264,5.75253324661167e-14,"2","CIAO1"
2.94601534738745e-18,0.375622006257389,0.156,0.322,6.77966511894275e-14,"2","EFCAB14"
3.65552425131618e-18,0.432634499392755,0.232,0.434,8.41245795955393e-14,"2","RER1"
3.78388085566826e-18,1.3860735199593,0.355,0.273,8.70784501314936e-14,"2","DUSP5"
4.38208876188597e-18,0.351403201396402,0.119,0.265,1.00845008677282e-13,"2","RAB21"
4.55190350727764e-18,0.561471891898246,0.113,0.257,1.0475295541298e-13,"2","TOLLIP"
5.48275026049913e-18,0.528936391045963,0.14,0.296,1.26174531744866e-13,"2","CASC4"
5.57276138608151e-18,0.478166086839946,0.16,0.329,1.28245957777894e-13,"2","ZBTB8OS"
5.81772650429481e-18,1.04223636859895,0.583,0.571,1.33883340043336e-13,"2","RRBP1"
5.84582194371238e-18,0.447541118946767,0.128,0.277,1.34529900390653e-13,"2","HEXB"
6.02646042787241e-18,1.01552962396351,0.592,0.601,1.38686933826628e-13,"2","SEC14L1"
7.56706674256038e-18,0.330768227999995,0.118,0.258,1.74140906946542e-13,"2","CERK"
7.75386489273046e-18,0.569396222202926,0.187,0.371,1.78439692776406e-13,"2","GEMIN7"
7.79862830758309e-18,1.67920505539482,0.304,0.219,1.7946983324241e-13,"2","TLR7"
9.08305871632425e-18,0.382103688621489,0.187,0.369,2.0902843023877e-13,"2","ZNF655"
1.09085234941792e-17,0.468407115947878,0.143,0.3,2.51037851171547e-13,"2","ATP11B"
1.25245230806826e-17,0.383979493545213,0.126,0.27,2.88226849655748e-13,"2","MED13"
1.75477035643711e-17,0.359066756660354,0.266,0.471,4.03825302126871e-13,"2","MAGT1"
2.08168749554192e-17,0.432576818177484,0.222,0.422,4.79058743349062e-13,"2","ARFIP2"
2.16741937412203e-17,0.53967456656429,0.12,0.261,4.98788220566702e-13,"2","KIAA0947"
2.22943713052323e-17,0.280351846153986,0.231,0.425,5.13060366847311e-13,"2","PREB"
2.33875005417147e-17,1.74723501305998,0.252,0.168,5.38216549966481e-13,"2","RP11-1070N10.3"
2.43102785565754e-17,0.310465572692688,0.178,0.348,5.5945244042247e-13,"2","DAP"
2.71048639250982e-17,1.21639743849296,0.444,0.387,6.23764233508286e-13,"2","PPAPDC1B"
2.75811050045785e-17,0.252250963899847,0.122,0.261,6.34723969470365e-13,"2","IFITM2"
2.89888857163534e-17,0.352353738225494,0.167,0.331,6.6712122699044e-13,"2","TOP2B"
3.47964715593482e-17,0.466471411035081,0.26,0.477,8.0077119999528e-13,"2","ARHGAP30"
3.78035965926304e-17,0.430403908094392,0.159,0.321,8.69974168386204e-13,"2","ASCC3"
3.90935445430073e-17,1.12737717826056,0.568,0.595,8.99659740568226e-13,"2","NAPA"
4.45213234205772e-17,0.429649578182374,0.123,0.267,1.02456921587774e-12,"2","PARP4"
5.2935052039324e-17,0.284629027431283,0.135,0.281,1.21819435258096e-12,"2","PIK3CG"
5.55678180712748e-17,0.362950173961243,0.234,0.427,1.27878219727425e-12,"2","STAU1"
5.96193620125054e-17,0.361628568714792,0.153,0.31,1.37202037799379e-12,"2","MGAT2"
7.50606179543804e-17,0.599682670760364,0.143,0.296,1.72737000098416e-12,"2","RNASEH2B"
7.82467731587289e-17,0.322912502368853,0.123,0.264,1.80069299070183e-12,"2","RASA2"
7.834133520856e-17,0.359286158763988,0.328,0.562,1.80286914715459e-12,"2","ENTPD1"
8.33974069829656e-17,0.583480943990589,0.172,0.34,1.91922452689899e-12,"2","AK3"
8.34551557535848e-17,1.10839487626064,0.483,0.446,1.92055349935725e-12,"2","CTSS"
8.74756413655917e-17,0.26060131782101,0.237,0.432,2.01307693474636e-12,"2","ZC3H13"
9.03385230725893e-17,0.505246552919851,0.123,0.265,2.0789604314695e-12,"2","RAP2C"
1.14083361522659e-16,0.28412613600847,0.343,0.579,2.62540039872096e-12,"2","CLTC"
1.15491312147265e-16,0.344739464903683,0.246,0.457,2.65780156644502e-12,"2","NDUFA5"
1.17300532165592e-16,0.261123399488049,0.284,0.5,2.69943714672678e-12,"2","PHIP"
1.17509998275694e-16,0.407320025105888,0.132,0.274,2.70425759031855e-12,"2","USP11"
1.27314964424665e-16,0.279298985912701,0.128,0.268,2.92989927630481e-12,"2","PDXDC1"
1.53147396509012e-16,0.547468330910846,0.163,0.325,3.5243810358619e-12,"2","TINF2"
1.81037734247325e-16,1.67204666837074,0.3,0.223,4.1662213782337e-12,"2","ARRDC3"
2.02022254765502e-16,1.02662012522265,0.576,0.594,4.64913814891851e-12,"2","FKBP2"
2.09835564025116e-16,1.53887782421797,0.471,0.465,4.82894583491e-12,"2","PPM1K"
2.16860843689776e-16,1.36013462727599,0.499,0.483,4.99061859583283e-12,"2","MAN1A1"
2.24522553528919e-16,0.442815979604252,0.235,0.434,5.166937524361e-12,"2","TMEM70"
2.53341740542119e-16,0.634498728071352,0.122,0.262,5.83015347509577e-12,"2","MAP3K13"
2.73521241135082e-16,0.283357989190467,0.284,0.49,6.29454432224164e-12,"2","HMGN3"
2.75866728636999e-16,0.478207061364216,0.153,0.308,6.34852102612325e-12,"2","ASB8"
2.77150672221305e-16,0.328092863169862,0.261,0.466,6.3780684198289e-12,"2","OCIAD1"
3.10985966476173e-16,0.412182202410506,0.286,0.5,7.15672004651618e-12,"2","NAP1L4"
3.27613954153566e-16,0.509089805569137,0.126,0.266,7.53937992693602e-12,"2","ECE1"
3.46220308901155e-16,0.455735226243813,0.129,0.269,7.96756796874229e-12,"2","CREB3"
3.85389531968631e-16,0.512174523262377,0.143,0.291,8.8689692991941e-12,"2","TMEM147"
4.56309626919872e-16,0.531415044230997,0.169,0.331,1.0501053444307e-11,"2","CCNC"
4.92309541528376e-16,0.254484708655552,0.141,0.286,1.13295194791925e-11,"2","SECISBP2"
5.00681195081684e-16,0.573641093145142,0.205,0.39,1.15221763424148e-11,"2","APOA1BP"
5.52276849240684e-16,0.403227651233195,0.227,0.415,1.27095471315759e-11,"2","EPN1"
5.52623902360223e-16,1.3198344917147,0.384,0.321,1.27175338650158e-11,"2","SIK1"
5.70265097272736e-16,0.452153253981563,0.142,0.287,1.31235106835375e-11,"2","MRFAP1"
5.9629790612561e-16,0.289869700641118,0.122,0.254,1.37226037136687e-11,"2","ATXN7L3B"
8.04690865245104e-16,0.35874217612696,0.176,0.337,1.85183508818856e-11,"2","OPTN"
8.23038665685344e-16,0.387265301876734,0.199,0.373,1.89405888134168e-11,"2","NRBP1"
9.23414274845862e-16,1.47523272970261,0.409,0.366,2.12505327070278e-11,"2","ICAM3"
9.41364072995126e-16,0.484439727108428,0.224,0.407,2.16636114118368e-11,"2","SMEK2"
9.77223788145887e-16,0.363840253187607,0.127,0.264,2.24888510366013e-11,"2","SCAF1"
1.05037728530345e-15,0.330483581947873,0.174,0.334,2.41723324666884e-11,"2","PPP1R15B"
1.40026411148066e-15,0.339227824288522,0.262,0.468,3.22242779975044e-11,"2","ORMDL2"
1.45221531389081e-15,0.41379215281043,0.133,0.269,3.34198310185693e-11,"2","EPB41"
1.53944477146992e-15,0.266533218883248,0.187,0.344,3.54272425258373e-11,"2","IQGAP2"
1.54655560077753e-15,0.375151553682133,0.167,0.324,3.55908840406933e-11,"2","SAMSN1"
1.66876046937177e-15,0.530471973362081,0.143,0.287,3.84031846816527e-11,"2","CDIPT"
1.6828867069493e-15,0.610794608529506,0.133,0.273,3.87282717870242e-11,"2","DNASE2"
1.77415814788216e-15,0.420053085867544,0.122,0.253,4.08287014572122e-11,"2","ANKIB1"
1.7907245011351e-15,0.5035468493206,0.205,0.38,4.1209942944622e-11,"2","P2RY8"
1.88562806523016e-15,0.303533442325166,0.119,0.25,4.33939586651417e-11,"2","TLK2"
2.1034774363334e-15,0.280159424065105,0.32,0.539,4.84073262423405e-11,"2","ITGB7"
2.16098453714236e-15,0.366292493345749,0.122,0.252,4.9730737153257e-11,"2","STXBP2"
2.21197903676097e-15,1.79548666037733,0.374,0.333,5.09042735729802e-11,"2","BCL2L1"
2.63517352248491e-15,0.633195977160767,0.123,0.258,6.06432482729452e-11,"2","RNGTT"
2.66966556496621e-15,0.385553923032246,0.203,0.372,6.14370136465674e-11,"2","KDM5C"
2.67666699365721e-15,0.316712785267448,0.128,0.26,6.15981375250334e-11,"2","C6orf89"
2.80734233501604e-15,0.254788409705508,0.154,0.297,6.4605369155724e-11,"2","DEDD2"
3.22446081162751e-15,0.398502769748378,0.209,0.381,7.4204516657984e-11,"2","FIS1"
3.2988195941767e-15,0.432129419494622,0.122,0.252,7.59157353207883e-11,"2","SAMD4B"
3.56125261674669e-15,1.90797922985777,0.277,0.208,8.19551064691916e-11,"2","PLSCR1"
3.5897304711142e-15,0.809974513937797,0.144,0.29,8.2610467331751e-11,"2","SLC35A4"
3.62272207265435e-15,0.447649492699606,0.163,0.316,8.33697030579947e-11,"2","BIRC6"
3.81323209734296e-15,0.603392992109507,0.154,0.304,8.77539102561535e-11,"2","BAG1"
4.12448929242665e-15,0.486815580267875,0.203,0.377,9.49168720866144e-11,"2","QKI"
4.59680838637027e-15,0.590203079531801,0.206,0.38,1.05786351395539e-10,"2","CASP3"
4.71856096251267e-15,0.580740048176226,0.125,0.259,1.08588243430304e-10,"2","STARD4"
4.74871691707963e-15,0.617324081144058,0.157,0.307,1.09282222412754e-10,"2","ETNK1"
4.78424759248741e-15,0.318206644846284,0.305,0.517,1.10099889845913e-10,"2","EIF3J"
4.9317766343661e-15,0.580119938762635,0.148,0.294,1.13494975686667e-10,"2","ANKRD17"
5.15911175360049e-15,0.883773831380218,0.629,0.62,1.18726638785608e-10,"2","IFI16"
6.09752183462435e-15,0.508700587692895,0.216,0.395,1.4032226998021e-10,"2","NANS"
6.76918811001295e-15,0.38021661759564,0.245,0.434,1.55779325975728e-10,"2","TRA2A"
7.19688257106179e-15,0.662017608452678,0.669,0.73,1.65621858607845e-10,"2","UBC"
7.625696431366e-15,0.561153269067195,0.248,0.444,1.75490151975026e-10,"2","MARK3"
8.91806514254445e-15,0.351018396254517,0.275,0.482,2.05231433125376e-10,"2","BPTF"
9.12760776046373e-15,1.72979325240388,0.328,0.27,2.10053637391552e-10,"2","MANEA"
1.05721705250584e-14,0.33527145573635,0.269,0.473,2.43297360293169e-10,"2","IK"
1.19576935934225e-14,0.273433581895536,0.841,0.808,2.75182402665433e-10,"2","HSPA5"
1.47090213205789e-14,0.289119245840458,0.146,0.286,3.38498707650483e-10,"2","BRI3"
1.47412410117899e-14,0.282808124157439,0.292,0.499,3.3924017940432e-10,"2","PAIP2"
1.51529384772742e-14,0.649739840140238,0.124,0.253,3.48714573177512e-10,"2","NUDT22"
1.63007441820755e-14,0.497526606553472,0.235,0.422,3.75129025862102e-10,"2","PPP2R2A"
1.80101739912834e-14,0.817899350956528,0.124,0.255,4.14468134061405e-10,"2","UBE4A"
1.94797802228405e-14,1.56580866376803,0.336,0.275,4.48288182268227e-10,"2","CASP10"
2.37759172451847e-14,0.571886435241111,0.153,0.296,5.47155183563437e-10,"2","ATG13"
2.53437866103578e-14,0.458267827062907,0.28,0.484,5.83236561264165e-10,"2","CNDP2"
2.77326425296009e-14,0.76593520476347,0.651,0.655,6.38211302533706e-10,"2","COX5A"
3.55458445298697e-14,0.38109695806473,0.171,0.318,8.18016520165891e-10,"2","GFPT1"
3.55682289947845e-14,0.419778410563828,0.14,0.274,8.18531653856975e-10,"2","SLU7"
3.86596913979173e-14,0.574492523769661,0.186,0.347,8.8967547814027e-10,"2","TFG"
5.22767650425132e-14,0.308812739417529,0.167,0.311,1.20304519392336e-09,"2","LRPAP1"
5.39203615083512e-14,0.49490170158122,0.233,0.416,1.24086927939169e-09,"2","TSC22D4"
5.58621299575479e-14,0.446681705147061,0.187,0.343,1.28555519671305e-09,"2","BDP1"
5.87144689166654e-14,0.322925737709918,0.179,0.33,1.35119607317922e-09,"2","BBX"
5.91038647027391e-14,0.459520070774308,0.212,0.385,1.36015723840414e-09,"2","EPS15"
6.08352070392666e-14,0.467276756892768,0.261,0.448,1.40000061959464e-09,"2","ITGAL"
6.14278046832418e-14,0.46269905675362,0.126,0.253,1.41363806917544e-09,"2","ATF6B"
6.50049747431783e-14,1.31379130545174,0.497,0.507,1.49595948376476e-09,"2","TAP2"
8.29072190393167e-14,0.643489148018715,0.158,0.305,1.9079438317518e-09,"2","RNF114"
9.29636892030003e-14,1.76782303037647,0.321,0.265,2.13937337962865e-09,"2","CITED2"
9.3390475916963e-14,0.693499198145954,0.702,0.73,2.14919502227707e-09,"2","SRSF5"
1.23093146175937e-13,0.321134901054074,0.18,0.33,2.83274257294683e-09,"2","CLASRP"
1.26973559493888e-13,0.685898150840549,0.187,0.346,2.92204252463285e-09,"2","SEC23B"
1.40890644485441e-13,0.817169104830835,0.639,0.699,3.24231640154346e-09,"2","UBXN4"
1.43195423116956e-13,0.892123705470241,0.135,0.268,3.29535627219051e-09,"2","MB21D1"
1.5011047170158e-13,0.409721265320057,0.234,0.408,3.45449228526847e-09,"2","NKTR"
1.50469359559996e-13,0.343523631352963,0.308,0.513,3.46275137155418e-09,"2","SEC13"
1.55366697612741e-13,1.52921232543222,0.388,0.346,3.57545381216202e-09,"2","CCDC88A"
1.64448701997733e-13,0.53689347652732,0.174,0.324,3.78445797907383e-09,"2","ORMDL1"
2.12765099454629e-13,0.45253945866872,0.191,0.348,4.89636323374938e-09,"2","ARL1"
2.15387788902248e-13,0.614012314840114,0.171,0.32,4.95671918600744e-09,"2","IMPAD1"
2.4504509659979e-13,1.47447958134194,0.421,0.408,5.63922280805096e-09,"2","GALNT2"
2.4966717474677e-13,0.491580430603558,0.169,0.314,5.74559069244742e-09,"2","RNF149"
2.85413497797627e-13,0.542176524457026,0.156,0.292,6.5682208248168e-09,"2","LPCAT4"
3.67888022321916e-13,0.558812702160358,0.223,0.398,8.46620705769426e-09,"2","ACADM"
3.81621693119376e-13,0.598880294151963,0.149,0.283,8.78226002375619e-09,"2","MSL3"
3.85175105835939e-13,0.397799790298587,0.177,0.325,8.86403471060247e-09,"2","PHF12"
4.02453699897694e-13,1.42265681906577,0.358,0.302,9.26166699574563e-09,"2","METTL7A"
4.68169254545591e-13,0.511614522709873,0.15,0.284,1.07739790548577e-08,"2","EIF2B4"
4.93822060055285e-13,0.53534693126386,0.153,0.288,1.13643270680523e-08,"2","TSTD1"
5.01557226402873e-13,0.646425560757991,0.18,0.33,1.15423364512093e-08,"2","PICALM"
5.03368117419714e-13,0.59456206182745,0.144,0.273,1.15840104861799e-08,"2","PRRC1"
5.63228402365441e-13,0.513553853039769,0.157,0.294,1.29615752236359e-08,"2","SP1"
6.39200459356223e-13,0.271487787414814,0.338,0.55,1.47099201711647e-08,"2","MARS"
7.50395417762827e-13,1.36850743468758,0.355,0.303,1.7268849748976e-08,"2","FAM214A"
7.88907973198872e-13,1.02627714404246,0.555,0.597,1.81551391872256e-08,"2","KDELR1"
8.1136095228134e-13,0.370450692328237,0.214,0.374,1.86718495948505e-08,"2","GCC2"
9.59840308255235e-13,0.534037896470258,0.167,0.31,2.20888050138777e-08,"2","MRPL32"
1.04893886991672e-12,0.615319507211003,0.205,0.371,2.41392302133935e-08,"2","SDHA"
1.09816078794268e-12,0.852805774813156,0.169,0.313,2.52719742129248e-08,"2","C11orf24"
1.12103438864399e-12,1.43807685382411,0.273,0.204,2.57983643858641e-08,"2","C10orf54"
1.12955653528359e-12,0.884571616351708,0.61,0.635,2.59944845464813e-08,"2","CFLAR"
1.3301373551232e-12,0.785945900953574,0.133,0.258,3.06104509534501e-08,"2","DCAF12"
1.40047099613606e-12,0.45460577990013,0.328,0.539,3.22290390340791e-08,"2","USP48"
1.45487473325108e-12,0.65813671452541,0.674,0.728,3.3481032236307e-08,"2","SRPR"
1.65205051376807e-12,0.491331545839326,0.214,0.374,3.80186384733447e-08,"2","USP34"
1.68215117199125e-12,0.708324324578951,0.154,0.289,3.87113449210346e-08,"2","RAD17"
1.97881713112789e-12,0.370292102924527,0.139,0.263,4.55385186386461e-08,"2","PCF11"
2.02952105258516e-12,0.494866729283492,0.25,0.426,4.67053679831422e-08,"2","DOK3"
2.21167863576776e-12,0.41085048925575,0.191,0.337,5.08973604449234e-08,"2","RB1CC1"
2.31606483142603e-12,0.388100083958873,0.168,0.302,5.32995999656072e-08,"2","EPC1"
2.37514635148501e-12,0.53766103534239,0.178,0.321,5.46592429867246e-08,"2","TMEM9B"
2.75752175657561e-12,0.482772541943226,0.248,0.427,6.34588481840745e-08,"2","PQBP1"
2.820220006945e-12,0.448747466389347,0.225,0.39,6.49017230198254e-08,"2","NBN"
3.95633299224833e-12,0.333140142272141,0.297,0.488,9.10470911506108e-08,"2","MAPKAPK2"
3.98855296912293e-12,0.3159475297583,0.142,0.265,9.17885694784259e-08,"2","ARFGEF2"
4.37619730244243e-12,0.344761604397219,0.162,0.292,1.00709428521108e-07,"2","ZNF292"
5.15164754157546e-12,0.392826856299105,0.139,0.261,1.18554864874276e-07,"2","STIM2"
5.55337597819017e-12,1.14298831850935,0.492,0.508,1.2779984138609e-07,"2","TMEM59"
5.57818570178476e-12,0.351202413170937,0.27,0.448,1.28370787555173e-07,"2","ERGIC1"
5.7004209597848e-12,0.58265136027052,0.143,0.266,1.31183787547528e-07,"2","HECTD1"
7.98371097100901e-12,0.269794986964406,0.378,0.593,1.8372914057583e-07,"2","WAC"
8.31547090347834e-12,0.46124242644667,0.255,0.431,1.91363931901747e-07,"2","CLIC4"
9.4727200729597e-12,0.324865411789681,0.343,0.551,2.17995707039022e-07,"2","CD81"
1.01893541485873e-11,0.506841504050824,0.287,0.472,2.34487607021439e-07,"2","IRF2"
1.03457305629801e-11,0.430755139172282,0.28,0.476,2.3808629744586e-07,"2","AC009501.4"
1.07773720500358e-11,0.503039621575496,0.149,0.272,2.48019662987473e-07,"2","FAM134C"
1.10197620049508e-11,0.444896122335046,0.258,0.434,2.53597783019932e-07,"2","DHRS7"
1.11059956783099e-11,0.616522417135108,0.16,0.294,2.55582278544946e-07,"2","TRIM8"
1.18583760616905e-11,0.33047884378563,0.308,0.507,2.72896808307685e-07,"2","IRAK1"
1.34192464119975e-11,0.272773637046817,0.174,0.307,3.08817117679299e-07,"2","BIRC2"
1.34231036267609e-11,0.275994002656328,0.339,0.541,3.08905883762649e-07,"2","SRPRB"
1.51603833068479e-11,0.612940934619444,0.134,0.251,3.4888590104049e-07,"2","NFE2L2"
1.78881645094661e-11,0.468323069564856,0.26,0.441,4.11660329856344e-07,"2","C17orf62"
2.25537980213669e-11,0.339526262325576,0.367,0.572,5.19030553865717e-07,"2","SSU72"
2.3594647214613e-11,0.466525022577258,0.207,0.358,5.42983616349888e-07,"2","MSL1"
2.65044840443851e-11,0.712178441037135,0.134,0.252,6.09947691313435e-07,"2","RANBP9"
2.70578463854188e-11,0.35453631521145,0.309,0.499,6.22682218867643e-07,"2","SRP54"
3.0874555185399e-11,0.363030172080762,0.281,0.463,7.10516138481587e-07,"2","BSG"
3.67452931344186e-11,0.52807068970726,0.185,0.326,8.45619430902375e-07,"2","TRIM26"
4.02837478141372e-11,0.666662923858308,0.145,0.267,9.2704988844674e-07,"2","GIGYF2"
4.49412113568735e-11,0.661973353958208,0.232,0.391,1.03423209695573e-06,"2","LPIN1"
4.84514614429062e-11,0.405589543341804,0.235,0.395,1.1150134821856e-06,"2","UBE2H"
5.4099127590668e-11,0.525892260197919,0.215,0.366,1.24498322324404e-06,"2","TMEM259"
7.45013658807233e-11,1.69343956558685,0.29,0.24,1.71449993301308e-06,"2","CPEB4"
7.52632558253042e-11,0.563066873251986,0.14,0.256,1.73203330630773e-06,"2","NT5C2"
7.72574372875678e-11,0.698543652773282,0.623,0.644,1.7779254042988e-06,"2","LMAN1"
8.32603196814951e-11,0.45345112103405,0.213,0.36,1.91606973683025e-06,"2","KDM5A"
8.66687044121719e-11,0.758875668543916,0.157,0.281,1.99450689463731e-06,"2","ZNF302"
8.79078604090392e-11,0.426342055844084,0.227,0.386,2.02302359159322e-06,"2","YTHDC1"
8.82505083906547e-11,0.282251362203231,0.292,0.468,2.03090894959414e-06,"2","TMBIM4"
9.14308112814579e-11,1.41798863444693,0.355,0.321,2.10409726002019e-06,"2","FBXO18"
9.4351596735277e-11,0.50684803567006,0.311,0.508,2.17131329566893e-06,"2","SUPT5H"
1.04474149823879e-10,0.788655976174571,0.169,0.302,2.40426360989693e-06,"2","PPP3CC"
1.22084613774932e-10,0.583033212368824,0.226,0.381,2.8095332168025e-06,"2","YIPF5"
1.27234999744816e-10,0.546577676064993,0.171,0.301,2.92805904912745e-06,"2","UFL1"
1.35995608114636e-10,0.482955258468684,0.286,0.468,3.12966692954212e-06,"2","GORASP2"
1.48491685031545e-10,0.265112590670753,0.355,0.555,3.41723914763095e-06,"2","HP1BP3"
1.51264724502714e-10,0.951492271826943,0.139,0.255,3.48105510498096e-06,"2","CLSTN1"
1.64831247011555e-10,0.711003963048753,0.184,0.319,3.79326148747691e-06,"2","SETD5"
1.79143217514482e-10,0.667612681885746,0.146,0.263,4.12262286466078e-06,"2","BET1L"
1.79949281508385e-10,0.819687641506824,0.154,0.275,4.14117281535247e-06,"2","ZBED5"
1.91888062270179e-10,0.277684381075576,0.163,0.282,4.41591997702363e-06,"2","AKAP17A"
2.05973632503308e-10,0.578066341877979,0.271,0.449,4.74007120479862e-06,"2","ARID1A"
2.08936580986602e-10,1.01595683732945,0.159,0.286,4.80825753824468e-06,"2","RNF115"
2.14472794598551e-10,0.721920539453902,0.203,0.35,4.93566242209645e-06,"2","WBP2"
2.27420213407158e-10,1.53786967641106,0.412,0.413,5.23362137113893e-06,"2","CNP"
2.51585553498697e-10,0.572014690530567,0.148,0.265,5.7897383426655e-06,"2","C1GALT1"
3.98003093743901e-10,0.602490128450879,0.196,0.336,9.15924519632839e-06,"2","RBM5"
4.42535562737771e-10,0.737352581094058,0.174,0.302,1.01840709052843e-05,"2","SEC16A"
4.7768889363244e-10,0.511756727727604,0.157,0.272,1.09930545091633e-05,"2","RERE"
4.84207496762987e-10,0.724513399602204,0.206,0.347,1.11430671230066e-05,"2","KIAA0368"
4.87362518919835e-10,0.60585125493982,0.221,0.371,1.12156736479022e-05,"2","GTF2A1"
5.654590745743e-10,0.779201133668406,0.187,0.321,1.30129096831784e-05,"2","CALCOCO2"
6.29896349387365e-10,1.48076528180464,0.348,0.316,1.44958046884514e-05,"2","NXPE3"
6.98603908059108e-10,0.389532989995732,0.288,0.464,1.60769717361643e-05,"2","RAB2A"
7.21331011929132e-10,0.612527963868791,0.283,0.467,1.65999905775251e-05,"2","COMT"
8.49570542153713e-10,0.792178894643749,0.165,0.287,1.95511668865834e-05,"2","SMG7"
8.75206353784413e-10,0.564564033573506,0.205,0.346,2.01411238196407e-05,"2","EBAG9"
1.00491914711436e-09,0.253112446101528,0.288,0.446,2.31262043325427e-05,"2","DDOST"
1.04750784600708e-09,0.950678157212979,0.552,0.595,2.41062980601609e-05,"2","SPCS2"
1.37321843780626e-09,0.274306632560441,0.183,0.307,3.16018759092355e-05,"2","KMT2C"
1.38094943228323e-09,1.30179490921023,0.391,0.381,3.1779789285134e-05,"2","MSI2"
1.44976181814174e-09,0.56857503791073,0.253,0.412,3.33633687208958e-05,"2","GM2A"
1.45515964472743e-09,0.450482444945524,0.293,0.468,3.34875889041123e-05,"2","SH3GLB1"
1.46653478771143e-09,0.592709627573316,0.167,0.285,3.37493650696032e-05,"2","AGA"
1.52808393543655e-09,0.635415163415051,0.157,0.27,3.51657956062014e-05,"2","ZMYND8"
1.53398160878293e-09,0.468161000969633,0.232,0.385,3.53015187629216e-05,"2","ATRAID"
1.57408134497178e-09,0.45073949648507,0.297,0.479,3.62243339918355e-05,"2","AP3D1"
1.80331999844514e-09,0.759733381766702,0.235,0.391,4.1499803124218e-05,"2","IDH3A"
2.00206045005002e-09,0.708011327149465,0.156,0.272,4.60734171370012e-05,"2","LEPROT"
2.16878086826078e-09,0.578249004435491,0.2,0.33,4.99101541212853e-05,"2","PDXK"
2.2765604442904e-09,0.28528224721721,0.292,0.459,5.2390485504455e-05,"2","TTC3"
2.28083885564646e-09,0.370921107650501,0.291,0.462,5.24889445849921e-05,"2","MAPK1IP1L"
2.7198031755964e-09,0.601355878768914,0.161,0.278,6.259083048e-05,"2","HNRNPH2"
2.94094151856972e-09,0.839054078472313,0.502,0.491,6.76798871668451e-05,"2","CKAP4"
3.15142600862961e-09,0.694359160618364,0.155,0.268,7.25237667365932e-05,"2","PRKACB"
3.29098538240629e-09,0.559649155097795,0.203,0.34,7.5735446605316e-05,"2","ALG3"
4.15357198001068e-09,0.541139941390458,0.18,0.303,9.55861519759857e-05,"2","DCAF8"
4.53170655756509e-09,0.730767762692643,0.63,0.695,0.000104288163009245,"2","TMED9"
4.57719233949593e-09,1.76586595409326,0.34,0.319,0.00010533492730882,"2","KIAA0040"
5.03758353859785e-09,0.70847294174289,0.168,0.284,0.000115929909973752,"2","OSBP"
5.25887945232541e-09,0.407417904843347,0.152,0.257,0.000121022592836365,"2","DDX3Y"
5.27729620152561e-09,1.3099051233578,0.338,0.303,0.000121446417485709,"2","NUCB2"
5.49433231917186e-09,0.452587506138597,0.18,0.297,0.000126441069661102,"2","NGLY1"
6.51316977547864e-09,0.569633111806625,0.241,0.39,0.00014988757604309,"2","SH3BGRL"
6.64360470507147e-09,1.42262833784829,0.389,0.386,0.00015288927507781,"2","NPC2"
7.6011658171625e-09,0.967604559561261,0.53,0.574,0.000174925628950361,"2","HM13"
7.66507446444407e-09,1.41315500586464,0.34,0.31,0.000176396358650252,"2","PLD3"
8.24609368443459e-09,0.670008774956093,0.226,0.369,0.000189767353959893,"2","CEP350"
8.52717277550644e-09,0.545191723468129,0.312,0.5,0.00019623582708273,"2","NDUFA3"
8.95796830024641e-09,0.35969267915203,0.298,0.459,0.000206149724493571,"2","EMC7"
9.56342342471248e-09,0.493142503881702,0.151,0.258,0.000220083063272908,"2","CHD9"
1.32119784821968e-08,0.653515001026304,0.174,0.289,0.000304047260810795,"2","TRIM38"
1.46370841356199e-08,0.412949512749354,0.302,0.475,0.000336843217213021,"2","TMED5"
1.54429280153182e-08,0.585476233774849,0.179,0.297,0.000355388102416517,"2","ADAM17"
1.61049542372031e-08,0.406281558271563,0.285,0.449,0.000370623311860755,"2","SPEN"
1.63342292754118e-08,0.402786463741694,0.35,0.536,0.000375899618315052,"2","NDUFB1"
1.77590349523629e-08,0.653079952586909,0.171,0.288,0.000408688671358726,"2","MRPL44"
1.8382964619612e-08,0.547889176866224,0.291,0.46,0.000423047164791132,"2","DOCK8"
1.96083358729041e-08,0.910664552214454,0.541,0.598,0.000451246633443141,"2","CD63"
2.24421016069835e-08,0.95648932874184,0.522,0.562,0.000516460084281512,"2","TPD52"
2.94765845552285e-08,0.58136730994175,0.667,0.693,0.000678344640369474,"2","SEC61B"
3.21678594089436e-08,0.593647562382332,0.162,0.27,0.000740278948578019,"2","VPS13C"
3.49370691338833e-08,0.652624367364343,0.221,0.358,0.000804006771978056,"2","NFX1"
4.40848708531847e-08,0.602891095235728,0.203,0.329,0.00101452513294434,"2","SERINC1"
4.47355874411145e-08,1.41555901500027,0.37,0.361,0.00102950007378237,"2","HSH2D"
5.57239409851134e-08,0.860286037174566,0.534,0.576,0.00128237505389041,"2","OS9"
6.78140971675191e-08,0.470473872350337,0.306,0.473,0.00156060581811612,"2","MEF2D"
6.94234013001948e-08,1.00700693768631,0.525,0.579,0.00159764073412138,"2","PSME2"
7.62314547570867e-08,1.04128398466986,0.402,0.394,0.00175431446832484,"2","ITM2B"
7.64126337624255e-08,1.567018875813,0.273,0.235,0.0017584839407747,"2","DENND5B"
8.91536179467498e-08,0.719428040832877,0.258,0.411,0.00205169220980855,"2","CLPTM1"
8.962237164566e-08,0.565414450941337,0.23,0.363,0.00206247963868157,"2","TMEM208"
8.97990958228424e-08,0.524605828996358,0.247,0.385,0.00206654659217107,"2","GMPPA"
9.24221143827426e-08,0.764250048584766,0.538,0.584,0.00212691011829006,"2","ANKRD12"
9.51705780011329e-08,0.606400859475939,0.63,0.664,0.00219016051154007,"2","SRGN"
1.07776930327254e-07,0.786079787559591,0.276,0.44,0.00248027049762109,"2","SCFD1"
1.0900741505851e-07,1.05212886982968,0.523,0.568,0.00250858764274149,"2","LENG8"
1.13083670789775e-07,0.664979698717952,0.159,0.262,0.00260239451588509,"2","LMBRD1"
1.13592211840086e-07,0.806261452452927,0.192,0.309,0.0026140975710759,"2","PRKD2"
1.14381605593792e-07,0.28468447676907,0.367,0.536,0.00263226388952994,"2","COPB2"
1.25488049302139e-07,0.510969109003196,0.237,0.369,0.00288785647859013,"2","CCNL2"
1.6281333931084e-07,0.918093748353539,0.185,0.303,0.00374682337756035,"2","OSBPL3"
1.72977758336467e-07,0.383505419308599,0.383,0.57,0.00398073715259712,"2","GANAB"
1.90196115150286e-07,0.433952949597978,0.3,0.466,0.00437698319795354,"2","EP300"
2.15528477713861e-07,0.624801360119526,0.27,0.421,0.00495995685762909,"2","MDFIC"
2.23437054912159e-07,0.435940087814803,0.314,0.482,0.00514195694469351,"2","ATP2A3"
2.30931212393823e-07,0.543283691790608,0.282,0.436,0.00531441999081904,"2","ATP6V1G1"
2.31081886726556e-07,0.496548902784303,0.368,0.549,0.00531788745923823,"2","CCDC69"
2.36382398869679e-07,0.666049883251318,0.228,0.362,0.00543986814518792,"2","ZNF24"
2.86191586721596e-07,0.771694353349418,0.218,0.345,0.00658612698522409,"2","ERAP2"
3.042236171789e-07,0.855847277577717,0.378,0.349,0.00700109810213803,"2","TP53INP1"
3.26737589837959e-07,0.708655967436186,0.273,0.424,0.00751921215494096,"2","BAZ1A"
3.66545351552162e-07,0.856357901692001,0.222,0.35,0.00843530817526991,"2","SPCS2P4"
4.5279418098769e-07,0.545336554476076,0.308,0.468,0.0104201524870697,"2","MORF4L2"
4.70923036562725e-07,0.959451637666092,0.212,0.341,0.010837351840418,"2","VKORC1"
4.73171807871102e-07,0.653787878473192,0.216,0.338,0.0108891028145377,"2","ZCCHC11"
5.33032713720104e-07,1.04587723435671,0.365,0.348,0.0122666818408408,"2","RALGPS2"
5.34482437421096e-07,0.598672735150247,0.203,0.314,0.0123000443323717,"2","C16orf58"
5.42422650341436e-07,1.44613512320864,0.305,0.278,0.0124827724523075,"2","TTC17"
6.3078942384596e-07,0.635274267847931,0.629,0.694,0.0145163570109671,"2","SERP1"
6.61209107309697e-07,1.06105667987537,0.24,0.376,0.0152164051865181,"2","SOCS3"
7.90204648306892e-07,0.833790414633708,0.202,0.318,0.0181849795714865,"2","TMEM19"
8.2560610896764e-07,0.979177148032327,0.161,0.26,0.0189996733856723,"2","TAPSAR1"
8.27270009249378e-07,0.670756271450853,0.592,0.652,0.0190379647228559,"2","TMED10"
8.50659514295989e-07,0.601647295791395,0.305,0.467,0.0195762274024936,"2","TMEM214"
8.72515381464496e-07,0.68918158935201,0.285,0.448,0.0200791964736425,"2","PSENEN"
9.73098908703055e-07,0.629987961473672,0.254,0.396,0.0223939251859834,"2","PCGF5"
1.00696358953794e-06,1.21412363540935,0.426,0.451,0.0231732530860367,"2","SHISA5"
1.45186037526327e-06,0.480159948168452,0.304,0.459,0.0334116628159336,"2","KRT10"
1.57831700917569e-06,0.637359515305367,0.262,0.399,0.0363218093321602,"2","TLE3"
1.58661132156371e-06,0.781942692989118,0.234,0.365,0.0365126863431456,"2","CXXC1"
1.71487885221697e-06,0.536266030839098,0.164,0.255,0.039464507026069,"2","RABAC1"
1.73860118556912e-06,0.632516366043662,0.289,0.44,0.040010429083502,"2","SDF4"
2.18838555851184e-06,0.596354438000614,0.301,0.457,0.0503613168580331,"2","SLC39A7"
2.39931629971444e-06,0.791300576727035,0.225,0.345,0.0552154660053284,"2","TUG1"
2.50764414398224e-06,1.18540168033768,0.425,0.457,0.0577084146854632,"2","ERGIC3"
2.57477251995182e-06,0.610921630048965,0.177,0.273,0.0592532400016513,"2","XIAP"
2.84607319743202e-06,0.533058342369854,0.301,0.448,0.0654966824925031,"2","RYBP"
2.91161378548435e-06,0.648853277169301,0.613,0.659,0.0670049680453513,"2","CLPTM1L"
3.37008600977246e-06,0.704750417881278,0.161,0.253,0.0775557893428936,"2","SLFN11"
4.30369335604964e-06,1.15080840246232,0.366,0.373,0.0990408952027704,"2","PHF11"
4.76537644135428e-06,0.49496564927835,0.233,0.35,0.109665608044886,"2","CIR1"
4.76583838059371e-06,0.766063371061585,0.206,0.318,0.109676238652603,"2","KIAA0930"
5.13629211534651e-06,0.431905603301445,0.329,0.489,0.118201490450469,"2","WHSC1L1"
5.37321983812681e-06,0.744988181405458,0.264,0.401,0.123653908134812,"2","ALG5"
5.78135034677098e-06,0.726468220411494,0.239,0.364,0.133046215530241,"2","LINC00657"
5.94033227576621e-06,0.261664181360768,0.411,0.58,0.136704866662208,"2","COPZ1"
6.68224427569018e-06,0.286126861861294,0.411,0.589,0.153778487516458,"2","SEMA4A"
7.48610298937046e-06,0.594878770259323,0.271,0.407,0.172277688094382,"2","SEMA4D"
8.30458727394819e-06,0.884514698856179,0.18,0.279,0.19111346693537,"2","ARHGEF2"
9.12922128355621e-06,0.581568432870057,0.325,0.487,0.210090769398479,"2","MPHOSPH8"
1.04326611762743e-05,1.11783375174381,0.161,0.25,0.240086831649601,"2","SLC33A1"
1.23180207217368e-05,0.816212893363589,0.231,0.355,0.28347461086933,"2","TOR3A"
1.29993092148681e-05,0.592273894300025,0.272,0.405,0.299153102961761,"2","SEC61A1"
1.37520401587977e-05,0.389225874147834,0.405,0.578,0.316475700174411,"2","DYNLRB1"
1.41673510631397e-05,1.24518725325328,0.297,0.282,0.326033250016035,"2","MIA3"
1.42312992364619e-05,0.756376945269002,0.222,0.336,0.327504889328697,"2","TNRC6A"
1.4775835386706e-05,0.734575836330859,0.231,0.35,0.340036299754264,"2","YIPF3"
1.53203850542294e-05,1.12138222794491,0.424,0.46,0.352568021252982,"2","APOBEC3G"
1.53326705087499e-05,0.582692251654266,0.229,0.339,0.352850746417861,"2","HSPA13"
1.54909721538068e-05,0.450228670231802,0.357,0.518,0.356493742175556,"2","KDELR2"
1.73909576088091e-05,1.31230551485976,0.282,0.261,0.400218107451523,"2","FNDC3A"
1.84745030876856e-05,0.259242865433783,0.419,0.596,0.425153739556908,"2","RBBP6"
1.87569603480334e-05,0.710394362279401,0.239,0.357,0.431653928489293,"2","B4GALT3"
1.90643589489894e-05,0.875639576559574,0.223,0.339,0.438728092493093,"2","ALG2"
2.05792208271435e-05,0.258099393648155,0.778,0.763,0.473589608895052,"2","GSTP1"
2.06711434574002e-05,0.488373994328503,0.286,0.423,0.47570502438515,"2","ZC3H11A"
2.54116455310078e-05,0.976575497318563,0.223,0.339,0.584798198605083,"2","BLNK"
2.7871780516998e-05,0.564709570136187,0.327,0.478,0.641413285037674,"2","ATRX"
2.8275335311038e-05,1.08317217501345,0.168,0.259,0.650700291512916,"2","APOL3"
2.90264861708599e-05,0.304638854240561,0.352,0.507,0.667986526249998,"2","CXXC5"
2.93939662792569e-05,0.630890431307301,0.301,0.45,0.676443345984538,"2","COBLL1"
3.00316841879942e-05,1.21955264614925,0.362,0.371,0.69111914821831,"2","SLC44A1"
3.10574164331449e-05,0.549646173906177,0.206,0.306,0.714724324375963,"2","TMEM131"
3.55656438138813e-05,1.61258015900079,0.287,0.277,0.818472161088849,"2","GADD45A"
3.94607350083183e-05,0.3601773121808,0.703,0.739,0.908109894746429,"2","UBE2J1"
4.37187360505208e-05,0.751834195370271,0.307,0.456,1,"2","DNAJC15"
4.61967150756533e-05,0.588899252671417,0.602,0.681,1,"2","NEAT1"
5.25155258926458e-05,0.73376907757807,0.25,0.369,1,"2","IRF3"
5.88127527694825e-05,0.621662860145985,0.314,0.462,1,"2","PRCC"
6.00512341668268e-05,0.713164124402613,0.176,0.261,1,"2","TNRC6B"
6.1681344741696e-05,0.37297160381345,0.394,0.549,1,"2","RAB1A"
6.87474702648918e-05,1.34638807169419,0.34,0.347,1,"2","GRN"
6.95337231809522e-05,0.780761639663602,0.242,0.359,1,"2","OTUD5"
7.48765429313565e-05,0.83101877154059,0.178,0.266,1,"2","DHTKD1"
7.51296461870938e-05,0.400792836114266,0.72,0.778,1,"2","DDX5"
7.85371059779706e-05,0.628329293467576,0.291,0.421,1,"2","DNAJC3"
9.51546327984105e-05,1.07531264185867,0.182,0.275,1,"2","IGSF8"
9.5823426580288e-05,0.887955287467308,0.173,0.258,1,"2","PAG1"
9.63007859804241e-05,0.606293685813616,0.307,0.45,1,"2","SLC1A4"
9.72196991393987e-05,0.851031840207842,0.199,0.297,1,"2","PML"
0.000115434803542336,0.971693893074517,0.178,0.264,1,"2","TMEM179B"
0.000125568284659255,0.770648689772249,0.297,0.434,1,"2","SNRNP70"
0.000127804372197607,0.968865575326646,0.219,0.328,1,"2","SEC24C"
0.000130569912165099,0.948937445160434,0.477,0.533,1,"2","C4orf3"
0.000133999086927114,0.401002524294003,0.419,0.594,1,"2","TCF25"
0.00015064118008369,0.449645740870238,0.321,0.459,1,"2","CHD2"
0.000153853038735127,0.805911611341799,0.229,0.339,1,"2","SYNRG"
0.000154651792372349,1.03864355391476,0.204,0.304,1,"2","NDUFV3"
0.000158310387766049,0.904991911657536,0.225,0.331,1,"2","NDFIP1"
0.000160596893004092,1.26108623492517,0.388,0.425,1,"2","MGAT1"
0.000160958205788247,0.790071650660208,0.333,0.492,1,"2","LRP10"
0.000168179547995165,0.409940948726572,0.208,0.295,1,"2","BCL2L11"
0.000178388896780729,1.01439187285647,0.206,0.305,1,"2","PAPSS1"
0.000197921399115074,0.572252861260046,0.273,0.394,1,"2","MARCH6"
0.000204421372853649,0.472502003218203,0.402,0.563,1,"2","GTF2I"
0.000213164824246137,0.74294700880918,0.176,0.257,1,"2","ANKRD28"
0.000259055407914886,1.06627282377236,0.433,0.476,1,"2","IRF1"
0.000289757375266334,1.17173031891314,0.43,0.483,1,"2","ST6GALNAC4"
0.00031630680692549,1.20830937868088,0.393,0.434,1,"2","SAMHD1"
0.000358747111532794,0.452656061917838,0.321,0.448,1,"2","SP140"
0.000360384224723647,0.67599692118367,0.339,0.486,1,"2","CLDND1"
0.000361344875457554,0.959283584346307,0.263,0.388,1,"2","MRPS31"
0.000365637794004067,0.906763993375078,0.174,0.252,1,"2","ZKSCAN1"
0.000380272447483636,0.935951490673185,0.253,0.369,1,"2","VPS36"
0.000399384053213292,0.56514899512376,0.385,0.556,1,"2","AKR1A1"
0.000403727657462533,0.657027713987747,0.483,0.53,1,"2","EVI2B"
0.00041658772513413,1.13919953018822,0.35,0.359,1,"2","TMEM184B"
0.000447522126902076,0.891520731643252,0.41,0.436,1,"2","ZBTB38"
0.000485152468848416,0.979469498003569,0.216,0.317,1,"2","RBCK1"
0.000521934265569721,0.716915795469049,0.3,0.429,1,"2","USO1"
0.000532548360275334,0.64844417853368,0.276,0.398,1,"2","TAF7"
0.000589855507185085,0.685484141030848,0.338,0.495,1,"2","GSTK1"
0.000598868318211281,0.27296051665094,0.494,0.676,1,"2","COPE"
0.000671152645407968,0.862959881350081,0.503,0.581,1,"2","UFM1"
0.000697190422265039,0.627792947632985,0.256,0.358,1,"2","SEC24D"
0.000703657563176562,0.662040936376174,0.289,0.411,1,"2","BTN3A2"
0.000714375741955424,0.842636913145885,0.22,0.313,1,"2","CYBA"
0.000788698827838695,0.466904738161684,0.415,0.572,1,"2","MESDC2"
0.000806091592484432,0.448917395265388,0.406,0.566,1,"2","JUN"
0.000835354854045173,1.02513428326283,0.425,0.478,1,"2","ERLEC1"
0.000861708139397961,0.743840724305055,0.233,0.328,1,"2","LARP1B"
0.000880000583396489,0.454131782203734,0.441,0.615,1,"2","EDF1"
0.000901690070866103,0.827248718111348,0.49,0.57,1,"2","SEC31A"
0.000917064812477743,0.867832594351062,0.293,0.424,1,"2","ATP6AP1"
0.000967554500750705,1.47031148489276,0.272,0.267,1,"2","APOL1"
0.000974015169220372,1.05154993798958,0.44,0.502,1,"2","AKAP9"
0.00104080838126969,0.406245328900033,0.412,0.563,1,"2","IFNAR1"
0.00104332311843977,1.09161190743904,0.227,0.327,1,"2","ATP6V1A"
0.00104715454765275,1.22292184537328,0.378,0.413,1,"2","TRAM2"
0.00109834686208157,0.390996877769784,0.452,0.622,1,"2","STK4"
0.00112361978789382,0.897616566576119,0.297,0.428,1,"2","CASP4"
0.00115001910010925,1.11655582212403,0.206,0.297,1,"2","ERAP1"
0.001176616943884,0.948600287022423,0.232,0.331,1,"2","TMEM205"
0.00154308320933148,0.684704325934536,0.583,0.646,1,"2","TOP1"
0.0016324042285365,0.538423701614479,0.203,0.278,1,"2","GNG7"
0.00165911269313137,1.59845748830557,0.265,0.27,1,"2","TRIM69"
0.00184128078554453,0.924183226065006,0.261,0.372,1,"2","N4BP2L2"
0.00200007752313898,0.578636958278338,0.413,0.577,1,"2","LARP1"
0.00211179005287905,0.899395612362154,0.223,0.316,1,"2","MBD1"
0.00244473003390302,0.498221003477782,0.336,0.463,1,"2","CALU"
0.00329999814369332,0.93178278358207,0.238,0.337,1,"2","TIA1"
0.00340901536781912,0.694624441276396,0.261,0.363,1,"2","MLLT6"
0.00345138642765527,0.862228589194919,0.186,0.259,1,"2","RNF113A"
0.00378491327723501,0.96841099566291,0.192,0.268,1,"2","NEU1"
0.0040224016826389,0.352786020466472,0.438,0.594,1,"2","CDV3"
0.004109018049182,0.856426044429306,0.481,0.57,1,"2","SELK"
0.0044060735963764,0.551665169467871,0.606,0.732,1,"2","PNISR"
0.00456072416855327,0.921624317972387,0.204,0.284,1,"2","ARMCX3"
0.00486723590178284,0.682659157803048,0.317,0.443,1,"2","STT3A"
0.00595319268965999,1.21274347899727,0.215,0.301,1,"2","CARD8"
0.0063804421328387,0.9361532274152,0.227,0.311,1,"2","SGK1"
0.00649023538949367,0.569555675094504,0.404,0.56,1,"2","LMAN2"
0.00687006874860973,0.293486354920226,0.491,0.64,1,"2","STK17B"
0.00687013810285598,1.43941164350612,0.289,0.302,1,"2","ADA"
0.00694884133196608,0.779279014276187,0.325,0.458,1,"2","NRD1"
0.00703759992172007,0.383116331405931,0.498,0.648,1,"2","SEPT6"
0.00768504607352959,0.847003056040611,0.305,0.427,1,"2","MTIF3"
0.00813080913558751,1.16420841081355,0.385,0.447,1,"2","KLF13"
0.00928509866834741,0.4531691739742,0.313,0.309,1,"2","YPEL5"
0.00936079177998843,0.691940757880968,0.256,0.345,1,"2","C1orf63"
0,4.93548058052113,0.636,0.141,0,"3","TSC22D3"
0,2.24862550361487,0.942,0.572,0,"3","HLA-DRA"
0,2.06650959873227,0.972,0.874,0,"3","EEF1A1"
0,1.59726194306373,0.992,0.922,0,"3","RPS20"
0,1.96553793283816,0.999,0.935,0,"3","RPS27"
0,1.64325231445859,0.992,0.935,0,"3","RPL30"
0,1.70433544964185,0.987,0.956,0,"3","RPL13A"
0,1.54465409675876,0.989,0.963,0,"3","RPL31"
0,1.60495371405437,0.997,0.972,0,"3","RPS27A"
0,1.59068734436742,0.998,0.975,0,"3","RPS6"
0,1.4611369645724,0.997,0.987,0,"3","RPL21"
0,1.92432126150905,0.999,0.989,0,"3","RPL34"
0,1.68537272180086,0.995,0.988,0,"3","RPS29"
0,1.94181426766031,0.987,0.987,0,"3","CD74"
3.59836181768022e-300,1.48884770928522,0.992,0.972,8.28091005102748e-296,"3","RPL27A"
2.86707135177159e-299,1.62190231954552,0.978,0.919,6.59799130183196e-295,"3","RPL11"
1.42259401002998e-296,2.98124716824972,0.897,0.75,3.27381559528198e-292,"3","JUND"
2.27038841209899e-290,1.33053292224191,0.992,0.959,5.22484485276341e-286,"3","RPL32"
1.67470004075594e-287,3.2781234526772,0.684,0.214,3.85398720379165e-283,"3","MS4A1"
1.47661144661293e-276,1.54181737849637,0.982,0.896,3.39812592209033e-272,"3","RPLP2"
3.92843561835198e-274,0.983383297477915,1,0.999,9.04050888851341e-270,"3","MT-ND2"
3.50662469384233e-263,1.41072623182569,0.991,0.853,8.06979540793936e-259,"3","RPL39"
2.85365200356552e-252,3.15283894681617,0.807,0.524,6.56710935580534e-248,"3","CD37"
2.26093659549517e-250,3.50195765760957,0.786,0.472,5.20309338721302e-246,"3","KLF6"
1.24161956346901e-249,1.27623608222848,0.991,0.912,2.85733910141124e-245,"3","RPL9"
1.73485560995037e-241,3.18563061255369,0.814,0.577,3.99242321517878e-237,"3","EZR"
1.99837786183819e-235,1.03490902162098,0.994,0.982,4.59886697344823e-231,"3","RPS8"
3.92917424288576e-234,1.51200246540864,0.971,0.913,9.04220868515301e-230,"3","RPL13"
6.2042644067189e-229,0.871847713165155,1,0.999,1.42778736791822e-224,"3","MT-ND3"
9.37324280748175e-229,1.44671489115023,0.972,0.877,2.15706436728578e-224,"3","RPS23"
1.04850461244746e-224,1.27677271868539,0.974,0.952,2.41292366462534e-220,"3","RPS11"
4.28355510802188e-222,1.04869817010615,0.992,0.962,9.85774537009075e-218,"3","RPL37"
3.44685534347206e-220,1.14241119757178,0.985,0.92,7.93224820193225e-216,"3","RPS13"
4.33496411423283e-215,2.77050012264999,0.79,0.553,9.97605291608402e-211,"3","HLA-DPB1"
4.74973847086238e-214,1.41665024743355,0.957,0.925,1.09305731429956e-209,"3","RPS15A"
3.5741634960663e-212,0.871880146331709,0.998,0.992,8.22522245349737e-208,"3","TPT1"
9.91376565550397e-205,1.34507430352145,0.962,0.879,2.28145489030113e-200,"3","RPS21"
9.01363430346316e-194,1.05272055689642,0.986,0.953,2.07430766225598e-189,"3","RPS16"
5.98163775009794e-191,5.21202847628432,0.269,0.033,1.37655429543004e-186,"3","CTA-250D10.23"
2.82550217843268e-187,0.93913331596987,0.995,0.976,6.50232816322714e-183,"3","RPS18"
7.50010221364902e-186,1.35536727660439,0.955,0.919,1.72599852242705e-181,"3","RPL3"
1.41442875027638e-182,2.13694606330373,0.839,0.609,3.25502488301104e-178,"3","LAPTM5"
1.52520641175039e-180,5.43838003445615,0.326,0.059,3.50995751536118e-176,"3","REL"
2.84600546329846e-180,1.30466348503711,0.957,0.881,6.54951237268874e-176,"3","RPL10A"
4.82027092363914e-176,1.01520172400323,0.991,0.979,1.10928894765707e-171,"3","RPL23"
2.60550009849536e-175,1.264487122224,0.965,0.909,5.99603737666736e-171,"3","RPL12"
3.40550674528149e-174,1.23986765937066,0.971,0.921,7.83709267291629e-170,"3","RPS12"
5.81262361520315e-173,0.933824770610777,0.991,0.975,1.3376590725667e-168,"3","RPL37A"
3.1275632114737e-166,1.07714152062514,0.97,0.93,7.19746121856444e-162,"3","RPL38"
4.95236095348109e-162,1.15934236483999,0.963,0.871,1.1396868262246e-157,"3","RPL5"
1.13769983027034e-152,4.35407802775774,0.355,0.087,2.61818861940114e-148,"3","DUSP1"
1.72197080168792e-151,0.668751694375715,1,0.997,3.9627714059244e-147,"3","MT-ND1"
2.48999202865591e-151,1.14063275345044,0.966,0.894,5.73021865554585e-147,"3","RPL19"
1.32998387772632e-143,1.21692245101854,0.939,0.897,3.06069189781157e-139,"3","EIF1"
5.03755523859265e-136,1.20511845938837,0.928,0.842,1.15929258705733e-131,"3","RPS3A"
5.60978539095707e-136,1.12913695888073,0.953,0.938,1.29097991202095e-131,"3","RPL35A"
1.60715908880287e-134,1.71055907229672,0.827,0.778,3.69855521106204e-130,"3","TOMM7"
2.47633327139761e-134,1.1092356585297,0.957,0.938,5.69878575746732e-130,"3","RPS5"
5.14035226885978e-133,1.34907829017503,0.902,0.721,1.1829492676327e-128,"3","NAP1L1"
2.33592825924738e-128,4.85986841669913,0.283,0.062,5.375671703006e-124,"3","CD83"
7.7477170616619e-125,3.05455674354098,0.436,0.16,1.78298212740025e-120,"3","LTB"
4.28070889550609e-118,0.518519399728103,1,0.997,9.85119538122816e-114,"3","MT-ND5"
8.03702883588551e-115,4.48848647576284,0.386,0.14,1.84956144600233e-110,"3","CD69"
2.76905222663616e-113,2.85448102543793,0.637,0.461,6.3724198891578e-109,"3","BTG1"
1.73848956135627e-111,0.971641980239228,0.95,0.872,4.00078602754918e-107,"3","RPL6"
9.48785681615365e-110,1.68104878157527,0.834,0.735,2.18344048910144e-105,"3","FTH1"
8.22835950918571e-107,1.0604033058606,0.937,0.92,1.89359237384891e-102,"3","PABPC1"
3.52368028404883e-103,0.849448062471379,0.968,0.912,8.10904543768158e-99,"3","RPS14"
2.10545434580807e-101,4.26986857488216,0.309,0.095,4.84528208600812e-97,"3","RGS2"
7.01017886130185e-100,3.64014652688409,0.461,0.227,1.61325246135139e-95,"3","FOXP1"
2.19523440434639e-95,3.10156426433822,0.536,0.326,5.05189293472235e-91,"3","ZFP36L1"
2.7268844997347e-95,1.30162401896419,0.848,0.843,6.27537929923948e-91,"3","FAU"
6.00449700164397e-92,1.36427329715094,0.838,0.764,1.38181489498833e-87,"3","HLA-DRB1"
5.35362769680692e-90,0.357025594714401,1,0.999,1.23203034186618e-85,"3","MT-ND4"
3.43832105260576e-89,0.950594642276049,0.917,0.875,7.91260823836164e-85,"3","MTND1P23"
9.60294015916475e-87,1.16693791424388,0.858,0.923,2.20992461882858e-82,"3","HLA-E"
1.71853114952172e-85,0.58429859778049,0.977,0.954,3.95485573439434e-81,"3","HLA-B"
1.74651271892226e-85,1.02052696912254,0.911,0.862,4.0192497200558e-81,"3","RPS25"
2.11658193436288e-84,3.18433842853497,0.479,0.275,4.8708900055493e-80,"3","KLF2"
5.61694951453171e-84,1.08486020751577,0.879,0.836,1.29262859177918e-79,"3","RPS7"
9.277850978259e-84,0.331756492369101,1,0.999,2.13511184562674e-79,"3","MT-CYB"
1.24248124352141e-83,1.14667470466493,0.868,0.884,2.85932208571582e-79,"3","RPL26"
1.25290650065603e-81,2.54373101209521,0.626,0.523,2.88331372995972e-77,"3","JUNB"
1.44545040330699e-81,0.761283192728265,0.968,0.96,3.32641501313039e-77,"3","RPL29"
1.66289308719806e-81,0.849574839044204,0.941,0.925,3.8268158615689e-77,"3","RPL36"
9.78031457899318e-79,1.60118050080295,0.752,0.691,2.2507437940637e-74,"3","HLA-DPA1"
4.70203659159535e-78,0.539091632574523,0.995,0.97,1.08207968082384e-73,"3","PTMA"
1.30715710818413e-77,0.966466007914872,0.906,0.903,3.00816065306414e-73,"3","RPL14"
5.14729377597124e-77,1.03550391564288,0.897,0.838,1.18454671666426e-72,"3","RPL4"
5.97723925020311e-73,0.274786145528584,1,0.998,1.37554206864924e-68,"3","MT-CO3"
7.4860679452735e-71,3.3287394880689,0.309,0.122,1.72276881624579e-66,"3","SPOCK2"
3.82632639383731e-70,2.93154898873109,0.519,0.37,8.8055249301378e-66,"3","PPP1R15A"
6.22507021169527e-69,0.47346614643044,0.993,0.98,1.43257540781743e-64,"3","MT-ND4L"
1.26481797373154e-68,2.47018590588048,0.617,0.565,2.91072560294839e-64,"3","MKNK2"
4.95668252900731e-65,0.84167384671399,0.914,0.94,1.14068135040045e-60,"3","RPS4X"
9.77066937555353e-65,2.55042665081113,0.544,0.414,2.24852414339613e-60,"3","NFKBIA"
4.73460420764888e-63,2.50070544524763,0.55,0.442,1.08957446630624e-58,"3","GLTSCR2"
2.32243618100471e-57,1.67714485098156,0.651,0.569,5.34462238334613e-53,"3","TXNIP"
4.76300034843109e-57,0.408649368406437,0.979,0.966,1.09610927018445e-52,"3","MT-ATP8"
1.16908153287235e-53,0.616244755341787,0.968,0.956,2.69040733159914e-49,"3","RPS24"
2.15534842469593e-53,0.72778953147085,0.928,0.914,4.96010332975274e-49,"3","RPS3"
6.07567108667564e-53,0.282463153895884,0.094,0.38,1.39819418717667e-48,"3","TNPO1"
6.1955766630871e-53,0.423104288505136,0.079,0.352,1.42578805747624e-48,"3","ITGB2"
2.31817200726441e-52,1.91595736579488,0.629,0.58,5.33480924031758e-48,"3","SMAP2"
3.30943041998578e-52,0.288188891761011,0.104,0.394,7.61599222551327e-48,"3","C6orf106"
2.88356493254273e-51,0.260084542365276,0.114,0.41,6.63594797926058e-47,"3","DNAJC21"
2.32088339757894e-50,0.352772670295576,0.114,0.405,5.34104896284842e-46,"3","TRIP12"
7.48549010064215e-50,1.09649150839323,0.778,0.746,1.72263583686078e-45,"3","RPL22"
4.98478775855014e-49,0.674008505681377,0.936,0.927,1.14714920687514e-44,"3","RPL27"
6.77029455379078e-49,0.290831398732227,0.068,0.317,1.55804788566387e-44,"3","C16orf87"
2.9843874067888e-47,0.265724008942872,0.101,0.37,6.86797073924307e-43,"3","UBE2B"
3.13757643139821e-46,0.309282263999346,0.097,0.363,7.22050464157671e-42,"3","ATG12"
1.34211516346801e-45,1.67858658652956,0.647,0.662,3.08860962568894e-41,"3","SF1"
1.42468915962586e-45,0.304745304823452,0.055,0.283,3.27863716304698e-41,"3","MTRF1L"
1.51442644213444e-45,0.950806565719123,0.829,0.814,3.48514957128398e-41,"3","RPL23A"
1.79115579640514e-45,0.269944305949778,0.121,0.4,4.12198683426715e-41,"3","CELF1"
2.15931822259075e-45,0.317289978575787,0.114,0.387,4.9692390256481e-41,"3","RPF1"
3.49644140234301e-45,0.370239210102099,0.087,0.341,8.04636059921197e-41,"3","MED1"
5.35679827185882e-45,1.04626751366788,0.778,0.776,1.23275998630287e-40,"3","NACA"
1.31458036284846e-44,0.272122577627686,0.079,0.323,3.02524378902315e-40,"3","RPL7AP6"
1.34120253662215e-44,0.403581118815464,0.146,0.439,3.08650939752855e-40,"3","BAZ1A"
1.39161858551979e-44,0.385291279538083,0.098,0.358,3.2025318508567e-40,"3","SNRPA1"
1.88413000372752e-44,0.316106566343765,0.112,0.381,4.33594837757813e-40,"3","HIGD2A"
2.15084920746823e-44,0.397219910016421,0.154,0.452,4.94974928114663e-40,"3","ALKBH5"
3.3589414826331e-44,0.341188983668949,0.093,0.347,7.72993203398356e-40,"3","PBRM1"
4.56242071725518e-44,0.296152716699299,0.212,0.541,1.04994987966193e-39,"3","U2AF1"
5.01249383975673e-44,0.288950870440975,0.127,0.403,1.15352520734322e-39,"3","NUDT4"
5.55157876436817e-44,0.406418340097597,0.153,0.451,1.27758482104405e-39,"3","ACIN1"
5.62761136265387e-44,0.267935891084982,0.142,0.433,1.29508220288754e-39,"3","USF2"
8.71361452416263e-44,0.372142803235473,0.171,0.483,2.00526411044555e-39,"3","IK"
1.03549031540955e-43,0.339268140129741,0.117,0.386,2.38297386285199e-39,"3","QKI"
1.09031389841314e-43,0.322298967114846,0.141,0.425,2.50913937441816e-39,"3","EPN1"
1.26775667809166e-43,0.292948805656636,0.159,0.46,2.91748844329233e-39,"3","SNRNP200"
2.0462065129734e-43,0.469918429216628,0.15,0.446,4.70893504830568e-39,"3","CGGBP1"
2.18455662020395e-43,0.492693259135824,0.074,0.31,5.02732015007535e-39,"3","PTPN11"
4.16980171544855e-43,0.345531078277815,0.092,0.341,9.59596468776174e-39,"3","KPNA6"
4.30198623697763e-43,0.296609522399,0.119,0.385,9.90016092715662e-39,"3","DBF4"
4.77316754504165e-43,0.347076451467032,0.13,0.404,1.09844904714043e-38,"3","CCNK"
5.33027513313064e-43,0.31545298327076,0.164,0.461,1.22665621638735e-38,"3","TAOK3"
9.03376967708916e-43,0.397314522036146,0.075,0.309,2.07894141578853e-38,"3","TSR2"
1.29006741651516e-42,0.355663865228666,0.105,0.362,2.96883214562635e-38,"3","DDX42"
2.12870558863868e-42,0.281646796941214,0.057,0.275,4.8987901711342e-38,"3","OARD1"
2.2886401064713e-42,0.277186390699373,0.112,0.37,5.2668474770224e-38,"3","SNHG16"
5.05357020249501e-42,0.394564265906697,0.201,0.525,1.16297811070018e-37,"3","RASSF5"
5.24830812715647e-42,0.313668803627462,0.054,0.269,1.20779314930252e-37,"3","SART3"
7.80504733259243e-42,0.451698272699811,0.138,0.415,1.7961755426495e-37,"3","ARL8B"
1.12154668157128e-41,0.275226339591459,0.111,0.368,2.58101537829999e-37,"3","PPP1R16B"
1.30258904775777e-41,0.949971118104051,0.818,0.808,2.99764817560495e-37,"3","RPL10"
2.62642646419012e-41,0.541649525922562,0.088,0.328,6.04419522204072e-37,"3","BCAS2"
3.68609555562898e-41,0.291758932771839,0.126,0.395,8.48281170216897e-37,"3","NAA38"
4.199559407669e-41,0.411587316967365,0.145,0.427,9.66444606486866e-37,"3","CNOT7"
6.21511612493613e-41,0.485864128038121,0.096,0.341,1.43028467383155e-36,"3","PUM2"
7.7743199484086e-41,0.298189993581086,0.121,0.382,1.78910424972727e-36,"3","CEP350"
7.91234466873827e-41,0.505315168973803,0.099,0.346,1.82086787861674e-36,"3","RNF7"
1.34315231969371e-40,0.333467839434718,0.061,0.274,3.09099643331114e-36,"3","CCDC109B"
1.34595051691207e-40,1.5806492625591,0.632,0.628,3.09743592456974e-36,"3","ZFP36"
1.40683898899486e-40,0.457253238207893,0.096,0.34,3.23755856537387e-36,"3","ARRB2"
1.61129836372379e-40,0.434823607990034,0.144,0.42,3.70808092443756e-36,"3","RBM22"
1.62250904402954e-40,0.373377050900772,0.137,0.41,3.73388006302517e-36,"3","PWP1"
3.20518879686989e-40,0.444712884486921,0.146,0.424,7.37610097823667e-36,"3","STAG2"
3.68443397733674e-40,0.278959626047232,0.267,0.623,8.47898791204505e-36,"3","ATXN2L"
3.78844488850507e-40,0.403328699966644,0.101,0.344,8.71834822191673e-36,"3","KRR1"
5.18587193993703e-40,0.471648955855332,0.111,0.362,1.19342470953771e-35,"3","CIZ1"
1.01250145144739e-39,0.291640872980279,0.146,0.418,2.33006959021587e-35,"3","YWHAH"
1.06139598070302e-39,0.309468733339007,0.123,0.381,2.44259057039187e-35,"3","DNAJC2"
1.27177573050593e-39,1.76630836317486,0.589,0.558,2.92673748861329e-35,"3","CD52"
1.67821503857001e-39,0.285627170789693,0.071,0.289,3.86207626826116e-35,"3","RNF220"
1.75147941476593e-39,0.305703634037643,0.191,0.495,4.03067957720083e-35,"3","TMED4"
1.88277493350915e-39,0.287503127148853,0.116,0.367,4.33282995448462e-35,"3","EMB"
2.39585102151987e-39,0.464848608660676,0.141,0.41,5.51357195582369e-35,"3","SETD8"
2.59799919295862e-39,0.52563394653175,0.078,0.302,5.97877554275567e-35,"3","ZCCHC10"
3.33041161220622e-39,0.260366115051162,0.061,0.268,7.66427624317016e-35,"3","CUL2"
3.45668688615465e-39,0.47857813141562,0.153,0.433,7.9548735311077e-35,"3","UBE2R2"
4.03844943557119e-39,0.515083903085266,0.154,0.434,9.29368368607999e-35,"3","PPP3CA"
4.29667554016502e-39,0.480321517448286,0.132,0.396,9.88793942058176e-35,"3","NEMF"
4.62967986881536e-39,0.260042351340722,0.082,0.306,1.06542822821048e-34,"3","ATP11B"
4.99899244337618e-39,0.31154946423536,0.199,0.509,1.15041813099416e-34,"3","ORAI2"
6.09334386075043e-39,0.643204250175984,0.101,0.341,1.4022612226745e-34,"3","SF3A1"
6.41737557169473e-39,0.664387940311973,0.104,0.346,1.47683064031411e-34,"3","SBNO1"
7.03828244402072e-39,3.17738867533579,0.358,0.238,1.61971993884249e-34,"3","HLA-DMB"
1.200781330605e-38,0.549907231842505,0.09,0.321,2.76335807612129e-34,"3","DDX50"
1.53759395571373e-38,0.305891602153143,0.201,0.508,3.53846497028402e-34,"3","PHIP"
1.75168204099578e-38,0.409451148878126,0.095,0.327,4.0311458809436e-34,"3","SFSWAP"
2.97358932527706e-38,0.525412213033782,0.138,0.405,6.8431211142601e-34,"3","SF3A2"
3.94543719473491e-38,0.370902486498415,0.114,0.357,9.07963461624344e-34,"3","MTATP6P1"
4.03467572060661e-38,0.332562539924063,0.089,0.315,9.284999235832e-34,"3","KIAA1430"
4.17518321813093e-38,0.274032657029089,0.061,0.264,9.60834913988471e-34,"3","TERF1"
5.77835546067312e-38,0.509479356095352,0.136,0.4,1.32977294216471e-33,"3","KCTD20"
6.93397456292151e-38,0.467427739352638,0.114,0.361,1.59571556616513e-33,"3","DDA1"
7.83568037436273e-38,0.276733531126182,0.109,0.346,1.80322512455209e-33,"3","RBM5"
8.25584180111312e-38,0.311548262061222,0.069,0.28,1.89991687369016e-33,"3","TWISTNB"
1.25437113455886e-37,0.369470131346975,0.072,0.284,2.8866842919603e-33,"3","MEAF6"
1.33019679684515e-37,0.295070028536292,0.275,0.619,3.06118188857974e-33,"3","KTN1"
1.59710705461008e-37,0.588556532464268,0.074,0.288,3.67542246477417e-33,"3","KIAA1143"
2.08955089387043e-37,0.321812069067711,0.077,0.29,4.80868347206401e-33,"3","SAFB"
2.10232105441217e-37,0.285456195641786,0.123,0.369,4.83807144251872e-33,"3","NFX1"
2.72087964998238e-37,0.661906302405815,0.122,0.371,6.26156033850445e-33,"3","C7orf55-LUC7L2"
3.08695258290969e-37,0.515110394246817,0.113,0.355,7.10400397905008e-33,"3","APPL1"
3.78388835824365e-37,0.50366998493656,0.069,0.277,8.7078622788261e-33,"3","USP39"
5.82418687369638e-37,0.256880398895976,0.072,0.281,1.34032012524375e-32,"3","NSD1"
6.0450901925923e-37,0.400247731960599,0.136,0.396,1.39115660602127e-32,"3","PPP2R5E"
8.08540317213993e-37,0.266768621358743,0.058,0.257,1.86069383200456e-32,"3","CCDC137"
8.55943864350623e-37,0.495199264207686,0.138,0.397,1.96978361503009e-32,"3","PJA2"
8.92174668045899e-37,0.369116519536446,0.075,0.285,2.05316156357403e-32,"3","MARK2"
1.39578765500423e-36,0.349290550161925,0.092,0.314,3.21212613046124e-32,"3","ASB8"
1.5339746609176e-36,0.536675146678478,0.147,0.411,3.53013588716966e-32,"3","WDR82"
1.71900066961228e-36,0.627355574597017,0.117,0.36,3.95593624097875e-32,"3","RANBP2"
2.33985815941605e-36,0.745261382295997,0.085,0.304,5.38471558226415e-32,"3","FAM168B"
2.77020449059823e-36,0.57890677664478,0.112,0.35,6.3750715942137e-32,"3","ATP1A1"
4.45011186214509e-36,0.858493206127706,0.122,0.368,1.02410424283545e-31,"3","WIPI2"
6.22811977824413e-36,0.44626703726426,0.093,0.315,1.43327720456732e-31,"3","DOCK11"
7.46515135657292e-36,0.61241142144406,0.128,0.374,1.71795528168813e-31,"3","PREX1"
7.60354596782854e-36,0.370503022355055,0.215,0.523,1.74980403357638e-31,"3","EIF3D"
9.1325977516177e-36,0.299250489753029,0.178,0.459,2.10168472057978e-31,"3","ARID1A"
1.18603943664549e-35,0.646288540017511,0.07,0.273,2.72943255555226e-31,"3","EFR3A"
1.29413157259832e-35,0.330946825915625,0.082,0.293,2.97818498802052e-31,"3","SAP30BP"
1.30021220085645e-35,0.680042029867496,0.074,0.28,2.99217833783095e-31,"3","SOD2"
1.39896728244224e-35,0.502225063481823,0.163,0.434,3.21944340708434e-31,"3","STAU1"
1.47733186342813e-35,0.309167647329931,0.07,0.271,3.39978381730716e-31,"3","FAM134A"
1.49982000013259e-35,0.55401936861013,0.133,0.388,3.45153576630514e-31,"3","FLNA"
1.52248866852543e-35,0.298860302805174,0.058,0.253,3.50370317287758e-31,"3","MST4"
1.6983001728913e-35,0.258338307437414,0.064,0.259,3.90829818787474e-31,"3","ATF6B"
2.36380243404539e-35,0.540123764717348,0.098,0.322,5.43981854146865e-31,"3","YTHDF1"
2.9829001630914e-35,0.272247735279587,0.064,0.259,6.86454814532224e-31,"3","ALG13"
3.62816402375277e-35,0.643950668853376,0.144,0.399,8.34949386786225e-31,"3","RIOK3"
3.6806014311319e-35,0.291161417530338,0.061,0.254,8.47016807346384e-31,"3","HEATR1"
3.85389574409575e-35,0.457248328118542,0.183,0.464,8.86897027588755e-31,"3","CYFIP2"
4.15460892493301e-35,0.422411916364565,0.065,0.262,9.56100151894834e-31,"3","RBM18"
4.95612922399246e-35,0.539529641227881,0.061,0.253,1.14055401831739e-30,"3","CUL4A"
5.19634432660027e-35,0.466298141531903,0.082,0.293,1.19583471988052e-30,"3","NUPL1"
6.37740078548074e-35,0.340164905174743,0.108,0.335,1.46763124276268e-30,"3","DYNC1LI2"
6.85944951588071e-35,0.386416341502317,0.227,0.528,1.57856511708963e-30,"3","CAST"
7.49727267188095e-35,0.575589350254966,0.105,0.332,1.72534735997996e-30,"3","DYNLL2"
8.86101152337668e-35,1.06151872757113,0.724,0.771,2.03918458187468e-30,"3","RPL18"
1.05684907466984e-34,0.779664582899565,0.144,0.399,2.4321267755377e-30,"3","SNW1"
1.32212009852369e-34,0.714881967457475,0.08,0.287,3.04259498273258e-30,"3","VPS26A"
1.40613652459931e-34,0.398171898310508,0.188,0.468,3.23594198406039e-30,"3","PTBP3"
1.47065018309068e-34,0.530104322309569,0.148,0.404,3.38440726634659e-30,"3","TMF1"
1.52096513504728e-34,0.336477849509168,0.196,0.486,3.50019706528431e-30,"3","MEF2D"
1.6075989508954e-34,0.306279324395254,0.063,0.254,3.69956746569557e-30,"3","ZCCHC7"
1.62351474668051e-34,0.334783163075176,0.204,0.496,3.73619448653586e-30,"3","EEF1B2P3"
1.73542668036145e-34,0.507127568943298,0.222,0.523,3.99373741951581e-30,"3","ATP6V1F"
1.75652340694708e-34,0.544077293297116,0.159,0.426,4.04228731640733e-30,"3","KCMF1"
1.88373495614031e-34,0.274501501795874,0.067,0.262,4.33503925456569e-30,"3","OPA1"
1.89704571540455e-34,0.541769044623146,0.093,0.31,4.36567130486048e-30,"3","LTV1"
2.23694212509786e-34,0.278937986462509,0.134,0.378,5.1478749124877e-30,"3","CD19"
2.45169017271204e-34,0.296066218208804,0.077,0.279,5.64207459446221e-30,"3","USP11"
2.48342382827389e-34,0.462181484537102,0.083,0.291,5.71510325600671e-30,"3","SMNDC1"
3.66090894885357e-34,1.3074941965735,0.689,0.776,8.42484976399672e-30,"3","RBM39"
4.16971839182274e-34,0.532582456561611,0.089,0.3,9.59577293510167e-30,"3","ARAF"
4.32787593632844e-34,0.719324805659676,0.138,0.391,9.95974089227264e-30,"3","TMEM183A"
4.38535201902801e-34,0.261382784887089,0.09,0.299,1.00920106013892e-29,"3","TRIM38"
5.15320914885191e-34,0.543214561333907,0.089,0.301,1.18590802142529e-29,"3","ERICH1"
5.22376853773373e-34,0.305716578940925,0.083,0.289,1.20214585358866e-29,"3","TUBA1A"
5.29734322081953e-34,0.473751301856619,0.071,0.268,1.2190775954072e-29,"3","NMD3"
6.76015070408513e-34,0.570185391962411,0.135,0.38,1.55571348153111e-29,"3","ADD3"
7.37183499831351e-34,0.836379614576454,0.101,0.322,1.69648038816189e-29,"3","CHRAC1"
7.69678581499101e-34,0.69960195173638,0.087,0.296,1.77126131960388e-29,"3","BNIP3L"
8.02301627377264e-34,0.562677995579474,0.118,0.35,1.8463367350833e-29,"3","OSBPL8"
8.99728274605357e-34,0.253737069492992,0.176,0.437,2.07054467834931e-29,"3","WDR43"
9.10077202139876e-34,0.254938089206832,0.195,0.471,2.0943606652845e-29,"3","PCNP"
1.11202964216197e-33,0.597767782064449,0.925,0.95,2.55911381550734e-29,"3","RPL41"
1.18949706316698e-33,0.36484908907289,0.092,0.302,2.73738959146618e-29,"3","REST"
1.32792394686923e-33,0.528853686144727,0.162,0.424,3.05595137893015e-29,"3","AFTPH"
1.37659806185617e-33,0.554184366630145,0.117,0.347,3.16796511974961e-29,"3","ARIH2"
1.5891769743402e-33,0.645289009584657,0.141,0.387,3.65717297104911e-29,"3","STRAP"
1.66170892040687e-33,0.497886825783354,0.201,0.489,3.82409073853233e-29,"3","BPTF"
2.34242630604292e-33,0.493270259722187,0.109,0.33,5.39062565809658e-29,"3","SAMSN1"
2.35906961438426e-33,2.89056157566098,0.325,0.207,5.4289269035825e-29,"3","NBPF10"
2.98714190436611e-33,0.632950485446813,0.128,0.366,6.87430966451773e-29,"3","AKIRIN1"
3.10346278828878e-33,0.740490277861669,0.087,0.293,7.14199891468896e-29,"3","RPS6KB1"
3.19417569504231e-33,0.322548084224147,0.09,0.298,7.35075652700086e-29,"3","CCDC12"
3.98833901499539e-33,0.389168812366768,0.106,0.324,9.17836457520889e-29,"3","USP47"
4.59426807183354e-33,0.51630423968274,0.073,0.268,1.05727891137105e-28,"3","MAP2K3"
5.01756027576477e-33,0.580381260070617,0.073,0.268,1.15469114626175e-28,"3","SNAP23"
5.70055812132574e-33,0.523198149306523,0.079,0.277,1.31186944046069e-28,"3","GIT2"
7.15186966978772e-33,0.292804920888659,0.115,0.339,1.64585976710825e-28,"3","AKNA"
7.48514886448882e-33,0.317452639074508,0.288,0.619,1.72255730818481e-28,"3","PPIG"
7.59653306096687e-33,0.469831385713326,0.183,0.451,1.74819015332031e-28,"3","RSF1"
8.09518074736061e-33,0.627320990753323,0.146,0.396,1.8629439453901e-28,"3","STK24"
8.27908488726596e-33,0.592767046152652,0.175,0.436,1.90526580510651e-28,"3","CELF2"
9.83249234156043e-33,0.643836542762998,0.139,0.386,2.2627514625633e-28,"3","HEBP2"
1.01821820346829e-32,0.256537628309909,0.093,0.301,2.34322555164159e-28,"3","KIAA1033"
1.31568940896589e-32,0.389429524597225,0.131,0.366,3.0277960368532e-28,"3","MSL1"
1.52771512800072e-32,0.597268700312621,0.107,0.325,3.51573082406806e-28,"3","METTL9"
1.69234166448798e-32,0.308615756291807,0.075,0.268,3.89458587248618e-28,"3","CIAO1"
2.12685664017559e-32,0.675410444442571,0.095,0.305,4.89453518603608e-28,"3","TMX4"
2.32491168677793e-32,2.39478241617913,0.393,0.286,5.35031926478204e-28,"3","ZFP36L2"
2.52399538222457e-32,0.41280924933798,0.092,0.299,5.8084705731134e-28,"3","TAF11"
2.652744535772e-32,0.56992228011498,0.098,0.309,6.10476100017211e-28,"3","RBPJ"
2.73039297996612e-32,0.504301870822722,0.067,0.253,6.28345336479603e-28,"3","C7orf50"
2.76197754105683e-32,0.381218046529928,0.195,0.473,6.35613891523408e-28,"3","MAPK1IP1L"
2.77408902732665e-32,0.912158085389972,0.123,0.354,6.38401107858683e-28,"3","SYAP1"
2.82836100469426e-32,0.725596429608246,0.149,0.395,6.5089071801029e-28,"3","UBE2Z"
3.62152962985348e-32,0.600181435124047,0.206,0.495,8.3342261371818e-28,"3","SRSF6"
3.99286496464257e-32,0.469878689667772,0.092,0.298,9.18878014313194e-28,"3","PLEKHB2"
4.17843057026265e-32,0.739833897334283,0.122,0.349,9.61582227134544e-28,"3","UBQLN1"
4.78699009558922e-32,0.613401674822597,0.109,0.326,1.10163003069795e-27,"3","EFCAB14"
5.81852773322235e-32,0.378874460671409,0.175,0.437,1.33901778724646e-27,"3","ELOVL5"
8.4946391106301e-32,0.327747800126932,0.077,0.269,1.95487129852931e-27,"3","AKAP8"
8.53346305954412e-32,0.530711016586354,0.181,0.441,1.96380585389289e-27,"3","LITAF"
8.65768652910918e-32,1.47214385193839,0.571,0.516,1.9923934009439e-27,"3","ZFAS1"
8.68026619073561e-32,0.250084993608653,0.071,0.257,1.99758965847399e-27,"3","SAMD4B"
1.01402640147198e-31,0.532898794485921,0.182,0.447,2.33357895770746e-27,"3","SREK1"
1.12785837573605e-31,0.548691332712244,0.139,0.379,2.59554048008138e-27,"3","DR1"
1.16043045671013e-31,0.621821294457435,0.106,0.319,2.67049861002702e-27,"3","URI1"
1.23315230680359e-31,0.567273573360655,0.105,0.317,2.83785340364709e-27,"3","ARL2BP"
1.51896636202135e-31,0.67303149702933,0.113,0.332,3.49559728891974e-27,"3","SLMO2"
1.79747845819146e-31,0.682866127844323,0.069,0.255,4.136537175836e-27,"3","CPSF7"
1.84333078350149e-31,0.751123971696967,0.096,0.303,4.24205713207197e-27,"3","TBC1D15"
1.98677659391771e-31,0.639666881319213,0.13,0.361,4.57216897558282e-27,"3","DIS3"
2.17678876326296e-31,0.441861985342422,0.105,0.315,5.00944398089704e-27,"3","BIRC2"
2.42048446783923e-31,0.524734680937026,0.222,0.518,5.57026090583842e-27,"3","UBE2Q1"
2.48759946657365e-31,0.450582818743321,0.089,0.287,5.72471265242595e-27,"3","RAB31"
2.79388641259361e-31,0.333130349312814,0.085,0.281,6.42957080130167e-27,"3","SH3GL1"
3.35332936802573e-31,0.272323543744662,0.078,0.269,7.71701687463762e-27,"3","RPL21P28"
3.47198846067245e-31,0.539372368189265,0.117,0.335,7.9900870445455e-27,"3","GGA1"
4.49259092624048e-31,0.882144109340417,0.096,0.301,1.03387994985572e-26,"3","EIF4G3"
5.09602440776127e-31,0.801569547868265,0.139,0.376,1.1727480969581e-26,"3","ZFR"
5.20025916401376e-31,0.64546014459277,0.092,0.294,1.19673564141449e-26,"3","KIAA1429"
5.4710927559269e-31,0.936123456789286,0.074,0.263,1.25906257592146e-26,"3","PMPCB"
5.5122458320468e-31,0.59823018956016,0.117,0.335,1.26853313332893e-26,"3","CDK11B"
5.7947946209694e-31,0.613469047003833,0.085,0.28,1.33355608612369e-26,"3","FAM91A1"
6.96395717266055e-31,0.3725183786829,0.209,0.48,1.60261546414437e-26,"3","ETF1"
7.89536697861732e-31,0.363470876478866,0.245,0.541,1.8169608027892e-26,"3","GRB2"
1.36481722255662e-30,0.308527131664184,0.126,0.347,3.14085387426955e-26,"3","TNRC6A"
1.49856503203889e-30,0.89049130029029,0.105,0.315,3.44864770823109e-26,"3","KPNA4"
1.73900776632645e-30,0.493913071519213,0.194,0.463,4.00197857264705e-26,"3","UPF2"
1.88258192619412e-30,0.637932624156477,0.079,0.268,4.33238578675052e-26,"3","KPNA1"
1.89420824517075e-30,0.350924318091417,0.147,0.38,4.35914143461144e-26,"3","CCNL2"
1.99651220928873e-30,0.485551168892547,0.093,0.293,4.59457354723615e-26,"3","TCEB3"
2.20357441680544e-30,0.641178224799591,0.103,0.31,5.07108580539437e-26,"3","XPO6"
2.94461209695306e-30,0.63359477236666,0.128,0.352,6.77643581871808e-26,"3","TMEM87A"
3.73705604675318e-30,0.61858550688099,0.144,0.379,8.60008708039309e-26,"3","PPP1R2"
3.89586048559337e-30,0.499752899913558,0.192,0.456,8.96554373549601e-26,"3","ERGIC1"
4.40326733223977e-30,0.512701023487617,0.141,0.371,1.01332391116834e-25,"3","MIS18BP1"
8.8902306309536e-30,0.875249748967588,0.077,0.262,2.04590877510135e-25,"3","THUMPD1"
9.22696204904525e-30,0.667179118378971,0.196,0.468,2.12340077634678e-25,"3","AKT2"
1.052076871726e-29,0.643471222209681,0.167,0.415,2.42114450490304e-25,"3","FAM65B"
1.05739824116684e-29,0.326677413487725,0.258,0.552,2.43339057239726e-25,"3","CD47"
1.09136428447891e-29,0.379270176656659,0.08,0.265,2.51155662787131e-25,"3","DHX29"
1.20668885511934e-29,0.579899285360962,0.169,0.42,2.77695306228614e-25,"3","DNTTIP2"
1.22218174877936e-29,0.547213074272796,0.081,0.268,2.81260685846595e-25,"3","SMARCE1"
1.30042035294848e-29,0.505314666974907,0.085,0.275,2.99265735824034e-25,"3","RABEP1"
1.62037489832937e-29,0.399152339823331,0.076,0.258,3.72896875352538e-25,"3","SPI1"
1.89813893900118e-29,0.457584363736019,0.083,0.27,4.36818714032342e-25,"3","TAF3"
2.42645663635957e-29,0.487652134571593,0.082,0.268,5.58400465725429e-25,"3","RAB21"
2.57488014599278e-29,0.401902449777063,0.076,0.256,5.92557167997318e-25,"3","RBL2"
2.94381231987094e-29,0.931115565292959,0.138,0.368,6.774595291719e-25,"3","TOPBP1"
3.17282469548647e-29,0.770776413378068,0.159,0.4,7.30162147172301e-25,"3","ZBTB7A"
3.45292219114241e-29,3.9234421678331,0.256,0.15,7.94620983847604e-25,"3","SNX9"
4.39155607655452e-29,0.822395575795197,0.091,0.284,1.01062879989749e-24,"3","CTNNB1"
5.0889401220615e-29,0.567152604841738,0.141,0.366,1.17111779029001e-24,"3","SHOC2"
5.89185984048411e-29,0.277817904016581,0.077,0.256,1.35589370509061e-24,"3","ITCH"
7.3422990812581e-29,0.467784766339993,0.102,0.299,1.68968328756993e-24,"3","AC107983.4"
7.41590931656638e-29,0.664889492331714,0.114,0.321,1.70662321102142e-24,"3","BIRC6"
1.06961035320604e-28,0.57243365142051,0.174,0.424,2.46149430583307e-24,"3","ARPP19"
1.23480838697942e-28,0.534918771992036,0.108,0.311,2.84166454095575e-24,"3","RPS7P1"
2.10653399525922e-28,0.769644484466943,0.08,0.261,4.84776668329003e-24,"3","C3orf38"
2.51611891067225e-28,0.593364060622089,0.083,0.266,5.79034444913006e-24,"3","C17orf85"
2.57792442377488e-28,0.613644591727947,0.108,0.306,5.93257747643312e-24,"3","NGLY1"
2.74059965715084e-28,0.763968991236348,0.096,0.289,6.30694199100123e-24,"3","CHMP2B"
4.03268592221245e-28,0.439219723744406,0.076,0.252,9.28042011278751e-24,"3","DICER1"
4.10090617605016e-28,0.312174273417555,0.08,0.261,9.43741538294424e-24,"3","RP11-20O24.4"
6.16072303437556e-28,0.538380619512158,0.086,0.269,1.41776719190085e-23,"3","PAG1"
6.26084951847047e-28,0.806536901625113,0.081,0.261,1.44080929968561e-23,"3","GATAD2B"
6.49991218110535e-28,0.391471644709814,0.137,0.355,1.49582479023777e-23,"3","TUG1"
7.75763488872328e-28,0.81262176224003,0.088,0.274,1.78526451694189e-23,"3","GABPB1"
8.46835799131788e-28,0.793577940924409,0.133,0.351,1.94882322454198e-23,"3","NUDT3"
9.0135323209028e-28,0.265958161627136,0.079,0.253,2.07428419300936e-23,"3","BHLHE40"
9.43023250582649e-28,2.29928635931274,0.443,0.386,2.17017940656585e-23,"3","PNRC1"
9.89066969488276e-28,0.732682985755627,0.162,0.398,2.27613981688337e-23,"3","RAB14"
1.16428803278706e-27,0.896039792423625,0.788,0.848,2.67937604985286e-23,"3","RPL15"
1.17921360404034e-27,0.794176941823714,0.196,0.463,2.71372426697804e-23,"3","LAMTOR5"
1.31829207258488e-27,0.699146890010067,0.079,0.256,3.03378554663958e-23,"3","GLTP"
1.35680954030121e-27,0.749561515331094,0.095,0.284,3.12242579509517e-23,"3","CDC42EP3"
1.35848497154717e-27,0.936673097320213,0.114,0.317,3.12628146502151e-23,"3","PIP4K2A"
1.36421125779506e-27,0.587509834229638,0.087,0.269,3.13945936756376e-23,"3","SUPT6H"
1.38899811113801e-27,0.950695295516682,0.082,0.261,3.19650135316191e-23,"3","PURB"
1.48006621001019e-27,0.714106187240472,0.17,0.411,3.40607636909644e-23,"3","TAF7"
1.69039099439036e-27,0.768939049759688,0.141,0.362,3.89009679539053e-23,"3","MIER1"
1.70799723481059e-27,0.637820052346348,0.078,0.254,3.93061403646962e-23,"3","CHMP3"
2.03621992105064e-27,0.802814669423746,0.139,0.36,4.68595290431383e-23,"3","SMC5"
2.03892532315926e-27,0.453995950156067,0.079,0.253,4.69217884618641e-23,"3","BTAF1"
2.55690841195208e-27,0.925670994372528,0.15,0.378,5.88421332842533e-23,"3","LAPTM4A"
2.62765383389008e-27,0.736717631743355,0.139,0.36,6.04701976793124e-23,"3","RP11-641D5.1"
2.72387443349992e-27,0.683751890815803,0.171,0.412,6.26845223381336e-23,"3","FAM133B"
3.01979595902462e-27,0.797466825351804,0.169,0.412,6.94945644050336e-23,"3","G3BP2"
3.63077832512905e-27,0.733630640866665,0.194,0.45,8.35551015961949e-23,"3","FXR1"
4.01740133177048e-27,0.680253143970317,0.104,0.295,9.2452456848034e-23,"3","CD2AP"
4.0569527974611e-27,0.594703138507606,0.081,0.256,9.33626547279724e-23,"3","ARHGAP5"
4.59905366194573e-27,0.561366497185096,0.162,0.391,1.05838021922357e-22,"3","PRRC2B"
4.85192809827141e-27,0.486675086860932,0.13,0.346,1.1165742132552e-22,"3","RPL41P1"
4.90453758084774e-27,0.752860031317193,0.08,0.255,1.12868123348049e-22,"3","RPL37P2"
5.78751714403687e-27,0.337851578922077,0.089,0.269,1.3318813203572e-22,"3","ERBB2IP"
5.86818362981729e-27,0.595349709065514,0.078,0.251,1.35044509872985e-22,"3","PRPF3"
5.90200440110331e-27,0.276986134727371,0.305,0.605,1.35822827282591e-22,"3","PRPF40A"
5.91166089429709e-27,0.829346460129716,0.135,0.351,1.36045052160459e-22,"3","NFKBIB"
5.9687676213002e-27,1.08449991165648,0.088,0.269,1.37359249268982e-22,"3","RNF41"
6.2240104822529e-27,0.608904512596497,0.078,0.252,1.43233153228086e-22,"3","CRLF3"
6.3994736473211e-27,0.631352948271936,0.129,0.337,1.472710870458e-22,"3","ZC3H7A"
6.47326680117249e-27,0.719901791136835,0.101,0.29,1.48969288895383e-22,"3","ING3"
6.95939037624479e-27,0.44972140369835,0.17,0.406,1.60156450728521e-22,"3","EEF1DP1"
7.45420742574e-27,0.478265675456617,0.941,0.93,1.71543675488555e-22,"3","RPLP1"
7.61342133827572e-27,0.860946048683903,0.125,0.332,1.75207665257739e-22,"3","VPS4B"
8.280888617965e-27,0.983415852105893,0.102,0.294,1.90568089765229e-22,"3","MTMR6"
8.59588797779879e-27,0.742656762703845,0.113,0.311,1.97817170033083e-22,"3","RAB5C"
9.85222408939931e-27,0.723380277691958,0.29,0.611,2.26729232969346e-22,"3","TCF4"
1.02611810159287e-26,0.566766488647148,0.13,0.337,2.36140558719568e-22,"3","ETV6"
1.03518965733634e-26,0.78685080690023,0.156,0.382,2.38228195842813e-22,"3","PCM1"
1.44765162674894e-26,0.616582831307898,0.085,0.261,3.33148068863734e-22,"3","RHOF"
1.75911207097141e-26,0.615664074406179,0.859,0.903,4.04824460892651e-22,"3","RPL35"
2.15852448430199e-26,0.636633209851746,0.082,0.255,4.96741239572416e-22,"3","MYO5A"
2.49760073480366e-26,1.04703874937639,0.143,0.364,5.74772857100365e-22,"3","PUM1"
3.5717280140324e-26,0.885155245184983,0.135,0.345,8.21961767869276e-22,"3","RBM27"
3.8251557885761e-26,0.821235556399022,0.087,0.264,8.80283101625017e-22,"3","PLEKHO1"
3.86546179275802e-26,0.725050164725425,0.142,0.356,8.89558722367404e-22,"3","CNOT2"
3.88973032616568e-26,0.527772576164714,0.092,0.271,8.95143639960508e-22,"3","C1GALT1"
5.41087254293455e-26,0.608597007386424,0.169,0.403,1.24520409830553e-21,"3","RP11-17A4.1"
5.82799517581257e-26,0.973674978039627,0.096,0.279,1.34119652980975e-21,"3","CTD-3035D6.1"
6.14313755536662e-26,0.317256376839546,0.122,0.318,1.41372024561652e-21,"3","ATM"
1.10490314749333e-25,0.652261191451058,0.132,0.337,2.54271361332641e-21,"3","PPP1R15B"
1.17806350596891e-25,0.414164892886005,0.083,0.253,2.71107754628626e-21,"3","DENND1C"
1.25197892735336e-25,0.713028871995243,0.092,0.269,2.88117910551829e-21,"3","BAG5"
1.39209191957794e-25,0.762551945334703,0.19,0.439,3.20362113452472e-21,"3","TRA2A"
1.49639280954746e-25,1.87616651466916,0.506,0.486,3.44364877261156e-21,"3","VAMP2"
1.7359491975831e-25,0.580159774026467,0.114,0.304,3.99493988839799e-21,"3","ADAM17"
2.27285700088732e-25,0.651317579674208,0.134,0.339,5.230525816142e-21,"3","SH3BP5"
2.76092030289631e-25,0.690339550654682,0.183,0.423,6.35370589305528e-21,"3","VEGFB"
3.33468556393941e-25,0.623663370417172,0.111,0.297,7.67411188829376e-21,"3","ADPGK"
3.52607294104728e-25,0.515984489945677,0.091,0.264,8.1145516592321e-21,"3","PKIG"
3.80416038527216e-25,0.614212355600104,0.087,0.259,8.75451429462683e-21,"3","TBRG1"
5.39482399023799e-25,0.486832772526523,0.091,0.263,1.24151084487347e-20,"3","ZMIZ2"
5.98402259862035e-25,0.845486750974435,0.107,0.291,1.3771031206205e-20,"3","AKIRIN2"
6.97450395180196e-25,0.577030903594775,0.208,0.459,1.60504259442819e-20,"3","TRBC2"
7.98750140915472e-25,0.715220795598495,0.196,0.444,1.83816369928877e-20,"3","AC004057.1"
1.0842482842895e-24,0.871322381738715,0.102,0.283,2.49518057663543e-20,"3","AGFG1"
1.18262437883355e-24,0.69793606928264,0.115,0.301,2.72157348300965e-20,"3","SERPINB9"
1.24199235344035e-24,0.469452253427594,0.139,0.342,2.85819700297228e-20,"3","RB1CC1"
1.52752573941939e-24,0.912097549402988,0.092,0.266,3.51529498412585e-20,"3","PRKD3"
1.55461444722414e-24,0.844533517199451,0.125,0.32,3.57763422739691e-20,"3","USP15"
1.71143877899483e-24,0.65273643873783,0.231,0.502,3.93853406210081e-20,"3","SNX3"
1.78721997816902e-24,0.737355278970125,0.183,0.418,4.11292933576036e-20,"3","RPS7P3"
1.83623565702463e-24,0.445728924035591,0.097,0.272,4.22572911751077e-20,"3","EPB41"
1.90705875336746e-24,0.865714945238812,0.086,0.255,4.38871430912453e-20,"3","DCP2"
1.92813499311391e-24,0.741036343259837,0.098,0.275,4.43721705965305e-20,"3","SRSF8"
2.59254971797571e-24,0.719608421206565,0.11,0.294,5.9662346659775e-20,"3","ACAP2"
2.79936838072079e-24,0.943768368960284,0.105,0.285,6.44218645455276e-20,"3","FGD5-AS1"
3.77519729956908e-24,0.714866189800413,0.156,0.37,8.68786154549833e-20,"3","ZNF24"
3.79200324648681e-24,0.819775583568672,0.114,0.3,8.7265370711401e-20,"3","DEDD2"
3.82186196312221e-24,0.69128855260738,0.249,0.521,8.79525093573314e-20,"3","TAF1D"
4.07914011359512e-24,0.777191696701523,0.117,0.305,9.38732514341646e-20,"3","UBN1"
5.36320067487346e-24,0.655713291697777,0.166,0.386,1.23423337130863e-19,"3","SH3KBP1"
5.58543772086874e-24,0.748416697227688,0.115,0.301,1.28537678270352e-19,"3","TMEM156"
6.37460538806911e-24,2.18967891464105,0.448,0.414,1.46698793795635e-19,"3","LYN"
7.41035782542753e-24,0.560529124357897,0.086,0.25,1.70534564636564e-19,"3","DCAF5"
9.01578886886075e-24,0.442312537066665,0.284,0.567,2.07480349239092e-19,"3","SLC38A1"
9.79429154656447e-24,1.0655444654013,0.096,0.27,2.25396031361088e-19,"3","MAPRE2"
1.17743072335497e-23,0.700355733217377,0.256,0.539,2.70962132365679e-19,"3","USP7"
1.2335888218966e-23,0.677802925441477,0.209,0.457,2.83885795583065e-19,"3","SPEN"
1.40212141370906e-23,0.666758934321607,0.096,0.268,3.22670200936865e-19,"3","TANK"
1.67060644908629e-23,0.888049153568671,0.095,0.266,3.84456662128229e-19,"3","STIM2"
2.16488008180834e-23,0.550671972227052,0.262,0.529,4.98203853226553e-19,"3","KIF5B"
2.30685341548145e-23,0.951397760695759,0.173,0.4,5.30876176504746e-19,"3","AMD1"
2.51037728454328e-23,0.838587701620425,0.145,0.348,5.77713124491946e-19,"3","TRAF3"
2.57371924695289e-23,0.901262502955118,0.217,0.475,5.92290010301268e-19,"3","ZC3HAV1"
2.6531298489265e-23,0.606220490467064,0.233,0.491,6.10564772133456e-19,"3","PAK2"
2.84359545329818e-23,0.949061718390087,0.145,0.349,6.5439662166751e-19,"3","MAX"
3.34109451910681e-23,0.602709731137875,0.126,0.316,7.68886081682051e-19,"3","SMARCD1"
4.17412045652073e-23,0.709563290845167,0.166,0.382,9.60590340659115e-19,"3","EAPP"
4.46085143226528e-23,0.542311962237819,0.205,0.454,1.02657574010721e-18,"3","RP11-234A1.1"
4.62166804504019e-23,0.628365170948113,0.245,0.515,1.0635844672051e-18,"3","LSM14A"
4.7013657043773e-23,0.82783834975858,0.175,0.398,1.08192528954835e-18,"3","ZFAND5"
5.28134066387236e-23,0.7751222293063,0.163,0.377,1.21539492697695e-18,"3","TROVE2"
5.69526249147333e-23,0.435096994790109,0.097,0.263,1.31065075716276e-18,"3","CHD9"
6.89187258639293e-23,1.19985022248247,0.092,0.258,1.5860266383066e-18,"3","AP1G1"
7.34261012731667e-23,0.818907137083561,0.141,0.338,1.68975486859938e-18,"3","NCOR2"
8.19117331383569e-23,0.497750191179275,0.281,0.555,1.88503471471301e-18,"3","RSL1D1"
8.25964013901476e-23,1.03971075885732,0.139,0.338,1.90079098519147e-18,"3","CNTRL"
8.3901375132051e-23,0.970226940528568,0.096,0.264,1.93082234591389e-18,"3","ZNF326"
9.77927348940559e-23,0.782602009227553,0.172,0.389,2.25050420811691e-18,"3","BLOC1S2"
1.06101790756273e-22,0.795000431389194,0.206,0.448,2.44172051067412e-18,"3","SQSTM1"
1.22701756469078e-22,0.89905417834049,0.137,0.333,2.8237355216229e-18,"3","ARIH1"
1.60153997940022e-22,0.63315110705506,0.112,0.288,3.68562395459372e-18,"3","BRI3"
1.82501414161859e-22,0.692828571863596,0.214,0.456,4.19990504410685e-18,"3","MYCBP2"
2.12055167613292e-22,0.440049552137246,0.157,0.358,4.88002557228468e-18,"3","C1orf63"
3.13490975265321e-22,0.825993867921524,0.099,0.266,7.21436781378083e-18,"3","TBC1D5"
3.47896068035234e-22,1.98174655046617,0.488,0.487,8.00613221369484e-18,"3","IRF2BP2"
3.78975321238066e-22,0.674986906182736,0.183,0.405,8.72135906765161e-18,"3","MARCH6"
4.33253082682512e-22,0.921503297243687,0.106,0.277,9.97045319177266e-18,"3","RP11-212P7.1"
4.65845048866541e-22,0.633926838015016,0.124,0.303,1.07204921095657e-17,"3","C10orf118"
4.71011239485805e-22,0.333979699059127,0.247,0.493,1.08393816542868e-17,"3","RPS17"
4.88668535145774e-22,0.715846584716989,0.107,0.276,1.12457289993097e-17,"3","VPS13C"
4.91533536380501e-22,0.703779806361862,0.243,0.503,1.13116612727245e-17,"3","ROCK1"
5.54620563818715e-22,0.878576139995291,0.146,0.349,1.27634830351601e-17,"3","AC016739.2"
5.9573275339936e-22,0.310756443541911,0.105,0.269,1.37095978539795e-17,"3","HECTD1"
6.57054418954584e-22,0.944931271681544,0.134,0.324,1.51207933434019e-17,"3","TMEM9B"
7.26073763838258e-22,0.865634362860436,0.216,0.467,1.67091355272098e-17,"3","MTCH1"
7.45249857666278e-22,0.427735780724432,0.23,0.476,1.7150434974474e-17,"3","PTMAP5"
8.13466969064128e-22,0.813738045297449,0.131,0.318,1.87203153590728e-17,"3","RASSF2"
8.54136224450269e-22,0.390907503551418,0.355,0.656,1.9656236933274e-17,"3","STK17B"
8.58049261257605e-22,0.719822863599332,0.239,0.495,1.97462876493213e-17,"3","WASF2"
9.34073613389362e-22,0.86913094503144,0.201,0.44,2.14958360649294e-17,"3","CEBPZ"
1.15184671660801e-21,0.856828565925855,0.134,0.321,2.65074484893002e-17,"3","SMG1"
1.21422822217713e-21,0.67617425591462,0.255,0.524,2.79430340769622e-17,"3","ILF3"
1.24469931952297e-21,0.850783532777322,0.117,0.292,2.8644265440182e-17,"3","WIPF2"
1.30972119411378e-21,1.02050788395267,0.107,0.276,3.01406138401404e-17,"3","SNHG7"
1.34883017554043e-21,0.543127430603765,0.237,0.488,3.1040628829712e-17,"3","PNRC2"
1.42973807357733e-21,0.866936912408292,0.192,0.424,3.29025622872351e-17,"3","AC004453.8"
1.65891407398593e-21,0.727542993481649,0.202,0.433,3.81765895846383e-17,"3","ZC3H11A"
1.74440772262574e-21,0.690743585189332,0.126,0.306,4.01440549207861e-17,"3","CHD8"
1.85535901854347e-21,0.902316022691828,0.093,0.252,4.26973770937408e-17,"3","MPRIP"
1.93147569289051e-21,1.12479597762888,0.101,0.265,4.44490501204892e-17,"3","CWC25"
1.94121763453873e-21,0.453403539481058,0.929,0.881,4.46732414236398e-17,"3","RPS28"
1.95193692603941e-21,0.769663468871236,0.187,0.409,4.49199244789449e-17,"3","NUFIP2"
2.22976718255894e-21,0.678758798639833,0.174,0.388,5.13136321722289e-17,"3","RP4-706A16.3"
2.26906479934601e-21,0.714517580804672,0.192,0.411,5.22179882273497e-17,"3","FAM60A"
2.57809287590624e-21,0.626113882304015,0.19,0.413,5.93296513532304e-17,"3","RABGGTB"
3.2104932462723e-21,0.810508897811309,0.231,0.486,7.38830810764645e-17,"3","CHD4"
3.26708772190089e-21,1.2085138855563,0.103,0.269,7.51854897441052e-17,"3","BCL7B"
6.0282633056335e-21,0.860118784229478,0.163,0.369,1.38728423452544e-16,"3","QRICH1"
6.07129788458324e-21,0.905593246801199,0.189,0.413,1.39718778217914e-16,"3","RP11-478C6.4"
6.47076514641791e-21,0.993813130467776,0.111,0.283,1.48911718314515e-16,"3","RP11-16F15.1"
6.99483192171945e-21,0.580883469629835,0.274,0.552,1.6097206701453e-16,"3","CHMP4B"
7.66981099309817e-21,1.12339022019519,0.147,0.34,1.76505360384168e-16,"3","CDK12"
7.99248787425658e-21,1.02064217370378,0.118,0.291,1.83931123450267e-16,"3","GNG2"
1.06006573312951e-20,0.78826127478852,0.222,0.466,2.43952927165094e-16,"3","PRPF4B"
1.09739578127258e-20,0.911803266556066,0.181,0.398,2.52543691144259e-16,"3","CTD-2287O16.1"
1.27177875342715e-20,2.83660007473685,0.326,0.255,2.92674444526191e-16,"3","RBM38"
1.27400461428321e-20,0.833820017809055,0.248,0.508,2.93186681884995e-16,"3","CCDC59"
1.33193155683669e-20,0.584673436799654,0.255,0.513,3.06517409174828e-16,"3","RSL24D1"
1.41001539996272e-20,0.899859292087885,0.185,0.405,3.24486843993422e-16,"3","APH1A"
1.47499845613121e-20,0.802711850665179,0.097,0.255,3.39441394709476e-16,"3","RPL18P13"
1.99035791646455e-20,0.631272595246152,0.104,0.261,4.58041067315987e-16,"3","IFITM2"
2.14268522068044e-20,0.263114562735426,0.358,0.658,4.93096149835191e-16,"3","PTPN1"
2.32399360751082e-20,0.861788679596594,0.129,0.309,5.34820648896466e-16,"3","RP11-345K20.2"
2.55844846451795e-20,0.546205624763384,0.162,0.359,5.88775745139516e-16,"3","CIR1"
3.14695490712916e-20,1.1786110077737,0.616,0.593,7.24208732777633e-16,"3","CXCR4"
3.56802017023514e-20,0.841256117630801,0.741,0.803,8.21108481776213e-16,"3","EEF2"
3.67283519368705e-20,0.662490341385823,0.264,0.522,8.45229563123202e-16,"3","DDX3X"
6.0840666501925e-20,2.96819326016802,0.268,0.185,1.4001262582088e-15,"3","WHAMM"
6.1298240908906e-20,1.01819864512588,0.192,0.414,1.41065641803665e-15,"3","FBXO7"
1.01324786857421e-19,0.947987373396746,0.221,0.456,2.33178731994982e-15,"3","TACC1"
1.22504286282078e-19,0.893440172583827,0.154,0.345,2.81919114020946e-15,"3","BDP1"
1.3285732481352e-19,1.07265001015381,0.112,0.276,3.05744561593354e-15,"3","NUP88"
1.33595243538468e-19,0.958577343906248,0.12,0.287,3.07442733955078e-15,"3","SECISBP2"
1.5770059371013e-19,0.651255619749445,0.116,0.278,3.62916376305121e-15,"3","MYO9B"
1.62922700068356e-19,0.646270254627254,0.111,0.27,3.74934009667308e-15,"3","MED13"
2.01902731845083e-19,0.71397290777266,0.146,0.327,4.64638756795089e-15,"3","PHF12"
2.1341056027083e-19,0.966307255940657,0.145,0.328,4.91121722351261e-15,"3","SENP6"
2.39289713638085e-19,0.557014307437054,0.283,0.56,5.50677417995325e-15,"3","RP11-408P14.1"
2.53788286721342e-19,1.22679581168321,0.174,0.381,5.84042984231825e-15,"3","RELA"
2.83597661477436e-19,1.12316109433871,0.165,0.366,6.52643298358023e-15,"3","AC093106.7"
3.00073207307649e-19,1.0602590167058,0.196,0.416,6.90558471977093e-15,"3","USP8"
3.02114176267714e-19,0.772256932777468,0.192,0.404,6.9525535384489e-15,"3","RBM26"
5.1103016840125e-19,1.68513552481682,0.51,0.554,1.1760337265418e-14,"3","RP11-543P15.1"
5.22308499672958e-19,2.69637227208192,0.277,0.196,1.20198855029738e-14,"3","MAP3K1"
6.831876731086e-19,1.00616709172607,0.16,0.352,1.57221979212482e-14,"3","BCL3"
7.99019252386273e-19,3.24583221905965,0.279,0.205,1.83878300551653e-14,"3","CHPT1"
9.40108752514707e-19,1.02871247447465,0.107,0.261,2.1634722721621e-14,"3","KIAA0947"
1.11888955541346e-18,0.388177070769552,0.936,0.918,2.57490053387299e-14,"3","RPS2"
1.51057447719567e-18,0.752608247567142,0.264,0.517,3.47628504437039e-14,"3","CXXC5"
2.13512357453575e-18,0.9239584486897,0.204,0.425,4.91355988207911e-14,"3","CUL3"
2.36068497715203e-18,0.894139738537893,0.127,0.292,5.43264433791996e-14,"3","ABI1"
2.57605829441559e-18,0.512807699161557,0.253,0.496,5.9282829529386e-14,"3","AC022431.1"
3.17041916849278e-18,1.06310538641574,0.102,0.25,7.29608563245242e-14,"3","TLK2"
3.44842384119508e-18,0.749876757859344,0.764,0.827,7.93585778574224e-14,"3","EEF1B2"
3.4489078190202e-18,1.09621678288014,0.115,0.273,7.93697156391118e-14,"3","MKRN1"
3.45520571473424e-18,1.19838983625367,0.126,0.293,7.95146491131791e-14,"3","RPL37AP1"
3.48282907668861e-18,1.12783026723419,0.206,0.427,8.0150345541835e-14,"3","HIF1A"
3.62958291523619e-18,0.885901771274338,0.172,0.368,8.35275916283305e-14,"3","ZNF655"
3.93892704364317e-18,0.906842148849964,0.137,0.31,9.06465280553602e-14,"3","SMC6"
4.87457259019686e-18,0.889360514639656,0.223,0.454,1.121785390182e-13,"3","GPSM3"
4.90159722830598e-18,0.960070828663196,0.152,0.334,1.12800457015006e-13,"3","SERINC1"
5.23456492209862e-18,1.33407661937374,0.15,0.332,1.20463042552256e-13,"3","PHF10"
6.4521539363413e-18,1.187799895472,0.628,0.709,1.48483418537022e-13,"3","RP5-1052M9.1"
7.85604220637363e-18,0.801368984018903,0.147,0.325,1.80791099295276e-13,"3","MIR4426"
8.21097645629145e-18,1.13099199529183,0.129,0.296,1.88959201188635e-13,"3","RPS15AP1"
8.88296607804744e-18,0.912649357840182,0.114,0.267,2.04423698354106e-13,"3","ARFGEF2"
1.00645933067417e-17,1.12616084242872,0.119,0.276,2.31616485768047e-13,"3","RASSF1"
1.04023054982255e-17,0.818303582331862,0.147,0.322,2.39388256430662e-13,"3","FOXN3"
1.10310368070683e-17,0.927479424861886,0.178,0.371,2.53857250041063e-13,"3","USP12"
1.44029099556123e-17,0.554857798879345,0.36,0.665,3.31454166808506e-13,"3","RBM25"
1.7653230394758e-17,0.86659867411185,0.725,0.868,4.06253791074566e-13,"3","EEF1D"
1.90738670588476e-17,0.978687497908933,0.751,0.809,4.3894690262526e-13,"3","H3F3B"
2.05298740245499e-17,0.934047497896238,0.201,0.413,4.72453990926966e-13,"3","EIF3F"
2.68891646816251e-17,0.753782042333794,0.254,0.501,6.18800346818237e-13,"3","SUMO3"
2.81550279100454e-17,1.20959559580556,0.163,0.349,6.47931657293874e-13,"3","TLK1"
4.54450353751605e-17,0.663118020811812,0.204,0.401,1.04582659908857e-12,"3","AHNAK"
5.68701501923481e-17,0.278236617707659,0.395,0.657,1.30875276637651e-12,"3","NSA2"
5.79975771811555e-17,1.07531708253368,0.114,0.264,1.33469824366993e-12,"3","RAP2C"
5.86970424893493e-17,0.955792040250969,0.109,0.254,1.3507950388074e-12,"3","ATXN7L3B"
6.78130782001285e-17,1.2591507447265,0.129,0.29,1.56058236861956e-12,"3","DDX6"
7.83007324374814e-17,0.926950070641919,0.123,0.277,1.80193475558376e-12,"3","NUP153"
7.91545434881432e-17,0.814746269957674,0.158,0.331,1.82158350929264e-12,"3","CLASRP"
8.28038191121187e-17,0.617150701143467,0.338,0.635,1.90556428922719e-12,"3","STK4"
8.2905102068425e-17,0.848352887175853,0.176,0.363,1.90789511390066e-12,"3","KDM5A"
1.02975076801529e-16,1.0381304539561,0.157,0.33,2.36976544243358e-12,"3","BBX"
1.43349008569866e-16,1.07447139567201,0.639,0.719,3.29889073421833e-12,"3","PFDN5"
2.00473544013438e-16,1.15375882777564,0.19,0.388,4.61349766838125e-12,"3","YTHDC1"
2.01732095147633e-16,0.295287646313366,0.415,0.694,4.64246070563248e-12,"3","PLP2"
3.43290158329081e-16,0.609967391697964,0.31,0.566,7.90013641362714e-12,"3","PPP1CC"
3.96486753895186e-16,0.794644487859414,0.222,0.435,9.1243496673899e-12,"3","SNHG1"
4.01557047205328e-16,0.840402023416939,0.289,0.543,9.24103232733622e-12,"3","PNN"
4.23520820484596e-16,1.06838981523588,0.123,0.274,9.746484641812e-12,"3","SLU7"
5.07228613663052e-16,0.940694945794917,0.278,0.538,1.16728520862278e-11,"3","FXYD5"
6.23925389677123e-16,0.86356513031399,0.226,0.447,1.43583949926396e-11,"3","AB019441.29"
6.74175227747842e-16,0.60966551012903,0.329,0.606,1.55147945161611e-11,"3","RBBP6"
1.1023484112119e-15,0.866030453098942,0.113,0.254,2.53683439872196e-11,"3","RNF19A"
1.1364426694919e-15,0.917591434221009,0.182,0.368,2.6152955153017e-11,"3","IDI1"
1.16893802776578e-15,1.00396705223178,0.114,0.256,2.69007708329739e-11,"3","COL4A3BP"
1.28238048736717e-15,1.03977133735571,0.238,0.469,2.95114221557808e-11,"3","TOMM20"
1.5595920019425e-15,1.17019627490624,0.121,0.267,3.58908907407027e-11,"3","TAB2"
1.72388039904586e-15,1.21546712025979,0.124,0.273,3.96716596232423e-11,"3","TSPAN3"
2.42684664441188e-15,0.919222689857589,0.235,0.451,5.58490218278507e-11,"3","LRRFIP1"
2.44233627451778e-15,0.847173286953945,0.245,0.463,5.62054846854777e-11,"3","DHX9"
3.38909980386408e-15,1.24853891222311,0.12,0.265,7.79933537863242e-11,"3","ECE1"
3.84735201891638e-15,1.0432302820153,0.116,0.256,8.85391120113226e-11,"3","TRIM33"
3.9916931383208e-15,1.17237451955702,0.608,0.703,9.18608341921766e-11,"3","RP11-3P17.3"
4.17227939166447e-15,0.826014742087131,0.208,0.406,9.60166656403745e-11,"3","KIAA1551"
5.60618432202624e-15,0.523019667651152,0.118,0.253,1.2901511980279e-10,"3","GOLGA8A"
6.8888342342256e-15,1.93462343187942,0.372,0.329,1.58532742232234e-10,"3","FOS"
9.87941524660572e-15,1.07887389073856,0.117,0.256,2.27354983070137e-10,"3","CD97"
1.23534373073786e-14,1.86383236108521,0.463,0.487,2.84289652754703e-10,"3","KMT2E"
1.34926128838502e-14,0.915888007081245,0.251,0.477,3.10505500296044e-10,"3","EMD"
1.56870975524648e-14,0.680305207666366,0.193,0.371,3.61007175974871e-10,"3","MLLT6"
1.7054740102082e-14,0.728389516800155,0.279,0.518,3.92480733969213e-10,"3","MAP1LC3B"
1.74848922218862e-14,1.2823782355364,0.165,0.336,4.02379824702268e-10,"3","DHX36"
2.05429112626348e-14,0.36501526264396,0.381,0.658,4.72754016887014e-10,"3","AC007969.5"
2.19672296035422e-14,0.951400797483974,0.247,0.462,5.05531854866316e-10,"3","TTC3"
2.2498293012565e-14,1.10619433475902,0.219,0.426,5.17753217098158e-10,"3","DDX27"
2.73614657432988e-14,0.889971930560046,0.144,0.293,6.29669411150536e-10,"3","ZNF292"
3.001696848305e-14,1.00178732121839,0.13,0.274,6.90780495700431e-10,"3","RERE"
3.09087822822805e-14,1.42015392989154,0.129,0.276,7.1130380666212e-10,"3","SNX2"
4.62314258316186e-14,1.31122509259592,0.143,0.294,1.06392380266304e-09,"3","PXK"
6.43368379309911e-14,0.54010676045987,0.12,0.251,1.4805836513059e-09,"3","CDKN1B"
1.01410107259148e-13,1.18086144094598,0.159,0.321,2.33375079835478e-09,"3","RP11-365F18.1"
1.02994622373676e-13,1.16462826873524,0.152,0.306,2.3702152446854e-09,"3","CNOT6L"
1.10440431020886e-13,0.991778533839845,0.217,0.431,2.54156563908364e-09,"3","RP11-36C20.1"
1.47988912047149e-13,0.622172645971676,0.301,0.529,3.40566883294103e-09,"3","CMTM6"
1.61882696096716e-13,0.572415542994497,0.346,0.614,3.72540648527372e-09,"3","TERF2IP"
2.501592890238e-13,1.4056791320883,0.118,0.251,5.75691571830471e-09,"3","ATXN7L3"
2.78801324523304e-13,1.18399313228811,0.197,0.382,6.41605488125479e-09,"3","ZFP91"
2.96544961389012e-13,0.473184862621556,0.374,0.635,6.82438919644533e-09,"3","EIF3E"
3.09380270179315e-13,0.683296880242309,0.267,0.472,7.11976815763657e-09,"3","COTL1"
3.21477295495152e-13,1.31093812807108,0.184,0.362,7.39815700122993e-09,"3","RPL10AP6"
3.65410972217845e-13,1.29692825794306,0.125,0.261,8.40920270364927e-09,"3","PNPLA8"
4.9672843661631e-13,2.09831258096754,0.41,0.414,1.14312115118511e-08,"3","PRDM2"
4.97336968432418e-13,0.684738917710873,0.236,0.43,1.14452156545352e-08,"3","MT-TM"
5.02490791276223e-13,1.39947285529681,0.133,0.273,1.15638205796397e-08,"3","IST1"
5.31211837500693e-13,1.00349911344088,0.211,0.4,1.22247780164035e-08,"3","CASP8"
5.93842082636453e-13,1.09752417036104,0.232,0.437,1.36660878477127e-08,"3","TGOLN2"
5.99645274441268e-13,1.4784045651013,0.154,0.309,1.37996367007169e-08,"3","PIM3"
6.00092458210587e-13,0.669792045330436,0.316,0.555,1.38099277408002e-08,"3","SEPT9"
6.46717645063962e-13,1.17291975219472,0.143,0.285,1.4882913165857e-08,"3","ARID5B"
7.24505018775937e-13,0.502814981165127,0.35,0.605,1.66730339970906e-08,"3","NCOA3"
1.60626289137526e-12,0.756797518843093,0.271,0.491,3.69649279192188e-08,"3","HNRNPH3"
2.38558992551021e-12,1.0502746994832,0.237,0.436,5.48995809557664e-08,"3","MGEA5"
3.67923326322288e-12,1.1874196019226,0.2,0.373,8.46701950865482e-08,"3","GCC2"
3.86263623087021e-12,1.34880103145121,0.163,0.317,8.88908475810162e-08,"3","BNIP2"
4.24948710179848e-12,1.15086640369266,0.198,0.374,9.77934466736883e-08,"3","IFNGR2"
4.99848631480669e-12,1.32575754212522,0.147,0.29,1.15030165562646e-07,"3","CYTH1"
6.40180038208653e-12,1.2448712504256,0.168,0.324,1.47324632192957e-07,"3","VHL"
6.65307295187644e-12,0.680776921499238,0.251,0.444,1.53107167841532e-07,"3","SNHG3"
7.32727792761567e-12,0.980865803635609,0.214,0.401,1.68622646948219e-07,"3","AC144530.1"
7.55433024766558e-12,1.32252726954387,0.137,0.273,1.73847801989528e-07,"3","ANKLE2"
8.05154341778633e-12,1.39380032026935,0.174,0.335,1.85290168673517e-07,"3","RNF145"
9.17417071568927e-12,1.00107682291358,0.273,0.494,2.11125190680157e-07,"3","GPBP1"
9.96920420301106e-12,1.09182748218138,0.16,0.307,2.29421296323893e-07,"3","ARHGEF1"
1.01018561465194e-11,0.807879676092751,0.155,0.294,2.32474015499851e-07,"3","MED13L"
1.17004690532745e-11,0.802815259750567,0.698,0.757,2.69262894323005e-07,"3","RPL7"
1.69430420385274e-11,0.918658453646529,0.307,0.538,3.8991022643263e-07,"3","SRSF10"
2.14914066392826e-11,0.640119392178513,0.275,0.476,4.94581740989811e-07,"3","CTSS"
2.85111741931267e-11,1.17400401653101,0.598,0.74,6.56127651706425e-07,"3","UBC"
3.02354957017359e-11,0.555835131016092,0.365,0.59,6.95809462584048e-07,"3","MBNL1"
3.15501729261426e-11,1.12684538207523,0.246,0.448,7.26064129549319e-07,"3","WTAP"
3.96674219870961e-11,2.50710085188883,0.292,0.254,9.12866382189043e-07,"3","ARHGAP25"
5.79804563416805e-11,1.14009914652948,0.213,0.391,1.33430424179109e-06,"3","R3HDM4"
6.13306721669372e-11,1.31715342788147,0.139,0.269,1.41140275857773e-06,"3","CAMLG"
1.2239222828965e-10,2.01864682622488,0.414,0.438,2.81661234962971e-06,"3","SAT1"
2.72553153864712e-10,1.24903751798866,0.228,0.406,6.27226572988862e-06,"3","NKTR"
3.41213613206165e-10,1.21344151011209,0.168,0.307,7.85234888071347e-06,"3","KMT2C"
4.12017694754914e-10,1.0745998796111,0.188,0.34,9.48176320939484e-06,"3","ZCCHC11"
5.83651254890804e-10,1.25571519009672,0.134,0.254,1.34315663288021e-05,"3","TRAPPC10"
6.39163416524601e-10,0.934594390338822,0.27,0.468,1.47090677044806e-05,"3","EP300"
6.85036312936228e-10,0.55527099256037,0.808,0.892,1.57647406696014e-05,"3","UBA52"
7.4285207952996e-10,1.15699981113285,0.226,0.402,1.7095254906223e-05,"3","RP11-220I1.1"
1.02948811169056e-09,1.24075491715115,0.192,0.345,2.36916099143349e-05,"3","STAT6"
1.12961246532988e-09,0.447218904334576,0.523,0.793,2.59957716646365e-05,"3","PTP4A2"
1.13797949758709e-09,1.26998042716459,0.169,0.305,2.61883221779716e-05,"3","CD55"
1.22338000093996e-09,1.11640916046784,0.254,0.452,2.81536439616312e-05,"3","CTC-451P13.1"
1.22375284045063e-09,1.22783661095106,0.223,0.398,2.81622241172904e-05,"3","PCGF5"
1.26631866561976e-09,0.843255265862814,0.284,0.492,2.91417914519076e-05,"3","PTP4A1"
1.36614444738745e-09,1.3659152507179,0.21,0.381,3.14390821677274e-05,"3","RP11-796G6.1"
1.63192106300018e-09,0.949878692038146,0.274,0.474,3.75553994228232e-05,"3","KMT2A"
2.07169484145975e-09,1.00965726878119,0.289,0.499,4.76759133865132e-05,"3","WBP11"
2.11258137766054e-09,1.04180560448012,0.621,0.775,4.86168352441021e-05,"3","AES"
2.47233226148802e-09,1.08218997956347,0.2,0.362,5.68957823336238e-05,"3","RPL39P3"
2.4781993641518e-09,1.5107690833931,0.151,0.278,5.70308019672254e-05,"3","SSH2"
2.82868619212271e-09,1.61948928899081,0.481,0.567,6.50965553393198e-05,"3","DAZAP2"
3.21201413138092e-09,0.407090459012839,0.222,0.365,7.39180812054692e-05,"3","PARP14"
4.66116534567279e-09,0.69615511092578,0.742,0.841,0.000107267398099968,"3","RPL7A"
6.23601185282775e-09,0.822087855059644,0.362,0.612,0.000143509340769125,"3","HNRNPL"
7.01097374536854e-09,1.0075925764751,0.148,0.264,0.000161343538802166,"3","TNRC6B"
8.06176908400852e-09,1.26697567986748,0.534,0.652,0.000185525491930288,"3","CIRBP"
8.37028295298671e-09,1.05899205440863,0.258,0.448,0.000192625321597083,"3","RHOG"
1.0300911779376e-08,1.00493856326533,0.305,0.524,0.000237054882778781,"3","RSRC2"
1.06835133986989e-08,1.45819377878778,0.226,0.394,0.000245859693844258,"3","PLEKHA2"
1.11013868306693e-08,0.609589710260151,0.405,0.667,0.000255476215134192,"3","HNRNPH1"
1.57953894263961e-08,1.27065989411147,0.237,0.413,0.000363499296869653,"3","GGNBP2"
1.5890480682067e-08,1.21100478740055,0.193,0.337,0.000365687631936407,"3","RHOH"
1.61022814830374e-08,1.78758294510727,0.329,0.307,0.00037056180376914,"3","YPEL5"
1.69347385212045e-08,1.39358628162818,0.219,0.392,0.00038971913758848,"3","RP11-51O6.1"
2.18642827736053e-08,1.03396073388731,0.296,0.508,0.000503162739468978,"3","CDC42SE1"
2.49169297447251e-08,0.662356283252578,0.343,0.552,0.000573413304215359,"3","SEPT7"
2.49956314321092e-08,1.41184725909481,0.198,0.347,0.000575224466147128,"3","SLC25A36"
3.10235943817617e-08,0.994431419453275,0.264,0.446,0.000713945977507483,"3","PNPLA2"
4.01664101977397e-08,1.34182665543314,0.208,0.36,0.000924349597880583,"3","FNBP4"
5.05917442084643e-08,1.43853397768311,0.143,0.254,0.00116426780946939,"3","RBM33"
7.64815186705707e-08,1.22371271577957,0.217,0.369,0.00176006918916584,"3","WDR26"
1.55045460291928e-07,1.68105162628021,0.16,0.279,0.00356806117769815,"3","MBP"
1.5969082165283e-07,0.554498831828556,0.417,0.64,0.00367496487869657,"3","HNRNPDL"
2.12713969067956e-07,1.6026733875981,0.154,0.268,0.00489518657016087,"3","IFT57"
2.89989201862877e-07,1.25201189864345,0.221,0.371,0.00667352150247039,"3","USP34"
3.01625963140153e-07,1.65243813619449,0.164,0.283,0.00694131828974435,"3","UBXN1"
3.43974362716513e-07,0.562474413946677,0.399,0.645,0.00791588200919511,"3","RP11-159C21.4"
3.61577733120446e-07,1.65277337573137,0.447,0.531,0.00832098837230082,"3","CCNL1"
4.35186144257374e-07,0.347851761139848,0.855,0.933,0.0100149387377949,"3","RPL28"
4.95274339659503e-07,1.09734355295872,0.269,0.445,0.0113977483785841,"3","HLA-DMA"
5.60951935633703e-07,1.53240403018256,0.211,0.356,0.0129091868947384,"3","RCSD1"
6.05089234829914e-07,1.81588361119798,0.153,0.261,0.0139249185611408,"3","PATL1"
7.25968305541624e-07,0.881197362788501,0.169,0.276,0.0167067086154294,"3","CBX4"
9.81438903179944e-07,0.71511947566891,0.366,0.583,0.0225858534788801,"3","RP11-122C9.1"
9.89380575347192e-07,1.08659019653742,0.227,0.368,0.0227686151804649,"3","RALGPS2"
1.17576050466208e-06,1.08952471469653,0.306,0.506,0.0270577764937884,"3","YY1"
1.21817455729413e-06,1.56038452672074,0.181,0.303,0.0280338510870098,"3","NIN"
1.22307755677893e-06,2.37522438779679,0.266,0.246,0.0281466838141535,"3","JMJD1C"
1.55396087931845e-06,1.48197279900663,0.193,0.321,0.0357613017157556,"3","MEF2A"
1.87669161765362e-06,1.58032940300045,0.228,0.379,0.0431883041970627,"3","PHF3"
2.24655942488096e-06,1.69757172385015,0.441,0.518,0.0517000720447855,"3","SMCHD1"
2.64885639454903e-06,2.01348110328946,0.369,0.403,0.0609581322077568,"3","BANK1"
3.10971519928058e-06,0.493206207827498,0.471,0.754,0.071563875881044,"3","SRRM2"
3.14678995493519e-06,1.13537653138457,0.171,0.279,0.0724170772329235,"3","PAX5"
3.50311785088906e-06,1.63485121232499,0.159,0.265,0.0806172511025099,"3","RRAGC"
4.00645837951782e-06,0.40996325678607,0.475,0.694,0.0922006266878436,"3","MORF4L1"
4.52307271488588e-06,0.380844261735585,0.498,0.75,0.104089472387669,"3","PPDPF"
4.83881781818261e-06,1.64802204756402,0.17,0.28,0.111355714449836,"3","SECISBP2L"
4.9983951124319e-06,0.808546729496341,0.378,0.602,0.115028066722395,"3","SRRM1"
5.54395748621306e-06,1.59622236486106,0.155,0.254,0.127583093630221,"3","KAT6A"
6.8037588565878e-06,0.957137652152139,0.312,0.5,0.156574902566655,"3","AKAP13"
9.66397259133387e-06,1.52239566416845,0.471,0.578,0.222397001244366,"3","FMNL1"
1.42260154162118e-05,0.833173818614564,0.659,0.784,0.327383292773283,"3","SLC25A6"
1.54166633982988e-05,1.25733228804634,0.161,0.257,0.354783674785051,"3","PCF11"
1.7594622756083e-05,0.816958595615519,0.598,0.731,0.404905053485738,"3","RP11-864N7.2"
1.78532063738875e-05,1.38302035998185,0.227,0.363,0.410855838282273,"3","NIPBL"
1.7906220193601e-05,1.23496405394175,0.289,0.461,0.41207584531534,"3","SYNGR2"
1.96712720964369e-05,1.66103246682706,0.168,0.271,0.452694984755303,"3","FBRS"
3.36694979845015e-05,1.13204248811106,0.313,0.506,0.774836157117334,"3","EIF3L"
4.40398893654702e-05,0.786612610952906,0.635,0.749,1,"3","RPL18A"
4.71480547610668e-05,1.45697668943677,0.279,0.447,1,"3","TMEM123"
4.90061648009364e-05,0.80905511409516,0.379,0.592,1,"3","GPR183"
5.00779461195276e-05,0.866958050837999,0.341,0.554,1,"3","RP11-475C16.1"
5.02313497337224e-05,0.941215929292179,0.244,0.37,1,"3","PEA15"
5.14877393308805e-05,1.42262331471632,0.214,0.342,1,"3","CSNK1D"
5.21451398265576e-05,1.46947257550187,0.446,0.546,1,"3","RPS23P8"
6.35919787820601e-05,1.27217314849146,0.503,0.626,1,"3","BCLAF1"
7.21616192978275e-05,1.27932535571989,0.269,0.422,1,"3","UHMK1"
8.1880641277718e-05,0.541365397837191,0.515,0.78,1,"3","SRSF11"
9.36476923978883e-05,1.6861419741116,0.195,0.309,1,"3","FTH1P10"
0.000122788062801732,1.27681051160405,0.225,0.349,1,"3","EIF1B"
0.000143977890698131,1.25230362152472,0.307,0.489,1,"3","WHSC1L1"
0.000157599532325062,1.47386444219516,0.202,0.312,1,"3","RNA5-8SP6"
0.000178108141589165,0.852555859437943,0.411,0.651,1,"3","RPL18AP3"
0.00019584340925503,1.05737733450808,0.372,0.59,1,"3","WAC"
0.000236663688109357,1.2290791109219,0.318,0.498,1,"3","IDS"
0.000253527429780054,0.994931271488019,0.584,0.747,1,"3","RP11-742N3.1"
0.0002663006746137,1.54475818619927,0.237,0.37,1,"3","INPP5D"
0.000275346172778269,1.55147938800084,0.249,0.391,1,"3","RPS4Y1"
0.000288815389701688,0.378289049048787,0.816,0.886,1,"3","GNB2L1"
0.00033784246408618,0.644615695335426,0.466,0.697,1,"3","UBE2D3"
0.000432897214637388,1.06924666169113,0.359,0.575,1,"3","ARGLU1"
0.000461705390926579,0.432554982946779,0.501,0.737,1,"3","RPL15P3"
0.000469022209034303,1.22021841470388,0.269,0.409,1,"3","BAZ2A"
0.00047129388392758,0.750871892076998,0.429,0.654,1,"3","EIF4B"
0.000610959881047761,0.762126164903091,0.625,0.796,1,"3","RPS15"
0.000736378007291978,1.32996611475553,0.287,0.446,1,"3","JAK1"
0.000929850393677169,1.78794597927299,0.382,0.453,1,"3","C6orf48"
0.000947706545175113,1.4965917096222,0.235,0.359,1,"3","RPL13AP25"
0.000999151289297075,1.56842843069543,0.249,0.381,1,"3","KDM2A"
0.00105119345699168,0.661719887136397,0.411,0.597,1,"3","SRSF7"
0.00125582475063587,0.993913371732149,0.36,0.546,1,"3","EVI2B"
0.00132992058827733,1.38804233562227,0.265,0.397,1,"3","BOD1L1"
0.00146237034775167,2.60981706181522,0.245,0.251,1,"3","HLA-DRB5"
0.00203661108241946,0.810548717703932,0.398,0.603,1,"3","SP100"
0.00204326144361763,1.89928374892056,0.195,0.291,1,"3","CMIP"
0.00209939551366643,0.767595636098084,0.405,0.604,1,"3","MATR3"
0.00224477454623863,1.69109920261822,0.238,0.358,1,"3","IER2"
0.00233648147974322,2.35726605253869,0.25,0.26,1,"3","IER5"
0.00241006597079414,1.09991266247985,0.495,0.631,1,"3","ARF6"
0.00245886256303142,1.84241917498426,0.178,0.263,1,"3","PDE4B"
0.00248860315051039,1.57545292860022,0.392,0.472,1,"3","CD48"
0.00250703088348917,1.48116403558656,0.274,0.419,1,"3","CDC42SE2"
0.00273990207338334,1.90091765152419,0.348,0.408,1,"3","ATP2B1"
0.00308999178166754,1.60621609552766,0.228,0.338,1,"3","ANKRD13A"
0.0034014469974773,1.74776206208264,0.175,0.258,1,"3","GNA13"
0.00344532223708913,1.74292911029632,0.203,0.298,1,"3","SLC2A3"
0.00349496891535906,1.31388935261495,0.316,0.485,1,"3","SCAF11"
0.0035653602853895,0.649147375594013,0.358,0.514,1,"3","YPEL3"
0.00478134939141999,1.36754655372839,0.271,0.409,1,"3","RPS3AP47"
0.00489274767863828,2.21617939368593,0.285,0.313,1,"3","CHD1"
0.00495015095458626,2.10387637036441,0.323,0.378,1,"3","SBDS"
0.00502507911529306,1.92286667455504,0.315,0.353,1,"3","ARID4B"
0.0052015704464643,1.61646160139197,0.201,0.301,1,"3","RP11-40C6.2"
0.0055336852175025,1.12448575929149,0.324,0.48,1,"3","PRKCB"
0.00573347928587344,2.39611931490283,0.271,0.296,1,"3","KRAS"
0.0061844524104503,1.67802449159034,0.198,0.296,1,"3","RP11-112J1.1"
0.0075262368156082,0.34080156677018,0.85,0.927,1,"3","RPS26"
0.00761827039702829,1.4432866135689,0.183,0.259,1,"3","ADAM28"
0.00810758438149768,1.54191398713092,0.259,0.382,1,"3","SCARNA9"
0.00878931971612083,1.13463823160066,0.349,0.521,1,"3","CCDC50"
0.00892497617470174,1.65880239138248,0.186,0.264,1,"3","EMP3"
0.00902501280144889,1.92269581170588,0.198,0.287,1,"3","FYTTD1"
0.00964871920782784,1.17385055095994,0.384,0.593,1,"3","TMEM66"
0.00975670198875567,1.49174358649219,0.28,0.416,1,"3","SYF2"
0,2.71640220069063,0.955,0.261,0,"4","ISG15"
0,2.1289856405157,0.881,0.203,0,"4","XAF1"
0,2.09997936816281,0.897,0.248,0,"4","MX1"
0,2.46537921093722,0.652,0.114,0,"4","IFI44L"
0,2.1385927835913,0.988,0.548,0,"4","IFI6"
0,2.74955560414624,0.998,0.84,0,"4","IGJ"
3.92805475199251e-252,1.94999663331001,0.957,0.755,9.03963240076035e-248,"4","SSR4"
1.20787252773982e-243,2.50476607342873,0.51,0.091,2.77967704808765e-239,"4","IFIT1"
1.56355389912633e-220,1.41255622843498,0.993,0.947,3.59820658805942e-216,"4","CD79A"
6.20340131996255e-218,2.17235998097452,0.802,0.341,1.42758874576298e-213,"4","IRF7"
1.36838110275332e-212,2.57651565188578,0.511,0.11,3.14905543176622e-208,"4","IFI44"
1.29847890104411e-202,2.2254905427647,0.452,0.084,2.98818949497281e-198,"4","IFIT3"
4.47851941464347e-199,2.01209578898593,0.488,0.098,1.0306416728919e-194,"4","RSAD2"
6.30242405856761e-169,1.913054242763,0.796,0.439,1.45037684859816e-164,"4","SAMD9L"
8.30179982173469e-167,2.40621208469401,0.475,0.12,1.9104931929758e-162,"4","IFITM1"
5.64844732037873e-157,1.68868968554216,0.821,0.478,1.29987718183876e-152,"4","ISG20"
8.17933263027406e-146,1.54869605550823,0.912,0.615,1.88230981820497e-141,"4","DERL3"
9.48819207895402e-143,1.26162260275135,0.919,0.716,2.18351764312969e-138,"4","XBP1"
5.20787787122582e-138,0.92475137178531,0.994,0.981,1.1984889345052e-133,"4","B2M"
9.3555808570986e-134,1.69569016644774,0.78,0.484,2.1529998226441e-129,"4","STAT1"
1.41709974793027e-128,0.9065008722412,0.974,0.955,3.26117164991192e-124,"4","HLA-C"
1.06314097013275e-125,1.42692533687629,0.839,0.605,2.44660631456651e-121,"4","BTG2"
8.37488055115508e-114,1.78492309920298,0.647,0.336,1.92731126123732e-109,"4","OAS2"
4.78047928306121e-113,1.33059792471386,0.864,0.734,1.10013169741088e-108,"4","PSAP"
7.67370470286314e-113,1.47139774910097,0.658,0.299,1.76594966326989e-108,"4","CECR1"
5.58907977028926e-112,1.62168012460995,0.771,0.534,1.28621492753667e-107,"4","SLAMF7"
4.3293624818248e-109,1.0369282227934,0.939,0.752,9.96316187942342e-105,"4","MZB1"
1.54921746221657e-103,2.12214142941834,0.456,0.165,3.56521414579898e-99,"4","SLFN5"
4.77682168717936e-101,2.99452251661895,0.758,0.565,1.09928997487059e-96,"4","IGHA1"
1.0487259951499e-95,2.15721006020664,0.413,0.143,2.41343313263846e-91,"4","EPSTI1"
4.56920676602663e-90,1.2981193016485,0.851,0.764,1.05151155306571e-85,"4","ABCG1"
9.83347491513409e-90,1.62673915750183,0.674,0.412,2.26297758221981e-85,"4","TNFRSF17"
2.13299429797343e-89,1.61647716717736,0.542,0.243,4.90865977792625e-85,"4","ANKRD36BP2"
2.49700738171038e-89,1.32717049336082,0.775,0.567,5.7463630875301e-85,"4","CD27"
8.4979772299406e-89,1.87911868459477,0.584,0.317,1.95563949992623e-84,"4","DNAJB9"
4.14306324458226e-85,1.75271120721545,0.264,0.063,9.53443144475716e-81,"4","IFI27"
1.9974070623696e-84,1.70864873211336,0.638,0.395,4.59663287263117e-80,"4","LY6E"
6.98883146138806e-83,1.30805612259368,0.824,0.716,1.60833978420923e-78,"4","HERPUD1"
1.00897116921522e-82,0.906906882259849,0.914,0.831,2.32194535171498e-78,"4","TMBIM6"
3.14806352814439e-78,1.96860164153177,0.463,0.209,7.24463859731868e-74,"4","OAS1"
3.88585345837043e-78,1.06357778217001,0.865,0.719,8.94251456374786e-74,"4","UBE2J1"
1.86863901313679e-76,1.08771869993265,0.838,0.687,4.3002989609317e-72,"4","PDIA4"
2.2200483257954e-76,1.92111010026658,0.52,0.271,5.10899721215296e-72,"4","STAT2"
1.03271291022434e-74,1.91123592376669,0.499,0.254,2.37658222029928e-70,"4","IFI35"
4.88205197131923e-73,0.722056055497188,0.998,0.983,1.1235066201597e-68,"4","HLA-A"
2.07209923293344e-71,1.81335314163305,0.488,0.246,4.76852196474973e-67,"4","IFIH1"
9.93313918210827e-71,1.63304785173148,0.608,0.384,2.28591331997858e-66,"4","FKBP11"
1.41250156849554e-70,1.33874761903152,0.699,0.471,3.25058985957878e-66,"4","CPNE5"
3.3682508721891e-70,1.11318462959485,0.785,0.589,7.75135573216876e-66,"4","FAM46C"
3.68658056787383e-70,0.945061029495585,0.936,0.846,8.48392786084805e-66,"4","PIM2"
2.33935282621222e-69,1.33294954610112,0.757,0.629,5.38355265896218e-65,"4","TXNDC11"
2.68363256063917e-69,1.94664092252087,0.446,0.214,6.17584361179893e-65,"4","HERC5"
1.49953359220408e-68,1.36035372916845,0.485,0.221,3.45087665573926e-64,"4","CD38"
2.00019144119368e-67,1.3766538046347,0.318,0.105,4.60304056361901e-63,"4","ITGA6"
1.09554333828608e-64,0.971154932306571,0.845,0.734,2.52117388439777e-60,"4","SPCS3"
1.55319558765143e-63,1.51888438977901,0.586,0.373,3.57436900586224e-59,"4","PPAPDC1B"
5.32656802255005e-62,1.0190385560716,0.813,0.717,1.22580309902944e-57,"4","TRAM1"
8.41334501300954e-61,0.9319233337218,0.74,0.561,1.93616308784389e-56,"4","ITM2C"
4.55572876550186e-60,3.01190210222186,0.824,0.773,1.04840986080494e-55,"4","IGHM"
6.58202951949717e-59,0.858476799904522,0.857,0.754,1.51472245332188e-54,"4","SSR3"
4.12176937190217e-57,0.950130091999174,0.993,0.985,9.48542785555847e-53,"4","MALAT1"
2.69172450809444e-54,1.65255472159806,0.425,0.217,6.19446561047773e-50,"4","PDK1"
3.81021342741244e-54,1.51109873550315,0.566,0.385,8.76844416050425e-50,"4","C19orf66"
4.79175211057204e-54,1.31477473726702,0.571,0.352,1.10272591320594e-49,"4","ZBP1"
1.17497718699164e-53,0.881872954342009,0.948,0.882,2.70397500042387e-49,"4","FTL"
4.98699381013918e-52,0.92029409113035,0.722,0.563,1.14765688552733e-47,"4","TXNIP"
2.5352432456009e-51,1.3732249593482,0.529,0.326,5.83435528110134e-47,"4","PARP14"
8.56375148812516e-50,2.33413117180413,0.251,0.089,1.97077612996224e-45,"4","HELZ2"
4.20766875859129e-46,1.53552013354713,0.545,0.393,9.68310811414613e-42,"4","EIF2AK2"
2.20293439537379e-45,0.539550402662965,0.975,0.889,5.06961292407371e-41,"4","HSP90B1"
2.93998152181193e-45,3.41937176878937,0.31,0.135,6.76577947614578e-41,"4","IGHA2"
8.2111430481564e-44,1.13250936139805,0.687,0.58,1.88963034967223e-39,"4","FKBP2"
7.16075371204554e-43,1.73299385995817,0.523,0.383,1.64790425175304e-38,"4","EAF2"
9.9113686022234e-43,1.20867985420925,0.674,0.569,2.28090325642967e-38,"4","VIMP"
1.10474223699625e-42,0.933651231533502,0.741,0.657,2.54234330999947e-38,"4","SEL1L3"
1.16424604425325e-42,0.490966100758426,0.964,0.941,2.67927942164001e-38,"4","GNAS"
3.46708707484563e-42,1.74192475308592,0.485,0.32,7.97880748534224e-38,"4","AL928768.3"
5.58636668585597e-42,1.4785786282947,0.296,0.125,1.28559056541604e-37,"4","IGLV6-57"
9.85553559949609e-42,2.84077880891559,0.252,0.105,2.26805440751204e-37,"4","IGHJ4"
3.22645581360693e-41,1.93704416926819,0.439,0.267,7.42504276385362e-37,"4","DUSP5"
3.48225694437038e-39,1.39692794471975,0.337,0.163,8.01371790607956e-35,"4","FNDC3B"
5.11732842948932e-39,1.30288048997691,0.581,0.44,1.17765079147838e-34,"4","SPATS2"
6.4238336627867e-39,1.76541613340104,0.38,0.214,1.4783168408171e-34,"4","TLR7"
6.58542360619188e-39,0.684610583279814,0.849,0.757,1.51550353449294e-34,"4","SEC11C"
7.59696460101465e-37,1.08764255702063,0.684,0.615,1.7482894636315e-32,"4","SPCS1"
8.15350205473528e-37,1.38700905706484,0.557,0.433,1.87636542785623e-32,"4","CD59"
1.06316119783604e-36,0.469534247523605,0.973,0.955,2.44665286458007e-32,"4","HLA-B"
1.18730674386006e-35,0.481697347665881,0.936,0.912,2.73234900964516e-31,"4","HLA-E"
7.71630996565237e-35,1.39566537702211,0.543,0.417,1.77575441239558e-30,"4","TRIB1"
1.00872379067757e-34,1.4566151933132,0.564,0.454,2.32137605948629e-30,"4","PPM1K"
1.117553137994e-34,0.96643041137415,0.72,0.618,2.57182503646558e-30,"4","PRDM1"
4.45680849017077e-34,1.50843404371428,0.516,0.395,1.025645337843e-29,"4","UBE2L6"
1.00802112658231e-33,1.4484156822261,0.506,0.388,2.31975901860386e-29,"4","NT5C3A"
2.36581164460952e-33,1.61703204947567,0.428,0.287,5.4444423377399e-29,"4","TNFSF10"
2.80428002881403e-33,1.83866460290598,0.437,0.298,6.45348963030973e-29,"4","MIAT"
3.39442866566584e-33,1.32915543382258,0.555,0.451,7.8115986882968e-29,"4","APOL6"
3.09803883993365e-32,1.33325375609741,0.58,0.481,7.1295167823393e-28,"4","HIST1H1C"
1.86820927810802e-31,0.803403505631894,0.721,0.645,4.29931001170999e-27,"4","TAP1"
3.6243121827584e-31,0.787111526671147,0.768,0.721,8.34062962618191e-27,"4","RPN2"
2.49850027079717e-30,1.04207153669128,0.657,0.598,5.74979867318553e-26,"4","ST6GAL1"
2.79865603217788e-30,0.415650398598227,0.897,0.803,6.44054712685096e-26,"4","HSPA5"
4.39051682150308e-30,1.7858975733813,0.269,0.133,1.0103896361325e-25,"4","AC096579.7"
1.69392185173529e-29,1.23788670681967,0.486,0.359,3.89822235739842e-25,"4","ICAM3"
6.6553200806003e-29,1.1736644272883,0.603,0.531,1.53158881014855e-24,"4","ADAR"
1.8493337354093e-28,0.793101703038584,0.77,0.718,4.25587172529742e-24,"4","DDX17"
1.96260122323004e-28,0.594657551765829,0.842,0.765,4.51653419501929e-24,"4","TMEM258"
3.14050237017809e-27,1.19777868733181,0.48,0.347,7.22723810449084e-23,"4","HIST1H2BK"
4.92996595444749e-27,1.22600925863783,0.534,0.444,1.134533065097e-22,"4","LAP3"
5.18527351061397e-26,1.75386510587731,0.33,0.204,1.19328699299759e-21,"4","CHST12"
1.06845173941832e-24,1.53071756000261,0.38,0.258,2.45882798792337e-20,"4","SAMD9"
3.89213200601219e-24,0.281249663894781,0.104,0.294,8.95696338543586e-20,"4","RNPEP"
1.12699686139034e-23,0.92407915782911,0.635,0.586,2.59355787711758e-19,"4","KDELR1"
2.22489611624825e-23,1.41635208901151,0.484,0.396,5.12015343232209e-19,"4","PRDX4"
5.28704573242795e-23,1.20257327978787,0.5,0.417,1.21670783440364e-18,"4","HLA-F"
7.1639929761945e-23,0.764782922428245,0.708,0.654,1.64864970361164e-18,"4","SRGN"
3.33495337096888e-22,0.972316644894969,0.617,0.562,7.67472819261068e-18,"4","HM13"
3.44205788391316e-22,1.05140075064115,0.602,0.566,7.92120780824935e-18,"4","OS9"
3.4742851500572e-22,1.23640970795824,0.45,0.35,7.99537241582664e-18,"4","TPST2"
3.90978335356955e-22,1.14930239895705,0.491,0.404,8.99758443156961e-18,"4","XRN1"
5.27807779376395e-22,0.914830641953634,0.623,0.587,1.2146440426789e-17,"4","CD63"
9.09320852625992e-22,0.2572729186972,0.106,0.286,2.0926200781482e-17,"4","NCLN"
1.05470400651418e-21,0.702887845574508,0.746,0.717,2.42719033019108e-17,"4","SRPR"
1.12552185199832e-21,0.73072248429831,0.709,0.682,2.59016343800374e-17,"4","SERP1"
1.41731495325437e-21,1.11004160447411,0.511,0.417,3.26166690192429e-17,"4","GLCCI1"
5.03057508340801e-21,1.55848071988518,0.37,0.268,1.15768624394469e-16,"4","MANEA"
7.76866673901337e-21,0.989003195042708,0.612,0.563,1.78780327664915e-16,"4","BST2"
1.00834478280912e-20,1.30390147982107,0.335,0.222,2.32050384867863e-16,"4","ARRDC3"
1.28141090282923e-20,0.803836811857495,0.619,0.573,2.94891091068091e-16,"4","SP100"
1.57787524309527e-20,0.937551040557087,0.553,0.48,3.63116429693514e-16,"4","MAN1A2"
2.59374123293249e-20,0.982595097178901,0.412,0.286,5.96897669934753e-16,"4","RP11-16E12.2"
3.43969334899536e-20,0.993497180286779,0.604,0.59,7.91576630404303e-16,"4","NAPA"
1.65980122921434e-19,0.260273103771378,0.091,0.25,3.81970056879096e-15,"4","RBM10"
5.39616389189305e-19,0.597361555582512,0.795,0.766,1.24181919644135e-14,"4","POU2AF1"
6.19706810079697e-19,0.83023402591211,0.623,0.586,1.42613128203641e-14,"4","SPCS2"
8.09798078227308e-19,1.49369133706735,0.381,0.284,1.8635883174245e-14,"4","HLA-J"
8.68422965054507e-19,0.363396333834688,0.149,0.335,1.99850176947994e-14,"4","PSMC6"
9.03595622032632e-19,0.671341962874199,0.753,0.705,2.0794446049837e-14,"4","RNF213"
1.36884164867877e-18,1.88117621840615,0.281,0.181,3.15011528610446e-14,"4","PCMTD1"
1.57556300774998e-18,0.321574875414041,0.172,0.368,3.62584314973502e-14,"4","CTBP1"
2.68612787493552e-18,0.443734261430151,0.136,0.314,6.18158607858911e-14,"4","RPAP3"
3.87371912312565e-18,0.854523614209636,0.576,0.517,8.91458981804906e-14,"4","EVI2B"
3.90701157833221e-18,1.47851510203726,0.253,0.149,8.99120574521592e-14,"4","CALCOCO1"
4.91833549065903e-18,1.6894308896551,0.305,0.208,1.13185654646536e-13,"4","PLSCR1"
1.31623161741348e-17,0.278375364860263,0.117,0.28,3.02904382115365e-13,"4","R3HDM1"
4.16251708837696e-17,0.293323019350336,0.956,0.849,9.5792005754819e-13,"4","CALR"
7.12966376384368e-17,0.751881941507095,0.684,0.676,1.64074952197334e-12,"4","SEC62"
7.92003639884934e-17,1.21716814730529,0.475,0.422,1.8226379764672e-12,"4","DRAP1"
9.10724795186811e-17,1.308561592095,0.388,0.298,2.09585097116341e-12,"4","NUCB2"
1.19269167955305e-16,1.15870094970161,0.391,0.301,2.74474136215542e-12,"4","FAM214A"
2.43418820367823e-16,1.38604999738458,0.421,0.351,5.6017973131247e-12,"4","TMEM184B"
2.69141770435508e-16,0.310364093110754,0.136,0.3,6.19375956303235e-12,"4","DUS1L"
3.71794134861488e-16,1.02534569997082,0.533,0.503,8.55609842556742e-12,"4","TMEM59"
3.93520132345093e-16,0.560166911974356,0.107,0.258,9.05607880565762e-12,"4","ALDH9A1"
6.40780451043889e-16,0.924717079077541,0.428,0.319,1.4746280519873e-11,"4","FCRL5"
1.01436371504403e-15,0.267083980009236,0.182,0.362,2.33435521743084e-11,"4","RALBP1"
1.19920435544864e-15,0.485445146096997,0.172,0.352,2.75972898319395e-11,"4","PTPN7"
2.05958076478764e-15,0.474646166204362,0.188,0.355,4.7397132140058e-11,"4","MT2A"
3.40709142003578e-15,0.292582254862247,0.113,0.26,7.84073948492833e-11,"4","SIKE1"
7.41245049331776e-15,0.321155419931126,0.136,0.29,1.70582723202722e-10,"4","ARAF"
7.51347700328484e-15,0.279084608424851,0.146,0.308,1.72907646276594e-10,"4","TXLNA"
9.41777072604826e-15,1.31784041212663,0.349,0.264,2.16731157718549e-10,"4","CITED2"
1.38200802633521e-14,0.369687638294799,0.224,0.414,3.18041507100522e-10,"4","MDM2"
1.70025013482223e-14,1.42979801684558,0.256,0.166,3.91278563526639e-10,"4","LAX1"
2.21610443258827e-14,0.560878990814975,0.113,0.256,5.09992113071538e-10,"4","CRLS1"
2.50882195836304e-14,0.265805392757899,0.118,0.262,5.77355197278088e-10,"4","EFR3A"
3.81145627705862e-14,0.361366728252491,0.17,0.339,8.77130433039501e-10,"4","SLC25A46"
4.26952811597068e-14,0.425703606985476,0.111,0.251,9.82546505328333e-10,"4","PPWD1"
4.42454682899675e-14,0.800281942719156,0.544,0.489,1.01822096175702e-09,"4","YPEL3"
4.95954362405643e-14,0.332259606982132,0.123,0.267,1.14133977420411e-09,"4","CENPJ"
5.08879359900297e-14,0.309765199009165,0.211,0.4,1.17108407093855e-09,"4","TLE3"
5.20376673642434e-14,0.264197428852895,0.134,0.285,1.19754283905333e-09,"4","PDCD6IP"
6.54702072836086e-14,0.338672672740902,0.14,0.291,1.50666588021768e-09,"4","SLC35C2"
7.93689955178797e-14,0.935417962466418,0.458,0.396,1.82651869385297e-09,"4","FBXW7"
9.41948944944106e-14,0.416499676179101,0.143,0.296,2.16770710699987e-09,"4","SNAP29"
9.96835678147342e-14,0.455166953883866,0.147,0.305,2.29401794612048e-09,"4","MED8"
1.3782417419548e-13,0.411389269546293,0.134,0.282,3.17174772076059e-09,"4","CDIPT"
1.38946278431982e-13,0.612529584343574,0.704,0.684,3.1975707055552e-09,"4","TMED9"
1.72405902829119e-13,1.08710204732121,0.479,0.443,3.96757704180651e-09,"4","DNAJC1"
1.73841958771847e-13,0.398253912374313,0.143,0.29,4.00062499721652e-09,"4","KIAA1033"
1.76412067741889e-13,0.44348514244231,0.13,0.275,4.0597709149441e-09,"4","SLC39A4"
1.99754299876086e-13,0.35346839911008,0.135,0.283,4.59694570304836e-09,"4","PURA"
2.27480788862707e-13,0.433295259980763,0.115,0.251,5.23501539409747e-09,"4","TOLLIP"
2.2925344520867e-13,1.2065138820468,0.45,0.405,5.27580953458712e-09,"4","GALNT2"
2.45196277366877e-13,0.323183770519138,0.118,0.255,5.64270193104394e-09,"4","DCAF12"
2.69978805010133e-13,0.277331504822281,0.125,0.267,6.2130222396982e-09,"4","CUL1"
3.39708692486504e-13,0.252245269273811,0.133,0.277,7.81771614019192e-09,"4","PPP1R35"
3.70099051813529e-13,0.254563071123257,0.136,0.278,8.51708947938474e-09,"4","TRPC4AP"
4.70792985853775e-13,0.37855752978374,0.174,0.34,1.08343589834529e-08,"4","VKORC1"
5.26087754636399e-13,0.275069611506171,0.123,0.261,1.21068574974474e-08,"4","PTTG1IP"
6.10123232049746e-13,1.07734368214072,0.486,0.446,1.40407659391608e-08,"4","OGT"
6.78090834178972e-13,0.277509070418282,0.193,0.363,1.56049043669607e-08,"4","ARCN1"
7.61404698613194e-13,1.17588351373175,0.354,0.275,1.75222063291854e-08,"4","FCHSD2"
2.16285843815445e-12,0.650215664251185,0.643,0.637,4.97738612372484e-08,"4","CIRBP"
3.1959235708775e-12,0.299182806341007,0.128,0.259,7.35477891366038e-08,"4","GAK"
3.30775549973985e-12,0.443741538865515,0.162,0.313,7.61213773155132e-08,"4","SLC4A2"
5.74483205000444e-12,0.31395274316474,0.172,0.327,1.32205819966752e-07,"4","NADK"
6.67281226808948e-12,0.711788310041752,0.65,0.658,1.53561428725543e-07,"4","MCL1"
7.44005289354699e-12,0.263302096286306,0.143,0.281,1.71217937239197e-07,"4","BRI3"
8.01969436484204e-12,0.274938670393836,0.166,0.314,1.8455722641811e-07,"4","IFI27L2"
8.37729244372027e-12,0.251789358808659,0.206,0.366,1.92786631007335e-07,"4","RDX"
1.2204918620747e-11,0.421315337453605,0.129,0.26,2.80871792219251e-07,"4","SIRT2"
1.35953080538123e-11,0.383219071066801,0.15,0.289,3.12868824242383e-07,"4","CASC4"
1.50317067623527e-11,0.342151496346606,0.231,0.409,3.45924667722022e-07,"4","TSC22D4"
1.77679570885699e-11,0.377470829869889,0.146,0.285,4.08893996479259e-07,"4","SLC35A4"
2.03068790771113e-11,1.11867866661991,0.466,0.445,4.67322208201562e-07,"4","SHISA5"
2.05606939117143e-11,1.25245920571471,0.414,0.368,4.73163248990282e-07,"4","PHF11"
2.49921116227297e-11,0.338107150512242,0.216,0.384,5.75143464773878e-07,"4","NFATC2IP"
2.54742047024288e-11,0.25664706867094,0.203,0.362,5.86237872816994e-07,"4","GEMIN7"
2.61210149462534e-11,1.4465828266693,0.302,0.233,6.01122916958129e-07,"4","CREB3L2"
3.11151511612596e-11,0.98871219220201,0.431,0.385,7.16052973674067e-07,"4","SEL1L"
4.65543848378331e-11,0.328900988572301,0.176,0.322,1.07135605827305e-06,"4","TRIM26"
4.76159981718952e-11,0.511751013497648,0.762,0.749,1.09578696592982e-06,"4","RPL36AL"
5.91243855357221e-11,0.65781542988684,0.667,0.694,1.36062948433357e-06,"4","UBXN4"
6.56921589658712e-11,0.69464987392354,0.634,0.651,1.51177365428159e-06,"4","TAPBP"
8.14183094071525e-11,0.268713692845766,0.204,0.358,1.8736795543868e-06,"4","MIS18BP1"
1.03430550359726e-10,1.17193760907553,0.29,0.218,2.38024725542838e-06,"4","KDM5D"
1.15495223337673e-10,0.263109897254107,0.216,0.382,2.65789157466986e-06,"4","PJA2"
1.23437375120151e-10,0.437069838783034,0.165,0.305,2.84066431364003e-06,"4","SSSCA1"
1.54940413440665e-10,0.654261133276382,0.586,0.576,3.56564373451002e-06,"4","ANKRD12"
1.66427927283738e-10,0.448874742422064,0.146,0.278,3.83000589058066e-06,"4","ZNF302"
1.79484650627254e-10,0.272989219071844,0.162,0.297,4.13048026488499e-06,"4","PML"
1.83380144999038e-10,0.323516376601307,0.231,0.396,4.22012727686285e-06,"4","SMARCB1"
2.13372924487322e-10,0.497614555190686,0.144,0.27,4.91035111122674e-06,"4","CCDC57"
2.2229523394667e-10,0.270174281286135,0.19,0.34,5.11568021881472e-06,"4","DAP"
2.47144010701714e-10,0.328137703439099,0.243,0.415,5.68752511827853e-06,"4","TMEM167A"
2.82410417309604e-10,0.552316979815416,0.147,0.28,6.49911093354592e-06,"4","SPTSSA"
2.99348514793572e-10,0.402562952515354,0.14,0.265,6.88890737094448e-06,"4","PRKACB"
3.13316577484282e-10,0.353119317296513,0.206,0.365,7.21035439764578e-06,"4","SDHA"
3.27522058782884e-10,0.272145053857687,0.303,0.497,7.53726513877052e-06,"4","ASXL1"
3.40759892512299e-10,0.332293448383275,0.143,0.268,7.84190740638553e-06,"4","ZMYND8"
3.51577921202385e-10,0.463723981685084,0.143,0.269,8.09086270063048e-06,"4","INSIG2"
3.56284372635456e-10,0.297355526830786,0.19,0.339,8.19917226745975e-06,"4","SLC9A3R1"
3.79757451546842e-10,0.693036295289179,0.631,0.62,8.73935823244748e-06,"4","IFI16"
4.06246503931216e-10,0.37090953745926,0.163,0.3,9.34895079496907e-06,"4","ETNK1"
4.72232653492341e-10,0.760168011535618,0.565,0.556,1.08674900548192e-05,"4","SP110"
5.64568749604731e-10,0.633344617019643,0.591,0.57,1.29924206346537e-05,"4","RRBP1"
7.31468573987497e-10,0.282171092884584,0.193,0.339,1.68332862931743e-05,"4","SEC23B"
9.22739130560275e-10,1.10391155630253,0.415,0.384,2.12349956115836e-05,"4","SYVN1"
1.15962327436646e-09,0.482304397276688,0.195,0.34,2.66864104129953e-05,"4","WDR6"
1.59959478536449e-09,0.571398392059822,0.141,0.261,3.68114747955931e-05,"4","GYPC"
1.88860307774077e-09,0.544251929733105,0.692,0.704,4.34624226280484e-05,"4","CSDE1"
1.98983648794808e-09,1.33041637663725,0.317,0.262,4.57921070971491e-05,"4","KLF10"
2.05411924711851e-09,0.299019940906163,0.177,0.305,4.72714462339382e-05,"4","TMEM131"
2.17158818233158e-09,0.353319898798495,0.139,0.259,4.99747588399965e-05,"4","RAB3GAP1"
2.22543502239543e-09,0.429597469831252,0.694,0.725,5.1213936170386e-05,"4","UBC"
2.54823617766017e-09,1.95009635124468,0.463,0.416,5.86425591564936e-05,"4","IGLC3"
2.79227572056859e-09,0.387641524559131,0.156,0.283,6.42586411574449e-05,"4","SMG7"
3.42968016735217e-09,0.574527448794401,0.646,0.641,7.89272296912755e-05,"4","LMAN1"
3.82510921000123e-09,0.696663210428798,0.482,0.448,8.80272382497584e-05,"4","CTSS"
3.935852747105e-09,0.521885694025211,0.16,0.287,9.05757792691273e-05,"4","ANKRD17"
4.66717381493272e-09,0.345070214261283,0.193,0.329,0.000107405671003047,"4","OPTN"
4.88974285417954e-09,0.539695899830008,0.155,0.283,0.000112527652303234,"4","RAB6A"
5.02409740638771e-09,0.348978472100226,0.256,0.419,0.0001156195536132,"4","DOK3"
5.33792127908552e-09,0.843090938757715,0.531,0.552,0.000122841582395595,"4","C6orf62"
5.52948752700633e-09,0.742365377256402,0.511,0.49,0.000127250096458997,"4","CKAP4"
6.94754243167079e-09,0.392836526856818,0.267,0.433,0.00015988379398004,"4","C17orf62"
7.16000583047766e-09,0.291505000583094,0.154,0.276,0.000164773214176782,"4","SCO2"
7.42646321854136e-09,0.37417067921542,0.187,0.318,0.000170905198048292,"4","PHF12"
8.77694118583028e-09,0.377496082959046,0.181,0.309,0.000201983747509512,"4","UGGT1"
8.87036143391908e-09,0.564482914462037,0.146,0.264,0.00020413362767878,"4","LRRC47"
9.34903466494666e-09,0.66941797236013,0.638,0.664,0.000215149334744417,"4","HDLBP"
9.55016940656101e-09,0.28408901382783,0.183,0.316,0.000219778048553189,"4","CALCOCO2"
1.15904650652776e-08,0.502770264015127,0.186,0.32,0.000266731372547233,"4","ZBTB8OS"
1.19360554660115e-08,0.414597298322788,0.173,0.304,0.000274684444439322,"4","MRPL32"
1.21516028662799e-08,0.381952459448939,0.166,0.29,0.000279644836761699,"4","DEDD2"
1.31882567612982e-08,0.841709315700201,0.483,0.47,0.000303501352847755,"4","ERLEC1"
1.39046613253232e-08,0.408144819891837,0.243,0.399,0.000319987971079662,"4","ZNF593"
1.72144970512202e-08,0.637723573368644,0.183,0.316,0.000396157220639731,"4","TINF2"
1.86998723153008e-08,1.21776007111958,0.443,0.432,0.000430340161592018,"4","ZBTB38"
1.88735014289541e-08,0.394603882524569,0.141,0.253,0.00043433588838452,"4","C6orf89"
2.1231236085932e-08,0.46178103340103,0.15,0.265,0.000488594436045554,"4","SRSF8"
2.19964410413506e-08,0.935899779128411,0.483,0.475,0.000506204097684602,"4","ST6GALNAC4"
2.57497670938478e-08,0.252017794776932,0.28,0.439,0.000592579390130719,"4","EIF1AY"
2.58188741712248e-08,0.351673192507729,0.158,0.278,0.000594169751302396,"4","KIAA2013"
2.87824718512948e-08,0.356267719556111,0.165,0.286,0.000662371024713847,"4","INTS8"
2.91091063380278e-08,0.534282743768609,0.661,0.652,0.000669887864157033,"4","CLPTM1L"
2.96425723439737e-08,0.510343523839106,0.287,0.459,0.000682164517351866,"4","COMT"
3.08027561285776e-08,0.366153088638358,0.201,0.341,0.000708863826786956,"4","EBAG9"
3.66235647389537e-08,1.08650784219312,0.329,0.281,0.000842818095337542,"4","RP11-284N8.3"
4.24577219307257e-08,0.286301690249551,0.273,0.442,0.00097707955479179,"4","ARID1A"
4.51669968799478e-08,0.734739951590001,0.555,0.572,0.00103942809919824,"4","UFM1"
4.76623160226138e-08,0.304884791480385,0.222,0.364,0.00109685287862841,"4","KDM5C"
5.13627853830599e-08,1.23895314617784,0.253,0.196,0.00118201178002036,"4","EIF2AK3"
5.3476090364544e-08,0.490163781008803,0.163,0.283,0.00123064526755925,"4","TMEM147"
5.4882629430169e-08,0.442234342467773,0.184,0.305,0.00126301395107648,"4","PRKD2"
6.08937944137909e-08,1.70505320637792,0.319,0.245,0.00140134889084457,"4","IGLC2"
7.31312187827898e-08,0.514905643841274,0.639,0.644,0.00168296873784834,"4","TMED10"
7.60870902705289e-08,0.431889219667026,0.158,0.275,0.00175099220839568,"4","DERL2"
7.94381846619097e-08,0.368026230533811,0.201,0.33,0.00182811094362453,"4","TMEM205"
8.96448420808924e-08,0.674295863183646,0.671,0.725,0.00206299675080758,"4","SRRM2"
9.76797665212295e-08,0.443962977123115,0.699,0.729,0.00224790446695305,"4","SRSF5"
1.01041152926021e-07,1.38219171085769,0.286,0.24,0.00232526005228652,"4","TXLNG2P"
1.1032054540995e-07,0.579984269779115,0.163,0.28,0.00253880671151919,"4","YIF1A"
1.14752605092332e-07,0.252934244295038,0.23,0.371,0.00264080170098984,"4","P2RY8"
1.19550908007292e-07,0.966442518078942,0.367,0.325,0.00275122504597182,"4","SIK1"
1.24698344632745e-07,0.416910618805477,0.26,0.418,0.00286968300503337,"4","PQBP1"
1.4902622094724e-07,0.301110586526008,0.17,0.281,0.00342954042265882,"4","TSTD1"
1.51430840352179e-07,0.456422777906455,0.174,0.291,0.0034848779290247,"4","PTP4A3"
1.81061723326594e-07,0.377973665687924,0.29,0.459,0.0041667734389149,"4","PRCC"
1.86648646899042e-07,0.352744666361316,0.152,0.261,0.00429534531108765,"4","CREB3"
1.98120822934962e-07,0.815387322954943,0.541,0.565,0.00455935449820229,"4","PTK2B"
2.06252827505978e-07,1.09274142871756,0.251,0.191,0.00474649631939508,"4","NUGGC"
2.23017446789914e-07,0.567926663790838,0.666,0.653,0.00513230050297629,"4","COX5A"
2.50325513200234e-07,0.515605382131367,0.195,0.322,0.00576074103527699,"4","CCNC"
2.59062376067144e-07,0.7457089443476,0.145,0.25,0.00596180246043319,"4","TRIM14"
2.66764909295386e-07,0.445631583464086,0.687,0.689,0.00613906085761472,"4","SEC61B"
2.76677367235735e-07,0.363532753322867,0.201,0.329,0.00636717625219596,"4","NDFIP1"
3.05039099299395e-07,0.385165351850834,0.192,0.313,0.00701986479217697,"4","SETD5"
3.26014777452156e-07,0.999160358103441,0.404,0.385,0.00750257807350647,"4","NPC2"
3.26310354377926e-07,0.558779292978244,0.195,0.323,0.00750938018529921,"4","ACBD3"
3.52207761086693e-07,0.492047806180359,0.229,0.364,0.00810535720588807,"4","ME2"
3.54426068150167e-07,0.268141362662591,0.271,0.422,0.00815640710633979,"4","COPB1"
3.76576814063672e-07,0.25420156903386,0.361,0.541,0.00866616222204729,"4","CD81"
4.06278538561096e-07,0.470924378172462,0.188,0.311,0.0093496880079065,"4","GFPT1"
4.06496993844377e-07,1.24998057680546,0.303,0.259,0.00935471531934064,"4","FNDC3A"
4.59512182132301e-07,0.492593780857999,0.16,0.269,0.0105747538474106,"4","TCEAL8"
4.80377498688867e-07,0.735039366104451,0.542,0.564,0.0110549273773269,"4","LENG8"
5.15443149412738e-07,0.251872459952594,0.249,0.391,0.0118618931974353,"4","PCGF5"
5.35219840483238e-07,1.08378056946299,0.267,0.216,0.0123170141890408,"4","HERC2P2"
5.78635819504445e-07,0.544666483897387,0.17,0.283,0.0133161461142558,"4","CNPY2"
6.09524165252318e-07,0.421968882468887,0.168,0.277,0.0140269796149516,"4","ARHGEF2"
6.13382794918002e-07,0.251808175441095,0.242,0.384,0.014115778259448,"4","IDH3A"
6.56185600361401e-07,1.13785091346332,0.353,0.321,0.0151007992211169,"4","PARP9"
6.8528411372018e-07,0.357226476772337,0.165,0.273,0.0157704433090425,"4","CCDC53"
7.30785525446611e-07,0.770558652324702,0.542,0.558,0.0168175672971029,"4","TPD52"
7.581142538922e-07,0.822026195567673,0.484,0.486,0.0174464833248212,"4","MAN1A1"
8.13854513188474e-07,0.356003676607482,0.244,0.385,0.0187292339120064,"4","NANS"
8.14000354016283e-07,0.358079230108267,0.252,0.399,0.0187325901469767,"4","ADIPOR1"
8.31362653689476e-07,0.784564925282728,0.511,0.527,0.0191321487493559,"4","C4orf3"
8.69195518561439e-07,0.948441460532575,0.38,0.349,0.0200027964686544,"4","CCDC88A"
8.8484238554211e-07,0.455665083482309,0.253,0.395,0.0203628778184806,"4","GOLPH3"
8.89912231116368e-07,1.20364254835443,0.329,0.297,0.020479550174681,"4","ADA"
9.71150415890534e-07,0.411913167991112,0.226,0.352,0.0223490845208889,"4","BCL2L1"
1.12903716426119e-06,0.394461532819971,0.176,0.287,0.0259825322611428,"4","SP1"
1.20897645296954e-06,0.333317468424085,0.241,0.38,0.0278221751121879,"4","IFNAR2"
1.43397912116541e-06,0.761952166257113,0.538,0.56,0.0330001615153795,"4","SELK"
1.43775132432937e-06,0.399196788675206,0.226,0.359,0.0330869712267917,"4","TMEM259"
1.50513452154767e-06,1.06285762467466,0.354,0.323,0.0346376607443765,"4","FBXO18"
1.54929474006895e-06,0.575122230352324,0.235,0.379,0.0356539198532066,"4","ATRAID"
1.59427104078228e-06,1.00413119015484,0.451,0.443,0.0366889594615227,"4","S100A6"
1.61984866528099e-06,0.500691763369078,0.156,0.259,0.0372775773341115,"4","PDXDC1"
1.72578950169352e-06,0.3289643573683,0.204,0.322,0.0397155938024731,"4","CLASRP"
1.73560291550395e-06,0.659896286516431,0.399,0.348,0.0399414298944924,"4","TP53INP1"
2.02720395478405e-06,0.382384987673906,0.177,0.287,0.0466520446114453,"4","TRIM8"
2.36838696169132e-06,1.04411246579698,0.376,0.357,0.0545036891494023,"4","STX16"
2.55338396590837e-06,0.389898494689282,0.216,0.339,0.0587610252074493,"4","ASAH1"
2.73135238468767e-06,0.417936346284003,0.235,0.362,0.0628566124288173,"4","MLLT6"
2.80728716129395e-06,0.301463899703884,0.302,0.456,0.0646040994428577,"4","ORMDL2"
2.81357092197446e-06,0.261164777413057,0.254,0.392,0.0647487076273983,"4","RBM26"
2.81512024654518e-06,0.252353490944604,0.23,0.357,0.0647843622337442,"4","ZNF24"
2.95600818129338e-06,0.466366949278106,0.226,0.352,0.0680266162761046,"4","NFX1"
3.17803196121983e-06,0.390433131826304,0.275,0.421,0.073136049523552,"4","ANAPC16"
3.32926786249123e-06,0.496324897073031,0.201,0.311,0.0766164413195108,"4","CYBA"
3.65347685220634e-06,0.411598324794871,0.187,0.292,0.0840774627998244,"4","C1orf186"
3.78901620190014e-06,0.494566227994829,0.178,0.284,0.0871966298543279,"4","TRIM38"
4.08612597772345e-06,0.855175517683879,0.542,0.568,0.0940340171253498,"4","IRF4"
4.27583588331497e-06,0.524125384498333,0.211,0.336,0.0983998111827275,"4","BLNK"
4.2783122215623e-06,1.0834377486082,0.388,0.382,0.0984567991548132,"4","MSI2"
4.31750326624022e-06,0.490040164835005,0.246,0.383,0.0993587026659861,"4","LPIN1"
4.68545689574509e-06,0.65380858085444,0.186,0.298,0.107826419541782,"4","DCAF8"
5.16093796059828e-06,0.310805151093632,0.163,0.259,0.118768665287248,"4","RNF113A"
5.61869888891503e-06,0.442764571878965,0.211,0.329,0.129303117530602,"4","RBM5"
5.9859638611953e-06,0.542928261670567,0.162,0.263,0.137754986337687,"4","HEXIM1"
6.16649744788187e-06,0.650635501173379,0.568,0.604,0.141909605768105,"4","SEC14L1"
6.72538632405903e-06,0.294819255180443,0.362,0.526,0.15477131547557,"4","HDAC7"
7.38751966267346e-06,0.521509730346648,0.63,0.675,0.170008989997104,"4","NEAT1"
8.31028587226362e-06,0.603359622576561,0.233,0.362,0.191244608778403,"4","NRBP1"
9.42765425737374e-06,0.329660162667895,0.183,0.285,0.216958607424942,"4","SEMA4B"
1.00728759791787e-05,0.7161585310712,0.184,0.295,0.23180709490884,"4","BAG1"
1.04085439213416e-05,0.617860415014429,0.17,0.272,0.239531821261835,"4","HNRNPH2"
1.07390899601133e-05,0.319458114093396,0.307,0.459,0.247138677252087,"4","EP300"
1.21358056808445e-05,1.05677400177201,0.3,0.264,0.279281296133274,"4","APOL1"
1.3712932867958e-05,0.470828726746009,0.274,0.418,0.315575724090316,"4","BAZ1A"
1.4182063161936e-05,0.763002633795048,0.532,0.568,0.326371819545632,"4","SEMA4A"
1.57643692574224e-05,1.22671247223021,0.296,0.267,0.362785429721063,"4","TRIM69"
1.59586730829058e-05,0.537143767356277,0.209,0.325,0.367256943656911,"4","SEC24C"
1.6100596994327e-05,0.299332516763115,0.319,0.475,0.370523038630448,"4","SRSF6"
1.79493453282814e-05,0.460381931113931,0.24,0.363,0.413068284039741,"4","GTF2A1"
1.82441580968773e-05,0.260565541966687,0.326,0.472,0.419852810283437,"4","ATRX"
2.26116299476401e-05,0.509186591729113,0.204,0.314,0.520361439985042,"4","TMEM19"
2.2693184294766e-05,0.98453348183667,0.28,0.243,0.522238250175449,"4","CPEB4"
2.47274754271715e-05,0.815464983967051,0.479,0.496,0.569053392005498,"4","CRELD2"
2.94234465658485e-05,1.13321645146856,0.371,0.373,0.677121775819872,"4","SETX"
3.07469849167901e-05,1.19637607919218,0.305,0.279,0.70758036389009,"4","TTC17"
3.46955030762771e-05,0.259790164751552,0.375,0.542,0.798447612294365,"4","SMDT1"
3.65636420159209e-05,0.260468337018274,0.33,0.48,0.841439093712387,"4","MPHOSPH8"
3.6798785483475e-05,0.295093237142291,0.364,0.527,0.846850450331211,"4","USP48"
3.89739289979737e-05,0.289128536938651,0.318,0.465,0.89690702803037,"4","MEF2D"
4.03314406904761e-05,0.556803000102408,0.198,0.302,0.928147444609927,"4","PAPSS1"
4.08745469336478e-05,0.287613414017736,0.415,0.59,0.940645948584037,"4","RBBP6"
4.2196839402579e-05,0.476371839079736,0.197,0.302,0.971075865171551,"4","ARL2BP"
4.52591173981932e-05,1.0725063182616,0.415,0.429,1,"4","SAMHD1"
4.5371230060983e-05,0.548237796091381,0.3,0.453,1,"4","BSG"
4.61907046658933e-05,0.55231088657501,0.203,0.311,1,"4","IMPAD1"
5.00764437480842e-05,0.298371663516053,0.695,0.706,1,"4","PPIB"
5.08363510831237e-05,0.887514130641404,0.182,0.283,1,"4","LPCAT4"
5.21365358279862e-05,0.360182482901774,0.36,0.527,1,"4","RAB11B"
5.52894965834576e-05,0.280728534200089,0.361,0.514,1,"4","STT3B"
5.58603051102057e-05,1.14999956245818,0.362,0.357,1,"4","SOCS3"
5.61086081557349e-05,0.345163858012722,0.376,0.532,1,"4","MLEC"
5.62032711311021e-05,1.21220841357331,0.263,0.23,1,"4","BTN3A1"
5.68963778162411e-05,0.701381454413375,0.2,0.305,1,"4","RNF149"
5.87432007043653e-05,1.19771543565791,0.307,0.288,1,"4","REPIN1"
6.53786763518398e-05,0.52066502097173,0.31,0.466,1,"4","AC009501.4"
6.58251103073442e-05,0.540318804225671,0.24,0.363,1,"4","LAPTM4A"
6.69950388505871e-05,0.313461382828431,0.173,0.264,1,"4","VPS13C"
6.76358307763482e-05,0.647836505316445,0.171,0.259,1,"4","GIGYF2"
7.13780553901113e-05,0.613423745901077,0.166,0.256,1,"4","TAPSAR1"
7.86167692804518e-05,0.704049052441983,0.518,0.564,1,"4","SEC31A"
8.38509121977637e-05,0.778335613240514,0.197,0.3,1,"4","CARD8"
8.83003755827194e-05,0.466148452634403,0.222,0.333,1,"4","ALG3"
9.37712437410718e-05,0.608112275055751,0.198,0.301,1,"4","NDUFV3"
9.39452085850841e-05,0.594307021920132,0.247,0.372,1,"4","YIPF5"
9.94304008148731e-05,0.552031792286771,0.194,0.295,1,"4","CCDC88C"
0.000123867822768395,0.789290857493285,0.48,0.505,1,"4","LMO4"
0.000125539188275259,0.532670104093508,0.267,0.396,1,"4","SEC22B"
0.000126302345170238,0.716822660771583,0.237,0.355,1,"4","SLC50A1"
0.000135726056562733,0.318327850464286,0.394,0.561,1,"4","JUN"
0.000137580307110789,1.06368377541394,0.388,0.4,1,"4","TXNDC15"
0.000149033016794972,0.573149400733365,0.195,0.294,1,"4","PPP3CC"
0.000163884146270981,1.12427620237311,0.303,0.282,1,"4","MIA3"
0.000173914638354132,0.86847632882789,0.376,0.369,1,"4","SLC44A1"
0.000177252971774681,0.577251949046552,0.571,0.635,1,"4","ZFP36"
0.000210049607477457,0.919286938707866,0.428,0.453,1,"4","CSNK1E"
0.000245460005359826,0.375358389170337,0.267,0.384,1,"4","TMF1"
0.000250527651216355,0.536074221519677,0.199,0.295,1,"4","SEC16A"
0.000251422609886999,1.31270604351117,0.294,0.283,1,"4","MAGED1"
0.000284567961033554,1.01322917351989,0.329,0.313,1,"4","PLD3"
0.000293946632667135,0.413114908355704,0.312,0.444,1,"4","SP140"
0.000296298518417689,0.575572364383818,0.216,0.318,1,"4","UBA5"
0.000301058152067887,0.512219261171888,0.296,0.432,1,"4","SCFD1"
0.000312144557270758,0.402635035209439,0.252,0.361,1,"4","CEP350"
0.000312170120168764,0.274538626705029,0.392,0.544,1,"4","COX7A2"
0.000345257996387561,0.328458903951528,0.199,0.291,1,"4","NGLY1"
0.000399347556356812,0.388017470958501,0.33,0.469,1,"4","APOBEC3G"
0.000399886837940733,0.293116778715388,0.376,0.517,1,"4","SRP19"
0.000403055202810148,0.339884700884451,0.343,0.488,1,"4","GSTK1"
0.000421665524654853,0.260106018729885,0.445,0.598,1,"4","EIF3G"
0.000469885475429136,0.434378062495944,0.216,0.309,1,"4","SGK1"
0.00047341077806593,0.359058281837337,0.372,0.52,1,"4","IER3IP1"
0.000473989642837964,0.351026273559674,0.383,0.527,1,"4","COPB2"
0.000479690943213389,0.275309838821924,0.338,0.476,1,"4","MAPKAPK2"
0.000528699951925047,0.975362257327615,0.301,0.281,1,"4","CASP10"
0.00054788325754913,0.257465148892459,0.435,0.587,1,"4","PSME2"
0.00059247431360879,0.652491287666878,0.199,0.294,1,"4","FDX1"
0.000640103290265894,0.716404314140071,0.292,0.429,1,"4","SNRNP70"
0.000714594086043039,0.641182220155032,0.192,0.278,1,"4","AGA"
0.000717293564125023,0.544496995853088,0.226,0.322,1,"4","PDXK"
0.000768350259971461,0.522797767934217,0.206,0.299,1,"4","NCSTN"
0.00080148941136388,0.720813554755727,0.49,0.526,1,"4","ARF4"
0.000818154955840719,0.339159579129569,0.355,0.492,1,"4","MLF2"
0.000830086369098852,0.383170954291324,0.338,0.471,1,"4","WSB1"
0.000852248029272243,0.623269618529568,0.173,0.251,1,"4","CHD9"
0.000913150745332166,0.280485041132241,0.393,0.537,1,"4","ZNHIT1"
0.000941274872568906,0.254246067474284,0.443,0.608,1,"4","EDF1"
0.001040052539179,0.338118727856819,0.306,0.422,1,"4","DHRS7"
0.00105039577704394,0.682250480687106,0.182,0.264,1,"4","FAM134C"
0.00110916396861282,0.897750686020364,0.399,0.424,1,"4","ORMDL3"
0.00111178658853568,0.509987263458786,0.278,0.395,1,"4","ALG5"
0.00112791840411003,0.668772207238966,0.182,0.264,1,"4","LEPROT"
0.00117595784606517,0.331640738162085,0.21,0.297,1,"4","CD55"
0.00118663785042518,0.499750462274681,0.311,0.439,1,"4","PSENEN"
0.00121734056003832,0.790509420658757,0.467,0.51,1,"4","TAP2"
0.00122019861894059,0.355229389417978,0.326,0.457,1,"4","SH3GLB1"
0.00122444053508271,0.80820342865099,0.463,0.487,1,"4","RHOQ"
0.00122746779320565,0.318099889518808,0.36,0.497,1,"4","TMCO1"
0.00132432491184434,1.49977952949285,0.291,0.294,1,"4","UTP3"
0.00140442014291866,0.395978027480525,0.649,0.656,1,"4","JTB"
0.00142362793395956,0.57807331730965,0.206,0.296,1,"4","ASB8"
0.00148321034521992,0.768128508631068,0.238,0.345,1,"4","YIPF3"
0.00152946353071432,0.322549369375942,0.324,0.451,1,"4","KLF13"
0.00166617048626653,0.564400614925334,0.26,0.371,1,"4","PRKCD"
0.00168466715373769,0.314172945820426,0.72,0.736,1,"4","OST4"
0.00202283916138217,0.544794119905637,0.292,0.417,1,"4","ZC3H11A"
0.00264415782822808,0.587545870174634,0.273,0.382,1,"4","MRPS31"
0.00267257951740513,0.342379482054966,0.232,0.321,1,"4","SERINC1"
0.00281813253992195,0.554745672516005,0.317,0.443,1,"4","SLC1A4"
0.00288115554716365,0.479910803456553,0.321,0.452,1,"4","KRT10"
0.00288449690349665,0.619905287653427,0.392,0.395,1,"4","ITM2B"
0.00295473681118105,0.482660963158104,0.244,0.345,1,"4","CIR1"
0.00297306234137169,0.549631347188211,0.322,0.454,1,"4","NRD1"
0.00305792152132556,0.307555724570153,0.671,0.671,1,"4","MANF"
0.00326787702783795,0.60552134035806,0.209,0.292,1,"4","UFL1"
0.00346581702278013,0.427880245576834,0.253,0.353,1,"4","OTUD5"
0.00359568844602475,0.561256654452259,0.324,0.308,1,"4","YPEL5"
0.00361501796108947,0.616722698366823,0.21,0.295,1,"4","OSBPL3"
0.00382207929501901,0.806163619380729,0.236,0.335,1,"4","TFG"
0.0040137334500643,0.642834462782544,0.247,0.342,1,"4","SPCS2P4"
0.00428328501963122,1.04441720823775,0.3,0.293,1,"4","ATM"
0.00440236983991152,0.567206269594833,0.301,0.423,1,"4","CASP4"
0.00452650739195073,0.913576175681761,0.356,0.366,1,"4","GLG1"
0.0045416140657818,0.406202641827953,0.346,0.472,1,"4","ATP2A3"
0.00504302146814494,0.70029936911308,0.515,0.58,1,"4","CDV3"
0.00531916449588163,0.503205910946792,0.339,0.467,1,"4","AP3D1"
0.0054184710957916,0.481855039120311,0.297,0.41,1,"4","PREB"
0.00541880237024604,0.562900655758527,0.201,0.277,1,"4","RNASE6"
0.005853874735586,0.415276718866323,0.373,0.508,1,"4","SEP15"
0.00669562800908329,0.428846259474471,0.3,0.419,1,"4","CLIC4"
0.00673263774004711,0.682011589129313,0.283,0.394,1,"4","CISD2"
0.00712812398209486,0.345588906778792,0.405,0.538,1,"4","RTN3"
0.00717659435563753,0.683940857485249,0.209,0.289,1,"4","ADAM17"
0.00737825074895856,0.473744804182737,0.236,0.327,1,"4","FAM3C"
0.007558873550435,0.565891314312902,0.208,0.283,1,"4","SSBP3"
0.00865293725156282,0.780542732696307,0.214,0.297,1,"4","MGAT2"
0.00892806960830064,0.385270161109862,0.394,0.527,1,"4","TM9SF2"
0.0090491541058386,0.721001421316045,0.187,0.26,1,"4","TMEM179B"
0.00916412431071623,0.602474443726037,0.496,0.55,1,"4","ACADVL"
0.00917745742924892,0.373478635816499,0.221,0.298,1,"4","KMT2C"
0.00953013028516572,0.844452028225531,0.292,0.283,1,"4","KCNN3"
0,6.10508403609708,0.486,0.016,0,"5","ADTRP"
4.56841729878763e-165,3.05622487919586,0.634,0.119,1.05132987297e-160,"5","CCR7"
3.38636680032363e-146,3.14924830397106,0.28,0.022,7.79304591758476e-142,"5","FCER2"
4.49470254425416e-121,4.32761596484412,0.329,0.041,1.03436589650921e-116,"5","SKAP1"
2.0087370900167e-119,2.92690391507513,0.474,0.086,4.62270666525543e-115,"5","LTA"
2.64481133681988e-119,3.72781719062016,0.32,0.039,6.08650432942359e-115,"5","IGFBP4"
2.26182392537282e-111,1.67328884748283,0.978,0.602,5.20513539946048e-107,"5","HLA-DRA"
1.67628313496263e-104,2.35780724527886,0.64,0.174,3.8576303784895e-100,"5","LTB"
1.68526266341904e-104,2.2588245280599,0.883,0.476,3.87829496732623e-100,"5","HLA-DQA1"
1.53631771966657e-102,3.22184057152767,0.729,0.318,3.53552796826867e-98,"5","IL2RA"
4.86170105689268e-102,2.69194571014406,0.763,0.316,1.11882326422271e-97,"5","BIRC3"
1.30449222344176e-94,2.96919723686186,0.505,0.128,3.00202795380652e-90,"5","MIR155HG"
1.32512975697546e-93,3.1201931421943,0.609,0.207,3.04952110972763e-89,"5","SNX10"
2.69499323376256e-93,1.79346749360363,0.354,0.058,6.20198792885777e-89,"5","SESN3"
5.1317495917266e-91,2.83241245845354,0.665,0.249,1.18096953354404e-86,"5","PAX5"
1.93256301921744e-88,1.8361245653165,0.723,0.252,4.4474072761251e-84,"5","MS4A1"
1.28816349339547e-87,2.90304576257203,0.465,0.114,2.96445064735099e-83,"5","CXCR5"
4.8297145319281e-85,1.31479359387742,0.994,0.845,1.11146220523261e-80,"5","PFN1"
1.77674031056245e-84,1.09390189056224,0.997,0.987,4.08881247669736e-80,"5","CD74"
7.57856094019336e-83,1.40093976266167,0.954,0.688,1.7440542291667e-78,"5","HLA-DPA1"
1.97822326463035e-81,2.82630595002437,0.723,0.365,4.55248519889383e-77,"5","STAT3"
1.23558244476147e-80,1.98496363684229,0.809,0.441,2.84344588012958e-76,"5","ARL6IP5"
5.82551192489877e-78,1.9462931761448,0.785,0.402,1.34062505927695e-73,"5","LYN"
7.29848876148377e-77,3.14409933187545,0.274,0.044,1.67960121868026e-72,"5","CD84"
9.0391299534599e-76,3.44257650594206,0.366,0.08,2.08017497618973e-71,"5","ALOX5AP"
9.33630718600738e-75,2.20413370752375,0.671,0.292,2.14856437271588e-70,"5","HLA-DQB1"
2.41359859481818e-74,2.2126581518843,0.717,0.339,5.55441444625507e-70,"5","PEA15"
3.97476374580092e-73,3.5466783095668,0.311,0.06,9.14712380821166e-69,"5","GBP4"
6.26301144045377e-73,2.70293353635469,0.526,0.174,1.44130682279163e-68,"5","CD22"
5.34539250753235e-72,2.89710370777893,0.32,0.064,1.23013517775842e-67,"5","IL4R"
1.76690239140893e-71,1.64908897919328,0.637,0.24,4.06617247334938e-67,"5","FOXP1"
2.11628306932861e-71,2.58506145311016,0.551,0.193,4.87020222744593e-67,"5","CD40"
5.82797855238906e-70,3.65471078786117,0.283,0.052,1.34119270426129e-65,"5","CNTNAP1"
8.58790761757119e-69,1.58585706494792,0.84,0.575,1.97633518003166e-64,"5","SMAP2"
2.01235864431402e-68,2.44872143385483,0.428,0.116,4.63104094815985e-64,"5","SPINT2"
2.77280699534303e-68,3.13267277017683,0.431,0.121,6.38106073838292e-64,"5","MYL9"
4.18858213878022e-68,2.45045071435915,0.597,0.239,9.63918407597491e-64,"5","CAPG"
4.69966351734102e-68,1.92413300875384,0.834,0.612,1.08153356524569e-63,"5","PTPN1"
7.95011190042543e-68,3.07270656809376,0.394,0.102,1.8295592516449e-63,"5","TOX2"
2.92171584231129e-67,0.931076738834585,0.994,0.941,6.72374466791098e-63,"5","RPS27"
1.40740588900545e-66,1.66824217878175,0.932,0.739,3.23886317236824e-62,"5","FTH1"
2.01066066350526e-64,2.89095303482925,0.437,0.129,4.62713338492466e-60,"5","TRAF1"
9.75798713061244e-64,1.19453363075959,0.954,0.739,2.24560557836784e-59,"5","SH3BGRL3"
2.50263511847583e-63,1.68138286561182,0.785,0.447,5.75931419814842e-59,"5","PRKCB"
8.92571294597208e-62,2.97576349110681,0.286,0.058,2.05407432025656e-57,"5","TTN"
5.38472619887434e-61,1.37207574975443,0.886,0.569,1.23918704014695e-56,"5","HLA-DPB1"
1.84233109108761e-60,1.07037870195128,0.846,0.496,4.23975653991991e-56,"5","KLF6"
5.85205330946139e-60,2.79915368646357,0.292,0.063,1.34673302810635e-55,"5","KIAA1147"
6.16119077899666e-59,2.86387097171956,0.372,0.101,1.4178748339705e-54,"5","SPIB"
4.91694635866483e-57,2.45767127454366,0.471,0.161,1.13153686551954e-52,"5","ARID5A"
9.34312994796122e-57,1.14026355366725,0.945,0.766,2.15013449492432e-52,"5","HLA-DRB1"
1.27539466854416e-56,1.12727950656505,0.865,0.545,2.93506575072068e-52,"5","CD37"
6.82654998291209e-56,2.36751307487973,0.422,0.134,1.57099394756756e-51,"5","BCL11A"
4.38778214096179e-54,1.26345117464155,0.858,0.599,1.00976030409954e-49,"5","ACTR2"
1.25413476030235e-53,1.84865159837112,0.695,0.394,2.8861403238838e-49,"5","ETS1"
2.20484867179484e-53,2.0833525061289,0.406,0.126,5.07401824840146e-49,"5","IRF8"
3.33239047766805e-53,2.83120543291373,0.458,0.172,7.66883020625748e-49,"5","PIK3AP1"
1.70230842650916e-52,2.26243145596788,0.686,0.416,3.91752238192553e-48,"5","HUWE1"
7.75901186793298e-51,0.980258496747391,1,0.9,1.78558140116742e-46,"5","ACTB"
9.7870413107542e-51,2.23421811310238,0.631,0.334,2.25229181684386e-46,"5","IL2RB"
4.57205397202442e-50,1.25047427595465,0.742,0.416,1.05216678058198e-45,"5","NFKBIA"
8.09015131759074e-50,1.93043901359306,0.452,0.163,1.86178652271716e-45,"5","BCL2"
3.35052713840377e-49,2.71245847779011,0.492,0.201,7.71056810360859e-45,"5","CTC-444N24.11"
4.20110262030327e-49,0.799457446847976,0.994,0.877,9.66799746010392e-45,"5","RPL6"
9.52951165364107e-49,1.64027115033879,0.738,0.495,2.19302651685242e-44,"5","GRB2"
1.87218464150815e-48,0.70528029864658,0.997,0.865,4.30845851550272e-44,"5","RPL39"
1.06765363585126e-47,1.34609052322871,0.843,0.678,2.4569913121845e-43,"5","BASP1"
2.9944190323948e-47,0.754657975300933,0.991,0.929,6.89105651925016e-43,"5","RPLP1"
3.44437000596519e-47,2.42798540615245,0.449,0.174,7.92652869472768e-43,"5","UGCG"
3.61488054040504e-47,1.02469053821805,0.948,0.753,8.31892458763412e-43,"5","CALM1"
8.9465842806979e-47,1.43910737947479,0.791,0.515,2.05887744051701e-42,"5","SEPT7"
1.62857605678706e-46,1.62168739713745,0.766,0.481,3.74784207948405e-42,"5","TFRC"
1.99419871501003e-46,0.943582579153439,0.954,0.664,4.58924950285259e-42,"5","TPM3"
2.14406270943232e-46,1.84774417073969,0.292,0.074,4.93413151321661e-42,"5","GSAP"
7.62128879052739e-46,2.10326158181448,0.618,0.342,1.75388718936407e-41,"5","NFE2L1"
9.8863455379079e-46,1.99024657073684,0.462,0.176,2.27514469863874e-41,"5","TRIM22"
1.05748370453971e-45,2.92639084059248,0.351,0.11,2.43358724925724e-41,"5","BATF3"
1.23728912626267e-45,1.63159119018598,0.757,0.564,2.84737346626827e-41,"5","TCF4"
4.70278373714384e-45,1.80853832773147,0.597,0.314,1.08225162142891e-40,"5","STAT6"
1.02149955483168e-44,1.33083946727491,0.791,0.512,2.35077692553416e-40,"5","MYL12A"
2.22722496999405e-44,0.63164411098714,0.994,0.956,5.12551282344731e-40,"5","RPS16"
1.67564750102282e-43,2.30891685080348,0.548,0.267,3.85616759410381e-39,"5","SERPINB9"
2.48075486630513e-43,1.60308644717408,0.677,0.415,5.708961173828e-39,"5","JAK1"
2.50538961340078e-43,0.823987060380838,0.92,0.625,5.76565311731921e-39,"5","LAPTM5"
3.89149229848027e-42,0.86505536714273,0.954,0.696,8.95549122649264e-38,"5","ACTG1"
1.04697606240867e-41,0.716860654641758,0.985,0.916,2.40940601242108e-37,"5","RPS14"
2.04433601072707e-41,2.7657478241934,0.462,0.207,4.70463046148621e-37,"5","BATF"
2.05457217029387e-41,2.38863491329916,0.323,0.101,4.72818693549728e-37,"5","HVCN1"
2.6026302661458e-41,2.85473235432922,0.357,0.124,5.98943303148134e-37,"5","TLR10"
3.21419213587834e-41,0.89627319222868,0.945,0.754,7.39682036229682e-37,"5","HSP90AB1"
5.05621048649289e-41,1.47768012100278,0.397,0.135,1.16358571925661e-36,"5","SPOCK2"
6.23956336024487e-41,1.06513063952341,0.846,0.636,1.43591071609315e-36,"5","ACTR3"
1.66432791304068e-40,0.66548324274279,0.985,0.977,3.83011782628052e-36,"5","RPS19"
4.18604939387761e-40,1.6501860698278,0.68,0.422,9.63335547013055e-36,"5","RUNX3"
6.58394434028173e-40,0.577140048970509,0.994,0.977,1.51516311102903e-35,"5","RPS6"
1.06673977077498e-39,1.7218620641917,0.514,0.241,2.45488823448447e-35,"5","HLA-DMB"
1.20921016978658e-39,2.24306615722409,0.425,0.172,2.78275536372986e-35,"5","ZNF267"
1.38411222746332e-39,0.660967856598848,0.997,0.902,3.18525746906135e-35,"5","RPLP2"
2.39598705457022e-39,0.689006072311231,0.972,0.885,5.51388500868245e-35,"5","RPS23"
2.50568708026524e-39,2.15236993052315,0.425,0.172,5.7663376778144e-35,"5","RAB4B"
2.95152526677899e-39,2.96338204670626,0.351,0.127,6.79234509643849e-35,"5","LY75"
8.85270576422508e-39,1.06804107082499,0.855,0.577,2.03727317752112e-34,"5","CNN2"
1.61635091181351e-38,1.27830799010229,0.772,0.58,3.71970835335644e-34,"5","ATP6V0E1"
1.63258163416326e-38,2.36732770210944,0.452,0.206,3.75706011469992e-34,"5","HLA-DOA"
2.16312708865394e-38,1.30044154665706,0.726,0.452,4.97800436911931e-34,"5","WASF2"
4.28262454384098e-38,1.88020097024413,0.465,0.202,9.85560386274124e-34,"5","TNFAIP3"
5.15270110341757e-38,1.79668162516382,0.572,0.305,1.18579110492949e-33,"5","SERPINB1"
8.92425651303235e-38,1.57657817615951,0.649,0.377,2.05373915134413e-33,"5","SWAP70"
1.89838563211316e-37,0.54582002972923,0.994,0.94,4.36875485518202e-33,"5","RPL30"
4.16889832276004e-37,0.940332678256411,0.895,0.604,9.59388571016769e-33,"5","LCP1"
4.70449805296521e-37,1.43988281201799,0.717,0.475,1.08264613692888e-32,"5","SELL"
6.29429809669731e-37,0.566563511600283,1,0.978,1.44850682099295e-32,"5","RPS18"
1.27518200310677e-36,1.0709424577503,0.831,0.717,2.9345763437496e-32,"5","POU2F2"
1.30453306748817e-36,0.810280546760275,0.948,0.803,3.00212194821052e-32,"5","RPL10"
2.25563113892664e-36,1.02878474131465,0.846,0.585,5.19088394001187e-32,"5","CXCR4"
3.37205526354791e-36,2.50748621990779,0.335,0.119,7.76011077800281e-32,"5","UVRAG"
3.90150116959521e-36,2.36718930824881,0.332,0.115,8.97852464158946e-32,"5","LILRB1"
5.49797665225433e-36,0.534989175800445,0.985,0.953,1.26524936698329e-31,"5","RPS11"
6.03737651439287e-36,1.96095848959757,0.308,0.1,1.38938145725723e-31,"5","SYPL1"
8.34840553274244e-36,1.18409786993943,0.775,0.52,1.92121856525002e-31,"5","MOB1A"
9.25734636695662e-36,1.77258018202188,0.557,0.295,2.13039311942773e-31,"5","PDCD4"
1.39723022820558e-35,2.77082977371724,0.262,0.076,3.2154459241695e-31,"5","GNPDA1"
2.24083117215973e-35,0.752527813575621,0.942,0.796,5.15682477649119e-31,"5","H3F3B"
2.8345089425054e-35,1.9105349037993,0.332,0.113,6.52305542938767e-31,"5","CBFA2T3"
2.87441191250472e-35,1.55078097691269,0.689,0.444,6.61488413424711e-31,"5","RAB7L1"
3.12864556713171e-35,1.02400239756262,0.831,0.603,7.1999520436402e-31,"5","HNRNPDL"
5.73451583024973e-35,1.10455507341289,0.809,0.613,1.31968412801537e-30,"5","EIF4A2"
6.10605452237859e-35,0.797744536854737,0.985,0.899,1.40518632723498e-30,"5","EIF1"
8.823018124511e-35,0.783787183383608,0.948,0.733,2.03044116099372e-30,"5","YWHAZ"
5.09276617201585e-34,1.47523900422125,0.646,0.431,1.17199827916601e-29,"5","SYNGR2"
7.79078697249468e-34,1.57134705240395,0.625,0.392,1.7928938059802e-29,"5","CDC42SE2"
8.29138060308699e-34,0.63079616686797,0.822,0.597,1.90809541818841e-29,"5","EZR"
9.97375475899077e-34,1.60250875382026,0.622,0.368,2.29526018268655e-29,"5","VASP"
9.97504611810957e-34,0.773936811341995,0.982,0.733,2.29555736316056e-29,"5","NAP1L1"
2.47712619302699e-33,0.531482401188454,1,0.965,5.70061050801301e-29,"5","RPL37"
3.88370762720411e-33,1.29733371916378,0.689,0.45,8.93757636248481e-29,"5","COMMD6"
5.23154383868436e-33,1.1885375748177,0.757,0.554,1.20393518359643e-28,"5","SOD1"
7.02245095486555e-33,0.601251936692825,0.997,0.877,1.61607663824321e-28,"5","RPL5"
8.16362041053322e-33,1.51880647686684,0.64,0.373,1.87869396507601e-28,"5","FAM60A"
8.8563068846776e-33,0.562650233488448,0.997,0.918,2.03810190337086e-28,"5","RPL9"
8.86516704695622e-33,1.1579655970551,0.757,0.495,2.04014089251604e-28,"5","ARPC1B"
1.69259853407611e-32,1.26965949116215,0.643,0.382,3.89517700646936e-28,"5","B4GALT1"
3.2919128369219e-32,1.76939244173589,0.609,0.397,7.57567901160836e-28,"5","ANXA7"
5.46831896604134e-32,0.493627237656611,1,0.961,1.25842424365509e-27,"5","RPL32"
6.8027729339254e-32,0.689716854305231,0.966,0.873,1.56552213528425e-27,"5","ATP5E"
9.62596350501259e-32,1.6350508666567,0.554,0.314,2.21522298140855e-27,"5","MAP4K4"
1.05929090181232e-31,0.625360257317636,0.96,0.84,2.43774615234068e-27,"5","RPL4"
1.06754092286183e-31,0.521759622346703,0.991,0.959,2.45673192578193e-27,"5","RPL13A"
1.36727292415946e-31,1.43975045594777,0.615,0.394,3.14650518036816e-27,"5","UHMK1"
1.38602946166759e-31,1.38167684621,0.268,0.082,3.18966960013562e-27,"5","CD83"
1.84006374292444e-31,1.42682099697616,0.683,0.464,4.23453869159201e-27,"5","WARS"
2.74334638828685e-31,0.749296886009205,0.911,0.711,6.31326304336452e-27,"5","PPDPF"
3.32835220994667e-31,1.62238974826927,0.566,0.343,7.65953694075028e-27,"5","IFNGR2"
4.38073704498323e-31,1.31720919522301,0.64,0.389,1.00813901616199e-26,"5","BANK1"
4.628269830589e-31,1.11446807669165,0.754,0.564,1.06510373611345e-26,"5","IL2RG"
6.79753176890324e-31,1.17593703811443,0.791,0.764,1.5643159859777e-26,"5","GSTP1"
2.12241408317419e-30,0.556883778897297,0.982,0.885,4.88431152960877e-26,"5","RPS21"
2.39516678097258e-30,1.05924362861617,0.782,0.553,5.5119973130522e-26,"5","MBNL1"
2.54433840775561e-30,2.22400012504163,0.418,0.198,5.855285977768e-26,"5","GCA"
3.39553710247831e-30,0.58425011197379,0.988,0.883,7.81414953393334e-26,"5","RPS28"
3.44812599047812e-30,1.4941928665275,0.631,0.395,7.93517234188731e-26,"5","ELOVL5"
4.46917655726157e-30,1.63594860842255,0.6,0.398,1.0284916011226e-25,"5","TPP1"
4.88668238568158e-30,1.76269655631174,0.572,0.359,1.1245722174169e-25,"5","IKZF1"
5.92992173912419e-30,0.589037463449487,0.985,0.924,1.36465288982465e-25,"5","RPL11"
6.20814198405201e-30,1.79443566938078,0.538,0.31,1.42867971478989e-25,"5","RHOH"
1.69917178336739e-29,2.14346239275766,0.409,0.195,3.91030402506337e-25,"5","STAT5B"
2.39646012410562e-29,1.02101920469145,0.76,0.481,5.51497368360426e-25,"5","MTPN"
3.24290593679513e-29,2.54867460978966,0.372,0.166,7.46289943234663e-25,"5","TRAC"
3.5218371415745e-29,1.32483903788314,0.665,0.45,8.1048038139054e-25,"5","TNFAIP8"
4.2130356962079e-29,0.795740090524468,0.865,0.724,9.69545904768323e-25,"5","YWHAB"
4.99382249406359e-29,0.500371436130016,0.994,0.925,1.14922837055885e-24,"5","RPS12"
5.09418626604512e-29,1.5805743452911,0.471,0.232,1.17232508540496e-24,"5","IFITM2"
7.05383684742146e-29,1.66398582791329,0.529,0.305,1.6232994736971e-24,"5","SH3BP5"
7.37506056673394e-29,1.54430801444717,0.594,0.383,1.69722268822248e-24,"5","RFTN1"
1.22015613996081e-28,1.18022590786024,0.775,0.605,2.8079453248918e-24,"5","VOPP1"
2.91522061947141e-28,2.24965945067757,0.329,0.135,6.70879721158957e-24,"5","NEDD9"
4.12058983595635e-28,1.19293014613894,0.778,0.571,9.48271338948634e-24,"5","MATR3"
5.19668320890597e-28,1.70329935072458,0.462,0.244,1.19591270686553e-23,"5","PDE4B"
6.10543131597994e-28,1.46494931926213,0.498,0.272,1.40504290874646e-23,"5","PMAIP1"
7.83777232807838e-28,0.947882335276448,0.84,0.608,1.80370654586068e-23,"5","PTPRC"
8.05164300638643e-28,0.570237431569804,0.963,0.864,1.85292460505971e-23,"5","RPS25"
8.55292747344844e-28,1.54507320953706,0.305,0.113,1.96828519946469e-23,"5","PIKFYVE"
8.65387042177392e-28,0.404841200188423,1,0.955,1.99151520016283e-23,"5","HLA-B"
1.00280419024795e-27,1.12275590082942,0.668,0.434,2.30775328301761e-23,"5","S100A6"
1.04609373705414e-27,1.04227565864968,0.68,0.467,2.40737551708269e-23,"5","IDS"
1.49121411208411e-27,1.03497676831528,0.735,0.524,3.43173103613916e-23,"5","SLC38A1"
1.79748997042263e-27,1.41731888033074,0.477,0.249,4.13656366893359e-23,"5","ARHGAP25"
1.92435922401325e-27,1.43517769715503,0.606,0.391,4.42852788222169e-23,"5","CAB39"
1.9756258120534e-27,2.41717597680463,0.342,0.147,4.54650768127849e-23,"5","NFATC2"
2.10781041012547e-27,0.74122300620841,0.895,0.679,4.85070409682175e-23,"5","BTF3"
2.46729037014038e-27,1.98347748640994,0.428,0.222,5.67797532880406e-23,"5","GRHPR"
2.98234055891752e-27,0.525007926840389,0.994,0.899,6.86326032823688e-23,"5","RPL19"
3.81344735818163e-27,0.831000067066199,0.855,0.703,8.77588640538339e-23,"5","PFDN5"
4.70895569873222e-27,0.947056829018638,0.788,0.531,1.08367197494925e-22,"5","CAP1"
1.09707328147495e-26,0.277036092070403,0.997,0.984,2.5246947426583e-22,"5","HLA-A"
1.36200508805176e-26,1.62222722155833,0.462,0.25,3.13438230913352e-22,"5","IER5"
1.62496324840721e-26,0.862076778438632,0.788,0.524,3.73952792355952e-22,"5","GAS5"
1.81092549001543e-26,0.436577399696766,1,0.983,4.16748283017251e-22,"5","RPS8"
2.16036583836687e-26,1.66280822234501,0.514,0.301,4.97164990383368e-22,"5","YBX3"
3.79683467173755e-26,0.988747679475974,0.778,0.571,8.73765563006963e-22,"5","CAPNS1"
5.59169185965173e-26,0.544686138913073,0.975,0.847,1.28681604766165e-21,"5","RPS3A"
5.91934524153251e-26,1.71929387107824,0.471,0.254,1.36221892043388e-21,"5","RAB31"
1.82281509208133e-25,0.435246612078733,0.997,0.98,4.19484437140676e-21,"5","RPL23"
2.51753083625723e-25,1.22188555764562,0.566,0.339,5.79359371347875e-21,"5","ARID4B"
3.51045528517569e-25,1.18126940270366,0.671,0.483,8.07861074777482e-21,"5","CAST"
3.53172654170316e-25,2.06359314597329,0.32,0.136,8.12756229042148e-21,"5","KIAA0922"
3.58495120656978e-25,1.09635442969468,0.695,0.46,8.25004821167904e-21,"5","UBE2N"
1.09066207972484e-24,0.666517910859996,0.914,0.743,2.50994064407076e-20,"5","RPL22"
1.53293510542644e-24,0.833704365730579,0.84,0.731,3.52774355811787e-20,"5","RPL18A"
5.74062785361902e-24,0.683539739248952,0.889,0.765,1.32109068795334e-19,"5","DDX5"
5.97005583294019e-24,1.12546897638004,0.631,0.404,1.37388894883452e-19,"5","HSPH1"
6.03054451932792e-24,1.75435831155491,0.477,0.28,1.38780921023293e-19,"5","KIAA1430"
6.81058252641333e-24,1.6446016994291,0.566,0.383,1.5673193568035e-19,"5","RNF187"
1.043145001031e-23,1.79827219926999,0.474,0.287,2.40058959087263e-19,"5","RASSF2"
1.34725308614794e-23,0.74806290793116,0.88,0.67,3.10043352715225e-19,"5","CDC42"
1.73385851252626e-23,1.03459225952011,0.708,0.52,3.99012859487668e-19,"5","MYH9"
1.9292997285595e-23,0.634914830846799,0.822,0.537,4.43989746533398e-19,"5","TUBB"
2.01135912715397e-23,2.48686155330122,0.262,0.102,4.62874075931943e-19,"5","B4GALT5"
2.32155993775587e-23,2.20932618224053,0.305,0.132,5.34260588475759e-19,"5","MTSS1"
4.7008855062096e-23,1.52056588624158,0.397,0.199,1.08181478154402e-18,"5","MARCKS"
5.11986497843998e-23,1.25086509497639,0.557,0.357,1.17823452748839e-18,"5","UBE2Z"
5.43428009956736e-23,0.70119203270056,0.846,0.687,1.25059087931344e-18,"5","PKM"
7.04493790563778e-23,1.7342739997751,0.505,0.316,1.62125156022442e-18,"5","TNIP1"
8.69391939638748e-23,0.992646588370779,0.662,0.454,2.00073167069065e-18,"5","LIMD2"
1.50833184453008e-22,0.88753343408419,0.751,0.567,3.47112407381707e-18,"5","WIPF1"
1.60123749662942e-22,0.421119760871694,1,0.928,3.68492785099327e-18,"5","RPS20"
1.65340946975189e-22,1.34327255120093,0.474,0.265,3.80499121274002e-18,"5","SYNE2"
1.92162931262207e-22,1.24610870689193,0.585,0.36,4.42224553713716e-18,"5","S100A4"
3.38302788288846e-22,1.1176749930597,0.609,0.41,7.78536206689121e-18,"5","FNBP1"
3.5238706849962e-22,0.715590397894604,0.849,0.638,8.10948360738176e-18,"5","GNAI2"
5.60437201287722e-22,2.07370342032105,0.363,0.183,1.28973413132344e-17,"5","CAMK2D"
6.73646419611325e-22,0.482924568413886,0.982,0.918,1.55026250545154e-17,"5","RPL13"
9.91059519127415e-22,0.828913151840447,0.788,0.604,2.28072527136792e-17,"5","SUMO2"
1.02821193071876e-21,1.00705329298881,0.717,0.545,2.36622411616309e-17,"5","MSN"
1.15794586452208e-21,1.47364096643767,0.526,0.338,2.66478081802467e-17,"5","IDI1"
1.3432094614069e-21,1.81023445809012,0.415,0.232,3.09112793353571e-17,"5","RHOF"
1.41579842517703e-21,1.01496800139548,0.56,0.343,3.2581769158599e-17,"5","ZFP36L1"
1.6682809302285e-21,0.595329099736648,0.96,0.838,3.83921490473484e-17,"5","ARPC2"
1.67104150205992e-21,1.19643821202258,0.631,0.425,3.84556780869049e-17,"5","PTBP3"
1.69546326328789e-21,0.590272521698358,0.917,0.734,3.90176960780442e-17,"5","SET"
1.71444340584956e-21,0.811600153437126,0.797,0.595,3.9454486098816e-17,"5","GNB1"
2.23082851601223e-21,1.01441535942706,0.665,0.493,5.13380566389894e-17,"5","CCDC50"
3.27809939618338e-21,1.92963028799623,0.434,0.259,7.54389014043681e-17,"5","IL21R"
3.86052581924484e-21,1.97584479310752,0.477,0.299,8.88422806782815e-17,"5","PLEK"
4.25072415753031e-21,1.53407596480788,0.542,0.364,9.78219150372449e-17,"5","FURIN"
4.37212493923758e-21,1.13510096001122,0.68,0.49,1.00615711226674e-16,"5","MBD2"
5.0399667266723e-21,1.21184778969483,0.588,0.402,1.1598475428091e-16,"5","LITAF"
5.7574538054366e-21,0.73951862032113,0.788,0.552,1.32496284424512e-16,"5","TPM4"
6.95458715814932e-21,2.07389904918067,0.462,0.294,1.6004591427049e-16,"5","CCND3"
8.52974748000547e-21,0.927844752360588,0.702,0.504,1.96295078757366e-16,"5","ST13"
8.82194025622867e-21,0.372366333301512,0.88,0.764,2.0301931111659e-16,"5","JUND"
9.01512155877599e-21,0.902761162016607,0.751,0.59,2.07464992432112e-16,"5","PRDX1"
1.264441873342e-20,1.2196324261005,0.646,0.474,2.90986008312194e-16,"5","GLS"
1.79542680051828e-20,1.60081486586159,0.56,0.4,4.13181569603273e-16,"5","ANAPC16"
2.00725941630806e-20,1.72362161010206,0.44,0.264,4.61930609474974e-16,"5","ABI1"
2.50333481668767e-20,2.28197585893359,0.323,0.156,5.76092441364332e-16,"5","STAT5A"
4.0040342757568e-20,1.43761828717303,0.397,0.213,9.21448407879911e-16,"5","WDFY1"
4.11852744524135e-20,1.47634801002724,0.357,0.178,9.47796720973391e-16,"5","SERTAD2"
4.67342138934675e-20,0.308404343831817,1,0.992,1.07549446433037e-15,"5","TPT1"
5.0218568748857e-20,0.96533486690417,0.702,0.529,1.15567992261745e-15,"5","CD53"
5.66509267171413e-20,1.27033899580715,0.612,0.443,1.30370777654157e-15,"5","MTHFD2"
6.30505897047355e-20,0.677904075327182,0.951,0.883,1.45098322087508e-15,"5","EEF1A1"
6.78702583878208e-20,0.860939564113421,0.745,0.572,1.56189825627892e-15,"5","ATXN2L"
7.66947458725676e-20,2.56814946411667,0.262,0.112,1.7649761867654e-15,"5","CD274"
8.85680431027955e-20,0.694139311994342,0.843,0.66,2.03821637592463e-15,"5","MORF4L1"
1.11113284622258e-19,1.97940214076962,0.455,0.278,2.55705001901202e-15,"5","TMEM154"
1.12196424762724e-19,0.96958562064346,0.674,0.519,2.58197632306458e-15,"5","TAX1BP1"
1.17451218477818e-19,0.616294045699866,0.877,0.71,2.70290489083002e-15,"5","RHOA"
1.49461297737871e-19,1.17090153200419,0.606,0.443,3.43955284484162e-15,"5","BRK1"
1.7716173922433e-19,1.44397037107243,0.48,0.305,4.0770231047695e-15,"5","ETV6"
2.29959867938808e-19,1.25489054423675,0.612,0.446,5.29206644087578e-15,"5","COX17"
3.02562445819122e-19,0.914363786582493,0.692,0.498,6.96286956563546e-15,"5","RAB7A"
4.13014044431427e-19,0.582331386406916,0.892,0.681,9.50469220450043e-15,"5","HINT1"
4.19042564516605e-19,1.42869755955468,0.369,0.195,9.64342653722063e-15,"5","NFKB2"
4.56149224552152e-19,1.02147453921089,0.578,0.392,1.04973621046187e-14,"5","ITSN2"
4.88409015979445e-19,0.956131958665823,0.711,0.556,1.1239756684735e-14,"5","TXN"
5.11236171848039e-19,0.781848890679341,0.492,0.285,1.17650780227389e-14,"5","HLA-J"
5.32881380768902e-19,1.19747919631119,0.542,0.374,1.22631992156348e-14,"5","RP11-220I1.1"
5.83998123350069e-19,1.8891357978604,0.283,0.128,1.34395488126551e-14,"5","DLGAP4"
5.88995865328978e-19,1.658205516168,0.437,0.269,1.35545618488158e-14,"5","PXK"
6.96385452671558e-19,0.972280610175549,0.695,0.565,1.60259184223306e-14,"5","RP11-94L15.2"
7.80484993619511e-19,1.01577265788553,0.609,0.421,1.79613011581658e-14,"5","PRR13"
9.4010741542706e-19,1.20515528569889,0.391,0.209,2.16346919512229e-14,"5","CD82"
1.15786664830815e-18,0.363578645687006,0.997,0.976,2.66459851775155e-14,"5","RPL37A"
1.50931185923943e-18,1.72120938462296,0.378,0.209,3.47337938166771e-14,"5","KIF1C"
1.62376071414066e-18,1.0670520596921,0.665,0.499,3.73676053145189e-14,"5","PPP1R18"
1.71400394873379e-18,0.640697154067517,0.849,0.661,3.94443728722107e-14,"5","HNRNPA1"
1.98227855178772e-18,0.860666713127845,0.683,0.501,4.56181763122907e-14,"5","MYL12B"
2.12723282303821e-18,1.53790648044304,0.409,0.242,4.89540089565783e-14,"5","TAB2"
2.52622538962642e-18,1.27246970820932,0.523,0.362,5.81360248914727e-14,"5","R3HDM4"
2.58964841039495e-18,0.831560748711012,0.649,0.476,5.95955788684191e-14,"5","BTG1"
3.30731083448482e-18,1.1889914079228,0.628,0.482,7.61111442339992e-14,"5","MAP1LC3B"
4.10022830677026e-18,1.3780567670501,0.277,0.123,9.4358554023704e-14,"5","ZBTB4"
4.3026491647368e-18,1.69222823033842,0.394,0.225,9.90168652280881e-14,"5","BHLHE40"
4.41769283065673e-18,1.25241334288378,0.582,0.423,1.01664365111903e-13,"5","CYFIP2"
5.24752008968878e-18,1.68397265837914,0.375,0.213,1.20761179824008e-13,"5","GNA12"
6.50693706477003e-18,1.68004471547311,0.382,0.217,1.49744142671553e-13,"5","DOCK10"
7.46268009748529e-18,0.664779701430702,0.76,0.635,1.71738657083429e-13,"5","HCLS1"
9.08661141175149e-18,1.83367692810086,0.4,0.239,2.09110188418637e-13,"5","TBC1D5"
9.6532872277984e-18,0.523387131053787,0.969,0.873,2.22151098973325e-13,"5","GNB2L1"
1.25502609140471e-17,1.04493491715926,0.563,0.369,2.88819154414966e-13,"5","AHNAK"
1.52173478889069e-17,0.737701583602056,0.785,0.58,3.50196826967414e-13,"5","CAPZB"
1.60081050011308e-17,1.70177065479143,0.295,0.145,3.68394520391023e-13,"5","WDFY4"
1.6555166549689e-17,1.12353144592528,0.397,0.222,3.80984047807994e-13,"5","PACS1"
1.83249042188137e-17,0.81056137860578,0.72,0.545,4.21711020787561e-13,"5","PTGES3"
1.90246782148601e-17,0.958640925830714,0.625,0.456,4.37814919758575e-13,"5","RPS17"
2.04347600651445e-17,0.476324140014883,0.985,0.912,4.70265133379169e-13,"5","HLA-E"
2.16477971328791e-17,0.578153507770915,0.877,0.721,4.98180755418947e-13,"5","COX6C"
2.57487182348077e-17,0.848989750394721,0.723,0.513,5.9255525273763e-13,"5","BAX"
3.17034769007396e-17,0.650917738142026,0.834,0.698,7.2959211391672e-13,"5","COX7C"
3.30909971381409e-17,0.473653893928332,0.954,0.81,7.61523117140037e-13,"5","RPL23A"
3.35433080623766e-17,1.30550611927576,0.52,0.382,7.71932148439473e-13,"5","LIMS1"
4.38168299727999e-17,1.63321276595282,0.425,0.263,1.00835670816404e-12,"5","GNG2"
5.03312355223192e-17,1.85309012836915,0.289,0.14,1.15827272307513e-12,"5","PARP15"
6.68137021086561e-17,1.89633363604691,0.4,0.249,1.5375837266265e-12,"5","SOD2"
1.02145780897423e-16,1.64569208782324,0.302,0.151,2.35068085579239e-12,"5","SOS2"
1.04176423530927e-16,0.955296101833098,0.702,0.563,2.39741203471721e-12,"5","TLN1"
1.08677460588183e-16,1.51184414941771,0.289,0.138,2.50099440051586e-12,"5","ZNF107"
1.16525580157464e-16,0.507734077854546,0.898,0.763,2.68160317616373e-12,"5","SLC25A6"
1.26228202490417e-16,0.59623919792602,0.886,0.75,2.90488962391197e-12,"5","AES"
1.35653238946855e-16,1.00656028361985,0.652,0.507,3.12178798788398e-12,"5","VAMP8"
1.56544024417399e-16,1.91398282146619,0.357,0.2,3.6025476339176e-12,"5","BCAS4"
1.97846379550337e-16,0.715621905621097,0.766,0.617,4.55303873259191e-12,"5","ARPC5"
2.2396586744863e-16,1.221704236113,0.283,0.133,5.15412650759531e-12,"5","IL10RA"
2.30495506627806e-16,1.10884332119247,0.56,0.42,5.30439309402569e-12,"5","TMEM123"
2.94380101138832e-16,1.50810108762283,0.308,0.157,6.77456926750795e-12,"5","ZC3H12A"
3.61104267292485e-16,1.18493172995917,0.505,0.348,8.31009250320196e-12,"5","INPP5D"
3.83604615461313e-16,1.74998580323122,0.262,0.12,8.8278930156112e-12,"5","SPG11"
3.87223224695717e-16,0.81342996942584,0.717,0.521,8.91116806992254e-12,"5","ANP32A"
3.87303618753409e-16,0.45917757760862,0.96,0.896,8.9130181783722e-12,"5","RPL8"
6.15853780505467e-16,0.754863086927076,0.742,0.614,1.41726430507723e-11,"5","SRP14"
6.55088132940402e-16,1.36131770758986,0.452,0.296,1.50755432033575e-11,"5","SAMSN1"
7.85022733867684e-16,0.786592967869277,0.757,0.605,1.8065728174497e-11,"5","BCLAF1"
8.73583556403172e-16,0.810080139433748,0.729,0.544,2.01037783835062e-11,"5","EIF4H"
9.23388413734025e-16,1.68376594324918,0.332,0.182,2.12499375652611e-11,"5","PCNX"
9.64646810363037e-16,1.54016178780595,0.378,0.223,2.21994170468846e-11,"5","NMI"
1.05359671241813e-15,1.35432684872267,0.471,0.322,2.42464211428785e-11,"5","BCL3"
1.14177276280505e-15,1.28334178919923,0.428,0.272,2.62756165904325e-11,"5","PPTC7"
1.17365190662539e-15,1.07624168043676,0.569,0.439,2.70092513271701e-11,"5","TMBIM4"
1.21180753518223e-15,1.27491913970669,0.532,0.395,2.78873268071487e-11,"5","ATP2B1"
1.64940033540263e-15,0.694852817733906,0.766,0.589,3.79576499186207e-11,"5","RAD21"
1.81306918991432e-15,1.24637831752727,0.403,0.242,4.17241612674982e-11,"5","JMJD1C"
2.23713575853121e-15,0.341203314648465,0.997,0.925,5.14832052110787e-11,"5","RPS13"
2.25939589109629e-15,1.03512531714449,0.563,0.417,5.19954776417988e-11,"5","HLA-DMA"
2.78934998188209e-15,1.16806280995204,0.538,0.392,6.41913111330524e-11,"5","CUL3"
2.81586137364379e-15,0.922469950405109,0.652,0.493,6.48014177916645e-11,"5","RAP1A"
2.92003552645565e-15,0.977994297156132,0.572,0.409,6.7198777570324e-11,"5","CYB5B"
6.32327333038101e-15,1.85388546630331,0.335,0.193,1.45517489152058e-10,"5","PIK3CD"
6.41214131222183e-15,1.0621566988923,0.314,0.164,1.47562608018161e-10,"5","CD69"
6.42081812989196e-15,1.09613447344165,0.529,0.383,1.47762287623204e-10,"5","CYLD"
6.67363680525661e-15,1.52683714716614,0.406,0.258,1.5358040379937e-10,"5","MBP"
6.96146323036141e-15,1.92544324798335,0.338,0.2,1.60204153320307e-10,"5","MAPK1"
8.08032845167906e-15,0.895558550647717,0.557,0.405,1.8595259865849e-10,"5","TGOLN2"
9.16431319988419e-15,0.520412275969544,0.818,0.671,2.10898339668935e-10,"5","HSPA8"
9.21622425064756e-15,0.772933000254513,0.68,0.508,2.12092968680152e-10,"5","DNAJA1"
9.37387168760776e-15,1.66308729729713,0.277,0.138,2.15720909146917e-10,"5","CEBPB"
1.31057399119478e-14,1.698255474858,0.286,0.147,3.01602392593655e-10,"5","PLEKHF2"
1.61159071239114e-14,0.645606905279852,0.714,0.512,3.70875370642572e-10,"5","CORO1A"
1.69907320593595e-14,0.813533778224236,0.56,0.412,3.9100771688204e-10,"5","SQSTM1"
1.70127536179403e-14,1.16949796928185,0.526,0.381,3.9151449900966e-10,"5","RAB10"
2.02379885587137e-14,1.03396955565475,0.526,0.376,4.65736830701678e-10,"5","KIAA1551"
2.05263519766186e-14,0.780144272411354,0.714,0.575,4.72372938037923e-10,"5","TERF2IP"
2.15493837133247e-14,0.914248897469296,0.612,0.465,4.95915967394742e-10,"5","ROCK1"
2.43822263843138e-14,0.373497320219308,0.988,0.886,5.61108175782214e-10,"5","RPL10A"
2.94045024840896e-14,1.37108775225563,0.511,0.377,6.76685815666353e-10,"5","WNK1"
3.03045166163183e-14,1.33464371585653,0.394,0.242,6.97397840891334e-10,"5","CDK14"
3.78771376540303e-14,1.61770063962961,0.311,0.174,8.716665688322e-10,"5","RFFL"
4.04268623495025e-14,0.511644126319625,0.886,0.763,9.303433832491e-10,"5","HNRNPA2B1"
5.49668717604554e-14,1.62906199751436,0.286,0.15,1.26495261982336e-09,"5","LNPEP"
5.65680389788147e-14,1.35215620826844,0.385,0.236,1.30180028101946e-09,"5","ZMIZ2"
5.71705198380117e-14,1.07687232607409,0.566,0.427,1.31566517303216e-09,"5","CSK"
6.40708282430663e-14,0.72755365610559,0.748,0.621,1.47446197035769e-09,"5","EIF4B"
7.05839459041026e-14,1.57352000703381,0.354,0.217,1.62434834709111e-09,"5","TMED8"
7.20598135682886e-14,0.759446367271325,0.612,0.458,1.65831248964703e-09,"5","HNRNPH3"
8.48146287216072e-14,1.57493611937394,0.375,0.238,1.95183905077035e-09,"5","SNAP23"
9.04212000821738e-14,0.358535490837775,0.963,0.922,2.08086307749106e-09,"5","RPL28"
9.91126202105298e-14,0.646356945270994,0.745,0.544,2.28087872890492e-09,"5","FAM107B"
1.18835005189682e-13,0.413736254623204,0.942,0.84,2.73474997443015e-09,"5","FAU"
1.24997906250713e-13,0.342069791734595,0.92,0.779,2.87657681654765e-09,"5","HSP90AA1"
1.4452848196394e-13,1.16243115489317,0.529,0.395,3.32603395543616e-09,"5","MDFIC"
1.63716791639763e-13,1.44125122163127,0.412,0.276,3.76761452600587e-09,"5","GRINA"
1.75569077061354e-13,1.27530022612071,0.286,0.151,4.04037117041293e-09,"5","RAB8B"
1.7813465634429e-13,1.43133956336897,0.317,0.18,4.09941284645114e-09,"5","KIAA0430"
1.78629925514405e-13,1.57201800994806,0.265,0.135,4.11081047586301e-09,"5","MORC3"
1.85059148003344e-13,1.21390310874329,0.363,0.22,4.25876617300094e-09,"5","DGKA"
1.88818899262314e-13,0.499777481572273,0.855,0.654,4.34528932872364e-09,"5","TAGLN2"
2.10062020306323e-13,1.45426048402572,0.335,0.199,4.83415727330941e-09,"5","IKZF3"
2.36932002495305e-13,0.803789904407044,0.671,0.512,5.45251617342446e-09,"5","SSB"
2.5015516185738e-13,1.14278803578788,0.578,0.422,5.75682073982388e-09,"5","TRBC2"
2.74654167437196e-13,0.301012923157898,0.988,0.894,6.3206163552322e-09,"5","CFL1"
2.91439377422064e-13,1.32598447737595,0.391,0.253,6.70689439261395e-09,"5","FBRS"
3.64270493117718e-13,1.24280651925219,0.471,0.342,8.38295685811805e-09,"5","ZFR"
4.14017610376932e-13,1.13595894574448,0.483,0.341,9.52778726760433e-09,"5","USP12"
4.19249713139295e-13,0.776062619755384,0.668,0.516,9.6481936484746e-09,"5","ENSA"
4.87600501151887e-13,1.74330723439817,0.348,0.212,1.12211503330084e-08,"5","KCNN4"
4.99227979091844e-13,0.922027460390624,0.585,0.44,1.14887334828406e-08,"5","SHFM1"
5.65850317056837e-13,0.489671825386866,0.825,0.662,1.3021913346429e-08,"5","UBE2D3"
5.68506840199099e-13,0.632410538137818,0.735,0.609,1.30830479135019e-08,"5","ARF6"
5.71175664343584e-13,0.532721003243776,0.803,0.672,1.31444655635389e-08,"5","CTSH"
6.07118328984754e-13,1.74818789285517,0.289,0.16,1.39716141049261e-08,"5","LACTB"
6.19538419895633e-13,1.60008907418073,0.409,0.28,1.42574376570582e-08,"5","ST8SIA4"
6.64214667168583e-13,1.3255634151649,0.305,0.168,1.52855721355506e-08,"5","RP4-765C7.2"
7.60546977553376e-13,0.388477439576106,0.889,0.682,1.75024675944358e-08,"5","C17orf76-AS1"
7.67459303501442e-13,1.38358607578841,0.308,0.174,1.76615409514787e-08,"5","NFKBIZ"
8.29610505795744e-13,0.709403456708867,0.668,0.514,1.90918265698775e-08,"5","PSMA7"
8.36370129119479e-13,1.38083772462442,0.372,0.242,1.92473857814266e-08,"5","RNF41"
9.3763928398338e-13,0.381875142975074,0.988,0.899,2.15778928423095e-08,"5","RPL14"
1.01539793560722e-12,1.89203378859521,0.289,0.165,2.33673526921289e-08,"5","RASSF3"
1.03749234666466e-12,0.444190031493069,0.886,0.76,2.38758113737937e-08,"5","RBM39"
1.20300017589468e-12,0.608608543650698,0.726,0.563,2.76846430478643e-08,"5","GDI2"
1.27138544891881e-12,1.22055077333953,0.446,0.307,2.92583933359686e-08,"5","ZYX"
1.40473932416611e-12,0.783457890623453,0.597,0.479,3.23272660670347e-08,"5","KMT2E"
1.52584370650754e-12,0.626202310081999,0.726,0.577,3.5114241217858e-08,"5","HNRNPU"
1.81183916174702e-12,0.348551933769645,0.982,0.921,4.16958546292842e-08,"5","RPL3"
1.88106278381972e-12,0.64151206848672,0.791,0.655,4.32888978440432e-08,"5","PLP2"
2.04148633448325e-12,0.905262277420135,0.615,0.497,4.6980725015463e-08,"5","ADD1"
2.07574032954761e-12,0.853797244150643,0.646,0.53,4.77690122038791e-08,"5","SCAMP2"
2.3476089738204e-12,1.96780606365358,0.305,0.182,5.40255253145289e-08,"5","LPGAT1"
2.36213827533712e-12,0.840903098368447,0.594,0.454,5.43598881303332e-08,"5","PAK2"
2.48616732182331e-12,1.10443788964199,0.52,0.403,5.72141685771198e-08,"5","LASP1"
2.9538614159798e-12,0.603351323166635,0.732,0.613,6.7977212765943e-08,"5","CD44"
3.13785888198539e-12,2.00051892256265,0.354,0.232,7.22115464511297e-08,"5","PSAT1"
3.45425615772502e-12,0.543850983161968,0.742,0.543,7.9492796957726e-08,"5","KHDRBS1"
4.17562363807213e-12,0.557366291637778,0.695,0.516,9.60936267829539e-08,"5","ZFAS1"
4.48730831681256e-12,1.69214131578563,0.455,0.327,1.03266426294807e-07,"5","ATF5"
4.50085381307525e-12,1.11671393781989,0.48,0.356,1.03578148800301e-07,"5","EPS15"
4.58047531318314e-12,1.13443372453017,0.465,0.345,1.05410478382284e-07,"5","CLIP1"
4.66333691840308e-12,1.17644954435202,0.385,0.249,1.0731737250321e-07,"5","VPS13C"
5.05811133019064e-12,1.22439420301664,0.265,0.141,1.16402316041677e-07,"5","TGFBR2"
6.19096981530661e-12,1.23357880613223,0.382,0.251,1.42472788359651e-07,"5","RERE"
6.54525847640313e-12,0.675333719183521,0.711,0.559,1.50626033317465e-07,"5","PSMB4"
8.59134899729841e-12,1.04089510884026,0.56,0.452,1.97712714474828e-07,"5","GARS"
8.64656896273539e-12,1.57456645014633,0.262,0.143,1.9898349153943e-07,"5","NCK2"
9.51706084845358e-12,0.38352358213017,0.954,0.835,2.19016121305462e-07,"5","RPL15"
9.8176210448644e-12,1.53336328267309,0.338,0.216,2.25932913105464e-07,"5","CEPT1"
1.00374060912964e-11,0.690891804003301,0.634,0.456,2.30990826379004e-07,"5","HSPA9"
1.05954066466706e-11,0.274781176163741,0.997,0.965,2.4383209315983e-07,"5","RPL31"
1.07996906443351e-11,1.45546374463363,0.28,0.156,2.48533280798084e-07,"5","BMF"
1.22010539903531e-11,0.851599123882864,0.474,0.342,2.80782855479997e-07,"5","LINC00657"
1.25353304923383e-11,0.891379665580859,0.391,0.243,2.88475560620182e-07,"5","DEK"
1.59802189387871e-11,0.375702136187798,0.92,0.815,3.67752778438307e-07,"5","EEF1B2"
1.60896429705436e-11,1.83800407806983,0.317,0.197,3.7027095368112e-07,"5","ARL2"
1.65100457400826e-11,1.10060159111397,0.332,0.201,3.7994568261652e-07,"5","SETD2"
1.68232961852075e-11,0.883921622366662,0.514,0.392,3.8715451511018e-07,"5","USF2"
1.77862412899326e-11,0.847774455884574,0.578,0.452,4.0931477080522e-07,"5","PNRC2"
1.90309314995712e-11,0.734587116051443,0.698,0.579,4.37958826599632e-07,"5","ARPC5L"
2.10792999291831e-11,1.92470765359454,0.302,0.185,4.8509792927029e-07,"5","MFHAS1"
2.16723771913972e-11,1.37621630618483,0.314,0.192,4.98746416305623e-07,"5","STK17A"
2.23229894917057e-11,0.63452643177719,0.6,0.482,5.13718957172623e-07,"5","IRF2BP2"
2.38459263812791e-11,0.262255594655667,1,0.989,5.48766303812376e-07,"5","RPS29"
2.39786351680503e-11,0.766189318030396,0.609,0.439,5.51820331122341e-07,"5","COTL1"
2.64331229155617e-11,1.25253761459838,0.406,0.285,6.08305457655822e-07,"5","PIM3"
3.01582198199921e-11,1.14712381764047,0.517,0.397,6.94031112717478e-07,"5","VMP1"
3.07511934920533e-11,1.15839476482831,0.409,0.287,7.07677215832622e-07,"5","TMEM131"
3.29503870477609e-11,1.26224826365426,0.471,0.356,7.58287257130122e-07,"5","FLOT2"
3.36103910892584e-11,0.526173269762936,0.754,0.655,7.73475930137103e-07,"5","PRRC2C"
3.73382981531761e-11,1.08186373863219,0.397,0.267,8.59266255399042e-07,"5","CYTH1"
4.26940326834478e-11,1.61828394268858,0.252,0.139,9.82517774144184e-07,"5","TET2"
4.99352939113613e-11,1.39433218569324,0.437,0.32,1.14916091878216e-06,"5","SRF"
5.33495161079663e-11,0.694540533964203,0.572,0.459,1.22773241419263e-06,"5","SCAF11"
5.89221193412935e-11,1.20185411809571,0.415,0.293,1.35597473240119e-06,"5","SMG1"
5.97842093893017e-11,0.412755982890395,0.295,0.161,1.375814010676e-06,"5","ID3"
6.26173385889216e-11,0.899661881634979,0.554,0.445,1.44101281294685e-06,"5","KMT2A"
6.35879728091046e-11,0.673441204288734,0.686,0.585,1.46335001825592e-06,"5","RAD23A"
6.46491808628144e-11,1.14980876174147,0.455,0.333,1.48777159919595e-06,"5","SHOC2"
6.54878970045681e-11,0.745724882301077,0.538,0.405,1.50707297376613e-06,"5","LAMP1"
7.66680501665634e-11,0.6043166500877,0.634,0.491,1.76436183848312e-06,"5","KIF5B"
8.97744280095211e-11,1.37810350580329,0.295,0.178,2.06597891178311e-06,"5","COPS7A"
8.99772446144388e-11,1.3688798464802,0.262,0.147,2.07064633031208e-06,"5","NCOA1"
9.05058526797341e-11,0.487666702274951,0.831,0.688,2.08281118771872e-06,"5","HNRNPK"
9.39589104285156e-11,0.712393436066733,0.757,0.628,2.16227640569143e-06,"5","CCND2"
9.4114588688517e-11,0.581779205493716,0.8,0.631,2.16585902948884e-06,"5","EIF5A"
1.00116092460947e-10,0.564910918491397,0.738,0.596,2.30397163580377e-06,"5","TCEA1"
1.30443539540456e-10,1.25673252259365,0.329,0.208,3.00189717544452e-06,"5","AKAP11"
1.34085419301482e-10,1.55546073837547,0.311,0.197,3.08570775438499e-06,"5","UBQLN2"
1.34931060511049e-10,1.58654395508881,0.391,0.276,3.10516849554078e-06,"5","XPOT"
1.48728313927353e-10,0.653268034636765,0.486,0.36,3.42268468841017e-06,"5","KDM2A"
1.51187012531388e-10,0.541469553066898,0.625,0.452,3.47926671938484e-06,"5","SNRPE"
1.86859389536925e-10,0.499867925064335,0.8,0.687,4.30019513141325e-06,"5","SNHG5"
1.92006683661552e-10,0.944277740430247,0.526,0.423,4.41864981110329e-06,"5","TACC1"
2.58950054524521e-10,1.37200973254119,0.351,0.239,5.9592176047728e-06,"5","DNPH1"
2.67077292137083e-10,0.511696185952245,0.692,0.55,6.1462497239507e-06,"5","DAZAP2"
2.77113821128512e-10,1.61558207518004,0.32,0.208,6.37722036563046e-06,"5","RAB3GAP2"
2.80767015237719e-10,1.06436893687877,0.477,0.358,6.46129132166563e-06,"5","BLOC1S2"
2.84038822420731e-10,0.555462453918303,0.702,0.534,6.53658542036829e-06,"5","DBI"
3.09747069453513e-10,1.17542670652468,0.271,0.156,7.1282093093337e-06,"5","SIPA1L1"
3.73724468599517e-10,1.40380828365621,0.271,0.156,8.60052119588069e-06,"5","PARVG"
3.93889664836443e-10,1.47745763703357,0.302,0.191,9.06458285688106e-06,"5","TMEM167B"
4.11129695979166e-10,1.31296558680315,0.252,0.141,9.46132769356856e-06,"5","ABLIM1"
4.64967392007131e-10,1.21663619960137,0.375,0.262,1.07002945922601e-05,"5","GTF2E2"
4.65877634864666e-10,0.86228915637539,0.514,0.387,1.07212420111406e-05,"5","ITGB1"
4.85624160006072e-10,1.4448532844364,0.323,0.209,1.11756687942197e-05,"5","CDC40"
4.96300580646135e-10,0.930029663960477,0.532,0.382,1.14213652624095e-05,"5","RTN4"
5.11504929679137e-10,1.87790498305701,0.252,0.145,1.1771262946706e-05,"5","ADPRH"
5.21528055471358e-10,0.891631870168066,0.585,0.505,1.20019251405624e-05,"5","PRKAR1A"
5.73294964636197e-10,1.03232776538966,0.274,0.158,1.31932370211728e-05,"5","NBR1"
6.30966349548367e-10,0.78288175396781,0.606,0.476,1.45204286021566e-05,"5","RSL24D1"
6.7628945267838e-10,0.592433907728564,0.649,0.553,1.55634491744876e-05,"5","SP110"
6.86056257801201e-10,0.47298919904812,0.6,0.484,1.5788212660779e-05,"5","VAMP2"
6.87787259223621e-10,1.20953164558502,0.538,0.457,1.58280481965132e-05,"5","LRMP"
7.09560134816855e-10,0.676501990187553,0.634,0.511,1.63291073825403e-05,"5","CLIC1"
7.59091295099894e-10,1.02186021394365,0.529,0.426,1.74689679741339e-05,"5","SARS"
9.13045741207198e-10,0.553217784458808,0.763,0.619,2.10119216424012e-05,"5","NSA2"
1.02139453945918e-09,0.994596828838348,0.526,0.424,2.3505352536574e-05,"5","PTPN2"
1.10835763429308e-09,0.91671507752041,0.548,0.439,2.55066342379867e-05,"5","SF3B4"
1.13639681949753e-09,0.795398843542253,0.502,0.392,2.61519000070966e-05,"5","RAPGEF1"
1.16010063063457e-09,0.751524621676955,0.606,0.476,2.66973958127935e-05,"5","CDC42SE1"
1.16185119284815e-09,1.07852335216815,0.471,0.355,2.67376815010146e-05,"5","DCAF7"
1.18884716691057e-09,0.812992660999834,0.56,0.459,2.7358939852113e-05,"5","RAB1B"
1.24087327858465e-09,0.840841972905414,0.542,0.431,2.85562167600685e-05,"5","DHX9"
1.28462165387416e-09,0.681707875005403,0.615,0.532,2.9562998120606e-05,"5","BRD4"
1.31702706576075e-09,0.775799604550112,0.588,0.477,3.03087438643521e-05,"5","LSM14A"
1.49886672734457e-09,0.374142879207345,0.914,0.771,3.44934199963807e-05,"5","NACA"
1.52891885272786e-09,1.09694677711227,0.585,0.516,3.51850095578262e-05,"5","UCP2"
1.58126217744357e-09,1.47906415391813,0.397,0.3,3.6389586489509e-05,"5","NAMPT"
1.78592850545253e-09,0.409833099311519,0.926,0.778,4.1099572695979e-05,"5","RPLP0"
1.89025364161182e-09,1.49395593341557,0.326,0.218,4.35004070544127e-05,"5","ELK4"
1.98056491733475e-09,1.65971916932327,0.345,0.242,4.55787404426245e-05,"5","HTATIP2"
2.04031071246589e-09,1.01987543506319,0.514,0.418,4.69536704259776e-05,"5","CSNK2A1"
2.11221900174702e-09,0.706566392970831,0.622,0.486,4.86084958872043e-05,"5","PRMT1"
2.34350354503246e-09,1.01318189564936,0.502,0.395,5.39310470818321e-05,"5","FDFT1"
2.37348607084579e-09,0.94688490107939,0.477,0.374,5.46210349483741e-05,"5","WDR82"
2.43417500621025e-09,1.28222601980978,0.317,0.206,5.60176694179165e-05,"5","RFX5"
2.48911732108272e-09,0.732091741146177,0.68,0.63,5.72820569100767e-05,"5","CFLAR"
2.74708197933459e-09,1.21650803088392,0.418,0.308,6.32185975904269e-05,"5","HK1"
2.75503300213892e-09,0.603467930392399,0.56,0.451,6.3401574478223e-05,"5","GLTSCR2"
2.76150293451308e-09,1.34298087908282,0.311,0.204,6.35504670319495e-05,"5","SCRN1"
2.77658322228225e-09,1.53860539692737,0.366,0.256,6.38975096943814e-05,"5","AGFG1"
2.81875675833589e-09,1.45437208750073,0.366,0.26,6.48680492795839e-05,"5","TUBA1A"
3.24589429961903e-09,0.634507487237127,0.637,0.524,7.46977655171328e-05,"5","NDUFB2"
3.26659019294338e-09,1.17529222682411,0.274,0.166,7.5174040110206e-05,"5","STX12"
3.49591180839411e-09,0.635813949182784,0.683,0.583,8.04514184465737e-05,"5","SEPT2"
3.50308650133893e-09,0.475155027667772,0.775,0.653,8.06165296553129e-05,"5","NDUFA4"
3.64975282920174e-09,0.696037074006841,0.572,0.437,8.39917618584197e-05,"5","PSMA1"
3.70864935687218e-09,0.296147430777495,0.982,0.926,8.53471476496995e-05,"5","RPL27"
4.21476883949891e-09,0.420322904327645,0.902,0.801,9.69944753033885e-05,"5","RPL24"
4.21999745322971e-09,0.260626994795798,0.975,0.934,9.71148013911753e-05,"5","RPL38"
4.35439961349261e-09,1.07601087307362,0.446,0.347,0.000100207798305305,"5","WDR26"
4.36788562654347e-09,0.565332253728911,0.474,0.345,0.000100518151923645,"5","RALGPS2"
4.57207819763907e-09,0.812981057568882,0.523,0.423,0.000105217235562268,"5","PPP1R12A"
4.84315087646771e-09,1.40917206965897,0.314,0.207,0.000111455431120151,"5","TMEM55B"
4.85592567469123e-09,1.56771297046554,0.289,0.188,0.000111749417551669,"5","RRAS2"
6.13753513867531e-09,0.526114900569779,0.689,0.55,0.000141243096146335,"5","SSBP1"
6.85248914267381e-09,0.9695525134798,0.422,0.322,0.000157696332640352,"5","TLK1"
8.56646561962912e-09,1.00079106107559,0.532,0.436,0.000197140073304525,"5","PSMC5"
9.26835598437911e-09,0.618434809078267,0.631,0.524,0.000213292676268516,"5","COX7A2"
9.63919526640092e-09,1.19807907689529,0.391,0.291,0.000221826800665684,"5","EML4"
1.06603980550502e-08,1.12277944964962,0.262,0.159,0.000245327740440871,"5","TSEN34"
1.10396814563974e-08,0.638957546285215,0.517,0.387,0.000254056189356073,"5","HDAC1"
1.16463378157883e-08,1.69479362829341,0.308,0.211,0.000268017172154736,"5","TSPAN33"
1.24325783147477e-08,0.49887413091026,0.649,0.527,0.000286110924757288,"5","SNHG6"
1.32935291497879e-08,0.351996286104612,0.88,0.742,0.000305923986324068,"5","HNRNPC"
1.36945058909002e-08,0.734870550803967,0.511,0.407,0.000315151664067285,"5","MGEA5"
1.40960849051697e-08,0.654040398580537,0.569,0.475,0.00032439320192267,"5","ANXA11"
1.48685976620614e-08,0.931642356272069,0.529,0.43,0.000342171037997019,"5","DARS"
1.65623950625381e-08,0.560625898195303,0.674,0.514,0.000381150397574189,"5","RBMX"
2.1462259134932e-08,0.657424552866426,0.548,0.439,0.000493910969472189,"5","C6orf48"
2.24852827919226e-08,1.21232299163646,0.406,0.309,0.000517453812890514,"5","SLC7A1"
2.27538776285629e-08,0.592653772909313,0.655,0.537,0.000523634985866117,"5","NOP10"
2.55875979708645e-08,1.45393076010593,0.286,0.188,0.000588847392103505,"5","DRAM2"
3.1208200454438e-08,0.35828507098138,0.806,0.714,0.000718194317057983,"5","SON"
3.324921509895e-08,0.571328428064361,0.538,0.436,0.000765164187072136,"5","CHD2"
3.34461011044945e-08,1.11432653310202,0.323,0.22,0.000769695124717732,"5","GNPTAB"
3.42593216884635e-08,0.529653877066868,0.708,0.634,0.000788409770016611,"5","CIRBP"
3.5426597343378e-08,1.11949602474005,0.305,0.205,0.000815272284663157,"5","GGA3"
3.54364282349988e-08,0.398642801058788,0.554,0.455,0.000815498522972028,"5","ANKRD11"
3.68344575487784e-08,1.18539248477655,0.443,0.359,0.000847671371570038,"5","ASNS"
3.72912608404276e-08,0.66105309515926,0.609,0.529,0.000858183785720761,"5","PSMD4"
3.8364602130504e-08,0.766238227312117,0.465,0.365,0.00088288458882929,"5","SH3BGRL"
4.33554821675057e-08,1.1753123832504,0.418,0.333,0.000997739711120808,"5","PPP1R16B"
4.45773185609383e-08,1.43393808837245,0.357,0.265,0.00102585783204287,"5","LAT2"
5.23787745567632e-08,1.38324814871873,0.329,0.232,0.00120539273887479,"5","PRMT2"
5.2728702082958e-08,0.616693300545644,0.566,0.423,0.00121344562103511,"5","CCT6A"
5.29594049833479e-08,0.570393870854679,0.674,0.572,0.00121875478688179,"5","KTN1"
5.32177299114676e-08,0.732950572934931,0.612,0.488,0.0012246996184526,"5","USMG5"
5.65220582042232e-08,0.626186794292577,0.618,0.48,0.00130074212545379,"5","BANF1"
5.68677644508e-08,0.475961806820244,0.729,0.65,0.00130869786330626,"5","TAP1"
6.26529444668469e-08,0.634584433268437,0.569,0.474,0.00144183221101555,"5","MLF2"
6.48059081936489e-08,0.262046052891536,0.938,0.783,0.00149137836526044,"5","YBX1"
6.77389259997854e-08,1.31507426872474,0.308,0.211,0.00155887590403306,"5","RP11-622K12.1"
6.78026939637136e-08,1.43387518101543,0.345,0.248,0.00156034339618694,"5","RRAGC"
6.78063621086701e-08,0.488234577354666,0.262,0.159,0.00156042781120683,"5","SNX9"
7.47206434668291e-08,1.11265599357443,0.425,0.339,0.00171954616810214,"5","MAT2B"
7.8025259678585e-08,0.702555624444951,0.415,0.307,0.00179559530098328,"5","SERINC1"
8.18605918231651e-08,0.793755311264202,0.406,0.305,0.0018838577996265,"5","BBX"
8.44258924575822e-08,0.97094677292894,0.428,0.335,0.00194289306312634,"5","DOCK2"
8.85402663464339e-08,0.758310820594027,0.529,0.425,0.00203757714943048,"5","RAD23B"
8.97677115731285e-08,0.860080952213355,0.483,0.406,0.00206582434643241,"5","CGGBP1"
9.14725022685501e-08,1.72107403040299,0.305,0.215,0.00210505669470614,"5","PLGRKT"
1.03476258947098e-07,0.653610066967091,0.532,0.46,0.00238129914714956,"5","PIM1"
1.03724060769024e-07,1.17912298575578,0.295,0.198,0.00238700181047754,"5","RP9"
1.05999665186776e-07,0.474284440639502,0.677,0.549,0.00243937029494327,"5","CALM2"
1.13508707316213e-07,0.85149716072338,0.508,0.426,0.002612175881468,"5","DIAPH1"
1.14300321009229e-07,0.252312436298331,0.985,0.915,0.00263039328738539,"5","RPS26"
1.36664040256532e-07,1.16748813551693,0.385,0.289,0.00314504955842356,"5","KRAS"
1.41882057767717e-07,0.959090693181132,0.422,0.333,0.00326513179540848,"5","MACF1"
1.41936936139228e-07,0.839969974142192,0.542,0.464,0.00326639471137206,"5","GPBP1"
1.44726995227866e-07,0.397847897472065,0.738,0.649,0.00333060234117889,"5","HNRNPA3"
1.5000951818116e-07,0.650266483364578,0.628,0.551,0.00345216904190304,"5","DYNLRB1"
1.51251436297943e-07,1.01913975623894,0.36,0.263,0.00348074930352456,"5","SECISBP2L"
1.59742272578664e-07,0.440416700247424,0.698,0.583,0.0036761489188528,"5","PARP1"
1.65226915948142e-07,1.24586294328933,0.372,0.279,0.00380236701671459,"5","NSFL1C"
1.65367585638508e-07,0.688321094393886,0.634,0.543,0.00380560424829899,"5","ATP5H"
1.70185882442785e-07,1.55161979071365,0.323,0.238,0.00391648771265581,"5","NECAP2"
1.79770583572429e-07,0.605893036232961,0.554,0.463,0.00413706043975231,"5","WHSC1L1"
1.80536583102363e-07,0.560681290201193,0.634,0.562,0.00415468838693467,"5","FMNL1"
1.83205717378535e-07,0.415666941431864,0.775,0.649,0.00421611317403222,"5","PCBP2"
1.86226264088971e-07,0.908120962885334,0.455,0.366,0.00428562501547949,"5","RAB14"
1.89186858586872e-07,0.752570336447717,0.545,0.444,0.00435375717665969,"5","USP14"
1.94677605454875e-07,0.516110925267677,0.692,0.573,0.00448011573433304,"5","UBE2L3"
2.00300435070207e-07,1.35895955365129,0.32,0.228,0.00460951391227067,"5","CHMP3"
2.01494581036374e-07,1.76561122648766,0.302,0.218,0.00463699479339008,"5","ADRBK2"
2.26386230754579e-07,0.623245186567711,0.554,0.442,0.00520982632835513,"5","XPO1"
2.32439376063348e-07,0.600093725791906,0.551,0.474,0.00534912736134583,"5","AKAP13"
2.40043780171738e-07,0.77526072234985,0.526,0.423,0.0055241275130922,"5","TALDO1"
2.48232825947588e-07,1.00030398123317,0.36,0.266,0.00571258202353184,"5","TSTD1"
2.7810393530073e-07,1.08683130007288,0.305,0.211,0.0064000058630757,"5","TLE4"
2.80632944542939e-07,0.487788154720081,0.431,0.305,0.00645820595276664,"5","YPEL5"
3.2238357756181e-07,0.727341284624906,0.548,0.457,0.00741901327042992,"5","PSMD11"
3.27588915686705e-07,1.51207746001267,0.277,0.185,0.00753880371669814,"5","RINL"
3.40175119137765e-07,0.773104690281333,0.474,0.397,0.00782845001671739,"5","DDX27"
3.66682128160854e-07,1.27369301529748,0.332,0.243,0.00843845581536573,"5","RAB3GAP1"
3.76662067698938e-07,0.882126127497046,0.603,0.564,0.00866812416395566,"5","GPR183"
3.85622496313235e-07,1.16134838687599,0.342,0.249,0.00887433050765648,"5","GIT2"
4.16552489506517e-07,1.21908064633595,0.412,0.333,0.00958612244101349,"5","PDS5A"
4.58492482949506e-07,0.666764873800902,0.418,0.32,0.010551287510117,"5","PARP9"
4.90645997577492e-07,1.68566208222476,0.262,0.179,0.0112912363422508,"5","FAM20B"
5.48902088356679e-07,0.573034676912459,0.649,0.566,0.0126318837593522,"5","SF3B1"
5.58197349171226e-07,0.556623577235325,0.578,0.486,0.0128457955964774,"5","DDX3X"
5.62310590911151e-07,1.22704364690068,0.314,0.226,0.0129404536286383,"5","NFKB1"
5.63401974013973e-07,0.387278788986738,0.874,0.792,0.0129655696279836,"5","EEF2"
5.66863701486814e-07,1.21578888602248,0.332,0.245,0.013045234362316,"5","DDI2"
6.22627766548504e-07,0.602194528961074,0.603,0.538,0.0143285327915807,"5","GTF2I"
6.27385104008332e-07,0.952011914985326,0.443,0.369,0.0144380133985437,"5","RAD50"
6.89631515064191e-07,1.06839292109954,0.283,0.193,0.0158704900561722,"5","KRCC1"
7.01515564219355e-07,1.30064538455474,0.332,0.246,0.01614397767938,"5","MED13"
7.52737138311746e-07,0.463066981994641,0.698,0.641,0.0173227397639682,"5","APOBEC3C"
8.32767450362555e-07,1.13320391845685,0.369,0.292,0.0191644773351935,"5","CD46"
8.33876565143467e-07,0.275603600898283,0.985,0.913,0.0191900013936466,"5","RPL12"
8.72977497708295e-07,1.02079780272194,0.4,0.315,0.020089831154761,"5","LTA4H"
8.95997392163903e-07,1.35336433217131,0.305,0.22,0.0206195879858679,"5","APBB1IP"
9.20868215140106e-07,1.53988939648252,0.286,0.205,0.0211919402350192,"5","AIM1"
9.37985382787219e-07,1.29340170540384,0.375,0.293,0.0215858576140823,"5","TNFRSF1B"
9.43248974054396e-07,0.501302229768692,0.662,0.59,0.0217069886399138,"5","ATPIF1"
9.45620383035501e-07,0.864746556389842,0.483,0.412,0.021761561874796,"5","NIPA2"
9.61890058493124e-07,1.00566020879146,0.397,0.318,0.0221359759161023,"5","UBQLN1"
1.00524445616566e-06,0.563615938950408,0.618,0.529,0.0231336906697404,"5","C11orf58"
1.03278614047912e-06,0.690359873122947,0.425,0.341,0.0237675074508461,"5","ZNF24"
1.06113593551182e-06,0.957223442747127,0.308,0.214,0.0244199212839334,"5","DTX3L"
1.07777407212516e-06,0.323749586885969,0.954,0.836,0.0248028147218163,"5","RPS7"
1.09942279032422e-06,0.555872338285028,0.634,0.535,0.0253010166737313,"5","NOL7"
1.12097118523668e-06,0.758099840408752,0.572,0.523,0.0257969098858517,"5","SMDT1"
1.18310399680495e-06,0.359692254900229,0.803,0.685,0.0272267722784723,"5","PSMB1"
1.18373132120709e-06,0.798716343251862,0.489,0.419,0.0272412088949387,"5","PAFAH1B1"
1.28143825014954e-06,0.549786453901057,0.603,0.478,0.0294897384506914,"5","G3BP1"
1.39178837522798e-06,1.13655845122641,0.412,0.342,0.0320292258791215,"5","C14orf1"
1.45436112796974e-06,1.33930177727632,0.298,0.219,0.0334692126379677,"5","CEBPG"
1.49154084909991e-06,0.773498546235013,0.526,0.451,0.0343248295603362,"5","TTC1"
1.49626854023408e-06,1.2611883884019,0.283,0.195,0.034433627916407,"5","CTSZ"
1.4999111870784e-06,1.46326434116461,0.311,0.23,0.0345174561482353,"5","MYO5A"
1.50584545670584e-06,0.579754699408313,0.646,0.549,0.0346540214951715,"5","IQGAP1"
1.70050970678357e-06,0.696168096276438,0.449,0.373,0.0391338298822103,"5","SMEK1"
1.8253860412595e-06,0.592907313852824,0.548,0.425,0.0420076089675048,"5","APEX1"
1.87649207051213e-06,0.929113399398449,0.351,0.264,0.0431837120186956,"5","ARID5B"
1.89142739295543e-06,0.646447174726859,0.502,0.423,0.0435274185940833,"5","BECN1"
1.96501834970623e-06,0.976626442627136,0.437,0.355,0.0452209672817896,"5","SH3KBP1"
2.01359270712278e-06,0.309808596796026,0.8,0.652,0.0463388089690166,"5","RPL6P27"
2.01488537319131e-06,0.751113082001508,0.486,0.401,0.0463685570932517,"5","SUMO1"
2.05556714272508e-06,0.603723783187875,0.588,0.503,0.0473047666555323,"5","FAM120A"
2.08460472730913e-06,1.23835820946884,0.4,0.33,0.0479730085895651,"5","CHMP2A"
2.17043771209714e-06,0.309933321704085,0.849,0.772,0.0499482830684916,"5","MYL6"
2.17858527898273e-06,0.89325682522003,0.292,0.209,0.0501357830252295,"5","ARID1B"
2.19299288606981e-06,1.10130547221345,0.258,0.172,0.0504673452871245,"5","IL16"
2.24553753206956e-06,0.801891131052326,0.502,0.433,0.0516765552255168,"5","NDUFC1"
2.25551697413756e-06,0.871896817906503,0.458,0.377,0.0519062121258277,"5","BOD1L1"
2.40957960535836e-06,1.34369659525284,0.342,0.267,0.055451655458112,"5","AP1S2"
2.46776192157098e-06,0.754791218247738,0.468,0.403,0.0567906051011129,"5","ELF1"
2.58774583364782e-06,0.914182417369727,0.375,0.294,0.0595517948697372,"5","TMEM30A"
2.69411748429528e-06,1.12395082643214,0.308,0.225,0.0619997256660872,"5","ATF7IP"
2.73705854782801e-06,0.866002739255546,0.492,0.421,0.062987928361166,"5","OIP5-AS1"
2.75882509506632e-06,1.28517440934037,0.314,0.235,0.0634888419127613,"5","COL4A3BP"
2.78209198706574e-06,1.22135793070816,0.289,0.21,0.0640242828983439,"5","IGF2R"
2.83352287949526e-06,0.791332722114694,0.468,0.39,0.0652078620258244,"5","ARPP19"
2.86256909689411e-06,1.53383188077772,0.262,0.184,0.0658763026268242,"5","LYRM7"
2.95498109592409e-06,0.714467709887168,0.462,0.369,0.0680029799605011,"5","MGST3"
3.05026934964278e-06,0.422681471290033,0.628,0.495,0.0701958485433292,"5","CMTM6"
3.06003473895896e-06,1.11599092806784,0.305,0.223,0.0704205794476625,"5","MINA"
3.15704967387416e-06,0.771139990444902,0.458,0.37,0.0726531841448661,"5","PYURF"
3.19936129548666e-06,0.905083070551234,0.474,0.413,0.0736269014930344,"5","AP2M1"
3.53981007370541e-06,1.26410078305681,0.28,0.201,0.0814616492261826,"5","ARFGEF1"
3.55528943770012e-06,1.08208703436674,0.375,0.307,0.0818178758297928,"5","MED1"
3.7436848750548e-06,1.24121845167273,0.32,0.239,0.0861534200296361,"5","PLEKHO1"
3.75448010154783e-06,0.419324623626186,0.542,0.447,0.0864018505769202,"5","CTSS"
3.90260768324089e-06,0.602228293934108,0.566,0.465,0.0898107106144227,"5","SMARCA5"
4.14119559633865e-06,0.675383277845796,0.449,0.369,0.0953013342585413,"5","PHF11"
4.38687306954603e-06,0.570740841082337,0.551,0.458,0.100955109949463,"5","XRN2"
4.4898062939029e-06,0.633134102570275,0.56,0.476,0.103323912241588,"5","C1orf43"
4.59459140752515e-06,1.24365165604788,0.342,0.267,0.105735332061376,"5","SLC39A1"
4.67353386819754e-06,0.774893140918207,0.394,0.313,0.10755203490883,"5","NDFIP1"
4.78676437149346e-06,0.416911803222143,0.658,0.547,0.110157808481179,"5","HNRNPM"
4.87811366179187e-06,0.334760761711781,0.782,0.627,0.112260029698816,"5","HMGN1"
5.11297103587375e-06,0.748452197794647,0.425,0.343,0.117664802448563,"5","NIPBL"
5.25547635137248e-06,0.485553183238358,0.674,0.579,0.120944277274135,"5","HNRNPR"
5.51929570897127e-06,0.84844010095812,0.323,0.239,0.127015552150556,"5","DDX3Y"
5.59397077838959e-06,1.05232380264549,0.409,0.336,0.12873404952308,"5","TBCB"
5.63492296913718e-06,0.681726504090769,0.502,0.428,0.129676482288754,"5","LAMTOR5"
5.6422938570892e-06,1.49972886551531,0.286,0.214,0.129846108533194,"5","MIEN1"
6.51239011644292e-06,0.794443413896651,0.483,0.419,0.149869633749701,"5","ATP6V1E1"
6.7762343117556e-06,0.35756552004623,0.726,0.638,0.155941480216432,"5","COX6B1"
7.53224117663082e-06,0.649290832505129,0.458,0.388,0.173339466197805,"5","GGNBP2"
7.81365648975561e-06,1.03847980838249,0.295,0.212,0.179815676798746,"5","NSF"
7.98900015777815e-06,1.12796086994494,0.422,0.359,0.183850860630948,"5","SUN2"
8.21169726388387e-06,0.644123120766089,0.56,0.481,0.18897578913376,"5","COX7A2L"
8.48330964131243e-06,0.450533954393372,0.708,0.59,0.195226404775523,"5","SRSF3"
8.90713001866716e-06,0.852171733805739,0.443,0.365,0.204979783119587,"5","PMF1"
8.93655721966951e-06,0.394430461292827,0.751,0.667,0.205656991296255,"5","EIF3H"
9.436395167408e-06,0.256240100600249,0.843,0.71,0.21715976198756,"5","VIM"
9.57356459884599e-06,1.2322187273881,0.277,0.2,0.220316442113243,"5","ABHD14B"
1.00941082434387e-05,1.03759503104478,0.277,0.2,0.232295713006254,"5","ZNF770"
1.0152057449716e-05,0.438961352745785,0.692,0.555,0.233629298090315,"5","RAC1"
1.06688465369553e-05,0.497289256355218,0.603,0.516,0.245522165354953,"5","ATP5G1"
1.07051329676592e-05,1.39281823192842,0.258,0.186,0.246357224984741,"5","FOXO1"
1.12601833885778e-05,0.949607324443863,0.462,0.403,0.259130600321341,"5","TARS"
1.14246338574366e-05,1.25843386693349,0.372,0.308,0.262915098961189,"5","PHPT1"
1.17252919050115e-05,1.11997444785304,0.372,0.3,0.26983414261003,"5","PCK2"
1.23358734327328e-05,0.636572934265622,0.572,0.506,0.283885455307481,"5","PSMD8"
1.23893069262605e-05,0.569734559040364,0.523,0.468,0.285115120294033,"5","LRP10"
1.3072475627177e-05,1.14479289507953,0.342,0.268,0.300836881608224,"5","WIPF2"
1.39858491837863e-05,0.665154289619619,0.462,0.373,0.321856347266474,"5","AP2B1"
1.40337541971442e-05,0.279503970319716,0.831,0.815,0.322958785338879,"5","ATF4"
1.40874038703816e-05,0.841491063870139,0.449,0.378,0.324193425269091,"5","SKAP2"
1.46113162594245e-05,1.09045361337244,0.298,0.228,0.336250221078137,"5","ZCCHC7"
1.51262297780208e-05,1.50250282431063,0.258,0.186,0.348099925881592,"5","VPS41"
1.53933721347982e-05,0.468641770943369,0.588,0.547,0.35424767293811,"5","RP11-543P15.1"
1.57423834251718e-05,0.558857478484059,0.542,0.479,0.362279469763479,"5","UBE2Q1"
1.61498744018153e-05,0.626136816710613,0.554,0.471,0.371657059608975,"5","RPL7L1"
1.6404744177156e-05,0.631662035406822,0.526,0.458,0.377522377748892,"5","ZMAT2"
1.6765463174111e-05,1.05561376784458,0.286,0.212,0.385823604025817,"5","VPS28"
1.78934861397659e-05,1.10756907539955,0.354,0.285,0.411782796534434,"5","NIN"
1.87665743924072e-05,0.327066550699265,0.769,0.707,0.431875176492468,"5","CAPZA1"
1.90732432851023e-05,0.716945450520017,0.498,0.422,0.438932547720059,"5","RHOG"
1.91614228583074e-05,1.01390259850203,0.455,0.404,0.440961824238227,"5","COPB1"
1.94774831307072e-05,0.350993222024101,0.637,0.571,0.448235319286964,"5","NCOA3"
1.999162572112e-05,0.814842721982095,0.443,0.365,0.460067282720134,"5","SMARCA2"
2.11824195210943e-05,0.925044145077704,0.403,0.346,0.487471020438944,"5","NCOA4"
2.16394329557827e-05,1.27027541401896,0.295,0.223,0.497988270611428,"5","RPS6KA3"
2.27356759382058e-05,1.37444617387847,0.262,0.193,0.523216110365931,"5","SDCCAG3"
2.30502977847977e-05,1.31550749039851,0.342,0.278,0.530456502921549,"5","PTPN11"
2.41457469350968e-05,1.35008475287133,0.32,0.253,0.555666074217382,"5","NUP88"
2.47777647764455e-05,0.77839964519785,0.468,0.407,0.570210700800341,"5","SFT2D1"
2.48364583516405e-05,0.311149455291525,0.831,0.763,0.571561416046302,"5","RPL18"
2.72205368608506e-05,0.691884895052807,0.477,0.404,0.626426214778755,"5","PSMD2"
2.78883478700723e-05,0.775198918356642,0.483,0.423,0.641794549533974,"5","GPSM3"
2.8437352693533e-05,1.23111793526775,0.277,0.208,0.654428797536274,"5","FBXL3"
2.89061139731228e-05,1.25616362322918,0.345,0.287,0.665216400863475,"5","AGPAT3"
2.89724899531119e-05,1.20782445195428,0.369,0.31,0.666743911290965,"5","SUCLG2"
2.90281232376069e-05,0.963559101988932,0.378,0.321,0.668024200067047,"5","TRAF3"
2.90481546145814e-05,0.912876568106561,0.363,0.298,0.668485182145363,"5","FOXN3"
3.08406546803177e-05,0.587657412996345,0.535,0.468,0.70973598615815,"5","UBE2K"
3.40234455187986e-05,1.43003588038383,0.262,0.195,0.782981551724112,"5","BMP2K"
3.4714648775038e-05,0.641622585571237,0.502,0.434,0.79888821225995,"5","PCNP"
3.54628491315764e-05,0.577595735937818,0.572,0.502,0.816106547064969,"5","SHMT2"
3.70672444454457e-05,0.802497025571134,0.443,0.384,0.853028496423042,"5","FBXO7"
3.71125395499979e-05,1.46015267595669,0.271,0.207,0.854070872664101,"5","PEX19"
3.77335784273981e-05,0.761862056925116,0.418,0.352,0.868362840349713,"5","FAM49B"
3.7854994921827e-05,1.00623817771305,0.388,0.321,0.871156998136004,"5","NUDT3"
3.83297130487009e-05,0.299565095437269,0.634,0.532,0.882081686389753,"5","CNBP"
3.94233393339601e-05,0.715904796548636,0.468,0.407,0.907249308092425,"5","SKP1"
3.97487194473334e-05,0.996350583566254,0.277,0.206,0.914737280641484,"5","GBP2"
4.03780907987162e-05,0.833956370007705,0.255,0.183,0.929221003550855,"5","ATN1"
4.21342814641073e-05,0.6968019831442,0.483,0.419,0.969636219333501,"5","CERS2"
4.34426620933594e-05,0.752479787938648,0.4,0.341,0.99974598275448,"5","PREX1"
4.41756886985562e-05,0.930428171495136,0.375,0.31,1,"5","LARS"
4.44637555719689e-05,0.918756866210407,0.431,0.363,1,"5","STRBP"
4.55304966105554e-05,0.976709532250116,0.348,0.279,1,"5","PPP1R11"
4.68497043946351e-05,0.312223668028761,0.738,0.663,1,"5","SNRPD2"
4.90491899102162e-05,0.452805965691136,0.622,0.531,1,"5","PPP1CC"
5.03560618118833e-05,0.304608481514281,0.609,0.541,1,"5","JUN"
5.05994491708482e-05,0.410865740164224,0.668,0.564,1,"5","PRPF40A"
5.07252593617283e-05,1.18847603207587,0.351,0.286,1,"5","SMC6"
5.09520670677562e-05,1.38052675286002,0.274,0.21,1,"5","TRPM7"
5.35545164022335e-05,0.624852788838423,0.415,0.353,1,"5","RELA"
5.3600648119638e-05,0.910020308437529,0.369,0.3,1,"5","CALCOCO2"
5.61917900726752e-05,0.824367390351502,0.422,0.359,1,"5","SCP2"
5.77021163164624e-05,1.23050441049134,0.36,0.297,1,"5","MAP4"
5.83201406963372e-05,0.449205230490063,0.56,0.454,1,"5","XRCC6"
5.89099514858175e-05,1.2128095343747,0.394,0.347,1,"5","FLOT1"
5.89957518060994e-05,0.858024362815843,0.397,0.333,1,"5","EMB"
5.95352464182254e-05,0.754568040435916,0.354,0.283,1,"5","DYNC1H1"
5.96063113141401e-05,1.38474515121125,0.265,0.2,1,"5","ORAI1"
6.12386409744571e-05,1.19830017399374,0.258,0.19,1,"5","ZNF148"
6.16654102606943e-05,0.494324755184686,0.578,0.538,1,"5","SLTM"
6.233493757843e-05,0.930845256740998,0.385,0.318,1,"5","IL10RB"
6.31672870460637e-05,0.338829696487508,0.717,0.613,1,"5","TRA2B"
6.46975795333409e-05,1.27896443003003,0.305,0.24,1,"5","OCIAD2"
6.77934623318709e-05,0.859047915323753,0.425,0.375,1,"5","LAMTOR4"
7.07728571818201e-05,1.14076049557525,0.311,0.249,1,"5","RABEP1"
7.48320231081315e-05,0.635185513344249,0.425,0.355,1,"5","C6orf106"
7.49259990697625e-05,0.596190345593869,0.492,0.436,1,"5","KRT10"
7.57144366675724e-05,0.685140091673364,0.428,0.367,1,"5","TRIP12"
7.81516236108718e-05,0.934293664243756,0.382,0.323,1,"5","MAPKAP1"
8.35313097861006e-05,1.14836448632001,0.268,0.202,1,"5","SH3BP1"
8.77089814007526e-05,0.469481310095204,0.514,0.445,1,"5","ARHGAP30"
9.19108731810982e-05,1.514375542955,0.268,0.203,1,"5","RILPL2"
9.30804638478461e-05,0.829517166861965,0.455,0.407,1,"5","ARF3"
9.32644211217158e-05,0.800214295235896,0.363,0.3,1,"5","TINF2"
9.35771944357934e-05,0.822684226894199,0.409,0.353,1,"5","HEBP2"
9.52706514608862e-05,0.623405548474448,0.406,0.337,1,"5","KDM5A"
9.79233269303965e-05,0.572913763144204,0.572,0.526,1,"5","HP1BP3"
9.9653535311774e-05,1.08532188471912,0.258,0.19,1,"5","MVP"
0.00010433836178829,0.632755429499363,0.372,0.303,1,"5","SENP6"
0.000107181469738509,1.11315568445412,0.335,0.281,1,"5","RBPJ"
0.00010814577294176,0.789968949380318,0.462,0.417,1,"5","FXR1"
0.000112037795698301,1.04276761162837,0.342,0.284,1,"5","ETNK1"
0.000113631161623134,0.814997385694936,0.425,0.368,1,"5","CCNK"
0.000116651618511923,0.892668096336782,0.286,0.223,1,"5","CCNY"
0.000121175523650881,0.267235040551812,0.837,0.732,1,"5","EIF4G2"
0.000123583552417928,0.579528398659565,0.486,0.422,1,"5","LRRFIP1"
0.000127080943801829,0.31229946542573,0.849,0.756,1,"5","PTP4A2"
0.000128084054665804,0.974612571410005,0.391,0.331,1,"5","EIF1B"
0.000131718100661051,1.3648419674216,0.274,0.216,1,"5","CHMP7"
0.000134576370157972,0.342232039094237,0.615,0.523,1,"5","ADRBK1"
0.000135253098117715,1.26912551712635,0.262,0.205,1,"5","GMFB"
0.000137465142089501,0.53371692092497,0.292,0.219,1,"5","NBPF10"
0.000141804754856939,0.331857856774475,0.714,0.608,1,"5","ERH"
0.000141847617569388,0.321026039152247,0.471,0.389,1,"5","PNRC1"
0.000144944903447326,0.873865756574848,0.415,0.366,1,"5","UXT"
0.000145506838543784,0.660447411197373,0.483,0.422,1,"5","TAOK3"
0.000147603796157009,1.05351284483404,0.295,0.231,1,"5","RBL2"
0.00014814682836091,0.996041695919997,0.295,0.232,1,"5","ARHGAP5"
0.000148646323334303,0.283462493928271,0.76,0.7,1,"5","CSDE1"
0.00015728794489315,0.935750174279359,0.418,0.373,1,"5","SZRD1"
0.00016225366218188,0.45993079158986,0.591,0.513,1,"5","CD47"
0.000164342482696368,0.764829417694191,0.465,0.401,1,"5","CELF2"
0.000164570946963872,0.89902767052259,0.375,0.318,1,"5","RGS10"
0.000165235130238899,0.793037225532761,0.431,0.38,1,"5","NUFIP2"
0.000166404264893947,0.705209969813673,0.455,0.389,1,"5","SRI"
0.000172058344848384,0.39734700691164,0.591,0.555,1,"5","COPZ1"
0.000172749297421579,0.612810374949499,0.52,0.47,1,"5","CNOT1"
0.000173795361495484,0.562256890703912,0.385,0.326,1,"5","KIAA0368"
0.0001755299357173,1.15008843079084,0.308,0.244,1,"5","TANK"
0.000180417005342151,0.944714303211828,0.268,0.203,1,"5","MTMR1"
0.000181396028108635,0.34464191840215,0.455,0.386,1,"5","PPP1R15A"
0.000182671900060792,0.676045190782913,0.468,0.397,1,"5","WDR1"
0.000191540070653716,0.591052463226128,0.532,0.487,1,"5","C19orf53"
0.000192757193232843,1.18819378633102,0.292,0.234,1,"5","ATXN7L3B"
0.000205969397240555,0.269288609472075,0.145,0.25,1,"5","HRAS"
0.000210313771710523,0.488719276506758,0.375,0.314,1,"5","CNPPD1"
0.000215051602384404,1.0119709514664,0.36,0.309,1,"5","ZC3H7A"
0.000216941043320451,0.397116590145882,0.578,0.459,1,"5","ARPC4"
0.000217795931592054,0.821684266971537,0.412,0.369,1,"5","DNAJC10"
0.000226963006262155,0.852116607471362,0.391,0.332,1,"5","PTPN6"
0.000227922066724662,0.258177029779004,0.862,0.757,1,"5","ATP5G2"
0.000232769856182812,0.419880192930924,0.458,0.402,1,"5","ZC3H11A"
0.000238590987312414,0.905877735646788,0.323,0.267,1,"5","PDCD6IP"
0.000244086473047552,1.13160046707832,0.345,0.298,1,"5","RAB11A"
0.000246319096929233,1.00747415639285,0.268,0.208,1,"5","MMGT1"
0.000260693453532934,0.285275553632204,0.732,0.61,1,"5","XRCC5"
0.000266179718471356,1.15898156569395,0.372,0.324,1,"5","APPL1"
0.00027218439233174,1.1122573566964,0.28,0.22,1,"5","FAM208A"
0.00027727081416918,0.592589770586297,0.317,0.251,1,"5","KLHL6"
0.000278558736847307,1.00951046565397,0.378,0.333,1,"5","ARHGAP15"
0.000279585742647985,0.49910510007535,0.557,0.532,1,"5","AKR1A1"
0.000282139046072022,1.29093063426762,0.311,0.263,1,"5","AIP"
0.000286990461654262,0.434752778611461,0.603,0.52,1,"5","RBM8A"
0.000305973979893791,1.08550946708254,0.308,0.256,1,"5","MEAF6"
0.000310649975448924,1.0283702730575,0.382,0.329,1,"5","PPA2"
0.000311989863926191,0.413426501689381,0.538,0.479,1,"5","EIF3L"
0.000313189053988625,0.623201903333657,0.418,0.372,1,"5","DNAJC21"
0.000314445899024324,0.900766745490555,0.409,0.369,1,"5","CARS"
0.0003198426784795,0.856256206075536,0.385,0.329,1,"5","SAE1"
0.000324002742094106,0.60555206104432,0.498,0.449,1,"5","UBE2I"
0.00032792869088554,0.511356269354656,0.551,0.506,1,"5","PSMB9"
0.000329822444905509,0.441713342521911,0.489,0.44,1,"5","GDI1"
0.000330014887113364,0.731409203300078,0.274,0.211,1,"5","AFF4"
0.000349043341645409,0.826711051540671,0.351,0.295,1,"5","USP47"
0.000353869383604796,0.921369130297112,0.372,0.331,1,"5","UBAP2L"
0.000362928446431795,0.970237608907598,0.397,0.345,1,"5","PSMB5"
0.000371769992139981,0.978168268239138,0.351,0.294,1,"5","SLAMF1"
0.000380656893579395,0.465373006400597,0.615,0.542,1,"5","RPS27L"
0.00038094132938469,0.637627480958073,0.382,0.327,1,"5","RANBP2"
0.000398058807108601,0.65882317648051,0.455,0.416,1,"5","RSF1"
0.000398751719473238,0.413170083377476,0.458,0.412,1,"5","PRDM2"
0.000402918301976211,0.500028428135942,0.538,0.479,1,"5","YY1"
0.000411118181839865,0.677733082234186,0.375,0.319,1,"5","ZCCHC11"
0.000422300687842586,1.22089436352212,0.283,0.233,1,"5","ZNF480"
0.000426910662522081,0.68282197218409,0.409,0.352,1,"5","POLR2G"
0.000434626804148698,0.668150530360654,0.452,0.399,1,"5","PPP2R1A"
0.000440119411688924,0.272362548222819,0.837,0.74,1,"5","PTPRCAP"
0.000448551559199326,0.340632230929727,0.674,0.603,1,"5","FUS"
0.000454225611891225,0.381796102893585,0.698,0.624,1,"5","SEPT6"
0.000473109995401266,0.359162710313571,0.665,0.551,1,"5","PARK7"
0.000477020297437765,0.49728637080653,0.563,0.519,1,"5","PSMA3"
0.000477207646767692,0.812702391650456,0.409,0.36,1,"5","VPS35"
0.000479952233113278,0.641816290450233,0.471,0.401,1,"5","NOLC1"
0.000482087518860425,0.49004251618893,0.597,0.567,1,"5","SAP18"
0.000489882676840057,0.646992894440823,0.418,0.371,1,"5","SETX"
0.000497809277395388,1.11156807175875,0.255,0.198,1,"5","P2RY10"
0.000505568281227737,0.774401481670582,0.391,0.34,1,"5","NUDC"
0.000509601449838621,0.605492796899029,0.443,0.391,1,"5","VEGFB"
0.000510650127147272,0.635279602833851,0.314,0.251,1,"5","MKRN1"
0.000517022356231978,1.46739377808881,0.255,0.203,1,"5","STXBP3"
0.000520903864241406,0.710188959293806,0.495,0.465,1,"5","AC022431.1"
0.000529515837000823,1.03763769188029,0.36,0.32,1,"5","OSBPL8"
0.000539908594834305,0.416395925171646,0.649,0.597,1,"5","STK4"
0.000557521347724807,0.251770559280678,0.668,0.617,1,"5","STK17B"
0.000560366990331861,0.662456171493072,0.252,0.19,1,"5","NR3C1"
0.000562272291910166,0.776530104558485,0.425,0.38,1,"5","SMEK2"
0.000578395616609972,0.889817279028175,0.369,0.322,1,"5","TBL1XR1"
0.000588345787866218,0.672342414239984,0.437,0.385,1,"5","EIF3F"
0.000596472535412605,0.337945531779618,0.668,0.586,1,"5","PSMB2"
0.000600998217674958,0.612172423513786,0.575,0.524,1,"5","TPR"
0.000601897255666647,0.88753371683851,0.317,0.266,1,"5","AKIRIN2"
0.000607612189415581,0.569008765023807,0.437,0.395,1,"5","UBE2G2"
0.000640356664923144,0.92838761736562,0.366,0.319,1,"5","TXNRD1"
0.000646395864237537,0.879263259497631,0.4,0.345,1,"5","PDCD10"
0.000650615442286347,0.927197259710583,0.286,0.233,1,"5","NFE2L2"
0.000664906230841341,0.642661253453374,0.437,0.387,1,"5","DNTTIP2"
0.000670082313134887,0.890390974107746,0.372,0.332,1,"5","PTPN7"
0.000670674602091821,0.501372793857641,0.434,0.403,1,"5","RP11-36C20.1"
0.000685142724642589,0.689563347632444,0.434,0.379,1,"5","ARL8B"
0.00070381153492348,0.555701887350093,0.477,0.434,1,"5","C9orf78"
0.00071356014405861,0.32773267131484,0.508,0.468,1,"5","IRF1"
0.000725622022161368,0.360985338596513,0.151,0.252,1,"5","ISY1"
0.000739911303017253,0.741977002034313,0.326,0.266,1,"5","DDIT4"
0.000741969569296354,0.977630715224297,0.406,0.366,1,"5","RIOK3"
0.000743945560548207,0.557253568558739,0.388,0.334,1,"5","PUM1"
0.000811265410406116,0.745671001283034,0.329,0.285,1,"5","TMEM50B"
0.000829816924092964,0.78831985645201,0.391,0.354,1,"5","EAPP"
0.000833730528350634,1.09512427186122,0.302,0.256,1,"5","LYRM2"
0.000874839327997903,1.25816374984607,0.298,0.254,1,"5","KDSR"
0.000875001240151536,0.95028185030975,0.317,0.269,1,"5","ACAP2"
0.000899345385290156,0.483219345458548,0.511,0.452,1,"5","YWHAG"
0.000911740161712247,0.87535084816616,0.391,0.348,1,"5","DR1"
0.000950025293459008,0.508713272692032,0.486,0.437,1,"5","CMPK1"
0.000951042428511738,0.253917802249937,0.172,0.28,1,"5","PPIAP22"
0.000957905064340302,0.266776990747371,0.735,0.654,1,"5","C19orf43"
0.000960892885125676,0.849199248109072,0.363,0.327,1,"5","CPNE3"
0.000968758336536513,1.11358892381928,0.274,0.224,1,"5","IPO8"
0.000981594031954426,0.980075284268514,0.314,0.263,1,"5","ZNF101"
0.00100666602891148,1.12303900921109,0.302,0.26,1,"5","VPS26A"
0.00102081669164591,0.717296823157482,0.363,0.317,1,"5","ATP13A3"
0.0010378109038991,0.834329790311967,0.274,0.218,1,"5","SIN3A"
0.00105560182378034,1.04493069313858,0.363,0.33,1,"5","NCBP2"
0.00106747634587664,1.0965655136845,0.274,0.228,1,"5","CRLF3"
0.00106968506932252,0.329996842139433,0.622,0.532,1,"5","PSMB3"
0.00107486798915841,0.704103319755741,0.262,0.204,1,"5","MAP3K1"
0.00108668004219857,0.535012254700929,0.517,0.472,1,"5","WBP11"
0.00109944261109384,0.634713875510366,0.486,0.444,1,"5","TARDBP"
0.00111356421963823,0.650284716153018,0.394,0.348,1,"5","CEP350"
0.00112177143175943,0.873559549727571,0.314,0.271,1,"5","CCDC12"
0.00114098075144131,0.925331405089529,0.277,0.227,1,"5","PPP2R5A"
0.0011868601402965,0.81855675391374,0.403,0.363,1,"5","STK24"
0.00118733811060809,0.580609447291002,0.483,0.424,1,"5","SMC3"
0.00119964107589094,0.393794322803702,0.566,0.479,1,"5","YWHAQ"
0.00120207496922172,0.64301752302168,0.277,0.221,1,"5","GPCPD1"
0.00122708696194671,0.462243135426235,0.551,0.527,1,"5","RP11-475C16.1"
0.00123963597040268,0.468182177433054,0.569,0.548,1,"5","CD164"
0.00130434534786718,0.72248852856787,0.286,0.233,1,"5","ADNP"
0.00134936282450316,0.530756070039697,0.495,0.459,1,"5","FUBP1"
0.00136298249920872,0.606004093954693,0.406,0.351,1,"5","RPF1"
0.00138103106453536,0.406616555306809,0.517,0.464,1,"5","PTP4A1"
0.0013868746747507,0.586976598496169,0.372,0.323,1,"5","CTSB"
0.00140826741099449,0.516220093599742,0.16,0.254,1,"5","HLA-DRB5"
0.00141556113364212,1.10562551078826,0.274,0.228,1,"5","SLAIN2"
0.00141658516271441,0.501038483030873,0.566,0.52,1,"5","SLC1A5"
0.00145512364254272,0.600787399909223,0.486,0.448,1,"5","CS"
0.00145704025942704,0.651894568855518,0.406,0.363,1,"5","APOA1BP"
0.00149054570957936,0.470431913120729,0.434,0.37,1,"5","FKBP4"
0.0015039008934329,0.508335636298309,0.535,0.503,1,"5","USP7"
0.00152722838498016,0.639962068704369,0.452,0.405,1,"5","TMEM70"
0.00155363243509862,0.334562281055824,0.163,0.263,1,"5","COX14"
0.00155729410610777,0.371938905123254,0.575,0.518,1,"5","TRAPPC1"
0.00156064120582564,0.893694800365182,0.305,0.26,1,"5","HNRNPH2"
0.00159738644183603,0.561264084799609,0.44,0.396,1,"5","UBE2R2"
0.00164045936883433,0.7137065382491,0.345,0.3,1,"5","JAK3"
0.00166612771133285,0.808193631557379,0.265,0.211,1,"5","HCP5"
0.00166753551210873,0.924208306055972,0.425,0.373,1,"5","EFHD2"
0.00167314369923818,0.356345391351339,0.563,0.484,1,"5","CCT4"
0.00174872340666328,0.586444487879372,0.434,0.385,1,"5","BTK"
0.00175259709838998,0.666261197160156,0.455,0.408,1,"5","DHRS7"
0.0018558804740168,0.950160853901377,0.314,0.27,1,"5","CD2AP"
0.00186137829626987,0.944295079283886,0.36,0.324,1,"5","BTBD1"
0.00197397201090482,0.729796645788265,0.274,0.223,1,"5","ZBTB1"
0.00197493187590749,0.978136386332341,0.308,0.266,1,"5","MRFAP1"
0.00203927968614365,0.863823981367517,0.372,0.334,1,"5","TSG101"
0.00204208685075142,0.737026165204256,0.255,0.205,1,"5","RLTPR"
0.00206575654974275,0.806182562521976,0.375,0.325,1,"5","EFTUD2"
0.0020736893806249,0.982790275152973,0.289,0.245,1,"5","FAM134A"
0.00210120908122186,0.585539475113686,0.298,0.236,1,"5","IRF5"
0.00210122621882522,0.628864108744763,0.437,0.399,1,"5","STAU1"
0.00211252755674506,0.854745483131129,0.378,0.338,1,"5","RTCB"
0.00212824666494048,0.311511312562327,0.714,0.676,1,"5","PCBP1"
0.00223800953376658,0.88056404327826,0.363,0.329,1,"5","DDA1"
0.00226249585335863,1.07401909791089,0.283,0.243,1,"5","SMARCE1"
0.0022799836584759,1.36271295737907,0.283,0.248,1,"5","EIF4EBP1"
0.00231446241986045,0.684555852783394,0.332,0.285,1,"5","PITPNM1"
0.00234192942460906,0.60775810706303,0.342,0.297,1,"5","EFCAB14"
0.00237029164572579,0.636723421717876,0.298,0.245,1,"5","CPEB4"
0.00238815700103053,0.749218859745758,0.369,0.328,1,"5","RASGRP3"
0.00240894638160166,0.779512611425682,0.302,0.259,1,"5","CDC42EP3"
0.00243528743577991,0.870025000998153,0.311,0.265,1,"5","CUL5"
0.00245102673842529,0.756743376048039,0.372,0.341,1,"5","RPL39P3"
0.00246327664395751,0.576610500923579,0.465,0.405,1,"5","NHP2"
0.00254070565303995,0.639029714356277,0.268,0.221,1,"5","DCP1A"
0.00258744165622479,1.00474219433509,0.302,0.26,1,"5","KIAA1143"
0.00263577015031785,0.904918501561927,0.375,0.339,1,"5","RSU1"
0.00265273193646316,0.296396847258113,0.566,0.498,1,"5","U2AF1"
0.00267533142369274,0.579290036812707,0.458,0.417,1,"5","PSIP1"
0.00271839392336063,0.267977004442811,0.714,0.646,1,"5","UBE2D2"
0.00280118519968624,0.483284268963011,0.483,0.441,1,"5","ZC3HAV1"
0.00282116567351699,0.326621943381665,0.508,0.448,1,"5","PSMC2"
0.00295782297177536,0.599496451600647,0.418,0.391,1,"5","AFTPH"
0.00303415077793342,0.512306541451116,0.514,0.466,1,"5","SNX3"
0.00305333505236462,0.326106715255244,0.585,0.558,1,"5","SEC31A"
0.00307395900081595,0.250268365870773,0.606,0.537,1,"5","RBM17"
0.00311193171552421,0.502303006289926,0.477,0.439,1,"5","TOMM20"
0.00315075273439652,0.501752887136103,0.437,0.386,1,"5","STIP1"
0.00316923887252665,0.503626119949431,0.308,0.258,1,"5","XIAP"
0.00319819947277696,0.759649378330718,0.369,0.331,1,"5","DIS3"
0.00323816753155068,0.802889435553192,0.292,0.248,1,"5","TNRC6B"
0.00330654804896815,0.455374876048511,0.517,0.503,1,"5","PLCG2"
0.00345082524321446,0.499466932673871,0.505,0.44,1,"5","GPX1"
0.00346870707126807,0.557007593329113,0.483,0.447,1,"5","HSPA4"
0.00347183802188993,0.835018893071775,0.388,0.346,1,"5","GTPBP4"
0.00347954267877838,0.680912387531135,0.326,0.281,1,"5","BCL2L11"
0.0034934492961062,0.729496415679766,0.391,0.355,1,"5","NUP62"
0.00351222210255996,0.435155030349283,0.542,0.492,1,"5","PPP2CA"
0.00356908380433472,0.689492476738099,0.28,0.228,1,"5","ARID4A"
0.00361514967685921,0.651775481729227,0.298,0.254,1,"5","LEPROT"
0.00375564381523376,0.96760446741682,0.335,0.3,1,"5","ZNF106"
0.00378848842806056,0.333039508559035,0.542,0.462,1,"5","VDAC1"
0.00380769590228571,0.633527833651381,0.372,0.341,1,"5","CTCF"
0.00382648181147816,1.02669090309262,0.326,0.291,1,"5","PIP4K2A"
0.00395365767763001,0.365387690264144,0.483,0.453,1,"5","BPTF"
0.00399892760181106,0.980019560378009,0.317,0.284,1,"5","CCNDBP1"
0.00401835030984391,0.344864757021827,0.431,0.39,1,"5","BAZ2A"
0.00402875527256601,0.307119017069135,0.6,0.581,1,"5","EIF3G"
0.00411444278908553,1.25438228614668,0.268,0.227,1,"5","NCOA7"
0.00420630826941644,0.871302880899883,0.323,0.291,1,"5","SMARCD1"
0.00422802011583178,0.843345990219841,0.308,0.265,1,"5","SECISBP2"
0.00425172691891802,0.892262697975518,0.265,0.221,1,"5","DCAF11"
0.00430927485012646,0.504759781254966,0.551,0.481,1,"5","POLR1D"
0.00446982248345299,0.722285466345632,0.363,0.324,1,"5","AHSA1"
0.00451261499767443,0.786550909862233,0.292,0.253,1,"5","USP11"
0.00452692536954133,0.304365982886869,0.634,0.579,1,"5","GTF3A"
0.00454062879992254,0.413446331308039,0.295,0.239,1,"5","SOS1"
0.00454419759214183,0.49810622203843,0.566,0.541,1,"5","EPRS"
0.00457294124803416,0.712892784984966,0.366,0.343,1,"5","QRICH1"
0.00460196626442443,0.486321417407713,0.394,0.362,1,"5","NEMF"
0.00467650478069021,0.677062727410403,0.409,0.395,1,"5","COPS6"
0.00471957293039078,0.606175851285286,0.292,0.249,1,"5","MAP3K2"
0.00474884114455709,0.728131745742855,0.271,0.225,1,"5","CREBBP"
0.00478043704882526,0.441050098736746,0.569,0.534,1,"5","ANXA5"
0.00485900427239467,0.814079669002712,0.36,0.333,1,"5","MIER1"
0.0051255085642817,0.301226386026436,0.585,0.493,1,"5","MDH1"
0.00515153285152217,0.250529809290661,0.655,0.594,1,"5","ARPC3"
0.00523354521570068,0.407626491632489,0.455,0.404,1,"5","PTEN"
0.00545361429087775,0.808331801686357,0.265,0.228,1,"5","CUL4A"
0.00577108801514257,0.392547061515899,0.545,0.517,1,"5","CHMP4B"
0.00578900333532016,1.24842579993248,0.268,0.233,1,"5","SIT1"
0.00592225968467865,0.744330330996454,0.378,0.345,1,"5","GLUD1"
0.00624229036476936,0.648857178172931,0.332,0.294,1,"5","USP15"
0.00653137120339289,0.47397801459074,0.317,0.273,1,"5","ZNF292"
0.00658413141878447,0.63181582939741,0.443,0.417,1,"5","PSMD1"
0.00664577456880462,0.730015669794566,0.391,0.355,1,"5","FERMT3"
0.00667001598017937,0.742980395394395,0.397,0.362,1,"5","PPP2R5E"
0.00672971922669068,0.513747734203838,0.311,0.275,1,"5","FYTTD1"
0.00691164809872204,0.351596787995715,0.618,0.596,1,"5","ERP29"
0.00705072589753002,0.308443210836731,0.557,0.469,1,"5","CACYBP"
0.00722090224658118,0.398218070472457,0.514,0.465,1,"5","RNPS1"
0.00733685512018385,0.590835617808564,0.449,0.429,1,"5","DNAJC8"
0.00792546410042554,0.447922997960207,0.52,0.468,1,"5","SUMO3"
0.0081268509181978,0.590217505069076,0.338,0.303,1,"5","PSD4"
0.00841500038570565,0.673028225949265,0.391,0.374,1,"5","DBNL"
0.00844184045109044,0.889151202901217,0.372,0.347,1,"5","CD19"
0.00844546530683548,0.908599191643689,0.289,0.251,1,"5","SRSF8"
0.00869041108907119,0.618313714269366,0.36,0.328,1,"5","WBP2"
0.00869128804711397,0.744886102578706,0.372,0.348,1,"5","DNAJA2"
0.00877486524832834,0.667164399959361,0.36,0.323,1,"5","ESD"
0.00884674225654204,0.505212465253053,0.403,0.372,1,"5","PLEKHA2"
0.00887413225286476,0.273965350748638,0.409,0.38,1,"5","TAF7"
0.00889712011007929,1.16179409601536,0.258,0.226,1,"5","RPA1"
0.00911390481043976,0.300198149647252,0.631,0.561,1,"5","WAC"
0.0091201394715038,0.726257723688232,0.302,0.265,1,"5","BRI3"
0.00937716204537197,0.330265865288939,0.566,0.514,1,"5","HNRNPF"
0.0094853489723294,0.348978949010908,0.603,0.534,1,"5","GHITM"
0.00970748341143337,0.744547260008376,0.369,0.343,1,"5","PRPS1"
