"gene_symbol","gene_id","gene_id_clean","biotype","chromosome","start","end","strand","width","detected_in_data","pct_expressing","mean_expression","mean_MBC","mean_prePB","mean_PB","mean_PC"
"7SK","ENSG00000260682.2","ENSG00000260682","lincRNA","chr16",81993524,81996298,"+",2775,TRUE,8.73737373737374,0.0680086777507046,0.131061146196501,0.0550540801887917,0.0599736483620159,0.0618993766017443
"7SK","ENSG00000254144.2","ENSG00000254144","antisense","chr8",144624280,144624570,"+",291,TRUE,8.73737373737374,0.0680086777507046,0.131061146196501,0.0550540801887917,0.0599736483620159,0.0618993766017443
"7SK","ENSG00000249352.3","ENSG00000249352","lincRNA","chr5",68266266,68325992,"-",59727,TRUE,8.73737373737374,0.0680086777507046,0.131061146196501,0.0550540801887917,0.0599736483620159,0.0618993766017443
"7SK","ENSG00000232512.2","ENSG00000232512","lincRNA","chr21",26467335,26475983,"+",8649,TRUE,8.73737373737374,0.0680086777507046,0.131061146196501,0.0550540801887917,0.0599736483620159,0.0618993766017443
"A1BG-AS1","ENSG00000268895.1","ENSG00000268895","antisense","chr19",58859117,58866549,"+",7433,TRUE,2.52525252525253,0.0129776263241262,0.00199685938626327,0.0222945027073813,0.00824765007258235,0.00992694596880635
"AC000032.2","ENSG00000260246.1","ENSG00000260246","antisense","chr1",110235739,110236364,"-",626,TRUE,0.101010101010101,0.000369229568178312,0,0.000560826798423077,0.000664896185901583,0
"AC000068.10","ENSG00000273212.1","ENSG00000273212","antisense","chr22",19444026,19444485,"+",460,TRUE,0.227272727272727,0.00158181716772323,0,0.00107617048673995,0.00406275150130321,0.000712269249306187
"AC000068.5","ENSG00000185065.6","ENSG00000185065","antisense","chr22",19435416,19437628,"+",2213,TRUE,0.404040404040404,0.00204590514755658,0,0.00257704126120268,0.00295972739794365,0.00145502747063673
"AC000068.9","ENSG00000273300.1","ENSG00000273300","antisense","chr22",19441702,19442128,"+",427,TRUE,0.315656565656566,0.00340490423535394,0,0.00166786733642,0.0050283784802296,0.00604975447638813
"AC002116.7","ENSG00000267698.1","ENSG00000267698","antisense","chr19",36505410,36536874,"+",31465,TRUE,0.454545454545455,0.00221154447324394,0,0.00438231525112061,0.000977685170425148,0.00145048872342967
"AC002117.1","ENSG00000224505.2","ENSG00000224505","antisense","chr17",43227767,43238877,"-",11111,TRUE,0.416666666666667,0.00472753974727444,0.00666520547185084,0.00238729671566306,0.00674057174269702,0.00511646953628336
"AC002310.12","ENSG00000235560.3","ENSG00000235560","antisense","chr16",30546073,30548465,"+",2393,TRUE,3.49747474747475,0.0192214751400761,0.00175945738234676,0.0295651868586797,0.0172923245387301,0.0153225221188308
"AC002310.7","ENSG00000239791.1","ENSG00000239791","antisense","chr16",30583571,30595181,"+",11611,TRUE,0.202020202020202,0.00104351356047191,0,0.00178357422236044,0.00158708538919151,0
"AC002398.11","ENSG00000267439.1","ENSG00000267439","antisense","chr19",36237958,36244316,"-",6359,TRUE,0.126262626262626,0.000626469620011446,0,0.0010159595042575,0.00060040288050515,0.000418706131658937
"AC002454.1","ENSG00000237819.1","ENSG00000237819","antisense","chr7",92465797,92546501,"+",80705,TRUE,0.643939393939394,0.00261960355864416,0,0.00675883749471237,0.000628882494766735,0
"AC002456.2","ENSG00000223969.1","ENSG00000223969","antisense","chr7",90219933,90226667,"-",6735,TRUE,0.252525252525253,0.00111256133102494,0.00170251721213193,0.00209314474698039,0.000508384593259273,0
"AC002467.7","ENSG00000241764.3","ENSG00000241764","antisense","chr7",107383262,107385026,"-",1765,TRUE,1.80555555555556,0.00844058684563803,0,0.0179431376736922,0.00427083381866337,0.00328274018101854
"AC002480.2","ENSG00000238033.1","ENSG00000238033","lincRNA","chr7",22689579,22705152,"-",15574,TRUE,0.0505050505050505,0.000568849131291552,0.00213093541177591,0.000334237801190466,0.000674563300838139,0
"AC002480.3","ENSG00000232759.1","ENSG00000232759","antisense","chr7",22602956,22613615,"+",10660,TRUE,0.29040404040404,0.00195692827038112,0.00183310494321993,0.00214149788317217,0.0024294949020753,0.00130090634432406
"AC002480.4","ENSG00000232949.1","ENSG00000232949","antisense","chr7",22629324,22631241,"+",1918,TRUE,0.0505050505050505,0.000218361433559355,0,0.000426271634638931,0.000254088815378248,0
"AC003005.2","ENSG00000268266.1","ENSG00000268266","lincRNA","chr19",57989017,57994364,"+",5348,TRUE,0.0378787878787879,6.59496332281879e-05,0,0.000180921751010477,0,0
"AC003051.1","ENSG00000227517.2","ENSG00000227517","lincRNA","chr17",67573392,67899141,"+",325750,TRUE,0.0378787878787879,0.000486724945760668,0,4.24486206853616e-05,0.000297507579003846,0.00155088917483808
"AC003075.4","ENSG00000237773.1","ENSG00000237773","antisense","chr7",17319458,17338981,"-",19524,TRUE,0.53030303030303,0.00176971532260978,0,0.00410610398169806,0.00110128535909686,0
"AC003092.1","ENSG00000236453.1","ENSG00000236453","lincRNA","chr7",93652145,93695973,"+",43829,TRUE,0.555555555555556,0.0024474749102116,0,0.0067142366778233,0,0
"AC003102.3","ENSG00000267750.1","ENSG00000267750","antisense","chr17",42376942,42392683,"-",15742,TRUE,0.366161616161616,0.00145158769795587,0.00131417553343905,0.0030753979447455,0,0.000616334062341678
"AC003665.1","ENSG00000234494.3","ENSG00000234494","antisense","chr17",45974696,46018776,"-",44081,TRUE,1.1489898989899,0.00486221027563022,0,0.0106848014059655,0.00285677401999786,0.00101174203089324
"AC003956.1","ENSG00000268564.1","ENSG00000268564","antisense","chr19",15234971,15236985,"+",2015,TRUE,0.0631313131313131,0.000392291212025626,0,0.00107618510538378,0,0
"AC003984.1","ENSG00000235139.2","ENSG00000235139","lincRNA","chr7",84161792,84213638,"+",51847,TRUE,0.0378787878787879,7.89171975554704e-05,0,9.28736621924265e-05,0.000181812502236266,0
"AC003991.3","ENSG00000228113.3","ENSG00000228113","antisense","chr7",87848674,87921781,"+",73108,TRUE,0.151515151515152,0.000776215717702597,0,0.000993921272390016,0.00166998358166816,0
"AC004019.13","ENSG00000236754.1","ENSG00000236754","antisense","chr22",18062923,18071958,"-",9036,TRUE,0.202020202020202,0.00147307766995893,0,0.00221335608246201,0.00268813863270855,0
"AC004067.5","ENSG00000273447.1","ENSG00000273447","antisense","chr4",110613160,110613859,"+",700,TRUE,0.29040404040404,0.00235107917900561,0.00122708010863047,0.00317586752572087,0.00315024770224383,0.000981141871176354
"AC004069.2","ENSG00000251259.1","ENSG00000251259","lincRNA","chr4",106058437,106061776,"-",3340,TRUE,1.12373737373737,0.00474263548997842,0.0043192735771399,0.00793670499690097,0.00386541105052383,0.00126530016855775
"AC004156.3","ENSG00000267666.1","ENSG00000267666","lincRNA","chr19",663482,668063,"+",4582,TRUE,0.366161616161616,0.00138501246456016,0.00210185290072167,0.00166513588625477,0.00120316122670941,0.000795230990599918
"AC004158.2","ENSG00000261008.2","ENSG00000261008","lincRNA","chr16",72459384,72698908,"-",239525,TRUE,0.340909090909091,0.00167607486718471,0,0.00305931685076991,0.00107001040063049,0.00115361319383869
"AC004257.3","ENSG00000270143.1","ENSG00000270143","lincRNA","chr19",15346330,15346819,"-",490,TRUE,2.00757575757576,0.00927907667743398,0.00472566979556706,0.0145438903025615,0.00770160256034516,0.00564981949183988
"AC004447.2","ENSG00000269131.1","ENSG00000269131","antisense","chr19",19101702,19104419,"+",2718,TRUE,0.126262626262626,0.000458287563198253,0,0.00125723501923456,0,0
"AC004449.6","ENSG00000261204.1","ENSG00000261204","lincRNA","chr19",637105,637537,"-",433,TRUE,0.0505050505050505,0.000118953034530477,0,0.000326327687385305,0,0
"AC004463.6","ENSG00000260924.2","ENSG00000260924","antisense","chr22",19158908,19160352,"+",1445,TRUE,0.669191919191919,0.00469453861372829,0.00169931619729395,0.00566449160383067,0.00377697778981564,0.0057368779871306
"AC004510.3","ENSG00000267308.1","ENSG00000267308","lincRNA","chr19",15937855,15946663,"-",8809,TRUE,0.126262626262626,0.00067355817843176,0,0.00056008445360067,0.000402881102010342,0.00144175436078232
"AC004540.5","ENSG00000214870.4","ENSG00000214870","lincRNA","chr7",26438213,26538594,"+",100382,TRUE,0.315656565656566,0.00229666637210771,0.00293052512960205,0.0023146838741714,0.00256193589067616,0.00168979262767332
"AC004549.6","ENSG00000229893.1","ENSG00000229893","antisense","chr7",27773014,27780014,"-",7001,TRUE,0.0378787878787879,0.000153857448551219,0,0.000108682485208232,0.000460919336591691,0
"AC004840.9","ENSG00000175873.3","ENSG00000175873","lincRNA","chr7",2477398,2487485,"+",10088,TRUE,0.29040404040404,0.00213238366195335,0,0.00110188949268631,0.00441349133772958,0.00248455179375467
"AC004854.4","ENSG00000234183.1","ENSG00000234183","antisense","chr7",44888015,44889167,"+",1153,TRUE,0.77020202020202,0.0040759836859541,0,0.00599955162711472,0.00282239139190267,0.00464075415909918
"AC004893.11","ENSG00000242687.2","ENSG00000242687","antisense","chr7",98610788,98645863,"+",35076,TRUE,1.42676767676768,0.0120742771219255,0.0177549482110714,0.00794928744989167,0.0126261285864948,0.014496771124635
"AC004895.4","ENSG00000231704.1","ENSG00000231704","lincRNA","chr7",6120734,6132716,"+",11983,TRUE,0.0757575757575758,0.000755908632907723,0.00209039397876704,0.000228793515989865,0.00160583787776297,0
"AC004951.6","ENSG00000228434.1","ENSG00000228434","lincRNA","chr7",44043645,44047465,"-",3821,TRUE,1.01010101010101,0.00852522089383476,0.00117812081338094,0.00632912923627912,0.0153079097899662,0.0088536358671989
"AC005037.3","ENSG00000183308.6","ENSG00000183308","antisense","chr2",201827986,201873825,"+",45840,TRUE,0.47979797979798,0.00278125393650855,0.00328799669261216,0.00434448602149162,0.00125739547592024,0.00177202766184893
"AC005076.5","ENSG00000224046.1","ENSG00000224046","antisense","chr7",86780739,86781736,"-",998,TRUE,1.81818181818182,0.00888074569396147,0.00626580825568016,0.0153139525985704,0.00744806258467404,0.00245671788398006
"AC005104.3","ENSG00000223374.1","ENSG00000223374","antisense","chr2",242290755,242292519,"-",1765,TRUE,0.0505050505050505,0.000278641553607861,0,0.000508548011501396,0.000376292916642755,0
"AC005220.3","ENSG00000236352.1","ENSG00000236352","antisense","chr20",52556699,52559047,"+",2349,TRUE,0.23989898989899,0.00113438202047607,0,0.00126755289954088,0.0027126237295955,0
"AC005224.2","ENSG00000231595.1","ENSG00000231595","antisense","chr17",14113805,14121239,"+",7435,TRUE,0.707070707070707,0.00378952587503987,0.00227670290190021,0.00690599938975714,0.00186933780271047,0.00198923328442859
"AC005253.2","ENSG00000268030.1","ENSG00000268030","antisense","chr19",18668585,18672370,"-",3786,TRUE,0.101010101010101,0.000774754155063237,0,0.000479704989425337,0.00074938016590911,0.00161581839307897
"AC005253.4","ENSG00000268983.1","ENSG00000268983","antisense","chr19",18679316,18680185,"-",870,TRUE,0.151515151515152,0.000484166681091791,0,0.00105498024910458,0,0.00038860696309461
"AC005306.3","ENSG00000267283.1","ENSG00000267283","antisense","chr19",1989400,1990369,"+",970,TRUE,0.972222222222222,0.00541505394440959,0.00079168262597342,0.0068330604327922,0.0091130614614496,0.00219107989675612
"AC005329.7","ENSG00000248015.2","ENSG00000248015","antisense","chr19",1392169,1396466,"-",4298,TRUE,0.189393939393939,0.00083803686741519,0.000966027563919412,0.00167774355929403,0.000401904058976178,0
"AC005339.2","ENSG00000268565.1","ENSG00000268565","antisense","chr19",4654976,4655536,"-",561,TRUE,0.227272727272727,0.00187861996787932,0,0.00211805530763984,0.00251351195574516,0.00188661108537943
"AC005498.3","ENSG00000267421.2","ENSG00000267421","lincRNA","chr19",57047525,57049944,"-",2420,TRUE,0.0252525252525253,6.93010815301132e-05,0,0.000190115886982507,0,0
"AC005523.2","ENSG00000269604.1","ENSG00000269604","antisense","chr19",4791757,4795571,"-",3815,TRUE,0.252525252525253,0.00123648782347495,0,0.00176744006210832,0.00103033092965741,0.00131420910724009
"AC005523.3","ENSG00000268536.1","ENSG00000268536","lincRNA","chr19",4785132,4791219,"-",6088,TRUE,0.0378787878787879,0.00013071842956168,0,0.000358604074169903,0,0
"AC005534.8","ENSG00000224903.1","ENSG00000224903","antisense","chr7",156446879,156450387,"-",3509,TRUE,0.0757575757575758,0.000834843648966462,0.000823452484045636,6.56681169149651e-05,0.00122064152101783,0.00156151130892385
"AC005540.3","ENSG00000235852.1","ENSG00000235852","antisense","chr2",191745523,191746785,"-",1263,TRUE,0.202020202020202,0.00144615056760618,0.00255116559484403,0.000712639869999305,0.00236870484904874,0.00103110411499136
"AC005546.2","ENSG00000266897.1","ENSG00000266897","lincRNA","chr19",13242385,13243224,"+",840,TRUE,0.113636363636364,0.000971422490973155,0,0.000974825638413123,0.00122628111477335,0.00121781018823084
"AC005614.3","ENSG00000269296.1","ENSG00000269296","antisense","chr19",40596661,40600313,"+",3653,TRUE,0.113636363636364,0.00067395739903003,0,0.00128146413268997,0.000834516377606663,0
"AC005618.6","ENSG00000272070.1","ENSG00000272070","lincRNA","chr5",140705777,140708924,"+",3148,TRUE,0.164141414141414,0.0012344323919768,0.00205733183678269,0.00123723915631518,0.00079185908367953,0.00123682295992976
"AC005624.2","ENSG00000267201.1","ENSG00000267201","lincRNA","chr19",2458933,2462183,"-",3251,TRUE,0.0505050505050505,0.00030135932791614,0,0.000178862503097903,0.000952822124631781,0
"AC005682.8","ENSG00000235664.1","ENSG00000235664","lincRNA","chr7",22928990,22980809,"-",51820,TRUE,0.0883838383838384,0.00129933279273137,0,4.41525520706714e-05,0.00181576843544896,0.0032506866314375
"AC005789.11","ENSG00000267473.1","ENSG00000267473","lincRNA","chr19",38888821,38890521,"+",1701,TRUE,0.0378787878787879,0.000134186261973653,0,0.000368117490416118,0,0
"AC005943.5","ENSG00000267161.1","ENSG00000267161","lincRNA","chr19",1573595,1575474,"-",1880,TRUE,0.669191919191919,0.00293297254866223,0,0.00640454203306181,0.000172079330148081,0.00216819606447031
"AC005944.2","ENSG00000267469.1","ENSG00000267469","antisense","chr19",3052908,3053722,"+",815,TRUE,0.505050505050505,0.0033132289623581,0.00458941216931754,0.00414556746001659,0.00341644054069454,0.00137589097898257
"AC006042.6","ENSG00000227719.1","ENSG00000227719","antisense","chr7",8153655,8156191,"+",2537,TRUE,0.126262626262626,0.000892656812480933,0,0.000445182525850008,0.000447436070063943,0.00241688817595296
"AC006115.3","ENSG00000269793.1","ENSG00000269793","antisense","chr19",57202054,57311014,"+",108961,TRUE,0.0505050505050505,0.000185517696630847,0,0.00050893666689169,0,0
"AC006116.17","ENSG00000267549.1","ENSG00000267549","antisense","chr19",56826072,56852656,"+",26585,TRUE,0.176767676767677,0.000678921952166829,0,0.00186250843822698,0,0
"AC006129.1","ENSG00000268355.1","ENSG00000268355","lincRNA","chr19",42037566,42038534,"+",969,TRUE,0.315656565656566,0.00163641515763483,0,0.0017420480846404,0.00241126607908226,0.00157527089402589
"AC006129.2","ENSG00000268027.1","ENSG00000268027","lincRNA","chr19",42051554,42061832,"+",10279,TRUE,15.6944444444444,0.15037027742877,0.0277710894803376,0.0829022300281352,0.190853347680532,0.269983647580391
"AC006129.4","ENSG00000270164.1","ENSG00000270164","lincRNA","chr19",42041545,42043266,"+",1722,TRUE,6.6540404040404,0.0649821332755806,0.0096317661199827,0.0309955962014755,0.108476847997825,0.0996143447903578
"AC006277.2","ENSG00000253392.2","ENSG00000253392","antisense","chr19",2915144,2926805,"-",11662,TRUE,0.151515151515152,0.000819463779728232,0,0.00168723433543316,0,0.000797589955198059
"AC006369.2","ENSG00000236213.1","ENSG00000236213","antisense","chr2",37827279,37873841,"+",46563,TRUE,0.126262626262626,0.000570061973083581,0,0.00115377122083538,0.000603134647106574,0
"AC006460.2","ENSG00000228509.1","ENSG00000228509","antisense","chr2",191541670,191573442,"-",31773,TRUE,0.202020202020202,0.000620894632365866,0,0.00170332022457141,0,0
"AC006547.8","ENSG00000243762.1","ENSG00000243762","antisense","chr22",20098344,20099398,"-",1055,TRUE,0.214646464646465,0.001433696503089,0.00103966526814688,0.00189641038884462,0.00172062336246656,0.000700051217968412
"AC006942.4","ENSG00000269194.1","ENSG00000269194","antisense","chr19",50312190,50312995,"+",806,TRUE,0.113636363636364,0.0010925745801627,0,0.000108199515808297,0.000995486479926295,0.003146147149091
"AC006946.16","ENSG00000273203.1","ENSG00000273203","lincRNA","chr22",17548711,17551565,"+",2855,TRUE,0.454545454545455,0.00326658149872637,0,0.00261476337970932,0.004742084280478,0.00444029169956342
"AC006994.2","ENSG00000231294.1","ENSG00000231294","antisense","chr2",211036242,211095107,"+",58866,TRUE,0.113636363636364,0.000948932605433483,0,0.000696841567364784,0.0013304784024929,0.00142464804234359
"AC007036.6","ENSG00000227017.1","ENSG00000227017","lincRNA","chr7",30216003,30218630,"-",2628,TRUE,0.126262626262626,0.000366814759962737,0,0.0007149547158192,0,0.000414334302628002
"AC007038.7","ENSG00000229127.1","ENSG00000229127","antisense","chr2",210895457,210929080,"+",33624,TRUE,0.189393939393939,0.00157929894321488,0,0.00146272257985493,0.00162084776159022,0.00251401152030498
"AC007092.1","ENSG00000233723.3","ENSG00000233723","lincRNA","chr2",58654934,59290901,"+",635968,TRUE,0.0378787878787879,7.37501197275925e-05,0,0.000202321076634061,0,0
"AC007163.6","ENSG00000230408.3","ENSG00000230408","antisense","chr2",201645218,201676893,"-",31676,TRUE,0.0757575757575758,0.000274764621917622,0,0.000587696540441153,0.000244246507047353,0
"AC007193.8","ENSG00000269151.1","ENSG00000269151","antisense","chr19",46893772,46894109,"-",338,TRUE,0.0505050505050505,0.000260451164822296,0,0.000714504061445301,0,0
"AC007204.2","ENSG00000267268.1","ENSG00000267268","lincRNA","chr19",20011777,20074273,"+",62497,TRUE,0.0378787878787879,0.000223669717949526,0,0.000270855246157673,0.00050407797784159,0
"AC007228.11","ENSG00000269696.1","ENSG00000269696","antisense","chr19",57056935,57078780,"-",21846,TRUE,0.265151515151515,0.00185605672792789,0.00155263357382266,0.00287471338570684,0.000649697929230251,0.00172934767921117
"AC007228.9","ENSG00000268568.1","ENSG00000268568","lincRNA","chr19",57183942,57185269,"-",1328,TRUE,1.83080808080808,0.00792591515509128,0.00228944421306837,0.0140813783748102,0.00592962456022208,0.00398986880144769
"AC007246.3","ENSG00000231312.2","ENSG00000231312","antisense","chr2",39663778,39892483,"+",228706,TRUE,4.2550505050505,0.0307127348917436,0.00388803658107017,0.0171866952334128,0.031481637786612,0.0629482060021254
"AC007285.6","ENSG00000227014.1","ENSG00000227014","antisense","chr7",30028216,30065276,"+",37061,TRUE,0.0631313131313131,0.000394037842173269,0,0.00108097669207215,0,0
"AC007292.3","ENSG00000269318.1","ENSG00000269318","antisense","chr19",4356634,4358445,"-",1812,TRUE,0.0631313131313131,0.000531370980793183,0,0.000445833404814863,0.00148820026906852,0
"AC007292.6","ENSG00000267980.1","ENSG00000267980","antisense","chr19",4363786,4364637,"+",852,TRUE,0.126262626262626,0.000881990858915903,0,0.000431553114470147,0.00138565308133323,0.00148740727215838
"AC007365.1","ENSG00000233694.1","ENSG00000233694","lincRNA","chr2",64834109,64843616,"+",9508,TRUE,0.0378787878787879,0.000124132787744403,0,0.000340537471054961,0,0
"AC007365.3","ENSG00000226756.1","ENSG00000226756","lincRNA","chr2",64871746,64873832,"+",2087,TRUE,0.492424242424242,0.00283878761264734,0,0.00489021913927854,0.00244483399795288,0.00175661384191541
"AC007381.2","ENSG00000223929.1","ENSG00000223929","lincRNA","chr2",60586351,60618510,"-",32160,TRUE,0.0505050505050505,0.000359468962618768,0,0.000889024036019749,0.000142833312252484,0
"AC007381.3","ENSG00000228590.1","ENSG00000228590","lincRNA","chr2",60577730,60580151,"-",2422,TRUE,0.0378787878787879,0.000160256273146996,0,0.000127467917069694,0,0.000443955569824633
"AC007383.3","ENSG00000227946.1","ENSG00000227946","lincRNA","chr2",206949329,206951288,"+",1960,TRUE,0.744949494949495,0.00505047746957361,0.00314009368996871,0.00297136170228326,0.00492378246618017,0.00910856054475474
"AC007386.2","ENSG00000237638.1","ENSG00000237638","lincRNA","chr2",65128974,65132271,"-",3298,TRUE,0.909090909090909,0.0074760032559004,0.00402731466240959,0.00446263357251218,0.0166630849569662,0.00464447273076745
"AC007391.2","ENSG00000232028.1","ENSG00000232028","lincRNA","chr2",37552483,37553940,"+",1458,TRUE,0.0631313131313131,0.000208065538430417,0,0.000570792886861415,0,0
"AC007405.6","ENSG00000239467.1","ENSG00000239467","lincRNA","chr2",171627623,171634658,"+",7036,TRUE,0.151515151515152,0.000761972232948473,0,0.00168943270894699,0.000589621932869049,0
"AC007551.3","ENSG00000228878.3","ENSG00000228878","lincRNA","chr7",35791466,35840226,"-",48761,TRUE,0.227272727272727,0.00173052827460271,0.00431203904464013,0.00215344399000033,0,0.00147993622132847
"AC007566.10","ENSG00000244055.1","ENSG00000244055","antisense","chr7",92086878,92120924,"+",34047,TRUE,0.23989898989899,0.00159887274106332,0,0.00134696496356658,0.00188611171166089,0.00249849604404653
"AC007620.3","ENSG00000242539.2","ENSG00000242539","antisense","chr3",179114749,179116979,"+",2231,TRUE,0.0378787878787879,0.000161455596586033,0,0.000442926333550877,0,0
"AC007773.2","ENSG00000267213.3","ENSG00000267213","antisense","chr19",32880956,32896466,"-",15511,TRUE,0.265151515151515,0.00122088742346388,0,0.00184098993981484,0.00053328534535435,0.00162938487914182
"AC007879.2","ENSG00000234902.2","ENSG00000234902","lincRNA","chr2",208051441,208100790,"-",49350,TRUE,0.202020202020202,0.00241171512923407,0.00974199218901161,0.00138886428844001,0.00204530719411072,0.000465282130145864
"AC007879.4","ENSG00000225916.1","ENSG00000225916","lincRNA","chr2",208091673,208093032,"+",1360,TRUE,0.0631313131313131,0.00028008138194039,0,0.000498688030337763,0.000396603261020259,0
"AC007879.5","ENSG00000223725.2","ENSG00000223725","antisense","chr2",208104588,208394519,"-",289932,TRUE,0.113636363636364,0.000676665579452161,0,0.000841586293202681,0.000629808124478888,0.000834097740114738
"AC007880.1","ENSG00000234572.1","ENSG00000234572","lincRNA","chr2",65073264,65090760,"-",17497,TRUE,0.0505050505050505,0.00060457347153586,0.00242374890403562,0.000169099799847432,0.000906435003671644,0
"AC008069.1","ENSG00000223536.1","ENSG00000223536","lincRNA","chr2",16909391,16948822,"+",39432,TRUE,0.0378787878787879,0.000234070043117626,0,0.000143988579688261,0.00073262338865593,0
"AC008088.4","ENSG00000260907.1","ENSG00000260907","lincRNA","chr17",20433355,20434194,"-",840,TRUE,0.0378787878787879,8.24159958049781e-05,0,0.000226094453334058,0,0
"AC008278.2","ENSG00000234022.1","ENSG00000234022","antisense","chr2",15704294,15713992,"+",9699,TRUE,0.0378787878787879,0.000197398814891587,0,0.000274376254410334,0.000392905943687586,0
"AC008440.5","ENSG00000232220.2","ENSG00000232220","antisense","chr19",54377880,54379303,"-",1424,TRUE,0.113636363636364,0.000664131093726968,0,0.000608150014283752,0.00124941391851791,0.000518024457650114
"AC008592.4","ENSG00000251409.1","ENSG00000251409","antisense","chr5",95171647,95188425,"-",16779,TRUE,0.0378787878787879,0.000329369699301822,0,0.000168264121925267,0,0.00104572881698137
"AC008592.8","ENSG00000272021.1","ENSG00000272021","lincRNA","chr5",95185013,95185559,"+",547,TRUE,0.0505050505050505,0.000295670072607501,0,4.38931551032997e-05,0.000768852260678652,0.000347650467268958
"AC008703.1","ENSG00000253298.1","ENSG00000253298","lincRNA","chr5",158875564,158893284,"-",17721,TRUE,0.0378787878787879,9.12349524339572e-05,0,0.000250287780837181,0,0
"AC008781.7","ENSG00000228737.2","ENSG00000228737","antisense","chr5",140997981,141006048,"+",8068,TRUE,0.0378787878787879,0.000132326550571052,0,0.000253919400016815,0.000160448788932343,0
"AC009005.2","ENSG00000267751.1","ENSG00000267751","antisense","chr19",567212,572215,"-",5004,TRUE,0.972222222222222,0.00405817621267134,0,0.00820191597431314,0.00378863642375093,0.000504793540242318
"AC009120.4","ENSG00000261404.1","ENSG00000261404","lincRNA","chr16",74088050,74330660,"-",242611,TRUE,0.202020202020202,0.000997681169487868,0.00303072682304669,0.00147506183276013,0.000250216737237317,0
"AC009120.6","ENSG00000259972.1","ENSG00000259972","antisense","chr16",74339100,74369244,"-",30145,TRUE,1.30050505050505,0.00697711524236659,0.00516369114070889,0.00803249063557421,0.00762852349117857,0.00577533096311322
"AC009133.12","ENSG00000261690.1","ENSG00000261690","antisense","chr16",29829301,29832573,"-",3273,TRUE,0.921717171717172,0.00808504141949481,0,0.00608770686235235,0.0113887611286279,0.0118729951897985
"AC009133.14","ENSG00000238045.5","ENSG00000238045","antisense","chr16",29819966,29823306,"-",3341,TRUE,3.09343434343434,0.0215101744401097,0.00407254482104206,0.0209867031393717,0.0257844156365536,0.0270550320659429
"AC009133.17","ENSG00000260719.1","ENSG00000260719","antisense","chr16",29756568,29759620,"+",3053,TRUE,0.71969696969697,0.00518934341585259,0.00128952348817578,0.00284126197478088,0.0118960980127783,0.00404124714560265
"AC009133.20","ENSG00000261962.1","ENSG00000261962","antisense","chr16",29820250,29831687,"-",11438,TRUE,0.0378787878787879,0.00031850892266318,0,0.000313781929064815,0.000823587487662898,0
"AC009299.2","ENSG00000235724.4","ENSG00000235724","antisense","chr2",162079296,162111179,"-",31884,TRUE,0.0757575757575758,0.000422654751520544,0,0.000303717461898732,0.000720424887321233,0.000520393726960339
"AC009299.3","ENSG00000227403.1","ENSG00000227403","lincRNA","chr2",162101250,162105561,"+",4312,TRUE,3.52272727272727,0.0175705759227012,0.00896709013297418,0.0271397640430702,0.0117757494850201,0.0139728534670255
"AC009336.24","ENSG00000226363.3","ENSG00000226363","lincRNA","chr2",177042445,177043736,"+",1292,TRUE,0.0378787878787879,0.000177002233635718,0,0.000485575923240348,0,0
"AC009404.2","ENSG00000236255.1","ENSG00000236255","lincRNA","chr2",118591513,118599234,"+",7722,TRUE,1.83080808080808,0.0162316133169412,0.0115556964219818,0.0116166150538493,0.0219996323485735,0.0196128114436457
"AC009473.1","ENSG00000234141.1","ENSG00000234141","antisense","chr7",7989484,7990340,"-",857,TRUE,0.202020202020202,0.00122863716546386,0,0.00122892936060553,0.000853061210455537,0.00222085129570511
"AC009495.2","ENSG00000235192.1","ENSG00000235192","lincRNA","chr2",166651361,166666520,"+",15160,TRUE,0.555555555555556,0.00350352859930122,0,0.00368343497024206,0.00408324602275147,0.00448199891857918
"AC009495.4","ENSG00000229195.1","ENSG00000229195","lincRNA","chr2",166651367,166702601,"-",51235,TRUE,0.0378787878787879,0.00022961572750906,0,0.000149506187003238,0.000706537035146921,0
"AC009501.4","ENSG00000231609.1","ENSG00000231609","antisense","chr2",63271057,63275775,"-",4719,TRUE,44.949494949495,0.355812541010552,0.145362730904906,0.419191618465258,0.357339350377239,0.372017112001355
"AC009506.1","ENSG00000224152.1","ENSG00000224152","antisense","chr2",160471807,160473593,"+",1787,TRUE,0.378787878787879,0.0023021506383088,0,0.00183307859271303,0.00279364833697105,0.00367340072550196
"AC009948.5","ENSG00000223960.2","ENSG00000223960","antisense","chr2",179278666,179304970,"+",26305,TRUE,17.0328282828283,0.119989212954568,0.00349464015393064,0.161154086485468,0.0387778268414666,0.199658827126475
"AC009950.2","ENSG00000225963.3","ENSG00000225963","antisense","chr2",230990026,231038939,"+",48914,TRUE,0.164141414141414,0.000811774309372522,0,0.000848978575776032,0.00131676599952401,0.000686423509802632
"AC009961.3","ENSG00000226266.2","ENSG00000226266","lincRNA","chr2",160527219,160568946,"-",41728,TRUE,0.997474747474748,0.00545421186450869,0.00261012628001399,0.00813681041746681,0.00388932122072452,0.00460941744048541
"AC010091.1","ENSG00000233491.2","ENSG00000233491","lincRNA","chr7",81205702,81255532,"-",49831,TRUE,0.0378787878787879,0.000103407278235981,0,3.46170092673235e-05,0.000366299713639431,0
"AC010149.4","ENSG00000235419.1","ENSG00000235419","antisense","chr2",231385309,231444721,"-",59413,TRUE,0.265151515151515,0.00127880952844372,0,0.00188241357401937,0.00239105627971488,0
"AC010226.4","ENSG00000249249.1","ENSG00000249249","antisense","chr5",114937754,114956356,"+",18603,TRUE,2.56313131313131,0.0189790015204726,0.0154911498234708,0.0228294341582697,0.0117990037431771,0.0222329435778089
"AC010504.2","ENSG00000267219.1","ENSG00000267219","antisense","chr19",34839261,34850317,"-",11057,TRUE,0.0378787878787879,0.000174849029079461,0,0.000227836676829155,0.000370371790271808,0
"AC010524.2","ENSG00000268686.1","ENSG00000268686","antisense","chr19",49871962,49891338,"-",19377,TRUE,0.0631313131313131,0.000244396336111869,0,0.00043222321638435,0.000350377257414356,0
"AC010746.3","ENSG00000225979.1","ENSG00000225979","antisense","chr2",198176117,198177464,"+",1348,TRUE,0.138888888888889,0.000706928137163951,0,0.00102476905868933,0.00067179574785101,0.000651048039837855
"AC010761.10","ENSG00000265840.1","ENSG00000265840","antisense","chr17",27076749,27077097,"-",349,TRUE,0.0378787878787879,0.000185838015053849,0.00103935586451265,0.000135402487056917,0,0
"AC010761.8","ENSG00000264577.1","ENSG00000264577","antisense","chr17",27048505,27049895,"-",1391,TRUE,2.3989898989899,0.0103671026945219,0.00857771617527674,0.0213410870337795,0.00327494050766419,0.00253507489421669
"AC010883.5","ENSG00000234936.1","ENSG00000234936","antisense","chr2",43456712,43460533,"+",3822,TRUE,0.227272727272727,0.00209029382560241,0.0018654847325157,0.00046643353459183,0.00418032952892492,0.00249381403808303
"AC010894.3","ENSG00000226853.2","ENSG00000226853","lincRNA","chr2",175352117,175353114,"+",998,TRUE,1.18686868686869,0.00497501029973836,0,0.00974616073348187,0.0032718278520949,0.00238537806044501
"AC010982.1","ENSG00000234199.2","ENSG00000234199","lincRNA","chr2",114737146,114764879,"+",27734,TRUE,0.138888888888889,0.000692233788643386,0,0.000948170558670739,0.000694807574985606,0.000680401937673127
"AC011290.4","ENSG00000227172.2","ENSG00000227172","antisense","chr7",39585245,39605838,"-",20594,TRUE,0.0252525252525253,0.000110532352076648,0,0.000303226958242831,0,0
"AC011525.2","ENSG00000261400.1","ENSG00000261400","lincRNA","chr19",32078946,32086626,"-",7681,TRUE,0.0252525252525253,4.41716683778696e-05,0,0.000121177559249299,0,0
"AC011526.1","ENSG00000267107.2","ENSG00000267107","lincRNA","chr19",41960074,42006559,"-",46486,TRUE,0.0757575757575758,0.000580629719947667,0,0.000678279945278541,0,0.00130068629554994
"AC011558.5","ENSG00000267020.1","ENSG00000267020","antisense","chr19",1038726,1039063,"-",338,TRUE,0.643939393939394,0.00255426951725555,0,0.00461506556004814,0.00176495347056464,0.00169532839511655
"AC011747.4","ENSG00000236008.1","ENSG00000236008","lincRNA","chr2",8699963,8723922,"-",23960,TRUE,0.0631313131313131,0.000266380017705737,0,0.000730768874343415,0,0
"AC011893.3","ENSG00000226806.1","ENSG00000226806","antisense","chr2",136577761,136580657,"+",2897,TRUE,0.71969696969697,0.00258137398359946,0,0.00708156631455064,0,0
"AC012065.7","ENSG00000260396.1","ENSG00000260396","lincRNA","chr2",20877569,20879005,"+",1437,TRUE,0.164141414141414,0.00247540509036173,0.0170717457166728,0.000641008926333622,0,0
"AC012309.5","ENSG00000226686.3","ENSG00000226686","lincRNA","chr19",37742814,37756437,"+",13624,TRUE,0.517676767676768,0.0027975569407418,0,0.00567643054927274,0.002230405937817,0.000684979861571378
"AC012314.8","ENSG00000237017.1","ENSG00000237017","antisense","chr19",54622891,54628722,"-",5832,TRUE,0.214646464646465,0.00208149478831509,0,0.000367194935048247,0.0049086971857824,0.00285200707895584
"AC012358.8","ENSG00000240401.4","ENSG00000240401","antisense","chr2",55535628,55573185,"+",37558,TRUE,0.252525252525253,0.00194845307901257,0,0.00176696600847077,0.00107148403079915,0.00405280510683039
"AC012360.4","ENSG00000235319.1","ENSG00000235319","lincRNA","chr2",105940667,105946986,"+",6320,TRUE,0.164141414141414,0.000940945745581228,0,0.00169972772059782,0.00129657482202619,0
"AC012368.1","ENSG00000228079.1","ENSG00000228079","lincRNA","chr2",64313484,64315380,"-",1897,TRUE,0.0631313131313131,0.000982766886177475,0.00310491184148396,0.00030705842287734,0.00186853171499512,0
"AC012456.4","ENSG00000230790.2","ENSG00000230790","antisense","chr2",11881123,11885427,"-",4305,TRUE,0.0252525252525253,0.000177048481553191,0,0.000119086033442315,0.0005391862431754,0
"AC012487.2","ENSG00000214184.3","ENSG00000214184","antisense","chr2",109123971,109150652,"-",26682,TRUE,0.138888888888889,0.000540208242160104,0,0.000795902672651968,0.00100900573711757,0
"AC013264.2","ENSG00000231621.1","ENSG00000231621","antisense","chr2",198062715,198063997,"+",1283,TRUE,0.303030303030303,0.00207040156638567,0,0.00150322727612882,0.00272511462440625,0.00330461243935031
"AC015849.16","ENSG00000266999.1","ENSG00000266999","lincRNA","chr17",34220711,34238027,"-",17317,TRUE,0.0505050505050505,0.000290011668544656,0,0.000795598342526384,0,0
"AC015849.19","ENSG00000267025.1","ENSG00000267025","antisense","chr17",34143721,34157297,"-",13577,TRUE,0.126262626262626,0.000361118137493117,0,0.000325653420374184,0.000628438800138021,0.000338063477662208
"AC015849.2","ENSG00000237805.1","ENSG00000237805","antisense","chr17",34195971,34212867,"+",16897,TRUE,0.0505050505050505,0.000189846141921169,0,0.000520811030140513,0,0
"AC015971.2","ENSG00000228363.2","ENSG00000228363","antisense","chr2",86789193,86845889,"+",56697,TRUE,0.151515151515152,0.00096550097941596,0,0.00133398051418347,0,0.0018697369519836
"AC016629.8","ENSG00000267858.1","ENSG00000267858","antisense","chr19",59070496,59086164,"+",15669,TRUE,3.08080808080808,0.0214085000492731,0.025882827834364,0.0284413547512869,0.0247999369437698,0.00583483352459073
"AC016683.5","ENSG00000234174.1","ENSG00000234174","antisense","chr2",113929112,113932937,"-",3826,TRUE,0.23989898989899,0.00120399685299321,0,0.00215229352382888,0.000175913456058272,0.00146633771338415
"AC016700.2","ENSG00000233060.1","ENSG00000233060","lincRNA","chr2",70316853,70323232,"+",6380,TRUE,0.0883838383838384,0.000255202056065739,0,0.000700104012483773,0,0
"AC016700.5","ENSG00000231327.1","ENSG00000231327","lincRNA","chr2",70351168,70352449,"-",1282,TRUE,0.833333333333333,0.00476292145205544,0,0.0074545865691185,0.00106691424047748,0.00694906099565352
"AC016723.4","ENSG00000235335.2","ENSG00000235335","antisense","chr2",168671284,168797654,"-",126371,TRUE,0.0252525252525253,0.000239957290224,0,6.36032093921576e-05,0.000874599731563383,0
"AC016725.4","ENSG00000224043.3","ENSG00000224043","antisense","chr2",135493034,135676280,"-",183247,TRUE,0.643939393939394,0.00285613626690307,0.00296798095779881,0.00476046998133033,0.00095802737138064,0.0019260169811038
"AC016745.3","ENSG00000234997.1","ENSG00000234997","antisense","chr2",114182072,114182901,"+",830,TRUE,0.366161616161616,0.00281998824335059,0.00526143971293426,0.00302086051203247,0.0018363525188664,0.00223469226261701
"AC016907.3","ENSG00000233862.1","ENSG00000233862","antisense","chr2",30273932,30366670,"-",92739,TRUE,0.0505050505050505,0.000167494045414806,0,0.000285135983602309,0.000256426518097503,0
"AC017002.1","ENSG00000240350.1","ENSG00000240350","lincRNA","chr2",112248850,112268567,"+",19718,TRUE,9.24242424242424,0.042867466212916,0,0.116403861478793,0.00175872863831844,0
"AC017002.2","ENSG00000224959.1","ENSG00000224959","lincRNA","chr2",112249520,112252388,"-",2869,TRUE,0.997474747474748,0.00423195900299798,0.000949156288449534,0.00704145856313805,0.0025322836102459,0.00356178776604147
"AC017048.3","ENSG00000163364.5","ENSG00000163364","lincRNA","chr2",177494317,177502659,"-",8343,TRUE,0.202020202020202,0.00158984616080476,0.0018305300865847,0.00136679793689761,0.00111833631574928,0.0022396997398455
"AC017074.2","ENSG00000227359.1","ENSG00000227359","lincRNA","chr2",114435279,114461655,"-",26377,TRUE,0.0252525252525253,0.000124345323013316,0,0.000341120525897287,0,0
"AC017076.5","ENSG00000225964.1","ENSG00000225964","antisense","chr2",6968645,6980595,"-",11951,TRUE,0.833333333333333,0.0122035764875501,0,9.38688798502225e-05,0,0.0474784858745167
"AC017099.3","ENSG00000228486.5","ENSG00000228486","antisense","chr2",98280680,98319527,"+",38848,TRUE,1.13636363636364,0.011777398693102,0.0119083105274323,0.00687452905382836,0.0100231770959249,0.0203793560015446
"AC018462.2","ENSG00000229839.2","ENSG00000229839","antisense","chr2",62296582,62374016,"-",77435,TRUE,0.0378787878787879,0.000193820773766166,0,0.000146044908299513,0,0.000548487132003615
"AC018470.4","ENSG00000231453.1","ENSG00000231453","lincRNA","chr2",175190755,175195371,"+",4617,TRUE,0.0378787878787879,8.52934512932054e-05,0,0.000233988269567782,0,0
"AC018737.1","ENSG00000236859.2","ENSG00000236859","antisense","chr2",122407226,122485784,"+",78559,TRUE,4.48232323232323,0.0255096378931748,0.00378767745966457,0.041243137578073,0.0172778524217494,0.0222225542187696
"AC018766.4","ENSG00000267896.1","ENSG00000267896","antisense","chr19",50363139,50363771,"-",633,TRUE,0.101010101010101,0.00057599985349485,0,0.000766903788839087,0.000545414254491394,0.000629172127947862
"AC018766.5","ENSG00000269352.1","ENSG00000269352","antisense","chr19",50360227,50362546,"-",2320,TRUE,0.189393939393939,0.00150255328930337,0,0.00137121517496163,0,0.00391208070993521
"AC019117.2","ENSG00000236039.1","ENSG00000236039","lincRNA","chr7",17474101,17500296,"-",26196,TRUE,0.0505050505050505,0.000154184364599597,0,0.000422978928863459,0,0
"AC019181.2","ENSG00000233255.1","ENSG00000233255","antisense","chr2",165697259,165705844,"+",8586,TRUE,0.113636363636364,0.000526448839123042,0,0.000644468248347799,0.00076235540145511,0.000400192768383258
"AC019186.1","ENSG00000234584.1","ENSG00000234584","lincRNA","chr2",158582220,158592517,"-",10298,TRUE,0.176767676767677,0.000799828228891548,0,0.000995008691696997,0.00111944243987267,0.000622947768680681
"AC020571.3","ENSG00000229056.2","ENSG00000229056","antisense","chr2",197124748,197128928,"+",4181,TRUE,1.12373737373737,0.0050799722574386,0,0.0125351959873723,0.00206024934455927,0
"AC020594.5","ENSG00000237133.1","ENSG00000237133","antisense","chr2",33780114,33788614,"-",8501,TRUE,0.151515151515152,0.000914513214779323,0,0.000581467191135965,0,0.00274100930061217
"AC020743.2","ENSG00000228005.1","ENSG00000228005","antisense","chr7",50181136,50182419,"-",1284,TRUE,0.0378787878787879,9.68800837539614e-05,0,0.000265774251240518,0,0
"AC021188.4","ENSG00000230747.1","ENSG00000230747","antisense","chr2",96973001,96987469,"-",14469,TRUE,0.23989898989899,0.000959906414568129,0,0.00196833323104012,0.000978034011903598,0
"AC021224.1","ENSG00000262477.1","ENSG00000262477","lincRNA","chr18",29992145,29993199,"+",1055,TRUE,0.189393939393939,0.000639805788542954,0,0.00134842336982025,0.000598249402235926,0
"AC022007.5","ENSG00000206567.5","ENSG00000206567","lincRNA","chr3",10048102,10052893,"-",4792,TRUE,0.303030303030303,0.0032689734962818,0,0.00100433541389184,0.00404535929310023,0.00741365194989674
"AC022182.1","ENSG00000254777.1","ENSG00000254777","lincRNA","chr8",61822612,61879116,"+",56505,TRUE,0.214646464646465,0.00145933500358839,0.00362069760637858,0.00217848876920261,0.00038814405566591,0.000365115201884836
"AC022182.3","ENSG00000254802.1","ENSG00000254802","lincRNA","chr8",61878361,61880334,"-",1974,TRUE,1.70454545454545,0.0112201776862233,0,0.0161285980864649,0.0125021451400469,0.00874819393564138
"AC024560.2","ENSG00000236833.1","ENSG00000236833","lincRNA","chr3",197387436,197392628,"-",5193,TRUE,0.606060606060606,0.00365606642615871,0.00167838427319669,0.00569332946739988,0.00489268932822265,0.000576125678506362
"AC024704.2","ENSG00000244063.1","ENSG00000244063","lincRNA","chr2",114586967,114588696,"-",1730,TRUE,0.101010101010101,0.00063665657575169,0,0.000596941859736463,0.000827115234116289,0.000835133855331989
"AC025171.1","ENSG00000215068.3","ENSG00000215068","antisense","chr5",43041677,43045492,"+",3816,TRUE,1.19949494949495,0.00808203697318646,0.0137013868786443,0.00934693949243546,0.00249467250571181,0.00880720888200652
"AC025335.1","ENSG00000179859.7","ENSG00000179859","antisense","chr17",7816642,7819271,"-",2630,TRUE,1.38888888888889,0.00883448534146451,0.00844783994443764,0.0134781677155284,0.0064814539971197,0.0047038453059642
"AC025918.2","ENSG00000225798.1","ENSG00000225798","antisense","chr15",59182166,59186281,"+",4116,TRUE,0.0757575757575758,0.0003906723521404,0,0.00041182877655928,0.000136793110069454,0.00080623176155615
"AC026202.3","ENSG00000233912.1","ENSG00000233912","antisense","chr3",5198590,5229014,"-",30425,TRUE,3.32070707070707,0.0293985566098016,0,0.0132110562251362,0.0399511336600441,0.0572769328339872
"AC026806.2","ENSG00000268913.1","ENSG00000268913","lincRNA","chr19",38822274,38822716,"+",443,TRUE,5.37878787878788,0.0406498984758417,0,0.02361825461502,0.0674250025896213,0.0598059186067374
"AC034243.1","ENSG00000253404.1","ENSG00000253404","antisense","chr5",138080123,138088998,"-",8876,TRUE,0.176767676767677,0.00163522247586554,0,0.000706699914917392,0.00166772754699166,0.00376205427573592
"AC053503.4","ENSG00000229525.1","ENSG00000229525","antisense","chr2",220253218,220268355,"+",15138,TRUE,0.0378787878787879,0.000147736100635207,0,0.000405289198832989,0,0
"AC061992.2","ENSG00000267737.1","ENSG00000267737","lincRNA","chr17",76311810,76343879,"+",32070,TRUE,0.593434343434343,0.00295859423688212,0,0.00484280992705538,0.00250824744230157,0.00223014008249238
"AC062029.1","ENSG00000234028.3","ENSG00000234028","antisense","chr2",88927057,88931339,"+",4283,TRUE,3.19444444444444,0.0207283900401178,0.011145955995967,0.0197408171435511,0.0299717762806783,0.0181038024381891
"AC064834.2","ENSG00000223466.1","ENSG00000223466","lincRNA","chr2",196397759,196403405,"+",5647,TRUE,0.29040404040404,0.000995894465223046,0,0.00273206933306773,0,0
"AC067959.1","ENSG00000233005.1","ENSG00000233005","lincRNA","chr2",21444047,22193831,"+",749785,TRUE,0.0505050505050505,0.000400137600688883,0,0.000222850870758285,0,0.00124419671604768
"AC067961.1","ENSG00000232784.1","ENSG00000232784","lincRNA","chr2",226264426,226265304,"+",879,TRUE,0.0505050505050505,0.000173903905892501,0,0.000181327331638567,0.000434960228338293,0
"AC068039.4","ENSG00000228389.1","ENSG00000228389","antisense","chr2",172629992,172632354,"+",2363,TRUE,0.277777777777778,0.00169741577550955,0,0.00298577696868723,0.00191269148434643,0.000526591847124907
"AC068282.3","ENSG00000236682.1","ENSG00000236682","lincRNA","chr2",128146706,128158156,"+",11451,TRUE,1.50252525252525,0.00707790671439247,0.00252017628994375,0.0102318431396653,0.00802979358651714,0.00400700585315271
"AC068492.1","ENSG00000237262.1","ENSG00000237262","lincRNA","chr2",136835462,136836083,"+",622,TRUE,0.164141414141414,0.000637560225639805,0,0.00174903948287747,0,0
"AC068499.10","ENSG00000268650.3","ENSG00000268650","antisense","chr19",18315540,18331290,"+",15751,TRUE,0.277777777777778,0.00252655217506261,0,0.00111009104934808,0.0046456447813004,0.00378623628637204
"AC068610.3","ENSG00000225535.2","ENSG00000225535","lincRNA","chr7",114719012,114766368,"+",47357,TRUE,0.277777777777778,0.00187751056616362,0.00227172317288516,0.00130618159974798,0.00138823959150194,0.00296119753084953
"AC068831.10","ENSG00000214432.5","ENSG00000214432","antisense","chr15",91565849,91579841,"+",13993,TRUE,0.315656565656566,0.0011185363376185,0,0.00220363077737875,0.000589757844251871,0.000659719749448092
"AC068831.6","ENSG00000258384.1","ENSG00000258384","antisense","chr15",91495469,91498455,"-",2987,TRUE,0.0883838383838384,0.000710708168393579,0,0.000658231067156339,0,0.00183669734127921
"AC069277.2","ENSG00000189229.10","ENSG00000189229","lincRNA","chr3",6532166,6777816,"+",245651,TRUE,0.202020202020202,0.000585275781461054,0,0.00160560588471477,0,0
"AC069278.4","ENSG00000267242.1","ENSG00000267242","lincRNA","chr19",44978645,44979403,"-",759,TRUE,0.378787878787879,0.00245656518718899,0.00239550449020863,0.00273372980701974,0.00211918651290168,0.00241991651971813
"AC069363.1","ENSG00000224298.2","ENSG00000224298","antisense","chr17",34400226,34417480,"+",17255,TRUE,0.164141414141414,0.00073130413945909,0,0.00184555034228942,0.000236283722020604,0
"AC069513.4","ENSG00000229178.1","ENSG00000229178","lincRNA","chr3",195382436,195384798,"-",2363,TRUE,0.303030303030303,0.00196532480814262,0,0.00173627762006375,0.00364570142826553,0.00167301826979326
"AC072062.1","ENSG00000229267.2","ENSG00000229267","antisense","chr2",215674953,215827998,"+",153046,TRUE,0.820707070707071,0.00373665888082538,0,0.00595338928054312,0.00173031081917377,0.00443857307643887
"AC073072.5","ENSG00000179428.2","ENSG00000179428","antisense","chr7",22765014,22767239,"-",2226,TRUE,1.03535353535354,0.00459286889007021,0,0.00872549777536516,0.00395911244595682,0.00168141468003133
"AC073115.7","ENSG00000229628.1","ENSG00000229628","lincRNA","chr7",46030504,46040497,"+",9994,TRUE,0.0378787878787879,0.000189134686827866,0,0.000518859272489331,0,0
"AC073254.1","ENSG00000237126.4","ENSG00000237126","antisense","chr2",233445658,233476681,"-",31024,TRUE,0.0505050505050505,0.000108491783420213,0,0.00029762900058472,0,0
"AC073283.7","ENSG00000225187.1","ENSG00000225187","antisense","chr2",47294961,47298343,"+",3383,TRUE,0.0631313131313131,0.000229144523336034,0,0.000143658379684348,0.000713236313129228,0
"AC073934.6","ENSG00000240790.1","ENSG00000240790","antisense","chr7",127284739,127292066,"-",7328,TRUE,0.176767676767677,0.00124501356116692,0,0.00148073657012787,0.00120067459160512,0.00159049098677932
"AC074117.10","ENSG00000234072.1","ENSG00000234072","antisense","chr2",27579113,27590489,"+",11377,TRUE,2.63888888888889,0.0140522947116775,0.00149301871643309,0.022297427433932,0.0157480471185685,0.00712085968270141
"AC074138.3","ENSG00000225975.2","ENSG00000225975","lincRNA","chr19",37176342,37178351,"-",2010,TRUE,1.13636363636364,0.00584914298014568,0.00217375357790387,0.00899862314492101,0.0048204262179393,0.00424777684558224
"AC074183.4","ENSG00000232019.1","ENSG00000232019","lincRNA","chr7",84568665,84569561,"-",897,TRUE,0.681818181818182,0.00271438552451285,0.00161220205715699,0.00542602642282762,0.00066552499134099,0.00140388146502108
"AC074212.5","ENSG00000259605.3","ENSG00000259605","antisense","chr19",46268043,46273064,"+",5022,TRUE,1.07323232323232,0.0139857386286255,0,0.000478384477785447,0.0199598609724425,0.0345836191440604
"AC074212.6","ENSG00000267395.1","ENSG00000267395","antisense","chr19",46271054,46275762,"+",4709,TRUE,0.580808080808081,0.00584390306924535,0,0.00343139488866511,0.00895004043043564,0.0092651950245822
"AC074289.1","ENSG00000225889.3","ENSG00000225889","antisense","chr2",64370373,64479993,"+",109621,TRUE,14.2929292929293,0.160593090375279,0.0943725793900517,0.055087406175328,0.173214089538604,0.332361179218773
"AC074389.9","ENSG00000236081.1","ENSG00000236081","lincRNA","chr7",1778266,1781927,"-",3662,TRUE,2.05808080808081,0.00989703488120512,0.00123453116920397,0.0186540646024398,0.00624584603830976,0.0054116864841018
"AC078883.3","ENSG00000232788.1","ENSG00000232788","antisense","chr2",173328990,173330750,"-",1761,TRUE,1.6540404040404,0.0170545944810094,0.00213096585008326,0.00527564604825718,0.0253450251208528,0.0334350292374163
"AC079305.10","ENSG00000222043.2","ENSG00000222043","antisense","chr2",178129087,178130243,"+",1157,TRUE,0.896464646464647,0.00455641026820371,0.00382633881965282,0.00661463161552714,0.00583308455615834,0.000768763790132407
"AC079354.5","ENSG00000231903.1","ENSG00000231903","antisense","chr2",203043383,203044114,"-",732,TRUE,0.138888888888889,0.000728126958570836,0,0.0012405373519694,0.00111326244357889,0
"AC079610.2","ENSG00000196096.3","ENSG00000196096","lincRNA","chr2",214141276,214148929,"-",7654,TRUE,0.113636363636364,0.00059704855142281,0,0.000738892000451096,0,0.00127854350835781
"AC079630.2","ENSG00000223914.1","ENSG00000223914","lincRNA","chr12",40550041,40561509,"+",11469,TRUE,0.0505050505050505,0.000170922286128472,0,0.000468896607598718,0,0
"AC079630.4","ENSG00000225342.1","ENSG00000225342","antisense","chr12",40579811,40617605,"-",37795,TRUE,0.0505050505050505,6.48841636002202e-05,0,0.000177998813894612,0,0
"AC079742.4","ENSG00000232581.1","ENSG00000232581","antisense","chr7",6618196,6628605,"-",10410,TRUE,0.0378787878787879,0.000260363048217946,0.00166463807592287,0.000114600534439328,0,0
"AC079767.4","ENSG00000224137.1","ENSG00000224137","lincRNA","chr2",208527099,208531748,"+",4650,TRUE,5.22727272727273,0.057596024508333,0.253745803179253,0.0653411827391142,0.000830230860211333,0.00098282810500317
"AC079807.2","ENSG00000233230.1","ENSG00000233230","antisense","chr2",48132817,48134949,"+",2133,TRUE,0.782828282828283,0.0052904860337893,0.00168202223389969,0.00637896889922164,0.00677783956138838,0.00415288866664891
"AC079922.3","ENSG00000237753.1","ENSG00000237753","lincRNA","chr2",113399409,113403267,"-",3859,TRUE,0.896464646464647,0.00373264912025789,0.000883362953754539,0.00838926984025756,0.000982724568254273,0.00122905083952267
"AC083843.1","ENSG00000259820.1","ENSG00000259820","lincRNA","chr8",135804263,135810515,"-",6253,TRUE,0.416666666666667,0.00300285005080346,0,0.00406354983840862,0.00102563278505433,0.00494472259202762
"AC083843.2","ENSG00000254028.1","ENSG00000254028","lincRNA","chr8",135844990,135846725,"+",1736,TRUE,0.138888888888889,0.000788982545482796,0.00260362523643578,0.0012265228660653,0,0
"AC083949.1","ENSG00000224875.2","ENSG00000224875","antisense","chr2",42370378,42397441,"-",27064,TRUE,0.23989898989899,0.000858267632240256,0,0.00190341690505396,0.000663430994626615,0
"AC084018.1","ENSG00000212694.4","ENSG00000212694","lincRNA","chr12",122233173,122241812,"-",8640,TRUE,7.24747474747475,0.0555358445544503,0.0151741039120829,0.0530186486441708,0.072538973327542,0.0633517130664997
"AC084082.3","ENSG00000253190.2","ENSG00000253190","lincRNA","chr8",67024902,67027440,"+",2539,TRUE,0.808080808080808,0.00279569765860131,0.00362151091276619,0.00587357498878593,0.000722640404595309,0
"AC084219.4","ENSG00000186019.10","ENSG00000186019","antisense","chr19",44609616,44617298,"-",7683,TRUE,0.580808080808081,0.00296924341439718,0,0.00342264842205579,0.00303006959011322,0.00378679568579228
"AC084809.2","ENSG00000226377.1","ENSG00000226377","antisense","chr17",31203777,31205655,"+",1879,TRUE,0.404040404040404,0.0019297737478816,0.00165339373750375,0.00293726618746904,0.00131534727131377,0.00123269183221987
"AC084809.3","ENSG00000236377.1","ENSG00000236377","lincRNA","chr17",31232680,31233602,"+",923,TRUE,0.214646464646465,0.00210938048540732,0,0.000895441260750816,0.00452117956483861,0.00258427538860106
"AC087294.2","ENSG00000235530.2","ENSG00000235530","antisense","chr17",21117644,21133348,"+",15705,TRUE,0.138888888888889,0.000382058093777028,0,0.000717085381433796,0.000486843915697756,0
"AC087430.1","ENSG00000235158.1","ENSG00000235158","lincRNA","chr3",1049819,1054618,"+",4800,TRUE,0.0252525252525253,3.81747417636065e-05,0,0.000104725997494895,0,0
"AC090505.6","ENSG00000237222.3","ENSG00000237222","lincRNA","chr3",194429150,194502897,"+",73748,TRUE,0.0378787878787879,7.36815194958891e-05,0,0.00020213288341096,0,0
"AC090587.5","ENSG00000228661.1","ENSG00000228661","antisense","chr11",3875548,3876739,"-",1192,TRUE,0.227272727272727,0.0018840054780741,0,0.00148216905699714,0.00272986911527441,0.00260274297808496
"AC091132.1","ENSG00000236234.1","ENSG00000236234","antisense","chr17",43530210,43541431,"+",11222,TRUE,0.315656565656566,0.00344064256627678,0,6.69333060392997e-05,0.00358199654439694,0.00986462731710614
"AC091133.1","ENSG00000230532.1","ENSG00000230532","antisense","chr17",47009153,47014462,"+",5310,TRUE,0.189393939393939,0.000975054602396439,0,0.00103453196764279,0.00193155778244189,0.000465069326828391
"AC091633.3","ENSG00000223711.1","ENSG00000223711","antisense","chr3",195270871,195277400,"+",6530,TRUE,0.0505050505050505,0.000421220010283389,0,0.000833849460650049,0.000473122306952495,0
"AC091729.9","ENSG00000229043.2","ENSG00000229043","antisense","chr7",1200010,1204903,"+",4894,TRUE,2.92929292929293,0.0193734843341756,0.00619515711741878,0.018503004015107,0.0275932272806524,0.0194144604832614
"AC091814.2","ENSG00000225231.1","ENSG00000225231","lincRNA","chr12",10089178,10096094,"-",6917,TRUE,0.0631313131313131,0.000297652972687302,0,0.000675739577464301,0.000207107174500253,0
"AC091878.1","ENSG00000215196.4","ENSG00000215196","antisense","chr5",17130137,17217156,"-",87020,TRUE,0.0757575757575758,0.000227364977716885,0,0.000268724122823422,0.000152619532464758,0.000357306373742951
"AC092159.2","ENSG00000233296.1","ENSG00000233296","antisense","chr2",677186,697371,"+",20186,TRUE,0.138888888888889,0.000563630231025347,0,0.00103624847473002,0.000151571901642766,0.000578702679926324
"AC092162.1","ENSG00000230552.1","ENSG00000230552","lincRNA","chr2",177588996,177684038,"-",95043,TRUE,0.0757575757575758,0.000351349238956667,0,0.000156549525684178,0.000702516318936566,0.000468811801878868
"AC092198.1","ENSG00000223486.1","ENSG00000223486","lincRNA","chrX",39868529,39871435,"+",2907,TRUE,0.0252525252525253,9.76245505155558e-05,0,0.000127093775104157,0.000206962155556547,0
"AC092295.7","ENSG00000233527.4","ENSG00000233527","antisense","chr19",37063972,37085610,"+",21639,TRUE,2.95454545454545,0.0159310815339042,0,0.0268832759704931,0.0137029845462914,0.0106715218509052
"AC092580.3","ENSG00000230515.1","ENSG00000230515","lincRNA","chr2",7811735,7812377,"-",643,TRUE,0.0378787878787879,0.00012473405717913,0,0.000342186952843336,0,0
"AC092580.4","ENSG00000235576.1","ENSG00000235576","lincRNA","chr2",7865932,7870836,"+",4905,TRUE,1.71717171717172,0.00984887139467428,0,0.0171178771332316,0.0142307442547504,0.000319605512367309
"AC092594.1","ENSG00000236204.1","ENSG00000236204","lincRNA","chr2",19167729,19546509,"-",378781,TRUE,0.0505050505050505,0.000264049033277627,0,0.000724374209753655,0,0
"AC092620.3","ENSG00000237772.1","ENSG00000237772","lincRNA","chr2",139362080,139370737,"+",8658,TRUE,0.202020202020202,0.00191684367303216,0.00645238819881879,0.00109834937421044,0.00214757851140529,0.000534131479019233
"AC092669.3","ENSG00000232164.1","ENSG00000232164","lincRNA","chr2",66610438,66619582,"+",9145,TRUE,0.0252525252525253,0.000308731372987132,0,0,0.00124562021093127,0
"AC092687.5","ENSG00000234818.1","ENSG00000234818","antisense","chr2",10729292,10744956,"+",15665,TRUE,0.0505050505050505,0.000169604844938579,0,0.000465282428788896,0,0
"AC092835.2","ENSG00000233757.2","ENSG00000233757","lincRNA","chr2",95873283,95881351,"+",8069,TRUE,0.0883838383838384,0.000539361046999136,0,0.000533336975221533,0.00139174510686123,0
"AC093159.1","ENSG00000228541.1","ENSG00000228541","lincRNA","chr2",62690262,62691205,"+",944,TRUE,0.353535353535354,0.00424344127392429,0,0.000408678119862788,0.00552677285345934,0.0106301212049733
"AC093323.3","ENSG00000170846.11","ENSG00000170846","lincRNA","chr4",6675178,6677774,"+",2597,TRUE,4.7979797979798,0.0204544432108647,0.010272181208663,0.0354135081727728,0.0124746222924907,0.0121131232108792
"AC093382.1","ENSG00000226276.1","ENSG00000226276","lincRNA","chr2",216804031,216806442,"-",2412,TRUE,0.202020202020202,0.000922787744258272,0,0.00190201900981011,0,0.000895246331627456
"AC093388.3","ENSG00000233654.1","ENSG00000233654","antisense","chr2",191399581,191432828,"+",33248,TRUE,1.21212121212121,0.00566225024568326,0,0.0121630277477835,0.00202262176893152,0.00283741591406296
"AC093391.2","ENSG00000231890.3","ENSG00000231890","antisense","chr2",136742746,136779888,"+",37143,TRUE,2.99242424242424,0.0123947125794286,0.001023420261829,0.0273892856534574,0.00419896840643993,0.00482084920857115
"AC093495.4","ENSG00000228242.3","ENSG00000228242","antisense","chr3",14186223,14189784,"+",3562,TRUE,0.29040404040404,0.00261795318138141,0.00539471157435964,0.00146743235476859,0.00374141828131169,0.00174522554915024
"AC093590.1","ENSG00000238217.1","ENSG00000238217","lincRNA","chr2",200472791,200523855,"+",51065,TRUE,0.366161616161616,0.0019566899818744,0,0.00300969506209701,0.00105455926660899,0.0023339385082846
"AC093627.10","ENSG00000240859.1","ENSG00000240859","lincRNA","chr7",149597,155465,"+",5869,TRUE,0.29040404040404,0.00141958572978803,0.00364402299679182,0.00192652265071636,0.000963557906591757,0
"AC093627.9","ENSG00000242474.1","ENSG00000242474","lincRNA","chr7",135853,149466,"-",13614,TRUE,0.340909090909091,0.00253138299756484,0,0.00185245415057844,0.00447929753756006,0.00291017593190304
"AC093642.3","ENSG00000237940.3","ENSG00000237940","lincRNA","chr2",242912834,242919427,"+",6594,TRUE,0.378787878787879,0.00384349765545861,0.0105633947945407,0.00248665450395888,0.00287139001992487,0.00327047324279211
"AC093673.5","ENSG00000232533.1","ENSG00000232533","antisense","chr7",143076785,143077588,"-",804,TRUE,2.48737373737374,0.0116293615451776,0.0103997210111486,0.0239827102924471,0.0034570459679939,0.00259338312154933
"AC093818.1","ENSG00000225205.1","ENSG00000225205","antisense","chr2",173345568,173421324,"-",75757,TRUE,4.00252525252525,0.0382980830348827,0.00953305294695974,0.0115666075588832,0.0318720502330504,0.0972654246017043
"AC093901.1","ENSG00000226856.1","ENSG00000226856","lincRNA","chr2",118889704,118943962,"-",54259,TRUE,0.568181818181818,0.00343322466481891,0.0034414828702667,0.00377245726469822,0.00483524350253122,0.0015908029761753
"AC096559.1","ENSG00000224184.1","ENSG00000224184","lincRNA","chr2",11988748,12718474,"+",729727,TRUE,0.303030303030303,0.00132023200998181,0.00170290623750171,0.00279519511434142,0,0.00030319543692141
"AC096655.2","ENSG00000230651.3","ENSG00000230651","lincRNA","chr2",108439519,108443347,"-",3829,TRUE,0.467171717171717,0.00192349664145458,0,0.00142407724877154,0.00308160766593939,0.00249930371176245
"AC096669.3","ENSG00000224568.1","ENSG00000224568","lincRNA","chr2",108145943,108172782,"+",26840,TRUE,0.0378787878787879,0.00024628141305677,0,0.000181898182908724,0.000726137920199762,0
"AC096772.6","ENSG00000244567.1","ENSG00000244567","lincRNA","chr2",208686014,208687493,"-",1480,TRUE,1.17424242424242,0.00810969726057061,0.00508060741220828,0.00843369980189046,0.00398540007085653,0.01318893543245
"AC097495.2","ENSG00000237576.1","ENSG00000237576","antisense","chr2",69059176,69064856,"+",5681,TRUE,0.0378787878787879,0.000192590505170075,0,0.000228370261215247,0.000441167527671206,0
"AC097500.2","ENSG00000237877.2","ENSG00000237877","lincRNA","chr2",186897618,186947960,"-",50343,TRUE,0.252525252525253,0.00174294318042697,0,0.00142379729004559,0.00161857952009103,0.00321001754417798
"AC097662.2","ENSG00000236432.3","ENSG00000236432","antisense","chr2",228085768,228189917,"-",104150,TRUE,0.353535353535354,0.00218681367786551,0.00121585844140822,0.00196192147277149,0.00098310840416534,0.00416806032530168
"AC097721.2","ENSG00000228043.1","ENSG00000228043","lincRNA","chr2",139175854,139259268,"-",83415,TRUE,0.113636363636364,0.000567726941942548,0,0.000657882989927662,0.000483507296050671,0.000811805106461259
"AC097724.3","ENSG00000226833.1","ENSG00000226833","antisense","chr2",28931819,28959071,"-",27253,TRUE,0.0378787878787879,0.00020038959194718,0,8.15230876379777e-05,0,0.000665876066113707
"AC098820.4","ENSG00000241520.1","ENSG00000241520","antisense","chr2",217347755,217351919,"-",4165,TRUE,0.126262626262626,0.00106238301779392,0,0.000313286423575096,0.00120604863441718,0.00253307493926384
"AC099850.1","ENSG00000224738.1","ENSG00000224738","antisense","chr17",57183959,57195628,"+",11670,TRUE,1.31313131313131,0.00478647492255506,0,0.0121869237093171,0.00138829986644802,0
"AC100830.3","ENSG00000259635.1","ENSG00000259635","antisense","chr15",64993447,65011801,"+",18355,TRUE,0.0378787878787879,0.000166999010152408,0,9.00850172827756e-05,0,0.00052342695345404
"AC100830.4","ENSG00000265967.1","ENSG00000265967","antisense","chr15",64987240,64987793,"+",554,TRUE,0.0757575757575758,0.000612555578221132,0,0.000333692535426081,0.00142405592127348,0.000538250274027801
"AC104024.1","ENSG00000230709.1","ENSG00000230709","lincRNA","chr17",16879313,16884667,"-",5355,TRUE,5.01262626262626,0.0353709535131022,0.0357815549778851,0.0454273314206135,0.0316562972957133,0.0244507966719079
"AC104024.2","ENSG00000230969.2","ENSG00000230969","lincRNA","chr17",16891643,16893491,"+",1849,TRUE,0.138888888888889,0.000751749231628217,0,0.00109019147578078,0.000249167954717261,0.00114155390581595
"AC104135.3","ENSG00000204792.2","ENSG00000204792","lincRNA","chr2",75145275,75165545,"+",20271,TRUE,0.126262626262626,0.00110617821234491,0,0.00014185938169827,0.00282110376321758,0.00138598853182891
"AC104532.4","ENSG00000267571.1","ENSG00000267571","antisense","chr19",5911589,5913910,"-",2322,TRUE,0.189393939393939,0.00170144144219434,0.000833471802510371,0.0025817100182448,0.00188960883790326,0.000712269249306187
"AC104653.1","ENSG00000228857.2","ENSG00000228857","lincRNA","chr2",114588626,114600933,"-",12308,TRUE,3.27020202020202,0.0181017441566718,0.00692890880545124,0.0265674663965404,0.0156986570894251,0.0141098567536049
"AC104655.3","ENSG00000226508.1","ENSG00000226508","lincRNA","chr2",105760571,105761882,"+",1312,TRUE,0.277777777777778,0.00164826704134026,0.00411560051506035,0.00292836246634629,0.000162948543764807,0
"AC104699.1","ENSG00000224220.1","ENSG00000224220","antisense","chr2",25643986,25650512,"+",6527,TRUE,32.3232323232323,0.277416426825244,0.0145411525424454,0.445260832823116,0.239720465409808,0.209840395986211
"AC104820.2","ENSG00000234663.1","ENSG00000234663","lincRNA","chr2",181966659,182264286,"+",297628,TRUE,0.795454545454545,0.00444531681294678,0.00445106511778752,0.00483931873925291,0.00547880250383312,0.00288265956689256
"AC105344.2","ENSG00000238062.1","ENSG00000238062","lincRNA","chr2",231849083,231860747,"-",11665,TRUE,0.391414141414141,0.00167918429563466,0,0.00398717540759801,0.000419818436032968,0.000474906714166679
"AC105393.2","ENSG00000226277.1","ENSG00000226277","lincRNA","chr2",421057,422303,"+",1247,TRUE,0.0883838383838384,0.00022499232724674,0,0.000217696601043145,0.000587595081295274,0
"AC105760.2","ENSG00000227252.1","ENSG00000227252","antisense","chr2",237968077,237994460,"-",26384,TRUE,0.681818181818182,0.00407330098669964,0,0.00618094009164345,0.00289957532972433,0.00429768640287569
"AC106900.6","ENSG00000224638.1","ENSG00000224638","lincRNA","chr2",174745593,174764156,"-",18564,TRUE,0.0505050505050505,0.000221999937262665,0,0.000240002173107018,0.000542716876902877,0
"AC107081.5","ENSG00000236498.1","ENSG00000236498","antisense","chr2",62095567,62113217,"+",17651,TRUE,0.227272727272727,0.000571669642324672,0,0.00126083290490512,0.000452164529164705,0
"AC108004.3","ENSG00000241525.3","ENSG00000241525","antisense","chr17",254326,263814,"-",9489,TRUE,0.126262626262626,0.000962889684932312,0,0.000893497692661354,0.00125100105864552,0.00127627753095046
"AC108142.1","ENSG00000177822.3","ENSG00000177822","antisense","chr4",182795591,183066402,"-",270812,TRUE,0.0378787878787879,0.000190869080866379,0,0.000265684996032274,0,0.000366822924589433
"AC108488.3","ENSG00000234171.1","ENSG00000234171","antisense","chr2",3606082,3609324,"+",3243,TRUE,9.46969696969697,0.0484268528052985,0.0106083630798047,0.106496008570366,0.0206075553712361,0.0121189008268893
"AC108488.4","ENSG00000242282.2","ENSG00000242282","lincRNA","chr2",3579403,3584463,"-",5061,TRUE,0.29040404040404,0.00195117176761545,0,0.00154690243318492,0.0021081797370628,0.00337389963106166
"AC109333.10","ENSG00000227495.1","ENSG00000227495","antisense","chr17",4922509,4923388,"-",880,TRUE,0.707070707070707,0.00777073808650941,0,0.00186166404300626,0.0073517969785611,0.0205606128493005
"AC109826.1","ENSG00000226791.3","ENSG00000226791","lincRNA","chr2",99378401,99388543,"-",10143,TRUE,0.353535353535354,0.00196016612290535,0,0.00376218045305821,0.00189691244371228,0.000462788964740958
"AC113189.5","ENSG00000233223.2","ENSG00000233223","antisense","chr17",7485282,7487390,"-",2109,TRUE,2.38636363636364,0.0134691925765871,0.0089653211124363,0.0155792109849128,0.0131049678806836,0.0131279986139955
"AC114730.8","ENSG00000215692.2","ENSG00000215692","antisense","chr2",242674130,242674913,"-",784,TRUE,0.0378787878787879,0.00010051631713973,0,0.000196855353840202,0.000116030476418746,0
"AC116366.5","ENSG00000238160.1","ENSG00000238160","antisense","chr5",131755108,131762406,"-",7299,TRUE,0.315656565656566,0.00165583542349633,0,0.00278026186809462,0.00199774579073122,0.000574396824480969
"AC116366.6","ENSG00000234290.2","ENSG00000234290","antisense","chr5",131804582,131808735,"-",4154,TRUE,0.871212121212121,0.0155916187205726,0.104033612012816,0.00051976444193921,0.00344170294067663,0.00346504480649216
"AC123768.4","ENSG00000262728.1","ENSG00000262728","lincRNA","chr15",32898619,32907361,"-",8743,TRUE,0.101010101010101,0.000541857318972446,0,0.000448082280199138,0.0011263295777879,0.000387641114349366
"AC123886.2","ENSG00000231536.1","ENSG00000231536","antisense","chr2",111368493,111369981,"+",1489,TRUE,0.0631313131313131,0.000371522576959895,0,0.000355851814098444,0.000975606022526827,0
"AC124944.3","ENSG00000226155.1","ENSG00000226155","antisense","chr3",195638920,195640857,"+",1938,TRUE,0.732323232323232,0.00670038841113518,0,0.00334209022388373,0.00562846581839853,0.0159457060779912
"AC131097.3","ENSG00000233806.3","ENSG00000233806","antisense","chr2",242823514,243020873,"+",197360,TRUE,0.101010101010101,0.000437881132783486,0,0.00120125340202467,0,0
"AC133528.2","ENSG00000228989.1","ENSG00000228989","antisense","chr2",242629829,242633704,"+",3876,TRUE,0.593434343434343,0.00375279183445212,0.0064029587347293,0.00351026340614397,0.00460656754151462,0.00191439000355246
"AC137932.5","ENSG00000260279.1","ENSG00000260279","antisense","chr16",89363916,89364724,"+",809,TRUE,0.0505050505050505,0.000575048848512752,0,0.000775992816070544,0,0.00113994858139179
"AC137934.1","ENSG00000260923.1","ENSG00000260923","lincRNA","chr16",90252405,90289086,"+",36682,TRUE,0.997474747474748,0.00812609101434067,0.00598519951646802,0.00603024465061327,0.00721040463400118,0.0130890111988111
"AC140912.1","ENSG00000261227.2","ENSG00000261227","lincRNA","chr16",73265954,73267869,"+",1916,TRUE,0.0631313131313131,0.000313916470504523,0,0.000351789878582432,0,0.000724434023117411
"AC142528.1","ENSG00000235078.1","ENSG00000235078","antisense","chr2",3523046,3526968,"+",3923,TRUE,0.151515151515152,0.0010368071545444,0.00170948834001585,0.00108514603050164,0.000716310715526183,0.000933354810708878
"AC144449.1","ENSG00000231969.1","ENSG00000231969","antisense","chr2",150443710,150704747,"+",261038,TRUE,0.0378787878787879,0.00011143174458426,0,0.000305694290650272,0,0
"AC144652.1","ENSG00000273117.1","ENSG00000273117","lincRNA","chr7",155087628,155089251,"-",1624,TRUE,3.2449494949495,0.0178931354497124,0.00366884502236512,0.0321456125587524,0.0174719846823294,0.00531829780784831
"AC145110.1","ENSG00000253490.1","ENSG00000253490","lincRNA","chr8",29605825,29656008,"+",50184,TRUE,0.126262626262626,0.000479284203627997,0,0.00131483577857074,0,0
"AC145343.2","ENSG00000265055.1","ENSG00000265055","lincRNA","chr17",66092187,66097615,"-",5429,TRUE,0.0757575757575758,0.00031313262906997,0,0.000400037854760675,0.00033261525934724,0.000331121862779044
"AC147651.3","ENSG00000223855.1","ENSG00000223855","lincRNA","chr7",560028,564869,"+",4842,TRUE,0.0378787878787879,0.000259348829896797,0,0.000382306651664733,0,0.000468139620407165
"AC147651.4","ENSG00000237181.1","ENSG00000237181","antisense","chr7",642822,648119,"+",5298,TRUE,4.6969696969697,0.0266730241805138,0.00348878234422687,0.0390304595110382,0.0222063276545025,0.0252955960972994
"AC159540.1","ENSG00000230606.6","ENSG00000230606","lincRNA","chr2",98081083,98099107,"-",18025,TRUE,14.0909090909091,0.146558629343236,0.0446048746278191,0.0585744119875604,0.272106173733625,0.202515531201136
"AC195454.1","ENSG00000249241.1","ENSG00000249241","lincRNA","chr4",40318502,40332436,"+",13935,TRUE,0.315656565656566,0.00109619870084212,0,0.00258998309428894,0.000613658949290593,0
"ACTA2-AS1","ENSG00000180139.10","ENSG00000180139","antisense","chr10",90692400,90700368,"+",7969,TRUE,0.0631313131313131,0.000601796531645934,0,0.000780940519494021,0.00127949732595851,0
"AD000090.2","ENSG00000236144.2","ENSG00000236144","antisense","chr19",36031640,36036931,"-",5292,TRUE,3.03030303030303,0.0228759050222962,0.014350723867212,0.0183527288997813,0.0177458786248675,0.0386369097933014
"ADAMTS9-AS2","ENSG00000241684.1","ENSG00000241684","antisense","chr3",64670585,64997143,"+",326559,TRUE,0.151515151515152,0.000850133711299315,0.00163749157008348,0.000332442381275298,0.000810728088151097,0.00122110707823712
"ADORA2A-AS1","ENSG00000178803.6","ENSG00000178803","antisense","chr22",24825178,24891042,"-",65865,TRUE,0.151515151515152,0.000603967082606856,0,0.00106463471279795,0,0.000842275309555973
"ADPGK-AS1","ENSG00000260898.1","ENSG00000260898","antisense","chr15",73075176,73090540,"+",15365,TRUE,1.21212121212121,0.0071463505322098,0.00205268242803259,0.0107730523646381,0.00508293377233003,0.00659345089564221
"AE000662.93","ENSG00000259054.1","ENSG00000259054","antisense","chr14",23025205,23025956,"-",752,TRUE,0.23989898989899,0.00164746854048033,0,0.00133949181948965,0.00101570553227363,0.00354039802851454
"AF001548.5","ENSG00000263335.1","ENSG00000263335","antisense","chr16",15820531,15826850,"+",6320,TRUE,0.757575757575758,0.00616477805092862,0.0158138041167188,0.00397851869083497,0.00761950667492293,0.00292394621608513
"AF011889.2","ENSG00000238039.1","ENSG00000238039","lincRNA","chrX",148593039,148607803,"-",14765,TRUE,0.0883838383838384,0.000445141363701033,0,0.0012211706271258,0,0
"AF127936.3","ENSG00000232884.3","ENSG00000232884","lincRNA","chr21",16119083,16126184,"-",7102,TRUE,0.0252525252525253,0.000192038800279928,0,0,0.000416030130153565,0.00034693603582541
"AF127936.5","ENSG00000226751.2","ENSG00000226751","lincRNA","chr21",16134031,16135411,"-",1381,TRUE,0.808080808080808,0.0109153661547575,0,0.00183800099869431,0.00706903066362128,0.033136395994956
"AF127936.7","ENSG00000235609.4","ENSG00000235609","lincRNA","chr21",16191164,16254296,"-",63133,TRUE,0.189393939393939,0.0010665503546137,0,0.00115590114278799,0.0011239218195975,0.00143041067854272
"AF129408.17","ENSG00000272991.1","ENSG00000272991","antisense","chr21",40556395,40556825,"+",431,TRUE,0.0631313131313131,0.000214537828791172,0,0.000316180931020005,0,0.000387352342941539
"AF131215.8","ENSG00000270076.1","ENSG00000270076","lincRNA","chr8",11060474,11061180,"+",707,TRUE,0.0505050505050505,0.00015294881432387,0,0.000419589404033615,0,0
"AF131216.5","ENSG00000255020.1","ENSG00000255020","antisense","chr8",11203257,11205011,"-",1755,TRUE,0.164141414141414,0.00057532567769646,0,0.00136335524022613,0.000316134889874238,0
"AF131216.6","ENSG00000246477.2","ENSG00000246477","antisense","chr8",11173374,11182938,"-",9565,TRUE,0.0378787878787879,0.000210671273822952,0,4.37770594408508e-05,0.000205961199282828,0.000560507529004853
"AF131217.1","ENSG00000232855.2","ENSG00000232855","lincRNA","chr21",29811667,30047170,"-",235504,TRUE,0.126262626262626,0.00213870804353311,0,0,0.00177044490044892,0.00663211052472956
"AF146191.4","ENSG00000245685.2","ENSG00000245685","lincRNA","chr4",190701490,190861426,"-",159937,TRUE,0.189393939393939,0.000623149279969664,0,0.00170950547189461,0,0
"AF196972.9","ENSG00000224292.1","ENSG00000224292","antisense","chrX",48364911,48367226,"-",2316,TRUE,0.505050505050505,0.00286046238454814,0,0.00244808023668272,0.0018578367532521,0.0058819314757066
"AF230666.2","ENSG00000223697.2","ENSG00000223697","antisense","chr8",133850375,133856543,"-",6169,TRUE,0.0505050505050505,0.000245491358481392,0,0.000339966662756092,0.000490477740089551,0
"AFAP1-AS1","ENSG00000272620.1","ENSG00000272620","antisense","chr4",7755817,7780655,"+",24839,TRUE,0.0883838383838384,0.00039541450901408,0,0.000466062001101378,0.000909914373006538,0
"AIRN","ENSG00000268257.2","ENSG00000268257","antisense","chr6",160424323,160428696,"-",4374,TRUE,0.0505050505050505,0.000145310201434847,0,0.000161262891816804,0.000349103834278593,0
"AL022341.3","ENSG00000228201.1","ENSG00000228201","antisense","chr16",698473,699200,"-",728,TRUE,0.113636363636364,0.000852466419021181,0,0.000625612542599639,0.00146830518722277,0.00101630913578536
"AL109761.5","ENSG00000244676.1","ENSG00000244676","antisense","chr21",19165805,19183162,"+",17358,TRUE,0.517676767676768,0.00552553586868478,0.000904516936917003,0.00152070949924679,0.00595527815255752,0.0131729296196029
"AL122127.25","ENSG00000244620.1","ENSG00000244620","lincRNA","chr14",106355942,106362435,"+",6494,TRUE,0.189393939393939,0.00134363379715077,0,0.000317336145449461,0.00309520288181175,0.00179780638646552
"AL133245.2","ENSG00000272754.1","ENSG00000272754","lincRNA","chr2",32546707,32548071,"+",1365,TRUE,0.176767676767677,0.00187413918630334,0,0.00109046312325516,0.00525474390758842,0.000679779816792483
"AL133493.2","ENSG00000233922.1","ENSG00000233922","lincRNA","chr21",47013568,47017005,"+",3438,TRUE,0.416666666666667,0.0020141298900842,0,0.00356182805314076,0.00208016235996167,0.00078106030908608
"AL157902.3","ENSG00000236866.1","ENSG00000236866","antisense","chr1",118139454,118148392,"-",8939,TRUE,0.126262626262626,0.000686009252733854,0,0.000589350566073537,0.00109310955949182,0.000781263119268655
"AL163953.2","ENSG00000225680.1","ENSG00000225680","lincRNA","chr14",54066550,54080744,"-",14195,TRUE,0.0252525252525253,0.000132240617878127,0,0.000362779942360502,0,0
"AL450992.2","ENSG00000234614.1","ENSG00000234614","antisense","chr1",151814353,151822861,"+",8509,TRUE,0.126262626262626,0.000524386551375635,0,0.00143856650048321,0,0
"AL592494.5","ENSG00000227082.1","ENSG00000227082","lincRNA","chr1",121138614,121204983,"+",66370,TRUE,0.0378787878787879,0.000106254383347261,0,0.000291491068967892,0,0
"AL773604.8","ENSG00000236519.1","ENSG00000236519","antisense","chr21",46222492,46224632,"+",2141,TRUE,0.366161616161616,0.00151013511453066,0,0.00322771675289257,0.000684184157024965,0.000639802138542855
"AL928768.3","ENSG00000253701.1","ENSG00000253701","lincRNA","chr14",106170301,106170939,"-",639,TRUE,33.7373737373737,0.56954846562812,0.123873472321323,0.456589801640718,0.982343922033755,0.559349537079567
"AMER2-AS1","ENSG00000234056.1","ENSG00000234056","lincRNA","chr13",25746966,25754217,"-",7252,TRUE,0.845959595959596,0.00298915564394167,0,0.0082002468652643,0,0
"AP000233.4","ENSG00000222042.1","ENSG00000222042","lincRNA","chr21",26541745,26706139,"-",164395,TRUE,0.0378787878787879,0.000159455270789785,0,0.000437438775426081,0,0
"AP000251.3","ENSG00000237594.2","ENSG00000237594","antisense","chr21",32931558,32932800,"+",1243,TRUE,0.95959595959596,0.00438151484518619,0,0.00951099324092198,0.00368994400781093,0
"AP000253.1","ENSG00000234509.1","ENSG00000234509","lincRNA","chr21",33025906,33031813,"-",5908,TRUE,0.0378787878787879,0.000211480467515993,0,4.76757632107787e-05,0,0.000757283435634061
"AP000254.8","ENSG00000273271.1","ENSG00000273271","antisense","chr21",33039041,33039560,"-",520,TRUE,0.568181818181818,0.00424567607646536,0.00906708865952214,0.00487648091386686,0.00090055641529606,0.00411319688578466
"AP000295.10","ENSG00000272659.1","ENSG00000272659","lincRNA","chr21",34681796,34682486,"+",691,TRUE,0.113636363636364,0.001264848741881,0.00246745211364832,0.000546930087075507,0.00158250008440463,0.00136256995587683
"AP000318.2","ENSG00000214955.5","ENSG00000214955","lincRNA","chr21",35577356,35697334,"+",119979,TRUE,0.189393939393939,0.000694546315114743,0,0.00190537125587418,0,0
"AP000330.8","ENSG00000234380.1","ENSG00000234380","antisense","chr21",36118054,36157183,"+",39130,TRUE,0.0378787878787879,0.000104477550492538,0,0.000286616626221303,0,0
"AP000350.5","ENSG00000273295.1","ENSG00000273295","lincRNA","chr22",24243619,24249255,"-",5637,TRUE,0.265151515151515,0.00148819484658199,0,0.00331281006251435,0.0011321551372646,0
"AP000442.1","ENSG00000255139.1","ENSG00000255139","antisense","chr11",59383902,59407334,"+",23433,TRUE,0.303030303030303,0.00228445935288477,0,0.00241194236630067,0.00300979301777194,0.00257212648741429
"AP000476.1","ENSG00000237484.5","ENSG00000237484","lincRNA","chr21",25801054,25920256,"+",119203,TRUE,0.378787878787879,0.00254326817103382,0.000985210383913438,0.00294442987960381,0.00254911621177474,0.0027653108025556
"AP000569.9","ENSG00000273102.1","ENSG00000273102","lincRNA","chr21",35339403,35340874,"-",1472,TRUE,0.820707070707071,0.00406741516997974,0,0.00622979765029664,0.00532355861154193,0.00186125949525927
"AP000640.2","ENSG00000255355.1","ENSG00000255355","antisense","chr11",59436785,59443514,"+",6730,TRUE,0.0378787878787879,0.000263304845764025,0.00118751429850497,0.000294547803258021,0,0
"AP000692.10","ENSG00000273199.1","ENSG00000273199","antisense","chr21",37692090,37692968,"-",879,TRUE,0.366161616161616,0.00174040941373852,0,0.00414753447944701,0.000922114373227483,0
"AP000695.4","ENSG00000233818.1","ENSG00000233818","antisense","chr21",37818029,37904706,"+",86678,TRUE,0.23989898989899,0.000986775738495218,0,0.00270705363660621,0,0
"AP000704.5","ENSG00000224790.1","ENSG00000224790","lincRNA","chr21",38338812,38344128,"+",5317,TRUE,0.0505050505050505,0.000255968679046403,0,0.000468284140653118,0.000344032411605685,0
"AP000769.7","ENSG00000270117.1","ENSG00000270117","lincRNA","chr11",65265481,65265876,"-",396,TRUE,0.101010101010101,0.00029707257832169,0,0.000721122913026228,0.000138019852471252,0
"AP000936.4","ENSG00000224077.1","ENSG00000224077","antisense","chr11",116969703,116978886,"+",9184,TRUE,0.101010101010101,0.000425326312473121,0,0.000812813193655473,0.000520627969793054,0
"AP001046.5","ENSG00000237989.1","ENSG00000237989","lincRNA","chr21",44778027,44782229,"-",4203,TRUE,9.11616161616162,0.0499066093217885,0.00500234025904127,0.0894070329037027,0.0428834627882428,0.0235268820260356
"AP001046.6","ENSG00000225637.1","ENSG00000225637","lincRNA","chr21",44783212,44786446,"+",3235,TRUE,0.404040404040404,0.00238183862430742,0,0.00244612561520793,0.00374624503861815,0.00219128977468083
"AP001055.6","ENSG00000225331.1","ENSG00000225331","lincRNA","chr21",45578623,45579959,"-",1337,TRUE,0.606060606060606,0.00423223619482395,0.00248279264983522,0.00535024111175434,0.00644952730222471,0.0013944030163917
"AP001058.3","ENSG00000232698.1","ENSG00000232698","lincRNA","chr21",45626408,45627282,"-",875,TRUE,1.40151515151515,0.00823550378467485,0.000839514994826373,0.00992923660112165,0.00889664764237402,0.00897648718748128
"AP001059.5","ENSG00000232010.1","ENSG00000232010","antisense","chr21",45670696,45671403,"+",708,TRUE,0.0631313131313131,0.000280626214540499,0,0.000769850924544771,0,0
"AP001062.7","ENSG00000184441.4","ENSG00000184441","antisense","chr21",45751117,45755734,"+",4618,TRUE,3.69949494949495,0.0264191048311168,0.0297051807754217,0.0327087952721644,0.0280800636111011,0.0141844657323529
"AP001065.2","ENSG00000230061.1","ENSG00000230061","antisense","chr21",45834473,45845155,"-",10683,TRUE,0.227272727272727,0.00138774756117826,0,0.00259490509989871,0.000700035674417379,0.00104694563164677
"AP001258.4","ENSG00000245571.2","ENSG00000245571","lincRNA","chr11",58897606,58910488,"-",12883,TRUE,2.07070707070707,0.0118182551380478,0.0026441449853052,0.0185010601777006,0.00590798826392582,0.0127294227652773
"AP001347.6","ENSG00000224905.2","ENSG00000224905","antisense","chr21",15399742,15516789,"+",117048,TRUE,1.03535353535354,0.00488182576848522,0,0.00967975539606504,0.00429616932728755,0.00112572702881661
"AP001372.2","ENSG00000254837.1","ENSG00000254837","lincRNA","chr11",74204411,74209578,"+",5168,TRUE,1.0479797979798,0.00610485353953312,0.0024101851622607,0.00802459913944169,0.00477961029783792,0.0065489924798656
"AP001412.1","ENSG00000272948.1","ENSG00000272948","antisense","chr21",38640085,38640785,"+",701,TRUE,0.126262626262626,0.000534677119527426,0,0.0012152130908614,0.000370006415354224,0
"AP001422.3","ENSG00000231231.1","ENSG00000231231","lincRNA","chr21",39695557,39705343,"-",9787,TRUE,0.252525252525253,0.000667492018982754,0,0.00183115233472234,0,0
"AP001432.14","ENSG00000242553.1","ENSG00000242553","lincRNA","chr21",38593720,38610045,"+",16326,TRUE,0.0505050505050505,0.000131779330494274,0,0.000184957012994359,0.000259664493632161,0
"AP001437.1","ENSG00000273210.1","ENSG00000273210","antisense","chr21",38737779,38738234,"-",456,TRUE,0.909090909090909,0.00519743772148079,0,0.00845238272527363,0.00379684941518903,0.00458544947007232
"AP001462.6","ENSG00000269038.1","ENSG00000269038","lincRNA","chr11",64546426,64546877,"+",452,TRUE,0.303030303030303,0.00178589757472948,0,0.0024020866517688,0.00183104887754043,0.00178085501556115
"AP001469.7","ENSG00000228137.1","ENSG00000228137","antisense","chr21",47666804,47667596,"+",793,TRUE,0.0378787878787879,0.000304561516428048,0,0.000577279077975618,0,0.000367252468962821
"AP001469.9","ENSG00000239415.1","ENSG00000239415","antisense","chr21",47671463,47674047,"-",2585,TRUE,0.340909090909091,0.00273761741516462,0,0.0024848685232171,0.00694468281444619,0.000431380362964601
"AP001628.6","ENSG00000225218.1","ENSG00000225218","lincRNA","chr21",44251150,44256587,"-",5438,TRUE,0.113636363636364,0.00080644312632508,0,0.000716275162373055,0.000636826712795734,0.0015118484381801
"AP003068.9","ENSG00000254501.1","ENSG00000254501","antisense","chr11",64878186,64879167,"-",982,TRUE,0.0252525252525253,0.000278709151839109,0,4.87806843961197e-05,0.00105274918324715,0
"AP003419.16","ENSG00000255949.1","ENSG00000255949","antisense","chr11",67198838,67202870,"-",4033,TRUE,0.416666666666667,0.00201751049549845,0.00182080627241219,0.00269242823258564,0.00179786415369614,0.00137083594081715
"AP003774.1","ENSG00000236935.1","ENSG00000236935","antisense","chr11",64092522,64096976,"-",4455,TRUE,3.90151515151515,0.0292435722616971,0.0045267206742122,0.0260684613026459,0.030848163180012,0.0448703008415559
"AP006216.10","ENSG00000226645.1","ENSG00000226645","antisense","chr11",116644105,116644921,"+",817,TRUE,0.138888888888889,0.000311100050684966,0,0.0008534507798493,0,0
"AP006216.11","ENSG00000231611.1","ENSG00000231611","lincRNA","chr11",116645826,116646592,"-",767,TRUE,0.0631313131313131,0.000216485007676906,0,0.000593890287773153,0,0
"AP006222.2","ENSG00000228463.4","ENSG00000228463","lincRNA","chr1",227615,267253,"-",39639,TRUE,0.378787878787879,0.00205811287743023,0.00224590027443434,0.00230259508953561,0.000328868240210298,0.00328638291862736
"ARHGAP31-AS1","ENSG00000241155.1","ENSG00000241155","antisense","chr3",119033140,119041607,"-",8468,TRUE,0.0378787878787879,0.000145130215829511,0,0.000398140391191455,0,0
"ARHGAP5-AS1","ENSG00000258655.1","ENSG00000258655","antisense","chr14",32544625,32545999,"-",1375,TRUE,0.23989898989899,0.00145142274587931,0,0.00165029827614116,0.00111547245056512,0.00223703675058389
"ARL5B-AS1","ENSG00000152487.6","ENSG00000152487","lincRNA","chr10",18940195,18948214,"-",8020,TRUE,0.138888888888889,0.000692488467330514,0,0.000714512717808036,0.00107284788112975,0.000648133031669049
"ASB16-AS1","ENSG00000267080.1","ENSG00000267080","antisense","chr17",42253341,42264085,"-",10745,TRUE,5.97222222222222,0.0369810557056108,0.00495095985522871,0.0428195147527151,0.0358877456144239,0.0461445217767473
"ASMTL-AS1","ENSGR0000236017.3","ENSGR0000236017","antisense","chrY",1470662,1482921,"+",12260,TRUE,0.593434343434343,0.0060635513241055,0.0028665930282502,0.00182076222663909,0.00799145752195462,0.0118710827948923
"ASMTL-AS1","ENSG00000236017.3","ENSG00000236017","antisense","chrX",1520662,1532921,"+",12260,TRUE,0.593434343434343,0.0060635513241055,0.0028665930282502,0.00182076222663909,0.00799145752195462,0.0118710827948923
"ATP6V0E2-AS1","ENSG00000204934.6","ENSG00000204934","antisense","chr7",149564786,149577699,"-",12914,TRUE,0.328282828282828,0.00163039191625249,0,0.00283938947565636,0.00210763218809539,0.00028478057895002
"ATXN8OS","ENSG00000230223.2","ENSG00000230223","antisense","chr13",70681345,70713561,"+",32217,TRUE,0.138888888888889,0.000266034529484001,0,0.000518839005028573,0,0.000300051855170343
"BACH1-IT2","ENSG00000228817.3","ENSG00000228817","lincRNA","chr21",30742944,30746029,"+",3086,TRUE,0.113636363636364,0.00113287447694481,0,0.00069454268752093,0.000440188253210353,0.00300646875737836
"BAIAP2-AS1","ENSG00000226137.3","ENSG00000226137","lincRNA","chr17",79002933,79008501,"-",5569,TRUE,0.277777777777778,0.00230367886784201,0,0.00183712575107256,0.00263797039330044,0.00382414714675539
"BCDIN3D-AS1","ENSG00000258057.1","ENSG00000258057","antisense","chr12",50222325,50234926,"+",12602,TRUE,0.0505050505050505,0.000175048849302788,0,0.00048021714114239,0,0
"BCYRN1","ENSG00000236824.1","ENSG00000236824","lincRNA","chr2",47558199,47571656,"+",13458,TRUE,3.90151515151515,0.0405979942586681,0.00555753477657941,0.100528375374047,0.00732910189305,0.00548957223649222
"BDNF-AS","ENSG00000245573.3","ENSG00000245573","antisense","chr11",27528385,27719721,"+",191337,TRUE,0.416666666666667,0.00366861300620144,0.00135106767303916,0.00279037514739921,0.00664477356791698,0.00322699559841976
"BFSP2-AS1","ENSG00000249993.1","ENSG00000249993","antisense","chr3",133148113,133174620,"-",26508,TRUE,0.391414141414141,0.00351427604563423,0,0.000547101455160073,0.00753657157043159,0.0056449726047383
"BHLHE40-AS1","ENSG00000235831.2","ENSG00000235831","antisense","chr3",4938493,5021646,"-",83154,TRUE,0.71969696969697,0.00300889304875169,0.00307041708376317,0.00518452713826286,0.00166590920105198,0.001181916043926
"BOLA3-AS1","ENSG00000225439.2","ENSG00000225439","antisense","chr2",74375136,74377188,"+",2053,TRUE,1.09848484848485,0.00517236053795318,0,0.0106060260992714,0.00360562161141965,0.00160968615210635
"BSN-AS2","ENSG00000226913.1","ENSG00000226913","lincRNA","chr3",49586739,49591799,"-",5061,TRUE,0.0378787878787879,0.000247300482429225,0,0.000188690401851866,0.000720260127709182,0
"BZRAP1-AS1","ENSG00000265148.1","ENSG00000265148","antisense","chr17",56402811,56493127,"+",90317,TRUE,5.12626262626263,0.0257840512958711,0.0143751620923764,0.0503114388068532,0.0173700197943563,0.0048832733968083
"C11orf95","ENSG00000188070.8","ENSG00000188070","lincRNA","chr11",63527364,63536113,"-",8750,TRUE,1.51515151515152,0.00910879139304232,0.00448966411368721,0.0115325593584689,0.0084771585567956,0.00863902267969008
"C1QTNF9B-AS1","ENSG00000205861.7","ENSG00000205861","antisense","chr13",24463028,24471402,"+",8375,TRUE,1.78030303030303,0.00662478833978797,0,0.0135910479924697,0.00402683246022061,0.00262379112189538
"C1RL-AS1","ENSG00000205885.3","ENSG00000205885","antisense","chr12",7260648,7275097,"+",14450,TRUE,2.97979797979798,0.0204070661146514,0.0105547124631735,0.0266289108050508,0.0290082371068769,0.00828878213367355
"C20orf166-AS1","ENSG00000174403.11","ENSG00000174403","antisense","chr20",61141550,61148733,"-",7184,TRUE,0.0378787878787879,0.000198445620986091,0,4.14308985363351e-05,0,0.000715309514352435
"C6orf3","ENSG00000255389.1","ENSG00000255389","antisense","chr6",111921078,111923498,"+",2421,TRUE,0.265151515151515,0.00172846275307515,0.00281713212201207,0.00217849830057604,0.00109420876964025,0.00114401536398808
"CACNA1C-AS1","ENSG00000246627.2","ENSG00000246627","antisense","chr12",2785167,2800366,"-",15200,TRUE,0.0757575757575758,0.000257987016798914,0,0.000470093411318548,0.000349514770540371,0
"CACNA1C-AS2","ENSG00000256271.1","ENSG00000256271","antisense","chr12",2777666,2781386,"-",3721,TRUE,0.227272727272727,0.00154259473091127,0.00289305231105645,0.00124268920571592,0.00168241022420222,0.00114204968389545
"CACNA2D3-AS1","ENSG00000243715.1","ENSG00000243715","antisense","chr3",54908632,54935282,"-",26651,TRUE,0.101010101010101,0.000730601367389582,0.000861916279843343,4.29024040095867e-05,0.00107971014079209,0.00130376337533885
"CAHM","ENSG00000270419.1","ENSG00000270419","lincRNA","chr6",163834097,163834992,"-",896,TRUE,0.757575757575758,0.00552465416350959,0.00781335308441642,0.00528584310283662,0.00422575313805017,0.00594777897503501
"CAPN10-AS1","ENSG00000260942.1","ENSG00000260942","antisense","chr2",241522117,241526116,"-",4000,TRUE,2.15909090909091,0.0156955587486438,0.00466310134359837,0.0176515884318297,0.0221527152573937,0.0123218147975174
"CASC15","ENSG00000272168.1","ENSG00000272168","lincRNA","chr6",21665003,22214734,"+",549732,TRUE,0.0505050505050505,0.000190852755442302,0,0.000231398488552855,0.000429702693148722,0
"CASC2","ENSG00000177640.11","ENSG00000177640","antisense","chr10",119805790,119969663,"+",163874,TRUE,0.101010101010101,0.000336112188234744,0,0.000922067381648482,0,0
"CASC7","ENSG00000259758.1","ENSG00000259758","lincRNA","chr8",141530255,141539600,"-",9346,TRUE,14.9116161616162,0.105500497424822,0.113966973064101,0.160052555580042,0.0931868236957471,0.035488091006697
"CCAT1","ENSG00000247844.1","ENSG00000247844","lincRNA","chr8",128220111,128231333,"-",11223,TRUE,0.0631313131313131,0.000143933093825902,0,0.000304891584997208,0.000132311817225777,0
"CCDC147-AS1","ENSG00000231233.1","ENSG00000231233","antisense","chr10",106111349,106113333,"-",1985,TRUE,0.138888888888889,0.000717916146157828,0,0.000268021804648964,0.00116196522252202,0.00129614738706291
"CD27-AS1","ENSG00000215039.2","ENSG00000215039","antisense","chr12",6548167,6560733,"-",12567,TRUE,6.01010101010101,0.0304535629152673,0.0121701346843147,0.0521825491689218,0.0195234067908288,0.0194875917419488
"CDIPT-AS1","ENSG00000214725.3","ENSG00000214725","antisense","chr16",29874914,29879371,"+",4458,TRUE,0.202020202020202,0.000778741501333701,0,0.00179424262483972,0.000503135115970781,0
"CDKN2B-AS1","ENSG00000240498.2","ENSG00000240498","antisense","chr9",21994777,22121096,"+",126320,TRUE,0.505050505050505,0.00257932494024267,0,0.00199675075294435,0.00292004275492243,0.00439979811579253
"CECR7","ENSG00000237438.2","ENSG00000237438","lincRNA","chr22",17517460,17541715,"+",24256,TRUE,4.48232323232323,0.0274691590755072,0.0245091755551076,0.033507701506347,0.0284732825201399,0.0194268026920427
"CERS6-AS1","ENSG00000227617.4","ENSG00000227617","antisense","chr2",169628463,169643471,"-",15009,TRUE,0.0883838383838384,0.000240474664872984,0,0.00065970188631591,0,0
"CFLAR-AS1","ENSG00000226312.3","ENSG00000226312","antisense","chr2",202005007,202022546,"-",17540,TRUE,0.138888888888889,0.000680162954937095,0,0.000987236346135698,0,0.00124962525704829
"CHKB-AS1","ENSG00000205559.3","ENSG00000205559","antisense","chr22",51021455,51022306,"+",852,TRUE,2.27272727272727,0.0110319330712599,0,0.0200411900933012,0.0103950633307929,0.00448693832840946
"CIRBP-AS1","ENSG00000267493.2","ENSG00000267493","antisense","chr19",1268165,1270240,"-",2076,TRUE,0.0378787878787879,0.000142967290793383,0,0.000392206769339659,0,0
"CITF22-1A6.3","ENSG00000273192.1","ENSG00000273192","lincRNA","chr22",50295876,50298224,"+",2349,TRUE,0.138888888888889,0.000711234805825228,0,0.000960573024758748,0.00145685447766546,0
"CITF22-92A6.1","ENSG00000273145.1","ENSG00000273145","lincRNA","chr22",46409486,46411378,"+",1893,TRUE,0.328282828282828,0.00193156968368087,0.00130301429644197,0.00285531345958898,0.00127319300577383,0.00157651684644603
"CKMT2-AS1","ENSG00000247572.3","ENSG00000247572","antisense","chr5",80499903,80597379,"-",97477,TRUE,1.88131313131313,0.0112017107487077,0,0.0168306174512772,0.0121403845089453,0.00802757722013215
"CPB2-AS1","ENSG00000235903.3","ENSG00000235903","antisense","chr13",46626941,46687467,"+",60527,TRUE,0.669191919191919,0.00328123565606279,0,0.00719209158313257,0.00150420867818755,0.00111874697548347
"CPEB2-AS1","ENSG00000247624.2","ENSG00000247624","lincRNA","chr4",14911585,15003669,"-",92085,TRUE,0.0631313131313131,0.000219200331241256,0,0.000601339322282906,0,0
"CRNDE","ENSG00000245694.4","ENSG00000245694","lincRNA","chr16",54952775,54963101,"-",10327,TRUE,4.94949494949495,0.0305315671482205,0,0.0518322333604851,0.0335956429247904,0.0129172941087794
"CROCCP2","ENSG00000215908.5","ENSG00000215908","lincRNA","chr1",16944751,16971178,"-",26428,TRUE,9.52020202020202,0.0723937974301509,0.0554378186187489,0.062474033893749,0.0866018144125984,0.0814490870640951
"CRYM-AS1","ENSG00000189149.7","ENSG00000189149","lincRNA","chr16",21312170,21329912,"+",17743,TRUE,0.189393939393939,0.000886739081813506,0.000869669494449185,0.00141793929409772,0.00103154687298813,0
"CSTF3-AS1","ENSG00000247151.2","ENSG00000247151","antisense","chr11",33183203,33213144,"+",29942,TRUE,0.29040404040404,0.00188477598165117,0,0.00265673631425912,0.000922455555840027,0.00268307772379172
"CTA-126B4.7","ENSG00000230107.1","ENSG00000230107","lincRNA","chr22",42834029,42842201,"+",8173,TRUE,0.0378787878787879,9.55404592276613e-05,0,0.0002620992161701,0,0
"CTA-14H9.5","ENSG00000261353.1","ENSG00000261353","lincRNA","chr6",26527291,26527632,"+",342,TRUE,0.883838383838384,0.00471600010193847,0,0.00638959412522278,0.00253204777593344,0.00686381910525967
"CTA-204B4.2","ENSG00000259891.1","ENSG00000259891","antisense","chr8",141515912,141518142,"-",2231,TRUE,0.732323232323232,0.0050872338318336,0.00695202315680991,0.00526003955619465,0.00733086289957626,0.00171653684455058
"CTA-211A9.5","ENSG00000244625.1","ENSG00000244625","lincRNA","chr22",27068730,27176170,"+",107441,TRUE,1.06060606060606,0.00693447593458514,0.00730339827626962,0.00763852975524883,0.00978292831317405,0.00298974951351223
"CTA-212D2.2","ENSG00000232876.1","ENSG00000232876","antisense","chr6",135376171,135381688,"+",5518,TRUE,0.151515151515152,0.000512911854371287,0,0.00140708759494998,0,0
"CTA-217C2.1","ENSG00000226328.2","ENSG00000226328","lincRNA","chr22",45528901,45559662,"-",30762,TRUE,4.97474747474747,0.0286304189769857,0.010178353360218,0.0395363898545026,0.0220374069211584,0.0289489869492205
"CTA-217C2.2","ENSG00000273243.1","ENSG00000273243","lincRNA","chr22",45551420,45551892,"-",473,TRUE,0.0883838383838384,0.000291463632434737,0,0.000799581561788401,0,0
"CTA-223H9.9","ENSG00000273424.1","ENSG00000273424","lincRNA","chr22",41826938,41827379,"+",442,TRUE,0.0378787878787879,0.000122416372767464,0,0.000335828774616666,0,0
"CTA-228A9.3","ENSG00000272720.1","ENSG00000272720","lincRNA","chr22",38486134,38487566,"+",1433,TRUE,0.0631313131313131,0.000579877623587114,0,7.98838718281243e-05,0.00107129726273812,0.00111283227294937
"CTA-246H3.12","ENSG00000272942.1","ENSG00000272942","lincRNA","chr22",25830291,25831037,"-",747,TRUE,0.0883838383838384,0.000747690548995751,0,0.000825211060646116,0.00030832755832392,0.00144535853151288
"CTA-250D10.23","ENSG00000260655.1","ENSG00000260655","lincRNA","chr22",42318027,42319104,"-",1078,TRUE,6.18686868686869,0.0847092859370339,0.494031505558226,0.0246587006758546,0.0126071859845414,0.0301316275378851
"CTA-292E10.6","ENSG00000226471.2","ENSG00000226471","antisense","chr22",29196671,29244547,"+",47877,TRUE,3.05555555555556,0.0261352875825742,0.00455601540604824,0.0219929069041768,0.0345591142549558,0.034936038481212
"CTA-293F17.1","ENSG00000271133.1","ENSG00000271133","antisense","chr7",20367922,20371370,"-",3449,TRUE,0.593434343434343,0.00371836105521502,0.00224481429384574,0.00321379224286193,0.00389142607765429,0.00502350989956928
"CTA-29F11.1","ENSG00000260708.1","ENSG00000260708","antisense","chr22",47157791,47158460,"-",670,TRUE,5.53030303030303,0.0373215433236157,0.0146313036802038,0.0474179923617378,0.0370246665214368,0.034874336436309
"CTA-342B11.1","ENSG00000227519.1","ENSG00000227519","lincRNA","chr22",32359344,32366387,"+",7044,TRUE,0.0631313131313131,0.000273651387936699,0,0.000750716658281487,0,0
"CTA-373H7.7","ENSG00000206028.1","ENSG00000206028","lincRNA","chr22",27063656,27068617,"-",4962,TRUE,0.101010101010101,0.000351853284368275,0,0.000965250437200117,0,0
"CTA-384D8.33","ENSG00000272940.1","ENSG00000272940","lincRNA","chr22",51035581,51036028,"+",448,TRUE,0.0631313131313131,0.000212811475453787,0,0.000583812568615863,0,0
"CTA-384D8.34","ENSG00000273272.1","ENSG00000273272","lincRNA","chr22",50981079,50981440,"+",362,TRUE,4.19191919191919,0.0399274071763011,0.000824277660492918,0.0195561877750918,0.0175782126140256,0.110543384532695
"CTA-384D8.35","ENSG00000272666.1","ENSG00000272666","lincRNA","chr22",50980734,50981335,"-",602,TRUE,0.315656565656566,0.00186026273089908,0,0.00278913581432892,0.00137964242696029,0.00195704810277344
"CTA-384D8.36","ENSG00000272821.1","ENSG00000272821","antisense","chr22",50962355,50963209,"+",855,TRUE,5.66919191919192,0.0316416260256368,0.00458456083979439,0.0589443786618454,0.0271437353575727,0.0110237247024603
"CTA-392E5.1","ENSG00000253154.1","ENSG00000253154","lincRNA","chr8",86851934,86963312,"+",111379,TRUE,0.0505050505050505,0.000172821235715857,0,0.000100940902289219,0.00054881701577209,0
"CTA-407F11.8","ENSG00000234884.1","ENSG00000234884","antisense","chr22",25957084,25960429,"-",3346,TRUE,0.164141414141414,0.00116095542671297,0,0.00181580830826828,0.00142373981002151,0.000570308939174367
"CTA-445C9.14","ENSG00000261188.1","ENSG00000261188","antisense","chr22",26908503,26910534,"+",2032,TRUE,0.757575757575758,0.00438496773518036,0.000995565999111877,0.00710309506480856,0.00398549409195784,0.00264206673346628
"CTA-445C9.15","ENSG00000260065.1","ENSG00000260065","lincRNA","chr22",26917949,26921002,"-",3054,TRUE,11.1363636363636,0.111965981459226,0.020103171469346,0.0515068892474155,0.130210430680822,0.227369364603549
"CTA-833B7.2","ENSG00000183822.2","ENSG00000183822","antisense","chr22",37243415,37266483,"-",23069,TRUE,0.151515151515152,0.000863243646549511,0,0.00172794894747902,0,0.0009104931375863
"CTA-85E5.10","ENSG00000227117.2","ENSG00000227117","antisense","chr22",30404731,30476469,"-",71739,TRUE,0.151515151515152,0.000735375017460565,0.00125719899645072,0.00123894208663011,0.00047878623427295,0
"CTA-989H11.1","ENSG00000273366.1","ENSG00000273366","lincRNA","chr22",42674194,42674852,"+",659,TRUE,0.189393939393939,0.000724041341545602,0,0.00198628591099452,0,0
"CTB-113I20.2","ENSG00000271737.1","ENSG00000271737","lincRNA","chr5",133340838,133341253,"+",416,TRUE,0.517676767676768,0.0040799949778527,0.00130993407284464,0.00534744707884424,0.005906927084856,0.00192997596287651
"CTB-113P19.5","ENSG00000272112.1","ENSG00000272112","lincRNA","chr5",151104392,151104917,"-",526,TRUE,0.429292929292929,0.00314324517049609,0.00342665661415739,0.00363886198580703,0.00260152489631059,0.00281703987542993
"CTB-114C7.4","ENSG00000250274.1","ENSG00000250274","lincRNA","chr5",169735705,169739720,"-",4016,TRUE,0.0757575757575758,0.000245906587048898,0,0.000674603453213464,0,0
"CTB-118N6.3","ENSG00000248445.1","ENSG00000248445","antisense","chr5",115783243,115843972,"+",60730,TRUE,0.467171717171717,0.00373153799126965,0.00485063973141562,0.00369641318173746,0.00345793077465309,0.00347273527283908
"CTB-119C2.1","ENSG00000273237.1","ENSG00000273237","antisense","chr7",26213153,26214565,"-",1413,TRUE,0.631313131313131,0.00547279421209615,0.00671498708656717,0.00240186989136044,0.00394039734876368,0.0106855887772369
"CTB-11I22.1","ENSG00000253256.1","ENSG00000253256","antisense","chr5",158636929,158675804,"+",38876,TRUE,0.101010101010101,0.000248871900915854,0,0.000682738294164727,0,0
"CTB-129O4.1","ENSG00000248367.1","ENSG00000248367","antisense","chr5",179720245,179722253,"+",2009,TRUE,0.227272727272727,0.00194559377697854,0,0.00178017435675906,0.00260353608104668,0.00254137833429162
"CTB-129P6.4","ENSG00000267282.1","ENSG00000267282","antisense","chr19",45385284,45394133,"-",8850,TRUE,0.0378787878787879,0.000103159184228774,0,0.000282999909626563,0,0
"CTB-12A17.3","ENSG00000269292.1","ENSG00000269292","antisense","chr19",47112534,47114036,"-",1503,TRUE,0.189393939393939,0.000535918948113369,0,0.00123005918072049,0,0.000341525721338829
"CTB-131K11.1","ENSG00000266469.1","ENSG00000266469","antisense","chr17",37558046,37562486,"+",4441,TRUE,0.0883838383838384,0.000484001405070308,0,0.000448111412220833,0,0.00125103127146566
"CTB-13F3.1","ENSG00000273055.1","ENSG00000273055","antisense","chr7",107582561,107583185,"+",625,TRUE,0.303030303030303,0.00184178875990169,0.000976487573541363,0.000891968871521979,0.00276888937833578,0.0027393970050154
"CTB-152G17.6","ENSG00000272918.1","ENSG00000272918","antisense","chr7",104743285,104745930,"-",2646,TRUE,0.23989898989899,0.00295967620300069,0.00333275995129365,0.0012410325244205,0.00506234087252964,0.00317947248652334
"CTB-161M19.4","ENSG00000249494.1","ENSG00000249494","antisense","chr5",118342042,118406585,"-",64544,TRUE,0.0378787878787879,0.000232065451551874,0,0.000205046123411189,0.00031389284681272,0.000310255448132694
"CTB-167B5.1","ENSG00000254003.1","ENSG00000254003","antisense","chr7",87845975,87848541,"+",2567,TRUE,0.315656565656566,0.00163131441558685,0,0.00280044880429583,0.000938283604813148,0.00147451416610719
"CTB-167B5.2","ENSG00000264868.1","ENSG00000264868","lincRNA","chr7",87900207,87903065,"-",2859,TRUE,0.0378787878787879,5.37177196421681e-05,0,0.000147365548862477,0,0
"CTB-171A8.1","ENSG00000266903.1","ENSG00000266903","antisense","chr19",45135500,45222031,"-",86532,TRUE,0.214646464646465,0.00173086983270728,0,0.00239114587096753,0.00346676054282138,0
"CTB-175E5.7","ENSG00000267394.1","ENSG00000267394","antisense","chr17",42276250,42293933,"+",17684,TRUE,0.0505050505050505,0.000262560537634548,0,0.000461915238306765,0,0.00036745328328768
"CTB-175P5.4","ENSG00000269416.1","ENSG00000269416","lincRNA","chr19",23582035,23598877,"-",16843,TRUE,0.202020202020202,0.000852671015916201,0,0.00187012988990604,0.000689806140548937,0
"CTB-17P3.4","ENSG00000254298.1","ENSG00000254298","lincRNA","chr5",150537667,150538023,"-",357,TRUE,0.517676767676768,0.00277186536510814,0,0.00530640867595321,0.00141042426484514,0.00190389606516676
"CTB-191K22.6","ENSG00000269392.1","ENSG00000269392","antisense","chr19",50869137,50872588,"-",3452,TRUE,0.0757575757575758,0.000592741481633942,0,0.00100905439810189,0.000907474522272369,0
"CTB-30L5.1","ENSG00000267052.1","ENSG00000267052","lincRNA","chr7",106211393,106239354,"-",27962,TRUE,0.113636363636364,0.000377582607781038,0,0.00103583451805536,0,0
"CTB-31O20.2","ENSG00000261526.1","ENSG00000261526","lincRNA","chr19",1874881,1876168,"-",1288,TRUE,2.34848484848485,0.0164156945426746,0.025498400844748,0.018362183460336,0.0102371598826463,0.0149688647289753
"CTB-31O20.3","ENSG00000267007.1","ENSG00000267007","antisense","chr19",1815248,1815872,"+",625,TRUE,0.0631313131313131,0.000302654036290383,0,0.000127304810482742,0.000145423362218493,0.000859125576118847
"CTB-32O4.2","ENSG00000267498.1","ENSG00000267498","lincRNA","chr19",29704142,29706722,"+",2581,TRUE,0.0505050505050505,0.000155806242815096,0,0.000219591190839738,0,0.00029557915031588
"CTB-40H15.4","ENSG00000272057.1","ENSG00000272057","lincRNA","chr5",14872441,14872822,"+",382,TRUE,0.0378787878787879,0.00021542377919167,0,0.000590978985520618,0,0
"CTB-41I6.1","ENSG00000266389.1","ENSG00000266389","lincRNA","chr17",8869213,8870387,"+",1175,TRUE,0.340909090909091,0.00164356999738033,0.00188069176585176,0.00230829682954629,0.00223999082825585,0
"CTB-41I6.2","ENSG00000265975.1","ENSG00000265975","lincRNA","chr17",8870840,8880312,"+",9473,TRUE,0.138888888888889,0.000506897337250143,0,0.001078432581475,0.000459089173867962,0
"CTB-43E15.3","ENSG00000253686.1","ENSG00000253686","lincRNA","chr5",173134617,173173214,"-",38598,TRUE,0.214646464646465,0.00183012427274238,0,0.000419844198648211,0.00076284220024464,0.00580543586184336
"CTB-43E15.4","ENSG00000254211.1","ENSG00000254211","lincRNA","chr5",173213793,173236042,"-",22250,TRUE,0.151515151515152,0.00205667607499494,0,0,0.00156795412186032,0.00650787220332418
"CTB-43P18.1","ENSG00000272742.1","ENSG00000272742","antisense","chr5",138700366,138705406,"-",5041,TRUE,0.202020202020202,0.00109860247792109,0.00132959584794378,0.00101759073137676,0.000636922545791505,0.00154191553911335
"CTB-46B19.2","ENSG00000249593.2","ENSG00000249593","antisense","chr5",138348336,138386892,"+",38557,TRUE,0.0757575757575758,0.000829520121466347,0,0.00051417531235666,0,0.0025051109533201
"CTB-47B11.3","ENSG00000248544.2","ENSG00000248544","antisense","chr5",156802749,156811958,"-",9210,TRUE,0.0883838383838384,0.00134976149060043,0.0052236585958565,5.97399585559207e-05,0.00161128751500367,0.000946837149537689
"CTB-50L17.16","ENSG00000267011.1","ENSG00000267011","lincRNA","chr19",4457959,4471490,"-",13532,TRUE,0.303030303030303,0.00230832028529072,0,0.00302414699204561,0.00380250313620065,0.00102801509216994
"CTB-50L17.9","ENSG00000267769.1","ENSG00000267769","antisense","chr19",4454011,4455283,"+",1273,TRUE,0.0883838383838384,0.000616924708512395,0.000966344167052938,0.000496375243473424,0.00124707612316625,0
"CTB-55O6.12","ENSG00000267169.1","ENSG00000267169","antisense","chr19",14247991,14282079,"+",34089,TRUE,0.694444444444444,0.00582628077988693,0.00163204056696492,0.00491628291064271,0.00873547752036028,0.00645604455742276
"CTB-58E17.1","ENSG00000261005.1","ENSG00000261005","lincRNA","chr17",36858705,36861000,"+",2296,TRUE,3.88888888888889,0.0285794123566832,0.0106361834805471,0.027161303055081,0.0278436288154059,0.0405002905224143
"CTB-58E17.3","ENSG00000266040.1","ENSG00000266040","antisense","chr17",36859733,36862514,"-",2782,TRUE,0.227272727272727,0.0017463238793112,0,0.00195248586307043,0.000854512278489977,0.00321017282501703
"CTB-75G16.3","ENSG00000267067.1","ENSG00000267067","lincRNA","chr17",34990527,34991156,"+",630,TRUE,0.113636363636364,0.000843024883272826,0,0.000409919422334468,0,0.00270606881933063
"CTBP1-AS2","ENSG00000196810.4","ENSG00000196810","antisense","chr4",1243088,1282079,"+",38992,TRUE,9.46969696969697,0.0692256689509185,0.0373917449821469,0.0786288783989807,0.058591608078822,0.0824448200557914
"CTC-1337H24.1","ENSG00000269913.1","ENSG00000269913","lincRNA","chr11",67227339,67227784,"+",446,TRUE,0.340909090909091,0.00365959960067866,0.00464588628539721,0.00159092027535135,0.00505099494723114,0.00475084590355063
"CTC-1337H24.2","ENSG00000270169.1","ENSG00000270169","lincRNA","chr11",67229181,67229791,"-",611,TRUE,0.0378787878787879,0.00028210309620066,0,0.000618918133077708,0.000227936766028467,0
"CTC-203F4.2","ENSG00000270021.1","ENSG00000270021","antisense","chr5",134734970,134736986,"+",2017,TRUE,0.303030303030303,0.00210926976269083,0.0012231852007994,0.00185214259493713,0.00221794144488981,0.00282381733191026
"CTC-209H22.3","ENSG00000253172.1","ENSG00000253172","antisense","chr5",172571165,172572042,"-",878,TRUE,0.0505050505050505,0.00022592783915139,0,0.000619795111215452,0,0
"CTC-228N24.3","ENSG00000245937.3","ENSG00000245937","lincRNA","chr5",127276118,127418864,"-",142747,TRUE,19.6843434343434,0.130783259235227,0.026958244926427,0.215893607576871,0.0953430086374153,0.0972037770393287
"CTC-232P5.1","ENSG00000266983.1","ENSG00000266983","antisense","chr19",5978414,6020374,"+",41961,TRUE,0.467171717171717,0.00206870554155669,0,0.00342042420072152,0.0017150787545792,0.00154812001300836
"CTC-232P5.3","ENSG00000267262.1","ENSG00000267262","antisense","chr19",6067964,6077130,"+",9167,TRUE,0.0378787878787879,0.000380962219687427,0.000904516936917003,0.000719266770187302,0,0
"CTC-241F20.3","ENSG00000268001.1","ENSG00000268001","antisense","chr19",48758932,48761456,"+",2525,TRUE,15.2272727272727,0.101264422505191,0.0395384061144497,0.153744313987969,0.0530856748224599,0.10484101956765
"CTC-246B18.10","ENSG00000269246.1","ENSG00000269246","lincRNA","chr19",39832413,39832585,"-",173,TRUE,1.69191919191919,0.0113772541003521,0.00846740977623763,0.0135381946554898,0.0188298348401786,0.00258818352011418
"CTC-250I14.3","ENSG00000267512.1","ENSG00000267512","antisense","chr19",13250431,13251961,"-",1531,TRUE,0.353535353535354,0.00152667014242456,0,0.00258499283818327,0.000656260375448816,0.00164537639761646
"CTC-250I14.6","ENSG00000267598.1","ENSG00000267598","antisense","chr19",13263885,13265007,"-",1123,TRUE,0.101010101010101,0.000416305731625806,0,0.00034151906900276,0.000581775232604902,0.000575936483084725
"CTC-251D13.1","ENSG00000271795.1","ENSG00000271795","antisense","chr5",150889014,150892330,"+",3317,TRUE,0.0378787878787879,0.000258125726554397,0,0.000708124611815319,0,0
"CTC-260E6.6","ENSG00000267383.2","ENSG00000267383","antisense","chr19",20236186,20432114,"-",195929,TRUE,2.0959595959596,0.00919155988286492,0.00152456964177379,0.0209774541635685,0.00316700190518567,0.00218367829297719
"CTC-265F19.3","ENSG00000267214.1","ENSG00000267214","antisense","chr19",2631952,2632847,"+",896,TRUE,0.0378787878787879,0.00016418697409739,0,0.00024111981049364,0.000307818615362298,0
"CTC-273B12.10","ENSG00000269814.1","ENSG00000269814","lincRNA","chr19",49016464,49016917,"-",454,TRUE,0.126262626262626,0.00110820976800936,0,0.0010430500428701,0.00212537370476857,0.000785038081974117
"CTC-273B12.6","ENSG00000269423.1","ENSG00000269423","lincRNA","chr19",48969623,48970237,"+",615,TRUE,0.366161616161616,0.00343821838765077,0.0069394815288366,0.00298902760467746,0.00375723078836693,0.00197480892016549
"CTC-281F24.1","ENSG00000261996.1","ENSG00000261996","antisense","chr17",6556783,6558328,"-",1546,TRUE,0.0883838383838384,0.000800704832032531,0.00267829911014168,0.000577937080160744,0.000961613267817742,0
"CTC-297N7.5","ENSG00000263400.2","ENSG00000263400","antisense","chr17",10633094,10718481,"+",85388,TRUE,0.0378787878787879,0.000459614676610021,0,7.26478717620989e-05,0,0.00168985903102177
"CTC-297N7.8","ENSG00000273290.1","ENSG00000273290","lincRNA","chr17",10575791,10579323,"-",3533,TRUE,4.30555555555556,0.0276699459465222,0.0198483367219421,0.0393543253788897,0.0187154962739973,0.0237188399758251
"CTC-301O7.4","ENSG00000197813.4","ENSG00000197813","lincRNA","chr19",49834874,49843865,"-",8992,TRUE,0.227272727272727,0.00113934898921451,0,0.00140104790517284,0.00193325579104767,0.000583171218974554
"CTC-308K20.1","ENSG00000204758.3","ENSG00000204758","antisense","chr5",172381789,172386395,"-",4607,TRUE,0.202020202020202,0.000802452206177907,0.00216577980086876,0.0012743925466794,0.000215914008029582,0
"CTC-308K20.2","ENSG00000254295.1","ENSG00000254295","lincRNA","chr5",172381910,172384165,"+",2256,TRUE,0.0378787878787879,0.000308645358509153,0,9.21726581470574e-05,0.0011097140984829,0
"CTC-325J23.2","ENSG00000249655.1","ENSG00000249655","antisense","chr5",79926132,79927409,"-",1278,TRUE,0.0757575757575758,0.00060520782993784,0,0.000388879868638412,0.00103887960681568,0.000803561164615475
"CTC-325J23.3","ENSG00000251221.1","ENSG00000251221","lincRNA","chr5",79904442,79918343,"-",13902,TRUE,0.328282828282828,0.00167826336426517,0,0.00264735481985,0.00287770375958898,0
"CTC-329D1.2","ENSG00000249637.1","ENSG00000249637","antisense","chr5",139750476,139780952,"-",30477,TRUE,0.0631313131313131,0.000296831062921366,0,0.000402725249083482,0,0.000585337056272515
"CTC-332L22.1","ENSG00000271849.1","ENSG00000271849","lincRNA","chr5",109023503,109024030,"-",528,TRUE,0.555555555555556,0.00394257394112264,0,0.00310322499252095,0.00481986012040769,0.00630777814971578
"CTC-336P14.1","ENSG00000271228.1","ENSG00000271228","antisense","chr2",32238130,32238437,"+",308,TRUE,0.0883838383838384,0.000502938546080185,0,0.000696184369749144,0.00100529241441125,0
"CTC-338M12.4","ENSG00000233937.2","ENSG00000233937","antisense","chr5",180673523,180699168,"+",25646,TRUE,0.315656565656566,0.00172918803752252,0,0.00301777693935727,0.00171876843653477,0.000792563937111416
"CTC-338M12.5","ENSG00000250222.1","ENSG00000250222","antisense","chr5",180618924,180621429,"+",2506,TRUE,1.3510101010101,0.00742516385488865,0.00272551071290173,0.0114938448179642,0.00555369057815598,0.0058562275837032
"CTC-338M12.6","ENSG00000250900.2","ENSG00000250900","antisense","chr5",180622496,180630103,"+",7608,TRUE,0.0631313131313131,0.000451077625686594,0,0.000486068050917786,0.00110507199818552,0
"CTC-340A15.2","ENSG00000241956.5","ENSG00000241956","antisense","chr5",163723702,164598649,"+",874948,TRUE,0.214646464646465,0.000801863130505334,0,0.0009612049436541,0.000715518911143776,0.00106955354615646
"CTC-344H19.4","ENSG00000268401.1","ENSG00000268401","lincRNA","chr19",46530912,46533419,"+",2508,TRUE,0.0378787878787879,0.000211122736717591,0,0.000162253736188055,0.000220206908287677,0.000379999693329898
"CTC-365E16.1","ENSG00000272093.1","ENSG00000272093","lincRNA","chr5",71656517,71658805,"+",2289,TRUE,0.795454545454545,0.00363989865433087,0.00238796827704185,0.00742673773107533,0.00198301819747302,0.00049795752853349
"CTC-366B18.4","ENSG00000272040.1","ENSG00000272040","lincRNA","chr5",74904642,74905808,"+",1167,TRUE,0.265151515151515,0.00200552296497544,0.00237082452880913,0.00115452344661278,0.00280864171178048,0.00225202537046691
"CTC-378H22.1","ENSG00000254887.1","ENSG00000254887","antisense","chr19",42636707,42641251,"+",4545,TRUE,1.01010101010101,0.00609485714437401,0.00155320242650515,0.0107703557203863,0.0029974161716745,0.00476748431040612
"CTC-378H22.2","ENSG00000259436.1","ENSG00000259436","antisense","chr19",42656721,42661675,"+",4955,TRUE,1.70454545454545,0.0135559385221973,0.00836304081468332,0.0138436824614252,0.0162534591377245,0.0131986300960809
"CTC-425F1.4","ENSG00000267458.1","ENSG00000267458","antisense","chr19",13054932,13055301,"-",370,TRUE,5.12626262626263,0.0279077143956509,0.00840471601385479,0.0505780970899851,0.0186271264518407,0.0146325999189145
"CTC-428G20.3","ENSG00000248175.1","ENSG00000248175","lincRNA","chr5",114539713,114541943,"-",2231,TRUE,1.38888888888889,0.00823606241125216,0.0085922499245998,0.00763246807144373,0.00907619383306231,0.00809959140836157
"CTC-428G20.6","ENSG00000271797.1","ENSG00000271797","antisense","chr5",114598202,114599145,"+",944,TRUE,0.353535353535354,0.00202516041862174,0,0.00293609851591007,0.0017046509429261,0.00207710556605312
"CTC-428H11.2","ENSG00000272367.1","ENSG00000272367","antisense","chr5",86672073,86672997,"-",925,TRUE,0.315656565656566,0.00219587238526384,0.00120252330311111,0.00240234992811318,0.00419306793857334,0.00047985637939498
"CTC-436K13.1","ENSG00000253673.1","ENSG00000253673","lincRNA","chr5",157602404,157627024,"+",24621,TRUE,0.0505050505050505,0.000893212173862152,0,0,0.000473421388067117,0.00302705134591748
"CTC-444N24.11","ENSG00000268205.1","ENSG00000268205","lincRNA","chr19",57815673,57819930,"+",4258,TRUE,21.25,0.166434441759996,0.036904518723905,0.303218840078238,0.126690269019982,0.0766966945193188
"CTC-444N24.13","ENSG00000268678.1","ENSG00000268678","antisense","chr19",57862216,57863380,"-",1165,TRUE,0.101010101010101,0.000372201499079468,0,0.000706047988218712,0.000463308879634214,0
"CTC-444N24.6","ENSG00000267871.1","ENSG00000267871","antisense","chr19",57778588,57791702,"-",13115,TRUE,0.315656565656566,0.00222303635161571,0.00144994142611736,0.00213985965672364,0.00220483213410181,0.00275499926770018
"CTC-444N24.8","ENSG00000268713.1","ENSG00000268713","lincRNA","chr19",57772722,57774106,"+",1385,TRUE,1.98232323232323,0.0165751274609248,0.015045237555406,0.0185411009631722,0.0159012980445364,0.0152145595521179
"CTC-453G23.8","ENSG00000268583.1","ENSG00000268583","antisense","chr19",48707340,48716411,"+",9072,TRUE,0.101010101010101,0.000342349707849452,0,0.000939178969922986,0,0
"CTC-459F4.1","ENSG00000261770.1","ENSG00000261770","lincRNA","chr19",28248092,28251757,"-",3666,TRUE,0.340909090909091,0.00278438706671049,0.00341068373861669,0.0035341122156415,0.00132103604581148,0.00281234421463092
"CTC-459F4.3","ENSG00000267575.2","ENSG00000267575","lincRNA","chr19",28284371,28409771,"+",125401,TRUE,5.41666666666667,0.0239095769472627,0,0.0511871371115031,0.0121645902700754,0.00872290338977985
"CTC-462L7.1","ENSG00000261589.1","ENSG00000261589","lincRNA","chr17",53246184,53250993,"+",4810,TRUE,0.138888888888889,0.000945754210203787,0,0.000758453904317678,0.000876638464787858,0.00176348552545335
"CTC-467M3.1","ENSG00000245864.2","ENSG00000245864","antisense","chr5",87972036,88018648,"+",46613,TRUE,0.151515151515152,0.000763616296059386,0,0.00101872789275408,0.000202778879508087,0.00133434418617485
"CTC-471F3.6","ENSG00000268166.1","ENSG00000268166","lincRNA","chr19",40526292,40526948,"+",657,TRUE,0.151515151515152,0.00166778479791178,0,0.00062958643223655,0.0032415734144026,0.00247686254045424
"CTC-487M23.5","ENSG00000270067.1","ENSG00000270067","antisense","chr5",112229030,112229698,"+",669,TRUE,0.23989898989899,0.000872084368331937,0,0.00200896865179233,0.000563940753675237,0
"CTC-498J12.3","ENSG00000248664.1","ENSG00000248664","antisense","chr5",68408939,68432221,"-",23283,TRUE,0.0505050505050505,0.000245715778793481,0,0.000286725397867837,0.000569685554966848,0
"CTC-503J8.6","ENSG00000267427.1","ENSG00000267427","lincRNA","chr19",6210390,6212492,"-",2103,TRUE,21.540404040404,0.142580374487425,0.0439833585597011,0.242583671504086,0.109699908031422,0.0826669428277547
"CTC-505O3.3","ENSG00000249021.1","ENSG00000249021","lincRNA","chr5",115027159,115027864,"-",706,TRUE,0.101010101010101,0.000822615582163618,0,0.000888380197217224,0.0020124104846509,0
"CTC-506B8.1","ENSG00000249180.1","ENSG00000249180","antisense","chr5",96076783,96078402,"-",1620,TRUE,0.0505050505050505,0.000267105418182257,0,0.000619200074978865,0.000167011867315074,0
"CTC-507E2.1","ENSG00000267003.1","ENSG00000267003","antisense","chr17",34006411,34011922,"-",5512,TRUE,0.113636363636364,0.000606826480898248,0,0.000173614087461348,0.000481260752065345,0.00165523497630982
"CTC-508F8.1","ENSG00000263331.1","ENSG00000263331","antisense","chr16",21132079,21141429,"+",9351,TRUE,0.265151515151515,0.00127768814497038,0,0.00214804111374528,0.00199587132592093,0
"CTC-518P12.6","ENSG00000267484.1","ENSG00000267484","antisense","chr19",4838344,4838919,"+",576,TRUE,0.277777777777778,0.00124827327802403,0.00202022645940745,0.00169902757604636,0.000889307576631168,0.000558859832115149
"CTC-523E23.1","ENSG00000261754.2","ENSG00000261754","lincRNA","chr19",35302493,35305249,"-",2757,TRUE,0.113636363636364,0.00066670182482073,0,0.00103991283396841,0.000632324929381944,0.000510737076126418
"CTC-523E23.11","ENSG00000271109.1","ENSG00000271109","lincRNA","chr19",35340182,35351480,"-",11299,TRUE,1.3510101010101,0.00544544676108264,0.00308784611308834,0.00908522437319406,0.00413274279427921,0.00274628646284792
"CTC-524C5.2","ENSG00000263272.1","ENSG00000263272","antisense","chr17",5328459,5336196,"-",7738,TRUE,3.75,0.0171377288516357,0,0.042884148272536,0.00571305932338629,0.000349527581446119
"CTC-527H23.3","ENSG00000260052.1","ENSG00000260052","lincRNA","chr16",48671054,48672630,"+",1577,TRUE,0.101010101010101,0.000512079344408168,0,0.00140480374357904,0,0
"CTC-548K16.2","ENSG00000266913.1","ENSG00000266913","lincRNA","chr19",14416270,14481008,"-",64739,TRUE,0.0631313131313131,0.000151827203750761,0,0.000416512453656401,0,0
"CTC-548K16.5","ENSG00000267379.1","ENSG00000267379","antisense","chr19",14513529,14519535,"-",6007,TRUE,0.467171717171717,0.00268743419262188,0,0.00512332751344155,0.00257665915740127,0.000707118398167884
"CTC-550B14.7","ENSG00000267265.1","ENSG00000267265","antisense","chr19",55517561,55559454,"+",41894,TRUE,0.0631313131313131,0.000106600388285315,0,0.000292440275448457,0,0
"CTC-756D1.2","ENSG00000253390.1","ENSG00000253390","lincRNA","chr8",23316114,23342484,"+",26371,TRUE,0.0252525252525253,2.61405842282075e-05,0,7.17123058841024e-05,0,0
"CTD-2001C12.1","ENSG00000247877.2","ENSG00000247877","lincRNA","chr5",99785458,99870966,"-",85509,TRUE,0.214646464646465,0.000937233435122353,0,0.00183862181052649,0.00107732431950028,0
"CTD-2006H14.2","ENSG00000271971.1","ENSG00000271971","antisense","chr8",94727606,94728341,"-",736,TRUE,0.277777777777778,0.00300551130428447,0.00199412555139122,0.00271253245393006,0.00148247046338345,0.00541309765633908
"CTD-2012J19.3","ENSG00000271119.1","ENSG00000271119","lincRNA","chr5",1594741,1611582,"+",16842,TRUE,0.0757575757575758,0.000376343602966391,0,0.000208975837190768,0.00121106881993076,0
"CTD-2012K14.6","ENSG00000261386.2","ENSG00000261386","lincRNA","chr16",67583117,67597861,"-",14745,TRUE,0.151515151515152,0.0014083806294558,0,0.000573977316627481,0.00226804023720713,0.00248529019041813
"CTD-2012K14.7","ENSG00000259804.1","ENSG00000259804","antisense","chr16",67595314,67596212,"-",899,TRUE,0.340909090909091,0.00217665277007269,0.00213046881005325,0.00226170149233016,0.00141089340556113,0.00281984552366831
"CTD-2013N24.2","ENSG00000244513.2","ENSG00000244513","antisense","chr3",69063092,69105773,"+",42682,TRUE,0.277777777777778,0.000940524695766284,0,0.00226132471887149,0.000180730418128157,0.000278688333153394
"CTD-2015H6.3","ENSG00000249042.1","ENSG00000249042","antisense","chr5",79778112,79783882,"-",5771,TRUE,0.176767676767677,0.00110852746045503,0,0.00080902939862099,0.00154889855588027,0.00167654273290248
"CTD-2017C7.2","ENSG00000259088.1","ENSG00000259088","antisense","chr14",102262892,102276658,"-",13767,TRUE,0.0757575757575758,0.000301987002245995,0,0.000620870233944045,0.000305290215176682,0
"CTD-2017D11.1","ENSG00000268362.1","ENSG00000268362","lincRNA","chr19",24216247,24249711,"+",33465,TRUE,0.972222222222222,0.00632960150320233,0.00454491744086528,0.00852471766424022,0.0067607426156211,0.00370518823435311
"CTD-2020K17.1","ENSG00000267121.1","ENSG00000267121","antisense","chr17",43268298,43299589,"-",31292,TRUE,6.54040404040404,0.0638896101192411,0.0899875961621888,0.0453954519842854,0.056357140559118,0.0841048646992774
"CTD-2020K17.3","ENSG00000233175.2","ENSG00000233175","antisense","chr17",43315395,43319101,"-",3707,TRUE,0.315656565656566,0.00358527607494282,0.00117812081338094,0.00160825975358304,0.00304788949138778,0.00814979698888795
"CTD-2020K17.4","ENSG00000233483.2","ENSG00000233483","antisense","chr17",43322553,43326203,"-",3651,TRUE,0.277777777777778,0.00151564402402755,0.00192370209810671,0.00201462436299702,0.000404204827421966,0.00167171225421944
"CTD-2023M8.1","ENSG00000248693.1","ENSG00000248693","lincRNA","chr5",18704542,18746282,"-",41741,TRUE,0.0378787878787879,0.000376828641219953,0,9.23444531364497e-05,0,0.0013388593114567
"CTD-2026K11.2","ENSG00000260206.1","ENSG00000260206","antisense","chr15",75928480,75931580,"+",3101,TRUE,0.151515151515152,0.000632181253420268,0,0.00120181492127094,0.000783105374110702,0
"CTD-2031P19.3","ENSG00000227908.3","ENSG00000227908","antisense","chr5",55290995,55299477,"+",8483,TRUE,0.176767676767677,0.00143938878005618,0,0.000860861944787413,0.00299077749416281,0.00149938644453303
"CTD-2033A16.3","ENSG00000262136.1","ENSG00000262136","antisense","chr16",69760916,69776466,"+",15551,TRUE,0.303030303030303,0.0013575467242074,0,0.00292965494067687,0.00116854622617855,0
"CTD-2033C11.1","ENSG00000269961.1","ENSG00000269961","lincRNA","chr5",65220457,65220963,"-",507,TRUE,0.101010101010101,0.000574977261219139,0,0.000876829060606931,0,0.000996263256592795
"CTD-2035E11.3","ENSG00000251131.1","ENSG00000251131","antisense","chr5",43018531,43024349,"+",5819,TRUE,0.782828282828283,0.00487929986927456,0.00361786500021864,0.0101216443740909,0.00165921692185211,0.00118386464967038
"CTD-2035E11.4","ENSG00000272382.1","ENSG00000272382","lincRNA","chr5",43033818,43034737,"+",920,TRUE,0.0883838383838384,0.000640366435986069,0,0.000922349714209344,0.000866457694480357,0.000348779356562734
"CTD-2035E11.5","ENSG00000272144.1","ENSG00000272144","lincRNA","chr5",43061497,43062543,"+",1047,TRUE,0.0631313131313131,0.000567586964576902,0.00286799235222612,0.000193229048512714,0,0.000470307610875709
"CTD-2036P10.3","ENSG00000246283.2","ENSG00000246283","lincRNA","chr15",43031316,43035400,"+",4085,TRUE,0.126262626262626,0.000901138458877381,0,0.00124205225392701,0.000976277363118703,0.000805309986906189
"CTD-2037K23.2","ENSG00000245556.2","ENSG00000245556","lincRNA","chr5",77638189,77656331,"-",18143,TRUE,4.33080808080808,0.0324340668192213,0.0109005644291493,0.0280166979495134,0.020214681022415,0.0615643331894932
"CTD-2044J15.2","ENSG00000272520.1","ENSG00000272520","lincRNA","chr5",6671219,6674499,"+",3281,TRUE,0.277777777777778,0.00132691956150406,0.000943806735608351,0.00267641122245261,0,0.000887115627024027
"CTD-2066L21.3","ENSG00000250697.1","ENSG00000250697","lincRNA","chr5",32925745,33298016,"-",372272,TRUE,0.0378787878787879,0.000181297585477969,0,0.000497359500168171,0,0
"CTD-2072I24.1","ENSG00000251168.1","ENSG00000251168","lincRNA","chr5",7924405,7925511,"+",1107,TRUE,0.138888888888889,0.00102587121373793,0,0.00082926182571374,0.00161205747081285,0.00126421295899666
"CTD-2081C10.1","ENSG00000250447.1","ENSG00000250447","lincRNA","chr5",53072474,53115516,"-",43043,TRUE,0.0631313131313131,0.000549770343623086,0,0.000341352038246746,0,0.00165945703796871
"CTD-2083E4.6","ENSG00000248925.1","ENSG00000248925","antisense","chr5",269973,271631,"-",1659,TRUE,0.0378787878787879,8.2500534396269e-05,0,0.000226326370771891,0,0
"CTD-2085J24.4","ENSG00000266930.2","ENSG00000266930","lincRNA","chr19",33366831,33369327,"-",2497,TRUE,0.984848484848485,0.00449457562907536,0.00295754188965085,0.0084079541252915,0.00376257951464863,0.000424378458161636
"CTD-2086O20.3","ENSG00000267381.1","ENSG00000267381","lincRNA","chr19",37978901,37979554,"+",654,TRUE,0.997474747474748,0.00543860759986646,0.00785029657620027,0.00795317519787578,0.00220477600757237,0.00375402544461188
"CTD-2090I13.1","ENSG00000234277.2","ENSG00000234277","lincRNA","chr1",227581292,227618736,"+",37445,TRUE,0.101010101010101,0.000361413342294797,0,0.000360127531569096,0.000928530559009073,0
"CTD-2105E13.13","ENSG00000267093.1","ENSG00000267093","lincRNA","chr19",55911113,55911787,"-",675,TRUE,0.391414141414141,0.00282217485037011,0.0062500637441202,0.0031426914566654,0.00275176047037046,0.000678277084884753
"CTD-2105E13.14","ENSG00000268729.1","ENSG00000268729","antisense","chr19",55823397,55823863,"-",467,TRUE,0.29040404040404,0.00133325361135158,0,0.00205797504498404,0.000864711664049992,0.00143870229088938
"CTD-2116N20.1","ENSG00000250081.1","ENSG00000250081","lincRNA","chr5",64782271,64782875,"-",605,TRUE,0.808080808080808,0.00540678384732122,0,0.00764747338130386,0.00810756960892809,0.00237847944661773
"CTD-2134A5.3","ENSG00000258914.1","ENSG00000258914","lincRNA","chr14",104341392,104343815,"+",2424,TRUE,0.0378787878787879,0.000459674911646557,0,0.000412807853396751,0.00124750332525945,0
"CTD-2139B15.2","ENSG00000248223.1","ENSG00000248223","lincRNA","chr5",17354019,17355008,"+",990,TRUE,0.0378787878787879,0.000174212547820921,0,0.000237239990192822,0,0.000342291392637941
"CTD-2139B15.5","ENSG00000249199.1","ENSG00000249199","lincRNA","chr5",17369334,17375686,"-",6353,TRUE,0.315656565656566,0.00225708619093006,0,0.000141709822788523,0.00220456526892124,0.00647263288220849
"CTD-2152M20.2","ENSG00000250764.1","ENSG00000250764","antisense","chr5",32103551,32122047,"-",18497,TRUE,0.227272727272727,0.00124710433059733,0,0.001098364150455,0.00132646484695417,0.00202080714354494
"CTD-2162K18.3","ENSG00000267353.1","ENSG00000267353","lincRNA","chr19",37264614,37266810,"-",2197,TRUE,0.0378787878787879,0.000240275375759496,0,0.000156162122998868,0,0.000715340358087427
"CTD-2162K18.5","ENSG00000267254.1","ENSG00000267254","antisense","chr19",37288420,37319017,"+",30598,TRUE,2.14646464646465,0.00965783740842474,0.00918105824222499,0.0174600888390489,0.00308695584449373,0.00516000044420424
"CTD-2165H16.4","ENSG00000261360.1","ENSG00000261360","antisense","chr5",14661917,14664713,"-",2797,TRUE,0.618686868686869,0.00409312549752013,0,0.00438941773739852,0.00352509625846614,0.00631800048134034
"CTD-2184C24.2","ENSG00000254718.2","ENSG00000254718","antisense","chr14",60706839,60715483,"-",8645,TRUE,0.202020202020202,0.00177311918018451,0,0.00226329387819931,0.00237179296233903,0.00140549009636868
"CTD-2186M15.3","ENSG00000272086.1","ENSG00000272086","lincRNA","chr5",32174577,32175378,"+",802,TRUE,3.16919191919192,0.0204243831495553,0.00527077317196049,0.0217518841438365,0.0235679314329803,0.0232600844923363
"CTD-2192J16.11","ENSG00000230310.1","ENSG00000230310","lincRNA","chr19",12663411,12664458,"+",1048,TRUE,0.0883838383838384,0.00048071897750058,0,0.000737851997587893,0.00085436351745713,0
"CTD-2192J16.26","ENSG00000268945.1","ENSG00000268945","lincRNA","chr19",12793507,12798093,"-",4587,TRUE,0.214646464646465,0.00101097325047719,0,0.00235030812827207,0.000116781165953595,0.000488831107729532
"CTD-2196E14.4","ENSG00000259806.2","ENSG00000259806","lincRNA","chr16",23683453,23686820,"+",3368,TRUE,2.14646464646465,0.0144182537202953,0,0.0232964400656924,0.0136037667153313,0.00996628223295067
"CTD-2196E14.9","ENSG00000260482.1","ENSG00000260482","lincRNA","chr16",23681332,23684448,"+",3117,TRUE,1.72979797979798,0.0100324593588947,0.00467989371094898,0.0171016940893825,0.00775845530277097,0.00491997540279406
"CTD-2201E18.5","ENSG00000271788.1","ENSG00000271788","lincRNA","chr5",43006835,43007645,"-",811,TRUE,0.0378787878787879,0.0001863300582639,0,0.000511165244700412,0,0
"CTD-2201G3.1","ENSG00000232633.3","ENSG00000232633","antisense","chr5",112658725,112772871,"+",114147,TRUE,0.0378787878787879,0.000402406317639518,0,7.60956447040162e-05,0.000853786826534124,0.000636150920668967
"CTD-2203K17.1","ENSG00000249572.1","ENSG00000249572","antisense","chr5",33424131,33440725,"-",16595,TRUE,0.353535353535354,0.00208537646811193,0.00102389893870129,0.0018645283604214,0.0031305372517838,0.00193260528542315
"CTD-2213F21.2","ENSG00000250365.2","ENSG00000250365","antisense","chr14",31889492,31922089,"+",32598,TRUE,0.176767676767677,0.00109672209995424,0,0.00169865032480961,0.00192666100046472,0
"CTD-2227E11.1","ENSG00000270933.1","ENSG00000270933","lincRNA","chr7",25988277,25989023,"-",747,TRUE,2.23484848484848,0.014810325515233,0,0.0146993376496373,0.0171598852441208,0.0202837120945486
"CTD-2231E14.8","ENSG00000269243.1","ENSG00000269243","antisense","chr19",16234471,16250702,"-",16232,TRUE,1.22474747474747,0.00516917093148952,0,0.0120273356740479,0.00269350867766004,0.00045791041979021
"CTD-2235C13.2","ENSG00000247372.2","ENSG00000247372","antisense","chr5",74615980,74632739,"-",16760,TRUE,0.0505050505050505,0.000120042937843417,0,0.000208240792986333,0.000178068720513662,0
"CTD-2235C13.3","ENSG00000271815.1","ENSG00000271815","lincRNA","chr5",74659585,74660067,"+",483,TRUE,0.164141414141414,0.000616566172017064,0,0.00129853488999353,0.000577857287296902,0
"CTD-2240J17.1","ENSG00000259372.1","ENSG00000259372","lincRNA","chr15",81702858,81711358,"+",8501,TRUE,0.113636363636364,0.00105546366467136,0,0.000105247002505269,0.000515232235526706,0.00346996219193375
"CTD-2245F17.3","ENSG00000269051.1","ENSG00000269051","lincRNA","chr19",53700364,53714268,"+",13905,TRUE,0.328282828282828,0.00170028348768623,0.00163186547072472,0.00317288805403967,0.00096950740793936,0.000347701615331891
"CTD-2249K22.1","ENSG00000249483.1","ENSG00000249483","lincRNA","chr5",81147420,81148020,"+",601,TRUE,0.0883838383838384,0.000319931708370337,0,0.000387083340586374,0.000721522937351098,0
"CTD-2256P15.2","ENSG00000259802.1","ENSG00000259802","antisense","chr5",10352813,10353713,"-",901,TRUE,0.934343434343434,0.00462735957214095,0,0.00645678414664258,0.00725708277837358,0.0018533490079073
"CTD-2256P15.4","ENSG00000271980.1","ENSG00000271980","antisense","chr5",10264709,10267258,"-",2550,TRUE,0.214646464646465,0.00052805761075152,0,0.00107246454362706,0.000125679468246602,0.000413449430311648
"CTD-2260A17.1","ENSG00000248734.2","ENSG00000248734","antisense","chr5",96120481,96121703,"+",1223,TRUE,0.164141414141414,0.00147557948133604,0.00394719132610113,0.00167589787096473,0.00139744949544631,0
"CTD-2267D19.2","ENSG00000265666.1","ENSG00000265666","antisense","chr17",38497119,38499388,"-",2270,TRUE,0.0883838383838384,0.000603324459755966,0,0.000488543294344048,0.000734158018592008,0.000949139428571367
"CTD-2267D19.6","ENSG00000270145.1","ENSG00000270145","lincRNA","chr17",38459457,38460909,"+",1453,TRUE,1.09848484848485,0.00377663330101587,0,0.00930720164330331,0.00121340868379837,0.00032469130715906
"CTD-2270L9.4","ENSG00000260136.1","ENSG00000260136","lincRNA","chr16",23464079,23468927,"+",4849,TRUE,1.17424242424242,0.00708584138275811,0,0.00940620527568061,0.00557547037700622,0.00887660136477392
"CTD-2283N19.1","ENSG00000251330.3","ENSG00000251330","antisense","chr5",147809722,147810370,"-",649,TRUE,0.0378787878787879,0.000184280002468691,0,0.000101655963774706,0.000593997377551938,0
"CTD-2287O16.5","ENSG00000271918.1","ENSG00000271918","antisense","chr5",115419504,115421113,"-",1610,TRUE,0.467171717171717,0.00240504248627512,0.00391887318877423,0.00402932947042311,0.00131818239952955,0.000370464110140736
"CTD-2288F12.1","ENSG00000260352.1","ENSG00000260352","antisense","chr16",18938185,18948365,"+",10181,TRUE,0.303030303030303,0.0014798843008129,0,0.00268722847524787,0.00108441197846813,0.000903425783578615
"CTD-2292M16.8","ENSG00000258768.2","ENSG00000258768","lincRNA","chr14",20728639,20732467,"-",3829,TRUE,0.202020202020202,0.00120447195808401,0.00126443460448979,0.0022959453024285,0.0004130368580743,0.000386808117657643
"CTD-2292P10.4","ENSG00000253741.1","ENSG00000253741","antisense","chr8",143783670,143808391,"-",24722,TRUE,0.227272727272727,0.00100808752600888,0,0.00153509638481146,0.000687886433214128,0.00108468417469967
"CTD-2302E22.2","ENSG00000258800.1","ENSG00000258800","lincRNA","chr14",64065592,64065966,"+",375,TRUE,0.101010101010101,0.000471208051199721,0,0.00129268020973391,0,0
"CTD-2302E22.4","ENSG00000261242.1","ENSG00000261242","antisense","chr14",64010287,64011382,"+",1096,TRUE,0.277777777777778,0.0019118628090369,0.00156785415453924,0.00245796730715969,0.00326807616458554,0
"CTD-2306M10.1","ENSG00000270107.1","ENSG00000270107","lincRNA","chr5",66475441,66476415,"-",975,TRUE,4.62121212121212,0.0231540303928214,0.000952520361145313,0.0368306275839694,0.0211605345632408,0.0170054917995039
"CTD-2310F14.1","ENSG00000271828.1","ENSG00000271828","antisense","chr5",56223701,56225400,"+",1700,TRUE,0.138888888888889,0.000559291375921537,0,0.00101680340423796,0,0.00073599816219881
"CTD-2311B13.7","ENSG00000257931.2","ENSG00000257931","lincRNA","chr14",19932012,19972292,"-",40281,TRUE,0.0378787878787879,5.0923529292893e-05,0,0.000139700156563808,0,0
"CTD-2313J23.1","ENSG00000260072.1","ENSG00000260072","lincRNA","chr16",24484119,24506498,"-",22380,TRUE,0.0378787878787879,0.000123683465047224,0,8.54664667567406e-05,0,0.000361000666821333
"CTD-2314B22.3","ENSG00000244306.5","ENSG00000244306","lincRNA","chr14",19854098,19925348,"-",71251,TRUE,0.189393939393939,0.000814749055344849,0,0.00103209958163997,0.000868002530850596,0.000871552737968914
"CTD-2315E11.1","ENSG00000259685.1","ENSG00000259685","lincRNA","chr15",90645881,90676674,"+",30794,TRUE,0.0378787878787879,0.000226833722999603,0,3.25402519715854e-05,0.000281196236129807,0.000566793678419743
"CTD-2319I12.2","ENSG00000267416.1","ENSG00000267416","lincRNA","chr17",58156670,58166056,"+",9387,TRUE,0.391414141414141,0.00213742932633289,0.00191959339877699,0.00417101828478801,0.00147240618524985,0
"CTD-2325A15.5","ENSG00000272234.1","ENSG00000272234","antisense","chr5",42806496,42807099,"+",604,TRUE,0.0252525252525253,5.4786360365257e-05,0,0.00015029718534563,0,0
"CTD-2325M2.1","ENSG00000267939.1","ENSG00000267939","lincRNA","chr19",8073613,8080909,"+",7297,TRUE,0.71969696969697,0.00411259785434489,0.00212628203396964,0.00605054237420134,0.0036724703882713,0.00279973718452576
"CTD-2331H12.7","ENSG00000269646.1","ENSG00000269646","lincRNA","chr19",53426635,53427328,"+",694,TRUE,0.0757575757575758,0.000219619262988397,0,0.000393799860804589,0.000306920206176901,0
"CTD-2336O2.1","ENSG00000253982.1","ENSG00000253982","antisense","chr8",1710156,1712668,"-",2513,TRUE,2.10858585858586,0.0132270519959885,0.0153314481805269,0.018809996847002,0.0107061111208618,0.00664679244972146
"CTD-2337I7.1","ENSG00000255345.1","ENSG00000255345","lincRNA","chr11",78803893,78809048,"+",5156,TRUE,0.0378787878787879,0.000158820459052384,0,3.89023410224741e-05,0,0.00056430885574532
"CTD-2341M24.1","ENSG00000258733.1","ENSG00000258733","lincRNA","chr14",86401054,86596117,"+",195064,TRUE,0.53030303030303,0.00323338362918896,0.00220219386605816,0.0035109715662394,0.00319057932556624,0.00340829290377161
"CTD-2342J14.6","ENSG00000267277.1","ENSG00000267277","antisense","chr19",11478799,11485611,"-",6813,TRUE,0.378787878787879,0.00145648323543211,0,0.00345164603106594,0.000455046819178497,0.000333590259550521
"CTD-2342N23.3","ENSG00000272456.1","ENSG00000272456","lincRNA","chr8",135735190,135736192,"+",1003,TRUE,0.707070707070707,0.00467140049489708,0,0.00489816111366448,0.00660635766725982,0.00487104467172634
"CTD-2349P21.5","ENSG00000263603.1","ENSG00000263603","lincRNA","chr17",29056487,29058220,"+",1734,TRUE,0.0757575757575758,0.000411888876964463,0.0013109741327169,0.000375103760153338,0.000415599720820318,0
"CTD-2349P21.9","ENSG00000266490.1","ENSG00000266490","lincRNA","chr17",29119390,29119851,"+",462,TRUE,1.26262626262626,0.00713443787786328,0,0.0100224515646864,0.00644948833660059,0.00734462301511362
"CTD-2350C19.1","ENSG00000264098.1","ENSG00000264098","antisense","chr17",26729128,26731067,"+",1940,TRUE,0.0883838383838384,0.000935128828710171,0.00455354590291984,0.000269164317441674,0.000964572185376364,0
"CTD-2350C19.2","ENSG00000265254.1","ENSG00000265254","antisense","chr17",26732258,26733814,"+",1557,TRUE,0.23989898989899,0.00136868909038653,0,0.00207434820171089,0.00141790133167932,0.00101873597213572
"CTD-2353F22.1","ENSG00000250155.1","ENSG00000250155","antisense","chr5",36666316,36725297,"-",58982,TRUE,0.972222222222222,0.00436188185009799,0,0.00846513257793827,0.0027054955168766,0.00236274817765493
"CTD-2357A8.3","ENSG00000267123.1","ENSG00000267123","lincRNA","chr17",76613471,76628139,"-",14669,TRUE,0.214646464646465,0.000715245223527948,0,0.00117348349402758,0.00115990592108188,0
"CTD-2366F13.1","ENSG00000247796.2","ENSG00000247796","antisense","chr5",52405672,52410956,"+",5285,TRUE,1.7550505050505,0.00875894343235771,0,0.014633183232769,0.00505725133725675,0.00847164907203638
"CTD-2366F13.2","ENSG00000272123.1","ENSG00000272123","antisense","chr5",52384846,52385298,"-",453,TRUE,0.0505050505050505,0.000369063234166138,0,0.000332766605714095,0.000201220762913725,0.000772062692758413
"CTD-2369P2.2","ENSG00000175898.4","ENSG00000175898","lincRNA","chr19",10332111,10333870,"-",1760,TRUE,4.10353535353535,0.0313114099776007,0.0118694673004776,0.021953757650224,0.0284743714204015,0.0573233653180572
"CTD-2369P2.4","ENSG00000267105.1","ENSG00000267105","antisense","chr19",10369785,10370721,"-",937,TRUE,0.0378787878787879,0.000172040602414246,0,0.000471964520651483,0,0
"CTD-2369P2.8","ENSG00000267607.1","ENSG00000267607","antisense","chr19",10396477,10399695,"-",3219,TRUE,0.138888888888889,0.000739590274303913,0.00109282255786712,0.000428489326728966,0,0.00171624178622594
"CTD-2373H9.5","ENSG00000267491.1","ENSG00000267491","antisense","chr17",76899345,76901106,"+",1762,TRUE,0.0757575757575758,0.000143234617465143,0,0.000392940135200531,0,0
"CTD-2376I4.2","ENSG00000272081.1","ENSG00000272081","lincRNA","chr5",72251033,72251526,"-",494,TRUE,0.0883838383838384,0.000344714342582231,0,0.000945665948476366,0,0
"CTD-2377D24.6","ENSG00000244649.2","ENSG00000244649","lincRNA","chr17",46782360,46784708,"+",2349,TRUE,0.23989898989899,0.00115747806102125,0,0.00148437080474452,0.00090287394799078,0.00153177643846551
"CTD-2382E5.1","ENSG00000246740.2","ENSG00000246740","antisense","chr15",42264961,42291292,"+",26332,TRUE,0.492424242424242,0.0022636954684887,0,0.00500850826187493,0.000604790776267039,0.00112399037664303
"CTD-2384B11.2","ENSG00000225407.3","ENSG00000225407","antisense","chr5",75987264,76012040,"-",24777,TRUE,0.0505050505050505,0.000336671645076126,0,0.000923602157604059,0,0
"CTD-2410N18.3","ENSG00000270177.1","ENSG00000270177","lincRNA","chr5",133562101,133563518,"+",1418,TRUE,0.467171717171717,0.00254184745839261,0.00223903709901384,0.00464443525978469,0.00162602670512412,0.000592343975535988
"CTD-2501E16.2","ENSG00000259274.1","ENSG00000259274","antisense","chr15",60822172,60837358,"+",15187,TRUE,0.113636363636364,0.00119332637507401,0,0.000277213018797952,0.00133652781064148,0.00296907724779667
"CTD-2509G16.5","ENSG00000258760.1","ENSG00000258760","lincRNA","chr14",65703198,65785508,"-",82311,TRUE,0.568181818181818,0.00450630114926975,0.00340927985928913,0.00210503355629464,0.00877436477977134,0.00435613010287779
"CTD-2514K5.2","ENSG00000246731.2","ENSG00000246731","antisense","chr17",72206119,72209481,"-",3363,TRUE,0.126262626262626,0.00102518626721259,0,0.000742309092371465,0.000648371793804577,0.00231708130808321
"CTD-2516F10.2","ENSG00000251364.2","ENSG00000251364","antisense","chr11",7448497,7533746,"-",85250,TRUE,0.53030303030303,0.0049360718499669,0.0113792146172739,0.00231936048007421,0.00463390944526892,0.00564874280922947
"CTD-2517M22.17","ENSG00000265393.1","ENSG00000265393","antisense","chr8",145737950,145739056,"+",1107,TRUE,0.0378787878787879,8.25448023186252e-05,0,0.000118662398237014,0.000158520881636909,0
"CTD-2517O10.6","ENSG00000272323.1","ENSG00000272323","antisense","chr5",34837654,34839383,"-",1730,TRUE,0.113636363636364,0.000478461454937046,0.000883362953754539,0.000657621973175859,0,0.000478897839723143
"CTD-2521M24.5","ENSG00000269720.1","ENSG00000269720","lincRNA","chr19",17502238,17503093,"-",856,TRUE,0.101010101010101,0.00073800943088223,0.0020540003872763,0.000647568713527366,0.000937006323925832,0
"CTD-2521M24.9","ENSG00000269640.1","ENSG00000269640","lincRNA","chr19",17516503,17529713,"+",13211,TRUE,8.29545454545455,0.0706500127592419,0.0181511176713459,0.0571895459970954,0.0396931080429663,0.146624210981793
"CTD-2525I3.2","ENSG00000267927.1","ENSG00000267927","antisense","chr19",52674411,52680255,"+",5845,TRUE,0.0378787878787879,0.00014183824327824,0,0.000389109416960048,0,0
"CTD-2526A2.2","ENSG00000260369.2","ENSG00000260369","lincRNA","chr17",78427535,78428529,"-",995,TRUE,0.252525252525253,0.000682845295464319,0,0.0018732714721432,0,0
"CTD-2527I21.7","ENSG00000269303.1","ENSG00000269303","antisense","chr19",35489137,35491074,"-",1938,TRUE,0.0505050505050505,0.000332994166081488,0,0.000378052549550966,0,0.000761515312715148
"CTD-2528L19.6","ENSG00000267152.1","ENSG00000267152","lincRNA","chr19",38219487,38221544,"-",2058,TRUE,1.01010101010101,0.00564076911446913,0.0046316488927126,0.0100832230785712,0.00110742101338716,0.00422356850298532
"CTD-2532N20.1","ENSG00000272192.1","ENSG00000272192","lincRNA","chr8",66754987,66755566,"+",580,TRUE,0.227272727272727,0.00125416012603358,0.00490443382930587,0.00124568188723479,0,0.00060889330406948
"CTD-2534I21.8","ENSG00000267334.1","ENSG00000267334","lincRNA","chr17",43025280,43026307,"+",1028,TRUE,0.0378787878787879,0.000182234304410761,0,0.000499929231358928,0,0
"CTD-2537I9.12","ENSG00000267523.1","ENSG00000267523","antisense","chr19",56173267,56186081,"-",12815,TRUE,0.151515151515152,0.000638199889161254,0,0.00175079429239942,0,0
"CTD-2537I9.5","ENSG00000267730.1","ENSG00000267730","lincRNA","chr19",56088136,56088780,"-",645,TRUE,0.113636363636364,0.000445898580738734,0,0.000737087888017351,0.000714999504200041,0
"CTD-2538C1.2","ENSG00000267475.1","ENSG00000267475","lincRNA","chr19",33177995,33182656,"-",4662,TRUE,0.77020202020202,0.00375681565316387,0,0.00794564095230976,0.000762837435575698,0.00261944071808103
"CTD-2540F13.2","ENSG00000267892.1","ENSG00000267892","antisense","chr19",39228924,39230503,"+",1580,TRUE,0.113636363636364,0.000732048765807423,0,0.000921156632986913,0.00159880133762688,0
"CTD-2540L5.6","ENSG00000245466.1","ENSG00000245466","lincRNA","chr14",71075515,71108015,"-",32501,TRUE,0.0378787878787879,0.000172832231717807,0,0.000240639032732774,0,0.000332072112170205
"CTD-2541M15.1","ENSG00000249898.3","ENSG00000249898","antisense","chr8",6475996,6565730,"-",89735,TRUE,0.101010101010101,0.00101913387624044,0.0013559989401001,0.00093845767502942,0,0.00194678526813312
"CTD-2541M15.4","ENSG00000271927.1","ENSG00000271927","lincRNA","chr8",6503576,6506025,"+",2450,TRUE,1.50252525252525,0.0117287276104502,0.0160263424098783,0.00977903441155066,0.0117875474631497,0.0122429056907304
"CTD-2542L18.1","ENSG00000260417.1","ENSG00000260417","lincRNA","chr16",85625872,85629326,"+",3455,TRUE,0.113636363636364,0.000533168342461973,0,0.000281186804271773,0.000600107131420385,0.00109994909822069
"CTD-2544N14.3","ENSG00000253645.1","ENSG00000253645","antisense","chr8",38827879,38830530,"-",2652,TRUE,0.151515151515152,0.000678731491059542,0.000746632950979966,0.0015930222168938,0,0
"CTD-2547L16.1","ENSG00000245281.2","ENSG00000245281","antisense","chr8",17942377,17953903,"+",11527,TRUE,0.53030303030303,0.00305702143084362,0,0.00344096027767749,0.00320412624191103,0.00393490522056907
"CTD-2547L24.4","ENSG00000260810.1","ENSG00000260810","lincRNA","chr14",91724643,91725347,"+",705,TRUE,0.0757575757575758,0.000239635762079195,0,0.000536315084453844,0.000178081297426887,0
"CTD-2555A7.2","ENSG00000256982.1","ENSG00000256982","lincRNA","chr16",89112580,89119373,"-",6794,TRUE,0.0378787878787879,0.00018945456751911,0,0.000519736811482976,0,0
"CTD-2555A7.3","ENSG00000261546.1","ENSG00000261546","antisense","chr16",89179583,89181687,"-",2105,TRUE,0.29040404040404,0.00284037061880853,0,0.000878444938924501,0.0051361912304446,0.00486567555513585
"CTD-2555K7.4","ENSG00000228313.3","ENSG00000228313","antisense","chr14",23064715,23067855,"-",3141,TRUE,0.176767676767677,0.00120645048724226,0,0.00108751855587307,0.000834919887350919,0.00235294288142034
"CTD-2555O16.2","ENSG00000258824.2","ENSG00000258824","antisense","chr14",64889653,64915275,"-",25623,TRUE,0.138888888888889,0.000684991729950708,0,0.0010197011098686,0.00126401293785988,0
"CTD-2555O16.3","ENSG00000272828.1","ENSG00000272828","lincRNA","chr14",64929946,64930175,"+",230,TRUE,0.0505050505050505,0.00011306030052345,0,0.000177400241933201,0.000195253734938652,0
"CTD-2555O16.4","ENSG00000272909.1","ENSG00000272909","antisense","chr14",64907087,64908956,"-",1870,TRUE,0.366161616161616,0.00344292405609098,0.00404036045711957,0.00218514629100396,0.00554568790204328,0.00289225662807724
"CTD-2561B21.11","ENSG00000262873.1","ENSG00000262873","lincRNA","chr17",78991769,78993811,"-",2043,TRUE,0.265151515151515,0.00211197328310924,0,0.00155468051052644,0.00517554694622075,0.00102407246941085
"CTD-2562J15.4","ENSG00000267033.1","ENSG00000267033","antisense","chr19",16297087,16300269,"-",3183,TRUE,0.0378787878787879,0.000245701126853286,0,0.000199335798907424,0.000698151030683797,0
"CTD-2562J15.6","ENSG00000267275.1","ENSG00000267275","antisense","chr19",16394170,16435325,"-",41156,TRUE,0.101010101010101,0.000941030075714889,0.00252700834403136,0.000713789865036762,0.00140812948624971,0
"CTD-2568A17.1","ENSG00000261341.1","ENSG00000261341","lincRNA","chr19",51279398,51289467,"-",10070,TRUE,0.315656565656566,0.00172027494807847,0,0.00326536192127777,0.000908095984724537,0.00118959867194005
"CTD-2568A17.5","ENSG00000180279.5","ENSG00000180279","lincRNA","chr19",51320937,51322134,"+",1198,TRUE,0.694444444444444,0.00249658975583776,0.000949156288449534,0.00612636343474891,0.00055988644428296,0
"CTD-2568A17.8","ENSG00000268375.1","ENSG00000268375","antisense","chr19",51295942,51296841,"-",900,TRUE,0.252525252525253,0.00210417455407394,0.00142504341306701,0.00279225365383993,0.00241937901413296,0.00116873892379163
"CTD-2574D22.2","ENSG00000247735.2","ENSG00000247735","antisense","chr16",29938157,29940254,"+",2098,TRUE,0.252525252525253,0.00110492453565631,0.000854633222013776,0.00237980421658776,0.000221779606868217,0.00027405696055788
"CTD-2576D5.4","ENSG00000261448.1","ENSG00000261448","antisense","chr16",17228361,17232593,"+",4233,TRUE,1.1489898989899,0.0050155682540479,0.00275046329278415,0.00943587456897156,0.00225377643449263,0.00256023927390833
"CTD-2583P5.3","ENSG00000261158.1","ENSG00000261158","antisense","chr16",12853139,12855019,"+",1881,TRUE,0.0757575757575758,0.000320805223377518,0,0.000308311265562705,0.000312868319877865,0.000510602085492694
"CTD-2587H19.1","ENSG00000268802.1","ENSG00000268802","lincRNA","chr19",54862991,54864894,"-",1904,TRUE,0.101010101010101,0.000740949762672138,0.00158719314516168,0.000581039493758798,0.00129402966424531,0
"CTD-2587M2.1","ENSG00000249476.1","ENSG00000249476","lincRNA","chr5",108572821,108662070,"-",89250,TRUE,0.53030303030303,0.00451166516875035,0,0.00381776139899239,0.00603593602042787,0.00633594510813389
"CTD-2588C8.8","ENSG00000267024.1","ENSG00000267024","antisense","chr19",34917017,34919178,"-",2162,TRUE,0.202020202020202,0.00089679622208117,0,0.00174798332122537,0.000482533206485962,0.000546298298607521
"CTD-2589H19.6","ENSG00000271781.1","ENSG00000271781","antisense","chr5",675941,676731,"+",791,TRUE,0.214646464646465,0.00107424262548961,0,0.00213390739675957,0.00119582829313949,0
"CTD-2616J11.14","ENSG00000268889.1","ENSG00000268889","lincRNA","chr19",51897742,51906904,"+",9163,TRUE,0.0757575757575758,0.000717145803525197,0.00231924433032767,0.000466190268292615,0.000979057236789609,0
"CTD-2619J13.14","ENSG00000232098.2","ENSG00000232098","lincRNA","chr19",58915605,58919851,"-",4247,TRUE,0.681818181818182,0.00475116175272992,0,0.00432667870207803,0.00385417990070498,0.00865631749932897
"CTD-2619J13.17","ENSG00000268912.1","ENSG00000268912","lincRNA","chr19",58939999,58942515,"-",2517,TRUE,0.164141414141414,0.0013244442798225,0,0.00189335630111735,0.000450882444382427,0.00203861912145108
"CTD-2619J13.19","ENSG00000269473.1","ENSG00000269473","lincRNA","chr19",58951815,58957216,"+",5402,TRUE,0.164141414141414,0.000482290724249869,0,0.00121650838507963,0.000156741124979145,0
"CTD-2620I22.3","ENSG00000267943.1","ENSG00000267943","lincRNA","chr19",53510765,53516433,"+",5669,TRUE,0.0505050505050505,0.00017270772563274,0,0.000262958263394364,0.000310078798059995,0
"CTD-2620I22.7","ENSG00000268613.1","ENSG00000268613","lincRNA","chr19",53638190,53638575,"-",386,TRUE,0.454545454545455,0.00166956849780004,0.00252158481484174,0.00208385268010116,0.00100223361140694,0.00128919558054039
"CTD-2623N2.11","ENSG00000267289.1","ENSG00000267289","lincRNA","chr19",9944755,9945689,"-",935,TRUE,0.0883838383838384,0.000574543918547405,0.00171191556498465,0.000959471994219401,0,0
"CTD-2630F21.1","ENSG00000267309.1","ENSG00000267309","antisense","chr19",36980551,36981942,"+",1392,TRUE,0.328282828282828,0.0021852595659383,0.00199023735386419,0.00193748600312965,0.00371680732412396,0.00115654879109456
"CTD-2631K10.1","ENSG00000249085.1","ENSG00000249085","antisense","chr5",72090232,72112392,"-",22161,TRUE,0.0631313131313131,0.000342248655250777,0,0.000665014881072711,0.000402807635216118,0
"CTD-2636A23.2","ENSG00000261604.1","ENSG00000261604","antisense","chr5",43287703,43290941,"+",3239,TRUE,0.189393939393939,0.000540555191007293,0,0.00119145245115907,0,0.000414519155803707
"CTD-2639E6.9","ENSG00000267898.1","ENSG00000267898","lincRNA","chr19",49467232,49468415,"+",1184,TRUE,0.113636363636364,0.000565498751235924,0,0.00137242092275538,0.000263153798162878,0
"CTD-2651B20.1","ENSG00000259539.1","ENSG00000259539","lincRNA","chr15",45444862,45459724,"-",14863,TRUE,0.0505050505050505,0.00022912780017238,0.00110954228837971,0.000228877103377331,0,0
"CTD-2651B20.3","ENSG00000259520.1","ENSG00000259520","antisense","chr15",45543884,45571449,"-",27566,TRUE,0.328282828282828,0.00224190979423109,0.00172928597876171,0.00293674573813346,0.00244506525644732,0.00131991138325157
"CTD-2659N19.10","ENSG00000267062.1","ENSG00000267062","antisense","chr19",12907637,12912663,"+",5027,TRUE,0.29040404040404,0.001191268889015,0,0.00117475938423752,0.0023469523671743,0.000707513183222628
"CTD-3025N20.3","ENSG00000272010.1","ENSG00000272010","lincRNA","chr8",66504085,66504707,"-",623,TRUE,0.315656565656566,0.00191338002929931,0,0.00339115574997398,0.00146906440285043,0.00122164027540898
"CTD-3035D6.2","ENSG00000258884.1","ENSG00000258884","lincRNA","chr14",91288709,91294472,"-",5764,TRUE,0.202020202020202,0.00075673899967272,0,0.00207598644870382,0,0
"CTD-3064H18.1","ENSG00000266916.1","ENSG00000266916","antisense","chr19",37988063,37997948,"-",9886,TRUE,1.71717171717172,0.0101210183177537,0.00255306483269682,0.0167460577941116,0.00390508992666269,0.0105870528438255
"CTD-3064H18.4","ENSG00000180458.2","ENSG00000180458","antisense","chr19",38036372,38040073,"-",3702,TRUE,0.101010101010101,0.000430115879051875,0,0.00117995073158672,0,0
"CTD-3064M3.4","ENSG00000244998.1","ENSG00000244998","antisense","chr8",142400039,142402674,"-",2636,TRUE,0.0378787878787879,0.000139805851839251,0,0.00038353389212569,0,0
"CTD-3064M3.7","ENSG00000271959.1","ENSG00000271959","antisense","chr8",142444645,142448054,"+",3410,TRUE,0.164141414141414,0.000924265305307746,0,0.00140633332875446,0.00166077274473929,0
"CTD-3065B20.2","ENSG00000259212.1","ENSG00000259212","antisense","chr15",91139072,91139679,"-",608,TRUE,0.23989898989899,0.00113422719851437,0,0.00175864037313607,0.00103343132925476,0.000924758106237891
"CTD-3065J16.9","ENSG00000255224.1","ENSG00000255224","antisense","chr8",145132905,145134168,"-",1264,TRUE,0.303030303030303,0.00220790189501714,0,0.000950968254000233,0.00406609301553233,0.00332975225110695
"CTD-3074O7.12","ENSG00000269990.1","ENSG00000269990","lincRNA","chr11",66303369,66305407,"-",2039,TRUE,1.31313131313131,0.00858106240552759,0.00784506494395422,0.0109424912857481,0.00615948409673039,0.00794143206218198
"CTD-3074O7.5","ENSG00000255517.2","ENSG00000255517","antisense","chr11",66240961,66247704,"-",6744,TRUE,1.69191919191919,0.0112037208865224,0.0160654413334541,0.0132786995639028,0.00817479600304461,0.00869097548743889
"CTD-3093M3.1","ENSG00000268816.1","ENSG00000268816","lincRNA","chr19",54697731,54698394,"+",664,TRUE,0.429292929292929,0.00202091082507765,0,0.00395869500473593,0.00165733513292654,0.000651976546801739
"CTD-3105H18.13","ENSG00000261280.2","ENSG00000261280","lincRNA","chr19",12456763,12458752,"-",1990,TRUE,0.0505050505050505,0.000555536886534713,0,0.00117951139710045,0.000506674853757483,0
"CTD-3128G10.6","ENSG00000269680.1","ENSG00000269680","antisense","chr19",6748304,6751478,"-",3175,TRUE,0.113636363636364,0.00056117115185366,0,0.000475500548717904,0.0015648015479024,0
"CTD-3131K8.2","ENSG00000269439.1","ENSG00000269439","lincRNA","chr19",17599799,17622698,"-",22900,TRUE,0.454545454545455,0.00246760842413538,0,0.0041196061001301,0.00152552813697803,0.00229337151487129
"CTD-3131K8.3","ENSG00000269161.1","ENSG00000269161","antisense","chr19",17629139,17631374,"-",2236,TRUE,0.0757575757575758,0.000331907274552797,0.00148851793818433,0.000144260410545016,0.000338342920786037,0
"CTD-3138B18.5","ENSG00000268516.1","ENSG00000268516","antisense","chr19",58768639,58790174,"-",21536,TRUE,3.78787878787879,0.018002334571764,0.00568726204470748,0.0320889836713197,0.0134497825009561,0.00868025535635371
"CTD-3184A7.4","ENSG00000232442.1","ENSG00000232442","antisense","chr20",62258580,62260177,"+",1598,TRUE,4.86111111111111,0.0348025146067666,0.0431704658106925,0.0285408509034594,0.0499293561351577,0.0247930387147141
"CTD-3185P2.1","ENSG00000261351.1","ENSG00000261351","antisense","chr15",66782086,66784447,"-",2362,TRUE,0.492424242424242,0.002986816864364,0.0011709828820549,0.00378078430536813,0.00075349802590504,0.0049475499773283
"CTD-3193K9.4","ENSG00000267042.1","ENSG00000267042","antisense","chr17",40831981,40834038,"+",2058,TRUE,0.593434343434343,0.00494739839418832,0,0.00342466999951087,0.0138487164657927,0.00104007023203574
"CTD-3193O13.13","ENSG00000268149.1","ENSG00000268149","antisense","chr19",7977533,7978403,"-",871,TRUE,0.0252525252525253,0.000103031948418449,0,0.000282650859533813,0,0
"CTD-3193O13.8","ENSG00000269139.1","ENSG00000269139","antisense","chr19",7990886,7991648,"+",763,TRUE,0.113636363636364,0.000724312932764765,0.00252935160512783,0.000882336268967021,0.000284629622850841,0
"CTD-3195I5.1","ENSG00000262758.1","ENSG00000262758","lincRNA","chr17",3710042,3712148,"-",2107,TRUE,4.62121212121212,0.0269064481523678,0.0101369693044296,0.0431142884446393,0.0160702303357527,0.0229260139908325
"CTD-3195I5.4","ENSG00000262358.1","ENSG00000262358","antisense","chr17",3632655,3633787,"+",1133,TRUE,0.138888888888889,0.000818414017057738,0,0.00087451063149366,0.00201585676106729,0
"CTD-3195I5.5","ENSG00000262194.1","ENSG00000262194","lincRNA","chr17",3705459,3706676,"-",1218,TRUE,1.07323232323232,0.00655165380639755,0.0066080202479922,0.00686453976797146,0.00854855123137657,0.0041468102026753
"CTD-3203P2.1","ENSG00000259940.1","ENSG00000259940","antisense","chr16",27224631,27226314,"-",1684,TRUE,0.0505050505050505,0.000376268022612573,0,0.000670270546839851,0,0.000514764369637896
"CTD-3222D19.7","ENSG00000269399.1","ENSG00000269399","lincRNA","chr19",16653434,16655625,"-",2192,TRUE,0.315656565656566,0.00239604200095487,0.000856584252069289,0.0014562986595408,0.00336828862855616,0.00358104444209875
"CTD-3224K15.2","ENSG00000250635.1","ENSG00000250635","lincRNA","chr5",139028584,139029313,"-",730,TRUE,0.0505050505050505,0.000130298458165888,0,0.000357451953125677,0,0
"CTD-3224K15.3","ENSG00000272255.1","ENSG00000272255","lincRNA","chr5",139024045,139024587,"-",543,TRUE,0.0505050505050505,0.000308976855956515,0,0.000514509347977364,0.000489917581031558,0
"CTD-3234P18.2","ENSG00000266935.1","ENSG00000266935","lincRNA","chr19",37119695,37121092,"+",1398,TRUE,0.0252525252525253,0.00028726052677422,0,0.00031717443443228,0,0.000669665408791051
"CYP4F35P","ENSG00000265787.1","ENSG00000265787","lincRNA","chr18",14337422,14342524,"+",5103,TRUE,0.606060606060606,0.00405738127034411,0,0.00298769728109677,0.00458482478461746,0.00714727416669699
"CYP4F59P","ENSG00000233244.2","ENSG00000233244","lincRNA","chr9",43027748,43032877,"-",5130,TRUE,0.946969696969697,0.00753971201757417,0.00144235169086933,0.00875048090520667,0.00917247244517128,0.00736269538792141
"DDX11-AS1","ENSG00000245614.2","ENSG00000245614","antisense","chr12",31173697,31226781,"-",53085,TRUE,0.732323232323232,0.00291088955426125,0,0.00557387511803007,0.00324830263171526,0.0002886944521868
"DDX26B-AS1","ENSG00000225235.1","ENSG00000225235","antisense","chrX",134654008,134654599,"-",592,TRUE,0.0631313131313131,0.000555893553553201,0.00240954597865221,0.000223002271463473,0.000638278944792668,0
"DDX39B-AS1","ENSG00000234006.1","ENSG00000234006","antisense","chr6",31510081,31510915,"+",835,TRUE,0.252525252525253,0.00148396827316563,0,0.00200283608682736,0.00304169176811064,0
"DENND5B-AS1","ENSG00000255867.1","ENSG00000255867","antisense","chr12",31742857,31768600,"+",25744,TRUE,0.176767676767677,0.00137787142864575,0,0.00124158071713098,0.00179749746294048,0.00187182791367736
"DGUOK-AS1","ENSG00000237883.1","ENSG00000237883","antisense","chr2",74174769,74208568,"-",33800,TRUE,1.07323232323232,0.00393874474664396,0,0.00997746153091331,0.00121748698607918,0
"DIAPH2-AS1","ENSG00000236256.5","ENSG00000236256","antisense","chrX",96686285,96897588,"-",211304,TRUE,0.151515151515152,0.000926252636113203,0.00283704100780775,0.000912223204061717,0.000236831721417427,0.000633945404250212
"DICER1-AS1","ENSG00000235706.3","ENSG00000235706","antisense","chr14",95623982,95646263,"+",22282,TRUE,1.18686868686869,0.0106544087619353,0.0109888882088081,0.00814244407515077,0.0116292839981797,0.0131127847901379
"DIO3OS","ENSG00000258498.2","ENSG00000258498","lincRNA","chr14",102018558,102026768,"-",8211,TRUE,0.0378787878787879,0.000136547098796127,0,0.000122263350058723,0.000371104804302492,0
"DLG1-AS1","ENSG00000227375.1","ENSG00000227375","antisense","chr3",197025123,197030618,"+",5496,TRUE,0.0631313131313131,0.000580302875151065,0,0.000382478745214524,0.00121644206898738,0.000543796478985166
"DLG3-AS1","ENSG00000231651.1","ENSG00000231651","antisense","chrX",69672808,69675844,"-",3037,TRUE,0.0757575757575758,0.000520408501532029,0,0.000118324005941326,0.00126383618006938,0.000639962317982695
"DLGAP1-AS1","ENSG00000177337.3","ENSG00000177337","antisense","chr18",3593730,3598350,"+",4621,TRUE,2.56313131313131,0.0146480277487087,0.0128486076167863,0.0297632371727714,0.0029423971286954,0.00539282589502215
"DLGAP1-AS2","ENSG00000262001.1","ENSG00000262001","antisense","chr18",3602998,3608334,"+",5337,TRUE,0.353535353535354,0.00206742997444229,0.00334705455391853,0.00392940992450227,0.000789048502022204,0
"DLX6-AS1","ENSG00000231764.4","ENSG00000231764","antisense","chr7",96584453,96643377,"-",58925,TRUE,0.0378787878787879,0.000106285012334571,0,4.06979059267594e-05,0.000368967113234461,0
"DNAJC27-AS1","ENSG00000224165.1","ENSG00000224165","antisense","chr2",25194259,25262563,"+",68305,TRUE,0.820707070707071,0.00505215322228016,0,0.00536646102116147,0.00507953515027392,0.00716697194698424
"DNAJC3-AS1","ENSG00000247400.3","ENSG00000247400","lincRNA","chr13",96300987,96329179,"-",28193,TRUE,2.24747474747475,0.0135361534594916,0.00383988539471054,0.0171313096053479,0.0153113770811897,0.0116741529791429
"DNAJC9-AS1","ENSG00000236756.4","ENSG00000236756","antisense","chr10",75007118,75036742,"+",29625,TRUE,0.328282828282828,0.00147849088598552,0.00197773897213628,0.00293100977757165,0.000606711186008286,0
"DNM1P35","ENSG00000246877.1","ENSG00000246877","antisense","chr15",76020011,76030964,"-",10954,TRUE,0.101010101010101,0.000767718863426487,0,0.00101759053432792,0,0.00154805395356309
"DNM3OS","ENSG00000230630.1","ENSG00000230630","antisense","chr1",172109461,172113934,"-",4474,TRUE,0.0505050505050505,0.000330707903397581,0,7.30365629031789e-05,0,0.00118637932896914
"DOCK9-AS2","ENSG00000260992.1","ENSG00000260992","antisense","chr13",99740073,99740879,"+",807,TRUE,0.138888888888889,0.000709136347616637,0.00145815986326778,0.00142011555778499,0,0
"DSCR9","ENSG00000230366.5","ENSG00000230366","lincRNA","chr21",38580804,38594037,"+",13234,TRUE,0.113636363636364,0.000603805559089359,0,0.00109812267220705,0.000821120669040223,0
"DYNLL1-AS1","ENSG00000248008.2","ENSG00000248008","antisense","chr12",120928131,120933743,"-",5613,TRUE,1.74242424242424,0.00739292590944885,0.0042931630560265,0.0137246561326323,0.00390106390895183,0.00335281424452485
"EAF1-AS1","ENSG00000249786.3","ENSG00000249786","antisense","chr3",15477678,15493109,"-",15432,TRUE,0.101010101010101,0.000526105189855356,0.000841707129420267,0.000554144645069155,0.000212828967969164,0.000627477258433115
"EFCAB6-AS1","ENSG00000223843.3","ENSG00000223843","antisense","chr22",43911997,43932747,"+",20751,TRUE,0.0631313131313131,0.000267705302712062,0.00102210641823082,0.0001552234348887,0,0.000300051855170343
"EGOT","ENSG00000235947.1","ENSG00000235947","lincRNA","chr3",4790876,4793274,"-",2399,TRUE,0.0378787878787879,0.000202303900178314,0,0.000554986799242205,0,0
"EIF3J-AS1","ENSG00000179523.4","ENSG00000179523","lincRNA","chr15",44819455,44829121,"-",9667,TRUE,4.44444444444444,0.0289775756234695,0.00992846016741712,0.0423151460809226,0.0270650835005042,0.021617839761897
"ENO1-AS1","ENSG00000230679.1","ENSG00000230679","antisense","chr1",8938894,8939953,"+",1060,TRUE,0.441919191919192,0.0021957803492036,0,0.00380820690158402,0.00202242407397341,0.00119520619882249
"ENTPD1-AS1","ENSG00000226688.2","ENSG00000226688","antisense","chr10",97512963,97849995,"-",337033,TRUE,2.07070707070707,0.0097243659852604,0.00339514288602578,0.0201310161442434,0.00410533475231783,0.00360049964264279
"ENTPD3-AS1","ENSG00000223797.1","ENSG00000223797","antisense","chr3",40355293,40494820,"-",139528,TRUE,3.47222222222222,0.0173778394028672,0,0.0298347466305743,0.0160304056890084,0.00986792521217576
"EPB41L4A-AS1","ENSG00000224032.2","ENSG00000224032","lincRNA","chr5",111496223,111499973,"+",3751,TRUE,17.6641414141414,0.140727454266231,0.3333238464358,0.150690352220861,0.0720925144066533,0.0942581206174538
"EPHA1-AS1","ENSG00000229153.1","ENSG00000229153","antisense","chr7",143104906,143220542,"+",115637,TRUE,0.189393939393939,0.00118869998877886,0.00409692178709325,0.00102957635906681,0.00060108482446276,0.000493294972170121
"EXTL3-AS1","ENSG00000246339.4","ENSG00000246339","antisense","chr8",28553718,28558981,"-",5264,TRUE,0.189393939393939,0.00110566671452513,0,0.000888470269317567,0.0018116633592519,0.00129831110212204
"FAM13A-AS1","ENSG00000248019.2","ENSG00000248019","antisense","chr4",89630940,89651254,"+",20315,TRUE,0.694444444444444,0.00631768005509904,0.00864122170065999,0.00276946565892907,0.00823559532288895,0.00831883472489595
"FAM41C","ENSG00000230368.2","ENSG00000230368","lincRNA","chr1",803451,812283,"-",8833,TRUE,0.568181818181818,0.00400772430255334,0.00303649843017961,0.00341475939701102,0.00507223637148375,0.00431921563174495
"FAM66B","ENSG00000215374.5","ENSG00000215374","lincRNA","chr8",7159133,7212876,"-",53744,TRUE,0.0378787878787879,0.000125402995619979,0,0.000344022073193709,0,0
"FAM66C","ENSG00000226711.2","ENSG00000226711","antisense","chr12",8332805,8368747,"+",35943,TRUE,0.202020202020202,0.000540603607957007,0,0.00135796626706768,0.000183969415178353,0
"FAM66D","ENSG00000255052.3","ENSG00000255052","antisense","chr8",11973291,12008698,"+",35408,TRUE,0.23989898989899,0.000705864577740951,0,0.001936421009944,0,0
"FAM83C-AS1","ENSG00000235214.1","ENSG00000235214","antisense","chr20",33873054,33873559,"+",506,TRUE,0.0883838383838384,0.000540318508810055,0,0.000599950385023822,0.00129763924004679,0
"FAM83H-AS1","ENSG00000203499.6","ENSG00000203499","lincRNA","chr8",144816310,144828507,"+",12198,TRUE,0.138888888888889,0.000556175525072439,0,0.00152577421495453,0,0
"FAM85A","ENSG00000255495.1","ENSG00000255495","antisense","chr8",12051976,12053789,"+",1814,TRUE,0.328282828282828,0.0024607407857727,0.00381268007321684,0.00232825586483057,0.00257730336145475,0.00184382195412452
"FAM85B","ENSG00000253893.2","ENSG00000253893","antisense","chr8",8025341,8084136,"-",58796,TRUE,0.0631313131313131,0.000280305000463398,0,0.00051867708648143,0.000368107414670519,0
"FARP1-AS1","ENSG00000231194.1","ENSG00000231194","antisense","chr13",99087659,99088094,"-",436,TRUE,0.101010101010101,0.000908016750306069,0.00387704565687177,0.000269225293549745,0.000328199310903964,0.000856086950490064
"FBXL19-AS1","ENSG00000260852.1","ENSG00000260852","antisense","chr16",30930640,30934590,"-",3951,TRUE,1.7550505050505,0.0111548869572072,0.00373113028860115,0.0160227004580254,0.0139006873829579,0.00538016928367993
"FGD5-AS1","ENSG00000225733.1","ENSG00000225733","antisense","chr3",14961854,14989931,"-",28078,TRUE,26.25,0.199430725877181,0.186093199350612,0.312263005471485,0.110383453487712,0.131905618536986
"FGF14-AS2","ENSG00000272143.1","ENSG00000272143","lincRNA","chr13",103046980,103048053,"+",1074,TRUE,0.505050505050505,0.00142411350209737,0,0.00350492321432786,0.000591067558250954,0
"FGF14-IT1","ENSG00000243319.3","ENSG00000243319","lincRNA","chr13",102944677,103046869,"-",102193,TRUE,0.126262626262626,0.000645407342188018,0,0.00109485530082565,0.000282604375257514,0.000687697787199489
"FLG-AS1","ENSG00000237975.2","ENSG00000237975","antisense","chr1",152140601,152339163,"+",198563,TRUE,0.23989898989899,0.0014774020856988,0,0.00336328170142089,0,0.00098090159937556
"FLI1-AS1","ENSG00000254703.2","ENSG00000254703","antisense","chr11",128561567,128565918,"-",4352,TRUE,2.94191919191919,0.0168851447775911,0,0.0183848455668679,0.00696074333466689,0.0329996839019818
"FLNB-AS1","ENSG00000244161.1","ENSG00000244161","antisense","chr3",58148274,58156363,"-",8090,TRUE,0.138888888888889,0.000542706423569421,0,0.00105281534911493,0.000641241447669394,0
"FLVCR1-AS1","ENSG00000198468.3","ENSG00000198468","lincRNA","chr1",213025450,213031430,"-",5981,TRUE,5.08838383838384,0.0248686401827237,0.00398897706267774,0.0470738530547355,0.0146576294988539,0.0138600756781848
"FOXD2-AS1","ENSG00000237424.1","ENSG00000237424","antisense","chr1",47897805,47900313,"-",2509,TRUE,1.09848484848485,0.00615027760054925,0.000936248176159517,0.0109648753675334,0.00637867094084836,0.00175348485231024
"FOXN3-AS1","ENSG00000258920.1","ENSG00000258920","antisense","chr14",89883698,89886137,"+",2440,TRUE,1.17424242424242,0.0053484700332792,0,0.00909260604205146,0.00509664766648754,0.0030072953945092
"FRY-AS1","ENSG00000237637.1","ENSG00000237637","antisense","chr13",32599451,32605776,"-",6326,TRUE,0.0631313131313131,0.000359828063761028,0,0.000987127906126547,0,0
"FTX","ENSG00000230590.3","ENSG00000230590","lincRNA","chrX",73183790,73513409,"-",329620,TRUE,1.41414141414141,0.0117992329965709,0.00366866953351963,0.00887981951104051,0.0225766302409791,0.0096948497175198
"GAS5-AS1","ENSG00000270084.1","ENSG00000270084","antisense","chr1",173832386,173833079,"+",694,TRUE,0.126262626262626,0.000892544537892056,0.00124931056166371,0.000758536301477819,0.000177604632924208,0.00159169337890549
"GAS6-AS1","ENSG00000233695.1","ENSG00000233695","antisense","chr13",114518603,114542321,"+",23719,TRUE,0.0505050505050505,0.000334603197594993,0,0.000571433843574563,0.000509591349237178,0
"GAS6-AS2","ENSG00000272695.1","ENSG00000272695","lincRNA","chr13",114567141,114569806,"+",2666,TRUE,0.277777777777778,0.00230083603463812,0,0.00143916156720186,0.0033923995406778,0.00364949835047862
"GHRLOS","ENSG00000240288.3","ENSG00000240288","antisense","chr3",10327438,10335133,"+",7696,TRUE,1.46464646464646,0.00910172161632452,0.00265675190259387,0.0106586689391344,0.0130571500979137,0.0063644583020232
"GMDS-AS1","ENSG00000250903.4","ENSG00000250903","lincRNA","chr6",2245982,2482256,"+",236275,TRUE,2.73989898989899,0.0219852718691841,0.00735438225175396,0.0146100463150689,0.0240723925969375,0.0379514705826214
"GNAS-AS1","ENSG00000235590.3","ENSG00000235590","antisense","chr20",57393974,57425958,"-",31985,TRUE,0.47979797979798,0.00192825325683908,0,0.00419157656926974,0.000595480097524706,0.000986087097163936
"GS1-114I9.1","ENSG00000272638.1","ENSG00000272638","antisense","chr7",30464288,30465028,"+",741,TRUE,0.0757575757575758,0.000727293611755343,0,0.00138472936346496,0.000289800120058051,0.000587967535519723
"GS1-124K5.11","ENSG00000229180.4","ENSG00000229180","lincRNA","chr7",65991075,66007536,"-",16462,TRUE,1.93181818181818,0.0147729842499603,0.0109447625263049,0.0148188054627156,0.0139752088745276,0.0174405201186063
"GS1-124K5.3","ENSG00000223473.1","ENSG00000223473","lincRNA","chr7",65956083,65958553,"-",2471,TRUE,0.555555555555556,0.00381929759532486,0.00538903888937624,0.00323510281623515,0.00342279421292853,0.00422933479781876
"GS1-124K5.4","ENSG00000237310.1","ENSG00000237310","lincRNA","chr7",65958693,65960461,"+",1769,TRUE,2.02020202020202,0.0123258360517797,0.00387720484762411,0.0138105279173426,0.0137812011525021,0.0131353874526287
"GS1-166A23.2","ENSG00000272361.1","ENSG00000272361","lincRNA","chr7",16633253,16633849,"-",597,TRUE,0.0378787878787879,0.000482442269742674,0,8.18250387218414e-05,0.0011108944591987,0.000691639441460573
"GS1-251I9.4","ENSG00000253738.1","ENSG00000253738","antisense","chr8",92072137,92082417,"-",10281,TRUE,23.6489898989899,0.200007090801298,0.0686389574653628,0.21494261806348,0.159805759842776,0.284942659340724
"GS1-259H13.2","ENSG00000244219.2","ENSG00000244219","lincRNA","chr7",99195689,99208439,"+",12751,TRUE,0.378787878787879,0.00335448557061832,0.0024092495316364,0.00223298832448273,0.0036202523760881,0.00517670615731657
"GS1-279B7.2","ENSG00000273004.1","ENSG00000273004","lincRNA","chr1",185286911,185287662,"+",752,TRUE,0.656565656565657,0.00286317273105303,0.0016252458381217,0.00547703117043834,0.00263570217485378,0
"GS1-393G12.12","ENSG00000254690.1","ENSG00000254690","antisense","chr8",145538253,145538801,"-",549,TRUE,0.542929292929293,0.00401177518097205,0.0044232845002138,0.00287431928099117,0.00496483237733826,0.00449700385819695
"GS1-393G12.14","ENSG00000272115.1","ENSG00000272115","antisense","chr8",145634876,145635360,"+",485,TRUE,0.0631313131313131,0.000473016786340681,0,0.000120729259312868,0.00173089535210491,0
"H1FX-AS1","ENSG00000206417.4","ENSG00000206417","antisense","chr3",129034235,129045068,"+",10834,TRUE,1.0479797979798,0.0107098921728726,0,0.00502934128291397,0.02848473970247,0.0070872382706549
"HCFC1-AS1","ENSG00000235802.1","ENSG00000235802","antisense","chrX",153234776,153235538,"+",763,TRUE,0.227272727272727,0.00253147875496593,0,0.000219049144983331,0.00286635176689828,0.00679323563514383
"HCG11","ENSG00000228223.1","ENSG00000228223","lincRNA","chr6",26522076,26526807,"+",4732,TRUE,8.52272727272727,0.0603464602931773,0.0118334146555878,0.0768230696176823,0.0495718964402651,0.0721868864934305
"HCG14","ENSG00000224157.1","ENSG00000224157","antisense","chr6",28864307,28865099,"+",793,TRUE,0.151515151515152,0.0010783552457981,0,0.000715234405528577,0.00272910124096652,0.000550968513272264
"HCG17","ENSG00000270604.1","ENSG00000270604","lincRNA","chr6",30201816,30293911,"-",92096,TRUE,0.113636363636364,0.000824799417353768,0.000861008967819835,0.00102906873381717,0,0.00131332050462022
"HCG18","ENSG00000231074.4","ENSG00000231074","antisense","chr6",30255174,30294927,"-",39754,TRUE,12.9671717171717,0.0848919952053073,0.061419454010081,0.114553356765492,0.066037817113271,0.0729658097932136
"HCG21","ENSG00000233529.1","ENSG00000233529","antisense","chr6",30913756,30922639,"-",8884,TRUE,0.176767676767677,0.0014538343694574,0,0.00135768476080914,0.000924821404346205,0.00284694969700247
"HCG22","ENSG00000228789.2","ENSG00000228789","lincRNA","chr6",31021227,31027667,"+",6441,TRUE,0.29040404040404,0.00196783851270757,0.00742634255910592,0.00272320220269268,0,0
"HCG23","ENSG00000228962.1","ENSG00000228962","antisense","chr6",32358287,32361463,"+",3177,TRUE,0.126262626262626,0.00122148789302802,0.00731008844288105,0.00035395084132804,0,0.000517160617375161
"HCG25","ENSG00000232940.1","ENSG00000232940","antisense","chr6",33217311,33222766,"+",5456,TRUE,0.53030303030303,0.00369254504910364,0.00213378780067616,0.00463913759911109,0.00252100659774431,0.00427777895378909
"HCG9","ENSG00000204625.6","ENSG00000204625","lincRNA","chr6",29942889,29946183,"+",3295,TRUE,0.0378787878787879,0.000412280935282315,0,0.000103254443827572,0.000688837775688102,0.000795557080999996
"HEXA-AS1","ENSG00000260339.1","ENSG00000260339","antisense","chr15",72668454,72671129,"+",2676,TRUE,0.378787878787879,0.00249300203406688,0.00218756160904394,0.00440771674063425,0.0010819885096302,0.00129088195162014
"HIF1A-AS2","ENSG00000258667.1","ENSG00000258667","lincRNA","chr14",62182276,62217815,"-",35540,TRUE,0.113636363636364,0.000622781235111085,0.00145860484291842,0.000882425607505714,0.000442137349248924,0
"HLA-DQB1-AS1","ENSG00000223534.1","ENSG00000223534","antisense","chr6",32627657,32628506,"+",850,TRUE,0.29040404040404,0.00124813970839657,0.00115052500915371,0.0021429788961918,0.0012745493671295,0
"HM13-AS1","ENSG00000230613.1","ENSG00000230613","antisense","chr20",30155510,30161066,"-",5557,TRUE,0.0757575757575758,0.000649973542857801,0,0.000364623765432667,0.00065756386408208,0.00138144028740717
"HMGA1P4","ENSG00000234705.1","ENSG00000234705","antisense","chr9",131425413,131425857,"-",445,TRUE,0.404040404040404,0.00469871933726801,0.0112213176705935,0.00320495255267089,0.00557114727427458,0.00263784564275052
"HMGN3-AS1","ENSG00000270362.1","ENSG00000270362","antisense","chr6",79943435,79946514,"+",3080,TRUE,0.606060606060606,0.00337141001323317,0,0.00602232114020694,0.00344422196593918,0.00125818643048801
"HNRNPU-AS1","ENSG00000188206.5","ENSG00000188206","antisense","chr1",245003940,245018799,"-",14860,TRUE,4.7979797979798,0.0315630991380834,0.0235938744891178,0.0398346790004325,0.0226271639768364,0.0325232879527878
"HOTAIRM1","ENSG00000233429.5","ENSG00000233429","antisense","chr7",27135266,27139884,"+",4619,TRUE,5.70707070707071,0.0446597966179468,0.0820207873333033,0.0445763511935539,0.026940921436222,0.0427719289223691
"HOTTIP","ENSG00000243766.3","ENSG00000243766","antisense","chr7",27238194,27246878,"+",8685,TRUE,0.0631313131313131,0.000171001704487871,0,0.000283309182525615,0.000273265353842326,0
"HOXB-AS1","ENSG00000230148.4","ENSG00000230148","antisense","chr17",46620913,46628610,"+",7698,TRUE,0.315656565656566,0.00329374726538595,0,0.00102487032932047,0.00610045296920605,0.00549383671061925
"hsa-mir-335","ENSG00000270823.1","ENSG00000270823","antisense","chr7",130135635,130138268,"-",2634,TRUE,0.0252525252525253,3.67789860625116e-05,0,0.000100896975966433,0,0
"hsa-mir-490","ENSG00000234352.5","ENSG00000234352","antisense","chr7",136370306,136866854,"-",496549,TRUE,0.0505050505050505,0.000113491045134267,0,0.000141329399276464,0,0.000241788720074998
"hsa-mir-8072","ENSG00000256092.2","ENSG00000256092","lincRNA","chr12",123848415,123850660,"+",2246,TRUE,2.87878787878788,0.0204059109655135,0.00973928568387588,0.0201654355607426,0.0341916088738252,0.0128818803214057
"HYI-AS1","ENSG00000229348.1","ENSG00000229348","antisense","chr1",43919598,43922666,"+",3069,TRUE,0.265151515151515,0.00159363498295753,0,0.00210798956537325,0.00244490727202254,0.000855404046704833
"IDH1-AS1","ENSG00000231908.1","ENSG00000231908","antisense","chr2",209119971,209120905,"+",935,TRUE,0.454545454545455,0.00230059604579564,0,0.00448091244056758,0.000724979113753727,0.00190206525442577
"IDI2-AS1","ENSG00000232656.3","ENSG00000232656","antisense","chr10",1068606,1090138,"+",21533,TRUE,0.202020202020202,0.000644675788017863,0,0.00176855983411897,0,0
"IFNG-AS1","ENSG00000255733.1","ENSG00000255733","antisense","chr12",68383225,68628466,"+",245242,TRUE,3.03030303030303,0.0354841080051722,0.00942708557284828,0.00796815270852982,0.046798982574803,0.0770243875573092
"IL10RB-AS1","ENSG00000223799.1","ENSG00000223799","antisense","chr21",34636178,34638565,"-",2388,TRUE,5.34090909090909,0.023491043799756,0,0.054063264411034,0.0105592240746307,0.00455205205956295
"IL21R-AS1","ENSG00000259954.1","ENSG00000259954","antisense","chr16",27458990,27464714,"-",5725,TRUE,0.0505050505050505,0.000271734918716707,0,0.000398484523279915,0.000510298388959349,0
"ILF3-AS1","ENSG00000267100.1","ENSG00000267100","lincRNA","chr19",10762538,10764520,"-",1983,TRUE,14.0151515151515,0.111663656830813,0.0870201514068111,0.136498137386535,0.105300443751309,0.095123305871038
"INTS6-AS1","ENSG00000236778.3","ENSG00000236778","antisense","chr13",52026503,52126500,"+",99998,TRUE,1.70454545454545,0.0135407262394895,0.00496692251523215,0.0109028068242833,0.014069210869075,0.0211737380114361
"IPO9-AS1","ENSG00000231871.1","ENSG00000231871","antisense","chr1",201657387,201798687,"-",141301,TRUE,0.227272727272727,0.00137458813590871,0.0010265404345438,0.00193946579395222,0.00155011967538761,0.000579809514554452
"IQCH-AS1","ENSG00000259673.1","ENSG00000259673","lincRNA","chr15",67695957,67814182,"-",118226,TRUE,1.91919191919192,0.0131486846727028,0.0085559449989246,0.0138726751529095,0.0169596818921733,0.0107867640828267
"ITGB2-AS1","ENSG00000227039.2","ENSG00000227039","antisense","chr21",46340966,46349593,"+",8628,TRUE,3.66161616161616,0.0253034198822242,0.0695060530776261,0.025598886788147,0.0191347959539231,0.00820256140470584
"ITPKB-AS1","ENSG00000228548.1","ENSG00000228548","antisense","chr1",226856598,226864046,"+",7449,TRUE,0.0378787878787879,0.000319638380240739,0.00178615242637463,0.000233438672697277,0,0
"ITPR1-AS1","ENSG00000231249.1","ENSG00000231249","antisense","chr3",4532575,4534847,"-",2273,TRUE,0.138888888888889,0.000441261700182144,0,0.00121052742135178,0,0
"JARID2-AS1","ENSG00000235488.1","ENSG00000235488","antisense","chr6",15248046,15248865,"-",820,TRUE,0.202020202020202,0.00121085334344415,0,0.0011810982606327,0.00204947356843337,0.00106256708709179
"JAZF1-AS1","ENSG00000234336.2","ENSG00000234336","antisense","chr7",28219941,28283536,"+",63596,TRUE,0.0883838383838384,0.000210096903819632,0,0.00057636559690041,0,0
"JHDM1D-AS1","ENSG00000260231.1","ENSG00000260231","antisense","chr7",139877061,139879440,"+",2380,TRUE,0.492424242424242,0.00330676344166504,0,0.0048760400378041,0.00385753931209216,0.00223649714246788
"JMJD1C-AS1","ENSG00000272767.1","ENSG00000272767","antisense","chr10",65224989,65226323,"+",1335,TRUE,0.151515151515152,0.000623068154730681,0,0.00102383725865421,0.00100809048381676,0
"JPX","ENSG00000225470.2","ENSG00000225470","lincRNA","chrX",73164159,73290243,"+",126085,TRUE,14.5707070707071,0.0981836897927294,0.0539735994067094,0.136903604822404,0.0773755461658031,0.0858883623298938
"KANSL1-AS1","ENSG00000214401.4","ENSG00000214401","antisense","chr17",44270942,44274089,"+",3148,TRUE,5.59343434343434,0.0404393630341663,0.0237644590999097,0.0369523685481518,0.0282288188815906,0.0657487971938988
"KB-1043D8.6","ENSG00000254224.1","ENSG00000254224","antisense","chr8",97247655,97250262,"+",2608,TRUE,0.0631313131313131,0.000296089122509921,0,0.000295864414228316,0.000759483080184119,0
"KB-1047C11.2","ENSG00000253773.1","ENSG00000253773","lincRNA","chr8",96216684,96822364,"+",605681,TRUE,0.113636363636364,0.000684081675131283,0,0.00114362044629581,0.0010780920216932,0
"KB-1125A3.11","ENSG00000272973.1","ENSG00000272973","antisense","chr22",24198614,24199226,"-",613,TRUE,0.23989898989899,0.00113498357769438,0,0.00203083001219565,0.000383410781220514,0.00116917651556391
"KB-1208A12.3","ENSG00000245970.2","ENSG00000245970","antisense","chr8",99053954,99056349,"+",2396,TRUE,1.23737373737374,0.00645439405716219,0.00797914495975918,0.00937284599070612,0.00439458267507335,0.00351454089075735
"KB-1410C5.5","ENSG00000271882.1","ENSG00000271882","lincRNA","chr8",102220376,102220786,"+",411,TRUE,0.429292929292929,0.0023135011646636,0,0.00286489631782171,0.00202931589538558,0.0029893726364249
"KB-1460A1.5","ENSG00000261087.1","ENSG00000261087","lincRNA","chr8",102179033,102181857,"-",2825,TRUE,0.441919191919192,0.00399439972279414,0.00180570248511769,0.0022263442858254,0.00433107024488939,0.00730461496360167
"KB-1507C5.4","ENSG00000254281.1","ENSG00000254281","lincRNA","chr8",103991013,104012412,"+",21400,TRUE,0.0631313131313131,0.000665649897856301,0.00325302042139749,8.25450140681346e-05,0.000840804124887322,0
"KB-1615E4.2","ENSG00000253666.1","ENSG00000253666","antisense","chr8",101487903,101513376,"+",25474,TRUE,0.782828282828283,0.00348259457031621,0,0.00744897062629298,0.00198106089586401,0.00107790554690419
"KB-1732A1.1","ENSG00000253669.3","ENSG00000253669","lincRNA","chr8",103817745,103822199,"+",4455,TRUE,0.593434343434343,0.00424828795598922,0.00197397311326188,0.0052765748825784,0.00735310181019356,0.0009487182434623
"KB-173C10.1","ENSG00000253842.1","ENSG00000253842","lincRNA","chr8",101441062,101443225,"-",2164,TRUE,0.391414141414141,0.00125586972095121,0,0.00344526781778094,0,0
"KB-208E9.1","ENSG00000272733.1","ENSG00000272733","lincRNA","chr22",23923067,23926046,"-",2980,TRUE,0.0757575757575758,0.000714835400976442,0.00306673064819296,0.000681929770206909,0.000256426518097503,0
"KB-226F1.1","ENSG00000272955.1","ENSG00000272955","antisense","chr22",24375562,24376211,"+",650,TRUE,0.328282828282828,0.00220077600008503,0,0.00239125039052076,0.00492504872886848,0.000423022358852802
"KB-226F1.2","ENSG00000272787.1","ENSG00000272787","lincRNA","chr22",24311400,24312062,"+",663,TRUE,0.0631313131313131,0.000251678663372234,0,0.000304244316874829,0.000567978436622753,0
"KB-431C1.4","ENSG00000246263.2","ENSG00000246263","antisense","chr8",103251622,103265561,"+",13940,TRUE,0.909090909090909,0.00568636642831819,0.0160792106362508,0.00818446290614126,0.00203812105794516,0.000337077341774919
"KBTBD11-OT1","ENSG00000253696.2","ENSG00000253696","lincRNA","chr8",1919563,1924644,"+",5082,TRUE,0.164141414141414,0.000789443857471541,0,0.00216570673750419,0,0
"KCNC4-AS1","ENSG00000224965.1","ENSG00000224965","antisense","chr1",110751456,110752609,"-",1154,TRUE,0.0883838383838384,0.00042376330979538,0,0.00116252352392775,0,0
"KCNIP2-AS1","ENSG00000226009.1","ENSG00000226009","antisense","chr10",103578835,103588536,"+",9702,TRUE,0.0378787878787879,9.97130045808631e-05,0,0.000273545894104758,0,0
"KCNQ1DN","ENSG00000237941.2","ENSG00000237941","antisense","chr11",2891263,2893335,"+",2073,TRUE,0.0378787878787879,0.000246027507275421,0,6.23197480132004e-05,0,0.000871241746358238
"KCNQ1OT1","ENSG00000269821.1","ENSG00000269821","antisense","chr11",2629558,2721224,"-",91667,TRUE,3.08080808080808,0.0312240844479231,0.0152241653004483,0.0197651980682514,0.0302884999676745,0.0566222485987672
"KCTD21-AS1","ENSG00000246174.3","ENSG00000246174","antisense","chr11",77850817,77886369,"+",35553,TRUE,1.32575757575758,0.00645656871837627,0.00118934649601527,0.00915345771751175,0.00632113670916245,0.00545058133159697
"KDM4A-AS1","ENSG00000236200.1","ENSG00000236200","antisense","chr1",44165436,44173809,"-",8374,TRUE,0.77020202020202,0.00295802549942056,0,0.00708025354716652,0.00106207723074121,0.000444341064431567
"KIAA1984-AS1","ENSG00000228544.1","ENSG00000228544","antisense","chr9",139698379,139703300,"-",4922,TRUE,0.416666666666667,0.0018619769037314,0,0.00294613432371989,0.00192242817246018,0.00121558659233202
"KIF25-AS1","ENSG00000229921.2","ENSG00000229921","lincRNA","chr6",168393502,168397757,"-",4256,TRUE,0.0757575757575758,0.000180410779472384,0,0.000349697646571815,0.000213589540381277,0
"KIF9-AS1","ENSG00000227398.3","ENSG00000227398","antisense","chr3",47205987,47288091,"+",82105,TRUE,0.202020202020202,0.00122088653358165,0.00188807938696737,0.0017959282751429,0.00128424546774482,0
"KLHL7-AS1","ENSG00000230658.1","ENSG00000230658","lincRNA","chr7",23140847,23145322,"-",4476,TRUE,0.555555555555556,0.00267166344918206,0,0.00469586060576737,0.00127079885533973,0.00251627920967467
"KMT2E-AS1","ENSG00000239569.2","ENSG00000239569","antisense","chr7",104653872,104654768,"-",897,TRUE,5.73232323232323,0.0432258998598098,0.0209284032537727,0.0438325086122254,0.054005116509464,0.0433630992286687
"KTN1-AS1","ENSG00000186615.6","ENSG00000186615","antisense","chr14",55965996,56046828,"-",80833,TRUE,1.66666666666667,0.00636842915127364,0.000896806275745237,0.0139340304105252,0.00319206454491107,0.00148360189875146
"LA16c-312E8.2","ENSG00000260132.1","ENSG00000260132","antisense","chr16",1458835,1462249,"+",3415,TRUE,0.0378787878787879,0.000151673173743631,0,0.000416089898181351,0,0
"LA16c-325D7.2","ENSG00000263280.1","ENSG00000263280","lincRNA","chr16",2916349,2917619,"-",1271,TRUE,0.176767676767677,0.000543318667733642,0,0.00149050358449963,0,0
"LA16c-329F2.1","ENSG00000261399.1","ENSG00000261399","antisense","chr16",1763528,1764209,"-",682,TRUE,0.404040404040404,0.00226742990505169,0.00842588650290645,0.00255564624076699,0.00092560987666448,0
"LA16c-358B7.3","ENSG00000261505.1","ENSG00000261505","antisense","chr16",1367892,1372846,"-",4955,TRUE,0.0631313131313131,0.000233684341466468,0,0.000235145975771982,0,0.000577297316433851
"LA16c-380H5.4","ENSG00000270168.1","ENSG00000270168","lincRNA","chr16",3051301,3052017,"+",717,TRUE,0.0631313131313131,0.00020944759851135,0,0.000574584336754378,0,0
"LA16c-380H5.5","ENSG00000272079.1","ENSG00000272079","lincRNA","chr16",3056121,3057386,"+",1266,TRUE,0.138888888888889,0.00114019119212472,0,0.000405975330089311,0.00131402837595529,0.00260040677914272
"LA16c-385E7.1","ENSG00000260646.1","ENSG00000260646","lincRNA","chr16",1562980,1564676,"+",1697,TRUE,0.0378787878787879,0.000246005704201648,0,0.000674875364488069,0,0
"LA16c-OS12.2","ENSG00000268836.1","ENSG00000268836","lincRNA","chr16",235747,236293,"-",547,TRUE,0.618686868686869,0.00564532794949303,0.0159277387225056,0.00575498969217142,0.00217173718258228,0.00358047968368034
"LAMTOR5-AS1","ENSG00000224699.4","ENSG00000224699","antisense","chr1",110925441,110974982,"+",49542,TRUE,1.56565656565657,0.00669420045060565,0,0.0126564973297198,0.0054065292321941,0.00288952851975308
"LBX2-AS1","ENSG00000257702.3","ENSG00000257702","antisense","chr2",74729722,74731805,"+",2084,TRUE,1.67929292929293,0.011333481743282,0.00385149542857171,0.0140064842432449,0.0109494813592565,0.0117364868190201
"LENG8-AS1","ENSG00000226696.1","ENSG00000226696","antisense","chr19",54955991,54960223,"-",4233,TRUE,0.391414141414141,0.00237178608282353,0.00149287757552392,0.00304444729620502,0.00319834970303845,0.0010661444759651
"LGALS8-AS1","ENSG00000223776.4","ENSG00000223776","antisense","chr1",236686369,236687808,"-",1440,TRUE,0.151515151515152,0.000625763015809669,0,0.00139314949947259,0.000475812776482534,0
"LIMD1-AS1","ENSG00000230530.1","ENSG00000230530","antisense","chr3",45720535,45730626,"-",10092,TRUE,0.265151515151515,0.00138548477944751,0.00173537901368677,0.00220432034079787,0.00142861561645776,0
"LINC00032","ENSG00000231459.1","ENSG00000231459","lincRNA","chr9",27245682,27282791,"-",37110,TRUE,0.0505050505050505,0.000225709398141129,0,0.00036212531310814,0,0.000365597366667264
"LINC00035","ENSG00000225969.1","ENSG00000225969","antisense","chr7",73149368,73150384,"+",1017,TRUE,0.0505050505050505,0.000231806178820278,0,0.000635921349586632,0,0
"LINC00092","ENSG00000225194.2","ENSG00000225194","lincRNA","chr9",98782014,98790247,"-",8234,TRUE,0.0505050505050505,0.000282197326152537,0,0.000774161005586453,0,0
"LINC00094","ENSG00000235106.4","ENSG00000235106","antisense","chr9",136890561,136899788,"+",9228,TRUE,6.80555555555556,0.0382025487375213,0.00793728507310698,0.0665886438606326,0.0218708455598563,0.0291308004263514
"LINC00106","ENSGR0000236871.2","ENSGR0000236871","lincRNA","chrY",1465320,1468295,"+",2976,TRUE,0.732323232323232,0.00716611491073393,0.00406422161687917,0.00443675938659426,0.0149229203487362,0.0051360702550698
"LINC00106","ENSG00000236871.2","ENSG00000236871","lincRNA","chrX",1515320,1518295,"+",2976,TRUE,0.732323232323232,0.00716611491073393,0.00406422161687917,0.00443675938659426,0.0149229203487362,0.0051360702550698
"LINC00115","ENSG00000225880.4","ENSG00000225880","lincRNA","chr1",761586,762902,"-",1317,TRUE,0.871212121212121,0.00599149535988687,0.00818190898062435,0.00735768174363093,0.00451299212401961,0.00435607250105502
"LINC00116","ENSG00000175701.6","ENSG00000175701","lincRNA","chr2",110969106,111002997,"-",33892,TRUE,17.209595959596,0.102122605993205,0.013991558173084,0.200865595337381,0.0605887151455959,0.0470074864021443
"LINC00152","ENSG00000222041.6","ENSG00000222041","lincRNA","chr2",87754887,87906324,"+",151438,TRUE,46.199494949495,0.504059909263794,0.0372566063780273,0.731830444844155,0.512991466349847,0.410645747796196
"LINC00158","ENSG00000185433.4","ENSG00000185433","lincRNA","chr21",26758133,26804013,"-",45881,TRUE,2.89141414141414,0.0145993316054649,0.00254747604288428,0.0386039044760188,0.000320323679751191,0.000442888485253313
"LINC00167","ENSG00000233220.3","ENSG00000233220","lincRNA","chr11",129872833,129874251,"+",1419,TRUE,0.138888888888889,0.000542794077933917,0,0.000989259734913038,0.000735066858147063,0
"LINC00174","ENSG00000179406.6","ENSG00000179406","lincRNA","chr7",65841031,65866325,"-",25295,TRUE,1.60353535353535,0.0154771027995823,0.000931151238485508,0.00905242298666867,0.0281396688825278,0.0198215476383015
"LINC00176","ENSG00000196421.3","ENSG00000196421","lincRNA","chr20",62665697,62671315,"+",5619,TRUE,0.0505050505050505,0.000182695815421728,0,0.000133339633571003,0.000541008321966682,0
"LINC00184","ENSG00000224939.1","ENSG00000224939","lincRNA","chr1",234765057,234770526,"+",5470,TRUE,1.01010101010101,0.00429020474080117,0.0022302996554888,0.0107524511739158,0,0.000303735648444301
"LINC00202-1","ENSG00000232224.1","ENSG00000232224","lincRNA","chr10",27220135,27230930,"-",10796,TRUE,0.126262626262626,0.00120929106140615,0,0.000141495766688369,0.000494256309971218,0.00403884817312013
"LINC00205","ENSG00000223768.1","ENSG00000223768","lincRNA","chr21",46713200,46717269,"+",4070,TRUE,1.3510101010101,0.00982325844373951,0.00687151490098231,0.00838824677471055,0.00901762304328201,0.014155354140317
"LINC00240","ENSG00000224843.2","ENSG00000224843","lincRNA","chr6",26924771,26991703,"+",66933,TRUE,0.227272727272727,0.00098458764562285,0,0.001528692580399,0.00172419698100919,0
"LINC00264","ENSG00000233261.1","ENSG00000233261","lincRNA","chr10",26878794,26883253,"+",4460,TRUE,0.176767676767677,0.00165984339615767,0.00352193191476756,0.000397613941615015,0.00323946574906892,0.000973481670613622
"LINC00265","ENSG00000188185.7","ENSG00000188185","lincRNA","chr7",39773231,39832691,"+",59461,TRUE,0.265151515151515,0.00139658144374467,0.00177515731791384,0.0011474365657538,0.00247588424620482,0.000513276494185276
"LINC00271","ENSG00000231028.4","ENSG00000231028","lincRNA","chr6",135818489,136037193,"+",218705,TRUE,0.0883838383838384,0.00048513355996538,0,0.00120568837676067,0.000184124019978479,0
"LINC00304","ENSG00000180422.3","ENSG00000180422","lincRNA","chr16",89225554,89230653,"+",5100,TRUE,0.0631313131313131,0.000679016535792407,0,0.000554643584666158,0,0.00186037188893826
"LINC00309","ENSG00000230923.1","ENSG00000230923","lincRNA","chr2",64412212,64432619,"-",20408,TRUE,0.189393939393939,0.000623098248174855,0,0.00170936547472977,0,0
"LINC00310","ENSG00000227456.3","ENSG00000227456","lincRNA","chr21",35552978,35562220,"+",9243,TRUE,0.328282828282828,0.00114819488914849,0,0.00247665422046534,0.000990118587657979,0
"LINC00312","ENSG00000237697.2","ENSG00000237697","lincRNA","chr3",8613468,8615561,"+",2094,TRUE,0.138888888888889,0.000727599646628051,0,0.00172279773682442,0.000401870675029066,0
"LINC00324","ENSG00000178977.3","ENSG00000178977","lincRNA","chr17",8123960,8127361,"-",3402,TRUE,5.73232323232323,0.0443206871475594,0.0122609119212845,0.0422549191056381,0.0526363075488777,0.0556421037606453
"LINC00336","ENSG00000197251.3","ENSG00000197251","antisense","chr6",33553883,33561115,"-",7233,TRUE,0.0505050505050505,0.000692140520395313,0,0.000698828543079321,0,0.00170651966387235
"LINC00337","ENSG00000225077.2","ENSG00000225077","antisense","chr1",6296300,6299504,"+",3205,TRUE,0.568181818181818,0.00329033746269322,0,0.00489933039555354,0.00321754161712108,0.00275816337840325
"LINC00339","ENSG00000218510.3","ENSG00000218510","lincRNA","chr1",22351681,22357716,"+",6036,TRUE,4.12878787878788,0.0254579239798395,0.00602022494980534,0.0255821992529969,0.0331384715259866,0.0278123621298608
"LINC00341","ENSG00000229645.4","ENSG00000229645","lincRNA","chr14",95873606,95876427,"-",2822,TRUE,17.2979797979798,0.118382975178223,0.0605204374531833,0.185143099949835,0.11101947474575,0.0602032265907082
"LINC00342","ENSG00000232931.1","ENSG00000232931","lincRNA","chr2",96472866,96481963,"-",9098,TRUE,2.32323232323232,0.0187314481907375,0.00199533501566563,0.0107565761033898,0.0296847185069628,0.0280554599087165
"LINC00384","ENSG00000232117.1","ENSG00000232117","lincRNA","chr13",30726023,30733758,"-",7736,TRUE,0.0378787878787879,9.08929626158595e-05,0,0.000249349589164395,0,0
"LINC00421","ENSG00000236834.1","ENSG00000236834","lincRNA","chr13",19919189,19920889,"+",1701,TRUE,0.0378787878787879,0.000145887972410282,0,0.00040021916920313,0,0
"LINC00426","ENSG00000238121.1","ENSG00000238121","lincRNA","chr13",30914407,30951282,"-",36876,TRUE,7.51262626262626,0.0534010515098178,0.0217843609361521,0.0662525111675043,0.0651540508834129,0.0399567443149923
"LINC00441","ENSG00000231473.2","ENSG00000231473","lincRNA","chr13",48870649,48877797,"-",7149,TRUE,0.0631313131313131,0.000669223401537266,0,0.000493332055641024,0.00160667102846932,0.00035571648603657
"LINC00449","ENSG00000203441.2","ENSG00000203441","antisense","chr13",100151981,100153306,"-",1326,TRUE,0.202020202020202,0.00116280964892007,0,0.00178078218975238,0.00107695538074237,0.000962694987800278
"LINC00461","ENSG00000245526.4","ENSG00000245526","lincRNA","chr5",87803363,87986858,"-",183496,TRUE,0.328282828282828,0.00165924448400803,0,0.00266310231730832,0.00126901229055514,0.00145899940734716
"LINC00466","ENSG00000224209.2","ENSG00000224209","lincRNA","chr1",63655660,63782902,"-",127243,TRUE,0.0378787878787879,0.000128263075646621,0,0.000151338099179428,0,0.000285187422064151
"LINC00470","ENSG00000132204.9","ENSG00000132204","lincRNA","chr18",1254384,1408345,"-",153962,TRUE,0.0505050505050505,0.000131247762939589,0,0.000360056211458797,0,0
"LINC00477","ENSG00000197503.4","ENSG00000197503","lincRNA","chr12",24719898,24737102,"-",17205,TRUE,0.0378787878787879,0.00024906363068827,0,0.000683264272619016,0,0
"LINC00487","ENSG00000205837.3","ENSG00000205837","lincRNA","chr2",6868309,6910442,"-",42134,TRUE,0.189393939393939,0.00292377228866386,0,0,0,0.0114070327715358
"LINC00493","ENSG00000232388.2","ENSG00000232388","lincRNA","chr20",18548064,18550207,"+",2144,TRUE,20.1893939393939,0.134809055742298,0.0767997316029231,0.179618558392885,0.0982605363319573,0.136143738774419
"LINC00494","ENSG00000235621.4","ENSG00000235621","lincRNA","chr20",46988693,46999372,"+",10680,TRUE,0.505050505050505,0.00455212817542156,0.0171499545128199,0.00596110267400562,0.000513091714799682,0
"LINC00504","ENSG00000248360.3","ENSG00000248360","lincRNA","chr4",14472089,14889793,"-",417705,TRUE,0.164141414141414,0.000926662833400269,0,0.0012132470216112,0.00087197628146556,0.00104671726533088
"LINC00511","ENSG00000227036.2","ENSG00000227036","lincRNA","chr17",70319264,70636611,"-",317348,TRUE,0.23989898989899,0.00128251977218946,0,0.00151917436756948,0.00256715117885445,0.000360779523387273
"LINC00515","ENSG00000260583.1","ENSG00000260583","antisense","chr21",26955082,26955638,"-",557,TRUE,0.0505050505050505,0.000243288606257269,0,0.000667421462264486,0,0
"LINC00525","ENSG00000146666.4","ENSG00000146666","antisense","chr7",47801074,47806370,"+",5297,TRUE,0.972222222222222,0.0118686488369666,0.00193198926728169,0.00197675727086619,0.00300839911917464,0.0395950956841732
"LINC00526","ENSG00000264575.1","ENSG00000264575","lincRNA","chr18",5236723,5238597,"-",1875,TRUE,0.883838383838384,0.00477649583537114,0.00500208347742449,0.00716136580623272,0.00191875872840025,0.00403265701141597
"LINC00528","ENSG00000269220.1","ENSG00000269220","lincRNA","chr22",18260088,18262247,"+",2160,TRUE,2.02020202020202,0.0165483887364347,0.0108993760582653,0.0132470478520042,0.0263659765958549,0.0146439647712155
"LINC00539","ENSG00000224429.3","ENSG00000224429","lincRNA","chr13",21877654,21922860,"-",45207,TRUE,1.66666666666667,0.0102570154241664,0.0100363879719575,0.0135373434668006,0.00983947828628178,0.00610862670144695
"LINC00544","ENSG00000122043.6","ENSG00000122043","lincRNA","chr13",30510042,30524625,"+",14584,TRUE,0.328282828282828,0.00149166732670807,0,0.00305501364663015,0.00152530862440484,0
"LINC00562","ENSG00000260388.1","ENSG00000260388","lincRNA","chr13",48504290,48506757,"-",2468,TRUE,0.328282828282828,0.0017743301545577,0.00141725698007,0.00196490622834364,0.00276692012398606,0.000726403487788891
"LINC00565","ENSG00000260910.1","ENSG00000260910","lincRNA","chr13",114629487,114631817,"-",2331,TRUE,0.151515151515152,0.00164340057058795,0,0.000829074973858711,0.00507645954550314,0.000323696050100407
"LINC00568","ENSG00000228126.1","ENSG00000228126","lincRNA","chr1",150488233,150490508,"+",2276,TRUE,0.126262626262626,0.00112322765245932,0.00303324933283567,0.000555484893601145,0.00141614309573377,0.0006688718800871
"LINC00571","ENSG00000223685.1","ENSG00000223685","lincRNA","chr13",38624954,38717369,"-",92416,TRUE,0.0505050505050505,0.000508685649715811,0,4.30358346343724e-05,0.000414634725758718,0.00152247188398789
"LINC00574","ENSG00000231690.2","ENSG00000231690","lincRNA","chr6",170190417,170202969,"+",12553,TRUE,0.126262626262626,0.000525262353258088,0,0.00101810360282919,0.000621911735321546,0
"LINC00582","ENSG00000229228.1","ENSG00000229228","antisense","chr1",231727038,231747836,"-",20799,TRUE,1.25,0.0148532593048049,0,0.000426138472567418,0.0120613294432776,0.0456803754810832
"LINC00607","ENSG00000235770.1","ENSG00000235770","lincRNA","chr2",216476286,216708445,"-",232160,TRUE,0.0378787878787879,0.000339271467162795,0,7.71128386774886e-05,0.000529687218784397,0.000701787805021505
"LINC00610","ENSG00000196559.3","ENSG00000196559","lincRNA","chr11",36290834,36294909,"-",4076,TRUE,0.0378787878787879,0.000255571979570681,0,0.000307071640022379,0,0.000560401110076447
"LINC00617","ENSG00000250366.2","ENSG00000250366","lincRNA","chr14",96342729,96391908,"+",49180,TRUE,0.0378787878787879,5.11539253171816e-05,0,0.000140332209391091,0,0
"LINC00618","ENSG00000225163.3","ENSG00000225163","lincRNA","chr14",97409916,97411731,"+",1816,TRUE,0.214646464646465,0.00130730274222116,0,0.00183807716085679,0.00201587256672697,0.000537020249513781
"LINC00630","ENSG00000223546.2","ENSG00000223546","lincRNA","chrX",102024089,102140334,"+",116246,TRUE,0.505050505050505,0.00233653770398131,0,0.00242500614478545,0.00305100072942404,0.00271688248456996
"LINC00638","ENSG00000258701.1","ENSG00000258701","lincRNA","chr14",105287538,105290055,"+",2518,TRUE,0.29040404040404,0.0021146047442987,0.00392869245147315,0.00207276509966657,0.00245598982330585,0.000914605201688119
"LINC00640","ENSG00000258479.1","ENSG00000258479","lincRNA","chr14",51800111,51832275,"+",32165,TRUE,0.0378787878787879,0.000280785133424184,0.00202572011596525,4.05505147612297e-05,0,0
"LINC00643","ENSG00000186369.5","ENSG00000186369","lincRNA","chr14",62584197,62596352,"+",12156,TRUE,3.43434343434343,0.0140171160358353,0,0.0368991026620585,0.00199536583395206,0.000281254426800441
"LINC00649","ENSG00000237945.3","ENSG00000237945","antisense","chr21",35287838,35349992,"+",62155,TRUE,3.39646464646465,0.0180816492172068,0.00383828641738528,0.0291074473262155,0.0150746409000535,0.0126059721224668
"LINC00652","ENSG00000179935.5","ENSG00000179935","lincRNA","chr20",18768295,18774979,"-",6685,TRUE,0.0378787878787879,0.000222046444037132,0,0.000287246848631222,0.000473421388067117,0
"LINC00654","ENSG00000205181.5","ENSG00000205181","lincRNA","chr20",5476713,5485259,"-",8547,TRUE,0.138888888888889,0.000824820280407096,0,0.00066677096869565,0.000772470958901021,0.00152278243442224
"LINC00657","ENSG00000260032.1","ENSG00000260032","lincRNA","chr20",34633544,34638882,"-",5339,TRUE,34.709595959596,0.304673586654546,0.19935880210017,0.35130251925142,0.244637247853217,0.350368650987737
"LINC00659","ENSG00000228705.1","ENSG00000228705","antisense","chr20",61405480,61406764,"-",1285,TRUE,0.0505050505050505,0.000299468121216722,0,0.000821540533438322,0,0
"LINC00662","ENSG00000261824.2","ENSG00000261824","lincRNA","chr19",28175488,28284848,"-",109361,TRUE,6.91919191919192,0.0378891075568441,0.0138908386605737,0.059852575159176,0.0401322738441576,0.016778926897826
"LINC00663","ENSG00000266904.1","ENSG00000266904","lincRNA","chr19",19868175,19887232,"-",19058,TRUE,0.189393939393939,0.0014655576445904,0,0.00184759794529269,0.00100935341286145,0.0021142071564773
"LINC00664","ENSG00000268658.1","ENSG00000268658","lincRNA","chr19",21666176,21686040,"+",19865,TRUE,0.189393939393939,0.000714284146105561,0,0.00195951868276967,0,0
"LINC00665","ENSG00000232677.2","ENSG00000232677","lincRNA","chr19",36803969,36822620,"-",18652,TRUE,11.6792929292929,0.0715914384888974,0.0368698416726379,0.151012223290931,0.0297513081281576,0.0168893847271103
"LINC00667","ENSG00000263753.2","ENSG00000263753","lincRNA","chr18",5232875,5246507,"+",13633,TRUE,12.5631313131313,0.089452134888998,0.0363830054425746,0.107225407800852,0.0627882997727673,0.117147486643145
"LINC00668","ENSG00000265933.1","ENSG00000265933","lincRNA","chr18",6919495,6929965,"-",10471,TRUE,0.0757575757575758,0.000206663882762873,0,0.000228107179789379,0,0.000481887942576362
"LINC00672","ENSG00000263874.1","ENSG00000263874","lincRNA","chr17",37081421,37084310,"+",2890,TRUE,1.03535353535354,0.0100167432817335,0.0102226977002976,0.00623818900224615,0.0123922438417827,0.0129878693951311
"LINC00683","ENSG00000266256.1","ENSG00000266256","lincRNA","chr18",74327169,74337897,"+",10729,TRUE,0.0505050505050505,0.000146540866817618,0,0.000152695745037553,0.000366668899272602,0
"LINC00685","ENSG00000226179.1","ENSG00000226179","antisense","chrX",281725,282586,"+",862,TRUE,0.505050505050505,0.00480963755523006,0.00709924636839264,0.00480100091228917,0.0054117921455992,0.00306663822596239
"LINC00685","ENSGR0000226179.1","ENSGR0000226179","antisense","chrY",231725,232586,"+",862,TRUE,0.505050505050505,0.00480963755523006,0.00709924636839264,0.00480100091228917,0.0054117921455992,0.00306663822596239
"LINC00691","ENSG00000224074.3","ENSG00000224074","lincRNA","chr3",24137760,24144729,"-",6970,TRUE,0.505050505050505,0.00106783986848161,0,0.00241071067539129,0.00020466119895889,0.000539812859587857
"LINC00698","ENSG00000244342.1","ENSG00000244342","lincRNA","chr3",62936105,63110738,"+",174634,TRUE,0.0631313131313131,0.000904010053123863,0,0,0.000940195460697797,0.002617810803641
"LINC00704","ENSG00000231298.2","ENSG00000231298","lincRNA","chr10",4692377,4720346,"-",27970,TRUE,0.0378787878787879,6.87466147754101e-05,0,0.000188594800492292,0,0
"LINC00707","ENSG00000238266.1","ENSG00000238266","lincRNA","chr10",6821560,6884868,"+",63309,TRUE,0.176767676767677,0.00197900147072951,0.00132680656011237,6.29695522137916e-05,0.00523910723203135,0.00188554297140005
"LINC00843","ENSG00000178440.5","ENSG00000178440","lincRNA","chr10",51732523,51741813,"+",9291,TRUE,1.57828282828283,0.0116822920746335,0.0170998262446599,0.0149088939948499,0.00368624595634566,0.0120501754488734
"LINC00846","ENSG00000186842.4","ENSG00000186842","lincRNA","chr21",33944548,33948191,"-",3644,TRUE,0.0378787878787879,0.000186218042568209,0,0.000510857948437898,0,0
"LINC00847","ENSG00000245060.2","ENSG00000245060","lincRNA","chr5",180257957,180262726,"+",4770,TRUE,6.56565656565657,0.0460740890653755,0.00269247119346503,0.0526108942465904,0.0287812955994741,0.0757247686723629
"LINC00852","ENSG00000231177.4","ENSG00000231177","antisense","chr3",10326103,10327430,"+",1328,TRUE,1.0479797979798,0.00685709058857448,0.0151611433174608,0.00635897821508478,0.00601409573609788,0.00412636865735997
"LINC00853","ENSG00000224805.2","ENSG00000224805","antisense","chr1",47644922,47646011,"+",1090,TRUE,0.0505050505050505,0.000183230118562283,0,0.000502661080364836,0,0
"LINC00857","ENSG00000237523.1","ENSG00000237523","lincRNA","chr10",81967466,81979413,"+",11948,TRUE,0.0631313131313131,0.000229601464012744,0,0.000629873084510194,0,0
"LINC00861","ENSG00000245164.2","ENSG00000245164","lincRNA","chr8",126934552,126963493,"-",28942,TRUE,0.0757575757575758,0.000256460637624771,0,0.00037332988445394,0.000221480850391058,0.000255466977464049
"LINC00862","ENSG00000203721.1","ENSG00000203721","lincRNA","chr1",200311672,200343482,"-",31811,TRUE,0.0378787878787879,0.00014780790614606,0,0.000204453407819839,0.000295660534030017,0
"LINC00863","ENSG00000224914.2","ENSG00000224914","lincRNA","chr10",89102493,89117639,"+",15147,TRUE,0.77020202020202,0.00354794721400595,0.00140173643996636,0.00597764234080874,0.0021154824561172,0.00257723671827055
"LINC00867","ENSG00000232139.1","ENSG00000232139","lincRNA","chr10",120116620,120124615,"+",7996,TRUE,0.0378787878787879,0.000124418147772375,0,0.000341320308402221,0,0
"LINC00877","ENSG00000241163.3","ENSG00000241163","lincRNA","chr3",72084451,72291716,"-",207266,TRUE,5.75757575757576,0.0339396323217295,0,0.0417854603153803,0.0648249587140806,0.0103033842866279
"LINC00880","ENSG00000243629.1","ENSG00000243629","lincRNA","chr3",156799456,156840793,"-",41338,TRUE,0.391414141414141,0.00235682216261558,0,0.0022869904910801,0.00294149440993717,0.00309819529727116
"LINC00881","ENSG00000241135.1","ENSG00000241135","lincRNA","chr3",156807670,156818924,"+",11255,TRUE,0.441919191919192,0.00170345756485764,0,0.0044427717732391,0.000338819054677145,0
"LINC00882","ENSG00000242759.2","ENSG00000242759","lincRNA","chr3",106555658,106959488,"-",403831,TRUE,0.0631313131313131,0.000252340707451408,0,0.000385239522634395,0.000451529241553566,0
"LINC00883","ENSG00000243701.1","ENSG00000243701","lincRNA","chr3",106959539,107045811,"+",86273,TRUE,1.3510101010101,0.00849003140714883,0.00466065567355983,0.00941420799518012,0.00212976663487577,0.0152878898806751
"LINC00884","ENSG00000233058.1","ENSG00000233058","antisense","chr3",194208183,194239008,"+",30826,TRUE,2.51262626262626,0.0114028306374737,0.00177613010420156,0.0214359392786505,0.00657161747366818,0.00673773474982633
"LINC00886","ENSG00000240875.1","ENSG00000240875","lincRNA","chr3",156465135,156534851,"-",69717,TRUE,1.50252525252525,0.0131261359866118,0,0.00423882009191732,0.0150038046005322,0.0306744113190913
"LINC00887","ENSG00000214145.2","ENSG00000214145","lincRNA","chr3",194014254,194030592,"-",16339,TRUE,1.47727272727273,0.00753126698848238,0,0.0133660914487316,0.00836092626084151,0.00228927600308396
"LINC00890","ENSG00000260802.1","ENSG00000260802","lincRNA","chrX",110754890,110765627,"+",10738,TRUE,0.0505050505050505,0.000461562414772572,0,0,0.00104036398256648,0.000794748683359983
"LINC00893","ENSG00000241769.3","ENSG00000241769","antisense","chrX",148609130,148622504,"-",13375,TRUE,0.883838383838384,0.0116321823414533,0.0118378677423575,0.00333484336331859,0.0166071003882238,0.0185162910543222
"LINC00894","ENSG00000235703.1","ENSG00000235703","antisense","chrX",149106846,149392815,"+",285970,TRUE,0.366161616161616,0.00291269273769744,0,0.00249315510895506,0.00269685572088353,0.00521027581424437
"LINC00896","ENSG00000236499.2","ENSG00000236499","lincRNA","chr22",20193920,20196047,"+",2128,TRUE,0.126262626262626,0.000876209299713219,0,0.000483219814877612,0.000561361095021942,0.00218845823578766
"LINC00907","ENSG00000267586.2","ENSG00000267586","lincRNA","chr18",39739247,40271387,"+",532141,TRUE,0.113636363636364,0.000942911917525249,0.00276400662235303,0.00055895724942143,0,0.00146777631550402
"LINC00909","ENSG00000264247.1","ENSG00000264247","lincRNA","chr18",72259010,72265744,"-",6735,TRUE,11.1489898989899,0.07324840907852,0.0288576583496482,0.102773087786844,0.0612642546747098,0.0655900486951571
"LINC00910","ENSG00000188825.9","ENSG00000188825","lincRNA","chr17",41447213,41466567,"-",19355,TRUE,2.71464646464646,0.0133016593809688,0.00800227022880914,0.0221326174939893,0.0153048187919812,0.00152047057414062
"LINC00920","ENSG00000246898.1","ENSG00000246898","lincRNA","chr16",66442427,66446038,"+",3612,TRUE,0.138888888888889,0.000643543616562883,0,0.000847710251552015,0.000818674106496108,0.000513531367436209
"LINC00925","ENSG00000255571.2","ENSG00000255571","lincRNA","chr15",89904810,89939471,"+",34662,TRUE,0.126262626262626,0.000505646241489744,0,0.00138715560533383,0,0
"LINC00926","ENSG00000247982.2","ENSG00000247982","lincRNA","chr15",57592563,57599959,"+",7397,TRUE,14.2676767676768,0.134205395629881,0.354358353311936,0.112653495023231,0.180010686182392,0.00777459548578215
"LINC00936","ENSG00000271614.1","ENSG00000271614","lincRNA","chr12",90102736,90106367,"+",3632,TRUE,9.46969696969697,0.0725582527688118,0.0570202673920699,0.0877347494286717,0.0805847631685529,0.0511734838131982
"LINC00937","ENSG00000226091.3","ENSG00000226091","lincRNA","chr12",8448582,8549399,"-",100818,TRUE,0.0505050505050505,0.000256663985967165,0,0.000147738686511992,0,0.000791259695024544
"LINC00938","ENSG00000273015.1","ENSG00000273015","lincRNA","chr12",46119510,46121558,"-",2049,TRUE,6.60353535353535,0.0426404248588077,0.0217436085623173,0.0562838151146762,0.0414977542462003,0.0350479537712244
"LINC00944","ENSG00000256128.1","ENSG00000256128","lincRNA","chr12",127214333,127256957,"-",42625,TRUE,0.366161616161616,0.00251854188307726,0.00739028333404449,0.00361319925108767,0,0.000901305817081529
"LINC00954","ENSG00000228784.3","ENSG00000228784","lincRNA","chr2",20068621,20084808,"+",16188,TRUE,0.934343434343434,0.0100362861915736,0.00309418649386281,0.0047622926460159,0.0169965949964869,0.0143627477027062
"LINC00957","ENSG00000235314.1","ENSG00000235314","lincRNA","chr7",44078770,44081905,"+",3136,TRUE,0.972222222222222,0.00542822285797719,0.00210930471324514,0.00705503452226209,0.00542287354533148,0.0048201294079547
"LINC00959","ENSG00000237489.2","ENSG00000237489","lincRNA","chr10",131864638,131909081,"-",44444,TRUE,0.265151515151515,0.00115136270105344,0,0.00210994290490081,0.00154222487309967,0
"LINC00969","ENSG00000242086.4","ENSG00000242086","lincRNA","chr3",195384933,195460422,"+",75490,TRUE,13.1944444444444,0.104211646308267,0.0410468845767446,0.101257875113376,0.16106198886,0.0857986744912142
"LINC00971","ENSG00000242641.1","ENSG00000242641","lincRNA","chr3",84687557,84930830,"-",243274,TRUE,0.0378787878787879,5.0223886156752e-05,0,0.000137780803034803,0,0
"LINC00984","ENSG00000259330.1","ENSG00000259330","antisense","chr15",40617417,40618916,"+",1500,TRUE,4.33080808080808,0.0225546988670968,0.0177959267171365,0.0383604809403076,0.0115284537343066,0.0131765458554054
"LINC00987","ENSG00000237248.3","ENSG00000237248","lincRNA","chr12",9392599,9395635,"+",3037,TRUE,0.909090909090909,0.00397472088483442,0,0.00599550891280009,0.00529770155291976,0.00185781627007549
"LINC00992","ENSG00000248663.2","ENSG00000248663","lincRNA","chr5",116751205,116881993,"+",130789,TRUE,0.0378787878787879,0.000133988047909455,0,0.000367573723395526,0,0
"LINC00996","ENSG00000242258.1","ENSG00000242258","lincRNA","chr7",150130742,150145228,"+",14487,TRUE,0.315656565656566,0.00253379889941538,0.0134270714543523,0.00124048687770522,0,0.00124248638172833
"LINC01001","ENSG00000230724.5","ENSG00000230724","lincRNA","chr11",127115,139612,"-",12498,TRUE,0.189393939393939,0.00232793374796919,0,0.000633652483029975,0.00293320940088885,0.00534482291205106
"LINC01003","ENSG00000261455.1","ENSG00000261455","lincRNA","chr7",152160871,152162634,"+",1764,TRUE,2.84090909090909,0.0154130268617368,0.00566816656108313,0.025570790088651,0.0116221216333377,0.00962521367943451
"LINC01004","ENSG00000228393.3","ENSG00000228393","antisense","chr7",104590762,104653491,"-",62730,TRUE,1.12373737373737,0.00812341507950561,0.00937721790822792,0.00888324340387732,0.00607621567964085,0.00838010133940816
"LINC01010","ENSG00000236700.1","ENSG00000236700","lincRNA","chr6",134758854,134825719,"+",66866,TRUE,0.214646464646465,0.000710976792137597,0.00107212552116525,0.00137389190747665,0.000279928535319835,0
"LINC01011","ENSG00000244041.3","ENSG00000244041","lincRNA","chr6",2988201,2991407,"+",3207,TRUE,0.580808080808081,0.00281350918573383,0,0.00457883537299663,0.00348571740707531,0.00109430135915361
"LINC01021","ENSG00000250337.1","ENSG00000250337","lincRNA","chr5",27472399,27496508,"+",24110,TRUE,0.340909090909091,0.00174759771733762,0,0.00351536328400242,0.000832060311223137,0.0010141801622995
"LINC01023","ENSG00000272523.1","ENSG00000272523","lincRNA","chr5",108063526,108063961,"-",436,TRUE,0.227272727272727,0.0021302328083816,0,0.000975462105414926,0.00636106318455739,0.000772668824021298
"LINC01024","ENSG00000245146.2","ENSG00000245146","antisense","chr5",139452442,139488215,"-",35774,TRUE,1.1489898989899,0.00578776001035814,0.00241924411509518,0.00954645830012724,0.00489681683299308,0.00302954130379542
"LINC01036","ENSG00000236030.1","ENSG00000236030","lincRNA","chr1",187061974,187329455,"+",267482,TRUE,0.101010101010101,0.000763986881594057,0,0.000471096798677291,0.00163533943346468,0.00072933415593715
"LINC01037","ENSG00000231599.1","ENSG00000231599","lincRNA","chr1",187412738,187446354,"+",33617,TRUE,0.0883838383838384,0.00018161224394823,0,0.000498222712874951,0,0
"LINC01053","ENSG00000238169.1","ENSG00000238169","antisense","chr13",25755579,25763898,"+",8320,TRUE,0.0505050505050505,0.000207191316016499,0,0.000568394604381943,0,0
"LINC01063","ENSG00000232065.1","ENSG00000232065","antisense","chr3",196358369,196359458,"-",1090,TRUE,0.315656565656566,0.00212282629200669,0.00200948575429712,0.00420706455867017,0.000731813104163641,0.000561859381216728
"LIPE-AS1","ENSG00000213904.4","ENSG00000213904","antisense","chr19",42901280,43156507,"+",255228,TRUE,1.46464646464646,0.0115266239109516,0.0141914767571253,0.0107616507332951,0.0108694990352384,0.0118847356030198
"LL09NC01-251B2.3","ENSG00000273249.1","ENSG00000273249","antisense","chr9",136997364,137000894,"-",3531,TRUE,0.0378787878787879,0.000372725807328799,0,0.000138095631706602,0,0.00125778635729415
"LL0XNC01-116E7.2","ENSG00000231728.2","ENSG00000231728","antisense","chrX",103172005,103174131,"-",2127,TRUE,0.378787878787879,0.00198511435511202,0.00126090018550627,0.00372634998496323,0.00186082378653684,0
"LL0XNC01-237H1.2","ENSG00000239407.1","ENSG00000239407","lincRNA","chrX",102139342,102161086,"+",21745,TRUE,0.29040404040404,0.00214537991737725,0,0.0022284798403961,0.00146294935420893,0.00378621579511929
"LL0XNC01-7P3.1","ENSG00000270012.1","ENSG00000270012","lincRNA","chrX",49129517,49132231,"+",2715,TRUE,0.416666666666667,0.00273938829688638,0.00130744565372974,0.00366527808622561,0.00382183175430139,0.00110950653341586
"LL21NC02-1C16.2","ENSG00000272825.1","ENSG00000272825","antisense","chr21",46356218,46356869,"+",652,TRUE,0.315656565656566,0.00181944413130491,0.00462896738062342,0.00311382818919145,0.000308838238354964,0
"LL22NC03-2H8.5","ENSG00000272216.1","ENSG00000272216","lincRNA","chr22",22638312,22641586,"-",3275,TRUE,2.04545454545455,0.0222701716816005,0.0123758065401139,0.0152134287651638,0.018339284113352,0.0411762252990243
"LL22NC03-32F9.1","ENSG00000273082.1","ENSG00000273082","antisense","chr22",34318410,34318754,"+",345,TRUE,0.138888888888889,0.000506932264893109,0,0.00139068359471889,0,0
"LL22NC03-86G7.1","ENSG00000224086.3","ENSG00000224086","antisense","chr22",22292609,22297799,"+",5191,TRUE,0.101010101010101,0.00131802505416747,0,0.000610112600059168,0.00119133280693318,0.00312255027222943
"LL22NC03-N27C7.1","ENSG00000270041.1","ENSG00000270041","lincRNA","chr22",24080865,24081476,"-",612,TRUE,0.517676767676768,0.00343878218919544,0.0017748333562484,0.00310780943651561,0.00437415616343973,0.00385744524920038
"LMCD1-AS1","ENSG00000227110.2","ENSG00000227110","antisense","chr3",7994492,8653610,"-",659119,TRUE,0.0252525252525253,4.78530183234814e-05,0,0.00013127672501627,0,0
"LOXL1-AS1","ENSG00000261801.1","ENSG00000261801","antisense","chr15",74200424,74220589,"-",20166,TRUE,0.0883838383838384,0.000622830599221253,0.00255542373977083,0.000788076777440477,0,0
"LPP-AS1","ENSG00000224563.1","ENSG00000224563","antisense","chr3",188280026,188286454,"-",6429,TRUE,0.138888888888889,0.000678206282751327,0.00095808116014616,0.00151541023652182,0,0
"LPP-AS2","ENSG00000270959.1","ENSG00000270959","antisense","chr3",187868994,187871845,"-",2852,TRUE,0.391414141414141,0.00177183145253099,0,0.00390520434718895,0.0014052879030621,0
"LRP4-AS1","ENSG00000247675.2","ENSG00000247675","antisense","chr11",46867963,46895947,"+",27985,TRUE,0.744949494949495,0.00351767749140734,0.00121884773740414,0.00584798046291572,0.00262675006239877,0.00224284439217704
"LUCAT1","ENSG00000248323.1","ENSG00000248323","lincRNA","chr5",90598846,90610219,"-",11374,TRUE,0.643939393939394,0.00277989910564914,0,0.00624591735686318,0.00202997325903066,0
"LY86-AS1","ENSG00000216863.5","ENSG00000216863","antisense","chr6",6346698,6623004,"-",276307,TRUE,0.29040404040404,0.00183944064023589,0.00509593262244018,0.00321046066620384,0,0
"MACROD2-AS1","ENSG00000235914.1","ENSG00000235914","antisense","chr20",14864899,14910161,"-",45263,TRUE,0.0378787878787879,0.000180408096903796,0,0.000101842064728041,0,0.000559021717540992
"MAFG-AS1","ENSG00000265688.1","ENSG00000265688","antisense","chr17",79885705,79888629,"+",2925,TRUE,1.76767676767677,0.00994112897897789,0,0.0171115909969063,0.00967099766918172,0.00509773885755303
"MALAT1","ENSG00000251562.3","ENSG00000251562","lincRNA","chr11",65265233,65273940,"+",8708,TRUE,98.5984848484848,3.17205321006232,3.61724421633349,2.13994989191768,3.67489902311545,3.9255494179137
"MAMDC2-AS1","ENSG00000204706.10","ENSG00000204706","antisense","chr9",72700732,72790804,"-",90073,TRUE,0.0631313131313131,0.000433109394142846,0,0.000690570584737828,0.000731813104163641,0
"MANEA-AS1","ENSG00000261366.1","ENSG00000261366","antisense","chr6",96023059,96025326,"-",2268,TRUE,2.00757575757576,0.0118457392587817,0.00141166780964427,0.0147606169091983,0.00979132245684728,0.0150324401024012
"MAP3K14-AS1","ENSG00000267278.1","ENSG00000267278","antisense","chr17",43325292,43345997,"+",20706,TRUE,0.467171717171717,0.00322196260845568,0.00226090874902291,0.00378022613766741,0.00257682953537379,0.00354422143970472
"MAPKAPK5-AS1","ENSG00000234608.3","ENSG00000234608","lincRNA","chr12",112277571,112280706,"-",3136,TRUE,2.3989898989899,0.0157448141069875,0.0078233224201767,0.0201239965576903,0.0133894847873969,0.0158527762121404
"MAST4-AS1","ENSG00000229666.1","ENSG00000229666","antisense","chr5",66297211,66299781,"-",2571,TRUE,0.0631313131313131,0.000305279380864809,0,0.000837482749029887,0,0
"MATN1-AS1","ENSG00000186056.5","ENSG00000186056","antisense","chr1",31191351,31199674,"+",8324,TRUE,0.757575757575758,0.00705474265478586,0.0179806924535257,0.00533124964153138,0.00451560235690046,0.00636364361208895
"MBNL1-AS1","ENSG00000229619.3","ENSG00000229619","antisense","chr3",151980405,151987344,"-",6940,TRUE,1.37626262626263,0.00573548630921482,0.00169767304196758,0.0100355466087964,0.00362973820170131,0.00372496180088679
"MCF2L-AS1","ENSG00000235280.2","ENSG00000235280","antisense","chr13",113621798,113623138,"-",1341,TRUE,0.227272727272727,0.0017492514862334,0.00259820006772762,0.00217297992545964,0.00210178121784318,0.000370814839952553
"MCM3AP-AS1","ENSG00000215424.5","ENSG00000215424","antisense","chr21",47649131,47679304,"+",30174,TRUE,0.656565656565657,0.00297383046047894,0.00183162131365144,0.00729605428061224,0.000297576348786634,0
"MED14-AS1","ENSG00000234636.1","ENSG00000234636","antisense","chrX",40594652,40597950,"+",3299,TRUE,0.681818181818182,0.00348704014949282,0.00238304349590514,0.00533535534425451,0.00243296999819113,0.00244330136104917
"MEF2C-AS1","ENSG00000248309.1","ENSG00000248309","antisense","chr5",88179145,88762215,"+",583071,TRUE,2.05808080808081,0.011716537367602,0.0158454651088848,0.0139944612490944,0.00980023835158621,0.00821468705806335
"MEG3","ENSG00000214548.10","ENSG00000214548","lincRNA","chr14",101245747,101327368,"+",81622,TRUE,0.101010101010101,0.000369086023246827,0,0.000380922165942871,0.000602576018900655,0.000315557776323062
"MEIS1-AS2","ENSG00000230749.3","ENSG00000230749","antisense","chr2",66666220,66667444,"-",1225,TRUE,0.0757575757575758,0.000484064906502919,0.0020740492180734,0.000336515160512284,0,0.000347420494732914
"MFI2-AS1","ENSG00000228109.1","ENSG00000228109","antisense","chr3",196726331,196731615,"+",5285,TRUE,2.95454545454545,0.0234434609728226,0.00275424937671312,0.018102473892044,0.0423497038108065,0.0233563945054333
"MIAT","ENSG00000225783.2","ENSG00000225783","lincRNA","chr22",27042392,27072438,"+",30047,TRUE,31.2121212121212,0.338547078047841,0.0782164461926608,0.216862986996084,0.394751165661465,0.590624518446986
"MID1IP1-AS1","ENSG00000238123.1","ENSG00000238123","antisense","chrX",38660821,38663136,"-",2316,TRUE,0.0757575757575758,0.000186182025360347,0,0.000510759141272584,0,0
"MIR1302-10","ENSG00000259553.2","ENSG00000259553","lincRNA","chr15",102500051,102501611,"-",1561,TRUE,0.0378787878787879,0.000206890959930444,0,0.00056757062786599,0,0
"MIR142","ENSG00000265206.2","ENSG00000265206","antisense","chr17",56408245,56409869,"-",1625,TRUE,19.7727272727273,0.163207731454254,0.170475081906014,0.209892338723698,0.130796381956275,0.124432841507365
"MIR146A","ENSG00000253522.2","ENSG00000253522","lincRNA","chr5",159895275,159914433,"+",19159,TRUE,0.757575757575758,0.00369338901941069,0,0.00695364998405076,0.00409234111896142,0.000563146755298923
"MIR1539","ENSG00000265496.2","ENSG00000265496","antisense","chr18",47013709,47018248,"+",4540,TRUE,0.0631313131313131,0.000279597280579082,0,0.000256277202381877,0.000448342899847741,0.000292828111580656
"MIR155HG","ENSG00000234883.2","ENSG00000234883","lincRNA","chr21",26934221,26947480,"+",13260,TRUE,14.3686868686869,0.144947262773231,0.130970514558077,0.337363187972497,0.0118515414456641,0.0071629982705152
"MIR1587","ENSG00000261435.1","ENSG00000261435","lincRNA","chrX",39696790,39707612,"-",10823,TRUE,0.126262626262626,0.000675861858869581,0,0.000716642555725008,0.00107162223148906,0.000581420898254168
"MIR181A1HG","ENSG00000229989.3","ENSG00000229989","lincRNA","chr1",198776622,198906558,"-",129937,TRUE,0.517676767676768,0.00248333093206059,0.000936741437662739,0.0039941743837034,0.00286114261672915,0.000761657874068744
"MIR181A2HG","ENSG00000224020.1","ENSG00000224020","antisense","chr9",127420746,127460910,"+",40165,TRUE,0.0631313131313131,0.000104371968978603,0,0.000180970295442615,0.000154948930905607,0
"MIR210HG","ENSG00000247095.2","ENSG00000247095","lincRNA","chr11",565660,568457,"-",2798,TRUE,2.91666666666667,0.018918019090978,0.00201235112505442,0.0319233394393349,0.0141945271187906,0.0136509006576075
"MIR22HG","ENSG00000186594.8","ENSG00000186594","lincRNA","chr17",1614805,1620468,"-",5664,TRUE,5.35353535353535,0.0493882751366539,0.0455979724177428,0.0318008908623705,0.0596093346950404,0.066458596966413
"MIR24-2","ENSG00000267519.2","ENSG00000267519","lincRNA","chr19",13945330,13947173,"-",1844,TRUE,1.11111111111111,0.00750011132194976,0.0127769459883608,0.00821224532389738,0.0061262911997979,0.0051124118062324
"MIR296","ENSG00000268649.2","ENSG00000268649","lincRNA","chr20",57392187,57392780,"-",594,TRUE,0.126262626262626,0.0007001640954855,0,0.00121740318666836,0.000230188733256378,0.000777732095049916
"MIR29B1","ENSG00000226380.3","ENSG00000226380","lincRNA","chr7",130561495,130598069,"-",36575,TRUE,2.32323232323232,0.0169735209869714,0.00408502545588303,0.0195049718597617,0.0272094856400995,0.0100782195428806
"MIR302B","ENSG00000249532.2","ENSG00000249532","antisense","chr4",113567632,113571207,"-",3576,TRUE,0.151515151515152,0.000693214265798155,0,0.00155303401558919,0,0.000495885606953398
"MIR3150B","ENSG00000245080.4","ENSG00000245080","antisense","chr8",96079036,96085410,"-",6375,TRUE,0.0505050505050505,0.000215845536669835,0,0.00059213600638209,0,0
"MIR3179-1","ENSG00000257264.2","ENSG00000257264","lincRNA","chr16",14995356,14996031,"+",676,TRUE,0.0378787878787879,9.0280195630737e-05,0,0.000247668565776043,0,0
"MIR4435-1HG","ENSG00000172965.10","ENSG00000172965","lincRNA","chr2",111953927,112252677,"-",298751,TRUE,39.1414141414141,0.442586154063359,0.0187614501300762,0.81323287570635,0.37485375422465,0.198093202137583
"MIR4453","ENSG00000268471.3","ENSG00000268471","lincRNA","chr4",153457416,153460415,"+",3000,TRUE,1.41414141414141,0.0070015362159406,0,0.0114026743328831,0.00716031843709184,0.00417583297497766
"MIR4458HG","ENSG00000247516.3","ENSG00000247516","lincRNA","chr5",8450856,8463208,"+",12353,TRUE,1.23737373737374,0.00686221220470913,0.00603549846663628,0.00929124672755685,0.00205868244327324,0.00847624596915892
"MIR4519","ENSG00000260083.1","ENSG00000260083","antisense","chr16",30886543,30906541,"+",19999,TRUE,1.59090909090909,0.0106016347891297,0.003975353694356,0.00924842641446493,0.00986988671241781,0.0166284655235176
"MIR4523","ENSG00000264808.1","ENSG00000264808","antisense","chr17",27696735,27717795,"-",21061,TRUE,0.0631313131313131,0.000161068226098186,0,0.000441863647626475,0,0
"MIR497HG","ENSG00000267532.2","ENSG00000267532","antisense","chr17",6919137,6922978,"-",3842,TRUE,0.0252525252525253,4.97321962205005e-05,0,3.71239633974666e-05,0.000146053037054446,0
"MIR503HG","ENSG00000223749.3","ENSG00000223749","lincRNA","chrX",133677367,133680741,"-",3375,TRUE,0.707070707070707,0.00610446599454794,0,0.00416524292016716,0.00848687989912679,0.00968599464251783
"MIR940","ENSG00000260778.2","ENSG00000260778","lincRNA","chr16",2318156,2323419,"+",5264,TRUE,0.47979797979798,0.00314706683544549,0,0.00293433634027966,0.00351754363799619,0.00470364638470659
"MIS18A-AS1","ENSG00000227256.1","ENSG00000227256","antisense","chr21",33650174,33653299,"+",3126,TRUE,0.202020202020202,0.00146535809378236,0,0.00206497410501294,0.00191648623110116,0.000927090339868141
"MKLN1-AS1","ENSG00000231721.2","ENSG00000231721","antisense","chr7",130626519,130794935,"-",168417,TRUE,9.52020202020202,0.0707750654720209,0.0923380354120142,0.071599033361783,0.0763550903096563,0.053160349811127
"MLK7-AS1","ENSG00000238133.2","ENSG00000238133","antisense","chr2",174031174,174146764,"-",115591,TRUE,1.46464646464646,0.00585881824033273,0.00124977696000502,0.0144684576527816,0.000318581838895996,0.00133313252792942
"MMP24-AS1","ENSG00000126005.11","ENSG00000126005","antisense","chr20",33804265,33865934,"-",61670,TRUE,18.2828282828283,0.130730094705993,0.078313358081246,0.147457014955086,0.125490181660958,0.138862477286291
"MORC2-AS1","ENSG00000235989.3","ENSG00000235989","antisense","chr22",31318295,31328436,"+",10142,TRUE,0.795454545454545,0.0037613815513618,0.00206883152212621,0.00442980343292586,0.00186827253339142,0.00550852000486202
"MORF4L2-AS1","ENSG00000231154.1","ENSG00000231154","antisense","chrX",102942212,102946700,"+",4489,TRUE,0.416666666666667,0.00209530682308163,0.00219184035778148,0.00295960111793524,0.00130285401730277,0.00158297793264505
"MRVI1-AS1","ENSG00000177112.3","ENSG00000177112","antisense","chr11",10562819,10621479,"+",58661,TRUE,0.0631313131313131,0.000695985183992733,0.00394039041734443,0.00048984988679745,0,0
"MYCBP2-AS1","ENSG00000236051.2","ENSG00000236051","antisense","chr13",77649649,77672677,"+",23029,TRUE,0.0883838383838384,0.00032591495845954,0,0.000684793394195831,0.000307818615362298,0
"MYLK-AS1","ENSG00000239523.1","ENSG00000239523","antisense","chr3",123304389,123363415,"+",59027,TRUE,1.21212121212121,0.00603149925658019,0,0.0112607753369051,0.00246510600405229,0.00513330671355448
"NAALADL2-AS2","ENSG00000226779.1","ENSG00000226779","antisense","chr3",174952651,174988885,"-",36235,TRUE,0.0505050505050505,0.000224612411747143,0.00111399142926933,0.000214887154346126,0,0
"NAPA-AS1","ENSG00000268061.1","ENSG00000268061","antisense","chr19",47987539,48004854,"+",17316,TRUE,5.27777777777778,0.0396286722096264,0.00606989554724128,0.0335460312728622,0.0662610229655283,0.039718528160111
"NAV2-AS3","ENSG00000254542.1","ENSG00000254542","antisense","chr11",20000245,20002883,"-",2639,TRUE,0.0378787878787879,7.4258001552849e-05,0,0.00020371436518828,0,0
"NBPF18P","ENSG00000229021.2","ENSG00000229021","antisense","chr1",151967007,152015250,"+",48244,TRUE,0.492424242424242,0.00305435270758305,0,0.00663212033597208,0.00130364125512067,0.00122388879325346
"NCBP2-AS2","ENSG00000270170.1","ENSG00000270170","lincRNA","chr3",196669494,196670411,"+",918,TRUE,20.9090909090909,0.158129632748772,0.182550091785859,0.227839227491818,0.124953443042548,0.0785611514539822
"NDUFB2-AS1","ENSG00000240889.1","ENSG00000240889","antisense","chr7",140395136,140396877,"-",1742,TRUE,1.1489898989899,0.00739399657208054,0.00183674901015733,0.0116577275437765,0.00261501465337964,0.00879857177184596
"NEAT1","ENSG00000245532.4","ENSG00000245532","lincRNA","chr11",65190245,65213011,"+",22767,TRUE,67.0580808080808,1.00301625954484,0.390776171259491,0.791497005677885,1.4531742568488,1.18219144625567
"NNT-AS1","ENSG00000248092.3","ENSG00000248092","antisense","chr5",43571696,43603332,"-",31637,TRUE,14.0025252525253,0.0875605668379143,0.0242170342478891,0.140465637176825,0.0714725718002149,0.0603295668793902
"NOP14-AS1","ENSG00000249673.2","ENSG00000249673","antisense","chr4",2936626,2963465,"+",26840,TRUE,5.7449494949495,0.0300379633449834,0.0134359558058969,0.0570220557607156,0.0105308708247003,0.0190307887901791
"NPPA-AS1","ENSG00000242349.1","ENSG00000242349","antisense","chr1",11901074,11908136,"+",7063,TRUE,1.67929292929293,0.0118593886861687,0.00914904918009284,0.0131597963578464,0.0185677572481767,0.00491158013984546
"NUTM2A-AS1","ENSG00000223482.3","ENSG00000223482","antisense","chr10",88963632,89102369,"-",138738,TRUE,13.6237373737374,0.0824285978104099,0.069222504667956,0.120698873194075,0.0537557699978625,0.0624940228505787
"OR2A1-AS1","ENSG00000244479.2","ENSG00000244479","antisense","chr7",143948357,144053274,"-",104918,TRUE,1.60353535353535,0.0106353056764328,0.00631894415420298,0.00998977465304478,0.0140233335120698,0.0104884906056372
"OSER1-AS1","ENSG00000223891.1","ENSG00000223891","lincRNA","chr20",42839600,42854667,"+",15068,TRUE,2.31060606060606,0.0172576734742819,0.00224367331579594,0.0123690159726861,0.0255078470616963,0.0239241875727242
"OSGEPL1-AS1","ENSG00000253559.1","ENSG00000253559","antisense","chr2",190627430,190630282,"+",2853,TRUE,0.631313131313131,0.00355572203058103,0.00143434149752617,0.00486356163331642,0.00180779650902946,0.00447280607988434
"OSTN-AS1","ENSG00000233308.1","ENSG00000233308","antisense","chr3",190931080,190952394,"-",21315,TRUE,2.52525252525253,0.0149997586135988,0.00857374193424155,0.023724488387533,0.0124504678886537,0.00834902963933794
"PAN3-AS1","ENSG00000261485.1","ENSG00000261485","antisense","chr13",28710980,28712330,"-",1351,TRUE,0.580808080808081,0.00228263997833006,0.00208254755266199,0.00446060799699104,0.00154604375256878,0
"PART1","ENSG00000152931.7","ENSG00000152931","lincRNA","chr5",59783540,59843484,"+",59945,TRUE,0.0631313131313131,0.000163745085710247,0,0.00044920716273819,0,0
"PAXBP1-AS1","ENSG00000238197.1","ENSG00000238197","antisense","chr21",34100426,34115433,"+",15008,TRUE,0.340909090909091,0.00292133827292162,0.00189990399683034,0.00191725892014704,0.00376588310175173,0.00405593297223278
"PAXIP1-AS1","ENSG00000273344.1","ENSG00000273344","lincRNA","chr7",154795158,154797413,"+",2256,TRUE,4.22979797979798,0.0288591785332674,0.030529579375652,0.031453448673685,0.0240657126770268,0.0289491778950084
"PCAT6","ENSG00000228288.2","ENSG00000228288","antisense","chr1",202780082,202781284,"+",1203,TRUE,1.57828282828283,0.0147816171560426,0.00421614203871417,0.00583224828270519,0.0238990171938909,0.0241054919270034
"PCBP1-AS1","ENSG00000179818.9","ENSG00000179818","antisense","chr2",70189395,70315978,"-",126584,TRUE,7.22222222222222,0.0525797512691772,0.0253786965727112,0.0419064185754656,0.0503905820135913,0.0838114496040467
"PDCD4-AS1","ENSG00000203497.2","ENSG00000203497","antisense","chr10",112629626,112631991,"-",2366,TRUE,2.68939393939394,0.0201787112387467,0.0131450468140067,0.0173013872397591,0.0237580553377901,0.0244129934655371
"PHKA1-AS1","ENSG00000231944.1","ENSG00000231944","antisense","chrX",71908800,71932190,"+",23391,TRUE,0.0505050505050505,0.000726093401522872,0,0.000127330012069552,0,0.00265175270700313
"PINK1-AS","ENSG00000117242.7","ENSG00000117242","antisense","chr1",20969150,20978686,"-",9537,TRUE,2.36111111111111,0.0136272122024653,0.00537575949884554,0.013285709360535,0.0227881256722335,0.00948167347106758
"PITPNA-AS1","ENSG00000236618.2","ENSG00000236618","antisense","chr17",1420225,1421390,"+",1166,TRUE,9.94949494949495,0.0605564565810413,0.0171117998278802,0.0946159673744917,0.0474832528326125,0.0470172124040768
"PPP1R26-AS1","ENSG00000225361.3","ENSG00000225361","antisense","chr9",138354573,138372623,"-",18051,TRUE,0.0378787878787879,0.000147618825019373,0,0.00040496747286229,0,0
"PRC1-AS1","ENSG00000258725.1","ENSG00000258725","antisense","chr15",91509575,91531854,"+",22280,TRUE,0.378787878787879,0.00294696470728915,0.000882754225915797,0.00275651561104271,0.00336973327903858,0.00386652664578551
"PRKAG2-AS1","ENSG00000239911.1","ENSG00000239911","antisense","chr7",151574127,151576299,"+",2173,TRUE,3.82575757575758,0.0190526895490904,0.010555344469308,0.0431680124612381,0.00613459299357897,0.0016017167284361
"PRKAR2A-AS1","ENSG00000224424.7","ENSG00000224424","antisense","chr3",48885005,48889414,"+",4410,TRUE,0.23989898989899,0.00113115263711384,0.000956736042619761,0.00201458061984638,0.000354747039793595,0.000714906755175257
"PRKCQ-AS1","ENSG00000237943.2","ENSG00000237943","lincRNA","chr10",6622381,6658414,"+",36034,TRUE,1.23737373737374,0.00538355975502828,0.00380582445671075,0.00929046741789875,0.0046885276041722,0.00130767325240448
"PRMT5-AS1","ENSG00000237054.5","ENSG00000237054","antisense","chr14",23388665,23396105,"+",7441,TRUE,0.202020202020202,0.000641782026776933,0,0.00176062128578916,0,0
"PROX1-AS1","ENSG00000230461.4","ENSG00000230461","antisense","chr1",213991094,214160973,"-",169880,TRUE,0.0252525252525253,8.25004157709799e-05,0,3.75534290303406e-05,0.000277629415840839,0
"PRR7-AS1","ENSG00000246334.2","ENSG00000246334","antisense","chr5",176865504,176874700,"-",9197,TRUE,0.0505050505050505,0.000374512913061507,0,0.000423851500473763,0.000887663265195813,0
"PRRT3-AS1","ENSG00000230082.1","ENSG00000230082","antisense","chr3",9989088,9996471,"+",7384,TRUE,0.29040404040404,0.0018141559463039,0,0.00218915650992905,0.00357415915392979,0.000508347700195823
"PSMD5-AS1","ENSG00000226752.3","ENSG00000226752","antisense","chr9",123587106,123616651,"+",29546,TRUE,7.33585858585859,0.0521130502891543,0.00919349977188358,0.0558542069999174,0.068687080792922,0.0527538341488057
"PSMD6-AS2","ENSG00000239653.1","ENSG00000239653","antisense","chr3",63989698,63997824,"+",8127,TRUE,0.542929292929293,0.00421841891995897,0.00361299908988507,0.0034050810750796,0.00573481718176666,0.00421893773449841
"PSMG3-AS1","ENSG00000230487.3","ENSG00000230487","lincRNA","chr7",1609709,1629262,"+",19554,TRUE,2.67676767676768,0.0153762670792078,0.00144339296792251,0.0237102598093227,0.0122963540086516,0.0136402185183193
"PTCHD3P1","ENSG00000224597.5","ENSG00000224597","antisense","chr10",29698331,29776674,"+",78344,TRUE,5.99747474747475,0.0329376665951387,0,0.0518790131020061,0.0270389489508687,0.0285783999100746
"PTOV1-AS1","ENSG00000268006.1","ENSG00000268006","antisense","chr19",50341896,50354933,"-",13038,TRUE,0.277777777777778,0.00157026460864027,0,0.00181179505213641,0.00307131193797665,0.000579733029884209
"PWAR6","ENSG00000257151.1","ENSG00000257151","lincRNA","chr15",25277020,25281637,"+",4618,TRUE,1.19949494949495,0.00872270548636188,0.00741266001065695,0.0112407175679272,0.00550043448263819,0.00892874706053119
"PXN-AS1","ENSG00000255857.1","ENSG00000255857","antisense","chr12",120639094,120650941,"+",11848,TRUE,3.59848484848485,0.0170189492772151,0.00484072791194149,0.0276997823140292,0.0172503915724269,0.00784430100977742
"RAB11B-AS1","ENSG00000269386.1","ENSG00000269386","antisense","chr19",8439257,8455569,"-",16313,TRUE,1.27525252525253,0.00835683566876902,0,0.0115299852781031,0.006640162677178,0.0097854343169786
"RAB30-AS1","ENSG00000246067.3","ENSG00000246067","lincRNA","chr11",82783108,82817761,"+",34654,TRUE,14.469696969697,0.0964292730345528,0.0092577729066889,0.126648957349478,0.0940261527588239,0.100434916688269
"RAD21-AS1","ENSG00000253327.2","ENSG00000253327","antisense","chr8",117886663,117889107,"+",2445,TRUE,0.631313131313131,0.00267320510400404,0,0.00627595972601604,0.00155531772526935,0
"RAP2C-AS1","ENSG00000232160.2","ENSG00000232160","antisense","chrX",131351175,131566890,"+",215716,TRUE,1.12373737373737,0.00832448961203138,0.0117092833983757,0.00652393578521024,0.00702337150130174,0.0104092719822761
"RASSF8-AS1","ENSG00000246695.3","ENSG00000246695","antisense","chr12",26092262,26112698,"-",20437,TRUE,1.01010101010101,0.00603583176437403,0,0.00709182277578705,0.0099005417496751,0.00388912894853837
"RBM26-AS1","ENSG00000227354.2","ENSG00000227354","antisense","chr13",79980444,79998463,"+",18020,TRUE,2.65151515151515,0.015235835898872,0.00530976590907773,0.0215747393993589,0.00978264798435056,0.0165793365194069
"RFPL1S","ENSG00000225465.6","ENSG00000225465","antisense","chr22",29832818,29874164,"-",41347,TRUE,0.0757575757575758,0.000571614438540238,0,0.000208755159459177,0.00167454811279274,0.000313976483974332
"RGMB-AS1","ENSG00000246763.2","ENSG00000246763","antisense","chr5",98105322,98109173,"-",3852,TRUE,0.669191919191919,0.00424818412378696,0.00203333754903788,0.00660927633554901,0.00220866258619181,0.00399722254776789
"RHPN1-AS1","ENSG00000254389.2","ENSG00000254389","antisense","chr8",144448801,144450718,"-",1918,TRUE,0.0505050505050505,0.000276158881208855,0,0.000256507077260555,0,0.000712631727646753
"RMRP","ENSG00000269900.2","ENSG00000269900","lincRNA","chr9",35657748,35658015,"-",268,TRUE,5.98484848484848,0.0481565363283349,0.0096593583167809,0.0778443932807042,0.047507304395579,0.0262859276556875
"RN7SL1","ENSG00000258486.2","ENSG00000258486","antisense","chr14",50053297,50053596,"+",300,TRUE,5.53030303030303,0.0324900825761264,0.00938137724895744,0.0458782053355216,0.0327485920665307,0.0250388948934754
"RN7SL832P","ENSG00000243819.3","ENSG00000243819","lincRNA","chr2",10830470,10832225,"+",1756,TRUE,1.83080808080808,0.0127017410215661,0.00694859541490478,0.0196472375219767,0.0131950649048069,0.00529446429813765
"RNASEH2B-AS1","ENSG00000233672.2","ENSG00000233672","antisense","chr13",51450822,51484848,"-",34027,TRUE,0.101010101010101,0.000520957774475651,0.00126924691221123,0.000773888915178867,0,0.000281650978830586
"RNF139-AS1","ENSG00000245149.3","ENSG00000245149","lincRNA","chr8",125474726,125486817,"-",12092,TRUE,1.0479797979798,0.00629827103592206,0.00122194236602547,0.00597061347925502,0.0055215229671542,0.0101160472141395
"RNU11","ENSG00000270103.2","ENSG00000270103","lincRNA","chr1",28975112,28975245,"+",134,TRUE,3.15656565656566,0.0193188060248644,0.0207872473950963,0.0239815432322058,0.0238373994680268,0.00756585022606445
"RNU12","ENSG00000270022.2","ENSG00000270022","lincRNA","chr22",43011250,43011913,"+",664,TRUE,7.81565656565657,0.054596053808999,0.0291101677998089,0.0597709942822507,0.0745121190120202,0.0410344933704519
"RP1-100J12.1","ENSG00000273254.1","ENSG00000273254","antisense","chr21",30396576,30397211,"-",636,TRUE,0.214646464646465,0.000948797912360651,0,0.00216796701434116,0.000639612172946216,0
"RP1-101K10.6","ENSG00000227627.1","ENSG00000227627","antisense","chr6",153304885,153310358,"+",5474,TRUE,0.593434343434343,0.00367005614007932,0,0.00432337068510126,0.00333122900605704,0.00494880341017286
"RP1-111B22.3","ENSG00000271734.1","ENSG00000271734","lincRNA","chr6",108351453,108351922,"-",470,TRUE,0.189393939393939,0.00113172859861426,0,0.0015733899811172,0.00179029612291885,0.00044658243165018
"RP1-111C20.4","ENSG00000271913.1","ENSG00000271913","antisense","chr6",159409210,159485957,"+",76748,TRUE,0.391414141414141,0.0022046311567111,0,0.00301220615458405,0.00125989115084321,0.00309914939101602
"RP1-111D6.2","ENSG00000225924.1","ENSG00000225924","antisense","chr6",149564435,149565137,"-",703,TRUE,0.0631313131313131,0.000177842609053514,0,0.000487881352166204,0,0
"RP1-118J21.25","ENSG00000261798.1","ENSG00000261798","antisense","chr1",40254648,40255843,"+",1196,TRUE,0.315656565656566,0.00286189671259953,0,0.00127789088307045,0.00648234083900213,0.00307986005783386
"RP1-118J21.5","ENSG00000236546.1","ENSG00000236546","antisense","chr1",40363417,40364770,"+",1354,TRUE,0.0631313131313131,0.000315195329298061,0,0.000864685489449477,0,0
"RP1-120G22.11","ENSG00000226944.1","ENSG00000226944","antisense","chr1",6264900,6265840,"-",941,TRUE,0.0505050505050505,0.000254798991097977,0,0.000501673487138453,0.000290207158495804,0
"RP1-122K4.3","ENSG00000212663.2","ENSG00000212663","lincRNA","chrX",13998185,14006939,"-",8755,TRUE,0.0757575757575758,0.000842991485156285,0,0.00045699638575068,0.00067416588716601,0.00198707209865453
"RP1-122O8.7","ENSG00000228124.1","ENSG00000228124","antisense","chr6",90383188,90385502,"+",2315,TRUE,0.164141414141414,0.000445099178220139,0,0.00102486664931857,0.000288535646928579,0
"RP1-125I3.2","ENSG00000236528.1","ENSG00000236528","antisense","chr1",26186104,26189911,"+",3808,TRUE,0.0883838383838384,0.000447580152529567,0.00127585917986021,0.000651964533121214,0.000171023766611618,0
"RP1-127C7.6","ENSG00000270009.1","ENSG00000270009","lincRNA","chr1",183589981,183590626,"-",646,TRUE,0.151515151515152,0.000733293842345295,0,0.00130230245999658,0.000250317091170113,0.000766782058816587
"RP1-12G14.7","ENSG00000233330.1","ENSG00000233330","antisense","chr6",149912891,149913799,"-",909,TRUE,0.0378787878787879,0.000185181898090405,0,0.000508015459950124,0,0
"RP1-130H16.16","ENSG00000241528.1","ENSG00000241528","antisense","chr22",30770930,30773862,"-",2933,TRUE,0.328282828282828,0.00233470377527233,0.00198325085431799,0.00111193568461961,0.00316231892749471,0.00345343972191982
"RP1-138B7.5","ENSG00000226143.1","ENSG00000226143","antisense","chr20",42178029,42179589,"-",1561,TRUE,0.0883838383838384,0.000557593069240817,0,0,0.000166269390557296,0.00201465531759768
"RP1-140A9.1","ENSG00000231050.1","ENSG00000231050","antisense","chr1",1822910,1824097,"+",1188,TRUE,0.580808080808081,0.00420688937795987,0,0.00325703825930413,0.00775867631563061,0.00427842995627994
"RP1-148H17.1","ENSG00000224565.1","ENSG00000224565","lincRNA","chr20",46020673,46041071,"-",20399,TRUE,0.467171717171717,0.00255417690809783,0.00215652456314686,0.00339047771031529,0.00381095718259151,0.000353240131701832
"RP1-150O5.3","ENSG00000235052.1","ENSG00000235052","lincRNA","chr1",23875630,23877406,"-",1777,TRUE,0.176767676767677,0.00190819176927505,0,0.000405175744325888,0.000507155250150748,0.00637812348903629
"RP1-151F17.1","ENSG00000229931.1","ENSG00000229931","antisense","chr6",16761369,16762883,"+",1515,TRUE,0.252525252525253,0.00192659897578851,0,0.00143325323825665,0.00297110475816532,0.00260521337395049
"RP1-151F17.2","ENSG00000272341.1","ENSG00000272341","lincRNA","chr6",16764577,16767114,"+",2538,TRUE,0.404040404040404,0.00417947024672444,0.00758018797832835,0.00143152171826603,0.00505749635002242,0.00549622675904831
"RP1-155G6.4","ENSG00000227431.1","ENSG00000227431","antisense","chr20",47657000,47662581,"-",5582,TRUE,0.101010101010101,0.000372623376402636,0,0.000623567782801634,0.000586315309302376,0
"RP1-159A19.4","ENSG00000237429.1","ENSG00000237429","antisense","chr1",27852316,27857072,"+",4757,TRUE,0.0631313131313131,0.000381834968229249,0,0.000853812293960641,0.000284858306526381,0
"RP1-167A14.2","ENSG00000227598.1","ENSG00000227598","antisense","chr6",167383114,167412553,"-",29440,TRUE,0.126262626262626,0.000675453592334767,0,0.00127845610997539,0.000844976903613049,0
"RP1-168L15.5","ENSG00000261420.1","ENSG00000261420","antisense","chr6",166796677,166798312,"+",1636,TRUE,0.353535353535354,0.00200606838419412,0,0.00343695506985209,0.00209377547164902,0.000914035007540621
"RP1-178F10.3","ENSG00000267350.2","ENSG00000267350","lincRNA","chr17",18227536,18229211,"+",1676,TRUE,1.88131313131313,0.012507332813068,0.0157481451319494,0.0159478326528791,0.00921064534834276,0.00914192869685335
"RP1-178F15.4","ENSG00000272030.1","ENSG00000272030","antisense","chr1",153603914,153606873,"-",2960,TRUE,0.214646464646465,0.000977254317781541,0,0.00187682665013874,0,0.00114357421570408
"RP1-179N16.6","ENSG00000246982.2","ENSG00000246982","antisense","chr6",36114475,36164982,"-",50508,TRUE,0.744949494949495,0.00606330041908046,0.0101243915299809,0.00376620157989908,0.00785659323629569,0.0055154953910936
"RP1-17K7.2","ENSG00000254584.1","ENSG00000254584","antisense","chr11",32057527,32062864,"-",5338,TRUE,21.1868686868687,0.12680514861852,0.0409481084372206,0.190885486433037,0.126309761793841,0.0801370850002371
"RP1-191J18.66","ENSG00000272476.1","ENSG00000272476","antisense","chr6",108278617,108281190,"+",2574,TRUE,0.946969696969697,0.00522789024579686,0.00210387805163193,0.0073901090723893,0.00722065021634954,0.00182634300804526
"RP1-193H18.2","ENSG00000267194.1","ENSG00000267194","lincRNA","chr17",67547499,67550002,"+",2504,TRUE,0.909090909090909,0.00564140698186611,0,0.00703927856132246,0.00840849169774182,0.0038678211266869
"RP1-197B17.3","ENSG00000257433.1","ENSG00000257433","lincRNA","chr12",48099868,48136077,"+",36210,TRUE,1.89393939393939,0.0136166272324664,0,0.00872110876643333,0.0191960724852017,0.022159584425611
"RP1-199J3.7","ENSG00000272017.1","ENSG00000272017","antisense","chr6",100015973,100016972,"+",1000,TRUE,0.164141414141414,0.000906804348839867,0,0.00205606928451478,0.00063475212349342,0
"RP1-202O8.3","ENSG00000271746.1","ENSG00000271746","antisense","chr1",6453615,6454451,"+",837,TRUE,0.0757575757575758,0.000451489232996034,0,0.00123858494122916,0,0
"RP1-20B21.4","ENSG00000227751.1","ENSG00000227751","antisense","chr1",17733256,17733878,"+",623,TRUE,0.29040404040404,0.000982711899325912,0,0.00220211821623894,0.000726216481089862,0
"RP1-20C7.6","ENSG00000272223.1","ENSG00000272223","antisense","chr6",43001635,43002143,"-",509,TRUE,0.164141414141414,0.0011736453115686,0,0.000490175869217054,0.00125230131073872,0.00267086978335643
"RP1-20N2.6","ENSG00000229036.3","ENSG00000229036","antisense","chr6",143806116,143828464,"+",22349,TRUE,0.252525252525253,0.00107936902607037,0,0.00220233497226191,0.000576594328834838,0.000521481258154882
"RP1-212G6.7","ENSG00000267064.1","ENSG00000267064","antisense","chrX",47518232,47519776,"+",1545,TRUE,0.151515151515152,0.000753245728773631,0,0.00151822167058547,0.000401570481671583,0.000391289336643142
"RP1-212P9.3","ENSG00000233427.1","ENSG00000233427","antisense","chr1",29196995,29203848,"-",6854,TRUE,0.0505050505050505,0.000743905339906894,0.00100294561714898,0,0.00160273311697178,0.000838670808675887
"RP1-223E5.4","ENSG00000261071.1","ENSG00000261071","antisense","chr6",13614343,13615387,"-",1045,TRUE,0.833333333333333,0.00487320946225781,0.00267889627009043,0.00553163208888411,0.00328041491107902,0.00660122685178879
"RP1-224A6.3","ENSG00000228397.1","ENSG00000228397","lincRNA","chr1",22350487,22351461,"-",975,TRUE,0.214646464646465,0.00123580194669531,0,0.00189750761408972,0.00178832431447456,0.000393579461397175
"RP1-224A6.9","ENSG00000271840.1","ENSG00000271840","lincRNA","chr1",22427106,22427853,"+",748,TRUE,0.0505050505050505,0.000373151904654337,0,0.000230193058471449,0,0.00112847080051984
"RP1-225E12.2","ENSG00000231329.3","ENSG00000231329","antisense","chr6",139465341,139560442,"-",95102,TRUE,0.0505050505050505,0.000853823266175522,0.00258151969914004,0.000279066698261097,0.00129623950430438,0.000358283781367091
"RP1-234P15.4","ENSG00000225793.2","ENSG00000225793","lincRNA","chr6",75994730,76006719,"+",11990,TRUE,0.416666666666667,0.00225156838736804,0.00105764173302988,0.00251024356619907,0.000835937039054745,0.00386426435582393
"RP1-239B22.5","ENSG00000260196.1","ENSG00000260196","antisense","chr11",17402196,17405078,"+",2883,TRUE,0.164141414141414,0.000630872441320105,0,0.00173069266894882,0,0
"RP1-244F24.1","ENSG00000271857.1","ENSG00000271857","antisense","chr6",45388816,45389742,"-",927,TRUE,3.78787878787879,0.0249045389544327,0.00207846419814224,0.020148831976877,0.0473250501459236,0.0216815735957375
"RP1-249H1.4","ENSG00000227502.2","ENSG00000227502","lincRNA","chr6",114189178,114194516,"-",5339,TRUE,0.366161616161616,0.00169764545587469,0,0.00368850136376512,0.00142468088300441,0
"RP1-249I4.2","ENSG00000232311.1","ENSG00000232311","lincRNA","chr6",110147725,110149988,"+",2264,TRUE,0.0378787878787879,0.000180243781033787,0,0.000494468564526358,0,0
"RP1-257A7.4","ENSG00000215022.3","ENSG00000215022","antisense","chr6",13265093,13295818,"-",30726,TRUE,0.429292929292929,0.00222036260760545,0,0.00390645937190841,0.00168646477579024,0.00147625285254154
"RP1-257A7.5","ENSG00000272379.1","ENSG00000272379","lincRNA","chr6",13290250,13290722,"-",473,TRUE,0.252525252525253,0.00152651464056467,0.00106086619596878,0.0017794015118293,0.00204612078120967,0.000902969384876298
"RP1-261D10.2","ENSG00000259146.2","ENSG00000259146","antisense","chr14",71759442,71788531,"-",29090,TRUE,0.138888888888889,0.000948749895434235,0.00174980872314307,0.00161645062793369,0.000523487079432401,0
"RP1-261G23.7","ENSG00000272114.1","ENSG00000272114","antisense","chr6",43738166,43738353,"-",188,TRUE,0.53030303030303,0.00404744578163506,0,0.00521262330200256,0.00794979245596253,0.000690386466312249
"RP1-265C24.8","ENSG00000261839.1","ENSG00000261839","lincRNA","chr6",28104627,28107456,"+",2830,TRUE,0.113636363636364,0.000412913121648804,0,0.000519911943710621,0.000901317443691271,0
"RP1-266L20.4","ENSG00000227704.1","ENSG00000227704","antisense","chr6",170125600,170139088,"+",13489,TRUE,0.353535353535354,0.00129780837547719,0,0.00293789337191974,0.000915407116172735,0
"RP1-274L7.1","ENSG00000229702.1","ENSG00000229702","lincRNA","chrX",129611043,129658231,"-",47189,TRUE,0.0378787878787879,0.000542214388924054,0.00200255433523652,7.107844825669e-05,0,0.00098841279384998
"RP1-28H20.3","ENSG00000271784.1","ENSG00000271784","lincRNA","chr20",45318298,45318928,"+",631,TRUE,0.429292929292929,0.00252559070013052,0,0.00371373352358359,0.000744320357150689,0.00385223093663108
"RP1-28O10.1","ENSG00000227591.1","ENSG00000227591","antisense","chr1",209834709,209897470,"-",62762,TRUE,0.542929292929293,0.00380549262757371,0,0.00250502984287734,0.00893962258222564,0.00263990213058518
"RP1-30M3.5","ENSG00000272345.1","ENSG00000272345","antisense","chr6",24701135,24702021,"-",887,TRUE,0.757575757575758,0.00515228790720058,0.00263123645519259,0.00438299202643143,0.00399624489561641,0.00865581655232797
"RP1-30M3.6","ENSG00000272402.1","ENSG00000272402","antisense","chr6",24706975,24707379,"+",405,TRUE,0.101010101010101,0.000838276191754043,0,0.00160674687599238,0,0.00098545281167587
"RP1-313I6.12","ENSG00000272009.1","ENSG00000272009","antisense","chr6",28046570,28048908,"-",2339,TRUE,2.82828282828283,0.021092435555906,0.0450491612819565,0.0238965061574729,0.0158328803171661,0.00991714508882712
"RP1-315G1.3","ENSG00000232412.1","ENSG00000232412","lincRNA","chrX",123093083,123095191,"-",2109,TRUE,0.315656565656566,0.00197485377772461,0.00316823654251301,0.00244652338785743,0.00269116805635301,0
"RP1-37N7.3","ENSG00000220161.4","ENSG00000220161","lincRNA","chr17",18314473,18317694,"+",3222,TRUE,1.22474747474747,0.00840890375279532,0.00197346106274258,0.0161725876157796,0.00718921070839878,0.00184405770913508
"RP1-39G22.7","ENSG00000259943.1","ENSG00000259943","antisense","chr1",40722099,40723639,"-",1541,TRUE,1.69191919191919,0.00942914649300094,0.00301197355060116,0.0132009993745006,0.0134129974807792,0.00350019137093075
"RP1-40E16.11","ENSG00000228170.1","ENSG00000228170","antisense","chr6",3138628,3153296,"-",14669,TRUE,0.0378787878787879,0.000120652554713502,0,0.000330990035791804,0,0
"RP1-40E16.12","ENSG00000272277.1","ENSG00000272277","antisense","chr6",3068279,3069128,"-",850,TRUE,0.340909090909091,0.00218059332850571,0.00390549984306277,0.00293871998026193,0.0014220620075306,0.000952210355261669
"RP1-43E13.2","ENSG00000230424.1","ENSG00000230424","antisense","chr1",19536995,19567198,"+",30204,TRUE,1.28787878787879,0.0100806376273559,0.00926416403865944,0.00811820865276694,0.0139055954735875,0.00959111680456265
"RP1-45C12.1","ENSG00000231424.2","ENSG00000231424","antisense","chr1",171216719,171220933,"-",4215,TRUE,0.0505050505050505,0.00012319722408379,0,0.000337970909159549,0,0
"RP1-45I4.3","ENSG00000227192.1","ENSG00000227192","antisense","chr6",143360562,143363461,"-",2900,TRUE,0.189393939393939,0.00208770281381984,0.00439019278785144,0.000302263655738675,0.00217352642494651,0.00336430455162567
"RP1-45N11.1","ENSG00000260271.1","ENSG00000260271","lincRNA","chr6",91054938,91072351,"+",17414,TRUE,0.0378787878787879,0.00036424623561554,0.00211049692178604,0.000238972423767786,0,0
"RP1-46F2.2","ENSG00000185847.3","ENSG00000185847","lincRNA","chr12",111374389,111396012,"+",21624,TRUE,0.0378787878787879,7.33326171830471e-05,0,0.000201175728468906,0,0
"RP1-50J22.4","ENSG00000224666.2","ENSG00000224666","antisense","chr6",36354608,36359771,"+",5164,TRUE,0.176767676767677,0.000936908822693324,0,0.00147186792066744,0.000822437685511271,0.000766793109411623
"RP1-55C23.7","ENSG00000234484.1","ENSG00000234484","antisense","chr6",133073814,133075090,"+",1277,TRUE,0.0252525252525253,0.000152138451392096,0.000808532358774471,0.000126104219570471,0,0
"RP1-56K13.3","ENSG00000265784.1","ENSG00000265784","antisense","chr17",37075054,37078022,"-",2969,TRUE,0.151515151515152,0.000602589515050935,0,0.00101127855748273,0.000644630605899677,0.000289427529246152
"RP1-60O19.1","ENSG00000235142.3","ENSG00000235142","lincRNA","chr6",107165327,107235416,"-",70090,TRUE,0.0378787878787879,5.81483521385996e-05,0,0.000159520245562075,0,0
"RP1-60O19.2","ENSG00000229654.1","ENSG00000229654","lincRNA","chr6",107143410,107147869,"+",4460,TRUE,0.0505050505050505,0.000656426939053379,0.00183006292918978,8.54773281196644e-05,0,0.001501902888997
"RP1-79C4.4","ENSG00000271811.1","ENSG00000271811","lincRNA","chr1",170636522,170638566,"+",2045,TRUE,0.113636363636364,0.00062550795762708,0,0.000198928858221541,0.00173395607529024,0.000480768293067067
"RP1-86C11.7","ENSG00000272468.1","ENSG00000272468","lincRNA","chr6",27090436,27091000,"-",565,TRUE,2.03282828282828,0.0119718563137836,0,0.0181248468425291,0.00669292047501185,0.0144593429942545
"RP1-8B1.4","ENSG00000231769.2","ENSG00000231769","antisense","chr6",46064830,46097443,"-",32614,TRUE,1.47727272727273,0.00760205064797026,0.00370708026650888,0.0116966801908378,0.0101893437542712,0.00127235475574978
"RP1-90J20.12","ENSG00000270346.1","ENSG00000270346","lincRNA","chr6",3020388,3022984,"+",2597,TRUE,0.214646464646465,0.00147556611524282,0,0.00165997533381423,0.00101351973530204,0.00241605694758795
"RP1-90J20.8","ENSG00000224846.1","ENSG00000224846","antisense","chr6",2989960,2999368,"-",9409,TRUE,0.113636363636364,0.000838140251823166,0,0.0013611300110168,0,0.00133423076484433
"RP1-90J4.1","ENSG00000257906.1","ENSG00000257906","lincRNA","chr12",47808791,47813962,"+",5172,TRUE,0.227272727272727,0.00115002970912146,0,0.00207510162827314,0.000846154122725789,0.00071744647906733
"RP1-92O14.3","ENSG00000234694.1","ENSG00000234694","antisense","chr1",43820355,43824329,"-",3975,TRUE,0.643939393939394,0.00410262633459437,0.00140193914003857,0.00347132271805678,0.00437771086595622,0.00611804371795336
"RP1-93H18.1","ENSG00000240050.1","ENSG00000240050","lincRNA","chr6",116601362,116691436,"+",90075,TRUE,0.0505050505050505,0.000311019072551862,0,0.000177193702391686,0.000429305802156231,0.000546298298607521
"RP1-93H18.7","ENSG00000272403.1","ENSG00000272403","lincRNA","chr6",116765323,116766023,"+",701,TRUE,0.189393939393939,0.000872917941023827,0.00177253394789667,0.00103961882934218,0.00105384372225436,0
"RP11-1000B6.5","ENSG00000244952.2","ENSG00000244952","lincRNA","chr15",32905934,32907312,"+",1379,TRUE,0.151515151515152,0.00166902835076075,0,0.00174883195278931,0.000697191137714594,0.00335036477191558
"RP11-1007O24.2","ENSG00000261187.1","ENSG00000261187","lincRNA","chr15",72757469,72758603,"-",1135,TRUE,0.101010101010101,0.000427023869054557,0.000794242477690857,0.000885353954317146,0,0
"RP11-1007O24.3","ENSG00000261423.1","ENSG00000261423","lincRNA","chr15",72700119,72767509,"-",67391,TRUE,0.934343434343434,0.00470436589530565,0,0.00751497258994365,0.00352078479021949,0.00426184801992737
"RP11-1008C21.2","ENSG00000236914.3","ENSG00000236914","lincRNA","chr15",38361682,38365160,"-",3479,TRUE,0.214646464646465,0.000749253592621774,0,0.00205545149067005,0,0
"RP11-1017G21.4","ENSG00000258959.1","ENSG00000258959","antisense","chr14",102502652,102532565,"-",29914,TRUE,0.0757575757575758,0.000346987141082818,0,0.000523513014846939,0.000630033664550586,0
"RP11-1017G21.5","ENSG00000271780.1","ENSG00000271780","lincRNA","chr14",102414684,102415762,"+",1079,TRUE,0.656565656565657,0.00442907434227318,0.00193024385993311,0.00568150143010756,0.00693556951251579,0.0015043337904848
"RP11-1017G21.6","ENSG00000272444.1","ENSG00000272444","lincRNA","chr14",102418753,102419400,"+",648,TRUE,0.164141414141414,0.000869364565395023,0,0.00104469129258834,0.000970001565257325,0.000968093854002912
"RP11-101E13.5","ENSG00000272579.1","ENSG00000272579","antisense","chr1",193059996,193060686,"-",691,TRUE,0.555555555555556,0.00326557205873981,0.00224158701620034,0.00418182001507,0.00259016889330954,0.00314022871295431
"RP11-1020A11.2","ENSG00000269982.1","ENSG00000269982","antisense","chr3",10000401,10004223,"+",3823,TRUE,0.0378787878787879,0.000355148381441184,0,9.51782444388377e-05,0.00054762251231421,0.000720695860909584
"RP11-1023P17.2","ENSG00000253924.1","ENSG00000253924","lincRNA","chr8",53207015,53214502,"+",7488,TRUE,0.0378787878787879,0.000170523659216829,0,0.000281680736472413,0.000273731581661453,0
"RP11-102L12.2","ENSG00000259326.1","ENSG00000259326","antisense","chr15",38795054,38797182,"+",2129,TRUE,0.0378787878787879,0.000162256793060177,0,0.000445124281619883,0,0
"RP11-102M11.2","ENSG00000261758.1","ENSG00000261758","antisense","chr3",136471472,136474622,"+",3151,TRUE,0.214646464646465,0.00122329263669398,0.00176553873977291,0.00195221432910318,0.00112902426140175,0
"RP11-102N12.3","ENSG00000273472.1","ENSG00000273472","lincRNA","chr4",141677682,141679075,"+",1394,TRUE,0.946969696969697,0.00679077509306004,0.00916931653669694,0.00406476293611435,0.00938854974663332,0.00693702255648639
"RP11-1038A11.3","ENSG00000256417.1","ENSG00000256417","lincRNA","chr12",5399646,5492819,"+",93174,TRUE,0.113636363636364,0.000659166380364088,0,0.000868197908829613,0.000409184539334186,0.000941320748265753
"RP11-103G8.2","ENSG00000240137.1","ENSG00000240137","antisense","chr3",150421351,150437933,"+",16583,TRUE,0.845959595959596,0.00439468620052663,0.00702540001906214,0.00685010632451005,0.00338217720521667,0.000534003879628316
"RP11-104N10.1","ENSG00000261118.1","ENSG00000261118","antisense","chr16",89558425,89570868,"-",12444,TRUE,0.164141414141414,0.00104483862826118,0,0.00114138483043191,0.000758457322370702,0.00171974985544725
"RP11-1057B6.1","ENSG00000273165.1","ENSG00000273165","lincRNA","chr2",32078045,32078492,"-",448,TRUE,0.0378787878787879,0.000198260266069802,0,0.000296364198931767,0.000364043741699858,0
"RP11-105C19.1","ENSG00000260905.1","ENSG00000260905","lincRNA","chr16",22623864,22624804,"-",941,TRUE,0.340909090909091,0.002654138398919,0.00248032548259564,0.00238987094303718,0.00131581818140376,0.00441316705167248
"RP11-105N14.1","ENSG00000270659.1","ENSG00000270659","lincRNA","chr2",214017694,214018383,"+",690,TRUE,0.164141414141414,0.00135096003767999,0,0.000673182806964077,0.00273249901491988,0.00167104885144458
"RP11-1060J15.4","ENSG00000256377.1","ENSG00000256377","antisense","chr12",27849321,27863703,"-",14383,TRUE,2.62626262626263,0.0138623526238447,0.00107933097124312,0.0246150054399957,0.00935458802821282,0.00947820274192508
"RP11-1070N10.5","ENSG00000258927.1","ENSG00000258927","lincRNA","chr14",96087251,96109622,"+",22372,TRUE,0.0631313131313131,0.000201242580022925,0,0.000552075245507989,0,0
"RP11-1079K10.3","ENSG00000248714.2","ENSG00000248714","lincRNA","chr17",47438527,47447360,"+",8834,TRUE,0.176767676767677,0.00103382396452801,0,0.0012110849684522,0.00188955352285634,0.000483886664912966
"RP11-1079K10.4","ENSG00000250186.3","ENSG00000250186","antisense","chr17",47481443,47482559,"+",1117,TRUE,0.366161616161616,0.000942606925632798,0,0.00232631178774808,0,0.000369155034375885
"RP11-1084E5.1","ENSG00000253796.1","ENSG00000253796","antisense","chr8",109907258,110075646,"-",168389,TRUE,0.883838383838384,0.0100112896701404,0,0.000312559368242893,0.0109744588638422,0.0280020652914641
"RP11-108L7.14","ENSG00000273476.1","ENSG00000273476","lincRNA","chr10",102727445,102727892,"+",448,TRUE,0.517676767676768,0.00270684830748991,0.00227037514257484,0.00111794207308077,0.00156384895197867,0.00629542570902659
"RP11-108L7.15","ENSG00000273162.1","ENSG00000273162","lincRNA","chr10",102819786,102820762,"-",977,TRUE,1.25,0.00669031310749907,0,0.0109800808278336,0.00870127340160948,0.00207250580003825
"RP11-108M9.4","ENSG00000238142.1","ENSG00000238142","lincRNA","chr1",17215033,17216144,"-",1112,TRUE,0.23989898989899,0.00233063272093967,0.00834705398253247,0.0027218089859818,0.000432022665054194,0.000527956637427369
"RP11-108M9.6","ENSG00000272426.1","ENSG00000272426","lincRNA","chr1",17230834,17231271,"-",438,TRUE,0.189393939393939,0.00082135068408621,0,0.00195341903549791,0.000440945829078101,0
"RP11-108O10.2","ENSG00000254990.1","ENSG00000254990","lincRNA","chr11",111639392,111649074,"-",9683,TRUE,0.0252525252525253,8.96800099479064e-05,0,0.00024602205707912,0,0
"RP11-108P20.1","ENSG00000267010.1","ENSG00000267010","lincRNA","chr18",56419380,56421709,"+",2330,TRUE,2.22222222222222,0.015494988280038,0.0136029646274228,0.0187989057236347,0.0123734062324714,0.0147841313827127
"RP11-108P20.4","ENSG00000267593.1","ENSG00000267593","lincRNA","chr18",56481112,56501596,"+",20485,TRUE,0.252525252525253,0.00265282910809148,0,8.81754199205935e-05,0.0028293424463428,0.00748859353527234
"RP11-1094M14.10","ENSG00000267035.1","ENSG00000267035","lincRNA","chr17",33867058,33867816,"-",759,TRUE,0.0378787878787879,0.00017853049217861,0,0.00035893537767635,0.000192417250485464,0
"RP11-1094M14.11","ENSG00000267321.1","ENSG00000267321","lincRNA","chr17",33895139,33901811,"+",6673,TRUE,5,0.0252917053650693,0.0110984986730609,0.0403370184503859,0.0207910318618155,0.0155182758918019
"RP11-1094M14.12","ENSG00000267359.1","ENSG00000267359","antisense","chr17",33880224,33881786,"+",1563,TRUE,0.53030303030303,0.00508022387001641,0.00406515848248909,0.0042093720038092,0.00597646251790114,0.00597209622221884
"RP11-1096G20.5","ENSG00000266368.1","ENSG00000266368","antisense","chr17",11857206,11880911,"-",23706,TRUE,0.101010101010101,0.00109308043427281,0,0.000709400023586847,0.00032034449540666,0.00294597188515375
"RP11-109E12.1","ENSG00000273073.1","ENSG00000273073","lincRNA","chr2",132219394,132221188,"-",1795,TRUE,0.0757575757575758,0.000199300019537383,0,0.000546746156818869,0,0
"RP11-109G23.3","ENSG00000260278.1","ENSG00000260278","antisense","chr4",79694808,79697127,"-",2320,TRUE,1.08585858585859,0.00498761593028771,0.00185404502284184,0.0116548126625326,0.00200013611176344,0
"RP11-109P14.10","ENSG00000230955.1","ENSG00000230955","antisense","chr1",38326369,38327252,"+",884,TRUE,0.151515151515152,0.000731152183145725,0,0.00102002982390476,0.00071262101374189,0.000712819772869839
"RP11-10A14.5","ENSG00000248538.2","ENSG00000248538","lincRNA","chr8",9046521,9060364,"+",13844,TRUE,0.366161616161616,0.00162123933091247,0,0.00283495808582928,0.00110776897535034,0.00122223694996302
"RP11-10C24.1","ENSG00000271020.1","ENSG00000271020","lincRNA","chr3",33838641,33839173,"-",533,TRUE,0.189393939393939,0.00185613035538649,0.00246007251389436,0.000873939611718417,0.00230851546152873,0.00250610713802902
"RP11-10C24.2","ENSG00000271324.1","ENSG00000271324","lincRNA","chr3",33835136,33835637,"-",502,TRUE,0.126262626262626,0.00104353811442611,0,0.000767444224701688,0,0.00297990659583303
"RP11-10C24.3","ENSG00000271643.1","ENSG00000271643","lincRNA","chr3",33837180,33838442,"-",1263,TRUE,0.833333333333333,0.00494303122293254,0,0.0083114199979141,0.0019138309169247,0.00561423037523375
"RP11-10J21.4","ENSG00000253307.1","ENSG00000253307","antisense","chr8",142262385,142263391,"-",1007,TRUE,0.0378787878787879,0.000103335926562081,0,0.00028348477255687,0,0
"RP11-10J5.1","ENSG00000226004.1","ENSG00000226004","lincRNA","chr6",138264216,138266939,"-",2724,TRUE,0.0378787878787879,0.000167113026490283,0,0.000194772516657173,0.000387787526344262,0
"RP11-10K16.1","ENSG00000245213.2","ENSG00000245213","antisense","chr4",174053079,174090803,"-",37725,TRUE,0.328282828282828,0.00198252261952878,0.00454592347669624,0.00210572119986133,0.00206674127799727,0.000412605171524884
"RP11-10L12.4","ENSG00000246560.2","ENSG00000246560","antisense","chr4",103749212,103765232,"+",16021,TRUE,1.11111111111111,0.00542769631559601,0,0.00829154260792198,0.00300874228919041,0.00647463556491078
"RP11-10L7.1","ENSG00000246375.2","ENSG00000246375","lincRNA","chr4",89206094,89252573,"+",46480,TRUE,0.441919191919192,0.00414948687123011,0.00148725791584799,0.00160522963981233,0,0.0131442806982869
"RP11-10N23.5","ENSG00000253848.1","ENSG00000253848","antisense","chr8",94753421,94756762,"+",3342,TRUE,0.202020202020202,0.00102314966236449,0,0.00280683939242355,0,0
"RP11-10O17.3","ENSG00000261775.1","ENSG00000261775","lincRNA","chr15",74781943,74809300,"+",27358,TRUE,0.189393939393939,0.000605883301660992,0,0.00144020992924675,0.000326393114324849,0
"RP11-110G21.1","ENSG00000228801.5","ENSG00000228801","antisense","chr8",52811885,52859733,"+",47849,TRUE,1.83080808080808,0.0148919833234612,0.00936277079756285,0.0118268595422906,0.0148157736317482,0.0221574971205086
"RP11-110I1.11","ENSG00000254428.1","ENSG00000254428","antisense","chr11",118874452,118875603,"-",1152,TRUE,0.0378787878787879,0.000323158708513158,0,0.000296318057967993,0.000868031960300872,0
"RP11-110I1.12","ENSG00000255121.2","ENSG00000255121","lincRNA","chr11",118865534,118868714,"-",3181,TRUE,0.997474747474748,0.00443798221621885,0,0.00868069669525178,0.00464263271701746,0.000479881659978394
"RP11-110I1.13","ENSG00000272186.1","ENSG00000272186","antisense","chr11",118938085,118938409,"-",325,TRUE,0.656565656565657,0.0051174263519507,0.00522613777830424,0.00455356340353667,0.00516159884214358,0.00582092480043099
"RP11-110I1.14","ENSG00000271751.1","ENSG00000271751","lincRNA","chr11",118935974,118936388,"-",415,TRUE,0.820707070707071,0.00481615448251445,0.00215433094568045,0.00760281587391573,0.00442986192793907,0.00259029109628948
"RP11-110I1.6","ENSG00000255114.1","ENSG00000255114","antisense","chr11",118914899,118916205,"+",1307,TRUE,1.01010101010101,0.005279252467269,0,0.00731177836567691,0.00435677251061401,0.00598533544863347
"RP11-110L15.2","ENSG00000257683.1","ENSG00000257683","lincRNA","chr12",116248164,116323942,"-",75779,TRUE,0.0378787878787879,4.99713818325051e-05,0,0.000137088099796827,0,0
"RP11-1112J20.2","ENSG00000259093.1","ENSG00000259093","lincRNA","chr14",63589751,63594932,"-",5182,TRUE,0.176767676767677,0.000425851157810191,0,0.00086356011094108,0,0.000433321738704343
"RP11-1114A5.4","ENSG00000232611.1","ENSG00000232611","lincRNA","chrX",135923090,135929956,"-",6867,TRUE,0.404040404040404,0.00399653823705872,0.00403688223893151,0.00348879656104046,0.00396402771265978,0.00472940060952776
"RP11-111A21.1","ENSG00000258526.1","ENSG00000258526","lincRNA","chr14",39944044,39982984,"+",38941,TRUE,0.0378787878787879,0.00011231993594047,0,0.000308130894578636,0,0
"RP11-111A22.1","ENSG00000259536.1","ENSG00000259536","antisense","chr15",40780240,40850183,"+",69944,TRUE,0.265151515151515,0.00144124791603633,0.00199881826682072,0.00138798326613054,0.00271462292827067,0
"RP11-111F5.3","ENSG00000231212.1","ENSG00000231212","lincRNA","chr9",46661242,46662837,"-",1596,TRUE,0.176767676767677,0.000587643685465182,0,0.00139745019551349,0.000315689900375338,0
"RP11-111F5.4","ENSG00000204802.3","ENSG00000204802","lincRNA","chr9",46685429,46688137,"-",2709,TRUE,2.9040404040404,0.0118052478262404,0,0.0256436721178775,0.00657440442195119,0.00323089926070017
"RP11-111J6.2","ENSG00000260331.1","ENSG00000260331","lincRNA","chr2",18728652,18729470,"-",819,TRUE,0.101010101010101,0.000785219378406949,0.00171666363403446,0.000627689100183411,0,0.00129136397308261
"RP11-111M22.3","ENSG00000255135.3","ENSG00000255135","lincRNA","chr11",76152382,76155700,"-",3319,TRUE,5.59343434343434,0.0285081424257724,0.00231819272314041,0.047466832053066,0.0226852724112768,0.0205939082263611
"RP11-112J3.16","ENSG00000227388.2","ENSG00000227388","lincRNA","chr9",35772160,35790429,"+",18270,TRUE,0.366161616161616,0.00159544614494775,0,0.00354170178234046,0.00122824270115601,0
"RP11-112L6.3","ENSG00000237595.2","ENSG00000237595","lincRNA","chr20",48780001,48782639,"-",2639,TRUE,0.416666666666667,0.00164855496960756,0,0.00243824473948498,0.00225675242331783,0.000781939797746705
"RP11-113K21.4","ENSG00000255503.1","ENSG00000255503","lincRNA","chr11",82783444,82808238,"-",24795,TRUE,0.101010101010101,0.000852609355931133,0.0009684606116844,0.000772244322874043,0,0.00173201857275145
"RP11-1143G9.4","ENSG00000257764.2","ENSG00000257764","antisense","chr12",69747273,69748005,"-",733,TRUE,0.189393939393939,0.000886405295598962,0,0.00134590943698942,0.00159688710980913,0
"RP11-1149M10.2","ENSG00000253214.1","ENSG00000253214","lincRNA","chr8",82066514,82076834,"+",10321,TRUE,0.366161616161616,0.00176532417569192,0,0.00317273422501526,0.00212206238970835,0.000323189799440138
"RP11-1149O23.4","ENSG00000250714.3","ENSG00000250714","antisense","chr8",23082746,23088428,"-",5683,TRUE,0.138888888888889,0.000473637987104062,0,0.000970419988029186,0.000483754636996389,0
"RP11-114H23.2","ENSG00000258088.1","ENSG00000258088","lincRNA","chr12",76087790,76092596,"-",4807,TRUE,0.0631313131313131,0.000152096799976735,0,0.00041725204565838,0,0
"RP11-114I8.4","ENSG00000273488.1","ENSG00000273488","lincRNA","chr3",100080031,100080481,"+",451,TRUE,0.151515151515152,0.00121722997246433,0,0.000593620318296007,0.00218006263618441,0.00179665840796402
"RP11-114N19.3","ENSG00000258999.1","ENSG00000258999","antisense","chr14",81573377,81636758,"-",63382,TRUE,0.0505050505050505,0.000300167179605581,0,0.00020196058512973,0.000914041698016644,0
"RP11-114O18.1","ENSG00000273406.1","ENSG00000273406","lincRNA","chr1",120619223,120619698,"+",476,TRUE,0.138888888888889,0.000525648623283915,0,0.00144202878296107,0,0
"RP11-1152H14.1","ENSG00000271320.1","ENSG00000271320","lincRNA","chr2",158774224,158774883,"+",660,TRUE,0.138888888888889,0.00128371597988028,0,0.000495395832170791,0.00215756851289824,0.00221749546914064
"RP11-115C21.2","ENSG00000246089.3","ENSG00000246089","antisense","chr8",6261072,6264663,"-",3592,TRUE,2.42424242424242,0.0119910517518422,0.00227789302196473,0.0210078527535893,0.00695620573475721,0.00901252136689948
"RP11-115D19.1","ENSG00000251095.2","ENSG00000251095","antisense","chr4",90472507,90647654,"+",175148,TRUE,0.164141414141414,0.000669973052181472,0,0.00183795863293289,0,0
"RP11-117D22.2","ENSG00000230138.1","ENSG00000230138","lincRNA","chr1",53832340,53833917,"-",1578,TRUE,0.366161616161616,0.00196722224162619,0.00171280332314235,0.00477973145050618,0,0
"RP11-118K6.3","ENSG00000273001.1","ENSG00000273001","lincRNA","chr10",3107616,3108193,"-",578,TRUE,0.0757575757575758,0.000248051465670376,0,0.00068048756775524,0,0
"RP11-1191J2.5","ENSG00000272927.1","ENSG00000272927","antisense","chr4",654998,655734,"-",737,TRUE,0.681818181818182,0.0037545512715589,0.00462031298292774,0.00393412042060405,0.00222319253620344,0.00453644727371939
"RP11-119B16.2","ENSG00000229539.1","ENSG00000229539","antisense","chr20",3868886,3869515,"-",630,TRUE,0.896464646464647,0.00603959297798785,0.00123805168673468,0.00727624827504259,0.00758610391281472,0.00524529649288495
"RP11-119F19.2","ENSG00000226381.3","ENSG00000226381","antisense","chr10",81422844,81526085,"-",103242,TRUE,3.39646464646465,0.0223301804912186,0.0431207241157015,0.0244005699443642,0.0183187454343572,0.012613464873448
"RP11-11N7.4","ENSG00000273175.1","ENSG00000273175","lincRNA","chr1",245028040,245028574,"+",535,TRUE,0.227272727272727,0.000794889266316231,0.000985100304340757,0.00125299329778461,0.000842397871628115,0
"RP11-11N9.4","ENSG00000247134.2","ENSG00000247134","lincRNA","chr8",32853696,32902373,"+",48678,TRUE,3.20707070707071,0.0122138884772648,0.00115339855532344,0.0296594925314731,0.00306770049373102,0.00191409420435686
"RP11-120D5.1","ENSG00000234129.3","ENSG00000234129","lincRNA","chrX",10865996,11129261,"-",263266,TRUE,0.353535353535354,0.00116999485257185,0,0.00289969441362887,0.000455904972095019,0
"RP11-120K9.2","ENSG00000259684.1","ENSG00000259684","antisense","chr15",50849798,50852697,"+",2900,TRUE,1.52777777777778,0.00842918988517366,0.0064255946779163,0.0148579924821679,0.00450490640227249,0.00410759106495702
"RP11-121A8.1","ENSG00000272908.1","ENSG00000272908","lincRNA","chr7",38365671,38369244,"-",3574,TRUE,0.151515151515152,0.000697931858832408,0,0.00191465892689736,0,0
"RP11-121C2.2","ENSG00000259959.1","ENSG00000259959","lincRNA","chr4",47842139,47846356,"-",4218,TRUE,1.95707070707071,0.0133743674182378,0.00399489687467439,0.0106839521049821,0.0241830464322545,0.0115538952360507
"RP11-121M22.1","ENSG00000175773.8","ENSG00000175773","lincRNA","chr11",130184888,130263688,"+",78801,TRUE,0.214646464646465,0.00222751493566662,0.00351780140923754,0.00041324778423394,0.00254098207670097,0.00384355204690898
"RP11-122G18.5","ENSG00000235477.2","ENSG00000235477","lincRNA","chr1",161337812,161341754,"+",3943,TRUE,0.669191919191919,0.00405778851022528,0,0.00574447035170139,0.00419720596401956,0.00360309546219304
"RP11-122G18.8","ENSG00000273075.1","ENSG00000273075","lincRNA","chr1",161344552,161345130,"+",579,TRUE,0.0631313131313131,0.000701528099507687,0.00186695830603647,0.000284811622837317,0.00142242218782049,0
"RP11-122M14.1","ENSG00000231057.3","ENSG00000231057","antisense","chr1",211849104,211863445,"+",14342,TRUE,0.0883838383838384,0.000511029700669308,0.00131222471543329,0.000229116590406417,0.000296120081540847,0.000709309462405068
"RP11-1246C19.1","ENSG00000273230.1","ENSG00000273230","lincRNA","chr7",1504133,1507158,"-",3026,TRUE,0.517676767676768,0.00240615986024403,0,0.00450469235289019,0.00148114257583082,0.00154889477536102
"RP11-124N14.3","ENSG00000234961.1","ENSG00000234961","antisense","chr10",17275324,17276832,"-",1509,TRUE,0.0757575757575758,0.000244014014621417,0,0.000539432885080293,0.00019116059937586,0
"RP11-125B21.2","ENSG00000236404.4","ENSG00000236404","antisense","chr9",2422702,2641395,"-",218694,TRUE,0.227272727272727,0.000933061469722027,0,0.00190991171258183,0.00095564530105691,0
"RP11-126K1.6","ENSG00000237976.1","ENSG00000237976","antisense","chr1",151319443,151320503,"+",1061,TRUE,4.62121212121212,0.0185044784730812,0.00451681921938343,0.0462856816000078,0.0023120224134806,0.00181907130135912
"RP11-126K1.9","ENSG00000273481.1","ENSG00000273481","lincRNA","chr1",151300425,151300905,"+",481,TRUE,0.0505050505050505,0.00026073780403712,0,0.000630466307588088,0.000124751491577779,0
"RP11-126L15.4","ENSG00000236305.1","ENSG00000236305","antisense","chr7",100434936,100450238,"-",15303,TRUE,0.126262626262626,0.000985768552204277,0.00314989868525105,0.000872488689117268,0.00102522539751158,0
"RP11-126O1.5","ENSG00000267226.1","ENSG00000267226","antisense","chr18",56337712,56339109,"-",1398,TRUE,0.0252525252525253,0.000154116919773875,0,0.000422793905302769,0,0
"RP11-1275H24.1","ENSG00000234432.3","ENSG00000234432","lincRNA","chr7",5465908,5468558,"-",2651,TRUE,0.0252525252525253,9.05445736285684e-05,0,8.70635709473084e-05,0.000237269737041967,0
"RP11-1277A3.1","ENSG00000247679.2","ENSG00000247679","antisense","chr5",177038254,177046755,"+",8502,TRUE,0.555555555555556,0.00397419039063232,0,0.00379636888611295,0.00608496379200526,0.00422201329846974
"RP11-1277A3.3","ENSG00000272459.1","ENSG00000272459","lincRNA","chr5",176981825,176982365,"+",541,TRUE,0.214646464646465,0.00115084448509257,0,0.00172839166849653,0.00210128455169825,0
"RP11-127B20.2","ENSG00000273156.1","ENSG00000273156","lincRNA","chr4",83266029,83266693,"-",665,TRUE,0.138888888888889,0.000571552702972924,0,0.00116645061480319,0.000249978725268688,0.000329283864485865
"RP11-127B20.3","ENSG00000272677.1","ENSG00000272677","antisense","chr4",83295454,83305180,"+",9727,TRUE,1.86868686868687,0.0105534051682078,0.0171717340601583,0.0130382944647077,0.00331174395860791,0.0106314561572821
"RP11-128M1.1","ENSG00000226644.1","ENSG00000226644","lincRNA","chr20",2187863,2193797,"+",5935,TRUE,0.378787878787879,0.00128285561776959,0,0.00351929909689474,0,0
"RP11-128P17.4","ENSG00000273119.1","ENSG00000273119","lincRNA","chr18",11390032,11390728,"-",697,TRUE,0.0505050505050505,0.000219318570615851,0.00103725725734776,0.000228006765374393,0,0
"RP11-1293J14.1","ENSG00000271868.1","ENSG00000271868","lincRNA","chr2",3500727,3501199,"+",473,TRUE,0.0505050505050505,0.000470974903308663,0,4.10543060642247e-05,0.000622329985349249,0.00117732201544661
"RP11-1299A16.3","ENSG00000260641.1","ENSG00000260641","antisense","chr4",99580055,99585701,"+",5647,TRUE,0.126262626262626,0.000550889131777335,0,0.00151127188211863,0,0
"RP11-129B22.1","ENSG00000241111.1","ENSG00000241111","antisense","chr3",64053640,64088807,"+",35168,TRUE,0.0883838383838384,0.000525335918420489,0.000850197602479801,8.09043989617567e-05,0.000642753332763195,0.000877418312952973
"RP11-129K12.1","ENSG00000272334.1","ENSG00000272334","lincRNA","chr3",37014608,37015163,"-",556,TRUE,0.151515151515152,0.00171905726161281,0,0.000742284113448526,0.00145059639972269,0.00424849189349357
"RP11-129K12.4","ENSG00000271835.1","ENSG00000271835","lincRNA","chr3",37026534,37026975,"-",442,TRUE,0.138888888888889,0.00101863752709152,0,0.00135889729796026,0.000529705477836535,0.0015293895873697
"RP11-12D24.10","ENSG00000272866.1","ENSG00000272866","lincRNA","chr9",5351796,5352410,"-",615,TRUE,0.0631313131313131,0.000234089840039383,0,0.000642186190894323,0,0
"RP11-130F10.1","ENSG00000250131.1","ENSG00000250131","antisense","chr4",178366133,178598280,"+",232148,TRUE,0.164141414141414,0.000968854165177224,0,0.00123795101131845,0.000124751491577779,0.0018987552909163
"RP11-130L8.1","ENSG00000270100.1","ENSG00000270100","lincRNA","chr2",20878014,20878692,"-",679,TRUE,0.404040404040404,0.00315794278379497,0,0.0041068808345219,0.00141764397390221,0.00510911662937016
"RP11-131K5.1","ENSG00000266744.1","ENSG00000266744","lincRNA","chr17",13861065,13870269,"-",9205,TRUE,0.0631313131313131,0.000864850849568093,0,0.000306359102545523,0,0.00293850246282284
"RP11-131L12.2","ENSG00000270482.1","ENSG00000270482","lincRNA","chr12",118813155,118814080,"-",926,TRUE,0.0631313131313131,0.000458976765813827,0.00127098959419272,0.000248437655928198,0,0.000786220342177527
"RP11-131L23.1","ENSG00000223653.1","ENSG00000223653","antisense","chr1",85742398,85913807,"+",171410,TRUE,0.53030303030303,0.00351043305863895,0.00757858221526604,0.00579034432406739,0.00102071978351964,0.00059138291719814
"RP11-132A1.4","ENSG00000232445.1","ENSG00000232445","antisense","chr7",100951627,100954266,"+",2640,TRUE,0.934343434343434,0.00356252913777914,0,0.00832129260281234,0.00175793172690332,0.000364945343340057
"RP11-133K1.6","ENSG00000259198.1","ENSG00000259198","lincRNA","chr15",40604816,40608835,"+",4020,TRUE,0.0378787878787879,0.000216607481277376,0,7.771035983724e-05,0.000759644137986094,0
"RP11-1348G14.4","ENSG00000251417.1","ENSG00000251417","lincRNA","chr16",28814097,28829149,"+",15053,TRUE,0.340909090909091,0.00339375762145992,0,0.00147402658462385,0.00773868462821363,0.00366108753052718
"RP11-1348G14.5","ENSG00000260796.1","ENSG00000260796","antisense","chr16",28831891,28833354,"-",1464,TRUE,0.252525252525253,0.00132225400459845,0,0.00255030992616605,0.00158405856320851,0
"RP11-134G8.7","ENSG00000224536.1","ENSG00000224536","antisense","chr1",201476369,201502736,"+",26368,TRUE,1.13636363636364,0.00616753467292352,0.00143434149752617,0.00900171550494691,0.00721888263879556,0.0035450936795023
"RP11-134G8.8","ENSG00000224818.1","ENSG00000224818","lincRNA","chr1",201433511,201434274,"-",764,TRUE,1.71717171717172,0.00701188000840039,0,0.0175324402798406,0.00110629666990998,0.00135284444118132
"RP11-134L10.1","ENSG00000272941.1","ENSG00000272941","antisense","chr7",134853155,134854299,"+",1145,TRUE,1.30050505050505,0.0150257667129647,0.0100010222441019,0.00420253658191422,0.0112421832435474,0.0366511726176081
"RP11-134N1.2","ENSG00000256084.1","ENSG00000256084","lincRNA","chr12",14369524,14374231,"+",4708,TRUE,0.0757575757575758,0.000661206259847758,0,0.000954668425077819,0.00101045339658674,0.000244879712953106
"RP11-134O21.1","ENSG00000254319.1","ENSG00000254319","lincRNA","chr8",2523591,2585991,"-",62401,TRUE,0.542929292929293,0.00263138077036274,0,0.00372641591154008,0.0051362062988572,0
"RP11-134P9.1","ENSG00000233791.1","ENSG00000233791","lincRNA","chr1",203267886,203274437,"-",6552,TRUE,1.11111111111111,0.00711112270180222,0.00210300521731738,0.00639250582005392,0.0109055260131079,0.0070296820226783
"RP11-134P9.3","ENSG00000231507.1","ENSG00000231507","lincRNA","chr1",203256280,203257929,"+",1650,TRUE,1.94444444444444,0.01431419958826,0.00307212970841735,0.0129647162982813,0.0227756697988291,0.0138106749133129
"RP11-135A1.2","ENSG00000232874.1","ENSG00000232874","antisense","chr3",193848405,193848990,"-",586,TRUE,0.0631313131313131,0.000496915501687195,0.00255181646930606,0.000443949305605916,0,0
"RP11-135A24.4","ENSG00000233825.1","ENSG00000233825","antisense","chr10",32635427,32636107,"+",681,TRUE,0.0378787878787879,0.000254802813902305,0,0.000699008758609718,0,0
"RP11-135J2.4","ENSG00000228063.1","ENSG00000228063","antisense","chr1",219259944,219347303,"-",87360,TRUE,0.176767676767677,0.000657086050323298,0,0.000928319184351358,0.0012858196807632,0
"RP11-135L13.4","ENSG00000265263.1","ENSG00000265263","antisense","chr17",19237621,19239440,"-",1820,TRUE,0.353535353535354,0.0032237150818697,0.00240235140682095,0.00102904092899969,0.00472654935482263,0.00531247312304202
"RP11-1379J22.2","ENSG00000244945.1","ENSG00000244945","antisense","chr5",179022905,179030742,"-",7838,TRUE,0.0883838383838384,0.000941838461081974,0,0.000282476004077236,0.00128919544737516,0.0020261880417738
"RP11-1379J22.5","ENSG00000250999.1","ENSG00000250999","antisense","chr5",179084763,179091433,"+",6671,TRUE,0.0883838383838384,0.000520079743059489,0,0.000336132876842697,0.00160398163504141,0
"RP11-137H2.4","ENSG00000226659.1","ENSG00000226659","antisense","chr10",82289353,82295698,"-",6346,TRUE,0.113636363636364,0.000313553964239758,0,0.00086018267986799,0,0
"RP11-137H2.6","ENSG00000271738.1","ENSG00000271738","lincRNA","chr10",82194765,82196869,"+",2105,TRUE,0.467171717171717,0.00135669538804567,0,0.00299731721711102,0.00106559993251258,0
"RP11-138A9.1","ENSG00000271204.1","ENSG00000271204","lincRNA","chr7",130614968,130616965,"-",1998,TRUE,1.46464646464646,0.0134687223763179,0.0107998013196593,0.0115733141950125,0.0212699517781218,0.00998788888006806
"RP11-138A9.2","ENSG00000273319.1","ENSG00000273319","lincRNA","chr7",130621223,130624420,"+",3198,TRUE,0.0631313131313131,0.000527733592226524,0.00304877062040517,7.8317077464416e-05,0.000398791239211883,0
"RP11-138C9.1","ENSG00000264558.1","ENSG00000264558","antisense","chr17",45759783,45760049,"-",267,TRUE,0.53030303030303,0.00150932977077063,0,0.00307968908630803,0.000751221938680584,0.00078235503778429
"RP11-138E2.1","ENSG00000270755.1","ENSG00000270755","lincRNA","chr9",132806992,132807360,"+",369,TRUE,0.0883838383838384,0.000647623386344837,0,0.000451971663397112,0.00194820938748021,0
"RP11-138I1.2","ENSG00000264739.1","ENSG00000264739","antisense","chr17",16317838,16320003,"-",2166,TRUE,0.378787878787879,0.00169615757066442,0,0.00419780556114097,0.00031170303309244,0.00034612327620087
"RP11-138I1.4","ENSG00000265401.1","ENSG00000265401","antisense","chr17",16285466,16285983,"-",518,TRUE,0.568181818181818,0.00224220323620919,0,0.00356216002519442,0.00283222065685949,0.000943174624938567
"RP11-138I18.2","ENSG00000271046.1","ENSG00000271046","lincRNA","chr10",11721674,11722513,"+",840,TRUE,0.883838383838384,0.00793272457582962,0.0046156018353416,0.00259363631659747,0.0177584122150863,0.00772382340275077
"RP11-138P22.1","ENSG00000266527.1","ENSG00000266527","antisense","chr17",26201671,26208263,"+",6593,TRUE,0.0757575757575758,0.000362236517547571,0,0.000253625924716375,0,0.0010525591991727
"RP11-1391J7.1","ENSG00000250397.2","ENSG00000250397","antisense","chr11",856880,859795,"-",2916,TRUE,0.0505050505050505,0.000325453259215028,0.00181588380232314,0.000238680519074111,0,0
"RP11-1398P2.1","ENSG00000244459.2","ENSG00000244459","lincRNA","chr4",1575789,1581980,"-",6192,TRUE,0.277777777777778,0.00115614820248314,0,0.00201107703483284,0.00170693548859097,0
"RP11-1399P15.1","ENSG00000273445.1","ENSG00000273445","antisense","chr2",87777014,87777553,"-",540,TRUE,0.808080808080808,0.0095709310867558,0,0.000889194689623154,0.00930695904570176,0.0270764081435721
"RP11-139H15.1","ENSG00000225973.3","ENSG00000225973","antisense","chr15",55609382,55611359,"-",1978,TRUE,16.7550505050505,0.130774020655551,0.035433676567955,0.133316687974582,0.134142846808325,0.172744597780261
"RP11-13A1.1","ENSG00000246363.2","ENSG00000246363","lincRNA","chr12",89404458,89413456,"-",8999,TRUE,0.0252525252525253,4.49194243418704e-05,0,0.000123228902247182,0,0
"RP11-13J8.1","ENSG00000232719.1","ENSG00000232719","lincRNA","chr2",201966105,201967859,"+",1755,TRUE,0.0378787878787879,0.000395480926646291,0,0,0.00126083364007874,0.000323740149538941
"RP11-13N13.2","ENSG00000263350.1","ENSG00000263350","lincRNA","chr18",19210099,19213485,"+",3387,TRUE,1.12373737373737,0.00434285807499209,0,0.00824882715034922,0.0031402181124049,0.00217577527893023
"RP11-140I16.3","ENSG00000272343.1","ENSG00000272343","lincRNA","chr8",57135247,57135732,"+",486,TRUE,0.391414141414141,0.00276594760539351,0,0.00471946755712879,0.000402204777122532,0.00369047991122871
"RP11-140K17.3","ENSG00000272288.1","ENSG00000272288","antisense","chr6",34664094,34665247,"+",1154,TRUE,4.58333333333333,0.0302188689147775,0.0102858456460765,0.032117679215316,0.0360116248248016,0.0321288684272984
"RP11-141B14.1","ENSG00000270019.1","ENSG00000270019","lincRNA","chr2",114645780,114647327,"-",1548,TRUE,1.41414141414141,0.00928615455299074,0,0.00879136355571531,0.0118956194667086,0.0122239292912254
"RP11-141C7.4","ENSG00000272792.1","ENSG00000272792","lincRNA","chr3",195366861,195367331,"+",471,TRUE,0.555555555555556,0.00316583642355999,0.0010682994757388,0.00398972010550316,0.00528290947609203,0.00102153683432043
"RP11-141M1.3","ENSG00000230490.2","ENSG00000230490","lincRNA","chr13",33929343,34250905,"-",321563,TRUE,0.176767676767677,0.00173365876289414,0,0.000409521759024504,0.00329538174451577,0.00299480478784894
"RP11-142C4.6","ENSG00000255240.1","ENSG00000255240","antisense","chr11",58701116,58826132,"-",125017,TRUE,0.340909090909091,0.00220004347093826,0.00455625224987528,0.00154591596462092,0.00213038471436036,0.00199056027872451
"RP11-143I21.1","ENSG00000261842.1","ENSG00000261842","lincRNA","chr7",149119766,149121981,"+",2216,TRUE,0.0505050505050505,0.000204008062898795,0,0.000559661883671097,0,0
"RP11-143J12.2","ENSG00000266053.2","ENSG00000266053","antisense","chr18",9121263,9136643,"-",15381,TRUE,2.08333333333333,0.0224354197892048,0.0510915575963915,0.00925848578614909,0.0143247840555754,0.0343371947116001
"RP11-144G7.2","ENSG00000255467.1","ENSG00000255467","antisense","chr11",107975801,107992411,"-",16611,TRUE,0.0378787878787879,0.000178100306145543,0,0.000238295659741763,0.000368107414670519,0
"RP11-145M4.3","ENSG00000237352.2","ENSG00000237352","lincRNA","chr1",59522315,59553867,"+",31553,TRUE,0.997474747474748,0.00822430606415736,0,0.00463254606947158,0.0161595639789333,0.00987247262803734
"RP11-145M9.4","ENSG00000269728.1","ENSG00000269728","lincRNA","chr3",179113877,179115965,"-",2089,TRUE,14.4823232323232,0.0812128387197253,0.0202074625535165,0.152749608676072,0.0543542433764911,0.0367016855215258
"RP11-145M9.5","ENSG00000272699.1","ENSG00000272699","antisense","chr3",179123236,179123732,"+",497,TRUE,0.0378787878787879,0.000188028193994684,0,0.000259450249416055,0.000377050650215866,0
"RP11-145M9.6","ENSG00000272660.1","ENSG00000272660","antisense","chr3",179302059,179302198,"-",140,TRUE,0.138888888888889,0.000824607375766336,0.0013293808067397,0.000937273975617498,0.000763043127912889,0.000465305787861762
"RP11-146F11.1","ENSG00000261840.1","ENSG00000261840","antisense","chr16",30709030,30710379,"-",1350,TRUE,1.09848484848485,0.00610476563599061,0.00224212488976309,0.00928482380679357,0.00560303130153856,0.00404625476677772
"RP11-146F11.5","ENSG00000260167.1","ENSG00000260167","antisense","chr16",30597228,30619914,"+",22687,TRUE,0.0757575757575758,0.000446279567493384,0,0.000480384425128027,0,0.00105796272867142
"RP11-147L13.2","ENSG00000265100.1","ENSG00000265100","antisense","chr17",66242770,66244079,"-",1310,TRUE,0.845959595959596,0.00452314848380961,0.00561499208107293,0.00516019884793763,0.0049122185396357,0.00268155919219481
"RP11-147L13.8","ENSG00000267731.1","ENSG00000267731","lincRNA","chr17",66186025,66188943,"+",2919,TRUE,0.113636363636364,0.000730915174296245,0.00261819467612857,0.000641848201474317,0.000320074109614131,0.000287982503656973
"RP11-148B18.3","ENSG00000226835.1","ENSG00000226835","lincRNA","chr1",94798823,94800404,"+",1582,TRUE,0.0883838383838384,0.000456164166111351,0,0.00125140983567783,0,0
"RP11-148O21.6","ENSG00000269954.1","ENSG00000269954","lincRNA","chr8",11409997,11410500,"-",504,TRUE,0.176767676767677,0.00152232709738216,0.00584801704961496,0.00106229184039349,0.000599770609185853,0.000852564842669598
"RP11-14N7.2","ENSG00000232527.3","ENSG00000232527","lincRNA","chr1",148928322,148951595,"+",23274,TRUE,0.23989898989899,0.00074097317385403,0,0.00120473192990182,0.00121775163285652,0
"RP11-152H18.3","ENSG00000254665.1","ENSG00000254665","antisense","chr11",8714904,8718154,"+",3251,TRUE,0.0378787878787879,8.59433370493634e-05,0,0.00023577112207515,0,0
"RP11-152N13.16","ENSG00000272599.1","ENSG00000272599","antisense","chr10",74884331,74885163,"-",833,TRUE,0.744949494949495,0.00317605822534228,0,0.00633687000548921,0.0013099469866962,0.00211251798225561
"RP11-152N13.5","ENSG00000227540.1","ENSG00000227540","antisense","chr10",75012549,75014107,"+",1559,TRUE,2.62626262626263,0.0128702137277427,0.00115620987532505,0.0242830875706691,0.00930198582205266,0.00609091747200657
"RP11-157E16.1","ENSG00000270207.1","ENSG00000270207","antisense","chr3",7648577,7649584,"-",1008,TRUE,0.643939393939394,0.00227109777400093,0.0018418053247006,0.00221720821343492,0.00383030894258197,0.00105992131326293
"RP11-157P1.5","ENSG00000228812.3","ENSG00000228812","antisense","chr20",60928051,60931536,"+",3486,TRUE,0.126262626262626,0.00165465404019329,0,8.41890543912293e-05,0.00153718150146024,0.00484941818272755
"RP11-158H5.7","ENSG00000268573.1","ENSG00000268573","lincRNA","chr18",32860831,32870165,"-",9335,TRUE,0.707070707070707,0.00322232356910937,0,0.00614945281065108,0.00225614279111176,0.00164459315470157
"RP11-158I9.5","ENSG00000245869.2","ENSG00000245869","antisense","chr11",118756550,118758451,"-",1902,TRUE,0.101010101010101,0.00107660181219434,0.00503974895848325,0.0011379797144983,0,0
"RP11-158K1.3","ENSG00000253106.1","ENSG00000253106","antisense","chr8",125500751,125503884,"+",3134,TRUE,0.53030303030303,0.00309254102763808,0.00147593938450019,0.00339650743758933,0.0042206283043836,0.00239760475132413
"RP11-158L12.5","ENSG00000256814.1","ENSG00000256814","lincRNA","chr12",125634604,125635940,"+",1337,TRUE,0.0378787878787879,0.000180651556900873,0,9.81159012060261e-05,0,0.000565270799937497
"RP11-159D12.10","ENSG00000266290.1","ENSG00000266290","lincRNA","chr17",56154252,56160565,"-",6314,TRUE,0.0505050505050505,0.000304714408995401,0,0.000835932843520463,0,0
"RP11-159D12.2","ENSG00000264112.1","ENSG00000264112","lincRNA","chr17",56066400,56072211,"-",5812,TRUE,0.883838383838384,0.00621521889069279,0.00823454007537932,0.00651612556548241,0.0084459944587924,0.00259560113583014
"RP11-159F24.5","ENSG00000248240.1","ENSG00000248240","antisense","chr5",43515376,43525412,"+",10037,TRUE,0.151515151515152,0.00081464020920668,0,0.00155377483632788,0,0.00096857266228488
"RP11-159H10.3","ENSG00000246528.3","ENSG00000246528","antisense","chr8",70746346,70767206,"+",20861,TRUE,0.95959595959596,0.00472177864641073,0.000846048744992203,0.00775940466618496,0.00254482388338924,0.00449246582778917
"RP11-15A1.3","ENSG00000267058.1","ENSG00000267058","lincRNA","chr19",44395956,44405957,"-",10002,TRUE,0.441919191919192,0.00192828392896836,0,0.00259984546063302,0.00137891641538241,0.00249233593555969
"RP11-15A1.7","ENSG00000266921.1","ENSG00000266921","antisense","chr19",44501048,44506988,"-",5941,TRUE,0.340909090909091,0.00129768786109137,0,0.0020322014796914,0.000380932445152931,0.00180440975277802
"RP11-15B17.1","ENSG00000245322.2","ENSG00000245322","antisense","chr4",100871163,101116256,"+",245094,TRUE,0.113636363636364,0.000668625084829224,0,0.00127257743150897,0.000826072148283785,0
"RP11-15E18.1","ENSG00000259349.1","ENSG00000259349","antisense","chr17",58603654,58628159,"+",24506,TRUE,0.202020202020202,0.00115120666713569,0,0.00203812631849796,0,0.00159285030650792
"RP11-15I11.3","ENSG00000226251.1","ENSG00000226251","lincRNA","chr1",212398620,212412319,"-",13700,TRUE,0.0505050505050505,0.000323557687858052,0,0.000147319859947765,0.000219666851744443,0.000840422868074991
"RP11-15L13.4","ENSG00000272910.1","ENSG00000272910","antisense","chr3",179301050,179301550,"-",501,TRUE,0.113636363636364,0.000413487771563254,0,0.00113433430924176,0,0
"RP11-160H22.3","ENSG00000224977.1","ENSG00000224977","lincRNA","chr1",173991647,173992123,"+",477,TRUE,0.138888888888889,0.000751231710223938,0,0.000929876044117192,0,0.00160847438699865
"RP11-160H22.5","ENSG00000227373.1","ENSG00000227373","lincRNA","chr1",174084438,174129142,"-",44705,TRUE,1.47727272727273,0.00642853329263652,0,0.0147480285915509,0.00248952701408994,0.00169925300749519
"RP11-160O5.1","ENSG00000263470.1","ENSG00000263470","lincRNA","chr17",63096930,63107176,"+",10247,TRUE,7.22222222222222,0.0390214401802992,0.00246809227841408,0.0622870063401023,0.0390202715902346,0.0246618767600558
"RP11-161H23.5","ENSG00000258232.2","ENSG00000258232","antisense","chr12",49658939,49667089,"-",8151,TRUE,0.71969696969697,0.00243364027092613,0,0.00537506109238842,0.0011744729312917,0.000714846900435466
"RP11-162G10.5","ENSG00000236514.1","ENSG00000236514","antisense","chr10",38146668,38148038,"+",1371,TRUE,0.391414141414141,0.00258634244335568,0,0.00395831690103912,0.00200577915299446,0.00252158954716694
"RP11-162J8.3","ENSG00000236591.1","ENSG00000236591","antisense","chr6",149348836,149353709,"-",4874,TRUE,0.353535353535354,0.00108604598855795,0,0.00273022014906943,0,0.000354354019219477
"RP11-163N6.2","ENSG00000251396.2","ENSG00000251396","lincRNA","chr8",61297147,61429354,"-",132208,TRUE,0.101010101010101,0.000630668391964026,0.00111212085065102,0.00104515708822974,0,0.000404393825595447
"RP11-165A20.3","ENSG00000273107.1","ENSG00000273107","lincRNA","chr10",25242170,25242442,"+",273,TRUE,0.416666666666667,0.0021036625553828,0,0.00363783322107934,0.00313733210869879,0
"RP11-165J3.6","ENSG00000227603.1","ENSG00000227603","antisense","chr9",96197614,96199403,"-",1790,TRUE,0.47979797979798,0.00294267532024372,0.00344463335307108,0.00187454052005701,0.00221714989241668,0.0049061606546393
"RP11-166A12.1","ENSG00000251538.1","ENSG00000251538","lincRNA","chr5",121964647,122066380,"-",101734,TRUE,0.0505050505050505,0.000136785270905021,0,0.000375247435250351,0,0
"RP11-166B2.5","ENSG00000261216.1","ENSG00000261216","antisense","chr16",12002065,12002773,"+",709,TRUE,0.0631313131313131,0.000418508259120766,0,0.000399555531607614,0.00110090096407809,0
"RP11-166O4.5","ENSG00000235475.1","ENSG00000235475","lincRNA","chr7",66800963,66805011,"+",4049,TRUE,0.227272727272727,0.00253494217969883,0.000815075956024125,0.0016781617038431,0.00422888666238536,0.00299650527669563
"RP11-166O4.6","ENSG00000273448.1","ENSG00000273448","lincRNA","chr7",66798034,66799370,"+",1337,TRUE,0.871212121212121,0.00633211235972189,0,0.00630091243820353,0.00874426569948048,0.00728798133587372
"RP11-166P13.3","ENSG00000263004.1","ENSG00000263004","lincRNA","chr17",55155659,55162385,"-",6727,TRUE,2.28535353535354,0.0192364487179884,0.00251086280031167,0.0123362825785316,0.0284748897951601,0.0286848867300613
"RP11-166P13.4","ENSG00000263089.1","ENSG00000263089","antisense","chr17",55169506,55173786,"-",4281,TRUE,0.0631313131313131,0.00018927346901791,0,0.000202828506138569,0,0.000449990136650146
"RP11-167N5.5","ENSG00000267834.1","ENSG00000267834","lincRNA","chr9",131766781,131767277,"-",497,TRUE,0.0757575757575758,0.000635193064557314,0,0.000383066261589566,0.0019993972359067,0
"RP11-168O16.1","ENSG00000229191.1","ENSG00000229191","lincRNA","chr1",200993077,200997920,"+",4844,TRUE,1.85606060606061,0.00957122873733804,0,0.0169560052271032,0.0114690711165257,0.00213712212183753
"RP11-168O16.2","ENSG00000234132.1","ENSG00000234132","antisense","chr1",201004224,201012201,"+",7978,TRUE,0.277777777777778,0.00109139108378033,0,0.00138850815976893,0.00236128085903582,0
"RP11-169D4.2","ENSG00000256633.1","ENSG00000256633","antisense","chr11",72295616,72299023,"+",3408,TRUE,0.429292929292929,0.00192938771808172,0.00423245404448329,0.00342690630879922,0.000502047889679701,0
"RP11-169E6.1","ENSG00000261173.1","ENSG00000261173","antisense","chr16",47007900,47012894,"+",4995,TRUE,0.441919191919192,0.00168803051986961,0,0.00364952332293185,0,0.00139558023845471
"RP11-169K16.9","ENSG00000179743.2","ENSG00000179743","antisense","chr1",16160560,16174642,"-",14083,TRUE,6.16161616161616,0.0443740205500556,0.0164761265634531,0.0546008030713621,0.0488983821613518,0.0397473046702921
"RP11-16B13.1","ENSG00000258553.1","ENSG00000258553","antisense","chr14",60435834,60558501,"-",122668,TRUE,0.164141414141414,0.000820109374973148,0,0.00145762006239065,0.00047132848006528,0.000670886366156342
"RP11-16E12.1","ENSG00000259448.2","ENSG00000259448","lincRNA","chr15",31508223,31516648,"+",8426,TRUE,0.366161616161616,0.0023811711296124,0.00126090018550627,0.0037740536919024,0.00264110167749851,0.000722839188252158
"RP11-16E12.2","ENSG00000259772.2","ENSG00000259772","lincRNA","chr15",31514202,31523041,"-",8840,TRUE,29.9242424242424,0.386156035067601,0.0110402291913982,0.122885260001747,0.599424787747052,0.746518894287603
"RP11-16E18.3","ENSG00000261542.1","ENSG00000261542","lincRNA","chr8",64128539,64130592,"+",2054,TRUE,0.214646464646465,0.001425819840741,0,0.00218927905539081,0.000728117079063845,0.0017451973790902
"RP11-16K12.1","ENSG00000177699.4","ENSG00000177699","antisense","chr15",79271231,79278268,"+",7038,TRUE,1.30050505050505,0.00651557885082325,0.00235632545587993,0.0118435696160563,0.00481871071747188,0.00270999576574041
"RP11-16N11.2","ENSG00000260572.1","ENSG00000260572","antisense","chr3",160471216,160472930,"-",1715,TRUE,0.113636363636364,0.000432834105028916,0,0.000878512364575172,0,0.000439300943497779
"RP11-16P6.1","ENSG00000261428.1","ENSG00000261428","antisense","chr2",223431624,223434438,"-",2815,TRUE,0.151515151515152,0.00143535899456163,0.00253859744284761,0.000601401686867838,0.000671069185485442,0.00279524453954246
"RP11-170N11.1","ENSG00000236268.1","ENSG00000236268","lincRNA","chr1",83439565,83451891,"-",12327,TRUE,0.0378787878787879,0.000353812209153655,0.00211271593974637,5.36424988530736e-05,0.000229293033607693,0
"RP11-170N16.3","ENSG00000273007.1","ENSG00000273007","antisense","chr4",123803033,123805867,"-",2835,TRUE,0.214646464646465,0.0017461312109975,0,0.00161385401592566,0.00235285897208298,0.00224211846547976
"RP11-171I2.1","ENSG00000267784.1","ENSG00000267784","antisense","chr2",179588184,179591773,"+",3590,TRUE,0.0378787878787879,0.000317166154159238,0.00189733558297746,7.20909480617136e-05,0.000168415877529515,0
"RP11-171I2.2","ENSG00000270574.1","ENSG00000270574","antisense","chr2",179443517,179445633,"+",2117,TRUE,0.214646464646465,0.00159833161649791,0.000932029119338449,0.0019906859606969,0.00104882208550838,0.00191306797840717
"RP11-171I2.5","ENSG00000271011.1","ENSG00000271011","antisense","chr2",179441830,179442349,"+",520,TRUE,0.0757575757575758,0.000237768771033322,0,0.000652278720673333,0,0
"RP11-173B14.5","ENSG00000261105.1","ENSG00000261105","antisense","chr13",76178836,76210130,"-",31295,TRUE,0.252525252525253,0.00122562709885654,0,0.0025462302199591,0.000537294667541825,0.000641029825387821
"RP11-173M1.8","ENSG00000264469.1","ENSG00000264469","lincRNA","chr17",25641669,25642952,"+",1284,TRUE,1.3510101010101,0.00638352720614047,0.00257316533625527,0.0107995892324286,0.00291760326842375,0.00540678531674375
"RP11-173P15.3","ENSG00000256364.1","ENSG00000256364","antisense","chr12",121134927,121137344,"-",2418,TRUE,0.0757575757575758,0.000216726796429624,0,0.00059455359463894,0,0
"RP11-175D17.3","ENSG00000236643.1","ENSG00000236643","antisense","chr9",127532402,127535206,"+",2805,TRUE,0.0505050505050505,0.000214662527646029,0,0.00029241564536439,0.000436028146097581,0
"RP11-175K6.1","ENSG00000245812.2","ENSG00000245812","lincRNA","chr5",158527491,158544486,"+",16996,TRUE,1.52777777777778,0.00679525716906235,0.0142804833963748,0.012686012492161,0.000673277831594514,0.000502744629780829
"RP11-175O19.4","ENSG00000231025.1","ENSG00000231025","antisense","chr10",98752207,98755716,"+",3510,TRUE,3.37121212121212,0.0234128963637001,0.0448484351480964,0.0272563837949635,0.0183478036517574,0.0118629793408991
"RP11-175P13.2","ENSG00000257696.1","ENSG00000257696","antisense","chr12",100536836,100538449,"+",1614,TRUE,0.101010101010101,0.000389404718431054,0,0.00106826649462208,0,0
"RP11-177G23.2","ENSG00000272137.1","ENSG00000272137","lincRNA","chr6",80270849,80271319,"+",471,TRUE,0.0505050505050505,0.000406245019663226,0,0.000101969022418613,0.00148908608660734,0
"RP11-177H2.2","ENSG00000253695.1","ENSG00000253695","antisense","chr8",10698086,10704011,"+",5926,TRUE,0.101010101010101,0.000580933176905501,0,0.001151353604761,0.000650551657741501,0
"RP11-178C3.2","ENSG00000267302.1","ENSG00000267302","lincRNA","chr17",58042193,58074333,"+",32141,TRUE,0.0883838383838384,0.000687530319233024,0,0.000528347646765666,0.00199689275196794,0
"RP11-178G16.4","ENSG00000267957.1","ENSG00000267957","lincRNA","chr10",75880013,75880621,"-",609,TRUE,1.71717171717172,0.00815447136820224,0.00292671401684904,0.0147038175382161,0.00564576484138733,0.00394437095673174
"RP11-178L8.7","ENSG00000270006.1","ENSG00000270006","antisense","chr16",87351115,87351643,"+",529,TRUE,1.12373737373737,0.00646032383555823,0,0.00889689201600782,0.00802215127043991,0.00479455890814437
"RP11-179B2.2","ENSG00000272572.1","ENSG00000272572","antisense","chr10",102670860,102672496,"-",1637,TRUE,0.353535353535354,0.00279896407991498,0.00207535050711429,0.00297515437505664,0.00242864736785591,0.00327720469046214
"RP11-17A1.3","ENSG00000246225.2","ENSG00000246225","antisense","chr11",22850926,22966939,"+",116014,TRUE,0.126262626262626,0.000682960655146268,0,0.00136514408115606,0,0.000723092328305863
"RP11-17J14.2","ENSG00000266495.1","ENSG00000266495","antisense","chr18",20837128,20840318,"-",3191,TRUE,0.391414141414141,0.00170064676049668,0,0.00314566057689111,0.00168482582226532,0.000532161166769571
"RP11-17M16.2","ENSG00000265778.1","ENSG00000265778","antisense","chr18",74203608,74205487,"+",1880,TRUE,0.416666666666667,0.0019742213548916,0.00257783604511754,0.0029806664687572,0.0008269855550315,0.00134301817930558
"RP11-180C16.1","ENSG00000273489.1","ENSG00000273489","antisense","chr7",131178723,131182453,"-",3731,TRUE,0.126262626262626,0.000693075959883361,0,0.000867967302557149,0,0.00146962561566194
"RP11-180M15.4","ENSG00000256658.1","ENSG00000256658","antisense","chr12",12876231,12876945,"-",715,TRUE,0.151515151515152,0.000933913107991955,0,0.00104365025854928,0.00114673833924729,0.00105050549700596
"RP11-181E10.3","ENSG00000271590.1","ENSG00000271590","lincRNA","chr2",111968572,111970053,"-",1482,TRUE,0.568181818181818,0.00505263895348665,0,0.0045066029393904,0.00801235427986145,0.00555570757351041
"RP11-181G12.2","ENSG00000182873.4","ENSG00000182873","antisense","chr1",2113233,2115828,"-",2596,TRUE,0.164141414141414,0.000922757057277163,0.00165647475131992,0.00122290881675817,0.00104684890386224,0
"RP11-181G12.4","ENSG00000234396.3","ENSG00000234396","lincRNA","chr1",2143962,2152177,"+",8216,TRUE,0.164141414141414,0.000277773376463432,0,0.000762024642047241,0,0
"RP11-182I10.3","ENSG00000226891.2","ENSG00000226891","lincRNA","chr1",65437908,65468159,"-",30252,TRUE,0.0378787878787879,0.000244324490711393,0,0.000427625911544481,0.000356848680491757,0
"RP11-182L21.6","ENSG00000272447.1","ENSG00000272447","lincRNA","chr10",81585658,81587358,"+",1701,TRUE,0.921717171717172,0.00619850186422058,0.00795684250739222,0.00896766893635205,0.0028570600890138,0.00459061545958456
"RP11-182N22.8","ENSG00000234181.1","ENSG00000234181","antisense","chr9",35096375,35098138,"+",1764,TRUE,0.138888888888889,0.000654586528083561,0,0.00116523251859964,0,0.000896699025233812
"RP11-184A2.3","ENSG00000229672.2","ENSG00000229672","antisense","chr10",3793259,3805418,"+",12160,TRUE,0.0505050505050505,0.000128750996583137,0,0.000353206751970364,0,0
"RP11-185E8.1","ENSG00000240497.2","ENSG00000240497","lincRNA","chr3",171185873,171187422,"+",1550,TRUE,0.0883838383838384,0.000312853622850175,0,0.000858261410797847,0,0
"RP11-187C18.2","ENSG00000232116.2","ENSG00000232116","lincRNA","chr9",45484572,45488153,"+",3582,TRUE,0.441919191919192,0.00285978375769046,0.00094360613934808,0.00376039388049029,0.00407089212870319,0.00138951654894905
"RP11-188D8.1","ENSG00000271427.1","ENSG00000271427","lincRNA","chr1",117907521,117908095,"-",575,TRUE,0.0378787878787879,0.00011650416425475,0,4.47436648260101e-05,0.000404247590700423,0
"RP11-188P17.2","ENSG00000272646.1","ENSG00000272646","lincRNA","chr4",183802930,183803356,"-",427,TRUE,0.0505050505050505,0.000249205781094749,0,0.000683654238403328,0,0
"RP11-18H21.1","ENSG00000245954.2","ENSG00000245954","lincRNA","chr4",153021906,153025872,"+",3967,TRUE,0.151515151515152,0.000810448712134217,0,0.0011946639612489,0.00151286752112961,0
"RP11-18H21.3","ENSG00000251377.1","ENSG00000251377","lincRNA","chr4",153128573,153147022,"-",18450,TRUE,0.113636363636364,0.00117118026598143,0,0.000433418285176981,0,0.00395294045185564
"RP11-18H7.1","ENSG00000242622.1","ENSG00000242622","lincRNA","chr3",119813742,119855630,"+",41889,TRUE,0.416666666666667,0.0024645452150694,0.00339586734959522,0.00387188052167868,0.00125991793678705,0.00115081679003511
"RP11-18I14.11","ENSG00000273262.1","ENSG00000273262","antisense","chr10",104242796,104243316,"+",521,TRUE,0.0505050505050505,0.000220932750586308,0,0.000123710488665693,0.000709442284190374,0
"RP11-190C22.8","ENSG00000272662.1","ENSG00000272662","lincRNA","chr3",119216525,119217028,"-",504,TRUE,0.340909090909091,0.00231570989787195,0,0.00287734491543078,0.00423858454599559,0.000843934067245236
"RP11-190C22.9","ENSG00000272967.1","ENSG00000272967","antisense","chr3",119298059,119298497,"-",439,TRUE,0.340909090909091,0.00130520879340833,0,0.00358062128292137,0,0
"RP11-191G24.1","ENSG00000227070.1","ENSG00000227070","antisense","chr1",51983981,52027301,"+",43321,TRUE,0.53030303030303,0.00302976465298603,0,0.00416986164402688,0.002545442035418,0.00342888806394988
"RP11-191L17.1","ENSG00000272663.1","ENSG00000272663","lincRNA","chr2",48667182,48667736,"-",555,TRUE,1.18686868686869,0.00567261678212949,0.00383080202912133,0.0116851465674466,0.0025765273738563,0.00105928543304484
"RP11-191N8.2","ENSG00000227925.1","ENSG00000227925","lincRNA","chr1",222001008,222014008,"-",13001,TRUE,0.0631313131313131,0.000340361633264954,0,0.000933725020941614,0,0
"RP11-192H23.6","ENSG00000265287.2","ENSG00000265287","antisense","chr17",26934981,26936748,"+",1768,TRUE,0.138888888888889,0.00119994638370877,0,0.00103721697539522,0.0025566725606159,0.000734178184491844
"RP11-195B17.1","ENSG00000272148.1","ENSG00000272148","antisense","chr2",27285296,27285775,"-",480,TRUE,0.164141414141414,0.00166592327630812,0.00172888168629538,0.000760075864134691,0.00221795730796597,0.00238812127060053
"RP11-195C7.1","ENSG00000236021.1","ENSG00000236021","antisense","chr1",176176784,176198466,"+",21683,TRUE,0.29040404040404,0.00147299764818982,0.00210286480817998,0.00205618783643902,0.00113084040575666,0.000651777326530246
"RP11-195E2.4","ENSG00000254353.1","ENSG00000254353","lincRNA","chr5",70328995,70330227,"-",1233,TRUE,0.138888888888889,0.000599650469786473,0.00180618464946179,0.000994388529708558,0,0
"RP11-195F19.9","ENSG00000230074.1","ENSG00000230074","antisense","chr9",34665662,34681295,"+",15634,TRUE,0.315656565656566,0.00263253346048635,0.00432814707508228,0.00144340179315474,0.00403355789887527,0.00210020537765342
"RP11-196G11.2","ENSG00000260911.1","ENSG00000260911","lincRNA","chr16",31054471,31061201,"+",6731,TRUE,0.0631313131313131,0.000249952414628067,0,0.000471857977005285,0.000314502875313312,0
"RP11-196G18.21","ENSG00000242663.1","ENSG00000242663","antisense","chr1",149754433,149783312,"-",28880,TRUE,0.277777777777778,0.00135844062026418,0,0.00282460821592226,0.0013266458446891,0
"RP11-196G18.23","ENSG00000264207.1","ENSG00000264207","antisense","chr1",149802876,149804109,"-",1234,TRUE,0.946969696969697,0.0044322905281081,0.00139761628423193,0.0068340583815561,0.00527895752377855,0.00175256151738188
"RP11-196G18.24","ENSG00000272993.1","ENSG00000272993","lincRNA","chr1",149817383,149818053,"+",671,TRUE,1.26262626262626,0.0115145738690659,0.00965218837110178,0.00599086373288276,0.0128345153071373,0.0190479664986766
"RP11-196O16.1","ENSG00000273477.1","ENSG00000273477","lincRNA","chr7",16127152,16129275,"-",2124,TRUE,0.164141414141414,0.00101054468761048,0.00265944028800032,0.00121660463180598,0.000452251633283378,0.000412605171524884
"RP11-197K3.1","ENSG00000242290.1","ENSG00000242290","lincRNA","chr3",114172440,114238979,"+",66540,TRUE,0.227272727272727,0.00149121707923282,0.00106086619596878,0.0014485703063468,0.000705262042321435,0.00253235791143658
"RP11-197N18.7","ENSG00000251497.2","ENSG00000251497","lincRNA","chr12",123565931,123569291,"+",3361,TRUE,0.328282828282828,0.00206083836920761,0,0.00363892713751388,0.00296294306577772,0
"RP11-197P3.4","ENSG00000203321.2","ENSG00000203321","antisense","chr9",77567884,77611209,"+",43326,TRUE,0.176767676767677,0.000798541952473102,0,0.00119456104235907,0.0011271044047026,0.000326723442298091
"RP11-1C8.6","ENSG00000266289.1","ENSG00000266289","lincRNA","chr8",104395306,104396082,"-",777,TRUE,0.0757575757575758,0.000472488051452013,0,0.000767006774013711,0.00077827652110156,0
"RP11-1E4.1","ENSG00000260093.1","ENSG00000260093","antisense","chr8",9907995,9911764,"-",3770,TRUE,0.126262626262626,0.000809556180959376,0,0.00128206953023115,0.00138071840011255,0
"RP11-1L12.3","ENSG00000254560.1","ENSG00000254560","antisense","chr11",27068733,27241660,"-",172928,TRUE,0.909090909090909,0.00399584613521051,0,0.0078640377861791,0.00399820005468296,0.000539486499914073
"RP11-201E8.1","ENSG00000244464.1","ENSG00000244464","lincRNA","chr3",99316908,99342664,"+",25757,TRUE,0.0505050505050505,0.00019104301277199,0,0.0001809996184544,0.000504592339621147,0
"RP11-203B9.4","ENSG00000226803.3","ENSG00000226803","antisense","chr6",56979692,57039034,"-",59343,TRUE,0.0883838383838384,0.000502215907454715,0,0.00081411710964272,0.000828932191290275,0
"RP11-203E8.1","ENSG00000253891.1","ENSG00000253891","lincRNA","chr8",24027470,24034593,"-",7124,TRUE,0.126262626262626,0.000967789940328038,0.00335943800762926,0.00144478032541172,0,0
"RP11-203J24.8","ENSG00000227218.3","ENSG00000227218","antisense","chr9",130696782,130703231,"+",6450,TRUE,0.176767676767677,0.00115662536877038,0.00173926596439517,0.00146186106038257,0.00100680216755118,0.000568911715006381
"RP11-203M5.8","ENSG00000258908.1","ENSG00000258908","lincRNA","chr14",20942948,20945248,"-",2301,TRUE,0.303030303030303,0.00114017055081781,0,0.00166212658508608,0.000786251324806113,0.0013242265816449
"RP11-204L24.2","ENSG00000265451.1","ENSG00000265451","antisense","chr2",122287998,122290281,"+",2284,TRUE,0.77020202020202,0.00593549200385995,0,0.00279008278853808,0.00796969092724484,0.0114825735812215
"RP11-204M4.2","ENSG00000204837.2","ENSG00000204837","lincRNA","chr9",41961615,42019580,"-",57966,TRUE,0.71969696969697,0.00344840221552723,0.00189990399683034,0.00684646087197826,0.00105506116408447,0.00172346196442021
"RP11-206L10.2","ENSG00000228327.2","ENSG00000228327","lincRNA","chr1",700237,714006,"-",13770,TRUE,0.694444444444444,0.00416836238566536,0.00279366024594615,0.00457169785719903,0.00618955362204261,0.00234455072161695
"RP11-206L10.3","ENSG00000235373.1","ENSG00000235373","lincRNA","chr1",677193,685396,"-",8204,TRUE,0.0883838383838384,0.000601542771662376,0,0.000295183569414814,0.000116189951009124,0.00181475020336677
"RP11-206L10.9","ENSG00000237491.4","ENSG00000237491","lincRNA","chr1",714150,745440,"+",31291,TRUE,2.65151515151515,0.0226118545662863,0.0189436232574058,0.0134939335570104,0.0192815264487649,0.0406787671819069
"RP11-20B24.4","ENSG00000266642.1","ENSG00000266642","antisense","chr17",27224756,27226412,"+",1657,TRUE,0.0378787878787879,0.000292754079556124,0,0.000387345773460988,0,0.000591302986257453
"RP11-20D14.6","ENSG00000249790.2","ENSG00000249790","lincRNA","chr12",8940853,8948385,"+",7533,TRUE,1.52777777777778,0.00998519907086802,0,0.0153738451036097,0.010521284398926,0.00691881997638516
"RP11-20E24.1","ENSG00000257526.1","ENSG00000257526","lincRNA","chr12",76956074,77009211,"+",53138,TRUE,0.189393939393939,0.00060754087840791,0,0.00109164162067223,0.000845723075960222,0
"RP11-20I20.4","ENSG00000273179.1","ENSG00000273179","antisense","chr4",1161566,1161962,"+",397,TRUE,0.0378787878787879,0.000282217796861078,0,0.000136513053854895,0,0.000906922051556975
"RP11-20I23.13","ENSG00000261613.2","ENSG00000261613","antisense","chr16",2604061,2606061,"-",2001,TRUE,3.10606060606061,0.023779291616981,0.0255519732539538,0.0199366301450738,0.030290841912023,0.022039390896674
"RP11-20I23.6","ENSG00000261140.1","ENSG00000261140","antisense","chr16",2619044,2621937,"-",2894,TRUE,1.86868686868687,0.0122353102525108,0.0138116485015718,0.0137281276924823,0.0127227675081944,0.0088333229022015
"RP11-20I23.8","ENSG00000269937.1","ENSG00000269937","antisense","chr16",2611472,2615097,"-",3626,TRUE,2.02020202020202,0.0140640821076596,0.0114913232988101,0.0124652958204031,0.0197628270777144,0.0121452292979532
"RP11-211G3.2","ENSG00000223401.1","ENSG00000223401","lincRNA","chr3",187461474,187463208,"+",1735,TRUE,0.0631313131313131,0.000336281804684449,0,0.000922532695913003,0,0
"RP11-211N8.2","ENSG00000226007.2","ENSG00000226007","lincRNA","chr9",46843638,46846025,"+",2388,TRUE,0.0378787878787879,0.000197243260792651,0,0.000379213017951046,0.000238094061463639,0
"RP11-212I21.4","ENSG00000261997.1","ENSG00000261997","lincRNA","chr16",55572112,55575939,"+",3828,TRUE,0.0505050505050505,9.05272797769488e-05,0,0.000248346399665201,0,0
"RP11-212P7.2","ENSG00000273270.1","ENSG00000273270","lincRNA","chr7",128164070,128171123,"-",7054,TRUE,1.61616161616162,0.0117435191712998,0.00965014348814571,0.013481576851408,0.015587434379696,0.00662713130623895
"RP11-213H15.1","ENSG00000234292.3","ENSG00000234292","lincRNA","chr5",90575914,90576959,"-",1046,TRUE,0.176767676767677,0.000723746235048573,0,0.00198547633584506,0,0
"RP11-214K3.24","ENSG00000269923.1","ENSG00000269923","lincRNA","chr12",124570308,124573142,"+",2835,TRUE,0.0505050505050505,0.000186245509630798,0,0.000130191083472815,0.00055996066138049,0
"RP11-214N9.1","ENSG00000271855.1","ENSG00000271855","lincRNA","chr2",9696028,9696904,"+",877,TRUE,0.845959595959596,0.00414982904760158,0,0.00770108983554786,0.00185972771567238,0.00343987891424283
"RP11-214O1.2","ENSG00000266709.1","ENSG00000266709","lincRNA","chr17",14207171,14208822,"+",1652,TRUE,0.492424242424242,0.00161054715215751,0,0.00441826582787928,0,0
"RP11-214O1.3","ENSG00000266378.1","ENSG00000266378","lincRNA","chr17",14230652,14232791,"+",2140,TRUE,0.0505050505050505,0.000195151996571585,0,0.000355122810834812,0,0.000256337072890072
"RP11-215G15.5","ENSG00000272016.1","ENSG00000272016","lincRNA","chr5",10654332,10657928,"+",3597,TRUE,9.84848484848485,0.0573336383523957,0.0610204033247856,0.114953438474128,0.0239516750188454,0.00578004007704279
"RP11-215P8.3","ENSG00000248559.1","ENSG00000248559","antisense","chr5",133735186,133737612,"+",2427,TRUE,0.202020202020202,0.00191243024396568,0,0.000926299368507203,0.00635365321208757,0
"RP11-215P8.4","ENSG00000250564.1","ENSG00000250564","lincRNA","chr5",133764742,133796306,"-",31565,TRUE,0.0252525252525253,0.000398646262725319,0,0.000494266243784399,0,0.000852380174866486
"RP11-216B9.6","ENSG00000228395.1","ENSG00000228395","antisense","chr9",131291180,131314689,"-",23510,TRUE,0.252525252525253,0.000993464106302586,0,0.00196150100121962,0.00112347546173991,0
"RP11-216P16.2","ENSG00000271769.1","ENSG00000271769","antisense","chr12",121438289,121439071,"-",783,TRUE,0.265151515151515,0.00117616356099851,0,0.00253298231790805,0,0.00098645096123529
"RP11-217B1.2","ENSG00000261441.1","ENSG00000261441","antisense","chr15",89878284,89879392,"+",1109,TRUE,1.12373737373737,0.00510850897012628,0.00687025293129428,0.00818838983206239,0.00382023506872577,0.00107158872403018
"RP11-218F10.3","ENSG00000273449.1","ENSG00000273449","lincRNA","chr4",164450923,164451849,"+",927,TRUE,0.23989898989899,0.00120059650031484,0,0.00205987857057803,0.00143298038942513,0.000368923322558257
"RP11-218M22.1","ENSG00000177406.4","ENSG00000177406","antisense","chr12",740057,772872,"+",32816,TRUE,2.03282828282828,0.0136166728653083,0.0066965477003716,0.0165159538582417,0.0119231416215212,0.0146763318685052
"RP11-219B17.1","ENSG00000245534.2","ENSG00000245534","antisense","chr15",60771377,60922836,"+",151460,TRUE,0.707070707070707,0.00631832755380088,0.00475267271644599,0.00380168072197083,0.00222600180286162,0.0146567885801241
"RP11-219B4.7","ENSG00000260493.1","ENSG00000260493","antisense","chr8",86084312,86089297,"-",4986,TRUE,0.467171717171717,0.0032662125239684,0.00510142279918362,0.00321798322780867,0.00495995407918542,0.000756756671208953
"RP11-219C20.3","ENSG00000273097.1","ENSG00000273097","lincRNA","chr4",165991760,165992156,"-",397,TRUE,0.126262626262626,0.000495785954001885,0,0.00124518953053973,0.000169007937354421,0
"RP11-219D15.3","ENSG00000272656.1","ENSG00000272656","antisense","chr3",139067866,139068213,"-",348,TRUE,0.227272727272727,0.00164945430873958,0,0.000756862642459756,0.00341182488021725,0.00205970612638903
"RP11-219E7.1","ENSG00000258810.1","ENSG00000258810","antisense","chr14",21252047,21252452,"+",406,TRUE,0.252525252525253,0.00144249727383994,0,0.00163228845517518,0.000763059310508585,0.00256860897152374
"RP11-219E7.3","ENSG00000259130.1","ENSG00000259130","lincRNA","chr14",21338437,21341751,"-",3315,TRUE,0.151515151515152,0.00119926220810076,0,4.58899629813967e-05,0,0.00461363170691169
"RP11-219G17.4","ENSG00000204277.1","ENSG00000204277","lincRNA","chr17",76257430,76274573,"-",17144,TRUE,0.265151515151515,0.00287678945084747,0,0.000338388030567612,0.00457962821413306,0.00631400789266997
"RP11-21A7A.3","ENSG00000256341.1","ENSG00000256341","antisense","chr11",63885744,63886682,"-",939,TRUE,0.113636363636364,0.000564098756840309,0,0.000925167908100912,0.000143201092260834,0.000746600324817684
"RP11-21I10.2","ENSG00000249356.1","ENSG00000249356","lincRNA","chr4",119990479,119991452,"-",974,TRUE,0.176767676767677,0.000408609956736412,0,0.00112095284286539,0,0
"RP11-21M24.2","ENSG00000260790.1","ENSG00000260790","antisense","chr16",22386180,22389501,"+",3322,TRUE,0.0378787878787879,0.000480199354708473,0,0,0.00121800655176005,0.000695680802062128
"RP11-220I1.1","ENSG00000233137.2","ENSG00000233137","lincRNA","chr9",37079893,37090398,"+",10506,TRUE,38.0555555555556,0.354854904812017,0.407925219897772,0.464721016440875,0.22689524861167,0.295154517205903
"RP11-220I1.2","ENSG00000233242.2","ENSG00000233242","antisense","chr9",37112545,37115487,"-",2943,TRUE,0.0378787878787879,7.95992266417384e-05,0,0.000218367119848482,0,0
"RP11-220I1.5","ENSG00000260100.1","ENSG00000260100","lincRNA","chr9",37078810,37079773,"-",964,TRUE,0.176767676767677,0.00087224994079038,0,0.00222867456546643,0,0.000233515300767596
"RP11-222K16.1","ENSG00000271943.1","ENSG00000271943","lincRNA","chr3",27679806,27680267,"+",462,TRUE,0.101010101010101,0.000704951364898304,0,0.000367263204130232,0.000674298144914375,0.00157599935034664
"RP11-222K16.2","ENSG00000272282.1","ENSG00000272282","lincRNA","chr3",27754401,27755496,"+",1096,TRUE,0.151515151515152,0.000783427767744554,0,0.00205563222249813,0.000137614719401301,0
"RP11-225B17.2","ENSG00000273014.1","ENSG00000273014","lincRNA","chr7",32798494,32798965,"+",472,TRUE,0.909090909090909,0.00438470180747216,0.00174276239927286,0.0071893973157112,0.00403880819237274,0.00208393836839894
"RP11-225H22.4","ENSG00000234699.1","ENSG00000234699","antisense","chr10",105212603,105222452,"+",9850,TRUE,0.151515151515152,0.000761400425462495,0.00118444713836513,0.00141520892639245,0.000363096370488137,0
"RP11-225H22.7","ENSG00000273485.1","ENSG00000273485","antisense","chr10",105209953,105210609,"+",657,TRUE,0.126262626262626,0.00111603355009266,0.00260740172319939,0.00150755406361497,0,0.000874374060566533
"RP11-227D13.1","ENSG00000259705.1","ENSG00000259705","lincRNA","chr15",48938148,48944213,"+",6066,TRUE,0.101010101010101,0.000352601671671626,0,0.000617444183510068,0.00051454094846954,0
"RP11-227D13.4","ENSG00000259469.1","ENSG00000259469","lincRNA","chr15",49021277,49022041,"-",765,TRUE,0.391414141414141,0.00225310892863757,0.00275846314333696,0.00508854930910459,0.000145277223817718,0
"RP11-227G15.8","ENSG00000266385.1","ENSG00000266385","lincRNA","chr17",30738236,30739439,"+",1204,TRUE,0.0505050505050505,0.000329760799449901,0,0.000358387203502243,0.000803383431040369,0
"RP11-228B15.4","ENSG00000225032.1","ENSG00000225032","antisense","chr9",130578345,130584799,"+",6455,TRUE,0.101010101010101,0.000631912757381573,0.00268049769599623,0.000623444659581428,0.000212504687933974,0
"RP11-229P13.20","ENSG00000235117.2","ENSG00000235117","lincRNA","chr9",139931492,139932407,"+",916,TRUE,1.33838383838384,0.00714136462845929,0.00384108512923677,0.00989115303324284,0.0115378359418433,0.000670122444424084
"RP11-22N19.2","ENSG00000273320.1","ENSG00000273320","antisense","chr7",105925926,105926772,"+",847,TRUE,3.62373737373737,0.0171117888675603,0.00330216573362507,0.0397327954527237,0.00722640799156102,0.00157492419145791
"RP11-22P4.1","ENSG00000255322.1","ENSG00000255322","lincRNA","chr11",28373654,28548588,"+",174935,TRUE,0.126262626262626,0.0010653057104246,0.000998276981636469,0.000660719660909264,0,0.00270518005153492
"RP11-22P6.2","ENSG00000261766.1","ENSG00000261766","antisense","chr16",28873487,28874661,"-",1175,TRUE,0.378787878787879,0.00282290697781651,0,0.00347412982787294,0.00567121376454812,0.000588678734694393
"RP11-22P6.3","ENSG00000260442.1","ENSG00000260442","antisense","chr16",28890278,28891241,"-",964,TRUE,6.56565656565657,0.0362411110927962,0.00154202180084649,0.0625211198386544,0.0446400761645168,0.00852165256006104
"RP11-230C9.2","ENSG00000271551.1","ENSG00000271551","lincRNA","chr6",157097494,157098211,"-",718,TRUE,0.340909090909091,0.00161033152950888,0,0.0036602080538988,0.000624906491451612,0.00047296237408126
"RP11-230C9.3","ENSG00000270487.1","ENSG00000270487","antisense","chr6",157101461,157101589,"-",129,TRUE,0.404040404040404,0.00298537504449863,0,0.00252869684001011,0.00753132866264768,0.000768386409134268
"RP11-230C9.4","ENSG00000271265.1","ENSG00000271265","lincRNA","chr6",157095351,157095796,"-",446,TRUE,0.126262626262626,0.000472684406173316,0,0.0012967303418402,0,0
"RP11-231D20.2","ENSG00000253408.1","ENSG00000253408","antisense","chr8",42091193,42128715,"-",37523,TRUE,0.303030303030303,0.00158364997375558,0,0.00434447793285217,0,0
"RP11-231G3.1","ENSG00000272308.1","ENSG00000272308","lincRNA","chr5",60162284,60162762,"-",479,TRUE,0.277777777777778,0.00171928844966171,0,0.0022790796139554,0.000933342255117305,0.00256399548228388
"RP11-235C23.5","ENSG00000228317.1","ENSG00000228317","antisense","chr9",108316316,108320310,"-",3995,TRUE,0.164141414141414,0.00187125447903406,0.00161441503111252,0.00133830492189123,0.00329591649520752,0.00138313963152729
"RP11-235E17.6","ENSG00000262903.1","ENSG00000262903","antisense","chr17",3558915,3561386,"-",2472,TRUE,0.0378787878787879,0.000359262295432169,0,0.000117750686176176,0,0.00123419268415377
"RP11-236B18.2","ENSG00000225519.1","ENSG00000225519","lincRNA","chr10",92754377,92766147,"+",11771,TRUE,0.0505050505050505,0.000226487346736351,0,0.000621330026377521,0,0
"RP11-23P13.6","ENSG00000174171.4","ENSG00000174171","antisense","chr15",42184991,42190773,"+",5783,TRUE,0.176767676767677,0.0018135554002501,0.00937827963661895,0.00108559617450067,0.000751824652121065,0
"RP11-23P13.7","ENSG00000272003.1","ENSG00000272003","lincRNA","chr15",42188137,42189031,"-",895,TRUE,0.732323232323232,0.00592579904048576,0,0.00562448013622019,0.00290305964339092,0.0123131764371444
"RP11-240M16.1","ENSG00000229922.1","ENSG00000229922","lincRNA","chr6",138266503,138293659,"+",27157,TRUE,0.0757575757575758,0.000326194075490285,0,0.000508982608633592,0.000567511098704983,0
"RP11-242D8.1","ENSG00000267002.1","ENSG00000267002","lincRNA","chr17",41316200,41322420,"-",6221,TRUE,0.681818181818182,0.00409976920075585,0.00305339669559854,0.00435316149194966,0.00299693111290757,0.00534191453431904
"RP11-242F4.2","ENSG00000271948.1","ENSG00000271948","lincRNA","chr8",17082473,17082978,"-",506,TRUE,0.517676767676768,0.00393592538963557,0.00803439984256197,0.00407293728957203,0.00387295527074381,0.00170225226511563
"RP11-242J7.1","ENSG00000254233.1","ENSG00000254233","lincRNA","chr4",185505247,185546184,"-",40938,TRUE,0.113636363636364,0.000899390932428912,0.00310974109164692,0.00134708882906969,0,0
"RP11-243J16.7","ENSG00000236559.1","ENSG00000236559","antisense","chr20",30274019,30304628,"+",30610,TRUE,0.0378787878787879,0.000168917108526049,0,9.29039700403851e-05,0,0.000526901348778186
"RP11-245C23.3","ENSG00000272700.1","ENSG00000272700","antisense","chr3",178954479,178955163,"-",685,TRUE,0.0505050505050505,0.000436443189599548,0,0.000521161103190238,0,0.000961595052570545
"RP11-245G13.2","ENSG00000271952.1","ENSG00000271952","lincRNA","chr2",11018395,11025244,"+",6850,TRUE,0.214646464646465,0.00127721908640088,0.00199627272179265,0.00278470783984434,0,0
"RP11-245J9.4","ENSG00000243410.1","ENSG00000243410","antisense","chr3",63997640,64001922,"+",4283,TRUE,0.0505050505050505,0.000438922087575111,0,0.000898950520629917,0.000448799175005758,0
"RP11-245J9.5","ENSG00000271843.1","ENSG00000271843","lincRNA","chr3",63993758,63994368,"-",611,TRUE,0.0505050505050505,0.000429588374280877,0,0.00047266641496359,0,0.00100381871148013
"RP11-245J9.6","ENSG00000272181.1","ENSG00000272181","antisense","chr3",64005184,64005601,"+",418,TRUE,0.101010101010101,0.000875204285685371,0.00452250913781535,0.000391953470499327,0.000558654493106789,0
"RP11-245P10.6","ENSG00000270104.1","ENSG00000270104","lincRNA","chr1",228571815,228572717,"-",903,TRUE,0.53030303030303,0.00154850331862173,0,0.00156140712680792,0.00229349171327755,0.00160307373163833
"RP11-247L20.4","ENSG00000259071.1","ENSG00000259071","lincRNA","chr14",50793244,50794627,"-",1384,TRUE,0.151515151515152,0.000582519602749922,0,0.00114957109467766,0,0.000637804681499984
"RP11-24C3.2","ENSG00000244380.1","ENSG00000244380","antisense","chr3",48481762,48488060,"-",6299,TRUE,0.631313131313131,0.0024508706712505,0.00161749146450287,0.00531722419339973,0.000797497211950047,0.000400192768383258
"RP11-24N18.1","ENSG00000260570.1","ENSG00000260570","antisense","chr16",28841933,28848521,"-",6589,TRUE,0.353535353535354,0.00152830523835517,0,0.00209998763204616,0.00223212561700678,0.000817660397966185
"RP11-250B2.3","ENSG00000233967.2","ENSG00000233967","lincRNA","chr6",81153061,81175644,"+",22584,TRUE,0.0378787878787879,0.000267791374887329,0,0.000190180510835071,0.000800742004241873,0
"RP11-250B2.6","ENSG00000272129.1","ENSG00000272129","lincRNA","chr6",81065141,81066576,"+",1436,TRUE,0.101010101010101,0.000600241575213149,0,0.000589740262328532,0.000516003698507383,0.00100414673801757
"RP11-251G23.5","ENSG00000272604.1","ENSG00000272604","antisense","chr7",105211530,105214107,"+",2578,TRUE,1.01010101010101,0.00698534225501972,0.00443680816799183,0.00738500193183441,0.00467555318999375,0.00995616683540935
"RP11-252A24.3","ENSG00000261079.1","ENSG00000261079","lincRNA","chr16",74401360,74403724,"+",2365,TRUE,0.29040404040404,0.00153687255150028,0,0.00200199449596359,0.0016419800610792,0.00156111607789993
"RP11-252A24.7","ENSG00000260539.1","ENSG00000260539","lincRNA","chr16",74481325,74483790,"-",2466,TRUE,5.9469696969697,0.041355428430284,0.00686311082160435,0.0398936740001603,0.0700626636929898,0.0333454740126004
"RP11-252C15.1","ENSG00000254813.1","ENSG00000254813","lincRNA","chr8",12623358,12668987,"-",45630,TRUE,0.252525252525253,0.00137608992581888,0,0.00215925285499927,0.00237639797254338,0
"RP11-253I19.3","ENSG00000255670.1","ENSG00000255670","lincRNA","chr12",12638287,12644515,"+",6229,TRUE,0.0505050505050505,0.00018285804416822,0,0.00050164035670672,0,0
"RP11-253M7.1","ENSG00000259426.1","ENSG00000259426","antisense","chr15",69689243,69707368,"-",18126,TRUE,0.0378787878787879,0.000237513027147521,0.00121010270161021,4.28976159542736e-05,0,0.000245690122203824
"RP11-254F7.2","ENSG00000260077.1","ENSG00000260077","lincRNA","chr2",10179219,10180790,"-",1572,TRUE,1.17424242424242,0.00929266798195063,0.0198050910010534,0.00986790370438377,0.00549681656649383,0.0067594812124976
"RP11-254F7.4","ENSG00000272524.1","ENSG00000272524","lincRNA","chr2",10260861,10261192,"+",332,TRUE,0.997474747474748,0.00371429842837257,0,0.00837825024893916,0.00266389968620654,0
"RP11-254I22.1","ENSG00000250551.1","ENSG00000250551","lincRNA","chr5",95385819,95551223,"+",165405,TRUE,0.138888888888889,0.000503624404313526,0,0.000800068251250569,0.00085527674009309,0
"RP11-255C15.3","ENSG00000260743.1","ENSG00000260743","lincRNA","chr3",179058110,179059675,"+",1566,TRUE,0.101010101010101,0.000366133255122841,0,0.000639853120335409,0.000536179023007934,0
"RP11-255C15.4","ENSG00000273190.1","ENSG00000273190","lincRNA","chr3",179055910,179056371,"+",462,TRUE,0.707070707070707,0.00355877327670481,0.00610691134703119,0.00527533893913935,0.00172603161991542,0.00158433150906423
"RP11-255E6.6","ENSG00000273394.1","ENSG00000273394","antisense","chr3",113665852,113666417,"-",566,TRUE,0.126262626262626,0.000772029583386878,0,0.0012320229303583,0.000142283193679961,0.00112232620260389
"RP11-255H23.4","ENSG00000267924.1","ENSG00000267924","lincRNA","chr19",24000401,24057503,"-",57103,TRUE,0.0505050505050505,0.000198817955945121,0,0.000313596217539671,0.000340950550712342,0
"RP11-256L11.3","ENSG00000255655.1","ENSG00000255655","antisense","chr12",109883215,109885302,"-",2088,TRUE,0.252525252525253,0.00179853883373154,0,0.00189472637900715,0.00195184332469542,0.00243491825644485
"RP11-258C19.5","ENSG00000232593.2","ENSG00000232593","lincRNA","chrX",53123327,53196196,"+",72870,TRUE,0.202020202020202,0.00109097538623769,0,0.00154837524676488,0.000802134054595099,0.0012787076711439
"RP11-258C19.7","ENSG00000270189.1","ENSG00000270189","lincRNA","chrX",53198279,53200096,"+",1818,TRUE,1.3510101010101,0.00889423293136238,0.00627257623212893,0.00967016588342772,0.00474643400702071,0.0131447422038121
"RP11-258F1.1","ENSG00000266677.1","ENSG00000266677","antisense","chr17",18075939,18088067,"-",12129,TRUE,0.265151515151515,0.00171732681472266,0.000962821466623273,0.00175252985042722,0.0017484658460205,0.00202369552383922
"RP11-259N19.1","ENSG00000272711.1","ENSG00000272711","lincRNA","chr2",75059782,75061114,"-",1333,TRUE,0.997474747474748,0.00424047630837526,0,0.0091951700758691,0.0014561948923276,0.00205891910328024
"RP11-25K19.1","ENSG00000167912.5","ENSG00000167912","antisense","chr8",60031599,60033905,"+",2307,TRUE,8.80050505050505,0.0452142980922243,0.00421689328387019,0.0897722989393578,0.033703355362192,0.0139799794390555
"RP11-25O10.2","ENSG00000272371.1","ENSG00000272371","lincRNA","chr1",53020490,53020945,"+",456,TRUE,0.0378787878787879,0.000115539231916401,0,0.000316962492822271,0,0
"RP11-260M19.1","ENSG00000258598.1","ENSG00000258598","lincRNA","chr14",104842867,104845288,"-",2422,TRUE,0.0505050505050505,7.19833059605207e-05,0,0.000197474119573025,0,0
"RP11-260M2.1","ENSG00000272807.1","ENSG00000272807","antisense","chr2",210893141,210893880,"+",740,TRUE,0.366161616161616,0.00200815927349757,0,0.00320263138472765,0.000256968165198259,0.00303162370941274
"RP11-261C10.3","ENSG00000214837.4","ENSG00000214837","lincRNA","chr1",243242159,243265035,"-",22877,TRUE,0.277777777777778,0.00146504500059256,0,0.00190388991573353,0.00239987730529436,0.000687520722993854
"RP11-262H14.1","ENSG00000238113.2","ENSG00000238113","lincRNA","chr9",66457285,66469310,"+",12026,TRUE,5.55555555555556,0.039609146665674,0.0111681212246304,0.0444135630987893,0.0451813489456872,0.0419589413162233
"RP11-262H14.3","ENSG00000234665.4","ENSG00000234665","lincRNA","chr9",66513488,66553911,"-",40424,TRUE,1.70454545454545,0.00836176985721889,0,0.0179636734793707,0.0042115731889932,0.00300333682967327
"RP11-262H14.4","ENSG00000170161.6","ENSG00000170161","lincRNA","chr9",66553273,66555928,"+",2656,TRUE,3.71212121212121,0.0184352809557954,0.00876690674152122,0.0310080157568972,0.0144393471857106,0.00937205031675155
"RP11-263K19.4","ENSG00000231064.1","ENSG00000231064","antisense","chr1",155166659,155175286,"+",8628,TRUE,0.126262626262626,0.000465064330843959,0,0.00081702503421703,0,0.000652491737191916
"RP11-263K19.6","ENSG00000236263.1","ENSG00000236263","antisense","chr1",155180942,155183610,"-",2669,TRUE,0.176767676767677,0.000812017734402489,0.00184580213040909,0.000811198310566007,0.00110525558748762,0
"RP11-264B14.2","ENSG00000267449.1","ENSG00000267449","antisense","chr17",59147217,59147717,"-",501,TRUE,0.0631313131313131,0.000109947908246982,0,0.000301623634678246,0,0
"RP11-264B17.2","ENSG00000260853.1","ENSG00000260853","antisense","chr16",28968008,28978204,"-",10197,TRUE,0.0252525252525253,9.62515881786205e-05,0,0.000264050079104494,0,0
"RP11-264F23.3","ENSG00000256164.1","ENSG00000256164","antisense","chr12",4357931,4385350,"-",27420,TRUE,1.03535353535354,0.00659373508709596,0,0.0059209031650161,0.00933890041736967,0.00827412459758711
"RP11-265N6.1","ENSG00000261684.1","ENSG00000261684","antisense","chr15",42824065,42825038,"-",974,TRUE,0.202020202020202,0.00079121585628295,0,0.00143432074674704,0.00108280467952229,0
"RP11-266J6.2","ENSG00000269886.1","ENSG00000269886","antisense","chr3",9854446,9854781,"-",336,TRUE,0.138888888888889,0.000765615985568459,0,0.000910276448000776,0.000585050754672616,0.00112672702901557
"RP11-266K22.2","ENSG00000229044.1","ENSG00000229044","antisense","chr1",31805914,31819646,"-",13733,TRUE,0.0631313131313131,0.000424943326642224,0,0.000551672747904228,0.00090314412827657,0
"RP11-266K4.9","ENSG00000215241.3","ENSG00000215241","lincRNA","chr12",8388011,8395160,"+",7150,TRUE,0.265151515151515,0.0016708984370475,0,0.00143398830491786,0.0013860586653332,0.00313928976604397
"RP11-267M23.4","ENSG00000253704.1","ENSG00000253704","lincRNA","chr8",95565950,95581973,"+",16024,TRUE,0.505050505050505,0.00256158354568222,0,0.00430145838036887,0.00149272819812739,0.00243310634716955
"RP11-267N12.3","ENSG00000232995.3","ENSG00000232995","antisense","chr1",163214295,163291684,"-",77390,TRUE,0.858585858585859,0.00641155972383004,0,0.00484412127415723,0.00924217158816833,0.00918827195402344
"RP11-268P4.4","ENSG00000257023.1","ENSG00000257023","antisense","chr12",22762162,22777949,"-",15788,TRUE,0.0378787878787879,0.000166148734576546,0,0.000169423963641928,0.000421177277031074,0
"RP11-269F19.2","ENSG00000225721.1","ENSG00000225721","antisense","chr1",45224709,45241482,"-",16774,TRUE,0.303030303030303,0.00106438555238747,0,0.00239597822046713,0.000475391224439447,0.000285493339332785
"RP11-269F20.1","ENSG00000236031.1","ENSG00000236031","antisense","chr1",243708834,243711631,"+",2798,TRUE,0.0378787878787879,0.000481573822049319,0,0,0.000382415407499452,0.00150905577621142
"RP11-271C24.2","ENSG00000242659.1","ENSG00000242659","lincRNA","chr3",113465719,113466255,"-",537,TRUE,0.23989898989899,0.000931975871585258,0.00103053074420919,0.00151610015641986,0.000227936766028467,0.00073156448555649
"RP11-271M24.2","ENSG00000260509.2","ENSG00000260509","lincRNA","chr13",25874262,25875576,"-",1315,TRUE,0.0378787878787879,0.000102954350231039,0,0.00028243798192928,0,0
"RP11-273G15.2","ENSG00000247317.3","ENSG00000247317","lincRNA","chr8",144063155,144099854,"-",36700,TRUE,0.214646464646465,0.00175612902070943,0.00344133544087525,0.000704478101866173,0.000194943625966594,0.0038980543682997
"RP11-274B18.2","ENSG00000234506.1","ENSG00000234506","lincRNA","chr9",71158457,71161505,"-",3049,TRUE,0.189393939393939,0.00146144857689697,0,0.00147692209885546,0.000754497188315539,0.00287178357091865
"RP11-274B18.4","ENSG00000226337.3","ENSG00000226337","lincRNA","chr9",71155952,71259358,"+",103407,TRUE,0.138888888888889,0.000375869907085283,0,0.00103113601112416,0,0
"RP11-274B21.10","ENSG00000271553.1","ENSG00000271553","lincRNA","chr7",128307097,128308210,"+",1114,TRUE,0.151515151515152,0.00112352093939681,0,0.000720958499180747,0.000805933402254398,0.0025787346720505
"RP11-274B21.8","ENSG00000270810.1","ENSG00000270810","lincRNA","chr7",128327342,128327926,"+",585,TRUE,0.101010101010101,0.00076509747142494,0,0.000787130185664896,0,0.00186557986584777
"RP11-274B21.9","ENSG00000271344.1","ENSG00000271344","lincRNA","chr7",128330505,128331771,"+",1267,TRUE,0.328282828282828,0.00261743521240583,0.00115339855532344,0.000970079447096489,0.00447055400802537,0.00391834261241202
"RP11-275I4.2","ENSG00000259747.1","ENSG00000259747","lincRNA","chr15",38964048,38981392,"+",17345,TRUE,2.55050505050505,0.024522614435801,0.00170367911299405,0.00905167418688544,0.052508789894452,0.0311528778885137
"RP11-276E17.2","ENSG00000234142.1","ENSG00000234142","lincRNA","chr1",166445009,166459276,"-",14268,TRUE,0.138888888888889,0.00071407034838798,0,0.00195893216461129,0,0
"RP11-276H19.1","ENSG00000226237.1","ENSG00000226237","lincRNA","chr9",89563614,89616948,"+",53335,TRUE,0.0505050505050505,0.000243822554088449,0,0.000301559689694742,0.000244180873716033,0.000286278201540505
"RP11-277A4.4","ENSG00000203325.3","ENSG00000203325","antisense","chr1",32517892,32539075,"-",21184,TRUE,0.0378787878787879,0.000444396525291358,0,0,0.000629234754800744,0.00112533628405601
"RP11-277B15.3","ENSG00000272205.1","ENSG00000272205","antisense","chr1",167189068,167189749,"-",682,TRUE,0.871212121212121,0.00471400784452865,0,0.00587391048529041,0.00879440676497982,0.00153376457043256
"RP11-277L2.3","ENSG00000233368.2","ENSG00000233368","lincRNA","chr1",149576594,149577296,"-",703,TRUE,1.3510101010101,0.0119940695119691,0.044313359701813,0.0116828335748253,0.00464457184481644,0.00298596127242084
"RP11-277L2.4","ENSG00000268544.1","ENSG00000268544","lincRNA","chr1",149575345,149575767,"+",423,TRUE,0.441919191919192,0.00456837844699019,0.00611378262899593,0.000829920893524502,0.00464958711336718,0.00901482869106478
"RP11-277P12.20","ENSG00000245648.1","ENSG00000245648","antisense","chr12",10516368,10551105,"+",34738,TRUE,0.151515151515152,0.000867125379760776,0.00166286295101364,0.00163906783072174,0.000206962155556547,0
"RP11-279F6.3","ENSG00000259641.1","ENSG00000259641","lincRNA","chr15",69884468,69988089,"+",103622,TRUE,0.0505050505050505,0.000206110600650675,0,0.000242107189746919,0.000475513245213442,0
"RP11-27K13.3","ENSG00000236137.1","ENSG00000236137","antisense","chr1",117568104,117602112,"-",34009,TRUE,0.833333333333333,0.00462677306642657,0,0.00683410911401427,0.00313571014354879,0.00529978850352364
"RP11-282I1.1","ENSG00000230131.1","ENSG00000230131","lincRNA","chr10",125115966,125277224,"+",161259,TRUE,0.0378787878787879,0.000504767391959869,0,6.81217879044889e-05,0.000404424588856687,0.0014813816131607
"RP11-283C24.1","ENSG00000264215.1","ENSG00000264215","lincRNA","chr17",20691384,20692897,"+",1514,TRUE,0.0631313131313131,0.00018751335662313,0,0.000265805071014084,0.00036562737872518,0
"RP11-283G6.3","ENSG00000256894.1","ENSG00000256894","antisense","chr12",26278088,26279550,"-",1463,TRUE,0.202020202020202,0.000877179668925671,0,0.00114756830465184,0.0015831681788613,0.000259346870569813
"RP11-283G6.4","ENSG00000256234.1","ENSG00000256234","antisense","chr12",26364097,26488789,"-",124693,TRUE,0.189393939393939,0.000787158262178948,0,0.00215943659039046,0,0
"RP11-284F21.10","ENSG00000272405.1","ENSG00000272405","antisense","chr1",156611458,156614679,"-",3222,TRUE,1.23737373737374,0.01279035269007,0.00125600221656914,0.00608908771711541,0.0226161612771315,0.018728389248178
"RP11-284F21.7","ENSG00000229953.1","ENSG00000229953","antisense","chr1",156616299,156631216,"-",14918,TRUE,0.176767676767677,0.00180311713659222,0,0.000323914453445182,0.000960744801068223,0.00564512544345677
"RP11-284F21.9","ENSG00000272068.1","ENSG00000272068","lincRNA","chr1",156607575,156610796,"-",3222,TRUE,0.303030303030303,0.00367440177939456,0,0.000864289053913617,0.00845514579557402,0.00493034896425839
"RP11-284M14.1","ENSG00000250326.1","ENSG00000250326","antisense","chr4",143854348,144106014,"-",251667,TRUE,0.315656565656566,0.00164703257416009,0,0.00192740422791613,0.00200158486448953,0.00174924674500547
"RP11-284N8.3","ENSG00000259834.1","ENSG00000259834","lincRNA","chr1",111196182,111199662,"-",3481,TRUE,28.5606060606061,0.288665741894774,0.0495144577187182,0.210942055694018,0.264408599354122,0.545179233723333
"RP11-285F7.2","ENSG00000242861.1","ENSG00000242861","antisense","chr1",226028584,226034223,"-",5640,TRUE,1.74242424242424,0.0164943485688967,0.0411638680081342,0.0104547646212747,0.00890704141733162,0.0197819656026407
"RP11-285J16.1","ENSG00000271993.1","ENSG00000271993","antisense","chr3",37223598,37224225,"+",628,TRUE,0.0883838383838384,0.000710138640487672,0.00170245239614471,0.00105038111510982,0.00041838882391738,0
"RP11-286E11.1","ENSG00000245293.2","ENSG00000245293","antisense","chr4",108784635,108899955,"-",115321,TRUE,0.53030303030303,0.00250122087179549,0,0.00523289322140199,0.00155439906954224,0.000813310936414444
"RP11-286E11.2","ENSG00000249604.1","ENSG00000249604","antisense","chr4",108857187,108862411,"-",5225,TRUE,0.164141414141414,0.000720932495919884,0,0.00126297319908872,0.000713340562662293,0.000326745919906534
"RP11-286O18.1","ENSG00000258843.1","ENSG00000258843","antisense","chr14",51288598,51290219,"+",1622,TRUE,0.391414141414141,0.00143668336929889,0,0.00394129971764712,0,0
"RP11-288H12.4","ENSG00000270949.1","ENSG00000270949","lincRNA","chr6",160529406,160532536,"+",3131,TRUE,1.56565656565657,0.0121704941809134,0.00864073998441383,0.0155023411278028,0.0122258192876417,0.00918689765095396
"RP11-288L9.1","ENSG00000233975.1","ENSG00000233975","lincRNA","chr1",27986839,27989233,"-",2395,TRUE,0.138888888888889,0.00174124781864242,0,0.000698894160752708,0,0.00579949521258861
"RP11-290C10.1","ENSG00000255882.1","ENSG00000255882","antisense","chr12",10019626,10022407,"+",2782,TRUE,0.252525252525253,0.00183200975416749,0.00125024375446926,0.000932001258309327,0.00318844277318257,0.00209835613392221
"RP11-290D2.6","ENSG00000273149.1","ENSG00000273149","antisense","chr13",45914174,45915318,"+",1145,TRUE,0.757575757575758,0.00408636417704772,0,0.00479904871126612,0.00400476511206994,0.00524522006788146
"RP11-290F20.1","ENSG00000203999.4","ENSG00000203999","lincRNA","chr20",48909257,48931459,"+",22203,TRUE,0.214646464646465,0.000795839839794594,0,0.00142660201780591,0.000805892583312415,0.000296790327450865
"RP11-290F20.3","ENSG00000224397.1","ENSG00000224397","lincRNA","chr20",48884023,48896332,"+",12310,TRUE,0.0378787878787879,0.000252822917967374,0,0,0.00066362572252352,0.000344660205412773
"RP11-290F24.6","ENSG00000267940.1","ENSG00000267940","lincRNA","chr11",6223131,6224483,"-",1353,TRUE,0.126262626262626,0.0005470474044663,0,0.00123074400006633,0.000397074638401221,0
"RP11-290F5.1","ENSG00000249096.2","ENSG00000249096","lincRNA","chr4",185286336,185303460,"-",17125,TRUE,12.0328282828283,0.149183720122005,0.00417167843352972,0.0176718398604593,0.265672789130182,0.297863168007743
"RP11-290F5.2","ENSG00000180712.3","ENSG00000180712","lincRNA","chr4",185261909,185275130,"-",13222,TRUE,0.593434343434343,0.00400195528831653,0,0.00323906191915156,0.00274511985227171,0.00835253391766845
"RP11-290H9.4","ENSG00000263293.1","ENSG00000263293","antisense","chr17",45380832,45400979,"-",20148,TRUE,0.366161616161616,0.00174523509736196,0,0.00307426242652198,0.00101299669279361,0.00145731716146989
"RP11-292F22.7","ENSG00000259942.1","ENSG00000259942","lincRNA","chr10",47656084,47657233,"+",1150,TRUE,0.138888888888889,0.000563006526469778,0,0.00154451392090081,0,0
"RP11-293A21.1","ENSG00000240005.1","ENSG00000240005","antisense","chr4",26861428,26862221,"-",794,TRUE,1.07323232323232,0.0080305017061805,0.00311297764708164,0.00730211322915758,0.00934599613850803,0.0103136381514855
"RP11-293M10.2","ENSG00000258820.1","ENSG00000258820","antisense","chr14",75726114,75738653,"+",12540,TRUE,0.391414141414141,0.00250442023281234,0.00465598341268187,0.00345685077210095,0.00113704896176615,0.00136986709540994
"RP11-293M10.5","ENSG00000259687.1","ENSG00000259687","lincRNA","chr14",75761107,75763341,"+",2235,TRUE,0.0631313131313131,0.000187761670795898,0,0.000515092633426917,0,0
"RP11-293M10.6","ENSG00000259319.1","ENSG00000259319","antisense","chr14",75890386,75894444,"-",4059,TRUE,1.0479797979798,0.00648260912342522,0.00433503616961909,0.00720146561864837,0.00744746928944022,0.00562749417976105
"RP11-295G20.2","ENSG00000233461.1","ENSG00000233461","antisense","chr1",231658134,231664302,"-",6169,TRUE,9.82323232323232,0.0481359519086795,0.00303958828771868,0.0920955005480786,0.0457861702270053,0.0109938941180293
"RP11-295P9.12","ENSG00000273474.1","ENSG00000273474","antisense","chr10",13717646,13717990,"+",345,TRUE,0.151515151515152,0.00205356838020204,0,9.50087973905881e-05,0.00232533782004662,0.0056282428730946
"RP11-295P9.8","ENSG00000268549.1","ENSG00000268549","antisense","chr10",13724521,13726874,"+",2354,TRUE,0.0378787878787879,0.000117860537786307,0,0.000122393771713579,0.000295519429613066,0
"RP11-296A18.3","ENSG00000203356.2","ENSG00000203356","lincRNA","chr1",51660767,51700768,"-",40002,TRUE,0.101010101010101,0.000330565957744596,0,0.000393797544574109,0.000754553680158814,0
"RP11-296K13.4","ENSG00000266111.1","ENSG00000266111","lincRNA","chr17",27679087,27731118,"+",52032,TRUE,0.0505050505050505,0.000187840023133537,0,0.000417938773505229,0.000143201092260834,0
"RP11-296O14.3","ENSG00000203739.3","ENSG00000203739","antisense","chr1",173386932,173430501,"-",43570,TRUE,1.76767676767677,0.0099509627012227,0.00671602674202148,0.0166880892932017,0.00969498114360567,0.00227448029931541
"RP11-297A16.2","ENSG00000230534.2","ENSG00000230534","antisense","chr10",35386934,35415948,"-",29015,TRUE,0.0505050505050505,0.000318081120288095,0,0.00042376161083706,0,0.000638326454283311
"RP11-297B17.3","ENSG00000250850.2","ENSG00000250850","antisense","chr9",37002694,37008037,"+",5344,TRUE,1.13636363636364,0.00711883582851609,0.00853607109468529,0.0161781473403085,0.0004061917737668,0
"RP11-297K8.2","ENSG00000224985.1","ENSG00000224985","antisense","chr1",161123550,161129139,"-",5590,TRUE,0.53030303030303,0.00340636158933062,0,0.00267645042302353,0.0054559045224726,0.00420765065941669
"RP11-298I3.1","ENSG00000257285.1","ENSG00000257285","antisense","chr14",23398818,23424771,"+",25954,TRUE,0.202020202020202,0.00118207287159978,0,0.00210871305590418,0,0.00161288795599746
"RP11-298J20.3","ENSG00000226899.1","ENSG00000226899","antisense","chr10",126633773,126635001,"-",1229,TRUE,1.3510101010101,0.00604636697502846,0.0126746665332174,0.0037268495525914,0.00614994321057174,0.00584917244679589
"RP11-298J23.8","ENSG00000269387.1","ENSG00000269387","lincRNA","chr6",41732030,41732198,"-",169,TRUE,0.0883838383838384,0.000525672625698699,0,0.000539260056437194,0.00132780611951071,0
"RP11-298J23.9","ENSG00000268745.1","ENSG00000268745","antisense","chr6",41759148,41759215,"+",68,TRUE,0.0378787878787879,0.000109452997074746,0,0.000300265928933839,0,0
"RP11-299G20.2","ENSG00000259172.1","ENSG00000259172","antisense","chr15",101835624,101845942,"+",10319,TRUE,0.0631313131313131,0.00051782290172502,0,0.000569971680164316,0.00125096746868455,0
"RP11-299G20.3","ENSG00000259764.1","ENSG00000259764","antisense","chr15",101874642,101877633,"+",2992,TRUE,0.0505050505050505,0.000125481076193302,0,0.00034423627414304,0,0
"RP11-299J3.8","ENSG00000272758.1","ENSG00000272758","antisense","chr3",122135054,122162027,"+",26974,TRUE,1.30050505050505,0.00852260655631798,0.0144419612265311,0.00791603907387588,0.00551700792611312,0.00925907038680117
"RP11-29B2.5","ENSG00000269942.1","ENSG00000269942","lincRNA","chr13",103331776,103332308,"+",533,TRUE,0.378787878787879,0.00164358268987663,0,0.00335677161183866,0.000992027410262454,0.000679224361625384
"RP11-29H23.4","ENSG00000232519.2","ENSG00000232519","antisense","chr1",155579567,155580171,"-",605,TRUE,0.151515151515152,0.000731776372439811,0,0.00111409950766001,0.00025570356905206,0.00102330910594071
"RP11-2B6.2","ENSG00000269929.1","ENSG00000269929","lincRNA","chr9",96938740,96940174,"+",1435,TRUE,0.227272727272727,0.00203784255657391,0.00218318132473776,0.00122031540280996,0.00146742087505511,0.00367763878063672
"RP11-2B6.3","ENSG00000269946.1","ENSG00000269946","lincRNA","chr9",96928571,96962909,"+",34339,TRUE,0.113636363636364,0.000475377100995439,0,0.000930219999975244,0.000178081297426887,0.000359540843894762
"RP11-2H3.6","ENSG00000272885.1","ENSG00000272885","lincRNA","chr4",409907,410326,"-",420,TRUE,0.0631313131313131,0.00028757994255201,0,0.000428165763742265,0.000530574928725418,0
"RP11-300J18.3","ENSG00000258867.1","ENSG00000258867","lincRNA","chr14",88490894,88563276,"+",72383,TRUE,0.176767676767677,0.000621866985090695,0,0.00109716672706527,0.000357989370255189,0.000519671451758596
"RP11-301O19.1","ENSG00000273080.1","ENSG00000273080","antisense","chr2",86422713,86423172,"+",460,TRUE,1.01010101010101,0.00558617482639707,0.00203621821490318,0.00793604219176978,0.00660017586258356,0.00308243283530769
"RP11-303E16.7","ENSG00000245059.2","ENSG00000245059","lincRNA","chr16",81110924,81112466,"+",1543,TRUE,0.164141414141414,0.00082955889936872,0,0.00185111913363373,0,0.000603904208965356
"RP11-304F15.3","ENSG00000204584.1","ENSG00000204584","antisense","chr17",47923272,47926199,"+",2928,TRUE,0.795454545454545,0.0060557485667959,0.00325033866069843,0.00357819985629006,0.0120744047683422,0.00519648122981875
"RP11-304L19.11","ENSG00000261663.1","ENSG00000261663","antisense","chr16",2290488,2291819,"+",1332,TRUE,0.0378787878787879,0.000182294751562623,0,0.000135249681161013,0.000536581050873218,0
"RP11-304L19.2","ENSG00000260447.1","ENSG00000260447","antisense","chr16",2169208,2170249,"+",1042,TRUE,0.29040404040404,0.00202197708896294,0,0.00330969984366453,0.00187713728295523,0.00136656877314575
"RP11-304L19.5","ENSG00000260260.1","ENSG00000260260","lincRNA","chr16",2204798,2205359,"-",562,TRUE,14.4949494949495,0.100183784286636,0.0667581089276292,0.165018135665704,0.0734383502150138,0.0509656645943145
"RP11-305E17.6","ENSG00000224616.1","ENSG00000224616","antisense","chr1",100729565,100731676,"-",2112,TRUE,0.164141414141414,0.00124451450421581,0.00128513049486041,0.00181433162476686,0.000894239631498833,0.00075204500561589
"RP11-305K5.1","ENSG00000272990.1","ENSG00000272990","antisense","chr3",156241529,156242036,"-",508,TRUE,1.64141414141414,0.0141726034271581,0.00587069773278164,0.00739071941630708,0.0284579222992789,0.0142569384594265
"RP11-305L7.3","ENSG00000237422.1","ENSG00000237422","lincRNA","chr9",93881420,93925369,"-",43950,TRUE,0.0757575757575758,0.000490875887145502,0,0.000243610598454791,0.00119125242622477,0.000416751091514374
"RP11-305P22.9","ENSG00000272259.1","ENSG00000272259","lincRNA","chr20",61640735,61716423,"+",75689,TRUE,0.0378787878787879,9.30688580662647e-05,0,7.70478308014437e-05,0,0.000253531166680319
"RP11-306I1.2","ENSG00000236206.1","ENSG00000236206","lincRNA","chr1",165567700,165592568,"+",24869,TRUE,0.189393939393939,0.00147918088243037,0,0.000586295516593129,0.00287825457597484,0.0021539230048303
"RP11-307B6.3","ENSG00000223774.1","ENSG00000223774","antisense","chr1",201862970,201869106,"+",6137,TRUE,0.0757575757575758,0.000681674010306397,0,0.000204812085438816,0.00174941808181094,0.000676580283926073
"RP11-307C12.11","ENSG00000232093.1","ENSG00000232093","antisense","chr1",155017667,155018594,"-",928,TRUE,0.340909090909091,0.00194664622059533,0.00481944516426577,0.00274201399778857,0.0012679677456256,0
"RP11-307C12.12","ENSG00000271380.1","ENSG00000271380","antisense","chr1",154934301,154935099,"+",799,TRUE,0.429292929292929,0.00232840763409376,0,0.00367507699714739,0.00196750948578544,0.00195508376879865
"RP11-307C12.13","ENSG00000270361.1","ENSG00000270361","lincRNA","chr1",154909846,154910535,"+",690,TRUE,0.113636363636364,0.00124000198116283,0.00234050421946676,0.00107858269732662,0,0.00210483894353804
"RP11-307C18.1","ENSG00000272950.1","ENSG00000272950","antisense","chr7",97952165,97952742,"+",578,TRUE,0.416666666666667,0.00202590250660713,0,0.0049438111329473,0.000902885945751191,0
"RP11-307E17.8","ENSG00000232063.1","ENSG00000232063","lincRNA","chr9",97094758,97123230,"+",28473,TRUE,0.984848484848485,0.00414516582496842,0,0.0085005978544752,0.00253922941253651,0.00162757635028118
"RP11-307L14.1","ENSG00000272370.1","ENSG00000272370","lincRNA","chr5",64315865,64316378,"+",514,TRUE,0.101010101010101,0.00047863790925713,0,0.00131306277842621,0,0
"RP11-307L14.2","ENSG00000272354.1","ENSG00000272354","lincRNA","chr5",64316441,64316816,"+",376,TRUE,0.0378787878787879,0.000144804909399387,0,0.0002285513722286,0.000248103449220163,0
"RP11-307L3.4","ENSG00000233367.1","ENSG00000233367","antisense","chr9",6415145,6449558,"-",34414,TRUE,0.0757575757575758,0.000603534921540287,0,0.000442639526999001,0,0.00172517057347436
"RP11-309G3.3","ENSG00000272198.1","ENSG00000272198","lincRNA","chr1",181060245,181062035,"+",1791,TRUE,0.984848484848485,0.00506130350937321,0.00832331772892522,0.0100679332934717,0.000869738978757489,0.000323079961871861
"RP11-309L24.9","ENSG00000272899.1","ENSG00000272899","lincRNA","chr7",128510821,128512098,"+",1278,TRUE,0.303030303030303,0.00259433505967321,0.00504759951664839,0.00306064210255731,0.00149779358363349,0.00173467370470049
"RP11-30J20.1","ENSG00000254101.1","ENSG00000254101","lincRNA","chr8",137543041,137997178,"+",454138,TRUE,0.0631313131313131,0.000402090178717297,0,0.000193955773126554,0.000736605988720535,0.000580613961855281
"RP11-30K9.6","ENSG00000245975.2","ENSG00000245975","lincRNA","chr15",59060271,59063173,"-",2903,TRUE,0.189393939393939,0.000990261520340289,0,0.00173012044003625,0.000729802577361073,0.00069724683317766
"RP11-30L15.6","ENSG00000260955.2","ENSG00000260955","lincRNA","chr8",54955549,54958189,"-",2641,TRUE,0.164141414141414,0.000624612093100251,0,0.00149658922315628,0.000319039577229649,0
"RP11-310H4.3","ENSG00000231394.1","ENSG00000231394","lincRNA","chr7",55661470,55662699,"+",1230,TRUE,0.0757575757575758,0.000620138640857021,0,0.000741772095481773,0.00067796256368684,0.000708946543553922
"RP11-312B8.1","ENSG00000237436.1","ENSG00000237436","antisense","chr1",6843952,6844903,"-",952,TRUE,0.606060606060606,0.00388676921044296,0.00144941496440726,0.00472718866645121,0.00315333823476544,0.00464946992553473
"RP11-312O7.2","ENSG00000229874.2","ENSG00000229874","antisense","chr1",206135293,206137984,"-",2692,TRUE,0.126262626262626,0.00121566509534548,0.00251559729473918,0.00176859703722256,0.000970915294012188,0
"RP11-313P13.5","ENSG00000272843.1","ENSG00000272843","antisense","chr7",72394956,72395663,"-",708,TRUE,0.669191919191919,0.00349866861829642,0.00322772289003333,0.00485736284031559,0.00267058067330939,0.00250594446777119
"RP11-313P22.1","ENSG00000273464.1","ENSG00000273464","antisense","chr21",31029726,31030151,"+",426,TRUE,0.138888888888889,0.00170708394587126,0.00235873706724283,0.00104633291688317,0.000825663064247241,0.00316526038187623
"RP11-314A20.2","ENSG00000244184.1","ENSG00000244184","antisense","chr17",4607525,4608824,"+",1300,TRUE,1.25,0.0065789701143714,0,0.0105417371212709,0.00608373513705765,0.00479264835599422
"RP11-314B1.2","ENSG00000273301.1","ENSG00000273301","lincRNA","chr2",226563230,226568370,"+",5141,TRUE,0.151515151515152,0.00119640954051008,0,0.000394222226286373,0.00142603469919052,0.00272814673844341
"RP11-314C16.1","ENSG00000230939.1","ENSG00000230939","lincRNA","chr6",8784411,8785678,"+",1268,TRUE,0.0378787878787879,0.000206227628779737,0,0.000565750890175103,0,0
"RP11-314N13.3","ENSG00000229728.1","ENSG00000229728","antisense","chr20",1342266,1343229,"+",964,TRUE,0.340909090909091,0.00289013762393724,0.00455236623813165,0.00308914671953083,0.00192369242257673,0.0026900760044938
"RP11-314O13.1","ENSG00000260896.1","ENSG00000260896","lincRNA","chr16",80862632,80926492,"-",63861,TRUE,1.57828282828283,0.00711173522017754,0,0.0185946719269193,0.000923991707092951,0.000408044024515541
"RP11-315D16.4","ENSG00000260657.1","ENSG00000260657","lincRNA","chr15",68560130,68570332,"-",10203,TRUE,0.151515151515152,0.000839079556707712,0,0.00114657120401198,0.000875249945741646,0.00079667161559194
"RP11-315E17.1","ENSG00000258162.1","ENSG00000258162","antisense","chr12",81771821,81866733,"+",94913,TRUE,0.0252525252525253,3.47230462118198e-05,0,9.52568500164921e-05,0,0
"RP11-315I20.1","ENSG00000234222.2","ENSG00000234222","antisense","chr1",145475982,145508503,"-",32522,TRUE,1.17424242424242,0.0061900097635994,0.000709375725413103,0.00711625428927542,0.00582550425169594,0.00803302246012828
"RP11-315O6.1","ENSG00000255337.1","ENSG00000255337","antisense","chr11",102323650,102332739,"+",9090,TRUE,0.0883838383838384,0.000856669575419317,0.00114682089399898,0.00048779950137093,0.000970917731400594,0.00112213824648513
"RP11-316M1.12","ENSG00000259357.1","ENSG00000259357","antisense","chr1",150937736,150938734,"+",999,TRUE,0.315656565656566,0.00153845229433591,0,0.00192790983907561,0.00203719023380388,0.00129047390973994
"RP11-316P17.2","ENSG00000237372.1","ENSG00000237372","lincRNA","chr9",92316566,92334585,"+",18020,TRUE,0.303030303030303,0.00129908925397865,0,0.00356383335348491,0,0
"RP11-317J10.2","ENSG00000253549.1","ENSG00000253549","antisense","chr8",86354080,86377144,"-",23065,TRUE,0.0757575757575758,0.000321216125300001,0,0.000416177938766175,0.000683915437166613,0
"RP11-317N8.5","ENSG00000258938.1","ENSG00000258938","antisense","chr14",36288430,36295971,"-",7542,TRUE,0.353535353535354,0.0014390977779663,0,0.0021878888977708,0.00235839263815079,0.000222509559083138
"RP11-317P15.4","ENSG00000261504.1","ENSG00000261504","lincRNA","chr1",182584389,182585764,"+",1376,TRUE,0.0883838383838384,0.000310511623139665,0,0.000594785954932241,0,0.000365568967180672
"RP11-318A15.2","ENSG00000261335.1","ENSG00000261335","antisense","chr17",74668024,74669740,"+",1717,TRUE,0.315656565656566,0.0022622370712847,0.00134939604749681,0.00323903475650071,0.00199491447413104,0.00159922919233565
"RP11-318C24.2","ENSG00000227740.1","ENSG00000227740","lincRNA","chr1",175873898,175889649,"-",15752,TRUE,0.214646464646465,0.00213317562160647,0.00303072372716652,0.00142885606343259,0.00192117990636592,0.00288000720962753
"RP11-318E3.9","ENSG00000272764.1","ENSG00000272764","lincRNA","chr10",5855948,5856404,"+",457,TRUE,0.669191919191919,0.00430497245974049,0.00467867944104862,0.00563223296065442,0.0011563029919974,0.00527067779889352
"RP11-318L16.6","ENSG00000261252.1","ENSG00000261252","lincRNA","chr1",211608414,211608675,"+",262,TRUE,0.0883838383838384,0.000528992655814308,0,0.00067680761482504,0,0.00110131933499972
"RP11-318M2.2","ENSG00000247081.3","ENSG00000247081","antisense","chr8",104169218,104311000,"-",141783,TRUE,0.214646464646465,0.00101292582788216,0,0.00171305975861432,0.00112031747341353,0.000432308292313494
"RP11-319G6.1","ENSG00000248932.1","ENSG00000248932","antisense","chr3",139108657,139302161,"+",193505,TRUE,0.909090909090909,0.00509736587016656,0.00283242204037929,0.00486182673437962,0.00413121738611933,0.00752696810769382
"RP11-31F15.1","ENSG00000226419.2","ENSG00000226419","antisense","chr1",113499037,113542118,"+",43082,TRUE,6.30050505050505,0.0378085486102526,0.0106054986903405,0.0551228612108716,0.0292534418513293,0.0353939801405421
"RP11-31F15.2","ENSG00000238198.1","ENSG00000238198","lincRNA","chr1",113554309,113615727,"-",61419,TRUE,0.138888888888889,0.00135158058391934,0,0.00101466231972172,0.000708737689908186,0.0031447960701058
"RP11-320M2.1","ENSG00000257135.1","ENSG00000257135","lincRNA","chr2",10588820,10591453,"+",2634,TRUE,0.366161616161616,0.0017501566965716,0.00110882837165983,0.00280094982353003,0.00157482911061679,0.000753856081600439
"RP11-320P7.1","ENSG00000257613.1","ENSG00000257613","lincRNA","chr12",70612912,70615642,"-",2731,TRUE,0.0883838383838384,0.000644866805550743,0.000895549772885037,0.00120813558974879,0,0.000338958565791472
"RP11-321E2.3","ENSG00000248455.1","ENSG00000248455","lincRNA","chr5",17404128,17441803,"+",37676,TRUE,0.0378787878787879,0.000177376345475505,0,0.00048660223628888,0,0
"RP11-323J4.1","ENSG00000214559.3","ENSG00000214559","antisense","chr4",99172839,99182781,"-",9943,TRUE,0.0378787878787879,0.00022411680560314,0,0.000614826844605774,0,0
"RP11-324I22.4","ENSG00000271335.1","ENSG00000271335","antisense","chr10",35603480,35625329,"-",21850,TRUE,0.883838383838384,0.00598738824555512,0.00292266738769615,0.00796798828196873,0.00282504612550899,0.00779871581634222
"RP11-325F22.2","ENSG00000237513.1","ENSG00000237513","lincRNA","chr7",104581510,104602781,"+",21272,TRUE,4.60858585858586,0.0380356447775697,0.0367971168467943,0.0312723488184412,0.0417871918279161,0.044660973655491
"RP11-325L7.1","ENSG00000246323.2","ENSG00000246323","antisense","chr5",137368463,137372955,"+",4493,TRUE,0.0505050505050505,0.000360551349679935,0,0.000989112119662309,0,0
"RP11-325L7.2","ENSG00000250260.1","ENSG00000250260","lincRNA","chr5",137374888,137375668,"+",781,TRUE,0.0378787878787879,0.000171997657498478,0,0.000222269625678192,0.000367055037215998,0
"RP11-325N19.3","ENSG00000246863.2","ENSG00000246863","lincRNA","chr15",40213243,40218081,"+",4839,TRUE,0.101010101010101,0.000489942463616635,0.000857155091363462,0.000873236739043874,0,0.00023047711882073
"RP11-326C3.11","ENSG00000251661.3","ENSG00000251661","antisense","chr11",318640,325631,"+",6992,TRUE,0.0505050505050505,0.000236897298927881,0.00101759589277964,0.00012387343899336,0.000234490199003646,0
"RP11-326C3.12","ENSG00000255328.1","ENSG00000255328","lincRNA","chr11",327171,330122,"+",2952,TRUE,0.328282828282828,0.00239802325664428,0.00367296169177136,0.0016102731101935,0.000943067298616408,0.00427210071766889
"RP11-326C3.13","ENSG00000270030.1","ENSG00000270030","lincRNA","chr11",325703,326294,"-",592,TRUE,0.0378787878787879,0.000312570896915733,0.00115106742616753,0.000442830405389115,0,0
"RP11-326F20.5","ENSG00000233554.1","ENSG00000233554","antisense","chr9",33166973,33179981,"+",13009,TRUE,0.467171717171717,0.00200408711643024,0,0.00306619206480575,0.000909219204968921,0.00257905230131987
"RP11-326G21.1","ENSG00000272755.1","ENSG00000272755","antisense","chr1",145018395,145018959,"+",565,TRUE,0.492424242424242,0.00564883910073532,0.00361101868397743,0.00225896722576455,0.00746110141230343,0.00976136245977997
"RP11-326I11.3","ENSG00000271646.1","ENSG00000271646","lincRNA","chr4",185395956,185398458,"+",2503,TRUE,5.1010101010101,0.0329176344871617,0.00980601036445188,0.0432373951516227,0.0380278374692303,0.0251401032534272
"RP11-326I11.4","ENSG00000271538.1","ENSG00000271538","lincRNA","chr4",185427614,185458708,"-",31095,TRUE,0.340909090909091,0.0028881004290251,0.0021132859514483,0.0020472174656728,0.00199695641501605,0.00534265800113238
"RP11-326K13.4","ENSG00000263823.1","ENSG00000263823","antisense","chr18",29522538,29524119,"+",1582,TRUE,1.09848484848485,0.00677379601228731,0.0102761778720901,0.00777009850256409,0.0061175891045992,0.00419711213847836
"RP11-327F22.1","ENSG00000260929.1","ENSG00000260929","antisense","chr16",50774821,50776726,"-",1906,TRUE,0.29040404040404,0.00123890912623874,0.00183674901015733,0.00244351049951702,0.000431750635324278,0
"RP11-327F22.2","ENSG00000261644.1","ENSG00000261644","antisense","chr16",50769624,50774627,"-",5004,TRUE,0.568181818181818,0.00420977162105847,0.00237636382799252,0.00303090004062023,0.0034529298390279,0.00755746954009283
"RP11-327P2.5","ENSG00000231856.1","ENSG00000231856","antisense","chr13",52378433,52387356,"+",8924,TRUE,0.542929292929293,0.00333423248072106,0.00303522411292774,0.00486271080483529,0.00205528656902334,0.00255040125187866
"RP11-328C8.4","ENSG00000257225.1","ENSG00000257225","antisense","chr12",42853168,42859930,"+",6763,TRUE,0.0378787878787879,0.000380496062617446,0,4.68465603823642e-05,0.00101330960293179,0.000438007904212411
"RP11-328M4.2","ENSG00000234753.1","ENSG00000234753","antisense","chr6",41462591,41516359,"-",53769,TRUE,2.22222222222222,0.00815671077822206,0,0.0216878183127483,0.00068114119146803,0.000320856027469231
"RP11-329B9.4","ENSG00000272970.1","ENSG00000272970","lincRNA","chr3",184451863,184456737,"+",4875,TRUE,0.189393939393939,0.00177508184626511,0,0.00117051079455713,0.00258997268478396,0.00275628925039525
"RP11-329B9.5","ENSG00000272922.1","ENSG00000272922","lincRNA","chr3",184460606,184461072,"+",467,TRUE,0.0378787878787879,0.000256916892689157,0,0.000116257134759704,0.000529008541620813,0.00032546979056414
"RP11-329N22.1","ENSG00000238063.1","ENSG00000238063","lincRNA","chr1",38940868,38942156,"+",1289,TRUE,0.126262626262626,0.00076035873663624,0,0.000923595879127445,0.00137967362048863,0.000318877130097982
"RP11-32B5.7","ENSG00000247765.1","ENSG00000247765","lincRNA","chr15",21941147,21968151,"-",27005,TRUE,0.0631313131313131,0.000650533316002861,0,0.000202302845611823,0,0.00225033278200065
"RP11-332H14.1","ENSG00000272861.1","ENSG00000272861","lincRNA","chr2",105865861,105866251,"-",391,TRUE,0.505050505050505,0.00327207025964046,0,0.00357062587006376,0.000736402509730573,0.0069757839620085
"RP11-332H14.2","ENSG00000272994.1","ENSG00000272994","lincRNA","chr2",105950484,105953932,"-",3449,TRUE,5.01262626262626,0.0357645309714832,0.0213834850366699,0.0439512382639832,0.0355224758278478,0.0317233576048402
"RP11-333A23.4","ENSG00000253967.1","ENSG00000253967","lincRNA","chr8",71383369,71397922,"+",14554,TRUE,0.593434343434343,0.00498712436096294,0,0.00545810097304644,0.00726304075376321,0.00467149676354887
"RP11-333E1.1","ENSG00000261879.1","ENSG00000261879","antisense","chr17",5095379,5151364,"+",55986,TRUE,0.23989898989899,0.00103873490678809,0,0.00233747411651258,0.000753180176968866,0
"RP11-333I13.1","ENSG00000260977.1","ENSG00000260977","lincRNA","chr2",47004922,47007384,"+",2463,TRUE,0.0378787878787879,0.000242418389452425,0.0013888650245705,0.000164715628302697,0,0
"RP11-334C17.5","ENSG00000262580.1","ENSG00000262580","antisense","chr17",78174472,78179748,"-",5277,TRUE,1.83080808080808,0.017660760180379,0.00401676950617736,0.0104758326139323,0.0320017820019774,0.0210012578895926
"RP11-334G22.1","ENSG00000273063.1","ENSG00000273063","antisense","chr2",58468484,58468821,"+",338,TRUE,0.164141414141414,0.000497832526612047,0,0.00118205334890259,0.000270120016548976,0
"RP11-336K24.12","ENSG00000273002.1","ENSG00000273002","antisense","chr1",155948590,155952777,"+",4188,TRUE,0.53030303030303,0.00299059649854343,0.00208650199646381,0.00308485388729629,0.00338906183161441,0.00293441411037346
"RP11-337A23.3","ENSG00000234676.1","ENSG00000234676","antisense","chr9",26955778,26956293,"-",516,TRUE,0.214646464646465,0.00103846593465536,0,0.00127634034174204,0.00231271300858948,0
"RP11-337C18.8","ENSG00000237188.3","ENSG00000237188","antisense","chr1",146644350,146683136,"+",38787,TRUE,0.252525252525253,0.00117703882206862,0.00143807510063651,0.00161584294517213,0.000859802997214194,0.000726018472846338
"RP11-337C18.9","ENSG00000271721.1","ENSG00000271721","antisense","chr1",146647181,146649319,"+",2139,TRUE,0.467171717171717,0.00237988383964658,0.000966027563919412,0.00412504305342848,0.00166298290280848,0.00131555498032695
"RP11-338C15.3","ENSG00000237980.1","ENSG00000237980","lincRNA","chr1",212827341,212838776,"-",11436,TRUE,0.164141414141414,0.00120178142226378,0,0.0029362884024699,0.000530333289046629,0
"RP11-338E21.1","ENSG00000256670.1","ENSG00000256670","antisense","chr12",64992858,65003239,"-",10382,TRUE,0.227272727272727,0.00099357044046327,0.00116633106919576,0.00230553986023745,0,0
"RP11-338I21.1","ENSG00000271933.1","ENSG00000271933","antisense","chr10",85898176,85900338,"-",2163,TRUE,0.454545454545455,0.00366939659693555,0,0.00815529291734914,0.00217370214345488,0.000615917777212162
"RP11-339B21.11","ENSG00000272593.1","ENSG00000272593","lincRNA","chr9",131153740,131154295,"+",556,TRUE,0.694444444444444,0.00342911090932577,0.00175705739322636,0.00490277459119551,0.00395286819595391,0.0016834621672245
"RP11-339B21.13","ENSG00000272696.1","ENSG00000272696","antisense","chr9",131078616,131079188,"+",573,TRUE,0.126262626262626,0.0011782746956794,0,0.000728156495239452,0.00138423474419903,0.00222290393357725
"RP11-339B21.14","ENSG00000273281.1","ENSG00000273281","lincRNA","chr9",131068269,131068629,"-",361,TRUE,1.21212121212121,0.00597001629363145,0.0010682994757388,0.00950862948133004,0.00485362380218074,0.00452828608596657
"RP11-339B21.15","ENSG00000272960.1","ENSG00000272960","lincRNA","chr9",131067440,131067794,"-",355,TRUE,1.96969696969697,0.0101070590996304,0,0.0182251776853245,0.0100152188422114,0.00382854458338911
"RP11-33B1.3","ENSG00000250950.1","ENSG00000250950","lincRNA","chr4",120377505,120378432,"+",928,TRUE,0.252525252525253,0.00173812168262847,0.00157777402362042,0.00161656895611598,0.0003344270347621,0.00335050438241746
"RP11-33O4.1","ENSG00000272644.1","ENSG00000272644","lincRNA","chr2",219934076,219934531,"-",456,TRUE,0.795454545454545,0.0033627454915558,0.00294857213897783,0.00672489099507076,0.00126564276511945,0.000821286806840511
"RP11-341G23.4","ENSG00000257681.1","ENSG00000257681","antisense","chr12",104140093,104162636,"-",22544,TRUE,0.340909090909091,0.00160781637760646,0,0.00222811418758787,0.00108948040077178,0.00205058621889753
"RP11-341N2.1","ENSG00000261186.1","ENSG00000261186","antisense","chr2",243029505,243030608,"-",1104,TRUE,0.47979797979798,0.00352332714154494,0.00606219659774452,0.00151470719399976,0.00456110854239805,0.00407569003033347
"RP11-342H21.2","ENSG00000231080.1","ENSG00000231080","antisense","chr1",67292625,67294241,"+",1617,TRUE,0.0252525252525253,0.000111553423213105,0,0,0.0001370708281389,0.000302676392222231
"RP11-342I1.2","ENSG00000272717.1","ENSG00000272717","antisense","chr4",140477953,140478797,"+",845,TRUE,0.429292929292929,0.00320136579819897,0,0.00459634071456638,0.0027666410135161,0.00327796313756189
"RP11-342K6.1","ENSG00000270696.1","ENSG00000270696","antisense","chr2",75887588,75889334,"+",1747,TRUE,2.42424242424242,0.0103255960783721,0.00310684635156542,0.0193437586762927,0.00690986049171669,0.00450153364107485
"RP11-342K6.4","ENSG00000270996.1","ENSG00000270996","lincRNA","chr2",75946246,75947144,"+",899,TRUE,0.0378787878787879,0.000404346230925097,0,0.000666313138103108,0.000651439693949616,0
"RP11-342M1.3","ENSG00000228192.3","ENSG00000228192","antisense","chr1",43300352,43312093,"-",11742,TRUE,0.921717171717172,0.00458024406092685,0.00860595123171138,0.00716000549726947,0.0017389596435925,0.00159646799535554
"RP11-343H5.6","ENSG00000237605.1","ENSG00000237605","antisense","chr1",206807994,206808967,"-",974,TRUE,0.366161616161616,0.00187413621155919,0,0.00390148897228729,0.00114932000255199,0.000651943333766419
"RP11-343J3.2","ENSG00000236154.1","ENSG00000236154","antisense","chr10",71335563,71336910,"+",1348,TRUE,2.23484848484848,0.0106389590728929,0,0.0237401884085977,0.00678702594131318,0.00118211822605556
"RP11-343L5.2","ENSG00000271862.1","ENSG00000271862","lincRNA","chr5",82345195,82346783,"-",1589,TRUE,0.202020202020202,0.00167470466689757,0,0.00235018749840716,0.00170431178650632,0.00154340178178096
"RP11-343N15.5","ENSG00000269996.1","ENSG00000269996","lincRNA","chr1",121133256,121134581,"+",1326,TRUE,6.94444444444444,0.0426196172268631,0.0355719812642931,0.0573262821733011,0.0446563084902548,0.0233454175966504
"RP11-344A16.2","ENSG00000261219.1","ENSG00000261219","lincRNA","chr15",58012493,58013126,"+",634,TRUE,0.0378787878787879,0.000484303744254741,0,0.000126483686987047,0,0.00170961933505712
"RP11-344E13.3","ENSG00000233098.4","ENSG00000233098","antisense","chr17",20771746,20905589,"+",133844,TRUE,0.517676767676768,0.00237658192273774,0.00189759201644433,0.00304697627119188,0.00156258790094904,0.00245569092930386
"RP11-344N10.5","ENSG00000272630.1","ENSG00000272630","lincRNA","chr10",74857802,74861055,"-",3254,TRUE,0.0631313131313131,0.000456944282493334,0,0.00058134997707023,0,0.000955980952485445
"RP11-344P13.6","ENSG00000272583.1","ENSG00000272583","lincRNA","chr1",121260164,121260627,"-",464,TRUE,0.467171717171717,0.00192938732049997,0,0.00463116541225079,0.00097329242648584,0
"RP11-345P4.10","ENSG00000272004.1","ENSG00000272004","antisense","chr1",1590786,1594063,"+",3278,TRUE,0.138888888888889,0.000840620181251926,0.000811862909179265,0.000891079491856112,0,0.00159646695417745
"RP11-345P4.9","ENSG00000272106.1","ENSG00000272106","antisense","chr1",1549138,1551175,"-",2038,TRUE,2.12121212121212,0.0147804072108467,0.0183384921045214,0.0152368197808689,0.0107942803490862,0.0161630159057042
"RP11-347C18.5","ENSG00000272509.1","ENSG00000272509","antisense","chr8",95896837,95897298,"+",462,TRUE,0.265151515151515,0.00179868290548309,0,0.000987152922094176,0.00259524848547203,0.00310403219130967
"RP11-347I19.8","ENSG00000272849.1","ENSG00000272849","lincRNA","chr12",122235417,122239878,"+",4462,TRUE,0.176767676767677,0.000748515868089686,0.00122594739967009,0.00114894456969207,0.000323647586732742,0.000345289258204946
"RP11-347P5.1","ENSG00000272211.1","ENSG00000272211","antisense","chr2",197015987,197019605,"+",3619,TRUE,0.0378787878787879,0.000211374113425765,0.00114951917598654,0.000165771747594756,0,0
"RP11-348N5.7","ENSG00000270589.1","ENSG00000270589","antisense","chr10",112670354,112672002,"+",1649,TRUE,0.126262626262626,0.00212000758357921,0.0045430130622528,0,0.00234905641382309,0.00367218164377817
"RP11-348P10.2","ENSG00000272077.1","ENSG00000272077","lincRNA","chr3",44708904,44710856,"+",1953,TRUE,1.23737373737374,0.00634482051043611,0.00415111747394341,0.00936474774508119,0.00426090827629593,0.00518897861248006
"RP11-349A22.5","ENSG00000257621.3","ENSG00000257621","antisense","chr14",58732083,58764852,"-",32770,TRUE,20.6691919191919,0.170675769221392,0.221734029164499,0.169101286566018,0.119753614005708,0.195998494233029
"RP11-34C15.2","ENSG00000230096.1","ENSG00000230096","lincRNA","chr10",4457497,4468371,"-",10875,TRUE,0.214646464646465,0.000762708947257702,0,0.00112612158319632,0.000760455695979183,0.000638801635658175
"RP11-34D15.2","ENSG00000231188.1","ENSG00000231188","antisense","chr10",102095320,102106147,"-",10828,TRUE,0.0378787878787879,0.00020552271660952,0,0.000201071118625174,0,0.00051588551530863
"RP11-34P13.7","ENSG00000238009.2","ENSG00000238009","lincRNA","chr1",89295,133566,"-",44272,TRUE,0.126262626262626,0.00088207546810262,0,0.000175882975156157,0.00223355550703979,0.00103142566392996
"RP11-350F4.2","ENSG00000257742.1","ENSG00000257742","lincRNA","chr12",44112796,44117803,"-",5008,TRUE,7.26010101010101,0.0504545688774205,0.0269153220934294,0.0599349437327412,0.0480318711667362,0.0513741403326486
"RP11-350G8.5","ENSG00000228013.1","ENSG00000228013","antisense","chr1",154374804,154379040,"-",4237,TRUE,0.328282828282828,0.00247867114771909,0,0.00191179985198271,0.00583586861131724,0.00130832474544107
"RP11-350G8.9","ENSG00000273110.1","ENSG00000273110","antisense","chr1",154452488,154453977,"+",1490,TRUE,0.0757575757575758,0.000374788527971106,0,0.000335832384792549,0,0.000984619234795602
"RP11-350J20.12","ENSG00000273132.1","ENSG00000273132","antisense","chr6",150173598,150174328,"+",731,TRUE,0.946969696969697,0.00384073840999681,0,0.00936480297530745,0.00172310851628229,0
"RP11-350J20.5","ENSG00000231760.2","ENSG00000231760","antisense","chr6",150117711,150119308,"-",1598,TRUE,0.0631313131313131,0.000314542008850568,0,0.000342615277611399,0.000765176975869785,0
"RP11-350N15.5","ENSG00000272092.1","ENSG00000272092","lincRNA","chr8",38239882,38240979,"+",1098,TRUE,1.84343434343434,0.0159250555319104,0.00687394483245089,0.0136103933219493,0.0135423110081144,0.0261580173190078
"RP11-351D16.3","ENSG00000273008.1","ENSG00000273008","lincRNA","chr10",43632272,43633782,"-",1511,TRUE,0.492424242424242,0.00261569082139064,0.00121779079639046,0.00248302727098848,0.00288916200027533,0.00325608085678993
"RP11-351I21.11","ENSG00000270074.1","ENSG00000270074","lincRNA","chr8",12270336,12271882,"+",1547,TRUE,0.189393939393939,0.000913663576438778,0,0.00210525606508991,0.000182662484046078,0.000393977738570486
"RP11-352G18.2","ENSG00000260773.1","ENSG00000260773","antisense","chr15",66607252,66624041,"-",16790,TRUE,0.0378787878787879,5.38653633456903e-05,0,0.000147770584585337,0,0
"RP11-352G9.1","ENSG00000273009.1","ENSG00000273009","lincRNA","chr3",195639949,195640554,"-",606,TRUE,0.0505050505050505,0.000516361587168794,0.00114306694990822,0.000402094648097298,0.000886371316054713,0
"RP11-353K11.1","ENSG00000273265.1","ENSG00000273265","lincRNA","chr2",97477976,97479394,"-",1419,TRUE,0.126262626262626,0.000804707101794987,0,0.000633462026158419,0.000959100371957009,0.00131121248598292
"RP11-353N4.1","ENSG00000229801.1","ENSG00000229801","lincRNA","chr1",149590752,149591762,"-",1011,TRUE,0.265151515151515,0.00100019737677978,0,0.00274387364880354,0,0
"RP11-354M20.3","ENSG00000231104.4","ENSG00000231104","antisense","chr10",119776998,119805321,"+",28324,TRUE,0.0378787878787879,0.000236480216545643,0.000870259098753563,4.54300653581377e-05,0.000426233954991767,0
"RP11-354P11.4","ENSG00000264125.1","ENSG00000264125","antisense","chr17",28531336,28533486,"+",2151,TRUE,0.151515151515152,0.000451009562588489,0,0.000452380463976993,0.00115434199500726,0
"RP11-355B11.2","ENSG00000270820.1","ENSG00000270820","antisense","chr2",61698323,61711265,"+",12943,TRUE,1.69191919191919,0.0120522716663854,0.00633735912405429,0.0131867719601722,0.00874320739640981,0.0165665080495497
"RP11-355F16.1","ENSG00000270571.2","ENSG00000270571","antisense","chr2",75381492,75417075,"+",35584,TRUE,0.0505050505050505,0.00046760416109946,0,0.000561917421456336,0.000540409954538179,0.000502632817440807
"RP11-356I2.1","ENSG00000234956.1","ENSG00000234956","lincRNA","chr6",138051307,138060120,"-",8814,TRUE,0.353535353535354,0.00117991261148952,0,0.00294063280283565,0.000435711146821454,0
"RP11-356I2.4","ENSG00000237499.2","ENSG00000237499","antisense","chr6",138144810,138189370,"-",44561,TRUE,2.71464646464646,0.0178445487973208,0.00330644478548802,0.0194961384954489,0.0188780241570836,0.0219444387394863
"RP11-356K23.1","ENSG00000258752.1","ENSG00000258752","antisense","chr14",89816629,89831043,"+",14415,TRUE,0.0378787878787879,7.67970913180679e-05,0,0.000210679931845895,0,0
"RP11-357H14.17","ENSG00000272763.1","ENSG00000272763","lincRNA","chr17",46713285,46724385,"-",11101,TRUE,0.593434343434343,0.00310449447449246,0.0012236297638585,0.00469145669436899,0.00165136133759916,0.00321633670010692
"RP11-358L4.1","ENSG00000261712.1","ENSG00000261712","lincRNA","chr15",79705700,79706228,"+",529,TRUE,0.340909090909091,0.00176299382955147,0,0.00227915073509023,0.00148991977853881,0.00219620218353224
"RP11-359B12.2","ENSG00000250132.2","ENSG00000250132","antisense","chr12",1083299,1100356,"-",17058,TRUE,0.454545454545455,0.00377999367780909,0.00132403073890152,0.00366180265646598,0.00153175679713568,0.00738034241270728
"RP11-359E3.4","ENSG00000272631.1","ENSG00000272631","antisense","chr10",88509511,88516055,"-",6545,TRUE,0.0883838383838384,0.000246068717895889,0,0.00067504823198318,0,0
"RP11-359G22.2","ENSG00000230400.1","ENSG00000230400","lincRNA","chr20",22656710,22665982,"-",9273,TRUE,0.0252525252525253,8.18549198094115e-05,0,0.000224555235500706,0,0
"RP11-359J14.2","ENSG00000256973.1","ENSG00000256973","lincRNA","chr12",22613453,22616848,"-",3396,TRUE,0.113636363636364,0.00121809249139028,0,0.00065971273844783,0.00084186049146914,0.00300006389712226
"RP11-359K18.3","ENSG00000259788.1","ENSG00000259788","antisense","chr1",162530017,162531098,"-",1082,TRUE,0.0505050505050505,7.80572654026997e-05,0,0.000135242714506194,0.000116030476418746,0
"RP11-35G9.3","ENSG00000267040.2","ENSG00000267040","antisense","chr18",55297534,55405276,"+",107743,TRUE,2.72727272727273,0.0177776864325799,0.0136591118552491,0.0224019030351426,0.0167094784500212,0.0143442364318845
"RP11-35O15.1","ENSG00000259424.1","ENSG00000259424","antisense","chr15",99190180,99190600,"-",421,TRUE,0.0505050505050505,0.000312671580103513,0,0.000231600759615263,0.000227884927559846,0.000670142565818019
"RP11-360F5.3","ENSG00000249685.1","ENSG00000249685","lincRNA","chr4",39135533,39137228,"+",1696,TRUE,0.340909090909091,0.001817215124426,0,0.00239766092044634,0.00100502983436377,0.00270809021835924
"RP11-360L9.4","ENSG00000253133.1","ENSG00000253133","antisense","chr8",41391674,41435887,"-",44214,TRUE,0.0631313131313131,0.000724584670718687,0,0.000598404265753472,0.000559761756839928,0.00143463307792362
"RP11-361D15.2","ENSG00000259238.1","ENSG00000259238","antisense","chr15",59980716,59981617,"+",902,TRUE,0.0378787878787879,0.00023019386397666,0,7.14373960405763e-05,0.000458798855970318,0.000352844081801116
"RP11-361F15.2","ENSG00000225135.1","ENSG00000225135","lincRNA","chr6",147708800,147711601,"+",2802,TRUE,0.606060606060606,0.0036238165577095,0.00623836600676085,0.00494103466009607,0.00192407330298368,0.00205468154313972
"RP11-362A9.3","ENSG00000243305.1","ENSG00000243305","antisense","chr3",152175548,152214602,"-",39055,TRUE,0.0378787878787879,7.51274677383002e-05,0,0.000206099599753148,0,0
"RP11-362K14.5","ENSG00000269984.1","ENSG00000269984","antisense","chr3",169494980,169498122,"-",3143,TRUE,0.0505050505050505,0.000194815356400515,0,0.000435968126992152,0.000144828140634609,0
"RP11-362K14.6","ENSG00000270096.1","ENSG00000270096","antisense","chr3",169512750,169514001,"+",1252,TRUE,0.113636363636364,0.00108830037008514,0.00223764427029987,0.000533555957086764,0.000666132516215506,0.00169664764163641
"RP11-362K14.7","ENSG00000270135.1","ENSG00000270135","antisense","chr3",169511283,169511754,"+",472,TRUE,0.0505050505050505,0.000252953263895504,0,0.000457741411536789,0.000347371571546451,0
"RP11-363D14.1","ENSG00000235480.1","ENSG00000235480","antisense","chr2",97193677,97198043,"-",4367,TRUE,0.315656565656566,0.00188452780501368,0,0.0026501848019351,0.000203229729977556,0.00338691464658905
"RP11-363E6.3","ENSG00000254027.1","ENSG00000254027","antisense","chr8",82192106,82193681,"-",1576,TRUE,0.0883838383838384,0.000383003443781704,0,0.000929508977058427,0.000178244960765876,0
"RP11-363G15.2","ENSG00000246541.2","ENSG00000246541","lincRNA","chr4",95038943,95128707,"-",89765,TRUE,0.0378787878787879,0.000165090746866662,0,0.00013093417610349,0.000473515918885984,0
"RP11-363G2.4","ENSG00000229556.2","ENSG00000229556","lincRNA","chr13",23425912,23428277,"+",2366,TRUE,0.202020202020202,0.00124197498108892,0,0.00103859240164708,0.00218616578499199,0.00125447396587678
"RP11-363J20.1","ENSG00000258957.1","ENSG00000258957","lincRNA","chr14",69649737,69680809,"-",31073,TRUE,0.189393939393939,0.00110728749122094,0,0.00140633751944303,0.00204041791090791,0.00034693603582541
"RP11-364B6.1","ENSG00000215869.3","ENSG00000215869","lincRNA","chr1",104615645,104619709,"+",4065,TRUE,0.0883838383838384,0.000271844954313423,0,0.000582651257236315,0.000239886835721381,0
"RP11-365H22.2","ENSG00000272576.1","ENSG00000272576","lincRNA","chr4",52784938,52785547,"+",610,TRUE,0.0505050505050505,0.000168259902895556,0,0.000461592806003742,0,0
"RP11-366L5.1","ENSG00000260742.1","ENSG00000260742","antisense","chr2",182752578,182756390,"-",3813,TRUE,0.151515151515152,0.000792592994865039,0,0.00143137616272199,0.00109269156268606,0
"RP11-367G18.1","ENSG00000230943.1","ENSG00000230943","lincRNA","chr6",113944737,113971276,"-",26540,TRUE,0.189393939393939,0.0011501999599495,0.00122061392304334,0.00113318695613473,0.000751793489407233,0.00152357824668356
"RP11-367G6.3","ENSG00000272053.1","ENSG00000272053","lincRNA","chr6",25015180,25042398,"-",27219,TRUE,2.07070707070707,0.0125498611479208,0.0289266430171573,0.0215505483722237,0.00361424269132934,0
"RP11-367J11.2","ENSG00000245748.1","ENSG00000245748","antisense","chr4",7032281,7047958,"-",15678,TRUE,0.0378787878787879,0.000246021441954437,0,0.000674918538371715,0,0
"RP11-367J11.3","ENSG00000245468.3","ENSG00000245468","lincRNA","chr4",7096298,7105112,"-",8815,TRUE,0.858585858585859,0.00348218172003955,0.000877573111690424,0.00475221713642781,0.00177527301098134,0.00466093172075455
"RP11-367N14.2","ENSG00000232648.3","ENSG00000232648","antisense","chr4",184416091,184425647,"-",9557,TRUE,0.164141414141414,0.00082255929799041,0,0.00151800305529838,0.00108619196099726,0
"RP11-367N14.3","ENSG00000272744.1","ENSG00000272744","lincRNA","chr4",184438047,184438680,"+",634,TRUE,0.126262626262626,0.000788975106682121,0,0.000167493785697376,0.00129473436878333,0.00158796291610463
"RP11-36B15.1","ENSG00000248936.1","ENSG00000248936","antisense","chr4",37589709,37590497,"-",789,TRUE,0.176767676767677,0.00111261912839153,0,0.00127869917785533,0,0.00252233446817369
"RP11-370A5.1","ENSG00000266850.1","ENSG00000266850","antisense","chr18",20303454,20487684,"-",184231,TRUE,0.202020202020202,0.00107523113692043,0,0.00156410923320496,0.00137803704507998,0.000638010112637979
"RP11-371A19.2","ENSG00000224215.1","ENSG00000224215","antisense","chr10",23632886,23634110,"+",1225,TRUE,0.0505050505050505,0.000269174599648222,0,0.000552282298730661,0.000273776786947784,0
"RP11-372E1.4","ENSG00000243818.4","ENSG00000243818","antisense","chr3",142645517,142661376,"+",15860,TRUE,0.0378787878787879,0.000174735280232817,0,0.000479356917022484,0,0
"RP11-372K14.2","ENSG00000270681.1","ENSG00000270681","antisense","chr4",152061143,152062255,"+",1113,TRUE,1.59090909090909,0.0186248117900113,0.11498387618952,0.00531957826028823,0.00341155305132156,0.0028920084052182
"RP11-373N22.3","ENSG00000247199.3","ENSG00000247199","antisense","chr5",147647870,147763346,"-",115477,TRUE,0.0883838383838384,0.00036848235958132,0,0.000821737668190381,0.000278157738063384,0
"RP11-374A4.1","ENSG00000249359.2","ENSG00000249359","lincRNA","chr5",21323982,21341484,"-",17503,TRUE,0.0378787878787879,0.000197337648534865,0,0.000306798042780939,0,0.000333590259550521
"RP11-375H17.1","ENSG00000226169.1","ENSG00000226169","antisense","chr22",28112468,28117665,"+",5198,TRUE,0.0631313131313131,9.47619199536012e-05,0,0.000259963424327164,0,0
"RP11-375N15.2","ENSG00000272267.1","ENSG00000272267","antisense","chr8",9412656,9414030,"-",1375,TRUE,1.11111111111111,0.00843193545897534,0.00794824032010473,0.00698612805947196,0.00957481093608952,0.00963076518568303
"RP11-375O18.2","ENSG00000233086.3","ENSG00000233086","lincRNA","chr9",82120719,82147257,"-",26539,TRUE,0.176767676767677,0.000688657979311604,0,0.00144992299953238,0.000646074119458952,0
"RP11-377G16.2","ENSG00000248719.1","ENSG00000248719","antisense","chr4",81104434,81111323,"-",6890,TRUE,0.0505050505050505,0.000285218341439198,0.00158719314516168,0.000210685276491271,0,0
"RP11-378A13.2","ENSG00000273361.1","ENSG00000273361","antisense","chr2",219263466,219263942,"-",477,TRUE,0.101010101010101,0.000800110174035148,0,0.000374003204663795,0.00182112068319842,0.000828702179987933
"RP11-378J18.3","ENSG00000225265.1","ENSG00000225265","antisense","chr1",222763167,222766374,"+",3208,TRUE,0.467171717171717,0.0022908574793431,0,0.00268875176906636,0.00251662707412286,0.00268030834118208
"RP11-378J18.8","ENSG00000272750.1","ENSG00000272750","antisense","chr1",222832209,222834854,"-",2646,TRUE,0.694444444444444,0.00463381220539615,0.012875098384836,0.00473131798068857,0.00289734916818357,0.00195215710301272
"RP11-379B18.5","ENSG00000241288.3","ENSG00000241288","lincRNA","chr3",125546081,125607918,"-",61838,TRUE,0.0883838383838384,0.000962608883724066,0,0.000246662740213623,0.00104121793390512,0.00239794887873996
"RP11-379F4.6","ENSG00000272440.1","ENSG00000272440","lincRNA","chr3",158413156,158413370,"+",215,TRUE,0.391414141414141,0.00232294883630951,0,0.00385335696211886,0.00193826870838912,0.00170851810806221
"RP11-379H18.1","ENSG00000271122.1","ENSG00000271122","antisense","chr7",35734824,35739023,"+",4200,TRUE,2.22222222222222,0.0130213431608339,0.00261782963337535,0.0202341368262013,0.00671723662235557,0.0141894613340723
"RP11-379K17.12","ENSG00000268220.1","ENSG00000268220","antisense","chr3",169805598,169807378,"+",1781,TRUE,0.593434343434343,0.00385821470735492,0.00216651243233755,0.0046206848620568,0.00407544568107441,0.00343047807089303
"RP11-379K17.4","ENSG00000239219.2","ENSG00000239219","antisense","chr3",169657141,169684522,"-",27382,TRUE,0.303030303030303,0.00164265927736158,0,0.00267784117923445,0,0.00260046009470634
"RP11-37B2.1","ENSG00000251136.4","ENSG00000251136","lincRNA","chr8",90621638,90769955,"-",148318,TRUE,1.6540404040404,0.0107609031506191,0.0139358061028618,0.0131671349128657,0.00840823605047033,0.0079873048006949
"RP11-37C7.3","ENSG00000261136.1","ENSG00000261136","antisense","chr15",40074772,40077818,"+",3047,TRUE,0.568181818181818,0.00279739106650075,0,0.00494077194764709,0.001156984341064,0.00276855584843358
"RP11-37N22.1","ENSG00000214803.3","ENSG00000214803","lincRNA","chr8",125204912,125259639,"-",54728,TRUE,0.0631313131313131,0.000191069912791792,0,0.000282348281859089,0,0.000343908482553595
"RP11-380D23.1","ENSG00000250511.1","ENSG00000250511","antisense","chr4",111433644,111440661,"-",7018,TRUE,0.0378787878787879,0.00022180115805964,0,0.000608474254185088,0,0
"RP11-380I10.4","ENSG00000253690.1","ENSG00000253690","antisense","chr8",28107580,28196772,"-",89193,TRUE,0.164141414141414,0.000983448933122327,0,0.000910951261823176,0.00150560725061034,0.00108546414999863
"RP11-380L11.3","ENSG00000270005.1","ENSG00000270005","antisense","chr12",124420169,124420753,"-",585,TRUE,0.391414141414141,0.00215780106564004,0.00183310494321993,0.00322347905756454,0.00117972558361978,0.00175436942812114
"RP11-380L11.4","ENSG00000270028.1","ENSG00000270028","antisense","chr12",124410008,124410630,"-",623,TRUE,0.0631313131313131,0.000725298331915041,0,6.53203395416659e-05,0.000367802132315715,0.00238117605062788
"RP11-380O24.1","ENSG00000254485.1","ENSG00000254485","antisense","chr3",9334272,9404987,"-",70716,TRUE,0.0631313131313131,0.000281224284891358,0,0.000227882854595484,0.000200522698256713,0.000579198265243577
"RP11-381K20.2","ENSG00000250159.2","ENSG00000250159","antisense","chr5",137150022,137225025,"-",75004,TRUE,2.75252525252525,0.0157024601190203,0.00642684158774298,0.0239307098872971,0.00813744820741615,0.0160678810914302
"RP11-381P6.1","ENSG00000264660.1","ENSG00000264660","antisense","chr17",20841851,20885670,"+",43820,TRUE,0.0631313131313131,0.000107932819078504,0,0.000296095575719347,0,0
"RP11-382A20.7","ENSG00000260608.1","ENSG00000260608","antisense","chr15",83681413,83730597,"+",49185,TRUE,0.0505050505050505,0.000241229516410186,0,0.000661772694828083,0,0
"RP11-383B4.4","ENSG00000225527.1","ENSG00000225527","antisense","chr10",18820778,18822265,"-",1488,TRUE,0.0757575757575758,0.000525863450913026,0,0.000439446739045573,0.000168191430477707,0.00126403744708318
"RP11-383C5.4","ENSG00000224023.6","ENSG00000224023","lincRNA","chr10",127389005,127408135,"-",19131,TRUE,0.669191919191919,0.00405014319172574,0.00106281127236163,0.00597821520829962,0.00198823811630218,0.00483240966825101
"RP11-383J24.6","ENSG00000271975.1","ENSG00000271975","lincRNA","chr8",125318430,125320617,"-",2188,TRUE,1.83080808080808,0.0126897905916325,0.00986490842310717,0.0139979838026892,0.0110074302391243,0.0139033851861741
"RP11-384K6.6","ENSG00000260404.2","ENSG00000260404","lincRNA","chr4",119512928,119554884,"+",41957,TRUE,0.378787878787879,0.00255133015075682,0.00330311026378056,0.0025763070400361,0.0019112461039167,0.00274961851876332
"RP11-384O8.1","ENSG00000267034.1","ENSG00000267034","lincRNA","chr2",223181961,223183372,"-",1412,TRUE,0.0378787878787879,0.000175639332477595,0,0.000481837032636837,0,0
"RP11-385D13.3","ENSG00000266538.1","ENSG00000266538","lincRNA","chr17",15434087,15434403,"-",317,TRUE,1.1489898989899,0.0137250443367737,0,0.00314960763357049,0.0362586976601738,0.01400670463163
"RP11-385F5.4","ENSG00000230325.1","ENSG00000230325","antisense","chr1",236703394,236713580,"-",10187,TRUE,0.340909090909091,0.00207816640556811,0,0.00313341401150897,0.00240127512205073,0.00132965941689036
"RP11-385F5.5","ENSG00000273058.1","ENSG00000273058","antisense","chr1",236699473,236700004,"-",532,TRUE,1.36363636363636,0.0107916195696921,0.0109356063458597,0.0101355130218705,0.00935170305165009,0.0130433385259794
"RP11-385F7.1","ENSG00000270761.1","ENSG00000270761","lincRNA","chr6",47444979,47445308,"-",330,TRUE,0.138888888888889,0.00138697485700862,0,0.00114443430498841,0.00175370836511244,0.0020878470484192
"RP11-385J1.2","ENSG00000237978.1","ENSG00000237978","antisense","chr3",178244293,178578193,"-",333901,TRUE,0.164141414141414,0.00136649773880612,0.00107933097124312,4.83428866674978e-05,0,0.00470965121548896
"RP11-386G11.10","ENSG00000258017.1","ENSG00000258017","antisense","chr12",49521565,49541652,"+",20088,TRUE,6.61616161616162,0.0254657103412969,0.0020740492180734,0.0569074150005652,0.0100723443059759,0.00761955455025269
"RP11-386G11.5","ENSG00000257913.1","ENSG00000257913","antisense","chr12",49392150,49412988,"+",20839,TRUE,1.41414141414141,0.00733764455709553,0,0.0125803302790745,0.00902281396048123,0.00201130422270139
"RP11-386I14.4","ENSG00000273338.1","ENSG00000273338","antisense","chr1",78470030,78470238,"-",209,TRUE,10.6186868686869,0.0683829253369567,0.0402050450708534,0.094477440502142,0.0954503464336706,0.0195340497615911
"RP11-386O9.2","ENSG00000237726.1","ENSG00000237726","lincRNA","chr1",71716682,71717802,"+",1121,TRUE,0.0631313131313131,0.000235423768110271,0,0.000443811824263312,0.000297132708499829,0
"RP11-387D10.2","ENSG00000259736.1","ENSG00000259736","antisense","chr15",91163239,91260372,"-",97134,TRUE,0.353535353535354,0.00164166096010911,0,0.00239235667320358,0.00185758790739029,0.00120629360902379
"RP11-387H17.4","ENSG00000264968.1","ENSG00000264968","lincRNA","chr17",38083995,38095854,"+",11860,TRUE,0.0631313131313131,0.000580618596722243,0,6.13829537617928e-05,0.000928804386514173,0.00127982447675002
"RP11-388C12.1","ENSG00000263063.1","ENSG00000263063","lincRNA","chr17",80671784,80674131,"-",2348,TRUE,0.0252525252525253,0.000304483606441562,0,0,0.00040122085140096,0.000799957454047827
"RP11-388M20.1","ENSG00000260060.1","ENSG00000260060","antisense","chr16",31207452,31208284,"+",833,TRUE,0.265151515151515,0.00236118233174355,0.00589824358314269,0.00243275859211282,0.00282374767473805,0
"RP11-388M20.9","ENSG00000261925.1","ENSG00000261925","lincRNA","chr16",31237281,31238481,"+",1201,TRUE,0.113636363636364,0.000329635980450317,0,0.00090430099243731,0,0
"RP11-389C8.3","ENSG00000272365.1","ENSG00000272365","lincRNA","chr5",71663446,71664222,"+",777,TRUE,0.315656565656566,0.0018792130160286,0.00125682078553354,0.00238942043055803,0.000922881121243659,0.00239724189456617
"RP11-389O22.1","ENSG00000236066.1","ENSG00000236066","lincRNA","chr1",113550876,113589677,"+",38802,TRUE,0.176767676767677,0.00153377507270105,0,0.00146010495907061,0.00370513871482775,0.000324624759482082
"RP11-38G5.4","ENSG00000261229.1","ENSG00000261229","lincRNA","chr15",80135889,80136646,"-",758,TRUE,0.0378787878787879,0.000308500930201452,0,0.000609421867658171,0,0.000336909574022838
"RP11-38J22.6","ENSG00000240754.1","ENSG00000240754","lincRNA","chr1",206288156,206306131,"-",17976,TRUE,1.32575757575758,0.00751272946710461,0.0020211150170137,0.00578474050440174,0.0122691186170883,0.00818425225626705
"RP11-38L15.2","ENSG00000229227.4","ENSG00000229227","lincRNA","chr10",46937463,46951699,"-",14237,TRUE,0.23989898989899,0.00155873683177474,0.0037397009006326,0.00129469326756627,0.00134456934886831,0.0010240087072442
"RP11-38L15.3","ENSG00000231187.2","ENSG00000231187","antisense","chr10",46951472,46966835,"+",15364,TRUE,0.0505050505050505,0.000451034792005097,0,0.000130975746332917,0.00162713630821051,0
"RP11-38M8.1","ENSG00000273297.1","ENSG00000273297","lincRNA","chr7",134101042,134117205,"-",16164,TRUE,1.96969696969697,0.00915341565085343,0,0.0219955398597161,0.00388146470452188,0.000677149342257263
"RP11-38P22.2","ENSG00000241732.1","ENSG00000241732","lincRNA","chr3",152557179,152559228,"+",2050,TRUE,0.189393939393939,0.00053599692114668,0,0.0014704176014831,0,0
"RP11-390B4.5","ENSG00000260589.1","ENSG00000260589","antisense","chr10",17683283,17685877,"-",2595,TRUE,0.946969696969697,0.00434573085763969,0,0.00835469094453314,0.00290738175126671,0.00226157894477961
"RP11-390E23.6","ENSG00000272686.1","ENSG00000272686","antisense","chr7",123389122,123391220,"+",2099,TRUE,2.22222222222222,0.0108000034696589,0.000987971084706767,0.0180327649489809,0.0059784106329138,0.0102031157987615
"RP11-390F4.3","ENSG00000225489.2","ENSG00000225489","lincRNA","chr9",6716548,6727438,"+",10891,TRUE,2.67676767676768,0.0188785695317302,0.00349651097578163,0.0200986082965176,0.0154448723232969,0.0283443018491686
"RP11-390F4.6","ENSG00000236924.1","ENSG00000236924","lincRNA","chr9",6645956,6670635,"+",24680,TRUE,0.707070707070707,0.00432655737402045,0.00205975232717942,0.00450609022076094,0.00348505075954373,0.00604628318899222
"RP11-390P2.4","ENSG00000225177.1","ENSG00000225177","antisense","chr6",139013685,139018425,"+",4741,TRUE,0.0505050505050505,0.000364479615326144,0,0.000259542427746833,0,0.00105289633718126
"RP11-391M1.4","ENSG00000272452.1","ENSG00000272452","lincRNA","chr3",40507957,40510078,"+",2122,TRUE,3.80050505050505,0.0210712970099091,0.0185425713278831,0.0331247046740439,0.0138401461390289,0.012217324567785
"RP11-392O1.4","ENSG00000267747.1","ENSG00000267747","antisense","chr17",41622153,41687706,"+",65554,TRUE,0.0505050505050505,0.00033642044739955,0,0.000566711210349758,0,0.000506578659667333
"RP11-392P7.6","ENSG00000247498.5","ENSG00000247498","antisense","chr12",13080660,13137579,"+",56920,TRUE,0.757575757575758,0.00408600212798245,0,0.00513097886510012,0.00332450633856749,0.00542955415146257
"RP11-393I2.4","ENSG00000272008.1","ENSG00000272008","antisense","chr6",87860877,87865003,"-",4127,TRUE,0.896464646464647,0.00556208394972796,0.00193198926728169,0.00828747934311303,0.0068920856562863,0.00225976307242127
"RP11-393M11.2","ENSG00000270109.1","ENSG00000270109","lincRNA","chr4",57330324,57330745,"+",422,TRUE,0.517676767676768,0.00236853763421819,0,0.00540162277645474,0.00128583305762507,0.000315390549391714
"RP11-394I13.2","ENSG00000271151.1","ENSG00000271151","lincRNA","chr2",174833079,174834146,"+",1068,TRUE,0.101010101010101,0.000670784570442792,0,0.00100806130052963,0.000650551657741501,0.000554338876419359
"RP11-394O4.3","ENSG00000253865.1","ENSG00000253865","antisense","chr5",148751737,148754679,"+",2943,TRUE,0.126262626262626,0.000457609511130456,0,0.000724889735273974,0,0.000754438749959235
"RP11-394O9.1","ENSG00000230945.1","ENSG00000230945","lincRNA","chr9",82645494,82649470,"+",3977,TRUE,0.0378787878787879,0.000211235579635255,0,0.000579489362906554,0,0
"RP11-395A13.2","ENSG00000272667.1","ENSG00000272667","lincRNA","chr2",128644130,128644759,"+",630,TRUE,1.69191919191919,0.00816555931364065,0.00114551539268559,0.0113718639053099,0.00500783614902086,0.0102556356160017
"RP11-395B7.4","ENSG00000227053.1","ENSG00000227053","antisense","chr7",100657601,100660889,"-",3289,TRUE,0.984848484848485,0.0039369325772641,0.00287482828320354,0.0086061769260834,0.00170384707681978,0
"RP11-395G23.3","ENSG00000254615.2","ENSG00000254615","lincRNA","chr8",107282372,107285127,"+",2756,TRUE,0.416666666666667,0.00262603882181486,0,0.00203110458815429,0.00462087011473583,0.00288850270322453
"RP11-395N3.2","ENSG00000272622.1","ENSG00000272622","lincRNA","chr2",227664862,227675745,"+",10884,TRUE,0.0378787878787879,0.000151480358236631,0,0.000221125375275085,0.000285957961698904,0
"RP11-395P17.11","ENSG00000269988.1","ENSG00000269988","antisense","chr9",130870860,130871604,"-",745,TRUE,1.93181818181818,0.0149257505261433,0.0220521146895493,0.0136787773200762,0.0152506497943711,0.0127340340987749
"RP11-395P17.3","ENSG00000234771.2","ENSG00000234771","antisense","chr9",130873450,130881013,"-",7564,TRUE,2.58838383838384,0.0164411662908242,0.0201672625747419,0.0206168227555687,0.0169060187720931,0.00814423734022193
"RP11-396B14.2","ENSG00000263033.1","ENSG00000263033","lincRNA","chr16",11290034,11318373,"+",28340,TRUE,0.0252525252525253,7.46634379720052e-05,0,0.000204826611963381,0,0
"RP11-396C23.2","ENSG00000225518.2","ENSG00000225518","lincRNA","chr1",226271340,226277993,"+",6654,TRUE,0.0883838383838384,0.000363049310746321,0,0.000995964856636946,0,0
"RP11-396C23.4","ENSG00000272562.1","ENSG00000272562","antisense","chr1",226248413,226249577,"-",1165,TRUE,0.151515151515152,0.000799811042893385,0,0.00102315923045095,0.000983254614136289,0.000714538893524229
"RP11-396F22.1","ENSG00000257718.1","ENSG00000257718","antisense","chr12",39300253,39303394,"+",3142,TRUE,0.0631313131313131,0.000449592464724219,0,0.000649321308162887,0.00085898201933243,0
"RP11-397A16.2","ENSG00000267325.1","ENSG00000267325","lincRNA","chr18",53443958,53448952,"-",4995,TRUE,0.113636363636364,0.000556431308308192,0,0.00102247163659883,0.000144555074265626,0.000576994451308687
"RP11-398C13.6","ENSG00000272853.1","ENSG00000272853","lincRNA","chr10",14919687,14920685,"-",999,TRUE,0.53030303030303,0.00219577417153497,0,0.00520631984899003,0.000221779606868217,0.000948045648394295
"RP11-398K22.12","ENSG00000229852.2","ENSG00000229852","antisense","chr6",73972938,74011124,"+",38187,TRUE,2.33585858585859,0.0135961689060297,0.00278689994222746,0.0179658814835639,0.0144098433627068,0.0121326401141853
"RP11-3B12.1","ENSG00000224897.2","ENSG00000224897","antisense","chr7",124569927,124819369,"+",249443,TRUE,0.126262626262626,0.000694029193762594,0,0.000872609188687958,0.00151680513849089,0
"RP11-3D4.2","ENSG00000259287.1","ENSG00000259287","antisense","chr15",34150918,34157026,"-",6109,TRUE,0.138888888888889,0.00101673816967718,0,0.000258218514814678,0.000785845033654008,0.00283964317759136
"RP11-3D4.3","ENSG00000259408.1","ENSG00000259408","antisense","chr15",34147101,34149010,"-",1910,TRUE,0.23989898989899,0.00185197591055139,0,0.00161601941795267,0.00341124670554354,0.00162853392559394
"RP11-3P17.5","ENSG00000269888.1","ENSG00000269888","lincRNA","chr3",161146900,161147401,"+",502,TRUE,0.972222222222222,0.0044197558177284,0.00798768751037179,0.00623801203391968,0.00252332501187909,0.00183982429821552
"RP11-400F19.6","ENSG00000266962.1","ENSG00000266962","antisense","chr17",40704456,40706766,"-",2311,TRUE,3.5479797979798,0.0221524835117805,0.0050287289907982,0.027362295271642,0.0188666593874097,0.0266933952887468
"RP11-400N9.1","ENSG00000259793.1","ENSG00000259793","antisense","chr2",234259778,234262062,"-",2285,TRUE,0.101010101010101,0.000902163575972041,0.00171620056893097,0.000366425805295341,0.00132790119583901,0.000835342651571793
"RP11-402D21.2","ENSG00000272817.1","ENSG00000272817","antisense","chr10",93667888,93669105,"+",1218,TRUE,0.353535353535354,0.0022179631973354,0,0.00264925875620812,0.00149946794659167,0.00343566646037639
"RP11-402G3.3","ENSG00000230601.1","ENSG00000230601","lincRNA","chr9",117428716,117434029,"-",5314,TRUE,0.0505050505050505,0.000164520451139834,0,0.000451334247671452,0,0
"RP11-402L1.4","ENSG00000237389.1","ENSG00000237389","lincRNA","chr10",44126330,44127012,"-",683,TRUE,0.0505050505050505,0.000376778102279773,0,0.000751675541042845,0.000414669018372447,0
"RP11-403A21.1","ENSG00000265752.2","ENSG00000265752","lincRNA","chr18",21537718,21562520,"-",24803,TRUE,0.0505050505050505,0.000125103962732641,0,0.000343201726651375,0,0
"RP11-403A21.2","ENSG00000264745.1","ENSG00000264745","antisense","chr18",21574177,21595303,"-",21127,TRUE,0.151515151515152,0.00060484656421729,0,0.00150927673935118,0.000220633134026527,0
"RP11-403I13.4","ENSG00000223779.4","ENSG00000223779","lincRNA","chr1",149239531,149265510,"+",25980,TRUE,0.164141414141414,0.0014510873517399,0.000857726741827886,0.000102515316697796,0.00169453083333591,0.00343756170893306
"RP11-403I13.5","ENSG00000232721.1","ENSG00000232721","lincRNA","chr1",149230716,149232554,"+",1839,TRUE,0.0252525252525253,0.000205515571879239,0,0.000162792216952738,0.000589761690749373,0
"RP11-403I13.8","ENSG00000235999.1","ENSG00000235999","lincRNA","chr1",149287451,149291743,"+",4293,TRUE,0.631313131313131,0.00410975326145711,0.000980500953461168,0.00615180441417276,0.00132592744304316,0.00550072410085234
"RP11-404F10.2","ENSG00000228863.4","ENSG00000228863","antisense","chr1",160640568,160653698,"+",13131,TRUE,0.580808080808081,0.00321928255245355,0.00189844176603347,0.00391935426030516,0.00233033411544643,0.00375995899538669
"RP11-406H21.2","ENSG00000273153.1","ENSG00000273153","lincRNA","chr10",17179335,17179584,"-",250,TRUE,0.126262626262626,0.000687090271093692,0,0.000930148749269,0.000350678290619934,0.00101873597213572
"RP11-406H23.2","ENSG00000259113.1","ENSG00000259113","lincRNA","chr14",50915525,50923460,"+",7936,TRUE,0.0378787878787879,0.000200232337715388,0,0.000213588973384492,0,0.000477442733273322
"RP11-407H12.8","ENSG00000229255.1","ENSG00000229255","antisense","chr1",248647546,248648785,"-",1240,TRUE,0.0757575757575758,0.000278322960705129,0,0.000763532334182412,0,0
"RP11-407N17.4","ENSG00000259083.1","ENSG00000259083","lincRNA","chr14",39644089,39645084,"-",996,TRUE,0.113636363636364,0.000298996483318999,0,0.000608192112459367,0.000311870361292043,0
"RP11-407N17.5","ENSG00000258940.2","ENSG00000258940","antisense","chr14",39734907,39736265,"-",1359,TRUE,0.631313131313131,0.00367484002541849,0.0038260633577403,0.00509830244636933,0.00274067195871302,0.00247629994662198
"RP11-408A13.3","ENSG00000273399.1","ENSG00000273399","lincRNA","chr9",14586767,14587324,"-",558,TRUE,0.0378787878787879,0.000423866059956977,0,0.00060102051393455,0,0.000798952202527198
"RP11-408A13.4","ENSG00000272871.1","ENSG00000272871","lincRNA","chr9",14588795,14590063,"-",1269,TRUE,0.416666666666667,0.00360845311228318,0.0138945698351581,0.00241264573213613,0.00284003436427615,0.000782413958111961
"RP11-408H1.3","ENSG00000223387.2","ENSG00000223387","lincRNA","chr3",172278678,172313397,"-",34720,TRUE,0.0378787878787879,0.000180042108612251,0,0.000265966188600058,0,0.000324181829419046
"RP11-410E4.1","ENSG00000259915.1","ENSG00000259915","lincRNA","chr2",187219299,187221500,"-",2202,TRUE,0.138888888888889,0.00145001863971216,0,0.000952577268267389,0.00233866060135149,0.00204101787811791
"RP11-410K21.2","ENSG00000232896.1","ENSG00000232896","lincRNA","chr9",113361755,113367499,"+",5745,TRUE,0.0378787878787879,0.000120607490380734,0,4.05362618400093e-05,0.000426990899583956,0
"RP11-410L14.2","ENSG00000253948.1","ENSG00000253948","lincRNA","chr8",100008991,100025272,"-",16282,TRUE,1.12373737373737,0.00753847210840738,0,0.00867271086468323,0.00816799742520463,0.00917872112638883
"RP11-412D9.4","ENSG00000260329.1","ENSG00000260329","antisense","chr12",107347807,107349275,"-",1469,TRUE,0.176767676767677,0.00176304430246964,0,0.00157676119706953,0.00172923323846113,0.00296389973030571
"RP11-415F23.2","ENSG00000271964.1","ENSG00000271964","antisense","chr3",16355946,16356494,"+",549,TRUE,0.353535353535354,0.00184582216550316,0,0.00235490210616575,0.00239717512246422,0.0015343125147228
"RP11-415F23.3","ENSG00000272498.1","ENSG00000272498","antisense","chr3",16380815,16381378,"+",564,TRUE,0.0757575757575758,0.000527431224225556,0,0.000368049694476813,0,0.00153433292015362
"RP11-415F23.4","ENSG00000272529.1","ENSG00000272529","antisense","chr3",16386633,16387947,"+",1315,TRUE,0.0631313131313131,0.000551358594226679,0.00115106742616753,0.000469430025175265,0.000924302323168658,0
"RP11-415J8.5","ENSG00000233246.1","ENSG00000233246","antisense","chr1",33815953,33828846,"+",12894,TRUE,0.0505050505050505,0.000282232360189649,0,0.000204478924177847,0.000195019170330313,0.000621737441991217
"RP11-416N2.4","ENSG00000273108.1","ENSG00000273108","antisense","chr10",105368376,105369807,"+",1432,TRUE,0.113636363636364,0.000422495797026466,0,0.00115904631536183,0,0
"RP11-416O18.1","ENSG00000242512.4","ENSG00000242512","lincRNA","chr3",181670131,181728466,"+",58336,TRUE,0.0252525252525253,0.000112250849404382,0,0.00030794136726107,0,0
"RP11-417F21.1","ENSG00000250116.2","ENSG00000250116","antisense","chr2",46795395,46807377,"-",11983,TRUE,0.366161616161616,0.0021285092872982,0,0.00178227096809384,0.00226298242997491,0.00358135111353402
"RP11-417J8.3","ENSG00000230880.2","ENSG00000230880","lincRNA","chr1",142618769,142729975,"+",111207,TRUE,0.0378787878787879,8.20022494128839e-05,0,0.000224959409542792,0,0
"RP11-418J17.1","ENSG00000231365.1","ENSG00000231365","antisense","chr1",119683019,119818596,"+",135578,TRUE,1.86868686868687,0.00994844052608703,0.0115787179681885,0.0153809611063786,0.00919704400296315,0.00211386708756733
"RP11-420A23.1","ENSG00000251432.2","ENSG00000251432","lincRNA","chr4",129213906,129440549,"+",226644,TRUE,0.227272727272727,0.00236309550502811,0.0031892319759446,0.00159980047297778,0.00418216130729357,0.00126635888331828
"RP11-420A6.2","ENSG00000263220.1","ENSG00000263220","antisense","chr17",5267610,5274921,"-",7312,TRUE,0.0378787878787879,0.000658094208006405,0.00260983844286797,0.000127505399977365,0,0.0010491458409327
"RP11-420G6.4","ENSG00000230438.5","ENSG00000230438","lincRNA","chr6",2854896,2881641,"-",26746,TRUE,0.795454545454545,0.00530920779744673,0.0107033863543156,0.00489603910257043,0.00510115401790405,0.00333446981331204
"RP11-420L9.5","ENSG00000270504.1","ENSG00000270504","antisense","chr6",3751345,3754105,"+",2761,TRUE,0.23989898989899,0.000894653808798016,0,0.00143300445357647,0.00116733129215547,0.000323696050100407
"RP11-421L21.2","ENSG00000235795.1","ENSG00000235795","antisense","chr1",101461029,101461816,"+",788,TRUE,0.568181818181818,0.00294101907739332,0,0.00401136961308894,0.00446710422031072,0.00144981351502334
"RP11-421L21.3","ENSG00000233184.2","ENSG00000233184","antisense","chr1",101491434,101552821,"+",61388,TRUE,2.86616161616162,0.0136974599126589,0.00339990231134026,0.0246123118822304,0.00967618084160641,0.00733886537359211
"RP11-421M1.8","ENSG00000272097.1","ENSG00000272097","lincRNA","chr6",10743557,10747896,"-",4340,TRUE,0.47979797979798,0.00302750543707913,0.00252286405333298,0.00438027033335339,0.00171714006058701,0.0026292995344221
"RP11-422J8.1","ENSG00000233621.1","ENSG00000233621","antisense","chr1",37920480,37940012,"-",19533,TRUE,0.391414141414141,0.00263589911716959,0,0.00364931253735149,0.00228708290161823,0.0028823704319078
"RP11-422P24.10","ENSG00000273026.1","ENSG00000273026","antisense","chr1",153938992,153939406,"+",415,TRUE,0.467171717171717,0.00290984403180193,0.00239194648284435,0.00391403204841969,0.00303637135481475,0.00162469600809072
"RP11-422P24.11","ENSG00000272654.1","ENSG00000272654","lincRNA","chr1",153950219,153951636,"+",1418,TRUE,0.378787878787879,0.00205973131605075,0,0.00403246843818216,0.00120128273213831,0.0011395160782771
"RP11-423C15.3","ENSG00000229582.2","ENSG00000229582","lincRNA","chr9",128506033,128508831,"-",2799,TRUE,0.113636363636364,0.000827946214709802,0,0.00151168925201502,0.00111721199690997,0
"RP11-423H2.3","ENSG00000249684.1","ENSG00000249684","antisense","chr5",177377336,177390961,"+",13626,TRUE,0.303030303030303,0.00273063178487848,0.00250384668003572,0.00181578152196702,0.00350088284731333,0.00340305857428846
"RP11-423O2.5","ENSG00000234978.1","ENSG00000234978","lincRNA","chr1",142803224,142816004,"-",12781,TRUE,0.328282828282828,0.00233315980049933,0.00260576316444688,0.00394479936473583,0.00171310126676689,0.000501073091760675
"RP11-424G14.1","ENSG00000260197.1","ENSG00000260197","lincRNA","chrY",21853827,21856492,"-",2666,TRUE,1.4520202020202,0.0116488801895107,0.00905219486022873,0.00738602905659495,0.022880343308552,0.00818092051488165
"RP11-425D10.10","ENSG00000260273.1","ENSG00000260273","antisense","chr6",109703998,109704869,"+",872,TRUE,0.656565656565657,0.00389590725293655,0.00637183666100776,0.00513742506891524,0.00422956351411574,0.000539160573222615
"RP11-425I13.3","ENSG00000196951.6","ENSG00000196951","antisense","chr4",141204878,141294535,"-",89658,TRUE,6.9949494949495,0.0331852261022676,0.0036418468816166,0.0662044268462837,0.0179774559116794,0.016067755523759
"RP11-426L16.3","ENSG00000225075.1","ENSG00000225075","antisense","chr1",113236310,113239243,"-",2934,TRUE,0.0757575757575758,0.000689618778733719,0.00242981905888153,0.000100657656040508,0,0.00130254692283021
"RP11-427H3.3","ENSG00000188971.4","ENSG00000188971","lincRNA","chr2",69685129,69693664,"-",8536,TRUE,5.83333333333333,0.0418171076846738,0.0043848167817994,0.0339156461575205,0.0652723389819587,0.0495503505079797
"RP11-428G5.5","ENSG00000255760.1","ENSG00000255760","lincRNA","chr12",32030013,32040137,"-",10125,TRUE,0.378787878787879,0.00426324011999714,0.0153962420798088,0.00140427386603609,0.00100194331457051,0.00577922000474288
"RP11-428J1.4","ENSG00000271978.1","ENSG00000271978","lincRNA","chr6",5031990,5054657,"-",22668,TRUE,0.0883838383838384,0.00046187286074174,0,0.000685390557168313,0.00051540708887706,0.00032885044485911
"RP11-428J1.5","ENSG00000272142.1","ENSG00000272142","lincRNA","chr6",5030206,5043683,"+",13478,TRUE,0.505050505050505,0.00165418735437499,0,0.00400213825518809,0,0.000762064386168438
"RP11-428K3.1","ENSG00000273062.1","ENSG00000273062","antisense","chr1",178693441,178695420,"-",1980,TRUE,0.378787878787879,0.00379041966275079,0.00550434999411673,0.00104140598191742,0.00408008567242915,0.00654179925632063
"RP11-429J17.2","ENSG00000181097.5","ENSG00000181097","antisense","chr8",144778324,144780583,"+",2260,TRUE,4.02777777777778,0.0266482525684359,0.0138208149693502,0.0340713411582489,0.0210189541654995,0.0281065733118956
"RP11-42I10.1","ENSG00000260086.1","ENSG00000260086","lincRNA","chr16",48657347,48778553,"+",121207,TRUE,0.214646464646465,0.00129119581398521,0.00264295810940448,0.00259009158745487,0,0
"RP11-42O15.3","ENSG00000271992.1","ENSG00000271992","lincRNA","chr1",70910754,70911219,"+",466,TRUE,1.66666666666667,0.0106563735560033,0.00245606541487531,0.0139113789670754,0.0157546984018992,0.00529829876413833
"RP11-430B1.2","ENSG00000259577.1","ENSG00000259577","lincRNA","chr15",52472290,52498071,"+",25782,TRUE,0.707070707070707,0.00507297659102863,0.017644625022034,0.00575566293080719,0.00136916739302511,0.0012430000513708
"RP11-430C7.4","ENSG00000240710.1","ENSG00000240710","antisense","chr1",204572163,204585693,"+",13531,TRUE,0.0505050505050505,0.000356694042031027,0,4.03029979393093e-05,0.0013798584094931,0
"RP11-430C7.5","ENSG00000240219.1","ENSG00000240219","lincRNA","chr1",204595903,204598840,"+",2938,TRUE,0.820707070707071,0.010223852125451,0.00779929583754016,0.000839058951464983,0.024606321418308,0.0109049601110895
"RP11-430G17.3","ENSG00000271200.1","ENSG00000271200","lincRNA","chr1",62207670,62208096,"-",427,TRUE,0.265151515151515,0.00190731785153267,0,0.00197489685893814,0.00372890684765199,0.001026889660317
"RP11-430H10.1","ENSG00000254427.1","ENSG00000254427","lincRNA","chr11",45376922,45387672,"+",10751,TRUE,0.252525252525253,0.00165958816060346,0,0.00150307831314756,0.00223482842735393,0.00217614923104759
"RP11-431K24.3","ENSG00000227634.1","ENSG00000227634","lincRNA","chr1",8268732,8275270,"+",6539,TRUE,0.0252525252525253,3.59478339378887e-05,0,9.86168495975333e-05,0,0
"RP11-431M7.3","ENSG00000247193.2","ENSG00000247193","antisense","chr4",36245738,36275842,"+",30105,TRUE,0.505050505050505,0.00155237739635551,0.00150135514517261,0.00357916143664476,0.000203963607011071,0
"RP11-432I5.1","ENSG00000260886.1","ENSG00000260886","antisense","chr16",71599692,71612090,"+",12399,TRUE,0.454545454545455,0.00215674684871631,0.0034008101957581,0.00361439551445173,0.00158422444626723,0
"RP11-432J22.2","ENSG00000238058.1","ENSG00000238058","antisense","chr9",138799658,138805359,"+",5702,TRUE,0.101010101010101,0.00086794899961378,0.00183568913574376,0.000467072228068143,0.000984656810539507,0.000829418982387114
"RP11-432J24.2","ENSG00000231705.1","ENSG00000231705","lincRNA","chr10",134232587,134234457,"+",1871,TRUE,0.0252525252525253,0.000118383902212145,0,0.000110361634821617,0.000315326778293519,0
"RP11-433J8.1","ENSG00000258702.1","ENSG00000258702","lincRNA","chr14",97059070,97062099,"+",3030,TRUE,0.0505050505050505,0.000213912823025334,0,0.000586833930848854,0,0
"RP11-434B12.1","ENSG00000260837.1","ENSG00000260837","lincRNA","chr2",8861264,8862816,"-",1553,TRUE,0.378787878787879,0.00230587837900518,0,0.0023353686706566,0.00289518274840006,0.00287542052927395
"RP11-434C1.1","ENSG00000247157.2","ENSG00000247157","lincRNA","chr12",11700964,11743303,"+",42340,TRUE,0.744949494949495,0.0083597896500619,0.00430794194962778,0.00247684395049585,0.00959595537558382,0.0176067810411452
"RP11-434D11.4","ENSG00000251072.2","ENSG00000251072","lincRNA","chr5",126087655,126112178,"-",24524,TRUE,0.252525252525253,0.00105129878259124,0,0.00227386897251274,0.000897415504064354,0
"RP11-434D2.3","ENSG00000267075.1","ENSG00000267075","lincRNA","chr17",20448684,20453265,"+",4582,TRUE,0.0252525252525253,7.18925364852755e-05,0,3.73277939079736e-05,0.000235162276083068,0
"RP11-434H6.6","ENSG00000273174.1","ENSG00000273174","antisense","chr3",128842282,128842846,"+",565,TRUE,0.138888888888889,0.000613317288385629,0,0.00142289977629863,0.000381844763036188,0
"RP11-434H6.7","ENSG00000273437.1","ENSG00000273437","lincRNA","chr3",128882449,128882783,"-",335,TRUE,0.643939393939394,0.00475367819482406,0,0.00462808930707361,0.00720002738408437,0.0050020609450874
"RP11-435B5.4","ENSG00000185044.10","ENSG00000185044","lincRNA","chr1",143354963,143467632,"-",112670,TRUE,0.631313131313131,0.00323522827121538,0.00659976030840665,0.00425014515625756,0.00161386627967655,0.00163599439121295
"RP11-435B5.5","ENSG00000238261.5","ENSG00000238261","lincRNA","chr1",143377281,143401533,"+",24253,TRUE,0.101010101010101,0.000876535797023903,0.00356468367958743,0.000576443996307315,0.000800152148914502,0
"RP11-435O5.2","ENSG00000237857.2","ENSG00000237857","lincRNA","chr9",98177116,98189078,"-",11963,TRUE,0.202020202020202,0.00118396589732583,0,0.000737922955216157,0.00190888806868832,0.00172388130851053
"RP11-435O5.5","ENSG00000271155.1","ENSG00000271155","antisense","chr9",98268517,98269918,"+",1402,TRUE,0.126262626262626,0.00100699372488859,0,0.000972156228491605,0.00077745011162947,0.00179440428587867
"RP11-435O5.6","ENSG00000271314.1","ENSG00000271314","antisense","chr9",98257206,98257661,"+",456,TRUE,0.0378787878787879,0.000310102244658297,0,8.2237842765563e-05,0.00029883634016434,0.000803927778269423
"RP11-435O5.7","ENSG00000271384.1","ENSG00000271384","lincRNA","chr9",98169272,98169944,"-",673,TRUE,0.0378787878787879,0.000367788426097599,0,0.00031594804131184,0.00101922686674768,0
"RP11-436D10.3","ENSG00000238280.1","ENSG00000238280","antisense","chr10",64553322,64565647,"-",12326,TRUE,0.113636363636364,0.000366775097180578,0,0.00100618592645313,0,0
"RP11-438D8.2","ENSG00000249417.1","ENSG00000249417","antisense","chr3",140986195,141085979,"-",99785,TRUE,0.0378787878787879,0.00010142668495898,0,0.000278247088630109,0,0
"RP11-438F14.3","ENSG00000224521.1","ENSG00000224521","antisense","chr1",248712057,248727140,"+",15084,TRUE,0.441919191919192,0.0013284567143793,0,0.00364439805260964,0,0
"RP11-438L19.1","ENSG00000272800.1","ENSG00000272800","lincRNA","chr2",184079047,184080128,"+",1082,TRUE,0.202020202020202,0.000918518203450115,0,0.00174186172789745,0,0.00110635929206156
"RP11-439A17.10","ENSG00000234998.1","ENSG00000234998","antisense","chr1",120906609,120935761,"+",29153,TRUE,0.0378787878787879,0.000174759320259422,0,0.000479422866801048,0,0
"RP11-439A17.7","ENSG00000236933.1","ENSG00000236933","antisense","chr1",120835810,120838343,"-",2534,TRUE,0.0631313131313131,0.000316697782572746,0,0.000707778583736329,0.00023682611652031,0
"RP11-439C15.5","ENSG00000270988.1","ENSG00000270988","lincRNA","chr8",1922984,1923480,"+",497,TRUE,0.0378787878787879,0.000348067196157265,0,0.00016631793962321,0,0.00112144448368144
"RP11-439E19.9","ENSG00000260698.1","ENSG00000260698","lincRNA","chr1",246845410,246848377,"+",2968,TRUE,0.315656565656566,0.00261764463615124,0.00190792417552838,0.00255856011019031,0.00129632424997293,0.00434298366253794
"RP11-439L18.1","ENSG00000232618.1","ENSG00000232618","lincRNA","chr6",143271348,143277783,"+",6436,TRUE,0.0757575757575758,0.000339273521952204,0,0.000692993222247812,0.000349656067871637,0
"RP11-439L18.2","ENSG00000224460.1","ENSG00000224460","lincRNA","chr6",143267184,143277835,"-",10652,TRUE,0.113636363636364,0.000937731003970231,0.00181504504300599,0.000696940922989973,0.00103337215559376,0.000738228926411531
"RP11-439L18.3","ENSG00000229017.2","ENSG00000229017","antisense","chr6",143287558,143359214,"-",71657,TRUE,0.138888888888889,0.000788193411072565,0,0.000647512626017121,0.00102707808801514,0.0011610682648323
"RP11-440D17.3","ENSG00000272913.1","ENSG00000272913","lincRNA","chr2",96190857,96192450,"-",1594,TRUE,1.21212121212121,0.00623969501187093,0,0.011659776605531,0.0042895227297435,0.00361392921939074
"RP11-440D17.4","ENSG00000273305.1","ENSG00000273305","lincRNA","chr2",96203717,96204217,"+",501,TRUE,0.214646464646465,0.000558614187571956,0,0.00153246427626252,0,0
"RP11-440G5.2","ENSG00000233081.1","ENSG00000233081","lincRNA","chr9",94188520,94189426,"+",907,TRUE,0.0757575757575758,0.00101359720170339,0,0,0.00132635295423619,0.00267195024055427
"RP11-440L14.1","ENSG00000249592.1","ENSG00000249592","antisense","chr4",756175,775637,"-",19463,TRUE,1.43939393939394,0.00977425381735897,0,0.0107566969041809,0.0123176712146721,0.0109250825993652
"RP11-440L14.4","ENSG00000272588.1","ENSG00000272588","antisense","chr4",750810,751528,"-",719,TRUE,0.252525252525253,0.00329085227028218,0.00206041144316284,0.000463464822924021,0.00790726764990504,0.00347819346758634
"RP11-441O15.3","ENSG00000224934.2","ENSG00000224934","lincRNA","chr10",101190948,101197874,"+",6927,TRUE,0.29040404040404,0.00158014520657434,0.0016824940917507,0.00287345327920894,0.00125791979804983,0
"RP11-442H21.2","ENSG00000269926.1","ENSG00000269926","antisense","chr10",74034673,74035738,"-",1066,TRUE,0.277777777777778,0.00114783531944324,0,0.00283493914054423,0.00046173531902152,0
"RP11-443B20.1","ENSG00000271936.1","ENSG00000271936","antisense","chr2",25048479,25049586,"+",1108,TRUE,1.4520202020202,0.00565141996877725,0,0.00982361871338076,0.00668033061096662,0.00161821179204834
"RP11-443B7.1","ENSG00000238005.2","ENSG00000238005","lincRNA","chr1",235093089,235105809,"-",12721,TRUE,0.378787878787879,0.00125346061250854,0,0.00320287757850406,0.00034676540087946,0
"RP11-443B7.2","ENSG00000237520.1","ENSG00000237520","lincRNA","chr1",235092978,235095736,"+",2759,TRUE,0.0757575757575758,0.000303354943051221,0,0.000832203376849903,0,0
"RP11-443B7.3","ENSG00000258082.1","ENSG00000258082","lincRNA","chr1",235115394,235116551,"-",1158,TRUE,0.101010101010101,0.000564046947279041,0,0.00154736814078628,0,0
"RP11-444D3.1","ENSG00000255864.1","ENSG00000255864","lincRNA","chr12",24366190,24715524,"-",349335,TRUE,0.467171717171717,0.00288645917782562,0.00212984090862332,0.00277086520692937,0.00317936588203986,0.00315524091850311
"RP11-445F12.1","ENSG00000255509.2","ENSG00000255509","antisense","chr17",35218935,35293960,"-",75026,TRUE,0.0252525252525253,4.09499042794203e-05,0,0.000112339190125739,0,0
"RP11-445F6.2","ENSG00000226571.1","ENSG00000226571","antisense","chr6",139592499,139608444,"+",15946,TRUE,0.340909090909091,0.00141858954202401,0,0.00389166233904751,0,0
"RP11-445H22.3","ENSG00000132832.5","ENSG00000132832","antisense","chr20",43285092,43324737,"-",39646,TRUE,0.328282828282828,0.00242163665490457,0,0.00258421870683174,0.000199980490714344,0.00557938975219149
"RP11-445N20.3","ENSG00000273293.1","ENSG00000273293","lincRNA","chr7",149578448,149578669,"-",222,TRUE,0.0378787878787879,0.000433812638461354,0,5.07018757828325e-05,0.000865360421836123,0.000783604568061368
"RP11-445P19.3","ENSG00000272827.1","ENSG00000272827","lincRNA","chr1",187449425,187449746,"+",322,TRUE,0.113636363636364,0.00043307142281492,0,0.00102617570827615,0.000238082729954623,0
"RP11-446E9.2","ENSG00000271722.1","ENSG00000271722","lincRNA","chr8",56926046,56926727,"+",682,TRUE,0.467171717171717,0.00236938897066182,0.00337620540105742,0.00335653315459441,0.00105075915151357,0.00172480571369787
"RP11-446N19.1","ENSG00000272369.1","ENSG00000272369","lincRNA","chr12",46931285,47046333,"+",115049,TRUE,2.28535353535354,0.0176178081452766,0.00371159888624357,0.0151012585421114,0.0192317297524249,0.0267604722925179
"RP11-448A19.1","ENSG00000273329.1","ENSG00000273329","lincRNA","chr7",129244389,129251471,"-",7083,TRUE,1.57828282828283,0.00888951551576254,0.00192157859950788,0.0156292530273449,0.00692004488412951,0.00477872883934
"RP11-448G15.1","ENSG00000250413.1","ENSG00000250413","antisense","chr4",10008106,10011349,"+",3244,TRUE,0.0378787878787879,0.00018068326324797,0,0.000495674210226505,0,0
"RP11-449H11.1","ENSG00000260448.1","ENSG00000260448","lincRNA","chr16",25096913,25122876,"-",25964,TRUE,1.4520202020202,0.00731877866073798,0.00332054317272059,0.0128617254202265,0.00300964697218296,0.0056510462063184
"RP11-449P15.2","ENSG00000273151.1","ENSG00000273151","antisense","chr7",919427,926184,"-",6758,TRUE,0.0505050505050505,0.000360285586400061,0.00161237202225748,0.000118451499234124,0.000425178534310642,0
"RP11-44F14.2","ENSG00000261804.1","ENSG00000261804","lincRNA","chr16",53407405,53418657,"+",11253,TRUE,0.593434343434343,0.00287330013238924,0,0.00788241671233903,0,0
"RP11-44F14.8","ENSG00000262714.1","ENSG00000262714","lincRNA","chr16",53420856,53422997,"+",2142,TRUE,0.366161616161616,0.0012029897803955,0,0.00301757925110322,0.000415653470604869,0
"RP11-44F21.5","ENSG00000260265.1","ENSG00000260265","lincRNA","chr4",76006912,76009927,"-",3016,TRUE,0.0757575757575758,0.000266207393774043,0,0.000485303534498293,0,0.000348419337238348
"RP11-44N11.2","ENSG00000272384.1","ENSG00000272384","lincRNA","chr8",123792210,123793069,"-",860,TRUE,0.23989898989899,0.00132761357372409,0.00409759744550361,0.00132323228337823,0.00123944297425272,0
"RP11-44N11.3","ENSG00000272043.1","ENSG00000272043","lincRNA","chr8",123792999,123793310,"+",312,TRUE,0.0126262626262626,6.1837379668619e-05,0,0.000169640473493406,0,0
"RP11-44N21.1","ENSG00000257556.1","ENSG00000257556","lincRNA","chr14",105559946,105565341,"+",5396,TRUE,0.126262626262626,0.000663174250997144,0,0.00105886046830199,0.000573510014207758,0.000526901348778186
"RP11-452F19.3","ENSG00000228106.1","ENSG00000228106","lincRNA","chr1",222988364,223010726,"+",22363,TRUE,3.23232323232323,0.0168883119497901,0.011145866111667,0.026085586893821,0.00978267406411658,0.013621306076789
"RP11-452H21.4","ENSG00000251323.2","ENSG00000251323","lincRNA","chr11",78135028,78140882,"-",5855,TRUE,0.631313131313131,0.00383717011493194,0.00486116402846584,0.00655440308007867,0.00257458197898434,0.000669118524001549
"RP11-452K12.4","ENSG00000225850.2","ENSG00000225850","antisense","chr10",99094321,99102770,"+",8450,TRUE,0.0378787878787879,0.000297000098624955,0,0.00081476992764449,0,0
"RP11-452K12.7","ENSG00000231970.1","ENSG00000231970","antisense","chr10",99160872,99179281,"+",18410,TRUE,0.151515151515152,0.000478498933538573,0,0.000806208333023035,0.000744874221185938,0
"RP11-452L6.1","ENSG00000261474.1","ENSG00000261474","lincRNA","chr16",31460856,31464814,"-",3959,TRUE,0.202020202020202,0.00169557333912978,0,0.00136860485309932,0.0022762288922089,0.00246775434463254
"RP11-452L6.5","ENSG00000260267.1","ENSG00000260267","antisense","chr16",31468032,31471057,"-",3026,TRUE,0.984848484848485,0.00729168193976414,0.00575622694112783,0.00871519635573079,0.00630310972251334,0.00700978752702984
"RP11-452L6.7","ENSG00000260625.1","ENSG00000260625","antisense","chr16",31519792,31520569,"+",778,TRUE,0.441919191919192,0.00313810145206096,0.00488487380536615,0.00216299383017156,0.00186945519732273,0.00485674433630155
"RP11-455F5.3","ENSG00000250616.2","ENSG00000250616","antisense","chr16",30107751,30115437,"+",7687,TRUE,0.441919191919192,0.00285365080436344,0,0.00448923765367227,0.0038941675631802,0.000983366668908326
"RP11-455F5.5","ENSG00000261416.1","ENSG00000261416","antisense","chr16",30194826,30196278,"-",1453,TRUE,0.252525252525253,0.00185279313179413,0,0.00120254731750455,0.00427546594021265,0.00138405313179137
"RP11-455J20.3","ENSG00000273240.1","ENSG00000273240","antisense","chr2",190628585,190629182,"-",598,TRUE,0.151515151515152,0.0010382609712508,0,0.000747848023528046,0.00115481411431796,0.00187048745910086
"RP11-456H18.2","ENSG00000229896.2","ENSG00000229896","lincRNA","chr6",12007903,12009089,"+",1187,TRUE,0.113636363636364,0.000519961556218084,0,0.000624691368965641,0.000618813541038879,0.00054181308472123
"RP11-456K23.1","ENSG00000267414.1","ENSG00000267414","lincRNA","chr18",42256892,42259682,"-",2791,TRUE,0.707070707070707,0.00519068049023356,0,0.00588777948364987,0.00466156780551508,0.00737020320745147
"RP11-457M11.5","ENSG00000261584.1","ENSG00000261584","lincRNA","chr6",26686469,26688192,"+",1724,TRUE,0.164141414141414,0.00131728448393693,0.00250278561807562,0.000622014933974399,0.00168710075244015,0.0013411133884521
"RP11-458D21.1","ENSG00000233396.3","ENSG00000233396","lincRNA","chr1",145373054,145382434,"-",9381,TRUE,1.28787878787879,0.00674743838632482,0,0.0123536210970406,0.00658635072388341,0.00238709430618389
"RP11-458D21.6","ENSG00000272709.1","ENSG00000272709","lincRNA","chr1",145200338,145200891,"-",554,TRUE,0.202020202020202,0.000693667767332345,0,0.00148198050375848,0.00022585121608979,0.000380307914156251
"RP11-458F8.4","ENSG00000273142.1","ENSG00000273142","lincRNA","chr7",66367844,66371284,"+",3441,TRUE,4.07828282828283,0.0343163405550311,0.00897185285315635,0.022417349350971,0.0617856145289858,0.0376604144492172
"RP11-458N5.1","ENSG00000272048.1","ENSG00000272048","lincRNA","chr2",25450724,25451090,"-",367,TRUE,1.83080808080808,0.0108266242995955,0.00768897781801538,0.0129469701176682,0.00864367662773465,0.0115295012670488
"RP11-459F6.3","ENSG00000260927.1","ENSG00000260927","antisense","chr16",58163433,58193037,"+",29605,TRUE,0.113636363636364,0.000681319451905151,0,0.00117050824333157,0.00102740334212458,0
"RP11-45M22.5","ENSG00000266498.1","ENSG00000266498","lincRNA","chr17",17138747,17139432,"-",686,TRUE,0.0505050505050505,0.000240298107246438,0,0.000519564514336422,0.000205388821448059,0
"RP11-45P15.4","ENSG00000259775.1","ENSG00000259775","antisense","chr14",103798011,103798704,"-",694,TRUE,0.353535353535354,0.00136802035407219,0,0.00321454441968056,0.000791814296807918,0
"RP11-461L13.3","ENSG00000270750.1","ENSG00000270750","lincRNA","chr4",153241696,153242196,"-",501,TRUE,0.202020202020202,0.00121419973292092,0,0.00111007741977722,0.000225454977565171,0.00294044347432336
"RP11-461L13.5","ENSG00000270883.1","ENSG00000270883","lincRNA","chr4",153239054,153239516,"-",463,TRUE,0.0505050505050505,0.000361814569665133,0,0.000256351132250474,0,0.00104703727731071
"RP11-462B18.2","ENSG00000231193.1","ENSG00000231193","lincRNA","chr9",32840596,32841760,"-",1165,TRUE,0.0505050505050505,0.000511352893280595,0,0,0.000256426518097503,0.00174706879790981
"RP11-462G2.2","ENSG00000224349.2","ENSG00000224349","antisense","chr6",71122531,71123653,"-",1123,TRUE,0.189393939393939,0.000768193179486862,0,0.00176252037693167,0.000507230592630779,0
"RP11-462L8.1","ENSG00000229656.2","ENSG00000229656","lincRNA","chr10",33247773,33371030,"+",123258,TRUE,0.227272727272727,0.00159430229460944,0,0.00251005461065306,0.00052876845186721,0.00213910051297343
"RP11-463O9.9","ENSG00000270020.1","ENSG00000270020","lincRNA","chr16",86553989,86557503,"-",3515,TRUE,0.0631313131313131,0.000361711335604148,0,0.000365466023161176,0.00027895409640573,0.000621707624568516
"RP11-464F9.20","ENSG00000268584.1","ENSG00000268584","antisense","chr10",75385754,75386548,"+",795,TRUE,0.921717171717172,0.00553522086027307,0.00576396851739906,0.00905320725061594,0.00443896018446797,0.00147494274907825
"RP11-464F9.22","ENSG00000272791.1","ENSG00000272791","lincRNA","chr10",75390314,75391248,"+",935,TRUE,0.176767676767677,0.000855607110542969,0,0.00156193500161361,0.00115491694642986,0
"RP11-465N4.4","ENSG00000234678.1","ENSG00000234678","antisense","chr1",201969222,201979481,"-",10260,TRUE,0.126262626262626,0.000329354224467826,0,0.000818731072278465,0.000124711590482555,0
"RP11-466C23.4","ENSG00000255651.2","ENSG00000255651","lincRNA","chr11",63534816,63536113,"-",1298,TRUE,0.101010101010101,0.00106565784435379,0,0.000864381178824992,0,0.00292834564729768
"RP11-466F5.8","ENSG00000224358.1","ENSG00000224358","antisense","chr1",165738166,165744413,"+",6248,TRUE,0.176767676767677,0.00103495997118079,0,0.00136560522402588,0.000135788064952679,0.0019644476445749
"RP11-467C18.1","ENSG00000270457.1","ENSG00000270457","lincRNA","chr1",59754975,59755312,"-",338,TRUE,0.0252525252525253,0.000116614544793836,0,0.000319912433241144,0,0
"RP11-467D6.1","ENSG00000259826.1","ENSG00000259826","antisense","chr7",39987121,39989354,"-",2234,TRUE,1.60353535353535,0.00901216443474115,0.000804302649869872,0.0169492501959306,0.00869422590247904,0.00223675704683114
"RP11-467J12.4","ENSG00000261550.1","ENSG00000261550","antisense","chr16",53069602,53086785,"-",17184,TRUE,0.0631313131313131,0.000183038907808967,0,0.000502136525752344,0,0
"RP11-467P9.1","ENSG00000272735.1","ENSG00000272735","lincRNA","chr2",71294649,71295255,"-",607,TRUE,0.101010101010101,0.000532052701096186,0,0.000730413318073553,0.000327598586260615,0.000720235526391064
"RP11-468E2.5","ENSG00000259321.1","ENSG00000259321","lincRNA","chr14",24608654,24609653,"+",1000,TRUE,1.23737373737374,0.00788227407110018,0.00327326017417338,0.00806413714803228,0.00833165228724864,0.00955035599789895
"RP11-469M7.1","ENSG00000260006.1","ENSG00000260006","lincRNA","chr2",201689396,201692061,"+",2666,TRUE,1.86868686868687,0.0117435794062661,0.0193845694381299,0.0153640225821684,0.00827577938855425,0.00603345248646299
"RP11-46A10.4","ENSG00000232586.1","ENSG00000232586","antisense","chr1",180918835,180924023,"-",5189,TRUE,0.315656565656566,0.00100975650927149,0,0.00237578330629313,0.000579921114702977,0
"RP11-46C24.5","ENSG00000260637.1","ENSG00000260637","lincRNA","chr16",89323587,89333938,"-",10352,TRUE,0.0505050505050505,0.000497194006454451,0,0.0013639683169793,0,0
"RP11-46C24.7","ENSG00000259877.1","ENSG00000259877","antisense","chr16",89281638,89284061,"-",2424,TRUE,1.12373737373737,0.0069869651855781,0.00176062004377525,0.00802725281440617,0.00753914807725954,0.00765108023320256
"RP11-46D6.1","ENSG00000261512.2","ENSG00000261512","lincRNA","chr16",46656773,46658363,"-",1591,TRUE,5.42929292929293,0.0328238977466888,0.0176336396455463,0.0441447357532668,0.0251100702537613,0.0319652043815728
"RP11-46F15.2","ENSG00000238260.1","ENSG00000238260","antisense","chr1",3539754,3541307,"-",1554,TRUE,0.0378787878787879,0.000264887325355534,0,9.40995857527487e-05,0.000930332202112911,0
"RP11-46H11.12","ENSG00000236617.2","ENSG00000236617","antisense","chr12",133464428,133465169,"+",742,TRUE,0.580808080808081,0.00275167758609617,0,0.0051249248049451,0.00319987523379975,0.000352844081801116
"RP11-46H11.3","ENSG00000250790.3","ENSG00000250790","lincRNA","chr12",133488056,133489173,"+",1118,TRUE,0.0757575757575758,0.000341751812217017,0,0.000683726310777867,0.000373284000786079,0
"RP11-46J23.1","ENSG00000272986.1","ENSG00000272986","antisense","chr4",71569464,71570208,"-",745,TRUE,0.366161616161616,0.0025749172505556,0,0.00226098320956001,0.00318852214807365,0.00374720055257736
"RP11-471B22.2","ENSG00000258424.1","ENSG00000258424","antisense","chr14",90868867,90871579,"-",2713,TRUE,0.0505050505050505,0.000136575704893798,0,0.000374672526068196,0,0
"RP11-472N13.3","ENSG00000237797.1","ENSG00000237797","lincRNA","chr10",31982012,31996316,"-",14305,TRUE,0.0505050505050505,0.000214079991167067,0,0.00058729252859133,0,0
"RP11-473M20.14","ENSG00000263072.1","ENSG00000263072","antisense","chr16",3166043,3184883,"-",18841,TRUE,4.8989898989899,0.0318847470665604,0.00925766234445363,0.0397612430477945,0.0341127752899566,0.0301207592885511
"RP11-473M20.16","ENSG00000261889.1","ENSG00000261889","lincRNA","chr16",3206737,3207484,"-",748,TRUE,2.96717171717172,0.0154119733770519,0.00163961369090728,0.0400089396409668,0.00222264232593801,0.000240775999221832
"RP11-473M20.7","ENSG00000261971.2","ENSG00000261971","antisense","chr16",3101992,3109371,"-",7380,TRUE,2.26010101010101,0.0141237564414732,0.00552799509628984,0.0137339180158136,0.0210988769363454,0.0123370046200129
"RP11-473M20.9","ENSG00000262370.1","ENSG00000262370","lincRNA","chr16",3126912,3137101,"-",10190,TRUE,0.53030303030303,0.00273087691719605,0,0.0032681044493874,0.00510957362563899,0.00106573133580393
"RP11-474B16.1","ENSG00000257642.1","ENSG00000257642","antisense","chr12",105698645,105720795,"-",22151,TRUE,0.113636363636364,0.000342985314738175,0,0.000940922650753844,0,0
"RP11-474G23.2","ENSG00000273275.1","ENSG00000273275","antisense","chr2",68406965,68407664,"+",700,TRUE,0.138888888888889,0.00050914440787622,0,0.00107373930786992,0.000475057732327669,0
"RP11-474G23.3","ENSG00000273064.1","ENSG00000273064","antisense","chr2",68480002,68480980,"+",979,TRUE,0.656565656565657,0.00412584738766432,0.00137162468862132,0.00714526269638969,0.00477627601183935,0.000613802176560386
"RP11-474I16.8","ENSG00000226889.3","ENSG00000226889","antisense","chr1",161735115,161736017,"-",903,TRUE,0.23989898989899,0.000934261905309578,0,0.00129728302368915,0.00147582392600496,0.000372933908331792
"RP11-474P2.2","ENSG00000258096.1","ENSG00000258096","antisense","chr12",46765246,46767561,"+",2316,TRUE,0.0378787878787879,0.00030568943065794,0,8.56983891707289e-05,0.00110730975103158,0
"RP11-474P2.4","ENSG00000257496.1","ENSG00000257496","lincRNA","chr12",46778016,46780774,"-",2759,TRUE,0.126262626262626,0.000781849069695312,0,0.000662760888091788,0.00217975239330916,0
"RP11-475I24.3","ENSG00000237357.1","ENSG00000237357","lincRNA","chr9",44401766,44404440,"+",2675,TRUE,0.189393939393939,0.000735504531058155,0,0.00174737880626154,0,0.000384489296701239
"RP11-475O6.1","ENSG00000233008.1","ENSG00000233008","lincRNA","chr1",84041459,84326706,"-",285248,TRUE,0.0505050505050505,0.000138355955637962,0,0.000379556345220874,0,0
"RP11-477D19.2","ENSG00000235381.1","ENSG00000235381","antisense","chr6",155574273,155577858,"-",3586,TRUE,0.492424242424242,0.00284331027503144,0.00194967508224014,0.00403359512316437,0.00279157131845287,0.00165838013498556
"RP11-477N3.1","ENSG00000272156.1","ENSG00000272156","lincRNA","chr2",54309691,54312203,"+",2513,TRUE,0.202020202020202,0.0023865261098891,0,0.000465221163753816,0.00271446940881692,0.00602447775421517
"RP11-479G22.8","ENSG00000273038.1","ENSG00000273038","lincRNA","chr10",33176189,33178239,"-",2051,TRUE,0.921717171717172,0.00692887745740248,0.00124977696000502,0.00407974997383476,0.0149969721236858,0.00608849604481097
"RP11-47A8.5","ENSG00000272933.1","ENSG00000272933","lincRNA","chr10",104402549,104403897,"-",1349,TRUE,0.568181818181818,0.00391477678347358,0.0011467440078987,0.00308858856694785,0.00524144361408535,0.00522497997520598
"RP11-47I22.2","ENSG00000250548.2","ENSG00000250548","lincRNA","chr14",62023031,62037371,"-",14341,TRUE,0.0378787878787879,0.000145603122424806,0,8.89151060611196e-05,0.000456688139789105,0
"RP11-47L3.1","ENSG00000267364.1","ENSG00000267364","lincRNA","chr17",33640521,33651919,"+",11399,TRUE,2.1969696969697,0.0124563706825991,0.00181756430412784,0.0206143246578722,0.0145941774231402,0.00423756815812369
"RP11-480A16.1","ENSG00000260261.1","ENSG00000260261","lincRNA","chr3",195676059,195679566,"-",3508,TRUE,0.542929292929293,0.00304056433232464,0.00155294379466869,0.00400859143736919,0.00270738713924082,0.00274817907957691
"RP11-480C16.1","ENSG00000272563.1","ENSG00000272563","lincRNA","chr2",114190177,114193619,"+",3443,TRUE,1.23737373737374,0.0135003912450918,0.000938125555320457,0.00162809358405444,0.0246553234407542,0.0260338630503588
"RP11-480D4.6","ENSG00000272049.1","ENSG00000272049","lincRNA","chr5",8445062,8445648,"-",587,TRUE,0.29040404040404,0.00179282995952226,0,0.00272806287746217,0.000161914360155893,0.00295835362719062
"RP11-480I12.7","ENSG00000234996.3","ENSG00000234996","lincRNA","chr1",202830882,202844369,"+",13488,TRUE,0.126262626262626,0.000165240696854078,0,0.000453310120915933,0,0
"RP11-482D24.2","ENSG00000257711.1","ENSG00000257711","antisense","chr12",107074536,107078478,"-",3943,TRUE,0.0505050505050505,0.000104961583339561,0,0.000287944489106103,0,0
"RP11-482D24.3","ENSG00000257918.1","ENSG00000257918","antisense","chr12",107108702,107126844,"-",18143,TRUE,0.0378787878787879,5.84369346672526e-05,0,0.000160311923299148,0,0
"RP11-483F11.7","ENSG00000229278.1","ENSG00000229278","antisense","chr10",101411746,101413662,"-",1917,TRUE,0.972222222222222,0.00583955685228917,0,0.00764227949061491,0.00946953218142719,0.00275730921605095
"RP11-483I13.5","ENSG00000260879.1","ENSG00000260879","antisense","chr1",108742548,108744113,"+",1566,TRUE,0.555555555555556,0.00288626256122836,0,0.00376882618586754,0.0032547437370553,0.00275346617265493
"RP11-483P21.2","ENSG00000260228.1","ENSG00000260228","antisense","chr16",83823572,83841439,"-",17868,TRUE,0.189393939393939,0.00146275956055872,0,0.00104754673614334,0.00306642568298184,0.00125191855994378
"RP11-484K9.4","ENSG00000272844.1","ENSG00000272844","antisense","chr3",112709294,112710000,"-",707,TRUE,0.631313131313131,0.00293426549616116,0,0.00617799761077421,0.00133944007219105,0.00136659249535971
"RP11-485G4.2","ENSG00000272565.1","ENSG00000272565","lincRNA","chr3",141876369,141880820,"-",4452,TRUE,4.31818181818182,0.0297413583480369,0.0238706618640537,0.0433289209690898,0.0252978918722454,0.0177220262043629
"RP11-485G7.5","ENSG00000263080.1","ENSG00000263080","antisense","chr16",11435666,11439068,"-",3403,TRUE,0.416666666666667,0.00190783136989969,0,0.00455550953129932,0.00099758962442404,0
"RP11-485O10.3","ENSG00000259700.2","ENSG00000259700","antisense","chr15",49102898,49103785,"+",888,TRUE,0.0631313131313131,0.000356654924772143,0,0.000707110563172487,0.00039902129817443,0
"RP11-486G15.2","ENSG00000271576.1","ENSG00000271576","lincRNA","chr1",84542014,84543614,"-",1601,TRUE,1.09848484848485,0.00668085620335648,0.00104759239802481,0.00799305851072347,0.00992256297304289,0.00456597733994861
"RP11-486L19.2","ENSG00000250685.3","ENSG00000250685","antisense","chr16",84226164,84230659,"-",4496,TRUE,0.113636363636364,0.000309878319423447,0,0.000850099165165813,0,0
"RP11-486M23.1","ENSG00000253632.1","ENSG00000253632","lincRNA","chr8",29384829,29387840,"+",3012,TRUE,0.176767676767677,0.000880722081249149,0,0.0021286124444003,0.000422829728226997,0
"RP11-486O12.2","ENSG00000247373.2","ENSG00000247373","lincRNA","chr12",124066767,124069662,"-",2896,TRUE,0.277777777777778,0.00211375002520622,0,0.00173669858909242,0.00154026836805228,0.00428744067312161
"RP11-488C13.5","ENSG00000258301.2","ENSG00000258301","lincRNA","chr14",77248083,77253067,"-",4985,TRUE,3.18181818181818,0.0257544895607092,0.0227061502877366,0.0217433878818569,0.0245572627666972,0.0341783711308488
"RP11-488L18.10","ENSG00000259865.1","ENSG00000259865","lincRNA","chr1",247350583,247351828,"-",1246,TRUE,5.34090909090909,0.035174843093859,0.0302661845534501,0.0366431755302325,0.0396229277946516,0.031300133177878
"RP11-489E7.4","ENSG00000272256.1","ENSG00000272256","antisense","chr8",29940274,29940983,"+",710,TRUE,2.97979797979798,0.0247682567686593,0.0738164835654767,0.0186377977195837,0.0156809025919839,0.0171460674360508
"RP11-48B3.4","ENSG00000260317.1","ENSG00000260317","lincRNA","chr8",81453535,81455339,"+",1805,TRUE,0.151515151515152,0.00156599735976313,0.00707035880837878,0.00095150357392488,0.00079318013178522,0.000367252468962821
"RP11-48F14.2","ENSG00000226859.1","ENSG00000226859","lincRNA","chr3",186194516,186196159,"+",1644,TRUE,0.0378787878787879,6.84252599133017e-05,0,0.000187713217358278,0,0
"RP11-490O6.2","ENSG00000262420.2","ENSG00000262420","antisense","chr16",11835766,11838362,"+",2597,TRUE,0.997474747474748,0.00650718607319499,0,0.00885427313183114,0.00986085356165759,0.00325998602294284
"RP11-492E3.2","ENSG00000227619.1","ENSG00000227619","antisense","chr9",132337688,132346835,"+",9148,TRUE,0.0631313131313131,0.00032306544129298,0,0.000207409965947042,0,0.00096546094746369
"RP11-493E12.1","ENSG00000271889.1","ENSG00000271889","lincRNA","chr2",61378568,61389240,"-",10673,TRUE,0.0631313131313131,0.000451839044729984,0,0.000358232523817324,0.000937006323925832,0.00034729286903175
"RP11-493K19.3","ENSG00000235016.1","ENSG00000235016","antisense","chr3",50153455,50193518,"-",40064,TRUE,0.0631313131313131,0.000314682251169945,0,0.000132359745509824,0.00107496731736072,0
"RP11-493L12.4","ENSG00000258181.1","ENSG00000258181","lincRNA","chr12",47641907,47651322,"+",9416,TRUE,2.0959595959596,0.0125526195733299,0.00889181460959183,0.0135149767235133,0.0123306006215362,0.0132741640423346
"RP11-493L12.5","ENSG00000257924.1","ENSG00000257924","lincRNA","chr12",47747537,47763718,"+",16182,TRUE,1.18686868686869,0.00617145750308049,0,0.0109385895687107,0.00387119408863675,0.00477787258302251
"RP11-494H4.3","ENSG00000270178.1","ENSG00000270178","lincRNA","chr3",179521851,179522154,"+",304,TRUE,0.0757575757575758,0.000674492273148748,0,0.000399626245725139,0.00213360052569007,0
"RP11-495P10.5","ENSG00000238107.1","ENSG00000238107","lincRNA","chr1",147767287,147769663,"+",2377,TRUE,0.0378787878787879,7.77561378593562e-05,0,0.000213310915083513,0,0
"RP11-496H1.2","ENSG00000273308.1","ENSG00000273308","lincRNA","chr3",197372540,197372888,"+",349,TRUE,0.0883838383838384,0.000893942297127776,0,0.000456261086526923,0.00106566256641472,0.00180832592048112
"RP11-496I9.1","ENSG00000254815.1","ENSG00000254815","antisense","chr11",557595,560107,"+",2513,TRUE,0.176767676767677,0.00124806044881149,0.00607795941356475,0.000869593080946897,0,0.000518741743736914
"RP11-497H16.9","ENSG00000269983.1","ENSG00000269983","lincRNA","chr5",69745463,69746180,"+",718,TRUE,1.7550505050505,0.00703858281641682,0,0.0114394401185049,0.00594187112116552,0.00544631491283242
"RP11-498C9.13","ENSG00000263585.1","ENSG00000263585","antisense","chr17",79890274,79890934,"+",661,TRUE,0.0378787878787879,6.57021388325143e-05,0,0.00018024279167077,0,0
"RP11-498C9.15","ENSG00000263731.1","ENSG00000263731","lincRNA","chr17",79836301,79838982,"-",2682,TRUE,3.63636363636364,0.014994936342263,0.00468605350405607,0.0312417773060598,0.00997402189703034,0.00202580498524083
"RP11-498C9.2","ENSG00000262831.1","ENSG00000262831","antisense","chr17",79801041,79801834,"+",794,TRUE,0.795454545454545,0.00382428023534979,0.00090653586705412,0.003504768775492,0.00561393718419361,0.00404289458857963
"RP11-498C9.3","ENSG00000262413.1","ENSG00000262413","antisense","chr17",79825597,79826428,"+",832,TRUE,0.441919191919192,0.00154372656685531,0.00148432772437703,0.00359895349067924,0.000148973432781942,0
"RP11-498D10.6","ENSG00000263320.1","ENSG00000263320","antisense","chr16",71963914,71965102,"+",1189,TRUE,0.176767676767677,0.00180132280141795,0.00233400561901518,0.00136912768770831,0.00188228051928184,0.00206478938408386
"RP11-498E2.7","ENSG00000269979.1","ENSG00000269979","lincRNA","chr9",125086887,125087594,"+",708,TRUE,0.517676767676768,0.00220759802066591,0,0.00395217545315006,0.00163435408538614,0.0014118269560674
"RP11-498E2.8","ENSG00000270102.1","ENSG00000270102","lincRNA","chr9",125093146,125093622,"+",477,TRUE,0.77020202020202,0.00425593872439401,0.00236890640356937,0.00745306907127075,0.00267867487370572,0.00220104573972684
"RP11-498P14.3","ENSG00000242375.1","ENSG00000242375","lincRNA","chr9",99957633,99959969,"-",2337,TRUE,0.164141414141414,0.00087658146280289,0.000742512480707566,0.00172076686356944,0,0.000592343975535988
"RP11-498P14.5","ENSG00000203279.3","ENSG00000203279","lincRNA","chr9",99962757,100000982,"-",38226,TRUE,2.20959595959596,0.0124608918061765,0.00201033180826994,0.0231519943308955,0.0123236663317728,0.0027430312225378
"RP11-499E18.1","ENSG00000248161.1","ENSG00000248161","lincRNA","chr4",103339759,103371167,"-",31409,TRUE,2.14646464646465,0.0111503791186284,0,0.0218987541373047,0.00542592727876,0.00711241585070557
"RP11-499P20.2","ENSG00000240291.1","ENSG00000240291","antisense","chr10",18802044,18834580,"-",32537,TRUE,1.62878787878788,0.0117138301749245,0.00934824316309539,0.00891055827437363,0.0186140296456608,0.0102400197848443
"RP11-49C24.1","ENSG00000260023.1","ENSG00000260023","lincRNA","chr16",70610204,70611571,"+",1368,TRUE,0.858585858585859,0.0044470160605623,0.00150628570858375,0.00731178534455126,0.00412127680921055,0.00219440364360911
"RP11-49I11.1","ENSG00000260552.1","ENSG00000260552","antisense","chr18",33759959,33767411,"-",7453,TRUE,0.214646464646465,0.00078311978437804,0,0.00214835770428614,0,0
"RP11-49K24.4","ENSG00000266957.1","ENSG00000266957","antisense","chr18",44603732,44617651,"-",13920,TRUE,0.0378787878787879,0.000249204808047455,0,0.000176870701977417,0.000745326725994416,0
"RP11-4E23.2","ENSG00000227071.1","ENSG00000227071","lincRNA","chr9",20683303,20684687,"-",1385,TRUE,0.0883838383838384,0.000415773986297167,0,0.000767359175286031,0.000548937357321849,0
"RP11-4F5.2","ENSG00000260359.1","ENSG00000260359","lincRNA","chr15",95024040,95027181,"+",3142,TRUE,1.59090909090909,0.0118164641416567,0.0147196003033196,0.00991569823372233,0.0119218345137189,0.012930457997676
"RP11-500C11.3","ENSG00000272269.1","ENSG00000272269","antisense","chr6",17706488,17707575,"+",1088,TRUE,4.43181818181818,0.0220431597902517,0.00562665967248347,0.0498419011713989,0.00548567791861334,0.00693012071100699
"RP11-500G22.2","ENSG00000226864.1","ENSG00000226864","antisense","chr10",123687827,123711480,"+",23654,TRUE,0.0757575757575758,0.000558257323287047,0,0.000176884542760399,0.000921650738863465,0.00103523740152471
"RP11-502I4.3","ENSG00000270964.1","ENSG00000270964","lincRNA","chr15",67833410,67834942,"-",1533,TRUE,0.265151515151515,0.00170421337862797,0,0.00124378780772536,0.00394400378352174,0.0010662439067868
"RP11-503C24.4","ENSG00000234647.1","ENSG00000234647","lincRNA","chr6",168643618,168663261,"+",19644,TRUE,0.0757575757575758,0.000222493904099948,0.000799978477684411,0.000322194008894978,0,0
"RP11-503E24.2","ENSG00000254165.1","ENSG00000254165","antisense","chr8",42392672,42393447,"-",776,TRUE,0.164141414141414,0.00132861077134696,0.00608499644517991,0.00121062038270116,0.000356158920643183,0
"RP11-503P10.1","ENSG00000272056.1","ENSG00000272056","antisense","chr2",27276486,27277144,"-",659,TRUE,0.0378787878787879,0.000101455619876673,0,0.000188537652446683,0.000132053136428772,0
"RP11-504P24.8","ENSG00000272645.1","ENSG00000272645","lincRNA","chr1",224139096,224141141,"-",2046,TRUE,6.25,0.0546353740997119,0.013560916246933,0.041311336232619,0.0720801945142532,0.0777584041565803
"RP11-505K9.1","ENSG00000260018.1","ENSG00000260018","antisense","chr16",84150656,84151176,"+",521,TRUE,0.934343434343434,0.00635242039244782,0.0015558983842349,0.00655968104648294,0.00491578989824233,0.0099042071118899
"RP11-505P4.6","ENSG00000223821.1","ENSG00000223821","antisense","chr6",74201748,74202465,"-",718,TRUE,0.0883838383838384,0.000664994036970128,0.00125786148959545,0.00105981503756524,0,0.000442803354765168
"RP11-506M13.3","ENSG00000244733.4","ENSG00000244733","lincRNA","chr10",81420647,81437248,"+",16602,TRUE,0.883838383838384,0.00429178945601246,0.00298102795880384,0.00798328774985904,0.00373924057480948,0.000247695779442692
"RP11-508N22.12","ENSG00000272983.1","ENSG00000272983","lincRNA","chr10",38426265,38433327,"+",7063,TRUE,0.0505050505050505,0.000654555937068587,0,0.000214873767855044,0.00162988415801344,0.000672059040199666
"RP11-508N22.13","ENSG00000273019.1","ENSG00000273019","lincRNA","chr10",38438896,38439221,"+",326,TRUE,0.0378787878787879,0.000322044872497231,0,5.14886265232059e-05,0,0.00118322548049536
"RP11-509E16.1","ENSG00000261452.1","ENSG00000261452","lincRNA","chr2",25380063,25382006,"+",1944,TRUE,0.29040404040404,0.00131853431252293,0,0.00263595752076528,0.00144308833047999,0
"RP11-509J21.1","ENSG00000232104.2","ENSG00000232104","lincRNA","chr9",3526723,3671646,"+",144924,TRUE,1.01010101010101,0.006559025990913,0,0.00933067519475656,0.010776357463736,0.00189942702436209
"RP11-509J21.2","ENSG00000237359.1","ENSG00000237359","lincRNA","chr9",3647335,3648338,"+",1004,TRUE,0.0883838383838384,0.000963434308857004,0,0.000392469477804231,0.00138181061688772,0.00186445620826407
"RP11-509J21.3","ENSG00000235326.1","ENSG00000235326","lincRNA","chr9",3674546,3691814,"+",17269,TRUE,0.568181818181818,0.00326526077974483,0.00111240817835485,0.00417016829240668,0.00470322914051137,0.00169076167836853
"RP11-50B3.4","ENSG00000254694.1","ENSG00000254694","antisense","chr11",126078506,126078922,"-",417,TRUE,0.189393939393939,0.00135914273629948,0.00504379624327431,0.0013660541757392,0,0.000775893582821434
"RP11-50E11.3","ENSG00000226200.2","ENSG00000226200","antisense","chr10",52384711,52401211,"+",16501,TRUE,0.782828282828283,0.00703681605108893,0.0141837402521646,0.00646802437184656,0.00515267399229254,0.00600621076550831
"RP11-510H23.1","ENSG00000236548.1","ENSG00000236548","antisense","chr6",125230239,125284185,"-",53947,TRUE,0.0378787878787879,6.29765260107205e-05,0,0.000172765530309978,0,0
"RP11-510J16.5","ENSG00000261235.1","ENSG00000261235","antisense","chr16",82077941,82173236,"-",95296,TRUE,0.0378787878787879,0.000293696254948815,0,0.000418419803409514,0.000569585515410775,0
"RP11-510M2.2","ENSG00000247324.2","ENSG00000247324","antisense","chr16",71496181,71499844,"+",3664,TRUE,0.0505050505050505,0.000431539989553364,0.00116825092814619,0.000136540518431086,0,0.000890947426246335
"RP11-511B23.1","ENSG00000257345.2","ENSG00000257345","lincRNA","chr12",93392994,93413596,"+",20603,TRUE,0.95959595959596,0.00618934280901529,0.0238842375294005,0.00719663192244103,0.000974264552058661,0.000734399182781361
"RP11-511I2.2","ENSG00000225762.1","ENSG00000225762","antisense","chr1",47846600,47874149,"-",27550,TRUE,0.0505050505050505,0.000530356651524992,0.00294917203052201,0.00039254789343091,0,0
"RP11-513D5.5","ENSG00000255487.1","ENSG00000255487","antisense","chr8",38133406,38134198,"+",793,TRUE,0.0757575757575758,0.000789728142742438,0.0011729199588826,0.000332443304548345,0.0020759278212181,0
"RP11-513G19.1","ENSG00000255968.1","ENSG00000255968","antisense","chr12",26471886,26574395,"+",102510,TRUE,0.0631313131313131,0.000588092777822484,0,0.000449485829969884,0.00082530938146491,0.000857116696263744
"RP11-513I15.6","ENSG00000225339.2","ENSG00000225339","lincRNA","chr6",34247456,34254545,"+",7090,TRUE,0.315656565656566,0.00180174343974055,0.00267319304701477,0.00256136102380403,0.00110697772094265,0.000946818094540455
"RP11-513M16.7","ENSG00000272842.1","ENSG00000272842","antisense","chr9",19371384,19371943,"-",560,TRUE,0.126262626262626,0.00037492877341093,0,0.00102855416883081,0,0
"RP11-513M16.8","ENSG00000273226.1","ENSG00000273226","antisense","chr9",19375449,19375994,"+",546,TRUE,0.126262626262626,0.000487639721101472,0.00091051002081822,0.000625062196370296,0.000565777691569874,0
"RP11-517A5.4","ENSG00000263198.1","ENSG00000263198","antisense","chr16",16386035,16388663,"-",2629,TRUE,0.340909090909091,0.00191131803794925,0.00129953477246315,0.00168081619382457,0.00264640044949128,0.00184173510506081
"RP11-517B11.4","ENSG00000248468.1","ENSG00000248468","antisense","chr3",131236675,131239724,"+",3050,TRUE,0.126262626262626,0.000564880954142932,0,0.00154965609865328,0,0
"RP11-517C16.2","ENSG00000261286.1","ENSG00000261286","antisense","chr16",84492865,84500967,"-",8103,TRUE,0.0505050505050505,0.000485474268788038,0,0.000425300544391987,0.000606165142199853,0.000703059784730684
"RP11-517P14.2","ENSG00000230555.2","ENSG00000230555","lincRNA","chr10",43916186,43917548,"+",1363,TRUE,1.54040404040404,0.00721002189818176,0.00164924775541595,0.011323582778104,0.00799383347206485,0.00345077693690516
"RP11-519G16.2","ENSG00000259519.1","ENSG00000259519","antisense","chr15",45462542,45492156,"+",29615,TRUE,0.29040404040404,0.00148819077330058,0.00106021957531058,0.00170513425096501,0.000749623069748156,0.00211310832402266
"RP11-51J9.5","ENSG00000271869.1","ENSG00000271869","lincRNA","chr8",30013346,30013748,"-",403,TRUE,3.98989898989899,0.0324028821002693,0.0495441326038643,0.0255535379684011,0.0431734756369378,0.0229469613477988
"RP11-51J9.6","ENSG00000272375.1","ENSG00000272375","lincRNA","chr8",30054920,30055564,"+",645,TRUE,0.164141414141414,0.000700699337843836,0,0.000986123390919236,0,0.00133133030844303
"RP11-520A21.1","ENSG00000233096.1","ENSG00000233096","lincRNA","chr3",41012032,41013069,"-",1038,TRUE,0.0505050505050505,0.000153046661351153,0,0.000419857830932155,0,0
"RP11-521B24.3","ENSG00000251602.2","ENSG00000251602","antisense","chr14",105883221,105886076,"-",2856,TRUE,0.921717171717172,0.00621027889039131,0,0.00748559529087678,0.00685873191883806,0.00695113519727033
"RP11-521B24.5","ENSG00000257270.1","ENSG00000257270","antisense","chr14",105934130,105936954,"-",2825,TRUE,0.47979797979798,0.00268635700505435,0,0.00288284242700806,0.00325228559712199,0.00323593338231907
"RP11-521O16.2","ENSG00000260163.1","ENSG00000260163","lincRNA","chr2",127782787,127787262,"+",4476,TRUE,0.176767676767677,0.000880383882426588,0,0.0012818638324042,0.000375857208610943,0.00124832106609082
"RP11-522I20.3","ENSG00000254473.1","ENSG00000254473","antisense","chr9",86322509,86328293,"+",5785,TRUE,1.01010101010101,0.00583789920852487,0,0.00839308439278168,0.00522184607631358,0.00579056317327719
"RP11-523H20.3","ENSG00000272183.1","ENSG00000272183","antisense","chr2",74728844,74729492,"+",649,TRUE,0.0757575757575758,0.000500037355571464,0,0.000305032056550059,0.001166987352921,0.00038860696309461
"RP11-524O1.4","ENSG00000260830.1","ENSG00000260830","antisense","chr14",21852451,21853079,"+",629,TRUE,0.441919191919192,0.00188262509807199,0,0.00438348417651099,0.00114889045295108,0
"RP11-525A16.4","ENSG00000273143.1","ENSG00000273143","lincRNA","chr10",112188598,112255962,"-",67365,TRUE,0.265151515151515,0.00307322649795257,0,0.000530265852597012,0.00387633524723124,0.00748760111183344
"RP11-525K10.3","ENSG00000259867.1","ENSG00000259867","antisense","chr16",80188950,80597032,"-",408083,TRUE,0.164141414141414,0.000705007860860407,0,0.00140572412593561,0,0.000751397392334154
"RP11-526I2.5","ENSG00000270127.1","ENSG00000270127","lincRNA","chr15",101087972,101090358,"-",2387,TRUE,2.33585858585859,0.017797230569542,0.0054676717493391,0.0172320864381845,0.023712318716495,0.0191977203467692
"RP11-527D7.1","ENSG00000225554.1","ENSG00000225554","lincRNA","chr1",241587592,241596792,"+",9201,TRUE,0.0757575757575758,0.000625271359791199,0,0.00171532704175487,0,0
"RP11-527J8.1","ENSG00000273306.1","ENSG00000273306","antisense","chr2",100021680,100022305,"+",626,TRUE,0.23989898989899,0.00173065877435526,0.0012004747257899,0.00134233383661406,0.00156680414236079,0.00271298988192766
"RP11-527L4.5","ENSG00000267166.1","ENSG00000267166","antisense","chr17",41991801,42000369,"-",8569,TRUE,0.202020202020202,0.00117825245209738,0,0.00154983993887952,0,0.00239279385077146
"RP11-527N22.2","ENSG00000253746.1","ENSG00000253746","lincRNA","chr8",37262957,37264242,"-",1286,TRUE,0.101010101010101,0.000473140796725259,0,0.00129798237272742,0,0
"RP11-528I4.2","ENSG00000272969.1","ENSG00000272969","antisense","chr4",56413279,56414056,"+",778,TRUE,0.202020202020202,0.00127502067703624,0,0.00166766610792098,0.00143987138231489,0.00121041585471678
"RP11-529K1.4","ENSG00000260111.1","ENSG00000260111","antisense","chr16",70413360,70433405,"+",20046,TRUE,0.0505050505050505,0.000853799979379353,0.00169825252638308,0.000168684026815482,0,0.00222114405114767
"RP11-531A24.5","ENSG00000253636.1","ENSG00000253636","antisense","chr8",73964413,73975296,"+",10884,TRUE,0.366161616161616,0.00271743514968314,0.00441817073589053,0.00284336963248507,0.00162319365614393,0.0027251485439258
"RP11-531F16.4","ENSG00000273261.1","ENSG00000273261","antisense","chr3",182639028,182639726,"-",699,TRUE,0.0378787878787879,0.000238582561259307,0,0.000337214436252512,0,0.000451249166360942
"RP11-532F12.5","ENSG00000261183.1","ENSG00000261183","antisense","chr15",41128006,41136585,"-",8580,TRUE,1.22474747474747,0.00727111530512629,0.00623437632314195,0.0132987339419545,0.00333255918888723,0.00303853362676072
"RP11-532F6.3","ENSG00000272463.1","ENSG00000272463","lincRNA","chr6",708592,711405,"-",2814,TRUE,1.85606060606061,0.0115941884770923,0,0.0157796485670056,0.0047979633535251,0.0181535592426878
"RP11-532M24.1","ENSG00000272486.1","ENSG00000272486","antisense","chr8",125591872,125592889,"+",1018,TRUE,0.0631313131313131,0.000448196442259603,0,0.000187849546159507,0.000426082841439739,0.00106945495822037
"RP11-533E19.5","ENSG00000260360.1","ENSG00000260360","lincRNA","chr1",179922319,179923575,"-",1257,TRUE,0.555555555555556,0.0028806228713566,0.00167228154487721,0.00500521815472399,0.00177723002642076,0.00154511969454179
"RP11-533E19.7","ENSG00000272906.1","ENSG00000272906","lincRNA","chr1",179850742,179851730,"-",989,TRUE,0.505050505050505,0.00330590062714455,0.00291289490694899,0.00380623078094223,0.00351926593309016,0.00258936698153778
"RP11-534C12.1","ENSG00000272707.1","ENSG00000272707","lincRNA","chr3",194358234,194358393,"-",160,TRUE,0.303030303030303,0.00269650983817081,0,0.00130688661717534,0.00283425161669984,0.00592105435021961
"RP11-534L6.2","ENSG00000236800.1","ENSG00000236800","lincRNA","chr10",49872244,49880469,"-",8226,TRUE,0.0505050505050505,0.000219350964372902,0,0.000319581283943294,0,0.000401294813344383
"RP11-535A19.2","ENSG00000255507.1","ENSG00000255507","antisense","chr11",75514476,75526451,"-",11976,TRUE,0.0757575757575758,0.000301754778184625,0,0.000827813593080093,0,0
"RP11-536C5.7","ENSG00000227741.1","ENSG00000227741","antisense","chr1",160171989,160178659,"-",6671,TRUE,0.353535353535354,0.00222865499060289,0.00190832604005621,0.00348166606436249,0.000616590403438356,0.00216963130746426
"RP11-536K7.3","ENSG00000232807.2","ENSG00000232807","antisense","chr10",5976233,5987863,"-",11631,TRUE,0.29040404040404,0.00179738438807204,0,0.00157862893431148,0.00258750732373152,0.00226527376536371
"RP11-538P18.2","ENSG00000243150.1","ENSG00000243150","antisense","chr3",158263009,158288855,"-",25847,TRUE,0.0631313131313131,0.000221831374945889,0,0.000305655083570987,0,0.000430777469606896
"RP11-539G18.2","ENSG00000255458.1","ENSG00000255458","lincRNA","chr4",39640760,39668264,"+",27505,TRUE,0.176767676767677,0.00118908825217775,0.00066500074581009,0.00114089235923182,0.00276730613372541,0
"RP11-539I5.1","ENSG00000225302.1","ENSG00000225302","antisense","chr10",118592512,118609716,"-",17205,TRUE,0.416666666666667,0.00262904322878484,0.00492657777996294,0.00519398350851873,0,0.000346478370305852
"RP11-539L10.2","ENSG00000246526.2","ENSG00000246526","lincRNA","chr4",6689175,6692246,"-",3072,TRUE,0.0252525252525253,3.64656377731653e-05,0,0.000100037357521118,0,0
"RP11-539L10.3","ENSG00000251580.1","ENSG00000251580","lincRNA","chr4",6672452,6675557,"-",3106,TRUE,1.33838383838384,0.00777252708699128,0.0029945106235156,0.0103460459767931,0.00479491698063425,0.00943973729681185
"RP11-53I6.3","ENSG00000265008.1","ENSG00000265008","antisense","chr18",29671258,29672082,"-",825,TRUE,0.366161616161616,0.00213932980252336,0,0.00440251475310282,0.000404373852370297,0.00169440693180998
"RP11-53O19.1","ENSG00000251141.1","ENSG00000251141","antisense","chr5",44745002,44808879,"-",63878,TRUE,1.86868686868687,0.00763147376953197,0,0.0166703233049618,0.00378034329144601,0.00241046058727098
"RP11-53O19.3","ENSG00000272335.1","ENSG00000272335","lincRNA","chr5",44826178,44828694,"+",2517,TRUE,0.681818181818182,0.00426618859159376,0.00257902097662188,0.00731365568837846,0.00252048502764643,0.00248462844734841
"RP11-540A21.2","ENSG00000245522.2","ENSG00000245522","lincRNA","chr11",9776317,9781080,"-",4764,TRUE,0.517676767676768,0.00279023360165268,0.00480873045908655,0.00492673405626566,0.000776876445451234,0.000664571805310077
"RP11-540O11.7","ENSG00000259463.1","ENSG00000259463","antisense","chr15",41303795,41305498,"+",1704,TRUE,0.0378787878787879,0.000150968361568209,0,3.88949070567833e-05,0.000194041692393701,0.000346047283142093
"RP11-542K23.7","ENSG00000229245.2","ENSG00000229245","antisense","chr9",125165686,125211256,"+",45571,TRUE,0.303030303030303,0.00169974696785908,0,0.00406823672520333,0.000874679857250077,0
"RP11-542K23.9","ENSG00000231465.2","ENSG00000231465","antisense","chr9",125233637,125238096,"+",4460,TRUE,0.0757575757575758,0.0002375178079406,0,0.000302640224900369,0.000213589540381277,0.000289725340804797
"RP11-542M13.3","ENSG00000268804.1","ENSG00000268804","lincRNA","chr16",85968887,85969829,"-",943,TRUE,0.126262626262626,0.000689226766840598,0.00358963129272827,0.000597665205729179,0,0
"RP11-544A12.8","ENSG00000246851.1","ENSG00000246851","antisense","chr9",134065297,134069592,"-",4296,TRUE,0.101010101010101,0.000227838480455803,0,0.000421327994805923,0.000299595947124433,0
"RP11-544D21.2","ENSG00000259776.1","ENSG00000259776","lincRNA","chr1",239411108,239414118,"-",3011,TRUE,0.0252525252525253,0.000168152863981588,0,0.000101725123422718,0,0.000511374508085117
"RP11-544I20.2","ENSG00000214770.2","ENSG00000214770","antisense","chr14",64796149,64805317,"-",9169,TRUE,0.202020202020202,0.000962495980826916,0,0.00168774351070627,0.00140114755615902,0
"RP11-545E17.3","ENSG00000223478.1","ENSG00000223478","antisense","chr9",131486724,131495473,"+",8750,TRUE,9.12878787878788,0.0511413712399591,0.00632934093196262,0.0941341851249297,0.0389611129764809,0.0247345263166165
"RP11-545I5.3","ENSG00000235652.3","ENSG00000235652","antisense","chr6",146136048,146207721,"+",71674,TRUE,0.492424242424242,0.0025363244772682,0,0.00287965318274618,0.00225753260523081,0.00361704168340289
"RP11-545M17.1","ENSG00000258651.1","ENSG00000258651","lincRNA","chr14",39572344,39573016,"+",673,TRUE,0.0631313131313131,0.000414932671210807,0,0.000644315069187026,0.000726504916580055,0
"RP11-546B15.1","ENSG00000261002.1","ENSG00000261002","antisense","chr15",42500611,42519188,"+",18578,TRUE,0.0378787878787879,0.000287128695943424,0,0.000186057682339623,0.000884824627079689,0
"RP11-546J1.1","ENSG00000270557.1","ENSG00000270557","lincRNA","chr2",158734195,158735077,"+",883,TRUE,0.29040404040404,0.0016478569696022,0,0.0019858530798976,0.00116066512982242,0.00248250428952887
"RP11-546K22.1","ENSG00000253844.1","ENSG00000253844","lincRNA","chr8",52874018,52935534,"+",61517,TRUE,0.151515151515152,0.00118975451842418,0,0.00104662966079231,0.000877355128467896,0.00230492011725597
"RP11-546K22.3","ENSG00000272024.1","ENSG00000272024","lincRNA","chr8",52862844,52863250,"+",407,TRUE,0.151515151515152,0.000809022569663115,0,0.00103614383161999,0.000656359066620468,0.00104811756752166
"RP11-547D23.1","ENSG00000258731.1","ENSG00000258731","antisense","chr14",53620072,53624246,"+",4175,TRUE,0.277777777777778,0.00198743128918284,0,0.00250777460631219,0.00165319777296898,0.00258880950422004
"RP11-548H3.1","ENSG00000273466.1","ENSG00000273466","antisense","chr2",219497979,219498737,"-",759,TRUE,2.53787878787879,0.0133640722076743,0.00820823935565891,0.0225706756434774,0.0111510608924603,0.00505212307402761
"RP11-548P2.2","ENSG00000272564.1","ENSG00000272564","lincRNA","chr2",86131402,86131850,"+",449,TRUE,0.0505050505050505,0.000337344892615974,0,0.000574324174510035,0,0.000499358452072928
"RP11-549B18.1","ENSG00000259985.1","ENSG00000259985","antisense","chr18",29265618,29266786,"+",1169,TRUE,0.126262626262626,0.000487174463317037,0,0.00109322872980099,0.000357753645713432,0
"RP11-549L6.3","ENSG00000228417.1","ENSG00000228417","antisense","chr10",111967608,111968349,"-",742,TRUE,0.0883838383838384,0.000619310434919199,0,0.000344318912506539,0.00199230256961471,0
"RP11-54O7.18","ENSG00000273443.1","ENSG00000273443","lincRNA","chr1",997588,998668,"-",1081,TRUE,0.0505050505050505,0.000224345326081685,0,0.000615453752188065,0,0
"RP11-552F3.10","ENSG00000267342.1","ENSG00000267342","antisense","chr17",73893141,73896229,"+",3089,TRUE,0.101010101010101,0.000792518452885012,0.00111427983043029,0.00049390264993016,0.000300164697873117,0.00152846052755098
"RP11-552F3.9","ENSG00000267801.1","ENSG00000267801","antisense","chr17",73872453,73875627,"+",3175,TRUE,0.164141414141414,0.000781802698769167,0,0.00103853793746804,0.00117485028613976,0.000437136569994695
"RP11-553A21.3","ENSG00000231652.2","ENSG00000231652","antisense","chr6",74403626,74405854,"-",2229,TRUE,0.101010101010101,0.000295164726334067,0,0.000809734891778945,0,0
"RP11-553K8.2","ENSG00000223881.1","ENSG00000223881","lincRNA","chr1",198566854,198567998,"-",1145,TRUE,0.202020202020202,0.000838906328579541,0,0.00230139872613438,0,0
"RP11-553L6.2","ENSG00000241490.1","ENSG00000241490","antisense","chr3",113933160,113955051,"+",21892,TRUE,0.555555555555556,0.00255938894931215,0.00416152364197606,0.00480123823664206,0.00106021451946587,0
"RP11-553L6.5","ENSG00000259976.1","ENSG00000259976","lincRNA","chr3",114033348,114035026,"-",1679,TRUE,2.41161616161616,0.0252474976904417,0.0559851822745074,0.0100677834704464,0.0232687274782868,0.0330016695683521
"RP11-553P9.2","ENSG00000248434.1","ENSG00000248434","lincRNA","chr4",135988388,136018813,"+",30426,TRUE,0.0252525252525253,0.000139566910327701,0,0,0.000563102358530509,0
"RP11-554A11.7","ENSG00000260895.1","ENSG00000260895","lincRNA","chr11",68870961,68876562,"+",5602,TRUE,0.0378787878787879,0.000497906923245219,0,0.000235396067829675,0,0.00160780018929944
"RP11-554A11.9","ENSG00000259799.1","ENSG00000259799","antisense","chr11",68923378,68927220,"+",3843,TRUE,0.0505050505050505,0.000127597872068231,0,0.00035004334838254,0,0
"RP11-554D15.4","ENSG00000224583.1","ENSG00000224583","lincRNA","chr6",75352100,75361718,"+",9619,TRUE,0.0378787878787879,7.15565593375058e-05,0,0.000196303411829943,0,0
"RP11-554J4.1","ENSG00000272606.1","ENSG00000272606","antisense","chr2",55845044,55845508,"+",465,TRUE,2.57575757575758,0.0163743598486021,0.00623547855219056,0.0226465264819804,0.0137516134132468,0.0151847749866846
"RP11-557C18.3","ENSG00000253607.1","ENSG00000253607","antisense","chr8",124014800,124042991,"+",28192,TRUE,0.0883838383838384,0.000544869284224931,0,0.000840451968382875,0.000365734653072056,0.000576868361753519
"RP11-557C18.4","ENSG00000259631.1","ENSG00000259631","lincRNA","chr8",123989266,123997869,"-",8604,TRUE,0.0631313131313131,0.000318971167953517,0,0.000875043869134691,0,0
"RP11-558F24.4","ENSG00000231789.2","ENSG00000231789","antisense","chr1",9732484,9747613,"-",15130,TRUE,8.13131313131313,0.0555027362727144,0.00298583847628201,0.071003139553349,0.0391836240592632,0.0761442765249816
"RP11-559M23.1","ENSG00000273106.1","ENSG00000273106","antisense","chr2",44394764,44395998,"-",1235,TRUE,0.429292929292929,0.00256405655890197,0.00177224705303582,0.00389003884717774,0.00338632278952889,0.000288816366354216
"RP11-55K13.1","ENSG00000260495.1","ENSG00000260495","antisense","chr16",81344336,81347028,"-",2693,TRUE,0.151515151515152,0.000802129505182876,0,0.000833463787763489,0.0020105225296868,0
"RP11-560J1.2","ENSG00000271888.1","ENSG00000271888","lincRNA","chr6",15244154,15245231,"-",1078,TRUE,0.252525252525253,0.00165516240189886,0.00148964009704814,0.00239000247270674,0.000475945337719763,0.00183519344111362
"RP11-561O23.8","ENSG00000226904.1","ENSG00000226904","antisense","chr9",70843567,70844228,"+",662,TRUE,0.176767676767677,0.000641883694944081,0,0.00159570599959605,0.000242952441733735,0
"RP11-563J2.2","ENSG00000215244.2","ENSG00000215244","lincRNA","chr10",6319650,6377944,"+",58295,TRUE,0.164141414141414,0.00105997786215908,0,0.001468193513816,0,0.00204746305118872
"RP11-563N4.1","ENSG00000272716.1","ENSG00000272716","lincRNA","chr2",32390115,32390826,"-",712,TRUE,1.43939393939394,0.00771776771022384,0.00117600173810377,0.0145508818409174,0.00539138396700344,0.00360098317999433
"RP11-566E18.3","ENSG00000260804.2","ENSG00000260804","lincRNA","chr2",217081768,217084915,"+",3148,TRUE,1.84343434343434,0.00851339369951214,0.0008824067840199,0.0156982399990681,0.010228512797388,0.000546298298607521
"RP11-567C2.1","ENSG00000257194.2","ENSG00000257194","lincRNA","chr12",90501516,90506556,"+",5041,TRUE,0.0631313131313131,0.000301229762551481,0,0.000826373300799351,0,0
"RP11-567J20.3","ENSG00000253140.1","ENSG00000253140","lincRNA","chr8",49428412,49429649,"-",1238,TRUE,1.40151515151515,0.00550283121977715,0.00371994932227514,0.013756036011593,0,0
"RP11-568N6.1","ENSG00000260101.1","ENSG00000260101","lincRNA","chr2",64749321,64751227,"-",1907,TRUE,14.8737373737374,0.104115071485849,0.010387036821069,0.152872081181263,0.0880628911268666,0.0983151203062409
"RP11-569A11.1","ENSG00000226862.1","ENSG00000226862","antisense","chr1",202573396,202574421,"+",1026,TRUE,0.101010101010101,0.000602278230935856,0,0.000985932071104655,0.000334210928595278,0.000624434308817886
"RP11-56B16.4","ENSG00000259185.1","ENSG00000259185","antisense","chr15",52201099,52201839,"-",741,TRUE,0.0757575757575758,0.000246871628337978,0,0.000677250882035602,0,0
"RP11-56G10.2","ENSG00000257386.1","ENSG00000257386","antisense","chr12",74931925,74932413,"-",489,TRUE,0.0883838383838384,0.000411904857945522,0,0.000707616072160895,0,0.000600689100788191
"RP11-571I18.4","ENSG00000272650.1","ENSG00000272650","lincRNA","chr4",54863582,54863879,"-",298,TRUE,0.113636363636364,0.000881196832751908,0.00301177672886816,0.000374590898460118,0.000759625390395969,0.00062770569072442
"RP11-571L19.7","ENSG00000263923.1","ENSG00000263923","antisense","chr4",99850048,99916145,"+",66098,TRUE,0.202020202020202,0.000917506219247555,0,0.00251702433544878,0,0
"RP11-571L19.8","ENSG00000272777.1","ENSG00000272777","lincRNA","chr4",99988407,99989276,"-",870,TRUE,0.492424242424242,0.00207877671751948,0.00106086619596878,0.00378022218715876,0.0014915716024338,0.000748351846818633
"RP11-571M6.17","ENSG00000270039.1","ENSG00000270039","lincRNA","chr12",58197621,58198198,"+",578,TRUE,1.19949494949495,0.00574621047987316,0,0.0113356327305842,0.00332258964405242,0.00308461666804134
"RP11-571M6.18","ENSG00000269903.1","ENSG00000269903","lincRNA","chr12",58208277,58208709,"+",433,TRUE,0.0883838383838384,0.000505873844048558,0,0.000606355385836043,0,0.00111131667288469
"RP11-571M6.7","ENSG00000257342.1","ENSG00000257342","antisense","chr12",58087915,58115293,"-",27379,TRUE,0.0883838383838384,0.000770219293863514,0,0.000714531782783459,0.00103807355493417,0.000984997616831239
"RP11-572M11.4","ENSG00000240057.1","ENSG00000240057","antisense","chr3",112738379,112902148,"+",163770,TRUE,0.23989898989899,0.000865889555653977,0,0.00237542268125372,0,0
"RP11-572O17.1","ENSG00000270195.1","ENSG00000270195","lincRNA","chr4",1714548,1715349,"+",802,TRUE,0.71969696969697,0.0050814805643616,0.00260947700205483,0.00649929765011706,0.00491568695414721,0.00449187398065418
"RP11-573D15.2","ENSG00000232233.1","ENSG00000232233","lincRNA","chr3",186528669,186543310,"-",14642,TRUE,0.340909090909091,0.00132286821277837,0,0.00233253862881825,0.00165273880577312,0.000245690122203824
"RP11-573D15.3","ENSG00000231724.1","ENSG00000231724","antisense","chr3",186525481,186535910,"+",10430,TRUE,0.101010101010101,0.000632017585770908,0,0.00173383418057,0,0
"RP11-573D15.8","ENSG00000197099.4","ENSG00000197099","antisense","chr3",186435038,186478330,"-",43293,TRUE,0.0378787878787879,0.000129604309714953,0,0.00035554767334341,0,0
"RP11-573D15.9","ENSG00000263826.1","ENSG00000263826","antisense","chr3",186499569,186501968,"-",2400,TRUE,0.378787878787879,0.00165392105996242,0,0.00304575068630563,0.00219356727638208,0
"RP11-574F21.2","ENSG00000228606.1","ENSG00000228606","antisense","chr1",160231534,160232568,"+",1035,TRUE,0.555555555555556,0.00375969122530399,0.00710710897359836,0.00513286089982515,0.00279479333963071,0.00102493223072662
"RP11-574K11.29","ENSG00000272140.2","ENSG00000272140","lincRNA","chr10",75463493,75473339,"-",9847,TRUE,0.202020202020202,0.0019024969648254,0,0.00167749637142602,0.000507565218134378,0.0045460558689224
"RP11-575L7.8","ENSG00000235298.1","ENSG00000235298","antisense","chr9",86587148,86590692,"+",3545,TRUE,0.0505050505050505,0.000263211278499074,0,0.000187288123660102,0.000786516817476288,0
"RP11-576I22.2","ENSG00000231407.1","ENSG00000231407","antisense","chr1",170429594,170501788,"-",72195,TRUE,0.101010101010101,0.000312175986082378,0,0.000714792987170615,0.000208266151712109,0
"RP11-57A19.2","ENSG00000246465.1","ENSG00000246465","lincRNA","chr16",28296206,28303385,"-",7180,TRUE,0.0378787878787879,0.000280547732194137,0,0.000236161580000108,0.000784584593742868,0
"RP11-57G10.8","ENSG00000272892.1","ENSG00000272892","lincRNA","chr10",69609283,69610504,"+",1222,TRUE,0.29040404040404,0.00213058398116034,0.00166838732539393,0.00188125581402443,0.0020613540680541,0.00278890578408941
"RP11-580I16.2","ENSG00000263766.1","ENSG00000263766","antisense","chr17",45681226,45726786,"-",45561,TRUE,0.23989898989899,0.00114721488395204,0,0.00178905343373197,0.000265086224129825,0.00167516273879266
"RP11-582E3.2","ENSG00000256226.1","ENSG00000256226","lincRNA","chr12",27258084,27314326,"-",56243,TRUE,0.164141414141414,0.000623940712828726,0,0.00171167663512418,0,0
"RP11-582J16.4","ENSG00000251034.1","ENSG00000251034","antisense","chr8",22398358,22402918,"-",4561,TRUE,0.164141414141414,0.00125317238056248,0,0.00124289368253189,0.00172342020028845,0.00145508243321137
"RP11-582J16.5","ENSG00000253200.1","ENSG00000253200","antisense","chr8",22471421,22474170,"-",2750,TRUE,0.23989898989899,0.00168813637934759,0.000982904308178789,0.00254108359741478,0.00255308777289378,0
"RP11-583F2.2","ENSG00000265912.1","ENSG00000265912","lincRNA","chr17",62939380,62947172,"+",7793,TRUE,0.0505050505050505,0.000192417123259974,0,0.000336471182847756,0.000281483092887172,0
"RP11-584P21.2","ENSG00000250075.1","ENSG00000250075","lincRNA","chr4",68283023,68333969,"-",50947,TRUE,0.138888888888889,0.0011844989833238,0.00242590922705042,0.000814307548063114,0.00229616936349154,0
"RP11-585P4.5","ENSG00000257497.1","ENSG00000257497","antisense","chr12",75877904,75883600,"-",5697,TRUE,1.41414141414141,0.00763688221856967,0.00114551539268559,0.0119714332699411,0.00830740805140906,0.00414965581647426
"RP11-586D19.1","ENSG00000249896.1","ENSG00000249896","lincRNA","chr4",6202460,6240044,"+",37585,TRUE,0.0252525252525253,0.00019476260188402,0,0,0.00042364302813016,0.000350201252562529
"RP11-586D19.2","ENSG00000251408.1","ENSG00000251408","lincRNA","chr4",6204055,6208376,"+",4322,TRUE,0.0378787878787879,0.000339924294279166,0,0.000500071595382576,0.000636013099756238,0
"RP11-588G21.2","ENSG00000247131.1","ENSG00000247131","antisense","chr12",70107413,70132348,"-",24936,TRUE,0.0631313131313131,0.000130208800390631,0,0.000357205992065742,0,0
"RP11-588H23.3","ENSG00000258168.1","ENSG00000258168","antisense","chr12",70861860,70932859,"+",71000,TRUE,0.47979797979798,0.00265508708126807,0,0.00279673206366955,0.00393364159193589,0.00257752993638374
"RP11-589C21.5","ENSG00000261449.1","ENSG00000261449","antisense","chr8",42009290,42010281,"-",992,TRUE,0.101010101010101,0.000416817916996724,0,0.00114347000436926,0,0
"RP11-589C21.6","ENSG00000271938.1","ENSG00000271938","lincRNA","chr8",41996979,41997270,"-",292,TRUE,0.176767676767677,0.00151269517545869,0.00263780263588263,0.00128522805459225,0.000359966389985649,0.00237446484293853
"RP11-589M4.1","ENSG00000259049.1","ENSG00000259049","antisense","chr14",53241955,53244458,"+",2504,TRUE,0.29040404040404,0.0015289170032183,0,0.00177280173767936,0.0020212662821904,0.00148926026446742
"RP11-589P10.5","ENSG00000262089.1","ENSG00000262089","lincRNA","chr17",6897961,6898508,"-",548,TRUE,1.56565656565657,0.0114053640880995,0.00964197328061708,0.0152409423375592,0.00775568756501691,0.0103831606636673
"RP11-58E21.3","ENSG00000258929.2","ENSG00000258929","lincRNA","chr14",50474031,50507947,"-",33917,TRUE,0.820707070707071,0.00396912529966532,0.00374739936123647,0.00806298243551512,0.0021703243740862,0
"RP11-58E21.4","ENSG00000258946.1","ENSG00000258946","lincRNA","chr14",50394289,50428678,"-",34390,TRUE,0.303030303030303,0.00149974678480771,0.00111659301910824,0.00153647104828728,0.000713324062224984,0.0024042811552963
"RP11-597D13.9","ENSG00000248429.1","ENSG00000248429","antisense","chr4",159091904,159124029,"+",32126,TRUE,0.0757575757575758,0.000287854207286273,0,0.000789679709631894,0,0
"RP11-598F7.3","ENSG00000256948.1","ENSG00000256948","antisense","chr12",215690,221016,"-",5327,TRUE,0.0378787878787879,0.000514383090503344,0,0,0.000966685877276328,0.00107207374369116
"RP11-599B13.7","ENSG00000266824.1","ENSG00000266824","lincRNA","chr17",8080130,8086130,"+",6001,TRUE,0.0378787878787879,0.000165470737073389,0,0,0.000346770085538394,0.000310255448132694
"RP11-5C23.1","ENSG00000272760.1","ENSG00000272760","antisense","chr7",154742936,154743898,"+",963,TRUE,0.782828282828283,0.00440945754977124,0.00333460737924364,0.00823028507820053,0.00215606323742525,0.00170528421869171
"RP11-600F24.7","ENSG00000260285.1","ENSG00000260285","antisense","chr14",103991347,103995409,"-",4063,TRUE,0.366161616161616,0.00210072430553162,0,0.00388274629883283,0.00220227168834822,0.00054442788711946
"RP11-602N24.3","ENSG00000272795.1","ENSG00000272795","lincRNA","chr4",110736203,110736566,"-",364,TRUE,0.113636363636364,0.00119815867474851,0.00373732613743345,0.000520859224659037,0.00208806772261169,0
"RP11-603J24.14","ENSG00000257809.1","ENSG00000257809","antisense","chr12",56544580,56552004,"-",7425,TRUE,0.23989898989899,0.00126861351131855,0.00111746321576134,0.00154268070767593,0.00225753339897642,0
"RP11-603J24.17","ENSG00000257553.1","ENSG00000257553","antisense","chr12",56498398,56507689,"-",9292,TRUE,0.429292929292929,0.00183800688123299,0.00165647475131992,0.00374972329791466,0,0.000989571230006374
"RP11-603J24.5","ENSG00000258317.1","ENSG00000258317","antisense","chr12",56513817,56523403,"-",9587,TRUE,0.0378787878787879,0.000252332517126078,0,0.000445694731246823,0.000362584231548119,0
"RP11-609N14.1","ENSG00000260756.1","ENSG00000260756","lincRNA","chr16",10445297,10446609,"-",1313,TRUE,0.0505050505050505,9.22901303948779e-05,0,0.000253182484491664,0,0
"RP11-60I3.4","ENSG00000254571.1","ENSG00000254571","antisense","chr9",102677359,102692178,"-",14820,TRUE,0.0505050505050505,0.000374957054115018,0,0.00042404062301846,0,0.000859829847259433
"RP11-60I3.5","ENSG00000255145.1","ENSG00000255145","antisense","chr9",102648608,102668883,"-",20276,TRUE,0.214646464646465,0.00142905014848071,0.00295156495264598,0.0012342765821189,0.00047977275861498,0.00184398975737782
"RP11-611D20.2","ENSG00000237886.1","ENSG00000237886","antisense","chr9",139440664,139444345,"+",3682,TRUE,0.0883838383838384,0.000859517810209804,0,0.000512171770868608,0.00146199170175953,0.00121125686887193
"RP11-611E13.2","ENSG00000257815.1","ENSG00000257815","antisense","chr12",70297813,70637140,"-",339328,TRUE,5.77020202020202,0.037247142882494,0.0450120222296544,0.0372241829442998,0.0328466003423491,0.0375570324523581
"RP11-611L7.1","ENSG00000260054.1","ENSG00000260054","lincRNA","chr7",6694495,6696063,"+",1569,TRUE,6.47727272727273,0.0533614396958486,0.0546784038086666,0.0565027707660086,0.0499398382109313,0.0515279117342771
"RP11-611O2.1","ENSG00000256325.1","ENSG00000256325","antisense","chr12",69221898,69222333,"+",436,TRUE,0.795454545454545,0.00705926533616417,0,0.00541608854927101,0.00867725406335451,0.0114481202435024
"RP11-611O2.5","ENSG00000257181.1","ENSG00000257181","antisense","chr12",69235068,69237017,"-",1950,TRUE,0.441919191919192,0.00208837808214826,0,0.00305898830313626,0.000746910531661235,0.00307510827872356
"RP11-612B6.2","ENSG00000256185.1","ENSG00000256185","lincRNA","chr12",26488797,26489883,"-",1087,TRUE,0.606060606060606,0.00339576098277791,0,0.00340391244925017,0.00461164711459481,0.00394811254022964
"RP11-613M10.6","ENSG00000234160.1","ENSG00000234160","antisense","chr9",37509147,37510296,"+",1150,TRUE,1.26262626262626,0.00679623429293454,0.00183733851027386,0.0130114148766313,0.00437127483102336,0.00284264842720364
"RP11-617D20.1","ENSG00000231160.5","ENSG00000231160","antisense","chr4",38614322,38666504,"-",52183,TRUE,0.0378787878787879,0.000597086120210896,0.00454704045391374,0,0,0
"RP11-617F23.1","ENSG00000259291.1","ENSG00000259291","antisense","chr15",90617747,90625439,"-",7693,TRUE,1.30050505050505,0.00927580786727403,0.00223577066993745,0.00653488514057783,0.0182088150187531,0.00814240370907137
"RP11-618K13.2","ENSG00000255498.1","ENSG00000255498","antisense","chr11",45927492,45928012,"-",521,TRUE,0.0505050505050505,0.000267054411434954,0,0.000732618960361912,0,0
"RP11-61A14.2","ENSG00000261705.1","ENSG00000261705","lincRNA","chr16",66921918,66922834,"+",917,TRUE,1.37626262626263,0.0081069865086229,0,0.0111712921857778,0.00959576446386637,0.0064627226430459
"RP11-61A14.3","ENSG00000261088.1","ENSG00000261088","lincRNA","chr16",66923072,66924996,"+",1925,TRUE,5.13888888888889,0.0331458942293894,0.00621700533564623,0.0498053710661452,0.032763823735112,0.0236188692057664
"RP11-61A14.4","ENSG00000246777.1","ENSG00000246777","lincRNA","chr16",66785655,66788643,"+",2989,TRUE,0.101010101010101,0.000456146764464509,0,0.000776015809988747,0.000699095634804584,0
"RP11-61F12.1","ENSG00000261471.1","ENSG00000261471","antisense","chr16",84627999,84630432,"+",2434,TRUE,0.0378787878787879,0.000148983231748438,0,0.000194168664310634,0,0.000305114414572822
"RP11-61G19.1","ENSG00000249334.1","ENSG00000249334","lincRNA","chr4",10686627,10699285,"+",12659,TRUE,0.0378787878787879,0.000229251120609987,0,0.000628911976179805,0,0
"RP11-61L14.6","ENSG00000233875.1","ENSG00000233875","antisense","chr1",154551541,154552139,"-",599,TRUE,0.151515151515152,0.00076033952518127,0,0.000788695964403761,0.00190775536943556,0
"RP11-620J15.3","ENSG00000257698.1","ENSG00000257698","lincRNA","chr12",58325311,58329958,"-",4648,TRUE,8.45959595959596,0.0424136473208381,0.013599937083215,0.0748745110530949,0.0323794856421525,0.0207135509796372
"RP11-624C23.1","ENSG00000253535.1","ENSG00000253535","antisense","chr8",24153327,24769586,"-",616260,TRUE,0.896464646464647,0.00612114292433774,0.00903532602713705,0.0118086293344981,0.00153842275087778,0.000971071992050856
"RP11-625L16.1","ENSG00000255745.1","ENSG00000255745","lincRNA","chr12",24857499,24927147,"+",69649,TRUE,0.0252525252525253,0.000173224894811256,0,0.000475213428093227,0,0
"RP11-625L16.3","ENSG00000256482.1","ENSG00000256482","antisense","chr12",24983355,24989492,"+",6138,TRUE,7.31060606060606,0.041911649209765,0.00268802062233466,0.0586564651399247,0.0585303376640615,0.0221223904436433
"RP11-626G11.5","ENSG00000261465.2","ENSG00000261465","antisense","chr16",19073821,19079013,"-",5193,TRUE,0.366161616161616,0.00127318503768693,0.0014496781387368,0.00297054389823146,0,0
"RP11-626H12.2","ENSG00000254605.1","ENSG00000254605","lincRNA","chr11",69860964,69867165,"-",6202,TRUE,0.0631313131313131,0.00011797260567935,0,0.00032363804536905,0,0
"RP11-629N8.3","ENSG00000215159.3","ENSG00000215159","antisense","chr12",65153301,65173098,"+",19798,TRUE,0.0378787878787879,0.000319125127402303,0,0.000375533167438496,0.000735255606027154,0
"RP11-629O1.2","ENSG00000261220.2","ENSG00000261220","lincRNA","chr8",134585426,134586104,"+",679,TRUE,0.921717171717172,0.0060922563900189,0.00251551848908776,0.00656829531444806,0.00673342241325391,0.00662766236959087
"RP11-631N16.2","ENSG00000257354.1","ENSG00000257354","antisense","chr12",62996532,63007855,"+",11324,TRUE,0.101010101010101,0.000622028400760563,0,0.000877886350103954,0,0.00117832859176036
"RP11-634B22.4","ENSG00000254467.1","ENSG00000254467","lincRNA","chr11",123539207,123542345,"+",3139,TRUE,0.0378787878787879,0.000255758260076613,0,0.000202081584851203,0,0.000710441322335642
"RP11-634H22.1","ENSG00000273391.1","ENSG00000273391","antisense","chr7",139043778,139044312,"-",535,TRUE,1.40151515151515,0.00602138686802474,0,0.0123918201219323,0.00552810149888298,0.000523416778536989
"RP11-635N19.1","ENSG00000267390.1","ENSG00000267390","antisense","chr18",61034561,61048862,"+",14302,TRUE,2.02020202020202,0.0161237363781752,0.00262637062437743,0.0132487179911155,0.0119407834409218,0.0311722955324705
"RP11-637A17.2","ENSG00000247363.2","ENSG00000247363","lincRNA","chr12",69068151,69081535,"-",13385,TRUE,1.81818181818182,0.0105289670037828,0.00157135674773011,0.0145795538037873,0.00753752327682383,0.0122501860238331
"RP11-637O19.2","ENSG00000235051.3","ENSG00000235051","antisense","chr6",10882013,10884582,"+",2570,TRUE,0.0378787878787879,0.000144432585365241,0,0.000106513840785072,0.000426082841439739,0
"RP11-638I2.4","ENSG00000258982.1","ENSG00000258982","antisense","chr14",100673744,100704892,"-",31149,TRUE,0.151515151515152,0.000580376412898208,0,0.00112310097717484,0.000689856683163554,0
"RP11-638I2.8","ENSG00000258666.1","ENSG00000258666","antisense","chr14",100800127,100820398,"+",20272,TRUE,0.189393939393939,0.000738795532270499,0,0.00172207048355128,0,0.000433321738704343
"RP11-638I8.1","ENSG00000272556.1","ENSG00000272556","lincRNA","chr7",45854201,45854862,"+",662,TRUE,1.85606060606061,0.0143216672336504,0.0145305571747579,0.0125104603259046,0.0198080133726864,0.0114852196144301
"RP11-63A1.1","ENSG00000261886.1","ENSG00000261886","lincRNA","chr17",44994136,45000400,"-",6265,TRUE,0.101010101010101,0.000339509771790855,0,0.000473924234123773,0.00067279578638219,0
"RP11-63L7.5","ENSG00000271931.1","ENSG00000271931","antisense","chr6",89789883,89790386,"-",504,TRUE,0.101010101010101,0.000731584089496282,0.00118279661163225,0.000879354691752373,0.0010317577776994,0
"RP11-63M22.2","ENSG00000260465.1","ENSG00000260465","antisense","chr16",66754800,66765688,"+",10889,TRUE,0.189393939393939,0.000837317716876706,0,0.0016968646188847,0.000560074575553593,0.000311961463611662
"RP11-63P12.6","ENSG00000225434.2","ENSG00000225434","lincRNA","chr9",74920346,74958126,"+",37781,TRUE,0.0505050505050505,0.000105271902970174,0,0.000288795798934458,0,0
"RP11-640M9.1","ENSG00000236943.2","ENSG00000236943","antisense","chr1",144456138,144521970,"-",65833,TRUE,0.416666666666667,0.00283762577835353,0.00196016751424171,0.00229873570575258,0.00176053086769572,0.00509509846007595
"RP11-643M14.1","ENSG00000259251.2","ENSG00000259251","antisense","chr15",62352702,62354633,"+",1932,TRUE,0.0505050505050505,0.000167538510642072,0,0.000227964669403908,0.000340688234190591,0
"RP11-644F5.11","ENSG00000258056.1","ENSG00000258056","antisense","chr12",56122888,56124467,"+",1580,TRUE,2.22222222222222,0.0147449000356398,0.00097037401710523,0.019721235265402,0.0102745709632565,0.0190474040849209
"RP11-644K8.1","ENSG00000223734.2","ENSG00000223734","antisense","chr2",20251895,20254257,"+",2363,TRUE,0.0757575757575758,0.000292604145804786,0,0.000559422118037083,0,0.000345996640394506
"RP11-644N4.1","ENSG00000273219.1","ENSG00000273219","antisense","chr7",135389285,135389589,"+",305,TRUE,0.0631313131313131,0.000438317328227762,0,0.000301017458039722,0.000698441393569694,0.000606598710653147
"RP11-645C24.5","ENSG00000260306.1","ENSG00000260306","lincRNA","chr16",21805416,21807080,"-",1665,TRUE,0.151515151515152,0.00114170925908998,0,0.000904697478297899,0.00162585507513173,0.0015955281771739
"RP11-646I6.5","ENSG00000269921.1","ENSG00000269921","lincRNA","chr4",57253791,57254319,"+",529,TRUE,0.176767676767677,0.000822939654494687,0,0.00122535347491432,0.000568083704521356,0.000918688802731455
"RP11-646I6.6","ENSG00000270147.1","ENSG00000270147","lincRNA","chr4",57262478,57263037,"+",560,TRUE,0.0505050505050505,0.000402993257516586,0,0.000382843333308998,0,0.00102780191934398
"RP11-647K16.1","ENSG00000272979.1","ENSG00000272979","antisense","chr2",191318818,191319247,"-",430,TRUE,0.580808080808081,0.00422411975445344,0,0.00436265523360383,0.00309380281014214,0.00728419107366896
"RP11-649A18.12","ENSG00000263843.1","ENSG00000263843","antisense","chr17",73267450,73269976,"+",2527,TRUE,0.164141414141414,0.000975598910153615,0.00114797556770296,0.00147306685898504,0.00116154088441963,0
"RP11-649A18.7","ENSG00000265242.1","ENSG00000265242","lincRNA","chr17",73161681,73163344,"-",1664,TRUE,0.669191919191919,0.00470060834768117,0.0075683460943989,0.00481809509008287,0.000768778757718484,0.00686639652659576
"RP11-649E7.5","ENSG00000258377.1","ENSG00000258377","antisense","chr14",50087533,50090198,"-",2666,TRUE,0.416666666666667,0.00335963384865166,0.00221989597759601,0.00355552568404627,0.00203475139998136,0.00494610276680606
"RP11-649G15.2","ENSG00000253582.1","ENSG00000253582","antisense","chr8",107532702,107669776,"-",137075,TRUE,0.0883838383838384,0.000548682044753568,0.00259732551813445,0.000266637864169389,0,0.000430817606764238
"RP11-655C2.3","ENSG00000255299.1","ENSG00000255299","lincRNA","chr11",58265361,58273231,"-",7871,TRUE,0.0631313131313131,0.000588233905151794,0.00314028078805524,0.000142860528531267,0.000499481489228214,0
"RP11-655M14.13","ENSG00000255318.1","ENSG00000255318","lincRNA","chr11",67385750,67394775,"-",9026,TRUE,0.0757575757575758,0.000758181621874864,0,0.000292407799661234,0.00124898505528903,0.00133441352911063
"RP11-656D10.3","ENSG00000238287.1","ENSG00000238287","antisense","chr1",40958829,40974333,"-",15505,TRUE,0.416666666666667,0.00197090979741939,0.00114797556770296,0.00336873813311886,0.00162085026812067,0.000743071398283512
"RP11-658F2.8","ENSG00000258297.1","ENSG00000258297","antisense","chr11",66433507,66435845,"+",2339,TRUE,3.06818181818182,0.0226268308347423,0.0245287389029934,0.0223095460059104,0.012122200262787,0.0322616124714934
"RP11-65J21.3","ENSG00000262454.1","ENSG00000262454","lincRNA","chr16",14396145,14420210,"+",24066,TRUE,1.18686868686869,0.00925250716517317,0,0.00774524175410112,0.0104406781735408,0.0149873362312419
"RP11-65L3.2","ENSG00000270277.1","ENSG00000270277","antisense","chr2",179413611,179415408,"+",1798,TRUE,0.101010101010101,0.000639747285025036,0.00196282620749114,0.00104795955718999,0,0
"RP11-65L3.4","ENSG00000270956.1","ENSG00000270956","antisense","chr2",179405852,179406526,"+",675,TRUE,0.252525252525253,0.00196296323409729,0.00611663959800829,0.00253686957451414,0.000565777691569874,0.000369852000959548
"RP11-65N13.8","ENSG00000239705.1","ENSG00000239705","antisense","chr9",128003942,128019297,"+",15356,TRUE,0.328282828282828,0.00147946647250781,0,0.00343288476442639,0.000920344445931161,0
"RP11-660L16.2","ENSG00000254682.1","ENSG00000254682","antisense","chr11",71159720,71163203,"+",3484,TRUE,6.96969696969697,0.044081072906263,0.0288574238837635,0.0591029337407248,0.0325174194319608,0.0416987746424027
"RP11-660M5.1","ENSG00000271172.1","ENSG00000271172","lincRNA","chr4",25222025,25222535,"+",511,TRUE,0.0378787878787879,0.000245792381976252,0,0.000396819257885258,0,0.00039461008262915
"RP11-661A12.14","ENSG00000271912.1","ENSG00000271912","lincRNA","chr8",144683416,144685394,"+",1979,TRUE,0.277777777777778,0.00213736703096195,0.00521469073774926,0.00171923610941572,0.00116608402654101,0.00209468518520995
"RP11-661A12.5","ENSG00000254859.1","ENSG00000254859","antisense","chr8",144624143,144631899,"-",7757,TRUE,0.151515151515152,0.00113967220779467,0,0.000425256335509797,0.00178252568131556,0.00211792656782983
"RP11-661A12.7","ENSG00000254741.1","ENSG00000254741","antisense","chr8",144661806,144662840,"+",1035,TRUE,1.36363636363636,0.00659543754015472,0.00132403073890152,0.00926331197639849,0.00868213682369585,0.00348406753142386
"RP11-661D19.3","ENSG00000259508.1","ENSG00000259508","lincRNA","chr14",103236377,103241128,"-",4752,TRUE,0.0378787878787879,8.95419972867967e-05,0,0.000245643442504825,0,0
"RP11-661P17.1","ENSG00000258551.1","ENSG00000258551","lincRNA","chr15",91951938,92148441,"+",196504,TRUE,0.0378787878787879,0.000219072465946315,0,0,0.000513450652842088,0.000358202117618621
"RP11-662I13.2","ENSG00000255921.1","ENSG00000255921","antisense","chr12",25102097,25113092,"+",10996,TRUE,0.23989898989899,0.000906598087446226,0,0.00216619217138572,0.000471961311148011,0
"RP11-667K14.4","ENSG00000262533.1","ENSG00000262533","antisense","chr17",1946194,1946719,"-",526,TRUE,0.176767676767677,0.00113605659022324,0,0.0017991944071902,0.00193749054559855,0
"RP11-667M19.2","ENSG00000256603.1","ENSG00000256603","antisense","chr11",113641115,113642413,"-",1299,TRUE,0.126262626262626,0.000643763156506823,0,0.000764937488681818,0.00147235337224128,0
"RP11-669M16.1","ENSG00000249988.1","ENSG00000249988","lincRNA","chr4",14166079,14244437,"+",78359,TRUE,0.0883838383838384,0.00101450368370911,0,0.000178951264476477,0.000195344687551579,0.0035146676122014
"RP11-66B24.4","ENSG00000259583.1","ENSG00000259583","antisense","chr15",101433945,101459488,"-",25544,TRUE,0.340909090909091,0.00241688391042018,0,0.00354042280129619,0.00249449306577978,0.00198218229313302
"RP11-66D17.3","ENSG00000237588.2","ENSG00000237588","lincRNA","chr1",156657487,156661789,"-",4303,TRUE,0.0378787878787879,4.88857764905419e-05,0,0.000134109923728816,0,0
"RP11-66N11.8","ENSG00000260081.1","ENSG00000260081","antisense","chrX",152864795,152869808,"+",5014,TRUE,0.315656565656566,0.00224470335020924,0.00117437748856229,0.00176230860834173,0.00372492000864811,0.00204773153512001
"RP11-66N24.3","ENSG00000258727.1","ENSG00000258727","antisense","chr14",24030306,24037282,"+",6977,TRUE,1.9949494949495,0.0210270547337394,0.0112695833665926,0.00952341565434742,0.0220001954777292,0.0414450355039784
"RP11-66N24.4","ENSG00000157306.10","ENSG00000157306","antisense","chr14",23980969,24029987,"+",49019,TRUE,0.921717171717172,0.0101859653809241,0.0083310488920841,0.00512286251448296,0.00833830594311387,0.0201235252825156
"RP11-670E13.2","ENSG00000262951.1","ENSG00000262951","lincRNA","chr17",54946308,54946925,"+",618,TRUE,0.366161616161616,0.00192513785864091,0,0.00241569060911998,0.00155094803947143,0.00257560692139125
"RP11-671J11.4","ENSG00000259135.1","ENSG00000259135","antisense","chr14",35025980,35030504,"+",4525,TRUE,0.303030303030303,0.00201053949722954,0,0.00217610972448236,0.00269121593111933,0.00214689023186707
"RP11-672L10.6","ENSG00000273355.1","ENSG00000273355","lincRNA","chr18",813275,813757,"+",483,TRUE,0.0378787878787879,9.84602153748064e-05,0,0.000270109077162614,0,0
"RP11-676J15.1","ENSG00000263958.1","ENSG00000263958","lincRNA","chr18",70535623,70548634,"+",13012,TRUE,0.0505050505050505,0.000200571445083368,0,0.000550234099432032,0,0
"RP11-677M14.2","ENSG00000255045.1","ENSG00000255045","antisense","chr11",124614530,124616233,"-",1704,TRUE,0.277777777777778,0.00182934169476913,0,0.00175220180306919,0.00222749457810966,0.00249123534989238
"RP11-677M14.3","ENSG00000250073.2","ENSG00000250073","antisense","chr11",124629025,124635832,"+",6808,TRUE,0.0883838383838384,0.000888494275347447,0,0.000757640044978241,0.00115422337857335,0.00127282135899513
"RP11-677M14.7","ENSG00000245498.2","ENSG00000245498","antisense","chr11",124670346,124704383,"+",34038,TRUE,0.328282828282828,0.00137383329676408,0,0.00271345636469484,0.000639830148980025,0.000882278129581126
"RP11-679C8.2","ENSG00000250938.1","ENSG00000250938","antisense","chr4",120988113,121337921,"+",349809,TRUE,0.252525252525253,0.00122625679473236,0,0.00131090216434102,0.000970796607501983,0.00198113572674944
"RP11-67L2.2","ENSG00000273033.1","ENSG00000273033","lincRNA","chr3",122605788,122611243,"+",5456,TRUE,0.606060606060606,0.00730849991301573,0.0292569135257403,0.00331008130940646,0.0043822222411113,0.00458010948017572
"RP11-67L3.4","ENSG00000233203.2","ENSG00000233203","antisense","chr1",55353236,55354523,"+",1288,TRUE,0.391414141414141,0.00137309049636758,0,0.0032007958725474,0.000545141594772793,0.000277865072240325
"RP11-680A11.5","ENSG00000257605.1","ENSG00000257605","antisense","chr12",53692449,53694098,"-",1650,TRUE,1.09848484848485,0.00567737928303171,0,0.0120768906677311,0.0036959087036276,0.00140088264958158
"RP11-680F8.3","ENSG00000259523.1","ENSG00000259523","antisense","chr15",30114834,30116284,"+",1451,TRUE,0.871212121212121,0.00357612607865473,0.00116569268521729,0.00444780724034337,0.00212162614762574,0.00497784557618663
"RP11-680G24.5","ENSG00000260872.1","ENSG00000260872","antisense","chr16",15111963,15114345,"-",2383,TRUE,0.126262626262626,0.00095830031439207,0,0.0012990176106775,0.00135576831799945,0.000580345536811009
"RP11-682N22.1","ENSG00000272377.1","ENSG00000272377","lincRNA","chr7",96251318,96293650,"-",42333,TRUE,0.0757575757575758,0.000298006929415572,0,0.000817531998950929,0,0
"RP11-685M7.3","ENSG00000246308.1","ENSG00000246308","antisense","chr11",10830844,10844478,"+",13635,TRUE,0.101010101010101,0.000344354395381336,0,0.000944678493737507,0,0
"RP11-685N10.1","ENSG00000255893.1","ENSG00000255893","antisense","chr11",94206074,94206736,"-",663,TRUE,0.0505050505050505,0.000285152789806963,0,0.000340553169586019,0,0.00062819364269769
"RP11-686D22.4","ENSG00000267547.1","ENSG00000267547","lincRNA","chr17",33730856,33731392,"-",537,TRUE,0.707070707070707,0.00514785382587938,0,0.00551002885335021,0.00514496285284291,0.00727289996118819
"RP11-686F15.2","ENSG00000260030.1","ENSG00000260030","lincRNA","chr12",54148142,54155888,"+",7747,TRUE,0.0631313131313131,0.000238102672633705,0,0.000653194723678194,0,0
"RP11-686O6.1","ENSG00000272966.1","ENSG00000272966","lincRNA","chr2",203201462,203201923,"+",462,TRUE,0.189393939393939,0.00119395592279011,0,0.00141023937112254,0.00117985821191079,0.00151167890349065
"RP11-686O6.2","ENSG00000273456.1","ENSG00000273456","lincRNA","chr2",203239655,203240327,"-",673,TRUE,0.681818181818182,0.00438788935907459,0.00644065535107134,0.00519869529499436,0.00457295871959656,0.00200416299287675
"RP11-687F6.1","ENSG00000267167.1","ENSG00000267167","lincRNA","chr18",44383187,44383857,"-",671,TRUE,0.0883838383838384,0.000366897364651994,0,0.000467090699685596,0,0.000767160728104174
"RP11-689B22.2","ENSG00000257221.1","ENSG00000257221","antisense","chr12",109022463,109035094,"+",12632,TRUE,1.12373737373737,0.00828148518698638,0.0016672788148331,0.00542567456304086,0.0156974628745676,0.00856027124494115
"RP11-689P11.2","ENSG00000205959.3","ENSG00000205959","lincRNA","chr4",8483997,8514337,"+",30341,TRUE,0.202020202020202,0.00259994453881795,0.00267755524099421,0.0004387337045539,0.00422934036994268,0.00405816943131013
"RP11-68I3.2","ENSG00000264031.1","ENSG00000264031","antisense","chr17",27887565,28034108,"+",146544,TRUE,0.214646464646465,0.00232025116469641,0.0064815740543135,0.00237222141038368,0.00243858838315428,0
"RP11-690G19.3","ENSG00000266753.2","ENSG00000266753","lincRNA","chr17",37408897,37410550,"-",1654,TRUE,2.66414141414141,0.0151388793717024,0.0129759292058568,0.0197755424139472,0.0134751149313389,0.0112617323598564
"RP11-692D12.1","ENSG00000250220.1","ENSG00000250220","antisense","chr4",74124926,74183670,"+",58745,TRUE,0.138888888888889,0.000772966396193686,0,0.00130150681606195,0,0.00116475058122323
"RP11-693J15.5","ENSG00000205056.8","ENSG00000205056","lincRNA","chr12",92860227,92885867,"+",25641,TRUE,1.26262626262626,0.0132244025857866,0.0299990105771164,0.00511399237922198,0.0116439027844475,0.0176932119776082
"RP11-695J4.2","ENSG00000256751.1","ENSG00000256751","antisense","chr12",14720684,14772689,"+",52006,TRUE,0.0378787878787879,0.000175919047013482,0,0.000482604382523997,0,0
"RP11-696N14.1","ENSG00000246090.2","ENSG00000246090","antisense","chr4",100010008,100222513,"+",212506,TRUE,0.252525252525253,0.00174185662273824,0,0.00105282932814219,0.00238226791408594,0.00299487402285206
"RP11-697E2.4","ENSG00000259894.1","ENSG00000259894","lincRNA","chr15",90788645,90789043,"+",399,TRUE,0.126262626262626,0.000505808701902168,0,0.000691290654657504,0.00019685018499107,0.000799917185187924
"RP11-699L21.1","ENSG00000214146.2","ENSG00000214146","lincRNA","chr3",193675161,193721448,"-",46288,TRUE,0.0505050505050505,0.000185487429267297,0,0.000508853633459298,0,0
"RP11-69E11.4","ENSG00000182109.3","ENSG00000182109","antisense","chr1",39987952,40011859,"-",23908,TRUE,1.13636363636364,0.00817935951920999,0.00191288374764082,0.00525804075208055,0.0170947763627416,0.00692321115432438
"RP11-69L16.4","ENSG00000238221.1","ENSG00000238221","antisense","chr6",7276264,7299105,"+",22842,TRUE,0.113636363636364,0.000473843332223077,0,0.00103473145376272,0.000389999737235757,0
"RP11-6F2.5","ENSG00000241544.1","ENSG00000241544","lincRNA","chr3",156799630,156806336,"+",6707,TRUE,0.214646464646465,0.000889628968801076,0,0.00165153472629682,0.000225399211426559,0.000904148781308019
"RP11-6I2.3","ENSG00000254288.1","ENSG00000254288","lincRNA","chr8",74964575,75012088,"+",47514,TRUE,0.0883838383838384,0.00069791343294444,0,0.00059857407780204,0.00092341147508099,0.000978686847646055
"RP11-6J24.6","ENSG00000273061.1","ENSG00000273061","lincRNA","chr9",4676600,4679502,"-",2903,TRUE,1.4520202020202,0.00973594252899445,0.00659091394760873,0.0098998635088134,0.0117885205014677,0.00912923282256036
"RP11-6N17.6","ENSG00000264019.1","ENSG00000264019","antisense","chr17",46024168,46025641,"-",1474,TRUE,0.0378787878787879,8.27287946349887e-05,0,0.000226952564429896,0,0
"RP11-700J17.1","ENSG00000273369.1","ENSG00000273369","antisense","chr4",44695963,44696403,"-",441,TRUE,0.0378787878787879,0.00015828429310121,0,0.000166529804974231,0,0.000380709386404425
"RP11-700J17.2","ENSG00000272936.1","ENSG00000272936","antisense","chr4",44706422,44706982,"+",561,TRUE,0.265151515151515,0.00182022095595158,0.00218299414560521,0.00340757263179203,0,0.00113703146390321
"RP11-701P16.4","ENSG00000249173.1","ENSG00000249173","lincRNA","chr4",185815025,185820608,"-",5584,TRUE,0.0505050505050505,0.000292803483900406,0,0.000803257219428894,0,0
"RP11-701P16.5","ENSG00000251230.1","ENSG00000251230","lincRNA","chr4",185765739,185776905,"-",11167,TRUE,9.60858585858586,0.0589371143196589,0,0.160071517217639,0.00183933928736596,0.000514705509002496
"RP11-702F3.1","ENSG00000254653.1","ENSG00000254653","lincRNA","chr11",46138129,46138869,"+",741,TRUE,0.0757575757575758,0.000468639033238389,0,0.0010442774991172,0.00035496281370182,0
"RP11-702L6.4","ENSG00000228980.3","ENSG00000228980","lincRNA","chr3",109128837,109214014,"+",85178,TRUE,0.429292929292929,0.00342546346002027,0,0.000385851534207765,0.00351219143453843,0.00941935243256342
"RP11-705C15.4","ENSG00000256442.1","ENSG00000256442","antisense","chr12",9799610,9800605,"-",996,TRUE,0.505050505050505,0.00281960050565492,0,0.00620540323359474,0.00224973859877686,0
"RP11-705O1.8","ENSG00000263884.1","ENSG00000263884","lincRNA","chr18",268148,270278,"+",2131,TRUE,0.681818181818182,0.00338840822949897,0.00207037425472956,0.0065532911983684,0.00216890431903169,0.000741917775745962
"RP11-706D8.3","ENSG00000226782.2","ENSG00000226782","lincRNA","chr3",177055416,177066954,"-",11539,TRUE,0.0631313131313131,0.000336734849803548,0,0.000625154097159021,0.000439184988255735,0
"RP11-706J10.1","ENSG00000254300.1","ENSG00000254300","lincRNA","chr8",77318889,77436591,"+",117703,TRUE,0.0757575757575758,0.000343499001450549,0,0.000357494015284762,0.000860125761264004,0
"RP11-706O15.3","ENSG00000234449.2","ENSG00000234449","lincRNA","chrX",3771051,3800358,"-",29308,TRUE,0.366161616161616,0.00103903230697754,0,0.00197551725143169,0.000181609433056367,0.0010686296794528
"RP11-707G14.7","ENSG00000256360.1","ENSG00000256360","lincRNA","chr11",73639578,73641417,"+",1840,TRUE,0.151515151515152,0.00156276025391473,0,0.000335126706726995,0.00183120536705707,0.00384970161238955
"RP11-707M3.3","ENSG00000272155.1","ENSG00000272155","antisense","chr8",66626569,66627013,"-",445,TRUE,0.643939393939394,0.00359424265077512,0,0.00580103962370207,0.00552685774304552,0.00042836386744468
"RP11-708J19.1","ENSG00000260236.1","ENSG00000260236","antisense","chr3",47420579,47422489,"-",1911,TRUE,2.46212121212121,0.016216682117626,0.00334833460338251,0.0219515358195222,0.0232281906152423,0.00787331640167436
"RP11-70C1.1","ENSG00000225611.1","ENSG00000225611","antisense","chr3",42812104,42815127,"+",3024,TRUE,0.277777777777778,0.00115686658104187,0,0.00264902834770622,0,0.000746127331046169
"RP11-70P17.1","ENSG00000225643.1","ENSG00000225643","lincRNA","chr1",25907969,25916847,"+",8879,TRUE,0.391414141414141,0.00246814527129887,0,0.00310378255553678,0.00276549144510003,0.00254109881976403
"RP11-710F7.3","ENSG00000249635.1","ENSG00000249635","antisense","chr4",106924474,106943635,"-",19162,TRUE,0.0378787878787879,0.000100140536178999,0,0.000274718755295349,0,0
"RP11-711M9.1","ENSG00000255989.1","ENSG00000255989","lincRNA","chr2",74213653,74220867,"+",7215,TRUE,0.0505050505050505,0.000616011985930906,0.00385360064222219,0.000301721600506302,0,0
"RP11-712B9.2","ENSG00000245552.2","ENSG00000245552","antisense","chr11",94883703,94967268,"+",83566,TRUE,0.429292929292929,0.0024598617236339,0.00546400344369091,0.00377971566661752,0.00147096390230114,0
"RP11-713D19.1","ENSG00000273233.1","ENSG00000273233","lincRNA","chr2",29033147,29033572,"-",426,TRUE,0.0757575757575758,0.000299797902085378,0,0.00032605211164052,0.000730049382684671,0
"RP11-713M15.2","ENSG00000272502.1","ENSG00000272502","antisense","chr8",121824459,121825599,"+",1141,TRUE,0.467171717171717,0.00192883335591542,0.0019912075059087,0.00417377573313909,0.000588799710205047,0
"RP11-713N11.4","ENSG00000258449.1","ENSG00000258449","antisense","chr12",25249802,25253914,"-",4113,TRUE,0.0631313131313131,0.000368045165924895,0,0.000447647999229171,0.000826570524885662,0
"RP11-713N11.5","ENSG00000258879.1","ENSG00000258879","lincRNA","chr12",25164349,25173827,"+",9479,TRUE,0.126262626262626,0.000617593553379154,0,0.000617033739844935,0.000973225710888998,0.000590897766184959
"RP11-713P17.3","ENSG00000204241.3","ENSG00000204241","lincRNA","chr11",133902167,133916744,"+",14578,TRUE,0.0252525252525253,0.000154491377781153,0,0.000192188126934444,0,0.000329420980082263
"RP11-714G18.1","ENSG00000250410.1","ENSG00000250410","antisense","chr4",186291879,186312082,"+",20204,TRUE,0.0757575757575758,0.000559395029366313,0.00104358112293544,0.000212779600366438,0.00139113069713216,0
"RP11-715J22.2","ENSG00000259895.1","ENSG00000259895","antisense","chr16",2514951,2518214,"-",3264,TRUE,0.252525252525253,0.000699895083137417,0,0.00097705858917249,0.00138685731610156,0
"RP11-715J22.3","ENSG00000260095.1","ENSG00000260095","antisense","chr16",2502582,2502978,"-",397,TRUE,0.0378787878787879,0.00038149968092125,0,0.000227014327301861,0,0.00116556015269745
"RP11-717A5.2","ENSG00000273196.1","ENSG00000273196","antisense","chr2",85614197,85614269,"-",73,TRUE,0.0505050505050505,0.000222257671737495,0,0.000609726622847579,0,0
"RP11-71G12.1","ENSG00000229961.1","ENSG00000229961","lincRNA","chr1",157155178,157157195,"+",2018,TRUE,0.0757575757575758,0.00131932162473277,0,0,0.00149003896261475,0.00370644373609397
"RP11-71H17.9","ENSG00000272947.1","ENSG00000272947","lincRNA","chr3",124467422,124468120,"+",699,TRUE,0.416666666666667,0.00184320123469528,0.00107331906093997,0.00364723133422082,0.00106242201676148,0.000427000332320584
"RP11-722E23.2","ENSG00000272338.1","ENSG00000272338","lincRNA","chr8",33218361,33218933,"-",573,TRUE,0.265151515151515,0.00133907906865491,0,0.00178588201391732,0.00209883752268568,0.000654998419968272
"RP11-723O4.9","ENSG00000261159.1","ENSG00000261159","lincRNA","chr3",128578559,128579369,"-",811,TRUE,1.02272727272727,0.00839555739663346,0.00091051002081822,0.00599207943572567,0.0113808804458459,0.012761617001749
"RP11-724N1.1","ENSG00000272912.1","ENSG00000272912","lincRNA","chr10",104674342,104675161,"+",820,TRUE,0.0631313131313131,0.000336319466987493,0.00151910229894033,0.000178076596991942,0.000290207158495804,0
"RP11-727A23.10","ENSG00000255234.1","ENSG00000255234","antisense","chr11",82997171,83134559,"+",137389,TRUE,0.126262626262626,0.000666110136127769,0,0.000473813717263919,0.00119862155669791,0.000765910325415268
"RP11-727A23.11","ENSG00000269939.1","ENSG00000269939","lincRNA","chr11",82896563,82898078,"-",1516,TRUE,0.492424242424242,0.00239160123790217,0.00527707552771284,0.0037978172622833,0.00126796985183491,0
"RP11-727F15.11","ENSG00000267811.1","ENSG00000267811","antisense","chr11",62538592,62539078,"-",487,TRUE,0.189393939393939,0.00107800604430693,0,0.00190665025593747,0.000348505635931915,0.00115723744762812
"RP11-727F15.12","ENSG00000269176.1","ENSG00000269176","antisense","chr11",62553498,62554257,"-",760,TRUE,1.6540404040404,0.00874614894857808,0.00257406844632584,0.0147468820068636,0.0081359884518395,0.00396417478018889
"RP11-727F15.9","ENSG00000256690.1","ENSG00000256690","antisense","chr11",62599706,62601515,"+",1810,TRUE,0.429292929292929,0.00353309364096671,0,0.00389081460090665,0.00364251042708187,0.00472860685481633
"RP11-728K20.3","ENSG00000273011.1","ENSG00000273011","lincRNA","chr7",149587828,149588505,"+",678,TRUE,0.0378787878787879,0.000219607446852631,0,0.00016481838053703,0.000643637450057275,0
"RP11-72I8.1","ENSG00000260735.1","ENSG00000260735","antisense","chr16",15188268,15203054,"+",14787,TRUE,0.138888888888889,0.000995915442586116,0,0.00103815033823421,0.00117785772063041,0.00127013575034601
"RP11-72M17.1","ENSG00000258561.1","ENSG00000258561","lincRNA","chr14",66679528,66976112,"-",296585,TRUE,1.28787878787879,0.0075900321137447,0.00934950055977882,0.0113622194195547,0.00679421936573832,0.00209349442339379
"RP11-731C17.2","ENSG00000273486.1","ENSG00000273486","antisense","chr3",136556180,136557863,"-",1684,TRUE,0.984848484848485,0.00882973251086256,0.00447022010363899,0.00496325696537622,0.00958148865728176,0.0158350086132816
"RP11-731F5.1","ENSG00000254140.1","ENSG00000254140","lincRNA","chr14",106067809,106071694,"-",3886,TRUE,0.0757575757575758,0.000306186129854545,0,0.000599426542345335,0,0.000342093458471435
"RP11-732A19.9","ENSG00000255680.1","ENSG00000255680","antisense","chr11",6640021,6640995,"+",975,TRUE,0.164141414141414,0.00100179069729447,0.00194254968586913,0.0017057241353534,0.00050407797784159,0
"RP11-732M18.3","ENSG00000236537.1","ENSG00000236537","lincRNA","chr6",158703295,158733390,"+",30096,TRUE,4.10353535353535,0.0334986167085492,0.0216674409942757,0.0247831038718223,0.0297361143763156,0.0555931489157657
"RP11-734K2.4","ENSG00000270344.1","ENSG00000270344","antisense","chr12",89919431,89934079,"+",14649,TRUE,2.22222222222222,0.0115044781779325,0.00414871532706849,0.019866773053431,0.00708389114911385,0.00765504980202378
"RP11-737O24.5","ENSG00000272625.1","ENSG00000272625","antisense","chr18",2920964,2921683,"+",720,TRUE,0.0883838383838384,0.000808352231675511,0.00134939604749681,0.00107133983281537,0.000970870956767909,0
"RP11-738E22.3","ENSG00000269949.1","ENSG00000269949","lincRNA","chr4",57827093,57827539,"-",447,TRUE,0.429292929292929,0.00330667971990158,0.002674671729255,0.00407689532380398,0.00363483175434519,0.00221777007369144
"RP11-739L10.1","ENSG00000265943.1","ENSG00000265943","antisense","chr18",20279444,20513727,"-",234284,TRUE,0.277777777777778,0.00161491982050615,0.0021431669603429,0.00142061614140215,0.00163026699128661,0.00160578248055588
"RP11-73E17.2","ENSG00000258738.1","ENSG00000258738","antisense","chr14",35343549,35345665,"+",2117,TRUE,4.55808080808081,0.030618546589684,0.0325444223867474,0.0398157186041358,0.0167832423407798,0.0299306430458075
"RP11-73K9.2","ENSG00000260526.1","ENSG00000260526","antisense","chr4",113150717,113152752,"-",2036,TRUE,0.214646464646465,0.000963965903195596,0.00131620307593707,0.00135732030804277,0.000864102164261446,0.000320661318507325
"RP11-73K9.3","ENSG00000272567.1","ENSG00000272567","lincRNA","chr4",113194124,113194472,"-",349,TRUE,0.378787878787879,0.00184362519971769,0,0.00210389033255145,0.00268280757342877,0.00160651671184602
"RP11-73M18.10","ENSG00000269910.1","ENSG00000269910","antisense","chr14",104160853,104161387,"-",535,TRUE,0.202020202020202,0.00075416248494516,0,0.00139306177916015,0.000993987531497865,0
"RP11-73M18.9","ENSG00000269963.1","ENSG00000269963","lincRNA","chr14",104179904,104180586,"+",683,TRUE,0.631313131313131,0.00519463494766438,0.0031183735387846,0.00400881058505542,0.01084380591474,0.00248205573176167
"RP11-73M7.6","ENSG00000235790.3","ENSG00000235790","antisense","chr1",32109650,32125539,"+",15890,TRUE,0.101010101010101,0.000250770900306855,0,0.000687947880301452,0,0
"RP11-73M7.9","ENSG00000264078.1","ENSG00000264078","antisense","chr1",32110295,32114972,"+",4678,TRUE,0.176767676767677,0.00110351864778536,0,0.00145572216613314,0.00122487725774676,0.00105062253195899
"RP11-745C15.2","ENSG00000234707.2","ENSG00000234707","antisense","chr7",54827118,54872621,"+",45504,TRUE,0.0378787878787879,0.000151239310703559,0,0.000414899667742359,0,0
"RP11-746M1.1","ENSG00000263986.1","ENSG00000263986","antisense","chr17",20903060,20903636,"+",577,TRUE,0.0378787878787879,0.000274816404527078,0,0.000206363811020636,0.000196942649905794,0.000588263635306801
"RP11-748L13.6","ENSG00000260151.1","ENSG00000260151","lincRNA","chr10",27632365,27633846,"+",1482,TRUE,0.0378787878787879,6.08067770503817e-05,0,0.00016681318816731,0,0
"RP11-74E22.3","ENSG00000262050.1","ENSG00000262050","antisense","chr17",2615603,2616127,"+",525,TRUE,0.214646464646465,0.000670144287919414,0,0.00112983677986031,0.000728607402366902,0.000303176180304841
"RP11-74K11.2","ENSG00000258035.1","ENSG00000258035","antisense","chr12",94561782,94579820,"-",18039,TRUE,0.113636363636364,0.000520559151512825,0,0.000863001842696416,0.0008310454203347,0
"RP11-752G15.6","ENSG00000250988.3","ENSG00000250988","antisense","chr15",83419316,83425958,"+",6643,TRUE,0.315656565656566,0.00106540116393333,0,0.00198375641761588,0.000148339949854971,0.00119196114242839
"RP11-755B10.2","ENSG00000239801.1","ENSG00000239801","antisense","chr3",57614537,57640645,"+",26109,TRUE,0.0631313131313131,0.000692597308131886,0.00499195389908481,0.000101745280691491,0,0
"RP11-755B10.3","ENSG00000241933.1","ENSG00000241933","lincRNA","chr3",57678932,57682323,"+",3392,TRUE,0.252525252525253,0.0016099342296906,0.00183465433458435,0.0022988069179819,0.000131242349085506,0.00194500211217401
"RP11-755B10.4","ENSG00000272146.1","ENSG00000272146","antisense","chr3",57583442,57586654,"+",3213,TRUE,1.30050505050505,0.00761480754447074,0.00279691888099577,0.0109372322919913,0.00812924803152,0.00486057960744826
"RP11-755F10.1","ENSG00000255320.1","ENSG00000255320","antisense","chr11",66012311,66013710,"-",1400,TRUE,0.189393939393939,0.00129975596851102,0,0.00183032736207249,0.00142745786227651,0.0010875923116528
"RP11-755F10.3","ENSG00000254461.1","ENSG00000254461","antisense","chr11",66027038,66029305,"-",2268,TRUE,0.0378787878787879,0.000377028928579708,0.00159974502070443,0,0.000673629288241816,0
"RP11-756H6.1","ENSG00000258001.1","ENSG00000258001","lincRNA","chr12",57824899,57827718,"+",2820,TRUE,0.164141414141414,0.000394742655547291,0,0.0010829102292811,0,0
"RP11-757F18.5","ENSG00000261488.1","ENSG00000261488","antisense","chr3",111852270,111854206,"+",1937,TRUE,0.0505050505050505,0.00019425657468351,0,0.000532910312259577,0,0
"RP11-758M4.4","ENSG00000253706.1","ENSG00000253706","antisense","chr8",75711019,75779174,"-",68156,TRUE,0.0378787878787879,9.76657524691751e-05,0,0.000267929601508786,0,0
"RP11-758P17.2","ENSG00000241357.1","ENSG00000241357","antisense","chr7",100032880,100034133,"+",1254,TRUE,0.0505050505050505,0.00020837820650451,0,0.000287127391294222,0,0.000404639712733644
"RP11-758P17.3","ENSG00000240211.1","ENSG00000240211","antisense","chr7",100033827,100036127,"+",2301,TRUE,0.252525252525253,0.00181425102911056,0.0052904541233533,0.00179610594920153,0.00130824134736246,0.000548453311355097
"RP11-760H22.2","ENSG00000254343.2","ENSG00000254343","lincRNA","chr8",121064419,121068440,"+",4022,TRUE,0.0252525252525253,0.000142553333390304,0,0.000134399372698147,0,0.000365030251956481
"RP11-761I4.3","ENSG00000259343.1","ENSG00000259343","antisense","chr15",81616718,81654378,"+",37661,TRUE,1.43939393939394,0.00751942039008541,0,0.00935373067311435,0.0124627630458053,0.00398284984102436
"RP11-764K9.1","ENSG00000225411.2","ENSG00000225411","lincRNA","chr9",68397878,68409893,"-",12016,TRUE,0.277777777777778,0.0020516594252854,0.00216223108072336,0.000992536682512223,0.00359010230374459,0.00201359512297768
"RP11-767C1.2","ENSG00000272263.1","ENSG00000272263","antisense","chr3",12873718,12874227,"-",510,TRUE,0.113636363636364,0.000308353306679712,0,0.000845915548632948,0,0
"RP11-768B22.2","ENSG00000248571.1","ENSG00000248571","antisense","chr4",153587520,153591259,"+",3740,TRUE,1.08585858585859,0.0118689854138492,0.00185913388952715,0.00278008363329714,0.0126448827972431,0.0291728368730346
"RP11-76N22.2","ENSG00000237505.2","ENSG00000237505","antisense","chr1",89003196,89150887,"-",147692,TRUE,0.303030303030303,0.00181191147862342,0,0.00131054377132719,0.00342784169443634,0.00189061369295435
"RP11-76P2.4","ENSG00000273450.1","ENSG00000273450","antisense","chr10",96074664,96075084,"-",421,TRUE,0.227272727272727,0.00184959590435021,0.00468664445175383,0.00170355170275843,0.00112589301180445,0.00130364905645025
"RP11-770J1.3","ENSG00000255435.2","ENSG00000255435","antisense","chr11",118382626,118401809,"-",19184,TRUE,0.151515151515152,0.00121434794692893,0.00145443468890801,0.000933671944427432,0.000996312491966626,0.00170135533887701
"RP11-773D16.1","ENSG00000225484.2","ENSG00000225484","lincRNA","chr10",81563813,81586350,"-",22538,TRUE,2.63888888888889,0.0116666755757948,0.0132446192644315,0.0212511554270807,0.00443447192283504,0.00422104060235395
"RP11-773H22.4","ENSG00000266969.1","ENSG00000266969","antisense","chr18",12984693,12991172,"-",6480,TRUE,0.315656565656566,0.00114396528920518,0,0.00278032680511942,0.000526439940970584,0
"RP11-774O3.3","ENSG00000251615.3","ENSG00000251615","lincRNA","chr4",8356817,8360065,"-",3249,TRUE,0.47979797979798,0.00325402517149766,0,0.00331115950152962,0.00276513017523776,0.00531261642529739
"RP11-778D9.12","ENSG00000272721.1","ENSG00000272721","antisense","chr3",183851807,183853026,"-",1220,TRUE,0.303030303030303,0.00222380023095203,0,0.00136957513860378,0.00265946053058621,0.00415665683864543
"RP11-778H2.1","ENSG00000256120.1","ENSG00000256120","lincRNA","chr12",24376205,24390899,"+",14695,TRUE,0.0378787878787879,0.000151892579324385,0,0.000416691800571227,0,0
"RP11-77E14.2","ENSG00000273056.1","ENSG00000273056","lincRNA","chr9",7786105,7786688,"-",584,TRUE,0.101010101010101,0.000594087336264816,0,0.0010943178449621,0,0.000761515312715148
"RP11-77H9.2","ENSG00000260276.1","ENSG00000260276","antisense","chr16",8941962,8954274,"+",12313,TRUE,0.883838383838384,0.00702359041897692,0.00102127225281209,0.00392200487258432,0.00977815234396704,0.011845995988677
"RP11-77H9.5","ENSG00000259939.1","ENSG00000259939","antisense","chr16",8947169,8948204,"+",1036,TRUE,0.0631313131313131,0.00047265558575773,0,5.26546943081095e-05,0.000643051452854208,0.00114734390875906
"RP11-77H9.6","ENSG00000261481.1","ENSG00000261481","antisense","chr16",8963108,8963889,"+",782,TRUE,0.0378787878787879,0.000154346102460471,0,0.000296234466100066,0.000187056662178319,0
"RP11-77H9.8","ENSG00000260979.1","ENSG00000260979","lincRNA","chr16",9056563,9060847,"+",4285,TRUE,0.934343434343434,0.00682885912300014,0.00732469874592022,0.00639833207392662,0.00942564048516007,0.00467603969882202
"RP11-77P16.4","ENSG00000249846.2","ENSG00000249846","lincRNA","chr3",129831393,129839422,"+",8030,TRUE,0.23989898989899,0.00154542522063202,0.00100294561714898,0.000974820287343457,0.00329262640992694,0.000945306646957392
"RP11-77P6.2","ENSG00000227896.2","ENSG00000227896","antisense","chr10",88281702,88284858,"+",3157,TRUE,1.72979797979798,0.00919335891083175,0,0.0181184119051138,0.00522077103862838,0.00505180978073715
"RP11-782C8.1","ENSG00000230850.3","ENSG00000230850","lincRNA","chr1",143119061,143233417,"+",114357,TRUE,0.23989898989899,0.00154641428087632,0.00108487355601057,0.0012219554722275,0.00126409114432835,0.00251730849342468
"RP11-782C8.2","ENSG00000232274.2","ENSG00000232274","lincRNA","chr1",143118704,143211070,"-",92367,TRUE,0.0505050505050505,0.000222977659477404,0,0.000161110221776085,0.000662688666731271,0
"RP11-782C8.3","ENSG00000232336.1","ENSG00000232336","lincRNA","chr1",143188828,143189695,"+",868,TRUE,0.0378787878787879,0.000446119956933605,0,0.000256990684680568,0.000507080805877906,0.000884698684878336
"RP11-783K16.13","ENSG00000257086.1","ENSG00000257086","lincRNA","chr11",64014411,64016966,"-",2556,TRUE,0.126262626262626,0.000683457019811861,0,0.00187494963523032,0,0
"RP11-783K16.14","ENSG00000256116.1","ENSG00000256116","antisense","chr11",63996686,64001824,"-",5139,TRUE,0.151515151515152,0.000582100172597011,0,0.000645450587679192,0.000317702601059038,0.00104589522879784
"RP11-783K16.5","ENSG00000256940.1","ENSG00000256940","antisense","chr11",64013436,64015689,"+",2254,TRUE,1.56565656565657,0.00619808796753432,0.00118444713836513,0.0147686300182529,0.00215291478492663,0.000489569011559045
"RP11-78A19.3","ENSG00000267165.1","ENSG00000267165","antisense","chr18",11851413,11852750,"-",1338,TRUE,0.113636363636364,0.000503685302025577,0,0.000487922310509609,0.00013767458806036,0.00113807914543785
"RP11-78C3.1","ENSG00000248112.1","ENSG00000248112","lincRNA","chr5",82215195,82216938,"-",1744,TRUE,0.0378787878787879,0.000214902712128113,0,0.000127669378135646,0.000156741124979145,0.0005053030330261
"RP11-78O7.2","ENSG00000270091.1","ENSG00000270091","lincRNA","chr17",19799903,19800600,"-",698,TRUE,0.77020202020202,0.00616280196106827,0.0029325997302723,0.00479265084925788,0.00956992356312813,0.00647159845120664
"RP11-791G15.2","ENSG00000272275.1","ENSG00000272275","lincRNA","chr2",10908001,10910184,"-",2184,TRUE,1.47727272727273,0.0119871854589121,0,0.00710722095348533,0.0189843690976109,0.0183022883759907
"RP11-791M20.1","ENSG00000261030.1","ENSG00000261030","lincRNA","chrX",13111779,13112692,"+",914,TRUE,0.0378787878787879,0.000124115397105534,0,0.000340489762755743,0,0
"RP11-792A8.4","ENSG00000272831.1","ENSG00000272831","antisense","chr7",66204816,66205372,"-",557,TRUE,4.44444444444444,0.0268733262713836,0.0098198652558066,0.0427620684095232,0.0159502183157048,0.0235762138676342
"RP11-792D21.2","ENSG00000251442.1","ENSG00000251442","lincRNA","chr4",79567057,79603853,"+",36797,TRUE,1.71717171717172,0.00903548189870768,0.00184088577003674,0.0238750110072432,0,0.000354354019219477
"RP11-793H13.11","ENSG00000270175.1","ENSG00000270175","antisense","chr12",53893946,53894720,"-",775,TRUE,1.17424242424242,0.00709448931402366,0.00347888492507325,0.0104848315490147,0.00407146966486592,0.0070484292664305
"RP11-796E2.4","ENSG00000245904.2","ENSG00000245904","antisense","chr12",92539349,92583436,"+",44088,TRUE,1.23737373737374,0.00751122085708213,0.00718917572215024,0.0123777741904291,0.00499283112885523,0.00319042603120333
"RP11-797A18.4","ENSG00000260787.1","ENSG00000260787","lincRNA","chr15",77334178,77335533,"-",1356,TRUE,0.151515151515152,0.00120516730230911,0.00180821952803419,0.00148790906677512,0.000688225099737236,0.000993988856437748
"RP11-797D24.4","ENSG00000272678.1","ENSG00000272678","antisense","chr3",123002440,123002830,"+",391,TRUE,0.0757575757575758,0.000658914688461404,0,0.000989366125707882,0,0.00116369671315058
"RP11-797H7.5","ENSG00000189316.3","ENSG00000189316","antisense","chr7",64348905,64350478,"-",1574,TRUE,0.151515151515152,0.000660116599592394,0,0.00157058384219279,0.000353463024126938,0
"RP11-798G7.6","ENSG00000267198.1","ENSG00000267198","lincRNA","chr17",43623170,43640596,"+",17427,TRUE,1.0479797979798,0.00604868197907549,0.00199393065980218,0.00877444382371374,0.00720225996983835,0.00313399889075338
"RP11-798G7.8","ENSG00000266918.1","ENSG00000266918","lincRNA","chr17",43608943,43611204,"+",2262,TRUE,0.0378787878787879,0.000449855306684772,0,0,0.00145793012470064,0.000345289258204946
"RP11-798L4.1","ENSG00000205682.2","ENSG00000205682","lincRNA","chr4",62285964,62293939,"-",7976,TRUE,0.0631313131313131,0.00042848517355153,0.00161441503111252,0.00059390749642227,0,0
"RP11-798M19.3","ENSG00000248774.1","ENSG00000248774","antisense","chr4",174243357,174250845,"-",7489,TRUE,0.23989898989899,0.000869767519033631,0,0.00222971809162625,0.000229935109639008,0
"RP11-798M19.6","ENSG00000272870.1","ENSG00000272870","antisense","chr4",174284931,174291597,"-",6667,TRUE,4.21717171717172,0.024783724797851,0.00584137669938056,0.0358210214012193,0.0323912535472966,0.0114348517896357
"RP11-799D4.4","ENSG00000266947.1","ENSG00000266947","antisense","chr17",33558469,33569982,"-",11514,TRUE,0.0505050505050505,0.000395366309869276,0,0.000355376502136783,0,0.00103710798645112
"RP11-79H23.3","ENSG00000261618.1","ENSG00000261618","lincRNA","chr8",79749764,79752757,"+",2994,TRUE,0.378787878787879,0.002667220946836,0.00235524334852233,0.00513756974451661,0,0.00189299160791059
"RP11-79O8.1","ENSG00000271991.1","ENSG00000271991","lincRNA","chr2",20101786,20102330,"+",545,TRUE,0.277777777777778,0.00147728686467431,0,0.00196106542846625,0.000933668616507131,0.00207178550839161
"RP11-79P5.9","ENSG00000272525.1","ENSG00000272525","lincRNA","chr5",72793375,72794118,"-",744,TRUE,0.315656565656566,0.00135000104201097,0,0.00295777179696585,0.000276917891281971,0.000792774016896544
"RP11-7F17.5","ENSG00000246548.3","ENSG00000246548","lincRNA","chr14",77507407,77535846,"+",28440,TRUE,0.0378787878787879,5.93223396977432e-05,0,0.000162740883410504,0,0
"RP11-7F17.7","ENSG00000258602.1","ENSG00000258602","lincRNA","chr14",77425981,77432145,"+",6165,TRUE,0.0631313131313131,0.000189375554256672,0,0.000519520051857584,0,0
"RP11-7F18.2","ENSG00000271966.1","ENSG00000271966","lincRNA","chr8",68256210,68257322,"+",1113,TRUE,0.0883838383838384,0.000319654217298001,0,0.000627715516180907,0.000366503670802798,0
"RP11-7O11.3","ENSG00000237950.1","ENSG00000237950","antisense","chr1",44410042,44412223,"-",2182,TRUE,0.227272727272727,0.00118639410470489,0,0.00141750856904913,0.00180383073619419,0.00086846026367915
"RP11-800A3.3","ENSG00000256568.1","ENSG00000256568","lincRNA","chr11",72887739,72892741,"+",5003,TRUE,0.164141414141414,0.00132630949324095,0,0.00059358640002497,0.000324800013230943,0.00401630779488861
"RP11-802E16.3","ENSG00000255031.1","ENSG00000255031","antisense","chr11",67818207,67821229,"+",3023,TRUE,2.96717171717172,0.0235569262614405,0.0209725448791818,0.0202175974820628,0.0212820176420347,0.0318298545587338
"RP11-802O23.3","ENSG00000272182.1","ENSG00000272182","antisense","chr3",58413982,58414542,"+",561,TRUE,0.681818181818182,0.00687575728842691,0.0262226733956956,0.00502583835892203,0.00300111141461562,0.00334169475060067
"RP11-803B1.8","ENSG00000272690.1","ENSG00000272690","lincRNA","chr3",75484499,75506637,"+",22139,TRUE,0.29040404040404,0.00153650926205524,0,0.00227344614123819,0.00229993687342981,0.000537408011418797
"RP11-803D5.4","ENSG00000270190.1","ENSG00000270190","lincRNA","chr2",112024445,112025050,"-",606,TRUE,0.164141414141414,0.00120835215230385,0,0.00130468561610009,0.00248678225595142,0.000454171479868429
"RP11-803P9.1","ENSG00000273375.1","ENSG00000273375","lincRNA","chr3",197516571,197517240,"+",670,TRUE,0.138888888888889,0.00108680854906366,0.00249153140669882,0.00117648193975854,0,0.00129055551011552
"RP11-804A23.4","ENSG00000256813.1","ENSG00000256813","antisense","chr11",60609279,60618554,"-",9276,TRUE,0.164141414141414,0.000582633704322975,0.00138035801693578,0.00110110377576195,0,0
"RP11-804H8.6","ENSG00000273356.1","ENSG00000273356","lincRNA","chr3",50707420,50709479,"+",2060,TRUE,0.340909090909091,0.0032956209006932,0.00426608968386168,0.00227858470245864,0.0021716195288792,0.0053317345276286
"RP11-805I24.1","ENSG00000261177.1","ENSG00000261177","lincRNA","chr16",86115015,86123132,"-",8118,TRUE,0.0757575757575758,0.00025322232561265,0.000938224589629079,0.000191665348434738,0.000242704729855758,0
"RP11-806H10.4","ENSG00000266970.1","ENSG00000266970","lincRNA","chr17",76356534,76369992,"+",13459,TRUE,0.618686868686869,0.0033988205849346,0,0.00489342018288855,0.00308637850745506,0.00331664726825049
"RP11-809C18.4","ENSG00000272992.1","ENSG00000272992","lincRNA","chr10",714400,715521,"+",1122,TRUE,0.0378787878787879,5.40694067862871e-05,0,0.000148330343521785,0,0
"RP11-809C9.2","ENSG00000258102.1","ENSG00000258102","lincRNA","chr12",116985911,116992186,"+",6276,TRUE,0.0757575757575758,0.00107974536478061,0,0,0.000817728563011325,0.00342186311323706
"RP11-809N8.4","ENSG00000256448.1","ENSG00000256448","antisense","chr11",73116342,73121727,"+",5386,TRUE,0.997474747474748,0.00723001210993909,0.00289438324686089,0.010134898824896,0.00656068859125279,0.00596721808959518
"RP11-809O17.1","ENSG00000253210.1","ENSG00000253210","antisense","chr8",142136143,142140060,"-",3918,TRUE,1.07323232323232,0.0059359183693219,0.00199533501566563,0.00816844205218912,0.00784049912045288,0.00293799659636364
"RP11-80G7.1","ENSG00000251018.2","ENSG00000251018","antisense","chr5",162910071,162921064,"-",10994,TRUE,0.0505050505050505,0.000108285139084839,0,0.000297062106529935,0,0
"RP11-80H18.4","ENSG00000273493.1","ENSG00000273493","lincRNA","chr3",58315692,58315845,"+",154,TRUE,0.0505050505050505,0.000444445343211598,0.000696695554608966,0,0.00142406711229879,0
"RP11-80H5.2","ENSG00000232936.1","ENSG00000232936","antisense","chr10",91405039,91410424,"+",5386,TRUE,0.0505050505050505,0.00021089704186663,0,0.000578560641352167,0,0
"RP11-80H5.7","ENSG00000240996.1","ENSG00000240996","lincRNA","chr10",91454052,91457685,"-",3634,TRUE,0.0252525252525253,3.61126556288959e-05,0,9.90690102462265e-05,0,0
"RP11-80H8.4","ENSG00000241679.2","ENSG00000241679","lincRNA","chr3",142842204,142850735,"+",8532,TRUE,0.505050505050505,0.0050605780000701,0,0.00129542442311833,0.0100795644215713,0.00815453324702859
"RP11-814H16.2","ENSG00000272862.1","ENSG00000272862","lincRNA","chr4",41990758,41991254,"-",497,TRUE,0.101010101010101,0.000513909781520458,0,0.000814201029131621,0,0.000847077388442874
"RP11-815J21.2","ENSG00000259375.1","ENSG00000259375","antisense","chr15",86122277,86123409,"-",1133,TRUE,0.0378787878787879,0.000215583350924492,0,0.000591416743790086,0,0
"RP11-816J6.3","ENSG00000269889.1","ENSG00000269889","antisense","chr3",169487437,169489831,"+",2395,TRUE,0.151515151515152,0.000712035632841618,0,0.00132634766424272,0.000922137802056483,0
"RP11-817J15.2","ENSG00000256916.1","ENSG00000256916","antisense","chr11",102477647,102498801,"+",21155,TRUE,0.0378787878787879,0.000108800993859379,0,0.000298477267532483,0,0
"RP11-817O13.6","ENSG00000260591.1","ENSG00000260591","lincRNA","chr15",75647551,75648087,"-",537,TRUE,0.0757575757575758,0.00105875948274871,0.00163502428862823,0.000250349397989169,0.00303728534447359,0
"RP11-817O13.8","ENSG00000260274.1","ENSG00000260274","lincRNA","chr15",75660496,75661925,"+",1430,TRUE,1.13636363636364,0.00708653150817074,0.00270667852115632,0.00736617935754732,0.011268606700641,0.00488864488872533
"RP11-819C21.1","ENSG00000261098.1","ENSG00000261098","lincRNA","chr11",107182858,107186997,"-",4140,TRUE,0.454545454545455,0.00362084342455627,0.00219601574135175,0.00343031614927837,0.0021796295540975,0.00601541281468955
"RP11-81A22.5","ENSG00000262165.1","ENSG00000262165","lincRNA","chr17",4704454,4710308,"-",5855,TRUE,0.340909090909091,0.00267431754260114,0.00382344365468297,0.00292806921317768,0.000751788797584467,0.00358380113715687
"RP11-81H14.2","ENSG00000251301.2","ENSG00000251301","lincRNA","chr12",68726668,68845443,"-",118776,TRUE,7.96717171717172,0.0796611780728875,0.0128323524921332,0.0176115169656289,0.162150819151648,0.122376540034973
"RP11-81K13.1","ENSG00000257434.1","ENSG00000257434","antisense","chr12",75414749,75438573,"+",23825,TRUE,0.0378787878787879,0.000138363337818765,0,0.000149824530001507,0,0.000326745919906534
"RP11-81N13.1","ENSG00000241316.2","ENSG00000241316","lincRNA","chr3",67705121,67998137,"+",293017,TRUE,0.303030303030303,0.00194543372275538,0.00208189046425077,0.00186124163772297,0.00192969385895536,0.00201048046707696
"RP11-820I16.4","ENSG00000273141.1","ENSG00000273141","antisense","chr18",11908711,11909222,"+",512,TRUE,0.47979797979798,0.00409739516448447,0.0044711120040075,0.00328922472120204,0.00450617486772919,0.00466000009019039
"RP11-829H16.3","ENSG00000258525.1","ENSG00000258525","antisense","chr14",31345385,31359014,"-",13630,TRUE,0.164141414141414,0.00088734397605369,0,0.00128154567907626,0,0.0016393802536217
"RP11-82L2.1","ENSG00000270332.1","ENSG00000270332","lincRNA","chr9",106842305,106855354,"-",13050,TRUE,0.138888888888889,0.000716034059190369,0,0.00141509477684416,0.000251730718488174,0.000537666860909526
"RP11-834C11.4","ENSG00000250742.1","ENSG00000250742","lincRNA","chr12",54519882,54526627,"+",6746,TRUE,1.41414141414141,0.00564856856390136,0,0.0138114015704517,0.00179036599467712,0.000664363667317048
"RP11-834C11.6","ENSG00000249388.1","ENSG00000249388","lincRNA","chr12",54475902,54496477,"+",20576,TRUE,0.378787878787879,0.00299794256730545,0.00288131039751916,0.00166932678458163,0.00160774724355688,0.00629152120859601
"RP11-835E18.5","ENSG00000265091.1","ENSG00000265091","lincRNA","chr18",5232875,5238525,"-",5651,TRUE,0.0883838383838384,0.000262387620543932,0,0.000178002323684381,0.000142833312252484,0.000632431258265766
"RP11-839D17.3","ENSG00000255129.1","ENSG00000255129","antisense","chr11",113149159,113185159,"-",36001,TRUE,0.315656565656566,0.00187982614666271,0,0.00334218506884289,0.00266904472125281,0
"RP11-83A24.2","ENSG00000273247.1","ENSG00000273247","antisense","chr4",140333081,140375188,"-",42108,TRUE,3.82575757575758,0.0368249273061164,0.0338571725012252,0.0215844792119786,0.0407173407399161,0.0562558785742513
"RP11-83M16.5","ENSG00000249736.1","ENSG00000249736","lincRNA","chr5",66928094,66942617,"-",14524,TRUE,0.0378787878787879,0.000193246241299552,0,0.000176376928698224,0,0.000503108393074227
"RP11-83N9.5","ENSG00000260193.1","ENSG00000260193","lincRNA","chr9",138999654,139001270,"-",1617,TRUE,0.391414141414141,0.00165601053343454,0,0.00387569108399954,0.000397579827572628,0.000564548799886614
"RP11-841O20.2","ENSG00000258757.1","ENSG00000258757","antisense","chr14",53107557,53108284,"+",728,TRUE,0.113636363636364,0.000626907687451113,0.00161766279883155,0.000548321057488959,0.00086588725463952,0
"RP11-847H18.2","ENSG00000245482.2","ENSG00000245482","antisense","chr12",34175216,34199352,"-",24137,TRUE,0.580808080808081,0.00331429885307608,0,0.00200313416099741,0.00296201364005956,0.00721761862961878
"RP11-848P1.4","ENSG00000266340.1","ENSG00000266340","antisense","chr17",29305628,29307268,"-",1641,TRUE,0.101010101010101,0.000373670132990252,0,0.000590577428849849,0.000187001110088664,0.000437136569994695
"RP11-848P1.5","ENSG00000264107.1","ENSG00000264107","antisense","chr17",29417805,29422468,"-",4664,TRUE,0.0757575757575758,0.000166447302501915,0,0.000363751506334601,0.000136582800319497,0
"RP11-849F2.8","ENSG00000269928.1","ENSG00000269928","lincRNA","chr17",8128139,8128798,"-",660,TRUE,2.57575757575758,0.027288198582555,0.0463861816867824,0.0145694409137972,0.0339261989562028,0.0291733001726224
"RP11-849F2.9","ENSG00000269947.1","ENSG00000269947","lincRNA","chr17",8181081,8181754,"+",674,TRUE,0.366161616161616,0.00223893166770694,0.00169574498353111,0.00496561345610879,0.000831909311044596,0
"RP11-849H4.4","ENSG00000251143.1","ENSG00000251143","antisense","chr11",71725337,71731956,"+",6620,TRUE,0.492424242424242,0.00456670059612221,0.000760236101004637,0.00352503096204512,0.00876522385153667,0.00393828786613415
"RP11-84A19.4","ENSG00000269967.1","ENSG00000269967","lincRNA","chr1",32317514,32387442,"-",69929,TRUE,0.151515151515152,0.00107440625841996,0.0013791860876007,0.00127302759939795,0.00173189676827279,0
"RP11-84C10.4","ENSG00000258471.1","ENSG00000258471","antisense","chr14",21463996,21467322,"-",3327,TRUE,0.126262626262626,0.000510588398190559,0.00131139068883956,0.000599645363560818,0.000483360994740705,0
"RP11-84C13.1","ENSG00000271359.1","ENSG00000271359","lincRNA","chr4",90032651,90033519,"+",869,TRUE,0.303030303030303,0.00180241248406003,0.00197773897213628,0.00248676316846887,0.000759413976945225,0.00174790317173427
"RP11-84C13.2","ENSG00000270720.1","ENSG00000270720","lincRNA","chr4",90040435,90041022,"+",588,TRUE,0.0378787878787879,0.000631633498784541,0,0.00104703567139159,0,0.000975244003480817
"RP11-84G21.1","ENSG00000257557.1","ENSG00000257557","antisense","chr12",80328681,80334448,"+",5768,TRUE,0.227272727272727,0.000762534681038319,0,0.00193914554486488,0.000224636518491376,0
"RP11-854K16.3","ENSG00000260986.1","ENSG00000260986","lincRNA","chr15",21333027,21335424,"-",2398,TRUE,0.0505050505050505,0.000526978406091888,0,3.838618727836e-05,0.000179437477259762,0.00182788782547498
"RP11-855A2.5","ENSG00000266176.1","ENSG00000266176","lincRNA","chr17",65989996,65992547,"-",2552,TRUE,0.0378787878787879,5.98204993056986e-05,0,0.000164107500693153,0,0
"RP11-85A1.3","ENSG00000260475.1","ENSG00000260475","antisense","chr10",101380812,101381675,"+",864,TRUE,0.505050505050505,0.00252099981506372,0.00272641830984193,0.00387628542282444,0.00302598445103153,0
"RP11-85F14.5","ENSG00000239213.1","ENSG00000239213","antisense","chr3",136560568,136580896,"-",20329,TRUE,5.88383838383838,0.0320888359565119,0,0.045083954365515,0.0340315171644987,0.0281686385854293
"RP11-85G18.6","ENSG00000262412.1","ENSG00000262412","lincRNA","chr10",27532059,27539733,"+",7675,TRUE,0.151515151515152,0.000813409179811944,0,0.00125323719629884,0.000508123989655005,0.000899831293942404
"RP11-861A13.4","ENSG00000271856.1","ENSG00000271856","lincRNA","chr3",107844668,107857457,"+",12790,TRUE,6.25,0.0444114052788036,0.142798424523173,0.066286907711722,0.00263136163751273,0.00329670090928351
"RP11-861E21.2","ENSG00000267199.1","ENSG00000267199","antisense","chr18",12438889,12448204,"+",9316,TRUE,0.53030303030303,0.00287554899102459,0,0.00571251702580742,0.00320036238176707,0
"RP11-862L9.3","ENSG00000266844.1","ENSG00000266844","antisense","chr18",74686646,74696118,"+",9473,TRUE,0.151515151515152,0.00105853182426854,0.00384603621746887,0.00115671386542914,0.000531972212198299,0
"RP11-863P13.4","ENSG00000205037.2","ENSG00000205037","lincRNA","chr16",88121647,88134591,"-",12945,TRUE,0.0505050505050505,0.000121108204908216,0,0.000121204928353535,0.000310371041628331,0
"RP11-864I4.4","ENSG00000257058.1","ENSG00000257058","antisense","chr11",62313471,62315171,"+",1701,TRUE,0.126262626262626,0.000594446162135707,0,0.00128557239684033,0,0.000490919258343232
"RP11-864J10.4","ENSG00000258136.1","ENSG00000258136","antisense","chr12",108130332,108153745,"+",23414,TRUE,0.0631313131313131,0.000389947642011462,0,0.0006916943529908,0,0.000537666860909526
"RP11-867G23.4","ENSG00000254452.1","ENSG00000254452","antisense","chr11",66044250,66044963,"-",714,TRUE,0.176767676767677,0.000676230729370897,0,0.00127833703527111,0.000431537923532145,0.000402994784185324
"RP11-869B15.1","ENSG00000269290.1","ENSG00000269290","lincRNA","chr11",64552393,64553092,"-",700,TRUE,1.21212121212121,0.00778453558251147,0.00406495011254482,0.010494122386044,0.00477004320390903,0.00875164904367574
"RP11-872D17.4","ENSG00000254662.1","ENSG00000254662","antisense","chr11",57093077,57095432,"+",2356,TRUE,0.517676767676768,0.00218010554199619,0,0.00368747316741148,0.00117626479927578,0.00212398672774114
"RP11-872J21.3","ENSG00000260806.1","ENSG00000260806","antisense","chr14",96967147,96968658,"-",1512,TRUE,2.82828282828283,0.018709733407854,0,0.0237112989563432,0.0312953525016071,0.00901171997171716
"RP11-873E20.1","ENSG00000267397.1","ENSG00000267397","lincRNA","chr18",33296334,33297942,"+",1609,TRUE,0.492424242424242,0.00319159484846362,0,0.00358648748249346,0.00281589957860286,0.00462838963796838
"RP11-875O11.1","ENSG00000245025.2","ENSG00000245025","antisense","chr8",22842109,22876848,"-",34740,TRUE,0.972222222222222,0.007512760976359,0,0.00382111713115586,0.00753453943043145,0.0165907393463938
"RP11-875O11.2","ENSG00000246130.1","ENSG00000246130","antisense","chr8",22925742,22941132,"+",15391,TRUE,0.0757575757575758,0.000125832758595482,0,0.000345201055793634,0,0
"RP11-876N24.4","ENSG00000262222.1","ENSG00000262222","antisense","chr16",11034576,11036878,"+",2303,TRUE,0.694444444444444,0.00871673498762587,0.0542953403547722,0.00339070320577022,0.00061803657635818,0.000772030137233565
"RP11-87C12.5","ENSG00000255856.1","ENSG00000255856","lincRNA","chr12",122445340,122457920,"-",12581,TRUE,0.214646464646465,0.000919814464250534,0,0.00220837315913371,0.000463248724628222,0
"RP11-87F15.2","ENSG00000248980.1","ENSG00000248980","antisense","chr4",177229419,177241609,"-",12191,TRUE,0.0757575757575758,0.000676608003733701,0,0.000400134331865717,0.00106117598440116,0.00104456114093355
"RP11-87N24.3","ENSG00000232035.1","ENSG00000232035","lincRNA","chr9",10631750,10632203,"-",454,TRUE,0.0378787878787879,0.00012301150989664,0,0.000115532204697508,0.000326393114324849,0
"RP11-881M11.1","ENSG00000256944.1","ENSG00000256944","antisense","chr11",60680638,60681524,"-",887,TRUE,0.0378787878787879,0.000358344078921104,0,0.000499493255246707,0,0.000687708412393054
"RP11-881M11.2","ENSG00000257052.1","ENSG00000257052","antisense","chr11",60674261,60677214,"+",2954,TRUE,0.23989898989899,0.0014592232087501,0,0.00149976045954032,0.00187595276770329,0.00174617935153022
"RP11-883A18.3","ENSG00000265728.1","ENSG00000265728","lincRNA","chr18",10594587,10604795,"+",10209,TRUE,0.0378787878787879,0.000305792345487138,0,0.00045952600277208,0.000557933676136085,0
"RP11-884K10.7","ENSG00000271976.1","ENSG00000271976","antisense","chr3",53893021,53895603,"-",2583,TRUE,1.33838383838384,0.00701428021015573,0.00107892786735885,0.0105224786451692,0.0067460749074207,0.00532515930566991
"RP11-88I18.2","ENSG00000233178.3","ENSG00000233178","antisense","chr9",71010609,71021416,"-",10808,TRUE,0.441919191919192,0.00266859558558071,0.00106620139138145,0.00413174838212601,0.00201069659829679,0.00204486334438822
"RP11-890B15.2","ENSG00000254842.2","ENSG00000254842","lincRNA","chr11",130714086,130735456,"-",21371,TRUE,0.113636363636364,0.000702172874694051,0.00232525575269392,0.000437813082430402,0.000522768197954668,0.000420090070548581
"RP11-890B15.3","ENSG00000255455.2","ENSG00000255455","lincRNA","chr11",130736149,130740142,"-",3994,TRUE,1.33838383838384,0.00927178082662972,0.00304212297269121,0.0101989357575675,0.0103072293117782,0.0101434864946751
"RP11-894P9.1","ENSG00000246451.2","ENSG00000246451","antisense","chr14",104148699,104150352,"-",1654,TRUE,0.0505050505050505,0.000283572835646885,0,0.00019277194971009,0.000249778652064393,0.000590664406654134
"RP11-895M11.3","ENSG00000258798.1","ENSG00000258798","lincRNA","chr14",91884610,91887520,"+",2911,TRUE,0.0883838383838384,0.000549663560775923,0.00206564459861133,0.000636890417975442,0.000186633918540205,0
"RP11-89C3.4","ENSG00000271584.1","ENSG00000271584","lincRNA","chr11",110962656,110968081,"-",5426,TRUE,0.151515151515152,0.000644794731613107,0,0.0011680059556995,0.000226407311242889,0.000635617501626379
"RP11-89K21.1","ENSG00000259439.1","ENSG00000259439","lincRNA","chr2",45147332,45166338,"-",19007,TRUE,0.0378787878787879,0.000270357076787669,0,0,0,0.00105479214194992
"RP11-8L8.2","ENSG00000259004.1","ENSG00000259004","lincRNA","chr14",101587193,101589879,"+",2687,TRUE,0.0631313131313131,0.000213291438849621,0,0.000585129267644267,0,0
"RP11-905K4.1","ENSG00000267627.1","ENSG00000267627","lincRNA","chr18",33531766,33546081,"-",14316,TRUE,0.0505050505050505,0.000436823133286703,0,0.000315907978208416,0.00079752007552282,0.000483783731178175
"RP11-90L20.2","ENSG00000235121.1","ENSG00000235121","antisense","chr1",201692422,201706634,"-",14213,TRUE,0.0378787878787879,0.000300951610863948,0,0.00010911707589909,0.000628911832838332,0.000410818636482833
"RP11-90P5.2","ENSG00000253356.1","ENSG00000253356","antisense","chr8",38006259,38021290,"+",15032,TRUE,0.53030303030303,0.00233683299426707,0,0.00378238134819115,0.000995180770935196,0.00277558744286776
"RP11-91A18.4","ENSG00000223390.1","ENSG00000223390","antisense","chr1",52499063,52509951,"+",10889,TRUE,0.126262626262626,0.000845298917688891,0,0.00063291071726275,0.000911257855463495,0.00151662808723331
"RP11-91G21.1","ENSG00000268129.1","ENSG00000268129","lincRNA","chr3",142719749,142720309,"-",561,TRUE,1.59090909090909,0.00956877239939333,0.0018268013837364,0.00985625953280119,0.0110318143513825,0.0117114931631273
"RP11-91J19.4","ENSG00000272005.1","ENSG00000272005","lincRNA","chr8",424455,427966,"+",3512,TRUE,0.606060606060606,0.00402224016230877,0.00321513319568697,0.0034733712084516,0.0033614443654253,0.00585530324819771
"RP11-91P24.6","ENSG00000255449.1","ENSG00000255449","antisense","chr11",77577458,77581137,"-",3680,TRUE,0.126262626262626,0.00110246194675947,0,0.000812566596503524,0.000892507243329289,0.00228257494363247
"RP11-927P21.1","ENSG00000265218.1","ENSG00000265218","antisense","chr17",62888847,62906298,"+",17452,TRUE,0.252525252525253,0.0016418583243239,0.00244845695347629,0.00181968446029781,0.00101357186707486,0.00158327688920304
"RP11-92G12.3","ENSG00000260088.1","ENSG00000260088","lincRNA","chr1",200638635,200663378,"+",24744,TRUE,0.23989898989899,0.0019829657282387,0,0.000883957216978856,0.0018589427943731,0.00468177309205819
"RP11-92K15.3","ENSG00000272264.1","ENSG00000272264","lincRNA","chr8",80944959,80945535,"-",577,TRUE,0.454545454545455,0.00250183932325263,0,0.00318002595432694,0.00271507272439693,0.00261287918819104
"RP11-930P14.1","ENSG00000253389.2","ENSG00000253389","antisense","chr8",41518509,41523084,"+",4576,TRUE,0.0378787878787879,0.000350064144219022,0,0,0.000537146602451337,0.000846349380099841
"RP11-930P14.2","ENSG00000260588.1","ENSG00000260588","lincRNA","chr8",41685683,41687452,"-",1770,TRUE,0.0505050505050505,0.000215133863930605,0,0.000395848867886424,0.000285809740571718,0
"RP11-932O9.10","ENSG00000269974.1","ENSG00000269974","lincRNA","chr15",30941000,30941732,"+",733,TRUE,0.71969696969697,0.00342354677363232,0.0019221088970571,0.00543319969523202,0.00245314340840623,0.00227306855339523
"RP11-932O9.7","ENSG00000247728.2","ENSG00000247728","antisense","chr15",30909201,30917976,"-",8776,TRUE,0.0378787878787879,0.000114620192310156,0,0.000314441261896928,0,0
"RP11-932O9.8","ENSG00000270016.1","ENSG00000270016","antisense","chr15",30899898,30900396,"-",499,TRUE,0.113636363636364,0.0010591083135773,0,0.00044214642901768,0.00280051239876468,0.000795199637528643
"RP11-932O9.9","ENSG00000269930.1","ENSG00000269930","lincRNA","chr15",30909161,30909952,"+",792,TRUE,0.366161616161616,0.00300905364063694,0.00890585207522106,0.00393707091419767,0.000744290089640718,0.000858252955842987
"RP11-93K22.13","ENSG00000248243.1","ENSG00000248243","lincRNA","chr3",129808276,129813147,"-",4872,TRUE,0.113636363636364,0.00114530386104184,0,0.000464807321992509,0.00190424522324378,0.00196594801361155
"RP11-94L15.2","ENSG00000264198.1","ENSG00000264198","lincRNA","chr17",37913974,37920089,"-",6116,TRUE,57.0707070707071,0.748698914649584,0.366396500384233,0.886245611050368,0.624429417036864,0.869111831960255
"RP11-950C14.3","ENSG00000258646.1","ENSG00000258646","antisense","chr14",75471422,75475184,"-",3763,TRUE,0.227272727272727,0.00104573928416931,0,0.00134438083193811,0.0015202001998118,0.00069796782097787
"RP11-950C14.7","ENSG00000259138.1","ENSG00000259138","antisense","chr14",75593856,75603633,"+",9778,TRUE,0.0378787878787879,0.00021538450326533,0,0.000138357930337376,0,0.000643549714767198
"RP11-95D17.1","ENSG00000269973.1","ENSG00000269973","lincRNA","chr2",10076489,10079719,"+",3231,TRUE,3.20707070707071,0.0171477334324115,0.00569899632388418,0.0255240965874067,0.016289118794541,0.0119307810671589
"RP11-95M15.1","ENSG00000230533.1","ENSG00000230533","lincRNA","chr6",137994597,137995691,"+",1095,TRUE,0.404040404040404,0.00145852238065323,0,0.00400121138024716,0,0
"RP11-95P2.1","ENSG00000262468.1","ENSG00000262468","lincRNA","chr16",4295826,4303790,"-",7965,TRUE,1.17424242424242,0.00787184857970667,0.00127429628077425,0.00886219657832232,0.00845489300663363,0.00927963355942526
"RP11-960L18.1","ENSG00000261218.1","ENSG00000261218","lincRNA","chr16",81771853,81801311,"+",29459,TRUE,3.75,0.0273908091536154,0.00721800075766151,0.0272382815679426,0.0216106267058583,0.0435319746790228
"RP11-967K21.1","ENSG00000247934.3","ENSG00000247934","antisense","chr12",28316231,28343299,"-",27069,TRUE,0.138888888888889,0.000627153488758937,0,0.000770669076668349,0.000284858306526381,0.0010753483502059
"RP11-96C21.1","ENSG00000259473.1","ENSG00000259473","lincRNA","chr15",70796246,70798267,"-",2022,TRUE,0.214646464646465,0.0018552387013832,0,0.000853609237780662,0.0044883743589002,0.0016839614674685
"RP11-96D1.11","ENSG00000262160.1","ENSG00000262160","antisense","chr16",68259872,68263048,"-",3177,TRUE,0.138888888888889,0.000922182467282583,0,0.00110253517352219,0.000227936766028467,0.00180947104591409
"RP11-96H19.1","ENSG00000257261.1","ENSG00000257261","lincRNA","chr12",46777462,46850051,"+",72590,TRUE,0.871212121212121,0.00624809270016413,0,0.00354879524141319,0.0102074002819925,0.00945930816245753
"RP11-96K19.2","ENSG00000232811.1","ENSG00000232811","antisense","chr1",111486089,111495470,"+",9382,TRUE,0.454545454545455,0.0049851036801155,0.0178969869383514,0.00205879429069624,0.0052583853120202,0.00226758879108061
"RP11-96K19.5","ENSG00000273010.1","ENSG00000273010","antisense","chr1",111505924,111507271,"+",1348,TRUE,0.542929292929293,0.00274293860350166,0.00433010856365187,0.00434881705196269,0.00148302123829165,0.000864312962439608
"RP11-96L14.7","ENSG00000236782.1","ENSG00000236782","antisense","chr1",26496438,26498312,"-",1875,TRUE,0.151515151515152,0.000624904698459536,0,0.000939078623381909,0.000535848126551474,0.000584362243189857
"RP11-977G19.11","ENSG00000257303.1","ENSG00000257303","antisense","chr12",56693926,56708592,"+",14667,TRUE,3.08080808080808,0.0166406805283915,0.0117571929772881,0.023383788845079,0.0130873823711391,0.0129887581764489
"RP11-977G19.12","ENSG00000257740.1","ENSG00000257740","antisense","chr12",56702652,56703233,"+",582,TRUE,0.0378787878787879,0.000193264335935031,0,3.71446847002116e-05,0.000180749858370771,0.000526406336893651
"RP11-978I15.10","ENSG00000236817.1","ENSG00000236817","antisense","chr1",247728941,247804156,"-",75216,TRUE,0.0378787878787879,3.91838583180174e-05,0,0.000107494339410703,0,0
"RP11-97C16.1","ENSG00000271870.1","ENSG00000271870","antisense","chr3",3194626,3195119,"+",494,TRUE,1.41414141414141,0.00833698389568251,0.00410583351838193,0.0108453455254103,0.00513362136887126,0.0100349922737609
"RP11-981G7.6","ENSG00000272505.1","ENSG00000272505","lincRNA","chr8",10344317,10347176,"+",2860,TRUE,0.176767676767677,0.00148585341760955,0,0.000556326880585894,0.00321394243374438,0.00189796766786993
"RP11-981P6.1","ENSG00000258302.1","ENSG00000258302","antisense","chr12",89954906,89987798,"+",32893,TRUE,0.0631313131313131,0.000297041060635349,0,0.000388707857481684,0.000626778204626767,0
"RP11-982M15.2","ENSG00000258430.1","ENSG00000258430","antisense","chr14",105235686,105236608,"+",923,TRUE,0.429292929292929,0.00300507339841515,0.000966344167052938,0.00342937299725747,0.00341332176219285,0.00305134626573698
"RP11-983P16.4","ENSG00000257337.2","ENSG00000257337","antisense","chr12",53408380,53448222,"-",39843,TRUE,0.378787878787879,0.00141620328910707,0,0.00240629936301293,0.00100550047770256,0.00113081101033476
"RP11-989E6.10","ENSG00000261200.1","ENSG00000261200","lincRNA","chr16",33344309,33348279,"-",3971,TRUE,0.0631313131313131,0.000319467429766205,0,0.000530934069233505,0,0.000491317924074491
"RP11-98D18.15","ENSG00000269621.1","ENSG00000269621","antisense","chr1",151728017,151732387,"+",4371,TRUE,0.176767676767677,0.000643578304884235,0,0.00136454380870874,0.000589761690749373,0
"RP11-98D18.16","ENSG00000268288.1","ENSG00000268288","antisense","chr1",151738962,151739476,"-",515,TRUE,0.0757575757575758,0.000634316699367023,0.00122684144669805,0.00129818952352645,0,0
"RP11-98D18.9","ENSG00000203288.3","ENSG00000203288","antisense","chr1",151763280,151766878,"+",3599,TRUE,1.16161616161616,0.00688713901566415,0.00074864994429082,0.00828303743785045,0.00510999472446314,0.00976526913044444
"RP11-98F14.11","ENSG00000269125.1","ENSG00000269125","antisense","chr13",113819316,113819497,"-",182,TRUE,0.101010101010101,0.000795913109475805,0,0.000318717659269896,0.0010176382996513,0.00166791623769491
"RP11-98G7.1","ENSG00000236947.1","ENSG00000236947","lincRNA","chr1",156416204,156426369,"-",10166,TRUE,0.138888888888889,0.000387160130007911,0,0.000731827561172237,0.000485747356372086,0
"RP11-98I9.4","ENSG00000228506.1","ENSG00000228506","antisense","chr6",99872798,99879249,"+",6452,TRUE,0.631313131313131,0.00425071191269267,0,0.00494950660654293,0.00322678331924105,0.00642474734963858
"RP11-98L5.2","ENSG00000237339.1","ENSG00000237339","lincRNA","chr9",138466781,138478958,"+",12178,TRUE,0.0378787878787879,0.000144086302144827,0,9.24732584529183e-05,0,0.000430637052134707
"RP11-993B23.3","ENSG00000257042.1","ENSG00000257042","antisense","chr12",28111450,28122746,"+",11297,TRUE,0.0252525252525253,4.01337306030456e-05,0,0.000110100154615906,0,0
"RP11-996F15.2","ENSG00000257176.1","ENSG00000257176","antisense","chr12",29433351,29470781,"-",37431,TRUE,0.441919191919192,0.0039436309637335,0.0024180161982828,0.00227438515842565,0.00398168628684552,0.00706237450891754
"RP11-9M16.2","ENSG00000235119.1","ENSG00000235119","lincRNA","chr9",117159004,117160783,"-",1780,TRUE,0.0631313131313131,0.000301377059599818,0,0.000185362690673028,0.000467799483818449,0.000459839328730004
"RP13-1032I1.7","ENSG00000262049.1","ENSG00000262049","antisense","chr17",79668354,79670330,"-",1977,TRUE,1.67929292929293,0.0129204766100024,0.0152205302567628,0.0109898354550954,0.0102891810252869,0.0170322689520626
"RP13-131K19.1","ENSG00000235236.1","ENSG00000235236","antisense","chr3",49017351,49021418,"-",4068,TRUE,0.252525252525253,0.00127121786767349,0,0.00179844963848721,0.00248391309508991,0
"RP13-131K19.2","ENSG00000223343.1","ENSG00000223343","antisense","chr3",49022482,49027421,"-",4940,TRUE,0.126262626262626,0.000598203178555857,0,0.00100216371490041,0.000939644691413606,0
"RP13-131K19.6","ENSG00000272434.1","ENSG00000272434","antisense","chr3",49066749,49067139,"+",391,TRUE,0.454545454545455,0.00330413836472725,0.00702951115224502,0.00296769567775309,0.0038665115714428,0.00133023872605402
"RP13-131K19.7","ENSG00000273211.1","ENSG00000273211","lincRNA","chr3",49022918,49023396,"-",479,TRUE,0.265151515151515,0.00169591596601751,0,0.00259358334011713,0.000603102589268172,0.00234487141143209
"RP13-15E13.1","ENSG00000236423.1","ENSG00000236423","lincRNA","chr1",3816936,3833789,"+",16854,TRUE,0.303030303030303,0.00185307092626906,0,0.00211552478346825,0.00370029074486266,0.000642921652222997
"RP13-16H11.5","ENSG00000235843.1","ENSG00000235843","antisense","chr10",27006564,27007707,"+",1144,TRUE,0.0505050505050505,0.00019568002230036,0,0.000536815301911622,0,0
"RP13-188A5.1","ENSG00000227486.1","ENSG00000227486","lincRNA","chrX",55934556,56041606,"+",107051,TRUE,2.33585858585859,0.0154845408426434,0.00856433900395708,0.0166726380803336,0.0190283241570105,0.0139133716509781
"RP13-20L14.6","ENSG00000265458.1","ENSG00000265458","antisense","chr17",80412149,80416397,"-",4249,TRUE,0.618686868686869,0.00324245390836836,0.0016623130023948,0.0037430730001643,0.00421251738488989,0.00240197342550425
"RP13-216E22.4","ENSG00000228906.1","ENSG00000228906","lincRNA","chrX",73168808,73169393,"+",586,TRUE,0.0883838383838384,0.0007111977732093,0,0.00123585549011268,0.00105184491281831,0
"RP13-270P17.1","ENSG00000264235.1","ENSG00000264235","antisense","chr18",3255434,3261848,"-",6415,TRUE,0.656565656565657,0.00312163249265735,0,0.00410984102988855,0.00432554695139715,0.00215131508520459
"RP13-270P17.3","ENSG00000272688.1","ENSG00000272688","lincRNA","chr18",3246399,3247084,"-",686,TRUE,1.76767676767677,0.0113687976458605,0.00900508804512852,0.0152851721685627,0.00971809635281917,0.00860624167342711
"RP13-297E16.4","ENSG00000223511.1","ENSG00000223511","lincRNA","chrX",1851477,1874878,"+",23402,TRUE,0.202020202020202,0.00175605988140316,0.00349080410844011,0.000614233579207887,0.00279257971678161,0.00148888259148762
"RP13-297E16.4","ENSGR0000223511.1","ENSGR0000223511","lincRNA","chrY",1801477,1824878,"+",23402,TRUE,0.202020202020202,0.00175605988140316,0.00349080410844011,0.000614233579207887,0.00279257971678161,0.00148888259148762
"RP13-314C10.5","ENSG00000233785.1","ENSG00000233785","antisense","chrX",23791109,23801073,"-",9965,TRUE,0.0883838383838384,0.000538269866232181,0,0.000271195244867298,0.000179437477259762,0.00154084773436752
"RP13-39P12.3","ENSG00000228748.2","ENSG00000228748","antisense","chr10",79542624,79552934,"+",10311,TRUE,0.0378787878787879,8.9246996525692e-05,0,7.29865494780969e-05,0.000252737668945601,0
"RP13-401N8.1","ENSG00000226465.1","ENSG00000226465","antisense","chr20",25731854,25733397,"+",1544,TRUE,0.164141414141414,0.000838069895593197,0,0.00188820859695972,0.000604307363054207,0
"RP13-494C23.1","ENSG00000251009.2","ENSG00000251009","lincRNA","chr4",25866503,25871172,"-",4670,TRUE,0.934343434343434,0.00739665572342861,0,0.00420922001165734,0.0182987742443918,0.0051768479380092
"RP13-516M14.1","ENSG00000260563.2","ENSG00000260563","lincRNA","chr17",80251592,80252786,"+",1195,TRUE,2.2979797979798,0.0162861444567938,0.00928024825587862,0.0196125001709993,0.0180699403385108,0.0134198152874491
"RP13-516M14.2","ENSG00000264548.1","ENSG00000264548","antisense","chr17",80172103,80175228,"+",3126,TRUE,0.202020202020202,0.00182016374275292,0.00235943762502848,0.000636931169534508,0.00173426682521168,0.00330970228977185
"RP13-516M14.4","ENSG00000265692.1","ENSG00000265692","lincRNA","chr17",80247922,80250690,"-",2769,TRUE,0.53030303030303,0.0045953210922871,0.00134463050158869,0.00555735756738515,0.00396016375179261,0.00550671654554274
"RP13-580F15.2","ENSG00000262823.1","ENSG00000262823","antisense","chr17",4385261,4389648,"-",4388,TRUE,0.113636363636364,0.000484115708529676,0,0.00132809020143922,0,0
"RP13-582O9.5","ENSG00000253716.1","ENSG00000253716","antisense","chr8",144362331,144363860,"-",1530,TRUE,4.10353535353535,0.0273493771411761,0.00405886620076281,0.0306467048495282,0.0322284411791897,0.0298740784108298
"RP13-582O9.7","ENSG00000272172.1","ENSG00000272172","antisense","chr8",144372569,144372791,"-",223,TRUE,0.151515151515152,0.000944290709835009,0,0.00078184639899649,0.00132959447294642,0.00128650143723969
"RP13-638C3.4","ENSG00000261845.2","ENSG00000261845","antisense","chr17",80560865,80562054,"-",1190,TRUE,0.227272727272727,0.00253789595039244,0.00481207782248319,0.00229838390530704,0.00347780186399634,0.000804539703487386
"RP13-650J16.1","ENSG00000264569.1","ENSG00000264569","antisense","chr17",79995781,79997256,"+",1476,TRUE,0.138888888888889,0.000958358543884042,0,0.00104825241152839,0.000204961649511574,0.00205002721058519
"RP13-735L24.1","ENSG00000260423.1","ENSG00000260423","lincRNA","chr12",9520060,9550213,"+",30154,TRUE,0.0378787878787879,0.000123680779642249,0,0.000194806052079051,0.000212504687933974,0
"RP13-753N3.1","ENSG00000263531.1","ENSG00000263531","antisense","chr17",29190939,29191958,"-",1020,TRUE,0.580808080808081,0.00583423855955259,0,0.00393768963714122,0.00360071070923662,0.0136802287128071
"RP13-890H12.2","ENSG00000267288.1","ENSG00000267288","antisense","chr17",43246172,43248951,"-",2780,TRUE,0.189393939393939,0.00152197545198997,0,0.00142306850164552,0.00118711303273932,0.00276617927696682
"RP13-977J11.2","ENSG00000256576.1","ENSG00000256576","lincRNA","chr12",132671287,132674240,"-",2954,TRUE,0.151515151515152,0.000845975864858196,0,0.00201244935265419,0.000453483223924741,0
"RP3-322G13.5","ENSG00000232645.1","ENSG00000232645","antisense","chr20",23337231,23338753,"-",1523,TRUE,0.871212121212121,0.00626946328124501,0.00585149086577249,0.00578374621019246,0.00539339513142569,0.0080215215444546
"RP3-323P24.3","ENSG00000226310.1","ENSG00000226310","antisense","chrX",57148095,57153676,"+",5582,TRUE,0.176767676767677,0.00141988544878331,0,0.000944640464766649,0.00260321792693654,0.00167891573497837
"RP3-325F22.3","ENSG00000234263.1","ENSG00000234263","antisense","chr6",136950310,136969137,"+",18828,TRUE,0.202020202020202,0.000774535055583696,0,0.00212480694153892,0,0
"RP3-325F22.5","ENSG00000272189.1","ENSG00000272189","antisense","chr6",136871799,136873692,"+",1894,TRUE,0.328282828282828,0.0012561924260763,0,0.00130536603080206,0.00314847289026936,0
"RP3-326I13.1","ENSG00000224294.1","ENSG00000224294","lincRNA","chrX",43036243,43085847,"+",49605,TRUE,0.113636363636364,0.000369946014917993,0,0.00101488480711829,0,0
"RP3-327A19.5","ENSG00000227285.1","ENSG00000227285","antisense","chrX",119055224,119056803,"-",1580,TRUE,0.277777777777778,0.00141736451757821,0,0.00297059946789286,0.000526550322042117,0.000795954696179335
"RP3-329A5.8","ENSG00000272374.1","ENSG00000272374","lincRNA","chr6",35188147,35192407,"-",4261,TRUE,0.0378787878787879,6.64194214458293e-05,0,0.000182210536145122,0,0
"RP3-330M21.5","ENSG00000245261.1","ENSG00000245261","antisense","chr6",43181539,43191598,"-",10060,TRUE,0.0252525252525253,8.18790203207146e-05,0,0.000224621351208888,0,0
"RP3-337H4.9","ENSG00000271754.1","ENSG00000271754","antisense","chr6",43486918,43487462,"-",545,TRUE,0.833333333333333,0.00450244904186294,0.00232306487831115,0.00533505758516809,0.00354646622790324,0.00535930270165345
"RP3-340N1.5","ENSG00000225986.1","ENSG00000225986","antisense","chr1",20510735,20512979,"-",2245,TRUE,0.315656565656566,0.00135789817628373,0.002567882707731,0.00193532723451057,0.000411767879631435,0.000831707126294773
"RP3-355L5.5","ENSG00000272102.1","ENSG00000272102","lincRNA","chr6",105721095,105721635,"-",541,TRUE,0.23989898989899,0.00165678279987601,0,0.00188203773387541,0.00216435721968686,0.00169440572171152
"RP3-380B8.4","ENSG00000233064.2","ENSG00000233064","lincRNA","chr6",5851739,5870453,"+",18715,TRUE,0.0378787878787879,0.000183370772072965,0,9.99208595089541e-05,0.0005928807913477,0
"RP3-388M5.9","ENSG00000261251.1","ENSG00000261251","antisense","chr22",44208336,44213274,"+",4939,TRUE,0.202020202020202,0.00110469765647709,0,0.0024666131567214,0.000145277223817718,0.000661534022408702
"RP3-395M20.12","ENSG00000272449.1","ENSG00000272449","lincRNA","chr1",2477904,2478899,"+",996,TRUE,0.454545454545455,0.00431594965530195,0.0104176484541858,0.00350067306545256,0.00267296292686412,0.00393817611440512
"RP3-395M20.7","ENSG00000225931.3","ENSG00000225931","antisense","chr1",2497849,2501327,"+",3479,TRUE,0.101010101010101,0.00062618110610512,0,4.42700866967307e-05,0,0.00238007222663009
"RP3-395M20.9","ENSG00000228037.1","ENSG00000228037","antisense","chr1",2512999,2515972,"+",2974,TRUE,1.42676767676768,0.00826020082308029,0.00554105741085802,0.0113549904570795,0.00605217353281611,0.00738710183103307
"RP3-395P12.2","ENSG00000226375.1","ENSG00000226375","lincRNA","chr1",173143439,173144642,"-",1204,TRUE,0.0378787878787879,0.000114557266564948,0,0.00031426863567523,0,0
"RP3-399L15.3","ENSG00000228624.3","ENSG00000228624","antisense","chr6",114290865,114792869,"+",502005,TRUE,0.492424242424242,0.00342110095940667,0,0.00201104164276553,0.000132311817225777,0.0103593666397155
"RP3-400N23.6","ENSG00000228839.1","ENSG00000228839","antisense","chr22",31688485,31734007,"+",45523,TRUE,0.0378787878787879,8.55799548664948e-05,0,0.000113740122534372,0.000178005862855786,0
"RP3-402G11.25","ENSG00000273188.1","ENSG00000273188","antisense","chr22",50630153,50630831,"-",679,TRUE,0.391414141414141,0.00373722868638561,0.0121589781556651,0.00224232335667031,0.00327089042651214,0.00199959038242948
"RP3-402G11.26","ENSG00000273253.1","ENSG00000273253","antisense","chr22",50637519,50638976,"-",1458,TRUE,0.252525252525253,0.00226040282014656,0,0.00173228485622493,0.002606371827784,0.00383496357522139
"RP3-402G11.27","ENSG00000272836.1","ENSG00000272836","antisense","chr22",50644014,50644491,"-",478,TRUE,0.0378787878787879,0.000313523709097123,0,0.000160349406875919,0.00102912839449742,0
"RP3-402G11.28","ENSG00000273137.1","ENSG00000273137","antisense","chr22",50646890,50647971,"-",1082,TRUE,0.138888888888889,0.00144564189658765,0,0.00077686283274803,0.00170292199306276,0.00288859357164947
"RP3-406A7.7","ENSG00000260418.1","ENSG00000260418","lincRNA","chr6",136656852,136657225,"-",374,TRUE,0.0631313131313131,0.000540588652392278,0,0.000289165511616522,0.00046270057982724,0.0012504236732557
"RP3-406P24.3","ENSG00000230648.1","ENSG00000230648","antisense","chr6",4019077,4021449,"-",2373,TRUE,0.151515151515152,0.000852618077880292,0.00230226667375114,0.000944310012515362,0.000831459414151236,0
"RP3-406P24.4","ENSG00000272248.1","ENSG00000272248","lincRNA","chr6",4018947,4019436,"+",490,TRUE,0.138888888888889,0.00081837145903096,0,0.000861020091807353,0.00203552570070167,0
"RP3-412A9.16","ENSG00000273387.1","ENSG00000273387","antisense","chr22",31478142,31479551,"-",1410,TRUE,0.631313131313131,0.00522383912486649,0,0.00458611548855761,0.00392753110890712,0.0100605649688138
"RP3-414A15.10","ENSG00000258603.1","ENSG00000258603","antisense","chr14",74083412,74100644,"-",17233,TRUE,0.0378787878787879,6.462517464541e-05,0,0.000177288321160945,0,0
"RP3-416J7.4","ENSG00000263667.1","ENSG00000263667","lincRNA","chr6",181466,205484,"-",24019,TRUE,0.0757575757575758,0.000249277592820004,0,0.000683851241820032,0,0
"RP3-418C23.2","ENSG00000226684.2","ENSG00000226684","lincRNA","chr6",97731179,97757924,"+",26746,TRUE,0.0378787878787879,9.85443423775377e-05,0,0.000270339865476307,0,0
"RP3-425P12.1","ENSG00000223623.1","ENSG00000223623","lincRNA","chr6",25053855,25057301,"-",3447,TRUE,0.0757575757575758,0.000254330566716034,0,0.000697713227707304,0,0
"RP3-425P12.5","ENSG00000229313.1","ENSG00000229313","antisense","chr6",25042067,25056892,"+",14826,TRUE,0.176767676767677,0.000853997126895717,0,0.00189201140875208,0,0.000641093747757061
"RP3-428L16.2","ENSG00000272841.1","ENSG00000272841","antisense","chr6",161411350,161413374,"-",2025,TRUE,1.7550505050505,0.00765378458320936,0.00523678487591136,0.0151379192027548,0.00423858470493869,0.00155083897237558
"RP3-441A12.1","ENSG00000225945.1","ENSG00000225945","antisense","chr6",37783553,37786994,"-",3442,TRUE,0.23989898989899,0.00129231583190344,0.00117502658425044,0.00156462609887461,0.00193331686166468,0.000345289258204946
"RP3-455J7.4","ENSG00000241666.2","ENSG00000241666","antisense","chr1",167596622,167599911,"-",3290,TRUE,0.416666666666667,0.00220433883657106,0.00246798557713795,0.00291590038869231,0.00329773518250871,0
"RP3-460G2.2","ENSG00000234147.1","ENSG00000234147","lincRNA","chr6",141167095,141174061,"-",6967,TRUE,0.0505050505050505,0.000332556284008492,0,0.000245764225640085,0,0.000947943078780461
"RP3-462E2.5","ENSG00000270018.1","ENSG00000270018","lincRNA","chr12",112335140,112335710,"+",571,TRUE,0.757575757575758,0.00438050222228919,0.0113447694195428,0.00463411386918841,0.00201472166979221,0.0027396216877127
"RP3-465N24.6","ENSG00000272432.1","ENSG00000272432","lincRNA","chr1",25574328,25574812,"+",485,TRUE,0.517676767676768,0.00325479899200163,0.00266798136769659,0.00464272470160859,0.00266034055338199,0.00215641018444117
"RP3-466P17.1","ENSG00000270638.1","ENSG00000270638","lincRNA","chr6",146056706,146058354,"+",1649,TRUE,0.164141414141414,0.000781022032181305,0.00220287021804561,0.00134905073367111,0,0
"RP3-467K16.4","ENSG00000228140.1","ENSG00000228140","lincRNA","chr1",15729475,15735929,"-",6455,TRUE,0.113636363636364,0.00064275351272062,0.00124652045898338,0.00111661991165119,0.000290649443946823,0
"RP3-467L1.4","ENSG00000236266.1","ENSG00000236266","antisense","chr1",7870302,7887402,"-",17101,TRUE,0.277777777777778,0.00108265065003548,0,0.00211199175316979,0.000911329983040145,0.000339079901562589
"RP3-467N11.1","ENSG00000260000.2","ENSG00000260000","antisense","chr6",101329347,101330863,"+",1517,TRUE,1.11111111111111,0.00745382285010445,0.00322745803293876,0.00852237732313857,0.00643758609135667,0.00908208659573241
"RP3-473L9.4","ENSG00000257595.2","ENSG00000257595","lincRNA","chr12",111807086,111841114,"+",34029,TRUE,0.0631313131313131,0.000467418869304986,0,5.47534494642581e-05,0.000358698487944088,0.00139889611057041
"RP3-475N16.1","ENSG00000231113.2","ENSG00000231113","antisense","chr6",42908102,42916098,"+",7997,TRUE,0.795454545454545,0.00703161629915015,0.025674988298622,0.0057483842280633,0.00354904820254604,0.00267292924664319
"RP3-477O4.14","ENSG00000230155.2","ENSG00000230155","antisense","chr20",34064028,34078808,"-",14781,TRUE,6.67929292929293,0.0401165097467328,0.027706847623315,0.058264527924726,0.036860128080137,0.0238135527713711
"RP3-477O4.16","ENSG00000268340.1","ENSG00000268340","lincRNA","chr20",34106682,34107108,"+",427,TRUE,0.909090909090909,0.00644773406227119,0.00645403415666549,0.00759281494727042,0.00526063579875707,0.00596392779533296
"RP3-483K16.4","ENSG00000271367.1","ENSG00000271367","lincRNA","chr6",53214956,53215503,"+",548,TRUE,0.0505050505050505,0.000193786259567299,0,0.000531620081667131,0,0
"RP3-486I3.7","ENSG00000237021.2","ENSG00000237021","lincRNA","chr6",116575370,116577906,"+",2537,TRUE,0.138888888888889,0.000431179104627479,0,0.00108408705171301,0.000145277223817718,0
"RP3-496C20.1","ENSG00000261202.1","ENSG00000261202","antisense","chr22",40439072,40440534,"-",1463,TRUE,0.23989898989899,0.00177862011894096,0.00345444069905967,0.00221878771722698,0.00208273707353847,0
"RP3-508I15.14","ENSG00000225450.1","ENSG00000225450","antisense","chr22",39135008,39145046,"+",10039,TRUE,0.189393939393939,0.00191333630567692,0.0017907758754632,0.000550086871451136,0.00342153987789142,0.00245646948389122
"RP3-508I15.18","ENSG00000244491.1","ENSG00000244491","antisense","chr22",39130730,39134770,"+",4041,TRUE,0.303030303030303,0.000929166446987212,0,0.0019623078168501,0.000623443435315784,0.000231525186880595
"RP3-508I15.21","ENSG00000272669.1","ENSG00000272669","antisense","chr22",39138630,39139120,"+",491,TRUE,5.51767676767677,0.0586072081801787,0.00263410485667593,0.0196482088690259,0.0727533001299362,0.129010104717305
"RP3-508I15.22","ENSG00000273076.1","ENSG00000273076","antisense","chr22",39139500,39139915,"+",416,TRUE,0.732323232323232,0.0081068072463565,0.00278730958597769,0.00254764947859973,0.00803891581752954,0.0188037712449255
"RP3-508I15.9","ENSG00000228274.3","ENSG00000228274","antisense","chr22",39063590,39077825,"-",14236,TRUE,0.845959595959596,0.00409921708385491,0,0.00554557644703297,0.00634138345533977,0.00197417949690379
"RP3-510D11.2","ENSG00000234546.2","ENSG00000234546","lincRNA","chr1",9242263,9252148,"+",9886,TRUE,1.54040404040404,0.00869791028727427,0,0.011666697058905,0.00616725668918411,0.0113790000912734
"RP4-530I15.9","ENSG00000232043.1","ENSG00000232043","antisense","chr20",49187512,49194578,"-",7067,TRUE,0.0757575757575758,0.000207858770469122,0,0.000570225653659661,0,0
"RP4-533D7.5","ENSG00000227857.2","ENSG00000227857","antisense","chr1",46600203,46604753,"+",4551,TRUE,0.101010101010101,0.000610937833837147,0,0.000364966259113855,0.000825406645779546,0.00106635310751884
"RP4-534N18.2","ENSG00000228634.1","ENSG00000228634","lincRNA","chr1",32398621,32399576,"+",956,TRUE,0.0378787878787879,9.2457953562411e-05,0,0.000117265930470333,0.000200570683110771,0
"RP4-535B20.1","ENSG00000231485.1","ENSG00000231485","lincRNA","chr1",65532310,65533420,"-",1111,TRUE,0.0378787878787879,0.000236880532387826,0,0.000451798520777795,0,0.000281650978830586
"RP4-536B24.3","ENSG00000260177.1","ENSG00000260177","lincRNA","chr16",87813740,87840082,"-",26343,TRUE,0.0505050505050505,0.000593669437102691,0,8.75480464625109e-05,0.0015315442556536,0.00071068441274287
"RP4-536B24.4","ENSG00000260498.1","ENSG00000260498","lincRNA","chr16",87807094,87812980,"-",5887,TRUE,0.151515151515152,0.000909295472317807,0,0.000757032826104223,0.00197519047721975,0.000560969194587075
"RP4-545C24.1","ENSG00000244198.1","ENSG00000244198","antisense","chr7",143891951,143977640,"+",85690,TRUE,0.138888888888889,0.000648468530476887,0,0.000602577049892109,0.00135033535728166,0.000367252468962821
"RP4-548D19.3","ENSG00000272661.1","ENSG00000272661","antisense","chr7",150937485,150938058,"+",574,TRUE,0.669191919191919,0.00490896017690485,0.00185767624377271,0.00459236191408542,0.00652813258721086,0.00535670354330213
"RP4-549L20.3","ENSG00000273204.1","ENSG00000273204","antisense","chr1",101360484,101360912,"+",429,TRUE,0.126262626262626,0.000802992249172971,0.000983671696730116,0.000653446974813001,0.000907278751118505,0.000822261302522094
"RP4-553F4.2","ENSG00000229188.2","ENSG00000229188","antisense","chr20",32316737,32319634,"-",2898,TRUE,0.0757575757575758,0.000322435724570909,0,0.000884548298788224,0,0
"RP4-555D20.2","ENSG00000261786.1","ENSG00000261786","lincRNA","chr3",44158791,44163857,"+",5067,TRUE,1.42676767676768,0.00991354306545708,0.00103787353064834,0.00896162149027666,0.0184577298967176,0.00755228944672926
"RP4-555D20.3","ENSG00000271192.1","ENSG00000271192","lincRNA","chr3",44038388,44038935,"+",548,TRUE,0.0378787878787879,0.000146447254181011,0,0.000401753464881749,0,0
"RP4-555D20.4","ENSG00000272121.1","ENSG00000272121","lincRNA","chr3",44039573,44040641,"-",1069,TRUE,0.214646464646465,0.00144158669801798,0,0.0010319813191066,0.00327817657967367,0.000986687662139037
"RP4-561L24.3","ENSG00000260464.1","ENSG00000260464","lincRNA","chr1",94312730,94314495,"+",1766,TRUE,0.542929292929293,0.00254251963843963,0.00204180500848088,0.00550062212547239,0.00030918611069075,0.000751748727141369
"RP4-564F22.5","ENSG00000224635.1","ENSG00000224635","lincRNA","chr20",37034658,37045444,"-",10787,TRUE,1.36363636363636,0.00675841461241882,0,0.0131186540717453,0.00591399757732926,0.00199207496597586
"RP4-569M23.2","ENSG00000231119.2","ENSG00000231119","antisense","chr20",45981305,45983377,"+",2073,TRUE,1.72979797979798,0.0127682259799924,0,0.00986433271504053,0.0175801108658624,0.0187863367406552
"RP4-575N6.4","ENSG00000225938.1","ENSG00000225938","antisense","chr1",101701239,101702084,"-",846,TRUE,1.57828282828283,0.0065421798941506,0,0.0157679591406048,0.00261721688732187,0.000568655159080667
"RP4-583P15.10","ENSG00000229299.2","ENSG00000229299","antisense","chr20",62376042,62377311,"+",1270,TRUE,0.164141414141414,0.000984918128514598,0.00226152974149785,0.000654373750107925,0.0005180977428841,0.0012523929856329
"RP4-584D14.6","ENSG00000239377.1","ENSG00000239377","antisense","chr7",150076943,150080973,"-",4031,TRUE,0.0378787878787879,0.000217464415852721,0,0.000134785979148388,0.000679159985609858,0
"RP4-593H12.1","ENSG00000272854.1","ENSG00000272854","antisense","chr7",107220002,107220502,"-",501,TRUE,0.113636363636364,0.000765025773278435,0,0.000914399290451707,0.00134850143000201,0.000380307914156251
"RP4-607I7.1","ENSG00000255521.1","ENSG00000255521","antisense","chr11",35154202,35159579,"-",5378,TRUE,0.138888888888889,0.000768208281125068,0,0.00058322922364679,0.00115268996689317,0.00105305242011378
"RP4-607J23.2","ENSG00000272782.1","ENSG00000272782","antisense","chr7",97937257,97939753,"+",2497,TRUE,0.47979797979798,0.00538519423663747,0.0146475277944887,0.00238920435896978,0.00428163278686455,0.00596789719356633
"RP4-610C12.3","ENSG00000225490.1","ENSG00000225490","lincRNA","chr20",29521637,29522987,"-",1351,TRUE,0.95959595959596,0.00801196062302492,0.00188370486887149,0.00486860071420147,0.0130927781693965,0.0107088183558157
"RP4-610C12.4","ENSG00000205611.3","ENSG00000205611","lincRNA","chr20",29513582,29521213,"-",7632,TRUE,0.0378787878787879,0.000169740192567592,0,0.000267935496784891,0.000290785810452036,0
"RP4-612B15.3","ENSG00000261737.1","ENSG00000261737","antisense","chr1",87169185,87170145,"-",961,TRUE,0.707070707070707,0.00374792035336856,0,0.00627805872360188,0.00140494096575541,0.00433540618121307
"RP4-613A2.1","ENSG00000223635.1","ENSG00000223635","antisense","chr1",229644248,229650019,"+",5772,TRUE,0.151515151515152,0.00075758409492705,0,0.00128150905128308,0,0.00113317704471329
"RP4-614O4.12","ENSG00000269202.1","ENSG00000269202","lincRNA","chr20",33789550,33791091,"-",1542,TRUE,0.176767676767677,0.00181866284626677,0.00369670203498884,0.00113655438535126,0.000927966611924322,0.00268788603759996
"RP4-616B8.4","ENSG00000261431.1","ENSG00000261431","antisense","chr20",37590568,37590754,"-",187,TRUE,0.744949494949495,0.00357252972727604,0.00180980627026252,0.00613757484259632,0.00277298311788164,0.00160083373791922
"RP4-622L5.7","ENSG00000224066.1","ENSG00000224066","antisense","chr1",32670370,32672415,"-",2046,TRUE,0.151515151515152,0.0014112707965693,0,0.000590694225379397,0.000808842999372622,0.00388382841004437
"RP4-625H18.2","ENSG00000228412.2","ENSG00000228412","lincRNA","chr6",19802395,19804983,"-",2589,TRUE,0.214646464646465,0.000805167714023458,0,0.000984995017694127,0.00138885596834779,0.000397499218283809
"RP4-633I8.4","ENSG00000228423.2","ENSG00000228423","lincRNA","chr1",8865919,8867110,"-",1192,TRUE,0.126262626262626,0.000731969524814562,0,0.00117718641106468,0.00122193656025858,0
"RP4-635E18.6","ENSG00000230337.1","ENSG00000230337","antisense","chr1",11159732,11162157,"+",2426,TRUE,1.42676767676768,0.00763449396844189,0,0.0160801686202683,0.00479381941463213,0.00228151621301592
"RP4-635E18.7","ENSG00000226849.1","ENSG00000226849","antisense","chr1",11128528,11133154,"+",4627,TRUE,0.0757575757575758,0.000332162214355274,0,0.000911231291199783,0,0
"RP4-635E18.8","ENSG00000271895.1","ENSG00000271895","antisense","chr1",11089716,11090585,"+",870,TRUE,2.65151515151515,0.0190220005005001,0.011574439138199,0.0155161425164428,0.0207839273023931,0.0261196426210177
"RP4-639F20.1","ENSG00000235501.1","ENSG00000235501","antisense","chr1",95393122,95428826,"+",35705,TRUE,0.126262626262626,0.000982761539947609,0.00112286289481504,0.00191854254179338,0.000548579555588343,0
"RP4-640H8.2","ENSG00000204117.1","ENSG00000204117","lincRNA","chr20",36305312,36311636,"+",6325,TRUE,1.06060606060606,0.00437346793767005,0.000857155091363462,0.00427217113577725,0.00401731519482521,0.00666338767236354
"RP4-647C14.2","ENSG00000258376.1","ENSG00000258376","antisense","chr14",73710726,73712687,"-",1962,TRUE,0.707070707070707,0.00299526728716228,0,0.00726580744907715,0.0010384750534451,0.000348573536417157
"RP4-647C14.3","ENSG00000258944.1","ENSG00000258944","antisense","chr14",73738890,73740789,"-",1900,TRUE,0.542929292929293,0.0048009218847458,0.00831835431232571,0.00323362842434713,0.00777375503195359,0.00235312633179948
"RP4-655J12.4","ENSG00000233154.1","ENSG00000233154","lincRNA","chr1",116966346,117021464,"-",55119,TRUE,0.0505050505050505,0.000472939066002651,0.00144994142611736,3.56397696222376e-05,0.000507757432032361,0.000560649490443357
"RP4-657D16.3","ENSG00000266993.1","ENSG00000266993","antisense","chr1",52259637,52264824,"+",5188,TRUE,0.315656565656566,0.001701105928766,0,0.00151324277225969,0.00431376097289932,0.00031335678941459
"RP4-657D16.6","ENSG00000272175.1","ENSG00000272175","antisense","chr1",52266700,52266979,"+",280,TRUE,0.176767676767677,0.00137726953002345,0,0.000793071099065698,0.00159012868926522,0.00270785999889428
"RP4-665J23.1","ENSG00000233593.2","ENSG00000233593","lincRNA","chr1",91248543,91317207,"-",68665,TRUE,0.138888888888889,0.000758698014266847,0,0.00111502691684201,0.000376856055643106,0.00100987050583405
"RP4-665J23.4","ENSG00000272094.1","ENSG00000272094","lincRNA","chr1",91326107,91328477,"-",2371,TRUE,0.113636363636364,0.00067989369969488,0,0.0012490064348308,0.000906203017945458,0
"RP4-665N4.8","ENSG00000271554.1","ENSG00000271554","antisense","chr1",36457710,36479231,"-",21522,TRUE,0.29040404040404,0.00232085659842641,0,0.00194705921989632,0.000449926534993049,0.00585064950911585
"RP4-669L17.10","ENSG00000237094.7","ENSG00000237094","lincRNA","chr1",317720,453948,"+",136229,TRUE,0.101010101010101,0.000578448687564268,0,0.000346532189234714,0.000761415516890817,0.00102769286479395
"RP4-673M15.1","ENSG00000272768.1","ENSG00000272768","antisense","chr7",44924552,44925992,"+",1441,TRUE,0.328282828282828,0.00147896386370078,0.00224367331579594,0.00238894637874415,0.000306971035171143,0.000926355278131573
"RP4-677H15.4","ENSG00000228988.1","ENSG00000228988","antisense","chr1",70684272,70686706,"-",2435,TRUE,0.0631313131313131,0.000400137798241316,0,0.000430773069756146,0,0.000948497295411444
"RP4-680D5.2","ENSG00000237301.1","ENSG00000237301","antisense","chr1",15912631,15930121,"-",17491,TRUE,0.0757575757575758,0.00037203306190987,0.0012236297638585,0.000579815343232883,0,0
"RP4-680D5.8","ENSG00000272510.1","ENSG00000272510","antisense","chr1",15892106,15892451,"-",346,TRUE,0.189393939393939,0.00130288600320242,0.00131946922034682,0.00285336726648245,0.000361150207777722,0
"RP4-680D5.9","ENSG00000271742.1","ENSG00000271742","lincRNA","chr1",16009368,16009623,"-",256,TRUE,0.29040404040404,0.00280984985692098,0.0147471022555199,0.00170211399105671,0.000545163474725826,0.000459539668968428
"RP4-686C3.7","ENSG00000228293.1","ENSG00000228293","antisense","chr20",2644998,2646520,"+",1523,TRUE,0.101010101010101,0.000749238045784776,0,0.000598555077521736,0.00214260662955179,0
"RP4-694A7.4","ENSG00000234264.1","ENSG00000234264","antisense","chr1",68962359,69004310,"+",41952,TRUE,0.126262626262626,0.000508023966977327,0,0.000925105357308453,0.000689134310703477,0
"RP4-694B14.5","ENSG00000213742.2","ENSG00000213742","antisense","chr20",25604681,25658710,"+",54030,TRUE,1.21212121212121,0.00689422445009679,0.0030857989489918,0.00849455106704944,0.00588169175315214,0.00754852063832794
"RP4-718J7.4","ENSG00000227297.1","ENSG00000227297","lincRNA","chr20",56174751,56176256,"-",1506,TRUE,0.164141414141414,0.00148088851761782,0,0.00139787715075622,0.00219740879736274,0.00166475480594918
"RP4-724E16.2","ENSG00000197670.5","ENSG00000197670","antisense","chr20",52169309,52191847,"+",22539,TRUE,0.0505050505050505,0.000186191108136888,0,0.00051078405834574,0,0
"RP4-728D4.2","ENSG00000239636.1","ENSG00000239636","antisense","chr1",36035414,36043330,"-",7917,TRUE,0.378787878787879,0.00264920356498639,0,0.00137686136309114,0.00759209787378924,0.00103616027251224
"RP4-734G22.3","ENSG00000272078.1","ENSG00000272078","antisense","chr1",10699298,10714390,"+",15093,TRUE,0.0378787878787879,0.000184428998819042,0,0.000505950007151649,0,0
"RP4-735C1.4","ENSG00000241720.2","ENSG00000241720","antisense","chr1",110268442,110317874,"+",49433,TRUE,0.0252525252525253,8.23056833366335e-05,0,0.000225791829589933,0,0
"RP4-736L20.3","ENSG00000271989.1","ENSG00000271989","antisense","chr1",10489938,10490734,"-",797,TRUE,0.101010101010101,0.000383164628673083,0,0.000901962964791224,0.000219407427273843,0
"RP4-739H11.4","ENSG00000272145.1","ENSG00000272145","antisense","chr1",41156052,41157738,"-",1687,TRUE,1.41414141414141,0.00692651518508221,0.00480076517471158,0.01331877991385,0.00351038951001746,0.00222807500724225
"RP4-749H3.1","ENSG00000236963.1","ENSG00000236963","lincRNA","chr1",20687072,20757727,"-",70656,TRUE,0.0252525252525253,0.000290411568696716,0,5.48372731868063e-05,0,0.0010550465105358
"RP4-756G23.5","ENSG00000235513.1","ENSG00000235513","antisense","chr22",41605126,41613631,"-",8506,TRUE,0.138888888888889,0.000708428285770602,0,0.00194345411267862,0,0
"RP4-758J18.13","ENSG00000272455.1","ENSG00000272455","lincRNA","chr1",1344476,1345998,"+",1523,TRUE,1.36363636363636,0.00661817324795402,0.00407403076557677,0.0111040759229575,0.00387939195775216,0.0041902593718966
"RP4-758J24.5","ENSG00000272091.1","ENSG00000272091","lincRNA","chr1",54492356,54494172,"-",1817,TRUE,0.416666666666667,0.0037643868756329,0.00274419318264535,0.00142036047122118,0.00300905378565703,0.00835104920364585
"RP4-760C5.3","ENSG00000231081.1","ENSG00000231081","lincRNA","chr20",25989427,25991167,"-",1741,TRUE,0.0757575757575758,0.000209887019967207,0,0.000575789815774256,0,0
"RP4-761J14.10","ENSG00000269892.1","ENSG00000269892","lincRNA","chr12",6852151,6852807,"+",657,TRUE,0.202020202020202,0.00156658770801845,0.00142833874814442,0.00193429587026037,0.000884862043430852,0.00177369752745786
"RP4-773N10.4","ENSG00000258634.2","ENSG00000258634","antisense","chr1",110600962,110605177,"+",4216,TRUE,1.07323232323232,0.00722948364906671,0.0105534318248207,0.00655890439504508,0.00709043552804104,0.00661470909987933
"RP4-778K6.3","ENSG00000242154.1","ENSG00000242154","antisense","chr7",104944724,104947089,"+",2366,TRUE,0.0378787878787879,0.000141602916805867,0,4.74156091379922e-05,0.000129372370570144,0.000359925258173345
"RP4-781K5.2","ENSG00000228830.1","ENSG00000228830","antisense","chr1",234742754,234745229,"+",2476,TRUE,0.0757575757575758,0.000438230979418896,0.00188689903115869,0.000522485058743547,0,0
"RP4-781K5.6","ENSG00000230628.1","ENSG00000230628","lincRNA","chr1",234805269,234831900,"-",26632,TRUE,0.151515151515152,0.000903658788061832,0.00160999649429218,0.00189905827758429,0,0
"RP4-781K5.8","ENSG00000227630.2","ENSG00000227630","lincRNA","chr1",234859789,234867390,"+",7602,TRUE,0.126262626262626,0.00050256055039208,0,0.00137869052965198,0,0
"RP4-782L23.1","ENSG00000231816.1","ENSG00000231816","lincRNA","chr1",60238467,60254520,"+",16054,TRUE,0.0378787878787879,8.24113540752627e-05,0,0.000226081719527565,0,0
"RP4-784A16.5","ENSG00000225675.2","ENSG00000225675","lincRNA","chr1",53793905,53802181,"+",8277,TRUE,0.441919191919192,0.0017092390801829,0,0.00339490498185131,0.000762704435227389,0.00110290346112932
"RP4-789D17.5","ENSG00000271914.1","ENSG00000271914","lincRNA","chr1",36395321,36395716,"-",396,TRUE,0.113636363636364,0.000516099216966728,0,0.00141583158932334,0,0
"RP4-791M13.3","ENSG00000254539.1","ENSG00000254539","antisense","chr1",144833168,144835867,"-",2700,TRUE,0.23989898989899,0.00232238602849672,0.00100294561714898,0.00124795951913654,0.000780263309935522,0.00601759502202387
"RP4-792G4.2","ENSG00000230798.1","ENSG00000230798","antisense","chr1",63786555,63790112,"-",3558,TRUE,0.303030303030303,0.00184500298412293,0,0.00261457590928109,0.00212672995680047,0.00142333599948758
"RP4-794H19.1","ENSG00000232453.1","ENSG00000232453","lincRNA","chr1",59348540,59362375,"-",13836,TRUE,0.0883838383838384,0.000615807008248427,0,8.51488640416512e-05,0.0023593309907485,0
"RP4-794H19.2","ENSG00000234807.4","ENSG00000234807","lincRNA","chr1",59250823,59365384,"+",114562,TRUE,0.366161616161616,0.00158590853055252,0,0.0029268723617691,0.00179438237988527,0.000289725340804797
"RP4-794H19.4","ENSG00000230812.1","ENSG00000230812","lincRNA","chr1",59486059,59510286,"+",24228,TRUE,4.44444444444444,0.0333957857468232,0.00225086575349323,0.0197272165503166,0.0612659680345996,0.0418404696051842
"RP4-798A10.2","ENSG00000226029.1","ENSG00000226029","lincRNA","chr1",16787443,16794976,"+",7534,TRUE,0.883838383838384,0.0072084853070408,0.0155518381718826,0.00517359722934222,0.00707990247054949,0.00595234885822939
"RP4-798A10.7","ENSG00000261135.1","ENSG00000261135","lincRNA","chr1",16841140,16842249,"+",1110,TRUE,0.517676767676768,0.00236161867085129,0,0.00462070645579656,0.00206301191357008,0.000647462043802693
"RP4-800J21.3","ENSG00000218018.2","ENSG00000218018","antisense","chr20",55959216,55968118,"-",8903,TRUE,0.681818181818182,0.00582027101713718,0.00908644417617227,0.00540296826285541,0.00234642270546118,0.0080996292447406
"RP4-813F11.4","ENSG00000273081.1","ENSG00000273081","lincRNA","chr7",140702410,140704649,"-",2240,TRUE,0.681818181818182,0.00359435509522843,0.00199412555139122,0.00570987149267372,0.00291750416068971,0.00206007000688638
"RP4-816N1.6","ENSG00000258325.1","ENSG00000258325","antisense","chr12",2906043,2922068,"-",16026,TRUE,1.06060606060606,0.00631088543268797,0.00233868060949655,0.00667480870513265,0.00698811344354304,0.00717347062641348
"RP4-816N1.7","ENSG00000258092.1","ENSG00000258092","antisense","chr12",2906302,2913104,"-",6803,TRUE,0.0505050505050505,0.00015043520910183,0,0.000412693749943366,0,0
"RP5-1007H16.1","ENSG00000272745.1","ENSG00000272745","lincRNA","chr7",7659503,7660174,"+",672,TRUE,0.23989898989899,0.00184204734869133,0.00173599128939914,0.000787820248585345,0.0046121952534493,0.000716949615996705
"RP5-1007M22.2","ENSG00000231999.2","ENSG00000231999","antisense","chr1",90048800,90098453,"-",49654,TRUE,1.84343434343434,0.011099026729544,0.0022173012656833,0.0147088758781002,0.0132454349331943,0.00843989406292715
"RP5-1021I20.1","ENSG00000259065.1","ENSG00000259065","antisense","chr14",74254063,74269973,"+",15911,TRUE,0.227272727272727,0.00089000378404007,0,0.00140241260539103,0.00102790364139589,0.000483886664912966
"RP5-1021I20.2","ENSG00000258586.1","ENSG00000258586","lincRNA","chr14",74289262,74296838,"-",7577,TRUE,0.227272727272727,0.000542539305267557,0,0.00148836553436753,0,0
"RP5-1021I20.5","ENSG00000258891.1","ENSG00000258891","antisense","chr14",74362867,74404817,"-",41951,TRUE,0.0378787878787879,0.00028502737415179,0,0.000175856818055404,0,0.000861930132786317
"RP5-1024G6.5","ENSG00000226754.1","ENSG00000226754","antisense","chr1",53704282,53708455,"+",4174,TRUE,0.164141414141414,0.00104655659239783,0,0.002008660300723,0.000276363646827247,0.000959223687133806
"RP5-1024G6.7","ENSG00000259818.1","ENSG00000259818","antisense","chr1",53686335,53689925,"+",3591,TRUE,0.265151515151515,0.00127831967074481,0,0.00350685548746065,0,0
"RP5-1024G6.8","ENSG00000270172.1","ENSG00000270172","lincRNA","chr1",53708036,53710212,"-",2177,TRUE,6.30050505050505,0.0371369961629191,0.0144621149929466,0.0674427170464755,0.0339460033854637,0.00873954741813518
"RP5-1028K7.2","ENSG00000266088.1","ENSG00000266088","lincRNA","chr17",38673278,38683254,"+",9977,TRUE,3.58585858585859,0.0168973313498183,0.001260424287119,0.0452018485986384,0.00102816409968849,0
"RP5-1031D4.2","ENSG00000232591.1","ENSG00000232591","lincRNA","chr10",7487520,7513904,"-",26385,TRUE,0.315656565656566,0.00224179580292036,0,0.00237976845164032,0.000968077431655097,0.00442576120241609
"RP5-1039K5.17","ENSG00000272582.1","ENSG00000272582","antisense","chr22",38346972,38347785,"+",814,TRUE,0.0378787878787879,0.00048034687356914,0.0017317167313863,0.000693925125745009,0,0
"RP5-1042K10.13","ENSG00000272834.1","ENSG00000272834","antisense","chr22",40811007,40811449,"+",443,TRUE,0.0378787878787879,0.000369375924133309,0,0.000278705083005295,0,0.00104474667216725
"RP5-1043L13.1","ENSG00000228340.1","ENSG00000228340","lincRNA","chr20",58662895,59102516,"+",439622,TRUE,0.138888888888889,0.000755138538320355,0,0.00137353161248288,0.000603824810352728,0.000408868648047647
"RP5-1050D4.3","ENSG00000262429.1","ENSG00000262429","antisense","chr17",4871290,4872117,"+",828,TRUE,0.101010101010101,0.000495736376909359,0,0.000600027074825547,0.00111765356092754,0
"RP5-1050D4.5","ENSG00000262227.1","ENSG00000262227","antisense","chr17",4891001,4891741,"+",741,TRUE,0.189393939393939,0.00141567852907462,0,0.00159164141380526,0.000656502727492852,0.00262482282489986
"RP5-1057J7.6","ENSG00000261326.2","ENSG00000261326","lincRNA","chr1",23607802,23613245,"-",5444,TRUE,0.391414141414141,0.00395155309058784,0.000949156288449534,0.00380564485185625,0.00410801582608493,0.0055459340805687
"RP5-1065J22.8","ENSG00000273382.1","ENSG00000273382","antisense","chr1",109630593,109633480,"-",2888,TRUE,0.883838383838384,0.00519312028484526,0.0012748818550972,0.00886192507791595,0.00561883516256149,0.00157117458257233
"RP5-1068B5.3","ENSG00000226920.1","ENSG00000226920","lincRNA","chr1",229576031,229576767,"-",737,TRUE,0.416666666666667,0.00182445881740852,0,0.00424872173901853,0.00111240660892967,0
"RP5-1068E13.7","ENSG00000273148.1","ENSG00000273148","lincRNA","chr20",18775173,18776711,"+",1539,TRUE,1.25,0.0122251808822343,0.0151125347094956,0.00410936379143056,0.0186617436982577,0.0160638720905815
"RP5-1071N3.1","ENSG00000231105.1","ENSG00000231105","antisense","chr1",21619783,21626267,"+",6485,TRUE,0.808080808080808,0.00449124698843708,0,0.00729332506755278,0.00319096841125623,0.0040645200429068
"RP5-1073O3.2","ENSG00000231128.1","ENSG00000231128","antisense","chr1",114355001,114371793,"+",16793,TRUE,0.0757575757575758,0.000358138512764167,0,0.000982492906509248,0,0
"RP5-1073O3.7","ENSG00000235527.2","ENSG00000235527","antisense","chr1",114466622,114472114,"-",5493,TRUE,0.871212121212121,0.00438041429744026,0.00178989286967019,0.00781865901453399,0.00224389677470258,0.0028838200529897
"RP5-1074L1.1","ENSG00000227963.1","ENSG00000227963","antisense","chr1",110828997,110881793,"-",52797,TRUE,0.454545454545455,0.00238733679785847,0.00155232350270373,0.00370217177804241,0.00336480951249043,0
"RP5-1074L1.4","ENSG00000273373.1","ENSG00000273373","antisense","chr1",110912776,110915625,"+",2850,TRUE,0.77020202020202,0.00717947227692802,0.0157047632321022,0.00304557126877515,0.00759067515366166,0.00829330398635069
"RP5-1085F17.3","ENSG00000260257.1","ENSG00000260257","lincRNA","chr20",31444848,31446557,"+",1710,TRUE,5.16414141414141,0.0315845549606697,0.0249317734066392,0.0417011145432678,0.0374292376605713,0.0149536550401397
"RP5-1086K13.1","ENSG00000224950.1","ENSG00000224950","lincRNA","chr1",117035645,117041834,"-",6190,TRUE,0.189393939393939,0.000599905846125524,0,0.00143864644858703,0.000304575651677737,0
"RP5-1091N2.9","ENSG00000228427.1","ENSG00000228427","antisense","chrX",70403409,70418025,"-",14617,TRUE,2.20959595959596,0.0150264895756522,0.00525426457231015,0.0174353184843143,0.0148906382490445,0.0167385590822034
"RP5-1092A11.5","ENSG00000227589.1","ENSG00000227589","antisense","chr1",3575502,3585336,"-",9835,TRUE,0.164141414141414,0.00116357250224613,0,0.00104451274648122,0.00315842379964242,0
"RP5-1092A3.4","ENSG00000270605.1","ENSG00000270605","antisense","chr1",28566020,28567964,"-",1945,TRUE,1.50252525252525,0.0145246681310579,0.00216651243233755,0.00616493409531826,0.0179616857497325,0.0294213028612997
"RP5-1092A3.5","ENSG00000271398.1","ENSG00000271398","lincRNA","chr1",28573655,28574079,"+",425,TRUE,0.214646464646465,0.00111977118918425,0,0.00163241387573318,0.00211707027972368,0
"RP5-1096D14.6","ENSG00000203593.3","ENSG00000203593","antisense","chr12",2113832,2120558,"+",6727,TRUE,0.0378787878787879,5.2589232715462e-05,0,0.000144269734363166,0,0
"RP5-1098D14.1","ENSG00000273384.1","ENSG00000273384","lincRNA","chr1",178620841,178621417,"+",577,TRUE,0.416666666666667,0.0035589690567105,0.00377261261505891,0.00161546875384699,0.00305502413724966,0.00670081139690075
"RP5-1103G7.4","ENSG00000225377.1","ENSG00000225377","antisense","chr20",300957,328868,"-",27912,TRUE,1.7550505050505,0.00981765180885233,0.00277126231973886,0.0110952344065753,0.00465989216469173,0.0165982164839948
"RP5-1112D6.4","ENSG00000230177.1","ENSG00000230177","antisense","chr6",111599135,111599945,"+",811,TRUE,0.782828282828283,0.00486711564565281,0.00145523104250541,0.00602038761526729,0.00583379876887409,0.00404015251270352
"RP5-1112D6.7","ENSG00000271789.1","ENSG00000271789","lincRNA","chr6",111618329,111619713,"+",1385,TRUE,0.138888888888889,0.000395636131528247,0,0.000697561938137406,0.00057033970774377,0
"RP5-1112D6.8","ENSG00000272356.1","ENSG00000272356","antisense","chr6",111630406,111634720,"+",4315,TRUE,0.227272727272727,0.00160479915585513,0.00222766319998654,0.00160018064059142,0.00182088382713567,0.00108331188390733
"RP5-1115A15.1","ENSG00000232912.1","ENSG00000232912","antisense","chr1",8484705,8494898,"+",10194,TRUE,0.164141414141414,0.0015160676896814,0,0.000743823378209731,0,0.00485706305881043
"RP5-1121A15.3","ENSG00000230033.1","ENSG00000230033","lincRNA","chr7",156737415,156738339,"+",925,TRUE,0.164141414141414,0.000851131385600693,0,0.00151794465281164,0,0.00116189870014299
"RP5-1125A11.1","ENSG00000228265.1","ENSG00000228265","lincRNA","chr20",32570858,32582163,"-",11306,TRUE,2.68939393939394,0.0151724517638401,0,0.019067434016138,0.0132821164422882,0.0192341583196117
"RP5-1136G13.2","ENSG00000273314.1","ENSG00000273314","antisense","chr7",148393559,148395756,"-",2198,TRUE,1.76767676767677,0.0082536992812033,0.00417065583755644,0.0162818865634785,0.00325590966607394,0.00376091578955953
"RP5-1139B12.2","ENSG00000269890.1","ENSG00000269890","antisense","chr1",228458144,228462098,"-",3955,TRUE,0.138888888888889,0.000455911965500373,0,0.000885550598593377,0.000537054604495097,0
"RP5-1142A6.9","ENSG00000260121.1","ENSG00000260121","antisense","chr16",88785023,88786867,"+",1845,TRUE,0.0505050505050505,0.00012574113777872,0,0.000344949709458767,0,0
"RP5-1148A21.3","ENSG00000266680.1","ENSG00000266680","antisense","chr6",64280910,64282313,"-",1404,TRUE,0.505050505050505,0.00184400020753379,0.00118934649601527,0.00438722094400504,0.000357439848430543,0
"RP5-1157M23.2","ENSG00000243224.1","ENSG00000243224","antisense","chr3",52273274,52275113,"+",1840,TRUE,0.921717171717172,0.00581649896252374,0.00403334152843978,0.00714890781655423,0.00794983917960227,0.00277219971313266
"RP5-1158E12.3","ENSG00000231566.1","ENSG00000231566","lincRNA","chrX",45707328,45710920,"-",3593,TRUE,0.0757575757575758,0.000455267988826722,0,0.000579946248471563,0,0.000951437267078936
"RP5-1159O4.1","ENSG00000272894.1","ENSG00000272894","lincRNA","chr7",7592093,7606627,"-",14535,TRUE,0.631313131313131,0.00423198366559866,0.00404127617334654,0.0044068747360812,0.00378987907750886,0.00450847459066239
"RP5-1159O4.2","ENSG00000272732.1","ENSG00000272732","lincRNA","chr7",7589735,7592071,"-",2337,TRUE,0.0378787878787879,0.000685139476791605,0.00344556867177938,0,0,0.00090783903327042
"RP5-1160K1.3","ENSG00000225113.1","ENSG00000225113","antisense","chr1",110138847,110140403,"+",1557,TRUE,0.0631313131313131,0.000179618474044022,0,0.000492753139739748,0,0
"RP5-1180C10.2","ENSG00000230124.2","ENSG00000230124","antisense","chr1",180238788,180245359,"-",6572,TRUE,1.47727272727273,0.00994746620726268,0.0048303435317128,0.0111234971170459,0.0141694818289372,0.00681386506474084
"RP5-1180E21.5","ENSG00000273221.1","ENSG00000273221","antisense","chr1",111727037,111727683,"-",647,TRUE,0.656565656565657,0.00521046528989701,0.00321517749818522,0.00592423413941206,0.00354404183787448,0.00682900611312387
"RP5-1198O20.4","ENSG00000230615.2","ENSG00000230615","lincRNA","chr1",44501798,44570647,"+",68850,TRUE,0.202020202020202,0.000983619664335939,0,0.00196586480170135,0.0010773387972638,0
"RP5-821D11.7","ENSG00000184068.2","ENSG00000184068","antisense","chr22",42227219,42230669,"-",3451,TRUE,1.71717171717172,0.0109455638729441,0.00518434277057438,0.0137922500522795,0.0139871935401932,0.006907419986202
"RP5-827C21.2","ENSG00000236358.1","ENSG00000236358","antisense","chr1",234492752,234501574,"+",8823,TRUE,0.0631313131313131,0.00023236095506164,0,0.000174739625460076,0.000355594871420233,0.000314183612210362
"RP5-827C21.4","ENSG00000231663.1","ENSG00000231663","antisense","chr1",234508553,234509339,"-",787,TRUE,3.28282828282828,0.0248906419595839,0.015043936965545,0.0227382466100977,0.0358201410851183,0.0224275541686199
"RP5-827C21.6","ENSG00000273367.1","ENSG00000273367","antisense","chr1",234507932,234508557,"+",626,TRUE,0.0378787878787879,0.00019682468152594,0,0.000315126018250957,0.000330658514006589,0
"RP5-836N10.1","ENSG00000231346.1","ENSG00000231346","lincRNA","chr1",112142277,112151345,"-",9069,TRUE,1.22474747474747,0.00736194082659733,0,0.0109581578819098,0.00407081806618254,0.00920165205796114
"RP5-850O15.4","ENSG00000271782.1","ENSG00000271782","lincRNA","chr1",50902700,50902978,"-",279,TRUE,0.0757575757575758,0.000623963200524972,0,0.000346831825078523,0.000327000131537794,0.00162491813347162
"RP5-855D21.2","ENSG00000273402.1","ENSG00000273402","antisense","chr8",187045,187669,"+",625,TRUE,0.0378787878787879,0.000116281542767652,0,0.000318998898067131,0,0
"RP5-864K19.4","ENSG00000228436.2","ENSG00000228436","antisense","chr1",39325672,39385068,"+",59397,TRUE,0.896464646464647,0.00314889817257739,0.00144994142611736,0.00658451217784722,0.00134239202258046,0.000880163667921423
"RP5-882C2.2","ENSG00000260793.2","ENSG00000260793","antisense","chr17",42298769,42301078,"+",2310,TRUE,0.858585858585859,0.00806143211050703,0.0242336672157171,0.00474560441677487,0.00737954497509426,0.00515119294262604
"RP5-884G6.2","ENSG00000228084.1","ENSG00000228084","antisense","chr1",100433939,100435420,"-",1482,TRUE,0.366161616161616,0.00197216304064187,0,0.00295014474279332,0.00181916337747356,0.00173962842337869
"RP5-886K2.3","ENSG00000236810.1","ENSG00000236810","antisense","chr1",24086872,24104777,"-",17906,TRUE,5.56818181818182,0.0344441063631921,0.00392575132128913,0.0419159670778273,0.0378085162318164,0.0361995205446295
"RP5-887A10.1","ENSG00000234184.1","ENSG00000234184","lincRNA","chr1",81001440,81112473,"+",111034,TRUE,5.8459595959596,0.0706118158008145,0.129687194037145,0.00809832592407273,0.137158078443132,0.064901342077416
"RP5-892K4.1","ENSG00000271806.1","ENSG00000271806","antisense","chr1",2072523,2076718,"-",4196,TRUE,0.0252525252525253,0.000401550548672512,0,0,0.000405000539895567,0.0011750070372765
"RP5-894A10.2","ENSG00000244701.1","ENSG00000244701","antisense","chr7",141352181,141356610,"-",4430,TRUE,1.27525252525253,0.0111575191694657,0.0266751168219487,0.0132549531757527,0.00480275291124554,0.00636974213998439
"RP5-902P8.10","ENSG00000230415.1","ENSG00000230415","lincRNA","chr1",1210603,1215800,"+",5198,TRUE,0.0378787878787879,0.000283015148585925,0,3.70746443215882e-05,0.000676237053594203,0.000397533075092948
"RP5-902P8.12","ENSG00000260179.1","ENSG00000260179","lincRNA","chr1",1185157,1186714,"-",1558,TRUE,0.0883838383838384,0.000596048904294505,0.00158133075784279,0.000672827721614856,0.000577518951377426,0
"RP5-914P20.5","ENSG00000259456.2","ENSG00000259456","antisense","chr20",49547521,49561671,"+",14151,TRUE,0.631313131313131,0.00353022508271699,0,0.0067223121810836,0.00220997425141106,0.00207580686345335
"RP5-921G16.1","ENSG00000242593.1","ENSG00000242593","antisense","chr7",123672259,124035172,"+",362914,TRUE,0.0505050505050505,0.00027837330066308,0,0.000225696900975003,0.000218157519153575,0.000554131220708517
"RP5-930J4.4","ENSG00000203394.2","ENSG00000203394","antisense","chr1",21069480,21070455,"+",976,TRUE,0.164141414141414,0.000901726232585685,0,0.00117156888387962,0.00121068401042111,0.000681172257074644
"RP5-933K21.3","ENSG00000271040.1","ENSG00000271040","lincRNA","chr6",157744996,157745509,"+",514,TRUE,0.0252525252525253,0.000115964192249359,0,0.00031812830017836,0,0
"RP5-935K16.1","ENSG00000270081.1","ENSG00000270081","lincRNA","chr2",128601127,128603261,"-",2135,TRUE,8.42171717171717,0.0543638138819958,0.00710599123743181,0.0710182137212756,0.0543590972161111,0.0548939331083396
"RP5-940J5.3","ENSG00000255966.1","ENSG00000255966","antisense","chr12",6641456,6642664,"-",1209,TRUE,0.0883838383838384,0.000542813178369574,0,0.00118086732426488,0.000453345087893177,0
"RP5-940J5.6","ENSG00000247853.2","ENSG00000247853","antisense","chr12",6687788,6693905,"+",6118,TRUE,0.404040404040404,0.00297384581297629,0,0.00274678064461862,0.00215438676525949,0.005612729998795
"RP5-940J5.9","ENSG00000269968.1","ENSG00000269968","antisense","chr12",6646960,6647536,"-",577,TRUE,7.3989898989899,0.0359377779383766,0.00768678071436959,0.0800089224251492,0.0120528239298028,0.0108312792676796
"RP5-943J3.2","ENSG00000272931.1","ENSG00000272931","lincRNA","chr1",90285733,90286427,"-",695,TRUE,0.593434343434343,0.00422724806958605,0.00298649454091961,0.00502732740011248,0.00259083549730273,0.0053074611345986
"RP5-968D22.1","ENSG00000228697.1","ENSG00000228697","lincRNA","chr1",168370067,168391894,"-",21828,TRUE,0.0378787878787879,0.000216405937633446,0,3.65669221952738e-05,0.000462813099219685,0.000344760693552166
"RP5-968P14.2","ENSG00000260063.1","ENSG00000260063","antisense","chr1",27018623,27020622,"-",2000,TRUE,0.113636363636364,0.000397632168649812,0,0.00109083712355612,0,0
"RP5-971N18.3","ENSG00000229766.2","ENSG00000229766","antisense","chr20",7999870,8024159,"+",24290,TRUE,0.113636363636364,0.000343263472818091,0,0.000941685730765253,0,0
"RP5-977B1.11","ENSG00000259716.1","ENSG00000259716","antisense","chr20",35177530,35232932,"-",55403,TRUE,0.0378787878787879,0.000197480140714372,0,0.00054175362468231,0,0
"RP5-977B1.7","ENSG00000232907.3","ENSG00000232907","antisense","chr20",35136563,35201794,"-",65232,TRUE,0.164141414141414,0.00145723528016633,0.00283031685957805,0.00139645257611703,0.000687469989177799,0.00158458704874397
"RP5-981O7.2","ENSG00000229591.1","ENSG00000229591","antisense","chr7",151817086,151818802,"-",1717,TRUE,0.101010101010101,0.000651023624340733,0.00189784854040736,0.000985532093851032,0.000171733809376984,0
"RP5-991G20.1","ENSG00000259768.3","ENSG00000259768","antisense","chr16",72699069,72821143,"+",122075,TRUE,0.404040404040404,0.0014417597261578,0,0.0024261821128293,0.00172785884894356,0.000503725296037149
"RP5-991G20.4","ENSG00000259901.1","ENSG00000259901","antisense","chr16",72823142,72825522,"+",2381,TRUE,1.7550505050505,0.00916321483937193,0.00615386154173141,0.0151837412243481,0.00758935235622505,0.0036646728741193
"RP5-994D16.3","ENSG00000234917.1","ENSG00000234917","lincRNA","chr1",43144406,43147325,"+",2920,TRUE,0.378787878787879,0.00182653566870832,0,0.00434824930693564,0.000974409957741563,0
"RP6-109B7.3","ENSG00000241990.1","ENSG00000241990","antisense","chr22",46449585,46453090,"+",3506,TRUE,12.6641414141414,0.0823185683553619,0.020709671566593,0.136295612437726,0.0547698319783493,0.0637568421990126
"RP6-109B7.4","ENSG00000235159.1","ENSG00000235159","antisense","chr22",46463236,46465771,"-",2536,TRUE,0.0883838383838384,0.000473698709930761,0,0.000168626067980347,0.000734959809289664,0.000897607989535349
"RP6-109B7.5","ENSG00000273289.1","ENSG00000273289","antisense","chr22",46448973,46449440,"+",468,TRUE,0.606060606060606,0.00507144180260097,0,0.002851218408985,0.00662290021233256,0.00932689576997595
"RP6-191P20.4","ENSG00000236064.1","ENSG00000236064","antisense","chrX",107137827,107179210,"-",41384,TRUE,0.23989898989899,0.00191729039832488,0,0.000626573951231368,0.00254040164950055,0.00413261700470863
"RP6-206I17.1","ENSG00000223804.1","ENSG00000223804","lincRNA","chr1",143647638,143745417,"-",97780,TRUE,0.126262626262626,0.000902846183856623,0.00295752747335439,0.000493673086955325,0.000517821909510421,0.000804430834210301
"RP6-206I17.2","ENSG00000231734.4","ENSG00000231734","lincRNA","chr1",143687097,143720401,"+",33305,TRUE,0.353535353535354,0.00211359714478078,0,0.00145521587744041,0.00277673822089192,0.00349149951767609
"RP6-206I17.3","ENSG00000226637.1","ENSG00000226637","lincRNA","chr1",143719663,143721171,"-",1509,TRUE,0.0505050505050505,0.000317931038227165,0,0.000107736445649367,0.00112428869290343,0
"RP6-65G23.3","ENSG00000259153.1","ENSG00000259153","lincRNA","chr14",71276922,71282120,"+",5199,TRUE,2.82828282828283,0.0128914914911898,0,0.027852197426267,0.00652311011902014,0.00437756328913978
"RP6-99M1.2","ENSG00000270069.1","ENSG00000270069","lincRNA","chrX",45604639,45629677,"-",25039,TRUE,1.46464646464646,0.00759391385912176,0.00930885838932361,0.0145283802448718,0.00433986310361844,0
"RP6-99M1.3","ENSG00000269902.1","ENSG00000269902","lincRNA","chrX",45624175,45624702,"-",528,TRUE,0.101010101010101,0.000383400586721272,0,0.00105179516689729,0,0
"RPL34-AS1","ENSG00000234492.4","ENSG00000234492","lincRNA","chr4",109459346,109541616,"-",82271,TRUE,0.189393939393939,0.000612942988455554,0,0.000913726263366556,0.000571516243203869,0.000539258305822434
"RPPH1","ENSG00000259001.2","ENSG00000259001","antisense","chr14",20811207,20811844,"-",638,TRUE,7.65151515151515,0.0493529907685442,0.000983342656680026,0.0911662695158826,0.0581194215569649,0.00619091917007275
"RPS10P7","ENSG00000223396.2","ENSG00000223396","lincRNA","chr1",201487831,201499602,"+",11772,TRUE,1.09848484848485,0.00892963541857477,0.000956736042619761,0.00923971128969105,0.0127606988951106,0.00886867419031894
"RRM1-AS1","ENSG00000255276.1","ENSG00000255276","antisense","chr11",4158346,4159487,"-",1142,TRUE,0.0757575757575758,0.000205272863686007,0,0.000563131652370342,0,0
"RSBN1L-AS1","ENSG00000214293.4","ENSG00000214293","lincRNA","chr7",77286977,77325582,"-",38606,TRUE,6.56565656565657,0.0413339013069138,0.00423210117991363,0.067683173350123,0.0256364906355904,0.0380479608592015
"RUSC1-AS1","ENSG00000225855.2","ENSG00000225855","antisense","chr1",155286654,155293967,"-",7314,TRUE,0.934343434343434,0.00479661382352376,0.00111833491952115,0.00628119574015967,0.00655615664756859,0.00286825889900893
"SAP30L-AS1","ENSG00000245275.3","ENSG00000245275","antisense","chr5",153708997,153825410,"-",116414,TRUE,0.0883838383838384,0.000319931087973031,0,0.000687689321159579,0.000279416783779267,0
"SAPCD1-AS1","ENSG00000235663.1","ENSG00000235663","antisense","chr6",31732087,31733365,"-",1279,TRUE,0.378787878787879,0.00317421702965746,0,0.0023660601041448,0.00463833500648328,0.00453395652044057
"SBF2-AS1","ENSG00000246273.2","ENSG00000246273","antisense","chr11",9779839,9832866,"+",53028,TRUE,1.80555555555556,0.010480798528835,0.0161967715264018,0.0185367175367191,0.00207005258434415,0.00422870207356641
"SCARNA17","ENSG00000267322.1","ENSG00000267322","antisense","chr18",47340393,47377429,"+",37037,TRUE,1.51515151515152,0.0162120849340401,0.0523883659620546,0.0151603788816999,0.00852372265192761,0.00660873432505389
"SCARNA2","ENSG00000270066.2","ENSG00000270066","lincRNA","chr1",109642815,109643241,"+",427,TRUE,1.32575757575758,0.0103257311987554,0.0147967528265394,0.0134393706832789,0.00952821710779775,0.00437823389621116
"SCARNA9","ENSG00000254911.2","ENSG00000254911","antisense","chr11",93454679,93455032,"+",354,TRUE,36.7045454545455,0.400247943011729,0.576702232505437,0.429385201049312,0.459409955360832,0.211200280317519
"SCGB1B2P","ENSG00000268751.1","ENSG00000268751","lincRNA","chr19",35067638,35068606,"-",969,TRUE,0.681818181818182,0.00548380144824348,0,0.00554082302220099,0.0110983729885576,0.00278287942288452
"SDCBP2-AS1","ENSG00000234684.2","ENSG00000234684","antisense","chr20",1306049,1359378,"+",53330,TRUE,2.7020202020202,0.0178345432003872,0.0101733195457097,0.0203889632627665,0.0107336439975297,0.0249932264594931
"SEC24B-AS1","ENSG00000247950.2","ENSG00000247950","antisense","chr4",110268631,110354973,"-",86343,TRUE,0.71969696969697,0.00385065430505716,0.00231379524697757,0.00603638892189073,0.00181745432104065,0.00349562432980035
"SETD5-AS1","ENSG00000206573.4","ENSG00000206573","antisense","chr3",9391373,9440263,"-",48891,TRUE,15.9974747474747,0.107459675509659,0.0554210939028216,0.15488872825266,0.0787632022189079,0.0944171270721276
"SGOL1-AS1","ENSG00000237485.1","ENSG00000237485","antisense","chr3",20215736,20227919,"+",12184,TRUE,0.0378787878787879,9.54832797417901e-05,0,0.000261942353846546,0,0
"SH3BP5-AS1","ENSG00000224660.1","ENSG00000224660","antisense","chr3",15295691,15306000,"+",10310,TRUE,1.80555555555556,0.0143065000271933,0.00545713294465276,0.00971482290657402,0.0189555281700415,0.0208747125240696
"SH3RF3-AS1","ENSG00000259863.1","ENSG00000259863","lincRNA","chr2",109743783,109745386,"-",1604,TRUE,0.707070707070707,0.00321308647462771,0,0.00459409476114404,0.0062070775871771,0
"SIAH2-AS1","ENSG00000244265.1","ENSG00000244265","antisense","chr3",150479724,150480325,"+",602,TRUE,0.0505050505050505,0.000261571851273658,0,0.000127671077357007,0.000553718681920793,0.000303503886279399
"SLC25A30-AS1","ENSG00000251015.1","ENSG00000251015","lincRNA","chr13",45992297,45994506,"+",2210,TRUE,0.126262626262626,0.00103542347632627,0.000952520361145313,0.00070836796425848,0.00165541126329254,0.00094349858830319
"SLC26A4-AS1","ENSG00000233705.2","ENSG00000233705","antisense","chr7",107294421,107302596,"-",8176,TRUE,0.568181818181818,0.001780811296675,0,0.00488535693441843,0,0
"SLC2A1-AS1","ENSG00000227533.1","ENSG00000227533","lincRNA","chr1",43424720,43449029,"+",24310,TRUE,0.340909090909091,0.00238883751734638,0.00200571502830013,0.00281887120286544,0.00164183947588743,0.00269588051926682
"SLC8A1-AS1","ENSG00000227028.2","ENSG00000227028","antisense","chr2",40013593,40482349,"+",468757,TRUE,0.0505050505050505,0.00012358840289012,0,0.000147683675548693,0.000281435241762952,0
"SMAD5-AS1","ENSG00000164621.5","ENSG00000164621","antisense","chr5",135465196,135470579,"-",5384,TRUE,0.29040404040404,0.00112006334008107,0.00136256348056408,0.00170636984941317,0.000181812502236266,0.00106928469778806
"SMARCA5-AS1","ENSG00000245112.2","ENSG00000245112","antisense","chr4",144434625,144435788,"-",1164,TRUE,0.126262626262626,0.000452008961197399,0,0.000866239783232264,0.000142283193679961,0.000393977738570486
"SMC5-AS1","ENSG00000268364.1","ENSG00000268364","antisense","chr9",72808913,72873782,"-",64870,TRUE,0.328282828282828,0.0019300965921889,0.00118684961687458,0.00228503870846473,0.00274329493526968,0.00101972743808595
"SMIM2-AS1","ENSG00000227258.1","ENSG00000227258","antisense","chr13",44716682,44813010,"+",96329,TRUE,0.101010101010101,0.000636646879654669,0,0.000990623777896999,0.00111172309733894,0
"SNAI3-AS1","ENSG00000260630.2","ENSG00000260630","antisense","chr16",88729706,88753594,"+",23889,TRUE,1.25,0.00911603153177503,0,0.00889937594021019,0.00958348714036858,0.0136424069634128
"SNHG10","ENSG00000247092.2","ENSG00000247092","antisense","chr14",95998634,96001209,"-",2576,TRUE,6.08585858585859,0.0347965635720562,0.00763218557800644,0.0502876293769007,0.0320698878254198,0.0293190811217474
"SNHG12","ENSG00000197989.9","ENSG00000197989","antisense","chr1",28905050,28909495,"-",4446,TRUE,28.3712121212121,0.223545015158927,0.128204668132688,0.415296522642717,0.131654373875854,0.0885443686762944
"SNHG15","ENSG00000232956.4","ENSG00000232956","lincRNA","chr7",45022622,45026560,"-",3939,TRUE,18.2954545454545,0.11010932846053,0.0770757790503652,0.209680801172989,0.0498812426773614,0.0436658713462761
"SNHG7","ENSG00000233016.2","ENSG00000233016","antisense","chr9",139615818,139622636,"-",6819,TRUE,25.5429292929293,0.220970011862105,0.220120350788356,0.369618218919322,0.0921561965265526,0.134564983904571
"SNHG8","ENSG00000269893.2","ENSG00000269893","lincRNA","chr4",119199864,119200978,"+",1115,TRUE,45.9343434343434,0.503549291071469,0.711338050091054,0.694476197412824,0.270338820698659,0.351079274004465
"SNHG9","ENSG00000255198.3","ENSG00000255198","lincRNA","chr16",2014960,2015510,"+",551,TRUE,21.9444444444444,0.180368385386178,0.222879939828644,0.186262120344823,0.167262529254045,0.162880486933764
"SNORA11","ENSG00000261709.2","ENSG00000261709","lincRNA","chr15",45506646,45507242,"-",597,TRUE,1.71717171717172,0.00847529568077638,0.00175945738234676,0.0143557432940203,0.00757334249557577,0.00442512507657949
"SNORA40","ENSG00000264043.2","ENSG00000264043","lincRNA","chr12",109171920,109174194,"-",2275,TRUE,1.16161616161616,0.005431411497109,0,0.00853173352121342,0.0057080423103355,0.00353732873210418
"SNORA40","ENSG00000237002.2","ENSG00000237002","lincRNA","chr10",36727544,36731320,"+",3777,TRUE,1.16161616161616,0.005431411497109,0,0.00853173352121342,0.0057080423103355,0.00353732873210418
"SNORA71B","ENSG00000235408.2","ENSG00000235408","lincRNA","chr20",37053843,37053979,"-",137,TRUE,0.0757575757575758,0.000154992300785774,0,0.000425195366201361,0,0
"SNORA76","ENSG00000266402.2","ENSG00000266402","lincRNA","chr17",62223330,62223836,"+",507,TRUE,36.8434343434343,0.333770954071261,0.226699762382159,0.455471549648261,0.375284040357253,0.175403580448832
"SNORD116-20","ENSG00000261069.2","ENSG00000261069","lincRNA","chr15",25332808,25334043,"+",1236,TRUE,0.176767676767677,0.00121567635552152,0,0.00208543170656484,0.000535273707950084,0.00125949414294175
"SNORD3A","ENSG00000263934.2","ENSG00000263934","lincRNA","chr17",19091329,19092027,"+",699,TRUE,78.1439393939394,1.81389195267919,1.6542861108229,1.45871830720238,2.50068930524735,1.73664721717713
"SNORD3B-1","ENSG00000265185.2","ENSG00000265185","lincRNA","chr17",18965225,18965807,"+",583,TRUE,3.49747474747475,0.0208154697620664,0.00218330613573589,0.0348641239251149,0.0231456275679881,0.00812822140228243
"SNORD3B-2","ENSG00000262074.3","ENSG00000262074","lincRNA","chr17",18966762,18967449,"-",688,TRUE,8.51010101010101,0.0586214768010804,0.0331505674961709,0.0860458400959268,0.0572831070154104,0.0339627717440137
"SNORD3C","ENSG00000264940.2","ENSG00000264940","lincRNA","chr17",19092978,19093558,"-",581,TRUE,3.11868686868687,0.0221009773184577,0.0123281059931703,0.0142130732471354,0.0434229433604247,0.0177074531272386
"SNORD3D","ENSG00000262202.3","ENSG00000262202","lincRNA","chr17",19015313,19015949,"-",637,TRUE,10.4419191919192,0.0716436802436767,0.0181939009506865,0.11182385380782,0.0804697228961405,0.0333491421442887
"snoU13","ENSG00000243321.2","ENSG00000243321","lincRNA","chr3",149795281,149797904,"-",2624,TRUE,4.87373737373737,0.0384855870915488,0.0500724328959187,0.0326993625003658,0.0395583849138071,0.0397410593246068
"SNX29P2","ENSG00000198106.7","ENSG00000198106","lincRNA","chr16",29262829,29519817,"+",256989,TRUE,1.25,0.0144747680058335,0.0573380731628323,0.00778441652957857,0.00851977788571191,0.00778848867305916
"SPATA41","ENSG00000189419.5","ENSG00000189419","lincRNA","chr15",100884662,100890438,"-",5777,TRUE,0.252525252525253,0.00137469174409452,0,0.00247231757029533,0.00191032999887211,0
"SRP14-AS1","ENSG00000248508.2","ENSG00000248508","lincRNA","chr15",40331512,40359491,"+",27980,TRUE,7.99242424242424,0.0507233150306578,0.00348597197749475,0.0558847919944665,0.0464729082857795,0.0716933648932044
"SRRM2-AS1","ENSG00000205913.2","ENSG00000205913","antisense","chr16",2787077,2802601,"-",15525,TRUE,0.454545454545455,0.00204444400200111,0,0.00295839119166399,0.0023108756652285,0.0015344198003307
"SSSCA1-AS1","ENSG00000260233.2","ENSG00000260233","antisense","chr11",65337131,65337744,"-",614,TRUE,0.202020202020202,0.00165828179992841,0.0042583569721678,0.000487728204981409,0.00166707803763286,0.00198244093040584
"ST7-AS1","ENSG00000227199.1","ENSG00000227199","antisense","chr7",116592500,116594388,"-",1889,TRUE,0.0631313131313131,0.000360083857355234,0,0.000459482208413059,0.000402171340631725,0.00036250082409107
"STARD4-AS1","ENSG00000246859.2","ENSG00000246859","antisense","chr5",110847924,111075423,"+",227500,TRUE,0.176767676767677,0.000901118487694344,0,0.000884505102218297,0.00153071905367593,0.000777581620723714
"STK24-AS1","ENSG00000224418.1","ENSG00000224418","antisense","chr13",99229498,99231084,"+",1587,TRUE,0.429292929292929,0.0020976098046989,0,0.00362466163233815,0.00161970882882915,0.00146265176830709
"STK4-AS1","ENSG00000227477.1","ENSG00000227477","lincRNA","chr20",43592435,43595043,"-",2609,TRUE,0.101010101010101,0.000609659666251652,0.00174876799297288,0.000576829027991893,0.000684911074991692,0
"STX18-AS1","ENSG00000247708.3","ENSG00000247708","antisense","chr4",4543858,4712665,"+",168808,TRUE,1.08585858585859,0.00679114394082786,0.00103162490771951,0.00917152161920664,0.00853418135568534,0.00467102915835885
"STXBP5-AS1","ENSG00000233452.2","ENSG00000233452","antisense","chr6",147163037,147525750,"-",362714,TRUE,0.151515151515152,0.000721242626371618,0.000922182938071788,0.000819065917180679,0.00121677434659599,0
"TAPSAR1","ENSG00000204261.4","ENSG00000204261","lincRNA","chr6",32811863,32814272,"+",2410,TRUE,24.6464646464646,0.198243543898281,0.0508964446713455,0.231925340049726,0.180537320570186,0.242952388282441
"TAPT1-AS1","ENSG00000263327.2","ENSG00000263327","antisense","chr4",16228286,16321763,"+",93478,TRUE,0.656565656565657,0.00397712561129595,0.00189981810071279,0.00432530859811094,0.00466911487061866,0.00387703724283346
"TERC","ENSG00000270141.2","ENSG00000270141","lincRNA","chr3",169482308,169482848,"-",541,TRUE,2.72727272727273,0.0133197262885705,0,0.0333914382503387,0.0034708530828679,0.00112210116999055
"TFAP2A-AS1","ENSG00000229950.1","ENSG00000229950","antisense","chr6",10409573,10416679,"+",7107,TRUE,0.429292929292929,0.00261538287358312,0,0.00390071999533016,0.00420016430899787,0.000594842952560244
"THAP7-AS1","ENSG00000230513.1","ENSG00000230513","antisense","chr22",21356175,21364631,"+",8457,TRUE,1.41414141414141,0.00783554782431896,0.00142999315584064,0.0099883889872055,0.00749554709211234,0.00838428962495226
"THAP9-AS1","ENSG00000251022.2","ENSG00000251022","antisense","chr4",83814162,83822113,"-",7952,TRUE,12.1590909090909,0.0741880681722367,0.0597543028705781,0.110200521399559,0.0623959012167975,0.0417699337781348
"TINCR","ENSG00000223573.2","ENSG00000223573","lincRNA","chr19",5558178,5568045,"-",9868,TRUE,0.202020202020202,0.00234594354663056,0.00640609345608253,0.000709424645757757,0.002905456007643,0.00205222492595189
"TIPARP-AS1","ENSG00000243926.1","ENSG00000243926","antisense","chr3",156389651,156392167,"-",2517,TRUE,0.202020202020202,0.000894564816581209,0,0.000806141540372966,0.00170973769941445,0.000690348579465934
"TM4SF19-AS1","ENSG00000235897.1","ENSG00000235897","antisense","chr3",196045201,196052441,"+",7241,TRUE,0.101010101010101,0.000475382295316075,0,0.000534383738825296,0.00113207433770488,0
"TMCC1-AS1","ENSG00000271270.1","ENSG00000271270","antisense","chr3",129612714,129637418,"+",24705,TRUE,1.4520202020202,0.00838739865123335,0.00399687768476458,0.0108291278428883,0.0078679248721584,0.00766651030499877
"TMEM161B-AS1","ENSG00000247828.3","ENSG00000247828","antisense","chr5",87564712,87732502,"+",167791,TRUE,9.01515151515152,0.0582746969492253,0.00939593192889522,0.0702599004912103,0.0537502957716672,0.070646141533944
"TMEM191C","ENSG00000206140.5","ENSG00000206140","lincRNA","chr22",21820712,21825558,"+",4847,TRUE,0.214646464646465,0.00146422853536882,0,0.00154553269362257,0.000988011460949963,0.00255924660876253
"TMEM254-AS1","ENSG00000230091.2","ENSG00000230091","antisense","chr10",81806616,81838668,"-",32053,TRUE,0.29040404040404,0.00240789713251956,0,0.00109600787367298,0.00520807049466592,0.00279947200848859
"TMEM44-AS1","ENSG00000231770.1","ENSG00000231770","antisense","chr3",194304740,194310989,"+",6250,TRUE,3.29545454545454,0.0210268188609164,0.00410674104245858,0.0239342509714549,0.0283643533128281,0.0184650180229701
"TMEM9B-AS1","ENSG00000254860.1","ENSG00000254860","antisense","chr11",8986222,8999074,"+",12853,TRUE,0.101010101010101,0.000925632278703532,0.00224488724392819,0.000357751723777523,0.000271619636498187,0.0016898060791404
"TMPO-AS1","ENSG00000257167.2","ENSG00000257167","antisense","chr12",98906751,98910200,"-",3450,TRUE,9.33080808080808,0.0481901808668399,0.00765690771789403,0.0859322369495584,0.0484193345204334,0.0150588801486586
"TNK2-AS1","ENSG00000224614.1","ENSG00000224614","antisense","chr3",195634947,195638128,"+",3182,TRUE,0.568181818181818,0.00531701419241583,0,0.00301557585384861,0.00760680281521719,0.00909981822049314
"TNKS2-AS1","ENSG00000228701.1","ENSG00000228701","antisense","chr10",93542596,93558048,"-",15453,TRUE,0.732323232323232,0.00460892783738208,0.00574263655492412,0.00644551247446053,0.00287529514314543,0.00309259486462216
"TOLLIP-AS1","ENSG00000255153.1","ENSG00000255153","antisense","chr11",1330999,1331937,"+",939,TRUE,0.643939393939394,0.00392505255684939,0,0.00480667605637765,0.00525679326754028,0.00339431393660262
"TOPORS-AS1","ENSG00000235453.3","ENSG00000235453","antisense","chr9",32551142,32567003,"+",15862,TRUE,10.6186868686869,0.0648021147803461,0.0326617027067489,0.0841318287860861,0.0546759414285627,0.0635700076431643
"TP53TG1","ENSG00000182165.13","ENSG00000182165","lincRNA","chr7",86954541,86974831,"-",20291,TRUE,7.7020202020202,0.0429399145990288,0.0282773262610343,0.0800978818737827,0.0124253929635113,0.0271143216531278
"TP73-AS1","ENSG00000227372.6","ENSG00000227372","antisense","chr1",3652548,3663900,"-",11353,TRUE,5.87121212121212,0.0393903602581316,0.0303476061044096,0.0495580773175636,0.0335356489448386,0.0352243816755134
"TPT1-AS1","ENSG00000170919.11","ENSG00000170919","antisense","chr13",45915480,45965872,"+",50393,TRUE,2.33585858585859,0.0234059006711902,0.0089689490193568,0.0142789951207644,0.0338726905833188,0.0336608255206866
"TPTEP1","ENSG00000100181.17","ENSG00000100181","lincRNA","chr22",17082777,17179632,"+",96856,TRUE,0.138888888888889,0.00100691731868837,0,0.00113902296381618,0.00195756138851161,0.000415631951638555
"TRAF3IP2-AS1","ENSG00000231889.3","ENSG00000231889","antisense","chr6",111804714,111919505,"+",114792,TRUE,3.71212121212121,0.0194818454548434,0.00529199677883235,0.0343659384118439,0.0109674975339559,0.0138171810336084
"TRAM2-AS1","ENSG00000225791.2","ENSG00000225791","lincRNA","chr6",52442105,52448783,"+",6679,TRUE,3.2449494949495,0.0206020071472452,0.0146725536199349,0.0248091912964596,0.010100865129158,0.0278109888276028
"TRERNA1","ENSG00000231265.1","ENSG00000231265","lincRNA","chr20",48657253,48658041,"-",789,TRUE,0.126262626262626,0.00144038267162583,0,4.79786973708908e-05,0.000698050585230863,0.0048763758429353
"TRIM52-AS1","ENSG00000248275.1","ENSG00000248275","antisense","chr5",180688213,180699308,"+",11096,TRUE,10.1515151515152,0.0792482825385543,0.166127882643678,0.0771565916359876,0.0579689006823125,0.0582903288982507
"TSIX","ENSG00000270641.1","ENSG00000270641","lincRNA","chrX",73012040,73049066,"+",37027,TRUE,0.0631313131313131,0.000186906718606197,0,0.000141859677629955,0.000167538374370886,0.00036545541534648
"TSTD3","ENSG00000228439.3","ENSG00000228439","antisense","chr6",99968569,99979794,"+",11226,TRUE,2.18434343434343,0.00914392530131655,0.00264309459352765,0.018713878827365,0.00633892204908207,0.00157674771044704
"TTN-AS1","ENSG00000237298.4","ENSG00000237298","antisense","chr2",179385910,179639402,"+",253493,TRUE,1.23737373737374,0.0084177801556154,0.019947414011373,0.00763551484943561,0.00645872489514875,0.00551788173455585
"TTTY10","ENSG00000229236.1","ENSG00000229236","lincRNA","chrY",22627554,22681114,"-",53561,TRUE,0.0378787878787879,0.000274091100004516,0,0.000388718853262696,0,0.000516537035796239
"TTTY15","ENSG00000233864.3","ENSG00000233864","lincRNA","chrY",14774265,14804162,"+",29898,TRUE,11.5782828282828,0.0831943226593422,0.170135828384443,0.105225690196034,0.0357180812206088,0.053229858576436
"TUG1","ENSG00000253352.4","ENSG00000253352","antisense","chr22",31366663,31375381,"+",8719,TRUE,32.8409090909091,0.300303214764535,0.259180283355755,0.321114105239026,0.26418964866451,0.326696189207696
"U1","ENSG00000228549.2","ENSG00000228549","lincRNA","chr1",17197440,17200587,"+",3148,TRUE,0.555555555555556,0.0022334056872796,0,0.00425587605602197,0.00205216550848144,0.000676580283926073
"U1","ENSG00000233421.3","ENSG00000233421","lincRNA","chr1",16860381,16862144,"-",1764,TRUE,0.555555555555556,0.0022334056872796,0,0.00425587605602197,0.00205216550848144,0.000676580283926073
"U3","ENSG00000265369.2","ENSG00000265369","lincRNA","chr18",24267585,24283602,"-",16018,TRUE,17.5757575757576,0.136913999366978,0.0647691218599276,0.18845633492399,0.174854351765085,0.0638849540944432
"U47924.30","ENSG00000272201.1","ENSG00000272201","lincRNA","chr12",7087683,7089103,"+",1421,TRUE,2.15909090909091,0.0123009895119378,0.0225102429779707,0.0184543159644209,0.00737543602838267,0.00308255818938904
"U47924.31","ENSG00000272173.1","ENSG00000272173","antisense","chr12",7052671,7053767,"-",1097,TRUE,0.95959595959596,0.00479598869519367,0.0057972940937718,0.00901245241106043,0.00112846793870836,0.00183296154384
"U73166.2","ENSG00000230454.1","ENSG00000230454","lincRNA","chr3",50297735,50300790,"+",3056,TRUE,0.113636363636364,0.00113712369003711,0,0.000521398793475259,0.00168930031545916,0.00206140137393328
"U82695.10","ENSG00000259886.1","ENSG00000259886","lincRNA","chrX",152689210,152691934,"+",2725,TRUE,1.30050505050505,0.00653902007571512,0,0.00958954633674016,0.00734714783678767,0.00476924508467033
"U91328.19","ENSG00000272462.2","ENSG00000272462","lincRNA","chr6",25992890,26002003,"+",9114,TRUE,0.997474747474748,0.00611658095255152,0.00739455482924789,0.0077745108084749,0.00549953117176723,0.00370068558007098
"U91328.20","ENSG00000272065.1","ENSG00000272065","lincRNA","chr6",25990989,25991454,"+",466,TRUE,0.808080808080808,0.00834530275804463,0.0207675493581576,0.00339283458745454,0.00526262008531726,0.0120053743003796
"UBA6-AS1","ENSG00000248049.2","ENSG00000248049","antisense","chr4",68566998,68946670,"+",379673,TRUE,7.61363636363636,0.0430937799851826,0.00450953672631971,0.0579334019321657,0.0514728721895437,0.0336541082763729
"UBAC2-AS1","ENSG00000228889.2","ENSG00000228889","lincRNA","chr13",99848631,99852964,"-",4334,TRUE,0.71969696969697,0.0033067864690222,0.00695847179732744,0.00583371040076916,0.00107540307611548,0
"UBL7-AS1","ENSG00000247240.3","ENSG00000247240","antisense","chr15",74753606,74773643,"+",20038,TRUE,8.62373737373737,0.0418913632423089,0.00669192641518246,0.0789085290238628,0.0347272225430376,0.0142076513612918
"UBXN7-AS1","ENSG00000225822.3","ENSG00000225822","antisense","chr3",196158235,196160242,"+",2008,TRUE,0.441919191919192,0.00337654704425225,0.00277825589215101,0.00351258095224998,0.00233886706635584,0.00449302916366431
"UFL1-AS1","ENSG00000233797.1","ENSG00000233797","antisense","chr6",96806250,96969545,"-",163296,TRUE,0.0378787878787879,0.0002527359801679,0,0.000206108773996384,0.000716573067958332,0
"UGDH-AS1","ENSG00000249348.1","ENSG00000249348","antisense","chr4",39529639,39596327,"+",66689,TRUE,0.555555555555556,0.00378315650340515,0.000623761556941599,0.00283886777949291,0.00328541172641179,0.00722601625093948
"UNC5B-AS1","ENSG00000237512.2","ENSG00000237512","antisense","chr10",72976981,72977985,"-",1005,TRUE,0.366161616161616,0.0014761034517658,0,0.00404944209836686,0,0
"USP12-AS2","ENSG00000230641.1","ENSG00000230641","antisense","chr13",27746396,27757135,"+",10740,TRUE,0.126262626262626,0.000716235440823882,0,0.00120069063009567,0.00112388733685121,0
"USP2-AS1","ENSG00000245248.3","ENSG00000245248","antisense","chr11",119252488,119397374,"+",144887,TRUE,0.441919191919192,0.00123050389621797,0,0.00300656276373438,0.000542865083619532,0
"USP27X-AS1","ENSG00000234390.4","ENSG00000234390","lincRNA","chrX",49641327,49643844,"-",2518,TRUE,0.189393939393939,0.00113832242781094,0,0.00139655116732311,0.000761630300062112,0.00171851730501425
"USP3-AS1","ENSG00000259248.1","ENSG00000259248","antisense","chr15",63836446,63893788,"-",57343,TRUE,0.366161616161616,0.00271085792502426,0,0.00361345914819626,0.00382569020343795,0.00173798440197086
"USP30-AS1","ENSG00000256262.1","ENSG00000256262","antisense","chr12",109490155,109491757,"-",1603,TRUE,2.72727272727273,0.017407183812152,0,0.0215855187522979,0.0102200543671907,0.027332776567273
"USP46-AS1","ENSG00000248866.1","ENSG00000248866","lincRNA","chr4",53525573,53527835,"+",2263,TRUE,0.202020202020202,0.00159734867159119,0,0.00128307392418301,0,0.0044072744137369
"VIM-AS1","ENSG00000229124.2","ENSG00000229124","antisense","chr10",17256238,17271984,"-",15747,TRUE,4.04040404040404,0.0230115137162645,0.00943319438520505,0.0385017300781185,0.0169287404048492,0.0138202238039183
"VPS9D1-AS1","ENSG00000261373.1","ENSG00000261373","antisense","chr16",89778264,89784573,"+",6310,TRUE,4.26767676767677,0.0227161928819214,0.00183162131365144,0.0383221086309375,0.0138281684448485,0.0198161276767811
"VTRNA2-1","ENSG00000270123.2","ENSG00000270123","lincRNA","chr5",135416160,135416286,"-",127,TRUE,9.21717171717172,0.0560968349415113,0,0.120439900537919,0.0281454249060898,0.0203583599966228
"WAC-AS1","ENSG00000254635.1","ENSG00000254635","antisense","chr10",28811581,28821672,"-",10092,TRUE,13.4343434343434,0.091762221131716,0.0506701742308842,0.154990502651606,0.049682421504023,0.0635840569435893
"WASIR2","ENSG00000231439.3","ENSG00000231439","antisense","chr16",72910,75123,"+",2214,TRUE,0.0378787878787879,0.00016127333572546,0.000868492839879164,0.000129564345504437,0,0
"WDR11-AS1","ENSG00000227165.3","ENSG00000227165","antisense","chr10",122521324,122610721,"-",89398,TRUE,0.0631313131313131,0.00032580192809153,0.000980609920129101,0.000540532370471302,0,0
"WEE2-AS1","ENSG00000228775.3","ENSG00000228775","antisense","chr7",141404138,141438146,"-",34009,TRUE,1.54040404040404,0.0112968555398392,0.00898802557251628,0.00960790866620007,0.0129090095402742,0.0133227247454343
"WI2-80269A6.1","ENSG00000270052.1","ENSG00000270052","lincRNA","chrX",150666198,150666826,"+",629,TRUE,0.113636363636364,0.000718312085379566,0,0.00108842486686711,0.0012973760191344,0
"WT1-AS","ENSG00000183242.7","ENSG00000183242","antisense","chr11",32457064,32480315,"+",23252,TRUE,5.41666666666667,0.040058584158776,0.0005919645691412,0.00728808413902443,0.0429456071302612,0.104091338758391
"XIST","ENSG00000229807.5","ENSG00000229807","lincRNA","chrX",73040486,73072588,"-",32103,TRUE,0.138888888888889,0.000434147332657178,0,0.000481176808946459,0.000700551726699393,0.000332072112170205
"XX-C2158C12.2","ENSG00000213863.2","ENSG00000213863","lincRNA","chr6",171034285,171037576,"+",3292,TRUE,0.0505050505050505,0.000179509872490377,0,0.000492455209602973,0,0
"XXbac-B135H6.15","ENSG00000237476.1","ENSG00000237476","lincRNA","chr22",21311380,21318967,"+",7588,TRUE,0.252525252525253,0.00129027723974872,0.00214500659573003,0.00213476295308482,0,0.000899077947632905
"XXbac-B135H6.18","ENSG00000272829.1","ENSG00000272829","lincRNA","chr22",21335650,21336044,"-",395,TRUE,0.29040404040404,0.00161383722825511,0,0.00265004343211211,0.00182370618960241,0.000764029659646925
"XXbac-B444P24.14","ENSG00000273139.1","ENSG00000273139","lincRNA","chr22",20308262,20308726,"+",465,TRUE,0.0883838383838384,0.000743936370509967,0,0.000462370311335768,0.0020265830355692,0.000285187422064151
"XXbac-B476C20.9","ENSG00000225335.2","ENSG00000225335","antisense","chr22",18559293,18561650,"-",2358,TRUE,1.38888888888889,0.00747962611313493,0.0018432604332761,0.0117897194479661,0.00447247622633412,0.0071454468408125
"XXbac-BPG154L12.4","ENSG00000225914.1","ENSG00000225914","antisense","chr6",32223488,32233615,"+",10128,TRUE,0.0757575757575758,0.00110020626524313,0.00620446751352002,0.000373411871648557,0.000602622176879968,0
"XXbac-BPG170G13.32","ENSG00000272236.1","ENSG00000272236","lincRNA","chr6",29719742,29719984,"-",243,TRUE,0.101010101010101,0.000347358258140183,0,0.000555828650650758,0.000584004121264141,0
"XXbac-BPG181B23.7","ENSG00000272221.1","ENSG00000272221","lincRNA","chr6",31362066,31363272,"-",1207,TRUE,1.19949494949495,0.00783460024253692,0.00283925307042233,0.00782785682054538,0.0116731187460924,0.00669155467397014
"XXbac-BPG252P9.10","ENSG00000272273.1","ENSG00000272273","antisense","chr6",30710706,30711369,"+",664,TRUE,2.71464646464646,0.0184294208961505,0,0.0191503756340525,0.0285932752887854,0.0170173791379886
"XXbac-BPG252P9.9","ENSG00000272540.1","ENSG00000272540","antisense","chr6",30690882,30691654,"-",773,TRUE,0.252525252525253,0.00141546665165377,0,0.00169678013315006,0.000285563055408307,0.00283316815710696
"XXbac-BPG299F13.17","ENSG00000272501.1","ENSG00000272501","antisense","chr6",31162977,31165814,"-",2838,TRUE,3.51010101010101,0.0267394103036643,0.0147171696010523,0.0255505913807483,0.028470587936822,0.032915247184101
"XXbac-BPG308K3.5","ENSG00000225173.1","ENSG00000225173","lincRNA","chr6",28805646,28806783,"-",1138,TRUE,0.0378787878787879,0.000175121483044165,0.000908656934446319,0.000153085879420027,0,0
"XXbac-BPG308K3.6","ENSG00000225595.2","ENSG00000225595","lincRNA","chr6",28827402,28832407,"-",5006,TRUE,0.0378787878787879,0.000198797995460582,0,0.000135327279136479,0.000219580307731592,0.000370814839952553
"XXbac-BPGBPG55C20.2","ENSG00000272316.1","ENSG00000272316","lincRNA","chr6",58234838,58240189,"-",5352,TRUE,1.08585858585859,0.00772903213004197,0.00812994838225693,0.00750635966543952,0.00442532677972958,0.0110349809505676
"XXcos-LUCA11.4","ENSG00000271858.1","ENSG00000271858","antisense","chr3",50402765,50405628,"+",2864,TRUE,0.378787878787879,0.00343382254447984,0.00335012548034446,0.00207402187158865,0.00429684880033714,0.00457602399723344
"XXyac-YX155B6.7","ENSG00000273059.1","ENSG00000273059","lincRNA","chr1",147484031,147484460,"+",430,TRUE,0.315656565656566,0.00242376226967645,0,0.0018017621911205,0.00260659182477575,0.00437328570346688
"XXYLT1-AS2","ENSG00000230266.1","ENSG00000230266","antisense","chr3",194868600,194873519,"+",4920,TRUE,1.11111111111111,0.00695374656490761,0.00525661534312951,0.00938368398705963,0.003556138772419,0.00765290480606596
"YTHDF3-AS1","ENSG00000270673.1","ENSG00000270673","lincRNA","chr8",64080284,64081001,"-",718,TRUE,0.580808080808081,0.00436892510057043,0.00221114517382747,0.00371457847937204,0.00598500697238682,0.00484223598965263
"Z69720.2","ENSG00000269482.1","ENSG00000269482","antisense","chr16",140629,141100,"+",472,TRUE,0.0378787878787879,0.00044168253315432,0,0.000159586132598687,0.00154732577573602,0
"Z83851.3","ENSG00000182057.4","ENSG00000182057","lincRNA","chr22",42665759,42671202,"+",5444,TRUE,0.0757575757575758,0.000460558910465857,0,0.00092283964272118,0.000500962059273325,0
"Z83851.4","ENSG00000233903.2","ENSG00000233903","lincRNA","chr22",42672361,42673058,"+",698,TRUE,0.732323232323232,0.00290622922313587,0,0.0072809061000528,0,0.000983920953883588
"ZBED3-AS1","ENSG00000250802.2","ENSG00000250802","antisense","chr5",76382565,76462734,"+",80170,TRUE,0.164141414141414,0.000843557785816779,0,0.00215799173166825,0.000229676787744598,0
"ZBED5-AS1","ENSG00000247271.2","ENSG00000247271","antisense","chr11",10879806,10928349,"+",48544,TRUE,4.07828282828283,0.0283213514281593,0,0.0250438074660558,0.024037250293452,0.0516347334140259
"ZBTB11-AS1","ENSG00000256628.2","ENSG00000256628","antisense","chr3",101395274,101398061,"+",2788,TRUE,1.91919191919192,0.0112380488611183,0.00803502479340156,0.0153967870875716,0.00918438681230905,0.00895046579336801
"ZBTB20-AS4","ENSG00000242767.1","ENSG00000242767","lincRNA","chr3",114819270,114821908,"+",2639,TRUE,0.277777777777778,0.00250472725676905,0,0.00109067484017951,0.00346601062456644,0.00486940037142301
"ZEB2-AS1","ENSG00000238057.4","ENSG00000238057","antisense","chr2",145275664,145279058,"+",3395,TRUE,0.416666666666667,0.00208506398464061,0.00330549033987601,0.00407349738757934,0,0.000648182190611366
"ZFAS1","ENSG00000177410.8","ENSG00000177410","antisense","chr20",47894715,47905797,"+",11083,TRUE,52.2979797979798,0.769742945591664,1.1706561229132,1.31758914697763,0.315560412529159,0.22441221878675
"ZNF205-AS1","ENSG00000263214.1","ENSG00000263214","antisense","chr16",3160461,3165599,"-",5139,TRUE,0.0378787878787879,0.000145173132183655,0,0.000398258125006771,0,0
"ZNF571-AS1","ENSG00000267470.1","ENSG00000267470","antisense","chr19",38039816,38078249,"+",38434,TRUE,1.57828282828283,0.0104477593619118,0.00967659393668612,0.0166243660966635,0.00612073816502315,0.00624287808531041
"ZNF582-AS1","ENSG00000267454.1","ENSG00000267454","lincRNA","chr19",56905025,56910541,"+",5517,TRUE,0.732323232323232,0.00399192013744092,0,0.00809716585607706,0.00143704984025325,0.00266924178601994
"ZNF667-AS1","ENSG00000166770.6","ENSG00000166770","lincRNA","chr19",56988619,57012035,"+",23417,TRUE,1.95707070707071,0.0127918351175217,0.00655599847697512,0.0223523343108697,0.00673795842662522,0.00824398727476415
"ZNF674-AS1","ENSG00000230844.2","ENSG00000230844","lincRNA","chrX",46404928,46407843,"+",2916,TRUE,1.59090909090909,0.0117170001702815,0.0115382233608454,0.0110735049851226,0.0100137043567733,0.0143708268517022
"ZNF718","ENSG00000250312.2","ENSG00000250312","lincRNA","chr4",124386,157779,"+",33394,TRUE,4.17929292929293,0.0214792720861061,0.00743943337524457,0.0372399895548392,0.012493747242193,0.0149466741529362
"ZNF833P","ENSG00000197332.7","ENSG00000197332","lincRNA","chr19",11750591,11797382,"+",46792,TRUE,0.0378787878787879,0.000141080539371933,0,0.000387030783451925,0,0
"ZNF883","ENSG00000228623.2","ENSG00000228623","lincRNA","chr9",115759495,115774507,"-",15013,TRUE,0.429292929292929,0.00203133143828429,0.00187437171014798,0.0042621581783757,0.000934257642224674,0
"ZNF888","ENSG00000213793.3","ENSG00000213793","lincRNA","chr19",53418449,53426723,"-",8275,TRUE,0.0378787878787879,0.000220266609216149,0,0.000115546659941458,0.0004130368580743,0.000295633982926632
"ZNRD1-AS1","ENSG00000204623.4","ENSG00000204623","antisense","chr6",29968788,30029417,"-",60630,TRUE,1.93181818181818,0.0118902434050215,0.00950612222788116,0.0138407916385032,0.00683760406267696,0.015223536165212
"ZRANB2-AS1","ENSG00000235079.1","ENSG00000235079","antisense","chr1",71514538,71532867,"+",18330,TRUE,0.189393939393939,0.00102368444329954,0.000636163698102581,0.00118720788256747,0.00103793268260115,0.000975881542850895
"ZSCAN16-AS1","ENSG00000269293.2","ENSG00000269293","antisense","chr6",28089573,28105071,"-",15499,TRUE,13.8257575757576,0.0985544579315089,0.0410729500053447,0.118594072733819,0.0973159430542618,0.100701061386178
