"gene_name","module","color"
"AC006129.2","blue","blue"
"AC007246.3","blue","blue"
"AC009501.4","blue","blue"
"AC009948.5","blue","blue"
"AC017076.5","blue","blue"
"AC026202.3","blue","blue"
"AC026806.2","blue","blue"
"AC074212.5","blue","blue"
"AC074289.1","blue","blue"
"AC078883.3","blue","blue"
"AC084018.1","blue","blue"
"AC091132.1","blue","blue"
"AC093159.1","blue","blue"
"AC093818.1","blue","blue"
"AC096579.13","blue","blue"
"AC096579.7","blue","blue"
"AC109333.10","blue","blue"
"AC124944.3","blue","blue"
"AC159540.1","blue","blue"
"AD000090.2","blue","blue"
"AF127936.5","blue","blue"
"AP003774.1","blue","blue"
"ASB16-AS1","blue","blue"
"BATF2","blue","blue"
"C10orf10","blue","blue"
"CADM1","blue","blue"
"CARD17","blue","blue"
"CAV1","blue","blue"
"CCR10","blue","blue"
"CDKN1C","blue","blue"
"CHAC1","blue","blue"
"COL1A2","blue","blue"
"COL7A1","blue","blue"
"CROCCP2","blue","blue"
"CTA-292E10.6","blue","blue"
"CTA-384D8.34","blue","blue"
"CTA-445C9.15","blue","blue"
"CTB-43E15.3","blue","blue"
"CTB-58E17.1","blue","blue"
"CTBP1-AS2","blue","blue"
"CTD-2026C7.1","blue","blue"
"CTD-2037K23.2","blue","blue"
"CTD-2139B15.5","blue","blue"
"CTD-2369P2.2","blue","blue"
"CTD-2521M24.9","blue","blue"
"CYSLTR1","blue","blue"
"D87024.1","blue","blue"
"DDX60","blue","blue"
"DUSP5","blue","blue"
"ESR1","blue","blue"
"ESR2","blue","blue"
"FAM92B","blue","blue"
"FLI1-AS1","blue","blue"
"GMDS-AS1","blue","blue"
"GMPR","blue","blue"
"GNB3","blue","blue"
"GS1-251I9.4","blue","blue"
"H1F0","blue","blue"
"HCFC1-AS1","blue","blue"
"HCG11","blue","blue"
"HFE","blue","blue"
"HGF","blue","blue"
"HIST1H2AC","blue","blue"
"HIST1H2BK","blue","blue"
"IFI27","blue","blue"
"IFI44L","blue","blue"
"IFI6","blue","blue"
"IFIT1","blue","blue"
"IFIT3","blue","blue"
"IFNG-AS1","blue","blue"
"IGHG1","blue","blue"
"IGHG2","blue","blue"
"IGHG3","blue","blue"
"IGHG4","blue","blue"
"IGHGP","blue","blue"
"IGJ","blue","blue"
"IGLL5","blue","blue"
"IL1RN","blue","blue"
"INTS6-AS1","blue","blue"
"IRF4","blue","blue"
"IRF9","blue","blue"
"ISG15","blue","blue"
"ITGA6","blue","blue"
"ITGA8","blue","blue"
"KANSL1-AS1","blue","blue"
"KCNQ1OT1","blue","blue"
"KIAA0125","blue","blue"
"LAG3","blue","blue"
"LGALS3BP","blue","blue"
"LINC00324","blue","blue"
"LINC00342","blue","blue"
"LINC00525","blue","blue"
"LINC00582","blue","blue"
"LINC00657","blue","blue"
"LINC00667","blue","blue"
"LINC00847","blue","blue"
"LINC00886","blue","blue"
"LINC00954","blue","blue"
"LL22NC03-2H8.5","blue","blue"
"MALAT1","blue","blue"
"MIAT","blue","blue"
"MIR22HG","blue","blue"
"MMP24-AS1","blue","blue"
"MX1","blue","blue"
"NEAT1","blue","blue"
"NUB1","blue","blue"
"OSER1-AS1","blue","blue"
"P2RY6","blue","blue"
"PCAT6","blue","blue"
"PCBP1-AS1","blue","blue"
"PTP4A3","blue","blue"
"RASSF6","blue","blue"
"RGCC","blue","blue"
"RGS1","blue","blue"
"RNF139-AS1","blue","blue"
"RP1-152L7.5","blue","blue"
"RP1-197B17.3","blue","blue"
"RP11-1084E5.1","blue","blue"
"RP11-108K14.4","blue","blue"
"RP11-110G21.1","blue","blue"
"RP11-134L10.1","blue","blue"
"RP11-1399P15.1","blue","blue"
"RP11-139H15.1","blue","blue"
"RP11-166P13.3","blue","blue"
"RP11-16E12.2","blue","blue"
"RP11-196G18.24","blue","blue"
"RP11-204L24.2","blue","blue"
"RP11-206L10.9","blue","blue"
"RP11-267N12.3","blue","blue"
"RP11-275I4.2","blue","blue"
"RP11-284F21.10","blue","blue"
"RP11-284N8.3","blue","blue"
"RP11-290F5.1","blue","blue"
"RP11-350N15.5","blue","blue"
"RP11-390F4.3","blue","blue"
"RP11-427H3.3","blue","blue"
"RP11-446N19.1","blue","blue"
"RP11-480C16.1","blue","blue"
"RP11-504P24.8","blue","blue"
"RP11-558F24.4","blue","blue"
"RP11-635N19.1","blue","blue"
"RP11-66N24.3","blue","blue"
"RP11-66N24.4","blue","blue"
"RP11-702L6.4","blue","blue"
"RP11-731C17.2","blue","blue"
"RP11-732M18.3","blue","blue"
"RP11-768B22.2","blue","blue"
"RP11-81H14.2","blue","blue"
"RP11-83A24.2","blue","blue"
"RP11-875O11.1","blue","blue"
"RP11-94L15.2","blue","blue"
"RP11-960L18.1","blue","blue"
"RP3-399L15.3","blue","blue"
"RP3-508I15.21","blue","blue"
"RP4-794H19.4","blue","blue"
"RP5-1092A3.4","blue","blue"
"RSAD2","blue","blue"
"SCNN1B","blue","blue"
"SESN1","blue","blue"
"SH3BP5-AS1","blue","blue"
"SOCS3","blue","blue"
"SRP14-AS1","blue","blue"
"TAPSAR1","blue","blue"
"TAS1R3","blue","blue"
"TCN2","blue","blue"
"TET1","blue","blue"
"TIMD4","blue","blue"
"TNFSF10","blue","blue"
"TPT1-AS1","blue","blue"
"WT1-AS","blue","blue"
"XAF1","blue","blue"
"ZBED5-AS1","blue","blue"
"A1BG-AS1","grey","grey"
"AARD","grey","grey"
"AARSD1","grey","grey"
"ABCA10","grey","grey"
"ABCA17P","grey","grey"
"ABCA9","grey","grey"
"ABCB1","grey","grey"
"ABCC2","grey","grey"
"ABCD1","grey","grey"
"AC000032.2","grey","grey"
"AC000068.10","grey","grey"
"AC000068.5","grey","grey"
"AC000068.9","grey","grey"
"AC002059.10","grey","grey"
"AC002116.7","grey","grey"
"AC002117.1","grey","grey"
"AC002310.12","grey","grey"
"AC002310.7","grey","grey"
"AC002398.11","grey","grey"
"AC002454.1","grey","grey"
"AC002456.2","grey","grey"
"AC002467.7","grey","grey"
"AC002477.1","grey","grey"
"AC002480.2","grey","grey"
"AC002480.3","grey","grey"
"AC002480.4","grey","grey"
"AC003005.2","grey","grey"
"AC003051.1","grey","grey"
"AC003075.4","grey","grey"
"AC003092.1","grey","grey"
"AC003102.3","grey","grey"
"AC003665.1","grey","grey"
"AC003956.1","grey","grey"
"AC003984.1","grey","grey"
"AC003991.3","grey","grey"
"AC004019.13","grey","grey"
"AC004067.5","grey","grey"
"AC004069.2","grey","grey"
"AC004156.3","grey","grey"
"AC004158.2","grey","grey"
"AC004257.3","grey","grey"
"AC004447.2","grey","grey"
"AC004449.6","grey","grey"
"AC004463.6","grey","grey"
"AC004510.3","grey","grey"
"AC004540.5","grey","grey"
"AC004549.6","grey","grey"
"AC004840.9","grey","grey"
"AC004854.4","grey","grey"
"AC004893.11","grey","grey"
"AC004895.4","grey","grey"
"AC004951.6","grey","grey"
"AC005037.3","grey","grey"
"AC005042.2","grey","grey"
"AC005076.5","grey","grey"
"AC005104.3","grey","grey"
"AC005220.3","grey","grey"
"AC005224.2","grey","grey"
"AC005253.2","grey","grey"
"AC005253.4","grey","grey"
"AC005306.3","grey","grey"
"AC005329.7","grey","grey"
"AC005339.2","grey","grey"
"AC005498.3","grey","grey"
"AC005523.2","grey","grey"
"AC005523.3","grey","grey"
"AC005534.6","grey","grey"
"AC005534.8","grey","grey"
"AC005540.3","grey","grey"
"AC005546.2","grey","grey"
"AC005614.3","grey","grey"
"AC005618.6","grey","grey"
"AC005624.2","grey","grey"
"AC005682.8","grey","grey"
"AC005785.2","grey","grey"
"AC005786.3","grey","grey"
"AC005789.11","grey","grey"
"AC005831.1","grey","grey"
"AC005943.4","grey","grey"
"AC005943.5","grey","grey"
"AC005944.2","grey","grey"
"AC006042.6","grey","grey"
"AC006042.8","grey","grey"
"AC006115.3","grey","grey"
"AC006116.17","grey","grey"
"AC006129.1","grey","grey"
"AC006129.4","grey","grey"
"AC006132.1","grey","grey"
"AC006277.2","grey","grey"
"AC006369.2","grey","grey"
"AC006460.2","grey","grey"
"AC006486.1","grey","grey"
"AC006547.8","grey","grey"
"AC006942.4","grey","grey"
"AC006946.16","grey","grey"
"AC006994.2","grey","grey"
"AC007014.1","grey","grey"
"AC007036.4","grey","grey"
"AC007036.6","grey","grey"
"AC007038.7","grey","grey"
"AC007041.2","grey","grey"
"AC007092.1","grey","grey"
"AC007163.6","grey","grey"
"AC007193.8","grey","grey"
"AC007204.2","grey","grey"
"AC007228.11","grey","grey"
"AC007228.9","grey","grey"
"AC007256.5","grey","grey"
"AC007276.5","grey","grey"
"AC007285.6","grey","grey"
"AC007292.3","grey","grey"
"AC007292.6","grey","grey"
"AC007365.1","grey","grey"
"AC007365.3","grey","grey"
"AC007381.2","grey","grey"
"AC007381.3","grey","grey"
"AC007383.3","grey","grey"
"AC007386.2","grey","grey"
"AC007386.3","grey","grey"
"AC007391.2","grey","grey"
"AC007405.6","grey","grey"
"AC007551.3","grey","grey"
"AC007566.10","grey","grey"
"AC007620.3","grey","grey"
"AC007690.1","grey","grey"
"AC007773.2","grey","grey"
"AC007879.2","grey","grey"
"AC007879.4","grey","grey"
"AC007879.5","grey","grey"
"AC007880.1","grey","grey"
"AC008069.1","grey","grey"
"AC008088.4","grey","grey"
"AC008278.2","grey","grey"
"AC008440.5","grey","grey"
"AC008592.4","grey","grey"
"AC008592.8","grey","grey"
"AC008703.1","grey","grey"
"AC008781.7","grey","grey"
"AC008982.2","grey","grey"
"AC009005.2","grey","grey"
"AC009065.1","grey","grey"
"AC009120.4","grey","grey"
"AC009120.6","grey","grey"
"AC009133.12","grey","grey"
"AC009133.14","grey","grey"
"AC009133.17","grey","grey"
"AC009133.20","grey","grey"
"AC009299.2","grey","grey"
"AC009299.3","grey","grey"
"AC009336.24","grey","grey"
"AC009404.2","grey","grey"
"AC009473.1","grey","grey"
"AC009495.2","grey","grey"
"AC009495.4","grey","grey"
"AC009506.1","grey","grey"
"AC009950.2","grey","grey"
"AC009961.3","grey","grey"
"AC010086.1","grey","grey"
"AC010091.1","grey","grey"
"AC010149.4","grey","grey"
"AC010226.4","grey","grey"
"AC010336.1","grey","grey"
"AC010504.2","grey","grey"
"AC010524.2","grey","grey"
"AC010642.1","grey","grey"
"AC010746.3","grey","grey"
"AC010761.10","grey","grey"
"AC010761.8","grey","grey"
"AC010883.5","grey","grey"
"AC010894.3","grey","grey"
"AC010982.1","grey","grey"
"AC011290.4","grey","grey"
"AC011385.1","grey","grey"
"AC011525.2","grey","grey"
"AC011526.1","grey","grey"
"AC011558.5","grey","grey"
"AC011747.4","grey","grey"
"AC011816.1","grey","grey"
"AC011893.3","grey","grey"
"AC012309.5","grey","grey"
"AC012314.8","grey","grey"
"AC012358.8","grey","grey"
"AC012360.4","grey","grey"
"AC012368.1","grey","grey"
"AC012456.4","grey","grey"
"AC012487.2","grey","grey"
"AC013264.2","grey","grey"
"AC013283.1","grey","grey"
"AC015849.16","grey","grey"
"AC015849.19","grey","grey"
"AC015849.2","grey","grey"
"AC015971.2","grey","grey"
"AC016629.8","grey","grey"
"AC016683.5","grey","grey"
"AC016700.2","grey","grey"
"AC016700.5","grey","grey"
"AC016723.4","grey","grey"
"AC016725.4","grey","grey"
"AC016745.3","grey","grey"
"AC016773.1","grey","grey"
"AC016907.3","grey","grey"
"AC017002.2","grey","grey"
"AC017048.3","grey","grey"
"AC017074.2","grey","grey"
"AC017099.3","grey","grey"
"AC018462.2","grey","grey"
"AC018470.4","grey","grey"
"AC018737.1","grey","grey"
"AC018766.4","grey","grey"
"AC018766.5","grey","grey"
"AC018816.3","grey","grey"
"AC019117.2","grey","grey"
"AC019181.2","grey","grey"
"AC019181.3","grey","grey"
"AC019186.1","grey","grey"
"AC019206.1","grey","grey"
"AC019221.4","grey","grey"
"AC020594.5","grey","grey"
"AC020743.2","grey","grey"
"AC021016.6","grey","grey"
"AC021188.4","grey","grey"
"AC021224.1","grey","grey"
"AC022007.5","grey","grey"
"AC022182.1","grey","grey"
"AC022182.3","grey","grey"
"AC024560.2","grey","grey"
"AC024704.2","grey","grey"
"AC024896.1","grey","grey"
"AC025171.1","grey","grey"
"AC025335.1","grey","grey"
"AC025918.2","grey","grey"
"AC026740.1","grey","grey"
"AC034220.3","grey","grey"
"AC034243.1","grey","grey"
"AC040977.1","grey","grey"
"AC053503.4","grey","grey"
"AC061992.2","grey","grey"
"AC062017.1","grey","grey"
"AC062029.1","grey","grey"
"AC064834.2","grey","grey"
"AC067959.1","grey","grey"
"AC067961.1","grey","grey"
"AC068039.4","grey","grey"
"AC068282.3","grey","grey"
"AC068492.1","grey","grey"
"AC068499.10","grey","grey"
"AC068610.3","grey","grey"
"AC068831.10","grey","grey"
"AC068831.6","grey","grey"
"AC069213.1","grey","grey"
"AC069277.2","grey","grey"
"AC069278.4","grey","grey"
"AC069363.1","grey","grey"
"AC069513.4","grey","grey"
"AC072062.1","grey","grey"
"AC073052.1","grey","grey"
"AC073072.5","grey","grey"
"AC073115.7","grey","grey"
"AC073254.1","grey","grey"
"AC073283.7","grey","grey"
"AC073934.6","grey","grey"
"AC074117.10","grey","grey"
"AC074138.3","grey","grey"
"AC074183.4","grey","grey"
"AC074212.6","grey","grey"
"AC074286.1","grey","grey"
"AC074338.4","grey","grey"
"AC074389.9","grey","grey"
"AC078852.2","grey","grey"
"AC079305.10","grey","grey"
"AC079354.5","grey","grey"
"AC079610.2","grey","grey"
"AC079630.2","grey","grey"
"AC079630.4","grey","grey"
"AC079742.4","grey","grey"
"AC079807.2","grey","grey"
"AC079922.3","grey","grey"
"AC083843.1","grey","grey"
"AC083843.2","grey","grey"
"AC083873.4","grey","grey"
"AC083949.1","grey","grey"
"AC084082.3","grey","grey"
"AC084117.3","grey","grey"
"AC084219.4","grey","grey"
"AC084809.2","grey","grey"
"AC084809.3","grey","grey"
"AC087294.2","grey","grey"
"AC087430.1","grey","grey"
"AC090186.1","grey","grey"
"AC090286.2","grey","grey"
"AC090505.6","grey","grey"
"AC090587.5","grey","grey"
"AC091133.1","grey","grey"
"AC091633.3","grey","grey"
"AC091729.9","grey","grey"
"AC091814.2","grey","grey"
"AC091878.1","grey","grey"
"AC092159.2","grey","grey"
"AC092162.1","grey","grey"
"AC092198.1","grey","grey"
"AC092295.7","grey","grey"
"AC092580.3","grey","grey"
"AC092580.4","grey","grey"
"AC092594.1","grey","grey"
"AC092620.3","grey","grey"
"AC092669.3","grey","grey"
"AC092687.5","grey","grey"
"AC092798.1","grey","grey"
"AC092835.2","grey","grey"
"AC093323.3","grey","grey"
"AC093382.1","grey","grey"
"AC093388.3","grey","grey"
"AC093391.2","grey","grey"
"AC093495.4","grey","grey"
"AC093590.1","grey","grey"
"AC093627.10","grey","grey"
"AC093627.9","grey","grey"
"AC093642.3","grey","grey"
"AC093673.5","grey","grey"
"AC093901.1","grey","grey"
"AC096559.1","grey","grey"
"AC096655.2","grey","grey"
"AC096669.3","grey","grey"
"AC096772.6","grey","grey"
"AC097495.2","grey","grey"
"AC097500.2","grey","grey"
"AC097658.1","grey","grey"
"AC097662.2","grey","grey"
"AC097721.2","grey","grey"
"AC097724.3","grey","grey"
"AC098820.4","grey","grey"
"AC100830.3","grey","grey"
"AC100830.4","grey","grey"
"AC103563.2","grey","grey"
"AC104024.1","grey","grey"
"AC104024.2","grey","grey"
"AC104135.3","grey","grey"
"AC104532.4","grey","grey"
"AC104653.1","grey","grey"
"AC104655.3","grey","grey"
"AC104699.1","grey","grey"
"AC104820.2","grey","grey"
"AC104841.2","grey","grey"
"AC105344.2","grey","grey"
"AC105393.2","grey","grey"
"AC105760.2","grey","grey"
"AC106900.6","grey","grey"
"AC107081.5","grey","grey"
"AC108004.3","grey","grey"
"AC108142.1","grey","grey"
"AC108488.4","grey","grey"
"AC109826.1","grey","grey"
"AC113189.5","grey","grey"
"AC114730.8","grey","grey"
"AC116366.5","grey","grey"
"AC119673.1","grey","grey"
"AC121251.1","grey","grey"
"AC123768.4","grey","grey"
"AC123886.2","grey","grey"
"AC130689.5","grey","grey"
"AC131097.3","grey","grey"
"AC133528.2","grey","grey"
"AC137932.5","grey","grey"
"AC137934.1","grey","grey"
"AC140912.1","grey","grey"
"AC142528.1","grey","grey"
"AC144449.1","grey","grey"
"AC144652.1","grey","grey"
"AC145110.1","grey","grey"
"AC145343.2","grey","grey"
"AC147651.3","grey","grey"
"AC147651.4","grey","grey"
"AC195454.1","grey","grey"
"ACE","grey","grey"
"ACER2","grey","grey"
"ACHE","grey","grey"
"ACKR2","grey","grey"
"ACRBP","grey","grey"
"ACTA2-AS1","grey","grey"
"ACTBP7","grey","grey"
"ACVR1C","grey","grey"
"ACY1","grey","grey"
"ADAM29","grey","grey"
"ADAMTS13","grey","grey"
"ADAMTS9-AS2","grey","grey"
"ADCK5","grey","grey"
"ADCY4","grey","grey"
"ADCY9","grey","grey"
"ADIRF","grey","grey"
"ADM","grey","grey"
"ADO","grey","grey"
"ADORA2A-AS1","grey","grey"
"ADPGK-AS1","grey","grey"
"ADTRP","grey","grey"
"AE000661.37","grey","grey"
"AE000662.92","grey","grey"
"AE000662.93","grey","grey"
"AF001548.5","grey","grey"
"AF011889.2","grey","grey"
"AF127936.3","grey","grey"
"AF127936.7","grey","grey"
"AF129408.17","grey","grey"
"AF131215.5","grey","grey"
"AF131215.8","grey","grey"
"AF131216.5","grey","grey"
"AF131216.6","grey","grey"
"AF131217.1","grey","grey"
"AF146191.4","grey","grey"
"AF196972.9","grey","grey"
"AF230666.2","grey","grey"
"AFAP1","grey","grey"
"AFAP1-AS1","grey","grey"
"AGAP1","grey","grey"
"AGPAT9","grey","grey"
"AGRP","grey","grey"
"AHNAK","grey","grey"
"AIFM3","grey","grey"
"AIM1L","grey","grey"
"AIRN","grey","grey"
"AK3P3","grey","grey"
"AKAP12","grey","grey"
"AKAP2","grey","grey"
"AKR1B15","grey","grey"
"AKR1E2","grey","grey"
"AL020996.1","grey","grey"
"AL022341.3","grey","grey"
"AL049829.1","grey","grey"
"AL096677.1","grey","grey"
"AL109761.5","grey","grey"
"AL122127.2","grey","grey"
"AL122127.25","grey","grey"
"AL133245.2","grey","grey"
"AL133458.1","grey","grey"
"AL133493.2","grey","grey"
"AL135998.1","grey","grey"
"AL139099.1","grey","grey"
"AL157902.3","grey","grey"
"AL161626.1","grey","grey"
"AL163953.2","grey","grey"
"AL353898.2","grey","grey"
"AL450992.2","grey","grey"
"AL590560.1","grey","grey"
"AL592284.1","grey","grey"
"AL592494.5","grey","grey"
"AL773604.8","grey","grey"
"AL928768.3","grey","grey"
"ALG1L","grey","grey"
"ALMS1","grey","grey"
"ALMS1-IT1","grey","grey"
"ALMS1P","grey","grey"
"ALPK3","grey","grey"
"AMDHD1","grey","grey"
"AMER2","grey","grey"
"AMOTL1","grey","grey"
"AMOTL2","grey","grey"
"AMZ1","grey","grey"
"ANGPTL2","grey","grey"
"ANKRD18A","grey","grey"
"ANKRD18B","grey","grey"
"ANKRD20A5P","grey","grey"
"ANKRD30BL","grey","grey"
"ANKRD33B","grey","grey"
"ANKS1B","grey","grey"
"ANKS3","grey","grey"
"AP000233.4","grey","grey"
"AP000253.1","grey","grey"
"AP000254.8","grey","grey"
"AP000295.10","grey","grey"
"AP000318.2","grey","grey"
"AP000330.8","grey","grey"
"AP000350.4","grey","grey"
"AP000350.5","grey","grey"
"AP000442.1","grey","grey"
"AP000476.1","grey","grey"
"AP000569.9","grey","grey"
"AP000640.2","grey","grey"
"AP000692.10","grey","grey"
"AP000692.9","grey","grey"
"AP000695.4","grey","grey"
"AP000704.5","grey","grey"
"AP000769.7","grey","grey"
"AP000936.4","grey","grey"
"AP001046.6","grey","grey"
"AP001055.6","grey","grey"
"AP001058.3","grey","grey"
"AP001059.5","grey","grey"
"AP001062.7","grey","grey"
"AP001065.2","grey","grey"
"AP001258.4","grey","grey"
"AP001347.6","grey","grey"
"AP001372.2","grey","grey"
"AP001412.1","grey","grey"
"AP001422.3","grey","grey"
"AP001432.14","grey","grey"
"AP001437.1","grey","grey"
"AP001462.6","grey","grey"
"AP001469.7","grey","grey"
"AP001469.9","grey","grey"
"AP001628.6","grey","grey"
"AP003068.23","grey","grey"
"AP003068.9","grey","grey"
"AP003419.16","grey","grey"
"AP003733.1","grey","grey"
"AP006216.10","grey","grey"
"AP006216.11","grey","grey"
"AP006222.2","grey","grey"
"AP3S2","grey","grey"
"AP5B1","grey","grey"
"APBA2","grey","grey"
"APCDD1","grey","grey"
"APOBEC3H","grey","grey"
"APOD","grey","grey"
"APOL4","grey","grey"
"ARHGAP10","grey","grey"
"ARHGAP31-AS1","grey","grey"
"ARHGAP32","grey","grey"
"ARHGAP5-AS1","grey","grey"
"ARHGEF10L","grey","grey"
"ARL14","grey","grey"
"ARL4C","grey","grey"
"ARL5B-AS1","grey","grey"
"ARMCX1","grey","grey"
"ART3","grey","grey"
"ARVCF","grey","grey"
"ASCL1","grey","grey"
"ASCL2","grey","grey"
"ASMTL-AS1","grey","grey"
"ASPHD1","grey","grey"
"ASPRV1","grey","grey"
"ASS1","grey","grey"
"ATP1A3","grey","grey"
"ATP1B1","grey","grey"
"ATP1B2","grey","grey"
"ATP2A1","grey","grey"
"ATP5A1P2","grey","grey"
"ATP5A1P5","grey","grey"
"ATP6V0E2-AS1","grey","grey"
"ATXN8OS","grey","grey"
"B3GNT4","grey","grey"
"B3GNT5","grey","grey"
"B4GALT1","grey","grey"
"B4GALT6","grey","grey"
"BACH1-IT2","grey","grey"
"BAD","grey","grey"
"BAIAP2-AS1","grey","grey"
"BAIAP2L2","grey","grey"
"BCDIN3D-AS1","grey","grey"
"BCL2A1","grey","grey"
"BCL2L15","grey","grey"
"BCL6B","grey","grey"
"BCL7A","grey","grey"
"BDNF-AS","grey","grey"
"BEGAIN","grey","grey"
"BEND5","grey","grey"
"BEND6","grey","grey"
"BFSP2","grey","grey"
"BFSP2-AS1","grey","grey"
"BHLHA15","grey","grey"
"BHLHE40-AS1","grey","grey"
"BIVM","grey","grey"
"BMP8A","grey","grey"
"BMS1P20","grey","grey"
"BMS1P7","grey","grey"
"BMS1P8","grey","grey"
"BOLA3-AS1","grey","grey"
"BRSK1","grey","grey"
"BRWD1-IT1","grey","grey"
"BSN-AS2","grey","grey"
"BTBD7P1","grey","grey"
"BTN2A3P","grey","grey"
"C10orf111","grey","grey"
"C10orf131","grey","grey"
"C10orf91","grey","grey"
"C11orf53","grey","grey"
"C11orf95","grey","grey"
"C12orf50","grey","grey"
"C14orf182","grey","grey"
"C14orf23","grey","grey"
"C15orf53","grey","grey"
"C15orf62","grey","grey"
"C16orf86","grey","grey"
"C16orf98","grey","grey"
"C17orf49","grey","grey"
"C18orf32","grey","grey"
"C19orf18","grey","grey"
"C19orf35","grey","grey"
"C1QTNF9B-AS1","grey","grey"
"C1RL-AS1","grey","grey"
"C1orf101","grey","grey"
"C1orf106","grey","grey"
"C1orf127","grey","grey"
"C1orf189","grey","grey"
"C1orf200","grey","grey"
"C1orf21","grey","grey"
"C1orf233","grey","grey"
"C1orf51","grey","grey"
"C20orf166-AS1","grey","grey"
"C21orf67","grey","grey"
"C22orf26","grey","grey"
"C2orf15","grey","grey"
"C3orf35","grey","grey"
"C4orf26","grey","grey"
"C4orf36","grey","grey"
"C6orf3","grey","grey"
"C7orf25","grey","grey"
"C7orf63","grey","grey"
"C8orf47","grey","grey"
"C9orf147","grey","grey"
"C9orf96","grey","grey"
"CA13","grey","grey"
"CABP4","grey","grey"
"CABYR","grey","grey"
"CACHD1","grey","grey"
"CACNA1C-AS1","grey","grey"
"CACNA1C-AS2","grey","grey"
"CACNA1F","grey","grey"
"CACNA2D2","grey","grey"
"CACNA2D3-AS1","grey","grey"
"CAHM","grey","grey"
"CALCRL","grey","grey"
"CALHM3","grey","grey"
"CALML4","grey","grey"
"CAMK2N2","grey","grey"
"CAMK4","grey","grey"
"CAMSAP3","grey","grey"
"CAPN10-AS1","grey","grey"
"CAPN14","grey","grey"
"CAPN5","grey","grey"
"CAPS2","grey","grey"
"CARD9","grey","grey"
"CASC1","grey","grey"
"CASC15","grey","grey"
"CASC2","grey","grey"
"CASC7","grey","grey"
"CASKIN2","grey","grey"
"CASP5","grey","grey"
"CATSPER3","grey","grey"
"CATSPERG","grey","grey"
"CAV2","grey","grey"
"CBWD7","grey","grey"
"CCAT1","grey","grey"
"CCDC110","grey","grey"
"CCDC13","grey","grey"
"CCDC144CP","grey","grey"
"CCDC147-AS1","grey","grey"
"CCDC173","grey","grey"
"CCDC181","grey","grey"
"CCDC24","grey","grey"
"CCDC3","grey","grey"
"CCDC38","grey","grey"
"CCDC39","grey","grey"
"CCDC65","grey","grey"
"CCDC73","grey","grey"
"CCDC78","grey","grey"
"CCDC80","grey","grey"
"CCDC81","grey","grey"
"CCL1","grey","grey"
"CCL4","grey","grey"
"CCNG2","grey","grey"
"CCR2","grey","grey"
"CCR4","grey","grey"
"CCR6","grey","grey"
"CD109","grey","grey"
"CD14","grey","grey"
"CD1C","grey","grey"
"CD200","grey","grey"
"CD27-AS1","grey","grey"
"CD302","grey","grey"
"CD3E","grey","grey"
"CD4","grey","grey"
"CD40LG","grey","grey"
"CD8A","grey","grey"
"CD9","grey","grey"
"CDC14B","grey","grey"
"CDC42-IT1","grey","grey"
"CDC42BPA","grey","grey"
"CDC42BPG","grey","grey"
"CDH23","grey","grey"
"CDHR1","grey","grey"
"CDHR3","grey","grey"
"CDIPT-AS1","grey","grey"
"CDK12","grey","grey"
"CDKN2A","grey","grey"
"CDKN2B-AS1","grey","grey"
"CDS1","grey","grey"
"CECR3","grey","grey"
"CECR6","grey","grey"
"CECR7","grey","grey"
"CELSR2","grey","grey"
"CEP112","grey","grey"
"CERS6-AS1","grey","grey"
"CES3","grey","grey"
"CFD","grey","grey"
"CFLAR-AS1","grey","grey"
"CGREF1","grey","grey"
"CHAD","grey","grey"
"CHCHD2P6","grey","grey"
"CHI3L2","grey","grey"
"CHKB-AS1","grey","grey"
"CHRM3-AS2","grey","grey"
"CHRNA1","grey","grey"
"CHRNA10","grey","grey"
"CIRBP-AS1","grey","grey"
"CITED4","grey","grey"
"CITF22-1A6.3","grey","grey"
"CITF22-92A6.1","grey","grey"
"CKB","grey","grey"
"CKMT2-AS1","grey","grey"
"CLDN1","grey","grey"
"CLDN14","grey","grey"
"CLDND2","grey","grey"
"CLEC11A","grey","grey"
"CLEC2B","grey","grey"
"CLTCL1","grey","grey"
"CLU","grey","grey"
"CMBL","grey","grey"
"CMTM8","grey","grey"
"CMYA5","grey","grey"
"CNN2P4","grey","grey"
"CNN3","grey","grey"
"CNTF","grey","grey"
"CNTLN","grey","grey"
"COL23A1","grey","grey"
"COLGALT2","grey","grey"
"COX5BP6","grey","grey"
"CPB2-AS1","grey","grey"
"CPEB2-AS1","grey","grey"
"CPM","grey","grey"
"CPNE7","grey","grey"
"CPVL","grey","grey"
"CPXM1","grey","grey"
"CR1L","grey","grey"
"CRB2","grey","grey"
"CREB3L1","grey","grey"
"CREB5","grey","grey"
"CRIP1","grey","grey"
"CRIP3","grey","grey"
"CRK","grey","grey"
"CRLF1","grey","grey"
"CRNDE","grey","grey"
"CRYBA4","grey","grey"
"CRYM","grey","grey"
"CRYM-AS1","grey","grey"
"CSF1","grey","grey"
"CSMD1","grey","grey"
"CSPG4P12","grey","grey"
"CSPG5","grey","grey"
"CST7","grey","grey"
"CSTF3-AS1","grey","grey"
"CTA-126B4.7","grey","grey"
"CTA-14H9.5","grey","grey"
"CTA-204B4.2","grey","grey"
"CTA-211A9.5","grey","grey"
"CTA-212D2.2","grey","grey"
"CTA-217C2.1","grey","grey"
"CTA-217C2.2","grey","grey"
"CTA-223H9.9","grey","grey"
"CTA-228A9.3","grey","grey"
"CTA-246H3.11","grey","grey"
"CTA-246H3.12","grey","grey"
"CTA-292E10.8","grey","grey"
"CTA-293F17.1","grey","grey"
"CTA-29F11.1","grey","grey"
"CTA-342B11.1","grey","grey"
"CTA-373H7.7","grey","grey"
"CTA-384D8.33","grey","grey"
"CTA-384D8.35","grey","grey"
"CTA-392E5.1","grey","grey"
"CTA-407F11.6","grey","grey"
"CTA-407F11.8","grey","grey"
"CTA-445C9.14","grey","grey"
"CTA-833B7.2","grey","grey"
"CTA-85E5.10","grey","grey"
"CTA-989H11.1","grey","grey"
"CTB-102L5.7","grey","grey"
"CTB-113I20.2","grey","grey"
"CTB-113P19.5","grey","grey"
"CTB-114C7.4","grey","grey"
"CTB-118N6.3","grey","grey"
"CTB-119C2.1","grey","grey"
"CTB-11I22.1","grey","grey"
"CTB-129O4.1","grey","grey"
"CTB-129P6.4","grey","grey"
"CTB-12A17.3","grey","grey"
"CTB-131K11.1","grey","grey"
"CTB-13F3.1","grey","grey"
"CTB-152G17.6","grey","grey"
"CTB-161M19.4","grey","grey"
"CTB-167B5.1","grey","grey"
"CTB-167B5.2","grey","grey"
"CTB-171A8.1","grey","grey"
"CTB-175E5.7","grey","grey"
"CTB-175P5.4","grey","grey"
"CTB-17P3.4","grey","grey"
"CTB-181H17.1","grey","grey"
"CTB-191K22.6","grey","grey"
"CTB-30L5.1","grey","grey"
"CTB-31N19.3","grey","grey"
"CTB-31O20.2","grey","grey"
"CTB-31O20.3","grey","grey"
"CTB-32O4.2","grey","grey"
"CTB-40H15.4","grey","grey"
"CTB-41I6.1","grey","grey"
"CTB-41I6.2","grey","grey"
"CTB-43E15.4","grey","grey"
"CTB-43P18.1","grey","grey"
"CTB-46B19.2","grey","grey"
"CTB-47B11.3","grey","grey"
"CTB-50L17.16","grey","grey"
"CTB-50L17.9","grey","grey"
"CTB-52I2.4","grey","grey"
"CTB-55O6.12","grey","grey"
"CTB-58E17.3","grey","grey"
"CTB-75G16.3","grey","grey"
"CTC-1337H24.1","grey","grey"
"CTC-1337H24.2","grey","grey"
"CTC-203F4.2","grey","grey"
"CTC-209H22.3","grey","grey"
"CTC-228N24.3","grey","grey"
"CTC-232P5.1","grey","grey"
"CTC-232P5.3","grey","grey"
"CTC-241F20.3","grey","grey"
"CTC-246B18.10","grey","grey"
"CTC-250I14.3","grey","grey"
"CTC-250I14.6","grey","grey"
"CTC-251D13.1","grey","grey"
"CTC-260E6.6","grey","grey"
"CTC-265F19.2","grey","grey"
"CTC-265F19.3","grey","grey"
"CTC-273B12.10","grey","grey"
"CTC-273B12.6","grey","grey"
"CTC-277H1.7","grey","grey"
"CTC-281F24.1","grey","grey"
"CTC-297N7.5","grey","grey"
"CTC-297N7.8","grey","grey"
"CTC-301O7.4","grey","grey"
"CTC-303L1.2","grey","grey"
"CTC-308K20.1","grey","grey"
"CTC-308K20.2","grey","grey"
"CTC-325J23.2","grey","grey"
"CTC-325J23.3","grey","grey"
"CTC-329D1.2","grey","grey"
"CTC-332L22.1","grey","grey"
"CTC-336P14.1","grey","grey"
"CTC-338M12.4","grey","grey"
"CTC-338M12.5","grey","grey"
"CTC-338M12.6","grey","grey"
"CTC-340A15.2","grey","grey"
"CTC-344H19.4","grey","grey"
"CTC-359D24.3","grey","grey"
"CTC-360G5.1","grey","grey"
"CTC-365E16.1","grey","grey"
"CTC-366B18.4","grey","grey"
"CTC-378H22.1","grey","grey"
"CTC-378H22.2","grey","grey"
"CTC-425F1.4","grey","grey"
"CTC-428G20.3","grey","grey"
"CTC-428G20.6","grey","grey"
"CTC-428H11.2","grey","grey"
"CTC-436K13.1","grey","grey"
"CTC-444N24.11","grey","grey"
"CTC-444N24.13","grey","grey"
"CTC-444N24.6","grey","grey"
"CTC-444N24.8","grey","grey"
"CTC-453G23.8","grey","grey"
"CTC-459F4.1","grey","grey"
"CTC-462L7.1","grey","grey"
"CTC-467M3.1","grey","grey"
"CTC-471F3.6","grey","grey"
"CTC-471J1.2","grey","grey"
"CTC-487M23.5","grey","grey"
"CTC-498J12.3","grey","grey"
"CTC-505O3.3","grey","grey"
"CTC-506B8.1","grey","grey"
"CTC-507E2.1","grey","grey"
"CTC-508F8.1","grey","grey"
"CTC-518P12.6","grey","grey"
"CTC-523E23.1","grey","grey"
"CTC-523E23.11","grey","grey"
"CTC-527H23.3","grey","grey"
"CTC-548K16.2","grey","grey"
"CTC-548K16.5","grey","grey"
"CTC-550B14.7","grey","grey"
"CTC-559E9.5","grey","grey"
"CTC-756D1.2","grey","grey"
"CTD-2001C12.1","grey","grey"
"CTD-2006C1.6","grey","grey"
"CTD-2006H14.2","grey","grey"
"CTD-2008A1.2","grey","grey"
"CTD-2012J19.3","grey","grey"
"CTD-2012K14.6","grey","grey"
"CTD-2012K14.7","grey","grey"
"CTD-2013N24.2","grey","grey"
"CTD-2015H6.3","grey","grey"
"CTD-2017C7.2","grey","grey"
"CTD-2017C7.3","grey","grey"
"CTD-2017D11.1","grey","grey"
"CTD-2020K17.1","grey","grey"
"CTD-2020K17.3","grey","grey"
"CTD-2020K17.4","grey","grey"
"CTD-2023M8.1","grey","grey"
"CTD-2026K11.2","grey","grey"
"CTD-2031P19.3","grey","grey"
"CTD-2033A16.3","grey","grey"
"CTD-2033C11.1","grey","grey"
"CTD-2035E11.3","grey","grey"
"CTD-2035E11.4","grey","grey"
"CTD-2035E11.5","grey","grey"
"CTD-2036P10.3","grey","grey"
"CTD-2044J15.2","grey","grey"
"CTD-2066L21.3","grey","grey"
"CTD-2072I24.1","grey","grey"
"CTD-2081C10.1","grey","grey"
"CTD-2083E4.4","grey","grey"
"CTD-2083E4.6","grey","grey"
"CTD-2085J24.4","grey","grey"
"CTD-2086O20.3","grey","grey"
"CTD-2090I13.1","grey","grey"
"CTD-2105E13.13","grey","grey"
"CTD-2105E13.14","grey","grey"
"CTD-2116N20.1","grey","grey"
"CTD-2132N18.4","grey","grey"
"CTD-2134A5.3","grey","grey"
"CTD-2139B15.2","grey","grey"
"CTD-2152M20.2","grey","grey"
"CTD-2162K18.3","grey","grey"
"CTD-2162K18.5","grey","grey"
"CTD-2165H16.4","grey","grey"
"CTD-2184C24.2","grey","grey"
"CTD-2186M15.3","grey","grey"
"CTD-2192J16.11","grey","grey"
"CTD-2192J16.26","grey","grey"
"CTD-2196E14.4","grey","grey"
"CTD-2196E14.9","grey","grey"
"CTD-2201E18.5","grey","grey"
"CTD-2201G3.1","grey","grey"
"CTD-2203K17.1","grey","grey"
"CTD-2213F21.1","grey","grey"
"CTD-2213F21.2","grey","grey"
"CTD-2227E11.1","grey","grey"
"CTD-2231E14.8","grey","grey"
"CTD-2235C13.2","grey","grey"
"CTD-2235C13.3","grey","grey"
"CTD-2240J17.1","grey","grey"
"CTD-2245F17.3","grey","grey"
"CTD-2248H3.1","grey","grey"
"CTD-2249K22.1","grey","grey"
"CTD-2256P15.2","grey","grey"
"CTD-2256P15.4","grey","grey"
"CTD-2260A17.1","grey","grey"
"CTD-2267D19.2","grey","grey"
"CTD-2267D19.6","grey","grey"
"CTD-2270L9.4","grey","grey"
"CTD-2272G21.2","grey","grey"
"CTD-2283N19.1","grey","grey"
"CTD-2287O16.5","grey","grey"
"CTD-2288F12.1","grey","grey"
"CTD-2292M16.8","grey","grey"
"CTD-2292P10.4","grey","grey"
"CTD-2293H3.1","grey","grey"
"CTD-2302E22.2","grey","grey"
"CTD-2302E22.4","grey","grey"
"CTD-2306M10.1","grey","grey"
"CTD-2310F14.1","grey","grey"
"CTD-2311B13.7","grey","grey"
"CTD-2313J17.1","grey","grey"
"CTD-2313J23.1","grey","grey"
"CTD-2314B22.3","grey","grey"
"CTD-2315E11.1","grey","grey"
"CTD-2319I12.2","grey","grey"
"CTD-2325A15.5","grey","grey"
"CTD-2325M2.1","grey","grey"
"CTD-2328D6.1","grey","grey"
"CTD-2331H12.7","grey","grey"
"CTD-2336O2.1","grey","grey"
"CTD-2337I7.1","grey","grey"
"CTD-2339L15.3","grey","grey"
"CTD-2341M24.1","grey","grey"
"CTD-2342J14.6","grey","grey"
"CTD-2342N23.3","grey","grey"
"CTD-2349P21.5","grey","grey"
"CTD-2349P21.9","grey","grey"
"CTD-2350C19.1","grey","grey"
"CTD-2350C19.2","grey","grey"
"CTD-2353F22.1","grey","grey"
"CTD-2357A8.3","grey","grey"
"CTD-2366F13.1","grey","grey"
"CTD-2366F13.2","grey","grey"
"CTD-2369P2.4","grey","grey"
"CTD-2369P2.8","grey","grey"
"CTD-2373H9.5","grey","grey"
"CTD-2376I4.2","grey","grey"
"CTD-2377D24.6","grey","grey"
"CTD-2382E5.1","grey","grey"
"CTD-2384B11.2","grey","grey"
"CTD-2410N18.3","grey","grey"
"CTD-2501E16.2","grey","grey"
"CTD-2509G16.5","grey","grey"
"CTD-2514K5.2","grey","grey"
"CTD-2516F10.2","grey","grey"
"CTD-2517M22.17","grey","grey"
"CTD-2517O10.6","grey","grey"
"CTD-2521M24.5","grey","grey"
"CTD-2525I3.2","grey","grey"
"CTD-2526A2.2","grey","grey"
"CTD-2527I21.7","grey","grey"
"CTD-2528L19.6","grey","grey"
"CTD-2532N20.1","grey","grey"
"CTD-2534I21.8","grey","grey"
"CTD-2537I9.12","grey","grey"
"CTD-2537I9.13","grey","grey"
"CTD-2537I9.5","grey","grey"
"CTD-2538C1.2","grey","grey"
"CTD-2540F13.2","grey","grey"
"CTD-2540L5.6","grey","grey"
"CTD-2541M15.1","grey","grey"
"CTD-2541M15.4","grey","grey"
"CTD-2542L18.1","grey","grey"
"CTD-2544N14.3","grey","grey"
"CTD-2547L16.1","grey","grey"
"CTD-2547L24.4","grey","grey"
"CTD-2552B11.2","grey","grey"
"CTD-2555A7.2","grey","grey"
"CTD-2555A7.3","grey","grey"
"CTD-2555K7.4","grey","grey"
"CTD-2555O16.2","grey","grey"
"CTD-2555O16.3","grey","grey"
"CTD-2555O16.4","grey","grey"
"CTD-2561B21.11","grey","grey"
"CTD-2562J15.4","grey","grey"
"CTD-2562J15.6","grey","grey"
"CTD-2568A17.1","grey","grey"
"CTD-2568A17.5","grey","grey"
"CTD-2568A17.8","grey","grey"
"CTD-2574D22.2","grey","grey"
"CTD-2576D5.4","grey","grey"
"CTD-2583P5.3","grey","grey"
"CTD-2587H19.1","grey","grey"
"CTD-2587M2.1","grey","grey"
"CTD-2588C8.8","grey","grey"
"CTD-2589H19.6","grey","grey"
"CTD-2611O12.7","grey","grey"
"CTD-2616J11.14","grey","grey"
"CTD-2619J13.14","grey","grey"
"CTD-2619J13.17","grey","grey"
"CTD-2619J13.19","grey","grey"
"CTD-2620I22.3","grey","grey"
"CTD-2620I22.7","grey","grey"
"CTD-2623N2.11","grey","grey"
"CTD-2630F21.1","grey","grey"
"CTD-2631K10.1","grey","grey"
"CTD-2636A23.2","grey","grey"
"CTD-2639E6.4","grey","grey"
"CTD-2639E6.9","grey","grey"
"CTD-2651B20.1","grey","grey"
"CTD-2651B20.3","grey","grey"
"CTD-2659N19.10","grey","grey"
"CTD-3025N20.3","grey","grey"
"CTD-3035D6.2","grey","grey"
"CTD-3064H18.1","grey","grey"
"CTD-3064H18.4","grey","grey"
"CTD-3064M3.4","grey","grey"
"CTD-3064M3.7","grey","grey"
"CTD-3065B20.2","grey","grey"
"CTD-3065J16.9","grey","grey"
"CTD-3074O7.12","grey","grey"
"CTD-3074O7.5","grey","grey"
"CTD-3093M3.1","grey","grey"
"CTD-3105H18.13","grey","grey"
"CTD-3105H18.14","grey","grey"
"CTD-3128G10.6","grey","grey"
"CTD-3131K8.2","grey","grey"
"CTD-3131K8.3","grey","grey"
"CTD-3138B18.5","grey","grey"
"CTD-3184A7.4","grey","grey"
"CTD-3185P2.1","grey","grey"
"CTD-3193K9.4","grey","grey"
"CTD-3193O13.13","grey","grey"
"CTD-3193O13.8","grey","grey"
"CTD-3195I5.1","grey","grey"
"CTD-3195I5.4","grey","grey"
"CTD-3195I5.5","grey","grey"
"CTD-3203P2.1","grey","grey"
"CTD-3222D19.7","grey","grey"
"CTD-3224K15.2","grey","grey"
"CTD-3224K15.3","grey","grey"
"CTD-3234P18.2","grey","grey"
"CTH","grey","grey"
"CTLA4","grey","grey"
"CTSW","grey","grey"
"CTTN","grey","grey"
"CTTNBP2NL","grey","grey"
"CXADR","grey","grey"
"CXCL11","grey","grey"
"CXCL12","grey","grey"
"CXCL13","grey","grey"
"CXCL9","grey","grey"
"CXCR3","grey","grey"
"CXorf31","grey","grey"
"CXorf58","grey","grey"
"CYB5D2","grey","grey"
"CYP19A1","grey","grey"
"CYP1A1","grey","grey"
"CYP27A1","grey","grey"
"CYP2C8","grey","grey"
"CYP2D6","grey","grey"
"CYP2D8P1","grey","grey"
"CYP4F3","grey","grey"
"CYP4F35P","grey","grey"
"CYP4F59P","grey","grey"
"CYR61","grey","grey"
"CYTH3","grey","grey"
"DBIL5P","grey","grey"
"DCC","grey","grey"
"DCHS1","grey","grey"
"DDIT4L","grey","grey"
"DDTL","grey","grey"
"DDX10P2","grey","grey"
"DDX11-AS1","grey","grey"
"DDX26B-AS1","grey","grey"
"DDX39B-AS1","grey","grey"
"DENND5A","grey","grey"
"DENND5B-AS1","grey","grey"
"DEPDC7","grey","grey"
"DFNA5","grey","grey"
"DGCR6","grey","grey"
"DHRS2","grey","grey"
"DHRS9","grey","grey"
"DIAPH2-AS1","grey","grey"
"DICER1-AS1","grey","grey"
"DIO2","grey","grey"
"DIO3OS","grey","grey"
"DIP2C","grey","grey"
"DISP1","grey","grey"
"DKFZP434E1119","grey","grey"
"DKFZP779L1853","grey","grey"
"DLG1-AS1","grey","grey"
"DLG3-AS1","grey","grey"
"DLG5","grey","grey"
"DLGAP1-AS1","grey","grey"
"DLGAP1-AS2","grey","grey"
"DLX2","grey","grey"
"DLX6-AS1","grey","grey"
"DMGDH","grey","grey"
"DMTN","grey","grey"
"DMXL2","grey","grey"
"DNAH14","grey","grey"
"DNAH5","grey","grey"
"DNAH8","grey","grey"
"DNAJB1","grey","grey"
"DNAJC12","grey","grey"
"DNAJC27-AS1","grey","grey"
"DNAJC3-AS1","grey","grey"
"DNAJC9-AS1","grey","grey"
"DNAL1","grey","grey"
"DNASE1L2","grey","grey"
"DNASE1L3","grey","grey"
"DNM1","grey","grey"
"DNM1P35","grey","grey"
"DNM1P46","grey","grey"
"DNM1P47","grey","grey"
"DNM3OS","grey","grey"
"DOCK6","grey","grey"
"DOCK9-AS2","grey","grey"
"DOK7","grey","grey"
"DPY19L1P1","grey","grey"
"DPYSL3","grey","grey"
"DPYSL4","grey","grey"
"DRAXIN","grey","grey"
"DRP2","grey","grey"
"DSCR9","grey","grey"
"DSG2","grey","grey"
"DUSP15","grey","grey"
"DYNLL1-AS1","grey","grey"
"DYNLRB2","grey","grey"
"EAF1-AS1","grey","grey"
"ECM1","grey","grey"
"EDA2R","grey","grey"
"EDC4","grey","grey"
"EDN1","grey","grey"
"EDNRB","grey","grey"
"EFCAB12","grey","grey"
"EFCAB6-AS1","grey","grey"
"EFHB","grey","grey"
"EGOT","grey","grey"
"EGR1","grey","grey"
"EGR3","grey","grey"
"EIF3J-AS1","grey","grey"
"ELF3","grey","grey"
"ELFN1","grey","grey"
"ELOVL4","grey","grey"
"EMBP1","grey","grey"
"EML1","grey","grey"
"EMX1","grey","grey"
"ENO1-AS1","grey","grey"
"ENO1-IT1","grey","grey"
"ENPP2","grey","grey"
"ENPP6","grey","grey"
"ENPP7","grey","grey"
"ENTPD1-AS1","grey","grey"
"ENTPD3-AS1","grey","grey"
"EPAS1","grey","grey"
"EPB41L1","grey","grey"
"EPHA1-AS1","grey","grey"
"EPHB1","grey","grey"
"EPS15P1","grey","grey"
"EREG","grey","grey"
"ESAM","grey","grey"
"EVA1B","grey","grey"
"EXPH5","grey","grey"
"EXTL3-AS1","grey","grey"
"EYA2","grey","grey"
"F2RL3","grey","grey"
"FABP6","grey","grey"
"FAM109B","grey","grey"
"FAM13A-AS1","grey","grey"
"FAM154B","grey","grey"
"FAM156B","grey","grey"
"FAM169A","grey","grey"
"FAM171B","grey","grey"
"FAM179A","grey","grey"
"FAM183B","grey","grey"
"FAM184A","grey","grey"
"FAM194A","grey","grey"
"FAM207BP","grey","grey"
"FAM209A","grey","grey"
"FAM209B","grey","grey"
"FAM211B","grey","grey"
"FAM218A","grey","grey"
"FAM227A","grey","grey"
"FAM27A","grey","grey"
"FAM41C","grey","grey"
"FAM43A","grey","grey"
"FAM46A","grey","grey"
"FAM53A","grey","grey"
"FAM57B","grey","grey"
"FAM66B","grey","grey"
"FAM66C","grey","grey"
"FAM66D","grey","grey"
"FAM71E1","grey","grey"
"FAM71F2","grey","grey"
"FAM83C-AS1","grey","grey"
"FAM83H-AS1","grey","grey"
"FAM85A","grey","grey"
"FAM85B","grey","grey"
"FAM86B3P","grey","grey"
"FAM86HP","grey","grey"
"FAM90A26","grey","grey"
"FARP1-AS1","grey","grey"
"FBN1","grey","grey"
"FBP1","grey","grey"
"FBXL14","grey","grey"
"FBXL19-AS1","grey","grey"
"FBXL2","grey","grey"
"FBXL8","grey","grey"
"FBXO15","grey","grey"
"FBXO17","grey","grey"
"FCRL2","grey","grey"
"FCRL4","grey","grey"
"FCRLA","grey","grey"
"FDX1L","grey","grey"
"FEZ1","grey","grey"
"FGD5-AS1","grey","grey"
"FGF11","grey","grey"
"FGF12","grey","grey"
"FGF14-AS2","grey","grey"
"FGF14-IT1","grey","grey"
"FGF18","grey","grey"
"FGF2","grey","grey"
"FGFBP2","grey","grey"
"FILIP1L","grey","grey"
"FLG-AS1","grey","grey"
"FLJ20306","grey","grey"
"FLNB-AS1","grey","grey"
"FLT1","grey","grey"
"FLT3LG","grey","grey"
"FLVCR1-AS1","grey","grey"
"FLVCR2","grey","grey"
"FMN1","grey","grey"
"FMR1-AS1","grey","grey"
"FN3K","grey","grey"
"FNBP1L","grey","grey"
"FOXA3","grey","grey"
"FOXD2-AS1","grey","grey"
"FOXD4","grey","grey"
"FOXN3-AS1","grey","grey"
"FOXP1-IT1","grey","grey"
"FRK","grey","grey"
"FRMD4B","grey","grey"
"FRY-AS1","grey","grey"
"FRZB","grey","grey"
"FSTL3","grey","grey"
"FTO-IT1","grey","grey"
"FTX","grey","grey"
"FZD2","grey","grey"
"FZD5","grey","grey"
"FZD7","grey","grey"
"GABARAP","grey","grey"
"GABRB2","grey","grey"
"GADD45G","grey","grey"
"GAL3ST4","grey","grey"
"GAMT","grey","grey"
"GAP43","grey","grey"
"GAREM","grey","grey"
"GAS1","grey","grey"
"GAS5-AS1","grey","grey"
"GAS6-AS1","grey","grey"
"GAS6-AS2","grey","grey"
"GAS7","grey","grey"
"GBP4","grey","grey"
"GCHFR","grey","grey"
"GCNT1","grey","grey"
"GDF15","grey","grey"
"GDPGP1","grey","grey"
"GFRA3","grey","grey"
"GH1","grey","grey"
"GHRL","grey","grey"
"GHRLOS","grey","grey"
"GIMAP1","grey","grey"
"GIMAP5","grey","grey"
"GIMAP7","grey","grey"
"GJA3","grey","grey"
"GJB2","grey","grey"
"GJC1","grey","grey"
"GLI1","grey","grey"
"GLIS2","grey","grey"
"GLRA3","grey","grey"
"GLS2","grey","grey"
"GLUL","grey","grey"
"GNAI1","grey","grey"
"GNAO1","grey","grey"
"GNAS-AS1","grey","grey"
"GNG8","grey","grey"
"GNLY","grey","grey"
"GNMT","grey","grey"
"GOLM1","grey","grey"
"GPC1","grey","grey"
"GPER1","grey","grey"
"GPR137C","grey","grey"
"GPR157","grey","grey"
"GPR183","grey","grey"
"GPR3","grey","grey"
"GPR34","grey","grey"
"GPR35","grey","grey"
"GPR75","grey","grey"
"GPR82","grey","grey"
"GPR89B","grey","grey"
"GPRASP1","grey","grey"
"GPRASP2","grey","grey"
"GPRC5C","grey","grey"
"GPRC5D","grey","grey"
"GRAP2","grey","grey"
"GRB10","grey","grey"
"GRB14","grey","grey"
"GREM2","grey","grey"
"GRIK5","grey","grey"
"GRIN2D","grey","grey"
"GS1-114I9.1","grey","grey"
"GS1-124K5.11","grey","grey"
"GS1-124K5.3","grey","grey"
"GS1-124K5.4","grey","grey"
"GS1-166A23.2","grey","grey"
"GS1-259H13.2","grey","grey"
"GS1-279B7.2","grey","grey"
"GS1-393G12.12","grey","grey"
"GS1-393G12.14","grey","grey"
"GSG1","grey","grey"
"GSTA4","grey","grey"
"GSTM5","grey","grey"
"GTSF1L","grey","grey"
"GVQW1","grey","grey"
"GZMB","grey","grey"
"GZMH","grey","grey"
"GZMM","grey","grey"
"H1FX-AS1","grey","grey"
"HAL","grey","grey"
"HAVCR2","grey","grey"
"HBD","grey","grey"
"HCG14","grey","grey"
"HCG17","grey","grey"
"HCG18","grey","grey"
"HCG21","grey","grey"
"HCG23","grey","grey"
"HCG25","grey","grey"
"HCG4P11","grey","grey"
"HCG9","grey","grey"
"HEATR4","grey","grey"
"HEMGN","grey","grey"
"HEPACAM2","grey","grey"
"HERC2P3","grey","grey"
"HES7","grey","grey"
"HEXA-AS1","grey","grey"
"HEY1","grey","grey"
"HIC1","grey","grey"
"HIC2","grey","grey"
"HIF1A-AS2","grey","grey"
"HIGD1C","grey","grey"
"HIST1H1A","grey","grey"
"HIST1H1D","grey","grey"
"HIST1H2AM","grey","grey"
"HIST1H2BL","grey","grey"
"HIST1H3B","grey","grey"
"HIST1H3D","grey","grey"
"HIST1H3G","grey","grey"
"HIST1H3H","grey","grey"
"HIST1H3PS1","grey","grey"
"HIST1H4D","grey","grey"
"HIST1H4I","grey","grey"
"HIST1H4L","grey","grey"
"HIST2H2AB","grey","grey"
"HLA-DOB","grey","grey"
"HLA-DQB1-AS1","grey","grey"
"HLA-V","grey","grey"
"HLF","grey","grey"
"HM13-AS1","grey","grey"
"HM13-IT1","grey","grey"
"HMGA1P4","grey","grey"
"HMGB1P3","grey","grey"
"HMGB1P44","grey","grey"
"HMGN1P15","grey","grey"
"HMGN2P19","grey","grey"
"HMGN3-AS1","grey","grey"
"HMOX1","grey","grey"
"HNRNPA1P16","grey","grey"
"HNRNPA1P26","grey","grey"
"HNRNPA1P38","grey","grey"
"HNRNPA1P57","grey","grey"
"HNRNPLP1","grey","grey"
"HNRNPU-AS1","grey","grey"
"HOMER3","grey","grey"
"HOTTIP","grey","grey"
"HOXA4","grey","grey"
"HOXA5","grey","grey"
"HOXA7","grey","grey"
"HOXA9","grey","grey"
"HOXB-AS1","grey","grey"
"HOXB6","grey","grey"
"HOXB9","grey","grey"
"HPX","grey","grey"
"HRASLS","grey","grey"
"HSD17B1","grey","grey"
"HSP90B1","grey","grey"
"HSPA1B","grey","grey"
"HSPA5","grey","grey"
"HSPG2","grey","grey"
"HTR4","grey","grey"
"HTR7P1","grey","grey"
"HTRA4","grey","grey"
"HVCN1","grey","grey"
"HYI-AS1","grey","grey"
"HYPK","grey","grey"
"ICAM5","grey","grey"
"ID1","grey","grey"
"IDH1-AS1","grey","grey"
"IDI2-AS1","grey","grey"
"IDO2","grey","grey"
"IER3","grey","grey"
"IFITM10","grey","grey"
"IFITM2","grey","grey"
"IFNGR1","grey","grey"
"IGF2BP2","grey","grey"
"IGFBP4","grey","grey"
"IGHA1","grey","grey"
"IGHA2","grey","grey"
"IGHEP1","grey","grey"
"IGHM","grey","grey"
"IGSF6","grey","grey"
"IL11","grey","grey"
"IL17RB","grey","grey"
"IL17RC","grey","grey"
"IL18BP","grey","grey"
"IL18RAP","grey","grey"
"IL1A","grey","grey"
"IL21R-AS1","grey","grey"
"IL23A","grey","grey"
"IL27","grey","grey"
"IL4I1","grey","grey"
"IL6R","grey","grey"
"IL8","grey","grey"
"IL9R","grey","grey"
"ILDR2","grey","grey"
"ILF3-AS1","grey","grey"
"INE1","grey","grey"
"INHBE","grey","grey"
"INPP5J","grey","grey"
"INSM1","grey","grey"
"INTU","grey","grey"
"IPCEF1","grey","grey"
"IPO9-AS1","grey","grey"
"IQCC","grey","grey"
"IQCD","grey","grey"
"IQCG","grey","grey"
"IQCH-AS1","grey","grey"
"IQCK","grey","grey"
"IRF5","grey","grey"
"ISPD","grey","grey"
"ITGA1","grey","grey"
"ITGA5","grey","grey"
"ITGAX","grey","grey"
"ITGB1","grey","grey"
"ITGB1BP2","grey","grey"
"ITGB8","grey","grey"
"ITPKA","grey","grey"
"ITPKB-AS1","grey","grey"
"ITPR1-AS1","grey","grey"
"ITPRIPL2","grey","grey"
"JAG2","grey","grey"
"JARID2-AS1","grey","grey"
"JAZF1-AS1","grey","grey"
"JHDM1D-AS1","grey","grey"
"JMJD1C-AS1","grey","grey"
"JPX","grey","grey"
"JSRP1","grey","grey"
"KANK2","grey","grey"
"KANK3","grey","grey"
"KATNAL2","grey","grey"
"KAZN","grey","grey"
"KB-1043D8.6","grey","grey"
"KB-1047C11.2","grey","grey"
"KB-1125A3.11","grey","grey"
"KB-1208A12.3","grey","grey"
"KB-1410C5.5","grey","grey"
"KB-1440D3.13","grey","grey"
"KB-1460A1.5","grey","grey"
"KB-1507C5.4","grey","grey"
"KB-1615E4.2","grey","grey"
"KB-1732A1.1","grey","grey"
"KB-173C10.1","grey","grey"
"KB-208E9.1","grey","grey"
"KB-226F1.1","grey","grey"
"KB-226F1.2","grey","grey"
"KBTBD11-OT1","grey","grey"
"KBTBD12","grey","grey"
"KCNC4-AS1","grey","grey"
"KCND1","grey","grey"
"KCNE1","grey","grey"
"KCNG1","grey","grey"
"KCNIP2","grey","grey"
"KCNIP2-AS1","grey","grey"
"KCNK1","grey","grey"
"KCNQ1DN","grey","grey"
"KCNQ4","grey","grey"
"KCNRG","grey","grey"
"KCP","grey","grey"
"KCTD14","grey","grey"
"KCTD21-AS1","grey","grey"
"KDM4A-AS1","grey","grey"
"KIAA0895","grey","grey"
"KIAA1211","grey","grey"
"KIAA1217","grey","grey"
"KIAA1244","grey","grey"
"KIAA1875","grey","grey"
"KIAA1984-AS1","grey","grey"
"KIAA2022","grey","grey"
"KIF25-AS1","grey","grey"
"KIF5A","grey","grey"
"KIF7","grey","grey"
"KIF9-AS1","grey","grey"
"KIRREL2","grey","grey"
"KLHDC1","grey","grey"
"KLHL13","grey","grey"
"KLHL14","grey","grey"
"KLHL29","grey","grey"
"KLHL34","grey","grey"
"KLHL7-AS1","grey","grey"
"KLK1","grey","grey"
"KLKP1","grey","grey"
"KLRF1","grey","grey"
"KLRF2","grey","grey"
"KLRG1","grey","grey"
"KMT2E-AS1","grey","grey"
"KREMEN1","grey","grey"
"KREMEN2","grey","grey"
"KRT18","grey","grey"
"KRT18P62","grey","grey"
"KRT7","grey","grey"
"KRT8","grey","grey"
"KTN1-AS1","grey","grey"
"L1CAM","grey","grey"
"L3MBTL4","grey","grey"
"LA16c-312E8.2","grey","grey"
"LA16c-325D7.2","grey","grey"
"LA16c-329F2.1","grey","grey"
"LA16c-358B7.3","grey","grey"
"LA16c-380H5.4","grey","grey"
"LA16c-380H5.5","grey","grey"
"LA16c-385E7.1","grey","grey"
"LA16c-390E6.3","grey","grey"
"LA16c-OS12.2","grey","grey"
"LAMTOR5-AS1","grey","grey"
"LBX2-AS1","grey","grey"
"LCA5L","grey","grey"
"LCE1E","grey","grey"
"LEF1","grey","grey"
"LEFTY2","grey","grey"
"LENG8-AS1","grey","grey"
"LEPREL4","grey","grey"
"LEUTX","grey","grey"
"LGALS8-AS1","grey","grey"
"LGR4","grey","grey"
"LHX1","grey","grey"
"LILRA4","grey","grey"
"LILRB1","grey","grey"
"LIMD1-AS1","grey","grey"
"LIN37","grey","grey"
"LINC00032","grey","grey"
"LINC00035","grey","grey"
"LINC00085","grey","grey"
"LINC00092","grey","grey"
"LINC00094","grey","grey"
"LINC00106","grey","grey"
"LINC00115","grey","grey"
"LINC00167","grey","grey"
"LINC00174","grey","grey"
"LINC00176","grey","grey"
"LINC00184","grey","grey"
"LINC00202-1","grey","grey"
"LINC00205","grey","grey"
"LINC00240","grey","grey"
"LINC00264","grey","grey"
"LINC00265","grey","grey"
"LINC00271","grey","grey"
"LINC00304","grey","grey"
"LINC00309","grey","grey"
"LINC00310","grey","grey"
"LINC00312","grey","grey"
"LINC00336","grey","grey"
"LINC00337","grey","grey"
"LINC00339","grey","grey"
"LINC00341","grey","grey"
"LINC00384","grey","grey"
"LINC00421","grey","grey"
"LINC00426","grey","grey"
"LINC00441","grey","grey"
"LINC00449","grey","grey"
"LINC00461","grey","grey"
"LINC00466","grey","grey"
"LINC00470","grey","grey"
"LINC00477","grey","grey"
"LINC00487","grey","grey"
"LINC00493","grey","grey"
"LINC00504","grey","grey"
"LINC00511","grey","grey"
"LINC00515","grey","grey"
"LINC00526","grey","grey"
"LINC00528","grey","grey"
"LINC00537","grey","grey"
"LINC00539","grey","grey"
"LINC00544","grey","grey"
"LINC00562","grey","grey"
"LINC00565","grey","grey"
"LINC00568","grey","grey"
"LINC00571","grey","grey"
"LINC00574","grey","grey"
"LINC00607","grey","grey"
"LINC00610","grey","grey"
"LINC00617","grey","grey"
"LINC00618","grey","grey"
"LINC00630","grey","grey"
"LINC00634","grey","grey"
"LINC00638","grey","grey"
"LINC00640","grey","grey"
"LINC00649","grey","grey"
"LINC00652","grey","grey"
"LINC00654","grey","grey"
"LINC00659","grey","grey"
"LINC00662","grey","grey"
"LINC00663","grey","grey"
"LINC00664","grey","grey"
"LINC00668","grey","grey"
"LINC00672","grey","grey"
"LINC00683","grey","grey"
"LINC00685","grey","grey"
"LINC00691","grey","grey"
"LINC00698","grey","grey"
"LINC00704","grey","grey"
"LINC00707","grey","grey"
"LINC00843","grey","grey"
"LINC00846","grey","grey"
"LINC00852","grey","grey"
"LINC00853","grey","grey"
"LINC00857","grey","grey"
"LINC00861","grey","grey"
"LINC00862","grey","grey"
"LINC00863","grey","grey"
"LINC00867","grey","grey"
"LINC00877","grey","grey"
"LINC00880","grey","grey"
"LINC00881","grey","grey"
"LINC00882","grey","grey"
"LINC00883","grey","grey"
"LINC00884","grey","grey"
"LINC00887","grey","grey"
"LINC00890","grey","grey"
"LINC00893","grey","grey"
"LINC00894","grey","grey"
"LINC00896","grey","grey"
"LINC00907","grey","grey"
"LINC00909","grey","grey"
"LINC00910","grey","grey"
"LINC00920","grey","grey"
"LINC00925","grey","grey"
"LINC00936","grey","grey"
"LINC00937","grey","grey"
"LINC00938","grey","grey"
"LINC00944","grey","grey"
"LINC00957","grey","grey"
"LINC00959","grey","grey"
"LINC00969","grey","grey"
"LINC00971","grey","grey"
"LINC00984","grey","grey"
"LINC00987","grey","grey"
"LINC00992","grey","grey"
"LINC00996","grey","grey"
"LINC01001","grey","grey"
"LINC01003","grey","grey"
"LINC01004","grey","grey"
"LINC01006","grey","grey"
"LINC01010","grey","grey"
"LINC01011","grey","grey"
"LINC01021","grey","grey"
"LINC01023","grey","grey"
"LINC01024","grey","grey"
"LINC01036","grey","grey"
"LINC01037","grey","grey"
"LINC01053","grey","grey"
"LINC01063","grey","grey"
"LINGO1","grey","grey"
"LIPE-AS1","grey","grey"
"LIPH","grey","grey"
"LL09NC01-251B2.3","grey","grey"
"LL0XNC01-116E7.2","grey","grey"
"LL0XNC01-237H1.2","grey","grey"
"LL0XNC01-7P3.1","grey","grey"
"LL21NC02-1C16.2","grey","grey"
"LL22NC03-32F9.1","grey","grey"
"LL22NC03-86G7.1","grey","grey"
"LL22NC03-N27C7.1","grey","grey"
"LMCD1-AS1","grey","grey"
"LMF1","grey","grey"
"LMO2","grey","grey"
"LMO7","grey","grey"
"LONRF3","grey","grey"
"LOXL1-AS1","grey","grey"
"LOXL2","grey","grey"
"LPAL2","grey","grey"
"LPAR6","grey","grey"
"LPCAT2","grey","grey"
"LPP-AS1","grey","grey"
"LPP-AS2","grey","grey"
"LRG1","grey","grey"
"LRP12","grey","grey"
"LRP4-AS1","grey","grey"
"LRRC17","grey","grey"
"LRRC24","grey","grey"
"LRRC25","grey","grey"
"LRRC26","grey","grey"
"LRRC27","grey","grey"
"LRRC3","grey","grey"
"LRRC36","grey","grey"
"LRRC37A7P","grey","grey"
"LRRC46","grey","grey"
"LRRC56","grey","grey"
"LRRC6","grey","grey"
"LRRIQ1","grey","grey"
"LRRIQ4","grey","grey"
"LRRN2","grey","grey"
"LRRN3","grey","grey"
"LSAMP","grey","grey"
"LSMEM1","grey","grey"
"LST1","grey","grey"
"LTB4R2","grey","grey"
"LUCAT1","grey","grey"
"LY6G6C","grey","grey"
"LY86-AS1","grey","grey"
"M1AP","grey","grey"
"MACROD2","grey","grey"
"MACROD2-AS1","grey","grey"
"MAF","grey","grey"
"MAFG-AS1","grey","grey"
"MAL","grey","grey"
"MAMDC2-AS1","grey","grey"
"MAML3","grey","grey"
"MANEA-AS1","grey","grey"
"MAP1A","grey","grey"
"MAP1B","grey","grey"
"MAP3K11","grey","grey"
"MAP3K14-AS1","grey","grey"
"MAP6D1","grey","grey"
"MAPKAPK5-AS1","grey","grey"
"MAPRE1P1","grey","grey"
"MARCKSL1","grey","grey"
"MARCKSL1P2","grey","grey"
"MARVELD2","grey","grey"
"MAST4","grey","grey"
"MAST4-AS1","grey","grey"
"MATK","grey","grey"
"MBL1P","grey","grey"
"MBNL1-AS1","grey","grey"
"MCAM","grey","grey"
"MCF2","grey","grey"
"MCF2L-AS1","grey","grey"
"MCM3AP-AS1","grey","grey"
"MCOLN2","grey","grey"
"MCTP1","grey","grey"
"MDM2","grey","grey"
"ME1","grey","grey"
"MED14-AS1","grey","grey"
"MEF2C-AS1","grey","grey"
"MEG3","grey","grey"
"MEGF6","grey","grey"
"MEIG1","grey","grey"
"MEIS1-AS2","grey","grey"
"MEIS2","grey","grey"
"MESP2","grey","grey"
"MFI2","grey","grey"
"MFI2-AS1","grey","grey"
"MFSD6L","grey","grey"
"MFSD7","grey","grey"
"MGLL","grey","grey"
"MID1","grey","grey"
"MID1IP1-AS1","grey","grey"
"MIOX","grey","grey"
"MIR1254-1","grey","grey"
"MIR1302-10","grey","grey"
"MIR146A","grey","grey"
"MIR1539","grey","grey"
"MIR1587","grey","grey"
"MIR181A1HG","grey","grey"
"MIR181A2HG","grey","grey"
"MIR210HG","grey","grey"
"MIR24-2","grey","grey"
"MIR26B","grey","grey"
"MIR296","grey","grey"
"MIR29B1","grey","grey"
"MIR302B","grey","grey"
"MIR3150B","grey","grey"
"MIR3179-1","grey","grey"
"MIR3191","grey","grey"
"MIR3609","grey","grey"
"MIR3945","grey","grey"
"MIR4453","grey","grey"
"MIR4458HG","grey","grey"
"MIR4477B","grey","grey"
"MIR4482-1","grey","grey"
"MIR4519","grey","grey"
"MIR4523","grey","grey"
"MIR497HG","grey","grey"
"MIR503HG","grey","grey"
"MIR548AC","grey","grey"
"MIR659","grey","grey"
"MIR940","grey","grey"
"MIS18A-AS1","grey","grey"
"MITF","grey","grey"
"MKX","grey","grey"
"MLC1","grey","grey"
"MLK7-AS1","grey","grey"
"MLLT1","grey","grey"
"MMP14","grey","grey"
"MMP25","grey","grey"
"MORC2-AS1","grey","grey"
"MORF4L2-AS1","grey","grey"
"MPP2","grey","grey"
"MPV17L","grey","grey"
"MPZL2","grey","grey"
"MROH6","grey","grey"
"MRPL53","grey","grey"
"MRPS24","grey","grey"
"MRVI1-AS1","grey","grey"
"MS4A4A","grey","grey"
"MSTN","grey","grey"
"MT1DP","grey","grey"
"MT1F","grey","grey"
"MTND2P28","grey","grey"
"MTND4LP1","grey","grey"
"MTND5P15","grey","grey"
"MTTP","grey","grey"
"MTUS2","grey","grey"
"MVB12B","grey","grey"
"MYBPC3","grey","grey"
"MYC","grey","grey"
"MYCBP2-AS1","grey","grey"
"MYLK-AS1","grey","grey"
"MYLK2","grey","grey"
"MYO10","grey","grey"
"MYO1B","grey","grey"
"MYO9A","grey","grey"
"MYOF","grey","grey"
"MYOM1","grey","grey"
"NAALADL2-AS2","grey","grey"
"NACC2","grey","grey"
"NAGS","grey","grey"
"NAMPTL","grey","grey"
"NANOS1","grey","grey"
"NAP1L2","grey","grey"
"NAPA-AS1","grey","grey"
"NAPSA","grey","grey"
"NAPSB","grey","grey"
"NARF-IT1","grey","grey"
"NAT8L","grey","grey"
"NAV2","grey","grey"
"NAV2-AS3","grey","grey"
"NBL1","grey","grey"
"NBPF18P","grey","grey"
"NCALD","grey","grey"
"NCMAP","grey","grey"
"NCR3","grey","grey"
"NCR3LG1","grey","grey"
"NDN","grey","grey"
"NDUFA4L2","grey","grey"
"NDUFB2-AS1","grey","grey"
"NEB","grey","grey"
"NEFH","grey","grey"
"NEK6","grey","grey"
"NEURL2","grey","grey"
"NEURL3","grey","grey"
"NEXN","grey","grey"
"NFASC","grey","grey"
"NGFR","grey","grey"
"NINJ1","grey","grey"
"NIPAL1","grey","grey"
"NKD1","grey","grey"
"NKG7","grey","grey"
"NKX6-3","grey","grey"
"NLGN4X","grey","grey"
"NLGN4Y","grey","grey"
"NLRC4","grey","grey"
"NLRP14","grey","grey"
"NLRP2","grey","grey"
"NLRP7","grey","grey"
"NME4","grey","grey"
"NME5","grey","grey"
"NMU","grey","grey"
"NNAT","grey","grey"
"NNT-AS1","grey","grey"
"NOL9","grey","grey"
"NOMO2","grey","grey"
"NOP14-AS1","grey","grey"
"NPAS1","grey","grey"
"NPB","grey","grey"
"NPIPB1P","grey","grey"
"NPIPB6","grey","grey"
"NPM2","grey","grey"
"NPPA-AS1","grey","grey"
"NPTX1","grey","grey"
"NPTXR","grey","grey"
"NR5A2","grey","grey"
"NRARP","grey","grey"
"NRCAM","grey","grey"
"NSG1","grey","grey"
"NSRP1P1","grey","grey"
"NT5DC4","grey","grey"
"NTNG1","grey","grey"
"NTRK3","grey","grey"
"NUDT11","grey","grey"
"NUDT7","grey","grey"
"NUTM2A-AS1","grey","grey"
"NXN","grey","grey"
"OAZ3","grey","grey"
"ODF1","grey","grey"
"OGDHL","grey","grey"
"OGFOD2","grey","grey"
"OLIG3","grey","grey"
"OR2A1-AS1","grey","grey"
"OR7E109P","grey","grey"
"OR7E14P","grey","grey"
"OSBPL1A","grey","grey"
"OSGEPL1-AS1","grey","grey"
"OSR2","grey","grey"
"OSTN-AS1","grey","grey"
"OTP","grey","grey"
"OTX1","grey","grey"
"OVOL3","grey","grey"
"OXTR","grey","grey"
"P2RX7","grey","grey"
"PACSIN3","grey","grey"
"PADI2","grey","grey"
"PALLD","grey","grey"
"PALM","grey","grey"
"PAN3-AS1","grey","grey"
"PAPSS2","grey","grey"
"PARD6G","grey","grey"
"PART1","grey","grey"
"PAX8","grey","grey"
"PAXBP1-AS1","grey","grey"
"PAXIP1-AS1","grey","grey"
"PBLD","grey","grey"
"PBX2P1","grey","grey"
"PC","grey","grey"
"PCDH9","grey","grey"
"PCDHGA10","grey","grey"
"PCGF2","grey","grey"
"PCLO","grey","grey"
"PCSK1N","grey","grey"
"PDCD1","grey","grey"
"PDCD4-AS1","grey","grey"
"PDE2A","grey","grey"
"PDE4C","grey","grey"
"PDE4D","grey","grey"
"PDE5A","grey","grey"
"PDE7B","grey","grey"
"PDGFA","grey","grey"
"PEG10","grey","grey"
"PEX5L","grey","grey"
"PFKFB1","grey","grey"
"PFN1P8","grey","grey"
"PGBD5","grey","grey"
"PGF","grey","grey"
"PHC1P1","grey","grey"
"PHGDH","grey","grey"
"PHKA1-AS1","grey","grey"
"PHLDA1","grey","grey"
"PHLDA2","grey","grey"
"PI4KAP2","grey","grey"
"PIGR","grey","grey"
"PINK1-AS","grey","grey"
"PIP5KL1","grey","grey"
"PIPOX","grey","grey"
"PITPNA-AS1","grey","grey"
"PIWIL4","grey","grey"
"PKD2L2","grey","grey"
"PLA2G10","grey","grey"
"PLA2G15","grey","grey"
"PLAT","grey","grey"
"PLAUR","grey","grey"
"PLCD3","grey","grey"
"PLCH2","grey","grey"
"PLCXD2","grey","grey"
"PLD6","grey","grey"
"PLEKHA4","grey","grey"
"PLEKHA7","grey","grey"
"PLEKHD1","grey","grey"
"PLLP","grey","grey"
"PMCH","grey","grey"
"PNLDC1","grey","grey"
"PNPLA7","grey","grey"
"PODNL1","grey","grey"
"PODXL2","grey","grey"
"POF1B","grey","grey"
"POLR3DP1","grey","grey"
"PON2","grey","grey"
"POU4F1","grey","grey"
"POU5F1B","grey","grey"
"POU5F2","grey","grey"
"PPAP2C","grey","grey"
"PPAPDC3","grey","grey"
"PPIL6","grey","grey"
"PPM1J","grey","grey"
"PPP1R26-AS1","grey","grey"
"PPP1R36","grey","grey"
"PRAME","grey","grey"
"PRC1-AS1","grey","grey"
"PRCD","grey","grey"
"PRDM6","grey","grey"
"PRF1","grey","grey"
"PRICKLE4","grey","grey"
"PRKAR2A-AS1","grey","grey"
"PRKCG","grey","grey"
"PRKCQ","grey","grey"
"PRKCQ-AS1","grey","grey"
"PRMT5-AS1","grey","grey"
"PRMT7","grey","grey"
"PROB1","grey","grey"
"PROX1","grey","grey"
"PROX1-AS1","grey","grey"
"PROX2","grey","grey"
"PRR7-AS1","grey","grey"
"PRRG4","grey","grey"
"PRRT1","grey","grey"
"PRRT3","grey","grey"
"PRRT3-AS1","grey","grey"
"PRSS1","grey","grey"
"PRSS21","grey","grey"
"PRSS30P","grey","grey"
"PRTG","grey","grey"
"PRUNE2","grey","grey"
"PRX","grey","grey"
"PSD3","grey","grey"
"PSMC1P3","grey","grey"
"PSMD5-AS1","grey","grey"
"PSMD6-AS2","grey","grey"
"PSMG3-AS1","grey","grey"
"PTCHD3P1","grey","grey"
"PTK6","grey","grey"
"PTOV1-AS1","grey","grey"
"PTPN6","grey","grey"
"PTPRR","grey","grey"
"PTPRS","grey","grey"
"PTRF","grey","grey"
"PVRL4","grey","grey"
"PWAR6","grey","grey"
"PXDN","grey","grey"
"PXN-AS1","grey","grey"
"PYHIN1","grey","grey"
"RAB11B-AS1","grey","grey"
"RAB26","grey","grey"
"RAB30-AS1","grey","grey"
"RAB31","grey","grey"
"RAB38","grey","grey"
"RAB3B","grey","grey"
"RAB3C","grey","grey"
"RAB43P1","grey","grey"
"RAB5B","grey","grey"
"RAB6B","grey","grey"
"RABGEF1","grey","grey"
"RAC1P5","grey","grey"
"RAD21-AS1","grey","grey"
"RAI14","grey","grey"
"RAMP1","grey","grey"
"RAMP2","grey","grey"
"RAP1GAP","grey","grey"
"RAP2C-AS1","grey","grey"
"RAPSN","grey","grey"
"RARRES2","grey","grey"
"RASAL1","grey","grey"
"RASGRF2","grey","grey"
"RASGRP4","grey","grey"
"RASIP1","grey","grey"
"RASL11B","grey","grey"
"RASSF4","grey","grey"
"RASSF8-AS1","grey","grey"
"RAVER1","grey","grey"
"RBFOX2","grey","grey"
"RBM12B-AS1","grey","grey"
"RBM22P2","grey","grey"
"RBM26-AS1","grey","grey"
"RBMS2","grey","grey"
"RBPMS2","grey","grey"
"RC3H1-IT1","grey","grey"
"RDH16","grey","grey"
"RDM1","grey","grey"
"RFPL1S","grey","grey"
"RGAG4","grey","grey"
"RGMB-AS1","grey","grey"
"RGPD8","grey","grey"
"RGS12","grey","grey"
"RGS13","grey","grey"
"RGS16","grey","grey"
"RGS17P1","grey","grey"
"RGS7","grey","grey"
"RHBDL1","grey","grey"
"RHCE","grey","grey"
"RHOA-IT1","grey","grey"
"RHOBTB3","grey","grey"
"RHPN1-AS1","grey","grey"
"RIMS3","grey","grey"
"RIN1","grey","grey"
"RIN2","grey","grey"
"RMRP","grey","grey"
"RN7SKP255","grey","grey"
"RN7SKP30","grey","grey"
"RN7SL1","grey","grey"
"RN7SL172P","grey","grey"
"RN7SL329P","grey","grey"
"RN7SL473P","grey","grey"
"RN7SL47P","grey","grey"
"RN7SL481P","grey","grey"
"RN7SL521P","grey","grey"
"RN7SL559P","grey","grey"
"RN7SL600P","grey","grey"
"RN7SL663P","grey","grey"
"RN7SL692P","grey","grey"
"RN7SL737P","grey","grey"
"RN7SL832P","grey","grey"
"RN7SL9P","grey","grey"
"RNA5SP221","grey","grey"
"RNA5SP304","grey","grey"
"RNA5SP428","grey","grey"
"RNA5SP437","grey","grey"
"RNASE1","grey","grey"
"RNASEH2B-AS1","grey","grey"
"RNF183","grey","grey"
"RNF19B","grey","grey"
"RNU1-16P","grey","grey"
"RNU1-4","grey","grey"
"RNU1-61P","grey","grey"
"RNU1-85P","grey","grey"
"RNU11","grey","grey"
"RNU12","grey","grey"
"RNU2-17P","grey","grey"
"RNU2-3P","grey","grey"
"RNU2-59P","grey","grey"
"RNU2-70P","grey","grey"
"RNU4-38P","grey","grey"
"RNU6-1003P","grey","grey"
"RNU6-1010P","grey","grey"
"RNU6-1016P","grey","grey"
"RNU6-1105P","grey","grey"
"RNU6-1251P","grey","grey"
"RNU6-1285P","grey","grey"
"RNU6-1294P","grey","grey"
"RNU6-1300P","grey","grey"
"RNU6-18P","grey","grey"
"RNU6-238P","grey","grey"
"RNU6-384P","grey","grey"
"RNU6-529P","grey","grey"
"RNU6-549P","grey","grey"
"RNU6-60P","grey","grey"
"RNU6-611P","grey","grey"
"RNU6-672P","grey","grey"
"RNU6-998P","grey","grey"
"RNY4","grey","grey"
"RNY4P19","grey","grey"
"ROPN1L","grey","grey"
"RORB","grey","grey"
"RP1-100J12.1","grey","grey"
"RP1-101K10.6","grey","grey"
"RP1-111B22.3","grey","grey"
"RP1-111C20.4","grey","grey"
"RP1-111D6.2","grey","grey"
"RP1-118J21.25","grey","grey"
"RP1-118J21.5","grey","grey"
"RP1-120G22.11","grey","grey"
"RP1-122K4.3","grey","grey"
"RP1-122O8.7","grey","grey"
"RP1-125I3.2","grey","grey"
"RP1-127C7.6","grey","grey"
"RP1-12G14.7","grey","grey"
"RP1-130G2.1","grey","grey"
"RP1-130H16.16","grey","grey"
"RP1-138B7.5","grey","grey"
"RP1-140A9.1","grey","grey"
"RP1-148H17.1","grey","grey"
"RP1-150O5.3","grey","grey"
"RP1-151F17.1","grey","grey"
"RP1-151F17.2","grey","grey"
"RP1-155G6.4","grey","grey"
"RP1-159A19.4","grey","grey"
"RP1-167A14.2","grey","grey"
"RP1-168L15.5","grey","grey"
"RP1-178F10.3","grey","grey"
"RP1-178F15.4","grey","grey"
"RP1-179N16.6","grey","grey"
"RP1-17K7.2","grey","grey"
"RP1-191J18.66","grey","grey"
"RP1-193H18.2","grey","grey"
"RP1-199J3.7","grey","grey"
"RP1-202O8.3","grey","grey"
"RP1-20B21.4","grey","grey"
"RP1-20C7.6","grey","grey"
"RP1-20N2.6","grey","grey"
"RP1-212G6.7","grey","grey"
"RP1-212P9.3","grey","grey"
"RP1-223E5.4","grey","grey"
"RP1-224A6.3","grey","grey"
"RP1-224A6.9","grey","grey"
"RP1-225E12.2","grey","grey"
"RP1-234P15.4","grey","grey"
"RP1-239B22.5","grey","grey"
"RP1-244F24.1","grey","grey"
"RP1-249H1.4","grey","grey"
"RP1-249I4.2","grey","grey"
"RP1-257A7.4","grey","grey"
"RP1-257A7.5","grey","grey"
"RP1-261D10.2","grey","grey"
"RP1-261G23.7","grey","grey"
"RP1-265C24.8","grey","grey"
"RP1-266L20.4","grey","grey"
"RP1-266L20.9","grey","grey"
"RP1-274L7.1","grey","grey"
"RP1-281H8.3","grey","grey"
"RP1-283E3.8","grey","grey"
"RP1-28H20.3","grey","grey"
"RP1-28O10.1","grey","grey"
"RP1-308E4.1","grey","grey"
"RP1-309F20.3","grey","grey"
"RP1-30M3.5","grey","grey"
"RP1-30M3.6","grey","grey"
"RP1-315G1.3","grey","grey"
"RP1-37N7.3","grey","grey"
"RP1-39G22.7","grey","grey"
"RP1-40E16.11","grey","grey"
"RP1-40E16.12","grey","grey"
"RP1-43E13.2","grey","grey"
"RP1-45C12.1","grey","grey"
"RP1-45I4.3","grey","grey"
"RP1-45N11.1","grey","grey"
"RP1-46F2.2","grey","grey"
"RP1-50J22.4","grey","grey"
"RP1-55C23.7","grey","grey"
"RP1-56K13.3","grey","grey"
"RP1-60O19.1","grey","grey"
"RP1-60O19.2","grey","grey"
"RP1-79C4.4","grey","grey"
"RP1-86C11.7","grey","grey"
"RP1-8B1.4","grey","grey"
"RP1-90J20.12","grey","grey"
"RP1-90J20.8","grey","grey"
"RP1-90J4.1","grey","grey"
"RP1-92O14.3","grey","grey"
"RP1-93H18.1","grey","grey"
"RP1-93H18.7","grey","grey"
"RP1-97D16.1","grey","grey"
"RP11-1000B6.5","grey","grey"
"RP11-1007O24.2","grey","grey"
"RP11-1007O24.3","grey","grey"
"RP11-1008C21.2","grey","grey"
"RP11-1017G21.4","grey","grey"
"RP11-1017G21.5","grey","grey"
"RP11-1017G21.6","grey","grey"
"RP11-101E13.5","grey","grey"
"RP11-1020A11.1","grey","grey"
"RP11-1020A11.2","grey","grey"
"RP11-1023P17.2","grey","grey"
"RP11-102L12.2","grey","grey"
"RP11-102M11.2","grey","grey"
"RP11-102N12.3","grey","grey"
"RP11-1038A11.3","grey","grey"
"RP11-103G8.2","grey","grey"
"RP11-104N10.1","grey","grey"
"RP11-1057B6.1","grey","grey"
"RP11-105C19.1","grey","grey"
"RP11-105N14.1","grey","grey"
"RP11-1060J15.4","grey","grey"
"RP11-1070N10.5","grey","grey"
"RP11-1079K10.3","grey","grey"
"RP11-1079K10.4","grey","grey"
"RP11-108L7.14","grey","grey"
"RP11-108L7.15","grey","grey"
"RP11-108M9.4","grey","grey"
"RP11-108M9.6","grey","grey"
"RP11-108O10.2","grey","grey"
"RP11-108P20.1","grey","grey"
"RP11-108P20.4","grey","grey"
"RP11-1094M14.10","grey","grey"
"RP11-1094M14.11","grey","grey"
"RP11-1094M14.12","grey","grey"
"RP11-1096G20.5","grey","grey"
"RP11-109E12.1","grey","grey"
"RP11-109G23.3","grey","grey"
"RP11-109N23.6","grey","grey"
"RP11-109P14.10","grey","grey"
"RP11-10A14.5","grey","grey"
"RP11-10C24.1","grey","grey"
"RP11-10C24.2","grey","grey"
"RP11-10C24.3","grey","grey"
"RP11-10J21.4","grey","grey"
"RP11-10J5.1","grey","grey"
"RP11-10K16.1","grey","grey"
"RP11-10L12.4","grey","grey"
"RP11-10L7.1","grey","grey"
"RP11-10N23.5","grey","grey"
"RP11-10O17.1","grey","grey"
"RP11-10O17.3","grey","grey"
"RP11-110G21.2","grey","grey"
"RP11-110I1.11","grey","grey"
"RP11-110I1.12","grey","grey"
"RP11-110I1.13","grey","grey"
"RP11-110I1.14","grey","grey"
"RP11-110I1.6","grey","grey"
"RP11-110L15.2","grey","grey"
"RP11-1112J20.2","grey","grey"
"RP11-1114A5.4","grey","grey"
"RP11-111A21.1","grey","grey"
"RP11-111A22.1","grey","grey"
"RP11-111F16.2","grey","grey"
"RP11-111F5.3","grey","grey"
"RP11-111J6.2","grey","grey"
"RP11-111M22.3","grey","grey"
"RP11-111M22.4","grey","grey"
"RP11-112J3.16","grey","grey"
"RP11-112L6.3","grey","grey"
"RP11-113K21.4","grey","grey"
"RP11-1143G9.4","grey","grey"
"RP11-1149M10.2","grey","grey"
"RP11-1149O23.4","grey","grey"
"RP11-114H23.2","grey","grey"
"RP11-114I8.4","grey","grey"
"RP11-114N19.3","grey","grey"
"RP11-114O18.1","grey","grey"
"RP11-1152H14.1","grey","grey"
"RP11-115C21.2","grey","grey"
"RP11-115D19.1","grey","grey"
"RP11-1167A19.2","grey","grey"
"RP11-117D22.2","grey","grey"
"RP11-118K6.3","grey","grey"
"RP11-1191J2.5","grey","grey"
"RP11-119B16.2","grey","grey"
"RP11-119F19.2","grey","grey"
"RP11-119F7.5","grey","grey"
"RP11-11N7.4","grey","grey"
"RP11-120D5.1","grey","grey"
"RP11-120K9.2","grey","grey"
"RP11-121A8.1","grey","grey"
"RP11-121C2.2","grey","grey"
"RP11-121M22.1","grey","grey"
"RP11-122G18.5","grey","grey"
"RP11-122G18.8","grey","grey"
"RP11-122M14.1","grey","grey"
"RP11-1246C19.1","grey","grey"
"RP11-124N14.3","grey","grey"
"RP11-125B21.2","grey","grey"
"RP11-126K1.9","grey","grey"
"RP11-126L15.4","grey","grey"
"RP11-126O1.5","grey","grey"
"RP11-1275H24.1","grey","grey"
"RP11-1277A3.1","grey","grey"
"RP11-1277A3.2","grey","grey"
"RP11-1277A3.3","grey","grey"
"RP11-127B20.2","grey","grey"
"RP11-127B20.3","grey","grey"
"RP11-128A6.3","grey","grey"
"RP11-128M1.1","grey","grey"
"RP11-128P17.4","grey","grey"
"RP11-1293J14.1","grey","grey"
"RP11-1299A16.3","grey","grey"
"RP11-129B22.1","grey","grey"
"RP11-129K12.1","grey","grey"
"RP11-129K12.4","grey","grey"
"RP11-12D24.10","grey","grey"
"RP11-130F10.1","grey","grey"
"RP11-130L8.1","grey","grey"
"RP11-1319K7.1","grey","grey"
"RP11-131K5.1","grey","grey"
"RP11-131L12.2","grey","grey"
"RP11-131L23.1","grey","grey"
"RP11-133K1.6","grey","grey"
"RP11-1348G14.4","grey","grey"
"RP11-1348G14.5","grey","grey"
"RP11-134G8.7","grey","grey"
"RP11-134G8.8","grey","grey"
"RP11-134N1.2","grey","grey"
"RP11-134O21.1","grey","grey"
"RP11-134P9.1","grey","grey"
"RP11-134P9.3","grey","grey"
"RP11-135A1.2","grey","grey"
"RP11-135A24.4","grey","grey"
"RP11-135J2.4","grey","grey"
"RP11-135L13.4","grey","grey"
"RP11-1379J22.2","grey","grey"
"RP11-1379J22.5","grey","grey"
"RP11-137H2.4","grey","grey"
"RP11-137H2.6","grey","grey"
"RP11-138A9.1","grey","grey"
"RP11-138A9.2","grey","grey"
"RP11-138C9.1","grey","grey"
"RP11-138E2.1","grey","grey"
"RP11-138I1.2","grey","grey"
"RP11-138I1.4","grey","grey"
"RP11-138I18.2","grey","grey"
"RP11-138P22.1","grey","grey"
"RP11-1391J7.1","grey","grey"
"RP11-1398P2.1","grey","grey"
"RP11-13A1.1","grey","grey"
"RP11-13J8.1","grey","grey"
"RP11-13N13.2","grey","grey"
"RP11-140I16.3","grey","grey"
"RP11-140K17.3","grey","grey"
"RP11-141B14.1","grey","grey"
"RP11-141C7.4","grey","grey"
"RP11-141M1.3","grey","grey"
"RP11-142C4.6","grey","grey"
"RP11-142O6.1","grey","grey"
"RP11-143I21.1","grey","grey"
"RP11-143J12.2","grey","grey"
"RP11-144G7.2","grey","grey"
"RP11-144N1.1","grey","grey"
"RP11-145M4.3","grey","grey"
"RP11-145M9.5","grey","grey"
"RP11-145M9.6","grey","grey"
"RP11-146F11.1","grey","grey"
"RP11-146F11.5","grey","grey"
"RP11-147L13.2","grey","grey"
"RP11-147L13.8","grey","grey"
"RP11-148B18.3","grey","grey"
"RP11-148O21.6","grey","grey"
"RP11-14N7.2","grey","grey"
"RP11-151N17.1","grey","grey"
"RP11-152H18.3","grey","grey"
"RP11-152N13.16","grey","grey"
"RP11-152N13.5","grey","grey"
"RP11-157E16.1","grey","grey"
"RP11-157P1.5","grey","grey"
"RP11-158H5.7","grey","grey"
"RP11-158I9.5","grey","grey"
"RP11-158K1.3","grey","grey"
"RP11-158L12.5","grey","grey"
"RP11-159D12.10","grey","grey"
"RP11-159D12.2","grey","grey"
"RP11-159F24.5","grey","grey"
"RP11-159H10.3","grey","grey"
"RP11-159N11.4","grey","grey"
"RP11-15A1.3","grey","grey"
"RP11-15A1.7","grey","grey"
"RP11-15B17.1","grey","grey"
"RP11-15E18.1","grey","grey"
"RP11-15I11.3","grey","grey"
"RP11-15L13.4","grey","grey"
"RP11-160A9.2","grey","grey"
"RP11-160H22.3","grey","grey"
"RP11-160H22.5","grey","grey"
"RP11-160O5.1","grey","grey"
"RP11-161H23.10","grey","grey"
"RP11-161H23.5","grey","grey"
"RP11-162G10.1","grey","grey"
"RP11-162G10.5","grey","grey"
"RP11-162J8.3","grey","grey"
"RP11-163N6.2","grey","grey"
"RP11-165A20.3","grey","grey"
"RP11-165J3.6","grey","grey"
"RP11-166A12.1","grey","grey"
"RP11-166B2.3","grey","grey"
"RP11-166B2.5","grey","grey"
"RP11-166O4.5","grey","grey"
"RP11-166O4.6","grey","grey"
"RP11-166P13.4","grey","grey"
"RP11-167N5.5","grey","grey"
"RP11-168O16.1","grey","grey"
"RP11-168O16.2","grey","grey"
"RP11-169D4.2","grey","grey"
"RP11-169E6.1","grey","grey"
"RP11-169K16.9","grey","grey"
"RP11-16B13.1","grey","grey"
"RP11-16C1.2","grey","grey"
"RP11-16E12.1","grey","grey"
"RP11-16E18.3","grey","grey"
"RP11-16K12.1","grey","grey"
"RP11-16N11.2","grey","grey"
"RP11-16O9.2","grey","grey"
"RP11-16P6.1","grey","grey"
"RP11-170N11.1","grey","grey"
"RP11-170N16.3","grey","grey"
"RP11-171I2.1","grey","grey"
"RP11-171I2.2","grey","grey"
"RP11-171I2.5","grey","grey"
"RP11-173B14.5","grey","grey"
"RP11-173E2.1","grey","grey"
"RP11-173M1.5","grey","grey"
"RP11-173M1.8","grey","grey"
"RP11-173P15.3","grey","grey"
"RP11-175D17.3","grey","grey"
"RP11-175I17.2","grey","grey"
"RP11-175K6.1","grey","grey"
"RP11-175O19.4","grey","grey"
"RP11-175P13.2","grey","grey"
"RP11-175P19.2","grey","grey"
"RP11-177C12.1","grey","grey"
"RP11-177G23.2","grey","grey"
"RP11-177H2.2","grey","grey"
"RP11-178C3.2","grey","grey"
"RP11-178G16.4","grey","grey"
"RP11-178L8.7","grey","grey"
"RP11-179B2.2","grey","grey"
"RP11-179H18.7","grey","grey"
"RP11-17A1.3","grey","grey"
"RP11-17J14.2","grey","grey"
"RP11-17M16.2","grey","grey"
"RP11-17M24.1","grey","grey"
"RP11-180C16.1","grey","grey"
"RP11-180M15.4","grey","grey"
"RP11-181E10.3","grey","grey"
"RP11-181G12.2","grey","grey"
"RP11-181G12.4","grey","grey"
"RP11-182I10.3","grey","grey"
"RP11-182L21.6","grey","grey"
"RP11-182N22.8","grey","grey"
"RP11-184A2.3","grey","grey"
"RP11-185E8.1","grey","grey"
"RP11-187C18.2","grey","grey"
"RP11-188D8.1","grey","grey"
"RP11-188P17.2","grey","grey"
"RP11-18H21.1","grey","grey"
"RP11-18H21.3","grey","grey"
"RP11-18H7.1","grey","grey"
"RP11-18I14.11","grey","grey"
"RP11-190C22.8","grey","grey"
"RP11-190C22.9","grey","grey"
"RP11-191G24.1","grey","grey"
"RP11-191L17.1","grey","grey"
"RP11-191N8.2","grey","grey"
"RP11-192H23.6","grey","grey"
"RP11-195B17.1","grey","grey"
"RP11-195C7.1","grey","grey"
"RP11-195E2.4","grey","grey"
"RP11-195F19.9","grey","grey"
"RP11-196G11.2","grey","grey"
"RP11-196G11.4","grey","grey"
"RP11-196G18.21","grey","grey"
"RP11-196G18.23","grey","grey"
"RP11-196O16.1","grey","grey"
"RP11-197K3.1","grey","grey"
"RP11-197N18.7","grey","grey"
"RP11-197P3.4","grey","grey"
"RP11-1C8.6","grey","grey"
"RP11-1E4.1","grey","grey"
"RP11-1L12.3","grey","grey"
"RP11-201E8.1","grey","grey"
"RP11-203B9.4","grey","grey"
"RP11-203E8.1","grey","grey"
"RP11-203J24.8","grey","grey"
"RP11-203M5.8","grey","grey"
"RP11-204M4.2","grey","grey"
"RP11-206L10.2","grey","grey"
"RP11-206L10.3","grey","grey"
"RP11-20B24.4","grey","grey"
"RP11-20D14.6","grey","grey"
"RP11-20E24.1","grey","grey"
"RP11-20I20.4","grey","grey"
"RP11-20I23.13","grey","grey"
"RP11-20I23.6","grey","grey"
"RP11-20I23.8","grey","grey"
"RP11-211G3.2","grey","grey"
"RP11-211N8.2","grey","grey"
"RP11-212I21.4","grey","grey"
"RP11-212P7.2","grey","grey"
"RP11-213H15.1","grey","grey"
"RP11-214K3.23","grey","grey"
"RP11-214K3.24","grey","grey"
"RP11-214N9.1","grey","grey"
"RP11-214O1.2","grey","grey"
"RP11-214O1.3","grey","grey"
"RP11-215G15.5","grey","grey"
"RP11-215P8.3","grey","grey"
"RP11-215P8.4","grey","grey"
"RP11-216B9.6","grey","grey"
"RP11-216N14.7","grey","grey"
"RP11-216P16.2","grey","grey"
"RP11-217B1.2","grey","grey"
"RP11-218F10.3","grey","grey"
"RP11-218M22.1","grey","grey"
"RP11-219B17.1","grey","grey"
"RP11-219B4.7","grey","grey"
"RP11-219C20.3","grey","grey"
"RP11-219D15.3","grey","grey"
"RP11-219E7.1","grey","grey"
"RP11-219E7.3","grey","grey"
"RP11-219G17.4","grey","grey"
"RP11-21A7A.3","grey","grey"
"RP11-21I10.2","grey","grey"
"RP11-21M24.2","grey","grey"
"RP11-220I1.2","grey","grey"
"RP11-220I1.5","grey","grey"
"RP11-222K16.1","grey","grey"
"RP11-222K16.2","grey","grey"
"RP11-225B17.2","grey","grey"
"RP11-225H22.4","grey","grey"
"RP11-225H22.7","grey","grey"
"RP11-227D13.1","grey","grey"
"RP11-227D13.4","grey","grey"
"RP11-227G15.8","grey","grey"
"RP11-228B15.4","grey","grey"
"RP11-229P13.2","grey","grey"
"RP11-229P13.20","grey","grey"
"RP11-229P13.25","grey","grey"
"RP11-22P4.1","grey","grey"
"RP11-22P6.2","grey","grey"
"RP11-230C9.2","grey","grey"
"RP11-230C9.3","grey","grey"
"RP11-230C9.4","grey","grey"
"RP11-231D20.2","grey","grey"
"RP11-231G3.1","grey","grey"
"RP11-235C23.5","grey","grey"
"RP11-235D19.3","grey","grey"
"RP11-235E17.6","grey","grey"
"RP11-236B18.2","grey","grey"
"RP11-23F23.3","grey","grey"
"RP11-23J9.5","grey","grey"
"RP11-23P13.6","grey","grey"
"RP11-23P13.7","grey","grey"
"RP11-240M16.1","grey","grey"
"RP11-242D8.1","grey","grey"
"RP11-242F4.2","grey","grey"
"RP11-242J7.1","grey","grey"
"RP11-243J16.7","grey","grey"
"RP11-245C23.3","grey","grey"
"RP11-245G13.2","grey","grey"
"RP11-245J9.4","grey","grey"
"RP11-245J9.5","grey","grey"
"RP11-245J9.6","grey","grey"
"RP11-245P10.6","grey","grey"
"RP11-247C2.2","grey","grey"
"RP11-247L20.4","grey","grey"
"RP11-248J23.6","grey","grey"
"RP11-24B19.4","grey","grey"
"RP11-24C3.2","grey","grey"
"RP11-24N18.1","grey","grey"
"RP11-250B2.3","grey","grey"
"RP11-250B2.6","grey","grey"
"RP11-251G23.5","grey","grey"
"RP11-252A24.3","grey","grey"
"RP11-252A24.7","grey","grey"
"RP11-252C15.1","grey","grey"
"RP11-253I19.3","grey","grey"
"RP11-253M7.1","grey","grey"
"RP11-254F7.2","grey","grey"
"RP11-254I22.1","grey","grey"
"RP11-255C15.3","grey","grey"
"RP11-255C15.4","grey","grey"
"RP11-255E6.6","grey","grey"
"RP11-255H23.2","grey","grey"
"RP11-255H23.4","grey","grey"
"RP11-256L11.3","grey","grey"
"RP11-258C19.5","grey","grey"
"RP11-258C19.7","grey","grey"
"RP11-258F1.1","grey","grey"
"RP11-259N19.1","grey","grey"
"RP11-25O10.2","grey","grey"
"RP11-260M19.1","grey","grey"
"RP11-260M2.1","grey","grey"
"RP11-261C10.3","grey","grey"
"RP11-262H14.1","grey","grey"
"RP11-262H14.3","grey","grey"
"RP11-262H14.4","grey","grey"
"RP11-263K19.4","grey","grey"
"RP11-263K19.6","grey","grey"
"RP11-264B14.2","grey","grey"
"RP11-264B17.2","grey","grey"
"RP11-264F23.3","grey","grey"
"RP11-265N6.1","grey","grey"
"RP11-266J6.2","grey","grey"
"RP11-266K22.2","grey","grey"
"RP11-266K4.9","grey","grey"
"RP11-267M23.4","grey","grey"
"RP11-268P4.4","grey","grey"
"RP11-269F19.2","grey","grey"
"RP11-269F20.1","grey","grey"
"RP11-271C24.2","grey","grey"
"RP11-271M24.2","grey","grey"
"RP11-273G15.2","grey","grey"
"RP11-274B18.2","grey","grey"
"RP11-274B18.4","grey","grey"
"RP11-274B21.10","grey","grey"
"RP11-274B21.4","grey","grey"
"RP11-274B21.8","grey","grey"
"RP11-274B21.9","grey","grey"
"RP11-276E17.2","grey","grey"
"RP11-276H19.1","grey","grey"
"RP11-277A4.4","grey","grey"
"RP11-277B15.3","grey","grey"
"RP11-277L2.4","grey","grey"
"RP11-277P12.20","grey","grey"
"RP11-279F6.3","grey","grey"
"RP11-27K13.3","grey","grey"
"RP11-282I1.1","grey","grey"
"RP11-283C24.1","grey","grey"
"RP11-283G6.3","grey","grey"
"RP11-283G6.4","grey","grey"
"RP11-284B18.3","grey","grey"
"RP11-284F21.7","grey","grey"
"RP11-284F21.9","grey","grey"
"RP11-284M14.1","grey","grey"
"RP11-285F7.2","grey","grey"
"RP11-285J16.1","grey","grey"
"RP11-286E11.1","grey","grey"
"RP11-286E11.2","grey","grey"
"RP11-286O18.1","grey","grey"
"RP11-288H12.4","grey","grey"
"RP11-288L9.1","grey","grey"
"RP11-290C10.1","grey","grey"
"RP11-290D2.6","grey","grey"
"RP11-290F20.1","grey","grey"
"RP11-290F20.3","grey","grey"
"RP11-290F24.6","grey","grey"
"RP11-290F5.2","grey","grey"
"RP11-290H9.4","grey","grey"
"RP11-292F22.7","grey","grey"
"RP11-293A21.1","grey","grey"
"RP11-293M10.2","grey","grey"
"RP11-293M10.5","grey","grey"
"RP11-293M10.6","grey","grey"
"RP11-295P9.12","grey","grey"
"RP11-295P9.8","grey","grey"
"RP11-296A18.3","grey","grey"
"RP11-296K13.4","grey","grey"
"RP11-296O14.3","grey","grey"
"RP11-297A16.2","grey","grey"
"RP11-297B17.3","grey","grey"
"RP11-297K8.2","grey","grey"
"RP11-297N6.4","grey","grey"
"RP11-298I3.1","grey","grey"
"RP11-298J20.3","grey","grey"
"RP11-298J23.8","grey","grey"
"RP11-298J23.9","grey","grey"
"RP11-299G20.2","grey","grey"
"RP11-299G20.3","grey","grey"
"RP11-299J3.8","grey","grey"
"RP11-29B2.5","grey","grey"
"RP11-29H23.4","grey","grey"
"RP11-2B6.2","grey","grey"
"RP11-2B6.3","grey","grey"
"RP11-2H3.6","grey","grey"
"RP11-300J18.3","grey","grey"
"RP11-301O19.1","grey","grey"
"RP11-302B13.1","grey","grey"
"RP11-303E16.7","grey","grey"
"RP11-304F15.3","grey","grey"
"RP11-304L19.11","grey","grey"
"RP11-304L19.2","grey","grey"
"RP11-304L19.5","grey","grey"
"RP11-305E17.6","grey","grey"
"RP11-305K5.1","grey","grey"
"RP11-305L7.3","grey","grey"
"RP11-305P22.9","grey","grey"
"RP11-306I1.2","grey","grey"
"RP11-307B6.3","grey","grey"
"RP11-307C12.11","grey","grey"
"RP11-307C12.12","grey","grey"
"RP11-307C12.13","grey","grey"
"RP11-307C18.1","grey","grey"
"RP11-307E17.8","grey","grey"
"RP11-307L14.1","grey","grey"
"RP11-307L14.2","grey","grey"
"RP11-307L3.4","grey","grey"
"RP11-309G3.3","grey","grey"
"RP11-309L24.9","grey","grey"
"RP11-30J20.1","grey","grey"
"RP11-30K9.6","grey","grey"
"RP11-30L15.6","grey","grey"
"RP11-310H4.3","grey","grey"
"RP11-312B8.1","grey","grey"
"RP11-312O7.2","grey","grey"
"RP11-313J2.1","grey","grey"
"RP11-313P13.5","grey","grey"
"RP11-313P22.1","grey","grey"
"RP11-314A20.2","grey","grey"
"RP11-314B1.2","grey","grey"
"RP11-314C16.1","grey","grey"
"RP11-314N13.3","grey","grey"
"RP11-315D16.4","grey","grey"
"RP11-315E17.1","grey","grey"
"RP11-315I20.1","grey","grey"
"RP11-315O6.1","grey","grey"
"RP11-316M1.12","grey","grey"
"RP11-316P17.2","grey","grey"
"RP11-317J10.2","grey","grey"
"RP11-317N8.5","grey","grey"
"RP11-317P15.4","grey","grey"
"RP11-318A15.2","grey","grey"
"RP11-318C24.2","grey","grey"
"RP11-318E3.9","grey","grey"
"RP11-318L16.6","grey","grey"
"RP11-318M2.2","grey","grey"
"RP11-319G6.1","grey","grey"
"RP11-319G9.3","grey","grey"
"RP11-31F15.1","grey","grey"
"RP11-31F15.2","grey","grey"
"RP11-320M2.1","grey","grey"
"RP11-320P7.1","grey","grey"
"RP11-321E2.3","grey","grey"
"RP11-323J4.1","grey","grey"
"RP11-324H6.5","grey","grey"
"RP11-324I22.4","grey","grey"
"RP11-325F22.2","grey","grey"
"RP11-325K4.3","grey","grey"
"RP11-325L7.1","grey","grey"
"RP11-325L7.2","grey","grey"
"RP11-325N19.3","grey","grey"
"RP11-326C3.11","grey","grey"
"RP11-326C3.12","grey","grey"
"RP11-326C3.13","grey","grey"
"RP11-326F20.5","grey","grey"
"RP11-326G21.1","grey","grey"
"RP11-326I11.3","grey","grey"
"RP11-326I11.4","grey","grey"
"RP11-326K13.4","grey","grey"
"RP11-327F22.1","grey","grey"
"RP11-327F22.2","grey","grey"
"RP11-327P2.5","grey","grey"
"RP11-328C8.4","grey","grey"
"RP11-329B9.4","grey","grey"
"RP11-329B9.5","grey","grey"
"RP11-329N22.1","grey","grey"
"RP11-32B5.7","grey","grey"
"RP11-32D17.4","grey","grey"
"RP11-330O11.3","grey","grey"
"RP11-332H14.1","grey","grey"
"RP11-332H14.2","grey","grey"
"RP11-333A23.4","grey","grey"
"RP11-333E1.1","grey","grey"
"RP11-333I13.1","grey","grey"
"RP11-333J10.3","grey","grey"
"RP11-334C17.5","grey","grey"
"RP11-334G22.1","grey","grey"
"RP11-336K24.12","grey","grey"
"RP11-337A23.3","grey","grey"
"RP11-337C18.8","grey","grey"
"RP11-337C18.9","grey","grey"
"RP11-338C15.3","grey","grey"
"RP11-338E21.1","grey","grey"
"RP11-338E21.2","grey","grey"
"RP11-338I21.1","grey","grey"
"RP11-339B21.11","grey","grey"
"RP11-339B21.13","grey","grey"
"RP11-339B21.14","grey","grey"
"RP11-339B21.15","grey","grey"
"RP11-33B1.3","grey","grey"
"RP11-33O4.1","grey","grey"
"RP11-341G23.4","grey","grey"
"RP11-341N2.1","grey","grey"
"RP11-342H21.2","grey","grey"
"RP11-342I1.2","grey","grey"
"RP11-342K6.1","grey","grey"
"RP11-342K6.4","grey","grey"
"RP11-342M1.3","grey","grey"
"RP11-343H5.6","grey","grey"
"RP11-343L5.2","grey","grey"
"RP11-343N15.5","grey","grey"
"RP11-344A16.2","grey","grey"
"RP11-344E13.3","grey","grey"
"RP11-344N10.5","grey","grey"
"RP11-344P13.6","grey","grey"
"RP11-345P4.10","grey","grey"
"RP11-345P4.9","grey","grey"
"RP11-347C18.5","grey","grey"
"RP11-347I19.8","grey","grey"
"RP11-347P5.1","grey","grey"
"RP11-348N5.7","grey","grey"
"RP11-348P10.2","grey","grey"
"RP11-349K21.1","grey","grey"
"RP11-34C15.2","grey","grey"
"RP11-34D15.2","grey","grey"
"RP11-34P13.7","grey","grey"
"RP11-350F4.2","grey","grey"
"RP11-350G8.5","grey","grey"
"RP11-350G8.9","grey","grey"
"RP11-350J20.12","grey","grey"
"RP11-350J20.5","grey","grey"
"RP11-351D16.3","grey","grey"
"RP11-351I21.11","grey","grey"
"RP11-351I24.3","grey","grey"
"RP11-352G18.2","grey","grey"
"RP11-352G9.1","grey","grey"
"RP11-353K11.1","grey","grey"
"RP11-353N4.1","grey","grey"
"RP11-354M20.3","grey","grey"
"RP11-354P11.4","grey","grey"
"RP11-355B11.2","grey","grey"
"RP11-355F16.1","grey","grey"
"RP11-355I22.7","grey","grey"
"RP11-356I2.1","grey","grey"
"RP11-356I2.4","grey","grey"
"RP11-356J5.12","grey","grey"
"RP11-356K23.1","grey","grey"
"RP11-357H14.17","grey","grey"
"RP11-358L4.1","grey","grey"
"RP11-359B12.2","grey","grey"
"RP11-359E3.4","grey","grey"
"RP11-359G22.2","grey","grey"
"RP11-359J14.2","grey","grey"
"RP11-359K18.3","grey","grey"
"RP11-35G9.3","grey","grey"
"RP11-35O15.1","grey","grey"
"RP11-360F5.3","grey","grey"
"RP11-360L9.4","grey","grey"
"RP11-361D15.2","grey","grey"
"RP11-361F15.2","grey","grey"
"RP11-362A9.3","grey","grey"
"RP11-362K14.5","grey","grey"
"RP11-362K14.6","grey","grey"
"RP11-362K14.7","grey","grey"
"RP11-363D14.1","grey","grey"
"RP11-363E6.3","grey","grey"
"RP11-363G15.2","grey","grey"
"RP11-363G2.4","grey","grey"
"RP11-363J20.1","grey","grey"
"RP11-364B6.1","grey","grey"
"RP11-365H22.2","grey","grey"
"RP11-366L5.1","grey","grey"
"RP11-367G18.1","grey","grey"
"RP11-367J11.2","grey","grey"
"RP11-367J11.3","grey","grey"
"RP11-367N14.2","grey","grey"
"RP11-367N14.3","grey","grey"
"RP11-36B15.1","grey","grey"
"RP11-370A5.1","grey","grey"
"RP11-371A19.2","grey","grey"
"RP11-372E1.4","grey","grey"
"RP11-373D23.2","grey","grey"
"RP11-373N22.3","grey","grey"
"RP11-374A4.1","grey","grey"
"RP11-375H17.1","grey","grey"
"RP11-375N15.2","grey","grey"
"RP11-375O18.2","grey","grey"
"RP11-377G16.2","grey","grey"
"RP11-378A13.2","grey","grey"
"RP11-378J18.3","grey","grey"
"RP11-378J18.8","grey","grey"
"RP11-379B18.5","grey","grey"
"RP11-379F4.6","grey","grey"
"RP11-379H18.1","grey","grey"
"RP11-379K17.12","grey","grey"
"RP11-379K17.4","grey","grey"
"RP11-37B2.1","grey","grey"
"RP11-37C7.3","grey","grey"
"RP11-37N22.1","grey","grey"
"RP11-380D23.1","grey","grey"
"RP11-380I10.4","grey","grey"
"RP11-380L11.3","grey","grey"
"RP11-380L11.4","grey","grey"
"RP11-380O24.1","grey","grey"
"RP11-381K20.2","grey","grey"
"RP11-381P6.1","grey","grey"
"RP11-382A20.7","grey","grey"
"RP11-383B4.4","grey","grey"
"RP11-383C5.4","grey","grey"
"RP11-383J24.6","grey","grey"
"RP11-384K6.6","grey","grey"
"RP11-384O8.1","grey","grey"
"RP11-385D13.3","grey","grey"
"RP11-385F5.4","grey","grey"
"RP11-385F5.5","grey","grey"
"RP11-385F7.1","grey","grey"
"RP11-385J1.2","grey","grey"
"RP11-386G11.5","grey","grey"
"RP11-386I14.4","grey","grey"
"RP11-386O9.2","grey","grey"
"RP11-387D10.2","grey","grey"
"RP11-387H17.4","grey","grey"
"RP11-388C12.1","grey","grey"
"RP11-388M20.1","grey","grey"
"RP11-388M20.9","grey","grey"
"RP11-389C8.3","grey","grey"
"RP11-389O22.1","grey","grey"
"RP11-38G5.4","grey","grey"
"RP11-38J22.6","grey","grey"
"RP11-38L15.2","grey","grey"
"RP11-38L15.3","grey","grey"
"RP11-38P22.2","grey","grey"
"RP11-390B4.5","grey","grey"
"RP11-390E23.6","grey","grey"
"RP11-390F4.6","grey","grey"
"RP11-390P2.4","grey","grey"
"RP11-391M1.4","grey","grey"
"RP11-392O1.4","grey","grey"
"RP11-392O18.2","grey","grey"
"RP11-392P7.6","grey","grey"
"RP11-393I2.4","grey","grey"
"RP11-393M11.2","grey","grey"
"RP11-394I13.2","grey","grey"
"RP11-394O4.3","grey","grey"
"RP11-394O9.1","grey","grey"
"RP11-395A13.2","grey","grey"
"RP11-395B7.4","grey","grey"
"RP11-395G23.3","grey","grey"
"RP11-395I6.3","grey","grey"
"RP11-395N3.2","grey","grey"
"RP11-395P17.11","grey","grey"
"RP11-395P17.3","grey","grey"
"RP11-396B14.2","grey","grey"
"RP11-396C23.2","grey","grey"
"RP11-396C23.4","grey","grey"
"RP11-396F22.1","grey","grey"
"RP11-397A16.2","grey","grey"
"RP11-397E7.4","grey","grey"
"RP11-398C13.6","grey","grey"
"RP11-398K22.12","grey","grey"
"RP11-399O19.9","grey","grey"
"RP11-3B12.1","grey","grey"
"RP11-3D4.2","grey","grey"
"RP11-3D4.3","grey","grey"
"RP11-3P17.5","grey","grey"
"RP11-400F19.18","grey","grey"
"RP11-400F19.6","grey","grey"
"RP11-400N9.1","grey","grey"
"RP11-402D21.2","grey","grey"
"RP11-402G3.3","grey","grey"
"RP11-402L1.4","grey","grey"
"RP11-403A21.1","grey","grey"
"RP11-403A21.2","grey","grey"
"RP11-403I13.4","grey","grey"
"RP11-403I13.5","grey","grey"
"RP11-403I13.8","grey","grey"
"RP11-404F10.2","grey","grey"
"RP11-406H21.2","grey","grey"
"RP11-406H23.2","grey","grey"
"RP11-407G23.4","grey","grey"
"RP11-407H12.8","grey","grey"
"RP11-407N17.4","grey","grey"
"RP11-407N17.5","grey","grey"
"RP11-407N17.6","grey","grey"
"RP11-408A13.3","grey","grey"
"RP11-408H1.3","grey","grey"
"RP11-409K20.7","grey","grey"
"RP11-410E4.1","grey","grey"
"RP11-410K21.2","grey","grey"
"RP11-410L14.2","grey","grey"
"RP11-411B10.4","grey","grey"
"RP11-412D9.4","grey","grey"
"RP11-415F23.2","grey","grey"
"RP11-415F23.3","grey","grey"
"RP11-415F23.4","grey","grey"
"RP11-415J8.5","grey","grey"
"RP11-416A17.6","grey","grey"
"RP11-416N2.4","grey","grey"
"RP11-416O18.1","grey","grey"
"RP11-417F21.1","grey","grey"
"RP11-417J8.3","grey","grey"
"RP11-418J17.1","grey","grey"
"RP11-420A23.1","grey","grey"
"RP11-420A6.2","grey","grey"
"RP11-420G6.4","grey","grey"
"RP11-420L9.5","grey","grey"
"RP11-421E14.2","grey","grey"
"RP11-421L21.2","grey","grey"
"RP11-421L21.3","grey","grey"
"RP11-421M1.8","grey","grey"
"RP11-422J8.1","grey","grey"
"RP11-422P24.10","grey","grey"
"RP11-422P24.11","grey","grey"
"RP11-423C15.3","grey","grey"
"RP11-423H2.3","grey","grey"
"RP11-423O2.5","grey","grey"
"RP11-423P10.2","grey","grey"
"RP11-424G14.1","grey","grey"
"RP11-425D10.10","grey","grey"
"RP11-426L16.3","grey","grey"
"RP11-428G5.5","grey","grey"
"RP11-428J1.4","grey","grey"
"RP11-428J1.5","grey","grey"
"RP11-428K3.1","grey","grey"
"RP11-429D19.1","grey","grey"
"RP11-429J17.2","grey","grey"
"RP11-42I10.1","grey","grey"
"RP11-42O15.3","grey","grey"
"RP11-430C7.4","grey","grey"
"RP11-430C7.5","grey","grey"
"RP11-430G17.3","grey","grey"
"RP11-430H10.1","grey","grey"
"RP11-431K24.3","grey","grey"
"RP11-431M7.3","grey","grey"
"RP11-432I5.1","grey","grey"
"RP11-432J22.2","grey","grey"
"RP11-432J24.2","grey","grey"
"RP11-433J8.1","grey","grey"
"RP11-434B12.1","grey","grey"
"RP11-434C1.1","grey","grey"
"RP11-434D11.4","grey","grey"
"RP11-434D2.3","grey","grey"
"RP11-434H6.6","grey","grey"
"RP11-434H6.7","grey","grey"
"RP11-435B5.4","grey","grey"
"RP11-435B5.5","grey","grey"
"RP11-435O5.2","grey","grey"
"RP11-435O5.5","grey","grey"
"RP11-435O5.6","grey","grey"
"RP11-435O5.7","grey","grey"
"RP11-436D10.3","grey","grey"
"RP11-438D8.2","grey","grey"
"RP11-438F14.3","grey","grey"
"RP11-438L19.1","grey","grey"
"RP11-439A17.10","grey","grey"
"RP11-439A17.7","grey","grey"
"RP11-439C15.5","grey","grey"
"RP11-439E19.1","grey","grey"
"RP11-439E19.3","grey","grey"
"RP11-439E19.9","grey","grey"
"RP11-439L18.1","grey","grey"
"RP11-439L18.2","grey","grey"
"RP11-439L18.3","grey","grey"
"RP11-440D17.3","grey","grey"
"RP11-440D17.4","grey","grey"
"RP11-440G5.2","grey","grey"
"RP11-440L14.1","grey","grey"
"RP11-440L14.4","grey","grey"
"RP11-441O15.3","grey","grey"
"RP11-442H21.2","grey","grey"
"RP11-443B20.1","grey","grey"
"RP11-443B7.1","grey","grey"
"RP11-443B7.2","grey","grey"
"RP11-443B7.3","grey","grey"
"RP11-444D3.1","grey","grey"
"RP11-445F12.1","grey","grey"
"RP11-445F6.2","grey","grey"
"RP11-445H22.3","grey","grey"
"RP11-445N20.3","grey","grey"
"RP11-445P19.3","grey","grey"
"RP11-446E9.2","grey","grey"
"RP11-448A19.1","grey","grey"
"RP11-448G15.1","grey","grey"
"RP11-449H11.1","grey","grey"
"RP11-449P15.2","grey","grey"
"RP11-44F14.2","grey","grey"
"RP11-44F14.8","grey","grey"
"RP11-44F21.5","grey","grey"
"RP11-44N11.2","grey","grey"
"RP11-44N11.3","grey","grey"
"RP11-44N21.1","grey","grey"
"RP11-452F19.3","grey","grey"
"RP11-452H21.4","grey","grey"
"RP11-452K12.4","grey","grey"
"RP11-452K12.6","grey","grey"
"RP11-452K12.7","grey","grey"
"RP11-452L6.1","grey","grey"
"RP11-452L6.5","grey","grey"
"RP11-452L6.7","grey","grey"
"RP11-453F18--B.1","grey","grey"
"RP11-455F5.3","grey","grey"
"RP11-455F5.5","grey","grey"
"RP11-455J20.3","grey","grey"
"RP11-456H18.2","grey","grey"
"RP11-456K23.1","grey","grey"
"RP11-456P18.2","grey","grey"
"RP11-457M11.5","grey","grey"
"RP11-458D21.1","grey","grey"
"RP11-458D21.6","grey","grey"
"RP11-458F8.2","grey","grey"
"RP11-458F8.4","grey","grey"
"RP11-458N5.1","grey","grey"
"RP11-459F6.3","grey","grey"
"RP11-45M22.5","grey","grey"
"RP11-45P15.4","grey","grey"
"RP11-461L13.3","grey","grey"
"RP11-461L13.5","grey","grey"
"RP11-462B18.2","grey","grey"
"RP11-462G2.2","grey","grey"
"RP11-462L8.1","grey","grey"
"RP11-463O9.9","grey","grey"
"RP11-464F9.20","grey","grey"
"RP11-464F9.22","grey","grey"
"RP11-465N4.4","grey","grey"
"RP11-466C23.4","grey","grey"
"RP11-466C23.5","grey","grey"
"RP11-466F5.4","grey","grey"
"RP11-466F5.8","grey","grey"
"RP11-467C18.1","grey","grey"
"RP11-467D6.1","grey","grey"
"RP11-467J12.4","grey","grey"
"RP11-467P9.1","grey","grey"
"RP11-468E2.4","grey","grey"
"RP11-468E2.5","grey","grey"
"RP11-469M7.1","grey","grey"
"RP11-46A10.4","grey","grey"
"RP11-46C24.5","grey","grey"
"RP11-46C24.7","grey","grey"
"RP11-46D6.1","grey","grey"
"RP11-46F15.2","grey","grey"
"RP11-46H11.12","grey","grey"
"RP11-46H11.3","grey","grey"
"RP11-46J23.1","grey","grey"
"RP11-471B22.2","grey","grey"
"RP11-472N13.3","grey","grey"
"RP11-473M20.11","grey","grey"
"RP11-473M20.14","grey","grey"
"RP11-473M20.7","grey","grey"
"RP11-473M20.9","grey","grey"
"RP11-474B16.1","grey","grey"
"RP11-474G23.2","grey","grey"
"RP11-474G23.3","grey","grey"
"RP11-474I16.8","grey","grey"
"RP11-474P2.2","grey","grey"
"RP11-474P2.4","grey","grey"
"RP11-475I24.3","grey","grey"
"RP11-475O6.1","grey","grey"
"RP11-477D19.2","grey","grey"
"RP11-477N3.1","grey","grey"
"RP11-479G22.8","grey","grey"
"RP11-47A8.5","grey","grey"
"RP11-47I22.2","grey","grey"
"RP11-47L3.1","grey","grey"
"RP11-480A16.1","grey","grey"
"RP11-480D4.6","grey","grey"
"RP11-480I12.5","grey","grey"
"RP11-480I12.7","grey","grey"
"RP11-482D24.2","grey","grey"
"RP11-482D24.3","grey","grey"
"RP11-483F11.7","grey","grey"
"RP11-483I13.5","grey","grey"
"RP11-483P21.2","grey","grey"
"RP11-484K9.4","grey","grey"
"RP11-485G4.2","grey","grey"
"RP11-485G7.5","grey","grey"
"RP11-485O10.3","grey","grey"
"RP11-486G15.2","grey","grey"
"RP11-486L19.2","grey","grey"
"RP11-486M23.1","grey","grey"
"RP11-486O12.2","grey","grey"
"RP11-488C13.5","grey","grey"
"RP11-488L18.10","grey","grey"
"RP11-48B3.4","grey","grey"
"RP11-48F14.2","grey","grey"
"RP11-490K7.4","grey","grey"
"RP11-490O6.2","grey","grey"
"RP11-492E3.2","grey","grey"
"RP11-493E12.1","grey","grey"
"RP11-493K19.3","grey","grey"
"RP11-493L12.4","grey","grey"
"RP11-493L12.5","grey","grey"
"RP11-494H4.3","grey","grey"
"RP11-495P10.5","grey","grey"
"RP11-496H1.2","grey","grey"
"RP11-496I9.1","grey","grey"
"RP11-497H16.9","grey","grey"
"RP11-498C9.13","grey","grey"
"RP11-498C9.2","grey","grey"
"RP11-498C9.3","grey","grey"
"RP11-498D10.6","grey","grey"
"RP11-498E2.7","grey","grey"
"RP11-498E2.8","grey","grey"
"RP11-498P14.3","grey","grey"
"RP11-498P14.5","grey","grey"
"RP11-499E18.1","grey","grey"
"RP11-499P20.2","grey","grey"
"RP11-49C24.1","grey","grey"
"RP11-49I11.1","grey","grey"
"RP11-49K24.4","grey","grey"
"RP11-4E23.2","grey","grey"
"RP11-4F5.2","grey","grey"
"RP11-500G22.2","grey","grey"
"RP11-502I4.3","grey","grey"
"RP11-503C24.4","grey","grey"
"RP11-503E24.2","grey","grey"
"RP11-503P10.1","grey","grey"
"RP11-505K9.1","grey","grey"
"RP11-505P4.6","grey","grey"
"RP11-506M13.3","grey","grey"
"RP11-508N22.12","grey","grey"
"RP11-508N22.13","grey","grey"
"RP11-509E16.1","grey","grey"
"RP11-509J21.1","grey","grey"
"RP11-509J21.2","grey","grey"
"RP11-509J21.3","grey","grey"
"RP11-50B3.4","grey","grey"
"RP11-50E11.3","grey","grey"
"RP11-510H23.1","grey","grey"
"RP11-510J16.5","grey","grey"
"RP11-510M2.2","grey","grey"
"RP11-511I2.2","grey","grey"
"RP11-513D5.5","grey","grey"
"RP11-513G19.1","grey","grey"
"RP11-513I15.6","grey","grey"
"RP11-513M16.7","grey","grey"
"RP11-513M16.8","grey","grey"
"RP11-517A5.4","grey","grey"
"RP11-517B11.4","grey","grey"
"RP11-517C16.2","grey","grey"
"RP11-517P14.2","grey","grey"
"RP11-519C12.1","grey","grey"
"RP11-519G16.2","grey","grey"
"RP11-51F16.5","grey","grey"
"RP11-51J9.5","grey","grey"
"RP11-51J9.6","grey","grey"
"RP11-520A21.1","grey","grey"
"RP11-521B24.3","grey","grey"
"RP11-521B24.5","grey","grey"
"RP11-521O16.2","grey","grey"
"RP11-522I20.3","grey","grey"
"RP11-523H20.3","grey","grey"
"RP11-524O1.4","grey","grey"
"RP11-525A16.4","grey","grey"
"RP11-525K10.3","grey","grey"
"RP11-526I2.5","grey","grey"
"RP11-527D7.1","grey","grey"
"RP11-527J8.1","grey","grey"
"RP11-527L4.5","grey","grey"
"RP11-527N22.2","grey","grey"
"RP11-528I4.2","grey","grey"
"RP11-529E10.6","grey","grey"
"RP11-529K1.4","grey","grey"
"RP11-531A24.5","grey","grey"
"RP11-531F16.4","grey","grey"
"RP11-532F12.5","grey","grey"
"RP11-532F6.3","grey","grey"
"RP11-532M24.1","grey","grey"
"RP11-533E19.5","grey","grey"
"RP11-533E19.7","grey","grey"
"RP11-534C12.1","grey","grey"
"RP11-534L6.2","grey","grey"
"RP11-535A19.2","grey","grey"
"RP11-536C5.7","grey","grey"
"RP11-536K7.3","grey","grey"
"RP11-538P18.2","grey","grey"
"RP11-539G18.2","grey","grey"
"RP11-539I5.1","grey","grey"
"RP11-539L10.2","grey","grey"
"RP11-539L10.3","grey","grey"
"RP11-53I6.3","grey","grey"
"RP11-53O19.3","grey","grey"
"RP11-540A21.2","grey","grey"
"RP11-540O11.7","grey","grey"
"RP11-541N10.3","grey","grey"
"RP11-542K23.7","grey","grey"
"RP11-542K23.9","grey","grey"
"RP11-542M13.3","grey","grey"
"RP11-544A12.8","grey","grey"
"RP11-544D21.2","grey","grey"
"RP11-544I20.2","grey","grey"
"RP11-545I5.3","grey","grey"
"RP11-545M17.1","grey","grey"
"RP11-546B15.1","grey","grey"
"RP11-546B15.2","grey","grey"
"RP11-546J1.1","grey","grey"
"RP11-546K22.1","grey","grey"
"RP11-546K22.3","grey","grey"
"RP11-547D23.1","grey","grey"
"RP11-548H3.1","grey","grey"
"RP11-548P2.2","grey","grey"
"RP11-549B18.1","grey","grey"
"RP11-549L6.3","grey","grey"
"RP11-54O7.18","grey","grey"
"RP11-552F3.10","grey","grey"
"RP11-552F3.9","grey","grey"
"RP11-553A21.3","grey","grey"
"RP11-553K8.2","grey","grey"
"RP11-553L6.2","grey","grey"
"RP11-553L6.5","grey","grey"
"RP11-553P9.2","grey","grey"
"RP11-554A11.7","grey","grey"
"RP11-554A11.9","grey","grey"
"RP11-554D14.2","grey","grey"
"RP11-554D15.4","grey","grey"
"RP11-554J4.1","grey","grey"
"RP11-557C18.3","grey","grey"
"RP11-557C18.4","grey","grey"
"RP11-559M23.1","grey","grey"
"RP11-55K13.1","grey","grey"
"RP11-560J1.2","grey","grey"
"RP11-561O23.8","grey","grey"
"RP11-563J2.2","grey","grey"
"RP11-563N4.1","grey","grey"
"RP11-565F19.2","grey","grey"
"RP11-566E18.3","grey","grey"
"RP11-566K19.5","grey","grey"
"RP11-567C2.1","grey","grey"
"RP11-567O18.1","grey","grey"
"RP11-568N6.1","grey","grey"
"RP11-569A11.1","grey","grey"
"RP11-56B16.2","grey","grey"
"RP11-56B16.4","grey","grey"
"RP11-56G10.2","grey","grey"
"RP11-571I18.4","grey","grey"
"RP11-571L19.7","grey","grey"
"RP11-571L19.8","grey","grey"
"RP11-571M6.17","grey","grey"
"RP11-571M6.18","grey","grey"
"RP11-571M6.7","grey","grey"
"RP11-572M11.4","grey","grey"
"RP11-572O17.1","grey","grey"
"RP11-573D15.2","grey","grey"
"RP11-573D15.3","grey","grey"
"RP11-573D15.8","grey","grey"
"RP11-573D15.9","grey","grey"
"RP11-574F21.2","grey","grey"
"RP11-574K11.28","grey","grey"
"RP11-574K11.29","grey","grey"
"RP11-575L7.8","grey","grey"
"RP11-576I22.2","grey","grey"
"RP11-578F21.12","grey","grey"
"RP11-57A19.2","grey","grey"
"RP11-57G10.8","grey","grey"
"RP11-580I16.2","grey","grey"
"RP11-582E3.2","grey","grey"
"RP11-582J16.4","grey","grey"
"RP11-582J16.5","grey","grey"
"RP11-583F2.2","grey","grey"
"RP11-584P21.2","grey","grey"
"RP11-584P21.4","grey","grey"
"RP11-585P4.5","grey","grey"
"RP11-586D19.1","grey","grey"
"RP11-586D19.2","grey","grey"
"RP11-588G21.2","grey","grey"
"RP11-588H23.3","grey","grey"
"RP11-589C21.5","grey","grey"
"RP11-589C21.6","grey","grey"
"RP11-589M4.1","grey","grey"
"RP11-589P10.5","grey","grey"
"RP11-58E21.3","grey","grey"
"RP11-58E21.4","grey","grey"
"RP11-597D13.9","grey","grey"
"RP11-598F7.3","grey","grey"
"RP11-599B13.7","grey","grey"
"RP11-5C23.1","grey","grey"
"RP11-600F24.7","grey","grey"
"RP11-602N24.3","grey","grey"
"RP11-603J24.14","grey","grey"
"RP11-603J24.17","grey","grey"
"RP11-603J24.5","grey","grey"
"RP11-609N14.1","grey","grey"
"RP11-60I3.4","grey","grey"
"RP11-60I3.5","grey","grey"
"RP11-611D20.2","grey","grey"
"RP11-611E13.2","grey","grey"
"RP11-611L7.1","grey","grey"
"RP11-611O2.1","grey","grey"
"RP11-611O2.5","grey","grey"
"RP11-612B6.2","grey","grey"
"RP11-613M10.6","grey","grey"
"RP11-617D20.1","grey","grey"
"RP11-617F23.1","grey","grey"
"RP11-618K13.2","grey","grey"
"RP11-61A14.2","grey","grey"
"RP11-61A14.3","grey","grey"
"RP11-61A14.4","grey","grey"
"RP11-61F12.1","grey","grey"
"RP11-61G19.1","grey","grey"
"RP11-61L14.6","grey","grey"
"RP11-624C23.1","grey","grey"
"RP11-625L16.1","grey","grey"
"RP11-625L16.3","grey","grey"
"RP11-626G11.5","grey","grey"
"RP11-626H12.2","grey","grey"
"RP11-629N8.3","grey","grey"
"RP11-629O1.2","grey","grey"
"RP11-62E14.2","grey","grey"
"RP11-631N16.2","grey","grey"
"RP11-634B22.4","grey","grey"
"RP11-634H22.1","grey","grey"
"RP11-637A17.2","grey","grey"
"RP11-637O19.2","grey","grey"
"RP11-638I2.2","grey","grey"
"RP11-638I2.4","grey","grey"
"RP11-638I2.8","grey","grey"
"RP11-638I8.1","grey","grey"
"RP11-63A1.1","grey","grey"
"RP11-63L7.5","grey","grey"
"RP11-63M22.2","grey","grey"
"RP11-63P12.6","grey","grey"
"RP11-640M9.1","grey","grey"
"RP11-643M14.1","grey","grey"
"RP11-644F5.11","grey","grey"
"RP11-644K8.1","grey","grey"
"RP11-644N4.1","grey","grey"
"RP11-645C24.5","grey","grey"
"RP11-646I6.5","grey","grey"
"RP11-646I6.6","grey","grey"
"RP11-647K16.1","grey","grey"
"RP11-649A18.12","grey","grey"
"RP11-649A18.4","grey","grey"
"RP11-649A18.5","grey","grey"
"RP11-649A18.7","grey","grey"
"RP11-649E7.5","grey","grey"
"RP11-649E7.7","grey","grey"
"RP11-649G15.2","grey","grey"
"RP11-655C2.3","grey","grey"
"RP11-655M14.13","grey","grey"
"RP11-656D10.3","grey","grey"
"RP11-658F2.8","grey","grey"
"RP11-65J21.3","grey","grey"
"RP11-65L3.2","grey","grey"
"RP11-65L3.4","grey","grey"
"RP11-65N13.8","grey","grey"
"RP11-660L16.2","grey","grey"
"RP11-660M5.1","grey","grey"
"RP11-661A12.14","grey","grey"
"RP11-661A12.5","grey","grey"
"RP11-661A12.7","grey","grey"
"RP11-661C3.2","grey","grey"
"RP11-661D19.3","grey","grey"
"RP11-661P17.1","grey","grey"
"RP11-662I13.2","grey","grey"
"RP11-667K14.4","grey","grey"
"RP11-667M19.1","grey","grey"
"RP11-667M19.2","grey","grey"
"RP11-669M16.1","grey","grey"
"RP11-66B24.4","grey","grey"
"RP11-66D17.3","grey","grey"
"RP11-66N11.8","grey","grey"
"RP11-670E13.2","grey","grey"
"RP11-671J11.4","grey","grey"
"RP11-672L10.6","grey","grey"
"RP11-673E1.3","grey","grey"
"RP11-676J15.1","grey","grey"
"RP11-677M14.2","grey","grey"
"RP11-677M14.3","grey","grey"
"RP11-677M14.7","grey","grey"
"RP11-679C8.2","grey","grey"
"RP11-67L2.2","grey","grey"
"RP11-67L3.4","grey","grey"
"RP11-680A11.5","grey","grey"
"RP11-680F8.3","grey","grey"
"RP11-680G24.5","grey","grey"
"RP11-682N22.1","grey","grey"
"RP11-685M7.3","grey","grey"
"RP11-685N10.1","grey","grey"
"RP11-686D22.4","grey","grey"
"RP11-686D22.7","grey","grey"
"RP11-686F15.2","grey","grey"
"RP11-686O6.1","grey","grey"
"RP11-686O6.2","grey","grey"
"RP11-687F6.1","grey","grey"
"RP11-689B22.2","grey","grey"
"RP11-689P11.2","grey","grey"
"RP11-68I3.2","grey","grey"
"RP11-690G19.3","grey","grey"
"RP11-692D12.1","grey","grey"
"RP11-693J15.5","grey","grey"
"RP11-695J4.2","grey","grey"
"RP11-696N14.1","grey","grey"
"RP11-697E2.4","grey","grey"
"RP11-697N18.4","grey","grey"
"RP11-699L21.1","grey","grey"
"RP11-69E11.4","grey","grey"
"RP11-69L16.4","grey","grey"
"RP11-6F2.5","grey","grey"
"RP11-6I2.3","grey","grey"
"RP11-6J24.6","grey","grey"
"RP11-6N17.6","grey","grey"
"RP11-700J17.1","grey","grey"
"RP11-700J17.2","grey","grey"
"RP11-701P16.4","grey","grey"
"RP11-702F3.1","grey","grey"
"RP11-705C15.4","grey","grey"
"RP11-705O1.8","grey","grey"
"RP11-706D8.3","grey","grey"
"RP11-706J10.1","grey","grey"
"RP11-706O15.3","grey","grey"
"RP11-707F2.2","grey","grey"
"RP11-707G14.7","grey","grey"
"RP11-707M3.3","grey","grey"
"RP11-708J19.1","grey","grey"
"RP11-70C1.1","grey","grey"
"RP11-70P17.1","grey","grey"
"RP11-710F7.3","grey","grey"
"RP11-711M9.1","grey","grey"
"RP11-712B9.2","grey","grey"
"RP11-713D19.1","grey","grey"
"RP11-713M15.2","grey","grey"
"RP11-713N11.4","grey","grey"
"RP11-713N11.5","grey","grey"
"RP11-713P17.3","grey","grey"
"RP11-714G18.1","grey","grey"
"RP11-715J22.2","grey","grey"
"RP11-715J22.3","grey","grey"
"RP11-717A5.2","grey","grey"
"RP11-717D12.1","grey","grey"
"RP11-71G12.1","grey","grey"
"RP11-71H17.9","grey","grey"
"RP11-720N19.2","grey","grey"
"RP11-722E23.2","grey","grey"
"RP11-723O4.9","grey","grey"
"RP11-724N1.1","grey","grey"
"RP11-727A23.10","grey","grey"
"RP11-727A23.11","grey","grey"
"RP11-727F15.11","grey","grey"
"RP11-727F15.12","grey","grey"
"RP11-727F15.9","grey","grey"
"RP11-728K20.3","grey","grey"
"RP11-72I8.1","grey","grey"
"RP11-72M17.1","grey","grey"
"RP11-731F5.1","grey","grey"
"RP11-732A19.9","grey","grey"
"RP11-734K2.4","grey","grey"
"RP11-737O24.5","grey","grey"
"RP11-738E22.3","grey","grey"
"RP11-739L10.1","grey","grey"
"RP11-73E17.2","grey","grey"
"RP11-73K9.2","grey","grey"
"RP11-73K9.3","grey","grey"
"RP11-73M18.10","grey","grey"
"RP11-73M18.6","grey","grey"
"RP11-73M18.9","grey","grey"
"RP11-73M7.6","grey","grey"
"RP11-73M7.9","grey","grey"
"RP11-745C15.2","grey","grey"
"RP11-746M1.1","grey","grey"
"RP11-748L13.6","grey","grey"
"RP11-74E22.3","grey","grey"
"RP11-74K11.2","grey","grey"
"RP11-750H9.7","grey","grey"
"RP11-752G15.6","grey","grey"
"RP11-755B10.2","grey","grey"
"RP11-755B10.3","grey","grey"
"RP11-755B10.4","grey","grey"
"RP11-755F10.1","grey","grey"
"RP11-755F10.3","grey","grey"
"RP11-756H6.1","grey","grey"
"RP11-757F18.5","grey","grey"
"RP11-758M4.4","grey","grey"
"RP11-758P17.2","grey","grey"
"RP11-758P17.3","grey","grey"
"RP11-760H22.2","grey","grey"
"RP11-761I4.3","grey","grey"
"RP11-761I4.4","grey","grey"
"RP11-762H8.2","grey","grey"
"RP11-764K9.1","grey","grey"
"RP11-767C1.2","grey","grey"
"RP11-767N6.2","grey","grey"
"RP11-76N22.2","grey","grey"
"RP11-76P2.4","grey","grey"
"RP11-770J1.3","grey","grey"
"RP11-770J1.7","grey","grey"
"RP11-773D16.1","grey","grey"
"RP11-773H22.4","grey","grey"
"RP11-774O3.3","grey","grey"
"RP11-778D9.12","grey","grey"
"RP11-778H2.1","grey","grey"
"RP11-77E14.2","grey","grey"
"RP11-77H9.2","grey","grey"
"RP11-77H9.5","grey","grey"
"RP11-77H9.6","grey","grey"
"RP11-77H9.8","grey","grey"
"RP11-77P16.4","grey","grey"
"RP11-77P6.2","grey","grey"
"RP11-782C8.1","grey","grey"
"RP11-782C8.2","grey","grey"
"RP11-782C8.3","grey","grey"
"RP11-783K16.13","grey","grey"
"RP11-783K16.14","grey","grey"
"RP11-783K16.5","grey","grey"
"RP11-78A19.3","grey","grey"
"RP11-78C3.1","grey","grey"
"RP11-78H18.2","grey","grey"
"RP11-78O7.2","grey","grey"
"RP11-791G15.2","grey","grey"
"RP11-791M20.1","grey","grey"
"RP11-792A8.4","grey","grey"
"RP11-793H13.11","grey","grey"
"RP11-796E2.4","grey","grey"
"RP11-796G6.2","grey","grey"
"RP11-797A18.4","grey","grey"
"RP11-797A18.6","grey","grey"
"RP11-797D24.4","grey","grey"
"RP11-797H7.5","grey","grey"
"RP11-798G7.6","grey","grey"
"RP11-798G7.8","grey","grey"
"RP11-798K23.5","grey","grey"
"RP11-798L4.1","grey","grey"
"RP11-798M19.3","grey","grey"
"RP11-798M19.6","grey","grey"
"RP11-799D4.4","grey","grey"
"RP11-79H23.3","grey","grey"
"RP11-79O8.1","grey","grey"
"RP11-79P5.3","grey","grey"
"RP11-79P5.9","grey","grey"
"RP11-7F17.5","grey","grey"
"RP11-7F17.7","grey","grey"
"RP11-7F18.2","grey","grey"
"RP11-7M10.2","grey","grey"
"RP11-7O11.3","grey","grey"
"RP11-800A3.3","grey","grey"
"RP11-802E16.3","grey","grey"
"RP11-803B1.8","grey","grey"
"RP11-803D5.4","grey","grey"
"RP11-803P9.1","grey","grey"
"RP11-804A23.4","grey","grey"
"RP11-804H8.6","grey","grey"
"RP11-805I24.1","grey","grey"
"RP11-806H10.4","grey","grey"
"RP11-809C18.4","grey","grey"
"RP11-809C9.2","grey","grey"
"RP11-809N8.4","grey","grey"
"RP11-809O17.1","grey","grey"
"RP11-80G7.1","grey","grey"
"RP11-80H18.4","grey","grey"
"RP11-80H5.2","grey","grey"
"RP11-80H5.7","grey","grey"
"RP11-80H8.4","grey","grey"
"RP11-812E19.9","grey","grey"
"RP11-814H16.2","grey","grey"
"RP11-815J21.2","grey","grey"
"RP11-816J6.3","grey","grey"
"RP11-817J15.2","grey","grey"
"RP11-817O13.6","grey","grey"
"RP11-817O13.8","grey","grey"
"RP11-819C21.1","grey","grey"
"RP11-819M15.1","grey","grey"
"RP11-81A22.5","grey","grey"
"RP11-81K13.1","grey","grey"
"RP11-81N13.1","grey","grey"
"RP11-820I16.4","grey","grey"
"RP11-829H16.3","grey","grey"
"RP11-82L2.1","grey","grey"
"RP11-834C11.4","grey","grey"
"RP11-834C11.6","grey","grey"
"RP11-835E18.5","grey","grey"
"RP11-839D17.3","grey","grey"
"RP11-83A24.1","grey","grey"
"RP11-83M16.5","grey","grey"
"RP11-83N9.5","grey","grey"
"RP11-841C19.1","grey","grey"
"RP11-841O20.2","grey","grey"
"RP11-847H18.2","grey","grey"
"RP11-848P1.4","grey","grey"
"RP11-848P1.5","grey","grey"
"RP11-849F2.9","grey","grey"
"RP11-849H4.4","grey","grey"
"RP11-84A19.4","grey","grey"
"RP11-84C10.1","grey","grey"
"RP11-84C10.4","grey","grey"
"RP11-84C13.1","grey","grey"
"RP11-84C13.2","grey","grey"
"RP11-84G21.1","grey","grey"
"RP11-854K16.3","grey","grey"
"RP11-855A2.5","grey","grey"
"RP11-85A1.3","grey","grey"
"RP11-85F14.5","grey","grey"
"RP11-85G18.6","grey","grey"
"RP11-861E21.2","grey","grey"
"RP11-862L9.3","grey","grey"
"RP11-863K10.4","grey","grey"
"RP11-863P13.4","grey","grey"
"RP11-864I4.4","grey","grey"
"RP11-864J10.4","grey","grey"
"RP11-867G23.4","grey","grey"
"RP11-869B15.1","grey","grey"
"RP11-872D17.4","grey","grey"
"RP11-872J21.3","grey","grey"
"RP11-873E20.1","grey","grey"
"RP11-875O11.2","grey","grey"
"RP11-87C12.5","grey","grey"
"RP11-87F15.2","grey","grey"
"RP11-87N24.3","grey","grey"
"RP11-881M11.1","grey","grey"
"RP11-881M11.2","grey","grey"
"RP11-883A18.3","grey","grey"
"RP11-884K10.7","grey","grey"
"RP11-887P2.6","grey","grey"
"RP11-888D10.4","grey","grey"
"RP11-88I18.2","grey","grey"
"RP11-890B15.2","grey","grey"
"RP11-890B15.3","grey","grey"
"RP11-894P9.1","grey","grey"
"RP11-895M11.3","grey","grey"
"RP11-89C3.4","grey","grey"
"RP11-89K21.1","grey","grey"
"RP11-8L8.2","grey","grey"
"RP11-905K4.1","grey","grey"
"RP11-90B9.2","grey","grey"
"RP11-90L20.2","grey","grey"
"RP11-90P5.2","grey","grey"
"RP11-90P5.7","grey","grey"
"RP11-91A18.4","grey","grey"
"RP11-91G21.1","grey","grey"
"RP11-91J19.4","grey","grey"
"RP11-91P24.6","grey","grey"
"RP11-927P21.1","grey","grey"
"RP11-92G12.3","grey","grey"
"RP11-92K15.3","grey","grey"
"RP11-930P14.1","grey","grey"
"RP11-930P14.2","grey","grey"
"RP11-932O9.10","grey","grey"
"RP11-932O9.7","grey","grey"
"RP11-932O9.8","grey","grey"
"RP11-932O9.9","grey","grey"
"RP11-93B14.6","grey","grey"
"RP11-93K22.13","grey","grey"
"RP11-950C14.3","grey","grey"
"RP11-950C14.7","grey","grey"
"RP11-959I15.1","grey","grey"
"RP11-95D17.1","grey","grey"
"RP11-95M15.1","grey","grey"
"RP11-95M15.2","grey","grey"
"RP11-95P2.1","grey","grey"
"RP11-967K21.1","grey","grey"
"RP11-96C21.1","grey","grey"
"RP11-96D1.10","grey","grey"
"RP11-96D1.11","grey","grey"
"RP11-96D1.9","grey","grey"
"RP11-96H19.1","grey","grey"
"RP11-96K19.2","grey","grey"
"RP11-96K19.5","grey","grey"
"RP11-96L14.7","grey","grey"
"RP11-977G19.11","grey","grey"
"RP11-977G19.12","grey","grey"
"RP11-978I15.10","grey","grey"
"RP11-97C16.1","grey","grey"
"RP11-981G7.6","grey","grey"
"RP11-981P6.1","grey","grey"
"RP11-982M15.2","grey","grey"
"RP11-983P16.4","grey","grey"
"RP11-989E6.10","grey","grey"
"RP11-98D18.15","grey","grey"
"RP11-98D18.16","grey","grey"
"RP11-98D18.9","grey","grey"
"RP11-98F14.11","grey","grey"
"RP11-98G7.1","grey","grey"
"RP11-98I9.4","grey","grey"
"RP11-98L5.2","grey","grey"
"RP11-993B23.3","grey","grey"
"RP11-996F15.2","grey","grey"
"RP11-9M16.2","grey","grey"
"RP13-1032I1.7","grey","grey"
"RP13-131K19.1","grey","grey"
"RP13-131K19.2","grey","grey"
"RP13-131K19.6","grey","grey"
"RP13-131K19.7","grey","grey"
"RP13-15E13.1","grey","grey"
"RP13-16H11.5","grey","grey"
"RP13-188A5.1","grey","grey"
"RP13-20L14.4","grey","grey"
"RP13-20L14.6","grey","grey"
"RP13-216E22.4","grey","grey"
"RP13-270P17.1","grey","grey"
"RP13-270P17.3","grey","grey"
"RP13-297E16.4","grey","grey"
"RP13-314C10.5","grey","grey"
"RP13-39P12.3","grey","grey"
"RP13-401N8.1","grey","grey"
"RP13-494C23.1","grey","grey"
"RP13-516M14.1","grey","grey"
"RP13-516M14.2","grey","grey"
"RP13-516M14.4","grey","grey"
"RP13-580F15.2","grey","grey"
"RP13-582O9.5","grey","grey"
"RP13-582O9.7","grey","grey"
"RP13-638C3.4","grey","grey"
"RP13-650J16.1","grey","grey"
"RP13-735L24.1","grey","grey"
"RP13-753N3.1","grey","grey"
"RP13-890H12.2","grey","grey"
"RP13-977J11.2","grey","grey"
"RP3-322G13.5","grey","grey"
"RP3-323P24.3","grey","grey"
"RP3-325F22.3","grey","grey"
"RP3-325F22.5","grey","grey"
"RP3-326I13.1","grey","grey"
"RP3-327A19.5","grey","grey"
"RP3-329A5.8","grey","grey"
"RP3-330M21.5","grey","grey"
"RP3-337H4.9","grey","grey"
"RP3-340N1.5","grey","grey"
"RP3-354N19.3","grey","grey"
"RP3-355L5.5","grey","grey"
"RP3-380B8.4","grey","grey"
"RP3-388M5.9","grey","grey"
"RP3-395M20.12","grey","grey"
"RP3-395M20.7","grey","grey"
"RP3-395M20.9","grey","grey"
"RP3-395P12.2","grey","grey"
"RP3-400N23.6","grey","grey"
"RP3-402G11.25","grey","grey"
"RP3-402G11.26","grey","grey"
"RP3-402G11.27","grey","grey"
"RP3-402G11.28","grey","grey"
"RP3-406A7.7","grey","grey"
"RP3-406P24.3","grey","grey"
"RP3-406P24.4","grey","grey"
"RP3-412A9.16","grey","grey"
"RP3-414A15.10","grey","grey"
"RP3-416J7.4","grey","grey"
"RP3-418C23.2","grey","grey"
"RP3-425P12.1","grey","grey"
"RP3-425P12.4","grey","grey"
"RP3-425P12.5","grey","grey"
"RP3-428L16.2","grey","grey"
"RP3-441A12.1","grey","grey"
"RP3-452M16.1","grey","grey"
"RP3-455J7.4","grey","grey"
"RP3-460G2.2","grey","grey"
"RP3-462E2.5","grey","grey"
"RP3-465N24.6","grey","grey"
"RP3-466P17.1","grey","grey"
"RP3-467K16.4","grey","grey"
"RP3-467L1.4","grey","grey"
"RP3-467L1.6","grey","grey"
"RP3-467N11.1","grey","grey"
"RP3-473L9.4","grey","grey"
"RP3-477O4.14","grey","grey"
"RP3-477O4.16","grey","grey"
"RP3-483K16.4","grey","grey"
"RP3-486I3.7","grey","grey"
"RP3-496C20.1","grey","grey"
"RP3-508I15.14","grey","grey"
"RP3-508I15.18","grey","grey"
"RP3-508I15.22","grey","grey"
"RP3-508I15.9","grey","grey"
"RP3-510D11.2","grey","grey"
"RP3-514P16.1","grey","grey"
"RP4-530I15.9","grey","grey"
"RP4-533D7.5","grey","grey"
"RP4-534N18.2","grey","grey"
"RP4-535B20.1","grey","grey"
"RP4-536B24.3","grey","grey"
"RP4-536B24.4","grey","grey"
"RP4-545C24.1","grey","grey"
"RP4-548D19.3","grey","grey"
"RP4-549L20.3","grey","grey"
"RP4-553F4.2","grey","grey"
"RP4-555D20.2","grey","grey"
"RP4-555D20.3","grey","grey"
"RP4-555D20.4","grey","grey"
"RP4-561L24.3","grey","grey"
"RP4-564F22.5","grey","grey"
"RP4-569M23.2","grey","grey"
"RP4-569M23.4","grey","grey"
"RP4-575N6.4","grey","grey"
"RP4-583P15.10","grey","grey"
"RP4-584D14.6","grey","grey"
"RP4-584D14.7","grey","grey"
"RP4-593H12.1","grey","grey"
"RP4-607I7.1","grey","grey"
"RP4-607J23.2","grey","grey"
"RP4-610C12.3","grey","grey"
"RP4-610C12.4","grey","grey"
"RP4-612B15.3","grey","grey"
"RP4-613A2.1","grey","grey"
"RP4-614O4.12","grey","grey"
"RP4-616B8.4","grey","grey"
"RP4-622L5.7","grey","grey"
"RP4-625H18.2","grey","grey"
"RP4-630A11.3","grey","grey"
"RP4-633I8.4","grey","grey"
"RP4-635E18.6","grey","grey"
"RP4-635E18.7","grey","grey"
"RP4-635E18.8","grey","grey"
"RP4-639F20.1","grey","grey"
"RP4-640H8.2","grey","grey"
"RP4-647C14.2","grey","grey"
"RP4-647C14.3","grey","grey"
"RP4-655J12.4","grey","grey"
"RP4-657D16.3","grey","grey"
"RP4-657D16.6","grey","grey"
"RP4-665J23.1","grey","grey"
"RP4-665J23.4","grey","grey"
"RP4-665N4.8","grey","grey"
"RP4-669L17.10","grey","grey"
"RP4-673M15.1","grey","grey"
"RP4-677H15.4","grey","grey"
"RP4-680D5.2","grey","grey"
"RP4-680D5.8","grey","grey"
"RP4-686C3.7","grey","grey"
"RP4-694A7.4","grey","grey"
"RP4-694B14.5","grey","grey"
"RP4-718J7.4","grey","grey"
"RP4-724E16.2","grey","grey"
"RP4-728D4.2","grey","grey"
"RP4-734G22.3","grey","grey"
"RP4-735C1.4","grey","grey"
"RP4-736L20.3","grey","grey"
"RP4-739H11.4","grey","grey"
"RP4-740C4.6","grey","grey"
"RP4-749H3.1","grey","grey"
"RP4-756G23.5","grey","grey"
"RP4-758J18.13","grey","grey"
"RP4-758J24.5","grey","grey"
"RP4-760C5.3","grey","grey"
"RP4-761J14.10","grey","grey"
"RP4-773N10.4","grey","grey"
"RP4-778K6.3","grey","grey"
"RP4-781K5.2","grey","grey"
"RP4-781K5.6","grey","grey"
"RP4-781K5.8","grey","grey"
"RP4-782L23.1","grey","grey"
"RP4-784A16.5","grey","grey"
"RP4-785G19.5","grey","grey"
"RP4-789D17.5","grey","grey"
"RP4-791M13.3","grey","grey"
"RP4-792G4.2","grey","grey"
"RP4-794H19.1","grey","grey"
"RP4-794H19.2","grey","grey"
"RP4-798A10.2","grey","grey"
"RP4-798A10.7","grey","grey"
"RP4-800J21.3","grey","grey"
"RP4-813F11.4","grey","grey"
"RP4-816N1.6","grey","grey"
"RP4-816N1.7","grey","grey"
"RP5-1007H16.1","grey","grey"
"RP5-1007M22.2","grey","grey"
"RP5-1021I20.1","grey","grey"
"RP5-1021I20.2","grey","grey"
"RP5-1021I20.5","grey","grey"
"RP5-1024G6.5","grey","grey"
"RP5-1024G6.7","grey","grey"
"RP5-1024G6.8","grey","grey"
"RP5-1031D4.2","grey","grey"
"RP5-1039K5.17","grey","grey"
"RP5-1042K10.13","grey","grey"
"RP5-1043L13.1","grey","grey"
"RP5-1050D4.3","grey","grey"
"RP5-1050D4.5","grey","grey"
"RP5-1057J7.6","grey","grey"
"RP5-1065J22.8","grey","grey"
"RP5-1068B5.3","grey","grey"
"RP5-1068E13.7","grey","grey"
"RP5-1071N3.1","grey","grey"
"RP5-1073O3.2","grey","grey"
"RP5-1073O3.7","grey","grey"
"RP5-1074L1.1","grey","grey"
"RP5-1074L1.4","grey","grey"
"RP5-1085F17.3","grey","grey"
"RP5-1086K13.1","grey","grey"
"RP5-1091N2.9","grey","grey"
"RP5-1092A11.5","grey","grey"
"RP5-1092A3.5","grey","grey"
"RP5-1096D14.6","grey","grey"
"RP5-1098D14.1","grey","grey"
"RP5-1103G7.4","grey","grey"
"RP5-1112D6.4","grey","grey"
"RP5-1112D6.7","grey","grey"
"RP5-1112D6.8","grey","grey"
"RP5-1115A15.1","grey","grey"
"RP5-1121A15.3","grey","grey"
"RP5-1125A11.1","grey","grey"
"RP5-1136G13.2","grey","grey"
"RP5-1139B12.2","grey","grey"
"RP5-1142A6.9","grey","grey"
"RP5-1148A21.3","grey","grey"
"RP5-1157M23.2","grey","grey"
"RP5-1158E12.3","grey","grey"
"RP5-1159O4.1","grey","grey"
"RP5-1159O4.2","grey","grey"
"RP5-1160K1.3","grey","grey"
"RP5-1180C10.2","grey","grey"
"RP5-1180E21.5","grey","grey"
"RP5-1198O20.4","grey","grey"
"RP5-821D11.7","grey","grey"
"RP5-827C21.2","grey","grey"
"RP5-827C21.4","grey","grey"
"RP5-827C21.6","grey","grey"
"RP5-836N10.1","grey","grey"
"RP5-850O15.4","grey","grey"
"RP5-855D21.2","grey","grey"
"RP5-864K19.4","grey","grey"
"RP5-867C24.1","grey","grey"
"RP5-884G6.2","grey","grey"
"RP5-886K2.3","grey","grey"
"RP5-887A10.1","grey","grey"
"RP5-892K4.1","grey","grey"
"RP5-902P8.10","grey","grey"
"RP5-902P8.12","grey","grey"
"RP5-914P20.5","grey","grey"
"RP5-921G16.1","grey","grey"
"RP5-930J4.4","grey","grey"
"RP5-933K21.3","grey","grey"
"RP5-935K16.1","grey","grey"
"RP5-940J5.3","grey","grey"
"RP5-940J5.6","grey","grey"
"RP5-943J3.2","grey","grey"
"RP5-968D22.1","grey","grey"
"RP5-968P14.2","grey","grey"
"RP5-971N18.3","grey","grey"
"RP5-977B1.11","grey","grey"
"RP5-977B1.7","grey","grey"
"RP5-981O7.2","grey","grey"
"RP5-991G20.1","grey","grey"
"RP5-991G20.4","grey","grey"
"RP5-994D16.3","grey","grey"
"RP6-109B7.3","grey","grey"
"RP6-109B7.4","grey","grey"
"RP6-109B7.5","grey","grey"
"RP6-191P20.4","grey","grey"
"RP6-206I17.1","grey","grey"
"RP6-206I17.2","grey","grey"
"RP6-206I17.3","grey","grey"
"RP6-99M1.2","grey","grey"
"RP6-99M1.3","grey","grey"
"RPA4","grey","grey"
"RPGRIP1","grey","grey"
"RPL13P5","grey","grey"
"RPL21P32","grey","grey"
"RPL29P14","grey","grey"
"RPL34-AS1","grey","grey"
"RPL7AP14","grey","grey"
"RPL7P56","grey","grey"
"RPS10P7","grey","grey"
"RPS27P29","grey","grey"
"RPS3AP3","grey","grey"
"RPS4Y2","grey","grey"
"RPSAP15","grey","grey"
"RRAD","grey","grey"
"RRH","grey","grey"
"RRM1-AS1","grey","grey"
"RSBN1L-AS1","grey","grey"
"RSF1-IT1","grey","grey"
"RSF1-IT2","grey","grey"
"RSPH4A","grey","grey"
"RSPO1","grey","grey"
"RTDR1","grey","grey"
"RTN4R","grey","grey"
"RTN4RL2","grey","grey"
"RUSC1-AS1","grey","grey"
"RXRA","grey","grey"
"S100A3","grey","grey"
"S100A5","grey","grey"
"S100A6","grey","grey"
"S100A9","grey","grey"
"SAMD3","grey","grey"
"SAP30L-AS1","grey","grey"
"SAPCD1-AS1","grey","grey"
"SBF2","grey","grey"
"SBF2-AS1","grey","grey"
"SCAND3","grey","grey"
"SCARF2","grey","grey"
"SCARNA10","grey","grey"
"SCARNA2","grey","grey"
"SCARNA20","grey","grey"
"SCARNA21","grey","grey"
"SCARNA4","grey","grey"
"SCARNA7","grey","grey"
"SCGB1B2P","grey","grey"
"SCML4","grey","grey"
"SCN9A","grey","grey"
"SCNN1D","grey","grey"
"SDCBP2","grey","grey"
"SDCBP2-AS1","grey","grey"
"SDR16C5","grey","grey"
"SDR42E2","grey","grey"
"SEC14L2","grey","grey"
"SEC24B-AS1","grey","grey"
"SECTM1","grey","grey"
"SEMA6A","grey","grey"
"SEMA7A","grey","grey"
"SEPHS1P6","grey","grey"
"SEPT4","grey","grey"
"SEPT7P3","grey","grey"
"SERINC2","grey","grey"
"SERP2","grey","grey"
"SERPINB6","grey","grey"
"SERPINE1","grey","grey"
"SERPINE2","grey","grey"
"SESN2","grey","grey"
"SETD5-AS1","grey","grey"
"SETP21","grey","grey"
"SFN","grey","grey"
"SFRP1","grey","grey"
"SGCA","grey","grey"
"SGK1","grey","grey"
"SGK494","grey","grey"
"SGOL1-AS1","grey","grey"
"SH3GL1P1","grey","grey"
"SH3RF3-AS1","grey","grey"
"SHBG","grey","grey"
"SHF","grey","grey"
"SHISA2","grey","grey"
"SHISA3","grey","grey"
"SHISA4","grey","grey"
"SHOX2","grey","grey"
"SHROOM2","grey","grey"
"SIAH2-AS1","grey","grey"
"SIPA1L2","grey","grey"
"SIRPA","grey","grey"
"SIX3","grey","grey"
"SKAP1","grey","grey"
"SLAMF1","grey","grey"
"SLC11A1","grey","grey"
"SLC12A8","grey","grey"
"SLC16A10","grey","grey"
"SLC16A11","grey","grey"
"SLC22A23","grey","grey"
"SLC22A31","grey","grey"
"SLC24A1","grey","grey"
"SLC25A30-AS1","grey","grey"
"SLC25A34","grey","grey"
"SLC26A4","grey","grey"
"SLC26A4-AS1","grey","grey"
"SLC28A3","grey","grey"
"SLC2A1-AS1","grey","grey"
"SLC2A12","grey","grey"
"SLC30A3","grey","grey"
"SLC35F3","grey","grey"
"SLC44A5","grey","grey"
"SLC51A","grey","grey"
"SLC6A8","grey","grey"
"SLC7A11","grey","grey"
"SLC7A8","grey","grey"
"SLC8A1-AS1","grey","grey"
"SLC9A3R2","grey","grey"
"SLC9A5","grey","grey"
"SLCO4C1","grey","grey"
"SLMO1","grey","grey"
"SMAD5-AS1","grey","grey"
"SMAD9","grey","grey"
"SMARCA1","grey","grey"
"SMARCA5-AS1","grey","grey"
"SMC1B","grey","grey"
"SMC5-AS1","grey","grey"
"SMG1P1","grey","grey"
"SMG7-AS1","grey","grey"
"SMIM14","grey","grey"
"SMIM2-AS1","grey","grey"
"SMO","grey","grey"
"SMPDL3A","grey","grey"
"SNAI1","grey","grey"
"SNAI3-AS1","grey","grey"
"SNCA","grey","grey"
"SNHG10","grey","grey"
"SNHG7","grey","grey"
"SNHG9","grey","grey"
"SNORA11","grey","grey"
"SNORA12","grey","grey"
"SNORA13","grey","grey"
"SNORA15","grey","grey"
"SNORA16","grey","grey"
"SNORA2","grey","grey"
"SNORA25","grey","grey"
"SNORA28","grey","grey"
"SNORA2B","grey","grey"
"SNORA30","grey","grey"
"SNORA40","grey","grey"
"SNORA45","grey","grey"
"SNORA51","grey","grey"
"SNORA54","grey","grey"
"SNORA5A","grey","grey"
"SNORA5C","grey","grey"
"SNORA64","grey","grey"
"SNORA65","grey","grey"
"SNORA71B","grey","grey"
"SNORA72","grey","grey"
"SNORA74B","grey","grey"
"SNORA76","grey","grey"
"SNORD112","grey","grey"
"SNORD116-14","grey","grey"
"SNORD116-20","grey","grey"
"SNORD116-27","grey","grey"
"SNORD12","grey","grey"
"SNORD12B","grey","grey"
"SNORD15B","grey","grey"
"SNORD3A","grey","grey"
"SNORD3B-1","grey","grey"
"SNORD3B-2","grey","grey"
"SNORD3C","grey","grey"
"SNORD3D","grey","grey"
"SNORD69","grey","grey"
"SNORD8","grey","grey"
"SNORD83A","grey","grey"
"SNORD88A","grey","grey"
"SNRPGP14","grey","grey"
"SNX22","grey","grey"
"SNX32","grey","grey"
"SNX33","grey","grey"
"SOCS2-AS1","grey","grey"
"SOGA3","grey","grey"
"SOWAHC","grey","grey"
"SOX13","grey","grey"
"SOX30","grey","grey"
"SOX5","grey","grey"
"SPACA3","grey","grey"
"SPAG8","grey","grey"
"SPARC","grey","grey"
"SPATA32","grey","grey"
"SPATA41","grey","grey"
"SPATA6","grey","grey"
"SPDEF","grey","grey"
"SPDYA","grey","grey"
"SPN","grey","grey"
"SPNS1","grey","grey"
"SPNS2","grey","grey"
"SPRED2","grey","grey"
"SPRY2","grey","grey"
"SPRY3","grey","grey"
"SPTY2D1-AS1","grey","grey"
"SRGAP1","grey","grey"
"SRGAP2B","grey","grey"
"SRRM2-AS1","grey","grey"
"SRSF12","grey","grey"
"SSBP2","grey","grey"
"SSSCA1-AS1","grey","grey"
"SSUH2","grey","grey"
"ST13P5","grey","grey"
"ST5","grey","grey"
"ST6GALNAC3","grey","grey"
"ST7-AS1","grey","grey"
"ST7-OT4","grey","grey"
"STAC","grey","grey"
"STAC3","grey","grey"
"STAG3","grey","grey"
"STARD13","grey","grey"
"STARD4-AS1","grey","grey"
"STARD8","grey","grey"
"STC2","grey","grey"
"STK24-AS1","grey","grey"
"STK4-AS1","grey","grey"
"STON2","grey","grey"
"STX18-AS1","grey","grey"
"STX1B","grey","grey"
"STXBP5-AS1","grey","grey"
"SULF2","grey","grey"
"SULT1A3","grey","grey"
"SULT1A4","grey","grey"
"SV2A","grey","grey"
"SVIL","grey","grey"
"SYCE1L","grey","grey"
"SYNE4","grey","grey"
"SYNPO2L","grey","grey"
"SYP","grey","grey"
"SYT12","grey","grey"
"SYT17","grey","grey"
"SYTL2","grey","grey"
"TAC3","grey","grey"
"TACR2","grey","grey"
"TANC1","grey","grey"
"TAPT1-AS1","grey","grey"
"TBC1D4","grey","grey"
"TBC1D8","grey","grey"
"TBKBP1","grey","grey"
"TBX19","grey","grey"
"TBX21","grey","grey"
"TBX6","grey","grey"
"TC2N","grey","grey"
"TCEAL3","grey","grey"
"TCEB1P22","grey","grey"
"TCF24","grey","grey"
"TCF7L2","grey","grey"
"TCHH","grey","grey"
"TCL1A","grey","grey"
"TCTEX1D4","grey","grey"
"TDRD15","grey","grey"
"TDRD9","grey","grey"
"TEAD1","grey","grey"
"TENM3","grey","grey"
"TENM4","grey","grey"
"TEPP","grey","grey"
"TEX12","grey","grey"
"TEX15","grey","grey"
"TEX21P","grey","grey"
"TEX22","grey","grey"
"TEX9","grey","grey"
"TFAP2A","grey","grey"
"TFAP2A-AS1","grey","grey"
"TFAP2E","grey","grey"
"TFPI2","grey","grey"
"TGFB2","grey","grey"
"TGFBI","grey","grey"
"TGFBR3","grey","grey"
"TGM5","grey","grey"
"THAP7-AS1","grey","grey"
"THAP9-AS1","grey","grey"
"THBS4","grey","grey"
"THSD4","grey","grey"
"TIAM1","grey","grey"
"TIGD4","grey","grey"
"TIGIT","grey","grey"
"TIMM8BP2","grey","grey"
"TIMP1","grey","grey"
"TINCR","grey","grey"
"TIPARP-AS1","grey","grey"
"TJP2","grey","grey"
"TKTL1","grey","grey"
"TLCD1","grey","grey"
"TLL2","grey","grey"
"TLR10","grey","grey"
"TLR2","grey","grey"
"TLR3","grey","grey"
"TLR8","grey","grey"
"TM4SF19-AS1","grey","grey"
"TMC4","grey","grey"
"TMC5","grey","grey"
"TMCC1-AS1","grey","grey"
"TMCO2","grey","grey"
"TMED6","grey","grey"
"TMEM100","grey","grey"
"TMEM145","grey","grey"
"TMEM151B","grey","grey"
"TMEM161B-AS1","grey","grey"
"TMEM178A","grey","grey"
"TMEM191A","grey","grey"
"TMEM191C","grey","grey"
"TMEM254-AS1","grey","grey"
"TMEM255A","grey","grey"
"TMEM31","grey","grey"
"TMEM44-AS1","grey","grey"
"TMEM88","grey","grey"
"TMEM9B-AS1","grey","grey"
"TMOD1","grey","grey"
"TMPRSS13","grey","grey"
"TMPRSS3","grey","grey"
"TMSB15A","grey","grey"
"TNFAIP2","grey","grey"
"TNFAIP3","grey","grey"
"TNFRSF10C","grey","grey"
"TNFRSF25","grey","grey"
"TNFSF14","grey","grey"
"TNFSF15","grey","grey"
"TNIP3","grey","grey"
"TNK2-AS1","grey","grey"
"TNKS2-AS1","grey","grey"
"TNNI2","grey","grey"
"TNNT3","grey","grey"
"TNS4","grey","grey"
"TOLLIP-AS1","grey","grey"
"TOPORS-AS1","grey","grey"
"TOX","grey","grey"
"TOX2","grey","grey"
"TP53I3","grey","grey"
"TP53TG1","grey","grey"
"TP63","grey","grey"
"TP73-AS1","grey","grey"
"TPM2","grey","grey"
"TPRKBP2","grey","grey"
"TPTE2","grey","grey"
"TPTE2P1","grey","grey"
"TPTEP1","grey","grey"
"TRABD2A","grey","grey"
"TRAF3IP2-AS1","grey","grey"
"TRAM2-AS1","grey","grey"
"TRAT1","grey","grey"
"TREM1","grey","grey"
"TRERF1","grey","grey"
"TRERNA1","grey","grey"
"TRIM45","grey","grey"
"TRIM54","grey","grey"
"TRIM6","grey","grey"
"TRIM60P14","grey","grey"
"TRIM7","grey","grey"
"TRIM73","grey","grey"
"TRIM9","grey","grey"
"TRPC1","grey","grey"
"TRPM1","grey","grey"
"TRPM2","grey","grey"
"TRPM4","grey","grey"
"TSIX","grey","grey"
"TSNAXIP1","grey","grey"
"TSPAN1","grey","grey"
"TSPAN10","grey","grey"
"TSPAN12","grey","grey"
"TSPAN18","grey","grey"
"TSSK4","grey","grey"
"TTC18","grey","grey"
"TTC23","grey","grey"
"TTC25","grey","grey"
"TTN-AS1","grey","grey"
"TTTY10","grey","grey"
"TUBB2B","grey","grey"
"TUG1","grey","grey"
"TUSC1","grey","grey"
"TVP23A","grey","grey"
"TWIST1","grey","grey"
"TXK","grey","grey"
"TYROBP","grey","grey"
"U1","grey","grey"
"U3","grey","grey"
"U47924.30","grey","grey"
"U47924.31","grey","grey"
"U62631.5","grey","grey"
"U73166.2","grey","grey"
"U73169.1","grey","grey"
"U82695.10","grey","grey"
"U91328.19","grey","grey"
"U91328.20","grey","grey"
"UACA","grey","grey"
"UBA52P6","grey","grey"
"UBA6-AS1","grey","grey"
"UBAC2-AS1","grey","grey"
"UBBP1","grey","grey"
"UBE2FP1","grey","grey"
"UBTD1","grey","grey"
"UBXN7-AS1","grey","grey"
"UCN","grey","grey"
"UFL1-AS1","grey","grey"
"UFSP1","grey","grey"
"UGDH-AS1","grey","grey"
"UGT2B17","grey","grey"
"UMODL1","grey","grey"
"UNC13C","grey","grey"
"UNC5B-AS1","grey","grey"
"UNC79","grey","grey"
"UPF3AP3","grey","grey"
"UPK2","grey","grey"
"UPK3A","grey","grey"
"USP12-AS2","grey","grey"
"USP2-AS1","grey","grey"
"USP27X","grey","grey"
"USP27X-AS1","grey","grey"
"USP3-AS1","grey","grey"
"USP30-AS1","grey","grey"
"USP44","grey","grey"
"USP46-AS1","grey","grey"
"VASH1","grey","grey"
"VASH2","grey","grey"
"VAV2","grey","grey"
"VCAN","grey","grey"
"VGF","grey","grey"
"VIM-AS1","grey","grey"
"VIPR1","grey","grey"
"VN1R82P","grey","grey"
"VNN2","grey","grey"
"VPREB1","grey","grey"
"VPS9D1-AS1","grey","grey"
"VWA1","grey","grey"
"VWA7","grey","grey"
"Vault","grey","grey"
"WAC-AS1","grey","grey"
"WASIR2","grey","grey"
"WDR11-AS1","grey","grey"
"WDR63","grey","grey"
"WDR64","grey","grey"
"WEE2-AS1","grey","grey"
"WFDC2","grey","grey"
"WFDC3","grey","grey"
"WFIKKN1","grey","grey"
"WHAMMP2","grey","grey"
"WI2-80269A6.1","grey","grey"
"WNK3","grey","grey"
"WNT10A","grey","grey"
"WNT10B","grey","grey"
"WNT11","grey","grey"
"WNT16","grey","grey"
"WWC1","grey","grey"
"WWC2","grey","grey"
"XIST","grey","grey"
"XKRX","grey","grey"
"XX-C2158C12.2","grey","grey"
"XXYLT1-AS2","grey","grey"
"XXbac-B135H6.15","grey","grey"
"XXbac-B135H6.18","grey","grey"
"XXbac-B444P24.14","grey","grey"
"XXbac-B476C20.14","grey","grey"
"XXbac-B476C20.9","grey","grey"
"XXbac-BPG154L12.4","grey","grey"
"XXbac-BPG170G13.32","grey","grey"
"XXbac-BPG181B23.7","grey","grey"
"XXbac-BPG248L24.12","grey","grey"
"XXbac-BPG252P9.10","grey","grey"
"XXbac-BPG252P9.9","grey","grey"
"XXbac-BPG299F13.17","grey","grey"
"XXbac-BPG308K3.5","grey","grey"
"XXbac-BPG308K3.6","grey","grey"
"XXbac-BPGBPG55C20.2","grey","grey"
"XXcos-LUCA11.4","grey","grey"
"XXyac-YX155B6.7","grey","grey"
"XXyac-YX65C7-A.2","grey","grey"
"YTHDF3-AS1","grey","grey"
"Z69720.2","grey","grey"
"Z83851.3","grey","grey"
"Z83851.4","grey","grey"
"ZACN","grey","grey"
"ZAR1L","grey","grey"
"ZBED3-AS1","grey","grey"
"ZBTB11-AS1","grey","grey"
"ZBTB20-AS4","grey","grey"
"ZBTB8A","grey","grey"
"ZC2HC1C","grey","grey"
"ZC3H12C","grey","grey"
"ZCCHC14","grey","grey"
"ZCCHC18","grey","grey"
"ZDHHC1","grey","grey"
"ZDHHC19","grey","grey"
"ZDHHC20P1","grey","grey"
"ZEB2-AS1","grey","grey"
"ZFP2","grey","grey"
"ZMAT3","grey","grey"
"ZMYND10","grey","grey"
"ZMYND12","grey","grey"
"ZNF114","grey","grey"
"ZNF137P","grey","grey"
"ZNF169","grey","grey"
"ZNF192P1","grey","grey"
"ZNF20","grey","grey"
"ZNF205-AS1","grey","grey"
"ZNF229","grey","grey"
"ZNF23","grey","grey"
"ZNF234","grey","grey"
"ZNF239","grey","grey"
"ZNF284","grey","grey"
"ZNF285","grey","grey"
"ZNF316","grey","grey"
"ZNF346-IT1","grey","grey"
"ZNF385A","grey","grey"
"ZNF443","grey","grey"
"ZNF449","grey","grey"
"ZNF485","grey","grey"
"ZNF491","grey","grey"
"ZNF492","grey","grey"
"ZNF502","grey","grey"
"ZNF540","grey","grey"
"ZNF546","grey","grey"
"ZNF564","grey","grey"
"ZNF571-AS1","grey","grey"
"ZNF578","grey","grey"
"ZNF582-AS1","grey","grey"
"ZNF608","grey","grey"
"ZNF610","grey","grey"
"ZNF618","grey","grey"
"ZNF619","grey","grey"
"ZNF658","grey","grey"
"ZNF660","grey","grey"
"ZNF667-AS1","grey","grey"
"ZNF674-AS1","grey","grey"
"ZNF681","grey","grey"
"ZNF695","grey","grey"
"ZNF699","grey","grey"
"ZNF711","grey","grey"
"ZNF718","grey","grey"
"ZNF730","grey","grey"
"ZNF732","grey","grey"
"ZNF77","grey","grey"
"ZNF804A","grey","grey"
"ZNF833P","grey","grey"
"ZNF837","grey","grey"
"ZNF883","grey","grey"
"ZNF888","grey","grey"
"ZNRD1-AS1","grey","grey"
"ZPBP2","grey","grey"
"ZRANB2-AS1","grey","grey"
"ZSCAN12P1","grey","grey"
"ZSCAN16-AS1","grey","grey"
"hsa-mir-335","grey","grey"
"hsa-mir-490","grey","grey"
"hsa-mir-8072","grey","grey"
"snoU13","grey","grey"
"A4GALT","yellow","yellow"
"AHR","yellow","yellow"
"AICDA","yellow","yellow"
"ALOX5AP","yellow","yellow"
"ARID5A","yellow","yellow"
"ATP8B4","yellow","yellow"
"B4GALT5","yellow","yellow"
"BATF3","yellow","yellow"
"BCAS1","yellow","yellow"
"BHLHE40","yellow","yellow"
"BIRC3","yellow","yellow"
"C4BPB","yellow","yellow"
"CAPG","yellow","yellow"
"CCDC28B","yellow","yellow"
"CCDC71L","yellow","yellow"
"CCL17","yellow","yellow"
"CCL22","yellow","yellow"
"CCR7","yellow","yellow"
"CD22","yellow","yellow"
"CD40","yellow","yellow"
"CD80","yellow","yellow"
"CXCL10","yellow","yellow"
"CYB5R2","yellow","yellow"
"CYP1B1","yellow","yellow"
"DEK","yellow","yellow"
"DGKG","yellow","yellow"
"EGR2","yellow","yellow"
"FSCN1","yellow","yellow"
"GNG11","yellow","yellow"
"GRAMD1B","yellow","yellow"
"KSR1","yellow","yellow"
"LACTB","yellow","yellow"
"LINC00158","yellow","yellow"
"LTA","yellow","yellow"
"MIR155HG","yellow","yellow"
"MNDA","yellow","yellow"
"NCF2","yellow","yellow"
"NTRK2","yellow","yellow"
"PAX5","yellow","yellow"
"PEA15","yellow","yellow"
"PFKFB3","yellow","yellow"
"PKIG","yellow","yellow"
"PRKCDBP","yellow","yellow"
"RAB13","yellow","yellow"
"RHOC","yellow","yellow"
"RP5-1028K7.2","yellow","yellow"
"SPIB","yellow","yellow"
"STAT5A","yellow","yellow"
"TNF","yellow","yellow"
"TNFSF4","yellow","yellow"
"TRAF1","yellow","yellow"
"TSPAN33","yellow","yellow"
"TTC39C","yellow","yellow"
"ABCE1","turquoise","turquoise"
"AC012146.7","turquoise","turquoise"
"AC017002.1","turquoise","turquoise"
"AC020571.3","turquoise","turquoise"
"AC099552.4","turquoise","turquoise"
"AC099850.1","turquoise","turquoise"
"AC108488.3","turquoise","turquoise"
"ACOT7","turquoise","turquoise"
"ACTB","turquoise","turquoise"
"ACTG1","turquoise","turquoise"
"ACTN1","turquoise","turquoise"
"ACTR3","turquoise","turquoise"
"ADCY1","turquoise","turquoise"
"AIF1","turquoise","turquoise"
"AIM1","turquoise","turquoise"
"AK4","turquoise","turquoise"
"ALDOA","turquoise","turquoise"
"AMER2-AS1","turquoise","turquoise"
"ANKRD13B","turquoise","turquoise"
"ANXA3","turquoise","turquoise"
"AP000251.3","turquoise","turquoise"
"AP001046.5","turquoise","turquoise"
"APEX1","turquoise","turquoise"
"APOBEC3B","turquoise","turquoise"
"AQP3","turquoise","turquoise"
"ARL13B","turquoise","turquoise"
"ARL6IP1","turquoise","turquoise"
"ARL6IP5","turquoise","turquoise"
"ARNTL2","turquoise","turquoise"
"ARPC4","turquoise","turquoise"
"ARPC5","turquoise","turquoise"
"ASPM","turquoise","turquoise"
"ATF5","turquoise","turquoise"
"ATIC","turquoise","turquoise"
"AURKA","turquoise","turquoise"
"AURKB","turquoise","turquoise"
"BATF","turquoise","turquoise"
"BAX","turquoise","turquoise"
"BCAS4","turquoise","turquoise"
"BCAT1","turquoise","turquoise"
"BCYRN1","turquoise","turquoise"
"BIRC5","turquoise","turquoise"
"BLOC1S2","turquoise","turquoise"
"BNIP3","turquoise","turquoise"
"BUB1B","turquoise","turquoise"
"BZRAP1-AS1","turquoise","turquoise"
"BZW2","turquoise","turquoise"
"C12orf75","turquoise","turquoise"
"C17orf76-AS1","turquoise","turquoise"
"C1QBP","turquoise","turquoise"
"CALM2","turquoise","turquoise"
"CALR","turquoise","turquoise"
"CAP1","turquoise","turquoise"
"CBX3","turquoise","turquoise"
"CCDC152","turquoise","turquoise"
"CCDC34","turquoise","turquoise"
"CCDC86","turquoise","turquoise"
"CCL3","turquoise","turquoise"
"CCL5","turquoise","turquoise"
"CCNA1","turquoise","turquoise"
"CCNA2","turquoise","turquoise"
"CCNB1","turquoise","turquoise"
"CCNB2","turquoise","turquoise"
"CCND2","turquoise","turquoise"
"CCND3","turquoise","turquoise"
"CCNE1","turquoise","turquoise"
"CCNE2","turquoise","turquoise"
"CCR1","turquoise","turquoise"
"CCR5","turquoise","turquoise"
"CCT4","turquoise","turquoise"
"CCT5","turquoise","turquoise"
"CCT6A","turquoise","turquoise"
"CCT7","turquoise","turquoise"
"CD163L1","turquoise","turquoise"
"CD226","turquoise","turquoise"
"CD3EAP","turquoise","turquoise"
"CD70","turquoise","turquoise"
"CD86","turquoise","turquoise"
"CD96","turquoise","turquoise"
"CDC20","turquoise","turquoise"
"CDC25A","turquoise","turquoise"
"CDCA2","turquoise","turquoise"
"CDCA4","turquoise","turquoise"
"CDCA7","turquoise","turquoise"
"CDCA8","turquoise","turquoise"
"CDK1","turquoise","turquoise"
"CDK6","turquoise","turquoise"
"CDKN1A","turquoise","turquoise"
"CENPA","turquoise","turquoise"
"CENPE","turquoise","turquoise"
"CENPF","turquoise","turquoise"
"CENPV","turquoise","turquoise"
"CEP55","turquoise","turquoise"
"CERS6","turquoise","turquoise"
"CFL1","turquoise","turquoise"
"CHEK1","turquoise","turquoise"
"CHORDC1","turquoise","turquoise"
"CKAP2L","turquoise","turquoise"
"CKS1B","turquoise","turquoise"
"CKS2","turquoise","turquoise"
"CLECL1","turquoise","turquoise"
"CLSPN","turquoise","turquoise"
"CMTM3","turquoise","turquoise"
"CNN2","turquoise","turquoise"
"COCH","turquoise","turquoise"
"CORO2A","turquoise","turquoise"
"COTL1","turquoise","turquoise"
"COX20P2","turquoise","turquoise"
"CTA-384D8.36","turquoise","turquoise"
"CTC-459F4.3","turquoise","turquoise"
"CTC-503J8.6","turquoise","turquoise"
"CTC-524C5.2","turquoise","turquoise"
"CTSH","turquoise","turquoise"
"CXCR4","turquoise","turquoise"
"CYCS","turquoise","turquoise"
"DCTPP1","turquoise","turquoise"
"DDIT4","turquoise","turquoise"
"DDX21","turquoise","turquoise"
"DEPDC1","turquoise","turquoise"
"DGUOK-AS1","turquoise","turquoise"
"DHCR24","turquoise","turquoise"
"DHFR","turquoise","turquoise"
"DIAPH3","turquoise","turquoise"
"DKC1","turquoise","turquoise"
"DLGAP5","turquoise","turquoise"
"DNAJA1","turquoise","turquoise"
"DOK1","turquoise","turquoise"
"DPP4","turquoise","turquoise"
"DPYSL2","turquoise","turquoise"
"DSE","turquoise","turquoise"
"DTL","turquoise","turquoise"
"DUSP4","turquoise","turquoise"
"DUSP6","turquoise","turquoise"
"DUT","turquoise","turquoise"
"E2F7","turquoise","turquoise"
"EBI3","turquoise","turquoise"
"EHD3","turquoise","turquoise"
"EIF1AX","turquoise","turquoise"
"EIF5A","turquoise","turquoise"
"EMP1","turquoise","turquoise"
"ENO1","turquoise","turquoise"
"ESCO2","turquoise","turquoise"
"ETS1","turquoise","turquoise"
"ETV5","turquoise","turquoise"
"EXO1","turquoise","turquoise"
"EZH2","turquoise","turquoise"
"F2R","turquoise","turquoise"
"FABP5","turquoise","turquoise"
"FABP5P1","turquoise","turquoise"
"FADS1","turquoise","turquoise"
"FAH","turquoise","turquoise"
"FAM101B","turquoise","turquoise"
"FAM107B","turquoise","turquoise"
"FAM111B","turquoise","turquoise"
"FAM129A","turquoise","turquoise"
"FBXO5","turquoise","turquoise"
"FDXR","turquoise","turquoise"
"FHL2","turquoise","turquoise"
"FKBP4","turquoise","turquoise"
"FNIP2","turquoise","turquoise"
"FOSL1","turquoise","turquoise"
"FUT7","turquoise","turquoise"
"G0S2","turquoise","turquoise"
"GAPDH","turquoise","turquoise"
"GATM","turquoise","turquoise"
"GBP1","turquoise","turquoise"
"GGCT","turquoise","turquoise"
"GINS2","turquoise","turquoise"
"GLO1","turquoise","turquoise"
"GMNN","turquoise","turquoise"
"GPATCH4","turquoise","turquoise"
"GPR132","turquoise","turquoise"
"GPX1","turquoise","turquoise"
"GRPEL1","turquoise","turquoise"
"GTSF1","turquoise","turquoise"
"GYG1","turquoise","turquoise"
"H2AFZ","turquoise","turquoise"
"HCK","turquoise","turquoise"
"HDGFRP3","turquoise","turquoise"
"HELLS","turquoise","turquoise"
"HHLA2","turquoise","turquoise"
"HILPDA","turquoise","turquoise"
"HIST1H1B","turquoise","turquoise"
"HIST1H2BJ","turquoise","turquoise"
"HIST1H4C","turquoise","turquoise"
"HJURP","turquoise","turquoise"
"HK1","turquoise","turquoise"
"HLA-DQA1","turquoise","turquoise"
"HLA-DRA","turquoise","turquoise"
"HLA-DRB1","turquoise","turquoise"
"HLX","turquoise","turquoise"
"HMGA1","turquoise","turquoise"
"HMGB2","turquoise","turquoise"
"HMGCS1","turquoise","turquoise"
"HMGN2","turquoise","turquoise"
"HMMR","turquoise","turquoise"
"HN1","turquoise","turquoise"
"HNRNPA2B1","turquoise","turquoise"
"HNRNPAB","turquoise","turquoise"
"HOPX","turquoise","turquoise"
"HPGD","turquoise","turquoise"
"HRAS","turquoise","turquoise"
"HSP90AA1","turquoise","turquoise"
"HSP90AB1","turquoise","turquoise"
"HSPA1A","turquoise","turquoise"
"HSPA8","turquoise","turquoise"
"HSPB1","turquoise","turquoise"
"HSPD1","turquoise","turquoise"
"HSPE1","turquoise","turquoise"
"HSPH1","turquoise","turquoise"
"HTR3A","turquoise","turquoise"
"ID2","turquoise","turquoise"
"IL10","turquoise","turquoise"
"IL10RB-AS1","turquoise","turquoise"
"IL2RA","turquoise","turquoise"
"IL2RB","turquoise","turquoise"
"IL32","turquoise","turquoise"
"INA","turquoise","turquoise"
"INSIG1","turquoise","turquoise"
"ITGA2","turquoise","turquoise"
"IVNS1ABP","turquoise","turquoise"
"KBTBD11","turquoise","turquoise"
"KCNMA1","turquoise","turquoise"
"KIAA0020","turquoise","turquoise"
"KIAA0101","turquoise","turquoise"
"KIF14","turquoise","turquoise"
"KIF15","turquoise","turquoise"
"KIF20A","turquoise","turquoise"
"KIF23","turquoise","turquoise"
"KIF2A","turquoise","turquoise"
"KIF2C","turquoise","turquoise"
"KIF4A","turquoise","turquoise"
"KIF5C","turquoise","turquoise"
"KIFC1","turquoise","turquoise"
"KISS1R","turquoise","turquoise"
"KLHL21","turquoise","turquoise"
"KLHL23","turquoise","turquoise"
"KPNA2","turquoise","turquoise"
"KPNB1","turquoise","turquoise"
"KYNU","turquoise","turquoise"
"LAPTM4B","turquoise","turquoise"
"LBR","turquoise","turquoise"
"LCK","turquoise","turquoise"
"LCP1","turquoise","turquoise"
"LDHA","turquoise","turquoise"
"LDHB","turquoise","turquoise"
"LGALS1","turquoise","turquoise"
"LGALS17A","turquoise","turquoise"
"LGALS3","turquoise","turquoise"
"LIMA1","turquoise","turquoise"
"LINC00116","turquoise","turquoise"
"LINC00152","turquoise","turquoise"
"LINC00643","turquoise","turquoise"
"LINC00665","turquoise","turquoise"
"LMNA","turquoise","turquoise"
"LPXN","turquoise","turquoise"
"LSM2","turquoise","turquoise"
"LYAR","turquoise","turquoise"
"MCM10","turquoise","turquoise"
"MCM3","turquoise","turquoise"
"MCM4","turquoise","turquoise"
"MCM6","turquoise","turquoise"
"MFHAS1","turquoise","turquoise"
"MGST1","turquoise","turquoise"
"MGST3","turquoise","turquoise"
"MID1IP1","turquoise","turquoise"
"MIR4435-1HG","turquoise","turquoise"
"MKI67IP","turquoise","turquoise"
"MLTK","turquoise","turquoise"
"MRPL37","turquoise","turquoise"
"MRTO4","turquoise","turquoise"
"MSC","turquoise","turquoise"
"MSMO1","turquoise","turquoise"
"MT1E","turquoise","turquoise"
"MT1G","turquoise","turquoise"
"MT1H","turquoise","turquoise"
"MT1X","turquoise","turquoise"
"MT2A","turquoise","turquoise"
"MTDH","turquoise","turquoise"
"MYB","turquoise","turquoise"
"MYH10","turquoise","turquoise"
"MYL9","turquoise","turquoise"
"MZT1","turquoise","turquoise"
"NAMPT","turquoise","turquoise"
"NAP1L1","turquoise","turquoise"
"NCAPG","turquoise","turquoise"
"NCL","turquoise","turquoise"
"NDC80","turquoise","turquoise"
"NGFRAP1","turquoise","turquoise"
"NME1","turquoise","turquoise"
"NOLC1","turquoise","turquoise"
"NOP16","turquoise","turquoise"
"NOP56","turquoise","turquoise"
"NPDC1","turquoise","turquoise"
"NPM1","turquoise","turquoise"
"NPM3","turquoise","turquoise"
"NQO1","turquoise","turquoise"
"NREP","turquoise","turquoise"
"NUF2","turquoise","turquoise"
"NUSAP1","turquoise","turquoise"
"ODC1","turquoise","turquoise"
"ONECUT2","turquoise","turquoise"
"PA2G4","turquoise","turquoise"
"PAICS","turquoise","turquoise"
"PAPD5","turquoise","turquoise"
"PASK","turquoise","turquoise"
"PBK","turquoise","turquoise"
"PCNA","turquoise","turquoise"
"PDGFRA","turquoise","turquoise"
"PERP","turquoise","turquoise"
"PFN1","turquoise","turquoise"
"PGK1","turquoise","turquoise"
"PHLDA3","turquoise","turquoise"
"PIK3CD","turquoise","turquoise"
"PIK3R6","turquoise","turquoise"
"PKM","turquoise","turquoise"
"PLEK","turquoise","turquoise"
"PLK1","turquoise","turquoise"
"POLD3","turquoise","turquoise"
"POLR1E","turquoise","turquoise"
"POLR3G","turquoise","turquoise"
"POLR3K","turquoise","turquoise"
"PPA1","turquoise","turquoise"
"PPARG","turquoise","turquoise"
"PPIA","turquoise","turquoise"
"PPID","turquoise","turquoise"
"PPIF","turquoise","turquoise"
"PPM1G","turquoise","turquoise"
"PPP1R14B","turquoise","turquoise"
"PPP2R3C","turquoise","turquoise"
"PRC1","turquoise","turquoise"
"PRDX3","turquoise","turquoise"
"PRKAG2-AS1","turquoise","turquoise"
"PRMT1","turquoise","turquoise"
"PRR11","turquoise","turquoise"
"PRR19","turquoise","turquoise"
"PRR5L","turquoise","turquoise"
"PSAT1","turquoise","turquoise"
"PSPH","turquoise","turquoise"
"PTMA","turquoise","turquoise"
"PTMS","turquoise","turquoise"
"RAB7L1","turquoise","turquoise"
"RAN","turquoise","turquoise"
"RANBP1","turquoise","turquoise"
"RCAN2","turquoise","turquoise"
"RFC3","turquoise","turquoise"
"RILPL2","turquoise","turquoise"
"RMI2","turquoise","turquoise"
"RNU1-120P","turquoise","turquoise"
"RNU1-59P","turquoise","turquoise"
"RP11-111F5.4","turquoise","turquoise"
"RP11-11N9.4","turquoise","turquoise"
"RP11-126K1.6","turquoise","turquoise"
"RP11-132A1.4","turquoise","turquoise"
"RP11-145M9.4","turquoise","turquoise"
"RP11-22N19.2","turquoise","turquoise"
"RP11-22P6.3","turquoise","turquoise"
"RP11-254F7.4","turquoise","turquoise"
"RP11-25K19.1","turquoise","turquoise"
"RP11-295G20.2","turquoise","turquoise"
"RP11-314O13.1","turquoise","turquoise"
"RP11-328M4.2","turquoise","turquoise"
"RP11-343J3.2","turquoise","turquoise"
"RP11-386G11.10","turquoise","turquoise"
"RP11-38M8.1","turquoise","turquoise"
"RP11-425I13.3","turquoise","turquoise"
"RP11-473M20.16","turquoise","turquoise"
"RP11-498C9.15","turquoise","turquoise"
"RP11-500C11.3","turquoise","turquoise"
"RP11-53O19.1","turquoise","turquoise"
"RP11-545E17.3","turquoise","turquoise"
"RP11-567J20.3","turquoise","turquoise"
"RP11-620J15.3","turquoise","turquoise"
"RP11-701P16.5","turquoise","turquoise"
"RP11-792D21.2","turquoise","turquoise"
"RP4-742C19.12","turquoise","turquoise"
"RP5-940J5.9","turquoise","turquoise"
"RP6-65G23.3","turquoise","turquoise"
"RPL22L1","turquoise","turquoise"
"RPL38P4","turquoise","turquoise"
"RPPH1","turquoise","turquoise"
"RRM1","turquoise","turquoise"
"RRM2","turquoise","turquoise"
"RRM2B","turquoise","turquoise"
"S100A11","turquoise","turquoise"
"S100A4","turquoise","turquoise"
"SCARNA13","turquoise","turquoise"
"SELL","turquoise","turquoise"
"SEPW1","turquoise","turquoise"
"SERBP1","turquoise","turquoise"
"SERPINB1","turquoise","turquoise"
"SERPINB9","turquoise","turquoise"
"SET","turquoise","turquoise"
"SGOL2","turquoise","turquoise"
"SH2D2A","turquoise","turquoise"
"SLC16A1","turquoise","turquoise"
"SLC16A3","turquoise","turquoise"
"SLC16A9","turquoise","turquoise"
"SLC25A5","turquoise","turquoise"
"SLC29A1","turquoise","turquoise"
"SLC39A14","turquoise","turquoise"
"SLC41A1","turquoise","turquoise"
"SLC43A3","turquoise","turquoise"
"SLC7A5","turquoise","turquoise"
"SNHG12","turquoise","turquoise"
"SNHG15","turquoise","turquoise"
"SNHG16","turquoise","turquoise"
"SNHG3","turquoise","turquoise"
"SNORA73B","turquoise","turquoise"
"SNRPE","turquoise","turquoise"
"SNRPG","turquoise","turquoise"
"SNTA1","turquoise","turquoise"
"SNX10","turquoise","turquoise"
"SOCS2","turquoise","turquoise"
"SOX2","turquoise","turquoise"
"SOX4","turquoise","turquoise"
"SPC25","turquoise","turquoise"
"SPDL1","turquoise","turquoise"
"SRSF2","turquoise","turquoise"
"SSBP1","turquoise","turquoise"
"SSRP1","turquoise","turquoise"
"STEAP3","turquoise","turquoise"
"STIP1","turquoise","turquoise"
"STK38L","turquoise","turquoise"
"STK39","turquoise","turquoise"
"STMN1","turquoise","turquoise"
"SYT11","turquoise","turquoise"
"TEAD4","turquoise","turquoise"
"TERC","turquoise","turquoise"
"TESC","turquoise","turquoise"
"TFRC","turquoise","turquoise"
"TMEM173","turquoise","turquoise"
"TMEM97","turquoise","turquoise"
"TMEM99","turquoise","turquoise"
"TMPO-AS1","turquoise","turquoise"
"TMSB4X","turquoise","turquoise"
"TMSB4XP8","turquoise","turquoise"
"TNFRSF8","turquoise","turquoise"
"TNIK","turquoise","turquoise"
"TOP2A","turquoise","turquoise"
"TPI1","turquoise","turquoise"
"TPM3","turquoise","turquoise"
"TPM4","turquoise","turquoise"
"TPRG1","turquoise","turquoise"
"TPX2","turquoise","turquoise"
"TRIAP1","turquoise","turquoise"
"TSTD3","turquoise","turquoise"
"TTK","turquoise","turquoise"
"TTLL12","turquoise","turquoise"
"TUBA1A","turquoise","turquoise"
"TUBA1B","turquoise","turquoise"
"TUBA1C","turquoise","turquoise"
"TUBB","turquoise","turquoise"
"TUBB2A","turquoise","turquoise"
"TUBB3","turquoise","turquoise"
"TUBB4B","turquoise","turquoise"
"TUBB6","turquoise","turquoise"
"TXN","turquoise","turquoise"
"TYMS","turquoise","turquoise"
"U52111.12","turquoise","turquoise"
"UBE2C","turquoise","turquoise"
"UBE2S","turquoise","turquoise"
"UBL7-AS1","turquoise","turquoise"
"UCHL1","turquoise","turquoise"
"UNG","turquoise","turquoise"
"VASP","turquoise","turquoise"
"VIM","turquoise","turquoise"
"VRK2","turquoise","turquoise"
"VTRNA1-3","turquoise","turquoise"
"VTRNA2-1","turquoise","turquoise"
"WARS","turquoise","turquoise"
"WDR34","turquoise","turquoise"
"WDR43","turquoise","turquoise"
"WDR65","turquoise","turquoise"
"WDR76","turquoise","turquoise"
"XRCC5","turquoise","turquoise"
"YBX1","turquoise","turquoise"
"YBX3","turquoise","turquoise"
"ZBED2","turquoise","turquoise"
"ZBTB32","turquoise","turquoise"
"ZFAS1","turquoise","turquoise"
"ZWILCH","turquoise","turquoise"
"ZWINT","turquoise","turquoise"
"ZYX","turquoise","turquoise"
"7SK","brown","brown"
"AC012065.7","brown","brown"
"AC079767.4","brown","brown"
"AC116366.6","brown","brown"
"ADAP1","brown","brown"
"ALPL","brown","brown"
"ANK3","brown","brown"
"B3GNT7","brown","brown"
"BACH2","brown","brown"
"BBC3","brown","brown"
"BTNL9","brown","brown"
"C1orf162","brown","brown"
"C1orf228","brown","brown"
"C20orf195","brown","brown"
"CAMK2N1","brown","brown"
"CASZ1","brown","brown"
"CCDC141","brown","brown"
"CCDC6","brown","brown"
"CCSER2","brown","brown"
"CD52","brown","brown"
"CD69","brown","brown"
"CD72","brown","brown"
"CD82","brown","brown"
"CD83","brown","brown"
"CD84","brown","brown"
"CDK5R1","brown","brown"
"CDKN2D","brown","brown"
"CRIP2","brown","brown"
"CTA-250D10.23","brown","brown"
"CXCL16","brown","brown"
"CXCR5","brown","brown"
"DLL1","brown","brown"
"DNAJC5B","brown","brown"
"DOPEY2","brown","brown"
"DUSP2","brown","brown"
"DUSP8","brown","brown"
"EBF1","brown","brown"
"EMILIN2","brown","brown"
"ENC1","brown","brown"
"EPB41L4A-AS1","brown","brown"
"FAM167A","brown","brown"
"FCER2","brown","brown"
"FCRL3","brown","brown"
"FGR","brown","brown"
"FOS","brown","brown"
"FOSB","brown","brown"
"GNAZ","brown","brown"
"GPR18","brown","brown"
"GRASP","brown","brown"
"HCG22","brown","brown"
"HES1","brown","brown"
"HLA-DMB","brown","brown"
"HOTAIRM1","brown","brown"
"HS3ST3B1","brown","brown"
"ID3","brown","brown"
"IFIT2","brown","brown"
"IL6","brown","brown"
"ITGB2-AS1","brown","brown"
"JUNB","brown","brown"
"JUP","brown","brown"
"KB-431C1.4","brown","brown"
"KIF13A","brown","brown"
"KLF2","brown","brown"
"KLF6","brown","brown"
"KLF7","brown","brown"
"LAPTM5","brown","brown"
"LINC00494","brown","brown"
"LINC00926","brown","brown"
"LRRK2","brown","brown"
"LTB","brown","brown"
"LYST","brown","brown"
"MARCH1","brown","brown"
"MATN1-AS1","brown","brown"
"MIR142","brown","brown"
"MKLN1-AS1","brown","brown"
"MPEG1","brown","brown"
"MPP7","brown","brown"
"MS4A1","brown","brown"
"MS4A7","brown","brown"
"NCBP2-AS2","brown","brown"
"NCKAP5L","brown","brown"
"NFKBIA","brown","brown"
"NFKBID","brown","brown"
"NFKBIE","brown","brown"
"NR4A1","brown","brown"
"NR4A2","brown","brown"
"NR4A3","brown","brown"
"NXPH4","brown","brown"
"PIKFYVE","brown","brown"
"PLAC8","brown","brown"
"PLD4","brown","brown"
"PLEKHA1","brown","brown"
"PMAIP1","brown","brown"
"POU3F1","brown","brown"
"PPAP2B","brown","brown"
"RAB11FIP1","brown","brown"
"REL","brown","brown"
"RGS2","brown","brown"
"RHOB","brown","brown"
"RP1-313I6.12","brown","brown"
"RP11-220I1.1","brown","brown"
"RP11-277L2.3","brown","brown"
"RP11-349A22.5","brown","brown"
"RP11-367G6.3","brown","brown"
"RP11-372K14.2","brown","brown"
"RP11-408A13.4","brown","brown"
"RP11-430B1.2","brown","brown"
"RP11-489E7.4","brown","brown"
"RP11-511B23.1","brown","brown"
"RP11-632K20.7","brown","brown"
"RP11-802O23.3","brown","brown"
"RP11-849F2.8","brown","brown"
"RP11-861A13.4","brown","brown"
"RP11-876N24.4","brown","brown"
"RP3-475N16.1","brown","brown"
"RP4-680D5.9","brown","brown"
"RP5-882C2.2","brown","brown"
"RP5-894A10.2","brown","brown"
"RUNX3","brown","brown"
"SATB1","brown","brown"
"SCARNA17","brown","brown"
"SCARNA9","brown","brown"
"SESN3","brown","brown"
"SNHG8","brown","brown"
"SNX29P2","brown","brown"
"SORL1","brown","brown"
"SPOCK2","brown","brown"
"SYCP2","brown","brown"
"TCF7","brown","brown"
"TFEC","brown","brown"
"TMOD2","brown","brown"
"TNFSF9","brown","brown"
"TRIM22","brown","brown"
"TRIM52-AS1","brown","brown"
"TSC22D3","brown","brown"
"TTN","brown","brown"
"TTTY15","brown","brown"
"UNC119","brown","brown"
"VAV3","brown","brown"
"WHAMMP3","brown","brown"
"ZC3H12A","brown","brown"
"ZFP36L1","brown","brown"
"ZNF703","brown","brown"
