"motif","observed","background","percent.observed","percent.background","fold.enrichment","pvalue","motif.name","p.adjust","transition","direction","key","padj","significant","log2_fold_enrichment"
"MA0506.1",2697,580,11.5518053711398,1.45,7.96676232492397,0,"NRF1",0,"T1_MBC_to_prePB","opening","T1_MBC_to_prePB_opening",0,TRUE,2.99399371624786
"MA0632.2",1668,455,7.14438685912537,1.1375,6.28077965637395,0,"TCFL5",0,"T1_MBC_to_prePB","opening","T1_MBC_to_prePB_opening",0,TRUE,2.65094388699653
"MA1650.1",2039,570,8.73345611855913,1.425,6.12874113583097,0,"ZBTB14",0,"T1_MBC_to_prePB","opening","T1_MBC_to_prePB_opening",0,TRUE,2.61559100530069
"MA0527.1",1000,297,4.28320555103439,0.7425,5.76862700476013,0,"ZBTB33",0,"T1_MBC_to_prePB","opening","T1_MBC_to_prePB_opening",0,TRUE,2.52822823289256
"MA1513.1",6118,1896,26.2046515612284,4.74,5.52840750236887,0,"KLF15",0,"T1_MBC_to_prePB","opening","T1_MBC_to_prePB_opening",0,TRUE,2.4668642225582
"MA0131.2",947,304,4.05619565682957,0.76,5.33709954845996,0,"HINFP",0,"T1_MBC_to_prePB","opening","T1_MBC_to_prePB_opening",0,TRUE,2.41605619127716
"MA0156.2",1288,433,5.5167687497323,1.0825,5.09632217065339,0,"FEV",0,"T1_MBC_to_prePB","opening","T1_MBC_to_prePB_opening",0,TRUE,2.34945676541134
"MA0028.2",1493,520,6.39482588769435,1.3,4.91909683668796,0,"ELK1",0,"T1_MBC_to_prePB","opening","T1_MBC_to_prePB_opening",0,TRUE,2.29839374932854
"MA0759.1",1401,505,6.00077097699919,1.2625,4.75308592237559,0,"ELK3",0,"T1_MBC_to_prePB","opening","T1_MBC_to_prePB_opening",0,TRUE,2.24886478525766
"MA0763.1",1311,494,5.61528247740609,1.235,4.54678743109805,0,"ETV3",0,"T1_MBC_to_prePB","opening","T1_MBC_to_prePB_opening",0,TRUE,2.18484787487486
"MA0162.4",3783,1444,16.2033665995631,3.61,4.48846720209504,0,"EGR1",0,"T1_MBC_to_prePB","opening","T1_MBC_to_prePB_opening",0,TRUE,2.16622317452277
"MA0740.1",3884,1499,16.6359703602176,3.7475,4.43921824155239,0,"KLF14",0,"T1_MBC_to_prePB","opening","T1_MBC_to_prePB_opening",0,TRUE,2.15030596139778
"MA0474.2",1375,533,5.88940763267229,1.3325,4.41981811082348,0,"ERG",0,"T1_MBC_to_prePB","opening","T1_MBC_to_prePB_opening",0,TRUE,2.14398732589315
"MA0475.2",1343,528,5.75234505503919,1.32,4.35783716290848,0,"FLI1",0,"T1_MBC_to_prePB","opening","T1_MBC_to_prePB_opening",0,TRUE,2.12361262006449
"MA1475.1",787,314,3.37088276866407,0.785,4.29411817664213,0,"CREB3L4(var.2)",0,"T1_MBC_to_prePB","opening","T1_MBC_to_prePB_opening",0,TRUE,2.10236223152381
"MA0732.1",2225,893,9.53013235105153,2.2325,4.26881628266586,0,"EGR3",0,"T1_MBC_to_prePB","opening","T1_MBC_to_prePB_opening",0,TRUE,2.09383641251919
"MA0765.2",1930,793,8.26658671349638,1.9825,4.16977892231848,0,"ETV5",0,"T1_MBC_to_prePB","opening","T1_MBC_to_prePB_opening",0,TRUE,2.05997124137775
"MA0076.2",2207,937,9.45303465113291,2.3425,4.03544702289558,0,"ELK4",0,"T1_MBC_to_prePB","opening","T1_MBC_to_prePB_opening",0,TRUE,2.01272885306397
"MA1483.1",1562,684,6.69036707071572,1.71,3.91249536299165,0,"ELF2",0,"T1_MBC_to_prePB","opening","T1_MBC_to_prePB_opening",0,TRUE,1.96808941093437
"MA0472.2",1262,565,5.4054054054054,1.4125,3.82683568524276,0,"EGR2",0,"T1_MBC_to_prePB","opening","T1_MBC_to_prePB_opening",0,TRUE,1.93615233361215
"MA0098.3",1342,610,5.74806184948816,1.525,3.76922088491027,0,"ETS1",0,"T1_MBC_to_prePB","opening","T1_MBC_to_prePB_opening",0,TRUE,1.91426672544467
"MA0685.1",4920,2240,21.0733713110892,5.6,3.76310201983736,0,"SP4",0,"T1_MBC_to_prePB","opening","T1_MBC_to_prePB_opening",0,TRUE,1.91192278559874
"MA1122.1",1712,797,7.33284790337088,1.9925,3.68022479466544,0,"TFDP1",0,"T1_MBC_to_prePB","opening","T1_MBC_to_prePB_opening",0,TRUE,1.87979428336132
"MA0615.1",404,189,1.7304150426179,0.4725,3.66225405845057,0,"Gmeb1",0,"T1_MBC_to_prePB","opening","T1_MBC_to_prePB_opening",0,TRUE,1.87273227140498
"MA1143.1",728,343,3.11817364115304,0.8575,3.63635410047002,0,"FOSL1::JUND(var.2)",0,"T1_MBC_to_prePB","opening","T1_MBC_to_prePB_opening",0,TRUE,1.86249308970596
"MA1484.1",1175,556,5.03276652246541,1.39,3.62069533990317,0,"ETS2",0,"T1_MBC_to_prePB","opening","T1_MBC_to_prePB_opening",0,TRUE,1.85626718612476
"MA1564.1",5313,2556,22.7566710926457,6.39,3.56129438069573,0,"SP9",0,"T1_MBC_to_prePB","opening","T1_MBC_to_prePB_opening",0,TRUE,1.83240210056809
"MA0760.1",1379,666,5.90654045487643,1.665,3.54747174467053,0,"ERF",0,"T1_MBC_to_prePB","opening","T1_MBC_to_prePB_opening",0,TRUE,1.82679160006321
"MA0748.2",1372,664,5.87655801601919,1.66,3.54009519037301,0,"YY2",0,"T1_MBC_to_prePB","opening","T1_MBC_to_prePB_opening",0,TRUE,1.82378856129379
"MA0750.2",2446,1201,10.4767207778301,3.0025,3.4893324822082,0,"ZBTB7A",0,"T1_MBC_to_prePB","opening","T1_MBC_to_prePB_opening",0,TRUE,1.80295148521839
"MA0594.2",111,56,0.475435816164818,0.14,3.39597011546298,0,"HOXA9",0,"T1_MBC_to_prePB","opening","T1_MBC_to_prePB_opening",0,TRUE,1.76382418805599
"MA0746.2",5392,2745,23.0950443311775,6.8625,3.36539808104589,0,"SP3",0,"T1_MBC_to_prePB","opening","T1_MBC_to_prePB_opening",0,TRUE,1.750777594912
"MA0733.1",2082,1067,8.91763395725361,2.6675,3.34306802521222,0,"EGR4",0,"T1_MBC_to_prePB","opening","T1_MBC_to_prePB_opening",0,TRUE,1.74117314296109
"MA0079.4",5145,2638,22.037092560072,6.595,3.34148484610644,0,"SP1",0,"T1_MBC_to_prePB","opening","T1_MBC_to_prePB_opening",0,TRUE,1.74048976322035
"MA1129.1",561,290,2.4028783141303,0.725,3.31431491604179,0,"FOSL1::JUN(var.2)",0,"T1_MBC_to_prePB","opening","T1_MBC_to_prePB_opening",0,TRUE,1.72871112482383
"MA0641.1",1606,835,6.87882811496124,2.0875,3.29524700117904,0,"ELF4",0,"T1_MBC_to_prePB","opening","T1_MBC_to_prePB_opening",0,TRUE,1.72038704690468
"MA0060.3",1521,836,6.51475564312331,2.09,3.1171079632169,0,"NFYA",0,"T1_MBC_to_prePB","opening","T1_MBC_to_prePB_opening",0,TRUE,1.64020858741276
"MA0645.1",1927,1066,8.25373709684328,2.665,3.09708709074795,0,"ETV6",0,"T1_MBC_to_prePB","opening","T1_MBC_to_prePB_opening",0,TRUE,1.63091241829763
"MA1140.2",696,396,2.98111106351994,0.99,3.01122329648479,0,"JUNB(var.2)",0,"T1_MBC_to_prePB","opening","T1_MBC_to_prePB_opening",0,TRUE,1.59035017381295
"MA0741.1",5110,2914,21.8871803657858,7.285,3.00441734602413,0,"KLF16",0,"T1_MBC_to_prePB","opening","T1_MBC_to_prePB_opening",0,TRUE,1.58708571288963
"MA1512.1",4052,2321,17.3555488927914,5.8025,2.99104677170036,0,"KLF11",0,"T1_MBC_to_prePB","opening","T1_MBC_to_prePB_opening",0,TRUE,1.58065095273237
"MA1099.2",1166,679,4.9942176725061,1.6975,2.94210172165308,0,"HES1",0,"T1_MBC_to_prePB","opening","T1_MBC_to_prePB_opening",0,TRUE,1.55684761825569
"MA0834.1",710,419,3.04107594123442,1.0475,2.90317512289682,0,"ATF7",0,"T1_MBC_to_prePB","opening","T1_MBC_to_prePB_opening",0,TRUE,1.53763209656753
"MA1136.1",638,377,2.73268514155994,0.9425,2.89940068070021,0,"FOSB::JUNB(var.2)",0,"T1_MBC_to_prePB","opening","T1_MBC_to_prePB_opening",0,TRUE,1.53575521701795
"MA1102.2",3847,2303,16.4774917548293,5.7575,2.86191780370461,0,"CTCFL",0,"T1_MBC_to_prePB","opening","T1_MBC_to_prePB_opening",0,TRUE,1.51698274154243
"MA0609.2",815,490,3.49081252409303,1.225,2.84964287681064,0,"CREM",0,"T1_MBC_to_prePB","opening","T1_MBC_to_prePB_opening",0,TRUE,1.51078163532596
"MA1569.1",969,585,4.15042617895233,1.4625,2.83789824201869,0,"TFAP2E",0,"T1_MBC_to_prePB","opening","T1_MBC_to_prePB_opening",0,TRUE,1.50482336824961
"MA1644.1",1472,905,6.30487857112263,2.2625,2.78668666126967,0,"NFYC",0,"T1_MBC_to_prePB","opening","T1_MBC_to_prePB_opening",0,TRUE,1.47855131073412
"MA0516.2",4362,2702,18.683342613612,6.755,2.76585382881007,0,"SP2",0,"T1_MBC_to_prePB","opening","T1_MBC_to_prePB_opening",0,TRUE,1.46772543586221
"MA0471.2",3716,2317,15.9163918276438,5.7925,2.7477586236761,0,"E2F6",0,"T1_MBC_to_prePB","opening","T1_MBC_to_prePB_opening",0,TRUE,1.4582558015
"MA0604.1",381,238,1.6319013149441,0.595,2.74269128562034,0,"Atf1",0,"T1_MBC_to_prePB","opening","T1_MBC_to_prePB_opening",0,TRUE,1.45559276913761
"MA0686.1",709,444,3.03679273568339,1.11,2.73584931142647,0,"SPDEF",0,"T1_MBC_to_prePB","opening","T1_MBC_to_prePB_opening",0,TRUE,1.45198929715713
"MA1139.1",666,419,2.85261489698891,1.0475,2.72326004485814,0,"FOSL2::JUNB(var.2)",0,"T1_MBC_to_prePB","opening","T1_MBC_to_prePB_opening",0,TRUE,1.4453352820774
"MA0139.1",5018,3178,21.4931254550906,7.945,2.70523920139592,0,"CTCF",0,"T1_MBC_to_prePB","opening","T1_MBC_to_prePB_opening",0,TRUE,1.43575669829517
"MA1515.1",5190,3301,22.2298368098685,8.2525,2.6937093983482,0,"KLF2",0,"T1_MBC_to_prePB","opening","T1_MBC_to_prePB_opening",0,TRUE,1.42959475453988
"MA0831.2",681,439,2.91686298025442,1.0975,2.65773392278307,0,"TFE3",0,"T1_MBC_to_prePB","opening","T1_MBC_to_prePB_opening",0,TRUE,1.41019722024356
"MA0469.3",116,76,0.49685184391999,0.19,2.61500970484205,0,"E2F3",0,"T1_MBC_to_prePB","opening","T1_MBC_to_prePB_opening",0,TRUE,1.38681685231961
"MA0862.1",133,88,0.569666338287574,0.22,2.5893924467617,0,"GMEB2",0,"T1_MBC_to_prePB","opening","T1_MBC_to_prePB_opening",0,TRUE,1.37261419295754
"MA1511.1",3937,2619,16.8629802544224,6.5475,2.57548381129017,0,"KLF10",0,"T1_MBC_to_prePB","opening","T1_MBC_to_prePB_opening",0,TRUE,1.36484403191096
"MA0747.1",4312,2886,18.4691823360603,7.215,2.55983123160919,0,"SP8",0,"T1_MBC_to_prePB","opening","T1_MBC_to_prePB_opening",0,TRUE,1.35604926078905
"MA1127.1",820,550,3.5122285518482,1.375,2.55434803770778,0,"FOSB::JUN",0,"T1_MBC_to_prePB","opening","T1_MBC_to_prePB_opening",0,TRUE,1.35295567483098
"MA1133.1",787,529,3.37088276866407,1.3225,2.54887165872519,0,"JUN::JUNB(var.2)",0,"T1_MBC_to_prePB","opening","T1_MBC_to_prePB_opening",0,TRUE,1.34985929834451
"MA0742.1",3255,2195,13.941834068617,5.4875,2.54065313323316,0,"Klf12",0,"T1_MBC_to_prePB","opening","T1_MBC_to_prePB_opening",0,TRUE,1.34519999041228
"MA1145.1",857,581,3.67070715723648,1.4525,2.52716499637623,0,"FOSL2::JUND(var.2)",0,"T1_MBC_to_prePB","opening","T1_MBC_to_prePB_opening",0,TRUE,1.3375204305207
"MA1516.1",2433,1650,10.4210391056667,4.125,2.52631251046465,0,"KLF3",0,"T1_MBC_to_prePB","opening","T1_MBC_to_prePB_opening",0,TRUE,1.33703368581062
"MA0762.1",1020,694,4.36886966205508,1.735,2.51808049686172,0,"ETV2",0,"T1_MBC_to_prePB","opening","T1_MBC_to_prePB_opening",0,TRUE,1.33232497615287
"MA0024.3",280,191,1.19929755428963,0.4775,2.51161791474268,0,"E2F1",0,"T1_MBC_to_prePB","opening","T1_MBC_to_prePB_opening",0,TRUE,1.3286175822557
"MA0599.1",6433,4395,27.5538613098043,10.9875,2.5077461942939,0,"KLF5",0,"T1_MBC_to_prePB","opening","T1_MBC_to_prePB_opening",0,TRUE,1.32639191754918
"MA1517.1",3949,2719,16.9143787210348,6.7975,2.48832346024786,0,"KLF6",0,"T1_MBC_to_prePB","opening","T1_MBC_to_prePB_opening",0,TRUE,1.3151746151594
"MA0840.1",722,498,3.09247440784683,1.245,2.48391518702557,0,"Creb5",0,"T1_MBC_to_prePB","opening","T1_MBC_to_prePB_opening",0,TRUE,1.31261649457186
"MA0637.1",334,240,1.43059065404549,0.6,2.38431775674248,0,"CENPB",0,"T1_MBC_to_prePB","opening","T1_MBC_to_prePB_opening",0,TRUE,1.25357712088002
"MA0136.2",1766,1270,7.56414100312674,3.175,2.38240661515803,0,"ELF5",0,"T1_MBC_to_prePB","opening","T1_MBC_to_prePB_opening",0,TRUE,1.25242027048881
"MA0470.2",311,224,1.3320769263717,0.56,2.37870879709232,0,"E2F4",0,"T1_MBC_to_prePB","opening","T1_MBC_to_prePB_opening",0,TRUE,1.25017927351425
"MA0067.1",589,426,2.52280806955926,1.065,2.36883386813076,0,"Pax2",0,"T1_MBC_to_prePB","opening","T1_MBC_to_prePB_opening",0,TRUE,1.2441776315742
"MA1584.1",1407,1026,6.02647021030539,2.565,2.34950105664928,0,"ZIC5",0,"T1_MBC_to_prePB","opening","T1_MBC_to_prePB_opening",0,TRUE,1.23235503061045
"MA0656.1",763,558,3.26808583543924,1.395,2.34271386052992,0,"JDP2(var.2)",0,"T1_MBC_to_prePB","opening","T1_MBC_to_prePB_opening",0,TRUE,1.22818136976529
"MA0694.1",551,410,2.36004625861995,1.025,2.30248415475117,0,"ZBTB7B",0,"T1_MBC_to_prePB","opening","T1_MBC_to_prePB_opening",0,TRUE,1.20319185458549
"MA0638.1",664,498,2.84404848588684,1.245,2.28437629388501,0,"CREB3",0,"T1_MBC_to_prePB","opening","T1_MBC_to_prePB_opening",0,TRUE,1.19180094976543
"MA1545.1",153,116,0.655330449308262,0.29,2.25976017002849,0,"OVOL2",0,"T1_MBC_to_prePB","opening","T1_MBC_to_prePB_opening",0,TRUE,1.17617030493128
"MA0014.3",761,580,3.25951942433717,1.45,2.24794443057736,0,"PAX5",0,"T1_MBC_to_prePB","opening","T1_MBC_to_prePB_opening",0,TRUE,1.16860701421054
"MA1653.1",6094,4673,26.1018546280036,11.6825,2.23426960222586,0,"ZNF148",0,"T1_MBC_to_prePB","opening","T1_MBC_to_prePB_opening",0,TRUE,1.15980392747165
"MA1419.1",803,620,3.43941405748062,1.55,2.21897681127782,0,"IRF4",0,"T1_MBC_to_prePB","opening","T1_MBC_to_prePB_opening",0,TRUE,1.14989524134317
"MA0657.1",1523,1181,6.52332205422538,2.9525,2.20942321904331,0,"KLF13",0,"T1_MBC_to_prePB","opening","T1_MBC_to_prePB_opening",0,TRUE,1.14367044900154
"MA0039.4",6061,4792,25.9605088448195,11.98,2.16698738270613,0,"KLF4",0,"T1_MBC_to_prePB","opening","T1_MBC_to_prePB_opening",0,TRUE,1.11569141911817
"MA0871.2",946,749,4.05191245127854,1.8725,2.16390518092312,0,"TFEC",0,"T1_MBC_to_prePB","opening","T1_MBC_to_prePB_opening",0,TRUE,1.11363795052743
"MA0605.2",703,563,3.01109350237718,1.4075,2.13932042797668,0,"ATF3",0,"T1_MBC_to_prePB","opening","T1_MBC_to_prePB_opening",0,TRUE,1.09715326030081
"MA0695.1",793,638,3.39658200197027,1.595,2.12951849653309,0,"ZBTB7C",0,"T1_MBC_to_prePB","opening","T1_MBC_to_prePB_opening",0,TRUE,1.09052793835166
"MA1420.1",644,520,2.75838437486615,1.3,2.12183413451242,0,"IRF5",0,"T1_MBC_to_prePB","opening","T1_MBC_to_prePB_opening",0,TRUE,1.08531256395224
"MA0600.2",724,587,3.1010408189489,1.4675,2.11314536214576,0,"RFX2",0,"T1_MBC_to_prePB","opening","T1_MBC_to_prePB_opening",0,TRUE,1.07939269563494
"MA0510.2",786,638,3.36659956311303,1.595,2.11072072922447,0,"RFX5",0,"T1_MBC_to_prePB","opening","T1_MBC_to_prePB_opening",0,TRUE,1.07773639093978
"MA1131.1",888,733,3.80348652931854,1.8325,2.0755724580183,0,"FOSL2::JUN(var.2)",0,"T1_MBC_to_prePB","opening","T1_MBC_to_prePB_opening",0,TRUE,1.05350999223703
"MA1509.1",382,317,1.63618452049514,0.7925,2.06458614573519,0,"IRF6",0,"T1_MBC_to_prePB","opening","T1_MBC_to_prePB_opening",0,TRUE,1.04585331561583
"MA1474.1",819,682,3.50794534629717,1.705,2.05744595090743,0,"CREB3L4",0,"T1_MBC_to_prePB","opening","T1_MBC_to_prePB_opening",0,TRUE,1.04085523276139
"MA0799.1",859,716,3.67927356833854,1.79,2.05546009404388,0,"RFX4",0,"T1_MBC_to_prePB","opening","T1_MBC_to_prePB_opening",0,TRUE,1.03946206469622
"MA0652.1",923,774,3.95339872360475,1.935,2.04310011555801,0,"IRF8",0,"T1_MBC_to_prePB","opening","T1_MBC_to_prePB_opening",0,TRUE,1.03076060656951
"MA0751.1",1355,1139,5.8037435216516,2.8475,2.03818912086097,0,"ZIC4",0,"T1_MBC_to_prePB","opening","T1_MBC_to_prePB_opening",0,TRUE,1.02728863130268
"MA1544.1",147,125,0.629631216002056,0.3125,2.01481989120658,0,"OVOL1",0,"T1_MBC_to_prePB","opening","T1_MBC_to_prePB_opening",0,TRUE,1.01065159515374
"MA0611.1",969,826,4.15042617895233,2.065,2.00989161208345,0,"Dux",0,"T1_MBC_to_prePB","opening","T1_MBC_to_prePB_opening",0,TRUE,1.00711842073084
"MA0502.2",1681,1433,7.20006853128882,3.5825,2.00978884334649,0,"NFYB",0,"T1_MBC_to_prePB","opening","T1_MBC_to_prePB_opening",0,TRUE,1.00704465174593
"MA1583.1",652,556,2.79265001927443,1.39,2.00910073329095,0,"ZFP57",0,"T1_MBC_to_prePB","opening","T1_MBC_to_prePB_opening",0,TRUE,1.00655061852534
"MA0777.1",111,95,0.475435816164818,0.2375,2.00183501543081,0,"MYBL2",0,"T1_MBC_to_prePB","opening","T1_MBC_to_prePB_opening",0,TRUE,1.00132379764321
"MA0697.1",1268,1091,5.43110463871161,2.7275,1.99123909760279,0,"ZIC3",0,"T1_MBC_to_prePB","opening","T1_MBC_to_prePB_opening",0,TRUE,0.993667187274819
"MA0776.1",129,111,0.552533516083437,0.2775,1.99111176967004,0,"MYBL1",0,"T1_MBC_to_prePB","opening","T1_MBC_to_prePB_opening",0,TRUE,0.993574932578499
"MA1126.1",775,680,3.31948430205166,1.7,1.95263782473627,0,"FOS::JUN(var.2)",0,"T1_MBC_to_prePB","opening","T1_MBC_to_prePB_opening",0,TRUE,0.965425121805813
"MA0749.1",100,88,0.428320555103439,0.22,1.94691161410654,0,"ZBED1",0,"T1_MBC_to_prePB","opening","T1_MBC_to_prePB_opening",0,TRUE,0.961188131092412
"MA0663.1",649,574,2.77980040262132,1.435,1.93714313771521,0,"MLX",0,"T1_MBC_to_prePB","opening","T1_MBC_to_prePB_opening",0,TRUE,0.953931305015178
"MA0664.1",611,544,2.61703859168201,1.36,1.92429308211913,0,"MLXIPL",0,"T1_MBC_to_prePB","opening","T1_MBC_to_prePB_opening",0,TRUE,0.944329297233438
"MA0636.1",476,427,2.03880584229237,1.0675,1.90988837685468,0,"BHLHE41",0,"T1_MBC_to_prePB","opening","T1_MBC_to_prePB_opening",0,TRUE,0.933489078007069
"MA0810.1",1586,1423,6.79316400394055,3.5575,1.90953310019411,0,"TFAP2A(var.2)",0,"T1_MBC_to_prePB","opening","T1_MBC_to_prePB_opening",0,TRUE,0.933220683637654
"MA1627.1",4422,3977,18.9403349466741,9.9425,1.90498717090008,0,"Wt1",0,"T1_MBC_to_prePB","opening","T1_MBC_to_prePB_opening",0,TRUE,0.929782039274098
"MA1554.1",430,389,1.84177838694479,0.9725,1.89385952385068,0,"RFX7",0,"T1_MBC_to_prePB","opening","T1_MBC_to_prePB_opening",0,TRUE,0.921330085316125
"MA0603.1",811,736,3.47367970188889,1.84,1.88786940320049,0,"Arntl",0,"T1_MBC_to_prePB","opening","T1_MBC_to_prePB_opening",0,TRUE,0.916759731290192
"MA0844.1",485,443,2.07735469225168,1.1075,1.87571529774418,0,"XBP1",0,"T1_MBC_to_prePB","opening","T1_MBC_to_prePB_opening",0,TRUE,0.90744163660115
"MA1466.1",581,532,2.48854242515098,1.33,1.87108453018871,0,"ATF6",0,"T1_MBC_to_prePB","opening","T1_MBC_to_prePB_opening",0,TRUE,0.90387550788858
"MA1464.1",757,701,3.24238660213304,1.7525,1.85014927368504,0,"ARNT2",0,"T1_MBC_to_prePB","opening","T1_MBC_to_prePB_opening",0,TRUE,0.887642454685087
"MA0464.2",553,513,2.36861266972202,1.2825,1.8468714773661,0,"BHLHE40",0,"T1_MBC_to_prePB","opening","T1_MBC_to_prePB_opening",0,TRUE,0.885084254721557
"MA0779.1",438,407,1.87604403135306,1.0175,1.84377791779171,0,"PAX1",0,"T1_MBC_to_prePB","opening","T1_MBC_to_prePB_opening",0,TRUE,0.882665676739483
"MA0642.1",443,413,1.89746005910824,1.0325,1.83773371342202,0,"EN2",0,"T1_MBC_to_prePB","opening","T1_MBC_to_prePB_opening",0,TRUE,0.877928521113618
"MA0877.2",122,114,0.522551077226196,0.285,1.83351255167086,0,"BARHL1",0,"T1_MBC_to_prePB","opening","T1_MBC_to_prePB_opening",0,TRUE,0.87461092918353
"MA0620.3",702,661,3.00681029682614,1.6525,1.81955237326847,0,"MITF",0,"T1_MBC_to_prePB","opening","T1_MBC_to_prePB_opening",0,TRUE,0.863584370619194
"MA0736.1",705,670,3.01965991347925,1.675,1.80278203789806,0,"GLIS2",0,"T1_MBC_to_prePB","opening","T1_MBC_to_prePB_opening",0,TRUE,0.850225781139131
"MA0696.1",1316,1266,5.63669850516126,3.165,1.78094739499566,0,"ZIC1",0,"T1_MBC_to_prePB","opening","T1_MBC_to_prePB_opening",0,TRUE,0.832645713316299
"MA0843.1",165,159,0.706728915920675,0.3975,1.77793437967465,0,"TEF",0,"T1_MBC_to_prePB","opening","T1_MBC_to_prePB_opening",0,TRUE,0.830202889343664
"MA0639.1",189,184,0.8095258491455,0.46,1.75983880249022,0,"DBP",0,"T1_MBC_to_prePB","opening","T1_MBC_to_prePB_opening",0,TRUE,0.815444106889953
"MA1132.1",962,940,4.12044374009509,2.35,1.75338031493408,0,"JUN::JUNB",0,"T1_MBC_to_prePB","opening","T1_MBC_to_prePB_opening",0,TRUE,0.810139778950582
"MA1651.1",1524,1531,6.52760525977642,3.8275,1.70544879419371,0,"ZFP42",0,"T1_MBC_to_prePB","opening","T1_MBC_to_prePB_opening",0,TRUE,0.770152284864017
"MA1107.2",4382,4673,18.7690067246327,11.6825,1.60659163061269,0,"KLF9",0,"T1_MBC_to_prePB","opening","T1_MBC_to_prePB_opening",0,TRUE,0.684004164048004
"MA1522.1",4318,4778,18.4948815693665,11.945,1.54833667386911,0,"MAZ",0,"T1_MBC_to_prePB","opening","T1_MBC_to_prePB_opening",0,TRUE,0.630720140274713
"MA0146.2",3855,4274,16.5117573992376,10.685,1.54532123530534,0,"Zfx",0,"T1_MBC_to_prePB","opening","T1_MBC_to_prePB_opening",0,TRUE,0.627907704669321
"MA1599.1",2696,3000,11.5475221655887,7.5,1.5396696220785,0,"ZNF682",0,"T1_MBC_to_prePB","opening","T1_MBC_to_prePB_opening",0,TRUE,0.622621751752242
"MA0598.3",3101,3621,13.2822204137577,9.0525,1.46724334866144,4.25285363846645e-302,"EHF",2.42185405671448e-301,"T1_MBC_to_prePB","opening","T1_MBC_to_prePB_opening",2.42185405671448e-301,FALSE,0.553109151343156
"MA1128.1",1337,1387,5.72664582173299,3.4675,1.65152006394607,1.52676014830025e-246,"FOSL1::JUN",8.62850811084838e-246,"T1_MBC_to_prePB","opening","T1_MBC_to_prePB_opening",8.62850811084838e-246,TRUE,0.723795370263303
"MA0653.1",1131,1149,4.8443054782199,2.8725,1.68644229006785,1.15537786829013e-237,"IRF9",6.48054052439428e-237,"T1_MBC_to_prePB","opening","T1_MBC_to_prePB_opening",6.48054052439428e-237,TRUE,0.753983805747998
"MA0099.3",1139,1159,4.87857112262818,2.8975,1.68371738485873,9.71912714020965e-237,"FOS::JUN",5.41079764671373e-236,"T1_MBC_to_prePB","opening","T1_MBC_to_prePB_opening",5.41079764671373e-236,TRUE,0.751650856490405
"MA1142.1",1227,1265,5.2554932111192,3.1625,1.66181603513651,1.19575489734891e-234,"FOSL1::JUND",6.60765298831323e-234,"T1_MBC_to_prePB","opening","T1_MBC_to_prePB_opening",6.60765298831323e-234,TRUE,0.732761551162573
"MA0753.2",1414,1496,6.05645264916263,3.74,1.61937236608627,1.31315752256684e-232,"ZNF740",7.20305523407988e-232,"T1_MBC_to_prePB","opening","T1_MBC_to_prePB_opening",7.20305523407988e-232,TRUE,0.695435654757091
"MA0006.1",2998,3652,12.8410502420011,9.13,1.40646771544371,3.59163005902812e-225,"Ahr::Arnt",1.95573432411312e-224,"T1_MBC_to_prePB","opening","T1_MBC_to_prePB_opening",1.95573432411312e-224,FALSE,0.492077462658889
"MA0528.2",3979,5113,17.0428748875659,12.7825,1.33329746822342,1.62895966248832e-214,"ZNF263",8.80582542185715e-214,"T1_MBC_to_prePB","opening","T1_MBC_to_prePB_opening",8.80582542185715e-214,FALSE,0.414999773994726
"MA0493.1",3267,4087,13.9932325352294,10.2175,1.36953584881129,8.26378166087387e-208,"Klf1",4.4350943302244e-207,"T1_MBC_to_prePB","opening","T1_MBC_to_prePB_opening",4.4350943302244e-207,FALSE,0.453688083773939
"MA1141.1",1333,1435,5.70951299952885,3.5875,1.59150188140177,1.94283279696642e-198,"FOS::JUND",1.03525233324068e-197,"T1_MBC_to_prePB","opening","T1_MBC_to_prePB_opening",1.03525233324068e-197,TRUE,0.6703897689627
"MA1137.1",1218,1291,5.21694436115989,3.2275,1.61640413978618,1.08524925015324e-197,"FOSL1::JUNB",5.74181518166184e-197,"T1_MBC_to_prePB","opening","T1_MBC_to_prePB_opening",5.74181518166184e-197,TRUE,0.692788844070438
"MA0772.1",1236,1318,5.29404206107851,3.295,1.60668954812701,7.02195632479052e-194,"IRF7",3.6889995903477e-193,"T1_MBC_to_prePB","opening","T1_MBC_to_prePB_opening",3.6889995903477e-193,TRUE,0.684092089764177
"MA1144.1",1120,1176,4.79719021715852,2.94,1.63169735277501,1.07437957285151e-191,"FOSL2::JUND",5.60480532410646e-191,"T1_MBC_to_prePB","opening","T1_MBC_to_prePB_opening",5.60480532410646e-191,TRUE,0.706374375214561
"MA1130.1",1211,1290,5.18696192230265,3.225,1.60836028598532,5.1090625919697e-191,"FOSL2::JUN",2.64677825945097e-190,"T1_MBC_to_prePB","opening","T1_MBC_to_prePB_opening",2.64677825945097e-190,TRUE,0.685591515318812
"MA1134.1",1131,1192,4.8443054782199,2.98,1.62560586517446,1.90464007037993e-189,"FOS::JUNB",9.79904477588573e-189,"T1_MBC_to_prePB","opening","T1_MBC_to_prePB_opening",9.79904477588573e-189,TRUE,0.700978399946781
"MA1418.1",1503,1679,6.4376579432047,4.1975,1.53368861065031,3.0111429402852e-182,"IRF3",1.53857029688545e-181,"T1_MBC_to_prePB","opening","T1_MBC_to_prePB_opening",1.53857029688545e-181,TRUE,0.617006538587093
"MA0692.1",821,829,3.51651175739924,2.0725,1.69674873698395,1.35288515150129e-179,"TFEB",6.86566206136027e-179,"T1_MBC_to_prePB","opening","T1_MBC_to_prePB_opening",6.86566206136027e-179,TRUE,0.762773789490044
"MA1135.1",1131,1207,4.8443054782199,3.0175,1.60540363818389,2.33919216596721e-176,"FOSB::JUNB",1.17907929446725e-175,"T1_MBC_to_prePB","opening","T1_MBC_to_prePB_opening",1.17907929446725e-175,TRUE,0.682936970821885
"MA0062.3",3201,4137,13.7105409688611,10.3425,1.32565056503371,1.14071029207802e-161,"GABPA",5.71120723416244e-161,"T1_MBC_to_prePB","opening","T1_MBC_to_prePB_opening",5.71120723416244e-161,FALSE,0.406701626540087
"MA1138.1",1168,1277,5.00278408360817,3.1925,1.56704278264939,5.14472132233781e-159,"FOSL2::JUNB",2.55864140430934e-158,"T1_MBC_to_prePB","opening","T1_MBC_to_prePB_opening",2.55864140430934e-158,TRUE,0.648045488763101
"MA0814.2",2382,2951,10.2025956225639,7.3775,1.38293400509169,6.5269790035804e-158,"TFAP2C(var.2)",3.2245869779278e-157,"T1_MBC_to_prePB","opening","T1_MBC_to_prePB_opening",3.2245869779278e-157,FALSE,0.467733354582904
"MA0491.2",1237,1394,5.29832526662955,3.485,1.52032288855941,3.68378880839759e-142,"JUND",1.80796477043724e-141,"T1_MBC_to_prePB","opening","T1_MBC_to_prePB_opening",1.80796477043724e-141,TRUE,0.604378706985479
"MA0761.2",3099,4062,13.2736540026556,10.155,1.30710526860222,2.17246475986519e-140,"ETV1",1.05925405938525e-139,"T1_MBC_to_prePB","opening","T1_MBC_to_prePB_opening",1.05925405938525e-139,FALSE,0.386376437960455
"MA0655.1",1049,1154,4.49308262303508,2.885,1.55739432340904,9.20217027851093e-138,"JDP2",4.45767469335659e-137,"T1_MBC_to_prePB","opening","T1_MBC_to_prePB_opening",4.45767469335659e-137,TRUE,0.639135199221242
"MA0811.1",1198,1350,5.1312802501392,3.375,1.52037933337458,1.23065112159005e-137,"TFAP2B",5.92300475294309e-137,"T1_MBC_to_prePB","opening","T1_MBC_to_prePB_opening",5.92300475294309e-137,TRUE,0.604432268692895
"MA0490.2",1318,1519,5.64526491626333,3.7975,1.48657403983235,2.4516810907258e-133,"JUNB",1.17240647030862e-132,"T1_MBC_to_prePB","opening","T1_MBC_to_prePB_opening",1.17240647030862e-132,FALSE,0.571992289926732
"MA0051.1",1068,1187,4.57446352850473,2.9675,1.54152098685922,1.90373169345421e-132,"IRF2",9.04575696380155e-132,"T1_MBC_to_prePB","opening","T1_MBC_to_prePB_opening",9.04575696380155e-132,TRUE,0.62435546687392
"MA1514.1",2199,2765,9.41876900672463,6.9125,1.36257056155148,2.12002448711968e-131,"KLF17",1.00097358695651e-130,"T1_MBC_to_prePB","opening","T1_MBC_to_prePB_opening",1.00097358695651e-130,FALSE,0.446332001474372
"MA0835.2",1599,1912,6.848845676104,4.78,1.43281290295063,1.61725959901411e-130,"BATF3",7.58789723814168e-130,"T1_MBC_to_prePB","opening","T1_MBC_to_prePB_opening",7.58789723814168e-130,FALSE,0.518851241334202
"MA0477.2",1368,1596,5.85942519381505,3.99,1.46852761749751,5.87000586805545e-129,"FOSL1",2.73689023598086e-128,"T1_MBC_to_prePB","opening","T1_MBC_to_prePB_opening",2.73689023598086e-128,FALSE,0.554371380010367
"MA0473.3",3180,4242,13.6205936522894,10.605,1.28435583708528,1.08591154909732e-125,"ELF1",5.03161500389192e-125,"T1_MBC_to_prePB","opening","T1_MBC_to_prePB_opening",5.03161500389192e-125,FALSE,0.361046086861647
"MA0517.1",2345,2997,10.0441170171757,7.4925,1.34055615844854,1.64039164254192e-125,"STAT1::STAT2",7.55390225516218e-125,"T1_MBC_to_prePB","opening","T1_MBC_to_prePB_opening",7.55390225516218e-125,FALSE,0.422832734018137
"MA0104.4",676,706,2.89544695249925,1.765,1.64047985977295,5.39391255905198e-119,"MYCN",2.46862501168882e-118,"T1_MBC_to_prePB","opening","T1_MBC_to_prePB_opening",2.46862501168882e-118,TRUE,0.714118761383464
"MA0462.2",1575,1910,6.74604874287917,4.775,1.41278507704276,9.43945531786549e-118,"BATF::JUN",4.29380101654125e-117,"T1_MBC_to_prePB","opening","T1_MBC_to_prePB_opening",4.29380101654125e-117,FALSE,0.498543030460042
"MA0616.2",628,649,2.6898530860496,1.6225,1.65784473716462,9.66025113886001e-118,"HES2",4.36760445429671e-117,"T1_MBC_to_prePB","opening","T1_MBC_to_prePB_opening",4.36760445429671e-117,TRUE,0.72930977005343
"MA0828.1",532,538,2.2786653531503,1.345,1.69417498375487,5.87535069221051e-115,"SREBF2(var.2)",2.64036844360786e-114,"T1_MBC_to_prePB","opening","T1_MBC_to_prePB_opening",2.64036844360786e-114,TRUE,0.760583743444267
"MA1622.1",1408,1685,6.03075341585643,4.2125,1.43163285836354,5.48660566141062e-114,"Smad2::Smad3",2.45090288827085e-113,"T1_MBC_to_prePB","opening","T1_MBC_to_prePB_opening",2.45090288827085e-113,FALSE,0.517662569232644
"MA1634.1",1560,1900,6.68180065961365,4.75,1.40669487570814,1.84427632571031e-113,"BATF",8.18946511297556e-113,"T1_MBC_to_prePB","opening","T1_MBC_to_prePB_opening",8.18946511297556e-113,FALSE,0.492310455060908
"MA0511.2",524,530,2.24439970874202,1.325,1.69388657263549,4.29830081065073e-113,"RUNX2",1.8973564525121e-112,"T1_MBC_to_prePB","opening","T1_MBC_to_prePB_opening",1.8973564525121e-112,TRUE,0.760338122731582
"MA0004.1",2195,2820,9.4016361845205,7.05,1.33356541624404,9.40130328731841e-113,"Arnt",4.12551308961149e-112,"T1_MBC_to_prePB","opening","T1_MBC_to_prePB_opening",4.12551308961149e-112,FALSE,0.415289677907084
"MA1630.1",2609,3445,11.1748832826487,8.6125,1.29751910393599,3.9201626289842e-110,"Znf281",1.71019960305393e-109,"T1_MBC_to_prePB","opening","T1_MBC_to_prePB_opening",1.71019960305393e-109,FALSE,0.375756892050642
"MA0476.1",1398,1686,5.98792136034608,4.215,1.42062191230038,6.83390444156938e-108,"FOS",2.96400739151788e-107,"T1_MBC_to_prePB","opening","T1_MBC_to_prePB_opening",2.96400739151788e-107,FALSE,0.506523658908599
"MA0489.1",1386,1672,5.93652289373367,4.18,1.42022078797456,9.26980248325472e-107,"JUN(var.2)",3.99726742919539e-106,"T1_MBC_to_prePB","opening","T1_MBC_to_prePB_opening",3.99726742919539e-106,FALSE,0.506116244818402
"MA0095.2",1515,1856,6.48905640981711,4.64,1.39850353659851,4.4606798202019e-106,"YY1",1.91245238268426e-105,"T1_MBC_to_prePB","opening","T1_MBC_to_prePB_opening",1.91245238268426e-105,FALSE,0.483884933769459
"MA0812.1",1245,1487,5.33259091103782,3.7175,1.4344561966477,8.64266026698571e-102,"TFAP2B(var.2)",3.68424260524076e-101,"T1_MBC_to_prePB","opening","T1_MBC_to_prePB_opening",3.68424260524076e-101,FALSE,0.520504919584156
"MA0524.2",1199,1431,5.13556345569024,3.5775,1.43551738803361,2.01802604139168e-98,"TFAP2C",8.5536785618079e-98,"T1_MBC_to_prePB","opening","T1_MBC_to_prePB_opening",8.5536785618079e-98,FALSE,0.521571810625202
"MA0815.1",1029,1217,4.40741851201439,3.0425,1.44861742383382,4.15057265364928e-89,"TFAP2C(var.3)",1.74933740091659e-88,"T1_MBC_to_prePB","opening","T1_MBC_to_prePB_opening",1.74933740091659e-88,FALSE,0.534677629029547
"MA0048.2",1452,1823,6.21921446010194,4.5575,1.36461096217267,2.14813948902858e-86,"NHLH1",9.00287673491753e-86,"T1_MBC_to_prePB","opening","T1_MBC_to_prePB_opening",9.00287673491753e-86,FALSE,0.448490768114941
"MA0509.2",1105,1339,4.73294213389301,3.3475,1.41387367704048,1.62239692252351e-82,"RFX1",6.76149778884098e-82,"T1_MBC_to_prePB","opening","T1_MBC_to_prePB_opening",6.76149778884098e-82,FALSE,0.499654248276754
"MA0813.1",1238,1530,5.30260847218058,3.825,1.38630286854394,1.31970994015262e-81,"TFAP2B(var.3)",5.46946452974366e-81,"T1_MBC_to_prePB","opening","T1_MBC_to_prePB_opening",5.46946452974366e-81,FALSE,0.47124352124993
"MA0147.3",878,1034,3.7606544738082,2.585,1.45479863590259,5.8531453384456e-78,"MYC",2.41240133838697e-77,"T1_MBC_to_prePB","opening","T1_MBC_to_prePB_opening",2.41240133838697e-77,FALSE,0.54082046983826
"MA0108.2",463,489,1.98312417012892,1.2225,1.62218746022816,1.54636645192699e-76,"TBP",6.33840314910732e-76,"T1_MBC_to_prePB","opening","T1_MBC_to_prePB_opening",6.33840314910732e-76,TRUE,0.697941436597296
"MA0163.1",1986,2649,8.50644622435431,6.6225,1.28447659106898,3.15071635089716e-76,"PLAG1",1.28439038129469e-75,"T1_MBC_to_prePB","opening","T1_MBC_to_prePB_opening",1.28439038129469e-75,FALSE,0.361181721273636
"MA1485.1",1400,1781,5.99648777144815,4.4525,1.34676873025225,5.02736740917746e-76,"FERD3L",2.0382696126339e-75,"T1_MBC_to_prePB","opening","T1_MBC_to_prePB_opening",2.0382696126339e-75,FALSE,0.429503200895273
"MA0872.1",1054,1289,4.51449865079025,3.2225,1.40093053554391,2.99362229170361e-74,"TFAP2A(var.3)",1.20715796195183e-73,"T1_MBC_to_prePB","opening","T1_MBC_to_prePB_opening",1.20715796195183e-73,FALSE,0.486386452025121
"MA0781.1",447,472,1.91459288131237,1.18,1.62253634009523,5.16995540280345e-74,"PAX9",2.07354125295235e-73,"T1_MBC_to_prePB","opening","T1_MBC_to_prePB_opening",2.07354125295235e-73,TRUE,0.69825167991954
"MA0798.2",1122,1394,4.80575662826059,3.485,1.37898325057693,2.23829911288068e-71,"RFX3",8.92925742357746e-71,"T1_MBC_to_prePB","opening","T1_MBC_to_prePB_opening",8.92925742357746e-71,FALSE,0.463605979879945
"MA0865.1",694,799,2.97254465241787,1.9975,1.48813249182371,2.06208841155486e-70,"E2F8",8.18254231393577e-70,"T1_MBC_to_prePB","opening","T1_MBC_to_prePB_opening",8.18254231393577e-70,FALSE,0.573503948054706
"MA0081.2",3599,5195,15.4152567781728,12.9875,1.18693026203448,1.14030587216172e-67,"SPIB",4.50088984461714e-67,"T1_MBC_to_prePB","opening","T1_MBC_to_prePB_opening",4.50088984461714e-67,FALSE,0.247236387554843
"MA0050.2",3105,4431,13.2993532359618,11.0775,1.20057352615317,2.48263828547309e-65,"IRF1",9.74762189980486e-65,"T1_MBC_to_prePB","opening","T1_MBC_to_prePB_opening",9.74762189980486e-65,FALSE,0.263724962230891
"MA0101.1",1109,1403,4.75007495609714,3.5075,1.35426228256512,1.85334875824988e-62,"REL",7.23873389347857e-62,"T1_MBC_to_prePB","opening","T1_MBC_to_prePB_opening",7.23873389347857e-62,FALSE,0.437508240778948
"MA0155.1",2079,2857,8.9047843406005,7.1425,1.24673214429129,6.30156412439459e-62,"INSM1",2.44842022749915e-61,"T1_MBC_to_prePB","opening","T1_MBC_to_prePB_opening",2.44842022749915e-61,FALSE,0.318152698040718
"MA0640.2",3271,4723,14.0103653574335,11.8075,1.18656492546547,1.060350327815e-60,"ELF3",4.09855618937817e-60,"T1_MBC_to_prePB","opening","T1_MBC_to_prePB_opening",4.09855618937817e-60,FALSE,0.246792258728143
"MA0687.1",1495,1979,6.40339229879642,4.9475,1.29426827666426,1.62743022762648e-60,"SPIC",6.25805644231627e-60,"T1_MBC_to_prePB","opening","T1_MBC_to_prePB_opening",6.25805644231627e-60,FALSE,0.372137805655536
"MA0735.1",406,441,1.73898145371996,1.1025,1.57730744101584,1.74970882112373e-57,"GLIS1",6.69375784901695e-57,"T1_MBC_to_prePB","opening","T1_MBC_to_prePB_opening",6.69375784901695e-57,TRUE,0.657464805222157
"MA0839.1",584,682,2.50139204180409,1.705,1.46709210662996,1.08137907281271e-54,"CREB3L1",4.1158611648892e-54,"T1_MBC_to_prePB","opening","T1_MBC_to_prePB_opening",4.1158611648892e-54,FALSE,0.552960432163921
"MA0792.1",692,840,2.9639782413158,2.1,1.41141821015038,3.11146678877131e-51,"POU5F1B",1.17825087534183e-50,"T1_MBC_to_prePB","opening","T1_MBC_to_prePB_opening",1.17825087534183e-50,FALSE,0.497146551068051
"MA1101.2",822,1025,3.52079496295027,2.5625,1.37396876602937,4.11942011998474e-51,"BACH2",1.55206434823667e-50,"T1_MBC_to_prePB","opening","T1_MBC_to_prePB_opening",1.55206434823667e-50,FALSE,0.458350258246703
"MA0107.1",1171,1546,5.01563370026127,3.865,1.29770600265492,2.53807652158444e-48,"RELA",9.51459841759795e-48,"T1_MBC_to_prePB","opening","T1_MBC_to_prePB_opening",9.51459841759795e-48,FALSE,0.375964687241075
"MA1521.1",788,985,3.3751659742151,2.4625,1.37062577633101,3.0360831465982e-48,"MAFA",1.13245901368113e-47,"T1_MBC_to_prePB","opening","T1_MBC_to_prePB_opening",1.13245901368113e-47,FALSE,0.454835776631489
"MA0591.1",1375,1854,5.88940763267229,4.635,1.27063810845141,6.72901280783848e-48,"Bach1::Mafk",2.49743460430224e-47,"T1_MBC_to_prePB","opening","T1_MBC_to_prePB_opening",2.49743460430224e-47,FALSE,0.34555432902122
"MA1106.1",492,575,2.10733713110892,1.4375,1.4659736564236,4.84691206121995e-46,"HIF1A",1.78999821666836e-45,"T1_MBC_to_prePB","opening","T1_MBC_to_prePB_opening",1.78999821666836e-45,FALSE,0.551860162565831
"MA0758.1",501,589,2.14588598106823,1.4725,1.4573079667696,2.83277236262112e-45,"E2F7",1.04100895690412e-44,"T1_MBC_to_prePB","opening","T1_MBC_to_prePB_opening",1.04100895690412e-44,FALSE,0.543306778275016
"MA1635.1",1594,2201,6.82742964834882,5.5025,1.24078685113109,3.65916381327925e-45,"BHLHE22(var.2)",1.33810598269918e-44,"T1_MBC_to_prePB","opening","T1_MBC_to_prePB_opening",1.33810598269918e-44,FALSE,0.311256465762323
"MA0624.1",842,1075,3.60645907397096,2.6875,1.34193826008222,1.33932038204941e-44,"NFATC1",4.87381953662858e-44,"T1_MBC_to_prePB","opening","T1_MBC_to_prePB_opening",4.87381953662858e-44,FALSE,0.424319372610146
"MA0057.1",1474,2023,6.3134449822247,5.0575,1.2483331650469,4.3526589932137e-44,"MZF1(var.2)",1.57625417909584e-43,"T1_MBC_to_prePB","opening","T1_MBC_to_prePB_opening",1.57625417909584e-43,FALSE,0.320004179171392
"MA1529.1",1517,2089,6.49762282091918,5.2225,1.24415946786389,4.89078283142947e-44,"NHLH2",1.76257197693062e-43,"T1_MBC_to_prePB","opening","T1_MBC_to_prePB_opening",1.76257197693062e-43,FALSE,0.315172571691466
"MA0259.1",254,267,1.08793420996274,0.6675,1.6298639849629,1.25234635701378e-43,"ARNT::HIF1A",4.4915883765975e-43,"T1_MBC_to_prePB","opening","T1_MBC_to_prePB_opening",4.4915883765975e-43,TRUE,0.704752459185135
"MA0789.1",658,814,2.81834925258063,2.035,1.38493820765633,2.90146435503723e-43,"POU3F4",1.03564230088889e-42,"T1_MBC_to_prePB","opening","T1_MBC_to_prePB_opening",1.03564230088889e-42,FALSE,0.469822650110114
"MA0864.2",400,457,1.71328222041376,1.1425,1.49959056491357,7.8649046444616e-43,"E2F2",2.79391374512779e-42,"T1_MBC_to_prePB","opening","T1_MBC_to_prePB_opening",2.79391374512779e-42,FALSE,0.58456961571358
"MA1633.1",1563,2172,6.69465027626676,5.43,1.23290060336404,9.77456965390074e-42,"BACH1",3.45584310986254e-41,"T1_MBC_to_prePB","opening","T1_MBC_to_prePB_opening",3.45584310986254e-41,FALSE,0.302057664296081
"MA0646.1",454,536,1.94457532016961,1.34,1.45117561206688,3.85715014509552e-40,"GCM1",1.35728019256663e-39,"T1_MBC_to_prePB","opening","T1_MBC_to_prePB_opening",1.35728019256663e-39,FALSE,0.537223109926819
"MA1652.1",3532,5319,15.1282820062535,13.2975,1.13767866187279,2.88180547470619e-38,"ZKSCAN5",1.00930839630555e-37,"T1_MBC_to_prePB","opening","T1_MBC_to_prePB_opening",1.00930839630555e-37,FALSE,0.186094393070172
"MA0073.1",3038,4524,13.0123784640425,11.31,1.15051975809394,3.8347358515976e-38,"RREB1",1.33678175013636e-37,"T1_MBC_to_prePB","opening","T1_MBC_to_prePB_opening",1.33678175013636e-37,FALSE,0.202287013400355
"MA0625.1",859,1133,3.67927356833854,2.8325,1.29894918564468,7.28889761077799e-36,"NFATC3",2.5290779616932e-35,"T1_MBC_to_prePB","opening","T1_MBC_to_prePB_opening",2.5290779616932e-35,FALSE,0.377346104918657
"MA0504.1",2181,3200,9.34167130680601,8,1.16770891335075,1.03408465031997e-32,"NR2C2",3.57142198675321e-32,"T1_MBC_to_prePB","opening","T1_MBC_to_prePB_opening",3.57142198675321e-32,FALSE,0.223681919295464
"MA1552.1",587,746,2.51424165845719,1.865,1.34811885171967,2.07586563643939e-32,"RARB(var.3)",7.13638601282851e-32,"T1_MBC_to_prePB","opening","T1_MBC_to_prePB_opening",7.13638601282851e-32,FALSE,0.43094876194656
"MA1470.1",358,423,1.53338758727031,1.0575,1.45001190285609,8.76795737355874e-32,"BACH2(var.2)",3.00041110122698e-31,"T1_MBC_to_prePB","opening","T1_MBC_to_prePB_opening",3.00041110122698e-31,FALSE,0.536065738035844
"MA1615.1",2351,3485,10.0698162504819,8.7125,1.15578952659763,5.20797832646464e-31,"Plagl1",1.77404193221124e-30,"T1_MBC_to_prePB","opening","T1_MBC_to_prePB_opening",1.77404193221124e-30,FALSE,0.208879950068004
"MA0500.2",1544,2208,6.6132693707971,5.52,1.19805604543426,5.64880944701089e-31,"MYOG",1.91545993066824e-30,"T1_MBC_to_prePB","opening","T1_MBC_to_prePB_opening",1.91545993066824e-30,FALSE,0.26069660362398
"MA1656.1",1918,2805,8.21518824688397,7.0125,1.1715063453667,7.13296175083616e-30,"ZNF449",2.40777803897003e-29,"T1_MBC_to_prePB","opening","T1_MBC_to_prePB_opening",2.40777803897003e-29,FALSE,0.228365999946576
"MA1533.1",776,1036,3.32376750760269,2.59,1.28330791799332,1.3911393815819e-29,"NR1I2",4.67472963360403e-29,"T1_MBC_to_prePB","opening","T1_MBC_to_prePB_opening",4.67472963360403e-29,FALSE,0.359868497638304
"MA0787.1",742,993,3.17813851886752,2.4825,1.28021692602921,8.41360193329912e-28,"POU3F2",2.80338545656189e-27,"T1_MBC_to_prePB","opening","T1_MBC_to_prePB_opening",2.80338545656189e-27,FALSE,0.356389414944458
"MA1573.1",1803,2639,7.72261960851501,6.5975,1.17053726540584,8.41767214838959e-28,"THAP11",2.80338545656189e-27,"T1_MBC_to_prePB","opening","T1_MBC_to_prePB_opening",2.80338545656189e-27,FALSE,0.227172097550213
"MA0767.1",348,419,1.49055553175997,1.0475,1.42296470812408,1.05778963443049e-27,"GCM2",3.50716029904509e-27,"T1_MBC_to_prePB","opening","T1_MBC_to_prePB_opening",3.50716029904509e-27,FALSE,0.508900894952622
"MA1556.1",729,974,3.12245684670407,2.435,1.28232314033021,1.08277758048537e-27,"RXRG(var.2)",3.57412422584993e-27,"T1_MBC_to_prePB","opening","T1_MBC_to_prePB_opening",3.57412422584993e-27,FALSE,0.35876098624567
"MA0823.1",565,731,2.42001113633443,1.8275,1.3242195000462,1.34828304216867e-27,"HEY1",4.43092136325035e-27,"T1_MBC_to_prePB","opening","T1_MBC_to_prePB_opening",4.43092136325035e-27,FALSE,0.405143369755856
"MA0786.1",720,962,3.08390799674476,2.405,1.2822902273367,2.33069080288909e-27,"POU3F1",7.62585674980377e-27,"T1_MBC_to_prePB","opening","T1_MBC_to_prePB_opening",7.62585674980377e-27,FALSE,0.358723956589585
"MA0518.1",1554,2254,6.65610142630745,5.635,1.18120699668278,1.11296231167097e-26,"Stat4",3.62563268343468e-26,"T1_MBC_to_prePB","opening","T1_MBC_to_prePB_opening",3.62563268343468e-26,FALSE,0.240263028546522
"MA0059.1",681,910,2.91686298025442,2.275,1.28213757373821,6.43332566086637e-26,"MAX::MYC",2.08663519261144e-25,"T1_MBC_to_prePB","opening","T1_MBC_to_prePB_opening",2.08663519261144e-25,FALSE,0.35855219708992
"MA0597.1",1266,1812,5.42253822760954,4.53,1.19702830631557,2.93253974431788e-25,"THAP1",9.4704530271045e-25,"T1_MBC_to_prePB","opening","T1_MBC_to_prePB_opening",9.4704530271045e-25,FALSE,0.259458473550067
"MA1525.1",850,1173,3.64072471837924,2.9325,1.24150885537229,1.74841998166862e-24,"NFATC4",5.62207459622753e-24,"T1_MBC_to_prePB","opening","T1_MBC_to_prePB_opening",5.62207459622753e-24,FALSE,0.312095713983777
"MA1560.1",429,548,1.83749518139376,1.37,1.34123735868157,3.12315280174414e-23,"SOHLH2",9.99945060129239e-23,"T1_MBC_to_prePB","opening","T1_MBC_to_prePB_opening",9.99945060129239e-23,FALSE,0.423565649121406
"MA0785.1",704,958,3.01537670792821,2.395,1.25902994067984,4.3279509680881e-23,"POU2F1",1.37976556504005e-22,"T1_MBC_to_prePB","opening","T1_MBC_to_prePB_opening",1.37976556504005e-22,FALSE,0.332313737716875
"MA1542.1",363,455,1.55480361502549,1.1375,1.36686032090153,1.69743914543673e-22,"OSR1",5.38846639359914e-22,"T1_MBC_to_prePB","opening","T1_MBC_to_prePB_opening",5.38846639359914e-22,FALSE,0.450866877328215
"MA0080.5",4019,6295,17.2142031096072,15.7375,1.09383339854534,2.53112563620336e-22,"SPI1",8.00093103647334e-22,"T1_MBC_to_prePB","opening","T1_MBC_to_prePB_opening",8.00093103647334e-22,FALSE,0.129394337324611
"MA0137.3",1322,1922,5.66239773846747,4.805,1.17843865524817,3.43931044535242e-22,"STAT1",1.08258463807296e-21,"T1_MBC_to_prePB","opening","T1_MBC_to_prePB_opening",1.08258463807296e-21,FALSE,0.236877883914174
"MA0089.2",1201,1732,5.14412986679231,4.33,1.1880207544555,3.84808144449235e-22,"NFE2L1",1.20616334352575e-21,"T1_MBC_to_prePB","opening","T1_MBC_to_prePB_opening",1.20616334352575e-21,FALSE,0.248561254284899
"MA0526.3",1040,1483,4.45453377307577,3.7075,1.20149258882691,9.86945244378214e-22,"USF2",3.08059059542321e-21,"T1_MBC_to_prePB","opening","T1_MBC_to_prePB_opening",3.08059059542321e-21,FALSE,0.264828950263618
"MA1548.1",1031,1471,4.41598492311646,3.6775,1.20081167181957,1.98640800283651e-21,"PLAGL2",6.17441820881683e-21,"T1_MBC_to_prePB","opening","T1_MBC_to_prePB_opening",6.17441820881683e-21,FALSE,0.264011106483955
"MA1546.1",229,272,0.980854071186876,0.68,1.44243245762776,3.09355789796424e-20,"PAX3(var.2)",9.57590950988102e-20,"T1_MBC_to_prePB","opening","T1_MBC_to_prePB_opening",9.57590950988102e-20,FALSE,0.52850476596625
"MA0614.1",627,857,2.68556988049857,2.1425,1.25347485670878,5.86866648427469e-20,"Foxj2",1.8091013211855e-19,"T1_MBC_to_prePB","opening","T1_MBC_to_prePB_opening",1.8091013211855e-19,FALSE,0.325934208583536
"MA0841.1",792,1115,3.39229879641924,2.7875,1.21696817808762,4.54081369714555e-19,"NFE2",1.39401111854756e-18,"T1_MBC_to_prePB","opening","T1_MBC_to_prePB_opening",1.39401111854756e-18,FALSE,0.283292629692368
"MA0058.3",688,957,2.94684541911166,2.3925,1.23170132460258,1.08370096690766e-18,"MAX",3.31328246439802e-18,"T1_MBC_to_prePB","opening","T1_MBC_to_prePB_opening",3.31328246439802e-18,FALSE,0.30065363045621
"MA0778.1",697,980,2.98539426907097,2.45,1.21852827309019,3.83385170107671e-17,"NFKB2",1.16736872204213e-16,"T1_MBC_to_prePB","opening","T1_MBC_to_prePB_opening",1.16736872204213e-16,FALSE,0.285140909768493
"MA0906.1",204,247,0.873773932411016,0.6175,1.41501851402594,2.63373477490833e-16,"HOXC12",7.98685423610412e-16,"T1_MBC_to_prePB","opening","T1_MBC_to_prePB_opening",7.98685423610412e-16,FALSE,0.500821948883535
"MA0708.1",294,376,1.25926243200411,0.94,1.33964088511076,2.98356305459787e-16,"MSX2",8.9747501561694e-16,"T1_MBC_to_prePB","opening","T1_MBC_to_prePB_opening",8.9747501561694e-16,FALSE,0.421847389022978
"MA0709.1",294,376,1.25926243200411,0.94,1.33964088511076,2.98356305459787e-16,"Msx3",8.9747501561694e-16,"T1_MBC_to_prePB","opening","T1_MBC_to_prePB_opening",8.9747501561694e-16,FALSE,0.421847389022978
"MA0043.3",373,494,1.59763567053583,1.235,1.29363212189136,7.70179911714389e-16,"HLF",2.30744664312825e-15,"T1_MBC_to_prePB","opening","T1_MBC_to_prePB_opening",2.30744664312825e-15,FALSE,0.371428522836294
"MA0863.1",654,922,2.80121643037649,2.305,1.2152782778206,9.04186412442182e-16,"MTF1",2.69809225472747e-15,"T1_MBC_to_prePB","opening","T1_MBC_to_prePB_opening",2.69809225472747e-15,FALSE,0.281287891137638
"MA0157.2",587,819,2.51424165845719,2.0475,1.22795685394735,1.02395877211218e-15,"FOXO3",3.04331969719397e-15,"T1_MBC_to_prePB","opening","T1_MBC_to_prePB_opening",3.04331969719397e-15,FALSE,0.29626104528089
"MA0608.1",620,871,2.65558744164132,2.1775,1.21955795253333,1.60675980744792e-15,"Creb3l2",4.75651911252441e-15,"T1_MBC_to_prePB","opening","T1_MBC_to_prePB_opening",4.75651911252441e-15,FALSE,0.286359498578386
"MA0635.1",148,173,0.63391442155309,0.4325,1.46569808451582,8.19205901262473e-15,"BARHL2",2.41552411992808e-14,"T1_MBC_to_prePB","opening","T1_MBC_to_prePB_opening",2.41552411992808e-14,FALSE,0.551588941235582
"MA0873.1",168,201,0.719578532573778,0.5025,1.43199707974881,1.24785683680024e-14,"HOXD12",3.66496535532668e-14,"T1_MBC_to_prePB","opening","T1_MBC_to_prePB_opening",3.66496535532668e-14,FALSE,0.518029558008089
"MA0507.1",927,1358,3.97053154580888,3.395,1.16952328300704,1.40865374979729e-14,"POU2F2",4.1210027347011e-14,"T1_MBC_to_prePB","opening","T1_MBC_to_prePB_opening",4.1210027347011e-14,FALSE,0.225921816893528
"MA0788.1",715,1025,3.06249196898959,2.5625,1.19511881716667,1.5730246860025e-14,"POU3F3",4.58389224905416e-14,"T1_MBC_to_prePB","opening","T1_MBC_to_prePB_opening",4.58389224905416e-14,FALSE,0.257155263366548
"MA0132.2",276,356,1.18216473208549,0.89,1.32827497987134,1.64888957626687e-14,"PDX1",4.78627091009761e-14,"T1_MBC_to_prePB","opening","T1_MBC_to_prePB_opening",4.78627091009761e-14,FALSE,0.40955493089116
"MA1149.1",1355,2044,5.8037435216516,5.11,1.1357619416148,2.78801906703157e-14,"RARA::RXRG",8.06148148839362e-14,"T1_MBC_to_prePB","opening","T1_MBC_to_prePB_opening",8.06148148839362e-14,FALSE,0.183661744485223
"MA1561.1",247,317,1.0579517711055,0.7925,1.33495491622145,1.40626561724083e-13,"SOX12",4.05047934541182e-13,"T1_MBC_to_prePB","opening","T1_MBC_to_prePB_opening",4.05047934541182e-13,FALSE,0.416792101089755
"MA0145.3",191,237,0.818092260247569,0.5925,1.38074643079759,2.58095383602042e-13,"TFCP2",7.40535216027398e-13,"T1_MBC_to_prePB","opening","T1_MBC_to_prePB_opening",7.40535216027398e-13,FALSE,0.465449442941091
"MA0649.1",531,750,2.27438214759926,1.875,1.21300381205294,7.59777395045917e-13,"HEY2",2.17162427856036e-12,"T1_MBC_to_prePB","opening","T1_MBC_to_prePB_opening",2.17162427856036e-12,FALSE,0.278585273715755
"MA1100.2",1654,2545,7.08442198141089,6.3625,1.11346514442607,9.42666616127215e-13,"ASCL1",2.68408128103398e-12,"T1_MBC_to_prePB","opening","T1_MBC_to_prePB_opening",2.68408128103398e-12,FALSE,0.155057692826055
"MA0027.2",258,337,1.10506703216687,0.8425,1.31165226369955,1.48340331917929e-12,"EN1",4.20767633501045e-12,"T1_MBC_to_prePB","opening","T1_MBC_to_prePB_opening",4.20767633501045e-12,FALSE,0.391386393085572
"MA0042.2",494,696,2.11590354221099,1.74,1.21603651851206,2.49531857011012e-12,"FOXI1",6.94592407948562e-12,"T1_MBC_to_prePB","opening","T1_MBC_to_prePB_opening",6.94592407948562e-12,FALSE,0.282187741064626
"MA0033.2",494,696,2.11590354221099,1.74,1.21603651851206,2.49531857011012e-12,"FOXL1",6.94592407948562e-12,"T1_MBC_to_prePB","opening","T1_MBC_to_prePB_opening",6.94592407948562e-12,FALSE,0.282187741064626
"MA0848.1",494,696,2.11590354221099,1.74,1.21603651851206,2.49531857011012e-12,"FOXO4",6.94592407948562e-12,"T1_MBC_to_prePB","opening","T1_MBC_to_prePB_opening",6.94592407948562e-12,FALSE,0.282187741064626
"MA0849.1",494,696,2.11590354221099,1.74,1.21603651851206,2.49531857011012e-12,"FOXO6",6.94592407948562e-12,"T1_MBC_to_prePB","opening","T1_MBC_to_prePB_opening",6.94592407948562e-12,FALSE,0.282187741064626
"MA0850.1",494,696,2.11590354221099,1.74,1.21603651851206,2.49531857011012e-12,"FOXP3",6.94592407948562e-12,"T1_MBC_to_prePB","opening","T1_MBC_to_prePB_opening",6.94592407948562e-12,FALSE,0.282187741064626
"MA0889.1",234,305,1.00227009894205,0.7625,1.31445258877646,1.08628191938196e-11,"GBX1",3.01251417047934e-11,"T1_MBC_to_prePB","opening","T1_MBC_to_prePB_opening",3.01251417047934e-11,FALSE,0.39446320363408
"MA0031.1",489,693,2.09448751445582,1.7325,1.2089394022833,1.39952381031225e-11,"FOXD1",3.86683245367755e-11,"T1_MBC_to_prePB","opening","T1_MBC_to_prePB_opening",3.86683245367755e-11,FALSE,0.273743125108437
"MA0018.4",1227,1876,5.2554932111192,4.69,1.12057424544119,9.54630641641442e-11,"CREB1",2.62787623123437e-10,"T1_MBC_to_prePB","opening","T1_MBC_to_prePB_opening",2.62787623123437e-10,FALSE,0.164239527545371
"MA1606.1",692,1019,2.9639782413158,2.5475,1.1634850800062,1.36468415788276e-10,"Foxf1",3.74284699184022e-10,"T1_MBC_to_prePB","opening","T1_MBC_to_prePB_opening",3.74284699184022e-10,FALSE,0.218453950385588
"MA1555.1",559,810,2.39431190302823,2.025,1.182376248409,1.78504853424549e-10,"RXRB(var.2)",4.8778249324071e-10,"T1_MBC_to_prePB","opening","T1_MBC_to_prePB_opening",4.8778249324071e-10,FALSE,0.24169041417442
"MA0492.1",1053,1598,4.51021544523922,3.995,1.12896506764436,1.84135757917804e-10,"JUND(var.2)",5.01333121922195e-10,"T1_MBC_to_prePB","opening","T1_MBC_to_prePB_opening",5.01333121922195e-10,FALSE,0.175002124926782
"MA0884.1",448,637,1.91887608686341,1.5925,1.20494573743385,2.07449973571602e-10,"DUXA",5.62755201034237e-10,"T1_MBC_to_prePB","opening","T1_MBC_to_prePB_opening",5.62755201034237e-10,FALSE,0.268969376049969
"MA0908.1",208,272,0.890906754615154,0.68,1.31015699208111,2.49370481364198e-10,"HOXD11",6.74023112672795e-10,"T1_MBC_to_prePB","opening","T1_MBC_to_prePB_opening",6.74023112672795e-10,FALSE,0.389740796990243
"MA0666.1",290,395,1.24212960979997,0.9875,1.2578527694177,2.77209347119038e-10,"MSX1",7.46563801266436e-10,"T1_MBC_to_prePB","opening","T1_MBC_to_prePB_opening",7.46563801266436e-10,FALSE,0.330964212838605
"MA0025.2",369,516,1.58050284833169,1.29,1.22519600645868,3.19601524992826e-10,"NFIL3",8.57635746923196e-10,"T1_MBC_to_prePB","opening","T1_MBC_to_prePB_opening",8.57635746923196e-10,FALSE,0.293013747096439
"MA0627.2",925,1395,3.96196513470681,3.4875,1.13604735045357,3.57124209623662e-10,"POU2F3",9.54891255839614e-10,"T1_MBC_to_prePB","opening","T1_MBC_to_prePB_opening",9.54891255839614e-10,FALSE,0.184024237549612
"MA0622.1",593,867,2.5399408917634,2.1675,1.17182970784932,4.9573821458742e-10,"Mlxip",1.32078824315077e-09,"T1_MBC_to_prePB","opening","T1_MBC_to_prePB_opening",1.32078824315077e-09,FALSE,0.228764161408945
"MA0699.1",266,360,1.13933267657515,0.9,1.26592519619461,5.04798445497691e-10,"LBX2",1.34014106883017e-09,"T1_MBC_to_prePB","opening","T1_MBC_to_prePB_opening",1.34014106883017e-09,FALSE,0.340193297745895
"MA1578.1",544,794,2.33006381976271,1.985,1.17383567746232,1.71936474884308e-09,"VEZF1",4.54839043488277e-09,"T1_MBC_to_prePB","opening","T1_MBC_to_prePB_opening",4.54839043488277e-09,FALSE,0.23123169208825
"MA0784.1",776,1163,3.32376750760269,2.9075,1.14317025196997,1.76703410716774e-09,"POU1F1",4.65797683373545e-09,"T1_MBC_to_prePB","opening","T1_MBC_to_prePB_opening",4.65797683373545e-09,FALSE,0.193041541663714
"MA1577.1",239,322,1.02368612669722,0.805,1.27165978471704,1.84271488847245e-09,"TLX2",4.84037079859313e-09,"T1_MBC_to_prePB","opening","T1_MBC_to_prePB_opening",4.84037079859313e-09,FALSE,0.346713883301289
"MA0764.2",3331,5372,14.2673576904956,13.43,1.06234979080384,2.89072447967788e-09,"ETV4",7.56659811171824e-09,"T1_MBC_to_prePB","opening","T1_MBC_to_prePB_opening",7.56659811171824e-09,FALSE,0.0872602262068352
"MA1508.1",2639,4220,11.3033794491798,10.55,1.07141037432984,2.97567651127861e-09,"IKZF1",7.76172964130715e-09,"T1_MBC_to_prePB","opening","T1_MBC_to_prePB_opening",7.76172964130715e-09,FALSE,0.0995125172072842
"MA1623.1",2681,4298,11.4832740823232,10.745,1.06870861631672,7.83327135944105e-09,"Stat2",2.03610468088607e-08,"T1_MBC_to_prePB","opening","T1_MBC_to_prePB_opening",2.03610468088607e-08,FALSE,0.0958699054344651
"MA0481.3",708,1061,3.03250953013235,2.6525,1.1432646673449,8.83892481349236e-09,"FOXP1",2.28952705238378e-08,"T1_MBC_to_prePB","opening","T1_MBC_to_prePB_opening",2.28952705238378e-08,FALSE,0.193160690013816
"MA1506.1",224,303,0.959438043431704,0.7575,1.26658487581743,1.04968988766527e-08,"HOXD10",2.70958012525359e-08,"T1_MBC_to_prePB","opening","T1_MBC_to_prePB_opening",2.70958012525359e-08,FALSE,0.340944896565473
"MA0717.1",253,347,1.0836510044117,0.8675,1.24916542295297,1.08180051863063e-08,"RAX2",2.77327555635205e-08,"T1_MBC_to_prePB","opening","T1_MBC_to_prePB_opening",2.77327555635205e-08,FALSE,0.320965695980671
"MA0721.1",253,347,1.0836510044117,0.8675,1.24916542295297,1.08180051863063e-08,"UNCX",2.77327555635205e-08,"T1_MBC_to_prePB","opening","T1_MBC_to_prePB_opening",2.77327555635205e-08,FALSE,0.320965695980671
"MA0485.2",205,275,0.878057137962051,0.6875,1.27717401885389,1.40193311853375e-08,"HOXC9",3.58165104940471e-08,"T1_MBC_to_prePB","opening","T1_MBC_to_prePB_opening",3.58165104940471e-08,FALSE,0.35295623963036
"MA1563.1",403,580,1.72613183706686,1.45,1.19043574970128,1.70202346585409e-08,"SOX18",4.3334795410483e-08,"T1_MBC_to_prePB","opening","T1_MBC_to_prePB_opening",4.3334795410483e-08,FALSE,0.251490969355477
"MA1562.1",328,464,1.40489142073928,1.16,1.21111329374076,2.21778968220385e-08,"SOX14",5.62745273103425e-08,"T1_MBC_to_prePB","opening","T1_MBC_to_prePB_opening",5.62745273103425e-08,FALSE,0.276335019641912
"MA0902.2",216,293,0.925172399023429,0.7325,1.26303399184086,2.81154662564706e-08,"HOXB2",7.1098772296024e-08,"T1_MBC_to_prePB","opening","T1_MBC_to_prePB_opening",7.1098772296024e-08,FALSE,0.336894608924336
"MA0488.1",1128,1749,4.8314558615668,4.3725,1.10496417645896,4.86813502635818e-08,"JUN",1.22690159785919e-07,"T1_MBC_to_prePB","opening","T1_MBC_to_prePB_opening",1.22690159785919e-07,FALSE,0.144000903063201
"MA1607.1",765,1161,3.27665224654131,2.9025,1.12890688941992,5.76544036766092e-08,"Foxl2",1.44815438191079e-07,"T1_MBC_to_prePB","opening","T1_MBC_to_prePB_opening",1.44815438191079e-07,FALSE,0.174927777609345
"MA0882.1",303,428,1.29781128196342,1.07,1.21290774015273,5.92928310493547e-08,"DLX6",1.48431046855096e-07,"T1_MBC_to_prePB","opening","T1_MBC_to_prePB_opening",1.48431046855096e-07,FALSE,0.278471005460855
"MA1518.1",236,326,1.01083651004412,0.815,1.24029019637315,8.97779422648345e-08,"LHX1",2.2399446464738e-07,"T1_MBC_to_prePB","opening","T1_MBC_to_prePB_opening",2.2399446464738e-07,FALSE,0.310678877259767
"MA0630.1",290,410,1.24212960979997,1.025,1.21183376565851,1.28526933139047e-07,"SHOX",3.18541834291459e-07,"T1_MBC_to_prePB","opening","T1_MBC_to_prePB_opening",3.18541834291459e-07,FALSE,0.277192999952677
"MA0720.1",290,410,1.24212960979997,1.025,1.21183376565851,1.28526933139047e-07,"Shox2",3.18541834291459e-07,"T1_MBC_to_prePB","opening","T1_MBC_to_prePB_opening",3.18541834291459e-07,FALSE,0.277192999952677
"MA1503.1",194,263,0.830941876900673,0.6575,1.26378992684513,1.29433896294704e-07,"HOXB9",3.19727439191554e-07,"T1_MBC_to_prePB","opening","T1_MBC_to_prePB_opening",3.19727439191554e-07,FALSE,0.337757813394708
"MA0651.1",178,239,0.762410588084122,0.5975,1.27600098424121,1.36084795317708e-07,"HOXC11",3.35047053818516e-07,"T1_MBC_to_prePB","opening","T1_MBC_to_prePB_opening",3.35047053818516e-07,FALSE,0.351630572561031
"MA0880.1",263,369,1.12648305992205,0.9225,1.22111984815398,1.67874978812405e-07,"Dlx3",4.10605685882143e-07,"T1_MBC_to_prePB","opening","T1_MBC_to_prePB_opening",4.10605685882143e-07,FALSE,0.288205983621827
"MA0881.1",263,369,1.12648305992205,0.9225,1.22111984815398,1.67874978812405e-07,"Dlx4",4.10605685882143e-07,"T1_MBC_to_prePB","opening","T1_MBC_to_prePB_opening",4.10605685882143e-07,FALSE,0.288205983621827
"MA0519.1",1504,2376,6.44194114875573,5.94,1.0845018768949,2.3654747654957e-07,"Stat5a::Stat5b",5.76681102960716e-07,"T1_MBC_to_prePB","opening","T1_MBC_to_prePB_opening",5.76681102960716e-07,FALSE,0.11703388009779
"MA0701.2",237,330,1.01511971559515,0.825,1.23044814011534,2.47838944353442e-07,"LHX9",6.0224056184908e-07,"T1_MBC_to_prePB","opening","T1_MBC_to_prePB_opening",6.0224056184908e-07,FALSE,0.299185026085526
"MA0852.2",749,1143,3.20812095772476,2.8575,1.12270199745398,2.86453976734722e-07,"FOXK1",6.93813852740594e-07,"T1_MBC_to_prePB","opening","T1_MBC_to_prePB_opening",6.93813852740594e-07,FALSE,0.166976324202114
"MA1625.1",1623,2577,6.95164260932882,6.4425,1.07902873253067,4.39428277336325e-07,"Stat5b",1.06088509674077e-06,"T1_MBC_to_prePB","opening","T1_MBC_to_prePB_opening",1.06088509674077e-06,FALSE,0.109734618656845
"MA0662.1",277,395,1.18644793763653,0.9875,1.20146626596104,8.01218408682993e-07,"MIXL1",1.92809333186294e-06,"T1_MBC_to_prePB","opening","T1_MBC_to_prePB_opening",1.92809333186294e-06,FALSE,0.264797342700824
"MA0093.3",1022,1594,4.37743607315715,3.985,1.09847831195913,9.72577908218605e-07,"USF1",2.33293607566263e-06,"T1_MBC_to_prePB","opening","T1_MBC_to_prePB_opening",2.33293607566263e-06,FALSE,0.135507699242286
"MA0825.1",661,1007,2.83119886923373,2.5175,1.12460729661717,9.91610640158464e-07,"MNT",2.37096646653274e-06,"T1_MBC_to_prePB","opening","T1_MBC_to_prePB_opening",2.37096646653274e-06,FALSE,0.169422595281681
"MA0888.1",246,348,1.05366856555446,0.87,1.21111329374076,1.1946541052268e-06,"EVX2",2.8473225638952e-06,"T1_MBC_to_prePB","opening","T1_MBC_to_prePB_opening",2.8473225638952e-06,FALSE,0.276335019641913
"MA0911.1",171,233,0.732428149226881,0.5825,1.25738738064701,1.211890445993e-06,"Hoxa11",2.87920469016172e-06,"T1_MBC_to_prePB","opening","T1_MBC_to_prePB_opening",2.87920469016172e-06,FALSE,0.330430336544267
"MA1115.1",919,1429,3.93626590140061,3.5725,1.1018239052206,1.67189100194253e-06,"POU5F1",3.95946249983851e-06,"T1_MBC_to_prePB","opening","T1_MBC_to_prePB_opening",3.95946249983851e-06,FALSE,0.13989497850046
"MA1520.1",647,988,2.77123399151925,2.47,1.12195708158674,2.05060175125984e-06,"MAF",4.84097755202482e-06,"T1_MBC_to_prePB","opening","T1_MBC_to_prePB_opening",4.84097755202482e-06,FALSE,0.166018775218851
"MA0718.1",276,397,1.18216473208549,0.9925,1.19109796683677,2.62675077803599e-06,"RAX",6.18156492244433e-06,"T1_MBC_to_prePB","opening","T1_MBC_to_prePB_opening",6.18156492244433e-06,FALSE,0.252293289803871
"MA0501.1",1149,1809,4.92140317813852,4.5225,1.08820413004721,2.68390402195866e-06,"MAF::NFE2",6.2962025169219e-06,"T1_MBC_to_prePB","opening","T1_MBC_to_prePB_opening",6.2962025169219e-06,FALSE,0.121950534719947
"MA0794.1",348,511,1.49055553175997,1.2775,1.16677536732679,3.24969584365626e-06,"PROX1",7.59960219237483e-06,"T1_MBC_to_prePB","opening","T1_MBC_to_prePB_opening",7.59960219237483e-06,FALSE,0.222528070329072
"MA0716.1",285,412,1.2207135820448,1.03,1.18515881751923,3.50359531359762e-06,"PRRX1",8.16775657482445e-06,"T1_MBC_to_prePB","opening","T1_MBC_to_prePB_opening",8.16775657482445e-06,FALSE,0.245081618107346
"MA0893.2",239,341,1.02368612669722,0.8525,1.20080484070055,4.67961373326828e-06,"GSX2",1.08753640031718e-05,"T1_MBC_to_prePB","opening","T1_MBC_to_prePB_opening",1.08753640031718e-05,FALSE,0.264002899334087
"MA0629.1",319,467,1.36634257077997,1.1675,1.17031483578584,5.45550027407049e-06,"Rhox11",1.26391403865111e-05,"T1_MBC_to_prePB","opening","T1_MBC_to_prePB_opening",1.26391403865111e-05,FALSE,0.226897925733597
"MA0644.1",271,392,1.16074870433032,0.98,1.18443745339829,6.45730439505346e-06,"ESX1",1.49137742374919e-05,"T1_MBC_to_prePB","opening","T1_MBC_to_prePB_opening",1.49137742374919e-05,FALSE,0.244203234218502
"MA0711.1",219,311,0.938022015676532,0.7775,1.20645918414988,6.85093268005556e-06,"OTX1",1.57740610472884e-05,"T1_MBC_to_prePB","opening","T1_MBC_to_prePB_opening",1.57740610472884e-05,FALSE,0.270780304217267
"MA0907.1",315,462,1.34920974857583,1.155,1.16814696846393,7.92726092225227e-06,"HOXC13",1.81961127630775e-05,"T1_MBC_to_prePB","opening","T1_MBC_to_prePB_opening",1.81961127630775e-05,FALSE,0.224223030937351
"MA0654.1",233,334,0.997986893391014,0.835,1.19519388430062,1.0359604962852e-05,"ISX",2.37063352830908e-05,"T1_MBC_to_prePB","opening","T1_MBC_to_prePB_opening",2.37063352830908e-05,FALSE,0.257245878198014
"MA1497.1",243,351,1.04081894890136,0.8775,1.18611846028645,1.60764984161727e-05,"HOXA6",3.66760483745101e-05,"T1_MBC_to_prePB","opening","T1_MBC_to_prePB_opening",3.66760483745101e-05,FALSE,0.24624931855481
"MA0103.3",2289,3722,9.80425750631773,9.305,1.05365475618675,2.392637653661e-05,"ZEB1",5.4417917366802e-05,"T1_MBC_to_prePB","opening","T1_MBC_to_prePB_opening",5.4417917366802e-05,FALSE,0.0754035956632085
"MA0890.1",264,386,1.13076626547308,0.965,1.17177851344361,2.90806957654851e-05,"GBX2",6.59398147144434e-05,"T1_MBC_to_prePB","opening","T1_MBC_to_prePB_opening",6.59398147144434e-05,FALSE,0.228701132228938
"MA1491.1",1081,1715,4.63014520066818,4.2875,1.07991724796925,3.13480501927981e-05,"GLI3",7.08655922540224e-05,"T1_MBC_to_prePB","opening","T1_MBC_to_prePB_opening",7.08655922540224e-05,FALSE,0.110922101542911
"MA1683.1",634,982,2.71555231935581,2.455,1.10613129097996,3.3703565643257e-05,"FOXA3",7.59603020237755e-05,"T1_MBC_to_prePB","opening","T1_MBC_to_prePB_opening",7.59603020237755e-05,FALSE,0.145523939033144
"MA0905.1",230,333,0.985137276737911,0.8325,1.18334808016566,3.40029675659553e-05,"HOXC10",7.64042584463936e-05,"T1_MBC_to_prePB","opening","T1_MBC_to_prePB_opening",7.64042584463936e-05,FALSE,0.242875721974263
"MA0150.2",1148,1827,4.91711997258748,4.5675,1.07654514999179,3.71766316368477e-05,"Nfe2l2",8.32845861894545e-05,"T1_MBC_to_prePB","opening","T1_MBC_to_prePB_opening",8.32845861894545e-05,FALSE,0.106410167101212
"MA0613.1",556,858,2.38146228637512,2.145,1.11023882814691,5.64061158064077e-05,"FOXG1",0.00012598491734006,"T1_MBC_to_prePB","opening","T1_MBC_to_prePB_opening",0.00012598491734006,FALSE,0.150871353607
"MA0705.1",214,310,0.91660598792136,0.775,1.1827174037695,6.56737880836678e-05,"Lhx8",0.000146246704210198,"T1_MBC_to_prePB","opening","T1_MBC_to_prePB_opening",0.000146246704210198,FALSE,0.24210661987817
"MA0593.1",1116,1781,4.78005739495438,4.4525,1.07356707354394,8.677007381552e-05,"FOXP2",0.000192650223411839,"T1_MBC_to_prePB","opening","T1_MBC_to_prePB_opening",0.000192650223411839,FALSE,0.102413673498061
"MA1103.2",666,1041,2.85261489698891,2.6025,1.09610562804569,0.000102138610625284,"FOXK2",0.000226099120256563,"T1_MBC_to_prePB","opening","T1_MBC_to_prePB_opening",0.000226099120256563,FALSE,0.132388148909937
"MA0894.1",263,390,1.12648305992205,0.975,1.15536724094569,0.000134399374398547,"HESX1",0.00029663293876129,"T1_MBC_to_prePB","opening","T1_MBC_to_prePB_opening",0.00029663293876129,FALSE,0.208352743169687
"MA0895.1",250,370,1.0708013877586,0.925,1.15762312190119,0.000160147247071285,"HMBOX1",0.000352418425708491,"T1_MBC_to_prePB","opening","T1_MBC_to_prePB_opening",0.000352418425708491,FALSE,0.211166889339429
"MA1528.1",978,1558,4.18897502891164,3.895,1.07547497533033,0.000165219707068021,"NFIX(var.2)",0.000362511474919835,"T1_MBC_to_prePB","opening","T1_MBC_to_prePB_opening",0.000362511474919835,FALSE,0.104975297277087
"MA0525.2",300,450,1.28496166531032,1.125,1.1421881469425,0.000170078469721835,"TP63",0.000372077825256565,"T1_MBC_to_prePB","opening","T1_MBC_to_prePB_opening",0.000372077825256565,FALSE,0.191801581313783
"MA0876.1",289,433,1.23784640424894,1.0825,1.14350707089971,0.000196245810335824,"BSX",0.000428068346522003,"T1_MBC_to_prePB","opening","T1_MBC_to_prePB_opening",0.000428068346522003,FALSE,0.193466548352035
"MA1501.1",248,369,1.06223497665653,0.9225,1.15147422943797,0.000281794918394618,"HOXB7",0.000612883408520073,"T1_MBC_to_prePB","opening","T1_MBC_to_prePB_opening",0.000612883408520073,FALSE,0.203483376175157
"MA1118.1",670,1055,2.86974771919304,2.6375,1.08805600727698,0.000311736947328592,"SIX1",0.000676034193916075,"T1_MBC_to_prePB","opening","T1_MBC_to_prePB_opening",0.000676034193916075,FALSE,0.121754146626144
"MA0912.2",228,338,0.976570865635842,0.845,1.15570516643295,0.000350286152983891,"HOXD3",0.000757430348191254,"T1_MBC_to_prePB","opening","T1_MBC_to_prePB_opening",0.000757430348191254,FALSE,0.208774645144439
"MA1596.1",5431,9066,23.2620893476678,22.665,1.02634411417021,0.000376873892723546,"ZNF460",0.000812566254253657,"T1_MBC_to_prePB","opening","T1_MBC_to_prePB_opening",0.000812566254253657,FALSE,0.0375159266395473
"MA0466.2",219,324,0.938022015676532,0.81,1.1580518712056,0.000379946642791878,"CEBPB",0.000816830534647668,"T1_MBC_to_prePB","opening","T1_MBC_to_prePB_opening",0.000816830534647668,FALSE,0.211701121448797
"MA0463.2",675,1065,2.89116374694822,2.6625,1.08588309744534,0.000401405268925506,"BCL6",0.000860483708673643,"T1_MBC_to_prePB","opening","T1_MBC_to_prePB_opening",0.000860483708673643,FALSE,0.11887012435382
"MA0647.1",210,310,0.899473165717223,0.775,1.16061053640932,0.000410908608023139,"GRHL1",0.000878331867006481,"T1_MBC_to_prePB","opening","T1_MBC_to_prePB_opening",0.000878331867006481,FALSE,0.214885174377675
"MA0030.1",527,824,2.25724932539513,2.06,1.09575209970637,0.000529059179308439,"FOXF2",0.00112765185075456,"T1_MBC_to_prePB","opening","T1_MBC_to_prePB_opening",0.00112765185075456,FALSE,0.131922760016741
"MA1481.1",255,383,1.09221741551377,0.9575,1.14069703970107,0.000560396577888679,"DRGX",0.00119104229944431,"T1_MBC_to_prePB","opening","T1_MBC_to_prePB_opening",0.00119104229944431,FALSE,0.189916938619947
"MA0816.1",1811,2962,7.75688525292329,7.405,1.04751995312941,0.000756924102243967,"Ascl2",0.00160416301214204,"T1_MBC_to_prePB","opening","T1_MBC_to_prePB_opening",0.00160416301214204,FALSE,0.0669791018468809
"MA0700.2",302,460,1.29352807641239,1.15,1.12480702296729,0.000764751462116069,"LHX2",0.00161616031370705,"T1_MBC_to_prePB","opening","T1_MBC_to_prePB_opening",0.00161616031370705,FALSE,0.16967878993369
"MA0465.2",594,937,2.54422409731443,2.3425,1.08611487612142,0.00083572772443183,"CDX2",0.00176116633453713,"T1_MBC_to_prePB","opening","T1_MBC_to_prePB_opening",0.00176116633453713,FALSE,0.119178030386883
"MA0003.4",2127,3494,9.11037820705016,8.735,1.04297403629653,0.00084967348724508,"TFAP2A",0.00178551104643614,"T1_MBC_to_prePB","opening","T1_MBC_to_prePB_opening",0.00178551104643614,FALSE,0.0607046272323555
"MA0838.1",215,321,0.920889193472395,0.8025,1.14752547473196,0.000904471401424543,"CEBPG",0.00189532490298514,"T1_MBC_to_prePB","opening","T1_MBC_to_prePB_opening",0.00189532490298514,FALSE,0.19852743862723
"MA0837.1",220,329,0.942305221227567,0.8225,1.14565984343777,0.000907098953103286,"CEBPE",0.00189550649584048,"T1_MBC_to_prePB","opening","T1_MBC_to_prePB_opening",0.00189550649584048,FALSE,0.196180017996793
"MA0047.3",657,1042,2.8140660470296,2.605,1.08025568024169,0.000991113809363999,"FOXA2",0.00205992724198897,"T1_MBC_to_prePB","opening","T1_MBC_to_prePB_opening",0.00205992724198897,FALSE,0.111374152493725
"MA0521.1",2414,3979,10.339658200197,9.9475,1.03942278966545,0.000991305469000054,"Tcf12",0.00205992724198897,"T1_MBC_to_prePB","opening","T1_MBC_to_prePB_opening",0.00205992724198897,FALSE,0.0557839839756778
"MA1655.1",1194,1934,5.11414742793507,4.835,1.05773473173424,0.0010732496896514,"ZNF341",0.00222401185688873,"T1_MBC_to_prePB","opening","T1_MBC_to_prePB_opening",0.00222401185688873,FALSE,0.0809792246731458
"MA0116.1",1034,1669,4.42883453976956,4.1725,1.06143428155052,0.00125520125862902,"Znf423",0.00259385080038019,"T1_MBC_to_prePB","opening","T1_MBC_to_prePB_opening",0.00259385080038019,FALSE,0.0860164090835842
"MA0887.1",232,350,0.993703687839979,0.875,1.1356613575314,0.00137910623449446,"EVX1",0.00284202555506316,"T1_MBC_to_prePB","opening","T1_MBC_to_prePB_opening",0.00284202555506316,FALSE,0.183533972589358
"MA1535.1",725,1157,3.10532402449994,2.8925,1.07357788228174,0.00138933034949724,"NR2C1",0.00285520782568854,"T1_MBC_to_prePB","opening","T1_MBC_to_prePB_opening",0.00285520782568854,FALSE,0.102428198551769
"MA0612.2",197,294,0.843791493553776,0.735,1.14801563748813,0.00139661235036866,"EMX1",0.00286228794883247,"T1_MBC_to_prePB","opening","T1_MBC_to_prePB_opening",0.00286228794883247,FALSE,0.199143550243294
"MA0508.3",1937,3188,8.29656915235362,7.97,1.04097479954249,0.00223140011680031,"PRDM1",0.00456061503324118,"T1_MBC_to_prePB","opening","T1_MBC_to_prePB_opening",0.00456061503324118,FALSE,0.0579365294578157
"MA0754.1",113,163,0.484002227266887,0.4075,1.1877355270353,0.00251795219923421,"CUX1",0.00513221950991454,"T1_MBC_to_prePB","opening","T1_MBC_to_prePB_opening",0.00513221950991454,FALSE,0.248214841781723
"MA0075.3",261,400,1.11791664881998,1,1.11791664881998,0.00273322547465483,"PRRX2",0.0055558207195981,"T1_MBC_to_prePB","opening","T1_MBC_to_prePB_opening",0.0055558207195981,FALSE,0.160813916253649
"MA1553.1",469,741,2.00882340343513,1.8525,1.0843851030689,0.00323745623145492,"RARG(var.3)",0.00656288681702547,"T1_MBC_to_prePB","opening","T1_MBC_to_prePB_opening",0.00656288681702547,FALSE,0.116878529573715
"MA0144.2",1672,2748,7.16151968132951,6.87,1.04243372362875,0.00330549285718524,"STAT3",0.00668264951615227,"T1_MBC_to_prePB","opening","T1_MBC_to_prePB_opening",0.00668264951615227,FALSE,0.0599570461681896
"MA0903.1",322,502,1.37919218743307,1.255,1.09895791827337,0.00448301804536664,"HOXB3",0.00903873368065814,"T1_MBC_to_prePB","opening","T1_MBC_to_prePB_opening",0.00903873368065814,FALSE,0.136137455885807
"MA0851.1",740,1193,3.16957210776545,2.9825,1.06272325490879,0.00487765298513768,"Foxj3",0.00980789522078898,"T1_MBC_to_prePB","opening","T1_MBC_to_prePB_opening",0.00980789522078898,FALSE,0.0877673093037723
"MA1602.1",340,532,1.45628988735169,1.33,1.09495480252007,0.00490663740775943,"ZSCAN29",0.00983965458652832,"T1_MBC_to_prePB","opening","T1_MBC_to_prePB_opening",0.00983965458652832,FALSE,0.130872637157964
"MA0900.2",149,223,0.638197627104125,0.5575,1.14474910691323,0.00580321080594846,"HOXA2",0.0116064216118969,"T1_MBC_to_prePB","opening","T1_MBC_to_prePB_opening",0.0116064216118969,FALSE,0.195032699751077
"MA1147.1",495,790,2.12018674776203,1.975,1.07351227734786,0.00723107665296397,"NR4A2::RXRA",0.0144234844468212,"T1_MBC_to_prePB","opening","T1_MBC_to_prePB_opening",0.0144234844468212,FALSE,0.102340034741593
"MA0069.1",333,526,1.42630744849445,1.315,1.0846444475243,0.0112730092114314,"PAX6",0.0224257729912743,"T1_MBC_to_prePB","opening","T1_MBC_to_prePB_opening",0.0224257729912743,FALSE,0.11722352682502
"MA0874.1",178,273,0.762410588084122,0.6825,1.11708511074597,0.0121104737866185,"Arx",0.0240276953319613,"T1_MBC_to_prePB","opening","T1_MBC_to_prePB_opening",0.0240276953319613,FALSE,0.159740400465674
"MA0480.1",1203,1979,5.15269627789438,4.9475,1.04147474035258,0.0131299958576796,"Foxo1",0.0259813711136047,"T1_MBC_to_prePB","opening","T1_MBC_to_prePB_opening",0.0259813711136047,FALSE,0.058629234308319
"MA0755.1",110,164,0.471152610613783,0.41,1.14915270881411,0.013604598954808,"CUX2",0.0268492878843565,"T1_MBC_to_prePB","opening","T1_MBC_to_prePB_opening",0.0268492878843565,FALSE,0.200571783286385
"MA0634.1",284,447,1.21643037649377,1.1175,1.08852830111299,0.0141887443112556,"ALX3",0.0279282407815216,"T1_MBC_to_prePB","opening","T1_MBC_to_prePB_opening",0.0279282407815216,FALSE,0.12238024262162
"MA0853.1",187,291,0.800959438043432,0.7275,1.10097517256829,0.0228083993284742,"Alx4",0.0447764892080045,"T1_MBC_to_prePB","opening","T1_MBC_to_prePB_opening",0.0447764892080045,FALSE,0.138783246295976
"MA1647.1",1395,2311,5.97507174369298,5.7775,1.03419675356001,0.0234661914922039,"PRDM4",0.0459469261238429,"T1_MBC_to_prePB","opening","T1_MBC_to_prePB_opening",0.0459469261238429,FALSE,0.0485120761770766
"MA0886.1",187,292,0.800959438043432,0.73,1.09720470964854,0.027127811999611,"EMX2",0.052977350135366,"T1_MBC_to_prePB","opening","T1_MBC_to_prePB_opening",0.052977350135366,FALSE,0.133834034827261
"MA0522.3",2384,3987,10.211162033666,9.9675,1.02444565173474,0.0279806904238696,"TCF3",0.0545002481885293,"T1_MBC_to_prePB","opening","T1_MBC_to_prePB_opening",0.0545002481885293,FALSE,0.0348448576710816
"MA0734.2",1093,1806,4.68154366728059,4.515,1.03688674801342,0.0301644594786884,"GLI2",0.0586007467997437,"T1_MBC_to_prePB","opening","T1_MBC_to_prePB_opening",0.0586007467997437,FALSE,0.0522597185001837
"MA1616.1",1330,2208,5.69666338287574,5.52,1.03200423602821,0.0349639970918495,"Prdm15",0.0677484203390123,"T1_MBC_to_prePB","opening","T1_MBC_to_prePB_opening",0.0677484203390123,FALSE,0.0454502905022291
"MA0713.1",331,532,1.41774103739238,1.33,1.0659707048063,0.0379247749767831,"PHOX2A",0.073295031431814,"T1_MBC_to_prePB","opening","T1_MBC_to_prePB_opening",0.073295031431814,FALSE,0.0921691436529962
"MA0138.2",1740,2906,7.45277765879985,7.265,1.02584689040604,0.0449928766394429,"REST",0.0867304547106573,"T1_MBC_to_prePB","opening","T1_MBC_to_prePB_opening",0.0867304547106573,FALSE,0.0368168283859002
"MA0149.1",4121,6963,17.6510900758127,17.4075,1.01399339800734,0.0657028509530904,"EWSR1-FLI1",0.126325584564447,"T1_MBC_to_prePB","opening","T1_MBC_to_prePB_opening",0.126325584564447,FALSE,0.0200496819375477
"MA0153.2",291,471,1.24641281535101,1.1775,1.0585246839499,0.0709027059131552,"HNF1B",0.135972798486411,"T1_MBC_to_prePB","opening","T1_MBC_to_prePB_opening",0.135972798486411,FALSE,0.0820562751628011
"MA0737.1",508,835,2.17586841992547,2.0875,1.04233217720981,0.076300416105302,"GLIS3",0.145949001062962,"T1_MBC_to_prePB","opening","T1_MBC_to_prePB_opening",0.145949001062962,FALSE,0.0598165024509874
"MA1549.1",361,590,1.54623720392342,1.475,1.0482964094396,0.0870070377672778,"POU6F1(var.2)",0.165743076741926,"T1_MBC_to_prePB","opening","T1_MBC_to_prePB_opening",0.165743076741926,FALSE,0.0680480778034237
"MA1568.1",306,498,1.31066089861652,1.245,1.05273967760363,0.0870928767866421,"TCF21(var.2)",0.165743076741926,"T1_MBC_to_prePB","opening","T1_MBC_to_prePB_opening",0.165743076741926,FALSE,0.0741500999814257
"MA1640.1",426,699,1.82464556474065,1.7475,1.0441462459174,0.0873254227414241,"MEIS2(var.2)",0.165762761743263,"T1_MBC_to_prePB","opening","T1_MBC_to_prePB_opening",0.165762761743263,FALSE,0.0623251754859408
"MA1648.1",2450,4130,10.4938536000343,10.325,1.01635385956748,0.0971513051471127,"TCF12(var.2)",0.18394637979631,"T1_MBC_to_prePB","opening","T1_MBC_to_prePB_opening",0.18394637979631,FALSE,0.0234042060014247
"MA1507.1",292,476,1.25069602090204,1.19,1.05100505958155,0.100178873966372,"HOXD4",0.189198582225097,"T1_MBC_to_prePB","opening","T1_MBC_to_prePB_opening",0.189198582225097,FALSE,0.0717709871907178
"MA0830.2",2449,4131,10.4895703944832,10.3275,1.01569309072701,0.106578928828184,"TCF4",0.200777477034912,"T1_MBC_to_prePB","opening","T1_MBC_to_prePB_opening",0.200777477034912,FALSE,0.0224659530496132
"MA0707.1",350,574,1.49912194286204,1.435,1.0446842807401,0.108328973045162,"MNX1",0.203560236502999,"T1_MBC_to_prePB","opening","T1_MBC_to_prePB_opening",0.203560236502999,FALSE,0.0630683850805763
"MA1557.1",166,267,0.71101212147171,0.6675,1.06518669883402,0.114123495800672,"SMAD5",0.21390986901332,"T1_MBC_to_prePB","opening","T1_MBC_to_prePB_opening",0.21390986901332,FALSE,0.0911076730024837
"MA1489.1",767,1278,3.28521865764338,3.195,1.02823745153157,0.117686845608641,"FOXN3",0.220036057203124,"T1_MBC_to_prePB","opening","T1_MBC_to_prePB_opening",0.220036057203124,FALSE,0.0401748685689644
"MA0658.1",184,299,0.788109821390328,0.7475,1.05432752025462,0.145017646645758,"LHX6",0.270457910994338,"T1_MBC_to_prePB","opening","T1_MBC_to_prePB_opening",0.270457910994338,FALSE,0.0763244691518798
"MA1585.1",457,758,1.95742493682272,1.895,1.03294191916766,0.147501661472206,"ZKSCAN1",0.27440458717772,"T1_MBC_to_prePB","opening","T1_MBC_to_prePB_opening",0.27440458717772,FALSE,0.0467605325097908
"MA0913.2",423,701,1.81179594808755,1.7525,1.03383506310274,0.151124499664161,"HOXD9",0.280444967038469,"T1_MBC_to_prePB","opening","T1_MBC_to_prePB_opening",0.280444967038469,FALSE,0.0480074335255256
"MA1498.1",201,328,0.860924315757913,0.82,1.0499077021438,0.154211407284143,"HOXA7",0.284053604528323,"T1_MBC_to_prePB","opening","T1_MBC_to_prePB_opening",0.284053604528323,FALSE,0.0702638796142065
"MA1502.1",201,328,0.860924315757913,0.82,1.0499077021438,0.154211407284143,"HOXB8",0.284053604528323,"T1_MBC_to_prePB","opening","T1_MBC_to_prePB_opening",0.284053604528323,FALSE,0.0702638796142065
"MA0910.2",201,328,0.860924315757913,0.82,1.0499077021438,0.154211407284143,"HOXD8",0.284053604528323,"T1_MBC_to_prePB","opening","T1_MBC_to_prePB_opening",0.284053604528323,FALSE,0.0702638796142065
"MA0100.3",652,1089,2.79265001927443,2.7225,1.02576676557371,0.161185898959989,"MYB",0.296169164098896,"T1_MBC_to_prePB","opening","T1_MBC_to_prePB_opening",0.296169164098896,FALSE,0.0367041409066742
"MA0068.2",127,205,0.543967104981368,0.5125,1.06139922923194,0.165442450413375,"PAX4",0.303243410339994,"T1_MBC_to_prePB","opening","T1_MBC_to_prePB_opening",0.303243410339994,FALSE,0.0859687654428544
"MA1473.1",429,713,1.83749518139376,1.7825,1.03085283668654,0.172146290931538,"CDX4",0.314757679007175,"T1_MBC_to_prePB","opening","T1_MBC_to_prePB_opening",0.314757679007175,FALSE,0.0438397895089314
"MA1154.1",810,1359,3.46939649633786,3.3975,1.02116158832608,0.181003250099358,"ZNF282",0.330142847369488,"T1_MBC_to_prePB","opening","T1_MBC_to_prePB_opening",0.330142847369488,FALSE,0.030212588739846
"MA0892.1",335,556,1.43487385959652,1.39,1.03228335222771,0.193870483283655,"GSX1",0.352749708608797,"T1_MBC_to_prePB","opening","T1_MBC_to_prePB_opening",0.352749708608797,FALSE,0.0458404291354847
"MA0726.1",240,396,1.02796933224825,0.99,1.03835286085682,0.195951041111857,"VSX2",0.355226446124017,"T1_MBC_to_prePB","opening","T1_MBC_to_prePB_opening",0.355226446124017,FALSE,0.0542981838734863
"MA0158.2",218,359,0.933738810125498,0.8975,1.0403775043181,0.196184042631494,"HOXA5",0.355226446124017,"T1_MBC_to_prePB","opening","T1_MBC_to_prePB_opening",0.355226446124017,FALSE,0.0571084965945765
"MA0650.2",490,820,2.09877072000685,2.05,1.02379059512529,0.218146191430226,"HOXA13",0.394036462002297,"T1_MBC_to_prePB","opening","T1_MBC_to_prePB_opening",0.394036462002297,FALSE,0.0339220676044335
"MA0899.1",484,811,2.07307148670065,2.0275,1.02247668887825,0.233066847763155,"HOXA10",0.419970696693995,"T1_MBC_to_prePB","opening","T1_MBC_to_prePB_opening",0.419970696693995,FALSE,0.0320693629754447
"MA1624.1",1348,2283,5.77376108279436,5.7075,1.01160947574146,0.256588969012837,"Stat5a",0.461241857550787,"T1_MBC_to_prePB","opening","T1_MBC_to_prePB_opening",0.461241857550787,FALSE,0.0166538820327249
"MA0619.1",712,1202,3.04964235233649,3.005,1.01485602407204,0.278105650460682,"LIN54",0.498718305874204,"T1_MBC_to_prePB","opening","T1_MBC_to_prePB_opening",0.498718305874204,FALSE,0.0212764907685352
"MA0885.1",227,379,0.972287660084807,0.9475,1.02616111882302,0.290648598824609,"Dlx2",0.519961282309732,"T1_MBC_to_prePB","opening","T1_MBC_to_prePB_opening",0.519961282309732,FALSE,0.037258673971827
"MA0875.1",319,535,1.36634257077997,1.3375,1.02156453890091,0.291605890826146,"BARX1",0.52042582429738,"T1_MBC_to_prePB","opening","T1_MBC_to_prePB_opening",0.52042582429738,FALSE,0.0307817636543405
"MA0125.1",258,432,1.10506703216687,1.08,1.02321021496933,0.300406965143746,"Nobox",0.534853451067386,"T1_MBC_to_prePB","opening","T1_MBC_to_prePB_opening",0.534853451067386,FALSE,0.0331039821663961
"MA0105.4",724,1226,3.1010408189489,3.065,1.01175883163096,0.321145474824862,"NFKB1",0.570415533855587,"T1_MBC_to_prePB","opening","T1_MBC_to_prePB_opening",0.570415533855587,FALSE,0.0168668682574657
"MA0867.2",1096,1862,4.6943932839337,4.655,1.00846257442185,0.338078460666159,"SOX4",0.59906539585975,"T1_MBC_to_prePB","opening","T1_MBC_to_prePB_opening",0.59906539585975,FALSE,0.0121589749275526
"MA1119.1",925,1572,3.96196513470681,3.93,1.0081336220628,0.358568042329845,"SIX2",0.633866728857973,"T1_MBC_to_prePB","opening","T1_MBC_to_prePB_opening",0.633866728857973,FALSE,0.0116883031376858
"MA0795.1",198,333,0.84807469910481,0.8325,1.01870834727304,0.364169504964975,"SMAD3",0.642246928377946,"T1_MBC_to_prePB","opening","T1_MBC_to_prePB_opening",0.642246928377946,FALSE,0.026742488145877
"MA0442.2",1301,2216,5.57245042189575,5.54,1.00585747687649,0.377234310696352,"SOX10",0.663718857970468,"T1_MBC_to_prePB","opening","T1_MBC_to_prePB_opening",0.663718857970468,FALSE,0.0084273338995432
"MA0084.1",501,850,2.14588598106823,2.125,1.00982869697329,0.379778809110511,"SRY",0.666623509638686,"T1_MBC_to_prePB","opening","T1_MBC_to_prePB_opening",0.666623509638686,FALSE,0.0141120097606283
"MA0854.1",199,336,0.852357904655844,0.84,1.01471179125696,0.39658959210604,"Alx1",0.694497266927479,"T1_MBC_to_prePB","opening","T1_MBC_to_prePB_opening",0.694497266927479,FALSE,0.0210714384802765
"MA1504.1",336,570,1.43915706514756,1.425,1.00993478255969,0.405996605494061,"HOXC4",0.709305544961522,"T1_MBC_to_prePB","opening","T1_MBC_to_prePB_opening",0.709305544961522,FALSE,0.014263561167072
"MA0710.1",310,527,1.32779372082066,1.3175,1.00781307083162,0.433711872615162,"NOTO",0.75595574058624,"T1_MBC_to_prePB","opening","T1_MBC_to_prePB_opening",0.75595574058624,FALSE,0.0112295040848109
"MA1657.1",569,970,2.43714395853857,2.425,1.00500781795405,0.439490076112481,"ZNF652",0.764241484335457,"T1_MBC_to_prePB","opening","T1_MBC_to_prePB_opening",0.764241484335457,FALSE,0.00720815967561461
"MA0077.1",439,748,1.8803272369041,1.87,1.00552258657973,0.443891242200463,"SOX9",0.770099689957082,"T1_MBC_to_prePB","opening","T1_MBC_to_prePB_opening",0.770099689957082,FALSE,0.00794692335635028
"MA0148.4",664,1133,2.84404848588684,2.8325,1.00407713535281,0.447220669979629,"FOXA1",0.774075684001863,"T1_MBC_to_prePB","opening","T1_MBC_to_prePB_opening",0.774075684001863,FALSE,0.00587154130050676
"MA0724.1",193,328,0.826658671349638,0.82,1.00812033091419,0.454009677613702,"VENTX",0.784007452545884,"T1_MBC_to_prePB","opening","T1_MBC_to_prePB_opening",0.784007452545884,FALSE,0.011669282661482
"MA0601.1",404,689,1.7304150426179,1.7225,1.00459509005393,0.458984909992363,"Arid3b",0.790768459247813,"T1_MBC_to_prePB","opening","T1_MBC_to_prePB_opening",0.790768459247813,FALSE,0.00661556508078929
"MA0774.1",835,1427,3.57647663511372,3.5675,1.00251622568009,0.465790769430198,"MEIS2",0.800644963121953,"T1_MBC_to_prePB","opening","T1_MBC_to_prePB_opening",0.800644963121953,FALSE,0.00362702589688982
"MA1495.1",126,216,0.539683899430334,0.54,0.999414628574692,0.533148652047164,"HOXA1",0.912222234924735,"T1_MBC_to_prePB","opening","T1_MBC_to_prePB_opening",0.912222234924735,FALSE,-0.000843316186275605
"MA0904.2",126,216,0.539683899430334,0.54,0.999414628574692,0.533148652047164,"HOXB5",0.912222234924735,"T1_MBC_to_prePB","opening","T1_MBC_to_prePB_opening",0.912222234924735,FALSE,-0.000843316186275605
"MA0032.2",717,1231,3.07105838009166,3.0775,0.997906865992416,0.547440963703302,"FOXC1",0.934533086779549,"T1_MBC_to_prePB","opening","T1_MBC_to_prePB_opening",0.934533086779549,FALSE,-0.00302147312419745
"MA0040.1",554,952,2.37289587527305,2.38,0.99701507364414,0.557787557915549,"Foxq1",0.948710361633997,"T1_MBC_to_prePB","opening","T1_MBC_to_prePB_opening",0.948710361633997,FALSE,-0.00431133130725852
"MA0868.2",540,928,2.31293099755857,2.32,0.99695301618904,0.558289341497754,"SOX8",0.948710361633997,"T1_MBC_to_prePB","opening","T1_MBC_to_prePB_opening",0.948710361633997,FALSE,-0.00440113203517184
"MA1476.1",202,349,0.865207521308948,0.8725,0.991641858233751,0.595993741098546,"DLX5",1,"T1_MBC_to_prePB","opening","T1_MBC_to_prePB_opening",1,FALSE,-0.0121074696657157
"MA0661.1",236,409,1.01083651004412,1.0225,0.988593163857327,0.6283072974662,"MEOX1",1,"T1_MBC_to_prePB","opening","T1_MBC_to_prePB_opening",1,FALSE,-0.0165497053011846
"MA0070.1",414,716,1.77324709812824,1.79,0.99064083694315,0.632791567473108,"PBX1",1,"T1_MBC_to_prePB","opening","T1_MBC_to_prePB_opening",1,FALSE,-0.0135645445026913
"MA1523.1",1013,1748,4.33888722319784,4.37,0.992880371441154,0.650356256723003,"MSANTD3",1,"T1_MBC_to_prePB","opening","T1_MBC_to_prePB_opening",1,FALSE,-0.0103067387220943
"MA1500.1",191,333,0.818092260247569,0.8325,0.982693405702786,0.667758173247724,"HOXB6",1,"T1_MBC_to_prePB","opening","T1_MBC_to_prePB_opening",1,FALSE,-0.0251852519954077
"MA0756.1",232,404,0.993703687839979,1.01,0.983865037465326,0.669612996796255,"ONECUT2",1,"T1_MBC_to_prePB","opening","T1_MBC_to_prePB_opening",1,FALSE,-0.0234662023323995
"MA0618.1",218,381,0.933738810125498,0.9525,0.980303212730182,0.695555260345156,"LBX1",1,"T1_MBC_to_prePB","opening","T1_MBC_to_prePB_opening",1,FALSE,-0.0286985720967385
"MA1463.1",244,427,1.04510215445239,1.0675,0.979018411665004,0.714721855803514,"ARGFX",1,"T1_MBC_to_prePB","opening","T1_MBC_to_prePB_opening",1,FALSE,-0.0305906295066073
"MA1603.1",461,803,1.97455775902686,2.0075,0.98359041545547,0.723601604225187,"Dmrt1",1,"T1_MBC_to_prePB","opening","T1_MBC_to_prePB_opening",1,FALSE,-0.0238689513867422
"MA0035.4",414,723,1.77324709812824,1.8075,0.98104957019543,0.741533037669616,"GATA1",1,"T1_MBC_to_prePB","opening","T1_MBC_to_prePB_opening",1,FALSE,-0.0276005899517526
"MA1575.1",614,1069,2.62988820833512,2.6725,0.984055456813889,0.744744607644449,"THRB(var.2)",1,"T1_MBC_to_prePB","opening","T1_MBC_to_prePB_opening",1,FALSE,-0.0231870073422343
"MA0706.1",243,428,1.04081894890136,1.07,0.972727989627437,0.764906512122873,"MEOX2",1,"T1_MBC_to_prePB","opening","T1_MBC_to_prePB_opening",1,FALSE,-0.0398901807148362
"MA0135.1",418,732,1.79037992033238,1.83,0.978349683241736,0.769965098680326,"Lhx3",1,"T1_MBC_to_prePB","opening","T1_MBC_to_prePB_opening",1,FALSE,-0.0315764126449088
"MA0723.1",233,411,0.997986893391014,1.0275,0.971276781889065,0.771716375979815,"VAX2",1,"T1_MBC_to_prePB","opening","T1_MBC_to_prePB_opening",1,FALSE,-0.0420441347308753
"MA0878.2",416,730,1.78181350923031,1.825,0.976336169441265,0.788904334139668,"CDX1",1,"T1_MBC_to_prePB","opening","T1_MBC_to_prePB_opening",1,FALSE,-0.0345486390269049
"MA0088.2",1102,1917,4.7200925172399,4.7925,0.984891500728201,0.795835046488253,"ZNF143",1,"T1_MBC_to_prePB","opening","T1_MBC_to_prePB_opening",1,FALSE,-0.021961829333417
"MA0704.1",164,292,0.702445710369641,0.73,0.962254397766631,0.795898940221314,"Lhx4",1,"T1_MBC_to_prePB","opening","T1_MBC_to_prePB_opening",1,FALSE,-0.0555082360382487
"MA0845.1",615,1078,2.63417141388615,2.695,0.977429096061652,0.821498520853582,"FOXB1",1,"T1_MBC_to_prePB","opening","T1_MBC_to_prePB_opening",1,FALSE,-0.0329345675787887
"MA0793.1",358,632,1.53338758727031,1.58,0.970498472955894,0.822816046973064,"POU6F2",1,"T1_MBC_to_prePB","opening","T1_MBC_to_prePB_opening",1,FALSE,-0.0432006654251096
"MA0606.1",946,1654,4.05191245127854,4.135,0.979906276004483,0.844635119316018,"NFAT5",1,"T1_MBC_to_prePB","opening","T1_MBC_to_prePB_opening",1,FALSE,-0.0292828546160792
"MA0514.1",1459,2541,6.24919689895918,6.3525,0.983738197396172,0.847017974970325,"Sox3",1,"T1_MBC_to_prePB","opening","T1_MBC_to_prePB_opening",1,FALSE,-0.0236522066545739
"MA0914.1",317,563,1.3577761596779,1.4075,0.96467222712462,0.851398975780593,"ISL2",1,"T1_MBC_to_prePB","opening","T1_MBC_to_prePB_opening",1,FALSE,-0.0518877674749061
"MA1152.1",801,1405,3.43084764637855,3.5125,0.976753778328413,0.85940667277959,"SOX15",1,"T1_MBC_to_prePB","opening","T1_MBC_to_prePB_opening",1,FALSE,-0.0339316867319663
"MA0790.1",509,900,2.18015162547651,2.25,0.968956277989558,0.8747198088926,"POU4F1",1,"T1_MBC_to_prePB","opening","T1_MBC_to_prePB_opening",1,FALSE,-0.0454950372876071
"MA1629.1",2467,4286,10.5666680944018,10.715,0.986156611703392,0.87530437688514,"Zic2",1,"T1_MBC_to_prePB","opening","T1_MBC_to_prePB_opening",1,FALSE,-0.0201098524920288
"MA1496.1",197,355,0.843791493553776,0.8875,0.950750978652142,0.876321340487364,"HOXA4",1,"T1_MBC_to_prePB","opening","T1_MBC_to_prePB_opening",1,FALSE,-0.0728590585716885
"MA0847.2",717,1262,3.07105838009166,3.155,0.973394098285788,0.87813288391637,"FOXD2",1,"T1_MBC_to_prePB","opening","T1_MBC_to_prePB_opening",1,FALSE,-0.0389025852150514
"MA0520.1",844,1484,3.61502548507303,3.71,0.974400400289226,0.888036766833595,"Stat6",1,"T1_MBC_to_prePB","opening","T1_MBC_to_prePB_opening",1,FALSE,-0.0374118883786766
"MA0478.1",1426,2495,6.10785111577505,6.2375,0.979214607739486,0.901451137792805,"FOSL2",1,"T1_MBC_to_prePB","opening","T1_MBC_to_prePB_opening",1,FALSE,-0.0303015415249917
"MA0682.2",295,530,1.26354563755515,1.325,0.953619349098224,0.905828474909425,"PITX1",1,"T1_MBC_to_prePB","opening","T1_MBC_to_prePB_opening",1,FALSE,-0.0685130734016078
"MA0468.1",535,952,2.2915149698034,2.38,0.962821415883782,0.920193896863827,"DUX4",1,"T1_MBC_to_prePB","opening","T1_MBC_to_prePB_opening",1,FALSE,-0.054658364678698
"MA0757.1",362,650,1.55052040947445,1.625,0.954166405830431,0.924072392423013,"ONECUT3",1,"T1_MBC_to_prePB","opening","T1_MBC_to_prePB_opening",1,FALSE,-0.0676856899002371
"MA1493.1",416,745,1.78181350923031,1.8625,0.956678394217615,0.926300670829798,"HES6",1,"T1_MBC_to_prePB","opening","T1_MBC_to_prePB_opening",1,FALSE,-0.0638925702461589
"MA0648.1",273,495,1.16931511543239,1.2375,0.944901103379709,0.933659636584538,"GSC",1,"T1_MBC_to_prePB","opening","T1_MBC_to_prePB_opening",1,FALSE,-0.0817632282887723
"MA0680.1",153,283,0.655330449308262,0.7075,0.926262119163622,0.937072964695977,"PAX7",1,"T1_MBC_to_prePB","opening","T1_MBC_to_prePB_opening",1,FALSE,-0.110506023657004
"MA1519.1",150,278,0.642480832655159,0.695,0.924432852741236,0.939911989886699,"LHX5",1,"T1_MBC_to_prePB","opening","T1_MBC_to_prePB_opening",1,FALSE,-0.113358002663335
"MA0804.1",226,413,0.968004454533773,1.0325,0.93753458066225,0.940339375362733,"TBX19",1,"T1_MBC_to_prePB","opening","T1_MBC_to_prePB_opening",1,FALSE,-0.0930546512491787
"MA0675.1",299,542,1.28067845975928,1.355,0.945150154803899,0.940986389086986,"NKX6-2",1,"T1_MBC_to_prePB","opening","T1_MBC_to_prePB_opening",1,FALSE,-0.0813830217997434
"MA0074.1",530,948,2.27009894204823,2.37,0.95784765487267,0.94364496171088,"RXRA::VDR",1,"T1_MBC_to_prePB","opening","T1_MBC_to_prePB_opening",1,FALSE,-0.0621303743262946
"MA1505.1",127,238,0.543967104981368,0.595,0.914230428540114,0.948688944968944,"HOXC8",1,"T1_MBC_to_prePB","opening","T1_MBC_to_prePB_opening",1,FALSE,-0.129368679555567
"MA1146.1",483,868,2.06878828114961,2.17,0.953358654907656,0.953202171478008,"NR1H4::RXRA",1,"T1_MBC_to_prePB","opening","T1_MBC_to_prePB_opening",1,FALSE,-0.0689075213952668
"MA1117.1",604,1081,2.58705615282477,2.7025,0.957282572738122,0.95675832268213,"RELB",1,"T1_MBC_to_prePB","opening","T1_MBC_to_prePB_opening",1,FALSE,-0.0629817423990713
"MA0909.2",372,675,1.59335246498479,1.6875,0.944208868139138,0.961325523264257,"HOXD13",1,"T1_MBC_to_prePB","opening","T1_MBC_to_prePB_opening",1,FALSE,-0.0828205339524452
"MA0891.1",284,521,1.21643037649377,1.3025,0.933919674851261,0.966918569253336,"GSC2",1,"T1_MBC_to_prePB","opening","T1_MBC_to_prePB_opening",1,FALSE,-0.0986280790624788
"MA1479.1",319,584,1.36634257077997,1.46,0.935851075876693,0.970366633064144,"DMRTC2",1,"T1_MBC_to_prePB","opening","T1_MBC_to_prePB_opening",1,FALSE,-0.0956475845918878
"MA0046.2",359,656,1.53767079282135,1.64,0.937604141964236,0.973967261293171,"HNF1A",1,"T1_MBC_to_prePB","opening","T1_MBC_to_prePB_opening",1,FALSE,-0.0929476131541186
"MA0722.1",261,483,1.11791664881998,1.2075,0.925810889291906,0.976280312044325,"VAX1",1,"T1_MBC_to_prePB","opening","T1_MBC_to_prePB_opening",1,FALSE,-0.111209005024533
"MA1597.1",1457,2578,6.24063048785711,6.445,0.968290223096526,0.976637640299965,"ZNF528",1,"T1_MBC_to_prePB","opening","T1_MBC_to_prePB_opening",1,FALSE,-0.0464870774192279
"MA0151.1",968,1726,4.14614297340129,4.315,0.960867433001458,0.976670360211305,"Arid3a",1,"T1_MBC_to_prePB","opening","T1_MBC_to_prePB_opening",1,FALSE,-0.0575891915165319
"MA0780.1",128,245,0.548250310532402,0.6125,0.895102547808004,0.977589510297699,"PAX3",1,"T1_MBC_to_prePB","opening","T1_MBC_to_prePB_opening",1,FALSE,-0.159873508300428
"MA1534.1",540,977,2.31293099755857,2.4425,0.94695230196871,0.978086464160675,"NR1I3",1,"T1_MBC_to_prePB","opening","T1_MBC_to_prePB_opening",1,FALSE,-0.0786348124664593
"MA0731.1",657,1183,2.8140660470296,2.9575,0.95150162198803,0.978843806380841,"BCL6B",1,"T1_MBC_to_prePB","opening","T1_MBC_to_prePB_opening",1,FALSE,-0.0717204628505817
"MA1113.2",434,792,1.85891120914893,1.98,0.93884404502471,0.981641517189056,"PBX2",1,"T1_MBC_to_prePB","opening","T1_MBC_to_prePB_opening",1,FALSE,-0.0910410320263344
"MA1499.1",246,460,1.05366856555446,1.15,0.916233535264749,0.985331200631222,"HOXB4",1,"T1_MBC_to_prePB","opening","T1_MBC_to_prePB_opening",1,FALSE,-0.126211152074902
"MA1538.1",600,1089,2.56992333062064,2.7225,0.943957146233475,0.987629477031137,"NR2F1(var.3)",1,"T1_MBC_to_prePB","opening","T1_MBC_to_prePB_opening",1,FALSE,-0.0832052009358593
"MA1589.1",1124,2008,4.81432303936266,5.02,0.959028493896944,0.987757191275607,"ZNF140",1,"T1_MBC_to_prePB","opening","T1_MBC_to_prePB_opening",1,FALSE,-0.0603529104629856
"MA1124.1",835,1503,3.57647663511372,3.7575,0.951823455785421,0.988567022253089,"ZNF24",1,"T1_MBC_to_prePB","opening","T1_MBC_to_prePB_opening",1,FALSE,-0.071232571900745
"MA0883.1",238,449,1.01940292114619,1.1225,0.908154050018874,0.990753584985557,"Dmbx1",1,"T1_MBC_to_prePB","opening","T1_MBC_to_prePB_opening",1,FALSE,-0.138989463894457
"MA0715.1",366,678,1.56765323167859,1.695,0.924869163232205,0.99103576252473,"PROP1",1,"T1_MBC_to_prePB","opening","T1_MBC_to_prePB_opening",1,FALSE,-0.112677246024241
"MA1574.1",1204,2153,5.15697948344541,5.3825,0.958101158094828,0.991440407320649,"THRB",1,"T1_MBC_to_prePB","opening","T1_MBC_to_prePB_opening",1,FALSE,-0.0617486026846481
"MA1478.1",264,497,1.13076626547308,1.2425,0.910073453097046,0.99232999511931,"DMRTA2",1,"T1_MBC_to_prePB","opening","T1_MBC_to_prePB_opening",1,FALSE,-0.135943518015545
"MA0667.1",709,1289,3.03679273568339,3.2225,0.942371679032858,0.993994961768876,"MYF6",1,"T1_MBC_to_prePB","opening","T1_MBC_to_prePB_opening",1,FALSE,-0.0856303812656436
"MA0083.3",258,488,1.10506703216687,1.22,0.90579264931711,0.994038161630981,"SRF",1,"T1_MBC_to_prePB","opening","T1_MBC_to_prePB_opening",1,FALSE,-0.142745670459407
"MA1472.1",1379,2466,5.90654045487643,6.165,0.958076310604449,0.99477435529981,"BHLHA15(var.2)",1,"T1_MBC_to_prePB","opening","T1_MBC_to_prePB_opening",1,FALSE,-0.0617860181269231
"MA0515.1",1103,1984,4.72437572279094,4.96,0.952495105401398,0.995162080875374,"Sox6",1,"T1_MBC_to_prePB","opening","T1_MBC_to_prePB_opening",1,FALSE,-0.070214901210091
"MA0140.2",483,892,2.06878828114961,2.23,0.927707749394445,0.995480367312256,"GATA1::TAL1",1,"T1_MBC_to_prePB","opening","T1_MBC_to_prePB_opening",1,FALSE,-0.108256147029396
"MA1631.1",2694,4758,11.5389557544867,11.895,0.970067738922796,0.995557755981888,"ASCL1(var.2)",1,"T1_MBC_to_prePB","opening","T1_MBC_to_prePB_opening",1,FALSE,-0.04384111481503
"MA0896.1",270,512,1.15646549877929,1.28,0.903488670921317,0.995799392362594,"Hmx1",1,"T1_MBC_to_prePB","opening","T1_MBC_to_prePB_opening",1,FALSE,-0.146419987207308
"MA0152.1",890,1616,3.81205294042061,4.04,0.943577460500151,0.997105221500296,"NFATC2",1,"T1_MBC_to_prePB","opening","T1_MBC_to_prePB_opening",1,FALSE,-0.0837856089978772
"MA0486.2",588,1083,2.51852486400822,2.7075,0.930203089199713,0.997272253554507,"HSF1",1,"T1_MBC_to_prePB","opening","T1_MBC_to_prePB_opening",1,FALSE,-0.104380812888544
"MA0674.1",305,578,1.30637769306549,1.445,0.904067607657779,0.997286016341911,"NKX6-1",1,"T1_MBC_to_prePB","opening","T1_MBC_to_prePB_opening",1,FALSE,-0.145495835331112
"MA0846.1",907,1649,3.8848674347882,4.1225,0.942357170354929,0.997798265743956,"FOXC2",1,"T1_MBC_to_prePB","opening","T1_MBC_to_prePB_opening",1,FALSE,-0.0856525930288833
"MA0628.1",127,260,0.543967104981368,0.65,0.836872469202105,0.999226047328,"POU6F1",1,"T1_MBC_to_prePB","opening","T1_MBC_to_prePB_opening",1,FALSE,-0.256918583406712
"MA0703.2",216,425,0.925172399023429,1.0625,0.870750493198522,0.999317834398604,"LMX1B",1,"T1_MBC_to_prePB","opening","T1_MBC_to_prePB_opening",1,FALSE,-0.199667053083685
"MA0683.1",465,879,1.99169058123099,2.1975,0.906343836737653,0.999586277070642,"POU4F2",1,"T1_MBC_to_prePB","opening","T1_MBC_to_prePB_opening",1,FALSE,-0.141868038436401
"MA0038.2",818,1514,3.50366214074613,3.785,0.925670314596073,0.999771147653497,"GFI1",1,"T1_MBC_to_prePB","opening","T1_MBC_to_prePB_opening",1,FALSE,-0.111428079565979
"MA1592.1",725,1349,3.10532402449994,3.3725,0.920778065085229,0.999783144607258,"ZNF274",1,"T1_MBC_to_prePB","opening","T1_MBC_to_prePB_opening",1,FALSE,-0.119073062287184
"MA0770.1",652,1219,2.79265001927443,3.0475,0.916374083437055,0.999788651658947,"HSF2",1,"T1_MBC_to_prePB","opening","T1_MBC_to_prePB_opening",1,FALSE,-0.125989863100403
"MA0009.2",243,481,1.04081894890136,1.2025,0.865545903452273,0.999797701618448,"TBXT",1,"T1_MBC_to_prePB","opening","T1_MBC_to_prePB_opening",1,FALSE,-0.208316094423658
"MA0791.1",437,835,1.87176082580203,2.0875,0.896651892599775,0.999835037553358,"POU4F3",1,"T1_MBC_to_prePB","opening","T1_MBC_to_prePB_opening",1,FALSE,-0.157378489943675
"MA0702.2",216,433,0.925172399023429,1.0825,0.854662724271066,0.999855717080322,"LMX1A",1,"T1_MBC_to_prePB","opening","T1_MBC_to_prePB_opening",1,FALSE,-0.226571205597788
"MA0771.1",601,1131,2.57420653617167,2.8275,0.910417873093429,0.999859805293944,"HSF4",1,"T1_MBC_to_prePB","opening","T1_MBC_to_prePB_opening",1,FALSE,-0.135397629690063
"MA1120.1",515,979,2.20585085878271,2.4475,0.901266949451568,0.999899537205077,"SOX13",1,"T1_MBC_to_prePB","opening","T1_MBC_to_prePB_opening",1,FALSE,-0.14997200785496
"MA0898.1",261,518,1.11791664881998,1.295,0.863256099474886,0.999904323604077,"Hmx3",1,"T1_MBC_to_prePB","opening","T1_MBC_to_prePB_opening",1,FALSE,-0.212137800954842
"MA0626.1",507,965,2.17158521437444,2.4125,0.900138948963497,0.999905239053722,"Npas2",1,"T1_MBC_to_prePB","opening","T1_MBC_to_prePB_opening",1,FALSE,-0.151778773467997
"MA0621.1",206,417,0.882340343513085,1.0425,0.84636963406531,0.999914378463082,"mix-a",1,"T1_MBC_to_prePB","opening","T1_MBC_to_prePB_opening",1,FALSE,-0.240638522755974
"MA1646.1",1658,3009,7.10155480361503,7.5225,0.944041848270525,0.999923981583641,"OSR2",1,"T1_MBC_to_prePB","opening","T1_MBC_to_prePB_opening",1,FALSE,-0.0830757526895468
"MA0124.2",411,793,1.76039748147514,1.9825,0.887968464804608,0.999924253153855,"Nkx3-1",1,"T1_MBC_to_prePB","opening","T1_MBC_to_prePB_opening",1,FALSE,-0.171418028370984
"MA0819.1",267,531,1.14361588212618,1.3275,0.861480890490533,0.999934444616288,"CLOCK",1,"T1_MBC_to_prePB","opening","T1_MBC_to_prePB_opening",1,FALSE,-0.21510762551097
"MA0106.3",411,795,1.76039748147514,1.9875,0.885734581874282,0.99994511877697,"TP53",1,"T1_MBC_to_prePB","opening","T1_MBC_to_prePB_opening",1,FALSE,-0.175052018741088
"MA0498.2",1422,2602,6.09071829357091,6.505,0.936313342593529,0.999966334336791,"MEIS1",1,"T1_MBC_to_prePB","opening","T1_MBC_to_prePB_opening",1,FALSE,-0.0949351373362151
"MA1524.1",336,662,1.43915706514756,1.655,0.869581308246258,0.999971052079509,"MSGN1",1,"T1_MBC_to_prePB","opening","T1_MBC_to_prePB_opening",1,FALSE,-0.201605506022864
"MA0602.1",240,486,1.02796933224825,1.215,0.846065294031485,0.99997553555527,"Arid5a",1,"T1_MBC_to_prePB","opening","T1_MBC_to_prePB_opening",1,FALSE,-0.241157383878638
"MA0002.2",1960,3554,8.39508288002741,8.885,0.944860200340733,0.999977849910738,"RUNX1",1,"T1_MBC_to_prePB","opening","T1_MBC_to_prePB_opening",1,FALSE,-0.0818256812016641
"MA0669.1",425,827,1.82036235918962,2.0675,0.880465469982886,0.999981425850868,"NEUROG2",1,"T1_MBC_to_prePB","opening","T1_MBC_to_prePB_opening",1,FALSE,-0.183660030649712
"MA0725.1",187,389,0.800959438043432,0.9725,0.823608676651344,0.999984050006451,"VSX1",1,"T1_MBC_to_prePB","opening","T1_MBC_to_prePB_opening",1,FALSE,-0.279967314486289
"MA0832.1",885,1659,3.79063691266544,4.1475,0.91395706152271,0.999989076368894,"Tcf21",1,"T1_MBC_to_prePB","opening","T1_MBC_to_prePB_opening",1,FALSE,-0.129800128533296
"MA1571.1",470,914,2.01310660898617,2.285,0.881009456886724,0.999992119315415,"TGIF2LX",1,"T1_MBC_to_prePB","opening","T1_MBC_to_prePB_opening",1,FALSE,-0.182768952008313
"MA0461.2",228,469,0.976570865635842,1.1725,0.832896260670228,0.999992386036339,"Atoh1",1,"T1_MBC_to_prePB","opening","T1_MBC_to_prePB_opening",1,FALSE,-0.263789547271188
"MA1572.1",423,829,1.81179594808755,2.0725,0.874207936351049,0.999992965186622,"TGIF2LY",1,"T1_MBC_to_prePB","opening","T1_MBC_to_prePB_opening",1,FALSE,-0.193949969150595
"MA0897.1",255,521,1.09221741551377,1.3025,0.838554637630534,0.99999470523023,"Hmx2",1,"T1_MBC_to_prePB","opening","T1_MBC_to_prePB_opening",1,FALSE,-0.254021586028296
"MA0679.2",383,758,1.64046772604617,1.895,0.865682177333073,0.999995279113362,"ONECUT1",1,"T1_MBC_to_prePB","opening","T1_MBC_to_prePB_opening",1,FALSE,-0.208088970767916
"MA0143.4",504,980,2.15873559772133,2.45,0.881116570498504,0.999996058741692,"SOX2",1,"T1_MBC_to_prePB","opening","T1_MBC_to_prePB_opening",1,FALSE,-0.182593559216967
"MA1536.1",839,1590,3.59360945731786,3.975,0.90405269366487,0.99999813817919,"NR2C2(var.2)",1,"T1_MBC_to_prePB","opening","T1_MBC_to_prePB_opening",1,FALSE,-0.145519634986251
"MA1608.1",293,597,1.25497922645308,1.4925,0.840857103151141,0.999998317328504,"Isl1",1,"T1_MBC_to_prePB","opening","T1_MBC_to_prePB_opening",1,FALSE,-0.250065732162208
"MA1116.1",1859,3404,7.96247911937294,8.51,0.935661471136656,0.999998336956181,"RBPJ",1,"T1_MBC_to_prePB","opening","T1_MBC_to_prePB_opening",1,FALSE,-0.0959399059308307
"MA0714.1",296,603,1.26782884310618,1.5075,0.841014157947715,0.999998463216139,"PITX3",1,"T1_MBC_to_prePB","opening","T1_MBC_to_prePB_opening",1,FALSE,-0.249796291911191
"MA1637.1",1750,3214,7.49560971431019,8.035,0.932869908439351,0.999998707906665,"EBF3",1,"T1_MBC_to_prePB","opening","T1_MBC_to_prePB_opening",1,FALSE,-0.10025064150571
"MA0744.2",1014,1911,4.34317042874888,4.7775,0.909088525117504,0.999999295139591,"SCRT2",1,"T1_MBC_to_prePB","opening","T1_MBC_to_prePB_opening",1,FALSE,-0.137505720068332
"MA0836.2",438,870,1.87604403135306,2.175,0.862548979932444,0.999999402672042,"CEBPD",1,"T1_MBC_to_prePB","opening","T1_MBC_to_prePB_opening",1,FALSE,-0.213320039603017
"MA1619.1",1097,2064,4.69867648948473,5.16,0.91059621889239,0.999999606872546,"Ptf1a(var.2)",1,"T1_MBC_to_prePB","opening","T1_MBC_to_prePB_opening",1,FALSE,-0.135115041741852
"MA0164.1",433,867,1.85462800359789,2.1675,0.855653058176652,0.999999819393772,"Nr2e3",1,"T1_MBC_to_prePB","opening","T1_MBC_to_prePB_opening",1,FALSE,-0.224900463483366
"MA0512.2",945,1799,4.0476292457275,4.4975,0.899973150801001,0.999999861812426,"Rxra",1,"T1_MBC_to_prePB","opening","T1_MBC_to_prePB_opening",1,FALSE,-0.152044530163675
"MA1530.1",298,619,1.27639525420825,1.5475,0.824811149730694,0.999999901600786,"NKX6-3",1,"T1_MBC_to_prePB","opening","T1_MBC_to_prePB_opening",1,FALSE,-0.277862510693561
"MA0665.1",1148,2168,4.91711997258748,5.42,0.907217707119462,0.999999926933275,"MSC",1,"T1_MBC_to_prePB","opening","T1_MBC_to_prePB_opening",1,FALSE,-0.140477705499837
"MA0007.3",412,833,1.76468068702617,2.0825,0.84738568404618,0.999999931399168,"Ar",1,"T1_MBC_to_prePB","opening","T1_MBC_to_prePB_opening",1,FALSE,-0.238907636720703
"MA0727.1",344,708,1.47342270955583,1.77,0.832442208788605,0.999999949500215,"NR3C2",1,"T1_MBC_to_prePB","opening","T1_MBC_to_prePB_opening",1,FALSE,-0.264576243356665
"MA0861.1",462,927,1.97884096457789,2.3175,0.853868808879349,0.999999950207896,"TP73",1,"T1_MBC_to_prePB","opening","T1_MBC_to_prePB_opening",1,FALSE,-0.227911978674501
"MA0056.2",1006,1916,4.3089047843406,4.79,0.899562585457328,0.999999951324077,"MZF1",1,"T1_MBC_to_prePB","opening","T1_MBC_to_prePB_opening",1,FALSE,-0.152702833219644
"MA0623.2",164,367,0.702445710369641,0.9175,0.765608403672633,0.999999955362113,"NEUROG1",1,"T1_MBC_to_prePB","opening","T1_MBC_to_prePB_opening",1,FALSE,-0.385319544911182
"MA0818.1",117,276,0.501135049471024,0.69,0.726282680392789,0.999999969323716,"BHLHE22",1,"T1_MBC_to_prePB","opening","T1_MBC_to_prePB_opening",1,FALSE,-0.461394931848372
"MA0855.1",939,1802,4.0219300124213,4.505,0.892770258029145,0.999999982086406,"RXRB",1,"T1_MBC_to_prePB","opening","T1_MBC_to_prePB_opening",1,FALSE,-0.16363751324702
"MA1570.1",288,608,1.23356319869791,1.52,0.811554735985464,0.999999984969373,"TFAP4(var.2)",1,"T1_MBC_to_prePB","opening","T1_MBC_to_prePB_opening",1,FALSE,-0.301237915371581
"MA1594.1",722,1410,3.09247440784683,3.525,0.877297704353711,0.999999985592262,"ZNF382",1,"T1_MBC_to_prePB","opening","T1_MBC_to_prePB_opening",1,FALSE,-0.188859956985947
"MA0078.1",549,1098,2.35147984751788,2.745,0.856641110206879,0.999999993870161,"Sox17",1,"T1_MBC_to_prePB","opening","T1_MBC_to_prePB_opening",1,FALSE,-0.223235496932976
"MA0833.2",563,1124,2.41144472523236,2.81,0.858165382644969,0.999999994136779,"ATF4",1,"T1_MBC_to_prePB","opening","T1_MBC_to_prePB_opening",1,FALSE,-0.220670708065019
"MA0681.2",587,1170,2.51424165845719,2.925,0.859569797763142,0.999999995901477,"PHOX2B",1,"T1_MBC_to_prePB","opening","T1_MBC_to_prePB_opening",1,FALSE,-0.218311624031777
"MA0821.1",430,880,1.84177838694479,2.2,0.837171994065814,0.999999996158516,"HES5",1,"T1_MBC_to_prePB","opening","T1_MBC_to_prePB_opening",1,FALSE,-0.256402321702406
"MA1527.1",882,1709,3.77778729601234,4.2725,0.884210016620792,0.999999996372733,"NFIC(var.2)",1,"T1_MBC_to_prePB","opening","T1_MBC_to_prePB_opening",1,FALSE,-0.177537385561259
"MA1467.1",1408,2659,6.03075341585643,6.6475,0.907221273539891,0.999999997628157,"ATOH1(var.2)",1,"T1_MBC_to_prePB","opening","T1_MBC_to_prePB_opening",1,FALSE,-0.140472034048275
"MA0610.1",226,497,0.968004454533773,1.2425,0.779078031817926,0.999999997728725,"DMRT3",1,"T1_MBC_to_prePB","opening","T1_MBC_to_prePB_opening",1,FALSE,-0.360158408412465
"MA0467.1",509,1030,2.18015162547651,2.575,0.84666082542777,0.999999998112588,"Crx",1,"T1_MBC_to_prePB","opening","T1_MBC_to_prePB_opening",1,FALSE,-0.240142253075664
"MA0122.3",364,760,1.55908682057652,1.9,0.820572010829747,0.999999998229253,"Nkx3-2",1,"T1_MBC_to_prePB","opening","T1_MBC_to_prePB_opening",1,FALSE,-0.285296391037621
"MA0479.1",586,1174,2.50995845290615,2.935,0.85518175567501,0.999999998683789,"FOXH1",1,"T1_MBC_to_prePB","opening","T1_MBC_to_prePB_opening",1,FALSE,-0.225695332746842
"MA0827.1",153,358,0.655330449308262,0.895,0.732212792523198,0.999999999154931,"OLIG3",1,"T1_MBC_to_prePB","opening","T1_MBC_to_prePB_opening",1,FALSE,-0.449663145312908
"MA0037.3",308,658,1.31922730971859,1.645,0.80196189040644,0.999999999297539,"GATA3",1,"T1_MBC_to_prePB","opening","T1_MBC_to_prePB_opening",1,FALSE,-0.318392615146406
"MA0072.1",537,1087,2.30008138090547,2.7175,0.84639609232952,0.999999999351368,"RORA(var.2)",1,"T1_MBC_to_prePB","opening","T1_MBC_to_prePB_opening",1,FALSE,-0.24059342358971
"MA0668.1",135,324,0.578232749389643,0.81,0.713867591839066,0.999999999542164,"NEUROD2",1,"T1_MBC_to_prePB","opening","T1_MBC_to_prePB_opening",1,FALSE,-0.486269565941192
"MA0678.1",121,297,0.518267871675162,0.7425,0.698003867575975,0.999999999694872,"OLIG2",1,"T1_MBC_to_prePB","opening","T1_MBC_to_prePB_opening",1,FALSE,-0.518690997702815
"MA1539.1",517,1054,2.21441726988478,2.635,0.840386060677337,0.999999999725972,"NR2F6(var.3)",1,"T1_MBC_to_prePB","opening","T1_MBC_to_prePB_opening",1,FALSE,-0.250874145680245
"MA1604.1",1603,3024,6.86597849830813,7.56,0.908198214061922,0.99999999973116,"Ebf2",1,"T1_MBC_to_prePB","opening","T1_MBC_to_prePB_opening",1,FALSE,-0.138919306605029
"MA1151.1",520,1060,2.22726688653789,2.65,0.840478070391655,0.99999999974995,"RORC",1,"T1_MBC_to_prePB","opening","T1_MBC_to_prePB_opening",1,FALSE,-0.250716200968005
"MA0901.2",798,1575,3.41799802972545,3.9375,0.868062991676304,0.999999999862035,"HOXB13",1,"T1_MBC_to_prePB","opening","T1_MBC_to_prePB_opening",1,FALSE,-0.204126696144852
"MA1110.1",505,1037,2.16301880327237,2.5925,0.834337050442573,0.999999999914018,"NR1H4",1,"T1_MBC_to_prePB","opening","T1_MBC_to_prePB_opening",1,FALSE,-0.261296053085799
"MA0109.1",310,670,1.32779372082066,1.675,0.792712669146664,0.999999999918361,"HLTF",1,"T1_MBC_to_prePB","opening","T1_MBC_to_prePB_opening",1,FALSE,-0.335128241187098
"MA0870.1",371,787,1.58906925943376,1.9675,0.807659089928213,0.999999999939023,"Sox1",1,"T1_MBC_to_prePB","opening","T1_MBC_to_prePB_opening",1,FALSE,-0.308179843682515
"MA0769.2",661,1328,2.83119886923373,3.32,0.852770743745101,0.999999999942193,"TCF7",1,"T1_MBC_to_prePB","opening","T1_MBC_to_prePB_opening",1,FALSE,-0.229768459128663
"MA0113.3",351,752,1.50340514841307,1.88,0.799683589581421,0.999999999971069,"NR3C1",1,"T1_MBC_to_prePB","opening","T1_MBC_to_prePB_opening",1,FALSE,-0.322497008353915
"MA1550.1",1042,2030,4.46310018417784,5.075,0.879428607719771,0.999999999977476,"PPARD",1,"T1_MBC_to_prePB","opening","T1_MBC_to_prePB_opening",1,FALSE,-0.185359990365643
"MA0766.2",351,755,1.50340514841307,1.8875,0.796506038894343,0.999999999986802,"GATA5",1,"T1_MBC_to_prePB","opening","T1_MBC_to_prePB_opening",1,FALSE,-0.328240983691591
"MA0826.1",138,341,0.591082366042746,0.8525,0.693351749023749,0.999999999991343,"OLIG1",1,"T1_MBC_to_prePB","opening","T1_MBC_to_prePB_opening",1,FALSE,-0.528338572554665
"MA1639.1",425,897,1.82036235918962,2.2425,0.811755790051112,0.999999999991622,"MEIS1(var.2)",1,"T1_MBC_to_prePB","opening","T1_MBC_to_prePB_opening",1,FALSE,-0.3008805477048
"MA0670.1",588,1203,2.51852486400822,3.0075,0.837414751124929,0.999999999993091,"NFIA",1,"T1_MBC_to_prePB","opening","T1_MBC_to_prePB_opening",1,FALSE,-0.255984040606483
"MA0869.1",509,1056,2.18015162547651,2.64,0.825815009650192,0.99999999999365,"Sox11",1,"T1_MBC_to_prePB","opening","T1_MBC_to_prePB_opening",1,FALSE,-0.276107707350444
"MA1105.2",700,1411,2.99824388572408,3.5275,0.84996283082185,0.999999999993758,"GRHL2",1,"T1_MBC_to_prePB","opening","T1_MBC_to_prePB_opening",1,FALSE,-0.234526644465477
"MA1494.1",680,1375,2.91257977470339,3.4375,0.847295934459167,0.999999999994872,"HNF4A(var.2)",1,"T1_MBC_to_prePB","opening","T1_MBC_to_prePB_opening",1,FALSE,-0.239060445519717
"MA0738.1",1145,2226,4.90427035593438,5.565,0.88127050421103,0.999999999995058,"HIC2",1,"T1_MBC_to_prePB","opening","T1_MBC_to_prePB_opening",1,FALSE,-0.182341538357965
"MA1487.1",853,1696,3.65357433503234,4.24,0.861692060149136,0.999999999996838,"FOXE1",1,"T1_MBC_to_prePB","opening","T1_MBC_to_prePB_opening",1,FALSE,-0.21475403004968
"MA0063.2",527,1094,2.25724932539513,2.735,0.825319680217596,0.999999999997652,"NKX2-5",1,"T1_MBC_to_prePB","opening","T1_MBC_to_prePB_opening",1,FALSE,-0.27697330417454
"MA0775.1",794,1590,3.40086520752131,3.975,0.855563574219197,0.999999999998015,"MEIS3",1,"T1_MBC_to_prePB","opening","T1_MBC_to_prePB_opening",1,FALSE,-0.225051347840668
"MA1537.1",1163,2266,4.981368055853,5.665,0.879323575613945,0.999999999998568,"NR2F1(var.2)",1,"T1_MBC_to_prePB","opening","T1_MBC_to_prePB_opening",1,FALSE,-0.185532304722959
"MA0856.1",910,1808,3.8977170514413,4.52,0.862326781292323,0.999999999999236,"RXRG",1,"T1_MBC_to_prePB","opening","T1_MBC_to_prePB_opening",1,FALSE,-0.213691735366246
"MA0817.1",109,288,0.466869405062749,0.72,0.648429729253818,0.99999999999932,"BHLHE23",1,"T1_MBC_to_prePB","opening","T1_MBC_to_prePB_opening",1,FALSE,-0.624975632823389
"MA0091.1",848,1698,3.63215830727717,4.245,0.855632110077071,0.999999999999639,"TAL1::TCF3",1,"T1_MBC_to_prePB","opening","T1_MBC_to_prePB_opening",1,FALSE,-0.224935783936816
"MA1480.1",299,671,1.28067845975928,1.6775,0.763444685400467,0.999999999999847,"DPRX",1,"T1_MBC_to_prePB","opening","T1_MBC_to_prePB_opening",1,FALSE,-0.389402573347527
"MA1112.2",1101,2168,4.71580931168887,5.42,0.870075518761784,0.999999999999895,"NR4A1",1,"T1_MBC_to_prePB","opening","T1_MBC_to_prePB_opening",1,FALSE,-0.200785810726274
"MA0154.4",1676,3210,7.17865250353364,8.025,0.894536137511981,0.999999999999907,"EBF1",1,"T1_MBC_to_prePB","opening","T1_MBC_to_prePB_opening",1,FALSE,-0.16078671658762
"MA1641.1",994,1977,4.25750631772819,4.9425,0.861407449211571,0.999999999999956,"MYF5",1,"T1_MBC_to_prePB","opening","T1_MBC_to_prePB_opening",1,FALSE,-0.215230620418514
"MA0743.2",965,1924,4.13329335674819,4.81,0.859312548180497,0.999999999999958,"SCRT1",1,"T1_MBC_to_prePB","opening","T1_MBC_to_prePB_opening",1,FALSE,-0.218743453783207
"MA0671.1",492,1045,2.10733713110892,2.6125,0.806636222434037,0.99999999999996,"NFIX",1,"T1_MBC_to_prePB","opening","T1_MBC_to_prePB_opening",1,FALSE,-0.310008114159736
"MA1628.1",2821,5275,12.082922859468,13.1875,0.916240595978618,0.999999999999994,"Zic1::Zic2",1,"T1_MBC_to_prePB","opening","T1_MBC_to_prePB_opening",1,FALSE,-0.126200034378239
"MA0607.1",198,482,0.84807469910481,1.205,0.703796430792373,0.999999999999994,"Bhlha15",1,"T1_MBC_to_prePB","opening","T1_MBC_to_prePB_opening",1,FALSE,-0.506767847338386
"MA0117.2",621,1296,2.65987064719236,3.24,0.820947730614926,0.999999999999994,"Mafb",1,"T1_MBC_to_prePB","opening","T1_MBC_to_prePB_opening",1,FALSE,-0.284635968374161
"MA1632.1",1243,2446,5.32402449993575,6.115,0.870649959106419,0.999999999999997,"ATF2",1,"T1_MBC_to_prePB","opening","T1_MBC_to_prePB_opening",1,FALSE,-0.199833631505675
"MA1421.1",907,1831,3.8848674347882,4.5775,0.848687588156897,0.999999999999997,"TCF7L1",1,"T1_MBC_to_prePB","opening","T1_MBC_to_prePB_opening",1,FALSE,-0.236692816418893
"MA0499.2",1772,3406,7.58984023643295,8.515,0.891349411207627,0.999999999999998,"MYOD1",1,"T1_MBC_to_prePB","opening","T1_MBC_to_prePB_opening",1,FALSE,-0.165935393634853
"MA0523.1",782,1605,3.3494667409089,4.0125,0.83475806627013,0.999999999999999,"TCF7L2",1,"T1_MBC_to_prePB","opening","T1_MBC_to_prePB_opening",1,FALSE,-0.260568237486152
"MA0676.1",669,1399,2.86546451364201,3.4975,0.819289353435885,1,"Nr2e1",1,"T1_MBC_to_prePB","opening","T1_MBC_to_prePB_opening",1,FALSE,-0.287553266676141
"MA0879.1",230,555,0.985137276737911,1.3875,0.710008848099395,1,"Dlx1",1,"T1_MBC_to_prePB","opening","T1_MBC_to_prePB_opening",1,FALSE,-0.494089059417049
"MA1104.2",449,985,1.92315929241444,2.4625,0.780978392858657,1,"GATA6",1,"T1_MBC_to_prePB","opening","T1_MBC_to_prePB_opening",1,FALSE,-0.356643613373947
"MA0130.1",6652,12094,28.4918833254808,30.235,0.942347720373104,1,"ZNF354C",1,"T1_MBC_to_prePB","opening","T1_MBC_to_prePB_opening",1,FALSE,-0.0856670604688691
"MA1654.1",1789,3461,7.66265473080053,8.6525,0.8856000844612,1,"ZNF16",1,"T1_MBC_to_prePB","opening","T1_MBC_to_prePB_opening",1,FALSE,-0.175271106117223
"MA1114.1",1716,3381,7.34998072557502,8.4525,0.869562937068917,1,"PBX3",1,"T1_MBC_to_prePB","opening","T1_MBC_to_prePB_opening",1,FALSE,-0.201635985353187
"MA1579.1",1585,3126,6.78888079838951,7.815,0.868698758591109,1,"ZBTB26",1,"T1_MBC_to_prePB","opening","T1_MBC_to_prePB_opening",1,FALSE,-0.203070458281782
"MA1600.1",1230,2443,5.26834282777231,6.1075,0.862602182197676,1,"ZNF684",1,"T1_MBC_to_prePB","opening","T1_MBC_to_prePB_opening",1,FALSE,-0.213231056611914
"MA0065.2",2373,4720,10.1640467726046,11.8,0.861359895983442,1,"Pparg::Rxra",1,"T1_MBC_to_prePB","opening","T1_MBC_to_prePB_opening",1,FALSE,-0.215310265214387
"MA1148.1",1168,2347,5.00278408360817,5.8675,0.852626175306037,1,"PPARA::RXRA",1,"T1_MBC_to_prePB","opening","T1_MBC_to_prePB_opening",1,FALSE,-0.230013056645732
"MA0159.1",1165,2361,4.98993446695507,5.9025,0.845393387031778,1,"RARA::RXRA",1,"T1_MBC_to_prePB","opening","T1_MBC_to_prePB_opening",1,FALSE,-0.242303561213122
"MA1558.1",2027,4133,8.68205765194672,10.3325,0.840266891066704,1,"SNAI1",1,"T1_MBC_to_prePB","opening","T1_MBC_to_prePB_opening",1,FALSE,-0.251078739022138
"MA0782.2",1388,2847,5.94508930483574,7.1175,0.835277738649208,1,"PKNOX1",1,"T1_MBC_to_prePB","opening","T1_MBC_to_prePB_opening",1,FALSE,-0.259670379023101
"MA0160.1",848,1743,3.63215830727717,4.3575,0.833541780212775,1,"NR4A2",1,"T1_MBC_to_prePB","opening","T1_MBC_to_prePB_opening",1,FALSE,-0.26267184982446
"MA1109.1",1335,2746,5.71807941063092,6.865,0.832932179261605,1,"NEUROD1",1,"T1_MBC_to_prePB","opening","T1_MBC_to_prePB_opening",1,FALSE,-0.263727332567433
"MA0677.1",1040,2144,4.45453377307577,5.36,0.831069733782793,1,"Nr2f6",1,"T1_MBC_to_prePB","opening","T1_MBC_to_prePB_opening",1,FALSE,-0.266956822542969
"MA1532.1",813,1678,3.48224611299096,4.195,0.830094425027643,1,"NR1D2",1,"T1_MBC_to_prePB","opening","T1_MBC_to_prePB_opening",1,FALSE,-0.268650901438818
"MA0691.1",797,1647,3.41371482417441,4.1175,0.829074638536591,1,"TFAP4",1,"T1_MBC_to_prePB","opening","T1_MBC_to_prePB_opening",1,FALSE,-0.27042436667213
"MA1638.1",1149,2380,4.92140317813852,5.95,0.827126584561096,1,"HAND2",1,"T1_MBC_to_prePB","opening","T1_MBC_to_prePB_opening",1,FALSE,-0.273818212387086
"MA0041.1",1005,2083,4.30462157878957,5.2075,0.826619602263959,1,"Foxd3",1,"T1_MBC_to_prePB","opening","T1_MBC_to_prePB_opening",1,FALSE,-0.274702773742482
"MA1593.1",1174,2438,5.02848331691438,6.095,0.825017771437962,1,"ZNF317",1,"T1_MBC_to_prePB","opening","T1_MBC_to_prePB_opening",1,FALSE,-0.277501149889676
"MA1581.1",1836,3818,7.86396539169915,9.545,0.82388322595067,1,"ZBTB6",1,"T1_MBC_to_prePB","opening","T1_MBC_to_prePB_opening",1,FALSE,-0.279486473961588
"MA0730.1",1008,2100,4.31747119544267,5.25,0.822375465798604,1,"RARA(var.2)",1,"T1_MBC_to_prePB","opening","T1_MBC_to_prePB_opening",1,FALSE,-0.282129115814543
"MA1643.1",1362,2842,5.83372596050884,7.105,0.821073323083581,1,"NFIB",1,"T1_MBC_to_prePB","opening","T1_MBC_to_prePB_opening",1,FALSE,-0.284415275209534
"MA0258.2",1281,2682,5.48678631087506,6.705,0.818312648900083,1,"ESR2",1,"T1_MBC_to_prePB","opening","T1_MBC_to_prePB_opening",1,FALSE,-0.289274179613928
"MA0115.1",782,1643,3.3494667409089,4.1075,0.815451428097114,1,"NR1H2::RXRA",1,"T1_MBC_to_prePB","opening","T1_MBC_to_prePB_opening",1,FALSE,-0.29432737950785
"MA0142.1",816,1715,3.49509572964407,4.2875,0.815182677468003,1,"Pou5f1::Sox2",1,"T1_MBC_to_prePB","opening","T1_MBC_to_prePB_opening",1,FALSE,-0.294802930370536
"MA0092.1",749,1577,3.20812095772476,3.9425,0.81372757329734,1,"Hand1::Tcf3",1,"T1_MBC_to_prePB","opening","T1_MBC_to_prePB_opening",1,FALSE,-0.297380444448905
"MA0858.1",795,1681,3.40514841307234,4.2025,0.810267320183782,1,"Rarb(var.2)",1,"T1_MBC_to_prePB","opening","T1_MBC_to_prePB_opening",1,FALSE,-0.303528359610224
"MA0684.2",1036,2193,4.43740095087163,5.4825,0.809375458435318,1,"RUNX3",1,"T1_MBC_to_prePB","opening","T1_MBC_to_prePB_opening",1,FALSE,-0.30511720757084
"MA0659.2",900,1912,3.85488499593095,4.78,0.806461296219865,1,"MAFG",1,"T1_MBC_to_prePB","opening","T1_MBC_to_prePB_opening",1,FALSE,-0.3103210089065
"MA1642.1",1242,2655,5.31974129438472,6.6375,0.801467614973215,1,"NEUROG2(var.2)",1,"T1_MBC_to_prePB","opening","T1_MBC_to_prePB_opening",1,FALSE,-0.319282068467662
"MA1155.1",1068,2286,4.57446352850473,5.715,0.800431063605378,1,"ZSCAN4",1,"T1_MBC_to_prePB","opening","T1_MBC_to_prePB_opening",1,FALSE,-0.321149135192483
"MA0484.2",951,2043,4.07332847903371,5.1075,0.797519036521529,1,"HNF4G",1,"T1_MBC_to_prePB","opening","T1_MBC_to_prePB_opening",1,FALSE,-0.326407329957033
"MA1559.1",1635,3550,7.00304107594123,8.875,0.78907505081028,1,"SNAI3",1,"T1_MBC_to_prePB","opening","T1_MBC_to_prePB_opening",1,FALSE,-0.341763741620259
"MA0820.1",1259,2736,5.3925557887523,6.84,0.788385349232793,1,"FIGLA",1,"T1_MBC_to_prePB","opening","T1_MBC_to_prePB_opening",1,FALSE,-0.3430252982937
"MA1601.1",1446,3146,6.19351522679573,7.865,0.787478096223234,1,"ZNF75D",1,"T1_MBC_to_prePB","opening","T1_MBC_to_prePB_opening",1,FALSE,-0.344686467483122
"MA0768.1",774,1689,3.31520109650062,4.2225,0.785127553937388,1,"LEF1",1,"T1_MBC_to_prePB","opening","T1_MBC_to_prePB_opening",1,FALSE,-0.348999200190696
"MA1649.1",956,2087,4.09474450678888,5.2175,0.784809680266197,1,"ZBTB12",1,"T1_MBC_to_prePB","opening","T1_MBC_to_prePB_opening",1,FALSE,-0.349583419968548
"MA0483.1",1446,3157,6.19351522679573,7.8925,0.784734270103989,1,"Gfi1b",1,"T1_MBC_to_prePB","opening","T1_MBC_to_prePB_opening",1,FALSE,-0.349722050974677
"MA1576.1",1023,2241,4.38171927870818,5.6025,0.782100719091153,1,"THRB(var.3)",1,"T1_MBC_to_prePB","opening","T1_MBC_to_prePB_opening",1,FALSE,-0.354571840187308
"MA0842.2",526,1153,2.25296611984409,2.8825,0.781601429260743,1,"NRL",1,"T1_MBC_to_prePB","opening","T1_MBC_to_prePB_opening",1,FALSE,-0.355493143603351
"MA1541.1",948,2080,4.06047886238061,5.2,0.780861319688578,1,"NR6A1",1,"T1_MBC_to_prePB","opening","T1_MBC_to_prePB_opening",1,FALSE,-0.35685989762459
"MA1645.1",1083,2382,4.63871161177025,5.955,0.778960808021872,1,"NKX2-2",1,"T1_MBC_to_prePB","opening","T1_MBC_to_prePB_opening",1,FALSE,-0.360375499242482
"MA0495.3",788,1739,3.3751659742151,4.3475,0.776346400049477,1,"MAFF",1,"T1_MBC_to_prePB","opening","T1_MBC_to_prePB_opening",1,FALSE,-0.365225720599899
"MA1588.1",616,1360,2.63845461943719,3.4,0.776016064540349,1,"ZNF136",1,"T1_MBC_to_prePB","opening","T1_MBC_to_prePB_opening",1,FALSE,-0.36583971740144
"MA0114.4",939,2078,4.0219300124213,5.195,0.77419249517253,1,"HNF4A",1,"T1_MBC_to_prePB","opening","T1_MBC_to_prePB_opening",1,FALSE,-0.36923390883006
"MA0029.1",540,1196,2.31293099755857,2.99,0.773555517578118,1,"Mecom",1,"T1_MBC_to_prePB","opening","T1_MBC_to_prePB_opening",1,FALSE,-0.37042139319243
"MA0482.2",629,1394,2.69413629160063,3.485,0.773066367747671,1,"GATA4",1,"T1_MBC_to_prePB","opening","T1_MBC_to_prePB_opening",1,FALSE,-0.37133395385422
"MA0672.1",556,1236,2.38146228637512,3.09,0.770699769053438,1,"NKX2-3",1,"T1_MBC_to_prePB","opening","T1_MBC_to_prePB_opening",1,FALSE,-0.3757572643154
"MA1150.1",520,1159,2.22726688653789,2.8975,0.768685724430677,1,"RORB",1,"T1_MBC_to_prePB","opening","T1_MBC_to_prePB_opening",1,FALSE,-0.379532342207888
"MA0796.1",654,1460,2.80121643037649,3.65,0.767456556267533,1,"TGIF1",1,"T1_MBC_to_prePB","opening","T1_MBC_to_prePB_opening",1,FALSE,-0.381841129493212
"MA0111.1",792,1769,3.39229879641924,4.4225,0.767054561089709,1,"Spz1",1,"T1_MBC_to_prePB","opening","T1_MBC_to_prePB_opening",1,FALSE,-0.382597012849586
"MA1153.1",468,1057,2.0045401978841,2.6425,0.758577179899374,1,"Smad4",1,"T1_MBC_to_prePB","opening","T1_MBC_to_prePB_opening",1,FALSE,-0.398630221019132
"MA1123.2",1023,2313,4.38171927870818,5.7825,0.757755171415164,1,"TWIST1",1,"T1_MBC_to_prePB","opening","T1_MBC_to_prePB_opening",1,FALSE,-0.400194398047609
"MA1540.1",1057,2390,4.52734826744335,5.975,0.757715191203909,1,"NR5A1",1,"T1_MBC_to_prePB","opening","T1_MBC_to_prePB_opening",1,FALSE,-0.400270518541717
"MA1531.1",938,2125,4.01764680687026,5.3125,0.756262928352049,1,"NR1D1",1,"T1_MBC_to_prePB","opening","T1_MBC_to_prePB_opening",1,FALSE,-0.403038286797051
"MA0503.1",1030,2334,4.41170171756543,5.835,0.75607570138225,1,"Nkx2-5(var.2)",1,"T1_MBC_to_prePB","opening","T1_MBC_to_prePB_opening",1,FALSE,-0.403395496564375
"MA0866.1",458,1038,1.96170814237375,2.595,0.755956894941716,1,"SOX21",1,"T1_MBC_to_prePB","opening","T1_MBC_to_prePB_opening",1,FALSE,-0.403622212888661
"MA0797.1",648,1475,2.77551719707029,3.6875,0.752682629713976,1,"TGIF2",1,"T1_MBC_to_prePB","opening","T1_MBC_to_prePB_opening",1,FALSE,-0.409884500577739
"MA0739.1",653,1500,2.79693322482546,3.75,0.745848859953456,1,"Hic1",1,"T1_MBC_to_prePB","opening","T1_MBC_to_prePB_opening",1,FALSE,-0.423042850600707
"MA0689.1",801,1842,3.43084764637855,4.605,0.74502663330696,1,"TBX20",1,"T1_MBC_to_prePB","opening","T1_MBC_to_prePB_opening",1,FALSE,-0.42463415831179
"MA0102.4",426,981,1.82464556474065,2.4525,0.743994114063467,1,"CEBPA",1,"T1_MBC_to_prePB","opening","T1_MBC_to_prePB_opening",1,FALSE,-0.426634947935174
"MA0019.1",497,1145,2.12875315886409,2.8625,0.74366922580405,1,"Ddit3::Cebpa",1,"T1_MBC_to_prePB","opening","T1_MBC_to_prePB_opening",1,FALSE,-0.427265082516647
"MA0119.1",812,1875,3.47796290743993,4.6875,0.741965420253851,1,"NFIC::TLX1",1,"T1_MBC_to_prePB","opening","T1_MBC_to_prePB_opening",1,FALSE,-0.430574199725233
"MA0036.3",387,894,1.65760054825031,2.235,0.741655726286492,1,"GATA2",1,"T1_MBC_to_prePB","opening","T1_MBC_to_prePB_opening",1,FALSE,-0.431176500866777
"MA1618.1",1024,2372,4.38600248425922,5.93,0.73962942398975,1,"Ptf1a",1,"T1_MBC_to_prePB","opening","T1_MBC_to_prePB_opening",1,FALSE,-0.435123525044678
"MA0066.1",836,1942,3.58075984066475,4.855,0.737540646892843,1,"PPARG",1,"T1_MBC_to_prePB","opening","T1_MBC_to_prePB_opening",1,FALSE,-0.439203578312828
"MA0719.1",527,1227,2.25724932539513,3.0675,0.735859600780807,1,"RHOXF1",1,"T1_MBC_to_prePB","opening","T1_MBC_to_prePB_opening",1,FALSE,-0.442495602531597
"MA1636.1",588,1374,2.51852486400822,3.435,0.733195011356106,1,"CEBPG(var.2)",1,"T1_MBC_to_prePB","opening","T1_MBC_to_prePB_opening",1,FALSE,-0.447729157362562
"MA0071.1",607,1419,2.59990576947788,3.5475,0.732883937837316,1,"RORA",1,"T1_MBC_to_prePB","opening","T1_MBC_to_prePB_opening",1,FALSE,-0.448341380350511
"MA0752.1",337,788,1.44344027069859,1.97,0.732710797308929,1,"ZNF410",1,"T1_MBC_to_prePB","opening","T1_MBC_to_prePB_opening",1,FALSE,-0.448682250354997
"MA0673.1",504,1186,2.15873559772133,2.965,0.728072714239911,1,"NKX2-8",1,"T1_MBC_to_prePB","opening","T1_MBC_to_prePB_opening",1,FALSE,-0.457843570583459
"MA0161.2",883,2086,3.78207050156337,5.215,0.725229242869294,1,"NFIC",1,"T1_MBC_to_prePB","opening","T1_MBC_to_prePB_opening",1,FALSE,-0.463489006639535
"MA0513.1",1616,3850,6.92166017047158,9.625,0.71913352420484,1,"SMAD2::SMAD3::SMAD4",1,"T1_MBC_to_prePB","opening","T1_MBC_to_prePB_opening",1,FALSE,-0.475666422623876
"MA0496.3",1948,4645,8.343684413415,11.6125,0.718508883824758,1,"MAFK",1,"T1_MBC_to_prePB","opening","T1_MBC_to_prePB_opening",1,FALSE,-0.476920092349654
"MA0141.3",714,1709,3.05820876343856,4.2725,0.715789061073975,1,"ESRRB",1,"T1_MBC_to_prePB","opening","T1_MBC_to_prePB_opening",1,FALSE,-0.482391583179499
"MA0783.1",880,2112,3.76922088491027,5.28,0.713867591839066,1,"PKNOX2",1,"T1_MBC_to_prePB","opening","T1_MBC_to_prePB_opening",1,FALSE,-0.486269565941192
"MA0822.1",431,1040,1.84606159249582,2.6,0.710023689421471,1,"HES7",1,"T1_MBC_to_prePB","opening","T1_MBC_to_prePB_opening",1,FALSE,-0.494058903105785
"MA0698.1",1350,3266,5.78232749389643,8.165,0.7081846287687,1,"ZBTB18",1,"T1_MBC_to_prePB","opening","T1_MBC_to_prePB_opening",1,FALSE,-0.497800527513373
"MA0505.1",1378,3346,5.9022572493254,8.365,0.705589629327603,1,"Nr5a2",1,"T1_MBC_to_prePB","opening","T1_MBC_to_prePB_opening",1,FALSE,-0.503096693731679
"MA0800.1",635,1561,2.71983552490684,3.9025,0.696946963461074,1,"EOMES",1,"T1_MBC_to_prePB","opening","T1_MBC_to_prePB_opening",1,FALSE,-0.520877151360642
"MA1471.1",374,920,1.60191887608686,2.3,0.696486467863854,1,"BARX2",1,"T1_MBC_to_prePB","opening","T1_MBC_to_prePB_opening",1,FALSE,-0.521830700730366
"MA1121.1",618,1521,2.64702103053926,3.8025,0.696126503757858,1,"TEAD2",1,"T1_MBC_to_prePB","opening","T1_MBC_to_prePB_opening",1,FALSE,-0.522576518422645
"MA1565.1",1508,3721,6.45907397095987,9.3025,0.694337433051316,1,"TBX18",1,"T1_MBC_to_prePB","opening","T1_MBC_to_prePB_opening",1,FALSE,-0.526289065119613
"MA0090.3",751,1858,3.21668736882683,4.645,0.692505353891675,1,"TEAD1",1,"T1_MBC_to_prePB","opening","T1_MBC_to_prePB_opening",1,FALSE,-0.530100786633902
"MA1468.1",399,990,1.70899901486272,2.475,0.690504652469787,1,"ATOH7",1,"T1_MBC_to_prePB","opening","T1_MBC_to_prePB_opening",1,FALSE,-0.534274870473909
"MA0596.1",801,1993,3.43084764637855,4.9825,0.688579557727757,1,"SREBF2",1,"T1_MBC_to_prePB","opening","T1_MBC_to_prePB_opening",1,FALSE,-0.538302648318387
"MA1580.1",309,769,1.32351051526963,1.9225,0.688431997539468,1,"ZBTB32",1,"T1_MBC_to_prePB","opening","T1_MBC_to_prePB_opening",1,FALSE,-0.538611845496407
"MA1125.1",1836,4574,7.86396539169915,11.435,0.687710134822838,1,"ZNF384",1,"T1_MBC_to_prePB","opening","T1_MBC_to_prePB_opening",1,FALSE,-0.540125390237126
"MA1111.1",897,2241,3.84203537927785,5.6025,0.685771598264677,1,"NR2F2",1,"T1_MBC_to_prePB","opening","T1_MBC_to_prePB_opening",1,FALSE,-0.544197835900281
"MA1566.1",1062,2658,4.54876429519853,6.645,0.684539397321072,1,"TBX3",1,"T1_MBC_to_prePB","opening","T1_MBC_to_prePB_opening",1,FALSE,-0.546792411994325
"MA0809.2",751,1891,3.21668736882683,4.7275,0.680420384733333,1,"TEAD4",1,"T1_MBC_to_prePB","opening","T1_MBC_to_prePB_opening",1,FALSE,-0.555499611199539
"MA1621.1",1629,4110,6.97734184263503,10.275,0.679060033346475,1,"Rbpjl",1,"T1_MBC_to_prePB","opening","T1_MBC_to_prePB_opening",1,FALSE,-0.558386846560017
"MA0112.3",580,1477,2.48425921959995,3.6925,0.67278516441434,1,"ESR1",1,"T1_MBC_to_prePB","opening","T1_MBC_to_prePB_opening",1,FALSE,-0.571780057451349
"MA0745.2",1620,4149,6.93879299267572,10.3725,0.66896051990125,1,"SNAI2",1,"T1_MBC_to_prePB","opening","T1_MBC_to_prePB_opening",1,FALSE,-0.580004868541225
"MA0633.1",399,1022,1.70899901486272,2.555,0.668884154545097,1,"Twist2",1,"T1_MBC_to_prePB","opening","T1_MBC_to_prePB_opening",1,FALSE,-0.58016956891062
"MA0643.1",694,1787,2.97254465241787,4.4675,0.665370935068354,1,"Esrrg",1,"T1_MBC_to_prePB","opening","T1_MBC_to_prePB_opening",1,FALSE,-0.587767079270129
"MA0595.1",845,2178,3.61930869062406,5.445,0.664703157139406,1,"SREBF1",1,"T1_MBC_to_prePB","opening","T1_MBC_to_prePB_opening",1,FALSE,-0.589215718175976
"MA0592.3",1020,2630,4.36886966205508,6.575,0.664466868753625,1,"ESRRA",1,"T1_MBC_to_prePB","opening","T1_MBC_to_prePB_opening",1,FALSE,-0.589728657177604
"MA0808.1",623,1613,2.66843705829443,4.0325,0.661732686495828,1,"TEAD3",1,"T1_MBC_to_prePB","opening","T1_MBC_to_prePB_opening",1,FALSE,-0.595677371017344
"MA0494.1",1142,3009,4.89142073928128,7.5225,0.6502387157569,1,"Nr1h3::Rxra",1,"T1_MBC_to_prePB","opening","T1_MBC_to_prePB_opening",1,FALSE,-0.620956418318252
"MA0829.2",906,2442,3.88058422923716,6.105,0.63564033238938,1,"SREBF1(var.2)",1,"T1_MBC_to_prePB","opening","T1_MBC_to_prePB_opening",1,FALSE,-0.65371515633304
"MA0712.2",416,1133,1.78181350923031,2.8325,0.629060373955978,1,"OTX2",1,"T1_MBC_to_prePB","opening","T1_MBC_to_prePB_opening",1,FALSE,-0.668727315330611
"MA1620.1",1448,4004,6.2020816378978,10.01,0.619588575214566,1,"Ptf1a(var.3)",1,"T1_MBC_to_prePB","opening","T1_MBC_to_prePB_opening",1,FALSE,-0.690615224344084
"MA0805.1",875,2421,3.74780485715509,6.0525,0.619216002834381,1,"TBX1",1,"T1_MBC_to_prePB","opening","T1_MBC_to_prePB_opening",1,FALSE,-0.691483008469539
"MA0860.1",979,2740,4.19325823446267,6.85,0.612154486782872,1,"Rarg(var.2)",1,"T1_MBC_to_prePB","opening","T1_MBC_to_prePB_opening",1,FALSE,-0.708029952558243
"MA0688.1",817,2294,3.4993789351951,5.735,0.610179413285981,1,"TBX2",1,"T1_MBC_to_prePB","opening","T1_MBC_to_prePB_opening",1,FALSE,-0.712692224555702
"MA1108.2",803,2262,3.43941405748062,5.655,0.608207614054928,1,"MXI1",1,"T1_MBC_to_prePB","opening","T1_MBC_to_prePB_opening",1,FALSE,-0.717361845492803
"MA1567.1",836,2356,3.58075984066475,5.89,0.607938852404882,1,"TBX6",1,"T1_MBC_to_prePB","opening","T1_MBC_to_prePB_opening",1,FALSE,-0.717999499721227
"MA0801.1",790,2230,3.38373238531717,5.575,0.606947513061376,1,"MGA",1,"T1_MBC_to_prePB","opening","T1_MBC_to_prePB_opening",1,FALSE,-0.720353955838839
"MA0803.1",790,2230,3.38373238531717,5.575,0.606947513061376,1,"TBX15",1,"T1_MBC_to_prePB","opening","T1_MBC_to_prePB_opening",1,FALSE,-0.720353955838839
"MA1587.1",2687,7606,11.5089733156294,19.015,0.605257602715194,1,"ZNF135",1,"T1_MBC_to_prePB","opening","T1_MBC_to_prePB_opening",1,FALSE,-0.724376415076456
"MA0497.1",1395,3949,5.97507174369298,9.8725,0.605223777532842,1,"MEF2C",1,"T1_MBC_to_prePB","opening","T1_MBC_to_prePB_opening",1,FALSE,-0.724457043069612
"MA0802.1",757,2159,3.24238660213304,5.3975,0.600720074503573,1,"TBR1",1,"T1_MBC_to_prePB","opening","T1_MBC_to_prePB_opening",1,FALSE,-0.735232817491317
"MA0690.1",737,2136,3.15672249111235,5.34,0.59114653391617,1,"TBX21",1,"T1_MBC_to_prePB","opening","T1_MBC_to_prePB_opening",1,FALSE,-0.758409863153341
"MA0017.2",1239,3595,5.30689167773161,8.9875,0.590474734657203,1,"NR2F1",1,"T1_MBC_to_prePB","opening","T1_MBC_to_prePB_opening",1,FALSE,-0.760050320970293
"MA0806.1",649,2003,2.77980040262132,5.0075,0.555127389440104,1,"TBX4",1,"T1_MBC_to_prePB","opening","T1_MBC_to_prePB_opening",1,FALSE,-0.849106620023951
"MA0807.1",649,2003,2.77980040262132,5.0075,0.555127389440104,1,"TBX5",1,"T1_MBC_to_prePB","opening","T1_MBC_to_prePB_opening",1,FALSE,-0.849106620023951
"MA0052.4",1403,4344,6.00933738810126,10.86,0.553345984171386,1,"MEF2A",1,"T1_MBC_to_prePB","opening","T1_MBC_to_prePB_opening",1,FALSE,-0.853743668028282
"MA0693.2",570,1765,2.4414271640896,4.4125,0.553297940870165,1,"VDR",1,"T1_MBC_to_prePB","opening","T1_MBC_to_prePB_opening",1,FALSE,-0.853868932723872
"MA0660.1",915,2920,3.91913307919647,7.3,0.536867545095407,1,"MEF2B",1,"T1_MBC_to_prePB","opening","T1_MBC_to_prePB_opening",1,FALSE,-0.897359214414755
"MA0631.1",328,1066,1.40489142073928,2.665,0.52716376012731,1,"Six3",1,"T1_MBC_to_prePB","opening","T1_MBC_to_prePB_opening",1,FALSE,-0.923674162494396
"MA0773.1",1115,3712,4.77577418940335,9.28,0.514630839375361,1,"MEF2D",1,"T1_MBC_to_prePB","opening","T1_MBC_to_prePB_opening",1,FALSE,-0.958387378025589
"MA0729.1",877,2975,3.75637126825716,7.4375,0.505058321782476,1,"RARA",1,"T1_MBC_to_prePB","opening","T1_MBC_to_prePB_opening",1,FALSE,-0.985475245210842
"MA0857.1",1024,3712,4.38600248425922,9.28,0.472629578045175,1,"Rarb",1,"T1_MBC_to_prePB","opening","T1_MBC_to_prePB_opening",1,FALSE,-1.08121512370712
"MA0728.1",1179,4371,5.04989934466955,10.9275,0.462127599603711,1,"Nr2f6(var.2)",1,"T1_MBC_to_prePB","opening","T1_MBC_to_prePB_opening",1,FALSE,-1.11363371901702
"MA0859.1",1025,3816,4.39028568981025,9.54,0.460197661405687,1,"Rarg",1,"T1_MBC_to_prePB","opening","T1_MBC_to_prePB_opening",1,FALSE,-1.11967130773167
"MA1547.1",876,4039,3.75208806270613,10.0975,0.371585844288797,1,"PITX2",1,"T1_MBC_to_prePB","opening","T1_MBC_to_prePB_opening",1,FALSE,-1.4282286696342
"MA0087.1",0,0,0,0,NA,1,"Sox5",1,"T1_MBC_to_prePB","opening","T1_MBC_to_prePB_opening",1,FALSE,NA
"MA0131.2",394,240,2.63034915548434,0.6,4.38391525914057,0,"HINFP",0,"T1_MBC_to_prePB","closing","T1_MBC_to_prePB_closing",0,TRUE,2.13222024043428
"MA0506.1",847,526,5.65458308298284,1.315,4.30006318097555,0,"NRF1",0,"T1_MBC_to_prePB","closing","T1_MBC_to_prePB_closing",0,TRUE,2.1043581930436
"MA0527.1",387,247,2.58361706388945,0.6175,4.18399524516509,0,"ZBTB33",0,"T1_MBC_to_prePB","closing","T1_MBC_to_prePB_closing",0,TRUE,2.06488155687067
"MA1650.1",765,506,5.10715001001402,1.265,4.03727273518895,0,"ZBTB14",0,"T1_MBC_to_prePB","closing","T1_MBC_to_prePB_closing",0,TRUE,2.01338140772782
"MA0632.2",624,438,4.16583216503104,1.095,3.80441293610141,0,"TCFL5",0,"T1_MBC_to_prePB","closing","T1_MBC_to_prePB_closing",0,TRUE,1.92767422597543
"MA1513.1",2315,1633,15.4549702917418,4.0825,3.78566326803228,0,"KLF15",0,"T1_MBC_to_prePB","closing","T1_MBC_to_prePB_closing",0,TRUE,1.92054647117845
"MA0162.4",1591,1200,10.6215368182122,3,3.54051227273739,0,"EGR1",0,"T1_MBC_to_prePB","closing","T1_MBC_to_prePB_closing",0,TRUE,1.82395852481532
"MA0732.1",956,726,6.38226850924628,1.815,3.51640138250484,0,"EGR3",0,"T1_MBC_to_prePB","closing","T1_MBC_to_prePB_closing",0,TRUE,1.81410016775913
"MA0637.1",211,178,1.40863876093197,0.445,3.16548036164488,0,"CENPB",0,"T1_MBC_to_prePB","closing","T1_MBC_to_prePB_closing",0,TRUE,1.66242490099756
"MA1122.1",746,657,4.98030576139929,1.6425,3.0321496264227,0,"TFDP1",0,"T1_MBC_to_prePB","closing","T1_MBC_to_prePB_closing",0,TRUE,1.60034142323045
"MA0472.2",505,476,3.37138660791775,1.19,2.83309798984685,0,"EGR2",0,"T1_MBC_to_prePB","closing","T1_MBC_to_prePB_closing",0,TRUE,1.50238101105811
"MA0733.1",926,892,6.18198811669671,2.23,2.77219198058148,0,"EGR4",0,"T1_MBC_to_prePB","closing","T1_MBC_to_prePB_closing",0,TRUE,1.47102769125475
"MA0748.2",591,575,3.94552373322652,1.4375,2.74471216224453,0,"YY2",0,"T1_MBC_to_prePB","closing","T1_MBC_to_prePB_closing",0,TRUE,1.45665538747098
"MA0694.1",322,317,2.14967621336538,0.7925,2.71252519036641,0,"ZBTB7B",0,"T1_MBC_to_prePB","closing","T1_MBC_to_prePB_closing",0,TRUE,1.43963706733751
"MA0749.1",67,66,0.447292876694038,0.165,2.71086591935781,0,"ZBED1",0,"T1_MBC_to_prePB","closing","T1_MBC_to_prePB_closing",0,TRUE,1.43875429078717
"MA0740.1",1316,1353,8.78563321984111,3.3825,2.59737863114297,0,"KLF14",0,"T1_MBC_to_prePB","closing","T1_MBC_to_prePB_closing",0,TRUE,1.37705689269951
"MA1564.1",2203,2362,14.7072568262234,5.905,2.49064467844596,0,"SP9",0,"T1_MBC_to_prePB","closing","T1_MBC_to_prePB_closing",0,TRUE,1.31651979704744
"MA0471.2",1785,1962,11.9166833566994,4.905,2.42949711655441,0,"E2F6",0,"T1_MBC_to_prePB","closing","T1_MBC_to_prePB_closing",0,TRUE,1.28065831401986
"MA0741.1",2240,2516,14.9542693103678,6.29,2.3774672989456,0,"KLF16",0,"T1_MBC_to_prePB","closing","T1_MBC_to_prePB_closing",0,TRUE,1.24942610438389
"MA0685.1",1782,2011,11.8966553174444,5.0275,2.36631632370849,0,"SP4",0,"T1_MBC_to_prePB","closing","T1_MBC_to_prePB_closing",0,TRUE,1.24264355239435
"MA0746.2",2203,2509,14.7072568262234,6.2725,2.34472009983633,0,"SP3",0,"T1_MBC_to_prePB","closing","T1_MBC_to_prePB_closing",0,TRUE,1.22941632708499
"MA1102.2",1584,1859,10.5748047266173,4.6475,2.27537487393594,0,"CTCFL",0,"T1_MBC_to_prePB","closing","T1_MBC_to_prePB_closing",0,TRUE,1.18610488670538
"MA0516.2",1964,2331,13.1116896989118,5.8275,2.24996820230147,0,"SP2",0,"T1_MBC_to_prePB","closing","T1_MBC_to_prePB_closing",0,TRUE,1.16990525389074
"MA1512.1",1672,1989,11.162293878096,4.9725,2.24480520424253,0,"KLF11",0,"T1_MBC_to_prePB","closing","T1_MBC_to_prePB_closing",0,TRUE,1.16659090142681
"MA0079.4",1968,2456,13.1383937512518,6.14,2.13980354254915,0,"SP1",0,"T1_MBC_to_prePB","closing","T1_MBC_to_prePB_closing",0,TRUE,1.09747902168556
"MA1653.1",3099,3869,20.6889645503705,9.6725,2.13894696824715,0,"ZNF148",0,"T1_MBC_to_prePB","closing","T1_MBC_to_prePB_closing",0,TRUE,1.0969013881295
"MA0599.1",2914,3695,19.4539021296482,9.2375,2.10597046058438,0,"KLF5",0,"T1_MBC_to_prePB","closing","T1_MBC_to_prePB_closing",0,TRUE,1.07448588557903
"MA0747.1",2006,2655,13.3920822484812,6.6375,2.017639510129,0,"SP8",0,"T1_MBC_to_prePB","closing","T1_MBC_to_prePB_closing",0,TRUE,1.01266914745972
"MA0039.4",2965,3925,19.7943787969824,9.8125,2.01726153345044,0,"KLF4",0,"T1_MBC_to_prePB","closing","T1_MBC_to_prePB_closing",0,TRUE,1.01239885344005
"MA1515.1",2487,3309,16.6032445423593,8.2725,2.00704074250339,0,"KLF2",0,"T1_MBC_to_prePB","closing","T1_MBC_to_prePB_closing",0,TRUE,1.00507062221941
"MA1627.1",2374,3351,15.8488550637559,8.3775,1.89183587749996,0,"Wt1",0,"T1_MBC_to_prePB","closing","T1_MBC_to_prePB_closing",0,TRUE,0.919787698525392
"MA0139.1",2118,3078,14.1397957139996,7.695,1.83753030721242,1.61179380713139e-295,"CTCF",3.75749431287506e-294,"T1_MBC_to_prePB","closing","T1_MBC_to_prePB_closing",3.75749431287506e-294,TRUE,0.877768830289322
"MA1522.1",2513,4038,16.7768208825689,10.095,1.66189409436047,1.06492059741129e-248,"MAZ",2.40736595657218e-247,"T1_MBC_to_prePB","closing","T1_MBC_to_prePB_closing",2.40736595657218e-247,TRUE,0.732829316149996
"MA1511.1",1615,2313,10.7817611322518,5.7825,1.86455013095578,3.02869756400593e-232,"KLF10",6.64531877278948e-231,"T1_MBC_to_prePB","closing","T1_MBC_to_prePB_closing",6.64531877278948e-231,TRUE,0.898828360192756
"MA0750.2",943,1158,6.29548033914146,2.895,2.17460460764817,3.91422178119136e-213,"ZBTB7A",8.34288413933929e-212,"T1_MBC_to_prePB","closing","T1_MBC_to_prePB_closing",8.34288413933929e-212,TRUE,1.12075377361258
"MA1517.1",1779,2698,11.8766272781895,6.745,1.76080463724084,1.11207699853786e-211,"KLF6",2.30447066919235e-210,"T1_MBC_to_prePB","closing","T1_MBC_to_prePB_closing",2.30447066919235e-210,TRUE,0.816235669155366
"MA0076.2",805,947,5.37419053341345,2.3675,2.2699854417797,1.83412868520706e-205,"ELK4",3.69799999774181e-204,"T1_MBC_to_prePB","closing","T1_MBC_to_prePB_closing",3.69799999774181e-204,TRUE,1.18268368058421
"MA0146.2",2353,3903,15.7086587889712,9.7575,1.60990610186741,9.25467811778791e-204,"Zfx",1.81683944101836e-202,"T1_MBC_to_prePB","closing","T1_MBC_to_prePB_closing",1.81683944101836e-202,TRUE,0.686977441419409
"MA0641.1",731,844,4.88016556512451,2.11,2.31287467541446,1.04647395504628e-196,"ELF4",2.00171684734494e-195,"T1_MBC_to_prePB","closing","T1_MBC_to_prePB_closing",2.00171684734494e-195,TRUE,1.20968771851038
"MA0753.2",948,1215,6.32886040456639,3.0375,2.08357544183256,5.7461337654246e-189,"ZNF740",1.07165394725169e-187,"T1_MBC_to_prePB","closing","T1_MBC_to_prePB_closing",1.07165394725169e-187,TRUE,1.0590620303163
"MA0474.2",493,521,3.29127445089792,1.3025,2.52689017343411,1.54330769080508e-172,"ERG",2.80806716424534e-171,"T1_MBC_to_prePB","closing","T1_MBC_to_prePB_closing",2.80806716424534e-171,TRUE,1.33736353253447
"MA0050.2",2813,5077,18.7796248080646,12.6925,1.47958438511441,1.56028743275643e-170,"IRF1",2.77136767818165e-169,"T1_MBC_to_prePB","closing","T1_MBC_to_prePB_closing",2.77136767818165e-169,FALSE,0.565192955150714
"MA0695.1",490,519,3.27124641164297,1.2975,2.52119183941654,3.0011572115807e-170,"ZBTB7C",5.20665879032373e-169,"T1_MBC_to_prePB","closing","T1_MBC_to_prePB_closing",5.20665879032373e-169,TRUE,1.33410647037017
"MA1099.2",557,616,3.718539288337,1.54,2.41463590151754,1.23152940908682e-169,"HES1",2.08800213449721e-168,"T1_MBC_to_prePB","closing","T1_MBC_to_prePB_closing",2.08800213449721e-168,TRUE,1.27180626162254
"MA1584.1",696,834,4.64650510715001,2.085,2.22853961973622,4.06924783683348e-168,"ZIC5",6.74590863617284e-167,"T1_MBC_to_prePB","closing","T1_MBC_to_prePB_closing",6.74590863617284e-167,TRUE,1.15609925727452
"MA1483.1",626,723,4.17918419120101,1.8075,2.3121350988664,4.78099927513035e-168,"ELF2",7.75353360705922e-167,"T1_MBC_to_prePB","closing","T1_MBC_to_prePB_closing",7.75353360705922e-167,TRUE,1.20922632144615
"MA1107.2",2393,4184,15.9756993123707,10.46,1.52731350978687,2.75257992979112e-165,"KLF9",4.36898856941314e-164,"T1_MBC_to_prePB","closing","T1_MBC_to_prePB_closing",4.36898856941314e-164,TRUE,0.610997177385978
"MA1516.1",1164,1667,7.77087923092329,4.1675,1.86463808780403,4.60886787800158e-165,"KLF3",7.16294882706078e-164,"T1_MBC_to_prePB","closing","T1_MBC_to_prePB_closing",7.16294882706078e-164,TRUE,0.898896415133028
"MA0475.2",477,510,3.18445824153815,1.275,2.49761430708875,7.03447243490988e-161,"FLI1",1.07096253804955e-159,"T1_MBC_to_prePB","closing","T1_MBC_to_prePB_closing",1.07096253804955e-159,TRUE,1.32055128427397
"MA0028.2",488,529,3.257894385473,1.3225,2.46343620829716,9.32648348939107e-158,"ELK1",1.39151133661715e-156,"T1_MBC_to_prePB","closing","T1_MBC_to_prePB_closing",1.39151133661715e-156,TRUE,1.3006726985903
"MA0765.2",674,818,4.49963281928033,2.045,2.20030944708084,7.50016488104602e-157,"ETV5",1.0970829414236e-155,"T1_MBC_to_prePB","closing","T1_MBC_to_prePB_closing",1.0970829414236e-155,TRUE,1.13770709141641
"MA1569.1",446,472,2.9775018359036,1.18,2.52330664059627,2.37694676877113e-155,"TFAP2E",3.41000440289089e-154,"T1_MBC_to_prePB","closing","T1_MBC_to_prePB_closing",3.41000440289089e-154,TRUE,1.33531610980436
"MA1596.1",4787,9815,31.9580746378263,24.5375,1.30241771320739,4.327549349433e-154,"ZNF460",6.09122983901324e-153,"T1_MBC_to_prePB","closing","T1_MBC_to_prePB_closing",6.09122983901324e-153,FALSE,0.381193333569337
"MA0742.1",1386,2155,9.25295413579011,5.3875,1.71748568645756,1.16493245341827e-148,"Klf12",1.60933261157413e-147,"T1_MBC_to_prePB","closing","T1_MBC_to_prePB_closing",1.60933261157413e-147,TRUE,0.780298915662823
"MA0645.1",812,1079,5.42092262500835,2.6975,2.00960987025333,9.5041698576127e-145,"ETV6",1.28911103886892e-143,"T1_MBC_to_prePB","closing","T1_MBC_to_prePB_closing",1.28911103886892e-143,TRUE,1.00691617309325
"MA0759.1",461,509,3.07764203217838,1.2725,2.41857920014018,5.16750977730421e-141,"ELK3",6.88386123905168e-140,"T1_MBC_to_prePB","closing","T1_MBC_to_prePB_closing",6.88386123905168e-140,TRUE,1.27416037835691
"MA0697.1",693,889,4.62647706789505,2.2225,2.08165447374356,4.1524833499518e-137,"ZIC3",5.43465364748077e-136,"T1_MBC_to_prePB","closing","T1_MBC_to_prePB_closing",5.43465364748077e-136,TRUE,1.0577313138576
"MA0156.2",419,453,2.79724948260899,1.1325,2.4699774680874,1.53481337968068e-136,"FEV",1.97408755386515e-135,"T1_MBC_to_prePB","closing","T1_MBC_to_prePB_closing",1.97408755386515e-135,TRUE,1.30449846524359
"MA0751.1",702,923,4.68656118565992,2.3075,2.03101243148859,5.1748206464366e-129,"ZIC4",6.54307830888424e-128,"T1_MBC_to_prePB","closing","T1_MBC_to_prePB_closing",6.54307830888424e-128,TRUE,1.02219978048976
"MA1630.1",1735,2968,11.5828827024501,7.42,1.56103540464287,1.60618380282716e-128,"Znf281",1.99702186151511e-127,"T1_MBC_to_prePB","closing","T1_MBC_to_prePB_closing",1.99702186151511e-127,TRUE,0.642504182533833
"MA0517.1",1832,3204,12.2304559716937,8.01,1.52689837349484,2.20804186537346e-123,"STAT1::STAT2",2.70032660912885e-122,"T1_MBC_to_prePB","closing","T1_MBC_to_prePB_closing",2.70032660912885e-122,TRUE,0.610604988039473
"MA0098.3",509,609,3.39809066025769,1.5225,2.2319150477883,2.77889785233204e-123,"ETS1",3.34364160941888e-122,"T1_MBC_to_prePB","closing","T1_MBC_to_prePB_closing",3.34364160941888e-122,TRUE,1.15828276206077
"MA0763.1",447,520,2.98417784898858,1.3,2.29552142229891,2.0368248226501e-117,"ETV3",2.41185923443965e-116,"T1_MBC_to_prePB","closing","T1_MBC_to_prePB_closing",2.41185923443965e-116,TRUE,1.19882252413543
"MA0073.1",2191,4062,14.6271446692036,10.155,1.44038844600724,1.56539182362283e-112,"RREB1",1.82465984441036e-111,"T1_MBC_to_prePB","closing","T1_MBC_to_prePB_closing",1.82465984441036e-111,FALSE,0.526458933793292
"MA0760.1",533,675,3.55831497429735,1.6875,2.10863109587991,2.03490405149178e-109,"ERF",2.33544372678903e-108,"T1_MBC_to_prePB","closing","T1_MBC_to_prePB_closing",2.33544372678903e-108,TRUE,1.07630740250463
"MA0598.3",2001,3689,13.3587021830563,9.2225,1.44849034242952,5.80239994144909e-105,"EHF",6.55847023685003e-104,"T1_MBC_to_prePB","closing","T1_MBC_to_prePB_closing",6.55847023685003e-104,FALSE,0.534551061707854
"MA0528.2",2332,4439,15.5684625141865,11.0975,1.40288015446601,2.17915419865937e-104,"ZNF263",2.42634183910432e-103,"T1_MBC_to_prePB","closing","T1_MBC_to_prePB_closing",2.42634183910432e-103,FALSE,0.488392795754055
"MA0136.2",844,1279,5.63455504372789,3.1975,1.76217515050129,6.00945480422919e-98,"ELF5",6.59272541758085e-97,"T1_MBC_to_prePB","closing","T1_MBC_to_prePB_closing",6.59272541758085e-97,TRUE,0.81735814602479
"MA0810.1",792,1181,5.28740236330863,2.9525,1.79082213829251,3.55584473659568e-97,"TFAP2A(var.2)",3.84443503405851e-96,"T1_MBC_to_prePB","closing","T1_MBC_to_prePB_closing",3.84443503405851e-96,TRUE,0.840622863785301
"MA1125.1",2850,5745,19.0266372922091,14.3625,1.32474411085877,6.72383841035797e-92,"ZNF384",7.16569064875292e-91,"T1_MBC_to_prePB","closing","T1_MBC_to_prePB_closing",7.16569064875292e-91,FALSE,0.405714802940545
"MA0163.1",1265,2183,8.44515655250684,5.4575,1.54744050435306,1.01286120291908e-88,"PLAG1",1.0642175456023e-87,"T1_MBC_to_prePB","closing","T1_MBC_to_prePB_closing",1.0642175456023e-87,TRUE,0.629884874399288
"MA0081.2",2553,5078,17.0438614059684,12.695,1.34256490003689,1.39892747337385e-88,"SPIB",1.44944429880124e-87,"T1_MBC_to_prePB","closing","T1_MBC_to_prePB_closing",1.44944429880124e-87,FALSE,0.424992904838643
"MA1599.1",1418,2529,9.46658655450965,6.3225,1.49728533879156,7.88153154915901e-86,"ZNF682",8.05427744612688e-85,"T1_MBC_to_prePB","closing","T1_MBC_to_prePB_closing",8.05427744612688e-85,FALSE,0.582350146614641
"MA0762.1",524,718,3.49823085653248,1.795,1.94887512898745,9.44582736672579e-85,"ETV2",9.52241515618573e-84,"T1_MBC_to_prePB","closing","T1_MBC_to_prePB_closing",9.52241515618573e-84,TRUE,0.96264239548305
"MA0696.1",704,1065,4.6999132118299,2.6625,1.76522561946663,4.55233250523087e-82,"ZIC1",4.52805339853631e-81,"T1_MBC_to_prePB","closing","T1_MBC_to_prePB_closing",4.52805339853631e-81,TRUE,0.81985340830855
"MA0080.5",3043,6303,20.3151078176113,15.7575,1.28923419435896,9.16856490633644e-82,"SPI1",8.99967028964077e-81,"T1_MBC_to_prePB","closing","T1_MBC_to_prePB_closing",8.99967028964077e-81,FALSE,0.36651547765072
"MA0687.1",1218,2136,8.13138393751252,5.34,1.52273107444055,2.53475958554986e-79,"SPIC",2.45575409197428e-78,"T1_MBC_to_prePB","closing","T1_MBC_to_prePB_closing",2.45575409197428e-78,TRUE,0.606662121155822
"MA1484.1",418,550,2.790573469524,1.375,2.02950797783564,1.15072971504611e-76,"ETS2",1.10056970182616e-75,"T1_MBC_to_prePB","closing","T1_MBC_to_prePB_closing",1.10056970182616e-75,TRUE,1.02113072202639
"MA1514.1",1317,2397,8.7923092329261,5.9925,1.46721889577407,5.80785692812021e-72,"KLF17",5.4843813523768e-71,"T1_MBC_to_prePB","closing","T1_MBC_to_prePB_closing",5.4843813523768e-71,FALSE,0.55308510739073
"MA1623.1",2336,4747,15.5951665665265,11.8675,1.3141071469582,1.64014061954372e-69,"Stat2",1.52943112772452e-68,"T1_MBC_to_prePB","closing","T1_MBC_to_prePB_closing",1.52943112772452e-68,FALSE,0.394084009800278
"MA0815.1",625,960,4.17250817811603,2.4,1.73854507421501,5.22909183969708e-69,"TFAP2C(var.3)",4.81592902767163e-68,"T1_MBC_to_prePB","closing","T1_MBC_to_prePB_closing",4.81592902767163e-68,TRUE,0.797881301267847
"MA0151.1",1122,1994,7.4904866813539,4.985,1.50260515172596,1.62923812696931e-68,"Arid3a",1.48220932038915e-67,"T1_MBC_to_prePB","closing","T1_MBC_to_prePB_closing",1.48220932038915e-67,TRUE,0.587466913837651
"MA0872.1",647,1008,4.31938046598571,2.52,1.71403986745465,7.68180654899754e-68,"TFAP2A(var.3)",6.90437070548454e-67,"T1_MBC_to_prePB","closing","T1_MBC_to_prePB_closing",6.90437070548454e-67,TRUE,0.777401507683361
"MA1418.1",1025,1800,6.84291341211029,4.5,1.5206474249134,4.75000415361484e-66,"IRF3",4.21845606975794e-65,"T1_MBC_to_prePB","closing","T1_MBC_to_prePB_closing",4.21845606975794e-65,TRUE,0.604686639411032
"MA0736.1",400,547,2.67040523399426,1.3675,1.9527643393011,2.97733844962824e-65,"GLIS2",2.61305233343843e-64,"T1_MBC_to_prePB","closing","T1_MBC_to_prePB_closing",2.61305233343843e-64,TRUE,0.965518593276465
"MA1578.1",466,675,3.11102209760331,1.6875,1.84356865043159,4.12496994715062e-63,"VEZF1",3.57817160531903e-62,"T1_MBC_to_prePB","closing","T1_MBC_to_prePB_closing",3.57817160531903e-62,TRUE,0.882501922769713
"MA0615.1",145,145,0.968021897322919,0.3625,2.67040523399426,9.03913923106719e-63,"Gmeb1",7.75080214525992e-62,"T1_MBC_to_prePB","closing","T1_MBC_to_prePB_closing",7.75080214525992e-62,TRUE,1.41705922775132
"MA0135.1",561,862,3.74524334067695,2.155,1.73793194462967,6.70889458463703e-62,"Lhx3",5.68731290924912e-61,"T1_MBC_to_prePB","closing","T1_MBC_to_prePB_closing",5.68731290924912e-61,TRUE,0.797372419139369
"MA0681.2",873,1519,5.82815942319247,3.7975,1.53473585864186,1.4981739670966e-58,"PHOX2B",1.25577278590344e-57,"T1_MBC_to_prePB","closing","T1_MBC_to_prePB_closing",1.25577278590344e-57,TRUE,0.617991316653486
"MA0814.2",1362,2597,9.09272982175045,6.4925,1.40049746965737,3.5047119759472e-58,"TFAP2C(var.2)",2.90501681561846e-57,"T1_MBC_to_prePB","closing","T1_MBC_to_prePB_closing",2.90501681561846e-57,FALSE,0.485940406961913
"MA0006.1",1712,3398,11.4293344014954,8.495,1.34541899958745,4.21049087817878e-58,"Ahr::Arnt",3.45167713749601e-57,"T1_MBC_to_prePB","closing","T1_MBC_to_prePB_closing",3.45167713749601e-57,FALSE,0.428056609016399
"MA1652.1",2274,4729,15.1812537552574,11.8225,1.28409843563183,4.20251326499598e-57,"ZKSCAN5",3.40769010400761e-56,"T1_MBC_to_prePB","closing","T1_MBC_to_prePB_closing",3.40769010400761e-56,FALSE,0.360756923440343
"MA0062.3",1999,4096,13.3453501568863,10.24,1.30325685125843,2.54967394560878e-55,"GABPA",2.04522232626252e-54,"T1_MBC_to_prePB","closing","T1_MBC_to_prePB_closing",2.04522232626252e-54,FALSE,0.382122551234505
"MA0051.1",769,1323,5.13385406235396,3.3075,1.55218565755222,3.27609294932203e-54,"IRF2",2.59996312786621e-53,"T1_MBC_to_prePB","closing","T1_MBC_to_prePB_closing",2.59996312786621e-53,TRUE,0.634302058641411
"MA0686.1",295,389,1.96942386007077,0.9725,2.0251145090702,4.67381681348249e-54,"SPDEF",3.67017615037678e-53,"T1_MBC_to_prePB","closing","T1_MBC_to_prePB_closing",3.67017615037678e-53,TRUE,1.01800419916275
"MA1475.1",260,330,1.73576340209627,0.825,2.10395563890457,1.81131858451262e-53,"CREB3L4(var.2)",1.40754548338168e-52,"T1_MBC_to_prePB","closing","T1_MBC_to_prePB_closing",1.40754548338168e-52,TRUE,1.07310497198669
"MA0057.1",997,1819,6.65598504573069,4.5475,1.46365806393198,1.83793552075374e-53,"MZF1(var.2)",1.41350504998175e-52,"T1_MBC_to_prePB","closing","T1_MBC_to_prePB_closing",1.41350504998175e-52,FALSE,0.549579539922223
"MA0901.2",1044,1923,6.96975766072501,4.8075,1.44976758413417,2.26626833800569e-53,"HOXB13",1.72513895933903e-52,"T1_MBC_to_prePB","closing","T1_MBC_to_prePB_closing",1.72513895933903e-52,FALSE,0.535822631849447
"MA0761.2",1944,3991,12.9781694372121,9.9775,1.30074361685914,5.97839737173679e-53,"ETV1",4.50493377708651e-52,"T1_MBC_to_prePB","closing","T1_MBC_to_prePB_closing",4.50493377708651e-52,FALSE,0.379337736723262
"MA0105.4",703,1197,4.69323719874491,2.9925,1.56833323266329,7.58392362528018e-52,"NFKB1",5.65760702445902e-51,"T1_MBC_to_prePB","closing","T1_MBC_to_prePB_closing",5.65760702445902e-51,TRUE,0.649233049517568
"MA0813.1",736,1269,4.91354563054944,3.1725,1.54879294895175,2.14561371954141e-51,"TFAP2B(var.3)",1.58478003443356e-50,"T1_MBC_to_prePB","closing","T1_MBC_to_prePB_closing",1.58478003443356e-50,TRUE,0.631145221210197
"MA0101.1",764,1332,5.10047399692903,3.33,1.53167387295166,9.0383940133822e-51,"REL",6.6104332686109e-50,"T1_MBC_to_prePB","closing","T1_MBC_to_prePB_closing",6.6104332686109e-50,TRUE,0.615110090369835
"MA0504.1",1456,2878,9.7202750517391,7.195,1.35097637967187,2.5125863132521e-50,"NR2C2",1.81979552396706e-49,"T1_MBC_to_prePB","closing","T1_MBC_to_prePB_closing",1.81979552396706e-49,FALSE,0.434003518846851
"MA0864.2",358,515,2.39001268442486,1.2875,1.85632053159213,7.99760941476851e-50,"E2F2",5.73674675328587e-49,"T1_MBC_to_prePB","closing","T1_MBC_to_prePB_closing",5.73674675328587e-49,TRUE,0.892446619871587
"MA0811.1",645,1087,4.30602843981574,2.7175,1.58455508364885,1.00970159221419e-49,"TFAP2B",7.17368940754084e-49,"T1_MBC_to_prePB","closing","T1_MBC_to_prePB_closing",7.17368940754084e-49,TRUE,0.664078723254486
"MA0640.2",2231,4735,14.894185192603,11.8375,1.25822050201504,1.13550926692842e-47,"ELF3",7.99141427479816e-47,"T1_MBC_to_prePB","closing","T1_MBC_to_prePB_closing",7.99141427479816e-47,FALSE,0.331385922001567
"MA0107.1",806,1445,5.38086654649843,3.6125,1.48951323086462,4.7562934846399e-47,"RELA",3.31607003695454e-46,"T1_MBC_to_prePB","closing","T1_MBC_to_prePB_closing",3.31607003695454e-46,FALSE,0.574841907205929
"MA0493.1",1875,3913,12.5175245343481,9.7825,1.2795833922155,3.8894844879593e-45,"Klf1",2.68662539631263e-44,"T1_MBC_to_prePB","closing","T1_MBC_to_prePB_closing",2.68662539631263e-44,FALSE,0.355675300340036
"MA0772.1",874,1612,5.83483543627746,4.03,1.44784998418795,2.50136408312101e-44,"IRF7",1.71194275780576e-43,"T1_MBC_to_prePB","closing","T1_MBC_to_prePB_closing",1.71194275780576e-43,FALSE,0.533913124910075
"MA0657.1",604,1038,4.03231190333133,2.595,1.5538774193955,7.08596715555015e-43,"KLF13",4.80557408912765e-42,"T1_MBC_to_prePB","closing","T1_MBC_to_prePB_closing",4.80557408912765e-42,TRUE,0.635873626913524
"MA1651.1",790,1438,5.27405033713866,3.595,1.46705155414149,7.80967004478652e-43,"ZFP42",5.24866112919887e-42,"T1_MBC_to_prePB","closing","T1_MBC_to_prePB_closing",5.24866112919887e-42,FALSE,0.552920553520676
"MA0653.1",769,1393,5.13385406235396,3.4825,1.47418637827824,1.036186933358e-42,"IRF9",6.90174510968812e-42,"T1_MBC_to_prePB","closing","T1_MBC_to_prePB_closing",6.90174510968812e-42,FALSE,0.5599199114966
"MA1615.1",1480,3011,9.88049936577876,7.5275,1.31258709608486,2.38809724905871e-42,"Plagl1",1.57656685645823e-41,"T1_MBC_to_prePB","closing","T1_MBC_to_prePB_closing",1.57656685645823e-41,FALSE,0.392414254412702
"MA0652.1",534,896,3.56499098738234,2.24,1.59151383365283,4.78149206503788e-42,"IRF8",3.12894129870023e-41,"T1_MBC_to_prePB","closing","T1_MBC_to_prePB_closing",3.12894129870023e-41,TRUE,0.670400603620169
"MA1583.1",320,469,2.13632418719541,1.1725,1.82202489313041,5.15622943444179e-42,"ZFP57",3.34482361573354e-41,"T1_MBC_to_prePB","closing","T1_MBC_to_prePB_closing",3.34482361573354e-41,TRUE,0.865543461678603
"MA1508.1",1992,4241,13.2986180652914,10.6025,1.25429078663442,4.10932516510815e-41,"IKZF1",2.64272118376782e-40,"T1_MBC_to_prePB","closing","T1_MBC_to_prePB_closing",2.64272118376782e-40,FALSE,0.326873002177184
"MA1509.1",257,359,1.71573536284131,0.8975,1.91168285553349,1.17565374412937e-39,"IRF6",7.49604865914966e-39,"T1_MBC_to_prePB","closing","T1_MBC_to_prePB_closing",7.49604865914966e-39,TRUE,0.934843957541623
"MA0735.1",266,377,1.77581948060618,0.9425,1.88415860011266,3.61584300898301e-39,"GLIS1",2.285948207374e-38,"T1_MBC_to_prePB","closing","T1_MBC_to_prePB_closing",2.285948207374e-38,TRUE,0.913921175427764
"MA0524.2",649,1157,4.33273249215568,2.8925,1.49791961699419,5.33329461295868e-39,"TFAP2C",3.34339309350183e-38,"T1_MBC_to_prePB","closing","T1_MBC_to_prePB_closing",3.34339309350183e-38,FALSE,0.582961169522011
"MA0470.2",160,193,1.0681620935977,0.4825,2.21380744787089,1.33523434205816e-38,"E2F4",8.30070682646155e-38,"T1_MBC_to_prePB","closing","T1_MBC_to_prePB_closing",8.30070682646155e-38,TRUE,1.14653039679779
"MA1419.1",445,734,2.97082582281861,1.835,1.61897865003739,9.90576693655445e-38,"IRF4",6.1071918468344e-37,"T1_MBC_to_prePB","closing","T1_MBC_to_prePB_closing",6.1071918468344e-37,TRUE,0.695084851622782
"MA0785.1",616,1094,4.11242406035116,2.735,1.50362854126185,1.0188917721223e-37,"POU2F1",6.23027263937079e-37,"T1_MBC_to_prePB","closing","T1_MBC_to_prePB_closing",6.23027263937079e-37,TRUE,0.588449164875922
"MA0788.1",678,1231,4.52633687162027,3.0775,1.47078371133071,2.68547690599933e-37,"POU3F3",1.62875266006138e-36,"T1_MBC_to_prePB","closing","T1_MBC_to_prePB_closing",1.62875266006138e-36,FALSE,0.556586085051996
"MA0758.1",359,564,2.39668869750985,1.41,1.69977921809209,6.78066023089324e-37,"E2F7",4.07933268729545e-36,"T1_MBC_to_prePB","closing","T1_MBC_to_prePB_closing",4.07933268729545e-36,TRUE,0.76534821767658
"MA0473.3",1974,4262,13.1784498297617,10.655,1.23683245704004,3.72799010458387e-36,"ELF1",2.22486449441565e-35,"T1_MBC_to_prePB","closing","T1_MBC_to_prePB_closing",2.22486449441565e-35,FALSE,0.30665125061481
"MA0014.3",346,544,2.30990052740503,1.36,1.69845627015076,1.66670293920771e-35,"PAX5",9.81291330433248e-35,"T1_MBC_to_prePB","closing","T1_MBC_to_prePB_closing",9.81291330433248e-35,TRUE,0.764224923299812
"MA0778.1",517,896,3.45149876493758,2.24,1.54084766291856,1.67056298880727e-35,"NFKB2",9.81291330433248e-35,"T1_MBC_to_prePB","closing","T1_MBC_to_prePB_closing",9.81291330433248e-35,TRUE,0.623725172054821
"MA1545.1",94,98,0.627545229988651,0.245,2.56140910199449,3.80188480162966e-35,"OVOL2",2.21578598594979e-34,"T1_MBC_to_prePB","closing","T1_MBC_to_prePB_closing",2.21578598594979e-34,TRUE,1.35693825830324
"MA0259.1",150,183,1.00140196274785,0.4575,2.18885674917562,3.83615182888069e-35,"ARNT::HIF1A",2.21842578631395e-34,"T1_MBC_to_prePB","closing","T1_MBC_to_prePB_closing",2.21842578631395e-34,TRUE,1.13017819881882
"MA0812.1",709,1316,4.73329327725482,3.29,1.43869096573095,6.97560770681463e-35,"TFAP2B(var.2)",4.00292565329516e-34,"T1_MBC_to_prePB","closing","T1_MBC_to_prePB_closing",4.00292565329516e-34,FALSE,0.524757733785264
"MA0757.1",455,772,3.03758595366847,1.93,1.57387873247071,2.35743701826551e-34,"ONECUT3",1.34247940124127e-33,"T1_MBC_to_prePB","closing","T1_MBC_to_prePB_closing",1.34247940124127e-33,TRUE,0.654325301965316
"MA1143.1",259,382,1.72908738901128,0.955,1.81056271100658,1.47706142902837e-33,"FOSL1::JUND(var.2)",8.34763504587244e-33,"T1_MBC_to_prePB","closing","T1_MBC_to_prePB_closing",8.34763504587244e-33,TRUE,0.856438943970145
"MA0149.1",2774,6276,18.5192602977502,15.69,1.1803225173837,4.36460556101839e-33,"EWSR1-FLI1",2.44811710415016e-32,"T1_MBC_to_prePB","closing","T1_MBC_to_prePB_closing",2.44811710415016e-32,FALSE,0.239182345142028
"MA0060.3",515,910,3.43814673876761,2.275,1.51127329176598,1.94824025115022e-32,"NFYA",1.0846173338493e-31,"T1_MBC_to_prePB","closing","T1_MBC_to_prePB_closing",1.0846173338493e-31,TRUE,0.595765529104611
"MA0784.1",716,1350,4.78002536884972,3.375,1.41630381299251,1.97063087948185e-32,"POU1F1",1.08895602673589e-31,"T1_MBC_to_prePB","closing","T1_MBC_to_prePB_closing",1.08895602673589e-31,FALSE,0.502131791457779
"MA0877.2",110,125,0.734361439348421,0.3125,2.34995660591495,8.35295486692636e-32,"BARHL1",4.58184141965225e-31,"T1_MBC_to_prePB","closing","T1_MBC_to_prePB_closing",4.58184141965225e-31,TRUE,1.23263473028476
"MA0041.1",1235,2551,8.24487615995727,6.3775,1.2928069243367,1.23660262812823e-31,"Foxd3",6.73361723053766e-31,"T1_MBC_to_prePB","closing","T1_MBC_to_prePB_closing",6.73361723053766e-31,FALSE,0.3705079463074
"MA1548.1",666,1250,4.44622471460044,3.125,1.42279190867214,5.74810531054767e-31,"PLAGL2",3.10730910265838e-30,"T1_MBC_to_prePB","closing","T1_MBC_to_prePB_closing",3.10730910265838e-30,FALSE,0.508725689008444
"MA0601.1",475,834,3.17110621536818,2.085,1.52091425197515,7.05737892536303e-31,"Arid3b",3.78762926497901e-30,"T1_MBC_to_prePB","closing","T1_MBC_to_prePB_closing",3.78762926497901e-30,TRUE,0.604939765842462
"MA0786.1",620,1152,4.1391281126911,2.88,1.43719726135108,1.90883510131519e-30,"POU3F1",1.01713641827224e-29,"T1_MBC_to_prePB","closing","T1_MBC_to_prePB_closing",1.01713641827224e-29,FALSE,0.523259095155125
"MA0764.2",2254,5036,15.0477334935576,12.59,1.19521314484175,3.97024593183403e-30,"ETV4",2.10056983343843e-29,"T1_MBC_to_prePB","closing","T1_MBC_to_prePB_closing",2.10056983343843e-29,FALSE,0.257269127011789
"MA0619.1",688,1307,4.59309700247012,3.2675,1.40569150802452,5.94680505961626e-30,"LIN54",3.12416660174206e-29,"T1_MBC_to_prePB","closing","T1_MBC_to_prePB_closing",3.12416660174206e-29,FALSE,0.491281042728578
"MA0679.2",493,886,3.29127445089792,2.215,1.48590268663563,9.34103899488928e-29,"ONECUT1",4.8730175455856e-28,"T1_MBC_to_prePB","closing","T1_MBC_to_prePB_closing",4.8730175455856e-28,FALSE,0.571340606242385
"MA0627.2",803,1580,5.36083850724347,3.95,1.35717430563126,1.85242403362967e-28,"POU2F3",9.59658561866483e-28,"T1_MBC_to_prePB","closing","T1_MBC_to_prePB_closing",9.59658561866483e-28,FALSE,0.440607084964477
"MA0787.1",617,1166,4.11910007343614,2.915,1.41307035109302,9.92316066229999e-28,"POU3F2",5.10529507177641e-27,"T1_MBC_to_prePB","closing","T1_MBC_to_prePB_closing",5.10529507177641e-27,FALSE,0.498834314411527
"MA0792.1",541,1000,3.61172307897723,2.5,1.44468923159089,2.05750573584894e-27,"POU5F1B",1.05130087598857e-26,"T1_MBC_to_prePB","closing","T1_MBC_to_prePB_closing",1.05130087598857e-26,FALSE,0.530760185282223
"MA0834.1",281,454,1.87595967688097,1.135,1.65282790914623,2.57877178492447e-26,"ATF7",1.30868282418616e-25,"T1_MBC_to_prePB","closing","T1_MBC_to_prePB_closing",1.30868282418616e-25,TRUE,0.72493739329259
"MA0865.1",435,779,2.90406569196876,1.9475,1.49117622180681,6.08202834660856e-26,"E2F8",3.06567104497972e-25,"T1_MBC_to_prePB","closing","T1_MBC_to_prePB_closing",3.06567104497972e-25,FALSE,0.576451727660258
"MA0084.1",557,1047,3.718539288337,2.6175,1.42064538236371,7.37629996598504e-26,"SRY",3.69310051988244e-25,"T1_MBC_to_prePB","closing","T1_MBC_to_prePB_closing",3.69310051988244e-25,FALSE,0.506547493427941
"MA0604.1",157,217,1.04813405434275,0.5425,1.9320443398023,1.34266181929019e-25,"Atf1",6.67750478126989e-25,"T1_MBC_to_prePB","closing","T1_MBC_to_prePB_closing",6.67750478126989e-25,TRUE,0.950128950664581
"MA0840.1",309,515,2.06288804326056,1.2875,1.60224314039656,1.57522882122113e-25,"Creb5",7.7822562955693e-25,"T1_MBC_to_prePB","closing","T1_MBC_to_prePB_closing",7.7822562955693e-25,TRUE,0.680093993753756
"MA0609.2",308,514,2.05621203017558,1.285,1.60016500402769,2.54912087807726e-25,"CREM",1.25108169410897e-24,"T1_MBC_to_prePB","closing","T1_MBC_to_prePB_closing",1.25108169410897e-24,TRUE,0.678221580590363
"MA1573.1",1277,2728,8.52526870952667,6.82,1.25003940022385,2.82640372589259e-25,"THAP11",1.37810273170972e-24,"T1_MBC_to_prePB","closing","T1_MBC_to_prePB_closing",1.37810273170972e-24,FALSE,0.321974722295945
"MA0465.2",561,1065,3.74524334067695,2.6625,1.40666416551247,1.05573227197758e-24,"CDX2",5.11413165516413e-24,"T1_MBC_to_prePB","closing","T1_MBC_to_prePB_closing",5.11413165516413e-24,FALSE,0.49227895860784
"MA0715.1",475,875,3.17110621536818,2.1875,1.44964855559688,1.24503767407394e-24,"PROP1",5.99224583780105e-24,"T1_MBC_to_prePB","closing","T1_MBC_to_prePB_closing",5.99224583780105e-24,FALSE,0.535704179199787
"MA1644.1",530,997,3.53828693504239,2.4925,1.41957349450046,1.45361103161872e-24,"NFYC",6.95124249735617e-24,"T1_MBC_to_prePB","closing","T1_MBC_to_prePB_closing",6.95124249735617e-24,FALSE,0.50545855883788
"MA0767.1",221,343,1.47539889178183,0.8575,1.7205817979963,2.83340719508206e-24,"GCM2",1.34631959715364e-23,"T1_MBC_to_prePB","closing","T1_MBC_to_prePB_closing",1.34631959715364e-23,TRUE,0.782897319209139
"MA1129.1",229,359,1.52880699646171,0.8975,1.70340612419132,3.1612893423218e-24,"FOSL1::JUN(var.2)",1.49260876542535e-23,"T1_MBC_to_prePB","closing","T1_MBC_to_prePB_closing",1.49260876542535e-23,TRUE,0.768423288719041
"MA0799.1",420,758,2.80392549569397,1.895,1.47964406105223,3.36376838016157e-24,"RFX4",1.57822088779908e-23,"T1_MBC_to_prePB","closing","T1_MBC_to_prePB_closing",1.57822088779908e-23,FALSE,0.565251142021342
"MA1471.1",572,1096,3.81867948461179,2.74,1.3936786440189,6.33412023820712e-24,"BARX2",2.95328356106407e-23,"T1_MBC_to_prePB","closing","T1_MBC_to_prePB_closing",2.95328356106407e-23,FALSE,0.478898976486208
"MA1554.1",238,379,1.58889111422658,0.9475,1.67692993585919,9.61773849225129e-24,"RFX7",4.45641795976364e-23,"T1_MBC_to_prePB","closing","T1_MBC_to_prePB_closing",4.45641795976364e-23,TRUE,0.745823272954008
"MA0052.4",2383,5482,15.9089391815208,13.705,1.16081278230725,4.33717039997654e-23,"MEF2A",1.99724019653241e-22,"T1_MBC_to_prePB","closing","T1_MBC_to_prePB_closing",1.99724019653241e-22,FALSE,0.215136553693962
"MA0871.2",386,692,2.57694105080446,1.73,1.48956130104304,4.70397291238674e-23,"TFEC",2.15286122247884e-22,"T1_MBC_to_prePB","closing","T1_MBC_to_prePB_closing",2.15286122247884e-22,FALSE,0.574888465666102
"MA1544.1",97,119,0.647573269243608,0.2975,2.17671687140708,7.08682075441104e-23,"OVOL1",3.22363919682356e-22,"T1_MBC_to_prePB","closing","T1_MBC_to_prePB_closing",3.22363919682356e-22,TRUE,1.12215442916212
"MA0067.1",266,441,1.77581948060618,1.1025,1.61072061732987,1.21777186029348e-22,"Pax2",5.5058048956299e-22,"T1_MBC_to_prePB","closing","T1_MBC_to_prePB_closing",5.5058048956299e-22,TRUE,0.68770717312457
"MA1106.1",315,544,2.10294412177048,1.36,1.54628244247829,1.80690140987109e-22,"HIF1A",8.12017139616767e-22,"T1_MBC_to_prePB","closing","T1_MBC_to_prePB_closing",8.12017139616767e-22,TRUE,0.628804797643583
"MA1145.1",354,627,2.36330863208492,1.5675,1.50769290723121,1.86594784089955e-22,"FOSL2::JUND(var.2)",8.3353119120423e-22,"T1_MBC_to_prePB","closing","T1_MBC_to_prePB_closing",8.3353119120423e-22,TRUE,0.592343561668029
"MA0510.2",365,651,2.43674477601976,1.6275,1.49723181322259,2.14721865259331e-22,"RFX5",9.53467330258697e-22,"T1_MBC_to_prePB","closing","T1_MBC_to_prePB_closing",9.53467330258697e-22,FALSE,0.582298571674554
"MA0789.1",519,990,3.46485079110755,2.475,1.39993971357881,2.33557251345872e-22,"POU3F4",1.03096869529006e-21,"T1_MBC_to_prePB","closing","T1_MBC_to_prePB_closing",1.03096869529006e-21,FALSE,0.485365731429576
"MA0497.1",2112,4820,14.0997396354897,12.05,1.1701028743145,2.52404771919156e-22,"MEF2C",1.10761152853936e-21,"T1_MBC_to_prePB","closing","T1_MBC_to_prePB_closing",1.10761152853936e-21,FALSE,0.226636608703077
"MA0024.3",134,185,0.894585753388077,0.4625,1.93423946678503,3.85006081848546e-22,"E2F1",1.67961717578371e-21,"T1_MBC_to_prePB","closing","T1_MBC_to_prePB_closing",1.67961717578371e-21,TRUE,0.951767163311458
"MA0781.1",272,456,1.8158755591161,1.14,1.59287329747026,3.99297528176076e-22,"PAX9",1.73183695360089e-21,"T1_MBC_to_prePB","closing","T1_MBC_to_prePB_closing",1.73183695360089e-21,TRUE,0.671632420302157
"MA0095.2",939,1969,6.26877628680152,4.9225,1.27349442088401,1.27971018261348e-21,"YY1",5.51828783947778e-21,"T1_MBC_to_prePB","closing","T1_MBC_to_prePB_closing",5.51828783947778e-21,FALSE,0.348793772113236
"MA0507.1",774,1588,5.16723412777889,3.97,1.3015703092642,5.45074888265604e-21,"POU2F2",2.33693026808127e-20,"T1_MBC_to_prePB","closing","T1_MBC_to_prePB_closing",2.33693026808127e-20,FALSE,0.380254354925741
"MA1420.1",314,551,2.09626810868549,1.3775,1.52179173044319,6.43088151445825e-21,"IRF5",2.74139291987763e-20,"T1_MBC_to_prePB","closing","T1_MBC_to_prePB_closing",2.74139291987763e-20,TRUE,0.60577187584233
"MA0756.1",267,453,1.78249549369117,1.1325,1.57394745579794,9.98627972582138e-21,"ONECUT2",4.23282083833111e-20,"T1_MBC_to_prePB","closing","T1_MBC_to_prePB_closing",4.23282083833111e-20,TRUE,0.654388295748633
"MA0145.3",163,244,1.08819013285266,0.61,1.78391825057813,1.1974641947203e-20,"TFCP2",5.04693948735224e-20,"T1_MBC_to_prePB","closing","T1_MBC_to_prePB_closing",5.04693948735224e-20,TRUE,0.835050312888785
"MA0616.2",359,651,2.39668869750985,1.6275,1.47261978341619,2.00714710889813e-20,"HES2",8.41197608560678e-20,"T1_MBC_to_prePB","closing","T1_MBC_to_prePB_closing",8.41197608560678e-20,FALSE,0.558385967834531
"MA1529.1",834,1737,5.56779491287803,4.3425,1.28216348022522,2.79660505798537e-20,"NHLH2",1.16551249902631e-19,"T1_MBC_to_prePB","closing","T1_MBC_to_prePB_closing",1.16551249902631e-19,FALSE,0.358581347435693
"MA1606.1",577,1142,3.85205955003672,2.855,1.34923276708817,5.11580502172071e-20,"Foxf1",2.12021697011314e-19,"T1_MBC_to_prePB","closing","T1_MBC_to_prePB_closing",2.12021697011314e-19,FALSE,0.432140330051126
"MA0646.1",291,509,1.94271980773082,1.2725,1.52669533024033,9.14337800298559e-20,"GCM1",3.768486182446e-19,"T1_MBC_to_prePB","closing","T1_MBC_to_prePB_closing",3.768486182446e-19,TRUE,0.610413129309489
"MA1127.1",340,616,2.26984444889512,1.54,1.47392496681501,1.68914416351785e-19,"FOSB::JUN",6.92363486804569e-19,"T1_MBC_to_prePB","closing","T1_MBC_to_prePB_closing",6.92363486804569e-19,FALSE,0.559664061752395
"MA0862.1",76,91,0.507376994458909,0.2275,2.23022854707213,1.88702617433372e-19,"GMEB2",7.69246735548062e-19,"T1_MBC_to_prePB","closing","T1_MBC_to_prePB_closing",7.69246735548062e-19,TRUE,1.1571922076251
"MA1149.1",867,1826,5.78810334468256,4.565,1.26793063410352,2.22126215730057e-19,"RARA::RXRG",9.0057693986208e-19,"T1_MBC_to_prePB","closing","T1_MBC_to_prePB_closing",9.0057693986208e-19,FALSE,0.342476958569724
"MA0831.2",250,425,1.66900327124641,1.0625,1.57082660823192,2.40115110635768e-19,"TFE3",9.68247959644774e-19,"T1_MBC_to_prePB","closing","T1_MBC_to_prePB_closing",9.68247959644774e-19,TRUE,0.651524859565414
"MA0593.1",929,1975,6.20201615595167,4.9375,1.25610453791426,2.91634210150705e-19,"FOXP2",1.16967269232487e-18,"T1_MBC_to_prePB","closing","T1_MBC_to_prePB_closing",1.16967269232487e-18,FALSE,0.328957684475523
"MA1126.1",376,699,2.5101809199546,1.7475,1.43644115591107,6.63473912956218e-19,"FOS::JUN(var.2)",2.6467996741462e-18,"T1_MBC_to_prePB","closing","T1_MBC_to_prePB_closing",2.6467996741462e-18,FALSE,0.522499898153788
"MA0846.1",950,2030,6.34221243073636,5.075,1.24969703068697,6.76314750168793e-19,"FOXC2",2.68367448737191e-18,"T1_MBC_to_prePB","closing","T1_MBC_to_prePB_closing",2.68367448737191e-18,FALSE,0.32157953307935
"MA1474.1",336,612,2.24314039655518,1.53,1.46610483434979,8.23389201359301e-19,"CREB3L4",3.24999123922772e-18,"T1_MBC_to_prePB","closing","T1_MBC_to_prePB_closing",3.24999123922772e-18,FALSE,0.551989251616634
"MA0613.1",503,987,3.35803458174778,2.4675,1.36090560557154,1.58124203163831e-18,"FOXG1",6.20845555580093e-18,"T1_MBC_to_prePB","closing","T1_MBC_to_prePB_closing",6.20845555580093e-18,FALSE,0.444568062946212
"MA0845.1",618,1252,4.12577608652113,3.13,1.31813932476713,1.84343727674705e-18,"FOXB1",7.2000220337869e-18,"T1_MBC_to_prePB","closing","T1_MBC_to_prePB_closing",7.2000220337869e-18,FALSE,0.398503962963131
"MA0625.1",632,1285,4.21924026971093,3.2125,1.31338218512402,2.05572067244516e-18,"NFATC3",7.98733136272961e-18,"T1_MBC_to_prePB","closing","T1_MBC_to_prePB_closing",7.98733136272961e-18,FALSE,0.393287890051548
"MA0481.3",587,1181,3.91881968088657,2.9525,1.32728863027488,2.17589191857445e-18,"FOXP1",8.41044233811678e-18,"T1_MBC_to_prePB","closing","T1_MBC_to_prePB_closing",8.41044233811678e-18,FALSE,0.40848321815968
"MA0702.2",279,492,1.862607650711,1.23,1.51431516317967,2.36269129767385e-18,"LMX1A",9.0854005570345e-18,"T1_MBC_to_prePB","closing","T1_MBC_to_prePB_closing",9.0854005570345e-18,TRUE,0.598666446692446
"MA1491.1",702,1451,4.68656118565992,3.6275,1.29195346262162,3.48873654177363e-18,"GLI3",1.33466536418622e-17,"T1_MBC_to_prePB","closing","T1_MBC_to_prePB_closing",1.33466536418622e-17,FALSE,0.369555220412835
"MA0032.2",712,1477,4.75332131650978,3.6925,1.28729081015837,5.75632012889561e-18,"FOXC1",2.19092592661027e-17,"T1_MBC_to_prePB","closing","T1_MBC_to_prePB_closing",2.19092592661027e-17,FALSE,0.364339128421304
"MA1489.1",645,1321,4.30602843981574,3.3025,1.30386932318418,6.94372620358918e-18,"FOXN3",2.6294516486688e-17,"T1_MBC_to_prePB","closing","T1_MBC_to_prePB_closing",2.6294516486688e-17,FALSE,0.382800393033675
"MA0600.2",322,588,2.14967621336538,1.47,1.46236477099686,7.17085361446866e-18,"RFX2",2.70174585676446e-17,"T1_MBC_to_prePB","closing","T1_MBC_to_prePB_closing",2.70174585676446e-17,FALSE,0.548304207325484
"MA0624.1",592,1198,3.9521997463115,2.995,1.31959924751636,7.31666697645943e-18,"NFATC1",2.74283093690389e-17,"T1_MBC_to_prePB","closing","T1_MBC_to_prePB_closing",2.74283093690389e-17,FALSE,0.40010095362066
"MA0713.1",339,626,2.26316843581013,1.565,1.4461140164921,9.28004398932241e-18,"PHOX2A",3.46145640801726e-17,"T1_MBC_to_prePB","closing","T1_MBC_to_prePB_closing",3.46145640801726e-17,FALSE,0.532182301337331
"MA0779.1",245,424,1.63562320582148,1.06,1.54304076020895,1.19661934576994e-17,"PAX1",4.44118423852923e-17,"T1_MBC_to_prePB","closing","T1_MBC_to_prePB_closing",4.44118423852923e-17,TRUE,0.625777106906116
"MA1136.1",251,437,1.6756792843314,1.0925,1.53380254858709,1.35336236649392e-17,"FOSB::JUNB(var.2)",4.99806101685379e-17,"T1_MBC_to_prePB","closing","T1_MBC_to_prePB_closing",4.99806101685379e-17,TRUE,0.617113712548305
"MA0621.1",268,474,1.78917150677615,1.185,1.50984937280688,1.83909597205088e-17,"mix-a",6.75845120763525e-17,"T1_MBC_to_prePB","closing","T1_MBC_to_prePB_closing",6.75845120763525e-17,TRUE,0.594405584579893
"MA0154.4",1205,2669,8.0445957674077,6.6725,1.20563443498055,2.23229351860417e-17,"EBF1",8.16319100430741e-17,"T1_MBC_to_prePB","closing","T1_MBC_to_prePB_closing",8.16319100430741e-17,FALSE,0.26979372510033
"MA0660.1",1630,3720,10.8819013285266,9.3,1.17009691704587,3.75109426940232e-17,"MEF2B",1.36503235364592e-16,"T1_MBC_to_prePB","closing","T1_MBC_to_prePB_closing",1.36503235364592e-16,FALSE,0.226629263591271
"MA1140.2",247,432,1.64897523199145,1.08,1.52682891851061,5.2360135576584e-17,"JUNB(var.2)",1.89614859903552e-16,"T1_MBC_to_prePB","closing","T1_MBC_to_prePB_closing",1.89614859903552e-16,TRUE,0.61053936181543
"MA0046.2",433,842,2.89071366579878,2.105,1.37326064883553,5.51528522458865e-17,"HNF1A",1.98763419204982e-16,"T1_MBC_to_prePB","closing","T1_MBC_to_prePB_closing",1.98763419204982e-16,FALSE,0.457606529719846
"MA0725.1",250,440,1.66900327124641,1.1,1.5172757011331,9.68332107509367e-17,"VSX1",3.47296034712494e-16,"T1_MBC_to_prePB","closing","T1_MBC_to_prePB_closing",3.47296034712494e-16,TRUE,0.601484209480991
"MA0508.3",1442,3266,9.6268108685493,8.165,1.17903378671761,1.57565970039288e-16,"PRDM1",5.62412505499085e-16,"T1_MBC_to_prePB","closing","T1_MBC_to_prePB_closing",5.62412505499085e-16,FALSE,0.23760628480166
"MA0108.2",288,524,1.92269176847587,1.31,1.46770364005791,2.04648397056343e-16,"TBP",7.26989067638246e-16,"T1_MBC_to_prePB","closing","T1_MBC_to_prePB_closing",7.26989067638246e-16,FALSE,0.553561670363457
"MA1139.1",265,476,1.7691434675212,1.19,1.48667518279092,3.86593236354967e-16,"FOSL2::JUNB(var.2)",1.3668177929896e-15,"T1_MBC_to_prePB","closing","T1_MBC_to_prePB_closing",1.3668177929896e-15,FALSE,0.572090444057607
"MA1485.1",740,1566,4.94024968288938,3.915,1.26187731363713,4.19128678940404e-16,"FERD3L",1.47485846457331e-15,"T1_MBC_to_prePB","closing","T1_MBC_to_prePB_closing",1.47485846457331e-15,FALSE,0.335572794015656
"MA0155.1",1171,2607,7.81761132251819,6.5175,1.19948006482826,4.22116538920676e-16,"INSM1",1.47839877011655e-15,"T1_MBC_to_prePB","closing","T1_MBC_to_prePB_closing",1.47839877011655e-15,FALSE,0.262410383230359
"MA0502.2",665,1390,4.43954870151545,3.475,1.27756797165912,5.64219290429274e-16,"NFYB",1.96424565037823e-15,"T1_MBC_to_prePB","closing","T1_MBC_to_prePB_closing",1.96424565037823e-15,FALSE,0.353401179526543
"MA1607.1",634,1317,4.2325922958809,3.2925,1.28552537460316,5.66102968942786e-16,"Foxl2",1.96424565037823e-15,"T1_MBC_to_prePB","closing","T1_MBC_to_prePB_closing",1.96424565037823e-15,FALSE,0.362359209641694
"MA0075.3",265,478,1.7691434675212,1.195,1.48045478453657,7.75581626388629e-16,"PRRX2",2.67862913558295e-15,"T1_MBC_to_prePB","closing","T1_MBC_to_prePB_closing",2.67862913558295e-15,FALSE,0.566041403462182
"MA1635.1",906,1968,6.048467854997,4.92,1.22936338516199,8.78462965617893e-16,"BHLHE22(var.2)",3.01996945783847e-15,"T1_MBC_to_prePB","closing","T1_MBC_to_prePB_closing",3.01996945783847e-15,FALSE,0.297912595734903
"MA0773.1",2038,4771,13.6057146672007,11.9275,1.14070129257604,1.00499967886908e-15,"MEF2D",3.43912734145106e-15,"T1_MBC_to_prePB","closing","T1_MBC_to_prePB_closing",3.43912734145106e-15,FALSE,0.189922317423089
"MA0843.1",119,178,0.794445557113292,0.445,1.78527091486133,1.61587013619147e-15,"TEF",5.50428822647869e-15,"T1_MBC_to_prePB","closing","T1_MBC_to_prePB_closing",5.50428822647869e-15,TRUE,0.836143827949387
"MA0716.1",257,464,1.71573536284131,1.16,1.47908220934596,2.4379720519131e-15,"PRRX1",8.26694159421443e-15,"T1_MBC_to_prePB","closing","T1_MBC_to_prePB_closing",8.26694159421443e-15,FALSE,0.564703216962997
"MA0851.1",679,1431,4.53301288470525,3.5775,1.26708955547317,2.44939800670355e-15,"Foxj3",8.26810367873687e-15,"T1_MBC_to_prePB","closing","T1_MBC_to_prePB_closing",8.26810367873687e-15,FALSE,0.341519633605455
"MA0794.1",272,497,1.8158755591161,1.2425,1.4614692628701,2.7871159367169e-15,"PROX1",9.36571391347209e-15,"T1_MBC_to_prePB","closing","T1_MBC_to_prePB_closing",9.36571391347209e-15,FALSE,0.547420474339788
"MA0618.1",248,445,1.65565124507644,1.1125,1.48822583827096,2.85594998788312e-15,"LBX1",9.55398516125922e-15,"T1_MBC_to_prePB","closing","T1_MBC_to_prePB_closing",9.55398516125922e-15,FALSE,0.573594441436979
"MA0605.2",301,562,2.00947993858068,1.405,1.43023483173002,4.24136181158151e-15,"ATF3",1.4125249604642e-14,"T1_MBC_to_prePB","closing","T1_MBC_to_prePB_closing",1.4125249604642e-14,FALSE,0.516253052748626
"MA0003.4",1335,3033,8.91247746845584,7.5825,1.17540091901824,7.61014508181308e-15,"TFAP2A",2.52318588045892e-14,"T1_MBC_to_prePB","closing","T1_MBC_to_prePB_closing",2.52318588045892e-14,FALSE,0.23315415885519
"MA0707.1",360,696,2.40336471059483,1.74,1.38124408654875,8.01463953150759e-15,"MNX1",2.64554030553304e-14,"T1_MBC_to_prePB","closing","T1_MBC_to_prePB_closing",2.64554030553304e-14,FALSE,0.465969332468338
"MA0025.2",333,636,2.22311235730022,1.59,1.39818387251586,9.62745238244648e-15,"NFIL3",3.16391166401104e-14,"T1_MBC_to_prePB","closing","T1_MBC_to_prePB_closing",3.16391166401104e-14,FALSE,0.483555131119728
"MA0509.2",624,1309,4.16583216503104,3.2725,1.2729815630347,1.1059483032662e-14,"RFX1",3.61858523787974e-14,"T1_MBC_to_prePB","closing","T1_MBC_to_prePB_closing",3.61858523787974e-14,FALSE,0.34821265773443
"MA0703.2",269,495,1.79584751986114,1.2375,1.4511899150393,1.2287620205093e-14,"LMX1B",4.00286666943203e-14,"T1_MBC_to_prePB","closing","T1_MBC_to_prePB_closing",4.00286666943203e-14,FALSE,0.53723732923378
"MA1525.1",617,1295,4.11910007343614,3.2375,1.27230890299186,1.77606014242004e-14,"NFATC4",5.76061246193632e-14,"T1_MBC_to_prePB","closing","T1_MBC_to_prePB_closing",5.76061246193632e-14,FALSE,0.347450117992101
"MA1533.1",480,975,3.20448628079311,2.4375,1.3146610382741,2.19104848869424e-14,"NR1I2",7.07585356089137e-14,"T1_MBC_to_prePB","closing","T1_MBC_to_prePB_closing",7.07585356089137e-14,FALSE,0.394691971858693
"MA1463.1",273,506,1.82255157220108,1.265,1.440752230989,2.48413540313538e-14,"ARGFX",7.98778021870257e-14,"T1_MBC_to_prePB","closing","T1_MBC_to_prePB_closing",7.98778021870257e-14,FALSE,0.526823255071865
"MA0639.1",121,188,0.807797583283263,0.47,1.71871826230482,6.37507022028173e-14,"DBP",2.041116903146e-13,"T1_MBC_to_prePB","closing","T1_MBC_to_prePB_closing",2.041116903146e-13,TRUE,0.781333912496619
"MA0043.3",301,574,2.00947993858068,1.435,1.4003344519726,1.41734682629429e-13,"HLF",4.51855013852794e-13,"T1_MBC_to_prePB","closing","T1_MBC_to_prePB_closing",4.51855013852794e-13,FALSE,0.485772467832184
"MA0863.1",389,775,2.59696909005942,1.9375,1.34037114325647,2.07782759196131e-13,"MTF1",6.59599737703462e-13,"T1_MBC_to_prePB","closing","T1_MBC_to_prePB_closing",6.59599737703462e-13,FALSE,0.422633608662365
"MA1131.1",391,780,2.61032111622939,1.95,1.33862621345097,2.28736842832007e-13,"FOSL2::JUN(var.2)",7.23041037087616e-13,"T1_MBC_to_prePB","closing","T1_MBC_to_prePB_closing",7.23041037087616e-13,FALSE,0.420754248798547
"MA0004.1",1143,2589,7.63068295613859,6.4725,1.17893904304961,3.09027031826635e-13,"Arnt",9.72717998914217e-13,"T1_MBC_to_prePB","closing","T1_MBC_to_prePB_closing",9.72717998914217e-13,FALSE,0.237490349535234
"MA0614.1",462,946,3.08431804526337,2.365,1.30415139334603,3.34789274893569e-13,"Foxj2",1.04938150870001e-12,"T1_MBC_to_prePB","closing","T1_MBC_to_prePB_closing",1.04938150870001e-12,FALSE,0.383112461807234
"MA1575.1",463,949,3.09099405834835,2.3725,1.30284259572112,3.84714779976603e-13,"THRB(var.2)",1.200825212814e-12,"T1_MBC_to_prePB","closing","T1_MBC_to_prePB_closing",1.200825212814e-12,FALSE,0.381663901080987
"MA0854.1",196,347,1.30849856465719,0.8675,1.50835569412932,4.04066431784779e-13,"Alx1",1.25597315879769e-12,"T1_MBC_to_prePB","closing","T1_MBC_to_prePB_closing",1.25597315879769e-12,TRUE,0.592977635503551
"MA0656.1",309,597,2.06288804326056,1.4925,1.38216954322316,5.62433112985899e-13,"JDP2(var.2)",1.74097552816382e-12,"T1_MBC_to_prePB","closing","T1_MBC_to_prePB_closing",1.74097552816382e-12,FALSE,0.466935637927605
"MA0878.2",405,817,2.70378529941919,2.0425,1.32376269249409,6.76502727637582e-13,"CDX1",2.08541749924643e-12,"T1_MBC_to_prePB","closing","T1_MBC_to_prePB_closing",2.08541749924643e-12,FALSE,0.404645606968254
"MA1464.1",347,685,2.31657654049002,1.7125,1.35274542510366,8.9370399499542e-13,"ARNT2",2.74363448669376e-12,"T1_MBC_to_prePB","closing","T1_MBC_to_prePB_closing",2.74363448669376e-12,FALSE,0.435891428722297
"MA0647.1",201,360,1.34187863008212,0.9,1.49097625564679,9.15990838197078e-13,"GRHL1",2.8005293659632e-12,"T1_MBC_to_prePB","closing","T1_MBC_to_prePB_closing",2.8005293659632e-12,FALSE,0.576258249964847
"MA0628.1",161,275,1.07483810668269,0.6875,1.56340088244755,9.27309874710656e-13,"POU6F1",2.82356394503734e-12,"T1_MBC_to_prePB","closing","T1_MBC_to_prePB_closing",2.82356394503734e-12,TRUE,0.644688679993277
"MA1546.1",154,261,1.02810601508779,0.6525,1.57564140243339,1.20491138643658e-12,"PAX3(var.2)",3.65391826943775e-12,"T1_MBC_to_prePB","closing","T1_MBC_to_prePB_closing",3.65391826943775e-12,TRUE,0.655940147246899
"MA0500.2",893,1987,5.96167968489218,4.9675,1.20013682634971,1.42921006306925e-12,"MYOG",4.31656156700269e-12,"T1_MBC_to_prePB","closing","T1_MBC_to_prePB_closing",4.31656156700269e-12,FALSE,0.263200097478053
"MA1103.2",535,1125,3.57166700046732,2.8125,1.2699260446106,1.4682239034744e-12,"FOXK2",4.41651222577379e-12,"T1_MBC_to_prePB","closing","T1_MBC_to_prePB_closing",4.41651222577379e-12,FALSE,0.344745618728365
"MA1115.1",755,1654,5.04038987916416,4.135,1.21895764913281,2.06003455279117e-12,"POU5F1",6.1718304272378e-12,"T1_MBC_to_prePB","closing","T1_MBC_to_prePB_closing",6.1718304272378e-12,FALSE,0.285649186087007
"MA0603.1",365,730,2.43674477601976,1.825,1.33520261699713,2.18968899402691e-12,"Arntl",6.5340319581763e-12,"T1_MBC_to_prePB","closing","T1_MBC_to_prePB_closing",6.5340319581763e-12,FALSE,0.417059768004247
"MA0031.1",358,715,2.39001268442486,1.7875,1.33707003324468,2.81465579207219e-12,"FOXD1",8.36547099954523e-12,"T1_MBC_to_prePB","closing","T1_MBC_to_prePB_closing",8.36547099954523e-12,FALSE,0.419076112093666
"MA0777.1",69,95,0.46064490286401,0.2375,1.9395574857432,3.35336462995869e-12,"MYBL2",9.9270238648777e-12,"T1_MBC_to_prePB","closing","T1_MBC_to_prePB_closing",9.9270238648777e-12,TRUE,0.955728279772135
"MA1657.1",496,1038,3.31130249015288,2.595,1.27603178811286,3.7984982186547e-12,"ZNF652",1.12003149055984e-11,"T1_MBC_to_prePB","closing","T1_MBC_to_prePB_closing",1.12003149055984e-11,FALSE,0.351665400137333
"MA0791.1",449,928,2.99752987515856,2.32,1.29203873929248,4.1625642897762e-12,"POU4F3",1.22254840951695e-11,"T1_MBC_to_prePB","closing","T1_MBC_to_prePB_closing",1.22254840951695e-11,FALSE,0.369650443714892
"MA0520.1",690,1502,4.6064490286401,3.755,1.22675073998405,4.41551014121615e-12,"Stat6",1.29175316288127e-11,"T1_MBC_to_prePB","closing","T1_MBC_to_prePB_closing",1.29175316288127e-11,FALSE,0.294843317678466
"MA0734.2",710,1551,4.73996929033981,3.8775,1.22242921736681,4.92773133931476e-12,"GLI2",1.43597171059719e-11,"T1_MBC_to_prePB","closing","T1_MBC_to_prePB_closing",1.43597171059719e-11,FALSE,0.289752111040647
"MA0897.1",302,590,2.01615595166567,1.475,1.36688539095977,5.61047854792909e-12,"Hmx2",1.62856692480743e-11,"T1_MBC_to_prePB","closing","T1_MBC_to_prePB_closing",1.62856692480743e-11,FALSE,0.450893338035289
"MA0514.1",1148,2628,7.66406302156352,6.57,1.16652405198836,7.20797605013234e-12,"Sox3",2.0841667183716e-11,"T1_MBC_to_prePB","closing","T1_MBC_to_prePB_closing",2.0841667183716e-11,FALSE,0.22221729059796
"MA1616.1",960,2164,6.40897256158622,5.41,1.18465296886991,7.61196837726026e-12,"Prdm15",2.19248201136531e-11,"T1_MBC_to_prePB","closing","T1_MBC_to_prePB_closing",2.19248201136531e-11,FALSE,0.244465717100202
"MA0042.2",358,720,2.39001268442486,1.8,1.32778482468048,8.8372886001791e-12,"FOXI1",2.49720352111122e-11,"T1_MBC_to_prePB","closing","T1_MBC_to_prePB_closing",2.49720352111122e-11,FALSE,0.409022454975173
"MA0033.2",358,720,2.39001268442486,1.8,1.32778482468048,8.8372886001791e-12,"FOXL1",2.49720352111122e-11,"T1_MBC_to_prePB","closing","T1_MBC_to_prePB_closing",2.49720352111122e-11,FALSE,0.409022454975173
"MA0848.1",358,720,2.39001268442486,1.8,1.32778482468048,8.8372886001791e-12,"FOXO4",2.49720352111122e-11,"T1_MBC_to_prePB","closing","T1_MBC_to_prePB_closing",2.49720352111122e-11,FALSE,0.409022454975173
"MA0849.1",358,720,2.39001268442486,1.8,1.32778482468048,8.8372886001791e-12,"FOXO6",2.49720352111122e-11,"T1_MBC_to_prePB","closing","T1_MBC_to_prePB_closing",2.49720352111122e-11,FALSE,0.409022454975173
"MA0850.1",358,720,2.39001268442486,1.8,1.32778482468048,8.8372886001791e-12,"FOXP3",2.49720352111122e-11,"T1_MBC_to_prePB","closing","T1_MBC_to_prePB_closing",2.49720352111122e-11,FALSE,0.409022454975173
"MA1133.1",317,626,2.11629614794045,1.565,1.35226590922712,8.95743915347122e-12,"JUN::JUNB(var.2)",2.51582975534502e-11,"T1_MBC_to_prePB","closing","T1_MBC_to_prePB_closing",2.51582975534502e-11,FALSE,0.435379937576895
"MA0737.1",377,764,2.51685693303959,1.91,1.31772614295266,9.02465059240394e-12,"GLIS3",2.51582975534502e-11,"T1_MBC_to_prePB","closing","T1_MBC_to_prePB_closing",2.51582975534502e-11,FALSE,0.398051667567476
"MA0630.1",251,477,1.6756792843314,1.1925,1.40518178979572,9.03810153394726e-12,"SHOX",2.51582975534502e-11,"T1_MBC_to_prePB","closing","T1_MBC_to_prePB_closing",2.51582975534502e-11,FALSE,0.490757812139465
"MA0720.1",251,477,1.6756792843314,1.1925,1.40518178979572,9.03810153394726e-12,"Shox2",2.51582975534502e-11,"T1_MBC_to_prePB","closing","T1_MBC_to_prePB_closing",2.51582975534502e-11,FALSE,0.490757812139465
"MA1637.1",1179,2710,7.87101942719808,6.775,1.16177408519529,1.26575229358144e-11,"EBF3",3.51022755022956e-11,"T1_MBC_to_prePB","closing","T1_MBC_to_prePB_closing",3.51022755022956e-11,FALSE,0.216330796039622
"MA0511.2",290,567,1.93604379464584,1.4175,1.36581572814521,1.64055815395999e-11,"RUNX2",4.53280141797834e-11,"T1_MBC_to_prePB","closing","T1_MBC_to_prePB_closing",4.53280141797834e-11,FALSE,0.449763908858722
"MA1574.1",877,1967,5.85486347553241,4.9175,1.19061789029637,1.81495408485344e-11,"THRB",4.99614666900616e-11,"T1_MBC_to_prePB","closing","T1_MBC_to_prePB_closing",4.99614666900616e-11,FALSE,0.2517116893835
"MA0790.1",485,1022,3.23786634621804,2.555,1.2672666717096,2.40597191674604e-11,"POU4F1",6.59873180107555e-11,"T1_MBC_to_prePB","closing","T1_MBC_to_prePB_closing",6.59873180107555e-11,FALSE,0.341721282065128
"MA0153.2",298,587,1.98945189932572,1.4675,1.35567420737698,2.58121834683135e-11,"HNF1B",7.0289325209695e-11,"T1_MBC_to_prePB","closing","T1_MBC_to_prePB_closing",7.0289325209695e-11,FALSE,0.439011579039996
"MA0683.1",473,994,3.15775418919821,2.485,1.27072603187051,2.58167226641507e-11,"POU4F2",7.0289325209695e-11,"T1_MBC_to_prePB","closing","T1_MBC_to_prePB_closing",7.0289325209695e-11,FALSE,0.345654154606165
"MA0798.2",610,1321,4.07236798184124,3.3025,1.2331167242517,2.69712935461321e-11,"RFX3",7.31657635833256e-11,"T1_MBC_to_prePB","closing","T1_MBC_to_prePB_closing",7.31657635833256e-11,FALSE,0.302310538659361
"MA0717.1",217,406,1.44869483944189,1.015,1.42728555610038,3.41720481416148e-11,"RAX2",9.20301368723633e-11,"T1_MBC_to_prePB","closing","T1_MBC_to_prePB_closing",9.20301368723633e-11,FALSE,0.513275013553507
"MA0721.1",217,406,1.44869483944189,1.015,1.42728555610038,3.41720481416148e-11,"UNCX",9.20301368723633e-11,"T1_MBC_to_prePB","closing","T1_MBC_to_prePB_closing",9.20301368723633e-11,FALSE,0.513275013553507
"MA0138.2",1107,2542,7.39034648507911,6.355,1.16291840835234,4.26853690292956e-11,"REST",1.14544191711707e-10,"T1_MBC_to_prePB","closing","T1_MBC_to_prePB_closing",1.14544191711707e-10,FALSE,0.217751119855741
"MA0718.1",238,454,1.58889111422658,1.135,1.39990406539787,4.97993740518289e-11,"RAX",1.33155315565105e-10,"T1_MBC_to_prePB","closing","T1_MBC_to_prePB_closing",1.33155315565105e-10,FALSE,0.485328994081938
"MA0898.1",310,618,2.06956405634555,1.545,1.33952366106508,6.07727540202996e-11,"Hmx3",1.61915980354084e-10,"T1_MBC_to_prePB","closing","T1_MBC_to_prePB_closing",1.61915980354084e-10,FALSE,0.421721141888608
"MA1656.1",1128,2599,7.53054275986381,6.4975,1.15899080567354,7.22613135485242e-11,"ZNF449",1.91839643797861e-10,"T1_MBC_to_prePB","closing","T1_MBC_to_prePB_closing",1.91839643797861e-10,FALSE,0.212870366209835
"MA0480.1",913,2067,6.0951999465919,5.1675,1.17952587258672,7.70179813156514e-11,"Foxo1",2.03742603054879e-10,"T1_MBC_to_prePB","closing","T1_MBC_to_prePB_closing",2.03742603054879e-10,FALSE,0.238208287170824
"MA0776.1",70,101,0.467320915948995,0.2525,1.8507759047485,8.1182069781061e-11,"MYBL1",2.13999378292126e-10,"T1_MBC_to_prePB","closing","T1_MBC_to_prePB_closing",2.13999378292126e-10,TRUE,0.888131001199387
"MA0048.2",748,1663,4.99365778756926,4.1575,1.20112033375088,8.33311111347293e-11,"NHLH1",2.18890876431366e-10,"T1_MBC_to_prePB","closing","T1_MBC_to_prePB_closing",2.18890876431366e-10,FALSE,0.264381895222552
"MA0722.1",291,577,1.94271980773082,1.4425,1.346772830316,1.10267068696733e-10,"VAX1",2.88628888588642e-10,"T1_MBC_to_prePB","closing","T1_MBC_to_prePB_closing",2.88628888588642e-10,FALSE,0.429507592984353
"MA0874.1",171,309,1.14159823753255,0.7725,1.47779707123954,1.13672978199564e-10,"Arx",2.96503642436625e-10,"T1_MBC_to_prePB","closing","T1_MBC_to_prePB_closing",2.96503642436625e-10,FALSE,0.56344915072645
"MA0823.1",350,714,2.33660457974498,1.785,1.3090221735266,1.36123974546863e-10,"HEY1",3.53827473909267e-10,"T1_MBC_to_prePB","closing","T1_MBC_to_prePB_closing",3.53827473909267e-10,FALSE,0.388490637417588
"MA0040.1",556,1202,3.71186327525202,3.005,1.2352290433451,1.4771738461176e-10,"Foxq1",3.82629058751294e-10,"T1_MBC_to_prePB","closing","T1_MBC_to_prePB_closing",3.82629058751294e-10,FALSE,0.304779747467562
"MA1100.2",997,2282,6.65598504573069,5.705,1.16669325954964,1.8343021346418e-10,"ASCL1",4.73491139253558e-10,"T1_MBC_to_prePB","closing","T1_MBC_to_prePB_closing",4.73491139253558e-10,FALSE,0.222426542174748
"MA0654.1",213,404,1.42199078710194,1.01,1.40791167039796,2.59118432825977e-10,"ISX",6.66559830648893e-10,"T1_MBC_to_prePB","closing","T1_MBC_to_prePB_closing",6.66559830648893e-10,FALSE,0.493557849677529
"MA1154.1",607,1329,4.05233994258629,3.3225,1.21966589694094,2.77779897742607e-10,"ZNF282",7.12109291120223e-10,"T1_MBC_to_prePB","closing","T1_MBC_to_prePB_closing",7.12109291120223e-10,FALSE,0.286487187338074
"MA0597.1",718,1601,4.79337739501969,4.0025,1.19759585134783,3.78386793481058e-10,"THAP1",9.66700506633114e-10,"T1_MBC_to_prePB","closing","T1_MBC_to_prePB_closing",9.66700506633114e-10,FALSE,0.260142333463843
"MA1535.1",459,976,3.06429000600841,2.44,1.25585655983951,3.90142293842684e-10,"NR2C1",9.93331574084102e-10,"T1_MBC_to_prePB","closing","T1_MBC_to_prePB_closing",9.93331574084102e-10,FALSE,0.328672842122408
"MA0104.4",298,599,1.98945189932572,1.4975,1.32851545864823,4.38314738586227e-10,"MYCN",1.11218637750111e-09,"T1_MBC_to_prePB","closing","T1_MBC_to_prePB_closing",1.11218637750111e-09,FALSE,0.40981610111641
"MA1528.1",647,1430,4.31938046598571,3.575,1.20821831216384,4.97336944922532e-10,"NFIX(var.2)",1.25767240987189e-09,"T1_MBC_to_prePB","closing","T1_MBC_to_prePB_closing",1.25767240987189e-09,FALSE,0.272882351892642
"MA0674.1",337,690,2.24981640964016,1.725,1.30424139689285,5.04158433812153e-10,"NKX6-1",1.27061551224279e-09,"T1_MBC_to_prePB","closing","T1_MBC_to_prePB_closing",1.27061551224279e-09,FALSE,0.383212023170559
"MA0116.1",664,1472,4.43287268843047,3.68,1.20458496968219,5.44452535113689e-10,"Znf423",1.36754744510038e-09,"T1_MBC_to_prePB","closing","T1_MBC_to_prePB_closing",1.36754744510038e-09,FALSE,0.268537360457416
"MA0130.1",4554,11451,30.4025635890246,28.6275,1.06200553974411,7.16166403526158e-10,"ZNF354C",1.79281925178025e-09,"T1_MBC_to_prePB","closing","T1_MBC_to_prePB_closing",1.79281925178025e-09,FALSE,0.0867926501602896
"MA0726.1",242,473,1.61559516656653,1.1825,1.36625384064823,7.19159612134556e-10,"VSX2",1.79429120619525e-09,"T1_MBC_to_prePB","closing","T1_MBC_to_prePB_closing",1.79429120619525e-09,FALSE,0.450226607382499
"MA0634.1",267,530,1.78249549369117,1.325,1.34527961788013,7.2787156103224e-10,"ALX3",1.8099739484335e-09,"T1_MBC_to_prePB","closing","T1_MBC_to_prePB_closing",1.8099739484335e-09,FALSE,0.427907142147564
"MA0047.3",516,1117,3.44482275185259,2.7925,1.23359812062761,8.52970936310291e-10,"FOXA2",2.1140077026162e-09,"T1_MBC_to_prePB","closing","T1_MBC_to_prePB_closing",2.1140077026162e-09,FALSE,0.302873641939318
"MA1683.1",490,1055,3.27124641164297,2.6375,1.24028299967506,9.04064646056949e-10,"FOXA3",2.23321929125326e-09,"T1_MBC_to_prePB","closing","T1_MBC_to_prePB_closing",2.23321929125326e-09,FALSE,0.310670506104026
"MA0701.2",214,411,1.42866680018693,1.0275,1.39042997585103,9.83208282330752e-10,"LHX9",2.42070421986383e-09,"T1_MBC_to_prePB","closing","T1_MBC_to_prePB_closing",2.42070421986383e-09,FALSE,0.47553212780643
"MA0847.2",692,1545,4.61980105481007,3.8625,1.19606499800908,1.0286563830066e-09,"FOXD2",2.52426862408856e-09,"T1_MBC_to_prePB","closing","T1_MBC_to_prePB_closing",2.52426862408856e-09,FALSE,0.258296998543888
"MA0466.2",209,400,1.395286734762,1,1.395286734762,1.04267895419639e-09,"CEBPB",2.55029016337872e-09,"T1_MBC_to_prePB","closing","T1_MBC_to_prePB_closing",2.55029016337872e-09,FALSE,0.480562663781453
"MA0137.3",887,2025,5.92162360638227,5.0625,1.16970342842119,1.06891494100975e-09,"STAT1",2.60591681697148e-09,"T1_MBC_to_prePB","closing","T1_MBC_to_prePB_closing",2.60591681697148e-09,FALSE,0.226144022524711
"MA0148.4",548,1199,3.65845517057213,2.9975,1.22050214197569,1.80831987640924e-09,"FOXA1",4.39415839674688e-09,"T1_MBC_to_prePB","closing","T1_MBC_to_prePB_closing",4.39415839674688e-09,FALSE,0.287476009094416
"MA0611.1",430,918,2.87068562654383,2.295,1.25084341025875,2.59784476476544e-09,"Dux",6.29218244972409e-09,"T1_MBC_to_prePB","closing","T1_MBC_to_prePB_closing",6.29218244972409e-09,FALSE,0.322902347051208
"MA0731.1",554,1217,3.69851124908205,3.0425,1.21561585836715,3.02086317705553e-09,"BCL6B",7.29308715237355e-09,"T1_MBC_to_prePB","closing","T1_MBC_to_prePB_closing",7.29308715237355e-09,FALSE,0.281688587634933
"MA0852.2",550,1211,3.67180719674211,3.0275,1.2128182317893,5.15010134922557e-09,"FOXK1",1.2393469698459e-08,"T1_MBC_to_prePB","closing","T1_MBC_to_prePB_closing",1.2393469698459e-08,FALSE,0.278364535754778
"MA0157.2",412,880,2.75051739101409,2.2,1.25023517773368,5.9680546747783e-09,"FOXO3",1.43156552649023e-08,"T1_MBC_to_prePB","closing","T1_MBC_to_prePB_closing",1.43156552649023e-08,FALSE,0.322200655095226
"MA0680.1",171,322,1.14159823753255,0.805,1.41813445656217,7.18268019963185e-09,"PAX7",1.71739725286069e-08,"T1_MBC_to_prePB","closing","T1_MBC_to_prePB_closing",1.71739725286069e-08,FALSE,0.503995341588062
"MA0838.1",209,408,1.395286734762,1.02,1.36792817133529,8.7858537979197e-09,"CEBPG",2.0940086048716e-08,"T1_MBC_to_prePB","closing","T1_MBC_to_prePB_closing",2.0940086048716e-08,FALSE,0.451993532264216
"MA0853.1",176,334,1.17497830295747,0.835,1.40715964426045,9.2724928179305e-09,"Alx4",2.2029553000561e-08,"T1_MBC_to_prePB","closing","T1_MBC_to_prePB_closing",2.2029553000561e-08,FALSE,0.492787038914361
"MA0899.1",437,943,2.91741771813873,2.3575,1.23750486453392,1.01763101362705e-08,"HOXA10",2.41000868624057e-08,"T1_MBC_to_prePB","closing","T1_MBC_to_prePB_closing",2.41000868624057e-08,FALSE,0.307435362132823
"MA0913.2",370,784,2.47012484144469,1.96,1.26026777624729,1.17038138178407e-08,"HOXD9",2.7629889582624e-08,"T1_MBC_to_prePB","closing","T1_MBC_to_prePB_closing",2.7629889582624e-08,FALSE,0.333731448651631
"MA0675.1",313,650,2.08959209560051,1.625,1.28590282806185,1.29217045854572e-08,"NKX6-2",3.0408806374609e-08,"T1_MBC_to_prePB","closing","T1_MBC_to_prePB_closing",3.0408806374609e-08,FALSE,0.362782748446184
"MA1521.1",431,932,2.87736163962881,2.33,1.23491915863898,1.74842687793501e-08,"MAFA",4.10165550609911e-08,"T1_MBC_to_prePB","closing","T1_MBC_to_prePB_closing",4.10165550609911e-08,FALSE,0.30441777018314
"MA0837.1",207,407,1.38193470859203,1.0175,1.35816678977104,2.14723277197877e-08,"CEBPE",5.02142836331085e-08,"T1_MBC_to_prePB","closing","T1_MBC_to_prePB_closing",5.02142836331085e-08,FALSE,0.441661722967906
"MA0708.1",217,430,1.44869483944189,1.075,1.34762310645757,2.25328884100317e-08,"MSX2",5.23661518812576e-08,"T1_MBC_to_prePB","closing","T1_MBC_to_prePB_closing",5.23661518812576e-08,FALSE,0.430418140900688
"MA0709.1",217,430,1.44869483944189,1.075,1.34762310645757,2.25328884100317e-08,"Msx3",5.23661518812576e-08,"T1_MBC_to_prePB","closing","T1_MBC_to_prePB_closing",5.23661518812576e-08,FALSE,0.430418140900688
"MA0594.2",54,79,0.360504706589225,0.1975,1.82534028652772,2.45265964048795e-08,"HOXA9",5.6822487323106e-08,"T1_MBC_to_prePB","closing","T1_MBC_to_prePB_closing",5.6822487323106e-08,TRUE,0.868166231854809
"MA1473.1",395,850,2.63702516856933,2.125,1.24095302050321,3.47620201028173e-08,"CDX4",8.02862755315842e-08,"T1_MBC_to_prePB","closing","T1_MBC_to_prePB_closing",8.02862755315842e-08,FALSE,0.311449662107365
"MA0147.3",410,886,2.73716536484411,2.215,1.23574057103572,3.51064475566458e-08,"MYC",8.08315119668451e-08,"T1_MBC_to_prePB","closing","T1_MBC_to_prePB_closing",8.08315119668451e-08,FALSE,0.305377065922199
"MA0700.2",266,546,1.77581948060618,1.365,1.30096665245874,4.23864197669047e-08,"LHX2",9.72931358341875e-08,"T1_MBC_to_prePB","closing","T1_MBC_to_prePB_closing",9.72931358341875e-08,FALSE,0.379585091019943
"MA0692.1",383,825,2.5569130115495,2.0625,1.23971539953915,6.36769923351397e-08,"TFEB",1.45714835220903e-07,"T1_MBC_to_prePB","closing","T1_MBC_to_prePB_closing",1.45714835220903e-07,FALSE,0.310010124020348
"MA1587.1",3530,8857,23.5663261899993,22.1425,1.06430286507844,6.47864205202408e-08,"ZNF135",1.47709727013982e-07,"T1_MBC_to_prePB","closing","T1_MBC_to_prePB_closing",1.47709727013982e-07,FALSE,0.0899101076578018
"MA0666.1",222,446,1.48207490486681,1.115,1.32921516131553,6.49447593305442e-08,"MSX1",1.47709727013982e-07,"T1_MBC_to_prePB","closing","T1_MBC_to_prePB_closing",1.47709727013982e-07,FALSE,0.410575739301191
"MA0650.2",434,948,2.89738967888377,2.37,1.22252729066826,6.78460215758025e-08,"HOXA13",1.53839307281303e-07,"T1_MBC_to_prePB","closing","T1_MBC_to_prePB_closing",1.53839307281303e-07,FALSE,0.289867851136237
"MA0030.1",426,929,2.84398157420389,2.3225,1.2245345852331,7.09153721348796e-08,"FOXF2",1.60311720038243e-07,"T1_MBC_to_prePB","closing","T1_MBC_to_prePB_closing",1.60311720038243e-07,FALSE,0.292234699498761
"MA1604.1",1104,2609,7.37031844582415,6.5225,1.12998366359895,7.36409660852258e-08,"Ebf2",1.65970274016853e-07,"T1_MBC_to_prePB","closing","T1_MBC_to_prePB_closing",1.65970274016853e-07,FALSE,0.176303192198085
"MA0830.2",1542,3721,10.2944121770479,9.3025,1.10662855974715,8.14703234914773e-08,"TCF4",1.83062835315187e-07,"T1_MBC_to_prePB","closing","T1_MBC_to_prePB_closing",1.83062835315187e-07,FALSE,0.146172365971861
"MA0662.1",237,482,1.5822151011416,1.205,1.31304157771087,8.71830214499964e-08,"MIXL1",1.9531091291801e-07,"T1_MBC_to_prePB","closing","T1_MBC_to_prePB_closing",1.9531091291801e-07,FALSE,0.392913698908926
"MA0518.1",987,2317,6.58922491488083,5.7925,1.13754422354438,9.07458994779976e-08,"Stat4",2.02683955121516e-07,"T1_MBC_to_prePB","closing","T1_MBC_to_prePB_closing",2.02683955121516e-07,FALSE,0.185923901343245
"MA0103.3",1363,3267,9.09940583483544,8.1675,1.11409927576804,9.17801662275647e-08,"ZEB1",2.04382101509741e-07,"T1_MBC_to_prePB","closing","T1_MBC_to_prePB_closing",2.04382101509741e-07,FALSE,0.15587908980775
"MA1147.1",353,756,2.35663261899993,1.89,1.24689556560843,9.95355381169027e-08,"NR4A2::RXRA",2.20992593557171e-07,"T1_MBC_to_prePB","closing","T1_MBC_to_prePB_closing",2.20992593557171e-07,FALSE,0.318341793577414
"MA0642.1",221,446,1.47539889178183,1.115,1.32322770563393,1.09056135307254e-07,"EN2",2.41412097742468e-07,"T1_MBC_to_prePB","closing","T1_MBC_to_prePB_closing",2.41412097742468e-07,FALSE,0.404062437253705
"MA1629.1",1529,3692,10.2076240069431,9.23,1.10591809392666,1.10979535847339e-07,"Zic2",2.44942999237026e-07,"T1_MBC_to_prePB","closing","T1_MBC_to_prePB_closing",2.44942999237026e-07,FALSE,0.145245845735145
"MA1589.1",919,2149,6.13525602510181,5.3725,1.14197413217344,1.15329773773347e-07,"ZNF140",2.53793543465831e-07,"T1_MBC_to_prePB","closing","T1_MBC_to_prePB_closing",2.53793543465831e-07,FALSE,0.191531234693154
"MA0699.1",218,440,1.45537085252687,1.1,1.32306441138806,1.34037898777325e-07,"LBX2",2.94094919082013e-07,"T1_MBC_to_prePB","closing","T1_MBC_to_prePB_closing",2.94094919082013e-07,FALSE,0.40388438916941
"MA0620.3",329,701,2.19640830496028,1.7525,1.25330003136107,1.44394075895298e-07,"MITF",3.15888506210827e-07,"T1_MBC_to_prePB","closing","T1_MBC_to_prePB_closing",3.15888506210827e-07,FALSE,0.325732978339414
"MA0464.2",258,534,1.7224113759263,1.335,1.29019578721071,1.63904877804796e-07,"BHLHE40",3.5752350538707e-07,"T1_MBC_to_prePB","closing","T1_MBC_to_prePB_closing",3.5752350538707e-07,FALSE,0.367591129432004
"MA1561.1",167,325,1.1148941851926,0.8125,1.37217745869859,1.98446350956956e-07,"SOX12",4.31606349311631e-07,"T1_MBC_to_prePB","closing","T1_MBC_to_prePB_closing",4.31606349311631e-07,FALSE,0.456468123447061
"MA0636.1",221,450,1.47539889178183,1.125,1.31146568158385,2.61129395915091e-07,"BHLHE41",5.66286422536797e-07,"T1_MBC_to_prePB","closing","T1_MBC_to_prePB_closing",5.66286422536797e-07,FALSE,0.391181155735304
"MA0780.1",148,284,0.988049936577876,0.71,1.39161962898292,3.21995016096091e-07,"PAX3",6.96255889877345e-07,"T1_MBC_to_prePB","closing","T1_MBC_to_prePB_closing",6.96255889877345e-07,FALSE,0.476765970324231
"MA0442.2",998,2359,6.66266105881567,5.8975,1.12974329102428,3.35172582922597e-07,"SOX10",7.2265533774641e-07,"T1_MBC_to_prePB","closing","T1_MBC_to_prePB_closing",7.2265533774641e-07,FALSE,0.175996266606815
"MA0152.1",746,1728,4.98030576139929,4.32,1.15284855587947,3.52415619021215e-07,"NFATC2",7.5764280054705e-07,"T1_MBC_to_prePB","closing","T1_MBC_to_prePB_closing",7.5764280054705e-07,FALSE,0.205204257007086
"MA0768.1",749,1737,5.00033380065425,4.3425,1.15148734614951,4.12276071476738e-07,"LEF1",8.83787210694386e-07,"T1_MBC_to_prePB","closing","T1_MBC_to_prePB_closing",8.83787210694386e-07,FALSE,0.203499810143014
"MA0664.1",246,511,1.64229921890647,1.2775,1.28555711851778,4.49412255636263e-07,"MLXIPL",9.60634792850006e-07,"T1_MBC_to_prePB","closing","T1_MBC_to_prePB_closing",9.60634792850006e-07,FALSE,0.362394834132708
"MA0635.1",106,193,0.707657387008479,0.4825,1.46664743421446,5.81308417549366e-07,"BARHL2",1.23584803531042e-06,"T1_MBC_to_prePB","closing","T1_MBC_to_prePB_closing",1.23584803531042e-06,FALSE,0.552523088461593
"MA0884.1",323,695,2.15635222645036,1.7375,1.24106602961172,5.81478097042836e-07,"DUXA",1.23584803531042e-06,"T1_MBC_to_prePB","closing","T1_MBC_to_prePB_closing",1.23584803531042e-06,FALSE,0.311581037045158
"MA0844.1",215,440,1.43534281327191,1.1,1.30485710297447,6.01501610322149e-07,"XBP1",1.27477329914865e-06,"T1_MBC_to_prePB","closing","T1_MBC_to_prePB_closing",1.27477329914865e-06,FALSE,0.383892929197086
"MA0886.1",167,331,1.1148941851926,0.8275,1.34730415129015,8.92235376385293e-07,"EMX2",1.88557391156779e-06,"T1_MBC_to_prePB","closing","T1_MBC_to_prePB_closing",1.88557391156779e-06,FALSE,0.430076643965941
"MA1466.1",245,514,1.63562320582148,1.285,1.27285852593112,1.24665792232706e-06,"ATF6",2.62713788151408e-06,"T1_MBC_to_prePB","closing","T1_MBC_to_prePB_closing",2.62713788151408e-06,FALSE,0.348073210735663
"MA1562.1",233,486,1.55551104880166,1.215,1.28025600724416,1.31038550888507e-06,"SOX14",2.75365518205145e-06,"T1_MBC_to_prePB","closing","T1_MBC_to_prePB_closing",2.75365518205145e-06,FALSE,0.356433455426378
"MA0867.2",821,1931,5.48100674277322,4.8275,1.13537167121144,1.58062477050746e-06,"SOX4",3.31220808651283e-06,"T1_MBC_to_prePB","closing","T1_MBC_to_prePB_closing",3.31220808651283e-06,FALSE,0.183165921005646
"MA0074.1",396,878,2.64370118165432,2.195,1.20441967273545,1.62432432792871e-06,"RXRA::VDR",3.39424635471938e-06,"T1_MBC_to_prePB","closing","T1_MBC_to_prePB_closing",3.39424635471938e-06,FALSE,0.268339375876126
"MA0638.1",215,445,1.43534281327191,1.1125,1.29019578721071,1.66860246888762e-06,"CREB3",3.47703196030771e-06,"T1_MBC_to_prePB","closing","T1_MBC_to_prePB_closing",3.47703196030771e-06,FALSE,0.367591129432004
"MA0882.1",243,511,1.62227117965151,1.2775,1.2698795926822,1.71441306710053e-06,"DLX6",3.56254080238718e-06,"T1_MBC_to_prePB","closing","T1_MBC_to_prePB_closing",3.56254080238718e-06,FALSE,0.344692846253971
"MA0602.1",280,599,1.86928366379598,1.4975,1.24826955846142,1.76792005418371e-06,"Arid5a",3.66352322339181e-06,"T1_MBC_to_prePB","closing","T1_MBC_to_prePB_closing",3.66352322339181e-06,FALSE,0.319930667409926
"MA0069.1",253,535,1.68903131050137,1.3375,1.26282714803841,1.82442385357134e-06,"PAX6",3.7701390436682e-06,"T1_MBC_to_prePB","closing","T1_MBC_to_prePB_closing",3.7701390436682e-06,FALSE,0.336658323336259
"MA0649.1",351,770,2.34328059282996,1.925,1.21728861965193,1.90255357385542e-06,"HEY2",3.92073195054183e-06,"T1_MBC_to_prePB","closing","T1_MBC_to_prePB_closing",3.92073195054183e-06,FALSE,0.283672457390904
"MA1499.1",251,531,1.6756792843314,1.3275,1.26228194676565,2.08227232730778e-06,"HOXB4",4.2792704026766e-06,"T1_MBC_to_prePB","closing","T1_MBC_to_prePB_closing",4.2792704026766e-06,FALSE,0.336035333570512
"MA0663.1",260,553,1.73576340209627,1.3825,1.25552506480743,2.3306662473009e-06,"MLX",4.77658522111668e-06,"T1_MBC_to_prePB","closing","T1_MBC_to_prePB_closing",4.77658522111668e-06,FALSE,0.328291979368543
"MA1631.1",1756,4319,11.7230789772348,10.7975,1.08572160011436,2.345236644515e-06,"ASCL1(var.2)",4.79327818303613e-06,"T1_MBC_to_prePB","closing","T1_MBC_to_prePB_closing",4.79327818303613e-06,FALSE,0.118655544615037
"MA1602.1",218,454,1.45537085252687,1.135,1.28226506830561,2.45182980226074e-06,"ZSCAN29",4.99744544395222e-06,"T1_MBC_to_prePB","closing","T1_MBC_to_prePB_closing",4.99744544395222e-06,FALSE,0.358695650098289
"MA1117.1",479,1085,3.19781026770812,2.7125,1.1789162277265,2.7021467623972e-06,"RELB",5.49264709740685e-06,"T1_MBC_to_prePB","closing","T1_MBC_to_prePB_closing",5.49264709740685e-06,FALSE,0.237462429648888
"MA1648.1",1493,3647,9.96728753588357,9.1175,1.09320400722606,2.97512559686717e-06,"TCF12(var.2)",6.03109699799704e-06,"T1_MBC_to_prePB","closing","T1_MBC_to_prePB_closing",6.03109699799704e-06,FALSE,0.128563972990275
"MA0880.1",209,434,1.395286734762,1.085,1.28597855738433,3.05363525816888e-06,"Dlx3",6.15678892592969e-06,"T1_MBC_to_prePB","closing","T1_MBC_to_prePB_closing",6.15678892592969e-06,FALSE,0.362867708999717
"MA0881.1",209,434,1.395286734762,1.085,1.28597855738433,3.05363525816888e-06,"Dlx4",6.15678892592969e-06,"T1_MBC_to_prePB","closing","T1_MBC_to_prePB_closing",6.15678892592969e-06,FALSE,0.362867708999717
"MA0724.1",172,348,1.14827425061753,0.87,1.31985546047992,3.1825750536133e-06,"VENTX",6.39946358489359e-06,"T1_MBC_to_prePB","closing","T1_MBC_to_prePB_closing",6.39946358489359e-06,FALSE,0.400381039421636
"MA0869.1",518,1183,3.45817477802257,2.9575,1.16928986577263,3.3569424867153e-06,"Sox11",6.73193305131617e-06,"T1_MBC_to_prePB","closing","T1_MBC_to_prePB_closing",6.73193305131617e-06,FALSE,0.225633850665994
"MA0606.1",763,1797,5.09379798384405,4.4925,1.13384484893579,4.59638902888904e-06,"NFAT5",9.19277805777808e-06,"T1_MBC_to_prePB","closing","T1_MBC_to_prePB_closing",9.19277805777808e-06,FALSE,0.181224513214163
"MA0522.3",1445,3533,9.64683890780426,8.8325,1.09219800824277,5.3813151346944e-06,"TCF3",1.0733853183107e-05,"T1_MBC_to_prePB","closing","T1_MBC_to_prePB_closing",1.0733853183107e-05,FALSE,0.127235751904774
"MA0027.2",182,375,1.21503438146739,0.9375,1.29603667356521,7.06654191731757e-06,"EN1",1.40577073875171e-05,"T1_MBC_to_prePB","closing","T1_MBC_to_prePB_closing",1.40577073875171e-05,FALSE,0.374107655472343
"MA1493.1",331,731,2.20976033113025,1.8275,1.20917117982503,7.41319932131623e-06,"HES6",1.47081029087817e-05,"T1_MBC_to_prePB","closing","T1_MBC_to_prePB_closing",1.47081029087817e-05,FALSE,0.274019691479702
"MA0469.3",53,87,0.353828693504239,0.2175,1.62679859082409,7.5084235713322e-06,"E2F3",1.48575171995062e-05,"T1_MBC_to_prePB","closing","T1_MBC_to_prePB_closing",1.48575171995062e-05,TRUE,0.702036533043165
"MA0890.1",197,411,1.31517457774217,1.0275,1.27997525814323,8.34726086477508e-06,"GBX2",1.64736947225455e-05,"T1_MBC_to_prePB","closing","T1_MBC_to_prePB_closing",1.64736947225455e-05,FALSE,0.356117050399741
"MA0519.1",1003,2413,6.6960411242406,6.0325,1.10999438445762,9.95443732371007e-06,"Stat5a::Stat5b",1.95936945738462e-05,"T1_MBC_to_prePB","closing","T1_MBC_to_prePB_closing",1.95936945738462e-05,FALSE,0.150553677625882
"MA1654.1",1248,3039,8.33166433006209,7.5975,1.09663235670445,1.08547824167317e-05,"ZNF16",2.13096517970574e-05,"T1_MBC_to_prePB","closing","T1_MBC_to_prePB_closing",2.13096517970574e-05,FALSE,0.133081262406106
"MA0704.1",175,361,1.16830228987249,0.9025,1.2945177727119,1.14037956273378e-05,"Lhx4",2.23286917007717e-05,"T1_MBC_to_prePB","closing","T1_MBC_to_prePB_closing",2.23286917007717e-05,FALSE,0.372415886908153
"MA0112.3",624,1459,4.16583216503104,3.6475,1.14210614531351,1.22675279436854e-05,"ESR1",2.39570048324327e-05,"T1_MBC_to_prePB","closing","T1_MBC_to_prePB_closing",2.39570048324327e-05,FALSE,0.191698001630236
"MA0723.1",238,512,1.58889111422658,1.28,1.24132118298952,1.61644094622674e-05,"VAX2",3.14847244356436e-05,"T1_MBC_to_prePB","closing","T1_MBC_to_prePB_closing",3.14847244356436e-05,FALSE,0.311877613031102
"MA1577.1",178,371,1.18833032912744,0.9275,1.28121868369536,2.05270836246187e-05,"TLX2",3.98781364165769e-05,"T1_MBC_to_prePB","closing","T1_MBC_to_prePB_closing",3.98781364165769e-05,FALSE,0.357517867876764
"MA0755.1",93,176,0.620869216903665,0.44,1.41106640205378,2.24997102467699e-05,"CUX2",4.35968411534814e-05,"T1_MBC_to_prePB","closing","T1_MBC_to_prePB_closing",4.35968411534814e-05,FALSE,0.496786902383279
"MA0896.1",252,548,1.68235529741638,1.37,1.22799656745721,2.37880289591684e-05,"Hmx1",4.59737554495845e-05,"T1_MBC_to_prePB","closing","T1_MBC_to_prePB_closing",4.59737554495845e-05,FALSE,0.296307702873491
"MA0612.2",169,351,1.12824621136257,0.8775,1.28575066821946,2.56099619075488e-05,"EMX1",4.93670066744998e-05,"T1_MBC_to_prePB","closing","T1_MBC_to_prePB_closing",4.93670066744998e-05,FALSE,0.362612025539779
"MA0111.1",778,1855,5.19393818011883,4.6375,1.1199866695674,2.62719678369877e-05,"Spz1",5.05125979546206e-05,"T1_MBC_to_prePB","closing","T1_MBC_to_prePB_closing",5.05125979546206e-05,FALSE,0.163482849111555
"MA0879.1",298,661,1.98945189932572,1.6525,1.20390432636958,3.06368074057951e-05,"Dlx1",5.86738937606408e-05,"T1_MBC_to_prePB","closing","T1_MBC_to_prePB_closing",5.86738937606408e-05,FALSE,0.267721944799092
"MA0892.1",291,644,1.94271980773082,1.61,1.20665826567132,3.06740195263403e-05,"GSX1",5.86738937606408e-05,"T1_MBC_to_prePB","closing","T1_MBC_to_prePB_closing",5.86738937606408e-05,FALSE,0.271018347903321
"MA0889.1",159,329,1.06148608051272,0.8225,1.29056058420999,3.40641940488208e-05,"GBX1",6.4992042865525e-05,"T1_MBC_to_prePB","closing","T1_MBC_to_prePB_closing",6.4992042865525e-05,FALSE,0.367998986929342
"MA0876.1",216,465,1.4420188263569,1.1625,1.24044630224249,4.06982604972007e-05,"BSX",7.74512814564075e-05,"T1_MBC_to_prePB","closing","T1_MBC_to_prePB_closing",7.74512814564075e-05,FALSE,0.310860446710944
"MA1481.1",207,444,1.38193470859203,1.11,1.24498622395678,4.42867371572393e-05,"DRGX",8.40659183697214e-05,"T1_MBC_to_prePB","closing","T1_MBC_to_prePB_closing",8.40659183697214e-05,FALSE,0.316130937450974
"MA0902.2",157,326,1.04813405434275,0.815,1.28605405440828,4.76501323745129e-05,"HOXB2",9.02208090136716e-05,"T1_MBC_to_prePB","closing","T1_MBC_to_prePB_closing",9.02208090136716e-05,FALSE,0.362952403958005
"MA0463.2",478,1109,3.19113425462314,2.7725,1.15099522258725,5.15281146807927e-05,"BCL6",9.73163887389148e-05,"T1_MBC_to_prePB","closing","T1_MBC_to_prePB_closing",9.73163887389148e-05,FALSE,0.202883098749387
"MA0523.1",716,1707,4.78002536884972,4.2675,1.12009967635612,5.3640865546647e-05,"TCF7L2",0.000101050721459087,"T1_MBC_to_prePB","closing","T1_MBC_to_prePB_closing",0.000101050721459087,FALSE,0.163628409740088
"MA1487.1",793,1902,5.29407837639362,4.755,1.11337084677048,5.39348341447912e-05,"FOXE1",0.000101348580030263,"T1_MBC_to_prePB","closing","T1_MBC_to_prePB_closing",0.000101348580030263,FALSE,0.154935508131241
"MA1113.2",403,924,2.69043327324922,2.31,1.16468972867931,5.87325843809906e-05,"PBX2",0.000110086703387485,"T1_MBC_to_prePB","closing","T1_MBC_to_prePB_closing",0.000110086703387485,FALSE,0.219946913304319
"MA0769.2",608,1436,4.05901595567127,3.59,1.13064511300035,5.9863274008778e-05,"TCF7",0.00011192481807155,"T1_MBC_to_prePB","closing","T1_MBC_to_prePB_closing",0.00011192481807155,FALSE,0.177147443110986
"MA0122.3",362,824,2.4167167367648,2.06,1.17316346444893,6.79425452037158e-05,"Nkx3-2",0.00012671284680493,"T1_MBC_to_prePB","closing","T1_MBC_to_prePB_closing",0.00012671284680493,FALSE,0.230405277145337
"MA0883.1",219,477,1.46204686561186,1.1925,1.22603510743133,8.74070496319062e-05,"Dmbx1",0.000162607628492274,"T1_MBC_to_prePB","closing","T1_MBC_to_prePB_closing",0.000162607628492274,FALSE,0.294001467809312
"MA1531.1",874,2115,5.83483543627746,5.2875,1.10351497612812,9.16111787800417e-05,"NR1D1",0.000170004824303262,"T1_MBC_to_prePB","closing","T1_MBC_to_prePB_closing",0.000170004824303262,FALSE,0.142107516354249
"MA0909.2",315,711,2.10294412177048,1.7775,1.18309092645315,9.30726175984448e-05,"HOXD13",0.000172288269797617,"T1_MBC_to_prePB","closing","T1_MBC_to_prePB_closing",0.000172288269797617,FALSE,0.242562175694258
"MA0644.1",219,478,1.46204686561186,1.195,1.22347018042833,0.000101909647210298,"ESX1",0.000188179695096243,"T1_MBC_to_prePB","closing","T1_MBC_to_prePB_closing",0.000188179695096243,FALSE,0.290980118300983
"MA1519.1",158,333,1.05481006742773,0.8325,1.26703912003331,0.000115545058989293,"LHX5",0.000212831145693858,"T1_MBC_to_prePB","closing","T1_MBC_to_prePB_closing",0.000212831145693858,FALSE,0.341462207238554
"MA0068.2",123,252,0.821149609453235,0.63,1.3034120784972,0.00014582613968553,"PAX4",0.000267946552230063,"T1_MBC_to_prePB","closing","T1_MBC_to_prePB_closing",0.000267946552230063,FALSE,0.382294376197366
"MA1494.1",523,1233,3.49155484344749,3.0825,1.13270230119951,0.000154840390786407,"HNF4A(var.2)",0.000283810642571646,"T1_MBC_to_prePB","closing","T1_MBC_to_prePB_closing",0.000283810642571646,FALSE,0.179770013017127
"MA0711.1",159,337,1.06148608051272,0.8425,1.25992413117237,0.000155399795013094,"OTX1",0.000284137860489627,"T1_MBC_to_prePB","closing","T1_MBC_to_prePB_closing",0.000284137860489627,FALSE,0.333338006665256
"MA0828.1",252,561,1.68235529741638,1.4025,1.19954031901346,0.000157597504802486,"SREBF2(var.2)",0.000287451683576172,"T1_MBC_to_prePB","closing","T1_MBC_to_prePB_closing",0.000287451683576172,FALSE,0.262482853095408
"MA0829.2",1088,2671,7.26350223646438,6.6775,1.08775772915977,0.000162035390978372,"SREBF1(var.2)",0.000294825369926501,"T1_MBC_to_prePB","closing","T1_MBC_to_prePB_closing",0.000294825369926501,FALSE,0.121358594414627
"MA0521.1",1467,3648,9.79371119567394,9.12,1.07387184163091,0.000165591373117842,"Tcf12",0.000300562443664015,"T1_MBC_to_prePB","closing","T1_MBC_to_prePB_closing",0.000300562443664015,FALSE,0.102823172458007
"MA1146.1",348,798,2.323252553575,1.995,1.1645376208396,0.000181657637196466,"NR1H4::RXRA",0.000328923779972241,"T1_MBC_to_prePB","closing","T1_MBC_to_prePB_closing",0.000328923779972241,FALSE,0.219758485980586
"MA0891.1",242,538,1.61559516656653,1.345,1.20118599744723,0.000189505201841608,"GSC2",0.000342302374270797,"T1_MBC_to_prePB","closing","T1_MBC_to_prePB_closing",0.000342302374270797,FALSE,0.264460763274495
"MA1116.1",1295,3208,8.64543694505641,8.02,1.07798465649082,0.000207740861764757,"RBPJ",0.0003743349827935,"T1_MBC_to_prePB","closing","T1_MBC_to_prePB_closing",0.0003743349827935,FALSE,0.108337981942712
"MA0035.4",364,839,2.43006876293478,2.0975,1.15855483334197,0.000210759642927222,"GATA1",0.000378859502707729,"T1_MBC_to_prePB","closing","T1_MBC_to_prePB_closing",0.000378859502707729,FALSE,0.212327572510536
"MA1655.1",765,1850,5.10715001001402,4.625,1.10424865081384,0.000225362583650004,"ZNF341",0.00040413578702621,"T1_MBC_to_prePB","closing","T1_MBC_to_prePB_closing",0.00040413578702621,FALSE,0.143066376168677
"MA1421.1",797,1933,5.32078242873356,4.8325,1.10104137169862,0.000250095163024889,"TCF7L1",0.000447412449919825,"T1_MBC_to_prePB","closing","T1_MBC_to_prePB_closing",0.000447412449919825,FALSE,0.138869989577324
"MA1640.1",372,861,2.48347686761466,2.1525,1.15376393385118,0.000264258163109447,"MEIS2(var.2)",0.000471618635597243,"T1_MBC_to_prePB","closing","T1_MBC_to_prePB_closing",0.000471618635597243,FALSE,0.20634932163365
"MA1603.1",405,944,2.70378529941919,2.36,1.14567173704203,0.000286185490801326,"Dmrt1",0.000509533117273961,"T1_MBC_to_prePB","closing","T1_MBC_to_prePB_closing",0.000509533117273961,FALSE,0.196194995164698
"MA1560.1",251,564,1.6756792843314,1.41,1.18842502434851,0.000323950542040706,"SOHLH2",0.000575397867529445,"T1_MBC_to_prePB","closing","T1_MBC_to_prePB_closing",0.000575397867529445,FALSE,0.249052103005123
"MA1480.1",281,638,1.87595967688097,1.595,1.17615026763697,0.000338634195936676,"DPRX",0.000600050142918671,"T1_MBC_to_prePB","closing","T1_MBC_to_prePB_closing",0.000600050142918671,FALSE,0.234073620578497
"MA1557.1",125,261,0.834501635623206,0.6525,1.27892970976737,0.000349588348074537,"SMAD5",0.000617992672188637,"T1_MBC_to_prePB","closing","T1_MBC_to_prePB_closing",0.000617992672188637,FALSE,0.354938103638697
"MA0056.2",774,1881,5.16723412777889,4.7025,1.09882703408376,0.000396441612810054,"MZF1",0.00069916180415201,"T1_MBC_to_prePB","closing","T1_MBC_to_prePB_closing",0.00069916180415201,FALSE,0.135965623059797
"MA1592.1",550,1312,3.67180719674211,3.28,1.11945341364089,0.000398318413198563,"ZNF274",0.000700814943976717,"T1_MBC_to_prePB","closing","T1_MBC_to_prePB_closing",0.000700814943976717,FALSE,0.162795780041075
"MA1555.1",320,736,2.13632418719541,1.84,1.16104575391055,0.000410108748790144,"RXRB(var.2)",0.000719861474346936,"T1_MBC_to_prePB","closing","T1_MBC_to_prePB_closing",0.000719861474346936,FALSE,0.215426068910433
"MA1495.1",110,229,0.734361439348421,0.5725,1.28272740497541,0.00066403123182388,"HOXA1",0.00116011077035273,"T1_MBC_to_prePB","closing","T1_MBC_to_prePB_closing",0.00116011077035273,FALSE,0.359215737634465
"MA0904.2",110,229,0.734361439348421,0.5725,1.28272740497541,0.00066403123182388,"HOXB5",0.00116011077035273,"T1_MBC_to_prePB","closing","T1_MBC_to_prePB_closing",0.00116011077035273,FALSE,0.359215737634465
"MA1530.1",294,676,1.96274784698578,1.69,1.16138925857147,0.000668339500443771,"NKX6-3",0.00116490950310994,"T1_MBC_to_prePB","closing","T1_MBC_to_prePB_closing",0.00116490950310994,FALSE,0.215852838266745
"MA1479.1",291,669,1.94271980773082,1.6725,1.16156640223069,0.00070114420845193,"DMRTC2",0.00121923911306559,"T1_MBC_to_prePB","closing","T1_MBC_to_prePB_closing",0.00121923911306559,FALSE,0.216072871789945
"MA0774.1",580,1396,3.87208758929168,3.49,1.1094806846108,0.00074832421944766,"MEIS2",0.00129825550629757,"T1_MBC_to_prePB","closing","T1_MBC_to_prePB_closing",0.00129825550629757,FALSE,0.149885851636522
"MA1625.1",1028,2543,6.86294145136524,6.3575,1.07950317756433,0.000758765516633014,"Stat5b",0.00131331572020471,"T1_MBC_to_prePB","closing","T1_MBC_to_prePB_closing",0.00131331572020471,FALSE,0.110368826444886
"MA1119.1",689,1674,4.59977301555511,4.185,1.0991094421876,0.000780644436145538,"SIX2",0.00134805729019577,"T1_MBC_to_prePB","closing","T1_MBC_to_prePB_closing",0.00134805729019577,FALSE,0.136336360255179
"MA1112.2",903,2222,6.02843981574204,5.555,1.08522768960253,0.000783689991624361,"NR4A1",0.00135019107102026,"T1_MBC_to_prePB","closing","T1_MBC_to_prePB_closing",0.00135019107102026,FALSE,0.117999092983227
"MA1568.1",220,496,1.46872287869684,1.24,1.18445393443294,0.000895031869983898,"TCF21(var.2)",0.00153846491937324,"T1_MBC_to_prePB","closing","T1_MBC_to_prePB_closing",0.00153846491937324,FALSE,0.244223308660924
"MA1476.1",172,379,1.14827425061753,0.9475,1.21189894524278,0.000899409960883666,"DLX5",0.00154243639268785,"T1_MBC_to_prePB","closing","T1_MBC_to_prePB_closing",0.00154243639268785,FALSE,0.277270594470416
"MA0124.2",341,796,2.27652046198011,1.99,1.14398013164829,0.000920387894160078,"Nkx3-1",0.00157479213083353,"T1_MBC_to_prePB","closing","T1_MBC_to_prePB_closing",0.00157479213083353,FALSE,0.194063257097139
"MA0906.1",137,295,0.914613792643034,0.7375,1.2401542951092,0.000942993250066737,"HOXC12",0.00160977795091484,"T1_MBC_to_prePB","closing","T1_MBC_to_prePB_closing",0.00160977795091484,FALSE,0.310520789528044
"MA0125.1",221,499,1.47539889178183,1.2475,1.18268448239024,0.000959068109512446,"Nobox",0.00163348130067645,"T1_MBC_to_prePB","closing","T1_MBC_to_prePB_closing",0.00163348130067645,FALSE,0.242066461399636
"MA1155.1",871,2144,5.8148073970225,5.36,1.08485212631017,0.00100670949836798,"ZSCAN4",0.00171071819084855,"T1_MBC_to_prePB","closing","T1_MBC_to_prePB_closing",0.00171071819084855,FALSE,0.117499735492773
"MA1558.1",1522,3828,10.1608919153482,9.57,1.06174419178142,0.00103120569230508,"SNAI1",0.00174836237831724,"T1_MBC_to_prePB","closing","T1_MBC_to_prePB_closing",0.00174836237831724,FALSE,0.0864375753122864
"MA0673.1",508,1218,3.39141464717271,3.045,1.11376507296312,0.00106444055424423,"NKX2-8",0.00180061826182812,"T1_MBC_to_prePB","closing","T1_MBC_to_prePB_closing",0.00180061826182812,FALSE,0.155446251695005
"MA0885.1",195,437,1.3018225515722,1.0925,1.19159958953977,0.00119156328412842,"Dlx2",0.00201110002253348,"T1_MBC_to_prePB","closing","T1_MBC_to_prePB_closing",0.00201110002253348,FALSE,0.252900742468036
"MA1647.1",1022,2536,6.82288537285533,6.34,1.07616488530841,0.00120926184529517,"PRDM4",0.00203636419094852,"T1_MBC_to_prePB","closing","T1_MBC_to_prePB_closing",0.00203636419094852,FALSE,0.105900478885009
"MA1518.1",164,362,1.09486614593765,0.905,1.20979684633994,0.00127464573547961,"LHX1",0.00214163450150403,"T1_MBC_to_prePB","closing","T1_MBC_to_prePB_closing",0.00214163450150403,FALSE,0.274765997542754
"MA1537.1",836,2059,5.581146939048,5.1475,1.08424418437067,0.00134801294006168,"NR2F1(var.2)",0.00225633387138684,"T1_MBC_to_prePB","closing","T1_MBC_to_prePB_closing",0.00225633387138684,FALSE,0.116691035545966
"MA0868.2",421,1001,2.81060150877896,2.5025,1.12311748602556,0.00134896100085594,"SOX8",0.00225633387138684,"T1_MBC_to_prePB","closing","T1_MBC_to_prePB_closing",0.00225633387138684,FALSE,0.167510136273111
"MA0839.1",278,643,1.85593163762601,1.6075,1.15454534222458,0.00138389267625727,"CREB3L1",0.00230958375053228,"T1_MBC_to_prePB","closing","T1_MBC_to_prePB_closing",0.00230958375053228,FALSE,0.207326082471723
"MA0816.1",1089,2712,7.27017824954937,6.78,1.07229767692469,0.00141528129192102,"Ascl2",0.00235669607985063,"T1_MBC_to_prePB","closing","T1_MBC_to_prePB_closing",0.00235669607985063,FALSE,0.100706808502147
"MA1478.1",248,569,1.65565124507644,1.4225,1.16390245699574,0.00144717734193489,"DMRTA2",0.0024044416416112,"T1_MBC_to_prePB","closing","T1_MBC_to_prePB_closing",0.0024044416416112,FALSE,0.218971395110563
"MA0083.3",214,486,1.42866680018693,1.215,1.17585744871352,0.0016132722650756,"SRF",0.00267444691054755,"T1_MBC_to_prePB","closing","T1_MBC_to_prePB_closing",0.00267444691054755,FALSE,0.233714397223267
"MA0766.2",323,757,2.15635222645036,1.8925,1.13941993471618,0.00165288703731718,"GATA5",0.00273404374687054,"T1_MBC_to_prePB","closing","T1_MBC_to_prePB_closing",0.00273404374687054,FALSE,0.188300818372066
"MA0714.1",284,660,1.89598771613592,1.65,1.1490834643248,0.00171874179753368,"PITX3",0.00283668447115073,"T1_MBC_to_prePB","closing","T1_MBC_to_prePB_closing",0.00283668447115073,FALSE,0.200484848274579
"MA0159.1",846,2090,5.64790706989786,5.225,1.08093915213356,0.00183319083321552,"RARA::RXRA",0.00301889704542776,"T1_MBC_to_prePB","closing","T1_MBC_to_prePB_closing",0.00301889704542776,FALSE,0.112286648317422
"MA1550.1",771,1899,5.14720608852393,4.7475,1.08419296230099,0.00204011236859478,"PPARD",0.00335225512548834,"T1_MBC_to_prePB","closing","T1_MBC_to_prePB_closing",0.00335225512548834,FALSE,0.116622877925737
"MA0738.1",839,2074,5.60117497830296,5.185,1.08026518385785,0.00205603551999443,"HIC2",0.00337099450091395,"T1_MBC_to_prePB","closing","T1_MBC_to_prePB_closing",0.00337099450091395,FALSE,0.111386844625002
"MA0468.1",454,1090,3.03090994058348,2.725,1.11226052865449,0.00212229297116574,"DUX4",0.0034719968344071,"T1_MBC_to_prePB","closing","T1_MBC_to_prePB_closing",0.0034719968344071,FALSE,0.153496052207979
"MA1624.1",926,2302,6.18198811669671,5.755,1.07419428613322,0.00252081346466735,"Stat5a",0.00411493839090119,"T1_MBC_to_prePB","closing","T1_MBC_to_prePB_closing",0.00411493839090119,FALSE,0.103256295674096
"MA1601.1",1204,3022,8.03791975432272,7.555,1.06392054987726,0.00256179037689183,"ZNF75D",0.00417269786279761,"T1_MBC_to_prePB","closing","T1_MBC_to_prePB_closing",0.00417269786279761,FALSE,0.0893917751100832
"MA1470.1",213,488,1.42199078710194,1.22,1.16556621893602,0.00273700277836053,"BACH2(var.2)",0.00444837488596287,"T1_MBC_to_prePB","closing","T1_MBC_to_prePB_closing",0.00444837488596287,FALSE,0.22103220792388
"MA1538.1",415,995,2.77054543026904,2.4875,1.11378710764585,0.00286197007871042,"NR2F1(var.3)",0.00464136886677821,"T1_MBC_to_prePB","closing","T1_MBC_to_prePB_closing",0.00464136886677821,FALSE,0.155474793606821
"MA0875.1",226,522,1.50877895720676,1.305,1.1561524576297,0.00334068190340316,"BARX1",0.00540596247275218,"T1_MBC_to_prePB","closing","T1_MBC_to_prePB_closing",0.00540596247275218,FALSE,0.209332901184485
"MA0908.1",134,296,0.894585753388077,0.74,1.20889966674064,0.00342061935647973,"HOXD11",0.00552333774877464,"T1_MBC_to_prePB","closing","T1_MBC_to_prePB_closing",0.00552333774877464,FALSE,0.273695705721714
"MA0622.1",321,761,2.14300020028039,1.9025,1.12641272025251,0.00379721595003687,"Mlxip",0.00611819243785638,"T1_MBC_to_prePB","closing","T1_MBC_to_prePB_closing",0.00611819243785638,FALSE,0.171736811903631
"MA0658.1",167,378,1.1148941851926,0.945,1.17978220655302,0.00412899604750761,"LHX6",0.00663842899017387,"T1_MBC_to_prePB","closing","T1_MBC_to_prePB_closing",0.00663842899017387,FALSE,0.23852177859928
"MA0873.1",104,225,0.694305360838507,0.5625,1.23432064149068,0.00426597647797572,"HOXD12",0.00684391065068792,"T1_MBC_to_prePB","closing","T1_MBC_to_prePB_closing",0.00684391065068792,FALSE,0.303718383238856
"MA0648.1",223,517,1.4887509179518,1.2925,1.15183823439211,0.00435058494887082,"GSC",0.0069623231874096,"T1_MBC_to_prePB","closing","T1_MBC_to_prePB_closing",0.0069623231874096,FALSE,0.203939369618352
"MA1105.2",613,1506,4.0923960210962,3.765,1.08695777452754,0.00435845164681003,"GRHL2",0.0069623231874096,"T1_MBC_to_prePB","closing","T1_MBC_to_prePB_closing",0.0069623231874096,FALSE,0.120297223794351
"MA1563.1",269,632,1.79584751986114,1.58,1.13661235434249,0.00440298009769167,"SOX18",0.00701842554033758,"T1_MBC_to_prePB","closing","T1_MBC_to_prePB_closing",0.00701842554033758,FALSE,0.184741571170987
"MA1523.1",672,1658,4.48628079311035,4.145,1.08233553512916,0.00449108665374401,"MSANTD3",0.00714360478399367,"T1_MBC_to_prePB","closing","T1_MBC_to_prePB_closing",0.00714360478399367,FALSE,0.114149151726797
"MA0914.1",261,613,1.74243941518125,1.5325,1.13699146178222,0.00486544756118372,"ISL2",0.00771369373547649,"T1_MBC_to_prePB","closing","T1_MBC_to_prePB_closing",0.00771369373547649,FALSE,0.185222689247348
"MA0754.1",84,178,0.560785099138794,0.445,1.26019123401976,0.00487118388489483,"CUX1",0.00771369373547649,"T1_MBC_to_prePB","closing","T1_MBC_to_prePB_closing",0.00771369373547649,FALSE,0.33364382413242
"MA0629.1",239,558,1.59556712731157,1.395,1.14377571850292,0.00488051399885376,"Rhox11",0.00771369373547649,"T1_MBC_to_prePB","closing","T1_MBC_to_prePB_closing",0.00771369373547649,FALSE,0.193805444993561
"MA0795.1",150,338,1.00140196274785,0.845,1.18509108017497,0.00515300016020787,"SMAD3",0.00812714190172319,"T1_MBC_to_prePB","closing","T1_MBC_to_prePB_closing",0.00812714190172319,FALSE,0.244999159081985
"MA0661.1",205,475,1.36858268242206,1.1875,1.15249067993436,0.00585512746785911,"MEOX1",0.00921503183760104,"T1_MBC_to_prePB","closing","T1_MBC_to_prePB_closing",0.00921503183760104,FALSE,0.204756335591047
"MA1497.1",176,404,1.17497830295747,1.01,1.16334485441334,0.00652443505102166,"HOXA6",0.0102467969432888,"T1_MBC_to_prePB","closing","T1_MBC_to_prePB_closing",0.0102467969432888,FALSE,0.218280063509892
"MA1118.1",469,1144,3.13105013685827,2.86,1.09477277512527,0.00668312091382569,"SIX1",0.0104739668103234,"T1_MBC_to_prePB","closing","T1_MBC_to_prePB_closing",0.0104739668103234,FALSE,0.130632781037763
"MA0515.1",820,2048,5.47433072968823,5.12,1.06920522064223,0.00702591530700821,"Sox6",0.0109881191174594,"T1_MBC_to_prePB","closing","T1_MBC_to_prePB_closing",0.0109881191174594,FALSE,0.0965401363183883
"MA1498.1",148,337,0.988049936577876,0.8425,1.17275956863843,0.00845335082534694,"HOXA7",0.0131379160743934,"T1_MBC_to_prePB","closing","T1_MBC_to_prePB_closing",0.0131379160743934,FALSE,0.229908502115963
"MA1502.1",148,337,0.988049936577876,0.8425,1.17275956863843,0.00845335082534694,"HOXB8",0.0131379160743934,"T1_MBC_to_prePB","closing","T1_MBC_to_prePB_closing",0.0131379160743934,FALSE,0.229908502115963
"MA0910.2",148,337,0.988049936577876,0.8425,1.17275956863843,0.00845335082534694,"HOXD8",0.0131379160743934,"T1_MBC_to_prePB","closing","T1_MBC_to_prePB_closing",0.0131379160743934,FALSE,0.229908502115963
"MA1588.1",581,1436,3.87876360237666,3.59,1.08043554383751,0.00901871724055098,"ZNF136",0.0139874491922059,"T1_MBC_to_prePB","closing","T1_MBC_to_prePB_closing",0.0139874491922059,FALSE,0.111614342369304
"MA0038.2",686,1708,4.57974497630015,4.27,1.07253980709605,0.00972021546120913,"GFI1",0.0150441509005436,"T1_MBC_to_prePB","closing","T1_MBC_to_prePB_closing",0.0150441509005436,FALSE,0.101032539170171
"MA0894.1",190,443,1.26844248614727,1.1075,1.14532052925262,0.0103123552922234,"HESX1",0.0159275715279475,"T1_MBC_to_prePB","closing","T1_MBC_to_prePB_closing",0.0159275715279475,FALSE,0.195752666916627
"MA0822.1",464,1140,3.09767007143334,2.85,1.08690177945029,0.011822672551658,"HES7",0.018222549015572,"T1_MBC_to_prePB","closing","T1_MBC_to_prePB_closing",0.018222549015572,FALSE,0.120222900919345
"MA1649.1",823,2068,5.49435876894319,5.17,1.0627386400277,0.0126469593696495,"ZBTB12",0.019452848844863,"T1_MBC_to_prePB","closing","T1_MBC_to_prePB_closing",0.019452848844863,FALSE,0.087788195129976
"MA0142.1",770,1931,5.14053007543895,4.8275,1.06484310211061,0.0129089457028931,"Pou5f1::Sox2",0.0198149660377742,"T1_MBC_to_prePB","closing","T1_MBC_to_prePB_closing",0.0198149660377742,FALSE,0.0906422289720068
"MA1152.1",625,1556,4.17250817811603,3.89,1.0726242103126,0.0129888084077704,"SOX15",0.0198966141112869,"T1_MBC_to_prePB","closing","T1_MBC_to_prePB_closing",0.0198966141112869,FALSE,0.101146067075261
"MA1501.1",179,418,1.19500634221243,1.045,1.14354673895926,0.0132972066872856,"HOXB7",0.020327287271957,"T1_MBC_to_prePB","closing","T1_MBC_to_prePB_closing",0.020327287271957,FALSE,0.19351659427794
"MA1580.1",325,788,2.16970425262034,1.97,1.10137271706616,0.0147648919818737,"ZBTB32",0.0225247636369689,"T1_MBC_to_prePB","closing","T1_MBC_to_prePB_closing",0.0225247636369689,FALSE,0.139304085863328
"MA0058.3",366,894,2.44342078910475,2.235,1.09325314948758,0.0162710418599981,"MAX",0.0247718310766502,"T1_MBC_to_prePB","closing","T1_MBC_to_prePB_closing",0.0247718310766502,FALSE,0.128628824233249
"MA0144.2",1119,2846,7.47045864209894,7.115,1.04995905018959,0.017224469076164,"STAT3",0.0261699672725425,"T1_MBC_to_prePB","closing","T1_MBC_to_prePB_closing",0.0261699672725425,FALSE,0.0703344359963224
"MA0895.1",177,416,1.18165431604246,1.04,1.13620607311775,0.0179906183881597,"HMBOX1",0.0272784579625348,"T1_MBC_to_prePB","closing","T1_MBC_to_prePB_closing",0.0272784579625348,FALSE,0.184225789187241
"MA0496.3",2043,5274,13.6390947326257,13.185,1.03444025275887,0.0197598435096213,"MAFK",0.0299002905845385,"T1_MBC_to_prePB","closing","T1_MBC_to_prePB_closing",0.0299002905845385,FALSE,0.048851715028705
"MA1496.1",169,397,1.12824621136257,0.9925,1.13677200137287,0.0199558827815405,"HOXA4",0.0301358067915572,"T1_MBC_to_prePB","closing","T1_MBC_to_prePB_closing",0.0301358067915572,FALSE,0.184944195752434
"MA0682.2",255,615,1.70238333667134,1.5375,1.10724119458299,0.0215821828051189,"PITX1",0.0325258755002399,"T1_MBC_to_prePB","closing","T1_MBC_to_prePB_closing",0.0325258755002399,FALSE,0.146970827093529
"MA1534.1",437,1081,2.91741771813873,2.7025,1.07952552012534,0.0221148946603837,"NR1I3",0.0332615149529157,"T1_MBC_to_prePB","closing","T1_MBC_to_prePB_closing",0.0332615149529157,FALSE,0.110398685679403
"MA1500.1",159,374,1.06148608051272,0.935,1.13527923049489,0.0244922377100208,"HOXB6",0.0367629966432102,"T1_MBC_to_prePB","closing","T1_MBC_to_prePB_closing",0.0367629966432102,FALSE,0.183048453678676
"MA0608.1",319,780,2.12964817411042,1.95,1.09212726877457,0.0246980896972841,"Creb3l2",0.0369964457360658,"T1_MBC_to_prePB","closing","T1_MBC_to_prePB_closing",0.0369964457360658,FALSE,0.127142308508202
"MA0488.1",716,1805,4.78002536884972,4.5125,1.05928540029911,0.0247469523087089,"JUN",0.0369964457360658,"T1_MBC_to_prePB","closing","T1_MBC_to_prePB_closing",0.0369964457360658,FALSE,0.0830927049384986
"MA0911.1",112,257,0.747713465518392,0.6425,1.16375636656559,0.0250067163476351,"Hoxa11",0.0373100207906715,"T1_MBC_to_prePB","closing","T1_MBC_to_prePB_closing",0.0373100207906715,FALSE,0.218790300049599
"MA0705.1",159,375,1.06148608051272,0.9375,1.13225181921357,0.0270145734539504,"Lhx8",0.0402252930072795,"T1_MBC_to_prePB","closing","T1_MBC_to_prePB_closing",0.0402252930072795,FALSE,0.179196131580886
"MA1542.1",207,497,1.38193470859203,1.2425,1.11222109343423,0.0292275382369128,"OSR1",0.0434337520413086,"T1_MBC_to_prePB","closing","T1_MBC_to_prePB_closing",0.0434337520413086,FALSE,0.153444900564381
"MA1148.1",858,2179,5.72801922691768,5.4475,1.05149503936075,0.0296621684308686,"PPARA::RXRA",0.0439920032791808,"T1_MBC_to_prePB","closing","T1_MBC_to_prePB_closing",0.0439920032791808,FALSE,0.0724434159228861
"MA0689.1",744,1883,4.96695373522932,4.7075,1.05511497296427,0.0309608367311133,"TBX20",0.0458269527805764,"T1_MBC_to_prePB","closing","T1_MBC_to_prePB_closing",0.0458269527805764,FALSE,0.077401581325796
"MA1556.1",389,964,2.59696909005942,2.41,1.07758053529436,0.0323850106623115,"RXRG(var.2)",0.0477947400004152,"T1_MBC_to_prePB","closing","T1_MBC_to_prePB_closing",0.0477947400004152,FALSE,0.107797035081854
"MA0132.2",184,440,1.22838640763736,1.1,1.11671491603396,0.0324184161396918,"PDX1",0.0477947400004152,"T1_MBC_to_prePB","closing","T1_MBC_to_prePB_closing",0.0477947400004152,FALSE,0.159262221939863
"MA0676.1",601,1513,4.01228386407637,3.7825,1.06074920398582,0.0334662034968913,"Nr2e1",0.0492421850269841,"T1_MBC_to_prePB","closing","T1_MBC_to_prePB_closing",0.0492421850269841,FALSE,0.0850849560637714
"MA0109.1",306,752,2.04286000400561,1.88,1.08662766170511,0.0350680669186938,"HLTF",0.0514975943333574,"T1_MBC_to_prePB","closing","T1_MBC_to_prePB_closing",0.0514975943333574,FALSE,0.119859006193733
"MA0728.1",1917,4964,12.7979170839175,12.41,1.03125842739061,0.0357019225593303,"Nr2f6(var.2)",0.0523254110594507,"T1_MBC_to_prePB","closing","T1_MBC_to_prePB_closing",0.0523254110594507,FALSE,0.0444073080008931
"MA1559.1",1357,3492,9.05934975632552,8.73,1.03772620347371,0.0371664926247074,"SNAI3",0.0543104161681397,"T1_MBC_to_prePB","closing","T1_MBC_to_prePB_closing",0.0543104161681397,FALSE,0.0534272395332697
"MA0672.1",491,1230,3.27792242472795,3.075,1.06599103243185,0.0372019070535112,"NKX2-3",0.0543104161681397,"T1_MBC_to_prePB","closing","T1_MBC_to_prePB_closing",0.0543104161681397,FALSE,0.0921966549695003
"MA1547.1",1884,4880,12.577608652113,12.2,1.03095152886172,0.0385684716164823,"PITX2",0.0561954684099527,"T1_MBC_to_prePB","closing","T1_MBC_to_prePB_closing",0.0561954684099527,FALSE,0.0439779040420841
"MA0775.1",617,1558,4.11910007343614,3.895,1.05753532052276,0.0390710437898234,"MEIS3",0.056816761534519,"T1_MBC_to_prePB","closing","T1_MBC_to_prePB_closing",0.056816761534519,FALSE,0.0807072127903695
"MA0461.2",212,514,1.41531477401696,1.285,1.10141227549958,0.0411340775264561,"Atoh1",0.05970043158509,"T1_MBC_to_prePB","closing","T1_MBC_to_prePB_closing",0.05970043158509,FALSE,0.139355902726162
"MA1520.1",386,961,2.57694105080446,2.4025,1.07260813769176,0.0423419902021566,"MAF",0.0613342227005996,"T1_MBC_to_prePB","closing","T1_MBC_to_prePB_closing",0.0613342227005996,FALSE,0.101124449026488
"MA1104.2",444,1111,2.96414980973363,2.7775,1.06720065156926,0.042569373968565,"GATA6",0.0615440949235455,"T1_MBC_to_prePB","closing","T1_MBC_to_prePB_closing",0.0615440949235455,FALSE,0.0938328043084313
"MA0744.2",720,1829,4.80672942118967,4.5725,1.05122567986652,0.043909724552278,"SCRT2",0.0633590996440994,"T1_MBC_to_prePB","closing","T1_MBC_to_prePB_closing",0.0633590996440994,FALSE,0.0720737964717691
"MA0486.2",436,1091,2.91074170505374,2.7275,1.06718302660082,0.0441312612487036,"HSF1",0.0635558318369361,"T1_MBC_to_prePB","closing","T1_MBC_to_prePB_closing",0.0635558318369361,FALSE,0.0938089778230628
"MA1504.1",264,649,1.76246745443621,1.6225,1.08626653586207,0.0476578536093525,"HOXC4",0.0685024254192234,"T1_MBC_to_prePB","closing","T1_MBC_to_prePB_closing",0.0685024254192234,FALSE,0.119379466979417
"MA1505.1",122,288,0.814473596368249,0.72,1.13121332828923,0.0484450203235736,"HOXC8",0.069320860155005,"T1_MBC_to_prePB","closing","T1_MBC_to_prePB_closing",0.069320860155005,FALSE,0.177872298970087
"MA0492.1",655,1662,4.3727885706656,4.155,1.05241602182084,0.0484970821999849,"JUND(var.2)",0.069320860155005,"T1_MBC_to_prePB","closing","T1_MBC_to_prePB_closing",0.069320860155005,FALSE,0.0737064879930261
"MA0855.1",683,1735,4.5597169370452,4.3375,1.05123157050033,0.0485060174274968,"RXRB",0.069320860155005,"T1_MBC_to_prePB","closing","T1_MBC_to_prePB_closing",0.069320860155005,FALSE,0.0720818807075879
"MA0498.2",1002,2570,6.68936511115562,6.425,1.04114632080243,0.0500026010212792,"MEIS1",0.071323021724425,"T1_MBC_to_prePB","closing","T1_MBC_to_prePB_closing",0.071323021724425,FALSE,0.0581742222909334
"MA0821.1",395,990,2.63702516856933,2.475,1.06546471457347,0.0574142911232683,"HES5",0.0817386663701492,"T1_MBC_to_prePB","closing","T1_MBC_to_prePB_closing",0.0817386663701492,FALSE,0.0914841696474462
"MA1636.1",651,1656,4.34608451832566,4.14,1.04977886916079,0.0579642584633137,"CEBPG(var.2)",0.0823644510735848,"T1_MBC_to_prePB","closing","T1_MBC_to_prePB_closing",0.0823644510735848,FALSE,0.0700868374485588
"MA0037.3",293,727,1.95607183390079,1.8175,1.07624309980786,0.0591017496912107,"GATA3",0.08382111267993,"T1_MBC_to_prePB","closing","T1_MBC_to_prePB_closing",0.08382111267993,FALSE,0.106005328492023
"MA0912.2",173,420,1.15495026370252,1.05,1.09995263209764,0.0620938801715288,"HOXD3",0.0878975988765853,"T1_MBC_to_prePB","closing","T1_MBC_to_prePB_closing",0.0878975988765853,FALSE,0.137442709065632
"MA1552.1",298,741,1.98945189932572,1.8525,1.07392815078312,0.0630696351487059,"RARB(var.3)",0.089109749660861,"T1_MBC_to_prePB","closing","T1_MBC_to_prePB_closing",0.089109749660861,FALSE,0.102898819035245
"MA1539.1",389,977,2.59696909005942,2.4425,1.0632422067797,0.065292337109559,"NR2F6(var.3)",0.0920757721809661,"T1_MBC_to_prePB","closing","T1_MBC_to_prePB_closing",0.0920757721809661,FALSE,0.0884716373981489
"MA0595.1",832,2133,5.55444288670806,5.3325,1.0416207945069,0.066352268611957,"SREBF1",0.0933939478953206,"T1_MBC_to_prePB","closing","T1_MBC_to_prePB_closing",0.0933939478953206,FALSE,0.0588315403462895
"MA0070.1",339,848,2.26316843581013,2.12,1.06753228104252,0.0669699712009066,"PBX1",0.0940858729112549,"T1_MBC_to_prePB","closing","T1_MBC_to_prePB_closing",0.0940858729112549,FALSE,0.0942810475006097
"MA1506.1",138,332,0.921289805728019,0.83,1.1099877177446,0.0674725196178583,"HOXD10",0.094613721118275,"T1_MBC_to_prePB","closing","T1_MBC_to_prePB_closing",0.094613721118275,FALSE,0.150545012668503
"MA0141.3",634,1617,4.2325922958809,4.0425,1.04702344981593,0.071446716121213,"ESRRB",0.0999985932953563,"T1_MBC_to_prePB","closing","T1_MBC_to_prePB_closing",0.0999985932953563,FALSE,0.066295132064653
"MA0036.3",389,979,2.59696909005942,2.4475,1.06107010829802,0.072062527881893,"GATA2",0.100671621348113,"T1_MBC_to_prePB","closing","T1_MBC_to_prePB_closing",0.100671621348113,FALSE,0.0855213425404876
"MA1594.1",549,1396,3.66513118365712,3.49,1.05018085491608,0.0740555092272295,"ZNF382",0.103262448380399,"T1_MBC_to_prePB","closing","T1_MBC_to_prePB_closing",0.103262448380399,FALSE,0.0706391740517496
"MA0819.1",187,459,1.24841444689232,1.1475,1.08794287310877,0.0786721602258183,"CLOCK",0.109495208075486,"T1_MBC_to_prePB","closing","T1_MBC_to_prePB_closing",0.109495208075486,FALSE,0.121604130047518
"MA0007.3",323,810,2.15635222645036,2.025,1.06486529701253,0.0802048088949322,"Ar",0.111420460773965,"T1_MBC_to_prePB","closing","T1_MBC_to_prePB_closing",0.111420460773965,FALSE,0.0906722992340924
"MA0029.1",564,1438,3.7652713799319,3.595,1.04736338802,0.0829200935358387,"Mecom",0.114978419661219,"T1_MBC_to_prePB","closing","T1_MBC_to_prePB_closing",0.114978419661219,FALSE,0.0667634569111841
"MA0482.2",591,1510,3.94552373322652,3.775,1.04517184986133,0.0875913350822701,"GATA4",0.121230307924626,"T1_MBC_to_prePB","closing","T1_MBC_to_prePB_closing",0.121230307924626,FALSE,0.0637415538050515
"MA0019.1",521,1328,3.47820281727752,3.32,1.04765145098721,0.0907857214415372,"Ddit3::Cebpa",0.12541879295442,"T1_MBC_to_prePB","closing","T1_MBC_to_prePB_closing",0.12541879295442,FALSE,0.0671601955045268
"MA0017.2",1506,3919,10.0540757059884,9.7975,1.02618787506899,0.0938592563037648,"NR2F1",0.129425148248814,"T1_MBC_to_prePB","closing","T1_MBC_to_prePB_closing",0.129425148248814,FALSE,0.0372962904453153
"MA1503.1",117,283,0.781093530943321,0.7075,1.10401912500823,0.0978333851002247,"HOXB9",0.134656282813224,"T1_MBC_to_prePB","closing","T1_MBC_to_prePB_closing",0.134656282813224,FALSE,0.14276647101548
"MA0800.1",627,1608,4.185860204286,4.02,1.04125875728507,0.100429101110135,"EOMES",0.137974418836392,"T1_MBC_to_prePB","closing","T1_MBC_to_prePB_closing",0.137974418836392,FALSE,0.0583300146504488
"MA1111.1",858,2215,5.72801922691768,5.5375,1.03440527799868,0.102847675759498,"NR2F2",0.141037437714311,"T1_MBC_to_prePB","closing","T1_MBC_to_prePB_closing",0.141037437714311,FALSE,0.0488029362643584
"MA0499.2",1221,3174,8.15141197676747,7.935,1.02727309095998,0.111369865164876,"MYOD1",0.152443888831188,"T1_MBC_to_prePB","closing","T1_MBC_to_prePB_closing",0.152443888831188,FALSE,0.0388211640426436
"MA1579.1",1170,3041,7.81093530943321,7.6025,1.02741667996491,0.115671829024223,"ZBTB26",0.158042462366429,"T1_MBC_to_prePB","closing","T1_MBC_to_prePB_closing",0.158042462366429,FALSE,0.0390228051341175
"MA0102.4",469,1199,3.13105013685827,2.9975,1.04455384048649,0.118844782297472,"CEBPA",0.16208081827041,"T1_MBC_to_prePB","closing","T1_MBC_to_prePB_closing",0.16208081827041,FALSE,0.0628882377577911
"MA1472.1",857,2218,5.7213432138327,5.545,1.03180220267497,0.121158930340255,"BHLHA15(var.2)",0.164935332178522,"T1_MBC_to_prePB","closing","T1_MBC_to_prePB_closing",0.164935332178522,FALSE,0.0451678296766139
"MA1646.1",1150,2991,7.67741504773349,7.4775,1.02673554633681,0.123829409460178,"OSR2",0.168263641998712,"T1_MBC_to_prePB","closing","T1_MBC_to_prePB_closing",0.168263641998712,FALSE,0.0380660433380735
"MA0857.1",1575,4114,10.5147206088524,10.285,1.0223354991592,0.124476250471419,"Rarb",0.168835059730325,"T1_MBC_to_prePB","closing","T1_MBC_to_prePB_closing",0.168835059730325,FALSE,0.0318701334229441
"MA1507.1",224,562,1.49542693103678,1.405,1.06436080500839,0.126311406329281,"HOXD4",0.171013265193545,"T1_MBC_to_prePB","closing","T1_MBC_to_prePB_closing",0.171013265193545,FALSE,0.0899886447909951
"MA1132.1",431,1102,2.87736163962881,2.755,1.04441438825002,0.130369743357108,"JUN::JUNB",0.176188095189135,"T1_MBC_to_prePB","closing","T1_MBC_to_prePB_closing",0.176188095189135,FALSE,0.0626956193589933
"MA1553.1",293,742,1.95607183390079,1.855,1.05448616382792,0.131327101081391,"RARG(var.3)",0.177160971802383,"T1_MBC_to_prePB","closing","T1_MBC_to_prePB_closing",0.177160971802383,FALSE,0.0765415334488027
"MA0833.2",519,1333,3.46485079110755,3.3325,1.0397151661238,0.133110859019227,"ATF4",0.179243142289429,"T1_MBC_to_prePB","closing","T1_MBC_to_prePB_closing",0.179243142289429,FALSE,0.0561897383532416
"MA1527.1",648,1672,4.3260564790707,4.18,1.03494174140447,0.134988373982526,"NFIC(var.2)",0.181345849138139,"T1_MBC_to_prePB","closing","T1_MBC_to_prePB_closing",0.181345849138139,FALSE,0.0495509522879866
"MA0907.1",232,584,1.54883503571667,1.46,1.06084591487443,0.135158568526548,"HOXC13",0.181345849138139,"T1_MBC_to_prePB","closing","T1_MBC_to_prePB_closing",0.181345849138139,FALSE,0.0852164836928889
"MA0591.1",726,1879,4.84678549969958,4.6975,1.0317797764129,0.142949285498936,"Bach1::Mafk",0.191454518819042,"T1_MBC_to_prePB","closing","T1_MBC_to_prePB_closing",0.191454518819042,FALSE,0.0451364723319102
"MA1524.1",259,656,1.72908738901128,1.64,1.05432157866542,0.148127973590672,"MSGN1",0.198034889424088,"T1_MBC_to_prePB","closing","T1_MBC_to_prePB_closing",0.198034889424088,FALSE,0.0763163389294035
"MA0485.2",127,314,0.847853661793177,0.785,1.0800683589722,0.148423261448086,"HOXC9",0.198074692379736,"T1_MBC_to_prePB","closing","T1_MBC_to_prePB_closing",0.198074692379736,FALSE,0.111123961122317
"MA1628.1",1743,4568,11.63629080713,11.42,1.01893965036164,0.150095075478271,"Zic1::Zic2",0.199948082690697,"T1_MBC_to_prePB","closing","T1_MBC_to_prePB_closing",0.199948082690697,FALSE,0.0270700221391395
"MA1581.1",1449,3791,9.6735429601442,9.4775,1.02068509207536,0.154326895146588,"ZBTB6",0.205219008519348,"T1_MBC_to_prePB","closing","T1_MBC_to_prePB_closing",0.205219008519348,FALSE,0.0295392393413348
"MA0526.3",563,1453,3.75859536684692,3.6325,1.03471310856075,0.154992669608506,"USF2",0.205737600583533,"T1_MBC_to_prePB","closing","T1_MBC_to_prePB_closing",0.205737600583533,FALSE,0.0492322062396512
"MA0743.2",718,1862,4.79337739501969,4.655,1.02972661547147,0.160613140889348,"SCRT1",0.212819543700629,"T1_MBC_to_prePB","closing","T1_MBC_to_prePB_closing",0.212819543700629,FALSE,0.042262764808443
"MA0626.1",349,893,2.32992856665999,2.2325,1.04364101530123,0.162158704309801,"Npas2",0.21448651314736,"T1_MBC_to_prePB","closing","T1_MBC_to_prePB_closing",0.21448651314736,FALSE,0.0616269309531032
"MA0512.2",656,1700,4.37946458375058,4.25,1.03046225500014,0.166609121377909,"Rxra",0.219983016898973,"T1_MBC_to_prePB","closing","T1_MBC_to_prePB_closing",0.219983016898973,FALSE,0.0432930611370091
"MA0770.1",474,1222,3.1644302022832,3.055,1.03582003348059,0.169995595636017,"HSF2",0.224057799195174,"T1_MBC_to_prePB","closing","T1_MBC_to_prePB_closing",0.224057799195174,FALSE,0.0507747593817863
"MA0745.2",1574,4128,10.5080445957674,10.32,1.01822137555886,0.173693747371709,"SNAI2",0.228528281374418,"T1_MBC_to_prePB","closing","T1_MBC_to_prePB_closing",0.228528281374418,FALSE,0.0260526744593191
"MA0651.1",102,252,0.680953334668536,0.63,1.08087830899768,0.175677206637069,"HOXC11",0.230156887970961,"T1_MBC_to_prePB","closing","T1_MBC_to_prePB_closing",0.230156887970961,FALSE,0.112205440712425
"MA1572.1",302,772,2.01615595166567,1.93,1.04464038946408,0.17568701490875,"TGIF2LY",0.230156887970961,"T1_MBC_to_prePB","closing","T1_MBC_to_prePB_closing",0.230156887970961,FALSE,0.0630077705992069
"MA0059.1",336,861,2.24314039655518,2.1525,1.04210935960752,0.175857139602477,"MAX::MYC",0.230156887970961,"T1_MBC_to_prePB","closing","T1_MBC_to_prePB_closing",0.230156887970961,FALSE,0.059508067278343
"MA1597.1",917,2392,6.12190399893184,5.98,1.02372976570767,0.182839954976553,"ZNF528",0.23887671876096,"T1_MBC_to_prePB","closing","T1_MBC_to_prePB_closing",0.23887671876096,FALSE,0.0338363461482407
"MA0832.1",564,1461,3.7652713799319,3.6525,1.03087512113125,0.183233201749713,"Tcf21",0.238971972911339,"T1_MBC_to_prePB","closing","T1_MBC_to_prePB_closing",0.238971972911339,FALSE,0.0438709765785656
"MA0856.1",660,1714,4.40616863609053,4.285,1.02827739465357,0.183869465769591,"RXRG",0.239037762851207,"T1_MBC_to_prePB","closing","T1_MBC_to_prePB_closing",0.239037762851207,FALSE,0.0402309106520895
"MA0900.2",113,281,0.754389478603378,0.7025,1.07386402648168,0.183924498494093,"HOXA2",0.239037762851207,"T1_MBC_to_prePB","closing","T1_MBC_to_prePB_closing",0.239037762851207,FALSE,0.102812673153397
"MA1608.1",223,567,1.4887509179518,1.4175,1.05026519784959,0.186800669160226,"Isl1",0.242353563814832,"T1_MBC_to_prePB","closing","T1_MBC_to_prePB_closing",0.242353563814832,FALSE,0.070755036123958
"MA1633.1",863,2252,5.76139929234261,5.63,1.02333912830242,0.194848728250855,"BACH1",0.252356165408225,"T1_MBC_to_prePB","closing","T1_MBC_to_prePB_closing",0.252356165408225,FALSE,0.033285734387968
"MA1621.1",1486,3902,9.92055544428867,9.755,1.0169713423156,0.198672909422081,"Rbpjl",0.256863068334267,"T1_MBC_to_prePB","closing","T1_MBC_to_prePB_closing",0.256863068334267,FALSE,0.0242804440462426
"MA0643.1",661,1722,4.41284464917551,4.305,1.02505102187584,0.212589727952016,"Esrrg",0.274380513931148,"T1_MBC_to_prePB","closing","T1_MBC_to_prePB_closing",0.274380513931148,FALSE,0.0356971290456599
"MA0905.1",152,385,1.01475398891782,0.9625,1.05428985861592,0.218585964038674,"HOXC10",0.281632347448792,"T1_MBC_to_prePB","closing","T1_MBC_to_prePB_closing",0.281632347448792,FALSE,0.0762729337634245
"MA0866.1",428,1109,2.85733360037386,2.7725,1.03059823277686,0.220914217964778,"SOX21",0.284141390692629,"T1_MBC_to_prePB","closing","T1_MBC_to_prePB_closing",0.284141390692629,FALSE,0.0434834235987036
"MA1124.1",627,1634,4.185860204286,4.085,1.02469038048617,0.222663968670975,"ZNF24",0.285899002803007,"T1_MBC_to_prePB","closing","T1_MBC_to_prePB_closing",0.285899002803007,FALSE,0.0351894600865173
"MA1532.1",612,1596,4.08572000801122,3.99,1.02398997694517,0.232287353978242,"NR1D2",0.297742897023657,"T1_MBC_to_prePB","closing","T1_MBC_to_prePB_closing",0.297742897023657,FALSE,0.0342030028634851
"MA0018.4",755,1976,5.04038987916416,4.94,1.02032183788748,0.243852120483255,"CREB1",0.312030329126086,"T1_MBC_to_prePB","closing","T1_MBC_to_prePB_closing",0.312030329126086,FALSE,0.0290257040860309
"MA0836.2",395,1026,2.63702516856933,2.565,1.02807998774633,0.250237824012645,"CEBPD",0.319653110810673,"T1_MBC_to_prePB","closing","T1_MBC_to_prePB_closing",0.319653110810673,FALSE,0.0399539182455856
"MA1549.1",276,713,1.84257961145604,1.7825,1.03370525186875,0.25291925171894,"POU6F1(var.2)",0.322526088516802,"T1_MBC_to_prePB","closing","T1_MBC_to_prePB_closing",0.322526088516802,FALSE,0.0478262734859721
"MA0706.1",212,546,1.41531477401696,1.365,1.03686064030546,0.264790259408799,"MEOX2",0.337087941158641,"T1_MBC_to_prePB","closing","T1_MBC_to_prePB_closing",0.337087941158641,FALSE,0.0522233925477684
"MA0903.1",214,553,1.42866680018693,1.3825,1.03339370718765,0.284342626518049,"HOXB3",0.361362179527196,"T1_MBC_to_prePB","closing","T1_MBC_to_prePB_closing",0.361362179527196,FALSE,0.0473913997388885
"MA0596.1",774,2034,5.16723412777889,5.085,1.01617190320135,0.288786024955317,"SREBF2",0.366384990844671,"T1_MBC_to_prePB","closing","T1_MBC_to_prePB_closing",0.366384990844671,FALSE,0.0231458995196324
"MA1643.1",1008,2655,6.72942118966553,6.6375,1.0138487668046,0.290578175127233,"NFIB",0.367711144316006,"T1_MBC_to_prePB","closing","T1_MBC_to_prePB_closing",0.367711144316006,FALSE,0.0198438882943055
"MA0793.1",295,767,1.96942386007077,1.9175,1.02707893615164,0.291052078493629,"POU6F2",0.367711144316006,"T1_MBC_to_prePB","closing","T1_MBC_to_prePB_closing",0.367711144316006,FALSE,0.0385484689021727
"MA0677.1",758,1992,5.06041791841912,4.98,1.01614817638938,0.291310035242305,"Nr2f6",0.367711144316006,"T1_MBC_to_prePB","closing","T1_MBC_to_prePB_closing",0.367711144316006,FALSE,0.0231122133688839
"MA0093.3",590,1547,3.93884772014153,3.8675,1.01844802072179,0.292106656904008,"USF1",0.368093861571604,"T1_MBC_to_prePB","closing","T1_MBC_to_prePB_closing",0.368093861571604,FALSE,0.0263737668599435
"MA0771.1",430,1124,2.87068562654383,2.81,1.02159630837859,0.295038194399949,"HSF4",0.371161033764522,"T1_MBC_to_prePB","closing","T1_MBC_to_prePB_closing",0.371161033764522,FALSE,0.0308266290628469
"MA0065.2",1613,4265,10.7684091060818,10.6625,1.00993285871811,0.303247883647673,"Pparg::Rxra",0.380846668688829,"T1_MBC_to_prePB","closing","T1_MBC_to_prePB_closing",0.380846668688829,FALSE,0.0142608129533774
"MA0258.2",919,2425,6.13525602510181,6.0625,1.01200099383123,0.325852035761939,"ESR2",0.408547258283036,"T1_MBC_to_prePB","closing","T1_MBC_to_prePB_closing",0.408547258283036,FALSE,0.0172121324112633
"MA1600.1",836,2207,5.581146939048,5.5175,1.01153546697744,0.340852629198505,"ZNF684",0.426637686882692,"T1_MBC_to_prePB","closing","T1_MBC_to_prePB_closing",0.426637686882692,FALSE,0.0165483315414299
"MA1150.1",447,1175,2.98417784898858,2.9375,1.01589033157058,0.344876419092747,"RORB",0.430951103254924,"T1_MBC_to_prePB","closing","T1_MBC_to_prePB_closing",0.430951103254924,FALSE,0.0227460873571819
"MA0712.2",483,1271,3.22451432004807,3.1775,1.01479600945651,0.349276106382745,"OTX2",0.435719022343692,"T1_MBC_to_prePB","closing","T1_MBC_to_prePB_closing",0.435719022343692,FALSE,0.0211911729884585
"MA0729.1",1254,3320,8.371720408572,8.3,1.00864101308096,0.350239909653434,"RARA",0.436083343744918,"T1_MBC_to_prePB","closing","T1_MBC_to_prePB_closing",0.436083343744918,FALSE,0.0124142244007365
"MA0072.1",426,1120,2.84398157420389,2.8,1.01570770507282,0.350737273789478,"RORA(var.2)",0.436083343744918,"T1_MBC_to_prePB","closing","T1_MBC_to_prePB_closing",0.436083343744918,FALSE,0.02248671116244
"MA0688.1",911,2409,6.08184792042192,6.0225,1.00985436619708,0.357295817349617,"TBX2",0.443498635179391,"T1_MBC_to_prePB","closing","T1_MBC_to_prePB_closing",0.443498635179391,FALSE,0.0141486816779997
"MA0158.2",166,433,1.10821817210762,1.0825,1.02375812665831,0.367585490655002,"HOXA5",0.455512916991082,"T1_MBC_to_prePB","closing","T1_MBC_to_prePB_closing",0.455512916991082,FALSE,0.0338763133324506
"MA0077.1",321,844,2.14300020028039,2.11,1.01563990534616,0.373748149469242,"SOX9",0.462381624384834,"T1_MBC_to_prePB","closing","T1_MBC_to_prePB_closing",0.462381624384834,FALSE,0.0223904063915047
"MA1566.1",993,2632,6.62928099339075,6.58,1.00748951267337,0.386622390181449,"TBX3",0.47751705807179,"T1_MBC_to_prePB","closing","T1_MBC_to_prePB_closing",0.47751705807179,FALSE,0.0107662532609036
"MA1632.1",1031,2735,6.8829694906202,6.8375,1.00665001690972,0.397550584288554,"ATF2",0.49020286922192,"T1_MBC_to_prePB","closing","T1_MBC_to_prePB_closing",0.49020286922192,FALSE,0.00956362035015083
"MA0887.1",154,404,1.02810601508779,1.01,1.01792674761167,0.408065603203011,"EVX1",0.502338184801066,"T1_MBC_to_prePB","closing","T1_MBC_to_prePB_closing",0.502338184801066,FALSE,0.025635162728293
"MA1137.1",549,1454,3.66513118365712,3.635,1.00828918394969,0.411551983555632,"FOSL1::JUNB",0.505795353760299,"T1_MBC_to_prePB","closing","T1_MBC_to_prePB_closing",0.505795353760299,FALSE,0.0119109034176849
"MA0160.1",623,1652,4.15915615194606,4.13,1.00705960095546,0.419689931247487,"NR4A2",0.514948501168792,"T1_MBC_to_prePB","closing","T1_MBC_to_prePB_closing",0.514948501168792,FALSE,0.010150501683632
"MA0730.1",707,1876,4.71994125108485,4.69,1.006384062065,0.422113683479399,"RARA(var.2)",0.517071934114338,"T1_MBC_to_prePB","closing","T1_MBC_to_prePB_closing",0.517071934114338,FALSE,0.00918241333472258
"MA0690.1",860,2287,5.74137125308766,5.7175,1.0041751207849,0.444935374997613,"TBX21",0.543878573987028,"T1_MBC_to_prePB","closing","T1_MBC_to_prePB_closing",0.543878573987028,FALSE,0.00601232337193204
"MA0483.1",1358,3615,9.06602576941051,9.0375,1.00315637835801,0.445455507648893,"Gfi1b",0.543878573987028,"T1_MBC_to_prePB","closing","T1_MBC_to_prePB_closing",0.543878573987028,FALSE,0.00454795805941293
"MA1639.1",380,1009,2.53688497229455,2.5225,1.00570266493342,0.455572075195104,"MEIS1(var.2)",0.554781706888251,"T1_MBC_to_prePB","closing","T1_MBC_to_prePB_closing",0.554781706888251,FALSE,0.00820527123656337
"MA0665.1",739,1966,4.93357366980439,4.915,1.00377897656244,0.455872903917558,"MSC",0.554781706888251,"T1_MBC_to_prePB","closing","T1_MBC_to_prePB_closing",0.554781706888251,FALSE,0.00544307256670986
"MA1130.1",543,1444,3.62507510514721,3.61,1.00417592940366,0.460374099376137,"FOSL2::JUN",0.558753949822877,"T1_MBC_to_prePB","closing","T1_MBC_to_prePB_closing",0.558753949822877,FALSE,0.00601348511017742
"MA0501.1",714,1900,4.76667334267975,4.75,1.00351017740626,0.460634958634141,"MAF::NFE2",0.558753949822877,"T1_MBC_to_prePB","closing","T1_MBC_to_prePB_closing",0.558753949822877,FALSE,0.00505668595691293
"MA0467.1",410,1090,2.73716536484411,2.725,1.00446435407123,0.465579026158839,"Crx",0.563834340120931,"T1_MBC_to_prePB","closing","T1_MBC_to_prePB_closing",0.563834340120931,FALSE,0.00642780362160793
"MA1153.1",396,1053,2.64370118165432,2.6325,1.00425495979271,0.468699202267343,"Smad4",0.566693038721942,"T1_MBC_to_prePB","closing","T1_MBC_to_prePB_closing",0.566693038721942,FALSE,0.00612702313381832
"MA1541.1",749,1995,5.00033380065425,4.9875,1.00257319311363,0.472383597181457,"NR6A1",0.57022356552972,"T1_MBC_to_prePB","closing","T1_MBC_to_prePB_closing",0.57022356552972,FALSE,0.00370900383876139
"MA0607.1",172,457,1.14827425061753,1.1425,1.00505404868055,0.484269612492122,"Bhlha15",0.583627028948502,"T1_MBC_to_prePB","closing","T1_MBC_to_prePB_closing",0.583627028948502,FALSE,0.00727452258177075
"MA0143.4",392,1045,2.61699712931437,2.6125,1.00172138921124,0.494489358647327,"SOX2",0.594982357340171,"T1_MBC_to_prePB","closing","T1_MBC_to_prePB_closing",0.594982357340171,FALSE,0.00248274486031374
"MA1141.1",601,1605,4.01228386407637,4.0125,0.999946134349252,0.510370633763308,"FOS::JUND",0.613102242813894,"T1_MBC_to_prePB","closing","T1_MBC_to_prePB_closing",0.613102242813894,FALSE,-7.6271028244237e-05
"MA0140.2",372,996,2.48347686761466,2.49,0.997380268118338,0.537966084985093,"GATA1::TAL1",0.645213343085015,"T1_MBC_to_prePB","closing","T1_MBC_to_prePB_closing",0.645213343085015,FALSE,-0.00378298697813154
"MA0610.1",206,552,1.37525869550704,1.38,0.996564272106553,0.541251715843022,"DMRT3",0.648112006450874,"T1_MBC_to_prePB","closing","T1_MBC_to_prePB_closing",0.648112006450874,FALSE,-0.0049637944286392
"MA1565.1",1470,3933,9.8137392349289,9.8325,0.998091963888014,0.545260844905403,"TBX18",0.651866330608062,"T1_MBC_to_prePB","closing","T1_MBC_to_prePB_closing",0.651866330608062,FALSE,-0.00275389826868988
"MA1120.1",388,1040,2.59029307697443,2.6,0.996266568067089,0.549463497973352,"SOX13",0.655839631180993,"T1_MBC_to_prePB","closing","T1_MBC_to_prePB_closing",0.655839631180993,FALSE,-0.00539483524242408
"MA0710.1",241,648,1.60891915348154,1.62,0.993159971284902,0.568873249974794,"NOTO",0.677922435273477,"T1_MBC_to_prePB","closing","T1_MBC_to_prePB_closing",0.677922435273477,FALSE,-0.00990052652611426
"MA0071.1",527,1415,3.51825889578744,3.5375,0.994560818597155,0.574184655650168,"RORA",0.683160690773565,"T1_MBC_to_prePB","closing","T1_MBC_to_prePB_closing",0.683160690773565,FALSE,-0.00786704799952249
"MA0164.1",337,907,2.24981640964016,2.2675,0.992201283193015,0.58545122426933,"Nr2e3",0.695316605783847,"T1_MBC_to_prePB","closing","T1_MBC_to_prePB_closing",0.695316605783847,FALSE,-0.0112938178145509
"MA0066.1",647,1738,4.31938046598571,4.345,0.994103674565181,0.586265609970562,"PPARG",0.695316605783847,"T1_MBC_to_prePB","closing","T1_MBC_to_prePB_closing",0.695316605783847,FALSE,-0.00853032607232652
"MA0861.1",390,1050,2.6036451031444,2.625,0.991864801197867,0.593503875202111,"TP73",0.702783953810754,"T1_MBC_to_prePB","closing","T1_MBC_to_prePB_closing",0.702783953810754,FALSE,-0.0117831567784923
"MA0119.1",745,2003,4.97362974831431,5.0075,0.993236095519582,0.603466457044268,"NFIC::TLX1",0.713448457931892,"T1_MBC_to_prePB","closing","T1_MBC_to_prePB_closing",0.713448457931892,FALSE,-0.00978995044596884
"MA0893.2",159,431,1.06148608051272,1.0775,0.985137893747302,0.612655995018885,"GSX2",0.723108533690468,"T1_MBC_to_prePB","closing","T1_MBC_to_prePB_closing",0.723108533690468,FALSE,-0.0216009518472839
"MA0150.2",734,1975,4.90019360437946,4.9375,0.992444274304702,0.61357600780974,"Nfe2l2",0.723108533690468,"T1_MBC_to_prePB","closing","T1_MBC_to_prePB_closing",0.723108533690468,FALSE,-0.0109405439325086
"MA0092.1",578,1557,3.8587355631217,3.8925,0.991325770872628,0.61598386258125,"Hand1::Tcf3",0.724801201081407,"T1_MBC_to_prePB","closing","T1_MBC_to_prePB_closing",0.724801201081407,FALSE,-0.0125674037620821
"MA0801.1",854,2298,5.70131517457774,5.745,0.992396026906483,0.622178877082486,"MGA",0.729788431294865,"T1_MBC_to_prePB","closing","T1_MBC_to_prePB_closing",0.729788431294865,FALSE,-0.0110106817788431
"MA0803.1",854,2298,5.70131517457774,5.745,0.992396026906483,0.622178877082486,"TBX15",0.729788431294865,"T1_MBC_to_prePB","closing","T1_MBC_to_prePB_closing",0.729788431294865,FALSE,-0.0110106817788431
"MA1101.2",423,1142,2.82395353494893,2.855,0.989125581418189,0.624483659046622,"BACH2",0.731341930374851,"T1_MBC_to_prePB","closing","T1_MBC_to_prePB_closing",0.731341930374851,FALSE,-0.0157729361894404
"MA0820.1",959,2580,6.40229654850124,6.45,0.992604116046703,0.625576684386209,"FIGLA",0.731473677981367,"T1_MBC_to_prePB","closing","T1_MBC_to_prePB_closing",0.731473677981367,FALSE,-0.0107082043504691
"MA0592.3",917,2468,6.12190399893184,6.17,0.992204862063507,0.6290659062961,"ESRRA",0.734402450855853,"T1_MBC_to_prePB","closing","T1_MBC_to_prePB_closing",0.734402450855853,FALSE,-0.0112886140274949
"MA1110.1",392,1060,2.61699712931437,2.65,0.987546086533726,0.636028553675334,"NR1H4",0.741370782877811,"T1_MBC_to_prePB","closing","T1_MBC_to_prePB_closing",0.741370782877811,FALSE,-0.0180785569490683
"MA0825.1",361,977,2.41004072367982,2.4425,0.986710634055197,0.63926986771745,"MNT",0.743986460713289,"T1_MBC_to_prePB","closing","T1_MBC_to_prePB_closing",0.743986460713289,FALSE,-0.0192995754579893
"MA0888.1",156,425,1.04145804125776,1.0625,0.980195803536716,0.642193159567516,"EVX2",0.746224450213967,"T1_MBC_to_prePB","closing","T1_MBC_to_prePB_closing",0.746224450213967,FALSE,-0.0288566528216426
"MA1571.1",321,870,2.14300020028039,2.175,0.985287448404778,0.645210158983897,"TGIF2LX",0.74856419689267,"T1_MBC_to_prePB","closing","T1_MBC_to_prePB_closing",0.74856419689267,FALSE,-0.0213819518786161
"MA0684.2",903,2435,6.02843981574204,6.0875,0.99029812168247,0.656342083502363,"RUNX3",0.760296885547768,"T1_MBC_to_prePB","closing","T1_MBC_to_prePB_closing",0.760296885547768,FALSE,-0.0140637351623623
"MA0525.2",183,500,1.22171039455237,1.25,0.977368315641899,0.66908703334465,"TP63",0.773858801356758,"T1_MBC_to_prePB","closing","T1_MBC_to_prePB_closing",0.773858801356758,FALSE,-0.0330242827788903
"MA1128.1",579,1569,3.86541157620669,3.9225,0.98544590852943,0.684414290960762,"FOSL1::JUN",0.79036077562961,"T1_MBC_to_prePB","closing","T1_MBC_to_prePB_closing",0.79036077562961,FALSE,-0.0211499474791397
"MA0678.1",118,326,0.787769544028306,0.815,0.966588397580744,0.699373410311721,"OLIG2",0.80638727062217,"T1_MBC_to_prePB","closing","T1_MBC_to_prePB_closing",0.80638727062217,FALSE,-0.0490249248078121
"MA0631.1",453,1234,3.0242339274985,3.085,0.980302731766126,0.716371495566484,"Six3",0.824256198901544,"T1_MBC_to_prePB","closing","T1_MBC_to_prePB_closing",0.824256198901544,FALSE,-0.0286992799225536
"MA0858.1",588,1598,3.92549569397156,3.995,0.982602176213156,0.717080795022925,"Rarb(var.2)",0.824256198901544,"T1_MBC_to_prePB","closing","T1_MBC_to_prePB_closing",0.824256198901544,FALSE,-0.0253191923549509
"MA0797.1",533,1453,3.55831497429735,3.6325,0.979577418939394,0.738881143016715,"TGIF2",0.847018523298395,"T1_MBC_to_prePB","closing","T1_MBC_to_prePB_closing",0.847018523298395,FALSE,-0.0297671046033524
"MA0804.1",172,476,1.14827425061753,1.19,0.964936345056749,0.739154234138412,"TBX19",0.847018523298395,"T1_MBC_to_prePB","closing","T1_MBC_to_prePB_closing",0.847018523298395,FALSE,-0.0514928259890286
"MA0114.4",755,2057,5.04038987916416,5.1425,0.980143875384378,0.769744071896021,"HNF4A",0.880719444224589,"T1_MBC_to_prePB","closing","T1_MBC_to_prePB_closing",0.880719444224589,FALSE,-0.0289330848933413
"MA0484.2",743,2026,4.96027772214434,5.065,0.979324328162751,0.776916804834173,"HNF4G",0.887338584199067,"T1_MBC_to_prePB","closing","T1_MBC_to_prePB_closing",0.887338584199067,FALSE,-0.0301398976116145
"MA0782.2",1055,2867,7.04319380465986,7.1675,0.982656966119269,0.777908088560576,"PKNOX1",0.887338584199067,"T1_MBC_to_prePB","closing","T1_MBC_to_prePB_closing",0.887338584199067,FALSE,-0.025238749991179
"MA1114.1",1214,3297,8.10467988517257,8.2425,0.983279330927822,0.786341610461288,"PBX3",0.895589070845987,"T1_MBC_to_prePB","closing","T1_MBC_to_prePB_closing",0.895589070845987,FALSE,-0.0243253106891748
"MA0667.1",455,1252,3.03758595366847,3.13,0.97047474558098,0.802417741723316,"MYF6",0.912505541654868,"T1_MBC_to_prePB","closing","T1_MBC_to_prePB_closing",0.912505541654868,FALSE,-0.0432359377622279
"MA0115.1",607,1664,4.05233994258629,4.16,0.974120178506319,0.805024314271358,"NR1H2::RXRA",0.914076314225926,"T1_MBC_to_prePB","closing","T1_MBC_to_prePB_closing",0.914076314225926,FALSE,-0.0378268433643006
"MA0802.1",862,2354,5.75472327925763,5.885,0.977862919160175,0.810078164816643,"TBR1",0.918416885947136,"T1_MBC_to_prePB","closing","T1_MBC_to_prePB_closing",0.918416885947136,FALSE,-0.0322943830968039
"MA1536.1",528,1455,3.52493490887242,3.6375,0.969054270480391,0.830920605475674,"NR2C2(var.2)",0.940617255970945,"T1_MBC_to_prePB","closing","T1_MBC_to_prePB_closing",0.940617255970945,FALSE,-0.0453491421737696
"MA0479.1",457,1265,3.05093797983844,3.1625,0.964723471885673,0.845210233739884,"FOXH1",0.955343688439324,"T1_MBC_to_prePB","closing","T1_MBC_to_prePB_closing",0.955343688439324,FALSE,-0.051811131576877
"MA0099.3",487,1347,3.25121837238801,3.3675,0.965469449855386,0.847617454708642,"FOS::JUN",0.956615160684791,"T1_MBC_to_prePB","closing","T1_MBC_to_prePB_closing",0.956615160684791,FALSE,-0.0506959915887049
"MA1540.1",838,2299,5.59449896521797,5.7475,0.973379550277159,0.850733016542607,"NR5A1",0.958681012599373,"T1_MBC_to_prePB","closing","T1_MBC_to_prePB_closing",0.958681012599373,FALSE,-0.0389241473708337
"MA1135.1",498,1380,3.32465451632285,3.45,0.963667975745754,0.862478189583558,"FOSB::JUNB",0.970450572291605,"T1_MBC_to_prePB","closing","T1_MBC_to_prePB_closing",0.970450572291605,FALSE,-0.0533904350127753
"MA0719.1",459,1278,3.06429000600841,3.195,0.959089203758501,0.881086681864281,"RHOXF1",0.989895579323424,"T1_MBC_to_prePB","closing","T1_MBC_to_prePB_closing",0.989895579323424,FALSE,-0.0602615858012991
"MA0752.1",323,908,2.15635222645036,2.27,0.949934901519984,0.888162920490311,"ZNF410",0.996345170956048,"T1_MBC_to_prePB","closing","T1_MBC_to_prePB_closing",0.996345170956048,FALSE,-0.0740979263691594
"MA0827.1",137,396,0.914613792643034,0.99,0.923852315801044,0.891186939421761,"OLIG3",0.998236421634585,"T1_MBC_to_prePB","closing","T1_MBC_to_prePB_closing",0.998236421634585,FALSE,-0.114264288013864
"MA1467.1",880,2429,5.87489151478737,6.0725,0.967458462706854,0.903741570393043,"ATOH1(var.2)",1,"T1_MBC_to_prePB","closing","T1_MBC_to_prePB_closing",1,FALSE,-0.0477268823920883
"MA0826.1",127,370,0.847853661793177,0.925,0.916598553289921,0.903944595110706,"OLIG1",1,"T1_MBC_to_prePB","closing","T1_MBC_to_prePB_closing",1,FALSE,-0.125636512280714
"MA0009.2",188,540,1.2550904599773,1.35,0.929696637020223,0.906634826131487,"TBXT",1,"T1_MBC_to_prePB","closing","T1_MBC_to_prePB_closing",1,FALSE,-0.105166506084648
"MA0805.1",922,2544,6.15528406435677,6.36,0.967811959804523,0.906659367271723,"TBX1",1,"T1_MBC_to_prePB","closing","T1_MBC_to_prePB_closing",1,FALSE,-0.0471998366805744
"MA0489.1",652,1811,4.35276053141064,4.5275,0.961404866131561,0.907733952479721,"JUN(var.2)",1,"T1_MBC_to_prePB","closing","T1_MBC_to_prePB_closing",1,FALSE,-0.0567824886103338
"MA0117.2",480,1347,3.20448628079311,3.3675,0.951592065565883,0.923563493816046,"Mafb",1,"T1_MBC_to_prePB","closing","T1_MBC_to_prePB_closing",1,FALSE,-0.0715833362707666
"MA1134.1",492,1381,3.28459843781294,3.4525,0.951368121017506,0.927021058029849,"FOS::JUNB",1,"T1_MBC_to_prePB","closing","T1_MBC_to_prePB_closing",1,FALSE,-0.0719228949789189
"MA1567.1",864,2400,5.7680753054276,6,0.961345884237933,0.937634325336058,"TBX6",1,"T1_MBC_to_prePB","closing","T1_MBC_to_prePB_closing",1,FALSE,-0.0568710001315882
"MA1144.1",486,1371,3.24454235930302,3.4275,0.946620673757264,0.943865495175658,"FOSL2::JUND",1,"T1_MBC_to_prePB","closing","T1_MBC_to_prePB_closing",1,FALSE,-0.0791401406283703
"MA0669.1",323,923,2.15635222645036,2.3075,0.934497172892899,0.944837109201565,"NEUROG2",1,"T1_MBC_to_prePB","closing","T1_MBC_to_prePB_closing",1,FALSE,-0.0977362516348859
"MA0859.1",1570,4321,10.4813405434275,10.8025,0.970269895249013,0.947329643340643,"Rarg",1,"T1_MBC_to_prePB","closing","T1_MBC_to_prePB_closing",1,FALSE,-0.0435404974125536
"MA0668.1",110,331,0.734361439348421,0.8275,0.887445848155192,0.951242729040359,"NEUROD2",1,"T1_MBC_to_prePB","closing","T1_MBC_to_prePB_closing",1,FALSE,-0.172267380114204
"MA1585.1",287,827,1.91601575539088,2.0675,0.926730716029446,0.954433261295057,"ZKSCAN1",1,"T1_MBC_to_prePB","closing","T1_MBC_to_prePB_closing",1,FALSE,-0.109776348240674
"MA1641.1",631,1774,4.21256425662594,4.435,0.949845379171577,0.955512963596842,"MYF5",1,"T1_MBC_to_prePB","closing","T1_MBC_to_prePB_closing",1,FALSE,-0.074233892947545
"MA1138.1",514,1454,3.43147072568262,3.635,0.944008452732496,0.956805463596029,"FOSL2::JUNB",1,"T1_MBC_to_prePB","closing","T1_MBC_to_prePB_closing",1,FALSE,-0.0831267889633644
"MA0494.1",1175,3258,7.84431537485814,8.145,0.963083532824817,0.957527196699081,"Nr1h3::Rxra",1,"T1_MBC_to_prePB","closing","T1_MBC_to_prePB_closing",1,FALSE,-0.0542656615799806
"MA0727.1",255,740,1.70238333667134,1.85,0.920207209011535,0.959091612533413,"NR3C2",1,"T1_MBC_to_prePB","closing","T1_MBC_to_prePB_closing",1,FALSE,-0.119967768366431
"MA0841.1",416,1186,2.77722144335403,2.965,0.936668277691072,0.959835298333113,"NFE2",1,"T1_MBC_to_prePB","closing","T1_MBC_to_prePB_closing",1,FALSE,-0.0943883486663662
"MA0477.2",627,1766,4.185860204286,4.415,0.948099706520045,0.96040358256072,"FOSL1",1,"T1_MBC_to_prePB","closing","T1_MBC_to_prePB_closing",1,FALSE,-0.0768877856788596
"MA0842.2",435,1239,2.90406569196876,3.0975,0.937551474404764,0.96102906837087,"NRL",1,"T1_MBC_to_prePB","closing","T1_MBC_to_prePB_closing",1,FALSE,-0.0930286551169094
"MA1142.1",530,1501,3.53828693504239,3.7525,0.942914572962663,0.962149154720566,"FOSL1::JUND",1,"T1_MBC_to_prePB","closing","T1_MBC_to_prePB_closing",1,FALSE,-0.0847994946348292
"MA0078.1",404,1156,2.6971092863342,2.89,0.933255808420139,0.965507856502164,"Sox17",1,"T1_MBC_to_prePB","closing","T1_MBC_to_prePB_closing",1,FALSE,-0.0996539663784209
"MA0806.1",748,2101,4.99365778756926,5.2525,0.950720188018898,0.965837654725385,"TBX4",1,"T1_MBC_to_prePB","closing","T1_MBC_to_prePB_closing",1,FALSE,-0.0729057818120352
"MA0807.1",748,2101,4.99365778756926,5.2525,0.950720188018898,0.965837654725385,"TBX5",1,"T1_MBC_to_prePB","closing","T1_MBC_to_prePB_closing",1,FALSE,-0.0729057818120352
"MA0113.3",266,774,1.77581948060618,1.935,0.91773616568795,0.966621181594226,"NR3C1",1,"T1_MBC_to_prePB","closing","T1_MBC_to_prePB_closing",1,FALSE,-0.123847061130852
"MA0100.3",389,1116,2.59696909005942,2.79,0.930813293928106,0.967953525183727,"MYB",1,"T1_MBC_to_prePB","closing","T1_MBC_to_prePB_closing",1,FALSE,-0.103434729416066
"MA1576.1",810,2273,5.40757059883837,5.6825,0.951618231207809,0.968858547925865,"THRB(var.3)",1,"T1_MBC_to_prePB","closing","T1_MBC_to_prePB_closing",1,FALSE,-0.0715436675045289
"MA0063.2",408,1171,2.72381333867414,2.9275,0.930423002109016,0.971748745813398,"NKX2-5",1,"T1_MBC_to_prePB","closing","T1_MBC_to_prePB_closing",1,FALSE,-0.104039780452629
"MA1151.1",392,1127,2.61699712931437,2.8175,0.928836603128438,0.97214025278254,"RORC",1,"T1_MBC_to_prePB","closing","T1_MBC_to_prePB_closing",1,FALSE,-0.106501715331625
"MA0655.1",464,1326,3.09767007143334,3.315,0.934440443871294,0.972171626050855,"JDP2",1,"T1_MBC_to_prePB","closing","T1_MBC_to_prePB_closing",1,FALSE,-0.0978238335743288
"MA1619.1",654,1850,4.36611255758061,4.625,0.944024336774187,0.973654635531099,"Ptf1a(var.2)",1,"T1_MBC_to_prePB","closing","T1_MBC_to_prePB_closing",1,FALSE,-0.0831025141689543
"MA0796.1",501,1430,3.34468255557781,3.575,0.935575540021765,0.974640695153599,"TGIF1",1,"T1_MBC_to_prePB","closing","T1_MBC_to_prePB_closing",1,FALSE,-0.0960724089330223
"MA0491.2",551,1568,3.67848320982709,3.92,0.938388573935483,0.974915521636793,"JUND",1,"T1_MBC_to_prePB","closing","T1_MBC_to_prePB_closing",1,FALSE,-0.0917411106291417
"MA0870.1",310,902,2.06956405634555,2.255,0.917766765563437,0.975937164110922,"Sox1",1,"T1_MBC_to_prePB","closing","T1_MBC_to_prePB_closing",1,FALSE,-0.123798958521188
"MA1638.1",796,2242,5.31410641564857,5.605,0.948101055423474,0.97640409398004,"HAND2",1,"T1_MBC_to_prePB","closing","T1_MBC_to_prePB_closing",1,FALSE,-0.0768857330963755
"MA0490.2",597,1696,3.98557981173643,4.24,0.939995238617083,0.976459656204004,"JUNB",1,"T1_MBC_to_prePB","closing","T1_MBC_to_prePB_closing",1,FALSE,-0.0892731110112775
"MA0476.1",641,1818,4.2793243874758,4.545,0.941545519796656,0.977496011976298,"FOS",1,"T1_MBC_to_prePB","closing","T1_MBC_to_prePB_closing",1,FALSE,-0.0868957178153208
"MA0817.1",107,334,0.714333400093464,0.835,0.85548910190834,0.983302387499732,"BHLHE23",1,"T1_MBC_to_prePB","closing","T1_MBC_to_prePB_closing",1,FALSE,-0.225176932177772
"MA0495.3",655,1864,4.3727885706656,4.66,0.938366646065579,0.983826153120962,"MAFF",1,"T1_MBC_to_prePB","closing","T1_MBC_to_prePB_closing",1,FALSE,-0.0917748232786326
"MA0623.2",130,403,0.867881701048134,1.0075,0.861421043223954,0.987259901308723,"NEUROG1",1,"T1_MBC_to_prePB","closing","T1_MBC_to_prePB_closing",1,FALSE,-0.215207853217286
"MA0088.2",649,1857,4.33273249215568,4.6425,0.933275711826749,0.989593029485021,"ZNF143",1,"T1_MBC_to_prePB","closing","T1_MBC_to_prePB_closing",1,FALSE,-0.0996231985987873
"MA0091.1",592,1700,3.9521997463115,4.25,0.929929352073295,0.989806091976006,"TAL1::TCF3",1,"T1_MBC_to_prePB","closing","T1_MBC_to_prePB_closing",1,FALSE,-0.104805426495904
"MA1123.2",756,2153,5.04706589224915,5.3825,0.937680611657993,0.990122509858111,"TWIST1",1,"T1_MBC_to_prePB","closing","T1_MBC_to_prePB_closing",1,FALSE,-0.0928299538704812
"MA0462.2",745,2125,4.97362974831431,5.3125,0.936212658506222,0.991093108557687,"BATF::JUN",1,"T1_MBC_to_prePB","closing","T1_MBC_to_prePB_closing",1,FALSE,-0.0950902820747813
"MA0835.2",751,2142,5.01368582682422,5.355,0.936262526017595,0.991283204519894,"BATF3",1,"T1_MBC_to_prePB","closing","T1_MBC_to_prePB_closing",1,FALSE,-0.0950134388299396
"MA1634.1",738,2107,4.92689765671941,5.2675,0.935338900184036,0.99160334771137,"BATF",1,"T1_MBC_to_prePB","closing","T1_MBC_to_prePB_closing",1,FALSE,-0.0964373628292548
"MA1622.1",638,1833,4.25929634822084,4.5825,0.929470015978362,0.992371985189198,"Smad2::Smad3",1,"T1_MBC_to_prePB","closing","T1_MBC_to_prePB_closing",1,FALSE,-0.105518217108117
"MA1620.1",1400,3925,9.3464183189799,9.8125,0.952501229959736,0.992815513586361,"Ptf1a(var.3)",1,"T1_MBC_to_prePB","closing","T1_MBC_to_prePB_closing",1,FALSE,-0.0702056246981102
"MA1645.1",766,2189,5.113826023099,5.4725,0.934458843873733,0.9932849062686,"NKX2-2",1,"T1_MBC_to_prePB","closing","T1_MBC_to_prePB_closing",1,FALSE,-0.0977954258757028
"MA0818.1",101,326,0.67427732158355,0.815,0.827334136912332,0.993932222621455,"BHLHE22",1,"T1_MBC_to_prePB","closing","T1_MBC_to_prePB_closing",1,FALSE,-0.273456240194498
"MA0089.2",644,1860,4.29935242673076,4.65,0.924591919727044,0.995512312678253,"NFE2L1",1,"T1_MBC_to_prePB","closing","T1_MBC_to_prePB_closing",1,FALSE,-0.113109780024725
"MA0739.1",470,1378,3.13772614994325,3.445,0.910805849040132,0.995972042590531,"Hic1",1,"T1_MBC_to_prePB","closing","T1_MBC_to_prePB_closing",1,FALSE,-0.134782954665483
"MA0505.1",1120,3179,7.47713465518392,7.9475,0.940815936481148,0.99672761803495,"Nr5a2",1,"T1_MBC_to_prePB","closing","T1_MBC_to_prePB_closing",1,FALSE,-0.0880140632447278
"MA0002.2",1243,3529,8.29828426463716,8.8225,0.940581951219854,0.998061724207693,"RUNX1",1,"T1_MBC_to_prePB","closing","T1_MBC_to_prePB_closing",1,FALSE,-0.0883729123974865
"MA0513.1",1309,3711,8.73890112824621,9.2775,0.941945688843569,0.998134623206827,"SMAD2::SMAD3::SMAD4",1,"T1_MBC_to_prePB","closing","T1_MBC_to_prePB_closing",1,FALSE,-0.0862826846431944
"MA0783.1",726,2110,4.84678549969958,5.275,0.918821895677646,0.99866024369068,"PKNOX2",1,"T1_MBC_to_prePB","closing","T1_MBC_to_prePB_closing",1,FALSE,-0.122141287944004
"MA1570.1",220,687,1.46872287869684,1.7175,0.855151603316939,0.998786601150341,"TFAP4(var.2)",1,"T1_MBC_to_prePB","closing","T1_MBC_to_prePB_closing",1,FALSE,-0.225746200732745
"MA0106.3",287,880,1.91601575539088,2.2,0.8709162524504,0.998882806229057,"TP53",1,"T1_MBC_to_prePB","closing","T1_MBC_to_prePB_closing",1,FALSE,-0.199392442826153
"MA0503.1",760,2216,5.07376994458909,5.54,0.91584295028684,0.99929584943443,"Nkx2-5(var.2)",1,"T1_MBC_to_prePB","closing","T1_MBC_to_prePB_closing",1,FALSE,-0.126826294956232
"MA1468.1",311,956,2.07624006943054,2.39,0.8687196943224,0.999404554295848,"ATOH7",1,"T1_MBC_to_prePB","closing","T1_MBC_to_prePB_closing",1,FALSE,-0.203035689638806
"MA0478.1",987,2858,6.58922491488083,7.145,0.922214823636226,0.999630843791589,"FOSL2",1,"T1_MBC_to_prePB","closing","T1_MBC_to_prePB_closing",1,FALSE,-0.116823674761399
"MA0693.2",692,2044,4.61980105481007,5.11,0.904070656518604,0.999758091401585,"VDR",1,"T1_MBC_to_prePB","closing","T1_MBC_to_prePB_closing",1,FALSE,-0.14549097002671
"MA0659.2",689,2040,4.59977301555511,5.1,0.901916277559826,0.999817639465044,"MAFG",1,"T1_MBC_to_prePB","closing","T1_MBC_to_prePB_closing",1,FALSE,-0.148932977068602
"MA1121.1",506,1535,3.37806262100274,3.8375,0.880276904495827,0.999914298386092,"TEAD2",1,"T1_MBC_to_prePB","closing","T1_MBC_to_prePB_closing",1,FALSE,-0.183969039155485
"MA0671.1",331,1047,2.20976033113025,2.6175,0.844225532427984,0.999971925633854,"NFIX",1,"T1_MBC_to_prePB","closing","T1_MBC_to_prePB_closing",1,FALSE,-0.244297923728737
"MA0633.1",325,1034,2.16970425262034,2.585,0.839344004882141,0.999981805392997,"Twist2",1,"T1_MBC_to_prePB","closing","T1_MBC_to_prePB_closing",1,FALSE,-0.252664156065525
"MA0808.1",538,1646,3.59169503972228,4.115,0.87282990029703,0.999982506178373,"TEAD3",1,"T1_MBC_to_prePB","closing","T1_MBC_to_prePB_closing",1,FALSE,-0.196225917474051
"MA1109.1",897,2660,5.98838373723212,6.65,0.900508832666485,0.999983835995881,"NEUROD1",1,"T1_MBC_to_prePB","closing","T1_MBC_to_prePB_closing",1,FALSE,-0.151186065883262
"MA0670.1",382,1216,2.55023699846452,3.04,0.838893749494907,0.999996536707601,"NFIA",1,"T1_MBC_to_prePB","closing","T1_MBC_to_prePB_closing",1,FALSE,-0.253438278151703
"MA0691.1",508,1581,3.39141464717271,3.9525,0.858042921485821,0.999997011803732,"TFAP4",1,"T1_MBC_to_prePB","closing","T1_MBC_to_prePB_closing",1,FALSE,-0.220876596710343
"MA0090.3",615,1902,4.10574804726617,4.755,0.863459105629059,0.999999166697097,"TEAD1",1,"T1_MBC_to_prePB","closing","T1_MBC_to_prePB_closing",1,FALSE,-0.211798572304801
"MA0698.1",1076,3213,7.18339007944456,8.0325,0.89429070394579,0.999999487008844,"ZBTB18",1,"T1_MBC_to_prePB","closing","T1_MBC_to_prePB_closing",1,FALSE,-0.161182602189224
"MA0860.1",982,2963,6.5558448494559,7.4075,0.885027991826649,0.999999821235054,"Rarg(var.2)",1,"T1_MBC_to_prePB","closing","T1_MBC_to_prePB_closing",1,FALSE,-0.176203379036981
"MA0161.2",646,2012,4.31270445290073,5.03,0.857396511511079,0.999999871796201,"NFIC",1,"T1_MBC_to_prePB","closing","T1_MBC_to_prePB_closing",1,FALSE,-0.221963864968114
"MA1618.1",753,2330,5.02703785299419,5.825,0.863010790213595,0.999999954585325,"Ptf1a",1,"T1_MBC_to_prePB","closing","T1_MBC_to_prePB_closing",1,FALSE,-0.212547825672595
"MA1593.1",797,2459,5.32078242873356,6.1475,0.865519711872072,0.999999966087979,"ZNF317",1,"T1_MBC_to_prePB","closing","T1_MBC_to_prePB_closing",1,FALSE,-0.208359751254319
"MA1108.2",730,2283,4.87348955203952,5.7075,0.853874647751121,0.999999991622095,"MXI1",1,"T1_MBC_to_prePB","closing","T1_MBC_to_prePB_closing",1,FALSE,-0.227902113373654
"MA0809.2",616,1971,4.11242406035116,4.9275,0.834586313617688,0.999999998399521,"TEAD4",1,"T1_MBC_to_prePB","closing","T1_MBC_to_prePB_closing",1,FALSE,-0.260865104216505
"MA1642.1",815,2576,5.4409506642633,6.44,0.844868115568836,0.999999999916054,"NEUROG2(var.2)",1,"T1_MBC_to_prePB","closing","T1_MBC_to_prePB_closing",1,FALSE,-0.243200233901062
"MA0087.1",0,0,0,0,NA,1,"Sox5",1,"T1_MBC_to_prePB","closing","T1_MBC_to_prePB_closing",1,FALSE,NA
"MA0506.1",1350,1212,17.8665960825834,3.03,5.8965663638889,0,"NRF1",0,"T2_prePB_to_PB","opening","T2_prePB_to_PB_opening",0,TRUE,2.55987534629327
"MA0527.1",522,556,6.90841715193224,1.39,4.97008428196564,0,"ZBTB33",0,"T2_prePB_to_PB","opening","T2_prePB_to_PB_opening",0,TRUE,2.3132706072832
"MA1513.1",3353,3576,44.3753308628904,8.94,4.96368354171034,0,"KLF15",0,"T2_prePB_to_PB","opening","T2_prePB_to_PB_opening",0,TRUE,2.3114114304216
"MA1650.1",1082,1174,14.3197458973002,2.935,4.87895941986377,0,"ZBTB14",0,"T2_prePB_to_PB","opening","T2_prePB_to_PB_opening",0,TRUE,2.2865737795751
"MA0740.1",2087,2294,27.6204340921122,5.735,4.81611754003701,0,"KLF14",0,"T2_prePB_to_PB","opening","T2_prePB_to_PB_opening",0,TRUE,2.26787090186067
"MA0632.2",829,918,10.9714134462679,2.295,4.78057230774199,0,"TCFL5",0,"T2_prePB_to_PB","opening","T2_prePB_to_PB_opening",0,TRUE,2.2571836430259
"MA0732.1",1204,1477,15.934356802541,3.6925,4.31533021057306,0,"EGR3",0,"T2_prePB_to_PB","opening","T2_prePB_to_PB_opening",0,TRUE,2.10947129347453
"MA0685.1",2609,3258,34.5288512440445,8.145,4.23926964322216,0,"SP4",0,"T2_prePB_to_PB","opening","T2_prePB_to_PB_opening",0,TRUE,2.08381607376986
"MA0162.4",2004,2563,26.5219692959238,6.4075,4.13920706920387,0,"EGR1",0,"T2_prePB_to_PB","opening","T2_prePB_to_PB_opening",0,TRUE,2.04935477160849
"MA1564.1",2804,3613,37.1095817893065,9.0325,4.10845079316983,0,"SP9",0,"T2_prePB_to_PB","opening","T2_prePB_to_PB_opening",0,TRUE,2.03859483889227
"MA0079.4",2652,3548,35.0979354155638,8.87,3.95692620243109,0,"SP1",0,"T2_prePB_to_PB","opening","T2_prePB_to_PB_opening",0,TRUE,1.98438052357249
"MA0746.2",2805,3772,37.1228163049232,9.43,3.93667193053269,0,"SP3",0,"T2_prePB_to_PB","opening","T2_prePB_to_PB_opening",0,TRUE,1.9769768544579
"MA0076.2",978,1368,12.9433562731604,3.42,3.78460709741532,0,"ELK4",0,"T2_prePB_to_PB","opening","T2_prePB_to_PB_opening",0,TRUE,1.92014391442811
"MA0733.1",1091,1546,14.4388565378507,3.865,3.73579729310497,0,"EGR4",0,"T2_prePB_to_PB","opening","T2_prePB_to_PB_opening",0,TRUE,1.90141656174108
"MA0741.1",2634,4014,34.8597141344627,10.035,3.47381306770929,0,"KLF16",0,"T2_prePB_to_PB","opening","T2_prePB_to_PB_opening",0,TRUE,1.79652053736081
"MA1515.1",2621,4004,34.6876654314452,10.01,3.46530124190262,0,"KLF2",0,"T2_prePB_to_PB","opening","T2_prePB_to_PB_opening",0,TRUE,1.79298118897945
"MA1512.1",2030,3103,26.8660667019587,7.7575,3.46323773148034,0,"KLF11",0,"T2_prePB_to_PB","opening","T2_prePB_to_PB_opening",0,TRUE,1.79212184027891
"MA0750.2",1111,1699,14.7035468501853,4.2475,3.4616943732043,0,"ZBTB7A",0,"T2_prePB_to_PB","opening","T2_prePB_to_PB_opening",0,TRUE,1.79147877412569
"MA1517.1",2008,3218,26.5749073583907,8.045,3.30328245598393,0,"KLF6",0,"T2_prePB_to_PB","opening","T2_prePB_to_PB_opening",0,TRUE,1.72390077313423
"MA0516.2",2225,3581,29.4467972472208,8.9525,3.28922616556501,0,"SP2",0,"T2_prePB_to_PB","opening","T2_prePB_to_PB_opening",0,TRUE,1.71774864919391
"MA0747.1",2220,3665,29.3806246691371,9.1625,3.20661660781851,0,"SP8",0,"T2_prePB_to_PB","opening","T2_prePB_to_PB_opening",0,TRUE,1.68105232128923
"MA1511.1",1917,3360,25.3705664372684,8.4,3.02030552824624,0,"KLF10",0,"T2_prePB_to_PB","opening","T2_prePB_to_PB_opening",0,TRUE,1.59469497482829
"MA1516.1",1184,2076,15.6696664902065,5.19,3.0192035626602,0,"KLF3",0,"T2_prePB_to_PB","opening","T2_prePB_to_PB_opening",0,TRUE,1.59416850827168
"MA0742.1",1573,2762,20.8178930651138,6.905,3.01490124042199,0,"Klf12",0,"T2_prePB_to_PB","opening","T2_prePB_to_PB_opening",0,TRUE,1.59211122284013
"MA0599.1",3268,5851,43.2503970354685,14.6275,2.95678667137026,0,"KLF5",0,"T2_prePB_to_PB","opening","T2_prePB_to_PB_opening",0,TRUE,1.56403064641407
"MA0471.2",1817,3351,24.0471148755956,8.3775,2.87044045068285,0,"E2F6",0,"T2_prePB_to_PB","opening","T2_prePB_to_PB_opening",0,TRUE,1.5212726287947
"MA1653.1",3089,6265,40.8814187400741,15.6625,2.61014644788981,0,"ZNF148",0,"T2_prePB_to_PB","opening","T2_prePB_to_PB_opening",0,TRUE,1.3841313073051
"MA0039.4",2994,6103,39.6241397564849,15.2575,2.59702701992364,0,"KLF4",0,"T2_prePB_to_PB","opening","T2_prePB_to_PB_opening",0,TRUE,1.37686157966392
"MA1102.2",1555,3248,20.5796717840127,8.12,2.5344423379326,0,"CTCFL",0,"T2_prePB_to_PB","opening","T2_prePB_to_PB_opening",0,TRUE,1.34166891022945
"MA1627.1",2033,5079,26.9057702488089,12.6975,2.11898170890403,5.41248515319978e-315,"Wt1",1.34590464141913e-313,"T2_prePB_to_PB","opening","T2_prePB_to_PB_opening",1.34590464141913e-313,TRUE,1.08337181523241
"MA1122.1",853,1292,11.2890418210693,3.23,3.49505938732797,7.59921221264608e-314,"TFDP1",1.82871364859272e-312,"T2_prePB_to_PB","opening","T2_prePB_to_PB_opening",1.82871364859272e-312,TRUE,1.80531738256665
"MA0028.2",640,803,8.4700899947062,2.0075,4.21922291143522,5.29730902581445e-313,"ELK1",1.23493516664309e-311,"T2_prePB_to_PB","opening","T2_prePB_to_PB_opening",1.23493516664309e-311,TRUE,2.07697765246492
"MA0765.2",808,1187,10.6934886183166,2.9675,3.6035344964841,2.32720077560662e-311,"ETV5",5.26088417758346e-310,"T2_prePB_to_PB","opening","T2_prePB_to_PB_opening",5.26088417758346e-310,TRUE,1.84941305662646
"MA0759.1",588,760,7.78189518263632,1.9,4.09573430665069,4.29694010655192e-274,"ELK3",9.42799211614038e-273,"T2_prePB_to_PB","opening","T2_prePB_to_PB_opening",9.42799211614038e-273,TRUE,2.03412248190977
"MA0156.2",546,681,7.22604552673372,1.7025,4.24437329029881,1.1688735671753e-268,"FEV",2.49137051746507e-267,"T2_prePB_to_PB","opening","T2_prePB_to_PB_opening",2.49137051746507e-267,TRUE,2.08555188597649
"MA1483.1",667,963,8.82742191635786,2.4075,3.66663423317045,1.52568240802502e-262,"ELF2",3.16155298996296e-261,"T2_prePB_to_PB","opening","T2_prePB_to_PB_opening",3.16155298996296e-261,TRUE,1.87445674996792
"MA0474.2",582,769,7.70248808893595,1.9225,4.00649575497318,3.93378979220006e-262,"ERG",7.93137077021958e-261,"T2_prePB_to_PB","opening","T2_prePB_to_PB_opening",7.93137077021958e-261,TRUE,2.00234130819649
"MA1107.2",1963,5244,25.9793541556379,13.11,1.98164410035377,8.81029395592406e-256,"KLF9",1.72959981345246e-254,"T2_prePB_to_PB","opening","T2_prePB_to_PB_opening",1.72959981345246e-254,TRUE,0.986698608434649
"MA0763.1",560,744,7.41132874536792,1.86,3.984585346972,6.71536347399356e-250,"ETV3",1.28452850041005e-248,"T2_prePB_to_PB","opening","T2_prePB_to_PB_opening",1.28452850041005e-248,TRUE,1.99442996106702
"MA0475.2",562,751,7.43779777660138,1.8775,3.96154342295679,1.4555176102125e-248,"FLI1",2.71454034304631e-247,"T2_prePB_to_PB","opening","T2_prePB_to_PB_opening",2.71454034304631e-247,TRUE,1.98606298004268
"MA0748.2",633,936,8.37744838538909,2.34,3.58010614760218,1.22241035027315e-239,"YY2",2.2241905397653e-238,"T2_prePB_to_PB","opening","T2_prePB_to_PB_opening",2.2241905397653e-238,TRUE,1.84000276598145
"MA0131.2",484,604,6.40550555849656,1.51,4.242056661256,1.67138195034143e-237,"HINFP",2.9686927022731e-236,"T2_prePB_to_PB","opening","T2_prePB_to_PB_opening",2.9686927022731e-236,TRUE,2.08476423120385
"MA0472.2",620,930,8.20539968237163,2.325,3.52920416446091,2.47647783661949e-229,"EGR2",4.29640108399568e-228,"T2_prePB_to_PB","opening","T2_prePB_to_PB_opening",4.29640108399568e-228,TRUE,1.81934330122751
"MA0641.1",680,1091,8.99947061937533,2.7275,3.29953093285988,3.10922559253002e-226,"ELF4",5.27155066369862e-225,"T2_prePB_to_PB","opening","T2_prePB_to_PB_opening",5.27155066369862e-225,TRUE,1.72226138021757
"MA0060.3",636,993,8.41715193223928,2.4825,3.39059493745792,9.16258019000177e-221,"NFYA",1.51895218260918e-219,"T2_prePB_to_PB","opening","T2_prePB_to_PB_opening",1.51895218260918e-219,TRUE,1.76153886641608
"MA1522.1",2049,5972,27.1175224986765,14.93,1.81631095101651,5.58095207363516e-211,"MAZ",9.05084836289529e-210,"T2_prePB_to_PB","opening","T2_prePB_to_PB_opening",9.05084836289529e-210,TRUE,0.861012006337155
"MA0098.3",547,801,7.23928004235045,2.0025,3.61512111977551,1.27940598542886e-209,"ETS1",2.030716734319e-208,"T2_prePB_to_PB","opening","T2_prePB_to_PB_opening",2.030716734319e-208,TRUE,1.85404438261727
"MA1099.2",566,858,7.49073583906829,2.145,3.49218454035818,1.88276961716003e-205,"HES1",2.92613778000287e-204,"T2_prePB_to_PB","opening","T2_prePB_to_PB_opening",2.92613778000287e-204,TRUE,1.80413021161443
"MA0645.1",750,1360,9.92588671254632,3.4,2.91937844486656,2.17081651778846e-203,"ETV6",3.30495739238815e-202,"T2_prePB_to_PB","opening","T2_prePB_to_PB_opening",3.30495739238815e-202,TRUE,1.54566173658537
"MA0760.1",552,856,7.30545262043409,2.14,3.4137629067449,4.20684753029598e-193,"ERF",6.27661651520161e-192,"T2_prePB_to_PB","opening","T2_prePB_to_PB_opening",6.27661651520161e-192,TRUE,1.77136328614942
"MA1644.1",593,1025,7.84806776071996,2.5625,3.06266058954925,1.49968116097162e-173,"NFYC",2.19365126683299e-172,"T2_prePB_to_PB","opening","T2_prePB_to_PB_opening",2.19365126683299e-172,TRUE,1.61478596437359
"MA0146.2",1695,5021,22.4325039703547,12.5525,1.78709452064168,1.4926735627256e-160,"Zfx",2.14141245729481e-159,"T2_prePB_to_PB","opening","T2_prePB_to_PB_opening",2.14141245729481e-159,TRUE,0.837616748801943
"MA1484.1",465,737,6.15404976177872,1.8425,3.34005414479171,1.41572526070102e-156,"ETS2",1.99270008393012e-155,"T2_prePB_to_PB","opening","T2_prePB_to_PB_opening",1.99270008393012e-155,TRUE,1.73987192199896
"MA0136.2",692,1475,9.15828480677607,3.6875,2.4836026594647,6.8380653657716e-138,"ELF5",9.44666067197335e-137,"T2_prePB_to_PB","opening","T2_prePB_to_PB_opening",9.44666067197335e-137,TRUE,1.31243496254915
"MA1569.1",482,855,6.3790365272631,2.1375,2.98434457415818,2.26492203001027e-134,"TFAP2E",3.07205788070484e-133,"T2_prePB_to_PB","opening","T2_prePB_to_PB_opening",3.07205788070484e-133,TRUE,1.57741460303877
"MA0502.2",735,1666,9.7273689782954,4.165,2.33550275589325,4.98014325943167e-129,"NFYB",6.63426227060005e-128,"T2_prePB_to_PB","opening","T2_prePB_to_PB_opening",6.63426227060005e-128,TRUE,1.22373376524267
"MA0657.1",647,1398,8.56273160402329,3.495,2.44999473648735,4.08372422363619e-125,"KLF13",5.34466363303965e-124,"T2_prePB_to_PB","opening","T2_prePB_to_PB_opening",5.34466363303965e-124,TRUE,1.29277923863441
"MA0831.2",325,500,4.30121757543674,1.25,3.44097406034939,1.47389888728665e-114,"TFE3",1.895738913648e-113,"T2_prePB_to_PB","opening","T2_prePB_to_PB_opening",1.895738913648e-113,TRUE,1.78281743568412
"MA1584.1",647,1468,8.56273160402329,3.67,2.33316937439327,7.58673738887422e-113,"ZIC5",9.59272219000029e-112,"T2_prePB_to_PB","opening","T2_prePB_to_PB_opening",9.59272219000029e-112,TRUE,1.22229166065157
"MA1475.1",311,489,4.11593435680254,1.2225,3.36681746977713,7.68139041918406e-106,"CREB3L4(var.2)",9.55052875451885e-105,"T2_prePB_to_PB","opening","T2_prePB_to_PB_opening",9.55052875451885e-105,TRUE,1.75138593684347
"MA0493.1",1392,4385,18.422445738486,10.9625,1.68049676063726,9.15848193216601e-105,"Klf1",1.12003729858948e-103,"T2_prePB_to_PB","opening","T2_prePB_to_PB_opening",1.12003729858948e-103,TRUE,0.748888620170656
"MA1599.1",1204,3782,15.934356802541,9.455,1.68528363855537,4.38036180588158e-90,"ZNF682",5.27056436643171e-89,"T2_prePB_to_PB","opening","T2_prePB_to_PB_opening",5.27056436643171e-89,TRUE,0.752992278025503
"MA1596.1",2239,8354,29.632080465855,20.885,1.4188211858202,4.51691070900034e-90,"ZNF460",5.34859585541945e-89,"T2_prePB_to_PB","opening","T2_prePB_to_PB_opening",5.34859585541945e-89,FALSE,0.504693794677068
"MA0638.1",315,565,4.16887241926945,1.4125,2.95141410213767,6.12870505595485e-86,"CREB3",7.14377183084737e-85,"T2_prePB_to_PB","opening","T2_prePB_to_PB_opening",7.14377183084737e-85,TRUE,1.56140684306058
"MA0528.2",1655,5787,21.9031233456856,14.4675,1.51395357495667,5.54369780660038e-85,"ZNF263",6.36245932880597e-84,"T2_prePB_to_PB","opening","T2_prePB_to_PB_opening",6.36245932880597e-84,TRUE,0.598321919017239
"MA0686.1",315,570,4.16887241926945,1.425,2.92552450475049,1.2731192618038e-84,"SPDEF",1.43901055955399e-83,"T2_prePB_to_PB","opening","T2_prePB_to_PB_opening",1.43901055955399e-83,TRUE,1.54869579563681
"MA0139.1",1232,3990,16.3049232398094,9.975,1.63457877090821,8.22845979931694e-83,"CTCF",9.1618373287917e-82,"T2_prePB_to_PB","opening","T2_prePB_to_PB_opening",9.1618373287917e-82,TRUE,0.70891978535568
"MA0697.1",591,1489,7.8215987294865,3.7225,2.10116822820322,8.69361486117871e-81,"ZIC3",9.53740689182252e-80,"T2_prePB_to_PB","opening","T2_prePB_to_PB_opening",9.53740689182252e-80,TRUE,1.07119236137202
"MA0871.2",418,902,5.53202752779248,2.255,2.4532272850521,1.81944547777622e-80,"TFEC",1.96711061800154e-79,"T2_prePB_to_PB","opening","T2_prePB_to_PB_opening",1.96711061800154e-79,TRUE,1.29468149006693
"MA0751.1",596,1524,7.88777130757014,3.81,2.07028118308928,1.50061831818999e-78,"ZIC4",1.59923037909962e-77,"T2_prePB_to_PB","opening","T2_prePB_to_PB_opening",1.59923037909962e-77,TRUE,1.04982742298922
"MA1474.1",391,830,5.17469560614082,2.075,2.49382920777871,8.29933826586545e-78,"CREB3L4",8.72014978357131e-77,"T2_prePB_to_PB","opening","T2_prePB_to_PB_opening",8.72014978357131e-77,TRUE,1.31836324273998
"MA0753.2",673,1833,8.90682901005823,4.5825,1.94366154065646,1.90858521221568e-75,"ZNF740",1.97750634487903e-74,"T2_prePB_to_PB","opening","T2_prePB_to_PB_opening",1.97750634487903e-74,TRUE,0.958777759487629
"MA0762.1",368,770,4.87030174695606,1.925,2.53002688153562,2.26358875292399e-75,"ETV2",2.31320165709766e-74,"T2_prePB_to_PB","opening","T2_prePB_to_PB_opening",2.31320165709766e-74,TRUE,1.33915328386485
"MA0014.3",326,660,4.31445209105347,1.65,2.61481944912331,3.04960873468168e-71,"PAX5",3.07433529198991e-70,"T2_prePB_to_PB","opening","T2_prePB_to_PB_opening",3.07433529198991e-70,TRUE,1.38671188488415
"MA1419.1",293,561,3.87771307570143,1.4025,2.76485780798676,3.74471540206406e-71,"IRF4",3.72474358658638e-70,"T2_prePB_to_PB","opening","T2_prePB_to_PB_opening",3.72474358658638e-70,TRUE,1.46720580877163
"MA0652.1",340,705,4.49973530968767,1.7625,2.55304131046109,6.55483179482118e-71,"IRF8",6.43408489333764e-70,"T2_prePB_to_PB","opening","T2_prePB_to_PB_opening",6.43408489333764e-70,TRUE,1.35221744710131
"MA0695.1",383,843,5.06881948120699,2.1075,2.40513379891197,9.32513265793685e-71,"ZBTB7C",9.03447917249467e-70,"T2_prePB_to_PB","opening","T2_prePB_to_PB_opening",9.03447917249467e-70,TRUE,1.26611775398366
"MA0810.1",688,1950,9.10534674430916,4.875,1.86776343473008,5.4716872321329e-69,"TFAP2A(var.2)",5.23317778868096e-68,"T2_prePB_to_PB","opening","T2_prePB_to_PB_opening",5.23317778868096e-68,TRUE,0.901312511644503
"MA1464.1",344,731,4.55267337215458,1.8275,2.49120293961947,2.52911577092971e-68,"ARNT2",2.38825362672603e-67,"T2_prePB_to_PB","opening","T2_prePB_to_PB_opening",2.38825362672603e-67,TRUE,1.31684313102645
"MA1143.1",251,456,3.32186341979884,1.14,2.91391528052529,4.40626389885514e-67,"FOSL1::JUND(var.2)",4.10884108568242e-66,"T2_prePB_to_PB","opening","T2_prePB_to_PB_opening",4.10884108568242e-66,TRUE,1.54295942805237
"MA0603.1",352,770,4.65854949708841,1.925,2.4200257127732,6.93167913016711e-66,"Arntl",6.38399090259836e-65,"T2_prePB_to_PB","opening","T2_prePB_to_PB_opening",6.38399090259836e-65,TRUE,1.27502297236463
"MA0814.2",1068,3534,14.134462678666,8.835,1.59982599645342,2.31976474258108e-65,"TFAP2C(var.2)",2.11042011947011e-64,"T2_prePB_to_PB","opening","T2_prePB_to_PB_opening",2.11042011947011e-64,TRUE,0.677915902079206
"MA0692.1",364,827,4.81736368448915,2.0675,2.3300428945534,7.07444552678753e-63,"TFEB",6.35847754576325e-62,"T2_prePB_to_PB","opening","T2_prePB_to_PB_opening",6.35847754576325e-62,TRUE,1.22035713335939
"MA0620.3",315,672,4.16887241926945,1.68,2.48147167813658,4.13014484030301e-62,"MITF",3.66796196531672e-61,"T2_prePB_to_PB","opening","T2_prePB_to_PB_opening",3.66796196531672e-61,TRUE,1.31119657015635
"MA0637.1",190,312,2.5145579671784,0.78,3.22379226561334,1.54874089547167e-60,"CENPB",1.35924789179043e-59,"T2_prePB_to_PB","opening","T2_prePB_to_PB_opening",1.35924789179043e-59,TRUE,1.6887592301446
"MA0615.1",175,274,2.31604023292748,0.685,3.38108063201091,2.5275252429856e-60,"Gmeb1",2.19248119914797e-59,"T2_prePB_to_PB","opening","T2_prePB_to_PB_opening",2.19248119914797e-59,TRUE,1.75748484872925
"MA1420.1",269,555,3.56008470089995,1.3875,2.56582681145942,8.74770207728266e-57,"IRF5",7.50090316052053e-56,"T2_prePB_to_PB","opening","T2_prePB_to_PB_opening",7.50090316052053e-56,TRUE,1.35942435675309
"MA0663.1",283,603,3.74536791953414,1.5075,2.48448949886179,5.22069000428993e-56,"MLX",4.42572129909124e-55,"T2_prePB_to_PB","opening","T2_prePB_to_PB_opening",4.42572129909124e-55,TRUE,1.31295002477344
"MA1651.1",582,1683,7.70248808893595,4.2075,1.83065670562946,8.36795394473912e-55,"ZFP42",7.01403780087122e-54,"T2_prePB_to_PB","opening","T2_prePB_to_PB_opening",7.01403780087122e-54,TRUE,0.87236206281434
"MA0517.1",770,2471,10.1905770248809,6.1775,1.649628008884,6.83240514583967e-52,"STAT1::STAT2",5.66330470977377e-51,"T2_prePB_to_PB","opening","T2_prePB_to_PB_opening",5.66330470977377e-51,TRUE,0.722141607972093
"MA0664.1",264,565,3.4939121228163,1.4125,2.47356610464871,7.59651433907369e-52,"MLXIPL",6.22747219444942e-51,"T2_prePB_to_PB","opening","T2_prePB_to_PB_opening",6.22747219444942e-51,TRUE,1.30659303846186
"MA0653.1",373,933,4.9364743250397,2.3325,2.11638770634071,9.60613736166931e-52,"IRF9",7.78932442587533e-51,"T2_prePB_to_PB","opening","T2_prePB_to_PB_opening",7.78932442587533e-51,TRUE,1.08160462424245
"MA0598.3",1056,3699,13.9756484912652,9.2475,1.51128937456234,4.15714759976372e-51,"EHF",3.33465818217606e-50,"T2_prePB_to_PB","opening","T2_prePB_to_PB_opening",3.33465818217606e-50,TRUE,0.595780882007267
"MA0828.1",248,525,3.28215987294865,1.3125,2.5006932365323,7.71295622210502e-50,"SREBF2(var.2)",6.12113334222377e-49,"T2_prePB_to_PB","opening","T2_prePB_to_PB_opening",6.12113334222377e-49,TRUE,1.32232866791239
"MA1129.1",197,377,2.6071995764955,0.9425,2.76625949760796,3.34130017002239e-48,"FOSL1::JUN(var.2)",2.623799922986e-47,"T2_prePB_to_PB","opening","T2_prePB_to_PB_opening",2.623799922986e-47,TRUE,1.46793702088149
"MA0609.2",282,650,3.73213340391742,1.625,2.2966974793338,2.33210939673993e-47,"CREM",1.81224334371665e-46,"T2_prePB_to_PB","opening","T2_prePB_to_PB_opening",1.81224334371665e-46,TRUE,1.1995614658046
"MA1514.1",924,3206,12.2286924298571,8.015,1.52572581782371,3.25705529179458e-46,"KLF17",2.50491056461727e-45,"T2_prePB_to_PB","opening","T2_prePB_to_PB_opening",2.50491056461727e-45,TRUE,0.609496670001769
"MA0696.1",534,1593,7.06723133933298,3.9825,1.77457158551989,1.11503968015641e-45,"ZIC1",8.48795511629266e-45,"T2_prePB_to_PB","opening","T2_prePB_to_PB_opening",8.48795511629266e-45,TRUE,0.827471586305255
"MA0834.1",241,527,3.18951826363155,1.3175,2.42088672761408,2.17124161188518e-45,"ATF7",1.63610731562257e-44,"T2_prePB_to_PB","opening","T2_prePB_to_PB_opening",1.63610731562257e-44,TRUE,1.27553617369032
"MA0840.1",246,546,3.25569084171519,1.365,2.38512149576205,6.61911211736879e-45,"Creb5",4.93785763955712e-44,"T2_prePB_to_PB","opening","T2_prePB_to_PB_opening",4.93785763955712e-44,TRUE,1.25406336245311
"MA0772.1",387,1041,5.1217575436739,2.6025,1.96801442600342,1.17117503659153e-44,"IRF7",8.6504611613592e-44,"T2_prePB_to_PB","opening","T2_prePB_to_PB_opening",8.6504611613592e-44,TRUE,0.976741529077261
"MA1127.1",276,654,3.65272631021705,1.635,2.23408337016333,1.25990711805768e-43,"FOSB::JUN",9.21461480461794e-43,"T2_prePB_to_PB","opening","T2_prePB_to_PB_opening",9.21461480461794e-43,TRUE,1.159683670207
"MA1140.2",232,508,3.070407623081,1.27,2.41764379770157,1.28831258318631e-43,"JUNB(var.2)",9.33088531123289e-43,"T2_prePB_to_PB","opening","T2_prePB_to_PB_opening",9.33088531123289e-43,TRUE,1.27360229825234
"MA0792.1",268,637,3.54685018528322,1.5925,2.22722146642588,4.23742620230479e-42,"POU5F1B",3.0395384104994e-41,"T2_prePB_to_PB","opening","T2_prePB_to_PB_opening",3.0395384104994e-41,TRUE,1.15524566911794
"MA1418.1",498,1493,6.59078877713076,3.7325,1.76578399923128,6.16708739222698e-42,"IRF3",4.38156875676317e-41,"T2_prePB_to_PB","opening","T2_prePB_to_PB_opening",4.38156875676317e-41,TRUE,0.820309692122428
"MA0611.1",317,820,4.19534145050291,2.05,2.04650802463557,1.3600906508384e-40,"Dux",9.57195873137215e-40,"T2_prePB_to_PB","opening","T2_prePB_to_PB_opening",9.57195873137215e-40,TRUE,1.03316502874937
"MA1136.1",223,497,2.95129698253044,1.2425,2.37528932195609,1.8268915864394e-40,"FOSB::JUNB(var.2)",1.27370198456429e-39,"T2_prePB_to_PB","opening","T2_prePB_to_PB_opening",1.27370198456429e-39,TRUE,1.24810385889552
"MA1145.1",284,704,3.75860243515087,1.76,2.13556956542663,1.94163146217816e-40,"FOSL2::JUND(var.2)",1.34116395443047e-39,"T2_prePB_to_PB","opening","T2_prePB_to_PB_opening",1.34116395443047e-39,TRUE,1.09462156958347
"MA1139.1",222,497,2.93806246691371,1.2425,2.36463780033297,6.51900836375389e-40,"FOSL2::JUNB(var.2)",4.46163324711964e-39,"T2_prePB_to_PB","opening","T2_prePB_to_PB_opening",4.46163324711964e-39,TRUE,1.24161982806125
"MA1466.1",257,617,3.40127051349921,1.5425,2.20503761004811,1.63621695909073e-39,"ATF6",1.10965259225608e-38,"T2_prePB_to_PB","opening","T2_prePB_to_PB_opening",1.10965259225608e-38,TRUE,1.1408039174777
"MA0604.1",150,280,1.98517734250926,0.7,2.83596763215609,1.07809544512075e-38,"Atf1",7.24557839693766e-38,"T2_prePB_to_PB","opening","T2_prePB_to_PB_opening",7.24557839693766e-38,TRUE,1.50384157542541
"MA1133.1",264,660,3.4939121228163,1.65,2.11752249867655,6.48064112666436e-37,"JUN::JUNB(var.2)",4.31656989329608e-36,"T2_prePB_to_PB","opening","T2_prePB_to_PB_opening",4.31656989329608e-36,TRUE,1.08237797958629
"MA0736.1",343,952,4.53943885653785,2.38,1.90732725064616,1.9384647881734e-36,"GLIS2",1.27972985130739e-35,"T2_prePB_to_PB","opening","T2_prePB_to_PB_opening",1.27972985130739e-35,TRUE,0.931553152421927
"MA0600.2",252,623,3.33509793541556,1.5575,2.14131488630213,3.12535693347589e-36,"RFX2",2.04518971260791e-35,"T2_prePB_to_PB","opening","T2_prePB_to_PB_opening",2.04518971260791e-35,TRUE,1.09849763737943
"MA0799.1",298,791,3.94388565378507,1.9775,1.99437959736287,8.57661512537495e-36,"RFX4",5.56361294219975e-35,"T2_prePB_to_PB","opening","T2_prePB_to_PB_opening",5.56361294219975e-35,TRUE,0.995940752530633
"MA0050.2",940,3465,12.4404446797247,8.6625,1.43612636995379,1.24813698704868e-35,"IRF1",8.02681200291652e-35,"T2_prePB_to_PB","opening","T2_prePB_to_PB_opening",8.02681200291652e-35,FALSE,0.522183707275034
"MA0510.2",274,707,3.62625727898359,1.7675,2.05163070946738,1.93019122797618e-35,"RFX5",1.23070312484635e-34,"T2_prePB_to_PB","opening","T2_prePB_to_PB_opening",1.23070312484635e-34,TRUE,1.03677177450635
"MA0095.2",553,1805,7.31868713605082,4.5125,1.62186972544063,7.59166766738348e-35,"YY1",4.7994780337865e-34,"T2_prePB_to_PB","opening","T2_prePB_to_PB_opening",4.7994780337865e-34,TRUE,0.697658831146826
"MA0656.1",255,648,3.37480148226575,1.62,2.08321079152207,2.53838811277758e-34,"JDP2(var.2)",1.59129204380847e-33,"T2_prePB_to_PB","opening","T2_prePB_to_PB_opening",1.59129204380847e-33,TRUE,1.0588095196695
"MA0636.1",193,438,2.55426151402859,1.095,2.33265891692108,6.95758634075549e-34,"BHLHE41",4.32529950850299e-33,"T2_prePB_to_PB","opening","T2_prePB_to_PB_opening",4.32529950850299e-33,TRUE,1.22197598930449
"MA1509.1",147,296,1.94547379565908,0.74,2.62901864278254,4.42761034262191e-33,"IRF6",2.72974984759995e-32,"T2_prePB_to_PB","opening","T2_prePB_to_PB_opening",2.72974984759995e-32,TRUE,1.3945249211264
"MA0789.1",248,636,3.28215987294865,1.59,2.06425149242053,1.12228093001724e-32,"POU3F4",6.8624719163349e-32,"T2_prePB_to_PB","opening","T2_prePB_to_PB_opening",6.8624719163349e-32,TRUE,1.04561944715843
"MA0051.1",363,1077,4.80412916887242,2.6925,1.78426338676784,1.00646317771259e-31,"IRF2",6.10424008596415e-31,"T2_prePB_to_PB","opening","T2_prePB_to_PB_opening",6.10424008596415e-31,TRUE,0.835329405178582
"MA0605.2",230,582,3.04393859184754,1.455,2.09205401501549,2.14573687796931e-31,"ATF3",1.29090299271379e-30,"T2_prePB_to_PB","opening","T2_prePB_to_PB_opening",1.29090299271379e-30,TRUE,1.06492079080398
"MA0004.1",809,2978,10.7067231339333,7.445,1.43810921879561,1.02107967720607e-30,"Arnt",6.09380351356582e-30,"T2_prePB_to_PB","opening","T2_prePB_to_PB_opening",6.09380351356582e-30,FALSE,0.524174250197394
"MA1583.1",264,716,3.4939121228163,1.79,1.95190621386386,4.23934097049488e-30,"ZFP57",2.50995901903903e-29,"T2_prePB_to_PB","opening","T2_prePB_to_PB_opening",2.50995901903903e-29,TRUE,0.964884474376173
"MA0104.4",284,800,3.75860243515087,2,1.87930121757544,3.97837986536533e-29,"MYCN",2.33690659808074e-28,"T2_prePB_to_PB","opening","T2_prePB_to_PB_opening",2.33690659808074e-28,TRUE,0.910197090567152
"MA0749.1",60,77,0.794070937003706,0.1925,4.12504382859068,4.73794466257658e-29,"ZBED1",2.76133337365791e-28,"T2_prePB_to_PB","opening","T2_prePB_to_PB_opening",2.76133337365791e-28,TRUE,2.04440979781519
"MA0067.1",218,563,2.8851244044468,1.4075,2.04982195697819,2.19253683687555e-28,"Pax2",1.26793215527842e-27,"T2_prePB_to_PB","opening","T2_prePB_to_PB_opening",1.26793215527842e-27,TRUE,1.03549930967241
"MA0839.1",268,747,3.54685018528322,1.8675,1.8992504338866,2.27876446876165e-28,"CREB3L1",1.30766022592015e-27,"T2_prePB_to_PB","opening","T2_prePB_to_PB_opening",1.30766022592015e-27,TRUE,0.925430910442268
"MA1131.1",282,802,3.73213340391742,2.005,1.86141316903612,3.67115082331209e-28,"FOSL2::JUN(var.2)",2.09059428564185e-27,"T2_prePB_to_PB","opening","T2_prePB_to_PB_opening",2.09059428564185e-27,TRUE,0.896399094158379
"MA0627.2",342,1035,4.52620434092112,2.5875,1.74925771629802,3.70630010063184e-28,"POU2F3",2.0946211174783e-27,"T2_prePB_to_PB","opening","T2_prePB_to_PB_opening",2.0946211174783e-27,TRUE,0.806743680407047
"MA0812.1",546,1885,7.22604552673372,4.7125,1.5333783611106,1.22027165791529e-27,"TFAP2B(var.2)",6.84453125417145e-27,"T2_prePB_to_PB","opening","T2_prePB_to_PB_opening",6.84453125417145e-27,TRUE,0.616714666785039
"MA0616.2",255,711,3.37480148226575,1.7775,1.8986224935391,4.99931239313927e-27,"HES2",2.7831992875238e-26,"T2_prePB_to_PB","opening","T2_prePB_to_PB_opening",2.7831992875238e-26,TRUE,0.924953840264406
"MA0006.1",1043,4150,13.8035997882477,10.375,1.33046744946966,5.02457315740965e-26,"Ahr::Arnt",2.77654190772415e-25,"T2_prePB_to_PB","opening","T2_prePB_to_PB_opening",2.77654190772415e-25,FALSE,0.411934298910789
"MA0785.1",259,737,3.42773954473266,1.8425,1.86037424408828,6.36495500763414e-26,"POU2F1",3.49136502624637e-25,"T2_prePB_to_PB","opening","T2_prePB_to_PB_opening",3.49136502624637e-25,TRUE,0.895593647238818
"MA0811.1",504,1748,6.67019587083113,4.37,1.52636061117417,4.49578167919652e-25,"TFAP2B",2.44806798005884e-24,"T2_prePB_to_PB","opening","T2_prePB_to_PB_opening",2.44806798005884e-24,TRUE,0.610096792346324
"MA0786.1",248,710,3.28215987294865,1.775,1.84910415377389,1.88122296614722e-24,"POU3F1",1.01695096575785e-23,"T2_prePB_to_PB","opening","T2_prePB_to_PB_opening",1.01695096575785e-23,TRUE,0.886827269368668
"MA0694.1",224,622,2.96453149814717,1.555,1.9064511242104,3.61946967769454e-24,"ZBTB7B",1.9425355248634e-23,"T2_prePB_to_PB","opening","T2_prePB_to_PB_opening",1.9425355248634e-23,TRUE,0.930890301831668
"MA1630.1",1020,4104,13.499205929063,10.26,1.31571207885604,1.06412488191445e-23,"Znf281",5.6702654422013e-23,"T2_prePB_to_PB","opening","T2_prePB_to_PB_opening",5.6702654422013e-23,FALSE,0.395844910925195
"MA0735.1",197,527,2.6071995764955,1.3175,1.9788991092945,1.29622206795844e-23,"GLIS1",6.85802597657446e-23,"T2_prePB_to_PB","opening","T2_prePB_to_PB_opening",6.85802597657446e-23,TRUE,0.984698790019266
"MA0464.2",205,563,2.71307570142933,1.4075,1.92758486780059,6.75030144834007e-23,"BHLHE40",3.5462851270857e-22,"T2_prePB_to_PB","opening","T2_prePB_to_PB_opening",3.5462851270857e-22,TRUE,0.946795129033065
"MA1529.1",643,2404,8.50979354155638,6.01,1.41593902521737,1.3902106493678e-22,"NHLH2",7.25242758341524e-22,"T2_prePB_to_PB","opening","T2_prePB_to_PB_opening",7.25242758341524e-22,FALSE,0.501760158673787
"MA0048.2",580,2137,7.67601905770249,5.3425,1.43678410064623,6.13821109282439e-22,"NHLH1",3.17993435781041e-21,"T2_prePB_to_PB","opening","T2_prePB_to_PB_opening",3.17993435781041e-21,FALSE,0.522844294629861
"MA0511.2",186,508,2.46161990471149,1.27,1.9382833895366,3.27714551470627e-21,"RUNX2",1.6860348648075e-20,"T2_prePB_to_PB","opening","T2_prePB_to_PB_opening",1.6860348648075e-20,TRUE,0.954780261812599
"MA1573.1",686,2630,9.0788777130757,6.575,1.38081790312938,4.11091897338613e-21,"THAP11",2.1005106535247e-20,"T2_prePB_to_PB","opening","T2_prePB_to_PB_opening",2.1005106535247e-20,FALSE,0.465524119965795
"MA0787.1",249,753,3.29539438856538,1.8825,1.75054150787005,7.13162214678963e-21,"POU3F2",3.61917695340481e-20,"T2_prePB_to_PB","opening","T2_prePB_to_PB_opening",3.61917695340481e-20,TRUE,0.807802094699146
"MA0862.1",54,83,0.714663843303335,0.2075,3.44416310025704,3.72491283952539e-20,"GMEB2",1.87755741776077e-19,"T2_prePB_to_PB","opening","T2_prePB_to_PB_opening",1.87755741776077e-19,TRUE,1.78415388285872
"MA0798.2",391,1358,5.17469560614082,3.395,1.52421078236843,1.54574033435759e-19,"RFX3",7.7390757679917e-19,"T2_prePB_to_PB","opening","T2_prePB_to_PB_opening",7.7390757679917e-19,TRUE,0.608063372742767
"MA0844.1",186,524,2.46161990471149,1.31,1.8790991639019,1.57364976761195e-19,"XBP1",7.82628484425677e-19,"T2_prePB_to_PB","opening","T2_prePB_to_PB_opening",7.82628484425677e-19,TRUE,0.910041970490321
"MA0147.3",346,1176,4.57914240338804,2.94,1.55753142972382,5.56667522391701e-19,"MYC",2.75015875300801e-18,"T2_prePB_to_PB","opening","T2_prePB_to_PB_opening",2.75015875300801e-18,TRUE,0.639262202231402
"MA0524.2",493,1821,6.52461619904711,4.5525,1.43319411291535,1.55237644293378e-18,"TFAP2C",7.61890017387235e-18,"T2_prePB_to_PB","opening","T2_prePB_to_PB_opening",7.61890017387235e-18,FALSE,0.519235029191
"MA0507.1",305,1013,4.03652726310217,2.5325,1.59389033093867,2.08974608575122e-18,"POU2F2",1.01892194769308e-17,"T2_prePB_to_PB","opening","T2_prePB_to_PB_opening",1.01892194769308e-17,TRUE,0.672553271950626
"MA0815.1",431,1554,5.70407623080995,3.885,1.46823069004117,2.99893339227323e-18,"TFAP2C(var.3)",1.45273007184145e-17,"T2_prePB_to_PB","opening","T2_prePB_to_PB_opening",1.45273007184145e-17,FALSE,0.55407964645001
"MA0526.3",393,1391,5.20116463737427,3.4775,1.49566200930964,3.85928621361296e-18,"USF2",1.85743710668082e-17,"T2_prePB_to_PB","opening","T2_prePB_to_PB_opening",1.85743710668082e-17,FALSE,0.580785155463396
"MA1126.1",244,771,3.22922181048174,1.9275,1.67534205472464,8.36001486733903e-18,"FOS::JUN(var.2)",3.99780198143264e-17,"T2_prePB_to_PB","opening","T2_prePB_to_PB_opening",3.99780198143264e-17,TRUE,0.744456541943293
"MA0788.1",239,757,3.16304923239809,1.8925,1.67136022847984,2.48783338988557e-17,"POU3F3",1.18211701200932e-16,"T2_prePB_to_PB","opening","T2_prePB_to_PB_opening",1.18211701200932e-16,TRUE,0.741023574342012
"MA0509.2",361,1271,4.77766013763896,3.1775,1.50359091664483,3.91653025018807e-17,"RFX1",1.84919719407614e-16,"T2_prePB_to_PB","opening","T2_prePB_to_PB_opening",1.84919719407614e-16,TRUE,0.588413064542678
"MA0163.1",818,3360,10.8258337744839,8.4,1.2887897350576,1.49425497604517e-16,"PLAG1",7.01078120836285e-16,"T2_prePB_to_PB","opening","T2_prePB_to_PB_opening",7.01078120836285e-16,FALSE,0.366018027854747
"MA1554.1",153,431,2.02488088935945,1.0775,1.87923980450993,2.5010469077498e-16,"RFX7",1.16611312073835e-15,"T2_prePB_to_PB","opening","T2_prePB_to_PB_opening",1.16611312073835e-15,TRUE,0.910149944465835
"MA0784.1",259,867,3.42773954473266,2.1675,1.58142539549373,2.21192274961448e-15,"POU1F1",1.02490333615677e-14,"T2_prePB_to_PB","opening","T2_prePB_to_PB_opening",1.02490333615677e-14,TRUE,0.661226409900629
"MA1485.1",505,1958,6.68343038644786,4.895,1.36535860805881,8.27313376909297e-15,"FERD3L",3.80972703194034e-14,"T2_prePB_to_PB","opening","T2_prePB_to_PB_opening",3.80972703194034e-14,FALSE,0.449280977838001
"MA0081.2",1178,5152,15.5902593965061,12.88,1.21042386618836,1.16208184358394e-14,"SPIB",5.31848500192407e-14,"T2_prePB_to_PB","opening","T2_prePB_to_PB_opening",5.31848500192407e-14,FALSE,0.275513530768859
"MA0872.1",434,1642,5.74377977766014,4.105,1.39921553657981,1.27346072596103e-14,"TFAP2A(var.3)",5.79269330223737e-14,"T2_prePB_to_PB","opening","T2_prePB_to_PB_opening",5.79269330223737e-14,FALSE,0.484619244901586
"MA0642.1",155,458,2.05134992059291,1.145,1.79157198305057,1.77361501529912e-14,"EN2",8.01888970553421e-14,"T2_prePB_to_PB","opening","T2_prePB_to_PB_opening",8.01888970553421e-14,TRUE,0.841226815605843
"MA1635.1",636,2589,8.41715193223928,6.4725,1.30044834797053,8.56029844802132e-14,"BHLHE22(var.2)",3.83823951057899e-13,"T2_prePB_to_PB","opening","T2_prePB_to_PB_opening",3.83823951057899e-13,FALSE,0.379010207927706
"MA1115.1",320,1155,4.2350449973531,2.8875,1.46668225016557,8.5923056067921e-14,"POU5F1",3.83823951057899e-13,"T2_prePB_to_PB","opening","T2_prePB_to_PB_opening",3.83823951057899e-13,FALSE,0.552557335389945
"MA1544.1",61,130,0.807305452620434,0.325,2.48401677729364,3.39055215958858e-13,"OVOL1",1.50556661372207e-12,"T2_prePB_to_PB","opening","T2_prePB_to_PB_opening",1.50556661372207e-12,TRUE,1.31267549848658
"MA0813.1",480,1891,6.35256749602965,4.7275,1.34374775167206,6.15986115458661e-13,"TFAP2B(var.3)",2.71908663983527e-12,"T2_prePB_to_PB","opening","T2_prePB_to_PB_opening",2.71908663983527e-12,FALSE,0.426263414454752
"MA0473.3",1036,4531,13.7109581789307,11.3275,1.2104134344675,6.81415836175124e-13,"ELF1",2.99021302227437e-12,"T2_prePB_to_PB","opening","T2_prePB_to_PB_opening",2.99021302227437e-12,FALSE,0.275501097236452
"MA0823.1",222,753,2.93806246691371,1.8825,1.56072375400463,9.380138917455e-13,"HEY1",4.09215417100669e-12,"T2_prePB_to_PB","opening","T2_prePB_to_PB_opening",4.09215417100669e-12,TRUE,0.642216129214615
"MA0073.1",1119,4954,14.8094229751191,12.385,1.19575478200397,1.84613708927639e-12,"RREB1",8.00708295697784e-12,"T2_prePB_to_PB","opening","T2_prePB_to_PB_opening",8.00708295697784e-12,FALSE,0.257922767404736
"MA0057.1",578,2368,7.64955002646903,5.92,1.29215372068734,4.10422200807749e-12,"MZF1(var.2)",1.76979746706694e-11,"T2_prePB_to_PB","opening","T2_prePB_to_PB_opening",1.76979746706694e-11,FALSE,0.369778826536565
"MA1652.1",1278,5753,16.9137109581789,14.3825,1.17599241843761,4.33043349761447e-12,"ZKSCAN5",1.85661114323011e-11,"T2_prePB_to_PB","opening","T2_prePB_to_PB_opening",1.85661114323011e-11,FALSE,0.23387998601272
"MA1545.1",64,150,0.84700899947062,0.375,2.25869066525499,1.74347822132958e-11,"OVOL2",7.43219858921067e-11,"T2_prePB_to_PB","opening","T2_prePB_to_PB_opening",7.43219858921067e-11,TRUE,1.17548734139574
"MA0504.1",876,3824,11.5934356802541,9.56,1.21270247701403,3.75775790933634e-11,"NR2C2",1.59277693202552e-10,"T2_prePB_to_PB","opening","T2_prePB_to_PB_opening",1.59277693202552e-10,FALSE,0.278226834433932
"MA0687.1",467,1881,6.18051879301218,4.7025,1.31430490016208,4.25465040834744e-11,"SPIC",1.79320294046734e-10,"T2_prePB_to_PB","opening","T2_prePB_to_PB_opening",1.79320294046734e-10,FALSE,0.394301097033853
"MA0761.2",965,4261,12.7713075701429,10.6525,1.19890237692025,4.69039600422533e-11,"ETV1",1.96575023547871e-10,"T2_prePB_to_PB","opening","T2_prePB_to_PB_opening",1.96575023547871e-10,FALSE,0.261715392484353
"MA0093.3",376,1466,4.97617787188989,3.665,1.35775658168892,5.39743298548679e-11,"USF1",2.2494329649012e-10,"T2_prePB_to_PB","opening","T2_prePB_to_PB_opening",2.2494329649012e-10,FALSE,0.441225919262457
"MA0779.1",151,486,1.99841185812599,1.215,1.64478342232592,6.5261921225625e-11,"PAX1",2.70474406857313e-10,"T2_prePB_to_PB","opening","T2_prePB_to_PB_opening",2.70474406857313e-10,TRUE,0.717898506013855
"MA0062.3",1007,4476,13.3271572260455,11.19,1.19098813458852,7.81464703915665e-11,"GABPA",3.22084347580711e-10,"T2_prePB_to_PB","opening","T2_prePB_to_PB_opening",3.22084347580711e-10,FALSE,0.252160251533879
"MA0781.1",154,500,2.03811540497618,1.25,1.63049232398094,8.68998911059848e-11,"PAX9",3.56194059148707e-10,"T2_prePB_to_PB","opening","T2_prePB_to_PB_opening",3.56194059148707e-10,TRUE,0.705308534015354
"MA0639.1",66,163,0.873478030704076,0.4075,2.14350436982595,1.33876739031007e-10,"DBP",5.4574889244334e-10,"T2_prePB_to_PB","opening","T2_prePB_to_PB_opening",5.4574889244334e-10,TRUE,1.0999720313427
"MA0608.1",248,917,3.28215987294865,2.2925,1.43169460106811,6.63926565219269e-10,"Creb3l2",2.69178922637812e-09,"T2_prePB_to_PB","opening","T2_prePB_to_PB_opening",2.69178922637812e-09,FALSE,0.517724787636058
"MA0155.1",773,3379,10.2302805717311,8.4475,1.21104238789359,8.1253992324795e-10,"INSM1",3.27651233915119e-09,"T2_prePB_to_PB","opening","T2_prePB_to_PB_opening",3.27651233915119e-09,FALSE,0.276250553205321
"MA0614.1",210,759,2.77924827951297,1.8975,1.46468947536915,1.77317412130202e-09,"Foxj2",7.11176287360918e-09,"T2_prePB_to_PB","opening","T2_prePB_to_PB_opening",7.11176287360918e-09,FALSE,0.550595820394951
"MA1542.1",134,439,1.77342509264161,1.0975,1.61587707757778,2.64470409553425e-09,"OSR1",1.05505307768372e-08,"T2_prePB_to_PB","opening","T2_prePB_to_PB_opening",1.05505307768372e-08,TRUE,0.692318346907963
"MA1578.1",247,939,3.26892535733192,2.3475,1.39251346425215,1.07761846296184e-08,"VEZF1",4.27608177324221e-08,"T2_prePB_to_PB","opening","T2_prePB_to_PB_opening",4.27608177324221e-08,FALSE,0.477692313128301
"MA0777.1",46,109,0.608787718369508,0.2725,2.23408337016333,1.72560801379542e-08,"MYBL2",6.81113004386974e-08,"T2_prePB_to_PB","opening","T2_prePB_to_PB_opening",6.81113004386974e-08,TRUE,1.159683670207
"MA0024.3",84,251,1.11169931180519,0.6275,1.77163236941066,2.77661246784672e-08,"E2F1",1.09018573737561e-07,"T2_prePB_to_PB","opening","T2_prePB_to_PB_opening",1.09018573737561e-07,TRUE,0.825080076319771
"MA1533.1",307,1228,4.06299629433563,3.07,1.32345156167284,4.78812742587949e-08,"NR1I2",1.87012725639063e-07,"T2_prePB_to_PB","opening","T2_prePB_to_PB_opening",1.87012725639063e-07,FALSE,0.40430648326104
"MA0613.1",186,692,2.46161990471149,1.73,1.42290167902398,1.38114119434696e-07,"FOXG1",5.36630901553559e-07,"T2_prePB_to_PB","opening","T2_prePB_to_PB_opening",5.36630901553559e-07,FALSE,0.508836990542592
"MA1106.1",183,679,2.4219163578613,1.6975,1.42675484999193,1.42002722064296e-07,"HIF1A",5.48880987875465e-07,"T2_prePB_to_PB","opening","T2_prePB_to_PB_opening",5.48880987875465e-07,FALSE,0.512738478372376
"MA0649.1",200,758,2.64690312334569,1.895,1.39678265084205,2.05172903673405e-07,"HEY2",7.88963846084332e-07,"T2_prePB_to_PB","opening","T2_prePB_to_PB_opening",7.88963846084332e-07,FALSE,0.482108577634446
"MA0470.2",86,271,1.13816834303864,0.6775,1.67995327385778,2.74752286178218e-07,"E2F4",1.05110361789206e-06,"T2_prePB_to_PB","opening","T2_prePB_to_PB_opening",1.05110361789206e-06,TRUE,0.748421965279984
"MA0058.3",250,990,3.30862890418211,2.475,1.3368197592655,3.52409329235174e-07,"MAX",1.34131305923184e-06,"T2_prePB_to_PB","opening","T2_prePB_to_PB_opening",1.34131305923184e-06,FALSE,0.41880604205516
"MA0843.1",56,157,0.741132874536792,0.3925,1.88823662302367,5.36848613518536e-07,"TEF",2.03293941971994e-06,"T2_prePB_to_PB","opening","T2_prePB_to_PB_opening",2.03293941971994e-06,TRUE,0.917040330370419
"MA0640.2",1056,4935,13.9756484912652,12.3375,1.13277799321299,1.14547463552417e-06,"ELF3",4.31577817222744e-06,"T2_prePB_to_PB","opening","T2_prePB_to_PB_opening",4.31577817222744e-06,FALSE,0.17986641676549
"MA1606.1",215,844,2.84542085759661,2.11,1.34854069080408,1.17741978560867e-06,"Foxf1",4.41384502544759e-06,"T2_prePB_to_PB","opening","T2_prePB_to_PB_opening",4.41384502544759e-06,FALSE,0.431400123862394
"MA0059.1",247,992,3.26892535733192,2.48,1.31811506344029,1.3245325615558e-06,"MAX::MYC",4.94050645460314e-06,"T2_prePB_to_PB","opening","T2_prePB_to_PB_opening",4.94050645460314e-06,FALSE,0.398477408872202
"MA0865.1",219,869,2.89835892006353,2.1725,1.33411227620876,2.12280562252783e-06,"E2F8",7.87867161395901e-06,"T2_prePB_to_PB","opening","T2_prePB_to_PB_opening",7.87867161395901e-06,FALSE,0.415881167336972
"MA1623.1",738,3380,9.76707252514558,8.45,1.15586657102315,3.81886891695786e-06,"Stat2",1.41033475844087e-05,"T2_prePB_to_PB","opening","T2_prePB_to_PB_opening",1.41033475844087e-05,FALSE,0.208976116201545
"MA0108.2",137,507,1.81312863949179,1.2675,1.43047624417499,4.24824105359599e-06,"TBP",1.56117626895695e-05,"T2_prePB_to_PB","opening","T2_prePB_to_PB_opening",1.56117626895695e-05,FALSE,0.516496547659681
"MA0031.1",159,606,2.10428798305982,1.515,1.38896896571605,4.83637561814856e-06,"FOXD1",1.7685961819308e-05,"T2_prePB_to_PB","opening","T2_prePB_to_PB_opening",1.7685961819308e-05,FALSE,0.474015403652654
"MA0042.2",160,611,2.11752249867655,1.5275,1.386266774911,5.09297450588235e-06,"FOXI1",1.81787511071207e-05,"T2_prePB_to_PB","opening","T2_prePB_to_PB_opening",1.81787511071207e-05,FALSE,0.471205958934537
"MA0033.2",160,611,2.11752249867655,1.5275,1.386266774911,5.09297450588235e-06,"FOXL1",1.81787511071207e-05,"T2_prePB_to_PB","opening","T2_prePB_to_PB_opening",1.81787511071207e-05,FALSE,0.471205958934537
"MA0848.1",160,611,2.11752249867655,1.5275,1.386266774911,5.09297450588235e-06,"FOXO4",1.81787511071207e-05,"T2_prePB_to_PB","opening","T2_prePB_to_PB_opening",1.81787511071207e-05,FALSE,0.471205958934537
"MA0849.1",160,611,2.11752249867655,1.5275,1.386266774911,5.09297450588235e-06,"FOXO6",1.81787511071207e-05,"T2_prePB_to_PB","opening","T2_prePB_to_PB_opening",1.81787511071207e-05,FALSE,0.471205958934537
"MA0850.1",160,611,2.11752249867655,1.5275,1.386266774911,5.09297450588235e-06,"FOXP3",1.81787511071207e-05,"T2_prePB_to_PB","opening","T2_prePB_to_PB_opening",1.81787511071207e-05,FALSE,0.471205958934537
"MA0145.3",77,253,1.01905770248809,0.6325,1.61115842290607,6.40848056659778e-06,"TFCP2",2.27653642984855e-05,"T2_prePB_to_PB","opening","T2_prePB_to_PB_opening",2.27653642984855e-05,TRUE,0.688099254600985
"MA1546.1",84,283,1.11169931180519,0.7075,1.57130644778118,7.37415608321063e-06,"PAX3(var.2)",2.6071660843958e-05,"T2_prePB_to_PB","opening","T2_prePB_to_PB_opening",2.6071660843958e-05,TRUE,0.651965491257682
"MA0646.1",180,711,2.38221281101112,1.7775,1.34020411308642,1.23182982264968e-05,"GCM1",4.33464645139934e-05,"T2_prePB_to_PB","opening","T2_prePB_to_PB_opening",4.33464645139934e-05,FALSE,0.422453816345056
"MA0873.1",53,160,0.701429327686607,0.4,1.75357331921652,1.28133272639492e-05,"HOXD12",4.48767236568361e-05,"T2_prePB_to_PB","opening","T2_prePB_to_PB_opening",4.48767236568361e-05,TRUE,0.810298575553944
"MA0030.1",167,653,2.21016410799365,1.6325,1.35385243981234,1.37021236140775e-05,"FOXF2",4.7765346804214e-05,"T2_prePB_to_PB","opening","T2_prePB_to_PB_opening",4.7765346804214e-05,FALSE,0.437071569710379
"MA0500.2",554,2506,7.33192165166755,6.265,1.17029874727335,1.672003750719e-05,"MYOG",5.80146417691335e-05,"T2_prePB_to_PB","opening","T2_prePB_to_PB_opening",5.80146417691335e-05,FALSE,0.226878092645793
"MA0157.2",185,739,2.44838538909476,1.8475,1.32524242982125,1.90612159845183e-05,"FOXO3",6.58317922428272e-05,"T2_prePB_to_PB","opening","T2_prePB_to_PB_opening",6.58317922428272e-05,FALSE,0.406257388158094
"MA1615.1",905,4259,11.9772366331392,10.6475,1.12488721607318,2.16719363226595e-05,"Plagl1",7.45035230262857e-05,"T2_prePB_to_PB","opening","T2_prePB_to_PB_opening",7.45035230262857e-05,FALSE,0.169781643104907
"MA0259.1",99,355,1.31021704605611,0.8875,1.47630089696464,2.20126784424612e-05,"ARNT::HIF1A",7.53277895324589e-05,"T2_prePB_to_PB","opening","T2_prePB_to_PB_opening",7.53277895324589e-05,FALSE,0.561987776084759
"MA0864.2",108,399,1.42932768660667,0.9975,1.43290996151045,3.82034297963208e-05,"E2F2",0.000130135884146371,"T2_prePB_to_PB","opening","T2_prePB_to_PB_opening",0.000130135884146371,FALSE,0.518948965930668
"MA0758.1",153,604,2.02488088935945,1.51,1.3409807214301,5.11926426294335e-05,"E2F7",0.000173589597279806,"T2_prePB_to_PB","opening","T2_prePB_to_PB_opening",0.000173589597279806,FALSE,0.423289572378946
"MA0481.3",209,875,2.76601376389624,2.1875,1.264463434924,0.000120448591104925,"FOXP1",0.00040658212201029,"T2_prePB_to_PB","opening","T2_prePB_to_PB_opening",0.00040658212201029,FALSE,0.338526459476158
"MA0851.1",232,987,3.070407623081,2.4675,1.24433946224154,0.000148951093597088,"Foxj3",0.000500529350555979,"T2_prePB_to_PB","opening","T2_prePB_to_PB_opening",0.000500529350555979,FALSE,0.315381273238112
"MA1552.1",214,905,2.83218634197988,2.2625,1.2517950682784,0.000184846363026477,"RARB(var.3)",0.000618364963308306,"T2_prePB_to_PB","opening","T2_prePB_to_PB_opening",0.000618364963308306,FALSE,0.323999550092177
"MA0597.1",471,2154,6.23345685547909,5.385,1.15755930463864,0.000198917994760807,"THAP1",0.000662467964694472,"T2_prePB_to_PB","opening","T2_prePB_to_PB_opening",0.000662467964694472,FALSE,0.211087354554066
"MA0594.2",33,96,0.436739015352038,0.24,1.81974589730016,0.000237560356000636,"HOXA9",0.000787644558117663,"T2_prePB_to_PB","opening","T2_prePB_to_PB_opening",0.000787644558117663,TRUE,0.86373780459843
"MA1561.1",84,313,1.11169931180519,0.7825,1.42070199591717,0.000347340656387043,"SOX12",0.00114653154718909,"T2_prePB_to_PB","opening","T2_prePB_to_PB_opening",0.00114653154718909,FALSE,0.506604984487271
"MA0103.3",881,4249,11.6596082583377,10.6225,1.09763316152862,0.00069304053632258,"ZEB1",0.0022775693396328,"T2_prePB_to_PB","opening","T2_prePB_to_PB_opening",0.0022775693396328,FALSE,0.134397288136645
"MA1656.1",685,3261,9.06564319745897,8.1525,1.11200775191156,0.000783216654002565,"ZNF449",0.00256262992932418,"T2_prePB_to_PB","opening","T2_prePB_to_PB_opening",0.00256262992932418,FALSE,0.153168142638502
"MA0025.2",106,422,1.40285865537321,1.055,1.32972384395565,0.000902327015488667,"NFIL3",0.00293945831246526,"T2_prePB_to_PB","opening","T2_prePB_to_PB_opening",0.00293945831246526,FALSE,0.411127743975076
"MA0837.1",78,297,1.03229221810482,0.7425,1.39029254963612,0.00108282251750368,"CEBPE",0.00351211129590325,"T2_prePB_to_PB","opening","T2_prePB_to_PB_opening",0.00351211129590325,FALSE,0.47538952891389
"MA0466.2",78,298,1.03229221810482,0.745,1.38562713839573,0.00119921972896965,"CEBPB",0.00387280483901022,"T2_prePB_to_PB","opening","T2_prePB_to_PB_opening",0.00387280483901022,FALSE,0.470540132746403
"MA0877.2",43,146,0.569084171519322,0.365,1.55913471649129,0.00132737281917994,"BARHL1",0.00426819018581135,"T2_prePB_to_PB","opening","T2_prePB_to_PB_opening",0.00426819018581135,TRUE,0.640746514300622
"MA1100.2",589,2797,7.79512969825304,6.9925,1.11478436871692,0.0014481315181509,"ASCL1",0.00463650692077498,"T2_prePB_to_PB","opening","T2_prePB_to_PB_opening",0.00463650692077498,FALSE,0.156765972661943
"MA0852.2",235,1042,3.11011116993118,2.605,1.19390064104844,0.00152777561975327,"FOXK1",0.00487060090741853,"T2_prePB_to_PB","opening","T2_prePB_to_PB_opening",0.00487060090741853,FALSE,0.255683985834925
"MA0593.1",332,1522,4.39385918475384,3.805,1.15475931268169,0.0019139087958381,"FOXP2",0.00607564239019242,"T2_prePB_to_PB","opening","T2_prePB_to_PB_opening",0.00607564239019242,FALSE,0.207593430350881
"MA0767.1",129,540,1.70725251455797,1.35,1.26463149226516,0.00213624101994757,"GCM2",0.00675269407152918,"T2_prePB_to_PB","opening","T2_prePB_to_PB_opening",0.00675269407152918,FALSE,0.338718192335767
"MA0838.1",76,295,1.00582318687136,0.7375,1.36382804999507,0.00217253527155688,"CEBPG",0.0068384443568837,"T2_prePB_to_PB","opening","T2_prePB_to_PB_opening",0.0068384443568837,FALSE,0.447662820182738
"MA0776.1",35,118,0.463208046585495,0.295,1.57019676808642,0.00310398058519822,"MYBL1",0.00972928368301627,"T2_prePB_to_PB","opening","T2_prePB_to_PB_opening",0.00972928368301627,TRUE,0.650946279542798
"MA0794.1",114,479,1.50873478030704,1.1975,1.2599037831374,0.00418905148367816,"PROX1",0.0130754494009369,"T2_prePB_to_PB","opening","T2_prePB_to_PB_opening",0.0130754494009369,FALSE,0.333314706672692
"MA1556.1",256,1166,3.38803599788248,2.915,1.16227650013121,0.00422269098367774,"RXRG(var.2)",0.0131255311409316,"T2_prePB_to_PB","opening","T2_prePB_to_PB_opening",0.0131255311409316,FALSE,0.216954561226685
"MA1503.1",54,204,0.714663843303335,0.51,1.40130165353595,0.00482954767391323,"HOXB9",0.0149495542105364,"T2_prePB_to_PB","opening","T2_prePB_to_PB_opening",0.0149495542105364,FALSE,0.486768582891926
"MA1103.2",195,872,2.58073054526204,2.18,1.18382135103763,0.0052507066628035,"FOXK2",0.0161860626878157,"T2_prePB_to_PB","opening","T2_prePB_to_PB_opening",0.0161860626878157,FALSE,0.243452600809563
"MA0469.3",27,91,0.357331921651668,0.2275,1.57068976550184,0.00860130706758095,"E2F3",0.0264056587342197,"T2_prePB_to_PB","opening","T2_prePB_to_PB_opening",0.0264056587342197,TRUE,0.651399173636059
"MA0908.1",55,217,0.727898358920064,0.5425,1.34174812704159,0.0112992919748656,"HOXD11",0.0345461959559415,"T2_prePB_to_PB","opening","T2_prePB_to_PB_opening",0.0345461959559415,FALSE,0.424114949476227
"MA0080.5",1218,6110,16.1196400211752,15.275,1.055295582401,0.012600683726969,"SPI1",0.0383677961645669,"T2_prePB_to_PB","opening","T2_prePB_to_PB_opening",0.0383677961645669,FALSE,0.0776485134610988
"MA0043.3",106,458,1.40285865537321,1.145,1.22520406582813,0.0127604760243962,"HLF",0.0386964029032502,"T2_prePB_to_PB","opening","T2_prePB_to_PB_opening",0.0386964029032502,FALSE,0.293023237140936
"MA0774.1",289,1359,3.82477501323452,3.3975,1.12576159329934,0.0133678854451761,"MEIS2",0.0403742613040541,"T2_prePB_to_PB","opening","T2_prePB_to_PB_opening",0.0403742613040541,FALSE,0.170902616421832
"MA1491.1",405,1945,5.35997882477501,4.8625,1.10230926987661,0.0145403629091071,"GLI3",0.0437383497185239,"T2_prePB_to_PB","opening","T2_prePB_to_PB_opening",0.0437383497185239,FALSE,0.140530359852268
"MA1560.1",136,606,1.79989412387507,1.515,1.18804892665021,0.015307835175377,"SOHLH2",0.0458620282764306,"T2_prePB_to_PB","opening","T2_prePB_to_PB_opening",0.0458620282764306,FALSE,0.248595465277711
"MA0137.3",408,1966,5.3996823716252,4.915,1.09861289351479,0.0171842072791295,"STAT1",0.0512776745209224,"T2_prePB_to_PB","opening","T2_prePB_to_PB_opening",0.0512776745209224,FALSE,0.135684441988292
"MA1470.1",92,396,1.21757543673902,0.99,1.22987417852426,0.0173721136904761,"BACH2(var.2)",0.0516318598131281,"T2_prePB_to_PB","opening","T2_prePB_to_PB_opening",0.0516318598131281,FALSE,0.298511902180798
"MA1683.1",183,840,2.4219163578613,2.1,1.15329350374348,0.0181448525770729,"FOXA3",0.0537145238987952,"T2_prePB_to_PB","opening","T2_prePB_to_PB_opening",0.0537145238987952,FALSE,0.205760964713311
"MA0003.4",820,4079,10.8523028057173,10.1975,1.06421209175948,0.0198751905414843,"TFAP2A",0.0586043167744953,"T2_prePB_to_PB","opening","T2_prePB_to_PB_opening",0.0586043167744953,FALSE,0.0897870565195308
"MA0101.1",310,1477,4.10269984118581,3.6925,1.11109000438343,0.0204010985478669,"REL",0.0599181870736565,"T2_prePB_to_PB","opening","T2_prePB_to_PB_opening",0.0599181870736565,FALSE,0.151976986120146
"MA0906.1",53,216,0.701429327686607,0.54,1.29894319941964,0.0233009481929154,"HOXC12",0.0680822973620898,"T2_prePB_to_PB","opening","T2_prePB_to_PB_opening",0.0680822973620898,FALSE,0.377339456228687
"MA1149.1",496,2425,6.5643197458973,6.0625,1.08277439107584,0.0233633620974464,"RARA::RXRG",0.0680822973620898,"T2_prePB_to_PB","opening","T2_prePB_to_PB_opening",0.0680822973620898,FALSE,0.114734003991437
"MA1555.1",205,959,2.71307570142933,2.3975,1.13162698704039,0.0269394301741087,"RXRB(var.2)",0.0781977233847668,"T2_prePB_to_PB","opening","T2_prePB_to_PB_opening",0.0781977233847668,FALSE,0.178399762533512
"MA1521.1",243,1152,3.21598729486501,2.88,1.11666225516146,0.0298863816865306,"MAFA",0.0864156617757823,"T2_prePB_to_PB","opening","T2_prePB_to_PB_opening",0.0864156617757823,FALSE,0.159194187294782
"MA0485.2",54,225,0.714663843303335,0.5625,1.27051349920593,0.0329153806777692,"HOXC9",0.0948064632649261,"T2_prePB_to_PB","opening","T2_prePB_to_PB_opening",0.0948064632649261,FALSE,0.345412839628286
"MA0619.1",178,833,2.35574377977766,2.0825,1.13120949809251,0.0372529154884848,"LIN54",0.106887211363114,"T2_prePB_to_PB","opening","T2_prePB_to_PB_opening",0.106887211363114,FALSE,0.177867414117561
"MA0902.2",62,266,0.820539968237162,0.665,1.23389468907844,0.0410930093379752,"HOXB2",0.117453582245707,"T2_prePB_to_PB","opening","T2_prePB_to_PB_opening",0.117453582245707,FALSE,0.303220437266853
"MA1589.1",376,1837,4.97617787188989,4.5925,1.08354444679148,0.0420380015760977,"ZNF140",0.119642082748006,"T2_prePB_to_PB","opening","T2_prePB_to_PB_opening",0.119642082748006,FALSE,0.115759665185786
"MA1528.1",364,1776,4.81736368448915,4.44,1.08499182083089,0.0421794474031175,"NFIX(var.2)",0.119642082748006,"T2_prePB_to_PB","opening","T2_prePB_to_PB_opening",0.119642082748006,FALSE,0.117685496691929
"MA0624.1",217,1034,2.87188988883007,2.585,1.11098254887043,0.0454671120542235,"NFATC1",0.128479036335041,"T2_prePB_to_PB","opening","T2_prePB_to_PB_opening",0.128479036335041,FALSE,0.15183745386583
"MA0874.1",54,231,0.714663843303335,0.5775,1.2375131485772,0.0509265654701237,"Arx",0.143363086191367,"T2_prePB_to_PB","opening","T2_prePB_to_PB_opening",0.143363086191367,FALSE,0.307445019709807
"MA0830.2",899,4541,11.8978295394389,11.3525,1.04803607482395,0.0511572973701358,"TCF4",0.143471217436546,"T2_prePB_to_PB","opening","T2_prePB_to_PB_opening",0.143471217436546,FALSE,0.0676897538205564
"MA0911.1",45,191,0.595553202752779,0.4775,1.24723183822572,0.0622242497307771,"Hoxa11",0.17385501984704,"T2_prePB_to_PB","opening","T2_prePB_to_PB_opening",0.17385501984704,FALSE,0.31873081817216
"MA0863.1",214,1036,2.83218634197988,2.59,1.09350824014667,0.0772778363492698,"MTF1",0.215109201181176,"T2_prePB_to_PB","opening","T2_prePB_to_PB_opening",0.215109201181176,FALSE,0.128965411202156
"MA0890.1",73,330,0.966119640021175,0.825,1.17105410911658,0.0775956355489619,"GBX2",0.215190870332809,"T2_prePB_to_PB","opening","T2_prePB_to_PB_opening",0.215190870332809,FALSE,0.227808969757505
"MA0647.1",66,296,0.873478030704076,0.74,1.18037571716767,0.0786130195153572,"GRHL1",0.217204861327617,"T2_prePB_to_PB","opening","T2_prePB_to_PB_opening",0.217204861327617,FALSE,0.239247369123817
"MA0148.4",188,912,2.48808893594494,2.28,1.09126707716884,0.097276791842286,"FOXA1",0.267780393779872,"T2_prePB_to_PB","opening","T2_prePB_to_PB_opening",0.267780393779872,FALSE,0.126005552709992
"MA0047.3",180,872,2.38221281101112,2.18,1.09275817018859,0.0989882520896717,"FOXA2",0.27148983845182,"T2_prePB_to_PB","opening","T2_prePB_to_PB_opening",0.27148983845182,FALSE,0.127975484945898
"MA0905.1",60,271,0.794070937003706,0.6775,1.17206042362171,0.0995334277473432,"HOXC10",0.271985117580652,"T2_prePB_to_PB","opening","T2_prePB_to_PB_opening",0.271985117580652,FALSE,0.229048178320206
"MA0100.3",217,1062,2.87188988883007,2.655,1.08169110690398,0.10418434475339,"MYB",0.281788633504032,"T2_prePB_to_PB","opening","T2_prePB_to_PB_opening",0.281788633504032,FALSE,0.113289908541107
"MA0708.1",72,331,0.952885124404447,0.8275,1.15152280894797,0.104254239741438,"MSX2",0.281788633504032,"T2_prePB_to_PB","opening","T2_prePB_to_PB_opening",0.281788633504032,FALSE,0.203544240654045
"MA0709.1",72,331,0.952885124404447,0.8275,1.15152280894797,0.104254239741438,"Msx3",0.281788633504032,"T2_prePB_to_PB","opening","T2_prePB_to_PB_opening",0.281788633504032,FALSE,0.203544240654045
"MA0889.1",60,273,0.794070937003706,0.6825,1.16347390037173,0.110621535868299,"GBX1",0.297919370966611,"T2_prePB_to_PB","opening","T2_prePB_to_PB_opening",0.297919370966611,FALSE,0.218440087838387
"MA0699.1",68,314,0.899947061937533,0.785,1.14642937826437,0.119090832049708,"LBX2",0.319574678809647,"T2_prePB_to_PB","opening","T2_prePB_to_PB_opening",0.319574678809647,FALSE,0.197148743943938
"MA0622.1",199,976,2.63366860772896,2.44,1.07937238021679,0.121534856566845,"Mlxip",0.324964168454718,"T2_prePB_to_PB","opening","T2_prePB_to_PB_opening",0.324964168454718,FALSE,0.110194012746705
"MA1548.1",386,1938,5.10852302805717,4.845,1.05439071786526,0.124439727869368,"PLAGL2",0.331542989251959,"T2_prePB_to_PB","opening","T2_prePB_to_PB_opening",0.331542989251959,FALSE,0.0764109432870846
"MA1607.1",198,972,2.62043409211223,2.43,1.07836793914083,0.125125712197596,"Foxl2",0.332184275086856,"T2_prePB_to_PB","opening","T2_prePB_to_PB_opening",0.332184275086856,FALSE,0.108850847484746
"MA0625.1",216,1065,2.85865537321334,2.6625,1.07367337961064,0.128338822017813,"NFATC3",0.339506245479747,"T2_prePB_to_PB","opening","T2_prePB_to_PB_opening",0.339506245479747,FALSE,0.102556523910834
"MA1489.1",230,1143,3.04393859184754,2.8575,1.0652453514777,0.14889346772093,"FOXN3",0.392489494416302,"T2_prePB_to_PB","opening","T2_prePB_to_PB_opening",0.392489494416302,FALSE,0.0911871102215652
"MA0734.2",400,2022,5.29380624669137,5.055,1.04724159182816,0.153213690945834,"GLI2",0.40245568114645,"T2_prePB_to_PB","opening","T2_prePB_to_PB_opening",0.40245568114645,FALSE,0.0665956786464783
"MA0825.1",213,1060,2.81895182636315,2.65,1.06375540617478,0.164541859054575,"MNT",0.430695532823554,"T2_prePB_to_PB","opening","T2_prePB_to_PB_opening",0.430695532823554,FALSE,0.0891678201638824
"MA0651.1",42,193,0.555849655902594,0.4825,1.15202001223336,0.175558625429726,"HOXC11",0.457925645351663,"T2_prePB_to_PB","opening","T2_prePB_to_PB_opening",0.457925645351663,FALSE,0.204167030988906
"MA0612.2",52,243,0.688194812069878,0.6075,1.13283096637017,0.17801252509117,"EMX1",0.46270851469691,"T2_prePB_to_PB","opening","T2_prePB_to_PB_opening",0.46270851469691,FALSE,0.179933881226553
"MA1506.1",56,265,0.741132874536792,0.6625,1.11869113137629,0.194554327199418,"HOXD10",0.503949750315158,"T2_prePB_to_PB","opening","T2_prePB_to_PB_opening",0.503949750315158,FALSE,0.161813055395219
"MA0718.1",66,316,0.873478030704076,0.79,1.1056683932963,0.199772014533649,"RAX",0.515674473502083,"T2_prePB_to_PB","opening","T2_prePB_to_PB_opening",0.515674473502083,FALSE,0.144920069158953
"MA0525.2",83,403,1.09846479618846,1.0075,1.09028763889673,0.206222731828401,"TP63",0.530490199806853,"T2_prePB_to_PB","opening","T2_prePB_to_PB_opening",0.530490199806853,FALSE,0.124710119203678
"MA1497.1",65,312,0.860243515087348,0.78,1.10287630139404,0.20811081383063,"HOXA6",0.533507447139691,"T2_prePB_to_PB","opening","T2_prePB_to_PB_opening",0.533507447139691,FALSE,0.14127229544714
"MA0521.1",831,4293,10.9978824775013,10.7325,1.02472699534138,0.209525414027167,"Tcf12",0.535294379672146,"T2_prePB_to_PB","opening","T2_prePB_to_PB_opening",0.535294379672146,FALSE,0.0352410103652542
"MA1553.1",167,839,2.21016410799365,2.0975,1.05371351990162,0.236197102559945,"RARG(var.3)",0.601375558053649,"T2_prePB_to_PB","opening","T2_prePB_to_PB_opening",0.601375558053649,FALSE,0.075484054347672
"MA1577.1",59,285,0.780836421386977,0.7125,1.09591076685892,0.237006585186758,"TLX2",0.601384056290209,"T2_prePB_to_PB","opening","T2_prePB_to_PB_opening",0.601384056290209,FALSE,0.132131649904989
"MA0854.1",49,236,0.648491265219693,0.59,1.0991377376605,0.253513596366055,"Alx1",0.641088619962972,"T2_prePB_to_PB","opening","T2_prePB_to_PB_opening",0.641088619962972,FALSE,0.136373500483686
"MA0853.1",47,226,0.622022233986236,0.565,1.10092430794024,0.2549159583207,"Alx4",0.642457111173115,"T2_prePB_to_PB","opening","T2_prePB_to_PB_opening",0.642457111173115,FALSE,0.138716592862744
"MA0463.2",215,1092,2.84542085759661,2.73,1.04227870241634,0.258198625241037,"BCL6",0.648539307844489,"T2_prePB_to_PB","opening","T2_prePB_to_PB_opening",0.648539307844489,FALSE,0.0597424860039855
"MA0518.1",457,2355,6.04817363684489,5.8875,1.02729063895455,0.262826849560751,"Stat4",0.657949093195705,"T2_prePB_to_PB","opening","T2_prePB_to_PB_opening",0.657949093195705,FALSE,0.0388458080872362
"MA0084.1",140,705,1.85283218634198,1.7625,1.05125230430751,0.267606633282332,"SRY",0.667674075012105,"T2_prePB_to_PB","opening","T2_prePB_to_PB_opening",0.667674075012105,FALSE,0.0721103351777426
"MA0894.1",62,304,0.820539968237162,0.76,1.07965785294363,0.271321200513752,"HESX1",0.67468538527753,"T2_prePB_to_PB","opening","T2_prePB_to_PB_opening",0.67468538527753,FALSE,0.11057552635582
"MA0909.2",111,557,1.46903123345686,1.3925,1.05495959314675,0.279894802987719,"HOXD13",0.693692767537669,"T2_prePB_to_PB","opening","T2_prePB_to_PB_opening",0.693692767537669,FALSE,0.0771891097063337
"MA0107.1",317,1631,4.19534145050291,4.0775,1.02890041704547,0.292144592447533,"RELA",0.721655185317417,"T2_prePB_to_PB","opening","T2_prePB_to_PB_opening",0.721655185317417,FALSE,0.0411047587596152
"MA0634.1",72,359,0.952885124404447,0.8975,1.06171044501888,0.305250868313693,"ALX3",0.751541741788829,"T2_prePB_to_PB","opening","T2_prePB_to_PB_opening",0.751541741788829,FALSE,0.0863917196200959
"MA0700.2",73,365,0.966119640021175,0.9125,1.05876124933827,0.312930433846214,"LHX2",0.767914814635774,"T2_prePB_to_PB","opening","T2_prePB_to_PB_opening",0.767914814635774,FALSE,0.08237866089854
"MA1557.1",57,283,0.75436739015352,0.7075,1.06624366099438,0.317172752059762,"SMAD5",0.773274078002707,"T2_prePB_to_PB","opening","T2_prePB_to_PB_opening",0.773274078002707,FALSE,0.0925385175564865
"MA0032.2",189,968,2.50132345156167,2.42,1.03360473205028,0.317187490440789,"FOXC1",0.773274078002707,"T2_prePB_to_PB","opening","T2_prePB_to_PB_opening",0.773274078002707,FALSE,0.0476859758967778
"MA0886.1",47,232,0.622022233986236,0.58,1.07245212756248,0.321460352189432,"EMX2",0.781138184799075,"T2_prePB_to_PB","opening","T2_prePB_to_PB_opening",0.781138184799075,FALSE,0.100914594940765
"MA0726.1",62,310,0.820539968237162,0.775,1.05876124933827,0.329811771713476,"VSX2",0.798829810708613,"T2_prePB_to_PB","opening","T2_prePB_to_PB_opening",0.798829810708613,FALSE,0.0823786608985397
"MA0666.1",68,342,0.899947061937533,0.855,1.05256966308483,0.339592962440981,"MSX1",0.819858737802497,"T2_prePB_to_PB","opening","T2_prePB_to_PB_opening",0.819858737802497,FALSE,0.07391709016578
"MA0701.2",55,275,0.727898358920064,0.6875,1.05876124933827,0.341703579748721,"LHX9",0.822293130621115,"T2_prePB_to_PB","opening","T2_prePB_to_PB_opening",0.822293130621115,FALSE,0.08237866089854
"MA0654.1",53,265,0.701429327686607,0.6625,1.05876124933827,0.345298291909498,"ISX",0.82827178702407,"T2_prePB_to_PB","opening","T2_prePB_to_PB_opening",0.82827178702407,FALSE,0.08237866089854
"MA1572.1",151,775,1.99841185812599,1.9375,1.03143837838761,0.348993631742636,"TGIF2LY",0.834452722051302,"T2_prePB_to_PB","opening","T2_prePB_to_PB_opening",0.834452722051302,FALSE,0.0446590310453855
"MA1648.1",864,4525,11.4346214928534,11.3125,1.01079527008649,0.361373731534357,"TCF12(var.2)",0.861293302634602,"T2_prePB_to_PB","opening","T2_prePB_to_PB_opening",0.861293302634602,FALSE,0.0154922457530034
"MA0662.1",66,334,0.873478030704076,0.835,1.0460814738971,0.362970817015164,"MIXL1",0.862344679915007,"T2_prePB_to_PB","opening","T2_prePB_to_PB_opening",0.862344679915007,FALSE,0.0649965991869598
"MA0635.1",37,184,0.489677077818952,0.46,1.06451538656294,0.364645688986753,"BARHL2",0.863573599949581,"T2_prePB_to_PB","opening","T2_prePB_to_PB_opening",0.863573599949581,FALSE,0.0901981579923031
"MA0027.2",62,314,0.820539968237162,0.785,1.04527384488811,0.370880770609419,"EN1",0.875560300236159,"T2_prePB_to_PB","opening","T2_prePB_to_PB_opening",0.875560300236159,FALSE,0.0638823348633978
"MA0508.3",568,2973,7.51720487030175,7.4325,1.01139655167195,0.385421496538558,"PRDM1",0.907017149582852,"T2_prePB_to_PB","opening","T2_prePB_to_PB_opening",0.907017149582852,FALSE,0.016350191195972
"MA0847.2",197,1023,2.6071995764955,2.5575,1.01943287448504,0.393277267893146,"FOXD2",0.92259384229021,"T2_prePB_to_PB","opening","T2_prePB_to_PB_opening",0.92259384229021,FALSE,0.0277681980651912
"MA0737.1",192,997,2.54102699841186,2.4925,1.0194692069857,0.394745580013215,"GLIS3",0.923135431629651,"T2_prePB_to_PB","opening","T2_prePB_to_PB_opening",0.923135431629651,FALSE,0.0278196146266686
"MA0075.3",62,317,0.820539968237162,0.7925,1.03538166339074,0.402443951953003,"PRRX2",0.938197462990438,"T2_prePB_to_PB","opening","T2_prePB_to_PB_opening",0.938197462990438,FALSE,0.0501640668023029
"MA0880.1",59,302,0.780836421386977,0.755,1.03422042567812,0.409584681571108,"Dlx3",0.948913579043624,"T2_prePB_to_PB","opening","T2_prePB_to_PB_opening",0.948913579043624,FALSE,0.0485450981561193
"MA0881.1",59,302,0.780836421386977,0.755,1.03422042567812,0.409584681571108,"Dlx4",0.948913579043624,"T2_prePB_to_PB","opening","T2_prePB_to_PB_opening",0.948913579043624,FALSE,0.0485450981561193
"MA1563.1",118,612,1.56167284277395,1.53,1.02070120442742,0.41798719847246,"SOX18",0.965382198329583,"T2_prePB_to_PB","opening","T2_prePB_to_PB_opening",0.965382198329583,FALSE,0.029562013264806
"MA0149.1",1408,7421,18.6341979883536,18.5525,1.00440361074538,0.425247087442987,"EWSR1-FLI1",0.979118293927371,"T2_prePB_to_PB","opening","T2_prePB_to_PB_opening",0.979118293927371,FALSE,0.00634055646620022
"MA0846.1",240,1255,3.17628374801482,3.1375,1.01236135394895,0.426625696303792,"FOXC2",0.979270059823472,"T2_prePB_to_PB","opening","T2_prePB_to_PB_opening",0.979270059823472,FALSE,0.017725765009893
"MA0898.1",77,399,1.01905770248809,0.9975,1.02161173181763,0.437280343807408,"Hmx3",1,"T2_prePB_to_PB","opening","T2_prePB_to_PB_opening",1,FALSE,0.030848409808427
"MA0644.1",67,347,0.886712546320805,0.8675,1.02214702745914,0.442410426518154,"ESX1",1,"T2_prePB_to_PB","opening","T2_prePB_to_PB_opening",1,FALSE,0.031604142475831
"MA1518.1",56,290,0.741132874536792,0.725,1.0222522407404,0.450876257846558,"LHX1",1,"T2_prePB_to_PB","opening","T2_prePB_to_PB_opening",1,FALSE,0.0317526364937199
"MA0897.1",76,397,1.00582318687136,0.9925,1.01342386586535,0.468780867713431,"Hmx2",1,"T2_prePB_to_PB","opening","T2_prePB_to_PB_opening",1,FALSE,0.0192391330460314
"MA0132.2",67,350,0.886712546320805,0.875,1.01338576722378,0.473391068793528,"PDX1",1,"T2_prePB_to_PB","opening","T2_prePB_to_PB_opening",1,FALSE,0.0191848954243674
"MA1481.1",62,324,0.820539968237162,0.81,1.01301230646563,0.477365803184006,"DRGX",1,"T2_prePB_to_PB","opening","T2_prePB_to_PB_opening",1,FALSE,0.0186531248260174
"MA0822.1",150,789,1.98517734250926,1.9725,1.00642704309722,0.479583749108545,"HES7",1,"T2_prePB_to_PB","opening","T2_prePB_to_PB_opening",1,FALSE,0.00924402712478012
"MA1602.1",104,546,1.37638962413976,1.365,1.00834404698883,0.47974704944989,"ZSCAN29",1,"T2_prePB_to_PB","opening","T2_prePB_to_PB_opening",1,FALSE,0.0119894011383491
"MA0601.1",89,467,1.17787188988883,1.1675,1.00888384572919,0.48174492849254,"Arid3b",1,"T2_prePB_to_PB","opening","T2_prePB_to_PB_opening",1,FALSE,0.0127615144083262
"MA1616.1",441,2329,5.83642138697724,5.8225,1.00239096384324,0.486000391164201,"Prdm15",1,"T2_prePB_to_PB","opening","T2_prePB_to_PB_opening",1,FALSE,0.00344675376085305
"MA0882.1",67,352,0.886712546320805,0.88,1.00762789354637,0.494036978906766,"DLX6",1,"T2_prePB_to_PB","opening","T2_prePB_to_PB_opening",1,FALSE,0.0109643967544684
"MA0711.1",60,316,0.794070937003706,0.79,1.00515308481482,0.505185072339289,"OTX1",1,"T2_prePB_to_PB","opening","T2_prePB_to_PB_opening",1,FALSE,0.00741667589060558
"MA1147.1",177,936,2.34250926416093,2.34,1.00107233511151,0.507129008920427,"NR4A2::RXRA",1,"T2_prePB_to_PB","opening","T2_prePB_to_PB_opening",1,FALSE,0.00154766480959803
"MA0680.1",36,190,0.476442562202223,0.475,1.00303697305731,0.521342982721499,"PAX7",1,"T2_prePB_to_PB","opening","T2_prePB_to_PB_opening",1,FALSE,0.00437622459860817
"MA0780.1",32,170,0.42350449973531,0.425,0.996481175847788,0.539936119858325,"PAX3",1,"T2_prePB_to_PB","opening","T2_prePB_to_PB_opening",1,FALSE,-0.00508409518779074
"MA1501.1",61,325,0.807305452620434,0.8125,0.993606710917457,0.544834227348123,"HOXB7",1,"T2_prePB_to_PB","opening","T2_prePB_to_PB_opening",1,FALSE,-0.009251725214626
"MA0717.1",55,294,0.727898358920064,0.735,0.990337903292604,0.55566565355736,"RAX2",1,"T2_prePB_to_PB","opening","T2_prePB_to_PB_opening",1,FALSE,-0.0140057813808621
"MA0721.1",55,294,0.727898358920064,0.735,0.990337903292604,0.55566565355736,"UNCX",1,"T2_prePB_to_PB","opening","T2_prePB_to_PB_opening",1,FALSE,-0.0140057813808621
"MA0891.1",86,460,1.13816834303864,1.15,0.9897116026423,0.561643411218583,"GSC2",1,"T2_prePB_to_PB","opening","T2_prePB_to_PB_opening",1,FALSE,-0.014918445389575
"MA1525.1",213,1140,2.81895182636315,2.85,0.989105903987072,0.583672592932069,"NFATC4",1,"T2_prePB_to_PB","opening","T2_prePB_to_PB_opening",1,FALSE,-0.0158016370809175
"MA0821.1",139,746,1.83959767072525,1.865,0.986379448110054,0.586851819912793,"HES5",1,"T2_prePB_to_PB","opening","T2_prePB_to_PB_opening",1,FALSE,-0.0197838917547047
"MA1505.1",33,179,0.436739015352038,0.4475,0.975953106931929,0.591960861927956,"HOXC8",1,"T2_prePB_to_PB","opening","T2_prePB_to_PB_opening",1,FALSE,-0.0351147865033085
"MA1575.1",227,1217,3.00423504499735,3.0425,0.98742318652337,0.596928120703006,"THRB(var.2)",1,"T2_prePB_to_PB","opening","T2_prePB_to_PB_opening",1,FALSE,-0.0182581111918196
"MA0703.2",54,293,0.714663843303335,0.7325,0.975650298025031,0.603525015500962,"LMX1B",1,"T2_prePB_to_PB","opening","T2_prePB_to_PB_opening",1,FALSE,-0.0355624803974887
"MA0845.1",158,851,2.09105346744309,2.1275,0.982868844861618,0.610234362739976,"FOXB1",1,"T2_prePB_to_PB","opening","T2_prePB_to_PB_opening",1,FALSE,-0.0249277125076766
"MA0629.1",84,455,1.11169931180519,1.1375,0.977318076312253,0.611719917897488,"Rhox11",1,"T2_prePB_to_PB","opening","T2_prePB_to_PB_opening",1,FALSE,-0.0330984429693856
"MA0522.3",831,4434,10.9978824775013,11.085,0.99214095421753,0.612236915386427,"TCF3",1,"T2_prePB_to_PB","opening","T2_prePB_to_PB_opening",1,FALSE,-0.0113815408135551
"MA0442.2",386,2072,5.10852302805717,5.18,0.986201356767794,0.63131768838181,"SOX10",1,"T2_prePB_to_PB","opening","T2_prePB_to_PB_opening",1,FALSE,-0.0200443943773242
"MA0630.1",61,334,0.807305452620434,0.835,0.966832877389741,0.637339735234581,"SHOX",1,"T2_prePB_to_PB","opening","T2_prePB_to_PB_opening",1,FALSE,-0.0486600695642821
"MA0720.1",61,334,0.807305452620434,0.835,0.966832877389741,0.637339735234581,"Shox2",1,"T2_prePB_to_PB","opening","T2_prePB_to_PB_opening",1,FALSE,-0.0486600695642821
"MA0907.1",75,410,0.992588671254632,1.025,0.968379191467933,0.641616691146603,"HOXC13",1,"T2_prePB_to_PB","opening","T2_prePB_to_PB_opening",1,FALSE,-0.0463545260454121
"MA0867.2",327,1760,4.3276866066702,4.4,0.98356513787959,0.6429460334492,"SOX4",1,"T2_prePB_to_PB","opening","T2_prePB_to_PB_opening",1,FALSE,-0.0239060280645178
"MA1535.1",248,1339,3.28215987294865,3.3475,0.980480917983167,0.648113461132936,"NR2C1",1,"T2_prePB_to_PB","opening","T2_prePB_to_PB_opening",1,FALSE,-0.0284370703613808
"MA0716.1",60,330,0.794070937003706,0.825,0.962510226671158,0.651129315975774,"PRRX1",1,"T2_prePB_to_PB","opening","T2_prePB_to_PB_opening",1,FALSE,-0.0551247265889835
"MA0628.1",32,178,0.42350449973531,0.445,0.951695505023168,0.652052456223257,"POU6F1",1,"T2_prePB_to_PB","opening","T2_prePB_to_PB_opening",1,FALSE,-0.0714265218852833
"MA0519.1",430,2312,5.69084171519322,5.78,0.9845746912099,0.652422252361395,"Stat5a::Stat5b",1,"T2_prePB_to_PB","opening","T2_prePB_to_PB_opening",1,FALSE,-0.0224259744531722
"MA0713.1",64,352,0.84700899947062,0.88,0.962510226671158,0.654526087171693,"PHOX2A",1,"T2_prePB_to_PB","opening","T2_prePB_to_PB_opening",1,FALSE,-0.0551247265889833
"MA0896.1",73,401,0.966119640021175,1.0025,0.963710364110898,0.65750820370017,"Hmx1",1,"T2_prePB_to_PB","opening","T2_prePB_to_PB_opening",1,FALSE,-0.0533269773931973
"MA1519.1",38,214,0.50291159343568,0.535,0.940021669973234,0.690965241765108,"LHX5",1,"T2_prePB_to_PB","opening","T2_prePB_to_PB_opening",1,FALSE,-0.0892325450507203
"MA0068.2",29,165,0.383800952885124,0.4125,0.930426552448786,0.697337212294463,"PAX4",1,"T2_prePB_to_PB","opening","T2_prePB_to_PB_opening",1,FALSE,-0.104034275384191
"MA0088.2",339,1838,4.48650079407094,4.595,0.976387550396287,0.700732695681926,"ZNF143",1,"T2_prePB_to_PB","opening","T2_prePB_to_PB_opening",1,FALSE,-0.0344727174079386
"MA1117.1",182,997,2.40868184224457,2.4925,0.966371852455195,0.710316857341085,"RELB",1,"T2_prePB_to_PB","opening","T2_prePB_to_PB_opening",1,FALSE,-0.049348168140742
"MA1655.1",370,2008,4.89677077818952,5.02,0.975452346252892,0.715750887587948,"ZNF341",1,"T2_prePB_to_PB","opening","T2_prePB_to_PB_opening",1,FALSE,-0.0358552212730919
"MA0724.1",47,266,0.622022233986236,0.665,0.93537178043043,0.718456444416969,"VENTX",1,"T2_prePB_to_PB","opening","T2_prePB_to_PB_opening",1,FALSE,-0.0963866482872373
"MA1523.1",344,1870,4.55267337215458,4.675,0.973833876396701,0.720998043384276,"MSANTD3",1,"T2_prePB_to_PB","opening","T2_prePB_to_PB_opening",1,FALSE,-0.0382509254534997
"MA1571.1",157,868,2.07781895182636,2.17,0.957520254297863,0.741979889855324,"TGIF2LX",1,"T2_prePB_to_PB","opening","T2_prePB_to_PB_opening",1,FALSE,-0.0626235836933178
"MA1498.1",51,291,0.67496029645315,0.7275,0.927780476224261,0.746434503928274,"HOXA7",1,"T2_prePB_to_PB","opening","T2_prePB_to_PB_opening",1,FALSE,-0.108143052780427
"MA1502.1",51,291,0.67496029645315,0.7275,0.927780476224261,0.746434503928274,"HOXB8",1,"T2_prePB_to_PB","opening","T2_prePB_to_PB_opening",1,FALSE,-0.108143052780427
"MA0910.2",51,291,0.67496029645315,0.7275,0.927780476224261,0.746434503928274,"HOXD8",1,"T2_prePB_to_PB","opening","T2_prePB_to_PB_opening",1,FALSE,-0.108143052780427
"MA0650.2",130,724,1.7204870301747,1.81,0.950545320538506,0.755217874993489,"HOXA13",1,"T2_prePB_to_PB","opening","T2_prePB_to_PB_opening",1,FALSE,-0.073171163139335
"MA0465.2",139,774,1.83959767072525,1.935,0.950696470659045,0.761230409482141,"CDX2",1,"T2_prePB_to_PB","opening","T2_prePB_to_PB_opening",1,FALSE,-0.0729417727467926
"MA1495.1",31,182,0.410269984118581,0.455,0.901692272788091,0.766487003272731,"HOXA1",1,"T2_prePB_to_PB","opening","T2_prePB_to_PB_opening",1,FALSE,-0.149291336665597
"MA0904.2",31,182,0.410269984118581,0.455,0.901692272788091,0.766487003272731,"HOXB5",1,"T2_prePB_to_PB","opening","T2_prePB_to_PB_opening",1,FALSE,-0.149291336665597
"MA0648.1",79,448,1.04552673372155,1.12,0.93350601225138,0.769801102395913,"GSC",1,"T2_prePB_to_PB","opening","T2_prePB_to_PB_opening",1,FALSE,-0.0992672352614927
"MA0492.1",283,1558,3.74536791953414,3.895,0.961583548019036,0.781417846600726,"JUND(var.2)",1,"T2_prePB_to_PB","opening","T2_prePB_to_PB_opening",1,FALSE,-0.0565143817369954
"MA0707.1",72,413,0.952885124404447,1.0325,0.922891161650796,0.793675452206656,"MNX1",1,"T2_prePB_to_PB","opening","T2_prePB_to_PB_opening",1,FALSE,-0.115766013582685
"MA0621.1",48,280,0.635256749602965,0.7,0.907509642289949,0.794226261040858,"mix-a",1,"T2_prePB_to_PB","opening","T2_prePB_to_PB_opening",1,FALSE,-0.140013533333896
"MA1562.1",85,486,1.12493382742192,1.215,0.925871462898697,0.801943382537208,"SOX14",1,"T2_prePB_to_PB","opening","T2_prePB_to_PB_opening",1,FALSE,-0.111114616105543
"MA0040.1",128,723,1.69401799894124,1.8075,0.937216043674268,0.807252102612994,"Foxq1",1,"T2_prePB_to_PB","opening","T2_prePB_to_PB_opening",1,FALSE,-0.093544904449903
"MA0884.1",100,571,1.32345156167284,1.4275,0.927111426741046,0.815530965882582,"DUXA",1,"T2_prePB_to_PB","opening","T2_prePB_to_PB_opening",1,FALSE,-0.109183796309595
"MA1493.1",132,747,1.74695606140815,1.8675,0.935451706242652,0.817269057393115,"HES6",1,"T2_prePB_to_PB","opening","T2_prePB_to_PB_opening",1,FALSE,-0.096263378026251
"MA0913.2",95,544,1.2572789835892,1.36,0.924469840874412,0.818414235359826,"HOXD9",1,"T2_prePB_to_PB","opening","T2_prePB_to_PB_opening",1,FALSE,-0.113300279194411
"MA1463.1",51,300,0.67496029645315,0.75,0.899947061937533,0.818892489079055,"ARGFX",1,"T2_prePB_to_PB","opening","T2_prePB_to_PB_opening",1,FALSE,-0.152086352275413
"MA1631.1",945,5130,12.5066172578084,12.825,0.975174834916831,0.82582484568843,"ASCL1(var.2)",1,"T2_prePB_to_PB","opening","T2_prePB_to_PB_opening",1,FALSE,-0.0362657188037259
"MA0879.1",68,396,0.899947061937533,0.99,0.909037436300538,0.826677158209818,"Dlx1",1,"T2_prePB_to_PB","opening","T2_prePB_to_PB_opening",1,FALSE,-0.137586798611168
"MA0041.1",253,1411,3.34833245103229,3.5275,0.949208348981515,0.834406402895181,"Foxd3",1,"T2_prePB_to_PB","opening","T2_prePB_to_PB_opening",1,FALSE,-0.0752017848497636
"MA0702.2",50,297,0.661725780836421,0.7425,0.891213172843665,0.837025471743898,"LMX1A",1,"T2_prePB_to_PB","opening","T2_prePB_to_PB_opening",1,FALSE,-0.166155919066816
"MA0816.1",585,3205,7.74219163578613,8.0125,0.966264166712778,0.837544004153295,"Ascl2",1,"T2_prePB_to_PB","opening","T2_prePB_to_PB_opening",1,FALSE,-0.0495089408102022
"MA0705.1",48,286,0.635256749602965,0.715,0.888470978465685,0.838741082018086,"Lhx8",1,"T2_prePB_to_PB","opening","T2_prePB_to_PB_opening",1,FALSE,-0.17060181910172
"MA1118.1",178,1004,2.35574377977766,2.51,0.938543338556837,0.839541971868051,"SIX1",1,"T2_prePB_to_PB","opening","T2_prePB_to_PB_opening",1,FALSE,-0.0915031926601047
"MA1657.1",139,792,1.83959767072525,1.98,0.929089732689521,0.845912252491379,"ZNF652",1,"T2_prePB_to_PB","opening","T2_prePB_to_PB_opening",1,FALSE,-0.10610860139101
"MA0074.1",170,962,2.24986765484383,2.405,0.935495906379972,0.846003830082408,"RXRA::VDR",1,"T2_prePB_to_PB","opening","T2_prePB_to_PB_opening",1,FALSE,-0.0961952123006745
"MA0144.2",502,2762,6.64372683959767,6.905,0.962161743605745,0.84614245978949,"STAT3",1,"T2_prePB_to_PB","opening","T2_prePB_to_PB_opening",1,FALSE,-0.0556471577160871
"MA0895.1",54,321,0.714663843303335,0.8025,0.890546845237801,0.84679199546291,"HMBOX1",1,"T2_prePB_to_PB","opening","T2_prePB_to_PB_opening",1,FALSE,-0.167234971788388
"MA0914.1",85,495,1.12493382742192,1.2375,0.909037436300539,0.851237622689414,"ISL2",1,"T2_prePB_to_PB","opening","T2_prePB_to_PB_opening",1,FALSE,-0.137586798611167
"MA1478.1",64,378,0.84700899947062,0.945,0.896305819545629,0.852013393478936,"DMRTA2",1,"T2_prePB_to_PB","opening","T2_prePB_to_PB_opening",1,FALSE,-0.157935421459559
"MA0876.1",65,385,0.860243515087348,0.9625,0.893759496194647,0.859662993286816,"BSX",1,"T2_prePB_to_PB","opening","T2_prePB_to_PB_opening",1,FALSE,-0.162039815206542
"MA0875.1",80,470,1.05876124933827,1.175,0.901073403692148,0.865052892969845,"BARX1",1,"T2_prePB_to_PB","opening","T2_prePB_to_PB_opening",1,FALSE,-0.150281857432523
"MA0704.1",36,222,0.476442562202223,0.555,0.858455067031033,0.866792965829873,"Lhx4",1,"T2_prePB_to_PB","opening","T2_prePB_to_PB_opening",1,FALSE,-0.220183791176285
"MA0725.1",44,268,0.582318687136051,0.67,0.869132368859777,0.868707132016405,"VSX1",1,"T2_prePB_to_PB","opening","T2_prePB_to_PB_opening",1,FALSE,-0.202350518734783
"MA1500.1",45,274,0.595553202752779,0.685,0.869420733945663,0.870557020445541,"HOXB6",1,"T2_prePB_to_PB","opening","T2_prePB_to_PB_opening",1,FALSE,-0.201871934095714
"MA0912.2",53,321,0.701429327686607,0.8025,0.874055236992656,0.879177625806435,"HOXD3",1,"T2_prePB_to_PB","opening","T2_prePB_to_PB_opening",1,FALSE,-0.19420198882246
"MA0038.2",216,1225,2.85865537321334,3.0625,0.933438489212519,0.881389158803849,"GFI1",1,"T2_prePB_to_PB","opening","T2_prePB_to_PB_opening",1,FALSE,-0.0993715929956608
"MA0754.1",21,137,0.277924827951297,0.3425,0.811459351682619,0.88231079958657,"CUX1",1,"T2_prePB_to_PB","opening","T2_prePB_to_PB_opening",1,FALSE,-0.301407489119984
"MA0681.2",127,736,1.68078348332451,1.84,0.913469284415495,0.884014243373184,"PHOX2B",1,"T2_prePB_to_PB","opening","T2_prePB_to_PB_opening",1,FALSE,-0.130570296766611
"MA0046.2",79,469,1.04552673372155,1.1725,0.891707235583408,0.885627762561005,"HNF1A",1,"T2_prePB_to_PB","opening","T2_prePB_to_PB_opening",1,FALSE,-0.165356353275965
"MA1574.1",418,2329,5.53202752779248,5.8225,0.950112070037352,0.890113349286203,"THRB",1,"T2_prePB_to_PB","opening","T2_prePB_to_PB_opening",1,FALSE,-0.0738288805224727
"MA0153.2",64,386,0.84700899947062,0.965,0.877729533130176,0.892116881558754,"HNF1B",1,"T2_prePB_to_PB","opening","T2_prePB_to_PB_opening",1,FALSE,-0.188150000440968
"MA1116.1",640,3532,8.4700899947062,8.83,0.959240090000702,0.89417434736978,"RBPJ",1,"T2_prePB_to_PB","opening","T2_prePB_to_PB_opening",1,FALSE,-0.0600346356029495
"MA0755.1",20,133,0.264690312334569,0.3325,0.796061089728026,0.896728931586288,"CUX2",1,"T2_prePB_to_PB","opening","T2_prePB_to_PB_opening",1,FALSE,-0.329047135162016
"MA0899.1",106,623,1.40285865537321,1.5575,0.90071181725407,0.896795730620009,"HOXA10",1,"T2_prePB_to_PB","opening","T2_prePB_to_PB_opening",1,FALSE,-0.150860903572942
"MA0903.1",77,461,1.01905770248809,1.1525,0.884214926236953,0.898774164259947,"HOXB3",1,"T2_prePB_to_PB","opening","T2_prePB_to_PB_opening",1,FALSE,-0.177529374963007
"MA0124.2",125,730,1.65431445209105,1.825,0.90647367237866,0.900603231458081,"Nkx3-1",1,"T2_prePB_to_PB","opening","T2_prePB_to_PB_opening",1,FALSE,-0.141661384398546
"MA1479.1",73,439,0.966119640021175,1.0975,0.880291243755057,0.900973267100389,"DMRTC2",1,"T2_prePB_to_PB","opening","T2_prePB_to_PB_opening",1,FALSE,-0.183945538611412
"MA0775.1",263,1495,3.48067760719958,3.7375,0.931284978514937,0.910836849607804,"MEIS3",1,"T2_prePB_to_PB","opening","T2_prePB_to_PB_opening",1,FALSE,-0.102703837488376
"MA0900.2",33,213,0.436739015352038,0.5325,0.820167164980353,0.915458829986658,"HOXA2",1,"T2_prePB_to_PB","opening","T2_prePB_to_PB_opening",1,FALSE,-0.286008348681776
"MA0795.1",54,335,0.714663843303335,0.8375,0.853329962153236,0.916984891280154,"SMAD3",1,"T2_prePB_to_PB","opening","T2_prePB_to_PB_opening",1,FALSE,-0.228822699356647
"MA0122.3",98,586,1.29698253043939,1.465,0.885312307467158,0.921338129988879,"Nkx3-2",1,"T2_prePB_to_PB","opening","T2_prePB_to_PB_opening",1,FALSE,-0.175739987558058
"MA0661.1",55,343,0.727898358920064,0.8575,0.848861059965089,0.925372672237907,"MEOX1",1,"T2_prePB_to_PB","opening","T2_prePB_to_PB_opening",1,FALSE,-0.236397959922492
"MA0817.1",34,222,0.449973530968767,0.555,0.810763118862642,0.929586655355915,"BHLHE23",1,"T2_prePB_to_PB","opening","T2_prePB_to_PB_opening",1,FALSE,-0.302645852511234
"MA0488.1",295,1682,3.90418210693489,4.205,0.928461856583802,0.931355788997043,"JUN",1,"T2_prePB_to_PB","opening","T2_prePB_to_PB_opening",1,FALSE,-0.107083898990759
"MA1476.1",45,287,0.595553202752779,0.7175,0.830039306972515,0.931944354105182,"DLX5",1,"T2_prePB_to_PB","opening","T2_prePB_to_PB_opening",1,FALSE,-0.268746699081497
"MA0069.1",79,483,1.04552673372155,1.2075,0.865860649044758,0.933917920485771,"PAX6",1,"T2_prePB_to_PB","opening","T2_prePB_to_PB_opening",1,FALSE,-0.207791571300831
"MA0818.1",36,236,0.476442562202223,0.59,0.807529766444447,0.938191005881669,"BHLHE22",1,"T2_prePB_to_PB","opening","T2_prePB_to_PB_opening",1,FALSE,-0.308410868206166
"MA0682.2",86,525,1.13816834303864,1.3125,0.867175880410396,0.939586214300821,"PITX1",1,"T2_prePB_to_PB","opening","T2_prePB_to_PB_opening",1,FALSE,-0.205601801020639
"MA0764.2",1039,5726,13.7506617257808,14.315,0.96057713767243,0.942667655542022,"ETV4",1,"T2_prePB_to_PB","opening","T2_prePB_to_PB_opening",1,FALSE,-0.0580251210304315
"MA0125.1",48,308,0.635256749602965,0.77,0.825008765718136,0.943509946347829,"Nobox",1,"T2_prePB_to_PB","opening","T2_prePB_to_PB_opening",1,FALSE,-0.277516898111044
"MA0715.1",67,420,0.886712546320805,1.05,0.844488139353147,0.948571351537701,"PROP1",1,"T2_prePB_to_PB","opening","T2_prePB_to_PB_opening",1,FALSE,-0.243849225682026
"MA0826.1",42,275,0.555849655902594,0.6875,0.808508590403773,0.949898797525096,"OLIG1",1,"T2_prePB_to_PB","opening","T2_prePB_to_PB_opening",1,FALSE,-0.306663208082794
"MA0618.1",43,282,0.569084171519322,0.705,0.80721159080755,0.952968763931417,"LBX1",1,"T2_prePB_to_PB","opening","T2_prePB_to_PB_opening",1,FALSE,-0.308979417279135
"MA0836.2",128,770,1.69401799894124,1.925,0.880009350099345,0.95418163809526,"CEBPD",1,"T2_prePB_to_PB","opening","T2_prePB_to_PB_opening",1,FALSE,-0.184407603013351
"MA1524.1",100,613,1.32345156167284,1.5325,0.863589926050795,0.956898207664482,"MSGN1",1,"T2_prePB_to_PB","opening","T2_prePB_to_PB_opening",1,FALSE,-0.211580010177123
"MA1625.1",471,2669,6.23345685547909,6.6725,0.934201102357301,0.958463936717561,"Stat5b",1,"T2_prePB_to_PB","opening","T2_prePB_to_PB_opening",1,FALSE,-0.0981934030600684
"MA0901.2",189,1117,2.50132345156167,2.7925,0.895729078446436,0.960883327488531,"HOXB13",1,"T2_prePB_to_PB","opening","T2_prePB_to_PB_opening",1,FALSE,-0.158864042464341
"MA0885.1",48,315,0.635256749602965,0.7875,0.806675237591066,0.961477988978341,"Dlx2",1,"T2_prePB_to_PB","opening","T2_prePB_to_PB_opening",1,FALSE,-0.309938336060227
"MA0887.1",53,345,0.701429327686607,0.8625,0.813251394419254,0.962699349896256,"EVX1",1,"T2_prePB_to_PB","opening","T2_prePB_to_PB_opening",1,FALSE,-0.298224929958246
"MA0007.3",137,829,1.81312863949179,2.0725,0.874850972010516,0.965896799700628,"Ar",1,"T2_prePB_to_PB","opening","T2_prePB_to_PB_opening",1,FALSE,-0.192889166299888
"MA0770.1",195,1156,2.58073054526204,2.89,0.892986347841538,0.966989737435137,"HSF2",1,"T2_prePB_to_PB","opening","T2_prePB_to_PB_opening",1,FALSE,-0.163288360006238
"MA0658.1",35,241,0.463208046585495,0.6025,0.768810035826548,0.968905509837627,"LHX6",1,"T2_prePB_to_PB","opening","T2_prePB_to_PB_opening",1,FALSE,-0.379299049595208
"MA0883.1",64,414,0.84700899947062,1.035,0.8183661830634,0.970678467906765,"Dmbx1",1,"T2_prePB_to_PB","opening","T2_prePB_to_PB_opening",1,FALSE,-0.289179801442626
"MA0722.1",57,373,0.75436739015352,0.9325,0.808973072550692,0.97077538461798,"VAX1",1,"T2_prePB_to_PB","opening","T2_prePB_to_PB_opening",1,FALSE,-0.305834629564558
"MA1585.1",115,709,1.52196929592377,1.7725,0.85865686652963,0.971782740798642,"ZKSCAN1",1,"T2_prePB_to_PB","opening","T2_prePB_to_PB_opening",1,FALSE,-0.219844692958595
"MA0674.1",70,450,0.92641609317099,1.125,0.823480971707547,0.972083824028512,"NKX6-1",1,"T2_prePB_to_PB","opening","T2_prePB_to_PB_opening",1,FALSE,-0.280191029165027
"MA0018.4",313,1820,4.142403388036,4.55,0.910418327040879,0.973486163627043,"CREB1",1,"T2_prePB_to_PB","opening","T2_prePB_to_PB_opening",1,FALSE,-0.135396910342529
"MA0757.1",71,458,0.939650608787718,1.145,0.820655553526392,0.974970973388465,"ONECUT3",1,"T2_prePB_to_PB","opening","T2_prePB_to_PB_opening",1,FALSE,-0.285149517453483
"MA0710.1",73,472,0.966119640021175,1.18,0.818745457645064,0.977744486940228,"NOTO",1,"T2_prePB_to_PB","opening","T2_prePB_to_PB_opening",1,FALSE,-0.288511335241765
"MA0158.2",46,313,0.608787718369508,0.7825,0.778003473954642,0.978533871958048,"HOXA5",1,"T2_prePB_to_PB","opening","T2_prePB_to_PB_opening",1,FALSE,-0.362149643360192
"MA0083.3",72,467,0.952885124404447,1.1675,0.816175695421368,0.978689688045044,"SRF",1,"T2_prePB_to_PB","opening","T2_prePB_to_PB_opening",1,FALSE,-0.293046577479317
"MA1154.1",249,1473,3.29539438856538,3.6825,0.894879671029295,0.979275740204411,"ZNF282",1,"T2_prePB_to_PB","opening","T2_prePB_to_PB_opening",1,FALSE,-0.160232777641074
"MA1568.1",72,468,0.952885124404447,1.17,0.814431730260211,0.979760284743884,"TCF21(var.2)",1,"T2_prePB_to_PB","opening","T2_prePB_to_PB_opening",1,FALSE,-0.296132553567994
"MA1603.1",103,652,1.36315510852303,1.63,0.83629147762149,0.9830626016824,"Dmrt1",1,"T2_prePB_to_PB","opening","T2_prePB_to_PB_opening",1,FALSE,-0.257920508777512
"MA0723.1",50,341,0.661725780836421,0.8525,0.776217924734805,0.983227873600609,"VAX2",1,"T2_prePB_to_PB","opening","T2_prePB_to_PB_opening",1,FALSE,-0.365464487468429
"MA0678.1",36,257,0.476442562202223,0.6425,0.741544843894511,0.984220321487402,"OLIG2",1,"T2_prePB_to_PB","opening","T2_prePB_to_PB_opening",1,FALSE,-0.431392209065438
"MA0467.1",151,929,1.99841185812599,2.3225,0.860457204790524,0.984256987059115,"Crx",1,"T2_prePB_to_PB","opening","T2_prePB_to_PB_opening",1,FALSE,-0.216822977236465
"MA0892.1",80,520,1.05876124933827,1.3,0.814431730260211,0.984448936916149,"GSX1",1,"T2_prePB_to_PB","opening","T2_prePB_to_PB_opening",1,FALSE,-0.296132553567994
"MA0861.1",133,827,1.76019057702488,2.0675,0.851361826856049,0.98475475276163,"TP73",1,"T2_prePB_to_PB","opening","T2_prePB_to_PB_opening",1,FALSE,-0.232153995936676
"MA0827.1",46,320,0.608787718369508,0.8,0.760984647961884,0.986233832951145,"OLIG3",1,"T2_prePB_to_PB","opening","T2_prePB_to_PB_opening",1,FALSE,-0.39405884984378
"MA0135.1",80,524,1.05876124933827,1.31,0.808214694151354,0.987350708873093,"Lhx3",1,"T2_prePB_to_PB","opening","T2_prePB_to_PB_opening",1,FALSE,-0.307187728450752
"MA0151.1",204,1236,2.6998411858126,3.09,0.873735011589838,0.987553438403037,"Arid3a",1,"T2_prePB_to_PB","opening","T2_prePB_to_PB_opening",1,FALSE,-0.194730641591297
"MA0832.1",270,1611,3.57331921651668,4.0275,0.887230097210844,0.988969390705001,"Tcf21",1,"T2_prePB_to_PB","opening","T2_prePB_to_PB_opening",1,FALSE,-0.172618162429185
"MA1471.1",84,552,1.11169931180519,1.38,0.805579211453035,0.989989335094047,"BARX2",1,"T2_prePB_to_PB","opening","T2_prePB_to_PB_opening",1,FALSE,-0.311899849960256
"MA1496.1",45,319,0.595553202752779,0.7975,0.746775175865554,0.990181061749367,"HOXA4",1,"T2_prePB_to_PB","opening","T2_prePB_to_PB_opening",1,FALSE,-0.421252192375303
"MA0819.1",80,529,1.05876124933827,1.3225,0.80057561386637,0.990293804924376,"CLOCK",1,"T2_prePB_to_PB","opening","T2_prePB_to_PB_opening",1,FALSE,-0.32088862199453
"MA0626.1",153,953,2.02488088935945,2.3825,0.849897540129884,0.990460491713517,"Npas2",1,"T2_prePB_to_PB","opening","T2_prePB_to_PB_opening",1,FALSE,-0.234637470564308
"MA0706.1",50,350,0.661725780836421,0.875,0.756258035241624,0.990520815918336,"MEOX2",1,"T2_prePB_to_PB","opening","T2_prePB_to_PB_opening",1,FALSE,-0.403047621222133
"MA1146.1",153,954,2.02488088935945,2.385,0.84900666220522,0.990843317159934,"NR1H4::RXRA",1,"T2_prePB_to_PB","opening","T2_prePB_to_PB_opening",1,FALSE,-0.23615052087867
"MA0486.2",171,1057,2.26310217046056,2.6425,0.856424662425946,0.990863817936853,"HSF1",1,"T2_prePB_to_PB","opening","T2_prePB_to_PB_opening",1,FALSE,-0.223600068780996
"MA0480.1",304,1808,4.02329274748544,4.52,0.890109014930408,0.991008634663544,"Foxo1",1,"T2_prePB_to_PB","opening","T2_prePB_to_PB_opening",1,FALSE,-0.167944435004299
"MA0111.1",263,1582,3.48067760719958,3.955,0.880070191453749,0.992087264058049,"Spz1",1,"T2_prePB_to_PB","opening","T2_prePB_to_PB_opening",1,FALSE,-0.184307862724913
"MA0112.3",224,1363,2.96453149814717,3.4075,0.870001907013109,0.992373306801143,"ESR1",1,"T2_prePB_to_PB","opening","T2_prePB_to_PB_opening",1,FALSE,-0.200907873320952
"MA0675.1",68,463,0.899947061937533,1.1575,0.777492062149057,0.992817252235673,"NKX6-2",1,"T2_prePB_to_PB","opening","T2_prePB_to_PB_opening",1,FALSE,-0.363098293274743
"MA0077.1",107,694,1.41609317098994,1.735,0.816192029389015,0.993018314544086,"SOX9",1,"T2_prePB_to_PB","opening","T2_prePB_to_PB_opening",1,FALSE,-0.293017705424457
"MA0714.1",88,584,1.1646373742721,1.46,0.79769683169322,0.993592326845077,"PITX3",1,"T2_prePB_to_PB","opening","T2_prePB_to_PB_opening",1,FALSE,-0.326085738507155
"MA0514.1",401,2362,5.3070407623081,5.905,0.89873679293956,0.993831433131183,"Sox3",1,"T2_prePB_to_PB","opening","T2_prePB_to_PB_opening",1,FALSE,-0.154027824534494
"MA1507.1",66,454,0.873478030704076,1.135,0.769584168021212,0.994002935134639,"HOXD4",1,"T2_prePB_to_PB","opening","T2_prePB_to_PB_opening",1,FALSE,-0.377847100130292
"MA0893.2",49,351,0.648491265219693,0.8775,0.739021384865747,0.994109966390117,"GSX2",1,"T2_prePB_to_PB","opening","T2_prePB_to_PB_opening",1,FALSE,-0.436310030860048
"MA0888.1",53,377,0.701429327686607,0.9425,0.744222098341227,0.994673457885146,"EVX2",1,"T2_prePB_to_PB","opening","T2_prePB_to_PB_opening",1,FALSE,-0.426192927018138
"MA0668.1",39,291,0.516146109052409,0.7275,0.709479187700905,0.994897746972227,"NEUROD2",1,"T2_prePB_to_PB","opening","T2_prePB_to_PB_opening",1,FALSE,-0.495165697429924
"MA1520.1",173,1088,2.28957120169402,2.72,0.84175411826986,0.995869890173763,"MAF",1,"T2_prePB_to_PB","opening","T2_prePB_to_PB_opening",1,FALSE,-0.248527506538516
"MA1472.1",430,2539,5.69084171519322,6.3475,0.896548517557026,0.996037105218144,"BHLHA15(var.2)",1,"T2_prePB_to_PB","opening","T2_prePB_to_PB_opening",1,FALSE,-0.157544827732254
"MA1508.1",729,4202,9.64796188459502,10.505,0.91841617178439,0.996941243659509,"IKZF1",1,"T2_prePB_to_PB","opening","T2_prePB_to_PB_opening",1,FALSE,-0.122778478334799
"MA1494.1",210,1308,2.77924827951297,3.27,0.849923021257789,0.996989211782772,"HNF4A(var.2)",1,"T2_prePB_to_PB","opening","T2_prePB_to_PB_opening",1,FALSE,-0.23459421722987
"MA0727.1",104,693,1.37638962413976,1.7325,0.794452885506353,0.997030912104523,"NR3C2",1,"T2_prePB_to_PB","opening","T2_prePB_to_PB_opening",1,FALSE,-0.331964614875708
"MA1480.1",87,592,1.15140285865537,1.48,0.777974904496874,0.997054371832987,"DPRX",1,"T2_prePB_to_PB","opening","T2_prePB_to_PB_opening",1,FALSE,-0.362202622196711
"MA0869.1",122,801,1.61461090524087,2.0025,0.806297580644628,0.99730341314883,"Sox11",1,"T2_prePB_to_PB","opening","T2_prePB_to_PB_opening",1,FALSE,-0.31061391240225
"MA0791.1",87,594,1.15140285865537,1.485,0.775355460373989,0.997376727082973,"POU4F3",1,"T2_prePB_to_PB","opening","T2_prePB_to_PB_opening",1,FALSE,-0.36706837110359
"MA0035.4",91,618,1.20434092112229,1.545,0.779508686810542,0.997386890108753,"GATA1",1,"T2_prePB_to_PB","opening","T2_prePB_to_PB_opening",1,FALSE,-0.359361143770977
"MA1487.1",226,1405,2.99100052938062,3.5125,0.851530399823665,0.997576992639219,"FOXE1",1,"T2_prePB_to_PB","opening","T2_prePB_to_PB_opening",1,FALSE,-0.231868365295158
"MA0804.1",55,402,0.727898358920064,1.005,0.724276974049815,0.99777808516701,"TBX19",1,"T2_prePB_to_PB","opening","T2_prePB_to_PB_opening",1,FALSE,-0.465384592583883
"MA0602.1",45,343,0.595553202752779,0.8575,0.694522685425982,0.998290652553774,"Arid5a",1,"T2_prePB_to_PB","opening","T2_prePB_to_PB_opening",1,FALSE,-0.525904199436731
"MA0164.1",122,810,1.61461090524087,2.025,0.797338718637466,0.998303206993978,"Nr2e3",1,"T2_prePB_to_PB","opening","T2_prePB_to_PB_opening",1,FALSE,-0.326733557661242
"MA0790.1",93,638,1.23080995235574,1.595,0.771667681727739,0.998357900048385,"POU4F1",1,"T2_prePB_to_PB","opening","T2_prePB_to_PB_opening",1,FALSE,-0.373946539916222
"MA0113.3",107,722,1.41609317098994,1.805,0.784539152903015,0.998387152463512,"NR3C1",1,"T2_prePB_to_PB","opening","T2_prePB_to_PB_opening",1,FALSE,-0.350080808418478
"MA1619.1",363,2194,4.80412916887242,5.485,0.875866758226512,0.998440397294752,"Ptf1a(var.2)",1,"T2_prePB_to_PB","opening","T2_prePB_to_PB_opening",1,FALSE,-0.191215032084618
"MA0744.2",311,1901,4.11593435680254,4.7525,0.866056676865343,0.998477866877896,"SCRT2",1,"T2_prePB_to_PB","opening","T2_prePB_to_PB_opening",1,FALSE,-0.207464987537245
"MA0070.1",90,623,1.19110640550556,1.5575,0.764755316536474,0.998629744696453,"PBX1",1,"T2_prePB_to_PB","opening","T2_prePB_to_PB_opening",1,FALSE,-0.386927977055224
"MA0731.1",170,1096,2.24986765484383,2.74,0.821119582059793,0.998656148827296,"BCL6B",1,"T2_prePB_to_PB","opening","T2_prePB_to_PB_opening",1,FALSE,-0.284333996677508
"MA0679.2",75,536,0.992588671254632,1.34,0.740737814369128,0.998941047490752,"ONECUT1",1,"T2_prePB_to_PB","opening","T2_prePB_to_PB_opening",1,FALSE,-0.432963159156127
"MA0468.1",111,759,1.46903123345686,1.8975,0.77419300840941,0.999230822431832,"DUX4",1,"T2_prePB_to_PB","opening","T2_prePB_to_PB_opening",1,FALSE,-0.36923295242309
"MA0833.2",122,825,1.61461090524087,2.0625,0.782841651025875,0.999243713242063,"ATF4",1,"T2_prePB_to_PB","opening","T2_prePB_to_PB_opening",1,FALSE,-0.353205735515292
"MA0756.1",36,296,0.476442562202223,0.74,0.643841300273275,0.999305912993227,"ONECUT2",1,"T2_prePB_to_PB","opening","T2_prePB_to_PB_opening",1,FALSE,-0.63522073026542
"MA1473.1",83,592,1.09846479618846,1.48,0.742205943370581,0.999332493752899,"CDX4",1,"T2_prePB_to_PB","opening","T2_prePB_to_PB_opening",1,FALSE,-0.430106597328819
"MA1113.2",93,653,1.23080995235574,1.6325,0.753941777859568,0.999336752260538,"PBX2",1,"T2_prePB_to_PB","opening","T2_prePB_to_PB_opening",1,FALSE,-0.407473063742181
"MA1499.1",52,401,0.688194812069878,1.0025,0.686478615531051,0.999410711436618,"HOXB4",1,"T2_prePB_to_PB","opening","T2_prePB_to_PB_opening",1,FALSE,-0.542711213566541
"MA0138.2",570,3393,7.5436739015352,8.4825,0.889322004307127,0.999543132327779,"REST",1,"T2_prePB_to_PB","opening","T2_prePB_to_PB_opening",1,FALSE,-0.169220590257229
"MA0878.2",77,563,1.01905770248809,1.4075,0.724019682051928,0.999606685723029,"CDX1",1,"T2_prePB_to_PB","opening","T2_prePB_to_PB_opening",1,FALSE,-0.465897185607086
"MA1632.1",335,2085,4.43356273160402,5.2125,0.850563593593098,0.999742107013369,"ATF2",1,"T2_prePB_to_PB","opening","T2_prePB_to_PB_opening",1,FALSE,-0.233507293663169
"MA0009.2",58,450,0.767601905770249,1.125,0.68231280512911,0.999748698795828,"TBXT",1,"T2_prePB_to_PB","opening","T2_prePB_to_PB_opening",1,FALSE,-0.551492688511108
"MA0606.1",220,1424,2.91159343568025,3.56,0.817863324629285,0.999758324887596,"NFAT5",1,"T2_prePB_to_PB","opening","T2_prePB_to_PB_opening",1,FALSE,-0.290066560301133
"MA0610.1",49,393,0.648491265219693,0.9825,0.660042000223606,0.999762591938605,"DMRT3",1,"T2_prePB_to_PB","opening","T2_prePB_to_PB_opening",1,FALSE,-0.599368079221492
"MA0683.1",86,626,1.13816834303864,1.565,0.7272641169576,0.999763008507036,"POU4F2",1,"T2_prePB_to_PB","opening","T2_prePB_to_PB_opening",1,FALSE,-0.459446715341638
"MA0499.2",593,3543,7.84806776071996,8.8575,0.886036439257122,0.999763786482401,"MYOD1",1,"T2_prePB_to_PB","opening","T2_prePB_to_PB_opening",1,FALSE,-0.174560434155141
"MA1504.1",72,541,0.952885124404447,1.3525,0.704536136343399,0.999794341853493,"HOXC4",1,"T2_prePB_to_PB","opening","T2_prePB_to_PB_opening",1,FALSE,-0.505252341501606
"MA1592.1",210,1372,2.77924827951297,3.43,0.810276466330312,0.999821345732516,"ZNF274",1,"T2_prePB_to_PB","opening","T2_prePB_to_PB_opening",1,FALSE,-0.303512074849433
"MA0868.2",127,886,1.68078348332451,2.215,0.75881872836321,0.999874050218802,"SOX8",1,"T2_prePB_to_PB","opening","T2_prePB_to_PB_opening",1,FALSE,-0.398170907384974
"MA0738.1",387,2404,5.1217575436739,6.01,0.852205914088836,0.999891623370432,"HIC2",1,"T2_prePB_to_PB","opening","T2_prePB_to_PB_opening",1,FALSE,-0.230724338511794
"MA0520.1",197,1307,2.6071995764955,3.2675,0.797918768629074,0.999898195238258,"Stat6",1,"T2_prePB_to_PB","opening","T2_prePB_to_PB_opening",1,FALSE,-0.325684405106537
"MA1647.1",346,2175,4.57914240338804,5.4375,0.84214113165757,0.999912535349939,"PRDM4",1,"T2_prePB_to_PB","opening","T2_prePB_to_PB_opening",1,FALSE,-0.247864351699273
"MA0743.2",293,1873,3.87771307570143,4.6825,0.828128793529403,0.999923517488334,"SCRT1",1,"T2_prePB_to_PB","opening","T2_prePB_to_PB_opening",1,FALSE,-0.272071194546437
"MA0667.1",183,1230,2.4219163578613,3.075,0.787615075727253,0.999924609590753,"MYF6",1,"T2_prePB_to_PB","opening","T2_prePB_to_PB_opening",1,FALSE,-0.344435537056606
"MA0856.1",282,1811,3.73213340391742,4.5275,0.824325434327425,0.999929044937046,"RXRG",1,"T2_prePB_to_PB","opening","T2_prePB_to_PB_opening",1,FALSE,-0.278712335239073
"MA0019.1",130,914,1.7204870301747,2.285,0.7529483720677,0.999930774236869,"Ddit3::Cebpa",1,"T2_prePB_to_PB","opening","T2_prePB_to_PB_opening",1,FALSE,-0.409375232808768
"MA0771.1",168,1143,2.22339862361038,2.8575,0.77809225673154,0.99993314606046,"HSF4",1,"T2_prePB_to_PB","opening","T2_prePB_to_PB_opening",1,FALSE,-0.361985018131892
"MA1151.1",130,916,1.7204870301747,2.29,0.75130437998895,0.999938792075539,"RORC",1,"T2_prePB_to_PB","opening","T2_prePB_to_PB_opening",1,FALSE,-0.412528661654954
"MA0072.1",135,947,1.78665960825834,2.3675,0.754660869380502,0.999941339396649,"RORA(var.2)",1,"T2_prePB_to_PB","opening","T2_prePB_to_PB_opening",1,FALSE,-0.40609771354468
"MA1640.1",76,583,1.00582318687136,1.4575,0.690101671952906,0.999941342585624,"MEIS2(var.2)",1,"T2_prePB_to_PB","opening","T2_prePB_to_PB_opening",1,FALSE,-0.535117076043012
"MA0515.1",294,1886,3.89094759131816,4.715,0.825227484903109,0.999944472645914,"Sox6",1,"T2_prePB_to_PB","opening","T2_prePB_to_PB_opening",1,FALSE,-0.277134474439508
"MA0591.1",317,2019,4.19534145050291,5.0475,0.831172154631582,0.99994453925433,"Bach1::Mafk",1,"T2_prePB_to_PB","opening","T2_prePB_to_PB_opening",1,FALSE,-0.2667790362965
"MA0607.1",46,390,0.608787718369508,0.975,0.624397659866162,0.999944554512137,"Bhlha15",1,"T2_prePB_to_PB","opening","T2_prePB_to_PB_opening",1,FALSE,-0.679460653994534
"MA0855.1",287,1847,3.79830598200106,4.6175,0.822589276015389,0.999948276644435,"RXRB",1,"T2_prePB_to_PB","opening","T2_prePB_to_PB_opening",1,FALSE,-0.281754077300579
"MA0152.1",216,1434,2.85865537321334,3.585,0.79739340954347,0.99995276414651,"NFATC2",1,"T2_prePB_to_PB","opening","T2_prePB_to_PB_opening",1,FALSE,-0.326634604114678
"MA1538.1",176,1198,2.3292747485442,2.995,0.777721118044809,0.999955380240903,"NR2F1(var.3)",1,"T2_prePB_to_PB","opening","T2_prePB_to_PB_opening",1,FALSE,-0.362673325962842
"MA0117.2",152,1055,2.01164637374272,2.6375,0.762709525589657,0.999957438184405,"Mafb",1,"T2_prePB_to_PB","opening","T2_prePB_to_PB_opening",1,FALSE,-0.390792485451824
"MA0672.1",171,1170,2.26310217046056,2.925,0.7737101437472,0.999959799830512,"NKX2-3",1,"T2_prePB_to_PB","opening","T2_prePB_to_PB_opening",1,FALSE,-0.37013304177962
"MA1132.1",137,969,1.81312863949179,2.4225,0.748453514754095,0.999968050508546,"JUN::JUNB",1,"T2_prePB_to_PB","opening","T2_prePB_to_PB_opening",1,FALSE,-0.418013451726767
"MA1152.1",191,1295,2.52779248279513,3.2375,0.780785322871082,0.999970695465848,"SOX15",1,"T2_prePB_to_PB","opening","T2_prePB_to_PB_opening",1,FALSE,-0.357000313629602
"MA1539.1",161,1124,2.13075701429328,2.81,0.758276517542091,0.999982267527836,"NR2F6(var.3)",1,"T2_prePB_to_PB","opening","T2_prePB_to_PB_opening",1,FALSE,-0.399202146348939
"MA1649.1",320,2065,4.2350449973531,5.1625,0.820347699245152,0.99998453012767,"ZBTB12",1,"T2_prePB_to_PB","opening","T2_prePB_to_PB_opening",1,FALSE,-0.285690819620945
"MA1624.1",349,2238,4.61884595023822,5.595,0.825531000936233,0.99998763021013,"Stat5a",1,"T2_prePB_to_PB","opening","T2_prePB_to_PB_opening",1,FALSE,-0.276603954010277
"MA1119.1",226,1521,2.99100052938062,3.8025,0.786587910422255,0.99998899914732,"SIX2",1,"T2_prePB_to_PB","opening","T2_prePB_to_PB_opening",1,FALSE,-0.346318248031401
"MA0665.1",334,2158,4.4203282159873,5.395,0.819337945502742,0.999990968114411,"MSC",1,"T2_prePB_to_PB","opening","T2_prePB_to_PB_opening",1,FALSE,-0.287467703048118
"MA1534.1",111,830,1.46903123345686,2.075,0.70796685949728,0.999992089921217,"NR1I3",1,"T2_prePB_to_PB","opening","T2_prePB_to_PB_opening",1,FALSE,-0.498244228924294
"MA0159.1",386,2463,5.10852302805717,6.1575,0.829642391889106,0.999992475905213,"RARA::RXRA",1,"T2_prePB_to_PB","opening","T2_prePB_to_PB_opening",1,FALSE,-0.269436743134827
"MA0766.2",85,668,1.12493382742192,1.67,0.673613070312525,0.999993186709139,"GATA5",1,"T2_prePB_to_PB","opening","T2_prePB_to_PB_opening",1,FALSE,-0.570005821450245
"MA0142.1",192,1327,2.54102699841186,3.3175,0.765946344660696,0.999993245733876,"Pou5f1::Sox2",1,"T2_prePB_to_PB","opening","T2_prePB_to_PB_opening",1,FALSE,-0.384682877943361
"MA1550.1",319,2078,4.22181048173637,5.195,0.81266804268265,0.999993570501389,"PPARD",1,"T2_prePB_to_PB","opening","T2_prePB_to_PB_opening",1,FALSE,-0.299260156721851
"MA0109.1",76,611,1.00582318687136,1.5275,0.658476718082724,0.999993603433094,"HLTF",1,"T2_prePB_to_PB","opening","T2_prePB_to_PB_opening",1,FALSE,-0.602793472257413
"MA0140.2",104,790,1.37638962413976,1.975,0.69690613880494,0.999994001766957,"GATA1::TAL1",1,"T2_prePB_to_PB","opening","T2_prePB_to_PB_opening",1,FALSE,-0.520961661621244
"MA1654.1",606,3730,8.02011646373743,9.325,0.860066108711788,0.99999517207218,"ZNF16",1,"T2_prePB_to_PB","opening","T2_prePB_to_PB_opening",1,FALSE,-0.217478861086116
"MA1467.1",435,2759,5.75701429327687,6.8975,0.834652307832819,0.999995860597863,"ATOH1(var.2)",1,"T2_prePB_to_PB","opening","T2_prePB_to_PB_opening",1,FALSE,-0.260751028958903
"MA1536.1",257,1723,3.40127051349921,4.3075,0.789615905629531,0.999995871290336,"NR2C2(var.2)",1,"T2_prePB_to_PB","opening","T2_prePB_to_PB_opening",1,FALSE,-0.340775216786573
"MA1125.1",451,2851,5.96876654314452,7.1275,0.837427785779659,0.999995877649706,"ZNF384",1,"T2_prePB_to_PB","opening","T2_prePB_to_PB_opening",1,FALSE,-0.255961584753029
"MA0461.2",48,431,0.635256749602965,1.0775,0.58956542886586,0.999995902423665,"Atoh1",1,"T2_prePB_to_PB","opening","T2_prePB_to_PB_opening",1,FALSE,-0.762273718160705
"MA0676.1",161,1150,2.13075701429328,2.875,0.741132874536792,0.9999964343175,"Nr2e1",1,"T2_prePB_to_PB","opening","T2_prePB_to_PB_opening",1,FALSE,-0.432193927949546
"MA0512.2",277,1844,3.66596082583377,4.61,0.795219268076741,0.999996461639296,"Rxra",1,"T2_prePB_to_PB","opening","T2_prePB_to_PB_opening",1,FALSE,-0.330573567009843
"MA1608.1",59,509,0.780836421386977,1.2725,0.613623906787409,0.999997190126325,"Isl1",1,"T2_prePB_to_PB","opening","T2_prePB_to_PB_opening",1,FALSE,-0.704571052448377
"MA1600.1",397,2552,5.25410269984119,6.38,0.823527068940625,0.999997573865495,"ZNF684",1,"T2_prePB_to_PB","opening","T2_prePB_to_PB_opening",1,FALSE,-0.280110271612934
"MA1581.1",638,3930,8.44362096347274,9.825,0.85940162478094,0.999997617293127,"ZBTB6",1,"T2_prePB_to_PB","opening","T2_prePB_to_PB_opening",1,FALSE,-0.218593911500595
"MA1559.1",552,3442,7.30545262043409,8.605,0.848977643281126,0.999997637703641,"SNAI3",1,"T2_prePB_to_PB","opening","T2_prePB_to_PB_opening",1,FALSE,-0.236199832769762
"MA1104.2",113,860,1.49550026469031,2.15,0.69558151846061,0.999997769135746,"GATA6",1,"T2_prePB_to_PB","opening","T2_prePB_to_PB_opening",1,FALSE,-0.523706419929903
"MA0623.2",32,326,0.42350449973531,0.815,0.51963742298811,0.999997952202461,"NEUROG1",1,"T2_prePB_to_PB","opening","T2_prePB_to_PB_opening",1,FALSE,-0.944419984723282
"MA0866.1",108,833,1.42932768660667,2.0825,0.686351830303323,0.999998409622733,"SOX21",1,"T2_prePB_to_PB","opening","T2_prePB_to_PB_opening",1,FALSE,-0.54297768806658
"MA1570.1",63,542,0.833774483853891,1.355,0.615331722401396,0.999998431404222,"TFAP4(var.2)",1,"T2_prePB_to_PB","opening","T2_prePB_to_PB_opening",1,FALSE,-0.70056138011382
"MA1120.1",130,972,1.7204870301747,2.43,0.708019353981356,0.999998511601106,"SOX13",1,"T2_prePB_to_PB","opening","T2_prePB_to_PB_opening",1,FALSE,-0.498137259768527
"MA1646.1",501,3165,6.63049232398094,7.9125,0.837976912983374,0.999998689824521,"OSR2",1,"T2_prePB_to_PB","opening","T2_prePB_to_PB_opening",1,FALSE,-0.255015876319884
"MA1105.2",183,1301,2.4219163578613,3.2525,0.744632239157971,0.999998780648168,"GRHL2",1,"T2_prePB_to_PB","opening","T2_prePB_to_PB_opening",1,FALSE,-0.425398077814158
"MA1530.1",62,539,0.820539968237162,1.3475,0.608935041363386,0.999998882508828,"NKX6-3",1,"T2_prePB_to_PB","opening","T2_prePB_to_PB_opening",1,FALSE,-0.715637389996411
"MA0116.1",300,2005,3.97035468501853,5.0125,0.792090710228135,0.999999050979447,"Znf423",1,"T2_prePB_to_PB","opening","T2_prePB_to_PB_opening",1,FALSE,-0.336260616310432
"MA1558.1",687,4233,9.09211222869243,10.5825,0.859164869236233,0.999999097025142,"SNAI1",1,"T2_prePB_to_PB","opening","T2_prePB_to_PB_opening",1,FALSE,-0.21899141215722
"MA1594.1",196,1387,2.59396506087877,3.4675,0.748079325415652,0.999999213033559,"ZNF382",1,"T2_prePB_to_PB","opening","T2_prePB_to_PB_opening",1,FALSE,-0.418734906516439
"MA0669.1",102,805,1.3499205929063,2.0125,0.67076799647518,0.999999275112355,"NEUROG2",1,"T2_prePB_to_PB","opening","T2_prePB_to_PB_opening",1,FALSE,-0.576112087060223
"MA1641.1",308,2060,4.07623080995236,5.15,0.791501128146089,0.999999368732181,"MYF5",1,"T2_prePB_to_PB","opening","T2_prePB_to_PB_opening",1,FALSE,-0.337334865482985
"MA0498.2",427,2758,5.65113816834304,6.895,0.819599444284705,0.999999444671362,"MEIS1",1,"T2_prePB_to_PB","opening","T2_prePB_to_PB_opening",1,FALSE,-0.287007328489439
"MA1537.1",361,2375,4.77766013763896,5.9375,0.804658549497088,0.999999476556483,"NR2F1(var.2)",1,"T2_prePB_to_PB","opening","T2_prePB_to_PB_opening",1,FALSE,-0.313549585130291
"MA1527.1",263,1802,3.48067760719958,4.505,0.772625439999906,0.99999961251886,"NFIC(var.2)",1,"T2_prePB_to_PB","opening","T2_prePB_to_PB_opening",1,FALSE,-0.372157046098178
"MA0106.3",95,771,1.2572789835892,1.9275,0.65228481638869,0.999999703560013,"TP53",1,"T2_prePB_to_PB","opening","T2_prePB_to_PB_opening",1,FALSE,-0.616423836668419
"MA1150.1",135,1026,1.78665960825834,2.565,0.696553453512022,0.999999710641714,"RORB",1,"T2_prePB_to_PB","opening","T2_prePB_to_PB_opening",1,FALSE,-0.521691954205922
"MA0829.2",274,1881,3.62625727898359,4.7025,0.771133924292098,0.999999817740422,"SREBF1(var.2)",1,"T2_prePB_to_PB","opening","T2_prePB_to_PB_opening",1,FALSE,-0.374944786527983
"MA1643.1",456,2952,6.03493912122816,7.38,0.8177424283507,0.999999833285363,"NFIB",1,"T2_prePB_to_PB","opening","T2_prePB_to_PB_opening",1,FALSE,-0.290279834494261
"MA0102.4",100,813,1.32345156167284,2.0325,0.651144679789837,0.999999866756701,"CEBPA",1,"T2_prePB_to_PB","opening","T2_prePB_to_PB_opening",1,FALSE,-0.618947743511916
"MA0712.2",113,898,1.49550026469031,2.245,0.666147111220629,0.99999987967907,"OTX2",1,"T2_prePB_to_PB","opening","T2_prePB_to_PB_opening",1,FALSE,-0.586085113436118
"MA1629.1",753,4675,9.96559025939651,11.6875,0.852670824333391,0.99999993595083,"Zic2",1,"T2_prePB_to_PB","opening","T2_prePB_to_PB_opening",1,FALSE,-0.229937509858485
"MA0870.1",83,713,1.09846479618846,1.7825,0.616249535028589,0.999999950813694,"Sox1",1,"T2_prePB_to_PB","opening","T2_prePB_to_PB_opening",1,FALSE,-0.698411100848729
"MA0797.1",181,1339,2.39544732662785,3.3475,0.715592928044166,0.999999955499881,"TGIF2",1,"T2_prePB_to_PB","opening","T2_prePB_to_PB_opening",1,FALSE,-0.482786948998009
"MA0037.3",62,573,0.820539968237162,1.4325,0.572802770148106,0.999999958261459,"GATA3",1,"T2_prePB_to_PB","opening","T2_prePB_to_PB_opening",1,FALSE,-0.803887106551819
"MA0673.1",133,1040,1.76019057702488,2.6,0.6769963757788,0.999999961113164,"NKX2-8",1,"T2_prePB_to_PB","opening","T2_prePB_to_PB_opening",1,FALSE,-0.562777853344474
"MA1532.1",255,1797,3.37480148226575,4.4925,0.751207898111463,0.999999969250295,"NR1D2",1,"T2_prePB_to_PB","opening","T2_prePB_to_PB_opening",1,FALSE,-0.41271394299092
"MA0143.4",118,950,1.56167284277395,2.375,0.657546460115349,0.999999975838233,"SOX2",1,"T2_prePB_to_PB","opening","T2_prePB_to_PB_opening",1,FALSE,-0.604833066639103
"MA0778.1",154,1180,2.03811540497618,2.95,0.690886577958026,0.999999977455827,"NFKB2",1,"T2_prePB_to_PB","opening","T2_prePB_to_PB_opening",1,FALSE,-0.533477122215448
"MA0842.2",120,964,1.58814187400741,2.41,0.65898003070847,0.999999977945674,"NRL",1,"T2_prePB_to_PB","opening","T2_prePB_to_PB_opening",1,FALSE,-0.601691158177109
"MA1597.1",421,2790,5.57173107464267,6.975,0.798814490988196,0.999999978624085,"ZNF528",1,"T2_prePB_to_PB","opening","T2_prePB_to_PB_opening",1,FALSE,-0.32406578444505
"MA0078.1",126,1012,1.66754896770778,2.53,0.659110263916119,0.999999989721053,"Sox17",1,"T2_prePB_to_PB","opening","T2_prePB_to_PB_opening",1,FALSE,-0.601406069182638
"MA1549.1",61,586,0.807305452620434,1.465,0.551061742403027,0.999999994589209,"POU6F1(var.2)",1,"T2_prePB_to_PB","opening","T2_prePB_to_PB_opening",1,FALSE,-0.859711505672713
"MA0063.2",117,962,1.54843832715723,2.405,0.643841300273275,0.999999994799488,"NKX2-5",1,"T2_prePB_to_PB","opening","T2_prePB_to_PB_opening",1,FALSE,-0.63522073026542
"MA0796.1",180,1366,2.38221281101112,3.415,0.697573297514236,0.999999995791,"TGIF1",1,"T2_prePB_to_PB","opening","T2_prePB_to_PB_opening",1,FALSE,-0.519581210638166
"MA0160.1",237,1722,3.13658020116464,4.305,0.728590058342541,0.999999996602238,"NR4A2",1,"T2_prePB_to_PB","opening","T2_prePB_to_PB_opening",1,FALSE,-0.456818805219832
"MA0105.4",172,1319,2.27633668607729,3.2975,0.690321966968094,0.999999996678193,"NFKB1",1,"T2_prePB_to_PB","opening","T2_prePB_to_PB_opening",1,FALSE,-0.534656611502684
"MA1621.1",594,3840,7.86130227633669,9.6,0.818885653785071,0.999999997464698,"Rbpjl",1,"T2_prePB_to_PB","opening","T2_prePB_to_PB_opening",1,FALSE,-0.288264319869368
"MA1580.1",61,594,0.807305452620434,1.485,0.543640035434636,0.999999997673201,"ZBTB32",1,"T2_prePB_to_PB","opening","T2_prePB_to_PB_opening",1,FALSE,-0.8792737363103
"MA0092.1",208,1555,2.75277924827951,3.8875,0.708110417563862,0.999999998500038,"Hand1::Tcf3",1,"T2_prePB_to_PB","opening","T2_prePB_to_PB_opening",1,FALSE,-0.497951716330116
"MA0684.2",253,1837,3.34833245103229,4.5925,0.729087087867674,0.999999998894347,"RUNX3",1,"T2_prePB_to_PB","opening","T2_prePB_to_PB_opening",1,FALSE,-0.455834964488162
"MA1588.1",147,1177,1.94547379565908,2.9425,0.661163566918973,0.999999999099648,"ZNF136",1,"T2_prePB_to_PB","opening","T2_prePB_to_PB_opening",1,FALSE,-0.596918684987992
"MA0793.1",56,576,0.741132874536792,1.44,0.514675607317217,0.999999999657792,"POU6F2",1,"T2_prePB_to_PB","opening","T2_prePB_to_PB_opening",1,FALSE,-0.958261883111107
"MA0691.1",200,1527,2.64690312334569,3.8175,0.693360346652439,0.999999999693138,"TFAP4",1,"T2_prePB_to_PB","opening","T2_prePB_to_PB_opening",1,FALSE,-0.528320683133461
"MA1121.1",179,1395,2.36897829539439,3.4875,0.679276930579036,0.999999999701412,"TEAD2",1,"T2_prePB_to_PB","opening","T2_prePB_to_PB_opening",1,FALSE,-0.557926112424034
"MA0719.1",141,1157,1.86606670195871,2.8925,0.645139741385897,0.999999999808085,"RHOXF1",1,"T2_prePB_to_PB","opening","T2_prePB_to_PB_opening",1,FALSE,-0.632314167297344
"MA0769.2",154,1250,2.03811540497618,3.125,0.652196929592377,0.999999999908464,"TCF7",1,"T2_prePB_to_PB","opening","T2_prePB_to_PB_opening",1,FALSE,-0.616618233640836
"MA0483.1",357,2508,4.72472207517205,6.27,0.753544190617552,0.999999999912064,"Gfi1b",1,"T2_prePB_to_PB","opening","T2_prePB_to_PB_opening",1,FALSE,-0.408234061067097
"MA0523.1",177,1401,2.34250926416093,3.5025,0.668810639303621,0.999999999930764,"TCF7L2",1,"T2_prePB_to_PB","opening","T2_prePB_to_PB_opening",1,FALSE,-0.580328140082955
"MA0479.1",118,1020,1.56167284277395,2.55,0.612420722656453,0.999999999943704,"FOXH1",1,"T2_prePB_to_PB","opening","T2_prePB_to_PB_opening",1,FALSE,-0.707402638612478
"MA1636.1",116,1013,1.5352038115405,2.5325,0.606200912750443,0.999999999968525,"CEBPG(var.2)",1,"T2_prePB_to_PB","opening","T2_prePB_to_PB_opening",1,FALSE,-0.722129690618592
"MA1155.1",289,2111,3.82477501323452,5.2775,0.724732356842163,0.999999999968643,"ZSCAN4",1,"T2_prePB_to_PB","opening","T2_prePB_to_PB_opening",1,FALSE,-0.464477797027699
"MA0677.1",307,2227,4.06299629433563,5.5675,0.72977032677784,0.999999999978699,"Nr2f6",1,"T2_prePB_to_PB","opening","T2_prePB_to_PB_opening",1,FALSE,-0.454483627341329
"MA1148.1",345,2462,4.56590788777131,6.155,0.741820940336524,0.999999999983251,"PPARA::RXRA",1,"T2_prePB_to_PB","opening","T2_prePB_to_PB_opening",1,FALSE,-0.430855156856898
"MA0056.2",283,2084,3.74536791953414,5.21,0.718880598758953,0.99999999998399,"MZF1",1,"T2_prePB_to_PB","opening","T2_prePB_to_PB_opening",1,FALSE,-0.476173919423711
"MA1114.1",464,3193,6.14081524616199,7.9825,0.769284716086688,0.999999999993933,"PBX3",1,"T2_prePB_to_PB","opening","T2_prePB_to_PB_opening",1,FALSE,-0.378408573910629
"MA0752.1",80,785,1.05876124933827,1.9625,0.539496178006764,0.999999999994852,"ZNF410",1,"T2_prePB_to_PB","opening","T2_prePB_to_PB_opening",1,FALSE,-0.890312681580548
"MA0119.1",234,1798,3.09687665431445,4.495,0.688960323540479,0.999999999995797,"NFIC::TLX1",1,"T2_prePB_to_PB","opening","T2_prePB_to_PB_opening",1,FALSE,-0.537505098753886
"MA1124.1",166,1377,2.19692959237692,3.4425,0.638178530828444,0.999999999998559,"ZNF24",1,"T2_prePB_to_PB","opening","T2_prePB_to_PB_opening",1,FALSE,-0.647965758983831
"MA1541.1",270,2043,3.57331921651668,5.1075,0.699621970928375,0.999999999999028,"NR6A1",1,"T2_prePB_to_PB","opening","T2_prePB_to_PB_opening",1,FALSE,-0.515350436416252
"MA0782.2",344,2503,4.55267337215458,6.2575,0.727554673936009,0.999999999999237,"PKNOX1",1,"T2_prePB_to_PB","opening","T2_prePB_to_PB_opening",1,FALSE,-0.458870444889574
"MA0036.3",84,831,1.11169931180519,2.0775,0.535113988835229,0.999999999999238,"GATA2",1,"T2_prePB_to_PB","opening","T2_prePB_to_PB_opening",1,FALSE,-0.902079154781208
"MA0150.2",227,1777,3.00423504499735,4.4425,0.676248743949883,0.999999999999286,"Nfe2l2",1,"T2_prePB_to_PB","opening","T2_prePB_to_PB_opening",1,FALSE,-0.564371952199007
"MA0820.1",374,2691,4.94970884065643,6.7275,0.735742674196422,0.999999999999457,"FIGLA",1,"T2_prePB_to_PB","opening","T2_prePB_to_PB_opening",1,FALSE,-0.442724861723981
"MA0115.1",217,1717,2.87188988883007,4.2925,0.669048314229486,0.999999999999458,"NR1H2::RXRA",1,"T2_prePB_to_PB","opening","T2_prePB_to_PB_opening",1,FALSE,-0.579815542059085
"MA1421.1",219,1736,2.89835892006353,4.34,0.667824635959338,0.999999999999671,"TCF7L1",1,"T2_prePB_to_PB","opening","T2_prePB_to_PB_opening",1,FALSE,-0.582456619393607
"MA1540.1",324,2402,4.28798305982001,6.005,0.714068785981684,0.999999999999829,"NR5A1",1,"T2_prePB_to_PB","opening","T2_prePB_to_PB_opening",1,FALSE,-0.485863019274696
"MA0099.3",134,1192,1.77342509264161,2.98,0.595109091490473,0.999999999999869,"FOS::JUN",1,"T2_prePB_to_PB","opening","T2_prePB_to_PB_opening",1,FALSE,-0.748771512592278
"MA0029.1",112,1044,1.48226574907358,2.61,0.567917911522446,0.999999999999886,"Mecom",1,"T2_prePB_to_PB","opening","T2_prePB_to_PB_opening",1,FALSE,-0.816243141030247
"MA1639.1",71,756,0.939650608787718,1.89,0.497169634279216,0.9999999999999,"MEIS1(var.2)",1,"T2_prePB_to_PB","opening","T2_prePB_to_PB_opening",1,FALSE,-1.00818700974174
"MA0495.3",168,1423,2.22339862361038,3.5575,0.624989071991673,0.999999999999919,"MAFF",1,"T2_prePB_to_PB","opening","T2_prePB_to_PB_opening",1,FALSE,-0.678094822236063
"MA1637.1",531,3673,7.0275277924828,9.1825,0.765317483526577,0.99999999999995,"EBF3",1,"T2_prePB_to_PB","opening","T2_prePB_to_PB_opening",1,FALSE,-0.38586785167412
"MA0482.2",139,1253,1.83959767072525,3.1325,0.587261826249083,0.99999999999999,"GATA4",1,"T2_prePB_to_PB","opening","T2_prePB_to_PB_opening",1,FALSE,-0.767921776792301
"MA1531.1",276,2144,3.65272631021705,5.36,0.681478789219598,0.999999999999992,"NR1D1",1,"T2_prePB_to_PB","opening","T2_prePB_to_PB_opening",1,FALSE,-0.553257223513556
"MA1579.1",459,3274,6.07464266807835,8.185,0.742167705324172,0.999999999999994,"ZBTB26",1,"T2_prePB_to_PB","opening","T2_prePB_to_PB_opening",1,FALSE,-0.430180926006991
"MA1128.1",171,1474,2.26310217046056,3.685,0.614138987913314,0.999999999999995,"FOSL1::JUN",1,"T2_prePB_to_PB","opening","T2_prePB_to_PB_opening",1,FALSE,-0.703360551915575
"MA0141.3",192,1618,2.54102699841186,4.045,0.628189616418259,0.999999999999997,"ESRRB",1,"T2_prePB_to_PB","opening","T2_prePB_to_PB_opening",1,FALSE,-0.670725701957899
"MA0089.2",201,1680,2.66013763896241,4.2,0.63336610451486,0.999999999999998,"NFE2L1",1,"T2_prePB_to_PB","opening","T2_prePB_to_PB_opening",1,FALSE,-0.658886155506238
"MA1141.1",176,1516,2.3292747485442,3.79,0.614584366370502,0.999999999999998,"FOS::JUND",1,"T2_prePB_to_PB","opening","T2_prePB_to_PB_opening",1,FALSE,-0.702314678942571
"MA0002.2",484,3447,6.40550555849656,8.6175,0.743313670843813,0.999999999999998,"RUNX1",1,"T2_prePB_to_PB","opening","T2_prePB_to_PB_opening",1,FALSE,-0.427955012036214
"MA0783.1",235,1906,3.11011116993118,4.765,0.652699091276218,0.999999999999999,"PKNOX2",1,"T2_prePB_to_PB","opening","T2_prePB_to_PB_opening",1,FALSE,-0.615507853833097
"MA1153.1",105,1038,1.38962413975649,2.595,0.535500631890746,0.999999999999999,"Smad4",1,"T2_prePB_to_PB","opening","T2_prePB_to_PB_opening",1,FALSE,-0.901037123427987
"MA0154.4",510,3609,6.7496029645315,9.0225,0.748085670771017,0.999999999999999,"EBF1",1,"T2_prePB_to_PB","opening","T2_prePB_to_PB_opening",1,FALSE,-0.418722669362777
"MA1576.1",306,2362,4.0497617787189,5.905,0.685819098851634,0.999999999999999,"THRB(var.3)",1,"T2_prePB_to_PB","opening","T2_prePB_to_PB_opening",1,FALSE,-0.544097909936233
"MA1112.2",281,2209,3.71889888830069,5.5225,0.673408580950781,0.999999999999999,"NR4A1",1,"T2_prePB_to_PB","opening","T2_prePB_to_PB_opening",1,FALSE,-0.570443847597881
"MA0258.2",396,2933,5.24086818422446,7.3325,0.714745064333373,1,"ESR2",1,"T2_prePB_to_PB","opening","T2_prePB_to_PB_opening",1,FALSE,-0.484497324042683
"MA0768.1",168,1483,2.22339862361038,3.7075,0.599702932868611,1,"LEF1",1,"T2_prePB_to_PB","opening","T2_prePB_to_PB_opening",1,FALSE,-0.737677660833979
"MA1604.1",475,3422,6.286394917946,8.555,0.734821147626652,1,"Ebf2",1,"T2_prePB_to_PB","opening","T2_prePB_to_PB_opening",1,FALSE,-0.444532984783214
"MA1130.1",148,1351,1.95870831127581,3.3775,0.579928441532437,1,"FOSL2::JUN",1,"T2_prePB_to_PB","opening","T2_prePB_to_PB_opening",1,FALSE,-0.786050712825631
"MA1468.1",83,900,1.09846479618846,2.25,0.48820657608376,1,"ATOH7",1,"T2_prePB_to_PB","opening","T2_prePB_to_PB_opening",1,FALSE,-1.03443341162069
"MA0130.1",2047,12557,27.0910534674431,31.3925,0.862978528866547,1,"ZNF354C",1,"T2_prePB_to_PB","opening","T2_prePB_to_PB_opening",1,FALSE,-0.212601757908393
"MA1628.1",815,5735,10.7861302276337,14.3375,0.752302021107841,1,"Zic1::Zic2",1,"T2_prePB_to_PB","opening","T2_prePB_to_PB_opening",1,FALSE,-0.410614210917691
"MA0745.2",524,3744,6.9348861831657,9.36,0.740906643500609,1,"SNAI2",1,"T2_prePB_to_PB","opening","T2_prePB_to_PB_opening",1,FALSE,-0.432634377683996
"MA0065.2",711,5107,9.40974060349391,12.7675,0.737007292225879,1,"Pparg::Rxra",1,"T2_prePB_to_PB","opening","T2_prePB_to_PB_opening",1,FALSE,-0.440247243428817
"MA1587.1",828,5992,10.9581789306511,14.98,0.731520622873908,1,"ZNF135",1,"T2_prePB_to_PB","opening","T2_prePB_to_PB_opening",1,FALSE,-0.45102758561327
"MA1601.1",422,3141,5.5849655902594,7.8525,0.71123407707856,1,"ZNF75D",1,"T2_prePB_to_PB","opening","T2_prePB_to_PB_opening",1,FALSE,-0.491601617345984
"MA1620.1",478,3675,6.32609846479619,9.1875,0.688554934943803,1,"Ptf1a(var.3)",1,"T2_prePB_to_PB","opening","T2_prePB_to_PB_opening",1,FALSE,-0.538354238220327
"MA0497.1",335,2608,4.43356273160402,6.52,0.679994283988347,1,"MEF2C",1,"T2_prePB_to_PB","opening","T2_prePB_to_PB_opening",1,FALSE,-0.556403354098235
"MA1565.1",422,3363,5.5849655902594,8.4075,0.664283745496211,1,"TBX18",1,"T2_prePB_to_PB","opening","T2_prePB_to_PB_opening",1,FALSE,-0.59012630985453
"MA1633.1",276,2248,3.65272631021705,5.62,0.649951300750364,1,"BACH1",1,"T2_prePB_to_PB","opening","T2_prePB_to_PB_opening",1,FALSE,-0.621594250586249
"MA0484.2",244,2002,3.22922181048174,5.005,0.645199162933414,1,"HNF4G",1,"T2_prePB_to_PB","opening","T2_prePB_to_PB_opening",1,FALSE,-0.632181292067709
"MA0503.1",282,2321,3.73213340391742,5.8025,0.64319403772812,1,"Nkx2-5(var.2)",1,"T2_prePB_to_PB","opening","T2_prePB_to_PB_opening",1,FALSE,-0.636671818769539
"MA1645.1",288,2412,3.81154049761779,6.03,0.632096268261656,1,"NKX2-2",1,"T2_prePB_to_PB","opening","T2_prePB_to_PB_opening",1,FALSE,-0.661781514900842
"MA0730.1",264,2215,3.4939121228163,5.5375,0.630954785158701,1,"RARA(var.2)",1,"T2_prePB_to_PB","opening","T2_prePB_to_PB_opening",1,FALSE,-0.664389184397836
"MA1109.1",331,2794,4.38062466913711,6.985,0.627147411472743,1,"NEUROD1",1,"T2_prePB_to_PB","opening","T2_prePB_to_PB_opening",1,FALSE,-0.673121205034811
"MA0017.2",363,3087,4.80412916887242,7.7175,0.622498110641065,1,"NR2F1",1,"T2_prePB_to_PB","opening","T2_prePB_to_PB_opening",1,FALSE,-0.683856318870727
"MA0090.3",200,1714,2.64690312334569,4.285,0.617713681060837,1,"TEAD1",1,"T2_prePB_to_PB","opening","T2_prePB_to_PB_opening",1,FALSE,-0.694987475638537
"MA0114.4",235,2039,3.11011116993118,5.0975,0.610124800378849,1,"HNF4A",1,"T2_prePB_to_PB","opening","T2_prePB_to_PB_opening",1,FALSE,-0.712821355702391
"MA0052.4",315,2749,4.16887241926945,6.8725,0.606602025357505,1,"MEF2A",1,"T2_prePB_to_PB","opening","T2_prePB_to_PB_opening",1,FALSE,-0.721175401644392
"MA0505.1",386,3371,5.10852302805717,8.4275,0.606173008372254,1,"Nr5a2",1,"T2_prePB_to_PB","opening","T2_prePB_to_PB_opening",1,FALSE,-0.722196101551601
"MA0689.1",189,1651,2.50132345156167,4.1275,0.606014161492834,1,"TBX20",1,"T2_prePB_to_PB","opening","T2_prePB_to_PB_opening",1,FALSE,-0.722574206903816
"MA0091.1",200,1751,2.64690312334569,4.3775,0.604660907674628,1,"TAL1::TCF3",1,"T2_prePB_to_PB","opening","T2_prePB_to_PB_opening",1,FALSE,-0.725799399542535
"MA0858.1",196,1718,2.59396506087877,4.295,0.603949955967118,1,"Rarb(var.2)",1,"T2_prePB_to_PB","opening","T2_prePB_to_PB_opening",1,FALSE,-0.727496695098285
"MA0592.3",287,2541,3.79830598200106,6.3525,0.59792301959875,1,"ESRRA",1,"T2_prePB_to_PB","opening","T2_prePB_to_PB_opening",1,FALSE,-0.741965927374487
"MA0066.1",223,1981,2.95129698253044,4.9525,0.595920642610891,1,"PPARG",1,"T2_prePB_to_PB","opening","T2_prePB_to_PB_opening",1,FALSE,-0.74680545085852
"MA0809.2",190,1702,2.5145579671784,4.255,0.590965444695276,1,"TEAD4",1,"T2_prePB_to_PB","opening","T2_prePB_to_PB_opening",1,FALSE,-0.758851878944902
"MA0643.1",181,1623,2.39544732662785,4.0575,0.590375188324793,1,"Esrrg",1,"T2_prePB_to_PB","opening","T2_prePB_to_PB_opening",1,FALSE,-0.760293560613898
"MA1111.1",227,2036,3.00423504499735,5.09,0.590222995087889,1,"NR2F2",1,"T2_prePB_to_PB","opening","T2_prePB_to_PB_opening",1,FALSE,-0.76066552130379
"MA1566.1",275,2467,3.63949179460032,6.1675,0.590108114244073,1,"TBX3",1,"T2_prePB_to_PB","opening","T2_prePB_to_PB_opening",1,FALSE,-0.760946353931257
"MA0659.2",183,1642,2.4219163578613,4.105,0.589991804594714,1,"MAFG",1,"T2_prePB_to_PB","opening","T2_prePB_to_PB_opening",1,FALSE,-0.761230735054957
"MA1638.1",259,2345,3.42773954473266,5.8625,0.584689048142032,1,"HAND2",1,"T2_prePB_to_PB","opening","T2_prePB_to_PB_opening",1,FALSE,-0.77425605910029
"MA0660.1",204,1853,2.6998411858126,4.6325,0.582804357433912,1,"MEF2B",1,"T2_prePB_to_PB","opening","T2_prePB_to_PB_opening",1,FALSE,-0.778913955460551
"MA1593.1",258,2369,3.41450502911593,5.9225,0.576531030665417,1,"ZNF317",1,"T2_prePB_to_PB","opening","T2_prePB_to_PB_opening",1,FALSE,-0.794527332286185
"MA0698.1",325,3004,4.30121757543674,7.51,0.572732034012881,1,"ZBTB18",1,"T2_prePB_to_PB","opening","T2_prePB_to_PB_opening",1,FALSE,-0.804065277469174
"MA1137.1",147,1359,1.94547379565908,3.3975,0.572619218737036,1,"FOSL1::JUNB",1,"T2_prePB_to_PB","opening","T2_prePB_to_PB_opening",1,FALSE,-0.804349483305469
"MA0501.1",176,1631,2.3292747485442,4.0775,0.571250704731871,1,"MAF::NFE2",1,"T2_prePB_to_PB","opening","T2_prePB_to_PB_opening",1,FALSE,-0.807801529413291
"MA1642.1",285,2671,3.7718369507676,6.6775,0.56485764893562,1,"NEUROG2(var.2)",1,"T2_prePB_to_PB","opening","T2_prePB_to_PB_opening",1,FALSE,-0.824038204338138
"MA0773.1",246,2315,3.25569084171519,5.7875,0.562538374378435,1,"MEF2D",1,"T2_prePB_to_PB","opening","T2_prePB_to_PB_opening",1,FALSE,-0.829974015033336
"MA0805.1",220,2074,2.91159343568025,5.185,0.5615416462257,1,"TBX1",1,"T2_prePB_to_PB","opening","T2_prePB_to_PB_opening",1,FALSE,-0.832532502961395
"MA0860.1",257,2441,3.40127051349921,6.1025,0.557356905120722,1,"Rarg(var.2)",1,"T2_prePB_to_PB","opening","T2_prePB_to_PB_opening",1,FALSE,-0.843324048970337
"MA0808.1",151,1439,1.99841185812599,3.5975,0.555500169041277,1,"TEAD3",1,"T2_prePB_to_PB","opening","T2_prePB_to_PB_opening",1,FALSE,-0.848138147146483
"MA0513.1",377,3665,4.98941238750662,9.1625,0.544547054570981,1,"SMAD2::SMAD3::SMAD4",1,"T2_prePB_to_PB","opening","T2_prePB_to_PB_opening",1,FALSE,-0.876868727245145
"MA0476.1",168,1640,2.22339862361038,4.1,0.542292347222043,1,"FOS",1,"T2_prePB_to_PB","opening","T2_prePB_to_PB_opening",1,FALSE,-0.882854623204054
"MA1144.1",124,1218,1.64107993647432,3.045,0.538942507873342,1,"FOSL2::JUND",1,"T2_prePB_to_PB","opening","T2_prePB_to_PB_opening",1,FALSE,-0.891794037461155
"MA0800.1",134,1317,1.77342509264161,3.2925,0.538625692525925,1,"EOMES",1,"T2_prePB_to_PB","opening","T2_prePB_to_PB_opening",1,FALSE,-0.892642368165912
"MA0494.1",270,2657,3.57331921651668,6.6425,0.537947943773681,1,"Nr1h3::Rxra",1,"T2_prePB_to_PB","opening","T2_prePB_to_PB_opening",1,FALSE,-0.894458840432301
"MA0739.1",163,1605,2.15722604552673,4.0125,0.537626428791709,1,"Hic1",1,"T2_prePB_to_PB","opening","T2_prePB_to_PB_opening",1,FALSE,-0.895321351167399
"MA0595.1",209,2087,2.76601376389624,5.2175,0.530141593463582,1,"SREBF1",1,"T2_prePB_to_PB","opening","T2_prePB_to_PB_opening",1,FALSE,-0.91554763858135
"MA1123.2",220,2202,2.91159343568025,5.505,0.52889980666308,1,"TWIST1",1,"T2_prePB_to_PB","opening","T2_prePB_to_PB_opening",1,FALSE,-0.918930919152775
"MA0490.2",150,1505,1.98517734250926,3.7625,0.527621885052296,1,"JUNB",1,"T2_prePB_to_PB","opening","T2_prePB_to_PB_opening",1,FALSE,-0.922420953657593
"MA1135.1",122,1230,1.61461090524087,3.075,0.525076717151502,1,"FOSB::JUNB",1,"T2_prePB_to_PB","opening","T2_prePB_to_PB_opening",1,FALSE,-0.929397121916198
"MA1618.1",228,2302,3.01746956061408,5.755,0.524321383251795,1,"Ptf1a",1,"T2_prePB_to_PB","opening","T2_prePB_to_PB_opening",1,FALSE,-0.93147395926182
"MA1567.1",204,2063,2.6998411858126,5.1575,0.523478659391682,1,"TBX6",1,"T2_prePB_to_PB","opening","T2_prePB_to_PB_opening",1,FALSE,-0.933794614779741
"MA1142.1",128,1298,1.69401799894124,3.245,0.522039444974188,1,"FOSL1::JUND",1,"T2_prePB_to_PB","opening","T2_prePB_to_PB_opening",1,FALSE,-0.937766511265932
"MA0596.1",183,1873,2.4219163578613,4.6825,0.517227198689013,1,"SREBF2",1,"T2_prePB_to_PB","opening","T2_prePB_to_PB_opening",1,FALSE,-0.951127163513736
"MA0671.1",111,1138,1.46903123345686,2.845,0.516355442339844,1,"NFIX",1,"T2_prePB_to_PB","opening","T2_prePB_to_PB_opening",1,FALSE,-0.953560788802101
"MA0693.2",133,1364,1.76019057702488,3.41,0.516184919948645,1,"VDR",1,"T2_prePB_to_PB","opening","T2_prePB_to_PB_opening",1,FALSE,-0.954037305445609
"MA1138.1",126,1301,1.66754896770778,3.2525,0.512697607289095,1,"FOSL2::JUNB",1,"T2_prePB_to_PB","opening","T2_prePB_to_PB_opening",1,FALSE,-0.963817116129811
"MA0489.1",160,1654,2.11752249867655,4.135,0.512097339462285,1,"JUN(var.2)",1,"T2_prePB_to_PB","opening","T2_prePB_to_PB_opening",1,FALSE,-0.965507213897432
"MA0670.1",123,1272,1.6278454208576,3.18,0.511901075741383,1,"NFIA",1,"T2_prePB_to_PB","opening","T2_prePB_to_PB_opening",1,FALSE,-0.966060238478507
"MA1622.1",163,1694,2.15722604552673,4.235,0.509380412166879,1,"Smad2::Smad3",1,"T2_prePB_to_PB","opening","T2_prePB_to_PB_opening",1,FALSE,-0.973181779688171
"MA0477.2",155,1612,2.05134992059291,4.03,0.509019831412632,1,"FOSL1",1,"T2_prePB_to_PB","opening","T2_prePB_to_PB_opening",1,FALSE,-0.974203395834465
"MA0161.2",204,2124,2.6998411858126,5.31,0.508444667761318,1,"NFIC",1,"T2_prePB_to_PB","opening","T2_prePB_to_PB_opening",1,FALSE,-0.975834478207222
"MA0496.3",370,3853,4.89677077818952,9.6325,0.508359281410799,1,"MAFK",1,"T2_prePB_to_PB","opening","T2_prePB_to_PB_opening",1,FALSE,-0.976076779041208
"MA0071.1",124,1298,1.64107993647432,3.245,0.505725712318744,1,"RORA",1,"T2_prePB_to_PB","opening","T2_prePB_to_PB_opening",1,FALSE,-0.983570111731657
"MA1134.1",119,1248,1.57490735839068,3.12,0.504777999484193,1,"FOS::JUNB",1,"T2_prePB_to_PB","opening","T2_prePB_to_PB_opening",1,FALSE,-0.986276204317768
"MA0801.1",183,1924,2.4219163578613,4.81,0.503516914316279,1,"MGA",1,"T2_prePB_to_PB","opening","T2_prePB_to_PB_opening",1,FALSE,-0.989884987091266
"MA0803.1",183,1924,2.4219163578613,4.81,0.503516914316279,1,"TBX15",1,"T2_prePB_to_PB","opening","T2_prePB_to_PB_opening",1,FALSE,-0.989884987091266
"MA1110.1",101,1065,1.33668607728957,2.6625,0.502041719169792,1,"NR1H4",1,"T2_prePB_to_PB","opening","T2_prePB_to_PB_opening",1,FALSE,-0.994117965547502
"MA0491.2",131,1389,1.73372154579142,3.4725,0.499271863438855,1,"JUND",1,"T2_prePB_to_PB","opening","T2_prePB_to_PB_opening",1,FALSE,-1.00209959968763
"MA0462.2",175,1890,2.31604023292748,4.725,0.490167245064016,1,"BATF::JUN",1,"T2_prePB_to_PB","opening","T2_prePB_to_PB_opening",1,FALSE,-1.02865107084702
"MA0633.1",87,940,1.15140285865537,2.35,0.489958663257606,1,"Twist2",1,"T2_prePB_to_PB","opening","T2_prePB_to_PB_opening",1,FALSE,-1.0292651130342
"MA1101.2",94,1021,1.24404446797247,2.5525,0.487382749450528,1,"BACH2",1,"T2_prePB_to_PB","opening","T2_prePB_to_PB_opening",1,FALSE,-1.03686994595574
"MA0835.2",173,1880,2.28957120169402,4.7,0.487142808871068,1,"BATF3",1,"T2_prePB_to_PB","opening","T2_prePB_to_PB_opening",1,FALSE,-1.03758036422587
"MA1634.1",172,1878,2.27633668607729,4.695,0.4848427446384,1,"BATF",1,"T2_prePB_to_PB","opening","T2_prePB_to_PB_opening",1,FALSE,-1.04440822419992
"MA0655.1",104,1144,1.37638962413976,2.86,0.481255113335579,1,"JDP2",1,"T2_prePB_to_PB","opening","T2_prePB_to_PB_opening",1,FALSE,-1.05512322770331
"MA0729.1",202,2298,2.67337215457914,5.745,0.465338930300982,1,"RARA",1,"T2_prePB_to_PB","opening","T2_prePB_to_PB_opening",1,FALSE,-1.10364310642635
"MA0802.1",158,1799,2.09105346744309,4.4975,0.464936846568781,1,"TBR1",1,"T2_prePB_to_PB","opening","T2_prePB_to_PB_opening",1,FALSE,-1.10489022692523
"MA0690.1",151,1731,1.99841185812599,4.3275,0.461793612507451,1,"TBX21",1,"T2_prePB_to_PB","opening","T2_prePB_to_PB_opening",1,FALSE,-1.1146767527717
"MA0688.1",160,1861,2.11752249867655,4.6525,0.455136485475884,1,"TBX2",1,"T2_prePB_to_PB","opening","T2_prePB_to_PB_opening",1,FALSE,-1.1356256822067
"MA0841.1",91,1061,1.20434092112229,2.6525,0.454039932562596,1,"NFE2",1,"T2_prePB_to_PB","opening","T2_prePB_to_PB_opening",1,FALSE,-1.13910573009559
"MA0478.1",186,2246,2.46161990471149,5.615,0.438400695407211,1,"FOSL2",1,"T2_prePB_to_PB","opening","T2_prePB_to_PB_opening",1,FALSE,-1.18967471732148
"MA0857.1",241,2948,3.18951826363155,7.37,0.432770456395054,1,"Rarb",1,"T2_prePB_to_PB","opening","T2_prePB_to_PB_opening",1,FALSE,-1.20832274608143
"MA0806.1",133,1630,1.76019057702488,4.075,0.431948607858866,1,"TBX4",1,"T2_prePB_to_PB","opening","T2_prePB_to_PB_opening",1,FALSE,-1.21106508049085
"MA0807.1",133,1630,1.76019057702488,4.075,0.431948607858866,1,"TBX5",1,"T2_prePB_to_PB","opening","T2_prePB_to_PB_opening",1,FALSE,-1.21106508049085
"MA0859.1",238,2937,3.14981471678137,7.3425,0.428983958703625,1,"Rarg",1,"T2_prePB_to_PB","opening","T2_prePB_to_PB_opening",1,FALSE,-1.22100103080849
"MA1108.2",168,2130,2.22339862361038,5.325,0.417539647626362,1,"MXI1",1,"T2_prePB_to_PB","opening","T2_prePB_to_PB_opening",1,FALSE,-1.26001144394864
"MA0728.1",253,3302,3.34833245103229,8.255,0.405612653062664,1,"Nr2f6(var.2)",1,"T2_prePB_to_PB","opening","T2_prePB_to_PB_opening",1,FALSE,-1.30182188023278
"MA0631.1",53,777,0.701429327686607,1.9425,0.361096178989244,1,"Six3",1,"T2_prePB_to_PB","opening","T2_prePB_to_PB_opening",1,FALSE,-1.46954094536826
"MA1547.1",173,2646,2.28957120169402,6.615,0.346118095494183,1,"PITX2",1,"T2_prePB_to_PB","opening","T2_prePB_to_PB_opening",1,FALSE,-1.53065955727073
"MA0087.1",0,0,0,0,NA,1,"Sox5",1,"T2_prePB_to_PB","opening","T2_prePB_to_PB_opening",1,FALSE,NA
"MA0489.1",1078,1737,13.0067567567568,4.3425,2.99522320247709,0,"JUN(var.2)",0,"T2_prePB_to_PB","closing","T2_prePB_to_PB_closing",0,TRUE,1.58266399757021
"MA0835.2",1232,2063,14.8648648648649,5.1575,2.88218417156856,0,"BATF3",0,"T2_prePB_to_PB","closing","T2_prePB_to_PB_closing",0,TRUE,1.52716302722739
"MA0462.2",1210,2059,14.5994208494208,5.1475,2.83621580367574,0,"BATF::JUN",0,"T2_prePB_to_PB","closing","T2_prePB_to_PB_closing",0,TRUE,1.5039678180615
"MA1634.1",1200,2048,14.4787644787645,5.12,2.82788368725869,0,"BATF",0,"T2_prePB_to_PB","closing","T2_prePB_to_PB_closing",0,TRUE,1.49972329252643
"MA0477.2",1051,1689,12.6809845559846,4.2225,3.0031935005292,3.35340891175486e-316,"FOSL1",5.00328609614062e-314,"T2_prePB_to_PB","closing","T2_prePB_to_PB_closing",5.00328609614062e-314,TRUE,1.58649791341058
"MA0490.2",1025,1625,12.367277992278,4.0625,3.04425304425304,1.84640545692236e-315,"JUNB",2.29569745142366e-313,"T2_prePB_to_PB","closing","T2_prePB_to_PB_closing",2.29569745142366e-313,TRUE,1.60608875736017
"MA1622.1",1081,1778,13.0429536679537,4.445,2.93429778806607,1.68183252670688e-312,"Smad2::Smad3",1.79235294989049e-310,"T2_prePB_to_PB","closing","T2_prePB_to_PB_closing",1.79235294989049e-310,TRUE,1.55301578243389
"MA1128.1",978,1518,11.800193050193,3.795,3.10940528331833,1.17779470543864e-311,"FOSL1::JUN",1.09829356282153e-309,"T2_prePB_to_PB","closing","T2_prePB_to_PB_closing",1.09829356282153e-309,TRUE,1.63663913537739
"MA1142.1",934,1414,11.269305019305,3.535,3.18792221196747,4.00060598037489e-310,"FOSL1::JUND",3.31605784595519e-308,"T2_prePB_to_PB","closing","T2_prePB_to_PB_closing",3.31605784595519e-308,TRUE,1.67261687931335
"MA1137.1",931,1409,11.2331081081081,3.5225,3.18895900868931,2.93284281312631e-309,"FOSL1::JUNB",2.18790073859222e-307,"T2_prePB_to_PB","closing","T2_prePB_to_PB_closing",2.18790073859222e-307,TRUE,1.67308600551511
"MA1141.1",985,1553,11.8846525096525,3.8825,3.06108242360657,1.63527121650698e-305,"FOS::JUND",1.1090112068311e-303,"T2_prePB_to_PB","closing","T2_prePB_to_PB_closing",1.1090112068311e-303,TRUE,1.61404236312151
"MA1134.1",884,1313,10.6660231660232,3.2825,3.24935968500325,1.31904541339703e-302,"FOS::JUNB",8.20006565328487e-301,"T2_prePB_to_PB","closing","T2_prePB_to_PB_closing",8.20006565328487e-301,TRUE,1.70015589435501
"MA0491.2",963,1511,11.6192084942085,3.7775,3.07589900574679,6.47960359210216e-301,"JUND",3.71829559977555e-299,"T2_prePB_to_PB","closing","T2_prePB_to_PB_closing",3.71829559977555e-299,TRUE,1.62100860357344
"MA1135.1",877,1307,10.5815637065637,3.2675,3.2384280662781,2.1412082612211e-298,"FOSB::JUNB",1.14095811633639e-296,"T2_prePB_to_PB","closing","T2_prePB_to_PB_closing",1.14095811633639e-296,TRUE,1.69529414400451
"MA1138.1",911,1391,10.9917953667954,3.4775,3.16083260008494,9.23965527625544e-298,"FOSL2::JUNB",4.59518855739104e-296,"T2_prePB_to_PB","closing","T2_prePB_to_PB_closing",4.59518855739104e-296,TRUE,1.66030508755144
"MA0099.3",862,1276,10.4005791505792,3.19,3.26036963967998,1.68529367879581e-296,"FOS::JUN",7.85768177738548e-295,"T2_prePB_to_PB","closing","T2_prePB_to_PB_closing",7.85768177738548e-295,TRUE,1.70503597968137
"MA0476.1",1072,1816,12.9343629343629,4.54,2.84897861990373,1.33626919419745e-293,"FOS",5.86386364041938e-292,"T2_prePB_to_PB","closing","T2_prePB_to_PB_closing",5.86386364041938e-292,TRUE,1.51044530141993
"MA1144.1",856,1291,10.3281853281853,3.2275,3.20005742159112,4.23965354334088e-285,"FOSL2::JUND",1.75710085740683e-283,"T2_prePB_to_PB","closing","T2_prePB_to_PB_closing",1.75710085740683e-283,TRUE,1.67809824379089
"MA1130.1",904,1424,10.9073359073359,3.56,3.06385840093705,8.94664903292098e-280,"FOSL2::JUN",3.51273693608371e-278,"T2_prePB_to_PB","closing","T2_prePB_to_PB_closing",3.51273693608371e-278,TRUE,1.61535009418684
"MA0655.1",847,1293,10.2195945945946,3.2325,3.16151418239585,3.68300514353627e-276,"JDP2",1.37376091853903e-274,"T2_prePB_to_PB","closing","T2_prePB_to_PB_closing",1.37376091853903e-274,TRUE,1.66061614771517
"MA1513.1",878,1534,10.5936293436293,3.835,2.76235445726971,7.28571914614693e-225,"KLF15",2.58816499191696e-223,"T2_prePB_to_PB","closing","T2_prePB_to_PB_closing",2.58816499191696e-223,TRUE,1.46589897616529
"MA0162.4",708,1102,8.54247104247104,2.755,3.10071544191326,7.07787713598546e-222,"EGR1",2.40004379247507e-220,"T2_prePB_to_PB","closing","T2_prePB_to_PB_closing",2.40004379247507e-220,TRUE,1.63260159865278
"MA1132.1",680,1065,8.2046332046332,2.6625,3.08155237732703,1.44514989952074e-210,"JUN::JUNB",4.68731228279334e-209,"T2_prePB_to_PB","closing","T2_prePB_to_PB_closing",4.68731228279334e-209,TRUE,1.62365778105883
"MA1650.1",371,443,4.47635135135135,1.1075,4.04185223598316,4.20635283932384e-180,"ZBTB14",1.30747467422316e-178,"T2_prePB_to_PB","closing","T2_prePB_to_PB_closing",1.30747467422316e-178,TRUE,2.01501693686772
"MA0632.2",322,372,3.88513513513514,0.93,4.17756466143563,2.45347223003182e-165,"TCFL5",7.32116113441494e-164,"T2_prePB_to_PB","closing","T2_prePB_to_PB_closing",7.32116113441494e-164,TRUE,2.062662504213
"MA1101.2",633,1111,7.63754826254826,2.7775,2.74979235375275,5.12369128371986e-159,"BACH2",1.47010526832885e-157,"T2_prePB_to_PB","closing","T2_prePB_to_PB_closing",1.47010526832885e-157,TRUE,1.45932320455804
"MA1633.1",995,2213,12.0053088803089,5.5325,2.16996093634142,2.76549709695491e-154,"BACH1",7.640966053068e-153,"T2_prePB_to_PB","closing","T2_prePB_to_PB_closing",7.640966053068e-153,TRUE,1.11766973634113
"MA0841.1",624,1205,7.52895752895753,3.0125,2.49923901376184,8.07778616361084e-130,"NFE2",2.15215302787632e-128,"T2_prePB_to_PB","closing","T2_prePB_to_PB_closing",2.15215302787632e-128,TRUE,1.32148945686143
"MA0599.1",1351,3622,16.3006756756757,9.055,1.80018505529273,3.06425278132229e-129,"KLF5",7.88252612022906e-128,"T2_prePB_to_PB","closing","T2_prePB_to_PB_closing",7.88252612022906e-128,TRUE,0.848146021653042
"MA0732.1",414,650,4.99517374517375,1.625,3.07395307395307,1.20440545445038e-126,"EGR3",2.99495489673327e-125,"T2_prePB_to_PB","closing","T2_prePB_to_PB_closing",2.99495489673327e-125,TRUE,1.62009561077524
"MA1653.1",1385,3788,16.7109073359073,9.47,1.76461534698071,1.05098961113314e-124,"ZNF148",2.52915564485588e-123,"T2_prePB_to_PB","closing","T2_prePB_to_PB_closing",2.52915564485588e-123,TRUE,0.819354554899963
"MA0741.1",988,2386,11.9208494208494,5.965,1.99846595487836,1.69473558742269e-124,"KLF16",3.95085233817915e-123,"T2_prePB_to_PB","closing","T2_prePB_to_PB_closing",3.95085233817915e-123,TRUE,0.998893717653399
"MA1627.1",1231,3241,14.8527992277992,8.1025,1.83311314135134,2.03526102865318e-123,"Wt1",4.60092341628871e-122,"T2_prePB_to_PB","closing","T2_prePB_to_PB_closing",4.60092341628871e-122,TRUE,0.87429662004839
"MA0039.4",1424,4008,17.1814671814672,10.02,1.71471728357956,5.54214834704571e-117,"KLF4",1.21601254908709e-115,"T2_prePB_to_PB","closing","T2_prePB_to_PB_closing",1.21601254908709e-115,TRUE,0.777971570994135
"MA0107.1",650,1371,7.84266409266409,3.4275,2.28815874330098,5.19781649176721e-112,"RELA",1.10787745795952e-110,"T2_prePB_to_PB","closing","T2_prePB_to_PB_closing",1.10787745795952e-110,TRUE,1.19418777450414
"MA0101.1",611,1280,7.37210424710425,3.2,2.30378257722008,9.44724768404897e-107,"REL",1.95767965897237e-105,"T2_prePB_to_PB","closing","T2_prePB_to_PB_closing",1.95767965897237e-105,TRUE,1.20400519302294
"MA0089.2",782,1832,9.43532818532819,4.58,2.06011532430746,1.85044200437792e-105,"NFE2L1",3.7308911763944e-104,"T2_prePB_to_PB","closing","T2_prePB_to_PB_closing",3.7308911763944e-104,TRUE,1.04272580137133
"MA0478.1",1074,2867,12.9584942084942,7.1675,1.80795175563226,3.85573806584415e-102,"FOSL2",7.56942262399931e-101,"T2_prePB_to_PB","closing","T2_prePB_to_PB_closing",7.56942262399931e-101,TRUE,0.854356978579654
"MA0778.1",453,840,5.46573359073359,2.1,2.60273028130171,8.80467676718764e-102,"NFKB2",1.68417663290307e-100,"T2_prePB_to_PB","closing","T2_prePB_to_PB_closing",1.68417663290307e-100,TRUE,1.38002636854353
"MA0471.2",792,1893,9.55598455598456,4.7325,2.01922547405907,1.82420768830834e-101,"E2F6",3.40214733869505e-100,"T2_prePB_to_PB","closing","T2_prePB_to_PB_closing",3.40214733869505e-100,TRUE,1.01380273071804
"MA1512.1",770,1867,9.29054054054054,4.6675,1.99047467392406,7.09159533895619e-95,"KLF11",1.29032442021008e-93,"T2_prePB_to_PB","closing","T2_prePB_to_PB_closing",1.29032442021008e-93,TRUE,0.993113240018271
"MA0591.1",734,1854,8.85617760617761,4.635,1.91071793013541,1.08277087108438e-80,"Bach1::Mafk",1.92320730911654e-79,"T2_prePB_to_PB","closing","T2_prePB_to_PB_closing",1.92320730911654e-79,TRUE,0.934115571134288
"MA0501.1",753,1943,9.08542471042471,4.8575,1.87039108809567,6.45061293689902e-78,"MAF::NFE2",1.11910633742481e-76,"T2_prePB_to_PB","closing","T2_prePB_to_PB_closing",1.11910633742481e-76,TRUE,0.903340732282632
"MA0733.1",424,870,5.11583011583012,2.175,2.35210580038166,3.19311215733252e-77,"EGR4",5.4137765212956e-76,"T2_prePB_to_PB","closing","T2_prePB_to_PB_closing",5.4137765212956e-76,TRUE,1.23395356905303
"MA1511.1",830,2227,10.0144787644788,5.5675,1.79873888899484,1.31078655689018e-76,"KLF10",2.17299282542239e-75,"T2_prePB_to_PB","closing","T2_prePB_to_PB_closing",2.17299282542239e-75,TRUE,0.846986577368351
"MA0506.1",284,480,3.42664092664093,1.2,2.85553410553411,3.75316351263765e-76,"NRF1",6.08665213136453e-75,"T2_prePB_to_PB","closing","T2_prePB_to_PB_closing",6.08665213136453e-75,TRUE,1.51376112098671
"MA1564.1",842,2316,10.1592664092664,5.79,1.75462286861251,7.42833079788378e-72,"SP9",1.17904995217474e-70,"T2_prePB_to_PB","closing","T2_prePB_to_PB_closing",1.17904995217474e-70,TRUE,0.811161799164965
"MA0516.2",839,2310,10.1230694980695,5.775,1.75291246719818,2.31306421598908e-71,"SP2",3.59488730234969e-70,"T2_prePB_to_PB","closing","T2_prePB_to_PB_closing",3.59488730234969e-70,TRUE,0.809754779026493
"MA0081.2",1557,5116,18.7861969111969,12.79,1.46881914864714,1.01126396486805e-69,"SPIB",1.53959779141135e-68,"T2_prePB_to_PB","closing","T2_prePB_to_PB_closing",1.53959779141135e-68,FALSE,0.554657754274172
"MA1522.1",1288,4055,15.5405405405405,10.1375,1.53297563901756,1.90443113682587e-68,"MAZ",2.8414112561442e-67,"T2_prePB_to_PB","closing","T2_prePB_to_PB_closing",2.8414112561442e-67,TRUE,0.616335711980181
"MA0740.1",531,1268,6.40685328185328,3.17,2.02108936336066,1.4770252591819e-67,"KLF14",2.16051145754842e-66,"T2_prePB_to_PB","closing","T2_prePB_to_PB_closing",2.16051145754842e-66,TRUE,1.01513382634798
"MA0472.2",261,454,3.14913127413127,1.135,2.7745649992346,2.00277926889451e-66,"EGR2",2.87321795114482e-65,"T2_prePB_to_PB","closing","T2_prePB_to_PB_closing",2.87321795114482e-65,TRUE,1.47226212111339
"MA0528.2",1391,4504,16.7833011583012,11.26,1.49052408155428,8.33445314133541e-66,"ZNF263",1.17311359310117e-64,"T2_prePB_to_PB","closing","T2_prePB_to_PB_closing",1.17311359310117e-64,FALSE,0.57582065223584
"MA0080.5",1849,6399,22.3093629343629,15.9975,1.3945530823168,3.08739922897846e-65,"SPI1",4.26518486077395e-64,"T2_prePB_to_PB","closing","T2_prePB_to_PB_closing",4.26518486077395e-64,FALSE,0.479803884726417
"MA1122.1",320,623,3.86100386100386,1.5575,2.47897519165577,3.40424021370444e-65,"TFDP1",4.61738763531548e-64,"T2_prePB_to_PB","closing","T2_prePB_to_PB_closing",4.61738763531548e-64,TRUE,1.3097444156985
"MA1102.2",708,1908,8.54247104247104,4.77,1.79087443238387,4.04149140305733e-64,"CTCFL",5.38384390478709e-63,"T2_prePB_to_PB","closing","T2_prePB_to_PB_closing",5.38384390478709e-63,TRUE,0.840664991521505
"MA0527.1",170,238,2.0511583011583,0.595,3.4473248758963,1.22801294388646e-63,"ZBTB33",1.60718887041982e-62,"T2_prePB_to_PB","closing","T2_prePB_to_PB_closing",1.60718887041982e-62,TRUE,1.78547768318957
"MA0598.3",1175,3697,14.1771235521236,9.2425,1.53390571296982,4.14157142932071e-62,"EHF",5.32691773495388e-61,"T2_prePB_to_PB","closing","T2_prePB_to_PB_closing",5.32691773495388e-61,TRUE,0.617210745664684
"MA0746.2",854,2475,10.3040540540541,6.1875,1.66530166530167,4.92446362168408e-61,"SP3",6.2265251894514e-60,"T2_prePB_to_PB","closing","T2_prePB_to_PB_closing",6.2265251894514e-60,TRUE,0.735784407955338
"MA1630.1",981,2961,11.83638996139,7.4025,1.59897196371361,1.15525189486878e-60,"Znf281",1.43636318928685e-59,"T2_prePB_to_PB","closing","T2_prePB_to_PB_closing",1.43636318928685e-59,TRUE,0.677145545168424
"MA0062.3",1265,4083,15.2630308880309,10.2075,1.49527610953033,3.74442845272349e-60,"GABPA",4.57925184546184e-59,"T2_prePB_to_PB","closing","T2_prePB_to_PB_closing",4.57925184546184e-59,FALSE,0.580412874054306
"MA1107.2",1255,4045,15.1423745173745,10.1125,1.49739179405434,5.11320265918143e-60,"KLF9",6.1523373931441e-59,"T2_prePB_to_PB","closing","T2_prePB_to_PB_closing",6.1523373931441e-59,FALSE,0.582452716855351
"MA0685.1",702,1931,8.47007722007722,4.8275,1.75454732678969,1.51474602424576e-59,"SP4",1.79365164140847e-58,"T2_prePB_to_PB","closing","T2_prePB_to_PB_closing",1.79365164140847e-58,TRUE,0.811099685477117
"MA0105.4",477,1158,5.75530888030888,2.895,1.98801688438994,4.46814245569106e-58,"NFKB1",5.20817854991489e-57,"T2_prePB_to_PB","closing","T2_prePB_to_PB_closing",5.20817854991489e-57,TRUE,0.991330735574555
"MA0150.2",701,1950,8.45801158301158,4.875,1.73497673497673,2.57018091673716e-57,"Nfe2l2",2.9497768675168e-56,"T2_prePB_to_PB","closing","T2_prePB_to_PB_closing",2.9497768675168e-56,TRUE,0.794917148771975
"MA0761.2",1236,4018,14.9131274131274,10.045,1.48463189777276,9.01174557032717e-57,"ETV1",1.01860033264607e-55,"T2_prePB_to_PB","closing","T2_prePB_to_PB_closing",1.01860033264607e-55,FALSE,0.570106242786341
"MA0079.4",812,2390,9.7972972972973,5.975,1.63971502883637,9.22031410742633e-55,"SP1",1.02662004837911e-53,"T2_prePB_to_PB","closing","T2_prePB_to_PB_closing",1.02662004837911e-53,TRUE,0.713445986024675
"MA0073.1",1223,4009,14.7562741312741,10.0225,1.47231470504107,5.45434866522852e-54,"RREB1",5.98374132979482e-53,"T2_prePB_to_PB","closing","T2_prePB_to_PB_closing",5.98374132979482e-53,FALSE,0.558087058121425
"MA0006.1",1044,3345,12.5965250965251,8.3625,1.50631092335128,1.39036234347727e-50,"Ahr::Arnt",1.50320334526673e-49,"T2_prePB_to_PB","closing","T2_prePB_to_PB_closing",1.50320334526673e-49,TRUE,0.591020550670736
"MA1508.1",1269,4254,15.3112934362934,10.635,1.43970789245825,2.02022159788751e-50,"IKZF1",2.15297901717726e-49,"T2_prePB_to_PB","closing","T2_prePB_to_PB_closing",2.15297901717726e-49,FALSE,0.525777129817811
"MA0645.1",434,1103,5.23648648648649,2.7575,1.89899781921541,1.27137497224006e-46,"ETV6",1.33583905533955e-45,"T2_prePB_to_PB","closing","T2_prePB_to_PB_closing",1.33583905533955e-45,TRUE,0.925239008429693
"MA0517.1",1006,3261,12.1380308880309,8.1525,1.48887223404243,3.67793738213308e-46,"STAT1::STAT2",3.810751787599e-45,"T2_prePB_to_PB","closing","T2_prePB_to_PB_closing",3.810751787599e-45,FALSE,0.574220924904752
"MA1514.1",783,2388,9.44739382239382,5.97,1.58247802720165,4.53173182600703e-46,"KLF17",4.6310574550702e-45,"T2_prePB_to_PB","closing","T2_prePB_to_PB_closing",4.6310574550702e-45,TRUE,0.662186379557135
"MA0747.1",831,2591,10.0265444015444,6.4775,1.54790341976756,8.59593916299936e-45,"SP8",8.66563596702368e-44,"T2_prePB_to_PB","closing","T2_prePB_to_PB_closing",8.66563596702368e-44,TRUE,0.630316390484535
"MA0131.2",152,248,1.83397683397683,0.62,2.95802715157554,5.67794504445947e-44,"HINFP",5.64766267088902e-43,"T2_prePB_to_PB","closing","T2_prePB_to_PB_closing",5.64766267088902e-43,TRUE,1.56463578264156
"MA1652.1",1369,4795,16.5178571428571,11.9875,1.37792343214658,2.11125998914061e-43,"ZKSCAN5",2.0723683577617e-42,"T2_prePB_to_PB","closing","T2_prePB_to_PB_closing",2.0723683577617e-42,FALSE,0.462496770221604
"MA0810.1",421,1094,5.0796332046332,2.735,1.85726991028636,1.91757878497005e-42,"TFAP2A(var.2)",1.85781009556838e-41,"T2_prePB_to_PB","closing","T2_prePB_to_PB_closing",1.85781009556838e-41,TRUE,0.893184268919175
"MA1127.1",268,589,3.23359073359073,1.4725,2.19598691585109,4.54826557902746e-42,"FOSB::JUN",4.3500078486596e-41,"T2_prePB_to_PB","closing","T2_prePB_to_PB_closing",4.3500078486596e-41,TRUE,1.13487011545893
"MA0764.2",1454,5209,17.5434362934363,13.0225,1.34716347041169,1.23283736156712e-40,"ETV4",1.16417300218869e-39,"T2_prePB_to_PB","closing","T2_prePB_to_PB_closing",1.16417300218869e-39,FALSE,0.429925994944514
"MA0473.3",1223,4245,14.7562741312741,10.6125,1.39046163781146,2.19860529312367e-40,"ELF1",2.05019943583782e-39,"T2_prePB_to_PB","closing","T2_prePB_to_PB_closing",2.05019943583782e-39,FALSE,0.47556497951502
"MA1131.1",308,734,3.71621621621622,1.835,2.02518594889167,1.43707749527928e-39,"FOSL2::JUN(var.2)",1.32353063145475e-38,"T2_prePB_to_PB","closing","T2_prePB_to_PB_closing",1.32353063145475e-38,TRUE,1.01805509209099
"MA0656.1",258,574,3.11293436293436,1.435,2.16929223897865,2.09769471528126e-39,"JDP2(var.2)",1.90839055804856e-38,"T2_prePB_to_PB","closing","T2_prePB_to_PB_closing",1.90839055804856e-38,TRUE,1.11722508566364
"MA1569.1",230,489,2.77509652509652,1.2225,2.27001760744092,4.32904236308285e-39,"TFAP2E",3.89092241308411e-38,"T2_prePB_to_PB","closing","T2_prePB_to_PB_closing",3.89092241308411e-38,TRUE,1.18270412339844
"MA0840.1",232,499,2.7992277992278,1.2475,2.24386997934092,2.05704275237526e-38,"Creb5",1.82684987294279e-37,"T2_prePB_to_PB","closing","T2_prePB_to_PB_closing",1.82684987294279e-37,TRUE,1.16598972460255
"MA1485.1",508,1450,6.12934362934363,3.625,1.69085341499135,5.33269269517754e-38,"FERD3L",4.68022205953229e-37,"T2_prePB_to_PB","closing","T2_prePB_to_PB_closing",4.68022205953229e-37,TRUE,0.757752446967351
"MA0605.2",245,542,2.95608108108108,1.355,2.18160965393438,5.62762560715363e-38,"ATF3",4.88163802667047e-37,"T2_prePB_to_PB","closing","T2_prePB_to_PB_closing",4.88163802667047e-37,TRUE,1.12539365080987
"MA1637.1",846,2759,10.207528957529,6.8975,1.47988821421224,1.68134204060825e-37,"EBF3",1.44170248539512e-36,"T2_prePB_to_PB","closing","T2_prePB_to_PB_closing",1.44170248539512e-36,FALSE,0.565489178496822
"MA0050.2",1413,5112,17.0487451737452,12.78,1.33401761922889,4.60903070774202e-37,"IRF1",3.90720103179039e-36,"T2_prePB_to_PB","closing","T2_prePB_to_PB_closing",3.90720103179039e-36,FALSE,0.415778802715692
"MA1584.1",332,838,4.00579150579151,2.095,1.91207231780024,1.57566878242926e-36,"ZIC5",1.32072911426093e-35,"T2_prePB_to_PB","closing","T2_prePB_to_PB_closing",1.32072911426093e-35,TRUE,0.935137844029348
"MA0640.2",1311,4693,15.8180501930502,11.7325,1.34822503243556,1.88142334918969e-36,"ELF3",1.55949090943945e-35,"T2_prePB_to_PB","closing","T2_prePB_to_PB_closing",1.55949090943945e-35,FALSE,0.431062387125901
"MA1145.1",261,607,3.14913127413127,1.5175,2.07521006532539,7.99863558531267e-36,"FOSL2::JUND(var.2)",6.55712323806951e-35,"T2_prePB_to_PB","closing","T2_prePB_to_PB_closing",6.55712323806951e-35,TRUE,1.05325807738127
"MA0872.1",359,944,4.33156370656371,2.36,1.83540835023886,4.58710226674023e-35,"TFAP2A(var.3)",3.71954162063936e-34,"T2_prePB_to_PB","closing","T2_prePB_to_PB_closing",3.71954162063936e-34,TRUE,0.876101862358803
"MA0076.2",343,891,4.13851351351351,2.2275,1.85791852458519,9.26409394667099e-35,"ELK4",7.4311979400178e-34,"T2_prePB_to_PB","closing","T2_prePB_to_PB_closing",7.4311979400178e-34,TRUE,0.893688013025045
"MA0750.2",405,1114,4.88658301158301,2.785,1.75460790362047,2.34047963270083e-34,"ZBTB7A",1.85744447446257e-33,"T2_prePB_to_PB","closing","T2_prePB_to_PB_closing",1.85744447446257e-33,TRUE,0.811149494526773
"MA0154.4",808,2667,9.74903474903475,6.6675,1.46217244080011,7.95758531916198e-34,"EBF1",6.24879857694193e-33,"T2_prePB_to_PB","closing","T2_prePB_to_PB_closing",6.24879857694193e-33,FALSE,0.548114451742563
"MA1139.1",205,446,2.4734555984556,1.115,2.2183458282113,3.15157313415706e-33,"FOSL2::JUNB(var.2)",2.44903495633455e-32,"T2_prePB_to_PB","closing","T2_prePB_to_PB_closing",2.44903495633455e-32,TRUE,1.14948494179511
"MA0815.1",346,916,4.17471042471042,2.29,1.82301765271198,3.70917858716395e-33,"TFAP2C(var.3)",2.85262600621063e-32,"T2_prePB_to_PB","closing","T2_prePB_to_PB_closing",2.85262600621063e-32,TRUE,0.866329322779898
"MA0048.2",508,1507,6.12934362934363,3.7675,1.62689943711842,3.84838117257508e-33,"NHLH1",2.92948199463368e-32,"T2_prePB_to_PB","closing","T2_prePB_to_PB_closing",2.92948199463368e-32,TRUE,0.702125963812759
"MA1599.1",750,2448,9.0492277992278,6.12,1.47863199333788,4.85038414796907e-33,"ZNF682",3.65493593372215e-32,"T2_prePB_to_PB","closing","T2_prePB_to_PB_closing",3.65493593372215e-32,FALSE,0.564264010248967
"MA1604.1",788,2604,9.50772200772201,6.51,1.46047957107865,8.55166853995476e-33,"Ebf2",6.37954473080625e-32,"T2_prePB_to_PB","closing","T2_prePB_to_PB_closing",6.37954473080625e-32,FALSE,0.546443165976113
"MA0813.1",413,1160,4.98310810810811,2.9,1.71831314072693,1.00343620785397e-32,"TFAP2B(var.3)",7.41151892137682e-32,"T2_prePB_to_PB","closing","T2_prePB_to_PB_closing",7.41151892137682e-32,TRUE,0.780993812866771
"MA0521.1",1003,3497,12.101833976834,8.7425,1.3842532429893,5.97214611338263e-32,"Tcf12",4.3678637260622e-31,"T2_prePB_to_PB","closing","T2_prePB_to_PB_closing",4.3678637260622e-31,FALSE,0.469108943995991
"MA0762.1",284,715,3.42664092664093,1.7875,1.91700191700192,1.2573167242005e-31,"ETV2",9.10639103158811e-31,"T2_prePB_to_PB","closing","T2_prePB_to_PB_closing",9.10639103158811e-31,TRUE,0.93885253228045
"MA1529.1",535,1631,6.45511583011583,4.0775,1.58310627348028,1.85313851234584e-31,"NHLH2",1.3292705098173e-30,"T2_prePB_to_PB","closing","T2_prePB_to_PB_closing",1.3292705098173e-30,TRUE,0.662759017745735
"MA0697.1",333,891,4.01785714285714,2.2275,1.8037518037518,5.99952179014233e-31,"ZIC3",4.26251738613922e-30,"T2_prePB_to_PB","closing","T2_prePB_to_PB_closing",4.26251738613922e-30,TRUE,0.851001637242145
"MA0834.1",201,448,2.42519305019305,1.12,2.16535093767237,7.50490323212691e-31,"ATF7",5.28175265204403e-30,"T2_prePB_to_PB","closing","T2_prePB_to_PB_closing",5.28175265204403e-30,TRUE,1.11460152724791
"MA1615.1",858,2924,10.3523166023166,7.31,1.41618558171226,1.01414970186942e-30,"Plagl1",7.07061380929522e-30,"T2_prePB_to_PB","closing","T2_prePB_to_PB_closing",7.07061380929522e-30,FALSE,0.50201135212856
"MA0609.2",213,488,2.5699806949807,1.22,2.10654155326286,1.47000906258949e-30,"CREM",1.01539514878867e-29,"T2_prePB_to_PB","closing","T2_prePB_to_PB_closing",1.01539514878867e-29,TRUE,1.07487705938995
"MA0139.1",914,3157,11.0279922779923,7.8925,1.39727491643868,1.52929555782784e-30,"CTCF",1.04665549187117e-29,"T2_prePB_to_PB","closing","T2_prePB_to_PB_closing",1.04665549187117e-29,FALSE,0.48261693411383
"MA0653.1",459,1358,5.53812741312741,3.395,1.63125991550145,2.68454099763583e-30,"IRF9",1.8206068947603e-29,"T2_prePB_to_PB","closing","T2_prePB_to_PB_closing",1.8206068947603e-29,TRUE,0.705987555437078
"MA0500.2",616,1964,7.43243243243243,4.91,1.51373369295976,4.13024026554745e-30,"MYOG",2.77581913342198e-29,"T2_prePB_to_PB","closing","T2_prePB_to_PB_closing",2.77581913342198e-29,TRUE,0.598112371313364
"MA0751.1",341,932,4.11438223938224,2.33,1.76582928728851,1.1543448451267e-29,"ZIC4",7.68876120057607e-29,"T2_prePB_to_PB","closing","T2_prePB_to_PB_closing",7.68876120057607e-29,TRUE,0.820346693239642
"MA0002.2",969,3420,11.6916023166023,8.55,1.36743886743887,8.6896913623725e-29,"RUNX1",5.73673429763707e-28,"T2_prePB_to_PB","closing","T2_prePB_to_PB_closing",5.73673429763707e-28,FALSE,0.451477392538727
"MA1099.2",246,611,2.96814671814672,1.5275,1.94314024101258,1.37843212189619e-28,"HES1",9.02026634153124e-28,"T2_prePB_to_PB","closing","T2_prePB_to_PB_closing",9.02026634153124e-28,TRUE,0.958390769838654
"MA0657.1",343,954,4.13851351351351,2.385,1.73522579182957,3.18979055887423e-28,"KLF13",2.06920326688711e-27,"T2_prePB_to_PB","closing","T2_prePB_to_PB_closing",2.06920326688711e-27,TRUE,0.795124233446276
"MA0687.1",661,2176,7.9753861003861,5.44,1.4660636213945,5.48507713450388e-28,"SPIC",3.52747201925853e-27,"T2_prePB_to_PB","closing","T2_prePB_to_PB_closing",3.52747201925853e-27,FALSE,0.551948696180235
"MA0781.1",189,430,2.28040540540541,1.075,2.12130735386549,9.9732358509917e-28,"PAX9",6.35900337165796e-27,"T2_prePB_to_PB","closing","T2_prePB_to_PB_closing",6.35900337165796e-27,TRUE,1.08495434659148
"MA0772.1",485,1496,5.85183397683398,3.74,1.56466149113208,2.72493024653598e-27,"IRF7",1.72271013891173e-26,"T2_prePB_to_PB","closing","T2_prePB_to_PB_closing",1.72271013891173e-26,TRUE,0.645851491098759
"MA1140.2",186,424,2.24420849420849,1.06,2.11717782472499,3.4839638595419e-27,"JUNB(var.2)",2.18406473883887e-26,"T2_prePB_to_PB","closing","T2_prePB_to_PB_closing",2.18406473883887e-26,TRUE,1.08214312983122
"MA1143.1",165,362,1.99083011583012,0.905,2.19981228268521,1.62890256210274e-26,"FOSL1::JUND(var.2)",1.0126344261072e-25,"T2_prePB_to_PB","closing","T2_prePB_to_PB_closing",1.0126344261072e-25,TRUE,1.13738107485179
"MA1515.1",933,3321,11.2572393822394,8.3025,1.35588550222697,2.28376029608127e-26,"KLF2",1.40800428171622e-25,"T2_prePB_to_PB","closing","T2_prePB_to_PB_closing",1.40800428171622e-25,FALSE,0.439236419235793
"MA0760.1",258,677,3.11293436293436,1.6925,1.83925220852843,1.1226476915002e-25,"ERF",6.86471457261598e-25,"T2_prePB_to_PB","closing","T2_prePB_to_PB_closing",6.86471457261598e-25,TRUE,0.879120108103115
"MA1126.1",269,718,3.24565637065637,1.795,1.80816510900076,2.06383208446247e-25,"FOS::JUN(var.2)",1.25172254878781e-24,"T2_prePB_to_PB","closing","T2_prePB_to_PB_closing",1.25172254878781e-24,TRUE,0.854527218474181
"MA0779.1",174,398,2.09942084942085,0.995,2.10997070293553,2.56016018120043e-25,"PAX1",1.528002970585e-24,"T2_prePB_to_PB","closing","T2_prePB_to_PB_closing",1.528002970585e-24,TRUE,1.07722365091903
"MA1418.1",544,1755,6.56370656370656,4.3875,1.4960014960015,2.57686381290995e-25,"IRF3",1.528002970585e-24,"T2_prePB_to_PB","closing","T2_prePB_to_PB_closing",1.528002970585e-24,FALSE,0.581112582288368
"MA0163.1",654,2194,7.89092664092664,5.485,1.43863749150896,2.58080930688619e-25,"PLAG1",1.528002970585e-24,"T2_prePB_to_PB","closing","T2_prePB_to_PB_closing",1.528002970585e-24,FALSE,0.524704109777847
"MA0765.2",299,826,3.60762548262548,2.065,1.74703413202203,2.73763616077722e-25,"ETV5",1.60809179207859e-24,"T2_prePB_to_PB","closing","T2_prePB_to_PB_closing",1.60809179207859e-24,TRUE,0.80490862043803
"MA1475.1",150,323,1.80984555984556,0.8075,2.24129481095425,2.90248025288167e-25,"CREB3L4(var.2)",1.6916017723826e-24,"T2_prePB_to_PB","closing","T2_prePB_to_PB_closing",1.6916017723826e-24,TRUE,1.16433307135292
"MA0811.1",355,1032,4.28330115830116,2.58,1.66019424740355,3.66588648426048e-25,"TFAP2B",2.11996226144056e-24,"T2_prePB_to_PB","closing","T2_prePB_to_PB_closing",2.11996226144056e-24,TRUE,0.731352919823135
"MA0474.2",216,541,2.60617760617761,1.3525,1.92693353506662,1.04772239341297e-24,"ERG",6.01231465758521e-24,"T2_prePB_to_PB","closing","T2_prePB_to_PB_closing",6.01231465758521e-24,TRUE,0.946307558899304
"MA1129.1",150,327,1.80984555984556,0.8175,2.21387836066735,1.38457201608549e-24,"FOSL1::JUN(var.2)",7.88466201526544e-24,"T2_prePB_to_PB","closing","T2_prePB_to_PB_closing",7.88466201526544e-24,TRUE,1.14657660852013
"MA0136.2",428,1315,5.16409266409266,3.2875,1.5708266658837,1.47221058739827e-24,"ELF5",8.32022044090234e-24,"T2_prePB_to_PB","closing","T2_prePB_to_PB_closing",8.32022044090234e-24,TRUE,0.651524912514535
"MA1635.1",576,1895,6.94980694980695,4.7375,1.46697772027587,1.64356329180649e-24,"BHLHE22(var.2)",9.21878357659879e-24,"T2_prePB_to_PB","closing","T2_prePB_to_PB_closing",9.21878357659879e-24,FALSE,0.552847943693557
"MA1100.2",660,2233,7.96332046332046,5.5825,1.42647925899157,1.68809729091252e-24,"ASCL1",9.39791476881152e-24,"T2_prePB_to_PB","closing","T2_prePB_to_PB_closing",9.39791476881152e-24,FALSE,0.512459781653579
"MA1484.1",208,518,2.50965250965251,1.295,1.93795560590927,3.29891522154204e-24,"ETS2",1.82295611501508e-23,"T2_prePB_to_PB","closing","T2_prePB_to_PB_closing",1.82295611501508e-23,TRUE,0.95453626675898
"MA0742.1",635,2142,7.66167953667954,5.355,1.43075248117265,6.1405873827314e-24,"Klf12",3.36829278493943e-23,"T2_prePB_to_PB","closing","T2_prePB_to_PB_closing",3.36829278493943e-23,FALSE,0.516775117118863
"MA1483.1",261,705,3.14913127413127,1.7625,1.78674114844328,7.90719245204813e-24,"ELF2",4.3056682987065e-23,"T2_prePB_to_PB","closing","T2_prePB_to_PB_closing",4.3056682987065e-23,TRUE,0.837331448591306
"MA0480.1",618,2081,7.45656370656371,5.2025,1.43326548900792,1.63838966776456e-23,"Foxo1",8.85680211704612e-23,"T2_prePB_to_PB","closing","T2_prePB_to_PB_closing",8.85680211704612e-23,FALSE,0.519306876610653
"MA1466.1",178,425,2.1476833976834,1.0625,2.02134908017261,2.6378045211406e-23,"ATF6",1.41568501638193e-22,"T2_prePB_to_PB","closing","T2_prePB_to_PB_closing",1.41568501638193e-22,TRUE,1.01531920553285
"MA1136.1",183,442,2.20801158301158,1.105,1.99820052761229,3.09169854575454e-23,"FOSB::JUNB(var.2)",1.64743365366635e-22,"T2_prePB_to_PB","closing","T2_prePB_to_PB_closing",1.64743365366635e-22,TRUE,0.998702092752453
"MA1516.1",517,1684,6.23793436293436,4.21,1.48169462302479,4.32000040760097e-23,"KLF3",2.28561723692931e-22,"T2_prePB_to_PB","closing","T2_prePB_to_PB_closing",2.28561723692931e-22,FALSE,0.567249112790174
"MA0788.1",392,1201,4.72972972972973,3.0025,1.575263856696,7.96414639008439e-23,"POU3F3",4.18398113169222e-22,"T2_prePB_to_PB","closing","T2_prePB_to_PB_closing",4.18398113169222e-22,TRUE,0.655594416115601
"MA0149.1",1623,6403,19.582528957529,16.0075,1.22333462174162,8.70483039440136e-23,"EWSR1-FLI1",4.54112131064574e-22,"T2_prePB_to_PB","closing","T2_prePB_to_PB_closing",4.54112131064574e-22,FALSE,0.290820261098446
"MA1133.1",225,589,2.71476833976834,1.4725,1.8436457315914,1.01779200259009e-22,"JUN::JUNB(var.2)",5.2727280134181e-22,"T2_prePB_to_PB","closing","T2_prePB_to_PB_closing",5.2727280134181e-22,TRUE,0.88256224177218
"MA0753.2",402,1243,4.8503861003861,3.1075,1.5608643927228,1.47125829141818e-22,"ZNF740",7.56937024412388e-22,"T2_prePB_to_PB","closing","T2_prePB_to_PB_closing",7.56937024412388e-22,TRUE,0.642346126281408
"MA0816.1",763,2699,9.20608108108108,6.7475,1.36436918578452,2.50812144058255e-22,"Ascl2",1.28154698265382e-21,"T2_prePB_to_PB","closing","T2_prePB_to_PB_closing",1.28154698265382e-21,FALSE,0.448235134638296
"MA1583.1",184,453,2.22007722007722,1.1325,1.9603330861609,3.08508813365586e-22,"ZFP57",1.56562976034508e-21,"T2_prePB_to_PB","closing","T2_prePB_to_PB_closing",1.56562976034508e-21,TRUE,0.971099543817316
"MA0638.1",159,371,1.91843629343629,0.9275,2.06839492553778,3.47544638933994e-22,"CREB3",1.75181284219432e-21,"T2_prePB_to_PB","closing","T2_prePB_to_PB_closing",1.75181284219432e-21,TRUE,1.04851236802124
"MA0652.1",320,940,3.86100386100386,2.35,1.64298036638462,5.54193880316396e-22,"IRF8",2.77468882359753e-21,"T2_prePB_to_PB","closing","T2_prePB_to_PB_closing",2.77468882359753e-21,TRUE,0.716316118281327
"MA0018.4",591,2001,7.13079150579151,5.0025,1.42544557836912,6.51016695645096e-22,"CREB1",3.23772303300828e-21,"T2_prePB_to_PB","closing","T2_prePB_to_PB_closing",3.23772303300828e-21,FALSE,0.511413972235434
"MA0475.2",204,525,2.46138996138996,1.3125,1.87534473248759,9.58487628509465e-22,"FLI1",4.73530974084808e-21,"T2_prePB_to_PB","closing","T2_prePB_to_PB_closing",4.73530974084808e-21,TRUE,0.907156590576615
"MA0524.2",363,1106,4.37982625482625,2.765,1.58402396196248,1.13207636049778e-21,"TFAP2C",5.55611161139044e-21,"T2_prePB_to_PB","closing","T2_prePB_to_PB_closing",5.55611161139044e-21,TRUE,0.663595070402197
"MA0488.1",560,1882,6.75675675675676,4.705,1.43608007582503,1.43616846048324e-21,"JUN",7.00249458510131e-21,"T2_prePB_to_PB","closing","T2_prePB_to_PB_closing",7.00249458510131e-21,FALSE,0.52213720068524
"MA1656.1",730,2579,8.80791505791506,6.4475,1.36609772127415,1.58395999310247e-21,"ZNF449",7.67294905749637e-21,"T2_prePB_to_PB","closing","T2_prePB_to_PB_closing",7.67294905749637e-21,FALSE,0.450061743910836
"MA0004.1",731,2589,8.8199806949807,6.4725,1.36268531401787,2.97063089789038e-21,"Arnt",1.42973590311369e-20,"T2_prePB_to_PB","closing","T2_prePB_to_PB_closing",1.42973590311369e-20,FALSE,0.446453496629583
"MA0492.1",505,1669,6.09314671814672,4.1725,1.46031077726704,3.92449829325762e-21,"JUND(var.2)",1.87671520946807e-20,"T2_prePB_to_PB","closing","T2_prePB_to_PB_closing",1.87671520946807e-20,FALSE,0.546276418076111
"MA0098.3",226,608,2.72683397683398,1.52,1.7939697216013,4.56110058243548e-21,"ETS1",2.16724906655852e-20,"T2_prePB_to_PB","closing","T2_prePB_to_PB_closing",2.16724906655852e-20,TRUE,0.843156345025684
"MA0695.1",207,545,2.49758687258687,1.3625,1.83309128263257,1.13253500650183e-20,"ZBTB7C",5.34728553702764e-20,"T2_prePB_to_PB","closing","T2_prePB_to_PB_closing",5.34728553702764e-20,TRUE,0.874279416726194
"MA1419.1",264,749,3.18532818532819,1.8725,1.7011098453021,1.21468027676061e-20,"IRF4",5.69906595260012e-20,"T2_prePB_to_PB","closing","T2_prePB_to_PB_closing",5.69906595260012e-20,TRUE,0.766477150852814
"MA0641.1",305,902,3.68001930501931,2.255,1.63193760754736,1.61923766354417e-20,"ELF4",7.5496956062747e-20,"T2_prePB_to_PB","closing","T2_prePB_to_PB_closing",7.5496956062747e-20,TRUE,0.706586785095604
"MA1420.1",205,541,2.4734555984556,1.3525,1.82880266059564,2.38274086511927e-20,"IRF5",1.10405259961427e-19,"T2_prePB_to_PB","closing","T2_prePB_to_PB_closing",1.10405259961427e-19,TRUE,0.870900196415404
"MA1548.1",387,1217,4.66940154440154,3.0425,1.53472524055926,2.43937598333066e-20,"PLAGL2",1.12331758244733e-19,"T2_prePB_to_PB","closing","T2_prePB_to_PB_closing",1.12331758244733e-19,TRUE,0.61798133532801
"MA1607.1",410,1310,4.9469111969112,3.275,1.51050723569808,4.10997862911419e-20,"Foxl2",1.8810086241222e-19,"T2_prePB_to_PB","closing","T2_prePB_to_PB_closing",1.8810086241222e-19,TRUE,0.595034050049555
"MA0696.1",356,1112,4.2953667953668,2.78,1.5450959695564,2.56285314074773e-19,"ZIC1",1.16578563597427e-18,"T2_prePB_to_PB","closing","T2_prePB_to_PB_closing",1.16578563597427e-18,TRUE,0.627697383830682
"MA1623.1",1273,4968,15.359555984556,12.42,1.23667922580966,2.94667249327601e-19,"Stat2",1.33225313938419e-18,"T2_prePB_to_PB","closing","T2_prePB_to_PB_closing",1.33225313938419e-18,FALSE,0.306472504131216
"MA0789.1",314,955,3.78861003861004,2.3875,1.58685237219269,4.87753172535361e-19,"POU3F4",2.19195100428542e-18,"T2_prePB_to_PB","closing","T2_prePB_to_PB_closing",2.19195100428542e-18,TRUE,0.666168826986296
"MA0067.1",167,422,2.01496138996139,1.055,1.90991600944208,5.61197597690351e-19,"Pax2",2.50690663399402e-18,"T2_prePB_to_PB","closing","T2_prePB_to_PB_closing",2.50690663399402e-18,TRUE,0.9335099510005
"MA0509.2",397,1279,4.79005791505791,3.1975,1.49806346053414,7.74411369664686e-19,"RFX1",3.43875524863009e-18,"T2_prePB_to_PB","closing","T2_prePB_to_PB_closing",3.43875524863009e-18,FALSE,0.583099703163898
"MA1521.1",312,952,3.76447876447876,2.38,1.58171376658772,1.07177068915655e-18,"MAFA",4.73101144444252e-18,"T2_prePB_to_PB","closing","T2_prePB_to_PB_closing",4.73101144444252e-18,TRUE,0.661489459525709
"MA0787.1",367,1166,4.4280888030888,2.915,1.51906991529633,1.48688836636635e-18,"POU3F2",6.52481600770174e-18,"T2_prePB_to_PB","closing","T2_prePB_to_PB_closing",6.52481600770174e-18,TRUE,0.603189221227907
"MA0600.2",215,596,2.59411196911197,1.49,1.74101474437045,2.29766253940976e-18,"RFX2",1.00237207859631e-17,"T2_prePB_to_PB","closing","T2_prePB_to_PB_closing",1.00237207859631e-17,TRUE,0.799929249641779
"MA0767.1",133,314,1.60472972972973,0.785,2.04424169392322,2.78337928933948e-18,"GCM2",1.20720985456236e-17,"T2_prePB_to_PB","closing","T2_prePB_to_PB_closing",1.20720985456236e-17,TRUE,1.03156648420833
"MA1474.1",202,552,2.43725868725869,1.38,1.76612948352079,4.07854211661354e-18,"CREB3L4",1.75872394161486e-17,"T2_prePB_to_PB","closing","T2_prePB_to_PB_closing",1.75872394161486e-17,TRUE,0.820591934704506
"MA0510.2",230,655,2.77509652509652,1.6375,1.69471543517345,6.10686317516164e-18,"RFX5",2.61822984406355e-17,"T2_prePB_to_PB","closing","T2_prePB_to_PB_closing",2.61822984406355e-17,TRUE,0.761043897672642
"MA0627.2",467,1575,5.63465250965251,3.9375,1.43102285959429,7.83287521674213e-18,"POU2F3",3.33904280667979e-17,"T2_prePB_to_PB","closing","T2_prePB_to_PB_closing",3.33904280667979e-17,FALSE,0.517047726454094
"MA0057.1",519,1788,6.26206563706564,4.47,1.40090953849343,9.94206577377441e-18,"MZF1(var.2)",4.21408015183847e-17,"T2_prePB_to_PB","closing","T2_prePB_to_PB_closing",4.21408015183847e-17,FALSE,0.486364828864501
"MA0146.2",1013,3880,12.2224903474903,9.7,1.26005055128766,1.15495703300593e-17,"Zfx",4.86778500916624e-17,"T2_prePB_to_PB","closing","T2_prePB_to_PB_closing",4.86778500916624e-17,FALSE,0.333482758539218
"MA0624.1",376,1218,4.53667953667954,3.045,1.48987833716898,1.7334216092412e-17,"NFATC1",7.26478944097715e-17,"T2_prePB_to_PB","closing","T2_prePB_to_PB_closing",7.26478944097715e-17,FALSE,0.575195493964648
"MA0748.2",201,556,2.42519305019305,1.39,1.74474320157773,2.23552085873727e-17,"YY2",9.31675173529612e-17,"T2_prePB_to_PB","closing","T2_prePB_to_PB_closing",9.31675173529612e-17,TRUE,0.803015537199101
"MA0786.1",363,1169,4.37982625482625,2.9225,1.49865740113815,2.35320296756936e-17,"POU3F1",9.75271896559301e-17,"T2_prePB_to_PB","closing","T2_prePB_to_PB_closing",9.75271896559301e-17,FALSE,0.583671577985005
"MA0147.3",285,868,3.43870656370656,2.17,1.58465740262975,2.59836002267782e-17,"MYC",1.07092628558986e-16,"T2_prePB_to_PB","closing","T2_prePB_to_PB_closing",1.07092628558986e-16,TRUE,0.66417187888471
"MA1648.1",940,3577,11.3416988416988,8.9425,1.26829173516342,3.32791740204444e-17,"TCF12(var.2)",1.36408042962921e-16,"T2_prePB_to_PB","closing","T2_prePB_to_PB_closing",1.36408042962921e-16,FALSE,0.342887772942622
"MA0785.1",342,1090,4.12644787644788,2.725,1.51429279869647,3.76989967185801e-17,"POU2F1",1.53680063126015e-16,"T2_prePB_to_PB","closing","T2_prePB_to_PB_closing",1.53680063126015e-16,TRUE,0.598645139802873
"MA0155.1",687,2501,8.28909266409266,6.2525,1.32572453644025,5.07725603302544e-17,"INSM1",2.05849619599836e-16,"T2_prePB_to_PB","closing","T2_prePB_to_PB_closing",2.05849619599836e-16,FALSE,0.406782126730994
"MA0798.2",386,1271,4.65733590733591,3.1775,1.46572333826464,1.11663285959821e-16,"RFX3",4.5027465581636e-16,"T2_prePB_to_PB","closing","T2_prePB_to_PB_closing",4.5027465581636e-16,FALSE,0.551613798414464
"MA0791.1",293,909,3.53523166023166,2.2725,1.55565749625156,1.47242285591361e-16,"POU4F3",5.90552392748147e-16,"T2_prePB_to_PB","closing","T2_prePB_to_PB_closing",5.90552392748147e-16,TRUE,0.637525389476776
"MA0138.2",664,2416,8.01158301158301,6.04,1.32642102840778,1.5809830652482e-16,"REST",6.30702335120405e-16,"T2_prePB_to_PB","closing","T2_prePB_to_PB_closing",6.30702335120405e-16,FALSE,0.40753987154429
"MA0625.1",395,1311,4.76592664092664,3.2775,1.45413474932926,1.94046263330017e-16,"NFATC3",7.69992087469109e-16,"T2_prePB_to_PB","closing","T2_prePB_to_PB_closing",7.69992087469109e-16,FALSE,0.540161956838244
"MA0518.1",647,2350,7.80646718146718,5.875,1.32876037131356,2.68935108292597e-16,"Stat4",1.06151106236125e-15,"T2_prePB_to_PB","closing","T2_prePB_to_PB_closing",1.06151106236125e-15,FALSE,0.410082038147716
"MA1606.1",344,1112,4.15057915057915,2.78,1.49301408294214,2.99684149150116e-16,"Foxf1",1.17665460666309e-15,"T2_prePB_to_PB","closing","T2_prePB_to_PB_closing",1.17665460666309e-15,FALSE,0.57822874013817
"MA1525.1",385,1275,4.64527027027027,3.1875,1.45733969263381,3.25261013319333e-16,"NFATC4",1.27039118291216e-15,"T2_prePB_to_PB","closing","T2_prePB_to_PB_closing",1.27039118291216e-15,FALSE,0.543338185649705
"MA0694.1",139,351,1.67712355212355,0.8775,1.91125191125191,4.46977512681387e-16,"ZBTB7B",1.73669387739747e-15,"T2_prePB_to_PB","closing","T2_prePB_to_PB_closing",1.73669387739747e-15,TRUE,0.9345186991246
"MA0792.1",313,994,3.7765444015444,2.485,1.51973617768386,4.873589715098e-16,"POU5F1B",1.88378130956638e-15,"T2_prePB_to_PB","closing","T2_prePB_to_PB_closing",1.88378130956638e-15,TRUE,0.603821846539158
"MA0507.1",461,1585,5.56225868725869,3.9625,1.40372458984446,5.03086732139345e-16,"POU2F2",1.93455001121624e-15,"T2_prePB_to_PB","closing","T2_prePB_to_PB_closing",1.93455001121624e-15,FALSE,0.489260935027275
"MA0852.2",360,1179,4.34362934362934,2.9475,1.473665595803,5.13333117127751e-16,"FOXK1",1.96382823270411e-15,"T2_prePB_to_PB","closing","T2_prePB_to_PB_closing",1.96382823270411e-15,FALSE,0.559410164196476
"MA0713.1",212,617,2.55791505791506,1.5425,1.65829177174396,1.678944814679e-15,"PHOX2A",6.39026954974764e-15,"T2_prePB_to_PB","closing","T2_prePB_to_PB_closing",6.39026954974764e-15,TRUE,0.729698737265077
"MA1517.1",717,2668,8.65106177606178,6.67,1.29701076102875,1.95093777607939e-15,"KLF6",7.38781513175241e-15,"T2_prePB_to_PB","closing","T2_prePB_to_PB_closing",7.38781513175241e-15,FALSE,0.375191561702895
"MA1117.1",321,1035,3.8730694980695,2.5875,1.49683845336019,2.0472142880309e-15,"RELB",7.71324171146996e-15,"T2_prePB_to_PB","closing","T2_prePB_to_PB_closing",7.71324171146996e-15,FALSE,0.581919490426341
"MA0025.2",206,596,2.48552123552124,1.49,1.6681350573968,2.10459105680115e-15,"NFIL3",7.88957250439025e-15,"T2_prePB_to_PB","closing","T2_prePB_to_PB_closing",7.88957250439025e-15,TRUE,0.73823696343875
"MA1472.1",609,2212,7.34797297297297,5.53,1.32874737305117,2.1802979152243e-15,"BHLHA15(var.2)",8.13251122378664e-15,"T2_prePB_to_PB","closing","T2_prePB_to_PB_closing",8.13251122378664e-15,FALSE,0.410067925289817
"MA1103.2",334,1087,4.02992277992278,2.7175,1.48295226492099,2.30234091641778e-15,"FOXK2",8.54500658531174e-15,"T2_prePB_to_PB","closing","T2_prePB_to_PB_closing",8.54500658531174e-15,FALSE,0.568473132162635
"MA0814.2",688,2558,8.3011583011583,6.395,1.29807010182303,6.38292229454673e-15,"TFAP2C(var.2)",2.35725744145142e-14,"T2_prePB_to_PB","closing","T2_prePB_to_PB_closing",2.35725744145142e-14,FALSE,0.376369409098281
"MA0593.1",556,2003,6.70849420849421,5.0075,1.33968930773724,7.89354860838041e-15,"FOXP2",2.90078190239004e-14,"T2_prePB_to_PB","closing","T2_prePB_to_PB_closing",2.90078190239004e-14,FALSE,0.42189953566107
"MA0511.2",187,533,2.25627413127413,1.3325,1.69326388838584,8.12583057891918e-15,"RUNX2",2.9715047117028e-14,"T2_prePB_to_PB","closing","T2_prePB_to_PB_closing",2.9715047117028e-14,TRUE,0.759807681011307
"MA0812.1",396,1345,4.77799227799228,3.3625,1.42096424624306,8.68834683693836e-15,"TFAP2B(var.2)",3.16171060505172e-14,"T2_prePB_to_PB","closing","T2_prePB_to_PB_closing",3.16171060505172e-14,FALSE,0.506871269791153
"MA1520.1",309,999,3.72828185328185,2.4975,1.4928055468596,1.01288462736053e-14,"MAF",3.66801908743182e-14,"T2_prePB_to_PB","closing","T2_prePB_to_PB_closing",3.66801908743182e-14,FALSE,0.578027218406522
"MA0519.1",653,2416,7.878861003861,6.04,1.3044471860697,1.1664260854591e-14,"Stat5a::Stat5b",4.20364183455309e-14,"T2_prePB_to_PB","closing","T2_prePB_to_PB_closing",4.20364183455309e-14,FALSE,0.383439640065772
"MA0734.2",433,1499,5.22442084942085,3.7475,1.39410829871137,1.32299822102946e-14,"GLI2",4.74498400426911e-14,"T2_prePB_to_PB","closing","T2_prePB_to_PB_closing",4.74498400426911e-14,FALSE,0.479343673492873
"MA1470.1",170,474,2.0511583011583,1.185,1.73093527523907,1.44086073478731e-14,"BACH2(var.2)",5.14297659402553e-14,"T2_prePB_to_PB","closing","T2_prePB_to_PB_closing",5.14297659402553e-14,TRUE,0.791552612579271
"MA0508.3",870,3352,10.4971042471042,8.38,1.25263773831793,1.50515740276608e-14,"PRDM1",5.3468924879214e-14,"T2_prePB_to_PB","closing","T2_prePB_to_PB_closing",5.3468924879214e-14,FALSE,0.324970400624846
"MA0504.1",750,2843,9.0492277992278,7.1075,1.27319420319772,3.29727458922014e-14,"NR2C2",1.16576627656788e-13,"T2_prePB_to_PB","closing","T2_prePB_to_PB_closing",1.16576627656788e-13,FALSE,0.348453626698554
"MA0156.2",163,454,1.96669884169884,1.135,1.73277430986682,4.48379793205006e-14,"FEV",1.57778927231573e-13,"T2_prePB_to_PB","closing","T2_prePB_to_PB_closing",1.57778927231573e-13,TRUE,0.793084591395402
"MA0863.1",254,795,3.06467181467181,1.9875,1.54197324008645,4.71649665024619e-14,"MTF1",1.65188098642425e-13,"T2_prePB_to_PB","closing","T2_prePB_to_PB_closing",1.65188098642425e-13,TRUE,0.624778664079174
"MA1124.1",456,1606,5.5019305019305,4.015,1.37034383609726,5.30050493964952e-14,"ZNF24",1.84774611447595e-13,"T2_prePB_to_PB","closing","T2_prePB_to_PB_closing",1.84774611447595e-13,FALSE,0.454538981307786
"MA0844.1",142,380,1.71332046332046,0.95,1.80349522454786,5.41231824734096e-14,"XBP1",1.8779485639611e-13,"T2_prePB_to_PB","closing","T2_prePB_to_PB_closing",1.8779485639611e-13,TRUE,0.850796402980329
"MA0481.3",351,1179,4.23503861003861,2.9475,1.43682395590793,5.84029834731929e-14,"FOXP1",2.01706600328712e-13,"T2_prePB_to_PB","closing","T2_prePB_to_PB_closing",2.01706600328712e-13,FALSE,0.522884313273499
"MA0493.1",1001,3945,12.0777027027027,9.8625,1.22460863905731,6.25303518061694e-14,"Klf1",2.14966094227661e-13,"T2_prePB_to_PB","closing","T2_prePB_to_PB_closing",2.14966094227661e-13,FALSE,0.292321943884198
"MA0614.1",283,910,3.41457528957529,2.275,1.50091221519793,6.61627592406358e-14,"Foxj2",2.26410176117038e-13,"T2_prePB_to_PB","closing","T2_prePB_to_PB_closing",2.26410176117038e-13,TRUE,0.585840560820538
"MA0613.1",301,981,3.63175675675676,2.4525,1.48083863680194,6.81543760176463e-14,"FOXG1",2.32160568534996e-13,"T2_prePB_to_PB","closing","T2_prePB_to_PB_closing",2.32160568534996e-13,FALSE,0.566415416644926
"MA0522.3",900,3506,10.8590733590734,8.765,1.23891310428675,8.29439140587135e-14,"TCF3",2.81255272217274e-13,"T2_prePB_to_PB","closing","T2_prePB_to_PB_closing",2.81255272217274e-13,FALSE,0.309076166804371
"MA1625.1",687,2585,8.28909266409266,6.4625,1.28264489966618,9.1950172496747e-14,"Stat5b",3.10383840192639e-13,"T2_prePB_to_PB","closing","T2_prePB_to_PB_closing",3.10383840192639e-13,FALSE,0.359122940259594
"MA0871.2",239,742,2.88368725868726,1.855,1.55454838743248,1.00183204468981e-13,"TFEC",3.36651669071441e-13,"T2_prePB_to_PB","closing","T2_prePB_to_PB_closing",3.36651669071441e-13,TRUE,0.636496451270233
"MA0736.1",186,548,2.24420849420849,1.37,1.63810838993321,3.14425755081909e-13,"GLIS2",1.05184579951168e-12,"T2_prePB_to_PB","closing","T2_prePB_to_PB_closing",1.05184579951168e-12,TRUE,0.712031700718056
"MA0024.3",79,175,0.953185328185328,0.4375,2.17870932156646,3.30140468257925e-13,"E2F1",1.09948566660898e-12,"T2_prePB_to_PB","closing","T2_prePB_to_PB_closing",1.09948566660898e-12,TRUE,1.12347439038628
"MA1683.1",311,1033,3.75241312741313,2.5825,1.45301573181534,3.59374619152962e-13,"FOXA3",1.19152651505826e-12,"T2_prePB_to_PB","closing","T2_prePB_to_PB_closing",1.19152651505826e-12,FALSE,0.539051316025152
"MA1629.1",940,3703,11.3416988416988,9.2575,1.22513625079113,3.73601871339471e-13,"Zic2",1.23321679654533e-12,"T2_prePB_to_PB","closing","T2_prePB_to_PB_closing",1.23321679654533e-12,FALSE,0.292943381835046
"MA0047.3",331,1114,3.99372586872587,2.785,1.43401287925525,4.0365603356605e-13,"FOXA2",1.32655242749019e-12,"T2_prePB_to_PB","closing","T2_prePB_to_PB_closing",1.32655242749019e-12,FALSE,0.520058987384182
"MA0790.1",316,1056,3.81274131274131,2.64,1.44422019422019,5.31529717380225e-13,"POU4F1",1.73912793493705e-12,"T2_prePB_to_PB","closing","T2_prePB_to_PB_closing",1.73912793493705e-12,FALSE,0.53029171962516
"MA0784.1",398,1394,4.80212355212355,3.485,1.37794076101106,9.71201757521043e-13,"POU1F1",3.16382755943536e-12,"T2_prePB_to_PB","closing","T2_prePB_to_PB_closing",3.16382755943536e-12,FALSE,0.462514913531256
"MA0051.1",396,1387,4.77799227799228,3.4675,1.37793576870722,1.10971202724232e-12,"IRF2",3.59932683618597e-12,"T2_prePB_to_PB","closing","T2_prePB_to_PB_closing",3.59932683618597e-12,FALSE,0.462509686615831
"MA0646.1",165,477,1.99083011583012,1.1925,1.66945921662903,1.15498853937197e-12,"GCM1",3.72996298862116e-12,"T2_prePB_to_PB","closing","T2_prePB_to_PB_closing",3.72996298862116e-12,TRUE,0.739381714272024
"MA1597.1",642,2425,7.746138996139,6.0625,1.27771364884767,1.37579933821789e-12,"ZNF528",4.42390649271788e-12,"T2_prePB_to_PB","closing","T2_prePB_to_PB_closing",4.42390649271788e-12,FALSE,0.353565676145256
"MA0030.1",263,853,3.17326254826255,2.1325,1.48804808828255,1.44355243759526e-12,"FOXF2",4.62184600191445e-12,"T2_prePB_to_PB","closing","T2_prePB_to_PB_closing",4.62184600191445e-12,FALSE,0.573422119358368
"MA0604.1",93,225,1.12210424710425,0.5625,1.99485199485199,1.68687406526562e-12,"Atf1",5.377812190975e-12,"T2_prePB_to_PB","closing","T2_prePB_to_PB_closing",5.377812190975e-12,TRUE,0.996282434962771
"MA0615.1",73,161,0.880791505791506,0.4025,2.18830187774287,1.96051601666615e-12,"Gmeb1",6.22359552524658e-12,"T2_prePB_to_PB","closing","T2_prePB_to_PB_closing",6.22359552524658e-12,TRUE,1.12981243190421
"MA0763.1",171,502,2.06322393822394,1.255,1.64400313802704,1.98296565175482e-12,"ETV3",6.24176541802577e-12,"T2_prePB_to_PB","closing","T2_prePB_to_PB_closing",6.24176541802577e-12,TRUE,0.717213930347807
"MA1115.1",455,1637,5.48986486486486,4.0925,1.34144529379716,1.98297373200014e-12,"POU5F1",6.24176541802577e-12,"T2_prePB_to_PB","closing","T2_prePB_to_PB_closing",6.24176541802577e-12,FALSE,0.423789295952503
"MA1491.1",398,1401,4.80212355212355,3.5025,1.37105597491036,2.0713642831473e-12,"GLI3",6.49259561020122e-12,"T2_prePB_to_PB","closing","T2_prePB_to_PB_closing",6.49259561020122e-12,FALSE,0.455288524226357
"MA0606.1",499,1822,6.0207528957529,4.555,1.32178987832116,2.10504953912253e-12,"NFAT5",6.57057303843267e-12,"T2_prePB_to_PB","closing","T2_prePB_to_PB_closing",6.57057303843267e-12,FALSE,0.402493944868481
"MA0157.2",265,864,3.19739382239382,2.16,1.48027491777492,2.2344112477304e-12,"FOXO3",6.94529496169534e-12,"T2_prePB_to_PB","closing","T2_prePB_to_PB_closing",6.94529496169534e-12,FALSE,0.565866113762566
"MA0069.1",172,507,2.07528957528958,1.2675,1.63730932961702,2.5217858051576e-12,"PAX6",7.80602577032188e-12,"T2_prePB_to_PB","closing","T2_prePB_to_PB_closing",7.80602577032188e-12,TRUE,0.711327790699123
"MA1647.1",667,2542,8.04777992277992,6.355,1.26636977541777,2.93294147991288e-12,"PRDM4",9.04121629758269e-12,"T2_prePB_to_PB","closing","T2_prePB_to_PB_closing",9.04121629758269e-12,FALSE,0.340699867278864
"MA0151.1",559,2080,6.74469111969112,5.2,1.29705598455598,3.06173246166737e-12,"Arid3a",9.39939266009818e-12,"T2_prePB_to_PB","closing","T2_prePB_to_PB_closing",9.39939266009818e-12,FALSE,0.375241863961528
"MA1631.1",1071,4320,12.9222972972973,10.8,1.19650900900901,3.97144017262226e-12,"ASCL1(var.2)",1.21421900359681e-11,"T2_prePB_to_PB","closing","T2_prePB_to_PB_closing",1.21421900359681e-11,FALSE,0.258832465315413
"MA1119.1",447,1612,5.39333976833977,4.03,1.33829770926545,4.53039654718712e-12,"SIX2",1.37945952008228e-11,"T2_prePB_to_PB","closing","T2_prePB_to_PB_closing",1.37945952008228e-11,FALSE,0.420400162525398
"MA0622.1",235,753,2.83542471042471,1.8825,1.50620170540489,5.9078376557734e-12,"Mlxip",1.7915637769134e-11,"T2_prePB_to_PB","closing","T2_prePB_to_PB_closing",1.7915637769134e-11,TRUE,0.590915941592196
"MA0799.1",242,782,2.91988416988417,1.955,1.49354688996633,7.43111912157918e-12,"RFX4",2.24437848773201e-11,"T2_prePB_to_PB","closing","T2_prePB_to_PB_closing",2.24437848773201e-11,FALSE,0.578743497782106
"MA0042.2",225,716,2.71476833976834,1.79,1.51663035741248,7.93777580029766e-12,"FOXI1",2.34983362977066e-11,"T2_prePB_to_PB","closing","T2_prePB_to_PB_closing",2.34983362977066e-11,TRUE,0.600870457065635
"MA0033.2",225,716,2.71476833976834,1.79,1.51663035741248,7.93777580029766e-12,"FOXL1",2.34983362977066e-11,"T2_prePB_to_PB","closing","T2_prePB_to_PB_closing",2.34983362977066e-11,TRUE,0.600870457065635
"MA0848.1",225,716,2.71476833976834,1.79,1.51663035741248,7.93777580029766e-12,"FOXO4",2.34983362977066e-11,"T2_prePB_to_PB","closing","T2_prePB_to_PB_closing",2.34983362977066e-11,TRUE,0.600870457065635
"MA0849.1",225,716,2.71476833976834,1.79,1.51663035741248,7.93777580029766e-12,"FOXO6",2.34983362977066e-11,"T2_prePB_to_PB","closing","T2_prePB_to_PB_closing",2.34983362977066e-11,TRUE,0.600870457065635
"MA0850.1",225,716,2.71476833976834,1.79,1.51663035741248,7.93777580029766e-12,"FOXP3",2.34983362977066e-11,"T2_prePB_to_PB","closing","T2_prePB_to_PB_closing",2.34983362977066e-11,TRUE,0.600870457065635
"MA1509.1",117,313,1.41167953667954,0.7825,1.80406330566075,8.32908843298762e-12,"IRF6",2.45592884229595e-11,"T2_prePB_to_PB","closing","T2_prePB_to_PB_closing",2.45592884229595e-11,TRUE,0.851250764205486
"MA0031.1",223,709,2.69063706563707,1.7725,1.51798988188269,8.92401367380463e-12,"FOXD1",2.62098984277884e-11,"T2_prePB_to_PB","closing","T2_prePB_to_PB_closing",2.62098984277884e-11,TRUE,0.602163124941695
"MA0043.3",194,599,2.34073359073359,1.4975,1.56309421751826,1.19962969324898e-11,"HLF",3.50950490652446e-11,"T2_prePB_to_PB","closing","T2_prePB_to_PB_closing",3.50950490652446e-11,TRUE,0.644405664234762
"MA0830.2",940,3762,11.3416988416988,9.405,1.20592225855384,1.71562237196977e-11,"TCF4",4.99943081831815e-11,"T2_prePB_to_PB","closing","T2_prePB_to_PB_closing",4.99943081831815e-11,FALSE,0.270138101245868
"MA0759.1",171,514,2.06322393822394,1.285,1.60562174180851,1.7788992113595e-11,"ELK3",5.16365296371279e-11,"T2_prePB_to_PB","closing","T2_prePB_to_PB_closing",5.16365296371279e-11,TRUE,0.68313295608198
"MA1467.1",632,2416,7.62548262548263,6.04,1.26249712342428,2.03032200526682e-11,"ATOH1(var.2)",5.87062099197305e-11,"T2_prePB_to_PB","closing","T2_prePB_to_PB_closing",5.87062099197305e-11,FALSE,0.336281243445816
"MA1155.1",584,2211,7.04633204633205,5.5275,1.27477739418038,2.29719710101578e-11,"ZSCAN4",6.61663720987556e-11,"T2_prePB_to_PB","closing","T2_prePB_to_PB_closing",6.61663720987556e-11,FALSE,0.350246472649356
"MA0104.4",190,588,2.29247104247104,1.47,1.55950411052452,2.42436758315658e-11,"MYCN",6.9560700655185e-11,"T2_prePB_to_PB","closing","T2_prePB_to_PB_closing",6.9560700655185e-11,TRUE,0.641088280455764
"MA1554.1",124,343,1.496138996139,0.8575,1.74476850861691,2.71317327067981e-11,"RFX7",7.75489371619594e-11,"T2_prePB_to_PB","closing","T2_prePB_to_PB_closing",7.75489371619594e-11,TRUE,0.80303646294575
"MA0659.2",540,2025,6.51544401544401,5.0625,1.28700128700129,2.77763904866042e-11,"MAFG",7.90885011565141e-11,"T2_prePB_to_PB","closing","T2_prePB_to_PB_closing",7.90885011565141e-11,FALSE,0.364014617227988
"MA0058.3",264,880,3.18532818532819,2.2,1.44787644787645,3.24979350958598e-11,"MAX",9.2180454682553e-11,"T2_prePB_to_PB","closing","T2_prePB_to_PB_closing",9.2180454682553e-11,FALSE,0.53393949411772
"MA0028.2",176,537,2.12355212355212,1.3425,1.5817892912865,3.61129821996092e-11,"ELK1",1.02046533033744e-10,"T2_prePB_to_PB","closing","T2_prePB_to_PB_closing",1.02046533033744e-10,TRUE,0.661558344579739
"MA0465.2",319,1103,3.84893822393822,2.7575,1.39580715283344,3.63277346144198e-11,"CDX2",1.02266000084367e-10,"T2_prePB_to_PB","closing","T2_prePB_to_PB_closing",1.02266000084367e-10,FALSE,0.481100663627965
"MA0153.2",189,589,2.28040540540541,1.4725,1.54866241453678,5.28439306134641e-11,"HNF1B",1.4820139938964e-10,"T2_prePB_to_PB","closing","T2_prePB_to_PB_closing",1.4820139938964e-10,TRUE,0.631023623828111
"MA0851.1",381,1364,4.59700772200772,3.41,1.34809610616062,6.61846008330687e-11,"Foxj3",1.84920270492394e-10,"T2_prePB_to_PB","closing","T2_prePB_to_PB_closing",1.84920270492394e-10,FALSE,0.430924420503896
"MA0878.2",248,822,2.99227799227799,2.055,1.4560963466073,6.93069278102055e-11,"CDX1",1.92921522934378e-10,"T2_prePB_to_PB","closing","T2_prePB_to_PB_closing",1.92921522934378e-10,FALSE,0.542106809364163
"MA0108.2",176,541,2.12355212355212,1.3525,1.57009399153577,7.06526674782752e-11,"TBP",1.9593639382451e-10,"T2_prePB_to_PB","closing","T2_prePB_to_PB_closing",1.9593639382451e-10,TRUE,0.650851845532114
"MA0003.4",768,3030,9.26640926640927,7.575,1.22328835200122,9.54247116329405e-11,"TFAP2A",2.63654943993236e-10,"T2_prePB_to_PB","closing","T2_prePB_to_PB_closing",2.63654943993236e-10,FALSE,0.290765693581368
"MA0884.1",233,765,2.81129343629344,1.9125,1.46995735231029,9.7573763278698e-11,"DUXA",2.68597887106674e-10,"T2_prePB_to_PB","closing","T2_prePB_to_PB_closing",2.68597887106674e-10,FALSE,0.5557752803905
"MA0084.1",288,986,3.47490347490348,2.465,1.40969715006226,1.03796641483168e-10,"SRY",2.8467755347957e-10,"T2_prePB_to_PB","closing","T2_prePB_to_PB_closing",2.8467755347957e-10,FALSE,0.49538628033472
"MA0514.1",677,2635,8.16843629343629,6.5875,1.23999032917439,1.17734452429786e-10,"Sox3",3.2172125096198e-10,"T2_prePB_to_PB","closing","T2_prePB_to_PB_closing",3.2172125096198e-10,FALSE,0.310330032385663
"MA1655.1",483,1800,5.8277027027027,4.5,1.29504504504505,1.25105342132277e-10,"ZNF341",3.40615274564521e-10,"T2_prePB_to_PB","closing","T2_prePB_to_PB_closing",3.40615274564521e-10,FALSE,0.373003393492676
"MA0014.3",170,524,2.0511583011583,1.31,1.56576969554069,1.87501354454834e-10,"PAX5",5.08640037902931e-10,"T2_prePB_to_PB","closing","T2_prePB_to_PB_closing",5.08640037902931e-10,TRUE,0.646872947859559
"MA0137.3",546,2076,6.58783783783784,5.19,1.26933291673176,2.15254733516942e-10,"STAT1",5.81811707259561e-10,"T2_prePB_to_PB","closing","T2_prePB_to_PB_closing",5.81811707259561e-10,FALSE,0.344071641001768
"MA1149.1",474,1770,5.71911196911197,4.425,1.29245468228519,2.53176635902723e-10,"RARA::RXRG",6.81840326293976e-10,"T2_prePB_to_PB","closing","T2_prePB_to_PB_closing",6.81840326293976e-10,FALSE,0.370114812034561
"MA1549.1",207,670,2.49758687258687,1.675,1.49109664035037,2.78006121348508e-10,"POU6F1(var.2)",7.46016426352472e-10,"T2_prePB_to_PB","closing","T2_prePB_to_PB_closing",7.46016426352472e-10,FALSE,0.576374731556357
"MA1574.1",513,1939,6.18967181467182,4.8475,1.27687917785906,3.10608975565838e-10,"THRB",8.30517189147365e-10,"T2_prePB_to_PB","closing","T2_prePB_to_PB_closing",8.30517189147365e-10,FALSE,0.352623149222975
"MA0793.1",220,724,2.65444015444015,1.81,1.46654152179014,4.04041805256437e-10,"POU6F2",1.07648280971894e-09,"T2_prePB_to_PB","closing","T2_prePB_to_PB_closing",1.07648280971894e-09,FALSE,0.552418902043662
"MA0611.1",255,867,3.07673745173745,2.1675,1.41948671360436,5.87328965446764e-10,"Dux",1.55924344563447e-09,"T2_prePB_to_PB","closing","T2_prePB_to_PB_closing",1.55924344563447e-09,FALSE,0.505370361849363
"MA0825.1",268,920,3.23359073359073,2.3,1.40590901460467,6.14092330901143e-10,"MNT",1.62451375479522e-09,"T2_prePB_to_PB","closing","T2_prePB_to_PB_closing",1.62451375479522e-09,FALSE,0.491504257541224
"MA1628.1",1109,4581,13.3807915057915,11.4525,1.16837297583859,6.30856300406123e-10,"Zic1::Zic2",1.66296395796102e-09,"T2_prePB_to_PB","closing","T2_prePB_to_PB_closing",1.66296395796102e-09,FALSE,0.224502129295876
"MA0060.3",265,911,3.19739382239382,2.2775,1.4039050811828,8.8994418343634e-10,"NFYA",2.33767028466024e-09,"T2_prePB_to_PB","closing","T2_prePB_to_PB_closing",2.33767028466024e-09,FALSE,0.489446425141085
"MA0103.3",798,3199,9.62837837837838,7.9975,1.20392352339836,9.80992272492011e-10,"ZEB1",2.5677902992247e-09,"T2_prePB_to_PB","closing","T2_prePB_to_PB_closing",2.5677902992247e-09,FALSE,0.267744949296881
"MA0758.1",168,527,2.02702702702703,1.3175,1.53854043797118,1.04110882096891e-09,"E2F7",2.71561951203778e-09,"T2_prePB_to_PB","closing","T2_prePB_to_PB_closing",2.71561951203778e-09,TRUE,0.621563300707823
"MA0597.1",431,1608,5.20028957528958,4.02,1.29360437196258,1.48816667176066e-09,"THAP1",3.86819629663224e-09,"T2_prePB_to_PB","closing","T2_prePB_to_PB_closing",3.86819629663224e-09,FALSE,0.371397575024772
"MA1550.1",499,1908,6.0207528957529,4.77,1.26221234711801,3.04512126320528e-09,"PPARD",7.88770993871924e-09,"T2_prePB_to_PB","closing","T2_prePB_to_PB_closing",7.88770993871924e-09,FALSE,0.33595578418336
"MA1624.1",597,2336,7.20318532818533,5.84,1.23342214523721,3.75771532260729e-09,"Stat5a",9.69984647288941e-09,"T2_prePB_to_PB","closing","T2_prePB_to_PB_closing",9.69984647288941e-09,FALSE,0.302667823915718
"MA0130.1",2604,11547,31.4189189189189,28.8675,1.08838378518815,5.67031272703442e-09,"ZNF354C",1.45863906702334e-08,"T2_prePB_to_PB","closing","T2_prePB_to_PB_closing",1.45863906702334e-08,FALSE,0.122188694034823
"MA1154.1",365,1344,4.40395752895753,3.36,1.31070164552307,5.75576975602705e-09,"ZNF282",1.47553410240418e-08,"T2_prePB_to_PB","closing","T2_prePB_to_PB_closing",1.47553410240418e-08,FALSE,0.390340423555474
"MA0520.1",408,1528,4.92277992277992,3.82,1.28868584365967,6.68718974401346e-09,"Stat6",1.708439571587e-08,"T2_prePB_to_PB","closing","T2_prePB_to_PB_closing",1.708439571587e-08,FALSE,0.365901725306929
"MA0144.2",715,2867,8.6269305019305,7.1675,1.20361778889857,8.30865572263863e-09,"STAT3",2.11544613279468e-08,"T2_prePB_to_PB","closing","T2_prePB_to_PB_closing",2.11544613279468e-08,FALSE,0.267378532919828
"MA0839.1",176,573,2.12355212355212,1.4325,1.48240985937321,9.29274815995494e-09,"CREB3L1",2.35795582562122e-08,"T2_prePB_to_PB","closing","T2_prePB_to_PB_closing",2.35795582562122e-08,FALSE,0.567945354952246
"MA1593.1",619,2451,7.46862934362934,6.1275,1.21887055791585,1.29693710520799e-08,"ZNF317",3.27971213723784e-08,"T2_prePB_to_PB","closing","T2_prePB_to_PB_closing",3.27971213723784e-08,FALSE,0.285546105842528
"MA0639.1",78,207,0.941119691119691,0.5175,1.81858877511051,1.51416182775961e-08,"DBP",3.81609703888065e-08,"T2_prePB_to_PB","closing","T2_prePB_to_PB_closing",3.81609703888065e-08,TRUE,0.862820146530311
"MA1534.1",304,1101,3.66795366795367,2.7525,1.3325898884482,1.94391408260392e-08,"NR1I3",4.88269328492433e-08,"T2_prePB_to_PB","closing","T2_prePB_to_PB_closing",4.88269328492433e-08,FALSE,0.414233934366641
"MA0056.2",477,1838,5.75530888030888,4.595,1.25251553434361,1.96889207142186e-08,"MZF1",4.92883719892856e-08,"T2_prePB_to_PB","closing","T2_prePB_to_PB_closing",4.92883719892856e-08,FALSE,0.324829648416955
"MA0495.3",475,1830,5.73117760617761,4.575,1.25271641665084,2.06482058008362e-08,"MAFF",5.15169281853639e-08,"T2_prePB_to_PB","closing","T2_prePB_to_PB_closing",5.15169281853639e-08,FALSE,0.325061013562678
"MA0148.4",326,1194,3.93339768339768,2.985,1.3177211669674,2.09148707583101e-08,"FOXA1",5.2008311952331e-08,"T2_prePB_to_PB","closing","T2_prePB_to_PB_closing",5.2008311952331e-08,FALSE,0.398046219669662
"MA0468.1",309,1124,3.72828185328185,2.81,1.3267906951181,2.36879211748872e-08,"DUX4",5.87082697557004e-08,"T2_prePB_to_PB","closing","T2_prePB_to_PB_closing",5.87082697557004e-08,FALSE,0.407941886902852
"MA1579.1",758,3079,9.1457528957529,7.6975,1.18814587798024,2.83945817918097e-08,"ZBTB26",7.00721955230619e-08,"T2_prePB_to_PB","closing","T2_prePB_to_PB_closing",7.00721955230619e-08,FALSE,0.248713192229324
"MA0865.1",219,754,2.64237451737452,1.885,1.40179019489364,2.84609587714313e-08,"E2F8",7.00721955230619e-08,"T2_prePB_to_PB","closing","T2_prePB_to_PB_closing",7.00721955230619e-08,FALSE,0.487271467375471
"MA1644.1",279,1002,3.36631274131274,2.505,1.34383742168173,3.23104603611043e-08,"NFYC",7.92881691756045e-08,"T2_prePB_to_PB","closing","T2_prePB_to_PB_closing",7.92881691756045e-08,FALSE,0.42635968406015
"MA0899.1",261,930,3.14913127413127,2.325,1.35446506414248,4.23564037760467e-08,"HOXA10",1.0359959743256e-07,"T2_prePB_to_PB","closing","T2_prePB_to_PB_closing",1.0359959743256e-07,FALSE,0.437724247577083
"MA0515.1",517,2026,6.23793436293436,5.065,1.2315763796514,5.35758228945906e-08,"Sox6",1.30612953854133e-07,"T2_prePB_to_PB","closing","T2_prePB_to_PB_closing",1.30612953854133e-07,FALSE,0.300507274797709
"MA0132.2",139,441,1.67712355212355,1.1025,1.52120050079234,5.88810932958111e-08,"PDX1",1.43079138757899e-07,"T2_prePB_to_PB","closing","T2_prePB_to_PB_closing",1.43079138757899e-07,TRUE,0.605211267421001
"MA0735.1",118,361,1.42374517374517,0.9025,1.57755697921903,6.59349151377299e-08,"GLIS1",1.59699502249177e-07,"T2_prePB_to_PB","closing","T2_prePB_to_PB_closing",1.59699502249177e-07,TRUE,0.657693028849436
"MA0774.1",353,1322,4.25916988416988,3.305,1.28870495738877,6.96643109744464e-08,"MEIS2",1.68186330054812e-07,"T2_prePB_to_PB","closing","T2_prePB_to_PB_closing",1.68186330054812e-07,FALSE,0.365923123118067
"MA0755.1",65,168,0.784266409266409,0.42,1.86730097444383,7.28325050800016e-08,"CUX2",1.75267899321552e-07,"T2_prePB_to_PB","closing","T2_prePB_to_PB_closing",1.75267899321552e-07,TRUE,0.900955254722187
"MA1638.1",561,2227,6.76882239382239,5.5675,1.21577411653748,9.22482819994744e-08,"HAND2",2.21277229490701e-07,"T2_prePB_to_PB","closing","T2_prePB_to_PB_closing",2.21277229490701e-07,FALSE,0.281876396330684
"MA1528.1",377,1428,4.54874517374517,3.57,1.27415831197344,9.29922742446628e-08,"NFIX(var.2)",2.22346912136277e-07,"T2_prePB_to_PB","closing","T2_prePB_to_PB_closing",2.22346912136277e-07,FALSE,0.349545673375005
"MA1545.1",51,122,0.61534749034749,0.305,2.01753275523767,1.03907579671307e-07,"OVOL2",2.47651931101582e-07,"T2_prePB_to_PB","closing","T2_prePB_to_PB_closing",2.47651931101582e-07,TRUE,1.0125928113502
"MA0072.1",308,1139,3.71621621621622,2.8475,1.30508032176162,1.36003193142973e-07,"RORA(var.2)",3.23115866511648e-07,"T2_prePB_to_PB","closing","T2_prePB_to_PB_closing",3.23115866511648e-07,FALSE,0.384139706294663
"MA1578.1",205,712,2.4734555984556,1.78,1.38958179688517,1.57554132463313e-07,"VEZF1",3.73128199421051e-07,"T2_prePB_to_PB","closing","T2_prePB_to_PB_closing",3.73128199421051e-07,FALSE,0.474651798624037
"MA1473.1",239,852,2.88368725868726,2.13,1.35384378342125,1.60855556653297e-07,"CDX4",3.79741282478986e-07,"T2_prePB_to_PB","closing","T2_prePB_to_PB_closing",3.79741282478986e-07,FALSE,0.437062345246297
"MA0843.1",74,204,0.892857142857143,0.51,1.75070028011204,2.08601694590091e-07,"TEF",4.9090493427195e-07,"T2_prePB_to_PB","closing","T2_prePB_to_PB_closing",4.9090493427195e-07,TRUE,0.807932939587521
"MA0846.1",504,1990,6.08108108108108,4.975,1.22232785549368,2.12817754289886e-07,"FOXC2",4.99251712893885e-07,"T2_prePB_to_PB","closing","T2_prePB_to_PB_closing",4.99251712893885e-07,FALSE,0.289632480216161
"MA0832.1",389,1494,4.69353281853282,3.735,1.25663529277987,2.81484017227253e-07,"Tcf21",6.58266698594141e-07,"T2_prePB_to_PB","closing","T2_prePB_to_PB_closing",6.58266698594141e-07,FALSE,0.329567152121245
"MA1504.1",190,658,2.29247104247104,1.645,1.39359941791553,3.53879930507388e-07,"HOXC4",8.24982587995349e-07,"T2_prePB_to_PB","closing","T2_prePB_to_PB_closing",8.24982587995349e-07,FALSE,0.478816961687596
"MA0913.2",224,798,2.7027027027027,1.995,1.35473819684346,3.67195565845998e-07,"HOXD9",8.53357919380419e-07,"T2_prePB_to_PB","closing","T2_prePB_to_PB_closing",8.53357919380419e-07,FALSE,0.438015142623105
"MA0140.2",264,965,3.18532818532819,2.4125,1.32034328925521,3.76172985332411e-07,"GATA1::TAL1",8.71506357322914e-07,"T2_prePB_to_PB","closing","T2_prePB_to_PB_closing",8.71506357322914e-07,FALSE,0.400914171732114
"MA0637.1",76,214,0.916988416988417,0.535,1.71399704109985,3.83433614839197e-07,"CENPB",8.8557732715183e-07,"T2_prePB_to_PB","closing","T2_prePB_to_PB_closing",8.8557732715183e-07,TRUE,0.777365460618935
"MA0663.1",161,543,1.94256756756757,1.3575,1.43098900004977,4.667409011795e-07,"MLX",1.07465651938243e-06,"T2_prePB_to_PB","closing","T2_prePB_to_PB_closing",1.07465651938243e-06,FALSE,0.517013590353184
"MA1151.1",293,1091,3.53523166023166,2.7275,1.29614359678521,5.20320791852341e-07,"RORC",1.1943363406826e-06,"T2_prePB_to_PB","closing","T2_prePB_to_PB_closing",1.1943363406826e-06,FALSE,0.374226673028397
"MA0525.2",154,516,1.85810810810811,1.29,1.44039388225435,5.33089877050092e-07,"TP63",1.21989278613303e-06,"T2_prePB_to_PB","closing","T2_prePB_to_PB_closing",1.21989278613303e-06,FALSE,0.526464378731785
"MA1152.1",385,1486,4.64527027027027,3.715,1.25040922483722,5.56118822929002e-07,"SOX15",1.26869921071876e-06,"T2_prePB_to_PB","closing","T2_prePB_to_PB_closing",1.26869921071876e-06,FALSE,0.32240148068441
"MA1560.1",158,533,1.90637065637066,1.3325,1.43067216237948,6.02215946980713e-07,"SOHLH2",1.3696740745354e-06,"T2_prePB_to_PB","closing","T2_prePB_to_PB_closing",1.3696740745354e-06,FALSE,0.516694125684127
"MA0059.1",228,822,2.75096525096525,2.055,1.3386692218809,7.68401323223338e-07,"MAX::MYC",1.74233248366143e-06,"T2_prePB_to_PB","closing","T2_prePB_to_PB_closing",1.74233248366143e-06,FALSE,0.420800600053934
"MA1113.2",260,957,3.13706563706564,2.3925,1.31120820775993,8.39245175011754e-07,"PBX2",1.89720272896596e-06,"T2_prePB_to_PB","closing","T2_prePB_to_PB_closing",1.89720272896596e-06,FALSE,0.390897890684046
"MA1118.1",294,1101,3.5472972972973,2.7525,1.28875469474925,8.45426039734204e-07,"SIX1",1.9040380868489e-06,"T2_prePB_to_PB","closing","T2_prePB_to_PB_closing",1.9040380868489e-06,FALSE,0.365978802583369
"MA1489.1",351,1345,4.23503861003861,3.3625,1.25949103644271,8.47373518544012e-07,"FOXN3",1.9040380868489e-06,"T2_prePB_to_PB","closing","T2_prePB_to_PB_closing",1.9040380868489e-06,FALSE,0.332842000181775
"MA0040.1",304,1146,3.66795366795367,2.865,1.28026306036777,1.02971084929913e-06,"Foxq1",2.30679968041188e-06,"T2_prePB_to_PB","closing","T2_prePB_to_PB_closing",2.30679968041188e-06,FALSE,0.356441403423046
"MA0498.2",656,2691,7.91505791505791,6.7275,1.17652291565335,1.08210265066377e-06,"MEIS1",2.41691190836879e-06,"T2_prePB_to_PB","closing","T2_prePB_to_PB_closing",2.41691190836879e-06,FALSE,0.234530647076284
"MA0117.2",341,1306,4.11438223938224,3.265,1.26014769965765,1.14901113393212e-06,"Mafb",2.55869345048765e-06,"T2_prePB_to_PB","closing","T2_prePB_to_PB_closing",2.55869345048765e-06,FALSE,0.333593984202044
"MA0862.1",37,84,0.446428571428571,0.21,2.12585034013605,1.22730146929892e-06,"GMEB2",2.72490147647915e-06,"T2_prePB_to_PB","closing","T2_prePB_to_PB_closing",2.72490147647915e-06,TRUE,1.08804071335667
"MA1556.1",239,874,2.88368725868726,2.185,1.31976533578364,1.35863495643339e-06,"RXRG(var.2)",3.00754206973089e-06,"T2_prePB_to_PB","closing","T2_prePB_to_PB_closing",3.00754206973089e-06,FALSE,0.400282523487755
"MA0664.1",154,525,1.85810810810811,1.3125,1.41570141570142,1.62451505118136e-06,"MLXIPL",3.5854681307139e-06,"T2_prePB_to_PB","closing","T2_prePB_to_PB_closing",3.5854681307139e-06,FALSE,0.501518039071267
"MA0683.1",263,978,3.17326254826255,2.445,1.29785789294992,1.74387442982788e-06,"POU4F2",3.83755258009322e-06,"T2_prePB_to_PB","closing","T2_prePB_to_PB_closing",3.83755258009322e-06,FALSE,0.376133537799613
"MA0868.2",257,953,3.10086872586873,2.3825,1.30151887759443,1.80386693966178e-06,"SOX8",3.9578962852579e-06,"T2_prePB_to_PB","closing","T2_prePB_to_PB_closing",3.9578962852579e-06,FALSE,0.380197345616721
"MA0823.1",199,712,2.40106177606178,1.78,1.34891111014707,2.17989930717481e-06,"HEY1",4.76892927610677e-06,"T2_prePB_to_PB","closing","T2_prePB_to_PB_closing",4.76892927610677e-06,FALSE,0.431796350965407
"MA0066.1",426,1685,5.13996138996139,4.2125,1.22016887595523,2.25856953227225e-06,"PPARG",4.92658734232485e-06,"T2_prePB_to_PB","closing","T2_prePB_to_PB_closing",4.92658734232485e-06,FALSE,0.28708201839228
"MA1536.1",371,1446,4.47635135135135,3.615,1.23827146648723,2.40693430495315e-06,"NR2C2(var.2)",5.23490668074359e-06,"T2_prePB_to_PB","closing","T2_prePB_to_PB_closing",5.23490668074359e-06,FALSE,0.308328796619961
"MA0867.2",474,1897,5.71911196911197,4.7425,1.20592766876373,2.4141980299655e-06,"SOX4",5.23544107661122e-06,"T2_prePB_to_PB","closing","T2_prePB_to_PB_closing",5.23544107661122e-06,FALSE,0.270144573685479
"MA0667.1",336,1295,4.05405405405405,3.2375,1.25221746843368,2.51346500212217e-06,"MYF6",5.43491272922648e-06,"T2_prePB_to_PB","closing","T2_prePB_to_PB_closing",5.43491272922648e-06,FALSE,0.324486284179494
"MA0692.1",227,831,2.73889961389961,2.0775,1.31836323172063,2.6777516717476e-06,"TFEB",5.77341834428819e-06,"T2_prePB_to_PB","closing","T2_prePB_to_PB_closing",5.77341834428819e-06,FALSE,0.398749006690755
"MA1646.1",700,2907,8.44594594594595,7.2675,1.16215286493924,2.77254123138038e-06,"OSR2",5.96056414584946e-06,"T2_prePB_to_PB","closing","T2_prePB_to_PB_closing",5.96056414584946e-06,FALSE,0.21680108895714
"MA0780.1",81,243,0.977316602316602,0.6075,1.60875160875161,2.99068919061224e-06,"PAX3",6.4110751040136e-06,"T2_prePB_to_PB","closing","T2_prePB_to_PB_closing",6.4110751040136e-06,TRUE,0.685942487920698
"MA0876.1",141,479,1.70125482625483,1.1975,1.42067208873054,3.54583963158648e-06,"BSX",7.5793592125029e-06,"T2_prePB_to_PB","closing","T2_prePB_to_PB_closing",7.5793592125029e-06,FALSE,0.506574614026936
"MA0616.2",182,647,2.19594594594595,1.6175,1.35761727724633,3.76872063973929e-06,"HES2",8.03275884927289e-06,"T2_prePB_to_PB","closing","T2_prePB_to_PB_closing",8.03275884927289e-06,FALSE,0.441077892735665
"MA0116.1",369,1445,4.45222007722008,3.6125,1.23244846428237,4.07371458411606e-06,"Znf423",8.65809424430365e-06,"T2_prePB_to_PB","closing","T2_prePB_to_PB_closing",8.65809424430365e-06,FALSE,0.301528491127366
"MA0135.1",242,899,2.91988416988417,2.2475,1.29916981974824,4.09366987001667e-06,"Lhx3",8.6757889858876e-06,"T2_prePB_to_PB","closing","T2_prePB_to_PB_closing",8.6757889858876e-06,FALSE,0.377591134097181
"MA0680.1",92,287,1.11003861003861,0.7175,1.54709213942663,4.30893945782844e-06,"PAX7",9.10614401002838e-06,"T2_prePB_to_PB","closing","T2_prePB_to_PB_closing",9.10614401002838e-06,TRUE,0.629560053764358
"MA0842.2",309,1186,3.72828185328185,2.965,1.25743064191631,4.35488445272683e-06,"NRL",9.17724237778028e-06,"T2_prePB_to_PB","closing","T2_prePB_to_PB_closing",9.17724237778028e-06,FALSE,0.33047997255649
"MA0523.1",426,1697,5.13996138996139,4.2425,1.21154069297852,4.80669470173341e-06,"TCF7L2",1.01008288661778e-05,"T2_prePB_to_PB","closing","T2_prePB_to_PB_closing",1.01008288661778e-05,FALSE,0.276844053339292
"MA0754.1",63,179,0.760135135135135,0.4475,1.69862600030198,5.06144480137923e-06,"CUX1",1.06062860163733e-05,"T2_prePB_to_PB","closing","T2_prePB_to_PB_closing",1.06062860163733e-05,TRUE,0.764369087428906
"MA0887.1",120,398,1.44787644787645,0.995,1.45515220892105,5.25694633571796e-06,"EVX1",1.09851035474667e-05,"T2_prePB_to_PB","closing","T2_prePB_to_PB_closing",1.09851035474667e-05,FALSE,0.541171058366692
"MA0912.2",125,418,1.50820463320463,1.045,1.44325802220539,5.30313836128402e-06,"HOXD3",1.10506737919494e-05,"T2_prePB_to_PB","closing","T2_prePB_to_PB_closing",1.10506737919494e-05,FALSE,0.529330244053677
"MA0708.1",138,471,1.66505791505792,1.1775,1.41406192361606,5.82691687244027e-06,"MSX2",1.20746666301123e-05,"T2_prePB_to_PB","closing","T2_prePB_to_PB_closing",1.20746666301123e-05,FALSE,0.499846319276763
"MA0709.1",138,471,1.66505791505792,1.1775,1.41406192361606,5.82691687244027e-06,"Msx3",1.20746666301123e-05,"T2_prePB_to_PB","closing","T2_prePB_to_PB_closing",1.20746666301123e-05,FALSE,0.499846319276763
"MA0831.2",132,447,1.59266409266409,1.1175,1.42520276748465,5.96471804293712e-06,"TFE3",1.23259824377592e-05,"T2_prePB_to_PB","closing","T2_prePB_to_PB_closing",1.23259824377592e-05,FALSE,0.511168202311209
"MA1639.1",257,968,3.10086872586873,2.42,1.2813507131689,6.37295325015312e-06,"MEIS1(var.2)",1.31332130514205e-05,"T2_prePB_to_PB","closing","T2_prePB_to_PB_closing",1.31332130514205e-05,FALSE,0.357666529699122
"MA0603.1",206,753,2.48552123552124,1.8825,1.32033000558897,6.81272865131207e-06,"Arntl",1.40008142531097e-05,"T2_prePB_to_PB","closing","T2_prePB_to_PB_closing",1.40008142531097e-05,FALSE,0.400899657051386
"MA1535.1",264,999,3.18532818532819,2.4975,1.27540668081209,6.97340424098367e-06,"NR2C1",1.42916471532248e-05,"T2_prePB_to_PB","closing","T2_prePB_to_PB_closing",1.42916471532248e-05,FALSE,0.350958474593207
"MA0855.1",442,1775,5.33301158301158,4.4375,1.20180542715754,7.56882480126301e-06,"RXRB",1.54694337034033e-05,"T2_prePB_to_PB","closing","T2_prePB_to_PB_closing",1.54694337034033e-05,FALSE,0.265204542414199
"MA0065.2",993,4262,11.9811776061776,10.655,1.12446528448406,7.71901019869646e-06,"Pparg::Rxra",1.5733283082589e-05,"T2_prePB_to_PB","closing","T2_prePB_to_PB_closing",1.5733283082589e-05,FALSE,0.169240404613403
"MA0686.1",133,454,1.60472972972973,1.135,1.41385879271342,8.55981274359565e-06,"SPDEF",1.73995103725405e-05,"T2_prePB_to_PB","closing","T2_prePB_to_PB_closing",1.73995103725405e-05,FALSE,0.499639060468232
"MA1577.1",117,390,1.41167953667954,0.975,1.44787644787645,8.82866685646859e-06,"TLX2",1.78972431383847e-05,"T2_prePB_to_PB","closing","T2_prePB_to_PB_closing",1.78972431383847e-05,FALSE,0.53393949411772
"MA0442.2",571,2353,6.88947876447876,5.8825,1.17118211040863,9.56142312278551e-06,"SOX10",1.93301399718103e-05,"T2_prePB_to_PB","closing","T2_prePB_to_PB_closing",1.93301399718103e-05,FALSE,0.227966653829021
"MA0470.2",75,227,0.90492277992278,0.5675,1.59457758576701,9.68299488417565e-06,"E2F4",1.95230113070136e-05,"T2_prePB_to_PB","closing","T2_prePB_to_PB_closing",1.95230113070136e-05,TRUE,0.673175199818186
"MA0769.2",369,1462,4.45222007722008,3.655,1.21811766818607,1.24120678364039e-05,"TCF7",2.49579585066234e-05,"T2_prePB_to_PB","closing","T2_prePB_to_PB_closing",2.49579585066234e-05,FALSE,0.284654686334636
"MA0895.1",123,417,1.48407335907336,1.0425,1.42357156745646,1.28365671365317e-05,"HMBOX1",2.57421480748728e-05,"T2_prePB_to_PB","closing","T2_prePB_to_PB_closing",2.57421480748728e-05,FALSE,0.509516037190563
"MA0893.2",122,413,1.47200772200772,1.0325,1.42567333850627,1.2874700530208e-05,"GSX2",2.5749401060416e-05,"T2_prePB_to_PB","closing","T2_prePB_to_PB_closing",2.5749401060416e-05,FALSE,0.511644469945394
"MA0046.2",220,820,2.65444015444015,2.05,1.29484885582447,1.38215013914756e-05,"HNF1A",2.75690910108043e-05,"T2_prePB_to_PB","closing","T2_prePB_to_PB_closing",2.75690910108043e-05,FALSE,0.372784820061943
"MA0894.1",127,434,1.53233590733591,1.085,1.41229115883494,1.42526784813296e-05,"HESX1",2.83533283921916e-05,"T2_prePB_to_PB","closing","T2_prePB_to_PB_closing",2.83533283921916e-05,FALSE,0.498038567718275
"MA0731.1",319,1246,3.84893822393822,3.115,1.23561419709092,1.4384946909618e-05,"BCL6B",2.85403467940824e-05,"T2_prePB_to_PB","closing","T2_prePB_to_PB_closing",2.85403467940824e-05,FALSE,0.305229520196738
"MA1640.1",234,880,2.82335907335907,2.2,1.28334503334503,1.44301596756801e-05,"MEIS2(var.2)",2.85541090664651e-05,"T2_prePB_to_PB","closing","T2_prePB_to_PB_closing",2.85541090664651e-05,FALSE,0.359910222088908
"MA1487.1",462,1875,5.57432432432432,4.6875,1.18918918918919,1.46011316400268e-05,"FOXE1",2.88159899562435e-05,"T2_prePB_to_PB","closing","T2_prePB_to_PB_closing",2.88159899562435e-05,FALSE,0.249979466183213
"MA0892.1",172,619,2.07528957528958,1.5475,1.34105949937937,1.46660587968438e-05,"GSX1",2.8867756892996e-05,"T2_prePB_to_PB","closing","T2_prePB_to_PB_closing",2.8867756892996e-05,FALSE,0.423374323137824
"MA1616.1",538,2214,6.49131274131274,5.535,1.17277556301947,1.48631662521035e-05,"Prdm15",2.91787421686032e-05,"T2_prePB_to_PB","closing","T2_prePB_to_PB_closing",2.91787421686032e-05,FALSE,0.229928177791861
"MA0691.1",394,1575,4.753861003861,3.9375,1.20732977875835,1.51428440688892e-05,"TFAP4",2.96497681768802e-05,"T2_prePB_to_PB","closing","T2_prePB_to_PB_closing",2.96497681768802e-05,FALSE,0.271820992991089
"MA0464.2",151,533,1.8219111969112,1.3325,1.36728795265381,1.60666124865358e-05,"BHLHE40",3.13761594632347e-05,"T2_prePB_to_PB","closing","T2_prePB_to_PB_closing",3.13761594632347e-05,FALSE,0.451318163579259
"MA0469.3",34,82,0.41023166023166,0.205,2.00113004991054,1.61262514036412e-05,"E2F3",3.14104009063089e-05,"T2_prePB_to_PB","closing","T2_prePB_to_PB_closing",3.14104009063089e-05,TRUE,1.00081564943514
"MA0601.1",223,835,2.69063706563707,2.0875,1.28892793563452,1.67409895423214e-05,"Arid3b",3.2522859892114e-05,"T2_prePB_to_PB","closing","T2_prePB_to_PB_closing",3.2522859892114e-05,FALSE,0.366172723719801
"MA0665.1",522,2146,6.29826254826255,5.365,1.17395387665658,1.78183183657074e-05,"MSC",3.45258844177084e-05,"T2_prePB_to_PB","closing","T2_prePB_to_PB_closing",3.45258844177084e-05,FALSE,0.23137695659543
"MA1603.1",236,892,2.84749034749035,2.23,1.27690150111675,1.91211427686649e-05,"Dmrt1",3.69543329156063e-05,"T2_prePB_to_PB","closing","T2_prePB_to_PB_closing",3.69543329156063e-05,FALSE,0.352648371144498
"MA1481.1",129,446,1.55646718146718,1.115,1.39593469189882,2.24937291862213e-05,"DRGX",4.33600050979873e-05,"T2_prePB_to_PB","closing","T2_prePB_to_PB_closing",4.33600050979873e-05,FALSE,0.481232480862994
"MA0526.3",359,1428,4.33156370656371,3.57,1.21332316710468,2.30697874581875e-05,"USF2",4.43505066661792e-05,"T2_prePB_to_PB","closing","T2_prePB_to_PB_closing",4.43505066661792e-05,FALSE,0.278965050700694
"MA1499.1",155,553,1.87017374517375,1.3825,1.35274773611121,2.31264706342409e-05,"HOXB4",4.43505066661792e-05,"T2_prePB_to_PB","closing","T2_prePB_to_PB_closing",4.43505066661792e-05,FALSE,0.435893893394329
"MA0620.3",181,662,2.18388030888031,1.655,1.31956514131741,2.45886931273892e-05,"MITF",4.70337565975188e-05,"T2_prePB_to_PB","closing","T2_prePB_to_PB_closing",4.70337565975188e-05,FALSE,0.400063665449436
"MA1496.1",122,419,1.47200772200772,1.0475,1.40525796850379,2.65729505605842e-05,"HOXA4",5.06992867473038e-05,"T2_prePB_to_PB","closing","T2_prePB_to_PB_closing",5.06992867473038e-05,FALSE,0.490836022366776
"MA1507.1",158,567,1.90637065637066,1.4175,1.34488229726325,2.70872670771951e-05,"HOXD4",5.15487276520091e-05,"T2_prePB_to_PB","closing","T2_prePB_to_PB_closing",5.15487276520091e-05,FALSE,0.427480987826965
"MA1114.1",772,3288,9.31467181467181,8.22,1.13317175360971,3.17401677041593e-05,"PBX3",6.02497839880479e-05,"T2_prePB_to_PB","closing","T2_prePB_to_PB_closing",6.02497839880479e-05,FALSE,0.180367818596457
"MA0776.1",44,119,0.530888030888031,0.2975,1.78449758281691,3.26208064615915e-05,"MYBL1",6.17642680719473e-05,"T2_prePB_to_PB","closing","T2_prePB_to_PB_closing",6.17642680719473e-05,TRUE,0.835518755652092
"MA1619.1",448,1828,5.4054054054054,4.57,1.18280205807558,3.35708365728633e-05,"Ptf1a(var.2)",6.34021369198886e-05,"T2_prePB_to_PB","closing","T2_prePB_to_PB_closing",6.34021369198886e-05,FALSE,0.242209878588437
"MA1641.1",439,1789,5.29681467181467,4.4725,1.18430736094235,3.55029986858907e-05,"MYF5",6.68819116658445e-05,"T2_prePB_to_PB","closing","T2_prePB_to_PB_closing",6.68819116658445e-05,FALSE,0.244044767522031
"MA0705.1",106,357,1.27895752895753,0.8925,1.43300563468631,3.61927061533442e-05,"Lhx8",6.8009467985881e-05,"T2_prePB_to_PB","closing","T2_prePB_to_PB_closing",6.8009467985881e-05,FALSE,0.51904528915824
"MA1651.1",362,1449,4.36776061776062,3.6225,1.20573101939562,3.72069887014367e-05,"ZFP42",6.97397325911352e-05,"T2_prePB_to_PB","closing","T2_prePB_to_PB_closing",6.97397325911352e-05,FALSE,0.269909295920089
"MA1110.1",274,1066,3.30598455598456,2.665,1.24051953320246,4.17116454187993e-05,"NR1H4",7.79871866727425e-05,"T2_prePB_to_PB","closing","T2_prePB_to_PB_closing",7.79871866727425e-05,FALSE,0.310945615040258
"MA0075.3",138,489,1.66505791505792,1.2225,1.36201056446455,4.41408116461989e-05,"PRRX2",8.23226137201609e-05,"T2_prePB_to_PB","closing","T2_prePB_to_PB_closing",8.23226137201609e-05,FALSE,0.445738952927686
"MA0715.1",225,856,2.71476833976834,2.14,1.26858333634035,4.58280649301613e-05,"PROP1",8.52562005932677e-05,"T2_prePB_to_PB","closing","T2_prePB_to_PB_closing",8.52562005932677e-05,FALSE,0.343219433927267
"MA1538.1",248,955,2.99227799227799,2.3875,1.25331015383371,4.62675977241934e-05,"NR2F1(var.3)",8.58597709011151e-05,"T2_prePB_to_PB","closing","T2_prePB_to_PB_closing",8.58597709011151e-05,FALSE,0.325744630433958
"MA0847.2",382,1542,4.60907335907336,3.855,1.19560917226287,4.91119820441458e-05,"FOXD2",9.09120064638529e-05,"T2_prePB_to_PB","closing","T2_prePB_to_PB_closing",9.09120064638529e-05,FALSE,0.257747076644173
"MA1421.1",481,1983,5.80357142857143,4.9575,1.1706649376846,5.02593365951066e-05,"TCF7L1",9.28056066830433e-05,"T2_prePB_to_PB","closing","T2_prePB_to_PB_closing",9.28056066830433e-05,FALSE,0.227329445775862
"MA0902.2",106,360,1.27895752895753,0.9,1.42106392106392,5.25937846959611e-05,"HOXB2",9.68764527979926e-05,"T2_prePB_to_PB","closing","T2_prePB_to_PB_closing",9.68764527979926e-05,FALSE,0.506972465317841
"MA1544.1",47,132,0.567084942084942,0.33,1.71843921843922,5.4113619495344e-05,"OVOL1",9.94304437032676e-05,"T2_prePB_to_PB","closing","T2_prePB_to_PB_closing",9.94304437032676e-05,TRUE,0.781099663719845
"MA1523.1",396,1606,4.77799227799228,4.015,1.19003543661078,5.49808539232419e-05,"MSANTD3",0.000100775717510414,"T2_prePB_to_PB","closing","T2_prePB_to_PB_closing",0.000100775717510414,FALSE,0.251005746737354
"MA1618.1",561,2345,6.76882239382239,5.8625,1.15459657037482,5.7151002662373e-05,"Ptf1a",0.000104496686240515,"T2_prePB_to_PB","closing","T2_prePB_to_PB_closing",0.000104496686240515,FALSE,0.207390094591469
"MA0676.1",368,1483,4.44015444015444,3.7075,1.19761414434375,5.80396181514335e-05,"Nr2e1",0.000105861993009705,"T2_prePB_to_PB","closing","T2_prePB_to_PB_closing",0.000105861993009705,FALSE,0.260164370105725
"MA1148.1",532,2215,6.41891891891892,5.5375,1.15917271673479,5.87441822305507e-05,"PPARA::RXRA",0.000106885755960953,"T2_prePB_to_PB","closing","T2_prePB_to_PB_closing",0.000106885755960953,FALSE,0.2130967885114
"MA0677.1",480,1982,5.79150579150579,4.955,1.16882054318987,5.98494174063233e-05,"Nr2f6",0.000108631789258193,"T2_prePB_to_PB","closing","T2_prePB_to_PB_closing",0.000108631789258193,FALSE,0.225054674601376
"MA0707.1",189,706,2.28040540540541,1.765,1.2920143939974,6.09735679027068e-05,"MNX1",0.000110403596251018,"T2_prePB_to_PB","closing","T2_prePB_to_PB_closing",0.000110403596251018,FALSE,0.369623259436944
"MA1654.1",724,3087,8.73552123552124,7.7175,1.13191075290201,6.48574570343832e-05,"ZNF16",0.000117151726265496,"T2_prePB_to_PB","closing","T2_prePB_to_PB_closing",0.000117151726265496,FALSE,0.178761485896484
"MA0158.2",122,427,1.47200772200772,1.0675,1.37892995035852,6.61925655934001e-05,"HOXA5",0.000119274526407431,"T2_prePB_to_PB","closing","T2_prePB_to_PB_closing",0.000119274526407431,FALSE,0.463550216047356
"MA0739.1",338,1353,4.07818532818533,3.3825,1.20567193737925,6.66166985460013e-05,"Hic1",0.000119749535217631,"T2_prePB_to_PB","closing","T2_prePB_to_PB_closing",0.000119749535217631,FALSE,0.269838600758094
"MA0512.2",415,1694,5.00723938223938,4.235,1.18234696156774,6.69606870330752e-05,"Rxra",0.000120078539727582,"T2_prePB_to_PB","closing","T2_prePB_to_PB_closing",0.000120078539727582,FALSE,0.241654678960475
"MA0909.2",182,678,2.19594594594595,1.695,1.29554333094156,7.03396755395123e-05,"HOXD13",0.000125835486696586,"T2_prePB_to_PB","closing","T2_prePB_to_PB_closing",0.000125835486696586,FALSE,0.373558382507827
"MA0093.3",378,1531,4.56081081081081,3.8275,1.19159002241955,7.18972203146061e-05,"USF1",0.000128314177882048,"T2_prePB_to_PB","closing","T2_prePB_to_PB_closing",0.000128314177882048,FALSE,0.252889159314723
"MA1537.1",497,2062,5.99662162162162,5.155,1.16326316617296,7.20965659963157e-05,"NR2F1(var.2)",0.00012836285974523,"T2_prePB_to_PB","closing","T2_prePB_to_PB_closing",0.00012836285974523,FALSE,0.218178756270348
"MA1109.1",623,2633,7.51689189189189,6.5825,1.14195091407397,8.0309973616113e-05,"NEUROD1",0.000142645810280048,"T2_prePB_to_PB","closing","T2_prePB_to_PB_closing",0.000142645810280048,FALSE,0.191501902200224
"MA0700.2",159,583,1.91843629343629,1.4575,1.31625131625132,8.42187934078161e-05,"LHX2",0.000149233301382971,"T2_prePB_to_PB","closing","T2_prePB_to_PB_closing",0.000149233301382971,FALSE,0.39643607000985
"MA0875.1",152,554,1.83397683397683,1.385,1.32417099926125,8.70342399671161e-05,"BARX1",0.000153516275518022,"T2_prePB_to_PB","closing","T2_prePB_to_PB_closing",0.000153516275518022,FALSE,0.40509052876499
"MA0035.4",217,830,2.61824324324324,2.075,1.26180397264735,8.70474323647765e-05,"GATA1",0.000153516275518022,"T2_prePB_to_PB","closing","T2_prePB_to_PB_closing",0.000153516275518022,FALSE,0.335488941431724
"MA0142.1",472,1955,5.6949806949807,4.8875,1.16521344142828,9.27371981795123e-05,"Pou5f1::Sox2",0.000163164976042255,"T2_prePB_to_PB","closing","T2_prePB_to_PB_closing",0.000163164976042255,FALSE,0.220595487167491
"MA1123.2",515,2149,6.21380308880309,5.3725,1.1565943394701,9.6251207166746e-05,"TWIST1",0.000168949177756218,"T2_prePB_to_PB","closing","T2_prePB_to_PB_closing",0.000168949177756218,FALSE,0.209884193869931
"MA1592.1",334,1342,4.02992277992278,3.355,1.20116923395612,9.88769373262941e-05,"ZNF274",0.000173150693064355,"T2_prePB_to_PB","closing","T2_prePB_to_PB_closing",0.000173150693064355,FALSE,0.26444062921185
"MA0654.1",113,394,1.36341698841699,0.985,1.38417968367207,0.000101314493116257,"ISX",0.000177003774858847,"T2_prePB_to_PB","closing","T2_prePB_to_PB_closing",0.000177003774858847,FALSE,0.469032277095724
"MA0856.1",430,1769,5.18822393822394,4.4225,1.17314277856957,0.000102493455387514,"RXRG",0.000178645134857677,"T2_prePB_to_PB","closing","T2_prePB_to_PB_closing",0.000178645134857677,FALSE,0.230379838530731
"MA1530.1",184,691,2.22007722007722,1.7275,1.28513876704904,0.000102925536458121,"NKX6-3",0.000178980070391045,"T2_prePB_to_PB","closing","T2_prePB_to_PB_closing",0.000178980070391045,FALSE,0.36192527012986
"MA0027.2",122,432,1.47200772200772,1.08,1.36297011297011,0.000113648125878998,"EN1",0.000197166283501704,"T2_prePB_to_PB","closing","T2_prePB_to_PB_closing",0.000197166283501704,FALSE,0.446754985755451
"MA1464.1",184,693,2.22007722007722,1.7325,1.28142985285842,0.000121379148050032,"ARNT2",0.000210090126323257,"T2_prePB_to_PB","closing","T2_prePB_to_PB_closing",0.000210090126323257,FALSE,0.357755631630102
"MA0900.2",84,279,1.01351351351351,0.6975,1.453065969195,0.000130987184680086,"HOXA2",0.000226195462433667,"T2_prePB_to_PB","closing","T2_prePB_to_PB_closing",0.000226195462433667,FALSE,0.539101195674854
"MA0888.1",117,413,1.41167953667954,1.0325,1.36724410332158,0.000134653652521347,"EVX2",0.000231455356638075,"T2_prePB_to_PB","closing","T2_prePB_to_PB_closing",0.000231455356638075,FALSE,0.451271895211155
"MA0701.2",117,413,1.41167953667954,1.0325,1.36724410332158,0.000134653652521347,"LHX9",0.000231455356638075,"T2_prePB_to_PB","closing","T2_prePB_to_PB_closing",0.000231455356638075,FALSE,0.451271895211155
"MA0889.1",105,364,1.26689189189189,0.91,1.39218889218889,0.000136837959802552,"GBX1",0.000234669236810814,"T2_prePB_to_PB","closing","T2_prePB_to_PB_closing",0.000234669236810814,FALSE,0.477356005608179
"MA0737.1",199,759,2.40106177606178,1.8975,1.26538170016431,0.000140867619380772,"GLIS3",0.000241025789123982,"T2_prePB_to_PB","closing","T2_prePB_to_PB_closing",0.000241025789123982,FALSE,0.339573777116995
"MA0618.1",130,468,1.56853281853282,1.17,1.34062634062634,0.000152633800914566,"LBX1",0.000260560218494888,"T2_prePB_to_PB","closing","T2_prePB_to_PB_closing",0.000260560218494888,FALSE,0.422908261442629
"MA0675.1",169,632,2.03909266409266,1.58,1.29056497727384,0.000153125455907895,"NKX6-2",0.000260802717139932,"T2_prePB_to_PB","closing","T2_prePB_to_PB_closing",0.000260802717139932,FALSE,0.368003897846198
"MA0716.1",139,506,1.67712355212355,1.265,1.32578936926763,0.00015958582638528,"PRRX1",0.000271186848481591,"T2_prePB_to_PB","closing","T2_prePB_to_PB_closing",0.000271186848481591,FALSE,0.406852678069846
"MA0499.2",731,3143,8.8199806949807,7.8575,1.12249197518049,0.000164692420488651,"MYOD1",0.000278850915002334,"T2_prePB_to_PB","closing","T2_prePB_to_PB_closing",0.000278850915002334,FALSE,0.166706416276904
"MA0630.1",137,498,1.65299227799228,1.245,1.32770464095765,0.000165217298164922,"SHOX",0.000278850915002334,"T2_prePB_to_PB","closing","T2_prePB_to_PB_closing",0.000278850915002334,FALSE,0.408935329363351
"MA0720.1",137,498,1.65299227799228,1.245,1.32770464095765,0.000165217298164922,"Shox2",0.000278850915002334,"T2_prePB_to_PB","closing","T2_prePB_to_PB_closing",0.000278850915002334,FALSE,0.408935329363351
"MA0775.1",368,1502,4.44015444015444,3.755,1.18246456462169,0.000167735822299692,"MEIS3",0.000282462581118669,"T2_prePB_to_PB","closing","T2_prePB_to_PB_closing",0.000282462581118669,FALSE,0.241798170479772
"MA0642.1",130,469,1.56853281853282,1.1725,1.33776786228812,0.000168515706543581,"EN2",0.000283136750183585,"T2_prePB_to_PB","closing","T2_prePB_to_PB_closing",0.000283136750183585,FALSE,0.419828870810089
"MA0768.1",437,1811,5.2726833976834,4.5275,1.1645904798859,0.000174740137531529,"LEF1",0.000292935151906787,"T2_prePB_to_PB","closing","T2_prePB_to_PB_closing",0.000292935151906787,FALSE,0.219823969213098
"MA0463.2",277,1101,3.34218146718147,2.7525,1.21423486546102,0.000178438892804965,"BCL6",0.000298465053884537,"T2_prePB_to_PB","closing","T2_prePB_to_PB_closing",0.000298465053884537,FALSE,0.280048692498778
"MA0723.1",136,495,1.64092664092664,1.2375,1.32600132600133,0.000184930211476758,"VAX2",0.000308630733247565,"T2_prePB_to_PB","closing","T2_prePB_to_PB_closing",0.000308630733247565,FALSE,0.407083306150074
"MA0903.1",154,571,1.85810810810811,1.4275,1.30165191461163,0.000190362655273617,"HOXB3",0.000316987814361872,"T2_prePB_to_PB","closing","T2_prePB_to_PB_closing",0.000316987814361872,FALSE,0.380344805551551
"MA0661.1",131,475,1.58059845559846,1.1875,1.3310302783987,0.000201500912712264,"MEOX1",0.000334787707980732,"T2_prePB_to_PB","closing","T2_prePB_to_PB_closing",0.000334787707980732,FALSE,0.412544474075109
"MA0782.2",678,2908,8.18050193050193,7.27,1.12524098081182,0.000217285777436533,"PKNOX1",0.000360211533261453,"T2_prePB_to_PB","closing","T2_prePB_to_PB_closing",0.000360211533261453,FALSE,0.17023528320003
"MA1150.1",291,1166,3.51110038610039,2.915,1.20449412902243,0.000220949897775174,"RORB",0.000365473666829889,"T2_prePB_to_PB","closing","T2_prePB_to_PB_closing",0.000365473666829889,FALSE,0.268428559330313
"MA0666.1",134,489,1.61679536679537,1.2225,1.32253199737862,0.000231511386538759,"MSX1",0.000382096226455562,"T2_prePB_to_PB","closing","T2_prePB_to_PB_closing",0.000382096226455562,FALSE,0.403303718226348
"MA1106.1",148,548,1.78571428571429,1.37,1.30344108446298,0.000234059292944985,"HIF1A",0.000385448636946929,"T2_prePB_to_PB","closing","T2_prePB_to_PB_closing",0.000385448636946929,FALSE,0.382326481366529
"MA0608.1",196,753,2.36486486486486,1.8825,1.25623631599727,0.00023804097297999,"Creb3l2",0.000391142215513376,"T2_prePB_to_PB","closing","T2_prePB_to_PB_closing",0.000391142215513376,FALSE,0.329109029732191
"MA0159.1",492,2067,5.93629343629344,5.1675,1.14877473368039,0.00025907996179636,"RARA::RXRA",0.000424777256044141,"T2_prePB_to_PB","closing","T2_prePB_to_PB_closing",0.000424777256044141,FALSE,0.200097179631618
"MA1657.1",271,1081,3.26978764478764,2.7025,1.20991217198433,0.000264556725285699,"ZNF652",0.000432805519875288,"T2_prePB_to_PB","closing","T2_prePB_to_PB_closing",0.000432805519875288,FALSE,0.274903517878125
"MA1601.1",707,3046,8.5304054054054,7.615,1.12021082145836,0.000265575706370317,"ZNF75D",0.000433521831405376,"T2_prePB_to_PB","closing","T2_prePB_to_PB_closing",0.000433521831405376,FALSE,0.163771558062578
"MA1594.1",333,1356,4.01785714285714,3.39,1.18520859671302,0.000281603940008386,"ZNF382",0.000458682400100996,"T2_prePB_to_PB","closing","T2_prePB_to_PB_closing",0.000458682400100996,FALSE,0.245142213047196
"MA0718.1",133,487,1.60472972972973,1.2175,1.31805316610245,0.000284281160587952,"RAX",0.00046203430457214,"T2_prePB_to_PB","closing","T2_prePB_to_PB_closing",0.00046203430457214,FALSE,0.398409659846462
"MA0689.1",466,1952,5.62258687258687,4.88,1.15216944110387,0.000287805194477808,"TBX20",0.000466744945827055,"T2_prePB_to_PB","closing","T2_prePB_to_PB_closing",0.000466744945827055,FALSE,0.204354151109019
"MA0845.1",317,1286,3.82480694980695,3.215,1.18967556759159,0.00029740586525502,"FOXB1",0.000481268493449555,"T2_prePB_to_PB","closing","T2_prePB_to_PB_closing",0.000481268493449555,FALSE,0.250569407353235
"MA0681.2",364,1496,4.39189189189189,3.74,1.17430264489088,0.000312767058912913,"PHOX2B",0.000505030792097474,"T2_prePB_to_PB","closing","T2_prePB_to_PB_closing",0.000505030792097474,FALSE,0.231805500728138
"MA0858.1",384,1587,4.63320463320463,3.9675,1.1677894475626,0.00033928482092732,"Rarb(var.2)",0.000546666255748987,"T2_prePB_to_PB","closing","T2_prePB_to_PB_closing",0.000546666255748987,FALSE,0.223781415155155
"MA1602.1",128,468,1.54440154440154,1.17,1.32000132000132,0.000341836076139622,"ZSCAN29",0.000548523813801119,"T2_prePB_to_PB","closing","T2_prePB_to_PB_closing",0.000548523813801119,FALSE,0.400540465228773
"MA0644.1",133,489,1.60472972972973,1.2225,1.31266235560714,0.000341908275358606,"ESX1",0.000548523813801119,"T2_prePB_to_PB","closing","T2_prePB_to_PB_closing",0.000548523813801119,FALSE,0.392496971471701
"MA0091.1",402,1669,4.8503861003861,4.1725,1.16246521279475,0.000362138663574584,"TAL1::TCF3",0.000579732710357595,"T2_prePB_to_PB","closing","T2_prePB_to_PB_closing",0.000579732710357595,FALSE,0.217188784743822
"MA1539.1",233,920,2.81129343629344,2.3,1.22230149404062,0.000374273701872828,"NR2F6(var.3)",0.000597876191856809,"T2_prePB_to_PB","closing","T2_prePB_to_PB_closing",0.000597876191856809,FALSE,0.289601365882616
"MA1575.1",239,947,2.88368725868726,2.3675,1.21803052109282,0.000393259081460705,"THRB(var.2)",0.000626861698225824,"T2_prePB_to_PB","closing","T2_prePB_to_PB_closing",0.000626861698225824,FALSE,0.284551468823779
"MA1645.1",511,2163,6.16554054054054,5.4075,1.14018317901813,0.000399931727595684,"NKX2-2",0.000636138739416589,"T2_prePB_to_PB","closing","T2_prePB_to_PB_closing",0.000636138739416589,FALSE,0.189266888156633
"MA1552.1",183,705,2.20801158301158,1.7625,1.25277252936827,0.000432365415576503,"RARB(var.3)",0.000686265106425684,"T2_prePB_to_PB","closing","T2_prePB_to_PB_closing",0.000686265106425684,FALSE,0.325125634462075
"MA0063.2",287,1160,3.46283783783784,2.9,1.19408201304753,0.00043761990075952,"NKX2-5",0.000693130458527817,"T2_prePB_to_PB","closing","T2_prePB_to_PB_closing",0.000693130458527817,FALSE,0.255903136727458
"MA0106.3",206,805,2.48552123552124,2.0125,1.23504160771241,0.00044646198338885,"TP53",0.000705636948322208,"T2_prePB_to_PB","closing","T2_prePB_to_PB_closing",0.000705636948322208,FALSE,0.304560814178428
"MA0634.1",146,549,1.76158301158301,1.3725,1.28348489004227,0.000528381635925099,"ALX3",0.000833346089640853,"T2_prePB_to_PB","closing","T2_prePB_to_PB_closing",0.000833346089640853,FALSE,0.360067435782485
"MA0502.2",337,1386,4.06611969111969,3.465,1.17348331634046,0.000537671085578814,"NFYB",0.000846208079835011,"T2_prePB_to_PB","closing","T2_prePB_to_PB_closing",0.000846208079835011,FALSE,0.230798560319502
"MA0833.2",323,1324,3.89720077220077,3.31,1.17740204598211,0.000550029712603997,"ATF4",0.000863836138110698,"T2_prePB_to_PB","closing","T2_prePB_to_PB_closing",0.000863836138110698,FALSE,0.235608265069733
"MA0726.1",127,469,1.53233590733591,1.1725,1.30689629623532,0.000551541417861744,"VSX2",0.000864390541438783,"T2_prePB_to_PB","closing","T2_prePB_to_PB_closing",0.000864390541438783,FALSE,0.386145770028612
"MA1112.2",531,2263,6.40685328185328,5.6575,1.13245307677477,0.000582917892215812,"NR4A1",0.000911649366023052,"T2_prePB_to_PB","closing","T2_prePB_to_PB_closing",0.000911649366023052,FALSE,0.179452547355284
"MA0074.1",217,857,2.61824324324324,2.1425,1.22205052193384,0.0005871473207458,"RXRA::VDR",0.000916342889699512,"T2_prePB_to_PB","closing","T2_prePB_to_PB_closing",0.000916342889699512,FALSE,0.28930511074709
"MA1479.1",188,731,2.26833976833977,1.8275,1.24122559143079,0.000594406198484577,"DMRTC2",0.000925734914550092,"T2_prePB_to_PB","closing","T2_prePB_to_PB_closing",0.000925734914550092,FALSE,0.311766509902561
"MA1116.1",731,3179,8.8199806949807,7.9475,1.10978052154523,0.000595955220199787,"RBPJ",0.000926213738060503,"T2_prePB_to_PB","closing","T2_prePB_to_PB_closing",0.000926213738060503,FALSE,0.150275686659076
"MA1495.1",77,265,0.929054054054054,0.6625,1.40234574196838,0.00077874310673184,"HOXA1",0.00120527460087542,"T2_prePB_to_PB","closing","T2_prePB_to_PB_closing",0.00120527460087542,FALSE,0.487843111879587
"MA0904.2",77,265,0.929054054054054,0.6625,1.40234574196838,0.00077874310673184,"HOXB5",0.00120527460087542,"T2_prePB_to_PB","closing","T2_prePB_to_PB_closing",0.00120527460087542,FALSE,0.487843111879587
"MA0722.1",150,571,1.80984555984556,1.4275,1.26784277397237,0.000787050946547385,"VAX1",0.00121561077872536,"T2_prePB_to_PB","closing","T2_prePB_to_PB_closing",0.00121561077872536,FALSE,0.342376984908695
"MA0629.1",144,546,1.73745173745174,1.365,1.27285841571556,0.000830620852028799,"Rhox11",0.00128025445374687,"T2_prePB_to_PB","closing","T2_prePB_to_PB_closing",0.00128025445374687,FALSE,0.348073085814224
"MA0684.2",567,2437,6.84121621621622,6.0925,1.12289145937074,0.000853773501560229,"RUNX3",0.00131322687044109,"T2_prePB_to_PB","closing","T2_prePB_to_PB_closing",0.00131322687044109,FALSE,0.167219765884857
"MA0717.1",118,436,1.42374517374517,1.09,1.30618823279374,0.000861563456856471,"RAX2",0.00131976660947624,"T2_prePB_to_PB","closing","T2_prePB_to_PB_closing",0.00131976660947624,FALSE,0.385363920955149
"MA0721.1",118,436,1.42374517374517,1.09,1.30618823279374,0.000861563456856471,"UNCX",0.00131976660947624,"T2_prePB_to_PB","closing","T2_prePB_to_PB_closing",0.00131976660947624,FALSE,0.385363920955149
"MA1642.1",595,2566,7.17905405405405,6.415,1.11910429525394,0.000883646259670301,"NEUROG2(var.2)",0.00135081989695501,"T2_prePB_to_PB","closing","T2_prePB_to_PB_closing",0.00135081989695501,FALSE,0.162345784119496
"MA0679.2",224,896,2.7027027027027,2.24,1.20656370656371,0.000993478132271502,"ONECUT1",0.00151561285618515,"T2_prePB_to_PB","closing","T2_prePB_to_PB_closing",0.00151561285618515,FALSE,0.27090528756805
"MA0077.1",195,770,2.35279922779923,1.925,1.22223336509051,0.00106554462291582,"SOX9",0.00162223732386775,"T2_prePB_to_PB","closing","T2_prePB_to_PB_closing",0.00162223732386775,FALSE,0.28952095040585
"MA0890.1",124,465,1.496138996139,1.1625,1.28700128700129,0.00118024188489144,"GBX2",0.00179319846462121,"T2_prePB_to_PB","closing","T2_prePB_to_PB_closing",0.00179319846462121,FALSE,0.364014617227988
"MA0650.2",247,1001,2.98021235521235,2.5025,1.1908940480369,0.00122097140063558,"HOXA13",0.00185131029445965,"T2_prePB_to_PB","closing","T2_prePB_to_PB_closing",0.00185131029445965,FALSE,0.25204627604969
"MA0078.1",274,1121,3.30598455598456,2.8025,1.17965550614971,0.00123078393975957,"Sox17",0.00186004208975548,"T2_prePB_to_PB","closing","T2_prePB_to_PB_closing",0.00186004208975548,FALSE,0.238366834997435
"MA1147.1",189,746,2.28040540540541,1.865,1.2227374827911,0.00123171687981127,"NR4A2::RXRA",0.00186004208975548,"T2_prePB_to_PB","closing","T2_prePB_to_PB_closing",0.00186004208975548,FALSE,0.290115875717685
"MA0724.1",97,352,1.1703667953668,0.88,1.32996226746227,0.00127180496688453,"VENTX",0.00191670001069871,"T2_prePB_to_PB","closing","T2_prePB_to_PB_closing",0.00191670001069871,FALSE,0.411386400176206
"MA1527.1",388,1634,4.68146718146718,4.085,1.14601399791118,0.00132082226375135,"NFIC(var.2)",0.00198655929185183,"T2_prePB_to_PB","closing","T2_prePB_to_PB_closing",0.00198655929185183,FALSE,0.19662592478461
"MA1562.1",132,502,1.59266409266409,1.255,1.26905505391561,0.00149433586493725,"SOX14",0.00224300715340682,"T2_prePB_to_PB","closing","T2_prePB_to_PB_closing",0.00224300715340682,FALSE,0.343755794096334
"MA1643.1",591,2563,7.13079150579151,6.4075,1.11288201416957,0.00152626582203102,"NFIB",0.00228633394223924,"T2_prePB_to_PB","closing","T2_prePB_to_PB_closing",0.00228633394223924,FALSE,0.154301945107651
"MA0032.2",358,1502,4.31949806949807,3.755,1.15033237536566,0.00153854375209001,"FOXC1",0.0023001074931045,"T2_prePB_to_PB","closing","T2_prePB_to_PB_closing",0.0023001074931045,FALSE,0.202052025767283
"MA0662.1",129,490,1.55646718146718,1.225,1.27058545425892,0.00159822650191151,"MIXL1",0.00238455394085198,"T2_prePB_to_PB","closing","T2_prePB_to_PB_closing",0.00238455394085198,FALSE,0.345494543740048
"MA0882.1",142,546,1.71332046332046,1.365,1.2551798266084,0.0016220897124992,"DLX6",0.0024153271966555,"T2_prePB_to_PB","closing","T2_prePB_to_PB_closing",0.0024153271966555,FALSE,0.327895219840374
"MA0479.1",303,1256,3.65588803088803,3.14,1.16429555123823,0.00163182396566689,"FOXH1",0.00242498143105079,"T2_prePB_to_PB","closing","T2_prePB_to_PB_closing",0.00242498143105079,FALSE,0.219458565557793
"MA1558.1",893,3962,10.7746138996139,9.905,1.08779544670509,0.00168483691912789,"SNAI1",0.00249878397946204,"T2_prePB_to_PB","closing","T2_prePB_to_PB_closing",0.00249878397946204,FALSE,0.121408618349841
"MA1608.1",150,582,1.80984555984556,1.455,1.24388010985949,0.00180778060703584,"Isl1",0.00267580224771574,"T2_prePB_to_PB","closing","T2_prePB_to_PB_closing",0.00267580224771574,FALSE,0.314848599284506
"MA0633.1",259,1063,3.125,2.6575,1.17591721542803,0.00196313952119294,"Twist2",0.00290000412437611,"T2_prePB_to_PB","closing","T2_prePB_to_PB_closing",0.00290000412437611,FALSE,0.233787724885686
"MA1104.2",257,1055,3.10086872586873,2.6375,1.17568482497392,0.00205981507316118,"GATA6",0.00303680245964079,"T2_prePB_to_PB","closing","T2_prePB_to_PB_closing",0.00303680245964079,FALSE,0.233502584572075
"MA0869.1",288,1194,3.47490347490348,2.985,1.16412176713684,0.00210861957280654,"Sox11",0.00310206945935459,"T2_prePB_to_PB","closing","T2_prePB_to_PB_closing",0.00310206945935459,FALSE,0.219243211338955
"MA0160.1",390,1654,4.70559845559846,4.135,1.13799237136601,0.0021124011867991,"NR4A2",0.00310206945935459,"T2_prePB_to_PB","closing","T2_prePB_to_PB_closing",0.00310206945935459,FALSE,0.186492154195255
"MA0744.2",435,1859,5.24855212355212,4.6475,1.12932805240498,0.00215724505498033,"SCRT2",0.00316169903932284,"T2_prePB_to_PB","closing","T2_prePB_to_PB_closing",0.00316169903932284,FALSE,0.17546590515986
"MA1533.1",240,981,2.8957528957529,2.4525,1.18073512568925,0.00225349631905012,"NR1I2",0.00329629069413998,"T2_prePB_to_PB","closing","T2_prePB_to_PB_closing",0.00329629069413998,FALSE,0.239686583113369
"MA0699.1",120,456,1.44787644787645,1.14,1.27006705954074,0.00229630625160603,"LBX2",0.00335233750234461,"T2_prePB_to_PB","closing","T2_prePB_to_PB_closing",0.00335233750234461,FALSE,0.344905809226592
"MA0152.1",428,1830,5.16409266409266,4.575,1.12876342384539,0.0024155284423728,"NFATC2",0.00351950042580099,"T2_prePB_to_PB","closing","T2_prePB_to_PB_closing",0.00351950042580099,FALSE,0.174744423212013
"MA0877.2",42,135,0.506756756756757,0.3375,1.5015015015015,0.00291702199329856,"BARHL1",0.00424190722612227,"T2_prePB_to_PB","closing","T2_prePB_to_PB_closing",0.00424190722612227,TRUE,0.586406878425402
"MA0906.1",80,290,0.965250965250965,0.725,1.33138064172547,0.0030808759157707,"HOXC12",0.00447146582327809,"T2_prePB_to_PB","closing","T2_prePB_to_PB_closing",0.00447146582327809,FALSE,0.412924180343161
"MA1146.1",198,801,2.38899613899614,2.0025,1.19300681098434,0.00320111720244641,"NR1H4::RXRA",0.00463695812237868,"T2_prePB_to_PB","closing","T2_prePB_to_PB_closing",0.00463695812237868,FALSE,0.254603488826502
"MA0674.1",173,691,2.08735521235521,1.7275,1.20830981901894,0.00324102687813572,"NKX6-1",0.00468567064164583,"T2_prePB_to_PB","closing","T2_prePB_to_PB_closing",0.00468567064164583,FALSE,0.272991613088619
"MA0635.1",58,200,0.69980694980695,0.5,1.3996138996139,0.00334741653237885,"BARHL2",0.0048301213407246,"T2_prePB_to_PB","closing","T2_prePB_to_PB_closing",0.0048301213407246,FALSE,0.485029927996107
"MA1585.1",200,811,2.41312741312741,2.0275,1.19019847749811,0.00341993554827444,"ZKSCAN1",0.00492523536488944,"T2_prePB_to_PB","closing","T2_prePB_to_PB_closing",0.00492523536488944,FALSE,0.25120338956644
"MA0636.1",117,449,1.41167953667954,1.1225,1.25762096808867,0.00364682494257701,"BHLHE41",0.00524187169010106,"T2_prePB_to_PB","closing","T2_prePB_to_PB_closing",0.00524187169010106,FALSE,0.330698323866741
"MA0828.1",139,546,1.67712355212355,1.365,1.22866194294766,0.00414067502466512,"SREBF2(var.2)",0.00594027609307727,"T2_prePB_to_PB","closing","T2_prePB_to_PB_closing",0.00594027609307727,FALSE,0.297089197866225
"MA0070.1",201,819,2.42519305019305,2.0475,1.18446547017976,0.00418147096081131,"PBX1",0.00598728855425189,"T2_prePB_to_PB","closing","T2_prePB_to_PB_closing",0.00598728855425189,FALSE,0.244237359413893
"MA1568.1",121,469,1.45994208494208,1.1725,1.24515316412971,0.00448550108384232,"TCF21(var.2)",0.0064103138094758,"T2_prePB_to_PB","closing","T2_prePB_to_PB_closing",0.0064103138094758,FALSE,0.316324375270305
"MA1463.1",132,517,1.59266409266409,1.2925,1.23223527478847,0.00458157897686243,"ARGFX",0.00653510117923398,"T2_prePB_to_PB","closing","T2_prePB_to_PB_closing",0.00653510117923398,FALSE,0.301278911701055
"MA0100.3",250,1040,3.01640926640927,2.6,1.16015741015741,0.00469924785820333,"MYB",0.00669015057675512,"T2_prePB_to_PB","closing","T2_prePB_to_PB_closing",0.00669015057675512,FALSE,0.214321807029868
"MA0612.2",95,359,1.14623552123552,0.8975,1.27714264204515,0.00514368966270076,"EMX1",0.00730893807309479,"T2_prePB_to_PB","closing","T2_prePB_to_PB_closing",0.00730893807309479,FALSE,0.352920795997529
"MA0854.1",98,372,1.18243243243243,0.93,1.27143272304563,0.0052210144910464,"Alx1",0.00740470876486808,"T2_prePB_to_PB","closing","T2_prePB_to_PB_closing",0.00740470876486808,FALSE,0.346456259569886
"MA0766.2",189,771,2.28040540540541,1.9275,1.18308970449048,0.00560664734605747,"GATA5",0.00793654444052917,"T2_prePB_to_PB","closing","T2_prePB_to_PB_closing",0.00793654444052917,FALSE,0.242560685598387
"MA0594.2",24,70,0.28957528957529,0.175,1.65471594043023,0.00580995890652312,"HOXA9",0.00820876769747395,"T2_prePB_to_PB","closing","T2_prePB_to_PB_closing",0.00820876769747395,TRUE,0.726584447507524
"MA1600.1",483,2107,5.8277027027027,5.2675,1.10635077412486,0.00600833429387984,"ZNF684",0.00846605356957546,"T2_prePB_to_PB","closing","T2_prePB_to_PB_closing",0.00846605356957546,FALSE,0.145810175893094
"MA1532.1",375,1612,4.5246138996139,4.03,1.12273297757169,0.00601475655747318,"NR1D2",0.00846605356957546,"T2_prePB_to_PB","closing","T2_prePB_to_PB_closing",0.00846605356957546,FALSE,0.167016133702604
"MA0886.1",91,344,1.09797297297297,0.86,1.2767127592709,0.00611677310645582,"EMX2",0.00859343265050102,"T2_prePB_to_PB","closing","T2_prePB_to_PB_closing",0.00859343265050102,FALSE,0.352435107366589
"MA0880.1",119,465,1.43581081081081,1.1625,1.23510607381575,0.00628849095658544,"Dlx3",0.00880152768032408,"T2_prePB_to_PB","closing","T2_prePB_to_PB_closing",0.00880152768032408,FALSE,0.304636117248769
"MA0881.1",119,465,1.43581081081081,1.1625,1.23510607381575,0.00628849095658544,"Dlx4",0.00880152768032408,"T2_prePB_to_PB","closing","T2_prePB_to_PB_closing",0.00880152768032408,FALSE,0.304636117248769
"MA1563.1",157,632,1.89430501930502,1.58,1.19892722740824,0.00653550325891215,"SOX18",0.00913012253024057,"T2_prePB_to_PB","closing","T2_prePB_to_PB_closing",0.00913012253024057,FALSE,0.261745295898527
"MA1588.1",335,1432,4.04198841698842,3.58,1.12904704385151,0.00658121293401552,"ZNF136",0.00917679410986089,"T2_prePB_to_PB","closing","T2_prePB_to_PB_closing",0.00917679410986089,FALSE,0.175106877742082
"MA1518.1",104,401,1.25482625482625,1.0025,1.25169701229552,0.00673388928013114,"LHX1",0.00937216679660044,"T2_prePB_to_PB","closing","T2_prePB_to_PB_closing",0.00937216679660044,FALSE,0.32388653613987
"MA1501.1",110,427,1.32722007722008,1.0675,1.2432974962249,0.00677160774905442,"HOXB7",0.00940711244095828,"T2_prePB_to_PB","closing","T2_prePB_to_PB_closing",0.00940711244095828,FALSE,0.314172706144581
"MA0083.3",129,510,1.55646718146718,1.275,1.22075857369975,0.00694196591630862,"SRF",0.00962584864975136,"T2_prePB_to_PB","closing","T2_prePB_to_PB_closing",0.00962584864975136,FALSE,0.287779092228904
"MA0873.1",67,244,0.808397683397683,0.61,1.32524210393063,0.00703785510584659,"HOXD12",0.00974070484037394,"T2_prePB_to_PB","closing","T2_prePB_to_PB_closing",0.00974070484037394,FALSE,0.406257033384903
"MA0007.3",197,811,2.3769305019305,2.0275,1.17234550033564,0.00710375070387315,"Ar",0.0098137000464618,"T2_prePB_to_PB","closing","T2_prePB_to_PB_closing",0.0098137000464618,FALSE,0.229399037707162
"MA0727.1",174,709,2.09942084942085,1.7725,1.18444053563941,0.00724671316929972,"NR3C2",0.00999269505415451,"T2_prePB_to_PB","closing","T2_prePB_to_PB_closing",0.00999269505415451,FALSE,0.244206988510826
"MA0757.1",196,807,2.36486486486486,2.0175,1.17217589336548,0.00727835386173404,"ONECUT3",0.0100178080827557,"T2_prePB_to_PB","closing","T2_prePB_to_PB_closing",0.0100178080827557,FALSE,0.229190303483548
"MA1555.1",177,725,2.13561776061776,1.8125,1.17827186792704,0.00839794702008279,"RXRB(var.2)",0.0115375110073329,"T2_prePB_to_PB","closing","T2_prePB_to_PB_closing",0.0115375110073329,FALSE,0.236673681459173
"MA1570.1",170,694,2.0511583011583,1.735,1.18222380470219,0.00845668799796875,"TFAP4(var.2)",0.0115968552325086,"T2_prePB_to_PB","closing","T2_prePB_to_PB_closing",0.0115968552325086,FALSE,0.241504395744939
"MA0874.1",87,331,1.04971042471042,0.8275,1.26853223529961,0.00858805840153493,"Arx",0.0117553973716423,"T2_prePB_to_PB","closing","T2_prePB_to_PB_closing",0.0117553973716423,FALSE,0.3431613181987
"MA0710.1",162,659,1.9546332046332,1.6475,1.18642379643897,0.00870291071055264,"NOTO",0.0118907900917075,"T2_prePB_to_PB","closing","T2_prePB_to_PB_closing",0.0118907900917075,FALSE,0.246620655742078
"MA0041.1",570,2525,6.87741312741313,6.3125,1.08949118850109,0.00987513352522171,"Foxd3",0.0134677323762621,"T2_prePB_to_PB","closing","T2_prePB_to_PB_closing",0.0134677323762621,FALSE,0.123655852579436
"MA0756.1",122,487,1.47200772200772,1.2175,1.20904125010901,0.0114721363489006,"ONECUT2",0.0156171783143792,"T2_prePB_to_PB","closing","T2_prePB_to_PB_closing",0.0156171783143792,FALSE,0.27386466059838
"MA0907.1",147,599,1.77364864864865,1.4975,1.18440644317105,0.0126315320055423,"HOXC13",0.0171641582443253,"T2_prePB_to_PB","closing","T2_prePB_to_PB_closing",0.0171641582443253,FALSE,0.244165461984253
"MA0113.3",178,739,2.1476833976834,1.8475,1.16248086478127,0.0138414263898893,"NR3C1",0.0187740074306499,"T2_prePB_to_PB","closing","T2_prePB_to_PB_closing",0.0187740074306499,FALSE,0.217208209731029
"MA1153.1",259,1105,3.125,2.7625,1.13122171945701,0.0139684859098477,"Smad4",0.0189119609596123,"T2_prePB_to_PB","closing","T2_prePB_to_PB_closing",0.0189119609596123,FALSE,0.177883000612508
"MA1468.1",228,966,2.75096525096525,2.415,1.13911604594834,0.0149729329438228,"ATOH7",0.0202351593769779,"T2_prePB_to_PB","closing","T2_prePB_to_PB_closing",0.0202351593769779,FALSE,0.187915993695319
"MA0259.1",60,223,0.723938223938224,0.5575,1.29854389944076,0.0158061179702433,"ARNT::HIF1A",0.0213225388893336,"T2_prePB_to_PB","closing","T2_prePB_to_PB_closing",0.0213225388893336,FALSE,0.376895898560515
"MA0711.1",87,340,1.04971042471042,0.85,1.23495344083579,0.0172105155866982,"OTX1",0.0231751708080809,"T2_prePB_to_PB","closing","T2_prePB_to_PB_closing",0.0231751708080809,FALSE,0.304457819791612
"MA0703.2",122,496,1.47200772200772,1.24,1.18710300161913,0.0199195340829103,"LMX1B",0.0267550524930766,"T2_prePB_to_PB","closing","T2_prePB_to_PB_closing",0.0267550524930766,FALSE,0.247446334345777
"MA0649.1",183,769,2.20801158301158,1.9225,1.14851057633892,0.0199407629841161,"HEY2",0.0267550524930766,"T2_prePB_to_PB","closing","T2_prePB_to_PB_closing",0.0267550524930766,FALSE,0.199765398328888
"MA0037.3",166,693,2.00289575289575,1.7325,1.15607258464401,0.0204521890238362,"GATA3",0.0273919802724988,"T2_prePB_to_PB","closing","T2_prePB_to_PB_closing",0.0273919802724988,FALSE,0.209233228999801
"MA0901.2",435,1926,5.24855212355212,4.815,1.09004197789245,0.0213592737450953,"HOXB13",0.0285555881968479,"T2_prePB_to_PB","closing","T2_prePB_to_PB_closing",0.0285555881968479,FALSE,0.12438501827738
"MA0621.1",121,493,1.45994208494208,1.2325,1.18453718859398,0.0216561857768463,"mix-a",0.0289007416628396,"T2_prePB_to_PB","closing","T2_prePB_to_PB_closing",0.0289007416628396,FALSE,0.24432471069891
"MA0467.1",253,1089,3.05260617760618,2.7225,1.12125112125112,0.0219303733677846,"Crx",0.0292143902363702,"T2_prePB_to_PB","closing","T2_prePB_to_PB_closing",0.0292143902363702,FALSE,0.165110714522978
"MA0864.2",124,507,1.496138996139,1.2675,1.18038579577041,0.0225068963723382,"E2F2",0.0299289566733767,"T2_prePB_to_PB","closing","T2_prePB_to_PB_closing",0.0299289566733767,FALSE,0.239259687469228
"MA0706.1",130,534,1.56853281853282,1.335,1.17493095021185,0.0228733584384118,"MEOX2",0.0303148906191324,"T2_prePB_to_PB","closing","T2_prePB_to_PB_closing",0.0303148906191324,FALSE,0.232577201100998
"MA0730.1",436,1933,5.26061776061776,4.8325,1.08859136277657,0.0228783960034471,"RARA(var.2)",0.0303148906191324,"T2_prePB_to_PB","closing","T2_prePB_to_PB_closing",0.0303148906191324,FALSE,0.122463819714114
"MA0141.3",375,1653,4.5246138996139,4.1325,1.09488539615581,0.0245469274694159,"ESRRB",0.0324680990996175,"T2_prePB_to_PB","closing","T2_prePB_to_PB_closing",0.0324680990996175,FALSE,0.130781185620849
"MA1497.1",101,407,1.21862934362934,1.0175,1.19767011658904,0.0252151291300201,"HOXA6",0.033292896161053,"T2_prePB_to_PB","closing","T2_prePB_to_PB_closing",0.033292896161053,FALSE,0.260231794932592
"MA1494.1",296,1291,3.57142857142857,3.2275,1.10656191213898,0.0263198984390354,"HNF4A(var.2)",0.0346901841616968,"T2_prePB_to_PB","closing","T2_prePB_to_PB_closing",0.0346901841616968,FALSE,0.146085475947574
"MA0670.1",282,1227,3.40250965250965,3.0675,1.10921260065514,0.0265995491475159,"NFIA",0.034996937679095,"T2_prePB_to_PB","closing","T2_prePB_to_PB_closing",0.034996937679095,FALSE,0.149537211246099
"MA0702.2",124,511,1.496138996139,1.2775,1.171145985236,0.028105965033346,"LMX1A",0.0369138202726692,"T2_prePB_to_PB","closing","T2_prePB_to_PB_closing",0.0369138202726692,FALSE,0.227922153177726
"MA0626.1",211,904,2.54584942084942,2.26,1.12648204462364,0.0283643111495153,"Npas2",0.0371876557425983,"T2_prePB_to_PB","closing","T2_prePB_to_PB_closing",0.0371876557425983,FALSE,0.171825598862746
"MA0704.1",89,356,1.0738416988417,0.89,1.20656370656371,0.028417536027525,"Lhx4",0.0371920734676029,"T2_prePB_to_PB","closing","T2_prePB_to_PB_closing",0.0371920734676029,FALSE,0.27090528756805
"MA0009.2",133,552,1.60472972972973,1.38,1.16284763023893,0.0292403368033055,"TBXT",0.0382013804649246,"T2_prePB_to_PB","closing","T2_prePB_to_PB_closing",0.0382013804649246,FALSE,0.217663311242373
"MA0068.2",66,256,0.796332046332046,0.64,1.24426882239382,0.0292911389087626,"PAX4",0.0382013804649246,"T2_prePB_to_PB","closing","T2_prePB_to_PB_closing",0.0382013804649246,FALSE,0.315299370693028
"MA0122.3",202,864,2.43725868725869,2.16,1.1283605033605,0.0295089594957638,"Nkx3-2",0.0384182963068757,"T2_prePB_to_PB","closing","T2_prePB_to_PB_closing",0.0384182963068757,FALSE,0.174229351026993
"MA0258.2",526,2362,6.3465250965251,5.905,1.07477139653262,0.0301986909187072,"ESR2",0.0392477760023616,"T2_prePB_to_PB","closing","T2_prePB_to_PB_closing",0.0392477760023616,FALSE,0.104031174084766
"MA1632.1",601,2714,7.25144787644788,6.785,1.06874692357375,0.0313096300495122,"ATF2",0.0406208417685845,"T2_prePB_to_PB","closing","T2_prePB_to_PB_closing",0.0406208417685845,FALSE,0.0959216170485779
"MA0610.1",137,572,1.65299227799228,1.43,1.15593865593866,0.0324582575747742,"DMRT3",0.0420379516506624,"T2_prePB_to_PB","closing","T2_prePB_to_PB_closing",0.0420379516506624,FALSE,0.209066086116814
"MA0647.1",90,363,1.08590733590734,0.9075,1.19659210568301,0.0335576052956207,"GRHL1",0.0433864359627956,"T2_prePB_to_PB","closing","T2_prePB_to_PB_closing",0.0433864359627956,FALSE,0.258932655866179
"MA0088.2",416,1855,5.01930501930502,4.6375,1.08232992330027,0.0347326695455159,"ZNF143",0.0448279783407524,"T2_prePB_to_PB","closing","T2_prePB_to_PB_closing",0.0448279783407524,FALSE,0.114141671448319
"MA1553.1",166,705,2.00289575289575,1.7625,1.13639475341603,0.0357677004508399,"RARG(var.3)",0.0460841183701668,"T2_prePB_to_PB","closing","T2_prePB_to_PB_closing",0.0460841183701668,FALSE,0.184465345459978
"MA0914.1",154,652,1.85810810810811,1.63,1.1399436246062,0.0380110863877631,"ISL2",0.0488901214573643,"T2_prePB_to_PB","closing","T2_prePB_to_PB_closing",0.0488901214573643,FALSE,0.188963743910716
"MA0861.1",235,1022,2.83542471042471,2.555,1.10975526826799,0.0389261321772894,"TP73",0.0499808857216143,"T2_prePB_to_PB","closing","T2_prePB_to_PB_closing",0.0499808857216143,FALSE,0.150242857501575
"MA0164.1",209,904,2.52171814671815,2.26,1.1158044896983,0.0406002112454153,"Nr2e3",0.0520408205997936,"T2_prePB_to_PB","closing","T2_prePB_to_PB_closing",0.0520408205997936,FALSE,0.158085554492016
"MA1519.1",83,336,1.00144787644788,0.84,1.19219985291414,0.0429600679908395,"LHX5",0.0549712019230982,"T2_prePB_to_PB","closing","T2_prePB_to_PB_closing",0.0549712019230982,FALSE,0.253627310542294
"MA0036.3",218,948,2.63030888030888,2.37,1.10983497059446,0.0449877345622307,"GATA2",0.0574672088757262,"T2_prePB_to_PB","closing","T2_prePB_to_PB_closing",0.0574672088757262,FALSE,0.150346467659504
"MA0671.1",237,1036,2.85955598455598,2.59,1.10407566971274,0.0461301302197667,"NFIX",0.0588257728956341,"T2_prePB_to_PB","closing","T2_prePB_to_PB_closing",0.0588257728956341,FALSE,0.142840359773432
"MA0725.1",110,458,1.32722007722008,1.145,1.15914417224461,0.0470361276003714,"VSX1",0.0598787562967186,"T2_prePB_to_PB","closing","T2_prePB_to_PB_closing",0.0598787562967186,FALSE,0.213061261910955
"MA0623.2",99,410,1.19449806949807,1.025,1.16536397024202,0.050437912833442,"NEUROG1",0.0640999709944596,"T2_prePB_to_PB","closing","T2_prePB_to_PB_closing",0.0640999709944596,FALSE,0.2207818504146
"MA0114.4",476,2150,5.74324324324324,5.375,1.06851037083595,0.0510901965205977,"HNF4A",0.0648185146332753,"T2_prePB_to_PB","closing","T2_prePB_to_PB_closing",0.0648185146332753,FALSE,0.0956022608862139
"MA0486.2",246,1081,2.96814671814672,2.7025,1.09829665796363,0.0519960510419763,"HSF1",0.0658557794181907,"T2_prePB_to_PB","closing","T2_prePB_to_PB_closing",0.0658557794181907,FALSE,0.135269103041894
"MA0804.1",114,478,1.37548262548263,1.195,1.15103148575952,0.0521191738756632,"TBX19",0.0658998367987199,"T2_prePB_to_PB","closing","T2_prePB_to_PB_closing",0.0658998367987199,FALSE,0.202928551439547
"MA0496.3",1173,5443,14.1529922779923,13.6075,1.04008761918003,0.0542759727296981,"MAFK",0.0685107879126138,"T2_prePB_to_PB","closing","T2_prePB_to_PB_closing",0.0685107879126138,FALSE,0.056706456255552
"MA0897.1",139,592,1.67712355212355,1.48,1.13319158927267,0.0544101434834822,"Hmx2",0.0685641335112799,"T2_prePB_to_PB","closing","T2_prePB_to_PB_closing",0.0685641335112799,FALSE,0.180393072082331
"MA0749.1",21,72,0.253378378378378,0.18,1.40765765765766,0.0562849119163227,"ZBED1",0.0708069886839405,"T2_prePB_to_PB","closing","T2_prePB_to_PB_closing",0.0708069886839405,FALSE,0.493297538089537
"MA0109.1",164,707,1.97876447876448,1.7675,1.11952728642969,0.0570696233225942,"HLTF",0.0715133438442404,"T2_prePB_to_PB","closing","T2_prePB_to_PB_closing",0.0715133438442404,FALSE,0.162890980335478
"MA1541.1",447,2019,5.39333976833977,5.0475,1.06851704177113,0.0570749648692189,"NR6A1",0.0715133438442404,"T2_prePB_to_PB","closing","T2_prePB_to_PB_closing",0.0715133438442404,FALSE,0.0956112678985082
"MA0503.1",488,2211,5.88803088803089,5.5275,1.06522494582196,0.0571339851624226,"Nkx2-5(var.2)",0.0715133438442404,"T2_prePB_to_PB","closing","T2_prePB_to_PB_closing",0.0715133438442404,FALSE,0.0911594739660883
"MA0794.1",124,526,1.496138996139,1.315,1.13774828603726,0.0596556307997507,"PROX1",0.0745445570797554,"T2_prePB_to_PB","closing","T2_prePB_to_PB_closing",0.0745445570797554,FALSE,0.186182680983467
"MA1572.1",192,837,2.31660231660232,2.0925,1.10709788129143,0.0609379657146677,"TGIF2LY",0.0760196027142845,"T2_prePB_to_PB","closing","T2_prePB_to_PB_closing",0.0760196027142845,FALSE,0.146784083165449
"MA0628.1",73,298,0.880791505791506,0.745,1.18227047757249,0.0635426471312992,"POU6F1",0.0791365855758751,"T2_prePB_to_PB","closing","T2_prePB_to_PB_closing",0.0791365855758751,FALSE,0.241561350555179
"MA0771.1",261,1158,3.14913127413127,2.895,1.08778282353412,0.0662045779342735,"HSF4",0.0823143585649467,"T2_prePB_to_PB","closing","T2_prePB_to_PB_closing",0.0823143585649467,FALSE,0.121391876714143
"MA0658.1",85,353,1.02557915057915,0.8825,1.16212934909819,0.0689149510014408,"LHX6",0.0855416862680113,"T2_prePB_to_PB","closing","T2_prePB_to_PB_closing",0.0855416862680113,FALSE,0.21677189615269
"MA0800.1",375,1692,4.5246138996139,4.23,1.06964867603165,0.0721522691033955,"EOMES",0.089411283639756,"T2_prePB_to_PB","closing","T2_prePB_to_PB_closing",0.089411283639756,FALSE,0.0971383728815316
"MA0777.1",32,121,0.386100386100386,0.3025,1.27636491272855,0.07721806755348,"MYBL2",0.0955301465918674,"T2_prePB_to_PB","closing","T2_prePB_to_PB_closing",0.0955301465918674,FALSE,0.352041984903355
"MA0770.1",277,1238,3.34218146718147,3.095,1.07986477130257,0.0781896921484503,"HSF2",0.0965720369912978,"T2_prePB_to_PB","closing","T2_prePB_to_PB_closing",0.0965720369912978,FALSE,0.110851994693225
"MA1571.1",211,932,2.54584942084942,2.33,1.09263923641606,0.0785713818725525,"TGIF2LX",0.0968830593007011,"T2_prePB_to_PB","closing","T2_prePB_to_PB_closing",0.0968830593007011,FALSE,0.127818456291577
"MA0161.2",445,2024,5.36920849420849,5.06,1.06110839806492,0.0793378322853434,"NFIC",0.0976667044304723,"T2_prePB_to_PB","closing","T2_prePB_to_PB_closing",0.0976667044304723,FALSE,0.085573402633073
"MA0484.2",464,2114,5.5984555984556,5.285,1.05931042544098,0.0806972473992566,"HNF4G",0.0991765182205031,"T2_prePB_to_PB","closing","T2_prePB_to_PB_closing",0.0991765182205031,FALSE,0.0831267875261846
"MA0071.1",313,1407,3.7765444015444,3.5175,1.07364446383636,0.0809645591576783,"RORA",0.0993413834401776,"T2_prePB_to_PB","closing","T2_prePB_to_PB_closing",0.0993413834401776,FALSE,0.102517669294657
"MA0125.1",122,524,1.47200772200772,1.31,1.12367001679979,0.0817559657438108,"Nobox",0.100147701879939,"T2_prePB_to_PB","closing","T2_prePB_to_PB_closing",0.100147701879939,FALSE,0.168219711801204
"MA0145.3",71,294,0.856660231660232,0.735,1.1655241247078,0.0849319855947526,"TFCP2",0.103867641399484,"T2_prePB_to_PB","closing","T2_prePB_to_PB_closing",0.103867641399484,FALSE,0.220980104338643
"MA1506.1",82,344,0.989382239382239,0.86,1.15044446439795,0.0875802733768413,"HOXD10",0.106931070276798,"T2_prePB_to_PB","closing","T2_prePB_to_PB_closing",0.106931070276798,FALSE,0.202192595811091
"MA0819.1",114,490,1.37548262548263,1.225,1.12284295957765,0.0909742692391173,"CLOCK",0.110893471981016,"T2_prePB_to_PB","closing","T2_prePB_to_PB_closing",0.110893471981016,FALSE,0.167157451883636
"MA1542.1",108,463,1.3030888030888,1.1575,1.12577866357564,0.092396151635546,"OSR1",0.112442951256309,"T2_prePB_to_PB","closing","T2_prePB_to_PB_closing",0.112442951256309,FALSE,0.17092449227416
"MA0143.4",227,1014,2.73889961389961,2.535,1.08043377274147,0.0998210967749061,"SOX2",0.121281006830749,"T2_prePB_to_PB","closing","T2_prePB_to_PB_closing",0.121281006830749,FALSE,0.111611977442285
"MA1546.1",63,261,0.760135135135135,0.6525,1.16495806150979,0.100002144046504,"PAX3(var.2)",0.121303413753971,"T2_prePB_to_PB","closing","T2_prePB_to_PB_closing",0.121303413753971,FALSE,0.220279257201819
"MA1540.1",499,2290,6.0207528957529,5.725,1.05165989445465,0.10163113708413,"NR5A1",0.123079266663573,"T2_prePB_to_PB","closing","T2_prePB_to_PB_closing",0.123079266663573,FALSE,0.0726695860418197
"MA0870.1",196,871,2.36486486486486,2.1775,1.08604586216527,0.102792513042974,"Sox1",0.124283978492801,"T2_prePB_to_PB","closing","T2_prePB_to_PB_closing",0.124283978492801,FALSE,0.119086355771001
"MA1105.2",321,1454,3.8730694980695,3.635,1.06549367209615,0.103084147918855,"GRHL2",0.124434909947356,"T2_prePB_to_PB","closing","T2_prePB_to_PB_closing",0.124434909947356,FALSE,0.0915233790805565
"MA0669.1",203,904,2.44932432432432,2.26,1.08377182492227,0.104438012018982,"NEUROG2",0.125865520139193,"T2_prePB_to_PB","closing","T2_prePB_to_PB_closing",0.125865520139193,FALSE,0.116062377811959
"MA1503.1",73,307,0.880791505791506,0.7675,1.1476110824645,0.105722601640334,"HOXB9",0.127208162618854,"T2_prePB_to_PB","closing","T2_prePB_to_PB_closing",0.127208162618854,FALSE,0.198635062501071
"MA0911.1",64,267,0.772200772200772,0.6675,1.15685508943936,0.108968915356504,"Hoxa11",0.130903077062725,"T2_prePB_to_PB","closing","T2_prePB_to_PB_closing",0.130903077062725,FALSE,0.21020940725843
"MA0092.1",345,1569,4.16264478764479,3.9225,1.06122238053404,0.109310806936566,"Hand1::Tcf3",0.131102671985014,"T2_prePB_to_PB","closing","T2_prePB_to_PB_closing",0.131102671985014,FALSE,0.0857283660250253
"MA1500.1",92,394,1.11003861003861,0.985,1.12694275130823,0.110005773511903,"HOXB6",0.131724409373804,"T2_prePB_to_PB","closing","T2_prePB_to_PB_closing",0.131724409373804,FALSE,0.172415508647818
"MA1576.1",493,2266,5.94835907335907,5.665,1.05001925390275,0.110410377177445,"THRB(var.3)",0.131997021433292,"T2_prePB_to_PB","closing","T2_prePB_to_PB_closing",0.131997021433292,FALSE,0.0704171563897195
"MA1505.1",67,281,0.808397683397683,0.7025,1.15074403330631,0.111931244110049,"HOXC8",0.133601132969754,"T2_prePB_to_PB","closing","T2_prePB_to_PB_closing",0.133601132969754,FALSE,0.202568215805494
"MA0115.1",367,1674,4.4280888030888,4.185,1.05808573550509,0.113530775901986,"NR1H2::RXRA",0.135116193082883,"T2_prePB_to_PB","closing","T2_prePB_to_PB_closing",0.135116193082883,FALSE,0.0814578956505277
"MA1480.1",145,638,1.74951737451737,1.595,1.0968760968761,0.113562805714433,"DPRX",0.135116193082883,"T2_prePB_to_PB","closing","T2_prePB_to_PB_closing",0.135116193082883,FALSE,0.133401883388576
"MA1478.1",135,593,1.628861003861,1.4825,1.09872580361619,0.118284540632147,"DMRTA2",0.140509979795513,"T2_prePB_to_PB","closing","T2_prePB_to_PB_closing",0.140509979795513,FALSE,0.13583270742907
"MA0651.1",64,270,0.772200772200772,0.675,1.14400114400114,0.128240827141931,"HOXC11",0.152094844273259,"T2_prePB_to_PB","closing","T2_prePB_to_PB_closing",0.152094844273259,FALSE,0.194089755907316
"MA0698.1",698,3246,8.42181467181467,8.115,1.03780833910224,0.130234734179365,"ZBTB18",0.15421446301239,"T2_prePB_to_PB","closing","T2_prePB_to_PB_closing",0.15421446301239,FALSE,0.0535414236602028
"MA0643.1",369,1690,4.45222007722008,4.225,1.05377989993375,0.130741592816431,"Esrrg",0.154569299906588,"T2_prePB_to_PB","closing","T2_prePB_to_PB_closing",0.154569299906588,FALSE,0.0755749358198622
"MA0885.1",112,490,1.35135135135135,1.225,1.10314396028682,0.132211041143267,"Dlx2",0.15605923527354,"T2_prePB_to_PB","closing","T2_prePB_to_PB_closing",0.15605923527354,FALSE,0.141622382720391
"MA0853.1",80,344,0.965250965250965,0.86,1.12238484331508,0.13645005424225,"Alx4",0.16080843675311,"T2_prePB_to_PB","closing","T2_prePB_to_PB_closing",0.16080843675311,FALSE,0.166568717431161
"MA0466.2",89,389,1.0738416988417,0.9725,1.10420740240792,0.160260390018566,"CEBPB",0.188571373744244,"T2_prePB_to_PB","closing","T2_prePB_to_PB_closing",0.188571373744244,FALSE,0.143012484386043
"MA0826.1",82,357,0.989382239382239,0.8925,1.1085515287196,0.161529337545457,"OLIG1",0.189765174502222,"T2_prePB_to_PB","closing","T2_prePB_to_PB_closing",0.189765174502222,FALSE,0.14867713387482
"MA1476.1",100,440,1.20656370656371,1.1,1.0968760968761,0.16207070315524,"DLX5",0.190101799612907,"T2_prePB_to_PB","closing","T2_prePB_to_PB_closing",0.190101799612907,FALSE,0.133401883388576
"MA0673.1",267,1221,3.2215250965251,3.0525,1.0553726769943,0.166219560289122,"NKX2-8",0.194662153807982,"T2_prePB_to_PB","closing","T2_prePB_to_PB_closing",0.194662153807982,FALSE,0.0777539055629586
"MA0898.1",139,622,1.67712355212355,1.555,1.07853604638171,0.168475259476176,"Hmx3",0.196994582396908,"T2_prePB_to_PB","closing","T2_prePB_to_PB_closing",0.196994582396908,FALSE,0.109075732097112
"MA1498.1",85,372,1.02557915057915,0.93,1.10277328019264,0.16975656363181,"HOXA7",0.197563801044197,"T2_prePB_to_PB","closing","T2_prePB_to_PB_closing",0.197563801044197,FALSE,0.141137525134625
"MA1502.1",85,372,1.02557915057915,0.93,1.10277328019264,0.16975656363181,"HOXB8",0.197563801044197,"T2_prePB_to_PB","closing","T2_prePB_to_PB_closing",0.197563801044197,FALSE,0.141137525134625
"MA0910.2",85,372,1.02557915057915,0.93,1.10277328019264,0.16975656363181,"HOXD8",0.197563801044197,"T2_prePB_to_PB","closing","T2_prePB_to_PB_closing",0.197563801044197,FALSE,0.141137525134625
"MA0596.1",455,2111,5.48986486486486,5.2775,1.04023967122025,0.172556522243366,"SREBF2",0.200509603728272,"T2_prePB_to_PB","closing","T2_prePB_to_PB_closing",0.200509603728272,FALSE,0.056917350488289
"MA0797.1",328,1512,3.95752895752896,3.78,1.04696533267962,0.178692020183823,"TGIF2",0.20731609184624,"T2_prePB_to_PB","closing","T2_prePB_to_PB_closing",0.20731609184624,FALSE,0.0662150502371007
"MA0595.1",480,2234,5.79150579150579,5.585,1.03697507457579,0.185773264019296,"SREBF1",0.215196979749061,"T2_prePB_to_PB","closing","T2_prePB_to_PB_closing",0.215196979749061,FALSE,0.0523826082407731
"MA0485.2",78,342,0.941119691119691,0.855,1.10072478493531,0.186149655635324,"HOXC9",0.215298671478995,"T2_prePB_to_PB","closing","T2_prePB_to_PB_closing",0.215298671478995,FALSE,0.138455106515998
"MA0672.1",277,1275,3.34218146718147,3.1875,1.04852751911575,0.19301868895084,"NKX2-3",0.222897742967998,"T2_prePB_to_PB","closing","T2_prePB_to_PB_closing",0.222897742967998,FALSE,0.06836610209003
"MA0619.1",316,1462,3.81274131274131,3.655,1.0431576779046,0.203696494527857,"LIN54",0.23486489168127,"T2_prePB_to_PB","closing","T2_prePB_to_PB_closing",0.23486489168127,FALSE,0.0609586270945405
"MA0738.1",460,2145,5.55019305019305,5.3625,1.03500103500104,0.204394632293605,"HIC2",0.23530616618986,"T2_prePB_to_PB","closing","T2_prePB_to_PB_closing",0.23530616618986,FALSE,0.0496336043265475
"MA0905.1",90,402,1.08590733590734,1.005,1.0805048118481,0.219945374806537,"HOXC10",0.252818566418608,"T2_prePB_to_PB","closing","T2_prePB_to_PB_closing",0.252818566418608,FALSE,0.111706832217666
"MA1111.1",477,2231,5.75530888030888,5.5775,1.03187967374431,0.221464321850067,"NR2F2",0.254172898615615,"T2_prePB_to_PB","closing","T2_prePB_to_PB_closing",0.254172898615615,FALSE,0.0452761477469145
"MA0827.1",85,379,1.02557915057915,0.9475,1.08240543596744,0.221979849205291,"OLIG3",0.254373221977184,"T2_prePB_to_PB","closing","T2_prePB_to_PB_closing",0.254373221977184,FALSE,0.114242322689011
"MA1120.1",219,1010,2.64237451737452,2.525,1.04648495737605,0.232975681141664,"SOX13",0.266564199588469,"T2_prePB_to_PB","closing","T2_prePB_to_PB_closing",0.266564199588469,FALSE,0.065552952434648
"MA0908.1",74,330,0.892857142857143,0.825,1.08225108225108,0.240251959701865,"HOXD11",0.274468548143325,"T2_prePB_to_PB","closing","T2_prePB_to_PB_closing",0.274468548143325,FALSE,0.114036576295631
"MA0602.1",127,578,1.53233590733591,1.445,1.0604400742809,0.24146246442177,"Arid5a",0.275429661251744,"T2_prePB_to_PB","closing","T2_prePB_to_PB_closing",0.275429661251744,FALSE,0.0846644566019805
"MA0482.2",322,1506,3.88513513513514,3.765,1.03190840242633,0.268772199439609,"GATA4",0.306113069896104,"T2_prePB_to_PB","closing","T2_prePB_to_PB_closing",0.306113069896104,FALSE,0.045316313389308
"MA0883.1",112,513,1.35135135135135,1.2825,1.05368526421158,0.281700742756394,"Dmbx1",0.320348710512607,"T2_prePB_to_PB","closing","T2_prePB_to_PB_closing",0.320348710512607,FALSE,0.0754453675025242
"MA0124.2",185,862,2.23214285714286,2.155,1.03579714948624,0.306215065204835,"Nkx3-1",0.34769625364202,"T2_prePB_to_PB","closing","T2_prePB_to_PB_closing",0.34769625364202,FALSE,0.0507428861249376
"MA0866.1",236,1108,2.84749034749035,2.77,1.02797485468966,0.326095934696415,"SOX21",0.369707549063109,"T2_prePB_to_PB","closing","T2_prePB_to_PB_closing",0.369707549063109,FALSE,0.0398063786090395
"MA1561.1",66,302,0.796332046332046,0.755,1.05474443222788,0.334268512675734,"SOX12",0.378398043180724,"T2_prePB_to_PB","closing","T2_prePB_to_PB_closing",0.378398043180724,FALSE,0.0768948397104181
"MA1636.1",351,1661,4.23503861003861,4.1525,1.01987684769142,0.345773200330309,"CEBPG(var.2)",0.390828496130925,"T2_prePB_to_PB","closing","T2_prePB_to_PB_closing",0.390828496130925,FALSE,0.028396368782082
"MA0607.1",105,488,1.26689189189189,1.22,1.03843597696057,0.348402285223858,"Bhlha15",0.393204394518907,"T2_prePB_to_PB","closing","T2_prePB_to_PB_closing",0.393204394518907,FALSE,0.0544136612615512
"MA0029.1",304,1440,3.66795366795367,3.6,1.01887601887602,0.364996691255435,"Mecom",0.411310470810505,"T2_prePB_to_PB","closing","T2_prePB_to_PB_closing",0.411310470810505,FALSE,0.0269799249433286
"MA0483.1",749,3584,9.03716216216216,8.96,1.0086118484556,0.398255322540271,"Gfi1b",0.44811232370293,"T2_prePB_to_PB","closing","T2_prePB_to_PB_closing",0.44811232370293,FALSE,0.0123725086401857
"MA0805.1",552,2639,6.66023166023166,6.5975,1.00950839867096,0.406132785636764,"TBX1",0.456287738079859,"T2_prePB_to_PB","closing","T2_prePB_to_PB_closing",0.456287738079859,FALSE,0.0136543424206146
"MA1580.1",169,802,2.03909266409266,2.005,1.01700382249011,0.415838437904014,"ZBTB32",0.4664894356036,"T2_prePB_to_PB","closing","T2_prePB_to_PB_closing",0.4664894356036,FALSE,0.0243265202633247
"MA0821.1",207,985,2.49758687258687,2.4625,1.01424847617741,0.421219449001191,"HES5",0.471816379812145,"T2_prePB_to_PB","closing","T2_prePB_to_PB_closing",0.471816379812145,FALSE,0.0204125574453957
"MA0896.1",123,584,1.48407335907336,1.46,1.01648860210504,0.435151055522674,"Hmx1",0.486690685786979,"T2_prePB_to_PB","closing","T2_prePB_to_PB_closing",0.486690685786979,FALSE,0.0235954576143053
"MA0837.1",83,395,1.00144787644788,0.9875,1.01412443184595,0.462676909175444,"CEBPE",0.516655676962285,"T2_prePB_to_PB","closing","T2_prePB_to_PB_closing",0.516655676962285,FALSE,0.020236102746255
"MA1557.1",63,299,0.760135135135135,0.7475,1.01690319081623,0.463327946230253,"SMAD5",0.516655676962285,"T2_prePB_to_PB","closing","T2_prePB_to_PB_closing",0.516655676962285,FALSE,0.0241837598782528
"MA0838.1",82,391,0.989382239382239,0.9775,1.01215574361354,0.471004856205946,"CEBPG",0.524432272730799,"T2_prePB_to_PB","closing","T2_prePB_to_PB_closing",0.524432272730799,FALSE,0.0174327245415478
"MA0743.2",385,1856,4.64527027027027,4.64,1.00113583410997,0.499406171157619,"SCRT1",0.555226533060482,"T2_prePB_to_PB","closing","T2_prePB_to_PB_closing",0.555226533060482,FALSE,0.00163917337510512
"MA1524.1",145,701,1.74951737451737,1.7525,0.998298073904351,0.52448588007465,"MSGN1",0.582241765678108,"T2_prePB_to_PB","closing","T2_prePB_to_PB_closing",0.582241765678108,FALSE,-0.00245600697892976
"MA0783.1",453,2190,5.46573359073359,5.475,0.99830750515682,0.525540847857994,"PKNOX2",0.582546021548386,"T2_prePB_to_PB","closing","T2_prePB_to_PB_closing",0.582546021548386,FALSE,-0.00244237743919432
"MA0461.2",103,502,1.24276061776062,1.255,0.990247504191727,0.562581264546882,"Atoh1",0.622678966397587,"T2_prePB_to_PB","closing","T2_prePB_to_PB_closing",0.622678966397587,FALSE,-0.0141374780019079
"MA0682.2",126,615,1.52027027027027,1.5375,0.988793671720501,0.573043661170434,"PITX1",0.633319364789843,"T2_prePB_to_PB","closing","T2_prePB_to_PB_closing",0.633319364789843,FALSE,-0.0162571258189432
"MA0752.1",180,879,2.17181467181467,2.1975,0.988311568516347,0.584612215069843,"ZNF410",0.645148982902519,"T2_prePB_to_PB","closing","T2_prePB_to_PB_closing",0.645148982902519,FALSE,-0.0169607071942582
"MA0796.1",314,1530,3.78861003861004,3.825,0.990486284603932,0.587308657736036,"TGIF1",0.64716729493513,"T2_prePB_to_PB","closing","T2_prePB_to_PB_closing",0.64716729493513,FALSE,-0.0137896402739621
"MA0817.1",65,320,0.784266409266409,0.8,0.980333011583011,0.593757685253165,"BHLHE23",0.653308603538143,"T2_prePB_to_PB","closing","T2_prePB_to_PB_closing",0.653308603538143,FALSE,-0.0286547183590401
"MA0795.1",80,397,0.965250965250965,0.9925,0.972545053149587,0.630304054188994,"SMAD3",0.692499005044168,"T2_prePB_to_PB","closing","T2_prePB_to_PB_closing",0.692499005044168,FALSE,-0.0401615269711406
"MA1573.1",571,2791,6.88947876447876,6.9775,0.987384989534757,0.645784030803004,"THAP11",0.708463069086825,"T2_prePB_to_PB","closing","T2_prePB_to_PB_closing",0.708463069086825,FALSE,-0.0183139207138934
"MA0801.1",497,2433,5.99662162162162,6.0825,0.985881072194266,0.6515197612219,"MGA",0.71265944555944,"T2_prePB_to_PB","closing","T2_prePB_to_PB_closing",0.71265944555944,FALSE,-0.0205130081579302
"MA0803.1",497,2433,5.99662162162162,6.0825,0.985881072194266,0.6515197612219,"TBX15",0.71265944555944,"T2_prePB_to_PB","closing","T2_prePB_to_PB_closing",0.71265944555944,FALSE,-0.0205130081579302
"MA0891.1",114,568,1.37548262548263,1.42,0.96864973625537,0.665949667162007,"GSC2",0.72737694246392,"T2_prePB_to_PB","closing","T2_prePB_to_PB_closing",0.72737694246392,FALSE,-0.0459515240900744
"MA0513.1",794,3881,9.58011583011583,9.7025,0.987386326216525,0.67037537500046,"SMAD2::SMAD3::SMAD4",0.731140394371846,"T2_prePB_to_PB","closing","T2_prePB_to_PB_closing",0.731140394371846,FALSE,-0.0183119676551373
"MA0648.1",104,521,1.25482625482625,1.3025,0.963398276258161,0.683070477455922,"GSC",0.743898651360756,"T2_prePB_to_PB","closing","T2_prePB_to_PB_closing",0.743898651360756,FALSE,-0.0537942547689429
"MA0818.1",60,304,0.723938223938224,0.76,0.952550294655558,0.68620145063804,"BHLHE22",0.746219070227373,"T2_prePB_to_PB","closing","T2_prePB_to_PB_closing",0.746219070227373,FALSE,-0.0701313114124765
"MA0678.1",63,324,0.760135135135135,0.81,0.938438438438439,0.735537440342914,"OLIG2",0.798705866806134,"T2_prePB_to_PB","closing","T2_prePB_to_PB_closing",0.798705866806134,FALSE,-0.0916644501867961
"MA1649.1",420,2081,5.06756756756757,5.2025,0.97406392456849,0.740918998506101,"ZBTB12",0.803380193147604,"T2_prePB_to_PB","closing","T2_prePB_to_PB_closing",0.803380193147604,FALSE,-0.0379101590978761
"MA0038.2",360,1792,4.34362934362934,4.48,0.969560121345836,0.758397728789301,"GFI1",0.821138905191319,"T2_prePB_to_PB","closing","T2_prePB_to_PB_closing",0.821138905191319,FALSE,-0.0445962458765479
"MA0505.1",650,3222,7.84266409266409,8.055,0.973639241795666,0.793665951576366,"Nr5a2",0.8580794201101,"T2_prePB_to_PB","closing","T2_prePB_to_PB_closing",0.8580794201101,FALSE,-0.038539297173385
"MA0119.1",392,1962,4.72972972972973,4.905,0.964267019312891,0.804278854904704,"NFIC::TLX1",0.868295261590317,"T2_prePB_to_PB","closing","T2_prePB_to_PB_closing",0.868295261590317,FALSE,-0.0524938940847137
"MA0668.1",64,339,0.772200772200772,0.8475,0.91115135362923,0.817260603398916,"NEUROD2",0.881035274762415,"T2_prePB_to_PB","closing","T2_prePB_to_PB_closing",0.881035274762415,FALSE,-0.134235787898476
"MA1493.1",145,748,1.74951737451737,1.87,0.935570788511965,0.83001829865348,"HES6",0.893497331595233,"T2_prePB_to_PB","closing","T2_prePB_to_PB_closing",0.893497331595233,FALSE,-0.0960797359626549
"MA1559.1",707,3525,8.5304054054054,8.8125,0.967989265861606,0.850720919104948,"SNAI3",0.914463696905319,"T2_prePB_to_PB","closing","T2_prePB_to_PB_closing",0.914463696905319,FALSE,-0.0469355550980277
"MA1531.1",423,2140,5.10376447876448,5.35,0.95397466892794,0.874473561271578,"NR1D1",0.938643563609492,"T2_prePB_to_PB","closing","T2_prePB_to_PB_closing",0.938643563609492,FALSE,-0.0679756240073485
"MA0592.3",490,2474,5.91216216216216,6.185,0.955887172540366,0.88209525119139,"ESRRA",0.94546416291491,"T2_prePB_to_PB","closing","T2_prePB_to_PB_closing",0.94546416291491,FALSE,-0.0650862448383371
"MA0111.1",361,1841,4.35569498069498,4.6025,0.946375878477997,0.891878227462542,"Spz1",0.95457841848932,"T2_prePB_to_PB","closing","T2_prePB_to_PB_closing",0.95457841848932,FALSE,-0.0795132681587467
"MA0714.1",127,677,1.53233590733591,1.6925,0.905368335205854,0.907331897336588,"PITX3",0.969727214058875,"T2_prePB_to_PB","closing","T2_prePB_to_PB_closing",0.969727214058875,FALSE,-0.143421651451199
"MA1108.2",457,2340,5.51399613899614,5.85,0.942563442563442,0.932657751783967,"MXI1",0.995368644965435,"T2_prePB_to_PB","closing","T2_prePB_to_PB_closing",0.995368644965435,FALSE,-0.085336836942725
"MA0879.1",132,717,1.59266409266409,1.7925,0.888515532866997,0.945280712104589,"Dlx1",1,"T2_prePB_to_PB","closing","T2_prePB_to_PB_closing",1,FALSE,-0.170529473767547
"MA0102.4",233,1233,2.81129343629344,3.0825,0.912017335375,0.950698878902788,"CEBPA",1,"T2_prePB_to_PB","closing","T2_prePB_to_PB_closing",1,FALSE,-0.132865266014142
"MA1589.1",417,2157,5.03137065637066,5.3925,0.933031183378888,0.952617062635156,"ZNF140",1,"T2_prePB_to_PB","closing","T2_prePB_to_PB_closing",1,FALSE,-0.100001249608468
"MA1566.1",534,2746,6.44305019305019,6.865,0.938536080560844,0.958989967080377,"TBX3",1,"T2_prePB_to_PB","closing","T2_prePB_to_PB_closing",1,FALSE,-0.091514349421574
"MA0095.2",373,1944,4.50048262548263,4.86,0.926025231580787,0.959840747165228,"YY1",1,"T2_prePB_to_PB","closing","T2_prePB_to_PB_closing",1,FALSE,-0.110875033544934
"MA0822.1",210,1124,2.53378378378378,2.81,0.90170241415793,0.960899630279818,"HES7",1,"T2_prePB_to_PB","closing","T2_prePB_to_PB_closing",1,FALSE,-0.149275110724759
"MA0090.3",368,1926,4.44015444015444,4.815,0.922150454860735,0.966475336328553,"TEAD1",1,"T2_prePB_to_PB","closing","T2_prePB_to_PB_closing",1,FALSE,-0.116924375434534
"MA1471.1",215,1156,2.59411196911197,2.89,0.89761659830864,0.968552551990645,"BARX2",1,"T2_prePB_to_PB","closing","T2_prePB_to_PB_closing",1,FALSE,-0.155827133798368
"MA0836.2",199,1078,2.40106177606178,2.695,0.890932013380993,0.972150194457638,"CEBPD",1,"T2_prePB_to_PB","closing","T2_prePB_to_PB_closing",1,FALSE,-0.166611131036957
"MA0808.1",301,1634,3.63175675675676,4.085,0.889046941678521,0.991798575333894,"TEAD3",1,"T2_prePB_to_PB","closing","T2_prePB_to_PB_closing",1,FALSE,-0.169666876780617
"MA0820.1",511,2700,6.16554054054054,6.75,0.913413413413413,0.992394736424362,"FIGLA",1,"T2_prePB_to_PB","closing","T2_prePB_to_PB_closing",1,FALSE,-0.130658539683915
"MA0019.1",241,1334,2.90781853281853,3.335,0.871909605043038,0.993810037050676,"Ddit3::Cebpa",1,"T2_prePB_to_PB","closing","T2_prePB_to_PB_closing",1,FALSE,-0.19774786845436
"MA0809.2",358,1949,4.31949806949807,4.8725,0.886505504258198,0.996399452953296,"TEAD4",1,"T2_prePB_to_PB","closing","T2_prePB_to_PB_closing",1,FALSE,-0.173796878736187
"MA1565.1",756,3965,9.12162162162162,9.9125,0.920214034968133,0.997005214130137,"TBX18",1,"T2_prePB_to_PB","closing","T2_prePB_to_PB_closing",1,FALSE,-0.11995706672618
"MA0719.1",224,1264,2.7027027027027,3.16,0.855285665412248,0.997040965833015,"RHOXF1",1,"T2_prePB_to_PB","closing","T2_prePB_to_PB_closing",1,FALSE,-0.225520047458548
"MA1121.1",277,1552,3.34218146718147,3.88,0.861386976077698,0.998275420731081,"TEAD2",1,"T2_prePB_to_PB","closing","T2_prePB_to_PB_closing",1,FALSE,-0.215264909424781
"MA0688.1",455,2471,5.48986486486486,6.1775,0.888687149310379,0.998566944352078,"TBX2",1,"T2_prePB_to_PB","closing","T2_prePB_to_PB_closing",1,FALSE,-0.17025084498038
"MA0690.1",432,2380,5.21235521235521,5.95,0.87602608611012,0.999441038625621,"TBX21",1,"T2_prePB_to_PB","closing","T2_prePB_to_PB_closing",1,FALSE,-0.190952617306776
"MA1567.1",448,2463,5.4054054054054,6.1575,0.877857150695153,0.999459810024727,"TBX6",1,"T2_prePB_to_PB","closing","T2_prePB_to_PB_closing",1,FALSE,-0.187940255151375
"MA0112.3",262,1502,3.16119691119691,3.755,0.841863358507833,0.999492136308402,"ESR1",1,"T2_prePB_to_PB","closing","T2_prePB_to_PB_closing",1,FALSE,-0.248340290422304
"MA1581.1",694,3764,8.37355212355212,9.41,0.889856761270151,0.999889822325357,"ZBTB6",1,"T2_prePB_to_PB","closing","T2_prePB_to_PB_closing",1,FALSE,-0.168353347021697
"MA0494.1",571,3262,6.88947876447876,8.155,0.844816525380597,0.999999339964714,"Nr1h3::Rxra",1,"T2_prePB_to_PB","closing","T2_prePB_to_PB_closing",1,FALSE,-0.243288331784954
"MA1621.1",699,3945,8.43388030888031,9.8625,0.85514629240865,0.999999714825151,"Rbpjl",1,"T2_prePB_to_PB","closing","T2_prePB_to_PB_closing",1,FALSE,-0.225755160589516
"MA0802.1",403,2419,4.86245173745174,6.0475,0.804043280273127,0.999999916525528,"TBR1",1,"T2_prePB_to_PB","closing","T2_prePB_to_PB_closing",1,FALSE,-0.31465313928995
"MA0631.1",191,1266,2.30453667953668,3.165,0.728131652302269,0.99999992167076,"Six3",1,"T2_prePB_to_PB","closing","T2_prePB_to_PB_closing",1,FALSE,-0.457726788165413
"MA0712.2",203,1336,2.44932432432432,3.34,0.733330636025247,0.999999936703868,"OTX2",1,"T2_prePB_to_PB","closing","T2_prePB_to_PB_closing",1,FALSE,-0.447462316108666
"MA0693.2",326,2020,3.93339768339768,5.05,0.778890630375779,0.99999996462559,"VDR",1,"T2_prePB_to_PB","closing","T2_prePB_to_PB_closing",1,FALSE,-0.360505479302959
"MA0806.1",362,2216,4.36776061776062,5.54,0.788404443639101,0.999999967860304,"TBX4",1,"T2_prePB_to_PB","closing","T2_prePB_to_PB_closing",1,FALSE,-0.342990357212176
"MA0807.1",362,2216,4.36776061776062,5.54,0.788404443639101,0.999999967860304,"TBX5",1,"T2_prePB_to_PB","closing","T2_prePB_to_PB_closing",1,FALSE,-0.342990357212176
"MA0745.2",742,4228,8.9527027027027,10.57,0.846991741031476,0.999999980216546,"SNAI2",1,"T2_prePB_to_PB","closing","T2_prePB_to_PB_closing",1,FALSE,-0.239578489583451
"MA0860.1",496,3011,5.98455598455598,7.5275,0.79502570369392,0.999999999623131,"Rarg(var.2)",1,"T2_prePB_to_PB","closing","T2_prePB_to_PB_closing",1,FALSE,-0.330924775823976
"MA1620.1",675,3968,8.14430501930502,9.92,0.820998489849296,0.999999999755457,"Ptf1a(var.3)",1,"T2_prePB_to_PB","closing","T2_prePB_to_PB_closing",1,FALSE,-0.284546769342405
"MA1125.1",1003,5726,12.101833976834,14.315,0.845395317976526,0.999999999977725,"ZNF384",1,"T2_prePB_to_PB","closing","T2_prePB_to_PB_closing",1,FALSE,-0.242300265992247
"MA0829.2",439,2751,5.29681467181467,6.8775,0.77016571018752,0.999999999978991,"SREBF1(var.2)",1,"T2_prePB_to_PB","closing","T2_prePB_to_PB_closing",1,FALSE,-0.376757329692383
"MA1596.1",1801,9871,21.7302123552124,24.6775,0.880567819074556,0.999999999999264,"ZNF460",1,"T2_prePB_to_PB","closing","T2_prePB_to_PB_closing",1,FALSE,-0.183492335512568
"MA0497.1",843,4975,10.171332046332,12.4375,0.817795541413632,0.999999999999668,"MEF2C",1,"T2_prePB_to_PB","closing","T2_prePB_to_PB_closing",1,FALSE,-0.290186133387663
"MA0052.4",917,5569,11.0641891891892,13.9225,0.794698451369308,1,"MEF2A",1,"T2_prePB_to_PB","closing","T2_prePB_to_PB_closing",1,FALSE,-0.331518746440868
"MA0729.1",527,3438,6.35859073359073,8.595,0.73980113247129,1,"RARA",1,"T2_prePB_to_PB","closing","T2_prePB_to_PB_closing",1,FALSE,-0.434788635867303
"MA0017.2",598,4029,7.21525096525096,10.0725,0.716331691759838,1,"NR2F1",1,"T2_prePB_to_PB","closing","T2_prePB_to_PB_closing",1,FALSE,-0.481298310084797
"MA0660.1",574,3878,6.92567567567568,9.695,0.714355407496202,1,"MEF2B",1,"T2_prePB_to_PB","closing","T2_prePB_to_PB_closing",1,FALSE,-0.485284049993617
"MA0773.1",709,4868,8.55453667953668,12.17,0.702920022969325,1,"MEF2D",1,"T2_prePB_to_PB","closing","T2_prePB_to_PB_closing",1,FALSE,-0.508565491181499
"MA0857.1",593,4276,7.15492277992278,10.69,0.669309895221963,1,"Rarb",1,"T2_prePB_to_PB","closing","T2_prePB_to_PB_closing",1,FALSE,-0.579251595816844
"MA0728.1",692,5106,8.34942084942085,12.765,0.654087023064696,1,"Nr2f6(var.2)",1,"T2_prePB_to_PB","closing","T2_prePB_to_PB_closing",1,FALSE,-0.612443297246956
"MA0859.1",603,4472,7.27557915057915,11.18,0.650767365883645,1,"Rarg",1,"T2_prePB_to_PB","closing","T2_prePB_to_PB_closing",1,FALSE,-0.619783972168287
"MA1587.1",1198,8897,14.4546332046332,22.2425,0.649865491947092,1,"ZNF135",1,"T2_prePB_to_PB","closing","T2_prePB_to_PB_closing",1,FALSE,-0.621784732422363
"MA1547.1",538,5079,6.49131274131274,12.6975,0.511227622863772,1,"PITX2",1,"T2_prePB_to_PB","closing","T2_prePB_to_PB_closing",1,FALSE,-0.96795948217913
"MA0087.1",0,0,0,0,NA,1,"Sox5",1,"T2_prePB_to_PB","closing","T2_prePB_to_PB_closing",1,FALSE,NA
"MA1513.1",431,2759,31.1191335740072,6.8975,4.51165401580387,1.06113578179857e-169,"KLF15",7.91607293221736e-167,"T3_PB_to_PC","opening","T3_PB_to_PC_opening",7.91607293221736e-167,TRUE,2.17365675611945
"MA1564.1",375,3159,27.0758122743682,7.8975,3.42840294705517,4.55051642925108e-106,"SP9",1.69734262811065e-103,"T3_PB_to_PC","opening","T3_PB_to_PC_opening",1.69734262811065e-103,TRUE,1.77753710305594
"MA1653.1",509,5525,36.7509025270758,13.8125,2.66069882548965,1.11540684784333e-105,"ZNF148",2.77364502830376e-103,"T3_PB_to_PC","opening","T3_PB_to_PC_opening",2.77364502830376e-103,TRUE,1.41180575774644
"MA0746.2",379,3298,27.3646209386282,8.245,3.31893522603131,6.22001568827427e-103,"SP3",1.16003292586315e-100,"T3_PB_to_PC","opening","T3_PB_to_PC_opening",1.16003292586315e-100,TRUE,1.73072090803257
"MA0162.4",287,1979,20.7220216606498,4.9475,4.18838234677106,4.15712888738944e-100,"EGR1",6.20243629998505e-98,"T3_PB_to_PC","opening","T3_PB_to_PC_opening",6.20243629998505e-98,TRUE,2.06639349269264
"MA0599.1",472,5235,34.0794223826715,13.0875,2.60396732627862,4.9804446910407e-93,"KLF5",6.19235289919394e-91,"T3_PB_to_PC","opening","T3_PB_to_PC_opening",6.19235289919394e-91,TRUE,1.38071190019377
"MA0685.1",328,2842,23.6823104693141,7.105,3.33318936936159,4.5654147727649e-88,"SP4",4.86542774354659e-86,"T3_PB_to_PC","opening","T3_PB_to_PC_opening",4.86542774354659e-86,TRUE,1.73690371681534
"MA0741.1",366,3629,26.4259927797834,9.0725,2.91275753979426,1.98070880721685e-82,"KLF16",1.84701096272972e-80,"T3_PB_to_PC","opening","T3_PB_to_PC_opening",1.84701096272972e-80,TRUE,1.54238611071966
"MA0079.4",337,3214,24.3321299638989,8.035,3.02826757484741,1.56027694990696e-79,"SP1",1.29329622736733e-77,"T3_PB_to_PC","opening","T3_PB_to_PC_opening",1.29329622736733e-77,TRUE,1.59849316252895
"MA0039.4",453,5480,32.7075812274368,13.7,2.38741468813407,4.87267025476941e-76,"KLF4",3.63501201005798e-74,"T3_PB_to_PC","opening","T3_PB_to_PC_opening",3.63501201005798e-74,TRUE,1.25544978510289
"MA0516.2",330,3254,23.826714801444,8.135,2.92891392765139,5.37649764556486e-74,"SP2",3.64624294871944e-72,"T3_PB_to_PC","opening","T3_PB_to_PC_opening",3.64624294871944e-72,TRUE,1.55036628975607
"MA1515.1",353,3667,25.4873646209386,9.1675,2.78018703255398,1.08938749424551e-73,"KLF2",6.77235892255956e-72,"T3_PB_to_PC","opening","T3_PB_to_PC_opening",6.77235892255956e-72,TRUE,1.47518246009246
"MA1627.1",393,4550,28.3754512635379,11.375,2.49454516602531,1.39916900803752e-69,"Wt1",8.02907753843068e-68,"T3_PB_to_PC","opening","T3_PB_to_PC_opening",8.02907753843068e-68,TRUE,1.31877736923788
"MA0471.2",286,2786,20.6498194945848,6.965,2.96479820453479,2.18517556066403e-64,"E2F6",1.16438640589669e-62,"T3_PB_to_PC","opening","T3_PB_to_PC_opening",1.16438640589669e-62,TRUE,1.56793439939813
"MA0732.1",177,1189,12.7797833935018,2.9725,4.2993383998324,4.73969163934032e-62,"EGR3",2.35720664196525e-60,"T3_PB_to_PC","opening","T3_PB_to_PC_opening",2.35720664196525e-60,TRUE,2.10411500451231
"MA0740.1",233,2011,16.8231046931408,5.0275,3.34621674652229,3.15083986867317e-61,"KLF14",1.46907908876886e-59,"T3_PB_to_PC","opening","T3_PB_to_PC_opening",1.46907908876886e-59,TRUE,1.7425313281039
"MA1512.1",272,2824,19.6389891696751,7.06,2.78172651128542,2.4307233351405e-55,"KLF11",1.06665859294989e-53,"T3_PB_to_PC","opening","T3_PB_to_PC_opening",1.06665859294989e-53,TRUE,1.47598110522492
"MA0747.1",300,3371,21.6606498194946,8.4275,2.57023433040576,4.57466714010014e-54,"SP8",1.89594538139706e-52,"T3_PB_to_PC","opening","T3_PB_to_PC_opening",1.89594538139706e-52,TRUE,1.36190045843322
"MA1522.1",408,5521,29.4584837545126,13.8025,2.13428608980349,1.11533238509083e-53,"MAZ",4.37914715409345e-52,"T3_PB_to_PC","opening","T3_PB_to_PC_opening",4.37914715409345e-52,TRUE,1.09375425075371
"MA0733.1",173,1351,12.4909747292419,3.3775,3.69829007527517,4.94679653270492e-51,"EGR4",1.84515510669893e-49,"T3_PB_to_PC","opening","T3_PB_to_PC_opening",1.84515510669893e-49,TRUE,1.88685877702175
"MA0506.1",142,968,10.2527075812274,2.42,4.23665602530059,7.77862514713693e-49,"NRF1",2.76326398084007e-47,"T3_PB_to_PC","opening","T3_PB_to_PC_opening",2.76326398084007e-47,TRUE,2.08292634136977
"MA1650.1",137,914,9.89169675090253,2.285,4.32897013168601,3.22081952756022e-48,"ZBTB14",1.09215062161815e-46,"T3_PB_to_PC","opening","T3_PB_to_PC_opening",1.09215062161815e-46,TRUE,2.1140241797805
"MA1517.1",264,2970,19.0613718411552,7.425,2.56718812675491,5.73682436595329e-47,"KLF6",1.86072651173963e-45,"T3_PB_to_PC","opening","T3_PB_to_PC_opening",1.86072651173963e-45,TRUE,1.36018958425792
"MA0527.1",87,427,6.28158844765343,1.0675,5.88439198843413,2.28545654284182e-41,"ZBTB33",7.10396075399999e-40,"T3_PB_to_PC","opening","T3_PB_to_PC_opening",7.10396075399999e-40,TRUE,2.55689360001429
"MA1102.2",235,2812,16.9675090252708,7.03,2.41358592109115,3.43797722180453e-37,"CTCFL",1.02589240298647e-35,"T3_PB_to_PC","opening","T3_PB_to_PC_opening",1.02589240298647e-35,TRUE,1.27117878384449
"MA1511.1",248,3134,17.9061371841155,7.835,2.28540359720683,1.7501960887291e-35,"KLF10",5.02171646996887e-34,"T3_PB_to_PC","opening","T3_PB_to_PC_opening",5.02171646996887e-34,TRUE,1.19244959579194
"MA1122.1",122,1045,8.8086642599278,2.6125,3.37173751576184,5.18291582039668e-32,"TFDP1",1.43202044519108e-30,"T3_PB_to_PC","opening","T3_PB_to_PC_opening",1.43202044519108e-30,TRUE,1.75349265708629
"MA0632.2",96,690,6.93140794223827,1.725,4.01820750274682,2.83806473761802e-31,"TCFL5",7.56141533665371e-30,"T3_PB_to_PC","opening","T3_PB_to_PC_opening",7.56141533665371e-30,TRUE,2.00655242670794
"MA0742.1",204,2534,14.7292418772563,6.335,2.32505791274764,6.35027419606133e-30,"Klf12",1.63355329319371e-28,"T3_PB_to_PC","opening","T3_PB_to_PC_opening",1.63355329319371e-28,TRUE,1.21726727194199
"MA0517.1",216,2768,15.5956678700361,6.92,2.253709229774,7.2969698007003e-30,"STAT1::STAT2",1.81451315710747e-28,"T3_PB_to_PC","opening","T3_PB_to_PC_opening",1.81451315710747e-28,TRUE,1.17230203328199
"MA1107.2",322,4981,23.2490974729242,12.4525,1.86702248327036,9.22348061892858e-30,"KLF9",2.21958598120023e-28,"T3_PB_to_PC","opening","T3_PB_to_PC_opening",2.21958598120023e-28,TRUE,0.900740073779771
"MA0528.2",335,5434,24.187725631769,13.585,1.78047299460942,2.57945970138054e-27,"ZNF263",6.01336542884339e-26,"T3_PB_to_PC","opening","T3_PB_to_PC_opening",6.01336542884339e-26,TRUE,0.832261364023347
"MA0748.2",96,803,6.93140794223827,2.0075,3.45275613561059,4.00259600951321e-26,"YY2",9.0482927972632e-25,"T3_PB_to_PC","opening","T3_PB_to_PC_opening",9.0482927972632e-25,TRUE,1.78774885965535
"MA1418.1",147,1641,10.6137184115523,4.1025,2.58713428678912,4.72169911082342e-26,"IRF3",1.03599633431596e-24,"T3_PB_to_PC","opening","T3_PB_to_PC_opening",1.03599633431596e-24,TRUE,1.37135549757756
"MA1419.1",83,669,5.9927797833935,1.6725,3.58312692579582,8.72190575377585e-24,"IRF4",1.85901191209051e-22,"T3_PB_to_PC","opening","T3_PB_to_PC_opening",1.85901191209051e-22,TRUE,1.84121955195407
"MA0076.2",116,1252,8.37545126353791,3.13,2.67586302349454,7.53441284139564e-22,"ELK4",1.56129777213365e-20,"T3_PB_to_PC","opening","T3_PB_to_PC_opening",1.56129777213365e-20,TRUE,1.42000480595906
"MA0653.1",110,1168,7.94223826714801,2.92,2.71994461203699,2.62988247007571e-21,"IRF9",5.30241168290941e-20,"T3_PB_to_PC","opening","T3_PB_to_PC_opening",5.30241168290941e-20,TRUE,1.44357780367083
"MA0750.2",133,1578,9.6028880866426,3.945,2.43419216391447,2.96308722158998e-21,"ZBTB7A",5.81700807185822e-20,"T3_PB_to_PC","opening","T3_PB_to_PC_opening",5.81700807185822e-20,TRUE,1.2834436567797
"MA0652.1",92,874,6.64259927797834,2.185,3.04009120273608,3.48543956338234e-21,"IRF8",6.66702029303391e-20,"T3_PB_to_PC","opening","T3_PB_to_PC_opening",6.66702029303391e-20,TRUE,1.60411507972574
"MA0050.2",250,3982,18.0505415162455,9.955,1.81321361288252,5.92460636080986e-21,"IRF1",1.10493908629104e-19,"T3_PB_to_PC","opening","T3_PB_to_PC_opening",1.10493908629104e-19,TRUE,0.858549693210678
"MA1483.1",93,910,6.71480144404332,2.275,2.95156107430476,1.59236671183966e-20,"ELF2",2.89733065129851e-19,"T3_PB_to_PC","opening","T3_PB_to_PC_opening",2.89733065129851e-19,TRUE,1.5614786834253
"MA0641.1",100,1062,7.2202166064982,2.655,2.71947894783359,1.89069948348575e-19,"ELF4",3.32398052483373e-18,"T3_PB_to_PC","opening","T3_PB_to_PC_opening",3.32398052483373e-18,TRUE,1.44333078808759
"MA0472.2",80,735,5.77617328519856,1.8375,3.14349566541418,1.95570823369791e-19,"EGR2",3.32398052483373e-18,"T3_PB_to_PC","opening","T3_PB_to_PC_opening",3.32398052483373e-18,TRUE,1.65237023272255
"MA0028.2",78,704,5.63176895306859,1.76,3.19986872333443,1.96052470633625e-19,"ELK1",3.32398052483373e-18,"T3_PB_to_PC","opening","T3_PB_to_PC_opening",3.32398052483373e-18,TRUE,1.67801316969848
"MA0753.2",133,1661,9.6028880866426,4.1525,2.31255583061833,2.39772047104656e-19,"ZNF740",3.97488771422386e-18,"T3_PB_to_PC","opening","T3_PB_to_PC_opening",3.97488771422386e-18,TRUE,1.20948882000464
"MA0765.2",98,1040,7.07581227436823,2.6,2.7214662593724,4.20299679029977e-19,"ETV5",6.81616435992093e-18,"T3_PB_to_PC","opening","T3_PB_to_PC_opening",6.81616435992093e-18,TRUE,1.44438467981638
"MA0101.1",119,1437,8.59205776173285,3.5925,2.39166534773357,1.67434979456935e-18,"REL",2.65758499308241e-17,"T3_PB_to_PC","opening","T3_PB_to_PC_opening",2.65758499308241e-17,TRUE,1.25801613868115
"MA1516.1",140,1875,10.1083032490975,4.6875,2.15643802647413,1.03990885924472e-17,"KLF3",1.6161916854095e-16,"T3_PB_to_PC","opening","T3_PB_to_PC_opening",1.6161916854095e-16,TRUE,1.10865092430473
"MA0772.1",108,1285,7.79783393501805,3.2125,2.42734130272935,2.50631535826876e-17,"IRF7",3.81573725973163e-16,"T3_PB_to_PC","opening","T3_PB_to_PC_opening",3.81573725973163e-16,TRUE,1.27937757104696
"MA0146.2",262,4564,18.9169675090253,11.41,1.65792879132562,6.79620413404324e-17,"Zfx",1.01399365679925e-15,"T3_PB_to_PC","opening","T3_PB_to_PC_opening",1.01399365679925e-15,TRUE,0.729382914040539
"MA1569.1",71,669,5.12635379061372,1.6725,3.06508447869281,8.35908924118024e-17,"TFAP2E",1.22272168116087e-15,"T3_PB_to_PC","opening","T3_PB_to_PC_opening",1.22272168116087e-15,TRUE,1.61592730816292
"MA0073.1",268,4717,19.3501805054152,11.7925,1.64088874330423,9.9235165730104e-17,"RREB1",1.42364295451265e-15,"T3_PB_to_PC","opening","T3_PB_to_PC_opening",1.42364295451265e-15,TRUE,0.714478302756443
"MA0107.1",121,1567,8.73646209386282,3.9175,2.23011157469376,1.74711931062773e-16,"RELA",2.45915284099676e-15,"T3_PB_to_PC","opening","T3_PB_to_PC_opening",2.45915284099676e-15,TRUE,1.15711653833085
"MA1630.1",223,3717,16.101083032491,9.2925,1.73269658676255,2.15532277554687e-16,"Znf281",2.97753850103327e-15,"T3_PB_to_PC","opening","T3_PB_to_PC_opening",2.97753850103327e-15,TRUE,0.793019878301138
"MA0759.1",70,670,5.05415162454874,1.675,3.01740395495447,3.11415785761223e-16,"ELK3",4.22393047596132e-15,"T3_PB_to_PC","opening","T3_PB_to_PC_opening",4.22393047596132e-15,TRUE,1.59330832833725
"MA1420.1",64,580,4.62093862815884,1.45,3.18685422631644,4.36279669032719e-16,"IRF5",5.81186844818587e-15,"T3_PB_to_PC","opening","T3_PB_to_PC_opening",5.81186844818587e-15,TRUE,1.67213348129982
"MA0136.2",113,1434,8.15884476534296,3.585,2.2758283864276,4.52417019700038e-16,"ELF5",5.92110695958295e-15,"T3_PB_to_PC","opening","T3_PB_to_PC_opening",5.92110695958295e-15,TRUE,1.18639240624688
"MA0474.2",70,694,5.05415162454874,1.735,2.91305569138256,1.87953102789863e-15,"ERG",2.41746577036617e-14,"T3_PB_to_PC","opening","T3_PB_to_PC_opening",2.41746577036617e-14,TRUE,1.54253377823096
"MA0645.1",105,1331,7.5812274368231,3.3275,2.27835535291453,4.89879900705173e-15,"ETV6",6.19407467671287e-14,"T3_PB_to_PC","opening","T3_PB_to_PC_opening",6.19407467671287e-14,TRUE,1.18799341358474
"MA1099.2",72,750,5.1985559566787,1.875,2.77256317689531,9.36667094431192e-15,"HES1",1.16458942074278e-13,"T3_PB_to_PC","opening","T3_PB_to_PC_opening",1.16458942074278e-13,TRUE,1.47122085501891
"MA0810.1",121,1667,8.73646209386282,4.1675,2.09633163619984,1.53878760174538e-14,"TFAP2A(var.2)",1.88186155885583e-13,"T3_PB_to_PC","opening","T3_PB_to_PC_opening",1.88186155885583e-13,TRUE,1.06786765510073
"MA0051.1",96,1211,6.93140794223827,3.0275,2.28948239215137,5.73172056254865e-14,"IRF2",6.89655409622789e-13,"T3_PB_to_PC","opening","T3_PB_to_PC_opening",6.89655409622789e-13,TRUE,1.19502209977985
"MA1514.1",183,3021,13.2129963898917,7.5525,1.74948644685756,7.22689910782477e-14,"KLF17",8.55756624513854e-13,"T3_PB_to_PC","opening","T3_PB_to_PC_opening",8.55756624513854e-13,TRUE,0.806932312807929
"MA1652.1",292,5567,21.0830324909747,13.9175,1.51485773242139,8.62001113607277e-14,"ZKSCAN5",1.00477004804848e-12,"T3_PB_to_PC","opening","T3_PB_to_PC_opening",1.00477004804848e-12,TRUE,0.599183261990155
"MA0763.1",64,653,4.62093862815884,1.6325,2.83059027758582,1.14407244671801e-13,"ETV3",1.31304314654098e-12,"T3_PB_to_PC","opening","T3_PB_to_PC_opening",1.31304314654098e-12,TRUE,1.5011034467463
"MA0131.2",52,466,3.75451263537906,1.165,3.22275762693482,1.62075558003345e-13,"HINFP",1.83194494349235e-12,"T3_PB_to_PC","opening","T3_PB_to_PC_opening",1.83194494349235e-12,TRUE,1.6882961397582
"MA0156.2",60,595,4.33212996389892,1.4875,2.91235627825137,1.9815830581392e-13,"FEV",2.20635964383857e-12,"T3_PB_to_PC","opening","T3_PB_to_PC_opening",2.20635964383857e-12,TRUE,1.54218735139641
"MA0163.1",175,2905,12.6353790613718,7.2625,1.73981123048149,4.45162675742233e-13,"PLAG1",4.88369641328979e-12,"T3_PB_to_PC","opening","T3_PB_to_PC_opening",4.88369641328979e-12,TRUE,0.79893161137814
"MA0475.2",64,679,4.62093862815884,1.6975,2.72220243190506,6.63199938794855e-13,"FLI1",7.17024861363713e-12,"T3_PB_to_PC","opening","T3_PB_to_PC_opening",7.17024861363713e-12,TRUE,1.44477488434153
"MA0048.2",130,1952,9.38628158844765,4.88,1.92341835828845,7.984015277569e-13,"NHLH1",8.50867913866639e-12,"T3_PB_to_PC","opening","T3_PB_to_PC_opening",8.50867913866639e-12,TRUE,0.943673344146521
"MA0814.2",187,3195,13.5018050541516,7.9875,1.69036682994074,8.18152840377334e-13,"TFAP2C(var.2)",8.59636646368298e-12,"T3_PB_to_PC","opening","T3_PB_to_PC_opening",8.59636646368298e-12,TRUE,0.757337216146375
"MA1484.1",63,672,4.54873646209386,1.68,2.70758122743682,1.27243509115391e-12,"ETS2",1.31838413611225e-11,"T3_PB_to_PC","opening","T3_PB_to_PC_opening",1.31838413611225e-11,TRUE,1.43700515216933
"MA0057.1",137,2201,9.89169675090253,5.5025,1.79767319416675,2.26189010161269e-11,"MZF1(var.2)",2.31146577507269e-10,"T3_PB_to_PC","opening","T3_PB_to_PC_opening",2.31146577507269e-10,TRUE,0.846131574216302
"MA1623.1",210,3867,15.1624548736462,9.6675,1.56839460808339,2.92760941939682e-11,"Stat2",2.9513467930676e-10,"T3_PB_to_PC","opening","T3_PB_to_PC_opening",2.9513467930676e-10,TRUE,0.64928950705055
"MA0081.2",266,5232,19.2057761732852,13.08,1.46833151171905,4.38652871271809e-11,"SPIB",4.36313389291692e-10,"T3_PB_to_PC","opening","T3_PB_to_PC_opening",4.36313389291692e-10,FALSE,0.554178711156078
"MA0098.3",64,751,4.62093862815884,1.8775,2.46121897638287,5.13279385545093e-11,"ETS1",5.03824238969262e-10,"T3_PB_to_PC","opening","T3_PB_to_PC_opening",5.03824238969262e-10,TRUE,1.29937360726945
"MA0760.1",67,817,4.83754512635379,2.0425,2.36844314631765,9.48396767353462e-11,"ERF",9.18836348630757e-10,"T3_PB_to_PC","opening","T3_PB_to_PC_opening",9.18836348630757e-10,TRUE,1.24393965005708
"MA0598.3",207,3861,14.9458483754513,9.6525,1.54839144008819,1.28079889893412e-10,"EHF",1.22496920333955e-09,"T3_PB_to_PC","opening","T3_PB_to_PC_opening",1.22496920333955e-09,TRUE,0.630771168907999
"MA0657.1",92,1310,6.64259927797834,3.275,2.02827458869568,1.44623294113743e-10,"KLF13",1.3656832583399e-09,"T3_PB_to_PC","opening","T3_PB_to_PC_opening",1.3656832583399e-09,TRUE,1.0202536895367
"MA1475.1",43,421,3.10469314079422,1.0525,2.94982721215603,3.42268791645919e-10,"CREB3L4(var.2)",3.1916564820982e-09,"T3_PB_to_PC","opening","T3_PB_to_PC_opening",3.1916564820982e-09,TRUE,1.56063093932633
"MA0060.3",75,997,5.41516245487365,2.4925,2.17258273013988,3.82163961284502e-10,"NFYA",3.5196829026943e-09,"T3_PB_to_PC","opening","T3_PB_to_PC_opening",3.5196829026943e-09,TRUE,1.11941177875651
"MA0080.5",309,6425,22.3104693140794,16.0625,1.38897863433957,4.11691435684831e-10,"SPI1",3.74538793927907e-09,"T3_PB_to_PC","opening","T3_PB_to_PC_opening",3.74538793927907e-09,FALSE,0.47402544622161
"MA0504.1",195,3641,14.0794223826715,9.1025,1.54676433756347,5.31758704522869e-10,"NR2C2",4.77942160932603e-09,"T3_PB_to_PC","opening","T3_PB_to_PC_opening",4.77942160932603e-09,TRUE,0.629254339635759
"MA0493.1",222,4287,16.028880866426,10.7175,1.49558020680438,5.42574394294606e-10,"Klf1",4.81857735885448e-09,"T3_PB_to_PC","opening","T3_PB_to_PC_opening",4.81857735885448e-09,FALSE,0.58070624778474
"MA0518.1",141,2409,10.1805054151625,6.0225,1.69041185805935,7.41996323024601e-10,"Stat4",6.51210890560414e-09,"T3_PB_to_PC","opening","T3_PB_to_PC_opening",6.51210890560414e-09,TRUE,0.757375646230684
"MA1635.1",142,2435,10.2527075812274,6.0875,1.68422301128993,8.17197525500213e-10,"BHLHE22(var.2)",7.08871341887394e-09,"T3_PB_to_PC","opening","T3_PB_to_PC_opening",7.08871341887394e-09,TRUE,0.752084037741453
"MA1509.1",36,324,2.59927797833935,0.81,3.20898515844364,9.6416297550295e-10,"IRF6",8.2674204566115e-09,"T3_PB_to_PC","opening","T3_PB_to_PC_opening",8.2674204566115e-09,TRUE,1.68211756675036
"MA1596.1",382,8368,27.5812274368231,20.92,1.31841431342367,1.15103564600301e-09,"ZNF460",9.75764308998008e-09,"T3_PB_to_PC","opening","T3_PB_to_PC_opening",9.75764308998008e-09,FALSE,0.398804904666596
"MA1599.1",181,3356,13.0685920577617,8.39,1.55763910104431,1.4558544951062e-09,"ZNF682",1.22030050938116e-08,"T3_PB_to_PC","opening","T3_PB_to_PC_opening",1.22030050938116e-08,TRUE,0.639361931462214
"MA0778.1",75,1036,5.41516245487365,2.59,2.09079631462303,2.06288919915768e-09,"NFKB2",1.7099059361907e-08,"T3_PB_to_PC","opening","T3_PB_to_PC_opening",1.7099059361907e-08,TRUE,1.06405321144386
"MA0762.1",61,770,4.4043321299639,1.925,2.28796474283839,2.47330593764477e-09,"ETV2",2.02756728514615e-08,"T3_PB_to_PC","opening","T3_PB_to_PC_opening",2.02756728514615e-08,TRUE,1.19406545115163
"MA0006.1",199,3822,14.3682310469314,9.555,1.50373951302265,3.32854941837687e-09,"Ahr::Arnt",2.69901941968385e-08,"T3_PB_to_PC","opening","T3_PB_to_PC_opening",2.69901941968385e-08,TRUE,0.588555635583661
"MA0500.2",135,2333,9.74729241877256,5.8325,1.671203157955,3.59002308474944e-09,"MYOG",2.8797389475517e-08,"T3_PB_to_PC","opening","T3_PB_to_PC_opening",2.8797389475517e-08,TRUE,0.740887986946574
"MA0609.2",53,641,3.82671480144404,1.6025,2.38796555472327,6.56407310131241e-09,"CREM",5.20936014210538e-08,"T3_PB_to_PC","opening","T3_PB_to_PC_opening",5.20936014210538e-08,TRUE,1.2557826307096
"MA1584.1",86,1297,6.20938628158845,3.2425,1.91499962423699,8.72883781839907e-09,"ZIC5",6.85443475002706e-08,"T3_PB_to_PC","opening","T3_PB_to_PC_opening",6.85443475002706e-08,TRUE,0.937344862428805
"MA0751.1",91,1408,6.57039711191336,3.52,1.86659008861175,1.08188417740009e-08,"ZIC4",8.40714162854653e-08,"T3_PB_to_PC","opening","T3_PB_to_PC_opening",8.40714162854653e-08,TRUE,0.900405913078142
"MA0812.1",105,1729,7.5812274368231,4.3225,1.75389877080928,2.02563565997868e-08,"TFAP2B(var.2)",1.55786000241659e-07,"T3_PB_to_PC","opening","T3_PB_to_PC_opening",1.55786000241659e-07,TRUE,0.810566305201105
"MA1143.1",40,446,2.88808664259928,1.115,2.59021223551505,5.37689060889767e-08,"FOSL1::JUND(var.2)",4.09302081044659e-07,"T3_PB_to_PC","opening","T3_PB_to_PC_opening",4.09302081044659e-07,TRUE,1.37307087055932
"MA1127.1",50,630,3.6101083032491,1.575,2.29213225603117,6.35149034133897e-08,"FOSB::JUN",4.78607251983724e-07,"T3_PB_to_PC","opening","T3_PB_to_PC_opening",4.78607251983724e-07,TRUE,1.19669091941199
"MA0637.1",27,243,1.94945848375451,0.6075,3.20898515844364,1.15973917417494e-07,"CENPB",8.65165423934503e-07,"T3_PB_to_PC","opening","T3_PB_to_PC_opening",8.65165423934503e-07,TRUE,1.68211756675036
"MA1644.1",70,1039,5.05415162454874,2.5975,1.94577540887343,1.18079918806117e-07,"NFYC",8.72154647815479e-07,"T3_PB_to_PC","opening","T3_PB_to_PC_opening",8.72154647815479e-07,TRUE,0.960345938103393
"MA1548.1",99,1666,7.14801444043321,4.165,1.71620994968384,1.45221271524308e-07,"PLAGL2",1.06210851526601e-06,"T3_PB_to_PC","opening","T3_PB_to_PC_opening",1.06210851526601e-06,TRUE,0.779226893955242
"MA0736.1",60,844,4.33212996389892,2.11,2.05314216298527,1.57933053200831e-07,"GLIS2",1.14386463774582e-06,"T3_PB_to_PC","opening","T3_PB_to_PC_opening",1.14386463774582e-06,TRUE,1.0378342281907
"MA0105.4",78,1224,5.63176895306859,3.06,1.84044737028385,2.1706839424488e-07,"NFKB1",1.55704828948731e-06,"T3_PB_to_PC","opening","T3_PB_to_PC_opening",1.55704828948731e-06,TRUE,0.880057278665084
"MA0815.1",84,1356,6.06498194945848,3.39,1.7890802210792,2.43040974257062e-07,"TFAP2C(var.3)",1.72674825519779e-06,"T3_PB_to_PC","opening","T3_PB_to_PC_opening",1.72674825519779e-06,TRUE,0.83921888464433
"MA0521.1",201,4119,14.5126353790614,10.2975,1.40933579791807,3.49754952606514e-07,"Tcf12",2.46148296834395e-06,"T3_PB_to_PC","opening","T3_PB_to_PC_opening",2.46148296834395e-06,FALSE,0.495016422593395
"MA0811.1",90,1506,6.49819494584837,3.765,1.72594819278841,4.27293281179521e-07,"TFAP2B",2.97907278280301e-06,"T3_PB_to_PC","opening","T3_PB_to_PC_opening",2.97907278280301e-06,TRUE,0.787389996155887
"MA0834.1",40,483,2.88808664259928,1.2075,2.39179018020644,4.3813373604562e-07,"ATF7",3.0263682137966e-06,"T3_PB_to_PC","opening","T3_PB_to_PC_opening",3.0263682137966e-06,TRUE,1.25809143785065
"MA0799.1",55,773,3.97111913357401,1.9325,2.0549128763643,5.00965817403167e-07,"RFX4",3.42862843837397e-06,"T3_PB_to_PC","opening","T3_PB_to_PC_opening",3.42862843837397e-06,TRUE,1.03907793028369
"MA0687.1",112,2013,8.08664259927798,5.0325,1.60688377531604,5.8683958751661e-07,"SPIC",3.97983938443083e-06,"T3_PB_to_PC","opening","T3_PB_to_PC_opening",3.97983938443083e-06,TRUE,0.684266481570533
"MA0872.1",87,1454,6.28158844765343,3.635,1.72808485492529,6.3428333367486e-07,"TFAP2A(var.3)",4.26284114343645e-06,"T3_PB_to_PC","opening","T3_PB_to_PC_opening",4.26284114343645e-06,TRUE,0.789174895393758
"MA0697.1",83,1369,5.9927797833935,3.4225,1.7509948234897,6.83654683431702e-07,"ZIC3",4.55362851642901e-06,"T3_PB_to_PC","opening","T3_PB_to_PC_opening",4.55362851642901e-06,TRUE,0.808175642630475
"MA0695.1",53,742,3.82671480144404,1.855,2.06291903042806,7.1505947554195e-07,"ZBTB7C",4.72065813056898e-06,"T3_PB_to_PC","opening","T3_PB_to_PC_opening",4.72065813056898e-06,TRUE,1.04468789590155
"MA0694.1",41,520,2.96028880866426,1.3,2.27714523743405,1.12253097690756e-06,"ZBTB7B",7.31928163875419e-06,"T3_PB_to_PC","opening","T3_PB_to_PC_opening",7.31928163875419e-06,TRUE,1.18722694375664
"MA0615.1",25,240,1.80505415162455,0.6,3.00842358604091,1.12830749122886e-06,"Gmeb1",7.31928163875419e-06,"T3_PB_to_PC","opening","T3_PB_to_PC_opening",7.31928163875419e-06,TRUE,1.58900819233086
"MA0510.2",51,717,3.68231046931408,1.7925,2.0542875700497,1.30129836418868e-06,"RFX5",8.35069523268431e-06,"T3_PB_to_PC","opening","T3_PB_to_PC_opening",8.35069523268431e-06,TRUE,1.03863885416717
"MA0151.1",86,1458,6.20938628158845,3.645,1.70353533102564,1.30969348823601e-06,"Arid3a",8.35069523268431e-06,"T3_PB_to_PC","opening","T3_PB_to_PC_opening",8.35069523268431e-06,TRUE,0.768532715870769
"MA0137.3",112,2059,8.08664259927798,5.1475,1.57098447776163,1.70644668490205e-06,"STAT1",1.07391588530895e-05,"T3_PB_to_PC","opening","T3_PB_to_PC_opening",1.07391588530895e-05,TRUE,0.651669844376146
"MA0600.2",46,625,3.32129963898917,1.5625,2.12563176895307,1.71308298058665e-06,"RFX2",1.07391588530895e-05,"T3_PB_to_PC","opening","T3_PB_to_PC_opening",1.07391588530895e-05,TRUE,1.08789237383383
"MA1100.2",138,2674,9.96389891696751,6.685,1.49048600104226,1.79191389962407e-06,"ASCL1",1.11397314093296e-05,"T3_PB_to_PC","opening","T3_PB_to_PC_opening",1.11397314093296e-05,FALSE,0.575783793233379
"MA0864.2",33,397,2.3826714801444,0.9925,2.40067655430167,4.00319933471096e-06,"E2F2",2.46808818487138e-05,"T3_PB_to_PC","opening","T3_PB_to_PC_opening",2.46808818487138e-05,TRUE,1.2634416417818
"MA1145.1",47,667,3.39350180505415,1.6675,2.03508354126186,4.2952885910274e-06,"FOSL2::JUND(var.2)",2.62646335156266e-05,"T3_PB_to_PC","opening","T3_PB_to_PC_opening",2.62646335156266e-05,TRUE,1.02508872801773
"MA1529.1",115,2173,8.30324909747292,5.4325,1.52843977864205,4.43437433156425e-06,"NHLH2",2.68946605800563e-05,"T3_PB_to_PC","opening","T3_PB_to_PC_opening",2.68946605800563e-05,TRUE,0.612060654276162
"MA0686.1",38,493,2.74368231046931,1.2325,2.22611140808869,4.63628496170443e-06,"SPDEF",2.78924885599315e-05,"T3_PB_to_PC","opening","T3_PB_to_PC_opening",2.78924885599315e-05,TRUE,1.15452644375697
"MA1615.1",181,3785,13.0685920577617,9.4625,1.38109295194312,5.07071087851775e-06,"Plagl1",3.02620025229939e-05,"T3_PB_to_PC","opening","T3_PB_to_PC_opening",3.02620025229939e-05,FALSE,0.465811465426501
"MA1624.1",123,2405,8.88086642599278,6.0125,1.4770671810383,1.02698027006454e-05,"Stat5a",6.08037524974721e-05,"T3_PB_to_PC","opening","T3_PB_to_PC_opening",6.08037524974721e-05,FALSE,0.562736422023871
"MA1131.1",52,805,3.75451263537906,2.0125,1.86559634056102,1.5570905973175e-05,"FOSL2::JUN(var.2)",9.14637468975476e-05,"T3_PB_to_PC","opening","T3_PB_to_PC_opening",9.14637468975476e-05,TRUE,0.899637637067558
"MA0155.1",156,3244,11.2635379061372,8.11,1.38884561111433,1.83418934007943e-05,"INSM1",0.000106898847476504,"T3_PB_to_PC","opening","T3_PB_to_PC_opening",0.000106898847476504,FALSE,0.473887272030297
"MA0816.1",149,3079,10.7581227436823,7.6975,1.39761256819517,2.09825566712297e-05,"Ascl2",0.000121340986641375,"T3_PB_to_PC","opening","T3_PB_to_PC_opening",0.000121340986641375,FALSE,0.482965519286648
"MA0865.1",52,817,3.75451263537906,2.0425,1.83819468072414,2.31063249392764e-05,"E2F8",0.000132594756959232,"T3_PB_to_PC","opening","T3_PB_to_PC_opening",0.000132594756959232,TRUE,0.878290353451536
"MA0508.3",154,3221,11.1191335740072,8.0525,1.38082999987671,2.79647054651542e-05,"PRDM1",0.000159249391427519,"T3_PB_to_PC","opening","T3_PB_to_PC_opening",0.000159249391427519,FALSE,0.4655367587274
"MA0840.1",37,515,2.67148014440433,1.2875,2.0749360344888,2.87242967252835e-05,"Creb5",0.000162335798159557,"T3_PB_to_PC","opening","T3_PB_to_PC_opening",0.000162335798159557,TRUE,1.05306755746725
"MA0149.1",304,7104,21.9494584837545,17.76,1.23589293264384,2.99010256746684e-05,"EWSR1-FLI1",0.000167715527468441,"T3_PB_to_PC","opening","T3_PB_to_PC_opening",0.000167715527468441,FALSE,0.305554933036022
"MA0813.1",89,1660,6.42599277978339,4.15,1.54843199512853,3.42338995634968e-05,"TFAP2B(var.3)",0.00019058573936096,"T3_PB_to_PC","opening","T3_PB_to_PC_opening",0.00019058573936096,TRUE,0.630808955058239
"MA0761.2",198,4361,14.2960288808664,10.9025,1.3112615345899,4.18479265063297e-05,"ETV1",0.00023124854202757,"T3_PB_to_PC","opening","T3_PB_to_PC_opening",0.00023124854202757,FALSE,0.390956563844878
"MA0511.2",36,507,2.59927797833935,1.2675,2.05071240894623,4.66191631474441e-05,"RUNX2",0.000255719821382304,"T3_PB_to_PC","opening","T3_PB_to_PC_opening",0.000255719821382304,TRUE,1.0361258865609
"MA0524.2",84,1559,6.06498194945848,3.8975,1.55612109030365,4.78349938285115e-05,"TFAP2C",0.000260473762015106,"T3_PB_to_PC","opening","T3_PB_to_PC_opening",0.000260473762015106,TRUE,0.63795525580333
"MA0031.1",42,630,3.03249097472924,1.575,1.92539109506619,4.90098429017252e-05,"FOXD1",0.000264937266700631,"T3_PB_to_PC","opening","T3_PB_to_PC_opening",0.000264937266700631,TRUE,0.945152272303923
"MA0519.1",121,2450,8.73646209386282,6.125,1.42636115818168,5.5949563321803e-05,"Stat5a::Stat5b",0.000298686549327912,"T3_PB_to_PC","opening","T3_PB_to_PC_opening",0.000298686549327912,FALSE,0.512340333448641
"MA0696.1",83,1543,5.9927797833935,3.8575,1.55353980126857,5.6053776013281e-05,"ZIC1",0.000298686549327912,"T3_PB_to_PC","opening","T3_PB_to_PC_opening",0.000298686549327912,TRUE,0.635560132038986
"MA0624.1",63,1089,4.54873646209386,2.7225,1.67079392547066,5.92842477282434e-05,"NFATC1",0.000313659920604749,"T3_PB_to_PC","opening","T3_PB_to_PC_opening",0.000313659920604749,TRUE,0.740534666874394
"MA0042.2",42,637,3.03249097472924,1.5925,1.90423295116436,6.27628123991416e-05,"FOXI1",0.000320692178423011,"T3_PB_to_PC","opening","T3_PB_to_PC_opening",0.000320692178423011,TRUE,0.929210736760449
"MA0033.2",42,637,3.03249097472924,1.5925,1.90423295116436,6.27628123991416e-05,"FOXL1",0.000320692178423011,"T3_PB_to_PC","opening","T3_PB_to_PC_opening",0.000320692178423011,TRUE,0.929210736760449
"MA0848.1",42,637,3.03249097472924,1.5925,1.90423295116436,6.27628123991416e-05,"FOXO4",0.000320692178423011,"T3_PB_to_PC","opening","T3_PB_to_PC_opening",0.000320692178423011,TRUE,0.929210736760449
"MA0849.1",42,637,3.03249097472924,1.5925,1.90423295116436,6.27628123991416e-05,"FOXO6",0.000320692178423011,"T3_PB_to_PC","opening","T3_PB_to_PC_opening",0.000320692178423011,TRUE,0.929210736760449
"MA0850.1",42,637,3.03249097472924,1.5925,1.90423295116436,6.27628123991416e-05,"FOXP3",0.000320692178423011,"T3_PB_to_PC","opening","T3_PB_to_PC_opening",0.000320692178423011,TRUE,0.929210736760449
"MA0502.2",86,1620,6.20938628158845,4.05,1.53318179792307,6.51356227666464e-05,"NFYB",0.000330552208053866,"T3_PB_to_PC","opening","T3_PB_to_PC_opening",0.000330552208053866,TRUE,0.616529716523768
"MA1485.1",98,1911,7.07581227436823,4.7775,1.48107007312784,7.52400632236436e-05,"FERD3L",0.000379250588951609,"T3_PB_to_PC","opening","T3_PB_to_PC_opening",0.000379250588951609,FALSE,0.56664087383998
"MA1606.1",57,970,4.11552346570397,2.425,1.69712307864081,8.69733208768764e-05,"Foxf1",0.000435450317947314,"T3_PB_to_PC","opening","T3_PB_to_PC_opening",0.000435450317947314,TRUE,0.763092045785642
"MA0024.3",20,222,1.44404332129964,0.555,2.60187985819755,0.000102053072610095,"E2F1",0.000507543947780873,"T3_PB_to_PC","opening","T3_PB_to_PC_opening",0.000507543947780873,TRUE,1.37955490163185
"MA0604.1",23,276,1.66064981949458,0.69,2.40673886883273,0.000105795127052334,"Atf1",0.00052266996543736,"T3_PB_to_PC","opening","T3_PB_to_PC_opening",0.00052266996543736,TRUE,1.26708021733141
"MA1133.1",40,613,2.88808664259928,1.5325,1.88455898375157,0.00011550467515941,"JUN::JUNB(var.2)",0.000566884787295527,"T3_PB_to_PC","opening","T3_PB_to_PC_opening",0.000566884787295527,TRUE,0.914227715343841
"MA0470.2",19,209,1.37184115523466,0.5225,2.62553331145389,0.000133628072308216,"E2F4",0.000651546025764243,"T3_PB_to_PC","opening","T3_PB_to_PC_opening",0.000651546025764243,TRUE,1.39261104946197
"MA1583.1",39,597,2.8158844765343,1.4925,1.88668976652214,0.000136488271650721,"ZFP57",0.000661170458775572,"T3_PB_to_PC","opening","T3_PB_to_PC_opening",0.000661170458775572,TRUE,0.915857980880127
"MA1625.1",128,2689,9.24187725631769,6.7225,1.37476790722465,0.000165124843252123,"Stat5b",0.000794729890748926,"T3_PB_to_PC","opening","T3_PB_to_PC_opening",0.000794729890748926,FALSE,0.459189128149536
"MA1545.1",14,130,1.01083032490975,0.325,3.11024715356845,0.000173451368221932,"OVOL2",0.000829453337779241,"T3_PB_to_PC","opening","T3_PB_to_PC_opening",0.000829453337779241,TRUE,1.63702969149419
"MA0767.1",32,463,2.31046931407942,1.1575,1.99608580050058,0.000195157546637617,"GCM2",0.000927309106953263,"T3_PB_to_PC","opening","T3_PB_to_PC_opening",0.000927309106953263,TRUE,0.997174458114519
"MA1651.1",83,1606,5.9927797833935,4.015,1.49259770445666,0.000206814031368433,"ZFP42",0.000976476375954755,"T3_PB_to_PC","opening","T3_PB_to_PC_opening",0.000976476375954755,FALSE,0.577826339008753
"MA1656.1",142,3062,10.2527075812274,7.655,1.33934782249869,0.000229170565826286,"ZNF449",0.00107522793777616,"T3_PB_to_PC","opening","T3_PB_to_PC_opening",0.00107522793777616,FALSE,0.421531747779735
"MA0831.2",34,512,2.45487364620939,1.28,1.91787003610108,0.000263664582472062,"TFE3",0.00122933611577599,"T3_PB_to_PC","opening","T3_PB_to_PC_opening",0.00122933611577599,TRUE,0.939505712101209
"MA0469.3",11,90,0.794223826714801,0.225,3.52988367428801,0.000280450126787055,"E2F3",0.00129727854796361,"T3_PB_to_PC","opening","T3_PB_to_PC_opening",0.00129727854796361,TRUE,1.81962104962941
"MA0480.1",96,1935,6.93140794223827,4.8375,1.432849187026,0.000281945476980102,"Foxo1",0.00129727854796361,"T3_PB_to_PC","opening","T3_PB_to_PC_opening",0.00129727854796361,FALSE,0.518887775173452
"MA0798.2",74,1409,5.34296028880866,3.5225,1.51680916644675,0.000283453623750763,"RFX3",0.00129727854796361,"T3_PB_to_PC","opening","T3_PB_to_PC_opening",0.00129727854796361,TRUE,0.601040539070033
"MA0863.1",53,926,3.82671480144404,2.315,1.65300855353954,0.000286364021302945,"MTF1",0.00130260707251217,"T3_PB_to_PC","opening","T3_PB_to_PC_opening",0.00130260707251217,TRUE,0.725095062684851
"MA0776.1",13,121,0.938628158844765,0.3025,3.1029030044455,0.000299020908083894,"MYBL1",0.00135193695412476,"T3_PB_to_PC","opening","T3_PB_to_PC_opening",0.00135193695412476,TRUE,1.63361906442941
"MA0103.3",178,4009,12.8519855595668,10.0225,1.28231335091712,0.000326499087440524,"ZEB1",0.00146727903150982,"T3_PB_to_PC","opening","T3_PB_to_PC_opening",0.00146727903150982,FALSE,0.358749972500239
"MA1139.1",31,457,2.23826714801444,1.1425,1.95909597200389,0.000335844565163382,"FOSL2::JUNB(var.2)",0.00150023979408313,"T3_PB_to_PC","opening","T3_PB_to_PC_opening",0.00150023979408313,TRUE,0.970188810350075
"MA1607.1",60,1092,4.33212996389892,2.73,1.58686079263697,0.000340647767449016,"Foxl2",0.00151263830069623,"T3_PB_to_PC","opening","T3_PB_to_PC_opening",0.00151263830069623,TRUE,0.666176482451626
"MA0067.1",34,520,2.45487364620939,1.3,1.88836434323799,0.000349158682045573,"Pax2",0.00154125666749111,"T3_PB_to_PC","opening","T3_PB_to_PC_opening",0.00154125666749111,TRUE,0.91713791082647
"MA0638.1",35,542,2.52707581227437,1.355,1.86500059946448,0.000362302496442838,"CREB3",0.0015898686020374,"T3_PB_to_PC","opening","T3_PB_to_PC_opening",0.0015898686020374,TRUE,0.899176867766562
"MA1103.2",55,985,3.97111913357401,2.4625,1.61263721160366,0.000403914740019634,"FOXK2",0.00175488114515348,"T3_PB_to_PC","opening","T3_PB_to_PC_opening",0.00175488114515348,TRUE,0.689422812412016
"MA0139.1",171,3846,12.3465703971119,9.615,1.28409468508704,0.000404610666174797,"CTCF",0.00175488114515348,"T3_PB_to_PC","opening","T3_PB_to_PC_opening",0.00175488114515348,FALSE,0.36075270966988
"MA0593.1",87,1739,6.28158844765343,4.3475,1.44487370848843,0.000415287225714194,"FOXP2",0.00179077612938028,"T3_PB_to_PC","opening","T3_PB_to_PC_opening",0.00179077612938028,FALSE,0.530944395646834
"MA0144.2",130,2805,9.38628158844765,7.0125,1.33850717838826,0.000434236500267012,"STAT3",0.00186172660459305,"T3_PB_to_PC","opening","T3_PB_to_PC_opening",0.00186172660459305,FALSE,0.420625953983647
"MA1140.2",32,486,2.31046931407942,1.215,1.90162083463327,0.000455173801955261,"JUNB(var.2)",0.00194034089290643,"T3_PB_to_PC","opening","T3_PB_to_PC_opening",0.00194034089290643,TRUE,0.927230373672902
"MA1129.1",25,345,1.80505415162455,0.8625,2.09281640768064,0.000469478773472808,"FOSL1::JUN(var.2)",0.00198994980119724,"T3_PB_to_PC","opening","T3_PB_to_PC_opening",0.00198994980119724,TRUE,1.06544644607769
"MA1508.1",190,4359,13.7184115523466,10.8975,1.25885859622359,0.000509650764399636,"IKZF1",0.00214801960588773,"T3_PB_to_PC","opening","T3_PB_to_PC_opening",0.00214801960588773,FALSE,0.332117384623623
"MA0908.1",20,252,1.44404332129964,0.63,2.29213225603117,0.000541989237944409,"HOXD11",0.00227148298599174,"T3_PB_to_PC","opening","T3_PB_to_PC_opening",0.00227148298599174,TRUE,1.19669091941199
"MA0646.1",38,620,2.74368231046931,1.55,1.77011761965762,0.000567678032359933,"GCM1",0.00236585369910899,"T3_PB_to_PC","opening","T3_PB_to_PC_opening",0.00236585369910899,TRUE,0.8238460418098
"MA0062.3",194,4475,14.0072202166065,11.1875,1.25204203053466,0.000578681876457552,"GABPA",0.00239831488798519,"T3_PB_to_PC","opening","T3_PB_to_PC_opening",0.00239831488798519,FALSE,0.324284146034235
"MA1489.1",65,1236,4.69314079422383,3.09,1.51881579101095,0.000627043604748066,"FOXN3",0.00258438966376827,"T3_PB_to_PC","opening","T3_PB_to_PC_opening",0.00258438966376827,TRUE,0.602947853618178
"MA0003.4",166,3757,11.985559566787,9.3925,1.27607767546308,0.000653698275566961,"TFAP2A",0.00267944458007117,"T3_PB_to_PC","opening","T3_PB_to_PC_opening",0.00267944458007117,FALSE,0.351717279887534
"MA0473.3",195,4516,14.0794223826715,11.29,1.24707018447046,0.00067961797077358,"ELF1",0.0027704645147382,"T3_PB_to_PC","opening","T3_PB_to_PC_opening",0.0027704645147382,FALSE,0.318543818456604
"MA0640.2",213,4995,15.3790613718412,12.4875,1.23155646621351,0.000718426892870885,"ELF3",0.00291275251131348,"T3_PB_to_PC","opening","T3_PB_to_PC_opening",0.00291275251131348,FALSE,0.300483947598914
"MA0758.1",36,585,2.59927797833935,1.4625,1.7772840877534,0.000726836360025723,"E2F7",0.00291675918634941,"T3_PB_to_PC","opening","T3_PB_to_PC_opening",0.00291675918634941,TRUE,0.829675117325597
"MA0157.2",45,783,3.24909747292419,1.9575,1.65981990953981,0.000729611046141015,"FOXO3",0.00291675918634941,"T3_PB_to_PC","opening","T3_PB_to_PC_opening",0.00291675918634941,TRUE,0.731027586838966
"MA0764.2",235,5580,16.9675090252708,13.95,1.21630889070041,0.000731144729017882,"ETV4",0.00291675918634941,"T3_PB_to_PC","opening","T3_PB_to_PC_opening",0.00291675918634941,FALSE,0.282510844586402
"MA0871.2",49,874,3.53790613718412,2.185,1.61917901015291,0.000746045910003634,"TFEC",0.00296037366416336,"T3_PB_to_PC","opening","T3_PB_to_PC_opening",0.00296037366416336,TRUE,0.695263384231274
"MA1683.1",50,899,3.6101083032491,2.2475,1.60627733181272,0.000788263313994309,"FOXA3",0.00311134620232674,"T3_PB_to_PC","opening","T3_PB_to_PC_opening",0.00311134620232674,TRUE,0.683721901033514
"MA0625.1",60,1134,4.33212996389892,2.835,1.52808817068745,0.000861456389226979,"NFATC3",0.00337530201689594,"T3_PB_to_PC","opening","T3_PB_to_PC_opening",0.00337530201689594,TRUE,0.611728733396548
"MA1616.1",111,2376,8.014440433213,5.94,1.3492323961638,0.000864185905130193,"Prdm15",0.00337530201689594,"T3_PB_to_PC","opening","T3_PB_to_PC_opening",0.00337530201689594,FALSE,0.432139933432818
"MA1554.1",29,446,2.09386281588448,1.115,1.87790387074841,0.000995417773054246,"RFX7",0.00386761280572119,"T3_PB_to_PC","opening","T3_PB_to_PC_opening",0.00386761280572119,TRUE,0.909123982067508
"MA0784.1",53,980,3.82671480144404,2.45,1.56192440875267,0.00104409270194416,"POU1F1",0.00403571583238521,"T3_PB_to_PC","opening","T3_PB_to_PC_opening",0.00403571583238521,TRUE,0.643325557838316
"MA0786.1",46,823,3.32129963898917,2.0575,1.61424040777116,0.00113203747143538,"POU3F1",0.00435309254479791,"T3_PB_to_PC","opening","T3_PB_to_PC_opening",0.00435309254479791,TRUE,0.690856347977985
"MA0030.1",42,735,3.03249097472924,1.8375,1.65033522434244,0.00119954415630881,"FOXF2",0.00458902533644293,"T3_PB_to_PC","opening","T3_PB_to_PC_opening",0.00458902533644293,TRUE,0.722759975850694
"MA0152.1",78,1584,5.63176895306859,3.96,1.42216387703752,0.00125395196273108,"NFATC2",0.00477269471529279,"T3_PB_to_PC","opening","T3_PB_to_PC_opening",0.00477269471529279,FALSE,0.508088731831747
"MA0681.2",47,851,3.39350180505415,2.1275,1.59506547828632,0.00128288335606117,"PHOX2B",0.00485802529757175,"T3_PB_to_PC","opening","T3_PB_to_PC_opening",0.00485802529757175,TRUE,0.673616553078157
"MA0481.3",53,991,3.82671480144404,2.4775,1.54458720542646,0.00133048242695598,"FOXP1",0.00501282772984425,"T3_PB_to_PC","opening","T3_PB_to_PC_opening",0.00501282772984425,TRUE,0.627222260022061
"MA0792.1",40,699,2.88808664259928,1.7475,1.65269621894093,0.001507654714615,"POU5F1B",0.00565181114122005,"T3_PB_to_PC","opening","T3_PB_to_PC_opening",0.00565181114122005,TRUE,0.724822441058754
"MA1464.1",42,745,3.03249097472924,1.8625,1.62818307368013,0.00154536766694916,"ARNT2",0.00576422139772037,"T3_PB_to_PC","opening","T3_PB_to_PC_opening",0.00576422139772037,TRUE,0.703263812118536
"MA0486.2",52,975,3.75451263537906,2.4375,1.54031287605295,0.00155758440427044,"HSF1",0.00578088540092411,"T3_PB_to_PC","opening","T3_PB_to_PC_opening",0.00578088540092411,TRUE,0.623224364741385
"MA1542.1",29,461,2.09386281588448,1.1525,1.81680070792579,0.00163973035992146,"OSR1",0.00605563786386838,"T3_PB_to_PC","opening","T3_PB_to_PC_opening",0.00605563786386838,TRUE,0.861400967396382
"MA1117.1",57,1096,4.11552346570397,2.74,1.50201586339561,0.0016831962729863,"RELB",0.00618553901304326,"T3_PB_to_PC","opening","T3_PB_to_PC_opening",0.00618553901304326,TRUE,0.586901010322655
"MA0785.1",43,773,3.10469314079422,1.9325,1.60656824879391,0.00176056825797059,"POU2F1",0.00643815647277481,"T3_PB_to_PC","opening","T3_PB_to_PC_opening",0.00643815647277481,TRUE,0.683983167387849
"MA0852.2",60,1170,4.33212996389892,2.925,1.48107007312783,0.00178215550339019,"FOXK1",0.00648530734404431,"T3_PB_to_PC","opening","T3_PB_to_PC_opening",0.00648530734404431,FALSE,0.566640873839979
"MA1149.1",103,2231,7.43682310469314,5.5775,1.33336138138828,0.00190395452510133,"RARA::RXRG",0.00689490328022132,"T3_PB_to_PC","opening","T3_PB_to_PC_opening",0.00689490328022132,FALSE,0.41506892955009
"MA0906.1",18,242,1.29963898916968,0.605,2.14816361846227,0.0020671234570992,"HOXC12",0.0074496333284831,"T3_PB_to_PC","opening","T3_PB_to_PC_opening",0.0074496333284831,TRUE,1.10310455437504
"MA1472.1",112,2467,8.08664259927798,6.1675,1.31117026336084,0.00212604847600808,"BHLHA15(var.2)",0.00762515463029821,"T3_PB_to_PC","opening","T3_PB_to_PC_opening",0.00762515463029821,FALSE,0.390856140680943
"MA0145.3",20,283,1.44404332129964,0.7075,2.04105063081221,0.00221103204911854,"TFCP2",0.00788593578200216,"T3_PB_to_PC","opening","T3_PB_to_PC_opening",0.00788593578200216,TRUE,1.02931267750762
"MA1578.1",47,875,3.39350180505415,2.1875,1.5513151108819,0.0022199014935931,"VEZF1",0.00788593578200216,"T3_PB_to_PC","opening","T3_PB_to_PC_opening",0.00788593578200216,TRUE,0.633492693552488
"MA0041.1",78,1620,5.63176895306859,4.05,1.39056023532558,0.00227380793934286,"Foxd3",0.00803915034478566,"T3_PB_to_PC","opening","T3_PB_to_PC_opening",0.00803915034478566,FALSE,0.47566727719473
"MA0713.1",27,429,1.94945848375451,1.0725,1.81767690792962,0.00230739199247085,"PHOX2A",0.00811940767161913,"T3_PB_to_PC","opening","T3_PB_to_PC_opening",0.00811940767161913,TRUE,0.862096576979287
"MA0877.2",13,151,0.938628158844765,0.3775,2.48643220886031,0.00236545199647091,"BARHL1",0.00828463469186524,"T3_PB_to_PC","opening","T3_PB_to_PC_opening",0.00828463469186524,TRUE,1.31407767765577
"MA1466.1",34,583,2.45487364620939,1.4575,1.68430438847985,0.00242058193999383,"ATF6",0.00843810339829623,"T3_PB_to_PC","opening","T3_PB_to_PC_opening",0.00843810339829623,TRUE,0.752153743214931
"MA1474.1",43,790,3.10469314079422,1.975,1.57199652698442,0.00262582532919664,"CREB3L4",0.00911100323525905,"T3_PB_to_PC","opening","T3_PB_to_PC_opening",0.00911100323525905,TRUE,0.652598947997204
"MA0509.2",66,1336,4.76534296028881,3.34,1.42674938930803,0.00265667573553982,"RFX1",0.00917537082737365,"T3_PB_to_PC","opening","T3_PB_to_PC_opening",0.00917537082737365,FALSE,0.512732956673156
"MA0862.1",9,85,0.649819494584838,0.2125,3.05797409216394,0.00271325795610884,"GMEB2",0.00928000764803038,"T3_PB_to_PC","opening","T3_PB_to_PC_opening",0.00928000764803038,TRUE,1.61257665569875
"MA0108.2",30,499,2.16606498194946,1.2475,1.73632463482922,0.00271455438075094,"TBP",0.00928000764803038,"T3_PB_to_PC","opening","T3_PB_to_PC_opening",0.00928000764803038,TRUE,0.79603753977407
"MA0095.2",86,1830,6.20938628158845,4.575,1.35724290307944,0.00272429178943519,"YY1",0.00928000764803038,"T3_PB_to_PC","opening","T3_PB_to_PC_opening",0.00928000764803038,FALSE,0.440680003103292
"MA0664.1",34,589,2.45487364620939,1.4725,1.66714678859721,0.00284438356804899,"MLXIPL",0.00964504609892976,"T3_PB_to_PC","opening","T3_PB_to_PC_opening",0.00964504609892976,TRUE,0.737382001400253
"MA1573.1",121,2721,8.73646209386282,6.8025,1.28430166760203,0.00286806917699232,"THAP11",0.00968135568342204,"T3_PB_to_PC","opening","T3_PB_to_PC_opening",0.00968135568342204,FALSE,0.360985237967726
"MA0656.1",34,592,2.45487364620939,1.48,1.65869840960094,0.00307912122720988,"JDP2(var.2)",0.0103469569166602,"T3_PB_to_PC","opening","T3_PB_to_PC_opening",0.0103469569166602,TRUE,0.730052464009407
"MA0594.2",9,87,0.649819494584838,0.2175,2.98767583717167,0.00317966680456448,"HOXA9",0.010636912269978,"T3_PB_to_PC","opening","T3_PB_to_PC_opening",0.010636912269978,TRUE,1.57902410708845
"MA0787.1",45,850,3.24909747292419,2.125,1.52898704608197,0.00354524849084112,"POU3F2",0.0118069436346762,"T3_PB_to_PC","opening","T3_PB_to_PC_opening",0.0118069436346762,TRUE,0.612577127479832
"MA0648.1",29,487,2.09386281588448,1.2175,1.71980518758479,0.00361493475122865,"GSC",0.011985516997407,"T3_PB_to_PC","opening","T3_PB_to_PC_opening",0.011985516997407,TRUE,0.782245990529084
"MA0606.1",75,1576,5.41516245487365,3.94,1.37440671443494,0.00364380970578953,"NFAT5",0.0120277966394646,"T3_PB_to_PC","opening","T3_PB_to_PC_opening",0.0120277966394646,FALSE,0.458810039337697
"MA1525.1",59,1185,4.25992779783394,2.9625,1.43795031150513,0.00367846365648478,"NFATC4",0.0120886955406945,"T3_PB_to_PC","opening","T3_PB_to_PC_opening",0.0120886955406945,FALSE,0.524014827488417
"MA0605.2",32,555,2.31046931407942,1.3875,1.66520310924643,0.00377511023768959,"ATF3",0.0123518957777036,"T3_PB_to_PC","opening","T3_PB_to_PC_opening",0.0123518957777036,TRUE,0.735699023752991
"MA1116.1",153,3582,11.0469314079422,8.955,1.2336048473414,0.00395269990378207,"RBPJ",0.0128504519367153,"T3_PB_to_PC","opening","T3_PB_to_PC_opening",0.0128504519367153,FALSE,0.302881508814391
"MA0789.1",38,693,2.74368231046931,1.7325,1.5836550132579,0.00397916139059148,"POU3F4",0.0128504519367153,"T3_PB_to_PC","opening","T3_PB_to_PC_opening",0.0128504519367153,TRUE,0.663259000909715
"MA0791.1",38,693,2.74368231046931,1.7325,1.5836550132579,0.00397916139059148,"POU4F3",0.0128504519367153,"T3_PB_to_PC","opening","T3_PB_to_PC_opening",0.0128504519367153,TRUE,0.663259000909715
"MA0629.1",30,513,2.16606498194946,1.2825,1.6889395570756,0.00403885997609673,"Rhox11",0.0129870238886559,"T3_PB_to_PC","opening","T3_PB_to_PC_opening",0.0129870238886559,TRUE,0.75611855281581
"MA0788.1",44,836,3.17689530685921,2.09,1.52004560136804,0.00432723976541344,"POU3F3",0.0138545959871177,"T3_PB_to_PC","opening","T3_PB_to_PC_opening",0.0138545959871177,TRUE,0.604115554282001
"MA0851.1",56,1122,4.04332129963899,2.805,1.44146926903351,0.00435524287663323,"Foxj3",0.0138846631878991,"T3_PB_to_PC","opening","T3_PB_to_PC_opening",0.0138846631878991,FALSE,0.527541080911726
"MA0731.1",57,1148,4.11552346570397,2.87,1.43398030163901,0.00450100649618282,"BCL6B",0.0142778503517491,"T3_PB_to_PC","opening","T3_PB_to_PC_opening",0.0142778503517491,FALSE,0.520026212178909
"MA0714.1",34,607,2.45487364620939,1.5175,1.61770915730437,0.00451685346248362,"PITX3",0.0142778503517491,"T3_PB_to_PC","opening","T3_PB_to_PC_opening",0.0142778503517491,TRUE,0.693953145420889
"MA0611.1",46,888,3.32129963898917,2.22,1.49608091846359,0.00478640555746028,"Dux",0.0150660698137779,"T3_PB_to_PC","opening","T3_PB_to_PC_opening",0.0150660698137779,FALSE,0.581189172635666
"MA0025.2",29,498,2.09386281588448,1.245,1.68181752279878,0.00491954963551825,"NFIL3",0.0154201009583892,"T3_PB_to_PC","opening","T3_PB_to_PC_opening",0.0154201009583892,TRUE,0.750022039491144
"MA0844.1",29,500,2.09386281588448,1.25,1.67509025270758,0.00519479539684485,"XBP1",0.0162141339706727,"T3_PB_to_PC","opening","T3_PB_to_PC_opening",0.0162141339706727,TRUE,0.744239690342192
"MA0084.1",42,798,3.03249097472924,1.995,1.52004560136804,0.00521865429267628,"SRY",0.0162141339706727,"T3_PB_to_PC","opening","T3_PB_to_PC_opening",0.0162141339706727,TRUE,0.604115554282001
"MA1521.1",54,1084,3.89891696750903,2.71,1.43871474815831,0.00523807813261679,"MAFA",0.0162141339706727,"T3_PB_to_PC","opening","T3_PB_to_PC_opening",0.0162141339706727,FALSE,0.524781582188708
"MA0613.1",42,801,3.03249097472924,2.0025,1.51435254668127,0.00555772064128683,"FOXG1",0.0171324776793388,"T3_PB_to_PC","opening","T3_PB_to_PC_opening",0.0171324776793388,TRUE,0.598702061663728
"MA0846.1",67,1409,4.83754512635379,3.5225,1.37332721826935,0.0058809171207007,"FOXC2",0.0180073712096657,"T3_PB_to_PC","opening","T3_PB_to_PC_opening",0.0180073712096657,FALSE,0.457676463271428
"MA0614.1",44,851,3.17689530685921,2.1275,1.49325278818294,0.00588981042246438,"Foxj2",0.0180073712096657,"T3_PB_to_PC","opening","T3_PB_to_PC_opening",0.0180073712096657,FALSE,0.578459381706449
"MA0603.1",42,804,3.03249097472924,2.01,1.50870197747724,0.00591525663351274,"Arntl",0.0180113528514306,"T3_PB_to_PC","opening","T3_PB_to_PC_opening",0.0180113528514306,TRUE,0.593308806461602
"MA1119.1",74,1586,5.34296028880866,3.965,1.34753096817369,0.00613592438343517,"SIX2",0.0186073154066774,"T3_PB_to_PC","opening","T3_PB_to_PC_opening",0.0186073154066774,FALSE,0.430319499158538
"MA1491.1",82,1789,5.92057761732852,4.4725,1.32377364277888,0.00630975057527411,"GLI3",0.0190500583060909,"T3_PB_to_PC","opening","T3_PB_to_PC_opening",0.0190500583060909,FALSE,0.404657541013808
"MA0467.1",49,974,3.53790613718412,2.435,1.45293886537335,0.00633299525457177,"Crx",0.0190500583060909,"T3_PB_to_PC","opening","T3_PB_to_PC_opening",0.0190500583060909,FALSE,0.538974993595006
"MA0056.2",92,2049,6.64259927797834,5.1225,1.29674949301676,0.00683549740176059,"MZF1",0.0204790404084875,"T3_PB_to_PC","opening","T3_PB_to_PC_opening",0.0204790404084875,FALSE,0.374900918205454
"MA1544.1",11,134,0.794223826714801,0.335,2.37081739317851,0.00703996592017398,"OVOL1",0.0210072583057991,"T3_PB_to_PC","opening","T3_PB_to_PC_opening",0.0210072583057991,TRUE,1.24538515531451
"MA1136.1",27,467,1.94945848375451,1.1675,1.66977172056061,0.00710451032006513,"FOSB::JUNB(var.2)",0.0211153972062494,"T3_PB_to_PC","opening","T3_PB_to_PC_opening",0.0211153972062494,TRUE,0.739651745073797
"MA0043.3",27,468,1.94945848375451,1.17,1.66620383226881,0.0072986964595449,"HLF",0.021606458566748,"T3_PB_to_PC","opening","T3_PB_to_PC_opening",0.021606458566748,TRUE,0.736565767050177
"MA1126.1",39,744,2.8158844765343,1.86,1.51391638523349,0.00736914258287665,"FOS::JUN(var.2)",0.0217287761534624,"T3_PB_to_PC","opening","T3_PB_to_PC_opening",0.0217287761534624,TRUE,0.598286479322364
"MA0047.3",48,960,3.46570397111913,2.4,1.44404332129964,0.0076196146213152,"FOXA2",0.0223788681397683,"T3_PB_to_PC","opening","T3_PB_to_PC_opening",0.0223788681397683,FALSE,0.530115022791506
"MA0591.1",86,1911,6.20938628158845,4.7775,1.29971455396932,0.00826193690454385,"Bach1::Mafk",0.0241702154148616,"T3_PB_to_PC","opening","T3_PB_to_PC_opening",0.0241702154148616,FALSE,0.378195920346258
"MA0891.1",28,497,2.02166064981949,1.2425,1.62709106625311,0.00865734526025859,"GSC2",0.0252280451724723,"T3_PB_to_PC","opening","T3_PB_to_PC_opening",0.0252280451724723,TRUE,0.7022958857793
"MA0514.1",110,2536,7.94223826714801,6.34,1.25271896958171,0.0089617120194419,"Sox3",0.0260133741887302,"T3_PB_to_PC","opening","T3_PB_to_PC_opening",0.0260133741887302,FALSE,0.325063953648681
"MA0040.1",45,897,3.24909747292419,2.2425,1.44887289762506,0.00902459841758457,"Foxq1",0.0260943814710003,"T3_PB_to_PC","opening","T3_PB_to_PC_opening",0.0260943814710003,FALSE,0.534932035759063
"MA0884.1",34,640,2.45487364620939,1.6,1.53429602888087,0.00974994006539805,"DUXA",0.0280828389528453,"T3_PB_to_PC","opening","T3_PB_to_PC_opening",0.0280828389528453,TRUE,0.617577805273278
"MA0734.2",85,1901,6.13718411552347,4.7525,1.29135909847942,0.0100386347308177,"GLI2",0.0288031596507308,"T3_PB_to_PC","opening","T3_PB_to_PC_opening",0.0288031596507308,FALSE,0.368891355292831
"MA0853.1",17,262,1.22743682310469,0.655,1.87394934825144,0.0103108657047664,"Alx4",0.0294709035086428,"T3_PB_to_PC","opening","T3_PB_to_PC_opening",0.0294709035086428,TRUE,0.906082728194332
"MA0014.3",34,643,2.45487364620939,1.6075,1.52713757151439,0.0104071329884995,"PAX5",0.0296325237000786,"T3_PB_to_PC","opening","T3_PB_to_PC_opening",0.0296325237000786,TRUE,0.610830977240336
"MA0663.1",33,623,2.3826714801444,1.5575,1.52980512368822,0.0111985903312741,"MLX",0.0317648227647548,"T3_PB_to_PC","opening","T3_PB_to_PC_opening",0.0317648227647548,TRUE,0.613348828005094
"MA0790.1",38,742,2.74368231046931,1.855,1.47907402181634,0.0114499517281004,"POU4F1",0.0323547878377382,"T3_PB_to_PC","opening","T3_PB_to_PC_opening",0.0323547878377382,FALSE,0.56469523083957
"MA0138.2",130,3096,9.38628158844765,7.74,1.2126978796444,0.0128428645449295,"REST",0.0361538752849714,"T3_PB_to_PC","opening","T3_PB_to_PC_opening",0.0361538752849714,FALSE,0.278221365153881
"MA0154.4",145,3496,10.4693140794224,8.74,1.19786202281721,0.0130834533041215,"EBF1",0.0366126715859545,"T3_PB_to_PC","opening","T3_PB_to_PC_opening",0.0366126715859545,FALSE,0.260462943518401
"MA0647.1",19,312,1.37184115523466,0.78,1.7587707118393,0.0131039990796915,"GRHL1",0.0366126715859545,"T3_PB_to_PC","opening","T3_PB_to_PC_opening",0.0366126715859545,TRUE,0.81456823348003
"MA0907.1",25,446,1.80505415162455,1.115,1.6188826471969,0.0133194676950076,"HOXC13",0.0370758317181929,"T3_PB_to_PC","opening","T3_PB_to_PC_opening",0.0370758317181929,TRUE,0.694999299634197
"MA0642.1",26,470,1.87725631768953,1.175,1.59766495122513,0.0137353779991948,"EN2",0.0380914200275066,"T3_PB_to_PC","opening","T3_PB_to_PC_opening",0.0380914200275066,TRUE,0.675965793190955
"MA0463.2",51,1069,3.68231046931408,2.6725,1.37785237392482,0.0140162773359327,"BCL6",0.0387264551577993,"T3_PB_to_PC","opening","T3_PB_to_PC_opening",0.0387264551577993,FALSE,0.462422369924202
"MA1480.1",31,587,2.23826714801444,1.4675,1.52522463237781,0.0141533322214285,"DPRX",0.0389608333475485,"T3_PB_to_PC","opening","T3_PB_to_PC_opening",0.0389608333475485,TRUE,0.609022681779617
"MA0619.1",46,948,3.32129963898917,2.37,1.40139225273805,0.014461454052873,"LIN54",0.0396626644244237,"T3_PB_to_PC","opening","T3_PB_to_PC_opening",0.0396626644244237,FALSE,0.486861855243967
"MA0873.1",14,209,1.01083032490975,0.5225,1.93460349265023,0.0145795659344866,"HOXD12",0.0398401325535788,"T3_PB_to_PC","opening","T3_PB_to_PC_opening",0.0398401325535788,TRUE,0.95203865432107
"MA0522.3",171,4222,12.3465703971119,10.555,1.16973665533983,0.016712486422783,"TCF3",0.0455018790926866,"T3_PB_to_PC","opening","T3_PB_to_PC_opening",0.0455018790926866,FALSE,0.226185003501402
"MA0874.1",17,277,1.22743682310469,0.6925,1.77247194672158,0.0170179000817964,"Arx",0.0461649216764368,"T3_PB_to_PC","opening","T3_PB_to_PC_opening",0.0461649216764368,TRUE,0.825763607759024
"MA0135.1",32,620,2.31046931407942,1.55,1.49062536392221,0.0172681147674202,"Lhx3",0.046634002275073,"T3_PB_to_PC","opening","T3_PB_to_PC_opening",0.046634002275073,FALSE,0.57591868118383
"MA1604.1",131,3155,9.45848375451263,7.8875,1.19917385160224,0.017315842667822,"Ebf2",0.046634002275073,"T3_PB_to_PC","opening","T3_PB_to_PC_opening",0.046634002275073,FALSE,0.262042033354068
"MA1574.1",98,2287,7.07581227436823,5.7175,1.23757101431889,0.0176948850185492,"THRB",0.0474833964886247,"T3_PB_to_PC","opening","T3_PB_to_PC_opening",0.0474833964886247,FALSE,0.307512478063242
"MA0634.1",24,436,1.73285198555957,1.09,1.58977246381612,0.0183182592042648,"ALX3",0.0489800048974249,"T3_PB_to_PC","opening","T3_PB_to_PC_opening",0.0489800048974249,TRUE,0.66882120204208
"MA0905.1",19,324,1.37184115523466,0.81,1.69363105584526,0.0187183383875188,"HOXC10",0.0498710015610321,"T3_PB_to_PC","opening","T3_PB_to_PC_opening",0.0498710015610321,TRUE,0.760120481007098
"MA0845.1",44,915,3.17689530685921,2.2875,1.38880669152315,0.0188830688682457,"FOXB1",0.0501308518708587,"T3_PB_to_PC","opening","T3_PB_to_PC_opening",0.0501308518708587,FALSE,0.473846842880325
"MA1520.1",48,1017,3.46570397111913,2.5425,1.36310873986987,0.0198592785767241,"MAF",0.0525355383625397,"T3_PB_to_PC","opening","T3_PB_to_PC_opening",0.0525355383625397,FALSE,0.446901713862045
"MA1125.1",143,3492,10.3249097472924,8.73,1.1826929836532,0.0200258027076637,"ZNF384",0.0527888650880464,"T3_PB_to_PC","opening","T3_PB_to_PC_opening",0.0527888650880464,FALSE,0.242076831600344
"MA0707.1",27,512,1.94945848375451,1.28,1.52301444043321,0.0212606072386166,"MNX1",0.0558465246479155,"T3_PB_to_PC","opening","T3_PB_to_PC_opening",0.0558465246479155,FALSE,0.606930568038933
"MA0620.3",35,705,2.52707581227437,1.7625,1.43380187930461,0.0222762241454455,"MITF",0.0583089937280783,"T3_PB_to_PC","opening","T3_PB_to_PC_opening",0.0583089937280783,FALSE,0.519846694473862
"MA1637.1",139,3399,10.0361010830325,8.4975,1.18106514657635,0.0225245778394136,"EBF3",0.0587529198188899,"T3_PB_to_PC","opening","T3_PB_to_PC_opening",0.0587529198188899,FALSE,0.240089766314508
"MA0712.2",46,976,3.32129963898917,2.44,1.36118837663491,0.0226990222292411,"OTX2",0.0590016396620691,"T3_PB_to_PC","opening","T3_PB_to_PC_opening",0.0590016396620691,FALSE,0.444867796985684
"MA1503.1",15,244,1.08303249097473,0.61,1.77546309995857,0.0236152429612377,"HOXB9",0.0610541931548278,"T3_PB_to_PC","opening","T3_PB_to_PC_opening",0.0610541931548278,FALSE,0.828196189232239
"MA0738.1",96,2263,6.93140794223827,5.6575,1.22517153199086,0.0236523616913475,"HIC2",0.0610541931548278,"T3_PB_to_PC","opening","T3_PB_to_PC_opening",0.0610541931548278,FALSE,0.292984927612032
"MA0839.1",36,733,2.59927797833935,1.8325,1.41843273033525,0.0238338635867912,"CREB3L1",0.0613105594336076,"T3_PB_to_PC","opening","T3_PB_to_PC_opening",0.0613105594336076,FALSE,0.504298749026054
"MA0847.2",54,1180,3.89891696750903,2.95,1.32166676864713,0.0239450559726185,"FOXD2",0.0613849201222454,"T3_PB_to_PC","opening","T3_PB_to_PC_opening",0.0613849201222454,FALSE,0.402359568099207
"MA0130.1",467,12502,33.7184115523466,31.255,1.07881655902565,0.0241961868821987,"ZNF354C",0.0618162856647952,"T3_PB_to_PC","opening","T3_PB_to_PC_opening",0.0618162856647952,FALSE,0.109450908437234
"MA1631.1",196,4951,14.1516245487365,12.3775,1.14333464340428,0.0243116449673889,"ASCL1(var.2)",0.0618992735347171,"T3_PB_to_PC","opening","T3_PB_to_PC_opening",0.0618992735347171,FALSE,0.193248990596346
"MA0843.1",11,161,0.794223826714801,0.4025,1.97322689867031,0.0248695569581159,"TEF",0.0631043860229743,"T3_PB_to_PC","opening","T3_PB_to_PC_opening",0.0631043860229743,FALSE,0.980557590270289
"MA1550.1",91,2140,6.57039711191336,5.35,1.22811160970343,0.0256871809056794,"PPARD",0.06495809137504,"T3_PB_to_PC","opening","T3_PB_to_PC_opening",0.06495809137504,FALSE,0.296442852248935
"MA0743.2",82,1910,5.92057761732852,4.775,1.23991154289603,0.027160304541927,"SCRT1",0.0684513080685053,"T3_PB_to_PC","opening","T3_PB_to_PC_opening",0.0684513080685053,FALSE,0.310238363854148
"MA0794.1",25,477,1.80505415162455,1.1925,1.51367224454889,0.0275815487076519,"PROX1",0.0692789068549101,"T3_PB_to_PC","opening","T3_PB_to_PC_opening",0.0692789068549101,FALSE,0.598053805491062
"MA0793.1",29,575,2.09386281588448,1.4375,1.45660021974572,0.0292975389660282,"POU6F2",0.0733421613042181,"T3_PB_to_PC","opening","T3_PB_to_PC_opening",0.0733421613042181,FALSE,0.542605958362068
"MA0651.1",14,230,1.01083032490975,0.575,1.75796578245173,0.0301900199950964,"HOXC11",0.0753235950379329,"T3_PB_to_PC","opening","T3_PB_to_PC_opening",0.0753235950379329,FALSE,0.813907810387511
"MA0715.1",26,507,1.87725631768953,1.2675,1.48107007312783,0.0315267662899232,"PROP1",0.0783965588409424,"T3_PB_to_PC","opening","T3_PB_to_PC_opening",0.0783965588409424,FALSE,0.566640873839979
"MA1654.1",144,3581,10.3971119133574,8.9525,1.16136407856547,0.0328430235138107,"ZNF16",0.0813983240574844,"T3_PB_to_PC","opening","T3_PB_to_PC_opening",0.0813983240574844,FALSE,0.215821558975984
"MA0442.2",93,2226,6.71480144404332,5.565,1.20661301779754,0.0355701690031293,"SOX10",0.0878653843587233,"T3_PB_to_PC","opening","T3_PB_to_PC_opening",0.0878653843587233,FALSE,0.27096424803526
"MA1533.1",51,1136,3.68231046931408,2.84,1.29658819342045,0.0368577413650074,"NR1I2",0.0905063109567575,"T3_PB_to_PC","opening","T3_PB_to_PC_opening",0.0905063109567575,FALSE,0.374721453764905
"MA0523.1",64,1470,4.62093862815884,3.675,1.25739826616567,0.036881928325542,"TCF7L2",0.0905063109567575,"T3_PB_to_PC","opening","T3_PB_to_PC_opening",0.0905063109567575,FALSE,0.330442826253938
"MA1575.1",50,1112,3.6101083032491,2.78,1.29860010908241,0.0375713251740152,"THRB(var.2)",0.09189576583546,"T3_PB_to_PC","opening","T3_PB_to_PC_opening",0.09189576583546,FALSE,0.376958346625431
"MA0501.1",71,1656,5.12635379061372,4.14,1.23824970787771,0.0385905734783747,"MAF::NFE2",0.0940802869766912,"T3_PB_to_PC","opening","T3_PB_to_PC_opening",0.0940802869766912,FALSE,0.308303445726108
"MA0883.1",22,422,1.5884476534296,1.055,1.5056375861892,0.0387458772127571,"Dmbx1",0.0941512195463088,"T3_PB_to_PC","opening","T3_PB_to_PC_opening",0.0941512195463088,FALSE,0.590375506738114
"MA0682.2",27,542,1.94945848375451,1.355,1.43871474815831,0.0391749152636085,"PITX1",0.0948846973592596,"T3_PB_to_PC","opening","T3_PB_to_PC_opening",0.0948846973592596,FALSE,0.524781582188708
"MA1647.1",99,2397,7.14801444043321,5.9925,1.19282677353913,0.0396255500240792,"PRDM4",0.0956655673720487,"T3_PB_to_PC","opening","T3_PB_to_PC_opening",0.0956655673720487,FALSE,0.254385754518605
"MA1648.1",171,4344,12.3465703971119,10.86,1.13688493527734,0.0405201396645359,"TCF12(var.2)",0.0975097554507864,"T3_PB_to_PC","opening","T3_PB_to_PC_opening",0.0975097554507864,FALSE,0.185087514683373
"MA0627.2",53,1196,3.82671480144404,2.99,1.27983772623547,0.0412770941438039,"POU2F3",0.0990119364349766,"T3_PB_to_PC","opening","T3_PB_to_PC_opening",0.0990119364349766,FALSE,0.355962026225962
"MA0744.2",80,1900,5.77617328519856,4.75,1.21603648109443,0.0419216750607433,"SCRT2",0.100235799984982,"T3_PB_to_PC","opening","T3_PB_to_PC_opening",0.100235799984982,FALSE,0.282187696672713
"MA0597.1",84,2006,6.06498194945848,5.015,1.20936828503659,0.0421313431522652,"THAP1",0.100415277928402,"T3_PB_to_PC","opening","T3_PB_to_PC_opening",0.100415277928402,FALSE,0.274254843711741
"MA0770.1",50,1123,3.6101083032491,2.8075,1.28588007239505,0.0433184522451377,"HSF2",0.102915813295773,"T3_PB_to_PC","opening","T3_PB_to_PC_opening",0.102915813295773,FALSE,0.362757217938058
"MA0089.2",69,1615,4.98194945848375,4.0375,1.23391937052229,0.0434853071280044,"NFE2L1",0.102984251166639,"T3_PB_to_PC","opening","T3_PB_to_PC_opening",0.102984251166639,FALSE,0.30324929500648
"MA0485.2",15,265,1.08303249097473,0.6625,1.6347660241128,0.0438872091676635,"HOXC9",0.103607145693282,"T3_PB_to_PC","opening","T3_PB_to_PC_opening",0.103607145693282,FALSE,0.709085047279164
"MA1463.1",19,358,1.37184115523466,0.895,1.53278341367001,0.0447960447464344,"ARGFX",0.105419083220316,"T3_PB_to_PC","opening","T3_PB_to_PC_opening",0.105419083220316,FALSE,0.616154796017555
"MA0854.1",16,289,1.15523465703971,0.7225,1.59894070178507,0.0453264936553386,"Alx1",0.106331963103404,"T3_PB_to_PC","opening","T3_PB_to_PC_opening",0.106331963103404,FALSE,0.677117338393704
"MA1619.1",84,2015,6.06498194945848,5.0375,1.20396664009101,0.0458810856754605,"Ptf1a(var.2)",0.107295579667378,"T3_PB_to_PC","opening","T3_PB_to_PC_opening",0.107295579667378,FALSE,0.267796616260728
"MA0075.3",20,384,1.44404332129964,0.96,1.50421179302046,0.047361191383543,"PRRX2",0.110410777412885,"T3_PB_to_PC","opening","T3_PB_to_PC_opening",0.110410777412885,FALSE,0.589008671882449
"MA1506.1",16,292,1.15523465703971,0.73,1.58251322882152,0.0489162717726199,"HOXD10",0.113411491703178,"T3_PB_to_PC","opening","T3_PB_to_PC_opening",0.113411491703178,FALSE,0.662218471380607
"MA0726.1",19,362,1.37184115523466,0.905,1.51584658036979,0.0490473307365103,"VSX2",0.113411491703178,"T3_PB_to_PC","opening","T3_PB_to_PC_opening",0.113411491703178,FALSE,0.600124696715087
"MA0692.1",40,878,2.88808664259928,2.195,1.3157570125737,0.0491044394371667,"TFEB",0.113411491703178,"T3_PB_to_PC","opening","T3_PB_to_PC_opening",0.113411491703178,FALSE,0.395894180439768
"MA0667.1",52,1185,3.75451263537906,2.9625,1.26734603725876,0.0494214800682744,"MYF6",0.113791432502879,"T3_PB_to_PC","opening","T3_PB_to_PC_opening",0.113791432502879,FALSE,0.341811631327136
"MA0683.1",35,754,2.52707581227437,1.885,1.34062377308985,0.0504342343237723,"POU4F2",0.11576596555549,"T3_PB_to_PC","opening","T3_PB_to_PC_opening",0.11576596555549,FALSE,0.422905498425946
"MA0665.1",87,2108,6.28158844765343,5.27,1.19195226710691,0.0518706239461854,"MSC",0.118336113152026,"T3_PB_to_PC","opening","T3_PB_to_PC_opening",0.118336113152026,FALSE,0.253327673187004
"MA0779.1",22,436,1.5884476534296,1.09,1.45729142516477,0.0518711916899632,"PAX1",0.118336113152026,"T3_PB_to_PC","opening","T3_PB_to_PC_opening",0.118336113152026,FALSE,0.543290402456824
"MA0147.3",49,1117,3.53790613718412,2.7925,1.2669314725816,0.0553077762147401,"MYC",0.125661604669593,"T3_PB_to_PC","opening","T3_PB_to_PC_opening",0.125661604669593,FALSE,0.341339630976052
"MA1118.1",46,1040,3.32129963898917,2.6,1.27742293807276,0.055419125919968,"SIX1",0.125661604669593,"T3_PB_to_PC","opening","T3_PB_to_PC_opening",0.125661604669593,FALSE,0.353237391020328
"MA1134.1",53,1221,3.82671480144404,3.0525,1.25363302258609,0.0557144710359717,"FOS::JUNB",0.125948470887378,"T3_PB_to_PC","opening","T3_PB_to_PC_opening",0.125948470887378,FALSE,0.32611623899953
"MA0735.1",25,513,1.80505415162455,1.2825,1.40744963089633,0.0562797881351245,"GLIS1",0.126842060268287,"T3_PB_to_PC","opening","T3_PB_to_PC_opening",0.126842060268287,FALSE,0.493084317822245
"MA1633.1",89,2181,6.42599277978339,5.4525,1.17854062902951,0.0615446487568754,"BACH1",0.138290084254907,"T3_PB_to_PC","opening","T3_PB_to_PC_opening",0.138290084254907,FALSE,0.2370027190749
"MA0704.1",14,256,1.01083032490975,0.64,1.57942238267148,0.0631552539728663,"Lhx4",0.141482941332607,"T3_PB_to_PC","opening","T3_PB_to_PC_opening",0.141482941332607,FALSE,0.659397954102274
"MA0869.1",40,897,2.88808664259928,2.2425,1.28788702011116,0.0635658936585829,"Sox11",0.141976516973961,"T3_PB_to_PC","opening","T3_PB_to_PC_opening",0.141976516973961,FALSE,0.365007158783671
"MA0662.1",21,424,1.51624548736462,1.06,1.4304202710987,0.0658098663916042,"MIXL1",0.146549732322796,"T3_PB_to_PC","opening","T3_PB_to_PC_opening",0.146549732322796,FALSE,0.51644009540934
"MA0159.1",97,2405,7.00361010830325,6.0125,1.16484159805459,0.06644019041966,"RARA::RXRA",0.147513041824602,"T3_PB_to_PC","opening","T3_PB_to_PC_opening",0.147513041824602,FALSE,0.220135020675332
"MA1600.1",97,2408,7.00361010830325,6.02,1.16339038343908,0.0680358447698641,"ZNF684",0.150607537680471,"T3_PB_to_PC","opening","T3_PB_to_PC_opening",0.150607537680471,FALSE,0.218336524117981
"MA0032.2",46,1058,3.32129963898917,2.645,1.25568984460838,0.0690129637161831,"FOXC1",0.152318553054061,"T3_PB_to_PC","opening","T3_PB_to_PC_opening",0.152318553054061,FALSE,0.328481311481691
"MA0680.1",13,237,0.938628158844765,0.5925,1.58418254657344,0.070100967376614,"PAX7",0.154155594865492,"T3_PB_to_PC","opening","T3_PB_to_PC_opening",0.154155594865492,FALSE,0.663739498542817
"MA0895.1",17,331,1.22743682310469,0.8275,1.48330733909933,0.0702585821102779,"HMBOX1",0.154155594865492,"T3_PB_to_PC","opening","T3_PB_to_PC_opening",0.154155594865492,FALSE,0.568818525676135
"MA0093.3",66,1586,4.76534296028881,3.965,1.20185194458734,0.07186803357077,"USF1",0.157224495729603,"T3_PB_to_PC","opening","T3_PB_to_PC_opening",0.157224495729603,FALSE,0.26526038266019
"MA0654.1",17,333,1.22743682310469,0.8325,1.47439858631194,0.0733302366488418,"ISX",0.159487919941796,"T3_PB_to_PC","opening","T3_PB_to_PC_opening",0.159487919941796,FALSE,0.560127571288947
"MA0701.2",17,333,1.22743682310469,0.8325,1.47439858631194,0.0733302366488418,"LHX9",0.159487919941796,"T3_PB_to_PC","opening","T3_PB_to_PC_opening",0.159487919941796,FALSE,0.560127571288947
"MA0780.1",12,216,0.866425992779783,0.54,1.60449257922182,0.0738852431865458,"PAX3",0.160227882026637,"T3_PB_to_PC","opening","T3_PB_to_PC_opening",0.160227882026637,FALSE,0.68211801632999
"MA0466.2",15,286,1.08303249097473,0.715,1.51473075660801,0.0741633931889016,"CEBPB",0.160364902373683,"T3_PB_to_PC","opening","T3_PB_to_PC_opening",0.160364902373683,FALSE,0.599062329885934
"MA0507.1",49,1146,3.53790613718412,2.865,1.23487125207124,0.0773568832034754,"POU2F2",0.16678680598206,"T3_PB_to_PC","opening","T3_PB_to_PC_opening",0.16678680598206,FALSE,0.304361802266646
"MA0526.3",62,1491,4.47653429602888,3.7275,1.20094816794873,0.0797829946121366,"USF2",0.17152194230736,"T3_PB_to_PC","opening","T3_PB_to_PC_opening",0.17152194230736,FALSE,0.264175088012506
"MA1549.1",27,585,1.94945848375451,1.4625,1.33296306581505,0.0817217632803281,"POU6F1(var.2)",0.175185159215876,"T3_PB_to_PC","opening","T3_PB_to_PC_opening",0.175185159215876,FALSE,0.414637888627036
"MA1507.1",22,461,1.5884476534296,1.1525,1.37826260601267,0.082680548712962,"HOXD4",0.176732634211661,"T3_PB_to_PC","opening","T3_PB_to_PC_opening",0.176732634211661,FALSE,0.462851843569504
"MA1577.1",16,316,1.15523465703971,0.79,1.46232235068318,0.0849543343878111,"TLX2",0.181074095580877,"T3_PB_to_PC","opening","T3_PB_to_PC_opening",0.181074095580877,FALSE,0.548262357013445
"MA1115.1",54,1295,3.89891696750903,3.2375,1.20429867722286,0.0929641621769887,"POU5F1",0.197581951521463,"T3_PB_to_PC","opening","T3_PB_to_PC_opening",0.197581951521463,FALSE,0.268194436156471
"MA0702.2",18,370,1.29963898916968,0.925,1.40501512342668,0.0946390629658409,"LMX1A",0.200570286853742,"T3_PB_to_PC","opening","T3_PB_to_PC_opening",0.200570286853742,FALSE,0.490586686356692
"MA0703.2",18,372,1.29963898916968,0.93,1.39746127867707,0.0982288866032871,"LMX1B",0.20758852522961,"T3_PB_to_PC","opening","T3_PB_to_PC_opening",0.20758852522961,FALSE,0.482809341315337
"MA0897.1",21,447,1.51624548736462,1.1175,1.35681922806678,0.0994369385253264,"Hmx2",0.209547898700264,"T3_PB_to_PC","opening","T3_PB_to_PC_opening",0.209547898700264,FALSE,0.440229583499957
"MA0148.4",43,1013,3.10469314079422,2.5325,1.22594003585162,0.100655346799768,"FOXA1",0.211517996373596,"T3_PB_to_PC","opening","T3_PB_to_PC_opening",0.211517996373596,FALSE,0.293889591320562
"MA0893.2",17,352,1.22743682310469,0.88,1.39481457170988,0.10696708616379,"GSX2",0.224150129994909,"T3_PB_to_PC","opening","T3_PB_to_PC_opening",0.224150129994909,FALSE,0.48007437555305
"MA0830.2",167,4399,12.057761732852,10.9975,1.09640934147324,0.108476852756419,"TCF4",0.226677120885963,"T3_PB_to_PC","opening","T3_PB_to_PC_opening",0.226677120885963,FALSE,0.132787841012371
"MA1556.1",46,1102,3.32129963898917,2.755,1.20555340798155,0.11189495322276,"RXRG(var.2)",0.233166578503293,"T3_PB_to_PC","opening","T3_PB_to_PC_opening",0.233166578503293,FALSE,0.269696762805953
"MA1597.1",107,2751,7.72563176895307,6.8775,1.12331977738322,0.113299745272807,"ZNF528",0.23543623948054,"T3_PB_to_PC","opening","T3_PB_to_PC_opening",0.23543623948054,FALSE,0.167769965011018
"MA0700.2",21,456,1.51624548736462,1.14,1.33003990119704,0.115131685196956,"LHX2",0.238578436547026,"T3_PB_to_PC","opening","T3_PB_to_PC_opening",0.238578436547026,FALSE,0.411470611927081
"MA0898.1",21,457,1.51624548736462,1.1425,1.32712952942199,0.116964518610503,"Hmx3",0.240803707182686,"T3_PB_to_PC","opening","T3_PB_to_PC_opening",0.240803707182686,FALSE,0.408310273412481
"MA0099.3",49,1186,3.53790613718412,2.965,1.19322298050055,0.117003208901564,"FOS::JUN",0.240803707182686,"T3_PB_to_PC","opening","T3_PB_to_PC_opening",0.240803707182686,FALSE,0.25486487725573
"MA0621.1",17,357,1.22743682310469,0.8925,1.3752793536187,0.117173921859671,"mix-a",0.240803707182686,"T3_PB_to_PC","opening","T3_PB_to_PC_opening",0.240803707182686,FALSE,0.459725744853388
"MA0618.1",16,334,1.15523465703971,0.835,1.383514559329,0.120995907529439,"LBX1",0.247542345835894,"T3_PB_to_PC","opening","T3_PB_to_PC_opening",0.247542345835894,FALSE,0.468338868913937
"MA0838.1",14,285,1.01083032490975,0.7125,1.4187092279435,0.12144838951198,"CEBPG",0.247542345835894,"T3_PB_to_PC","opening","T3_PB_to_PC_opening",0.247542345835894,FALSE,0.504579948524826
"MA0612.2",14,285,1.01083032490975,0.7125,1.4187092279435,0.12144838951198,"EMX1",0.247542345835894,"T3_PB_to_PC","opening","T3_PB_to_PC_opening",0.247542345835894,FALSE,0.504579948524826
"MA0828.1",25,562,1.80505415162455,1.405,1.28473605097833,0.122719640246727,"SREBF2(var.2)",0.249126400161348,"T3_PB_to_PC","opening","T3_PB_to_PC_opening",0.249126400161348,FALSE,0.361473111116799
"MA0710.1",23,511,1.66064981949458,1.2775,1.29992158081768,0.122929901504732,"NOTO",0.249126400161348,"T3_PB_to_PC","opening","T3_PB_to_PC_opening",0.249126400161348,FALSE,0.378425703564227
"MA1592.1",58,1432,4.18772563176895,3.58,1.16975576306395,0.123227401688388,"ZNF274",0.249126400161348,"T3_PB_to_PC","opening","T3_PB_to_PC_opening",0.249126400161348,FALSE,0.226208569805829
"MA0909.2",27,614,1.94945848375451,1.535,1.2700055268759,0.123713510435755,"HOXD13",0.249433185905603,"T3_PB_to_PC","opening","T3_PB_to_PC_opening",0.249433185905603,FALSE,0.344835911381144
"MA0464.2",25,564,1.80505415162455,1.41,1.28018024937911,0.126168379398662,"BHLHE40",0.253697064774669,"T3_PB_to_PC","opening","T3_PB_to_PC_opening",0.253697064774669,FALSE,0.356348082935194
"MA1128.1",59,1464,4.25992779783394,3.66,1.16391469886173,0.12876327363233,"FOSL1::JUN",0.258218822929349,"T3_PB_to_PC","opening","T3_PB_to_PC_opening",0.258218822929349,FALSE,0.21898656920973
"MA0630.1",19,414,1.37184115523466,1.035,1.32545039153107,0.131702139084307,"SHOX",0.262699988654795,"T3_PB_to_PC","opening","T3_PB_to_PC_opening",0.262699988654795,FALSE,0.406483763013208
"MA0720.1",19,414,1.37184115523466,1.035,1.32545039153107,0.131702139084307,"Shox2",0.262699988654795,"T3_PB_to_PC","opening","T3_PB_to_PC_opening",0.262699988654795,FALSE,0.406483763013208
"MA1147.1",37,881,2.67148014440433,2.2025,1.21293082606326,0.133056675901563,"NR4A2::RXRA",0.264270087132111,"T3_PB_to_PC","opening","T3_PB_to_PC_opening",0.264270087132111,FALSE,0.278498464749896
"MA0749.1",5,78,0.36101083032491,0.195,1.85133759140979,0.133563690758137,"ZBED1",0.264270087132111,"T3_PB_to_PC","opening","T3_PB_to_PC_opening",0.264270087132111,FALSE,0.888568773909529
"MA0837.1",14,290,1.01083032490975,0.725,1.39424872401344,0.133895074321375,"CEBPE",0.264270087132111,"T3_PB_to_PC","opening","T3_PB_to_PC_opening",0.264270087132111,FALSE,0.479488985402453
"MA0911.1",12,241,0.866425992779783,0.6025,1.4380514402984,0.133906290798844,"Hoxa11",0.264270087132111,"T3_PB_to_PC","opening","T3_PB_to_PC_opening",0.264270087132111,FALSE,0.524116286332836
"MA0699.1",18,390,1.29963898916968,0.975,1.33296306581505,0.134346076750511,"LBX2",0.264438451862483,"T3_PB_to_PC","opening","T3_PB_to_PC_opening",0.264438451862483,FALSE,0.414637888627037
"MA1467.1",104,2697,7.50902527075812,6.7425,1.11368561672349,0.13553058129728,"ATOH1(var.2)",0.266067930652029,"T3_PB_to_PC","opening","T3_PB_to_PC_opening",0.266067930652029,FALSE,0.155343325941774
"MA1499.1",20,442,1.44404332129964,1.105,1.3068265351128,0.137244713592559,"HOXB4",0.268725869658921,"T3_PB_to_PC","opening","T3_PB_to_PC_opening",0.268725869658921,FALSE,0.386068758076686
"MA0622.1",40,964,2.88808664259928,2.41,1.19837620024866,0.138291496042027,"Mlxip",0.270066638867414,"T3_PB_to_PC","opening","T3_PB_to_PC_opening",0.270066638867414,FALSE,0.261082081144708
"MA1655.1",78,1989,5.63176895306859,4.9725,1.13258299709776,0.139326084973092,"ZNF341",0.271376656370566,"T3_PB_to_PC","opening","T3_PB_to_PC_opening",0.271376656370566,FALSE,0.179618050450393
"MA1504.1",25,572,1.80505415162455,1.43,1.26227563050668,0.140545311548857,"HOXC4",0.272736108156821,"T3_PB_to_PC","opening","T3_PB_to_PC_opening",0.272736108156821,FALSE,0.336028114540646
"MA1487.1",64,1610,4.62093862815884,4.025,1.14805928649909,0.140866499310382,"FOXE1",0.272736108156821,"T3_PB_to_PC","opening","T3_PB_to_PC_opening",0.272736108156821,FALSE,0.199198402248472
"MA0150.2",70,1773,5.05415162454874,4.4325,1.14024853345713,0.141120828081143,"Nfe2l2",0.272736108156821,"T3_PB_to_PC","opening","T3_PB_to_PC_opening",0.272736108156821,FALSE,0.189349579904749
"MA1561.1",14,293,1.01083032490975,0.7325,1.37997313980853,0.141693284368061,"SOX12",0.273134858239208,"T3_PB_to_PC","opening","T3_PB_to_PC_opening",0.273134858239208,FALSE,0.464641231699414
"MA0635.1",10,196,0.72202166064982,0.49,1.4735135931629,0.144275962504979,"BARHL2",0.277396567084316,"T3_PB_to_PC","opening","T3_PB_to_PC_opening",0.277396567084316,FALSE,0.55926134846971
"MA1135.1",49,1209,3.53790613718412,3.0225,1.17052312231071,0.144909014140301,"FOSB::JUNB",0.27789749241302,"T3_PB_to_PC","opening","T3_PB_to_PC_opening",0.27789749241302,FALSE,0.227154666000065
"MA1141.1",59,1480,4.25992779783394,3.7,1.15133183725242,0.146922820334767,"FOS::JUND",0.280518041013302,"T3_PB_to_PC","opening","T3_PB_to_PC_opening",0.280518041013302,FALSE,0.20330496052411
"MA0259.1",14,295,1.01083032490975,0.7375,1.37061738970813,0.147027552327347,"ARNT::HIF1A",0.280518041013302,"T3_PB_to_PC","opening","T3_PB_to_PC_opening",0.280518041013302,FALSE,0.454826949008641
"MA0035.4",29,681,2.09386281588448,1.7025,1.22987536909514,0.149332414937133,"GATA1",0.284188728426278,"T3_PB_to_PC","opening","T3_PB_to_PC_opening",0.284188728426278,FALSE,0.29851329876958
"MA1144.1",48,1188,3.46570397111913,2.97,1.16690369397951,0.152640693096676,"FOSL2::JUND",0.289745437786566,"T3_PB_to_PC","opening","T3_PB_to_PC_opening",0.289745437786566,FALSE,0.222686734877325
"MA1481.1",17,373,1.22743682310469,0.9325,1.31628613737769,0.153584027976196,"DRGX",0.290796154493,"T3_PB_to_PC","opening","T3_PB_to_PC_opening",0.290796154493,FALSE,0.396474235642101
"MA0902.2",14,299,1.01083032490975,0.7475,1.35228137111672,0.158015705617087,"HOXB2",0.298429661747714,"T3_PB_to_PC","opening","T3_PB_to_PC_opening",0.298429661747714,FALSE,0.435396433332105
"MA0132.2",17,378,1.22743682310469,0.945,1.29887494508433,0.166100030679495,"PDX1",0.312905613350766,"T3_PB_to_PC","opening","T3_PB_to_PC_opening",0.312905613350766,FALSE,0.377263646368406
"MA0059.1",40,986,2.88808664259928,2.465,1.17163758320458,0.171342233073131,"MAX::MYC",0.321968024867898,"T3_PB_to_PC","opening","T3_PB_to_PC_opening",0.321968024867898,FALSE,0.228527608471058
"MA0658.1",13,279,0.938628158844765,0.6975,1.34570345354088,0.173008136342366,"LHX6",0.323703958105468,"T3_PB_to_PC","opening","T3_PB_to_PC_opening",0.323703958105468,FALSE,0.428361596999413
"MA1130.1",53,1338,3.82671480144404,3.345,1.14401040401915,0.173133886439788,"FOSL2::JUN",0.323703958105468,"T3_PB_to_PC","opening","T3_PB_to_PC_opening",0.323703958105468,FALSE,0.19410143361968
"MA0520.1",58,1477,4.18772563176895,3.6925,1.13411662336329,0.177289423593856,"Stat6",0.330644775002541,"T3_PB_to_PC","opening","T3_PB_to_PC_opening",0.330644775002541,FALSE,0.181570275062145
"MA1546.1",14,306,1.01083032490975,0.765,1.32134682994738,0.178240337434513,"PAX3(var.2)",0.33158925617493,"T3_PB_to_PC","opening","T3_PB_to_PC_opening",0.33158925617493,FALSE,0.402010289814197
"MA0723.1",17,383,1.22743682310469,0.9575,1.28191835311195,0.179134179861884,"VAX2",0.331844434756141,"T3_PB_to_PC","opening","T3_PB_to_PC_opening",0.331844434756141,FALSE,0.358305503356662
"MA0708.1",18,409,1.29963898916968,1.0225,1.27104057620506,0.179711999519412,"MSX2",0.331844434756141,"T3_PB_to_PC","opening","T3_PB_to_PC_opening",0.331844434756141,FALSE,0.346011222163358
"MA0709.1",18,409,1.29963898916968,1.0225,1.27104057620506,0.179711999519412,"Msx3",0.331844434756141,"T3_PB_to_PC","opening","T3_PB_to_PC_opening",0.331844434756141,FALSE,0.346011222163358
"MA1154.1",55,1399,3.97111913357401,3.4975,1.13541647850579,0.182344891162122,"ZNF282",0.335874787177637,"T3_PB_to_PC","opening","T3_PB_to_PC_opening",0.335874787177637,FALSE,0.183222855602951
"MA0004.1",114,3029,8.23104693140794,7.5725,1.08696559014961,0.185628706339254,"Arnt",0.341081317559319,"T3_PB_to_PC","opening","T3_PB_to_PC_opening",0.341081317559319,FALSE,0.120307597250022
"MA0719.1",47,1186,3.39350180505415,2.965,1.1445200017046,0.188844677220036,"RHOXF1",0.345976573906592,"T3_PB_to_PC","opening","T3_PB_to_PC_opening",0.345976573906592,FALSE,0.194743936268078
"MA0065.2",184,4993,13.2851985559567,12.4825,1.06430591275439,0.189220431841675,"Pparg::Rxra",0.345976573906592,"T3_PB_to_PC","opening","T3_PB_to_PC_opening",0.345976573906592,FALSE,0.0899142388658439
"MA0867.2",72,1872,5.1985559566787,4.68,1.11080255484588,0.192143274392477,"SOX4",0.350461815884567,"T3_PB_to_PC","opening","T3_PB_to_PC_opening",0.350461815884567,FALSE,0.151603699257432
"MA0717.1",16,363,1.15523465703971,0.9075,1.27298584797764,0.195112766332152,"RAX2",0.353818519046352,"T3_PB_to_PC","opening","T3_PB_to_PC_opening",0.353818519046352,FALSE,0.348217513932555
"MA0721.1",16,363,1.15523465703971,0.9075,1.27298584797764,0.195112766332152,"UNCX",0.353818519046352,"T3_PB_to_PC","opening","T3_PB_to_PC_opening",0.353818519046352,FALSE,0.348217513932555
"MA0491.2",54,1381,3.89891696750903,3.4525,1.12930252498451,0.195576141818345,"JUND",0.353818519046352,"T3_PB_to_PC","opening","T3_PB_to_PC_opening",0.353818519046352,FALSE,0.175433294027549
"MA1137.1",52,1327,3.75451263537906,3.3175,1.13172950576611,0.196428289457532,"FOSL1::JUNB",0.353818519046352,"T3_PB_to_PC","opening","T3_PB_to_PC_opening",0.353818519046352,FALSE,0.178530456153428
"MA0826.1",14,312,1.01083032490975,0.78,1.29593631398686,0.196537235026795,"OLIG1",0.353818519046352,"T3_PB_to_PC","opening","T3_PB_to_PC_opening",0.353818519046352,FALSE,0.373995935053148
"MA0901.2",51,1300,3.68231046931408,3.25,1.13301860594279,0.196829337002997,"HOXB13",0.353818519046352,"T3_PB_to_PC","opening","T3_PB_to_PC_opening",0.353818519046352,FALSE,0.18017282598783
"MA1113.2",29,707,2.09386281588448,1.7675,1.18464657192898,0.199215604770524,"PBX2",0.357247214324065,"T3_PB_to_PC","opening","T3_PB_to_PC_opening",0.357247214324065,FALSE,0.244457926757946
"MA0601.1",23,548,1.66064981949458,1.37,1.21215315291576,0.200087908087998,"Arid3b",0.357951029816898,"T3_PB_to_PC","opening","T3_PB_to_PC_opening",0.357951029816898,FALSE,0.277573181900939
"MA0644.1",18,417,1.29963898916968,1.0425,1.24665610471911,0.200891926514033,"ESX1",0.358529610477197,"T3_PB_to_PC","opening","T3_PB_to_PC_opening",0.358529610477197,FALSE,0.318064703861899
"MA0899.1",30,738,2.16606498194946,1.845,1.17401896040621,0.20800070647921,"HOXA10",0.370330613445085,"T3_PB_to_PC","opening","T3_PB_to_PC_opening",0.370330613445085,FALSE,0.231456937012066
"MA0027.2",15,344,1.08303249097473,0.86,1.25934010578457,0.215845746423477,"EN1",0.383383159123604,"T3_PB_to_PC","opening","T3_PB_to_PC_opening",0.383383159123604,FALSE,0.332669105114906
"MA1498.1",13,294,0.938628158844765,0.735,1.27704511407451,0.221923704628234,"HOXA7",0.391383176483835,"T3_PB_to_PC","opening","T3_PB_to_PC_opening",0.391383176483835,FALSE,0.352810621630634
"MA1502.1",13,294,0.938628158844765,0.735,1.27704511407451,0.221923704628234,"HOXB8",0.391383176483835,"T3_PB_to_PC","opening","T3_PB_to_PC_opening",0.391383176483835,FALSE,0.352810621630634
"MA0910.2",13,294,0.938628158844765,0.735,1.27704511407451,0.221923704628234,"HOXD8",0.391383176483835,"T3_PB_to_PC","opening","T3_PB_to_PC_opening",0.391383176483835,FALSE,0.352810621630634
"MA0730.1",80,2118,5.77617328519856,5.295,1.09087314168056,0.223557047627298,"RARA(var.2)",0.393333862098973,"T3_PB_to_PC","opening","T3_PB_to_PC_opening",0.393333862098973,FALSE,0.125484662021354
"MA0488.1",67,1759,4.83754512635379,4.3975,1.10006711230331,0.225222984608831,"JUN",0.395332580042796,"T3_PB_to_PC","opening","T3_PB_to_PC_opening",0.395332580042796,FALSE,0.137592853059046
"MA1657.1",36,909,2.59927797833935,2.2725,1.14379669013833,0.226216459450313,"ZNF652",0.396144316314398,"T3_PB_to_PC","opening","T3_PB_to_PC_opening",0.396144316314398,FALSE,0.193831897181776
"MA0639.1",8,168,0.577617328519856,0.42,1.3752793536187,0.228076861224037,"DBP",0.39846683483169,"T3_PB_to_PC","opening","T3_PB_to_PC_opening",0.39846683483169,FALSE,0.459725744853389
"MA0896.1",18,427,1.29963898916968,1.0675,1.21746041140016,0.228939992439073,"Hmx1",0.399040267195206,"T3_PB_to_PC","opening","T3_PB_to_PC_opening",0.399040267195206,FALSE,0.283876045437892
"MA0477.2",61,1597,4.4043321299639,3.9925,1.10315144144368,0.230743240785408,"FOSL1",0.401245821971828,"T3_PB_to_PC","opening","T3_PB_to_PC_opening",0.401245821971828,FALSE,0.141632166558145
"MA0889.1",14,324,1.01083032490975,0.81,1.24793867272808,0.235563479612193,"GBX1",0.407003592439272,"T3_PB_to_PC","opening","T3_PB_to_PC_opening",0.407003592439272,FALSE,0.319548193847866
"MA1152.1",52,1352,3.75451263537906,3.38,1.11080255484588,0.235679653404421,"SOX15",0.407003592439272,"T3_PB_to_PC","opening","T3_PB_to_PC_opening",0.407003592439272,FALSE,0.151603699257432
"MA1531.1",82,2183,5.92057761732852,5.4575,1.08485160189254,0.235691088383064,"NR1D1",0.407003592439272,"T3_PB_to_PC","opening","T3_PB_to_PC_opening",0.407003592439272,FALSE,0.117499038094315
"MA0771.1",42,1078,3.03249097472924,2.695,1.12522856205167,0.236520420972654,"HSF4",0.407492457380138,"T3_PB_to_PC","opening","T3_PB_to_PC_opening",0.407492457380138,FALSE,0.170219360773689
"MA0711.1",14,326,1.01083032490975,0.815,1.24028260725122,0.242355875399586,"OTX1",0.416584062322791,"T3_PB_to_PC","opening","T3_PB_to_PC_opening",0.416584062322791,FALSE,0.310670049637595
"MA0705.1",13,300,0.938628158844765,0.75,1.25150421179302,0.242962881949504,"Lhx8",0.41666737915938,"T3_PB_to_PC","opening","T3_PB_to_PC_opening",0.41666737915938,FALSE,0.323664299026475
"MA1641.1",72,1911,5.1985559566787,4.7775,1.08813311495106,0.24408056081768,"MYF5",0.417624078830251,"T3_PB_to_PC","opening","T3_PB_to_PC_opening",0.417624078830251,FALSE,0.121856382921402
"MA0037.3",24,593,1.73285198555957,1.4825,1.16887149110257,0.244975793779493,"GATA3",0.418196663980554,"T3_PB_to_PC","opening","T3_PB_to_PC_opening",0.418196663980554,FALSE,0.225117559050701
"MA1537.1",88,2359,6.35379061371841,5.8975,1.0773701761286,0.246910356311997,"NR2F1(var.2)",0.420536816914953,"T3_PB_to_PC","opening","T3_PB_to_PC_opening",0.420536816914953,FALSE,0.107515373099566
"MA0476.1",63,1664,4.54873646209386,4.16,1.09344626492641,0.248339563426698,"FOS",0.422007549695482,"T3_PB_to_PC","opening","T3_PB_to_PC_opening",0.422007549695482,FALSE,0.128883643372984
"MA0616.2",27,677,1.94945848375451,1.6925,1.15182185155363,0.252371899334965,"HES2",0.427029809621562,"T3_PB_to_PC","opening","T3_PB_to_PC_opening",0.427029809621562,FALSE,0.203918849733967
"MA0029.1",43,1114,3.10469314079422,2.785,1.1147910738938,0.252439874052425,"Mecom",0.427029809621562,"T3_PB_to_PC","opening","T3_PB_to_PC_opening",0.427029809621562,FALSE,0.156774650113775
"MA0777.1",6,123,0.433212996389892,0.3075,1.40882275248745,0.254131580599797,"MYBL2",0.428279384299441,"T3_PB_to_PC","opening","T3_PB_to_PC_opening",0.428279384299441,FALSE,0.494491138037425
"MA0887.1",15,356,1.08303249097473,0.89,1.21689043929745,0.254715988689892,"EVX1",0.428279384299441,"T3_PB_to_PC","opening","T3_PB_to_PC_opening",0.428279384299441,FALSE,0.283200468813227
"MA1519.1",11,251,0.794223826714801,0.6275,1.26569534137817,0.254900866794842,"LHX5",0.428279384299441,"T3_PB_to_PC","opening","T3_PB_to_PC_opening",0.428279384299441,FALSE,0.339931323142816
"MA1560.1",24,598,1.73285198555957,1.495,1.15909831810004,0.257761020911152,"SOHLH2",0.432111733931954,"T3_PB_to_PC","opening","T3_PB_to_PC_opening",0.432111733931954,FALSE,0.213004189805531
"MA0894.1",16,385,1.15523465703971,0.9625,1.20024379952178,0.262822969915613,"HESX1",0.439213995643599,"T3_PB_to_PC","opening","T3_PB_to_PC_opening",0.439213995643599,FALSE,0.263328685031795
"MA0725.1",14,332,1.01083032490975,0.83,1.21786786133704,0.263175142161781,"VSX1",0.439213995643599,"T3_PB_to_PC","opening","T3_PB_to_PC_opening",0.439213995643599,FALSE,0.284358793930295
"MA0468.1",34,880,2.45487364620939,2.2,1.1158516573679,0.279709143076281,"DUX4",0.465176186751803,"T3_PB_to_PC","opening","T3_PB_to_PC_opening",0.465176186751803,FALSE,0.158146539247349
"MA0046.2",21,525,1.51624548736462,1.3125,1.15523465703971,0.279978696851956,"HNF1A",0.465176186751803,"T3_PB_to_PC","opening","T3_PB_to_PC_opening",0.465176186751803,FALSE,0.208187177670528
"MA1155.1",79,2133,5.70397111913357,5.3325,1.06966171948121,0.282033811445867,"ZSCAN4",0.466475576411373,"T3_PB_to_PC","opening","T3_PB_to_PC_opening",0.466475576411373,FALSE,0.097155965188326
"MA1142.1",49,1296,3.53790613718412,3.24,1.09194633863707,0.282513199917063,"FOSL1::JUND",0.466475576411373,"T3_PB_to_PC","opening","T3_PB_to_PC_opening",0.466475576411373,FALSE,0.126903281057107
"MA0636.1",18,445,1.29963898916968,1.1125,1.16821482172555,0.283261978705566,"BHLHE41",0.466475576411373,"T3_PB_to_PC","opening","T3_PB_to_PC_opening",0.466475576411373,FALSE,0.224306829157896
"MA0722.1",18,445,1.29963898916968,1.1125,1.16821482172555,0.283261978705566,"VAX1",0.466475576411373,"T3_PB_to_PC","opening","T3_PB_to_PC_opening",0.466475576411373,FALSE,0.224306829157896
"MA1643.1",107,2923,7.72563176895307,7.3075,1.05721953731824,0.285843039096258,"NFIB",0.469689222832178,"T3_PB_to_PC","opening","T3_PB_to_PC_opening",0.469689222832178,FALSE,0.08027635581989
"MA1589.1",74,1996,5.34296028880866,4.99,1.07073352481136,0.286593559729073,"ZNF140",0.46988746276459,"T3_PB_to_PC","opening","T3_PB_to_PC_opening",0.46988746276459,FALSE,0.0986008262933955
"MA0512.2",69,1857,4.98194945848375,4.6425,1.07311781550539,0.2881222558118,"Rxra",0.47135790095527,"T3_PB_to_PC","opening","T3_PB_to_PC_opening",0.47135790095527,FALSE,0.10180981985078
"MA1562.1",18,448,1.29963898916968,1.12,1.16039195461578,0.292725231655413,"SOX14",0.477840312505335,"T3_PB_to_PC","opening","T3_PB_to_PC_opening",0.477840312505335,FALSE,0.214613441279598
"MA1138.1",48,1276,3.46570397111913,3.19,1.08642757715333,0.297039539185042,"FOSL2::JUNB",0.483824227580876,"T3_PB_to_PC","opening","T3_PB_to_PC_opening",0.483824227580876,FALSE,0.119593333494219
"MA0258.2",104,2848,7.50902527075812,7.12,1.05463838072446,0.298019822164608,"ESR2",0.484363371099777,"T3_PB_to_PC","opening","T3_PB_to_PC_opening",0.484363371099777,FALSE,0.0767497737392846
"MA1106.1",25,642,1.80505415162455,1.605,1.12464433123025,0.301965833024051,"HIF1A",0.489471345303345,"T3_PB_to_PC","opening","T3_PB_to_PC_opening",0.489471345303345,FALSE,0.1694701040659
"MA0739.1",59,1586,4.25992779783394,3.965,1.07438279894929,0.302474919818823,"Hic1",0.489471345303345,"T3_PB_to_PC","opening","T3_PB_to_PC_opening",0.489471345303345,FALSE,0.103509455082998
"MA0912.2",14,344,1.01083032490975,0.86,1.17538409873226,0.306548886168552,"HOXD3",0.494990192817618,"T3_PB_to_PC","opening","T3_PB_to_PC_opening",0.494990192817618,FALSE,0.233133513392213
"MA1553.1",32,837,2.31046931407942,2.0925,1.10416693623867,0.307485354289459,"RARG(var.3)",0.495429966090576,"T3_PB_to_PC","opening","T3_PB_to_PC_opening",0.495429966090576,FALSE,0.142959612653379
"MA0716.1",16,399,1.15523465703971,0.9975,1.1581299819947,0.309834880107935,"PRRX1",0.498139699483878,"T3_PB_to_PC","opening","T3_PB_to_PC_opening",0.498139699483878,FALSE,0.211798428100828
"MA0490.2",56,1507,4.04332129963899,3.7675,1.07321069665268,0.311111558923528,"JUNB",0.499116608509574,"T3_PB_to_PC","opening","T3_PB_to_PC_opening",0.499116608509574,FALSE,0.101934683351461
"MA1557.1",11,266,0.794223826714801,0.665,1.19432154393203,0.317162497022965,"SMAD5",0.50773223772346,"T3_PB_to_PC","opening","T3_PB_to_PC_opening",0.50773223772346,FALSE,0.256192509710501
"MA0825.1",39,1040,2.8158844765343,2.6,1.08303249097473,0.326913084599212,"MNT",0.521491492824757,"T3_PB_to_PC","opening","T3_PB_to_PC_opening",0.521491492824757,FALSE,0.115077856534499
"MA0068.2",8,188,0.577617328519856,0.47,1.22897303940395,0.32715552096781,"PAX4",0.521491492824757,"T3_PB_to_PC","opening","T3_PB_to_PC_opening",0.521491492824757,FALSE,0.297454440837705
"MA0671.1",40,1071,2.88808664259928,2.6775,1.07865047342643,0.333594005295109,"NFIX",0.530620741897977,"T3_PB_to_PC","opening","T3_PB_to_PC_opening",0.530620741897977,FALSE,0.109228786249415
"MA0650.2",30,794,2.16606498194946,1.985,1.09121661559167,0.337900466959985,"HOXA13",0.536327124153508,"T3_PB_to_PC","opening","T3_PB_to_PC_opening",0.536327124153508,FALSE,0.125938839175611
"MA0903.1",20,518,1.44404332129964,1.295,1.11509136779895,0.341071074857985,"HOXB3",0.539829045117939,"T3_PB_to_PC","opening","T3_PB_to_PC_opening",0.539829045117939,FALSE,0.157163219604006
"MA1581.1",135,3762,9.74729241877256,9.405,1.03639472820548,0.34192701098698,"ZBTB6",0.539829045117939,"T3_PB_to_PC","opening","T3_PB_to_PC_opening",0.539829045117939,FALSE,0.051574974172263
"MA1530.1",21,546,1.51624548736462,1.365,1.11080255484588,0.342277665336173,"NKX6-3",0.539829045117939,"T3_PB_to_PC","opening","T3_PB_to_PC_opening",0.539829045117939,FALSE,0.151603699257432
"MA0882.1",17,436,1.22743682310469,1.09,1.12608882853642,0.343104208021405,"DLX6",0.539991010936642,"T3_PB_to_PC","opening","T3_PB_to_PC_opening",0.539991010936642,FALSE,0.171321916241371
"MA0781.1",18,465,1.29963898916968,1.1625,1.11796902294166,0.348046160150736,"PAX9",0.546615653626209,"T3_PB_to_PC","opening","T3_PB_to_PC_opening",0.546615653626209,FALSE,0.160881504519898
"MA0755.1",6,139,0.433212996389892,0.3475,1.24665610471911,0.350574784186212,"CUX2",0.549430228997718,"T3_PB_to_PC","opening","T3_PB_to_PC_opening",0.549430228997718,FALSE,0.318064703861899
"MA0706.1",16,412,1.15523465703971,1.03,1.12158704566962,0.355398912036711,"MEOX2",0.555823036434772,"T3_PB_to_PC","opening","T3_PB_to_PC_opening",0.555823036434772,FALSE,0.165542877726988
"MA0856.1",67,1844,4.83754512635379,4.61,1.04935902957783,0.358717786626368,"RXRG",0.557325832457093,"T3_PB_to_PC","opening","T3_PB_to_PC_opening",0.557325832457093,FALSE,0.0695097434752201
"MA1500.1",12,303,0.866425992779783,0.7575,1.14379669013833,0.358929722819256,"HOXB6",0.557325832457093,"T3_PB_to_PC","opening","T3_PB_to_PC_opening",0.557325832457093,FALSE,0.193831897181776
"MA0666.1",16,413,1.15523465703971,1.0325,1.11887133853725,0.3589598249032,"MSX1",0.557325832457093,"T3_PB_to_PC","opening","T3_PB_to_PC_opening",0.557325832457093,FALSE,0.162045436612841
"MA1497.1",14,358,1.01083032490975,0.895,1.12941935744106,0.359348157388554,"HOXA6",0.557325832457093,"T3_PB_to_PC","opening","T3_PB_to_PC_opening",0.557325832457093,FALSE,0.175582540783327
"MA0832.1",55,1507,3.97111913357401,3.7675,1.05404621992674,0.362619872344987,"Tcf21",0.560494355837865,"T3_PB_to_PC","opening","T3_PB_to_PC_opening",0.560494355837865,FALSE,0.0759394992599376
"MA0628.1",9,222,0.649819494584838,0.555,1.1708459361889,0.362893798752934,"POU6F1",0.560494355837865,"T3_PB_to_PC","opening","T3_PB_to_PC_opening",0.560494355837865,FALSE,0.227552485886368
"MA0886.1",11,277,0.794223826714801,0.6925,1.14689361258455,0.364841001705739,"EMX2",0.562337577009259,"T3_PB_to_PC","opening","T3_PB_to_PC_opening",0.562337577009259,FALSE,0.197732829115775
"MA0109.1",23,610,1.66064981949458,1.525,1.08895070130792,0.367701544956188,"HLTF",0.565578046468694,"T3_PB_to_PC","opening","T3_PB_to_PC_opening",0.565578046468694,FALSE,0.122939967067865
"MA1421.1",66,1823,4.76534296028881,4.5575,1.04560459907599,0.371259188117625,"TCF7L1",0.56987521468261,"T3_PB_to_PC","opening","T3_PB_to_PC_opening",0.56987521468261,FALSE,0.0643387717026893
"MA1559.1",127,3561,9.16967509025271,8.9025,1.03001124293768,0.375096352046717,"SNAI3",0.57458291299148,"T3_PB_to_PC","opening","T3_PB_to_PC_opening",0.57458291299148,FALSE,0.0426614856808298
"MA0879.1",18,474,1.29963898916968,1.185,1.09674176301238,0.378213014831995,"Dlx1",0.578169895624321,"T3_PB_to_PC","opening","T3_PB_to_PC_opening",0.578169895624321,FALSE,0.133225186593668
"MA0515.1",71,1971,5.12635379061372,4.9275,1.04035591894748,0.381711370014267,"Sox6",0.582324503130149,"T3_PB_to_PC","opening","T3_PB_to_PC_opening",0.582324503130149,FALSE,0.0570785638056173
"MA1622.1",61,1688,4.4043321299639,4.22,1.04368059951751,0.383227774730638,"Smad2::Smad3",0.583070474651457,"T3_PB_to_PC","opening","T3_PB_to_PC_opening",0.583070474651457,FALSE,0.0616816497826436
"MA0088.2",68,1887,4.90974729241877,4.7175,1.04075194327902,0.383763542967648,"ZNF143",0.583070474651457,"T3_PB_to_PC","opening","T3_PB_to_PC_opening",0.583070474651457,FALSE,0.0576276384666396
"MA0058.3",36,982,2.59927797833935,2.455,1.05876903394678,0.38631711200873,"MAX",0.585757247070147,"T3_PB_to_PC","opening","T3_PB_to_PC_opening",0.585757247070147,FALSE,0.0823892683553218
"MA1552.1",32,872,2.31046931407942,2.18,1.05984830921074,0.393269280050476,"RARB(var.3)",0.595089012003357,"T3_PB_to_PC","opening","T3_PB_to_PC_opening",0.595089012003357,FALSE,0.0838591550631851
"MA0757.1",20,535,1.44404332129964,1.3375,1.07965855798104,0.395044923403151,"ONECUT3",0.596565815503544,"T3_PB_to_PC","opening","T3_PB_to_PC_opening",0.596565815503544,FALSE,0.110576468462331
"MA0674.1",20,536,1.44404332129964,1.34,1.0776442696266,0.398258224883856,"NKX6-1",0.598993217264831,"T3_PB_to_PC","opening","T3_PB_to_PC_opening",0.598993217264831,FALSE,0.10788236179073
"MA0675.1",20,536,1.44404332129964,1.34,1.0776442696266,0.398258224883856,"NKX6-2",0.598993217264831,"T3_PB_to_PC","opening","T3_PB_to_PC_opening",0.598993217264831,FALSE,0.10788236179073
"MA0868.2",32,875,2.31046931407942,2.1875,1.05621454357916,0.400830237613096,"SOX8",0.601398773063685,"T3_PB_to_PC","opening","T3_PB_to_PC_opening",0.601398773063685,FALSE,0.0789042778035395
"MA0795.1",13,341,0.938628158844765,0.8525,1.10103009835163,0.401469958425892,"SMAD3",0.601398773063685,"T3_PB_to_PC","opening","T3_PB_to_PC_opening",0.601398773063685,FALSE,0.138855218043122
"MA0855.1",68,1898,4.90974729241877,4.745,1.03472018807561,0.402740490076819,"RXRB",0.602092997188991,"T3_PB_to_PC","opening","T3_PB_to_PC_opening",0.602092997188991,FALSE,0.0492420771266513
"MA0718.1",15,399,1.08303249097473,0.9975,1.08574685812003,0.409524994195627,"RAX",0.611011291339875,"T3_PB_to_PC","opening","T3_PB_to_PC_opening",0.611011291339875,FALSE,0.118689106756659
"MA1473.1",25,681,1.80505415162455,1.7025,1.06023738715098,0.410989653897602,"CDX4",0.611972618378465,"T3_PB_to_PC","opening","T3_PB_to_PC_opening",0.611972618378465,FALSE,0.0843886811032326
"MA0465.2",32,881,2.31046931407942,2.2025,1.04902125497363,0.416009098341784,"CDX2",0.61821272383062,"T3_PB_to_PC","opening","T3_PB_to_PC_opening",0.61821272383062,FALSE,0.0690452849690549
"MA0900.2",9,233,0.649819494584838,0.5825,1.11556994778513,0.417058063591691,"HOXA2",0.618539394511733,"T3_PB_to_PC","opening","T3_PB_to_PC_opening",0.618539394511733,FALSE,0.157782268636193
"MA0818.1",10,262,0.72202166064982,0.655,1.10232314603026,0.422214727912554,"BHLHE22",0.62494481552136,"T3_PB_to_PC","opening","T3_PB_to_PC_opening",0.62494481552136,FALSE,0.140548520739091
"MA0462.2",69,1940,4.98194945848375,4.85,1.02720607391418,0.426108073206631,"BATF::JUN",0.629174996566238,"T3_PB_to_PC","opening","T3_PB_to_PC_opening",0.629174996566238,FALSE,0.0387270428004246
"MA0018.4",68,1912,4.90974729241877,4.78,1.02714378502485,0.42711796932414,"CREB1",0.629174996566238,"T3_PB_to_PC","opening","T3_PB_to_PC_opening",0.629174996566238,FALSE,0.0386395564515084
"MA1534.1",33,914,2.3826714801444,2.285,1.04274463026013,0.4276028461918,"NR1I3",0.629174996566238,"T3_PB_to_PC","opening","T3_PB_to_PC_opening",0.629174996566238,FALSE,0.0603872664680925
"MA0892.1",21,576,1.51624548736462,1.44,1.05294825511432,0.435774015989424,"GSX1",0.639935858126202,"T3_PB_to_PC","opening","T3_PB_to_PC_opening",0.639935858126202,FALSE,0.0744359100967862
"MA0819.1",19,523,1.37184115523466,1.3075,1.04920929654658,0.448161174514847,"CLOCK",0.656833469917635,"T3_PB_to_PC","opening","T3_PB_to_PC_opening",0.656833469917635,FALSE,0.0693038708396328
"MA0116.1",65,1840,4.69314079422383,4.6,1.02024799874431,0.451719204956633,"Znf423",0.660750052740487,"T3_PB_to_PC","opening","T3_PB_to_PC_opening",0.660750052740487,FALSE,0.0289212947593782
"MA1634.1",68,1929,4.90974729241877,4.8225,1.01809171434293,0.456931518036356,"BATF",0.667066364882821,"T3_PB_to_PC","opening","T3_PB_to_PC_opening",0.667066364882821,FALSE,0.0258689488714703
"MA0602.1",15,412,1.08303249097473,1.03,1.05148785531527,0.458296297845906,"Arid5a",0.667752027720792,"T3_PB_to_PC","opening","T3_PB_to_PC_opening",0.667752027720792,FALSE,0.0724335590886197
"MA0880.1",14,384,1.01083032490975,0.96,1.05294825511432,0.460167076426818,"Dlx3",0.667868947498845,"T3_PB_to_PC","opening","T3_PB_to_PC_opening",0.667868947498845,FALSE,0.0744359100967862
"MA0881.1",14,384,1.01083032490975,0.96,1.05294825511432,0.460167076426818,"Dlx4",0.667868947498845,"T3_PB_to_PC","opening","T3_PB_to_PC_opening",0.667868947498845,FALSE,0.0744359100967862
"MA1518.1",12,329,0.866425992779783,0.8225,1.05340546234624,0.468369217018796,"LHX1",0.678453273584508,"T3_PB_to_PC","opening","T3_PB_to_PC_opening",0.678453273584508,FALSE,0.0750622151515712
"MA0069.1",19,531,1.37184115523466,1.3275,1.03340200017677,0.474674695331539,"PAX6",0.686254501390171,"T3_PB_to_PC","opening","T3_PB_to_PC_opening",0.686254501390171,FALSE,0.0474029773153752
"MA1571.1",33,934,2.3826714801444,2.335,1.02041605145371,0.477728138825806,"TGIF2LX",0.687929537335227,"T3_PB_to_PC","opening","T3_PB_to_PC_opening",0.687929537335227,FALSE,0.0291589120912077
"MA1505.1",8,217,0.577617328519856,0.5425,1.06473240280158,0.478871880215137,"HOXC8",0.687929537335227,"T3_PB_to_PC","opening","T3_PB_to_PC_opening",0.687929537335227,FALSE,0.0904922411514739
"MA1101.2",35,992,2.52707581227437,2.48,1.0189821823687,0.47898177659457,"BACH2",0.687929537335227,"T3_PB_to_PC","opening","T3_PB_to_PC_opening",0.687929537335227,FALSE,0.0271302409899884
"MA0661.1",14,389,1.01083032490975,0.9725,1.0394142158455,0.47952192950981,"MEOX1",0.687929537335227,"T3_PB_to_PC","opening","T3_PB_to_PC_opening",0.687929537335227,FALSE,0.0557720836722032
"MA0876.1",17,477,1.22743682310469,1.1925,1.02929712629324,0.486288642046767,"BSX",0.694982337500149,"T3_PB_to_PC","opening","T3_PB_to_PC_opening",0.694982337500149,FALSE,0.0416609054883181
"MA1479.1",18,506,1.29963898916968,1.265,1.02738260013413,0.487112644115617,"DMRTC2",0.694982337500149,"T3_PB_to_PC","opening","T3_PB_to_PC_opening",0.694982337500149,FALSE,0.0389749496034282
"MA0888.1",14,391,1.01083032490975,0.9775,1.03409751908926,0.487232925620077,"EVX2",0.694982337500149,"T3_PB_to_PC","opening","T3_PB_to_PC_opening",0.694982337500149,FALSE,0.0483736384872238
"MA1532.1",62,1775,4.47653429602888,4.4375,1.00879646107693,0.490345064889197,"NR1D2",0.698086676349887,"T3_PB_to_PC","opening","T3_PB_to_PC_opening",0.698086676349887,FALSE,0.0126365498347474
"MA0499.2",121,3478,8.73646209386282,8.695,1.00476849843161,0.492158789224838,"MYOD1",0.699334203355674,"T3_PB_to_PC","opening","T3_PB_to_PC_opening",0.699334203355674,FALSE,0.00686457442839228
"MA1563.1",21,595,1.51624548736462,1.4875,1.01932469738798,0.495530390966098,"SOX18",0.702786448024162,"T3_PB_to_PC","opening","T3_PB_to_PC_opening",0.702786448024162,FALSE,0.0276150985396064
"MA0913.2",23,657,1.66064981949458,1.6425,1.01105011841375,0.508403148526526,"HOXD9",0.718570287056233,"T3_PB_to_PC","opening","T3_PB_to_PC_opening",0.718570287056233,FALSE,0.0158559412742013
"MA1121.1",50,1438,3.6101083032491,3.595,1.00420258783007,0.508585940436583,"TEAD2",0.718570287056233,"T3_PB_to_PC","opening","T3_PB_to_PC_opening",0.718570287056233,FALSE,0.00605178460497205
"MA0670.1",43,1239,3.10469314079422,3.0975,1.00232224077295,0.516038833095014,"NFIA",0.727722059525294,"T3_PB_to_PC","opening","T3_PB_to_PC_opening",0.727722059525294,FALSE,0.00334784052619493
"MA1528.1",61,1761,4.4043321299639,4.4025,1.00041615672093,0.517715243354392,"NFIX(var.2)",0.728708625551654,"T3_PB_to_PC","opening","T3_PB_to_PC_opening",0.728708625551654,FALSE,0.000601704438759234
"MA1496.1",12,342,0.866425992779783,0.855,1.01336373424536,0.522318399154396,"HOXA4",0.733803250036119,"T3_PB_to_PC","opening","T3_PB_to_PC_opening",0.733803250036119,FALSE,0.0191535281169546
"MA0161.2",71,2057,5.12635379061372,5.1425,0.996860241247199,0.528875065421743,"NFIC",0.741618042865827,"T3_PB_to_PC","opening","T3_PB_to_PC_opening",0.741618042865827,FALSE,-0.00453539316905673
"MA0769.2",44,1279,3.17689530685921,3.1975,0.993555999017734,0.539712237934208,"TCF7",0.755033448025225,"T3_PB_to_PC","opening","T3_PB_to_PC_opening",0.755033448025225,FALSE,-0.00932535958010607
"MA0835.2",67,1948,4.83754512635379,4.87,0.993335754898109,0.541029903022543,"BATF3",0.755033448025225,"T3_PB_to_PC","opening","T3_PB_to_PC_opening",0.755033448025225,FALSE,-0.00964520063838466
"MA1501.1",13,376,0.938628158844765,0.94,0.998540594515708,0.541478411117286,"HOXB7",0.755033448025225,"T3_PB_to_PC","opening","T3_PB_to_PC_opening",0.755033448025225,FALSE,-0.00210557012077481
"MA0607.1",16,467,1.15523465703971,1.1675,0.989494352924806,0.5527102759449,"Bhlha15",0.76925721241585,"T3_PB_to_PC","opening","T3_PB_to_PC_opening",0.76925721241585,FALSE,-0.0152351630850953
"MA0782.2",89,2597,6.42599277978339,6.4925,0.989756300313191,0.556877972994748,"PKNOX1",0.771826793911011,"T3_PB_to_PC","opening","T3_PB_to_PC_opening",0.771826793911011,FALSE,-0.0148532914733179
"MA1495.1",7,203,0.505415162454874,0.5075,0.995891945723889,0.557660377906213,"HOXA1",0.771826793911011,"T3_PB_to_PC","opening","T3_PB_to_PC_opening",0.771826793911011,FALSE,-0.00593742786924276
"MA0904.2",7,203,0.505415162454874,0.5075,0.995891945723889,0.557660377906213,"HOXB5",0.771826793911011,"T3_PB_to_PC","opening","T3_PB_to_PC_opening",0.771826793911011,FALSE,-0.00593742786924276
"MA0492.1",54,1583,3.89891696750903,3.9575,0.985196959572716,0.565315893635028,"JUND(var.2)",0.780973438243946,"T3_PB_to_PC","opening","T3_PB_to_PC_opening",0.780973438243946,FALSE,-0.0215144549893553
"MA0072.1",35,1029,2.52707581227437,2.5725,0.982342395441931,0.567639641810572,"RORA(var.2)",0.782734145638978,"T3_PB_to_PC","opening","T3_PB_to_PC_opening",0.782734145638978,FALSE,-0.0257006627093668
"MA0489.1",56,1645,4.04332129963899,4.1125,0.983178431523158,0.572154033341173,"JUN(var.2)",0.787503521905009,"T3_PB_to_PC","opening","T3_PB_to_PC_opening",0.787503521905009,FALSE,-0.0244733605741959
"MA1603.1",25,738,1.80505415162455,1.845,0.978349133671842,0.573271000905043,"Dmrt1",0.787587783932159,"T3_PB_to_PC","opening","T3_PB_to_PC_opening",0.787587783932159,FALSE,-0.0315772230516444
"MA0497.1",105,3075,7.5812274368231,7.6875,0.986175926741217,0.575127752665252,"MEF2C",0.78868621964757,"T3_PB_to_PC","opening","T3_PB_to_PC_opening",0.78868621964757,FALSE,-0.0200815959171511
"MA0827.1",12,356,0.866425992779783,0.89,0.973512351437959,0.578442583089707,"OLIG3",0.791478521909451,"T3_PB_to_PC","opening","T3_PB_to_PC_opening",0.791478521909451,FALSE,-0.0387273296847355
"MA0677.1",77,2262,5.55956678700361,5.655,0.98312410026589,0.579285888689759,"Nr2f6",0.791478521909451,"T3_PB_to_PC","opening","T3_PB_to_PC_opening",0.791478521909451,FALSE,-0.0245530872230223
"MA0608.1",30,890,2.16606498194946,2.225,0.973512351437959,0.586246028876903,"Creb3l2",0.799178377486186,"T3_PB_to_PC","opening","T3_PB_to_PC_opening",0.799178377486186,FALSE,-0.0387273296847358
"MA0775.1",52,1536,3.75451263537906,3.84,0.977737665463297,0.587179127395707,"MEIS3",0.799178377486186,"T3_PB_to_PC","opening","T3_PB_to_PC_opening",0.799178377486186,FALSE,-0.0324791884238225
"MA0038.2",47,1390,3.39350180505415,3.475,0.976547282029972,0.588135293887287,"GFI1",0.799178377486186,"T3_PB_to_PC","opening","T3_PB_to_PC_opening",0.799178377486186,FALSE,-0.0342367199783465
"MA1580.1",21,626,1.51624548736462,1.565,0.968846956782505,0.590012658897355,"ZBTB32",0.799195009090626,"T3_PB_to_PC","opening","T3_PB_to_PC_opening",0.799195009090626,FALSE,-0.0456578164571715
"MA0052.4",112,3290,8.08664259927798,8.225,0.983178431523158,0.59029014746506,"MEF2A",0.799195009090626,"T3_PB_to_PC","opening","T3_PB_to_PC_opening",0.799195009090626,FALSE,-0.0244733605741959
"MA0698.1",105,3087,7.5812274368231,7.7175,0.982342395441931,0.5917082267357,"ZBTB18",0.799663654247884,"T3_PB_to_PC","opening","T3_PB_to_PC_opening",0.799663654247884,FALSE,-0.0257006627093666
"MA0091.1",58,1715,4.18772563176895,4.2875,0.97672901032512,0.593284203888396,"TAL1::TCF3",0.800343609585431,"T3_PB_to_PC","opening","T3_PB_to_PC_opening",0.800343609585431,FALSE,-0.033968270252588
"MA0870.1",26,776,1.87725631768953,1.94,0.967657895716253,0.596259456099714,"Sox1",0.801505379194689,"T3_PB_to_PC","opening","T3_PB_to_PC_opening",0.801505379194689,FALSE,-0.0474295145195589
"MA1588.1",44,1306,3.17689530685921,3.265,0.973015407920124,0.596294216425003,"ZNF136",0.801505379194689,"T3_PB_to_PC","opening","T3_PB_to_PC_opening",0.801505379194689,FALSE,-0.0394639615917598
"MA1105.2",47,1398,3.39350180505415,3.495,0.970959028627797,0.604048252945275,"GRHL2",0.810467619958949,"T3_PB_to_PC","opening","T3_PB_to_PC_opening",0.810467619958949,FALSE,-0.0425161892402297
"MA1558.1",147,4328,10.6137184115523,10.82,0.980935158184135,0.612456653341076,"SNAI1",0.82027408149451,"T3_PB_to_PC","opening","T3_PB_to_PC_opening",0.82027408149451,FALSE,-0.0277688496439431
"MA0724.1",11,336,0.794223826714801,0.84,0.945504555612859,0.617233132137294,"VENTX",0.825189814649501,"T3_PB_to_PC","opening","T3_PB_to_PC_opening",0.825189814649501,FALSE,-0.0808421596826343
"MA0140.2",29,874,2.09386281588448,2.185,0.958289618253765,0.61965312350755,"GATA1::TAL1",0.826943166612938,"T3_PB_to_PC","opening","T3_PB_to_PC_opening",0.826943166612938,FALSE,-0.0614648502713267
"MA1594.1",49,1466,3.53790613718412,3.665,0.965322274811491,0.621763873989072,"ZNF382",0.828278303564014,"T3_PB_to_PC","opening","T3_PB_to_PC_opening",0.828278303564014,FALSE,-0.0509159308848267
"MA0074.1",32,966,2.31046931407942,2.415,0.956716072082577,0.626853698938884,"RXRA::VDR",0.832106150430767,"T3_PB_to_PC","opening","T3_PB_to_PC_opening",0.832106150430767,FALSE,-0.063835752257942
"MA1470.1",14,429,1.01083032490975,1.0725,0.942499137444986,0.626868172308433,"BACH2(var.2)",0.832106150430767,"T3_PB_to_PC","opening","T3_PB_to_PC_opening",0.832106150430767,FALSE,-0.0854352661175354
"MA1579.1",108,3203,7.79783393501805,8.0075,0.973816289106219,0.629798923589332,"ZBTB26",0.834411137440556,"T3_PB_to_PC","opening","T3_PB_to_PC_opening",0.834411137440556,FALSE,-0.0382769805132389
"MA0153.2",13,400,0.938628158844765,1,0.938628158844765,0.630841664231197,"HNF1B",0.834411137440556,"T3_PB_to_PC","opening","T3_PB_to_PC_opening",0.834411137440556,FALSE,-0.0913728159964513
"MA0070.1",22,672,1.5884476534296,1.68,0.945504555612859,0.636203609267786,"PBX1",0.840013969050917,"T3_PB_to_PC","opening","T3_PB_to_PC_opening",0.840013969050917,FALSE,-0.0808421596826343
"MA1523.1",62,1859,4.47653429602888,4.6475,0.963213404202018,0.639334085162395,"MSANTD3",0.842655879030295,"T3_PB_to_PC","opening","T3_PB_to_PC_opening",0.842655879030295,FALSE,-0.0540711281267101
"MA1123.2",74,2214,5.34296028880866,5.535,0.965304478556218,0.641936460148166,"TWIST1",0.844158921525041,"T3_PB_to_PC","opening","T3_PB_to_PC_opening",0.844158921525041,FALSE,-0.0509425279912729
"MA0141.3",56,1684,4.04332129963899,4.21,0.960408859771731,0.642737623895742,"ESRRB",0.844158921525041,"T3_PB_to_PC","opening","T3_PB_to_PC_opening",0.844158921525041,FALSE,-0.0582778802291077
"MA0113.3",24,736,1.73285198555957,1.84,0.941767383456286,0.6472234911161,"NR3C1",0.847565310346292,"T3_PB_to_PC","opening","T3_PB_to_PC_opening",0.847565310346292,FALSE,-0.0865558048220868
"MA0007.3",28,856,2.02166064981949,2.14,0.944701238233409,0.648168743405833,"Ar",0.847565310346292,"T3_PB_to_PC","opening","T3_PB_to_PC_opening",0.847565310346292,FALSE,-0.0820684185872266
"MA0858.1",57,1717,4.11552346570397,4.2925,0.958770754968893,0.648739667838784,"Rarb(var.2)",0.847565310346292,"T3_PB_to_PC","opening","T3_PB_to_PC_opening",0.847565310346292,FALSE,-0.0607406864911868
"MA1601.1",109,3248,7.87003610108303,8.12,0.969216268606285,0.650120860553782,"ZNF75D",0.847884898554407,"T3_PB_to_PC","opening","T3_PB_to_PC_opening",0.847884898554407,FALSE,-0.045107985278966
"MA0691.1",51,1541,3.68231046931408,3.8525,0.955823613060112,0.651292188265621,"TFAP4",0.847930143885084,"T3_PB_to_PC","opening","T3_PB_to_PC_opening",0.847930143885084,FALSE,-0.0651821765574619
"MA0833.2",32,978,2.31046931407942,2.445,0.944977224572361,0.654172502342233,"ATF4",0.850053176742312,"T3_PB_to_PC","opening","T3_PB_to_PC_opening",0.850053176742312,FALSE,-0.0816470096419288
"MA0890.1",13,407,0.938628158844765,1.0175,0.922484676997312,0.655201845344275,"GBX2",0.850053176742312,"T3_PB_to_PC","opening","T3_PB_to_PC_opening",0.850053176742312,FALSE,-0.116401583590063
"MA0125.1",13,408,0.938628158844765,1.02,0.920223685141927,0.658610230715551,"Nobox",0.852991722419794,"T3_PB_to_PC","opening","T3_PB_to_PC_opening",0.852991722419794,FALSE,-0.119941937452753
"MA1132.1",32,985,2.31046931407942,2.4625,0.938261650387583,0.669657381513353,"JUN::JUNB",0.863459330501306,"T3_PB_to_PC","opening","T3_PB_to_PC_opening",0.863459330501306,FALSE,-0.0919362581061576
"MA0797.1",49,1492,3.53790613718412,3.73,0.948500304875098,0.669860297206542,"TGIF2",0.863459330501306,"T3_PB_to_PC","opening","T3_PB_to_PC_opening",0.863459330501306,FALSE,-0.0762783365004393
"MA1478.1",14,442,1.01083032490975,1.105,0.914778574578957,0.670164815496322,"DMRTA2",0.863459330501306,"T3_PB_to_PC","opening","T3_PB_to_PC_opening",0.863459330501306,FALSE,-0.128503941624249
"MA0684.2",67,2030,4.83754512635379,5.075,0.953210862335722,0.67668571969627,"RUNX3",0.867857959286203,"T3_PB_to_PC","opening","T3_PB_to_PC_opening",0.867857959286203,FALSE,-0.06913118949175
"MA1640.1",21,657,1.51624548736462,1.6425,0.923132716812555,0.676745862125096,"MEIS2(var.2)",0.867857959286203,"T3_PB_to_PC","opening","T3_PB_to_PC_opening",0.867857959286203,FALSE,-0.115388456106351
"MA0885.1",11,352,0.794223826714801,0.88,0.902527075812274,0.677068810059746,"Dlx2",0.867857959286203,"T3_PB_to_PC","opening","T3_PB_to_PC_opening",0.867857959286203,FALSE,-0.147956282881882
"MA0158.2",11,353,0.794223826714801,0.8825,0.89997034188646,0.680620753534593,"HOXA5",0.870201918108315,"T3_PB_to_PC","opening","T3_PB_to_PC_opening",0.870201918108315,FALSE,-0.152049032974559
"MA0804.1",13,415,0.938628158844765,1.0375,0.904701839850376,0.681945274225085,"TBX19",0.870201918108315,"T3_PB_to_PC","opening","T3_PB_to_PC_opening",0.870201918108315,FALSE,-0.144484094817635
"MA1148.1",80,2419,5.77617328519856,6.0475,0.955134069483019,0.683139848865936,"PPARA::RXRA",0.870201918108315,"T3_PB_to_PC","opening","T3_PB_to_PC_opening",0.870201918108315,FALSE,-0.0662233300170682
"MA0668.1",10,323,0.72202166064982,0.8075,0.894144471392965,0.684075607969678,"NEUROD2",0.870201918108315,"T3_PB_to_PC","opening","T3_PB_to_PC_opening",0.870201918108315,FALSE,-0.161418527702466
"MA1555.1",30,932,2.16606498194946,2.33,0.929641623154274,0.685063062782646,"RXRB(var.2)",0.870201918108315,"T3_PB_to_PC","opening","T3_PB_to_PC_opening",0.870201918108315,FALSE,-0.105251878550687
"MA0102.4",27,842,1.94945848375451,2.105,0.926108543351312,0.685896418026393,"CEBPA",0.870201918108315,"T3_PB_to_PC","opening","T3_PB_to_PC_opening",0.870201918108315,FALSE,-0.110745244487466
"MA0660.1",73,2216,5.27075812274368,5.54,0.95140038316673,0.689059690243137,"MEF2B",0.872730948932734,"T3_PB_to_PC","opening","T3_PB_to_PC_opening",0.872730948932734,FALSE,-0.0718739721660036
"MA1572.1",27,845,1.94945848375451,2.1125,0.922820584025805,0.692775518788818,"TGIF2LY",0.874296475857256,"T3_PB_to_PC","opening","T3_PB_to_PC_opening",0.874296475857256,FALSE,-0.115876347040255
"MA1621.1",134,4020,9.67509025270758,10.05,0.962695547533093,0.694788484481137,"Rbpjl",0.874296475857256,"T3_PB_to_PC","opening","T3_PB_to_PC_opening",0.874296475857256,FALSE,-0.0548469783969245
"MA0679.2",21,664,1.51624548736462,1.66,0.913400896002784,0.694898949877907,"ONECUT1",0.874296475857256,"T3_PB_to_PC","opening","T3_PB_to_PC_opening",0.874296475857256,FALSE,-0.13067831047986
"MA1629.1",152,4549,10.9747292418773,11.3725,0.965023454990306,0.694983659763208,"Zic2",0.874296475857256,"T3_PB_to_PC","opening","T3_PB_to_PC_opening",0.874296475857256,FALSE,-0.0513625922515136
"MA0111.1",56,1717,4.04332129963899,4.2925,0.941950215408035,0.698216585230038,"Spz1",0.87688480232594,"T3_PB_to_PC","opening","T3_PB_to_PC_opening",0.87688480232594,FALSE,-0.0862757517281011
"MA0160.1",57,1748,4.11552346570397,4.37,0.941767383456286,0.700142844572197,"NR4A2",0.877826154707326,"T3_PB_to_PC","opening","T3_PB_to_PC_opening",0.877826154707326,FALSE,-0.0865558048220872
"MA1104.2",29,912,2.09386281588448,2.28,0.918360884159858,0.707186547594555,"GATA6",0.883683251451781,"T3_PB_to_PC","opening","T3_PB_to_PC_opening",0.883683251451781,FALSE,-0.122865329479471
"MA1565.1",119,3590,8.59205776173285,8.975,0.957332341140151,0.707752033756169,"TBX18",0.883683251451781,"T3_PB_to_PC","opening","T3_PB_to_PC_opening",0.883683251451781,FALSE,-0.0629067397953695
"MA0482.2",44,1365,3.17689530685921,3.4125,0.930958331680353,0.709500915263825,"GATA4",0.883683251451781,"T3_PB_to_PC","opening","T3_PB_to_PC_opening",0.883683251451781,FALSE,-0.103209948869759
"MA0083.3",14,455,1.01083032490975,1.1375,0.888642043876701,0.710520928718365,"SRF",0.883683251451781,"T3_PB_to_PC","opening","T3_PB_to_PC_opening",0.883683251451781,FALSE,-0.170324070933706
"MA0678.1",9,299,0.649819494584838,0.7475,0.869323738575034,0.710737199559073,"OLIG2",0.883683251451781,"T3_PB_to_PC","opening","T3_PB_to_PC_opening",0.883683251451781,FALSE,-0.20203289458369
"MA1493.1",24,763,1.73285198555957,1.9075,0.908441407894924,0.713486049490974,"HES6",0.885624946622739,"T3_PB_to_PC","opening","T3_PB_to_PC_opening",0.885624946622739,FALSE,-0.138533039402185
"MA0875.1",17,550,1.22743682310469,1.375,0.892681325894322,0.717075464117643,"BARX1",0.888601820982993,"T3_PB_to_PC","opening","T3_PB_to_PC_opening",0.888601820982993,FALSE,-0.163781232413002
"MA0525.2",15,489,1.08303249097473,1.2225,0.885916148036588,0.719315580219579,"TP63",0.889899540371153,"T3_PB_to_PC","opening","T3_PB_to_PC_opening",0.889899540371153,FALSE,-0.174756312253641
"MA1150.1",36,1131,2.59927797833935,2.8275,0.919284872975897,0.721902065273873,"RORB",0.89026443019125,"T3_PB_to_PC","opening","T3_PB_to_PC_opening",0.89026443019125,FALSE,-0.121414524568792
"MA1146.1",29,919,2.09386281588448,2.2975,0.911365752289217,0.721997292581376,"NR1H4::RXRA",0.89026443019125,"T3_PB_to_PC","opening","T3_PB_to_PC_opening",0.89026443019125,FALSE,-0.13389635454608
"MA0878.2",21,679,1.51624548736462,1.6975,0.893222672968849,0.731791781552902,"CDX1",0.900852589172385,"T3_PB_to_PC","opening","T3_PB_to_PC_opening",0.900852589172385,FALSE,-0.162906607696766
"MA0756.1",11,369,0.794223826714801,0.9225,0.860947237631221,0.734225161899734,"ONECUT2",0.902359095184846,"T3_PB_to_PC","opening","T3_PB_to_PC_opening",0.902359095184846,FALSE,-0.216001593104489
"MA1114.1",105,3205,7.5812274368231,8.0125,0.946175031116768,0.740370273154974,"PBX3",0.908414841732912,"T3_PB_to_PC","opening","T3_PB_to_PC_opening",0.908414841732912,FALSE,-0.0798194804623914
"MA1636.1",36,1142,2.59927797833935,2.855,0.910430115005026,0.742215808884695,"CEBPG(var.2)",0.909183897254486,"T3_PB_to_PC","opening","T3_PB_to_PC_opening",0.909183897254486,FALSE,-0.135378230678318
"MA0821.1",24,777,1.73285198555957,1.9425,0.892073094239159,0.744800961442149,"HES5",0.910854946288267,"T3_PB_to_PC","opening","T3_PB_to_PC_opening",0.910854946288267,FALSE,-0.164764551835963
"MA0649.1",24,778,1.73285198555957,1.945,0.890926470724713,0.746953499526959,"HEY2",0.911992325118022,"T3_PB_to_PC","opening","T3_PB_to_PC_opening",0.911992325118022,FALSE,-0.166620106333059
"MA1494.1",43,1359,3.10469314079422,3.3975,0.913816965649514,0.750517954894981,"HNF4A(var.2)",0.914574349714705,"T3_PB_to_PC","opening","T3_PB_to_PC_opening",0.914574349714705,FALSE,-0.130021288696138
"MA1576.1",76,2352,5.48736462093863,5.88,0.933225275669835,0.752363785695522,"THRB(var.3)",0.914574349714705,"T3_PB_to_PC","opening","T3_PB_to_PC_opening",0.914574349714705,FALSE,-0.0997011668570408
"MA0002.2",115,3513,8.30324909747292,8.7825,0.945431152573063,0.752746180596286,"RUNX1",0.914574349714705,"T3_PB_to_PC","opening","T3_PB_to_PC_opening",0.914574349714705,FALSE,-0.080954165700701
"MA1585.1",25,813,1.80505415162455,2.0325,0.888095523554514,0.755837954017462,"ZKSCAN1",0.91530049056289,"T3_PB_to_PC","opening","T3_PB_to_PC_opening",0.91530049056289,FALSE,-0.171211609206489
"MA1541.1",64,1996,4.62093862815884,4.99,0.926039805242253,0.756776200684297,"NR6A1",0.91530049056289,"T3_PB_to_PC","opening","T3_PB_to_PC_opening",0.91530049056289,FALSE,-0.110852328806167
"MA1535.1",40,1272,2.88808664259928,3.18,0.908203346729333,0.757024668468235,"NR2C1",0.91530049056289,"T3_PB_to_PC","opening","T3_PB_to_PC_opening",0.91530049056289,FALSE,-0.138911153269527
"MA0823.1",23,753,1.66064981949458,1.8825,0.8821512985363,0.759402804158586,"HEY1",0.915418092584966,"T3_PB_to_PC","opening","T3_PB_to_PC_opening",0.915418092584966,FALSE,-0.180900344574822
"MA1570.1",19,629,1.37184115523466,1.5725,0.872395011278001,0.75957613848538,"TFAP4(var.2)",0.915418092584966,"T3_PB_to_PC","opening","T3_PB_to_PC_opening",0.915418092584966,FALSE,-0.196944921106088
"MA0809.2",58,1820,4.18772563176895,4.55,0.92037925972944,0.762778016366117,"TEAD4",0.917794193885683,"T3_PB_to_PC","opening","T3_PB_to_PC_opening",0.917794193885683,FALSE,-0.11969805384584
"MA1110.1",34,1097,2.45487364620939,2.7425,0.895122569265045,0.770396184111515,"NR1H4",0.924707356665892,"T3_PB_to_PC","opening","T3_PB_to_PC_opening",0.924707356665892,FALSE,-0.159841238811813
"MA0808.1",46,1463,3.32129963898917,3.6575,0.908079190427661,0.771002648587379,"TEAD3",0.924707356665892,"T3_PB_to_PC","opening","T3_PB_to_PC_opening",0.924707356665892,FALSE,-0.13910839073682
"MA0124.2",23,761,1.66064981949458,1.9025,0.872877697500439,0.775974505999117,"Nkx3-1",0.929176535273421,"T3_PB_to_PC","opening","T3_PB_to_PC_opening",0.929176535273421,FALSE,-0.196146916031393
"MA0479.1",37,1193,2.67148014440433,2.9825,0.895718405500195,0.777448060983573,"FOXH1",0.929269394317127,"T3_PB_to_PC","opening","T3_PB_to_PC_opening",0.929269394317127,FALSE,-0.158881232797366
"MA0610.1",12,416,0.866425992779783,1.04,0.833101916134407,0.778543393362205,"DMRT3",0.929269394317127,"T3_PB_to_PC","opening","T3_PB_to_PC_opening",0.929269394317127,FALSE,-0.263433367093129
"MA1476.1",9,321,0.649819494584838,0.8025,0.809743918485779,0.783824084513525,"DLX5",0.933704714872781,"T3_PB_to_PC","opening","T3_PB_to_PC_opening",0.933704714872781,FALSE,-0.304460585399929
"MA0841.1",32,1044,2.31046931407942,2.61,0.885237285087901,0.784762541856881,"NFE2",0.933704714872781,"T3_PB_to_PC","opening","T3_PB_to_PC_opening",0.933704714872781,FALSE,-0.175862248230979
"MA0036.3",26,861,1.87725631768953,2.1525,0.872128370587471,0.789119213172675,"GATA2",0.936588835306845,"T3_PB_to_PC","opening","T3_PB_to_PC_opening",0.936588835306845,FALSE,-0.197385936420536
"MA1112.2",74,2323,5.34296028880866,5.8075,0.92001038119822,0.789697556847192,"NR4A1",0.936588835306845,"T3_PB_to_PC","opening","T3_PB_to_PC_opening",0.936588835306845,FALSE,-0.120276386438722
"MA1540.1",76,2387,5.48736462093863,5.9675,0.919541620601362,0.794042410386116,"NR5A1",0.940247044679432,"T3_PB_to_PC","opening","T3_PB_to_PC_opening",0.940247044679432,FALSE,-0.121011650097661
"MA0142.1",48,1544,3.46570397111913,3.86,0.897850769719983,0.799743190701279,"Pou5f1::Sox2",0.94549670406205,"T3_PB_to_PC","opening","T3_PB_to_PC_opening",0.94549670406205,FALSE,-0.155450811103263
"MA0861.1",26,869,1.87725631768953,2.1725,0.864099570858242,0.803487644393074,"TP73",0.948420542274103,"T3_PB_to_PC","opening","T3_PB_to_PC_opening",0.948420542274103,FALSE,-0.210728860467859
"MA0820.1",87,2731,6.28158844765343,6.8275,0.920042247917016,0.808056821026776,"FIGLA",0.952307090815127,"T3_PB_to_PC","opening","T3_PB_to_PC_opening",0.952307090815127,FALSE,-0.120226416229736
"MA0774.1",43,1403,3.10469314079422,3.5075,0.88515841505181,0.81597076617893,"MEIS2",0.960117021402968,"T3_PB_to_PC","opening","T3_PB_to_PC_opening",0.960117021402968,FALSE,-0.175990790433682
"MA1538.1",34,1128,2.45487364620939,2.82,0.870522569577797,0.819843502873685,"NR2F1(var.3)",0.963154729360266,"T3_PB_to_PC","opening","T3_PB_to_PC_opening",0.963154729360266,FALSE,-0.200044735261795
"MA0796.1",45,1473,3.24909747292419,3.6825,0.882307528288985,0.827026477204037,"TGIF1",0.968586890226861,"T3_PB_to_PC","opening","T3_PB_to_PC_opening",0.968586890226861,FALSE,-0.180644864955666
"MA0106.3",25,852,1.80505415162455,2.13,0.847443263673497,0.827710974055269,"TP53",0.968586890226861,"T3_PB_to_PC","opening","T3_PB_to_PC_opening",0.968586890226861,FALSE,-0.238809609430217
"MA0077.1",21,726,1.51624548736462,1.815,0.835396962735328,0.828485383025111,"SOX9",0.968586890226861,"T3_PB_to_PC","opening","T3_PB_to_PC_opening",0.968586890226861,FALSE,-0.259464469647636
"MA0596.1",57,1843,4.11552346570397,4.6075,0.893222672968849,0.829660888545528,"SREBF2",0.968586890226861,"T3_PB_to_PC","opening","T3_PB_to_PC_opening",0.968586890226861,FALSE,-0.162906607696766
"MA0078.1",32,1074,2.31046931407942,2.685,0.860509986621759,0.831753963287752,"Sox17",0.969513213457286,"T3_PB_to_PC","opening","T3_PB_to_PC_opening",0.969513213457286,FALSE,-0.216734482815327
"MA1524.1",19,666,1.37184115523466,1.665,0.823928621762557,0.835073131737459,"MSGN1",0.971835141168442,"T3_PB_to_PC","opening","T3_PB_to_PC_opening",0.971835141168442,FALSE,-0.279406984020666
"MA0836.2",22,763,1.5884476534296,1.9075,0.832737957237013,0.837362609645399,"CEBPD",0.971835141168442,"T3_PB_to_PC","opening","T3_PB_to_PC_opening",0.971835141168442,FALSE,-0.264063777113559
"MA0655.1",34,1142,2.45487364620939,2.855,0.859850664171414,0.839549281844723,"JDP2",0.971835141168442,"T3_PB_to_PC","opening","T3_PB_to_PC_opening",0.971835141168442,FALSE,-0.217840297656856
"MA0019.1",30,1017,2.16606498194946,2.5425,0.851942962418666,0.839702466604524,"Ddit3::Cebpa",0.971835141168442,"T3_PB_to_PC","opening","T3_PB_to_PC_opening",0.971835141168442,FALSE,-0.231169556219672
"MA0737.1",29,986,2.09386281588448,2.465,0.849437247823317,0.840259605970033,"GLIS3",0.971835141168442,"T3_PB_to_PC","opening","T3_PB_to_PC_opening",0.971835141168442,FALSE,-0.235419024225703
"MA1120.1",28,956,2.02166064981949,2.39,0.845883117079286,0.842356961286661,"SOX13",0.97275277572732,"T3_PB_to_PC","opening","T3_PB_to_PC_opening",0.97275277572732,FALSE,-0.241468061762329
"MA1602.1",16,575,1.15523465703971,1.4375,0.803641500549364,0.845168091370542,"ZSCAN29",0.973067750623185,"T3_PB_to_PC","opening","T3_PB_to_PC_opening",0.973067750623185,FALSE,-0.315374232022669
"MA0866.1",28,958,2.02166064981949,2.395,0.844117181553025,0.84523847507215,"SOX21",0.973067750623185,"T3_PB_to_PC","opening","T3_PB_to_PC_opening",0.973067750623185,FALSE,-0.244483095949671
"MA0829.2",64,2077,4.62093862815884,5.1925,0.889925590401318,0.850642815310132,"SREBF1(var.2)",0.974621937209998,"T3_PB_to_PC","opening","T3_PB_to_PC_opening",0.974621937209998,FALSE,-0.168241761091458
"MA0623.2",9,347,0.649819494584838,0.8675,0.749071463498372,0.851661933952504,"NEUROG1",0.974621937209998,"T3_PB_to_PC","opening","T3_PB_to_PC_opening",0.974621937209998,FALSE,-0.416822806546493
"MA0752.1",24,838,1.73285198555957,2.095,0.827136985947287,0.854959266862137,"ZNF410",0.974621937209998,"T3_PB_to_PC","opening","T3_PB_to_PC_opening",0.974621937209998,FALSE,-0.273800070163075
"MA1471.1",20,710,1.44404332129964,1.775,0.813545533126557,0.855013416521816,"BARX2",0.974621937209998,"T3_PB_to_PC","opening","T3_PB_to_PC_opening",0.974621937209998,FALSE,-0.297703227550162
"MA1649.1",64,2082,4.62093862815884,5.205,0.887788401183255,0.85545059776771,"ZBTB12",0.974621937209998,"T3_PB_to_PC","opening","T3_PB_to_PC_opening",0.974621937209998,FALSE,-0.171710609643629
"MA0842.2",32,1092,2.31046931407942,2.73,0.846325756073048,0.856168866534039,"NRL",0.974621937209998,"T3_PB_to_PC","opening","T3_PB_to_PC_opening",0.974621937209998,FALSE,-0.240713317651059
"MA0513.1",122,3841,8.8086642599278,9.6025,0.917330305642052,0.85743356085253,"SMAD2::SMAD3::SMAD4",0.974621937209998,"T3_PB_to_PC","opening","T3_PB_to_PC_opening",0.974621937209998,FALSE,-0.124485219645596
"MA0643.1",51,1685,3.68231046931408,4.2125,0.874138983813431,0.85798079266007,"Esrrg",0.974621937209998,"T3_PB_to_PC","opening","T3_PB_to_PC_opening",0.974621937209998,FALSE,-0.194063765067396
"MA0478.1",71,2300,5.12635379061372,5.75,0.891539789671951,0.859137720820877,"FOSL2",0.974621937209998,"T3_PB_to_PC","opening","T3_PB_to_PC_opening",0.974621937209998,FALSE,-0.16562728950906
"MA0090.3",55,1810,3.97111913357401,4.525,0.87759538863514,0.859653129603457,"TEAD1",0.974621937209998,"T3_PB_to_PC","opening","T3_PB_to_PC_opening",0.974621937209998,FALSE,-0.188370505915735
"MA0503.1",72,2334,5.1985559566787,5.835,0.890926470724713,0.862193468177189,"Nkx2-5(var.2)",0.976018706009383,"T3_PB_to_PC","opening","T3_PB_to_PC_opening",0.976018706009383,FALSE,-0.166620106333059
"MA1645.1",76,2462,5.48736462093863,6.155,0.89152958910457,0.867198073166198,"NKX2-2",0.979452897582301,"T3_PB_to_PC","opening","T3_PB_to_PC_opening",0.979452897582301,FALSE,-0.165643796204361
"MA1632.1",71,2310,5.12635379061372,5.775,0.887680310062982,0.867853036597723,"ATF2",0.979452897582301,"T3_PB_to_PC","opening","T3_PB_to_PC_opening",0.979452897582301,FALSE,-0.171886272945072
"MA0673.1",33,1138,2.3826714801444,2.845,0.837494369119299,0.873710830857998,"NKX2-8",0.981427218114234,"T3_PB_to_PC","opening","T3_PB_to_PC_opening",0.981427218114234,FALSE,-0.255846881703732
"MA0800.1",44,1484,3.17689530685921,3.71,0.856306012630514,0.874548009405113,"EOMES",0.981427218114234,"T3_PB_to_PC","opening","T3_PB_to_PC_opening",0.981427218114234,FALSE,-0.223799954582486
"MA0066.1",60,1982,4.33212996389892,4.955,0.874294644581012,0.876310353368883,"PPARG",0.981427218114234,"T3_PB_to_PC","opening","T3_PB_to_PC_opening",0.981427218114234,FALSE,-0.193806882841483
"MA0461.2",12,461,0.866425992779783,1.1525,0.751779603279638,0.87690024124461,"Atoh1",0.981427218114234,"T3_PB_to_PC","opening","T3_PB_to_PC_opening",0.981427218114234,FALSE,-0.411616402056678
"MA1568.1",14,528,1.01083032490975,1.32,0.765780549174051,0.877184412425065,"TCF21(var.2)",0.981427218114234,"T3_PB_to_PC","opening","T3_PB_to_PC_opening",0.981427218114234,FALSE,-0.384995194735557
"MA0104.4",22,790,1.5884476534296,1.975,0.804277292875748,0.877495917536453,"MYCN",0.981427218114234,"T3_PB_to_PC","opening","T3_PB_to_PC_opening",0.981427218114234,FALSE,-0.314233312037227
"MA0112.3",42,1427,3.03249097472924,3.5675,0.85003250868374,0.8800661856205,"ESR1",0.982828404899541,"T3_PB_to_PC","opening","T3_PB_to_PC_opening",0.982828404899541,FALSE,-0.23440838086173
"MA0766.2",19,698,1.37184115523466,1.745,0.786155389819288,0.884867898746135,"GATA5",0.985938494452967,"T3_PB_to_PC","opening","T3_PB_to_PC_opening",0.985938494452967,FALSE,-0.34711175902726
"MA1527.1",55,1838,3.97111913357401,4.595,0.864226144412189,0.885494358288858,"NFIC(var.2)",0.985938494452967,"T3_PB_to_PC","opening","T3_PB_to_PC_opening",0.985938494452967,FALSE,-0.210517549803452
"MA0768.1",47,1591,3.39350180505415,3.9775,0.85317455815315,0.887264810901901,"LEF1",0.986014927884361,"T3_PB_to_PC","opening","T3_PB_to_PC_opening",0.986014927884361,FALSE,-0.229085459068621
"MA0498.2",88,2859,6.35379061371841,7.1475,0.888952866557315,0.890220053621001,"MEIS1",0.986014927884361,"T3_PB_to_PC","opening","T3_PB_to_PC_opening",0.986014927884361,FALSE,-0.169819544466703
"MA1638.1",72,2369,5.1985559566787,5.9225,0.877763774871879,0.890325726574975,"HAND2",0.986014927884361,"T3_PB_to_PC","opening","T3_PB_to_PC_opening",0.986014927884361,FALSE,-0.188093719583108
"MA1468.1",26,932,1.87725631768953,2.33,0.805689406733704,0.893204663178764,"ATOH7",0.986014927884361,"T3_PB_to_PC","opening","T3_PB_to_PC_opening",0.986014927884361,FALSE,-0.311702517267158
"MA0092.1",47,1598,3.39350180505415,3.995,0.849437247823317,0.893448013320658,"Hand1::Tcf3",0.986014927884361,"T3_PB_to_PC","opening","T3_PB_to_PC_opening",0.986014927884361,FALSE,-0.235419024225703
"MA1153.1",29,1030,2.09386281588448,2.575,0.813150608110476,0.894886683449664,"Smad4",0.986014927884361,"T3_PB_to_PC","opening","T3_PB_to_PC_opening",0.986014927884361,FALSE,-0.298403734127226
"MA0164.1",23,838,1.66064981949458,2.095,0.79267294486615,0.896716405072127,"Nr2e3",0.986014927884361,"T3_PB_to_PC","opening","T3_PB_to_PC_opening",0.986014927884361,FALSE,-0.335200538992387
"MA0690.1",60,2011,4.33212996389892,5.0275,0.861686715842649,0.899705005918471,"TBX21",0.986014927884361,"T3_PB_to_PC","opening","T3_PB_to_PC_opening",0.986014927884361,FALSE,-0.214762977816272
"MA0669.1",22,809,1.5884476534296,2.0225,0.785388209359507,0.90079108193172,"NEUROG2",0.986014927884361,"T3_PB_to_PC","opening","T3_PB_to_PC_opening",0.986014927884361,FALSE,-0.348520318261293
"MA0633.1",30,1068,2.16606498194946,2.67,0.811260292864966,0.900917367344507,"Twist2",0.986014927884361,"T3_PB_to_PC","opening","T3_PB_to_PC_opening",0.986014927884361,FALSE,-0.301761439129191
"MA0071.1",39,1355,2.8158844765343,3.3875,0.831257410047025,0.901132354683948,"RORA",0.986014927884361,"T3_PB_to_PC","opening","T3_PB_to_PC_opening",0.986014927884361,FALSE,-0.266631063209621
"MA1109.1",85,2785,6.13718411552347,6.9625,0.881462709590444,0.901845752001411,"NEUROD1",0.986014927884361,"T3_PB_to_PC","opening","T3_PB_to_PC_opening",0.986014927884361,FALSE,-0.182026920772022
"MA0754.1",3,153,0.216606498194946,0.3825,0.566291498548878,0.902745570703778,"CUX1",0.986014927884361,"T3_PB_to_PC","opening","T3_PB_to_PC_opening",0.986014927884361,FALSE,-0.820380675741741
"MA0063.2",28,1010,2.02166064981949,2.525,0.800657683096829,0.907162756135688,"NKX2-5",0.986056730667195,"T3_PB_to_PC","opening","T3_PB_to_PC_opening",0.986056730667195,FALSE,-0.320740735082317
"MA0860.1",79,2610,5.70397111913357,6.525,0.874171819024303,0.90767432902407,"Rarg(var.2)",0.986056730667195,"T3_PB_to_PC","opening","T3_PB_to_PC_opening",0.986056730667195,FALSE,-0.194009574311807
"MA0773.1",84,2766,6.06498194945848,6.915,0.877076203826245,0.909028294907129,"MEF2D",0.986056730667195,"T3_PB_to_PC","opening","T3_PB_to_PC_opening",0.986056730667195,FALSE,-0.189224254868446
"MA1618.1",70,2337,5.05415162454874,5.8425,0.865066602404576,0.910703584155025,"Ptf1a",0.986056730667195,"T3_PB_to_PC","opening","T3_PB_to_PC_opening",0.986056730667195,FALSE,-0.209115215498795
"MA0115.1",51,1746,3.68231046931408,4.365,0.843599191137246,0.911351609359282,"NR1H2::RXRA",0.986056730667195,"T3_PB_to_PC","opening","T3_PB_to_PC_opening",0.986056730667195,FALSE,-0.245368672879601
"MA0672.1",35,1240,2.52707581227437,3.1,0.815185745894957,0.911726794487652,"NKX2-3",0.986056730667195,"T3_PB_to_PC","opening","T3_PB_to_PC_opening",0.986056730667195,FALSE,-0.294797499942841
"MA0817.1",6,272,0.433212996389892,0.68,0.637077935867488,0.912036386273947,"BHLHE23",0.986056730667195,"T3_PB_to_PC","opening","T3_PB_to_PC_opening",0.986056730667195,FALSE,-0.650455957367746
"MA1593.1",75,2499,5.41516245487365,6.2475,0.866772701860527,0.915201557319519,"ZNF317",0.98804683322773,"T3_PB_to_PC","opening","T3_PB_to_PC_opening",0.98804683322773,FALSE,-0.206272712534402
"MA1111.1",62,2098,4.47653429602888,5.245,0.853486043094162,0.916739751804199,"NR2F2",0.988277246887186,"T3_PB_to_PC","opening","T3_PB_to_PC_opening",0.988277246887186,FALSE,-0.228558843222733
"MA0914.1",13,525,0.938628158844765,1.3125,0.715145263881726,0.919798966350934,"ISL2",0.990144341843863,"T3_PB_to_PC","opening","T3_PB_to_PC_opening",0.990144341843863,FALSE,-0.483689758455459
"MA1151.1",29,1061,2.09386281588448,2.6525,0.789392202029963,0.923650777545506,"RORC",0.992858040416351,"T3_PB_to_PC","opening","T3_PB_to_PC_opening",0.992858040416351,FALSE,-0.341183999573105
"MA0122.3",17,666,1.22743682310469,1.665,0.737199293155972,0.925054106259389,"Nkx3-2",0.992935774488495,"T3_PB_to_PC","opening","T3_PB_to_PC_opening",0.992935774488495,FALSE,-0.439871450214745
"MA0727.1",18,715,1.29963898916968,1.7875,0.727070763171846,0.938750470635504,"NR3C2",1,"T3_PB_to_PC","opening","T3_PB_to_PC_opening",1,FALSE,-0.459830327355194
"MA1536.1",48,1695,3.46570397111913,4.2375,0.817865243921919,0.939126969296562,"NR2C2(var.2)",1,"T3_PB_to_PC","opening","T3_PB_to_PC_opening",1,FALSE,-0.290063174714266
"MA1608.1",14,586,1.01083032490975,1.465,0.689986569904264,0.945716703902352,"Isl1",1,"T3_PB_to_PC","opening","T3_PB_to_PC_opening",1,FALSE,-0.535357722850185
"MA0626.1",26,993,1.87725631768953,2.4825,0.756195898364363,0.945760244607679,"Npas2",1,"T3_PB_to_PC","opening","T3_PB_to_PC_opening",1,FALSE,-0.403166162943237
"MA1124.1",41,1485,2.96028880866426,3.7125,0.797384190885996,0.946801980519072,"ZNF24",1,"T3_PB_to_PC","opening","T3_PB_to_PC_opening",1,FALSE,-0.32665128317355
"MA0659.2",52,1842,3.75451263537906,4.605,0.815312190093173,0.948927737752775,"MAFG",1,"T3_PB_to_PC","opening","T3_PB_to_PC_opening",1,FALSE,-0.294573739838282
"MA1628.1",171,5540,12.3465703971119,13.85,0.891449126145265,0.955964829467332,"Zic1::Zic2",1,"T3_PB_to_PC","opening","T3_PB_to_PC_opening",1,FALSE,-0.16577400906808
"MA0009.2",11,495,0.794223826714801,1.2375,0.641797031688728,0.9575967500406,"TBXT",1,"T3_PB_to_PC","opening","T3_PB_to_PC_opening",1,FALSE,-0.639808729819317
"MA0119.1",53,1895,3.82671480144404,4.7375,0.807749826162331,0.957810350819639,"NFIC::TLX1",1,"T3_PB_to_PC","opening","T3_PB_to_PC_opening",1,FALSE,-0.308017773816793
"MA0143.4",24,950,1.73285198555957,2.375,0.72962188865666,0.959529973763491,"SOX2",1,"T3_PB_to_PC","opening","T3_PB_to_PC_opening",1,FALSE,-0.45477710656686
"MA0592.3",74,2570,5.34296028880866,6.425,0.831589150009131,0.960819434342644,"ESRRA",1,"T3_PB_to_PC","opening","T3_PB_to_PC_opening",1,FALSE,-0.266055424975278
"MA0822.1",21,865,1.51624548736462,2.1625,0.701153982596357,0.96779260425383,"HES7",1,"T3_PB_to_PC","opening","T3_PB_to_PC_opening",1,FALSE,-0.51219472353303
"MA1539.1",27,1083,1.94945848375451,2.7075,0.72002160064802,0.97285221146296,"NR2F6(var.3)",1,"T3_PB_to_PC","opening","T3_PB_to_PC_opening",1,FALSE,-0.473885903150351
"MA1646.1",89,3096,6.42599277978339,7.74,0.830231625295012,0.974586641909442,"OSR2",1,"T3_PB_to_PC","opening","T3_PB_to_PC_opening",1,FALSE,-0.268412468864298
"MA0802.1",56,2046,4.04332129963899,5.115,0.790483147534504,0.97475440882158,"TBR1",1,"T3_PB_to_PC","opening","T3_PB_to_PC_opening",1,FALSE,-0.339191563995907
"MA0595.1",55,2021,3.97111913357401,5.0525,0.785971129851362,0.976496996848505,"SREBF1",1,"T3_PB_to_PC","opening","T3_PB_to_PC_opening",1,FALSE,-0.34744993868605
"MA0117.2",30,1204,2.16606498194946,3.01,0.719622917591182,0.978717278824157,"Mafb",1,"T3_PB_to_PC","opening","T3_PB_to_PC_opening",1,FALSE,-0.474684957746604
"MA0100.3",27,1104,1.94945848375451,2.76,0.706325537592215,0.97931267932608,"MYB",1,"T3_PB_to_PC","opening","T3_PB_to_PC_opening",1,FALSE,-0.501592793467669
"MA0483.1",79,2808,5.70397111913357,7.02,0.812531498452076,0.979933828825486,"Gfi1b",1,"T3_PB_to_PC","opening","T3_PB_to_PC_opening",1,FALSE,-0.299502577959819
"MA1642.1",74,2649,5.34296028880866,6.6225,0.80678902058266,0.979991674113662,"NEUROG2(var.2)",1,"T3_PB_to_PC","opening","T3_PB_to_PC_opening",1,FALSE,-0.309734855935185
"MA0496.3",120,4097,8.66425992779783,10.2425,0.845912611940233,0.980001114232954,"MAFK",1,"T3_PB_to_PC","opening","T3_PB_to_PC_opening",1,FALSE,-0.241417757770435
"MA0631.1",20,874,1.44404332129964,2.185,0.660889391899148,0.982863278106937,"Six3",1,"T3_PB_to_PC","opening","T3_PB_to_PC_opening",1,FALSE,-0.597517073042089
"MA0689.1",47,1792,3.39350180505415,4.48,0.757478081485302,0.983182490812809,"TBX20",1,"T3_PB_to_PC","opening","T3_PB_to_PC_opening",1,FALSE,-0.400722047165306
"MA0783.1",55,2065,3.97111913357401,5.1625,0.76922404524436,0.984916227339274,"PKNOX2",1,"T3_PB_to_PC","opening","T3_PB_to_PC_opening",1,FALSE,-0.378522358650521
"MA0745.2",113,3939,8.15884476534296,9.8475,0.828519397343789,0.987463026099514,"SNAI2",1,"T3_PB_to_PC","opening","T3_PB_to_PC_opening",1,FALSE,-0.271390879293991
"MA1566.1",70,2573,5.05415162454874,6.4325,0.78572120086261,0.987697201640887,"TBX3",1,"T3_PB_to_PC","opening","T3_PB_to_PC_opening",1,FALSE,-0.347908770035938
"MA0505.1",93,3349,6.71480144404332,8.3725,0.80200674159968,0.991299402876377,"Nr5a2",1,"T3_PB_to_PC","opening","T3_PB_to_PC_opening",1,FALSE,-0.318311932130406
"MA0805.1",59,2253,4.25992779783394,5.6325,0.75631208128432,0.991698583134228,"TBX1",1,"T3_PB_to_PC","opening","T3_PB_to_PC_opening",1,FALSE,-0.402944522722619
"MA0801.1",53,2068,3.82671480144404,5.17,0.740176944186469,0.992854280693923,"MGA",1,"T3_PB_to_PC","opening","T3_PB_to_PC_opening",1,FALSE,-0.434055948018322
"MA0803.1",53,2068,3.82671480144404,5.17,0.740176944186469,0.992854280693923,"TBX15",1,"T3_PB_to_PC","opening","T3_PB_to_PC_opening",1,FALSE,-0.434055948018322
"MA0495.3",39,1601,2.8158844765343,4.0025,0.703531412001073,0.993243526098767,"MAFF",1,"T3_PB_to_PC","opening","T3_PB_to_PC_opening",1,FALSE,-0.507311204394911
"MA0676.1",30,1298,2.16606498194946,3.245,0.6675084690137,0.993955966416238,"Nr2e1",1,"T3_PB_to_PC","opening","T3_PB_to_PC_opening",1,FALSE,-0.583139792465877
"MA0017.2",91,3329,6.57039711191336,8.3225,0.78947396959007,0.994194148705466,"NR2F1",1,"T3_PB_to_PC","opening","T3_PB_to_PC_opening",1,FALSE,-0.341034568916768
"MA1639.1",16,798,1.15523465703971,1.995,0.579064990997349,0.994535530444006,"MEIS1(var.2)",1,"T3_PB_to_PC","opening","T3_PB_to_PC_opening",1,FALSE,-0.788200326189973
"MA1587.1",188,6440,13.5740072202166,16.1,0.84310603852277,0.996440219852908,"ZNF135",1,"T3_PB_to_PC","opening","T3_PB_to_PC_opening",1,FALSE,-0.246212291545683
"MA0494.1",74,2830,5.34296028880866,7.075,0.755188733400518,0.996594231898737,"Nr1h3::Rxra",1,"T3_PB_to_PC","opening","T3_PB_to_PC_opening",1,FALSE,-0.405088943101854
"MA0729.1",67,2604,4.83754512635379,6.51,0.743094489455267,0.996773677319468,"RARA",1,"T3_PB_to_PC","opening","T3_PB_to_PC_opening",1,FALSE,-0.428380482627102
"MA0693.2",33,1506,2.3826714801444,3.765,0.632847670689085,0.998639951316207,"VDR",1,"T3_PB_to_PC","opening","T3_PB_to_PC_opening",1,FALSE,-0.660067537014693
"MA1567.1",52,2186,3.75451263537906,5.465,0.687010546272472,0.998882147127875,"TBX6",1,"T3_PB_to_PC","opening","T3_PB_to_PC_opening",1,FALSE,-0.541593748958897
"MA0688.1",49,2107,3.53790613718412,5.2675,0.671648056418437,0.999196964624832,"TBX2",1,"T3_PB_to_PC","opening","T3_PB_to_PC_opening",1,FALSE,-0.574220488098219
"MA1620.1",103,3929,7.43682310469314,9.8225,0.757121211981994,0.99929442999896,"Ptf1a(var.3)",1,"T3_PB_to_PC","opening","T3_PB_to_PC_opening",1,FALSE,-0.401401901163073
"MA0484.2",49,2135,3.53790613718412,5.3375,0.662839557317867,0.999454239437543,"HNF4G",1,"T3_PB_to_PC","opening","T3_PB_to_PC_opening",1,FALSE,-0.593266215244056
"MA0114.4",49,2174,3.53790613718412,5.435,0.650948691294226,0.999685684171757,"HNF4A",1,"T3_PB_to_PC","opening","T3_PB_to_PC_opening",1,FALSE,-0.619382046004812
"MA0806.1",40,1872,2.88808664259928,4.68,0.617112530469931,0.999763797759936,"TBX4",1,"T3_PB_to_PC","opening","T3_PB_to_PC_opening",1,FALSE,-0.696392168269858
"MA0807.1",40,1872,2.88808664259928,4.68,0.617112530469931,0.999763797759936,"TBX5",1,"T3_PB_to_PC","opening","T3_PB_to_PC_opening",1,FALSE,-0.696392168269858
"MA0857.1",78,3330,5.63176895306859,8.325,0.676488763131362,0.999959045162655,"Rarb",1,"T3_PB_to_PC","opening","T3_PB_to_PC_opening",1,FALSE,-0.563859991862726
"MA0728.1",86,3644,6.20938628158845,9.11,0.68160112860466,0.99997584551099,"Nr2f6(var.2)",1,"T3_PB_to_PC","opening","T3_PB_to_PC_opening",1,FALSE,-0.552998253862063
"MA1547.1",67,3129,4.83754512635379,7.8225,0.618414205989618,0.999997195067264,"PITX2",1,"T3_PB_to_PC","opening","T3_PB_to_PC_opening",1,FALSE,-0.693352301277732
"MA1108.2",42,2250,3.03249097472924,5.625,0.539109506618532,0.999998646233782,"MXI1",1,"T3_PB_to_PC","opening","T3_PB_to_PC_opening",1,FALSE,-0.891347068644734
"MA0859.1",66,3334,4.76534296028881,8.335,0.571726809872683,0.999999947251746,"Rarg",1,"T3_PB_to_PC","opening","T3_PB_to_PC_opening",1,FALSE,-0.806599627617955
"MA0087.1",0,0,0,0,NA,1,"Sox5",1,"T3_PB_to_PC","opening","T3_PB_to_PC_opening",1,FALSE,NA
"MA1513.1",578,2909,30.7446808510638,7.2725,4.22752572720025,1.76668146509221e-216,"KLF15",1.31794437295879e-213,"T3_PB_to_PC","closing","T3_PB_to_PC_closing",1.31794437295879e-213,TRUE,2.07981387564706
"MA0162.4",392,2106,20.8510638297872,5.265,3.9603160170536,1.10059582347092e-130,"EGR1",4.10522242154653e-128,"T3_PB_to_PC","closing","T3_PB_to_PC_closing",4.10522242154653e-128,TRUE,1.98561592036175
"MA1564.1",494,3270,26.2765957446809,8.175,3.21426247641356,1.06940976913614e-129,"SP9",2.65926562591855e-127,"T3_PB_to_PC","closing","T3_PB_to_PC_closing",2.65926562591855e-127,TRUE,1.68448819302531
"MA0746.2",497,3440,26.436170212766,8.6,3.07397328055418,1.13948383474992e-122,"SP3",2.1251373518086e-120,"T3_PB_to_PC","closing","T3_PB_to_PC_closing",2.1251373518086e-120,TRUE,1.62010509428302
"MA0740.1",351,2035,18.6702127659574,5.0875,3.66982069109729,6.92495778623068e-106,"KLF14",1.03320370170562e-103,"T3_PB_to_PC","closing","T3_PB_to_PC_closing",1.03320370170562e-103,TRUE,1.87570996725947
"MA0741.1",483,3660,25.6914893617021,9.15,2.80781304499477,1.11884925287917e-103,"KLF16",1.39110257107976e-101,"T3_PB_to_PC","closing","T3_PB_to_PC_closing",1.39110257107976e-101,TRUE,1.48944739246322
"MA1515.1",487,3834,25.9042553191489,9.585,2.70258271456953,1.92684667356448e-98,"KLF2",2.05346802639872e-96,"T3_PB_to_PC","closing","T3_PB_to_PC_closing",2.05346802639872e-96,TRUE,1.43433930721941
"MA0599.1",591,5313,31.436170212766,13.2825,2.36673594675445,9.47125018031745e-98,"KLF5",8.83194079314602e-96,"T3_PB_to_PC","closing","T3_PB_to_PC_closing",8.83194079314602e-96,TRUE,1.24289936526039
"MA0685.1",417,2965,22.1808510638298,7.4125,2.9923576477342,6.44653152948516e-97,"SP4",5.34345835666215e-95,"T3_PB_to_PC","closing","T3_PB_to_PC_closing",5.34345835666215e-95,TRUE,1.58128309912221
"MA0039.4",596,5602,31.7021276595745,14.005,2.26362925095141,1.51318136629956e-90,"KLF4",1.12883329925947e-88,"T3_PB_to_PC","closing","T3_PB_to_PC_closing",1.12883329925947e-88,TRUE,1.17863832270913
"MA1512.1",390,2820,20.7446808510638,7.05,2.94250792213671,8.22752001482249e-88,"KLF11",5.57975448277961e-86,"T3_PB_to_PC","closing","T3_PB_to_PC_closing",5.57975448277961e-86,TRUE,1.55704678974218
"MA1650.1",219,987,11.6489361702128,2.4675,4.72094677617539,5.95294552496277e-86,"ZBTB14",3.70074780135186e-84,"T3_PB_to_PC","closing","T3_PB_to_PC_closing",3.70074780135186e-84,TRUE,2.23907652372362
"MA0079.4",420,3282,22.3404255319149,8.205,2.7227819051694,2.2701105006667e-84,"SP1",1.30269417961335e-82,"T3_PB_to_PC","closing","T3_PB_to_PC_closing",1.30269417961335e-82,TRUE,1.44508195699743
"MA0471.2",384,2848,20.4255319148936,7.12,2.86875448242888,4.71320796565835e-83,"E2F6",2.51146653027223e-81,"T3_PB_to_PC","closing","T3_PB_to_PC_closing",2.51146653027223e-81,TRUE,1.52042500563857
"MA0747.1",423,3393,22.5,8.4825,2.6525198938992,1.91992640705436e-81,"SP8",9.54843399775034e-80,"T3_PB_to_PC","closing","T3_PB_to_PC_closing",9.54843399775034e-80,TRUE,1.40736411528935
"MA0516.2",410,3284,21.8085106382979,8.21,2.65633503511545,7.33333730938181e-79,"SP2",3.41916852049927e-77,"T3_PB_to_PC","closing","T3_PB_to_PC_closing",3.41916852049927e-77,TRUE,1.40943766382685
"MA0732.1",227,1169,12.0744680851064,2.9225,4.13155452013905,3.51314834519236e-77,"EGR3",1.54165215618441e-75,"T3_PB_to_PC","closing","T3_PB_to_PC_closing",1.54165215618441e-75,TRUE,2.04668505493306
"MA1102.2",363,2773,19.3085106382979,6.9325,2.78521610361311,1.41046645788365e-74,"CTCFL",5.84559987545114e-73,"T3_PB_to_PC","closing","T3_PB_to_PC_closing",5.84559987545114e-73,TRUE,1.47778978792379
"MA1653.1",558,5611,29.6808510638298,14.0275,2.11590454919478,1.34613898520581e-72,"ZNF148",5.28536675243967e-71,"T3_PB_to_PC","closing","T3_PB_to_PC_closing",5.28536675243967e-71,TRUE,1.0812752291771
"MA0632.2",179,822,9.52127659574468,2.055,4.63322462080033,1.18148497683049e-68,"TCFL5",4.40693896357772e-67,"T3_PB_to_PC","closing","T3_PB_to_PC_closing",4.40693896357772e-67,TRUE,2.21201693794733
"MA1517.1",368,3130,19.5744680851064,7.825,2.50152946774522,4.11130783733152e-63,"KLF6",1.4604931650711e-61,"T3_PB_to_PC","closing","T3_PB_to_PC_closing",1.4604931650711e-61,TRUE,1.32281102394655
"MA0506.1",194,1043,10.3191489361702,2.6075,3.95748760735195,1.467359459102e-62,"NRF1",4.97568252950041e-61,"T3_PB_to_PC","closing","T3_PB_to_PC_closing",4.97568252950041e-61,TRUE,1.98458519719998
"MA1511.1",362,3137,19.2553191489362,7.8425,2.45525268076967,6.28957657505029e-60,"KLF10",2.04001048912501e-58,"T3_PB_to_PC","closing","T3_PB_to_PC_closing",2.04001048912501e-58,TRUE,1.29587209381928
"MA1516.1",270,1966,14.3617021276596,4.915,2.92201467500704,1.1353830270948e-58,"KLF3",3.52914890921966e-57,"T3_PB_to_PC","closing","T3_PB_to_PC_closing",3.52914890921966e-57,TRUE,1.54696391742761
"MA0733.1",210,1344,11.1702127659574,3.36,3.32446808510638,1.77412553304678e-54,"EGR4",5.29399059061159e-53,"T3_PB_to_PC","closing","T3_PB_to_PC_closing",5.29399059061159e-53,TRUE,1.73312396183441
"MA0742.1",309,2658,16.436170212766,6.645,2.47346429086019,2.98962288803463e-51,"Klf12",8.57791797874551e-50,"T3_PB_to_PC","closing","T3_PB_to_PC_closing",8.57791797874551e-50,TRUE,1.30653365488153
"MA1627.1",436,4576,23.1914893617021,11.44,2.02722809105788,1.84704354858527e-49,"Wt1",5.10331291572077e-48,"T3_PB_to_PC","closing","T3_PB_to_PC_closing",5.10331291572077e-48,TRUE,1.01950913264177
"MA1122.1",171,1034,9.09574468085106,2.585,3.51866331947817,1.07730445354163e-47,"TFDP1",2.87024686550733e-46,"T3_PB_to_PC","closing","T3_PB_to_PC_closing",2.87024686550733e-46,TRUE,1.8150278875676
"MA0131.2",108,459,5.74468085106383,1.1475,5.00625782227785,6.35896887135801e-45,"HINFP",1.63578992345968e-43,"T3_PB_to_PC","closing","T3_PB_to_PC_closing",1.63578992345968e-43,TRUE,2.32373287991242
"MA1107.2",443,5012,23.563829787234,12.53,1.88059295987502,9.54658722783346e-42,"KLF9",2.37391802398792e-40,"T3_PB_to_PC","closing","T3_PB_to_PC_closing",2.37391802398792e-40,TRUE,0.91118838936642
"MA0472.2",134,770,7.12765957446809,1.925,3.70268029842498,6.76024645424289e-40,"EGR2",1.62682059834361e-38,"T3_PB_to_PC","closing","T3_PB_to_PC_closing",1.62682059834361e-38,TRUE,1.88857037749523
"MA0750.2",196,1622,10.4255319148936,4.055,2.5710312983708,2.46902409928205e-34,"ZBTB7A",5.75591243145128e-33,"T3_PB_to_PC","closing","T3_PB_to_PC_closing",5.75591243145128e-33,TRUE,1.36234773401704
"MA0527.1",91,490,4.84042553191489,1.225,3.95136778115502,1.43251428333946e-29,"ZBTB33",3.23835047082193e-28,"T3_PB_to_PC","closing","T3_PB_to_PC_closing",3.23835047082193e-28,TRUE,1.98235249929335
"MA1584.1",156,1260,8.29787234042553,3.15,2.63424518743668,1.57605280366177e-28,"ZIC5",3.45804526921082e-27,"T3_PB_to_PC","closing","T3_PB_to_PC_closing",3.45804526921082e-27,TRUE,1.39739018112855
"MA0748.2",118,859,6.27659574468085,2.1475,2.9227453991529,1.26498407816604e-25,"YY2",2.69622320660534e-24,"T3_PB_to_PC","closing","T3_PB_to_PC_closing",2.69622320660534e-24,TRUE,1.54732465481729
"MA0076.2",154,1317,8.19148936170213,3.2925,2.48792387599153,1.55915653580278e-25,"ELK4",3.23091882141355e-24,"T3_PB_to_PC","closing","T3_PB_to_PC_closing",3.23091882141355e-24,TRUE,1.31494292330181
"MA1522.1",416,5447,22.1276595744681,13.6175,1.62494287310212,4.72625013956329e-25,"MAZ",9.52914217328167e-24,"T3_PB_to_PC","closing","T3_PB_to_PC_closing",9.52914217328167e-24,TRUE,0.70038988712837
"MA0146.2",367,4631,19.5212765957447,11.5775,1.68613920066894,1.06731848329406e-24,"Zfx",2.09531470667729e-23,"T3_PB_to_PC","closing","T3_PB_to_PC_closing",2.09531470667729e-23,TRUE,0.753724499744082
"MA1099.2",111,838,5.90425531914894,2.095,2.81826029553649,7.12250693148368e-23,"HES1",1.36240773612483e-21,"T3_PB_to_PC","closing","T3_PB_to_PC_closing",1.36240773612483e-21,TRUE,1.4948053775449
"MA0645.1",148,1326,7.87234042553191,3.315,2.37476332595231,1.41551984348506e-22,"ETV6",2.63994450809963e-21,"T3_PB_to_PC","closing","T3_PB_to_PC_closing",2.63994450809963e-21,TRUE,1.24778434601177
"MA0657.1",147,1323,7.81914893617021,3.3075,2.36406619385343,3.06409558795959e-22,"KLF13",5.57515928931184e-21,"T3_PB_to_PC","closing","T3_PB_to_PC_closing",5.57515928931184e-21,TRUE,1.24127104180201
"MA0493.1",335,4307,17.8191489361702,10.7675,1.65490122462691,4.21393126531972e-21,"Klf1",7.48474458078217e-20,"T3_PB_to_PC","closing","T3_PB_to_PC_closing",7.48474458078217e-20,TRUE,0.72674598185855
"MA0751.1",145,1362,7.71276595744681,3.405,2.26512950292124,3.1884481221413e-20,"ZIC4",5.53158674213351e-19,"T3_PB_to_PC","closing","T3_PB_to_PC_closing",5.53158674213351e-19,TRUE,1.17959417190221
"MA0765.2",124,1102,6.59574468085106,2.755,2.39409970266826,2.38084377961792e-19,"ETV5",4.03661240817039e-18,"T3_PB_to_PC","closing","T3_PB_to_PC_closing",4.03661240817039e-18,TRUE,1.25948383740445
"MA1569.1",96,745,5.1063829787234,1.8625,2.74168213622733,4.12900459962914e-19,"TFAP2E",6.84497206960742e-18,"T3_PB_to_PC","closing","T3_PB_to_PC_closing",6.84497206960742e-18,TRUE,1.45506184456397
"MA0810.1",158,1660,8.40425531914894,4.15,2.02512176365035,2.49231048441296e-17,"TFAP2A(var.2)",4.04187743776536e-16,"T3_PB_to_PC","closing","T3_PB_to_PC_closing",4.04187743776536e-16,TRUE,1.01800936732625
"MA1483.1",105,917,5.58510638297872,2.2925,2.43625142114666,4.41924281174261e-17,"ELF2",7.01437263310636e-16,"T3_PB_to_PC","closing","T3_PB_to_PC_closing",7.01437263310636e-16,TRUE,1.28466361923362
"MA1599.1",266,3399,14.1489361702128,8.4975,1.66507045251106,5.30953623512438e-17,"ZNF682",8.25190423208913e-16,"T3_PB_to_PC","closing","T3_PB_to_PC_closing",8.25190423208913e-16,TRUE,0.735584088390553
"MA0697.1",134,1330,7.12765957446809,3.325,2.14365701487762,8.73182401867785e-17,"ZIC3",1.32937565672116e-15,"T3_PB_to_PC","closing","T3_PB_to_PC_closing",1.32937565672116e-15,TRUE,1.10007476605998
"MA0528.2",378,5448,20.1063829787234,13.62,1.4762395725935,1.0767157058849e-15,"ZNF263",1.60645983318028e-14,"T3_PB_to_PC","closing","T3_PB_to_PC_closing",1.60645983318028e-14,FALSE,0.561927846470161
"MA0014.3",77,630,4.09574468085106,1.575,2.60047281323877,2.41047805617955e-14,"PAX5",3.52591496060773e-13,"T3_PB_to_PC","closing","T3_PB_to_PC_closing",3.52591496060773e-13,TRUE,1.37877451007379
"MA0695.1",83,730,4.41489361702128,1.825,2.41911979014864,1.33076565384527e-13,"ZBTB7C",1.90913688032418e-12,"T3_PB_to_PC","closing","T3_PB_to_PC_closing",1.90913688032418e-12,TRUE,1.27448280693576
"MA0060.3",104,1048,5.53191489361702,2.62,2.11141789832711,7.0272219708295e-13,"NFYA",9.89114639667699e-12,"T3_PB_to_PC","closing","T3_PB_to_PC_closing",9.89114639667699e-12,TRUE,1.0782128328705
"MA1644.1",106,1105,5.63829787234043,2.7625,2.04101280446712,3.39748935731267e-12,"NFYC",4.69356863065788e-11,"T3_PB_to_PC","closing","T3_PB_to_PC_closing",4.69356863065788e-11,TRUE,1.0292859401212
"MA1514.1",223,3019,11.8617021276596,7.5475,1.57160677411853,8.1497629790492e-12,"KLF17",1.10540421497649e-10,"T3_PB_to_PC","closing","T3_PB_to_PC_closing",1.10540421497649e-10,TRUE,0.6522412093654
"MA0696.1",131,1505,6.96808510638298,3.7625,1.85198275252704,9.1820178143481e-12,"ZIC1",1.22317594455423e-10,"T3_PB_to_PC","closing","T3_PB_to_PC_closing",1.22317594455423e-10,TRUE,0.889071441874883
"MA0641.1",102,1084,5.42553191489362,2.71,2.00204129700871,2.67710272132707e-11,"ELF4",3.50371689492981e-10,"T3_PB_to_PC","closing","T3_PB_to_PC_closing",3.50371689492981e-10,TRUE,1.00147245421392
"MA0139.1",262,3757,13.936170212766,9.3925,1.48375514642171,4.15331974253357e-11,"CTCF",5.34202849643111e-10,"T3_PB_to_PC","closing","T3_PB_to_PC_closing",5.34202849643111e-10,FALSE,0.5692540062067
"MA1583.1",70,636,3.72340425531915,1.59,2.34176368259066,4.7953955180967e-11,"ZFP57",6.06333060423753e-10,"T3_PB_to_PC","closing","T3_PB_to_PC_closing",6.06333060423753e-10,TRUE,1.22759611071693
"MA0753.2",141,1705,7.5,4.2625,1.75953079178886,5.4511706717614e-11,"ZNF740",6.77762220189001e-10,"T3_PB_to_PC","closing","T3_PB_to_PC_closing",6.77762220189001e-10,TRUE,0.815191581403157
"MA0637.1",40,264,2.12765957446809,0.66,3.22372662798195,6.98770034149444e-11,"CENPB",8.54561386025385e-10,"T3_PB_to_PC","closing","T3_PB_to_PC_closing",8.54561386025385e-10,TRUE,1.68872985603729
"MA0136.2",130,1544,6.91489361702128,3.86,1.79142321684489,1.00255107654841e-10,"ELF5",1.20629532758889e-09,"T3_PB_to_PC","closing","T3_PB_to_PC_closing",1.20629532758889e-09,TRUE,0.841107014079166
"MA1630.1",263,3823,13.9893617021277,9.5575,1.46370512185484,1.49400838299029e-10,"Znf281",1.76909564081072e-09,"T3_PB_to_PC","closing","T3_PB_to_PC_closing",1.76909564081072e-09,FALSE,0.549625923087727
"MA0814.2",228,3248,12.1276595744681,8.12,1.49355413478671,5.23071851508263e-10,"TFAP2C(var.2)",6.09705626914319e-09,"T3_PB_to_PC","closing","T3_PB_to_PC_closing",6.09705626914319e-09,FALSE,0.578750495911298
"MA1484.1",74,737,3.93617021276596,1.8425,2.13632033257311,8.97895531396888e-10,"ETS2",1.03050779449551e-08,"T3_PB_to_PC","closing","T3_PB_to_PC_closing",1.03050779449551e-08,TRUE,1.09512866483592
"MA0815.1",110,1307,5.85106382978723,3.2675,1.79068518126618,2.95185303276437e-09,"TFAP2C(var.3)",3.33648842794276e-08,"T3_PB_to_PC","closing","T3_PB_to_PC_closing",3.33648842794276e-08,TRUE,0.840512526379939
"MA0694.1",56,505,2.97872340425532,1.2625,2.35938487465768,3.09204919576812e-09,"ZBTB7B",3.44278910454182e-08,"T3_PB_to_PC","closing","T3_PB_to_PC_closing",3.44278910454182e-08,TRUE,1.2384113888736
"MA0474.2",74,759,3.93617021276596,1.8975,2.07439800409273,3.22498604183619e-09,"ERG",3.53799939295558e-08,"T3_PB_to_PC","closing","T3_PB_to_PC_closing",3.53799939295558e-08,TRUE,1.05269341867425
"MA0759.1",70,710,3.72340425531915,1.775,2.09769253820797,5.41738308022646e-09,"ELK3",5.85705475050571e-08,"T3_PB_to_PC","closing","T3_PB_to_PC_closing",5.85705475050571e-08,TRUE,1.06880392329054
"MA0048.2",148,1946,7.87234042553191,4.865,1.61815836084931,5.57027749513335e-09,"NHLH1",5.9363243019564e-08,"T3_PB_to_PC","closing","T3_PB_to_PC_closing",5.9363243019564e-08,TRUE,0.694353695398052
"MA0872.1",113,1372,6.01063829787234,3.43,1.75237268159543,5.95260946422956e-09,"TFAP2A(var.3)",6.25443191593698e-08,"T3_PB_to_PC","closing","T3_PB_to_PC_closing",6.25443191593698e-08,TRUE,0.809310452507537
"MA0028.2",74,773,3.93617021276596,1.9325,2.03682805317773,7.01818795013453e-09,"ELK1",7.2716225150005e-08,"T3_PB_to_PC","closing","T3_PB_to_PC_closing",7.2716225150005e-08,TRUE,1.02632490299316
"MA0132.2",42,340,2.23404255319149,0.85,2.62828535669587,1.32408474982245e-08,"PDX1",1.353105785435e-07,"T3_PB_to_PC","closing","T3_PB_to_PC_closing",1.353105785435e-07,TRUE,1.39412246853652
"MA0098.3",74,787,3.93617021276596,1.9675,2.00059477141853,1.48689747716204e-08,"ETS1",1.49895340265254e-07,"T3_PB_to_PC","closing","T3_PB_to_PC_closing",1.49895340265254e-07,TRUE,1.0004296942388
"MA0475.2",69,717,3.67021276595745,1.7925,2.04753850262619,1.8296972611886e-08,"FLI1",1.8002074508755e-07,"T3_PB_to_PC","closing","T3_PB_to_PC_closing",1.8002074508755e-07,TRUE,1.03389128566025
"MA1552.1",78,851,4.14893617021277,2.1275,1.95014626096957,1.83399150491338e-08,"RARB(var.3)",1.8002074508755e-07,"T3_PB_to_PC","closing","T3_PB_to_PC_closing",1.8002074508755e-07,TRUE,0.963583069948668
"MA0615.1",32,229,1.70212765957447,0.5725,2.97314875034842,3.90209007251761e-08,"Gmeb1",3.78046648584174e-07,"T3_PB_to_PC","closing","T3_PB_to_PC_closing",3.78046648584174e-07,TRUE,1.57199213012888
"MA0812.1",128,1680,6.80851063829787,4.2,1.62107396149949,5.65216941570783e-08,"TFAP2B(var.2)",5.40579280015133e-07,"T3_PB_to_PC","closing","T3_PB_to_PC_closing",5.40579280015133e-07,TRUE,0.696950805280556
"MA1548.1",128,1682,6.80851063829787,4.205,1.61914640625395,6.04077211541268e-08,"PLAGL2",5.70432404822514e-07,"T3_PB_to_PC","closing","T3_PB_to_PC_closing",5.70432404822514e-07,TRUE,0.695234333751013
"MA0811.1",118,1518,6.27659574468085,3.795,1.65391192218204,6.62070504979778e-08,"TFAP2B",6.17380745893643e-07,"T3_PB_to_PC","closing","T3_PB_to_PC_closing",6.17380745893643e-07,TRUE,0.725883279223106
"MA0763.1",66,699,3.51063829787234,1.7475,2.00894895443339,7.57287297127628e-08,"ETV3",6.97452251428655e-07,"T3_PB_to_PC","closing","T3_PB_to_PC_closing",6.97452251428655e-07,TRUE,1.00644162510153
"MA1106.1",58,584,3.08510638297872,1.46,2.11308656368406,8.43445707105461e-08,"HIF1A",7.67329875000822e-07,"T3_PB_to_PC","closing","T3_PB_to_PC_closing",7.67329875000822e-07,TRUE,1.07935255197483
"MA1596.1",503,8711,26.7553191489362,21.7775,1.22857624378079,9.53470146673673e-08,"ZNF460",8.56974372793445e-07,"T3_PB_to_PC","closing","T3_PB_to_PC_closing",8.56974372793445e-07,FALSE,0.296988566463756
"MA0006.1",253,3919,13.4574468085106,9.7975,1.37355925578062,1.04327396918826e-07,"Ahr::Arnt",9.2652664406481e-07,"T3_PB_to_PC","closing","T3_PB_to_PC_closing",9.2652664406481e-07,FALSE,0.457920200409479
"MA0502.2",124,1635,6.59574468085106,4.0875,1.61363784241005,1.17466330445028e-07,"NFYB",1.03093979425872e-06,"T3_PB_to_PC","closing","T3_PB_to_PC_closing",1.03093979425872e-06,TRUE,0.690317717049316
"MA0081.2",322,5219,17.1276595744681,13.0475,1.31271581333344,1.26492086800578e-07,"SPIB",1.09724531108408e-06,"T3_PB_to_PC","closing","T3_PB_to_PC_closing",1.09724531108408e-06,FALSE,0.39255572349364
"MA0598.3",250,3882,13.2978723404255,9.705,1.37020838129063,1.53572426522733e-07,"EHF",1.31683942742481e-06,"T3_PB_to_PC","closing","T3_PB_to_PC_closing",1.31683942742481e-06,FALSE,0.454396367834412
"MA0902.2",35,280,1.86170212765957,0.7,2.65957446808511,1.55404258670324e-07,"HOXB2",1.31740428372798e-06,"T3_PB_to_PC","closing","T3_PB_to_PC_closing",1.31740428372798e-06,TRUE,1.41119597543768
"MA1474.1",69,766,3.67021276595745,1.915,1.91656019110049,2.30114448581299e-07,"CREB3L4",1.92882447911965e-06,"T3_PB_to_PC","closing","T3_PB_to_PC_closing",1.92882447911965e-06,TRUE,0.938520060589738
"MA1485.1",138,1899,7.34042553191489,4.7475,1.54616651541125,2.63941852461846e-07,"FERD3L",2.18778468818375e-06,"T3_PB_to_PC","closing","T3_PB_to_PC_closing",2.18778468818375e-06,TRUE,0.628696632691518
"MA0163.1",197,2943,10.4787234042553,7.3575,1.42422336449274,2.8626854558489e-07,"PLAG1",2.34677291215745e-06,"T3_PB_to_PC","closing","T3_PB_to_PC_closing",2.34677291215745e-06,FALSE,0.510176438469724
"MA1419.1",59,621,3.13829787234043,1.5525,2.02144790488916,2.97044280516607e-07,"IRF4",2.40483939838779e-06,"T3_PB_to_PC","closing","T3_PB_to_PC_closing",2.40483939838779e-06,TRUE,1.01538973781953
"MA0760.1",73,833,3.88297872340426,2.0825,1.86457561748103,2.99799013471937e-07,"ERF",2.40483939838779e-06,"T3_PB_to_PC","closing","T3_PB_to_PC_closing",2.40483939838779e-06,TRUE,0.898848080237801
"MA1533.1",92,1136,4.8936170212766,2.84,1.72310458495655,3.2822279507361e-07,"NR1I2",2.60483196941397e-06,"T3_PB_to_PC","closing","T3_PB_to_PC_closing",2.60483196941397e-06,TRUE,0.785011106801468
"MA0156.2",59,624,3.13829787234043,1.56,2.01172940534643,3.4883972208206e-07,"FEV",2.73930981761281e-06,"T3_PB_to_PC","closing","T3_PB_to_PC_closing",2.73930981761281e-06,TRUE,1.00843698062556
"MA0517.1",189,2812,10.0531914893617,7.03,1.43004146363609,3.89179731692933e-07,"STAT1::STAT2",3.02425083169717e-06,"T3_PB_to_PC","closing","T3_PB_to_PC_closing",3.02425083169717e-06,FALSE,0.516057986981033
"MA0511.2",54,553,2.87234042553191,1.3825,2.07764226078258,3.97071754477489e-07,"RUNX2",3.05376833855883e-06,"T3_PB_to_PC","closing","T3_PB_to_PC_closing",3.05376833855883e-06,TRUE,1.05494795930354
"MA0524.2",118,1580,6.27659574468085,3.95,1.58901158093186,5.20355796994109e-07,"TFAP2C",3.956929807581e-06,"T3_PB_to_PC","closing","T3_PB_to_PC_closing",3.956929807581e-06,TRUE,0.668130547201317
"MA0073.1",295,4786,15.6914893617021,11.965,1.31144917356474,5.25115349799623e-07,"RREB1",3.956929807581e-06,"T3_PB_to_PC","closing","T3_PB_to_PC_closing",3.956929807581e-06,FALSE,0.391162995771711
"MA1635.1",165,2400,8.77659574468085,6,1.46276595744681,5.84519152857911e-07,"BHLHE22(var.2)",4.36051288032002e-06,"T3_PB_to_PC","closing","T3_PB_to_PC_closing",4.36051288032002e-06,FALSE,0.548699943012839
"MA0653.1",86,1056,4.57446808510638,2.64,1.7327530625403,6.29286546713784e-07,"IRF9",4.6284088538285e-06,"T3_PB_to_PC","closing","T3_PB_to_PC_closing",4.6284088538285e-06,TRUE,0.793066900930648
"MA0762.1",70,803,3.72340425531915,2.0075,1.85474682705811,6.32838744089152e-07,"ETV2",4.6284088538285e-06,"T3_PB_to_PC","closing","T3_PB_to_PC_closing",4.6284088538285e-06,TRUE,0.891223050251228
"MA0736.1",71,822,3.77659574468085,2.055,1.8377594864627,7.38746231375671e-07,"GLIS2",5.31749448401397e-06,"T3_PB_to_PC","closing","T3_PB_to_PC_closing",5.31749448401397e-06,TRUE,0.877948753836534
"MA0652.1",69,791,3.67021276595745,1.9775,1.85598622804422,7.41312903937605e-07,"IRF8",5.31749448401397e-06,"T3_PB_to_PC","closing","T3_PB_to_PC_closing",5.31749448401397e-06,TRUE,0.892186782609524
"MA1652.1",330,5493,17.5531914893617,13.7325,1.27822257341065,1.05634591534812e-06,"ZKSCAN5",7.50508621761619e-06,"T3_PB_to_PC","closing","T3_PB_to_PC_closing",7.50508621761619e-06,FALSE,0.354140199384123
"MA1509.1",33,280,1.75531914893617,0.7,2.50759878419453,1.32307212280143e-06,"IRF6",9.31143210952708e-06,"T3_PB_to_PC","closing","T3_PB_to_PC_closing",9.31143210952708e-06,TRUE,1.32630711072712
"MA1615.1",242,3842,12.8723404255319,9.605,1.34017078870712,1.36783221159508e-06,"Plagl1",9.53647504532648e-06,"T3_PB_to_PC","closing","T3_PB_to_PC_closing",9.53647504532648e-06,FALSE,0.422417943094001
"MA0155.1",208,3224,11.063829787234,8.06,1.37268359643102,1.71613677999083e-06,"INSM1",1.1854055906233e-05,"T3_PB_to_PC","closing","T3_PB_to_PC_closing",1.1854055906233e-05,FALSE,0.457000173600529
"MA0761.2",266,4308,14.1489361702128,10.77,1.31373594895197,1.84942075203981e-06,"ETV1",1.26575034956119e-05,"T3_PB_to_PC","closing","T3_PB_to_PC_closing",1.26575034956119e-05,FALSE,0.393676432103123
"MA1554.1",41,396,2.18085106382979,0.99,2.20287986245433,2.24731917126826e-06,"RFX7",1.52409100160556e-05,"T3_PB_to_PC","closing","T3_PB_to_PC_closing",1.52409100160556e-05,TRUE,1.13939147243595
"MA0813.1",119,1648,6.32978723404255,4.12,1.53635612476761,2.42911383959747e-06,"TFAP2B(var.3)",1.63253957147722e-05,"T3_PB_to_PC","closing","T3_PB_to_PC_closing",1.63253957147722e-05,TRUE,0.619513608145735
"MA0259.1",33,288,1.75531914893617,0.72,2.43794326241135,2.46589601838211e-06,"ARNT::HIF1A",1.64246288367237e-05,"T3_PB_to_PC","closing","T3_PB_to_PC_closing",1.64246288367237e-05,TRUE,1.28566514266774
"MA0470.2",30,251,1.59574468085106,0.6275,2.54301941171484,2.94774861920788e-06,"E2F4",1.94603581409653e-05,"T3_PB_to_PC","closing","T3_PB_to_PC_closing",1.94603581409653e-05,TRUE,1.34654304195786
"MA0080.5",363,6202,19.3085106382979,15.505,1.24530865129299,3.25072091282544e-06,"SPI1",2.1272261411998e-05,"T3_PB_to_PC","closing","T3_PB_to_PC_closing",2.1272261411998e-05,FALSE,0.316504518871102
"MA0686.1",50,533,2.65957446808511,1.3325,1.99592830625524,3.31222368869699e-06,"SPDEF",2.14862510588518e-05,"T3_PB_to_PC","closing","T3_PB_to_PC_closing",2.14862510588518e-05,TRUE,0.997060622818887
"MA0057.1",148,2173,7.87234042553191,5.4325,1.4491192683906,3.79661219401414e-06,"MZF1(var.2)",2.44161439373668e-05,"T3_PB_to_PC","closing","T3_PB_to_PC_closing",2.44161439373668e-05,FALSE,0.535177334998579
"MA0792.1",61,705,3.24468085106383,1.7625,1.84095367436246,4.12006651023481e-06,"POU5F1B",2.62698257832066e-05,"T3_PB_to_PC","closing","T3_PB_to_PC_closing",2.62698257832066e-05,TRUE,0.880454106928183
"MA1555.1",70,858,3.72340425531915,2.145,1.73585279968259,6.40474868498768e-06,"RXRB(var.2)",4.0491038296617e-05,"T3_PB_to_PC","closing","T3_PB_to_PC_closing",4.0491038296617e-05,TRUE,0.795645443545634
"MA0027.2",35,329,1.86170212765957,0.8225,2.26346763241286,6.64370543000312e-06,"EN1",4.16487752166582e-05,"T3_PB_to_PC","closing","T3_PB_to_PC_closing",4.16487752166582e-05,TRUE,1.1785353135767
"MA0708.1",37,358,1.96808510638298,0.895,2.19897777249495,7.13884354731982e-06,"MSX2",4.40130354239718e-05,"T3_PB_to_PC","closing","T3_PB_to_PC_closing",4.40130354239718e-05,TRUE,1.13683367742431
"MA0709.1",37,358,1.96808510638298,0.895,2.19897777249495,7.13884354731982e-06,"Msx3",4.40130354239718e-05,"T3_PB_to_PC","closing","T3_PB_to_PC_closing",4.40130354239718e-05,TRUE,1.13683367742431
"MA1577.1",34,317,1.80851063829787,0.7925,2.28203235116451,7.49854865830454e-06,"TLX2",4.58517811401245e-05,"T3_PB_to_PC","closing","T3_PB_to_PC_closing",4.58517811401245e-05,TRUE,1.1903198762927
"MA0075.3",37,359,1.96808510638298,0.8975,2.19285248622059,7.60488083354689e-06,"PRRX2",4.61239113969592e-05,"T3_PB_to_PC","closing","T3_PB_to_PC_closing",4.61239113969592e-05,TRUE,1.13280942269813
"MA1420.1",50,551,2.65957446808511,1.3775,1.93072556666795,8.28370193438512e-06,"IRF5",4.98358197020266e-05,"T3_PB_to_PC","closing","T3_PB_to_PC_closing",4.98358197020266e-05,TRUE,0.949143861417292
"MA0062.3",267,4431,14.2021276595745,11.0775,1.28206975035653,1.11422942544304e-05,"GABPA",6.63791056354299e-05,"T3_PB_to_PC","closing","T3_PB_to_PC_closing",6.63791056354299e-05,FALSE,0.358475878471541
"MA0726.1",35,337,1.86170212765957,0.8425,2.20973546309742,1.12114843298447e-05,"VSX2",6.63791056354299e-05,"T3_PB_to_PC","closing","T3_PB_to_PC_closing",6.63791056354299e-05,TRUE,1.14387432162875
"MA0789.1",57,669,3.03191489361702,1.6725,1.81280412174411,1.31581531809828e-05,"POU3F4",7.72911990001037e-05,"T3_PB_to_PC","closing","T3_PB_to_PC_closing",7.72911990001037e-05,TRUE,0.858223842343654
"MA0912.2",33,314,1.75531914893617,0.785,2.23607534896327,1.54494238291632e-05,"HOXD3",9.00411732543418e-05,"T3_PB_to_PC","closing","T3_PB_to_PC_closing",9.00411732543418e-05,TRUE,1.16096944864184
"MA0067.1",45,493,2.3936170212766,1.2325,1.94208277588365,1.98102476628602e-05,"Pax2",0.000114561587259641,"T3_PB_to_PC","closing","T3_PB_to_PC_closing",0.000114561587259641,TRUE,0.957605435795728
"MA0640.2",292,4949,15.531914893617,12.3725,1.25535784147238,2.04427957811134e-05,"ELF3",0.000117310197328543,"T3_PB_to_PC","closing","T3_PB_to_PC_closing",0.000117310197328543,FALSE,0.328099814227124
"MA0772.1",90,1240,4.78723404255319,3.1,1.5442690459849,3.36630592120035e-05,"IRF7",0.000191699558566066,"T3_PB_to_PC","closing","T3_PB_to_PC_closing",0.000191699558566066,TRUE,0.626925058264773
"MA1560.1",50,584,2.65957446808511,1.46,1.8216263480035,3.83481437961822e-05,"SOHLH2",0.000216725115696606,"T3_PB_to_PC","closing","T3_PB_to_PC_closing",0.000216725115696606,TRUE,0.865227855860809
"MA1656.1",194,3135,10.3191489361702,7.8375,1.31663782279684,4.7143255299876e-05,"ZNF449",0.000264427582358703,"T3_PB_to_PC","closing","T3_PB_to_PC_closing",0.000264427582358703,FALSE,0.396859643223516
"MA1529.1",145,2233,7.71276595744681,5.5825,1.38159712627798,5.12268976531578e-05,"NHLH2",0.000285188549621311,"T3_PB_to_PC","closing","T3_PB_to_PC_closing",0.000285188549621311,FALSE,0.466338031399203
"MA0700.2",37,392,1.96808510638298,0.98,2.00825010855406,5.18674715379397e-05,"LHX2",0.000285809002123359,"T3_PB_to_PC","closing","T3_PB_to_PC_closing",0.000285809002123359,TRUE,1.00593967288216
"MA0779.1",41,452,2.18085106382979,1.13,1.92995669365468,5.21045901994327e-05,"PAX1",0.000285809002123359,"T3_PB_to_PC","closing","T3_PB_to_PC_closing",0.000285809002123359,TRUE,0.948569222714309
"MA0473.3",266,4512,14.1489361702128,11.28,1.25433831296212,5.36528171294264e-05,"ELF1",0.000292153296193811,"T3_PB_to_PC","closing","T3_PB_to_PC_closing",0.000292153296193811,FALSE,0.326927666250602
"MA0666.1",36,378,1.91489361702128,0.945,2.02634245187437,5.40708758568968e-05,"MSX1",0.000292296183980036,"T3_PB_to_PC","closing","T3_PB_to_PC_closing",0.000292296183980036,TRUE,1.01887872217552
"MA0108.2",42,469,2.23404255319149,1.1725,1.90536678310575,5.69004613071566e-05,"TBP",0.000305379454209632,"T3_PB_to_PC","closing","T3_PB_to_PC_closing",0.000305379454209632,TRUE,0.930069500422082
"MA0611.1",70,922,3.72340425531915,2.305,1.61535976369594,6.41233380805654e-05,"Dux",0.000341655223793805,"T3_PB_to_PC","closing","T3_PB_to_PC_closing",0.000341655223793805,TRUE,0.691856402610471
"MA1556.1",78,1057,4.14893617021277,2.6425,1.57007991304173,6.45755851942715e-05,"RXRG(var.2)",0.000341655223793805,"T3_PB_to_PC","closing","T3_PB_to_PC_closing",0.000341655223793805,TRUE,0.650838909330991
"MA0749.1",13,78,0.691489361702128,0.195,3.54609929078014,6.63751809810587e-05,"ZBED1",0.000348703415576548,"T3_PB_to_PC","closing","T3_PB_to_PC_closing",0.000348703415576548,TRUE,1.82623333910324
"MA0616.2",58,727,3.08510638297872,1.8175,1.697445052533,7.1110000880881e-05,"HES2",0.00037096545914082,"T3_PB_to_PC","closing","T3_PB_to_PC_closing",0.00037096545914082,TRUE,0.763365724113674
"MA0889.1",30,298,1.59574468085106,0.745,2.1419391689276,8.12715751726227e-05,"GBX1",0.000421031910269281,"T3_PB_to_PC","closing","T3_PB_to_PC_closing",0.000421031910269281,TRUE,1.09891818167687
"MA0699.1",34,358,1.80851063829787,0.895,2.02068227742779,9.063239249708e-05,"LBX2",0.000466288033122908,"T3_PB_to_PC","closing","T3_PB_to_PC_closing",0.000466288033122908,TRUE,1.01484321093467
"MA0642.1",43,496,2.28723404255319,1.24,1.84454358270419,9.77181060847386e-05,"EN2",0.000499299363967226,"T3_PB_to_PC","closing","T3_PB_to_PC_closing",0.000499299363967226,TRUE,0.883264659441479
"MA0890.1",34,363,1.80851063829787,0.9075,1.99284918820702,0.000118499635280681,"GBX2",0.00060136549605026,"T3_PB_to_PC","closing","T3_PB_to_PC_closing",0.00060136549605026,TRUE,0.994833260174742
"MA0871.2",67,894,3.56382978723404,2.235,1.5945547146461,0.000132453020701646,"TFEC",0.000667634820563703,"T3_PB_to_PC","closing","T3_PB_to_PC_closing",0.000667634820563703,TRUE,0.673154507022206
"MA0839.1",57,734,3.03191489361702,1.835,1.65226969679402,0.00016562633581243,"CREB3L1",0.000829243265208542,"T3_PB_to_PC","closing","T3_PB_to_PC_closing",0.000829243265208542,TRUE,0.72445006746525
"MA1418.1",110,1658,5.85106382978723,4.145,1.41159561635398,0.00018522054436504,"IRF3",0.000921163507308798,"T3_PB_to_PC","closing","T3_PB_to_PC_closing",0.000921163507308798,FALSE,0.497327877044394
"MA0619.1",71,974,3.77659574468085,2.435,1.55096334483813,0.000192939509007486,"LIN54",0.000953197839202546,"T3_PB_to_PC","closing","T3_PB_to_PC_closing",0.000953197839202546,TRUE,0.633165520599357
"MA0638.1",46,560,2.4468085106383,1.4,1.74772036474164,0.000198634895129445,"CREB3",0.000974879156358986,"T3_PB_to_PC","closing","T3_PB_to_PC_closing",0.000974879156358986,TRUE,0.805475197568727
"MA0687.1",125,1939,6.64893617021277,4.8475,1.37162169576333,0.000225030288099858,"SPIC",0.0010972065027614,"T3_PB_to_PC","closing","T3_PB_to_PC_closing",0.0010972065027614,FALSE,0.455883681356378
"MA0004.1",181,2984,9.62765957446809,7.46,1.2905709885346,0.000236887020587542,"Arnt",0.00114751764518381,"T3_PB_to_PC","closing","T3_PB_to_PC_closing",0.00114751764518381,FALSE,0.368010617685432
"MA0716.1",34,377,1.80851063829787,0.9425,1.91884417856538,0.00024200856859426,"PRRX1",0.00116476382046011,"T3_PB_to_PC","closing","T3_PB_to_PC_closing",0.00116476382046011,TRUE,0.940238312822206
"MA0612.2",27,274,1.43617021276596,0.685,2.09659885075322,0.000254204618698511,"EMX1",0.00121561952275057,"T3_PB_to_PC","closing","T3_PB_to_PC_closing",0.00121561952275057,TRUE,1.06805154029933
"MA0701.2",30,319,1.59574468085106,0.7975,2.00093376909224,0.000269340777266567,"LHX9",0.0012797975786042,"T3_PB_to_PC","closing","T3_PB_to_PC_closing",0.0012797975786042,TRUE,1.00067413583881
"MA0723.1",32,350,1.70212765957447,0.875,1.94528875379939,0.000284864348239308,"VAX2",0.00134499242902863,"T3_PB_to_PC","closing","T3_PB_to_PC_closing",0.00134499242902863,TRUE,0.95998506278735
"MA1518.1",29,307,1.54255319148936,0.7675,2.00984129184282,0.00031353191960381,"LHX1",0.00147103655361285,"T3_PB_to_PC","closing","T3_PB_to_PC_closing",0.00147103655361285,TRUE,1.00708230055707
"MA0786.1",61,822,3.24468085106383,2.055,1.57892012217218,0.000333901873598987,"POU3F1",0.00155681748565528,"T3_PB_to_PC","closing","T3_PB_to_PC_closing",0.00155681748565528,TRUE,0.65893910058799
"MA0854.1",26,267,1.38297872340426,0.6675,2.07187823730975,0.000393008916554033,"Alx1",0.00182102268167272,"T3_PB_to_PC","closing","T3_PB_to_PC_closing",0.00182102268167272,TRUE,1.05093991576013
"MA0795.1",31,342,1.64893617021277,0.855,1.92858031603832,0.000407121243274366,"SMAD3",0.00187476819433751,"T3_PB_to_PC","closing","T3_PB_to_PC_closing",0.00187476819433751,TRUE,0.947539976545881
"MA1528.1",108,1660,5.74468085106383,4.15,1.38426044603948,0.00042778050990441,"NFIX(var.2)",0.00195781754839687,"T3_PB_to_PC","closing","T3_PB_to_PC_closing",0.00195781754839687,FALSE,0.469116451126839
"MA0634.1",36,421,1.91489361702128,1.0525,1.81937635821499,0.000446193913184327,"ALX3",0.00202963816607017,"T3_PB_to_PC","closing","T3_PB_to_PC_closing",0.00202963816607017,TRUE,0.863444804321447
"MA0785.1",60,816,3.19148936170213,2.04,1.56445556946183,0.000468653151247171,"POU2F1",0.00211888030806297,"T3_PB_to_PC","closing","T3_PB_to_PC_closing",0.00211888030806297,TRUE,0.645661608791848
"MA1553.1",60,820,3.19148936170213,2.05,1.55682407887909,0.000529287256851319,"RARG(var.3)",0.00237860417838003,"T3_PB_to_PC","closing","T3_PB_to_PC_closing",0.00237860417838003,TRUE,0.638606855778339
"MA1100.2",161,2656,8.56382978723404,6.64,1.28973340169187,0.000539547535732166,"ASCL1",0.00241019438117482,"T3_PB_to_PC","closing","T3_PB_to_PC_closing",0.00241019438117482,FALSE,0.367073998351133
"MA0149.1",386,7061,20.531914893617,17.6525,1.16311654970214,0.000543543682065541,"EWSR1-FLI1",0.0024135927786958,"T3_PB_to_PC","closing","T3_PB_to_PC_closing",0.0024135927786958,FALSE,0.217996909194947
"MA0500.2",148,2417,7.87234042553191,6.0425,1.30282836996805,0.000594568802497948,"MYOG",0.00262454631161816,"T3_PB_to_PC","closing","T3_PB_to_PC_closing",0.00262454631161816,FALSE,0.381648148203567
"MA0882.1",35,415,1.86170212765957,1.0375,1.79441168931043,0.000680109865216253,"DLX6",0.00298448211441956,"T3_PB_to_PC","closing","T3_PB_to_PC_closing",0.00298448211441956,TRUE,0.843511727688241
"MA0900.2",22,219,1.17021276595745,0.5475,2.13737491499077,0.000700601454908713,"HOXA2",0.0030564250605959,"T3_PB_to_PC","closing","T3_PB_to_PC_closing",0.0030564250605959,TRUE,1.09584066700496
"MA0787.1",61,848,3.24468085106383,2.12,1.53050983540747,0.00073018819338964,"POU3F2",0.00316697902481785,"T3_PB_to_PC","closing","T3_PB_to_PC_closing",0.00316697902481785,TRUE,0.614013258607657
"MA0627.2",83,1245,4.41489361702128,3.1125,1.41843971631206,0.00095076861971537,"POU2F3",0.00409984618674952,"T3_PB_to_PC","closing","T3_PB_to_PC_closing",0.00409984618674952,FALSE,0.504305854475577
"MA0024.3",24,255,1.27659574468085,0.6375,2.00250312891114,0.00103701322569805,"E2F1",0.00444604520902726,"T3_PB_to_PC","closing","T3_PB_to_PC_closing",0.00444604520902726,TRUE,1.0018052172924
"MA1481.1",31,364,1.64893617021277,0.91,1.81201776946458,0.00113981603791844,"DRGX",0.00485887293878374,"T3_PB_to_PC","closing","T3_PB_to_PC_closing",0.00485887293878374,TRUE,0.857597899353917
"MA0784.1",69,1004,3.67021276595745,2.51,1.46223616173603,0.00114794245012717,"POU1F1",0.00486571061247085,"T3_PB_to_PC","closing","T3_PB_to_PC_closing",0.00486571061247085,FALSE,0.548177322447648
"MA0853.1",24,258,1.27659574468085,0.645,1.97921820880752,0.00121747319528099,"Alx4",0.00513127120722948,"T3_PB_to_PC","closing","T3_PB_to_PC_closing",0.00513127120722948,TRUE,0.984931407203837
"MA0767.1",36,447,1.91489361702128,1.1175,1.71355133514208,0.00130643523151974,"GCM2",0.00547528473434675,"T3_PB_to_PC","closing","T3_PB_to_PC_closing",0.00547528473434675,TRUE,0.776990255175979
"MA0831.2",40,516,2.12765957446809,1.29,1.6493485073396,0.00149370455783768,"TFE3",0.00622515977735703,"T3_PB_to_PC","closing","T3_PB_to_PC_closing",0.00622515977735703,TRUE,0.721897147154296
"MA0722.1",33,405,1.75531914893617,1.0125,1.73364854215918,0.00167764685882734,"VAX1",0.00695291420380664,"T3_PB_to_PC","closing","T3_PB_to_PC_closing",0.00695291420380664,TRUE,0.793812286743407
"MA0604.1",24,265,1.27659574468085,0.6625,1.92693697310317,0.00174661198813495,"Atf1",0.00716305487732235,"T3_PB_to_PC","closing","T3_PB_to_PC_closing",0.00716305487732235,TRUE,0.946310132953464
"MA0507.1",76,1146,4.04255319148936,2.865,1.41101333036278,0.00174755494326095,"POU2F2",0.00716305487732235,"T3_PB_to_PC","closing","T3_PB_to_PC_closing",0.00716305487732235,FALSE,0.49673264012393
"MA0788.1",61,880,3.24468085106383,2.2,1.47485493230174,0.00176105257112423,"POU3F3",0.00717893561780696,"T3_PB_to_PC","closing","T3_PB_to_PC_closing",0.00717893561780696,FALSE,0.560574035216884
"MA0863.1",64,936,3.40425531914894,2.34,1.45480996544826,0.00191195477997624,"MTF1",0.00775172970577324,"T3_PB_to_PC","closing","T3_PB_to_PC_closing",0.00775172970577324,FALSE,0.540831705073208
"MA0504.1",200,3492,10.6382978723404,8.73,1.21859082157393,0.00194451978107441,"NR2C2",0.00784114463071087,"T3_PB_to_PC","closing","T3_PB_to_PC_closing",0.00784114463071087,FALSE,0.285214963033653
"MA0880.1",29,351,1.54255319148936,0.8775,1.75789537491665,0.00252330959575014,"Dlx3",0.0100662511145968,"T3_PB_to_PC","closing","T3_PB_to_PC_closing",0.0100662511145968,TRUE,0.813850028501714
"MA0881.1",29,351,1.54255319148936,0.8775,1.75789537491665,0.00252330959575014,"Dlx4",0.0100662511145968,"T3_PB_to_PC","closing","T3_PB_to_PC_closing",0.0100662511145968,TRUE,0.813850028501714
"MA0844.1",39,518,2.07446808510638,1.295,1.60190585722501,0.00282549615645998,"XBP1",0.0112118092165912,"T3_PB_to_PC","closing","T3_PB_to_PC_closing",0.0112118092165912,TRUE,0.67979026477149
"MA1557.1",24,278,1.27659574468085,0.695,1.83682840961274,0.00325769409530669,"SMAD5",0.0128584116142793,"T3_PB_to_PC","closing","T3_PB_to_PC_closing",0.0128584116142793,TRUE,0.87721764640911
"MA0605.2",42,574,2.23404255319149,1.435,1.55682407887909,0.0033439341917118,"ATF3",0.013129341615879,"T3_PB_to_PC","closing","T3_PB_to_PC_closing",0.013129341615879,TRUE,0.638606855778339
"MA0636.1",34,441,1.80851063829787,1.1025,1.64037246104115,0.00350820628422417,"BHLHE41",0.0137022088378598,"T3_PB_to_PC","closing","T3_PB_to_PC_closing",0.0137022088378598,TRUE,0.714024308169356
"MA0717.1",27,328,1.43617021276596,0.82,1.75142708873897,0.00364990987570461,"RAX2",0.0141079417993557,"T3_PB_to_PC","closing","T3_PB_to_PC_closing",0.0141079417993557,TRUE,0.808531754255034
"MA0721.1",27,328,1.43617021276596,0.82,1.75142708873897,0.00364990987570461,"UNCX",0.0141079417993557,"T3_PB_to_PC","closing","T3_PB_to_PC_closing",0.0141079417993557,TRUE,0.808531754255034
"MA0464.2",40,545,2.12765957446809,1.3625,1.56158500878392,0.00390589316139488,"BHLHE40",0.0150195685484566,"T3_PB_to_PC","closing","T3_PB_to_PC_closing",0.0150195685484566,TRUE,0.643012032073064
"MA0644.1",31,396,1.64893617021277,0.99,1.66559209112401,0.00412166082006397,"ESX1",0.015767994727014,"T3_PB_to_PC","closing","T3_PB_to_PC_closing",0.015767994727014,TRUE,0.736035989466942
"MA0862.1",11,93,0.585106382978723,0.2325,2.51658659345687,0.00425631016703933,"GMEB2",0.0162000376765885,"T3_PB_to_PC","closing","T3_PB_to_PC_closing",0.0162000376765885,TRUE,1.33146881378815
"MA0654.1",26,316,1.38297872340426,0.79,1.75060597899273,0.00430294215525363,"ISX",0.0162943900904528,"T3_PB_to_PC","closing","T3_PB_to_PC_closing",0.0162943900904528,TRUE,0.807855227060001
"MA0735.1",35,464,1.86170212765957,1.16,1.60491562729274,0.00436007286402532,"GLIS1",0.0164273452351661,"T3_PB_to_PC","closing","T3_PB_to_PC_closing",0.0164273452351661,TRUE,0.682498353724234
"MA0781.1",37,498,1.96808510638298,1.245,1.58079125010681,0.00440998539186568,"PAX9",0.0165319050368432,"T3_PB_to_PC","closing","T3_PB_to_PC_closing",0.0165319050368432,TRUE,0.660647779186115
"MA0692.1",58,864,3.08510638297872,2.16,1.42828999211978,0.00445274657921336,"TFEB",0.0166087447404658,"T3_PB_to_PC","closing","T3_PB_to_PC_closing",0.0166087447404658,FALSE,0.514289936033721
"MA0137.3",123,2072,6.54255319148936,5.18,1.26304115665818,0.00469227221550148,"STAT1",0.017415099864498,"T3_PB_to_PC","closing","T3_PB_to_PC_closing",0.017415099864498,FALSE,0.33690279287582
"MA1143.1",33,433,1.75531914893617,1.0825,1.62154193897106,0.00473318395675655,"FOSL1::JUND(var.2)",0.0174799763947544,"T3_PB_to_PC","closing","T3_PB_to_PC_closing",0.0174799763947544,TRUE,0.697367227321564
"MA0646.1",43,604,2.28723404255319,1.51,1.51472453149218,0.00489303596869321,"GCM1",0.017981304594311,"T3_PB_to_PC","closing","T3_PB_to_PC_closing",0.017981304594311,TRUE,0.59905640080829
"MA0040.1",55,819,2.92553191489362,2.0475,1.42883121606526,0.00545701374850953,"Foxq1",0.0199555502764123,"T3_PB_to_PC","closing","T3_PB_to_PC_closing",0.0199555502764123,FALSE,0.51483651457066
"MA1476.1",25,307,1.32978723404255,0.7675,1.73262180331277,0.00573723675385177,"DLX5",0.0208779444798704,"T3_PB_to_PC","closing","T3_PB_to_PC_closing",0.0208779444798704,TRUE,0.792957610054624
"MA0864.2",35,473,1.86170212765957,1.1825,1.57437812064235,0.00584916981045579,"E2F2",0.0211819450417477,"T3_PB_to_PC","closing","T3_PB_to_PC_closing",0.0211819450417477,TRUE,0.6547829929484
"MA0876.1",31,407,1.64893617021277,1.0175,1.6205760886612,0.00609181689923898,"BSX",0.0218485356097706,"T3_PB_to_PC","closing","T3_PB_to_PC_closing",0.0218485356097706,TRUE,0.69650764934072
"MA0898.1",31,407,1.64893617021277,1.0175,1.6205760886612,0.00609181689923898,"Hmx3",0.0218485356097706,"T3_PB_to_PC","closing","T3_PB_to_PC_closing",0.0218485356097706,TRUE,0.69650764934072
"MA0050.2",221,4006,11.7553191489362,10.015,1.17377125800661,0.00642769103907348,"IRF1",0.022942858924157,"T3_PB_to_PC","closing","T3_PB_to_PC_closing",0.022942858924157,FALSE,0.231152515673544
"MA1475.1",32,426,1.70212765957447,1.065,1.59824193387274,0.00657652854752485,"CREB3L4(var.2)",0.0232563314282343,"T3_PB_to_PC","closing","T3_PB_to_PC_closing",0.0232563314282343,TRUE,0.676486715434582
"MA0885.1",27,343,1.43617021276596,0.8575,1.67483406736555,0.00657786317876332,"Dlx2",0.0232563314282343,"T3_PB_to_PC","closing","T3_PB_to_PC_closing",0.0232563314282343,TRUE,0.744019030370655
"MA0465.2",57,864,3.03191489361702,2.16,1.40366430260047,0.00676469288930983,"CDX2",0.0238040608274771,"T3_PB_to_PC","closing","T3_PB_to_PC_closing",0.0238040608274771,FALSE,0.489198972791676
"MA1149.1",131,2253,6.96808510638298,5.6325,1.23712119065832,0.00703783418635781,"RARA::RXRG",0.0245341447685497,"T3_PB_to_PC","closing","T3_PB_to_PC_closing",0.0245341447685497,FALSE,0.30698800245715
"MA0625.1",72,1139,3.82978723404255,2.8475,1.34496478807465,0.00703794501403436,"NFATC3",0.0245341447685497,"T3_PB_to_PC","closing","T3_PB_to_PC_closing",0.0245341447685497,FALSE,0.427569475382051
"MA0718.1",29,378,1.54255319148936,0.945,1.63233141956546,0.00707153009624436,"RAX",0.0245365648920851,"T3_PB_to_PC","closing","T3_PB_to_PC_closing",0.0245365648920851,TRUE,0.706934887715509
"MA0662.1",30,395,1.59574468085106,0.9875,1.61594398060867,0.00715601190054517,"MIXL1",0.0247147448046606,"T3_PB_to_PC","closing","T3_PB_to_PC_closing",0.0247147448046606,TRUE,0.692378078316008
"MA1544.1",13,128,0.691489361702128,0.32,2.16090425531915,0.00735288685202615,"OVOL1",0.0252776663207904,"T3_PB_to_PC","closing","T3_PB_to_PC_closing",0.0252776663207904,TRUE,1.11163581876026
"MA1115.1",82,1327,4.36170212765957,3.3175,1.3147557280059,0.00742313631901522,"POU5F1",0.0254021086880062,"T3_PB_to_PC","closing","T3_PB_to_PC_closing",0.0254021086880062,FALSE,0.394795879542252
"MA0823.1",51,766,2.71276595744681,1.915,1.41658796733515,0.00846585290499314,"HEY1",0.0288380194845885,"T3_PB_to_PC","closing","T3_PB_to_PC_closing",0.0288380194845885,FALSE,0.502421211460175
"MA1491.1",108,1827,5.74468085106383,4.5675,1.25772979771512,0.00869537461712254,"GLI3",0.029485224838061,"T3_PB_to_PC","closing","T3_PB_to_PC_closing",0.029485224838061,FALSE,0.330823163582756
"MA1136.1",34,469,1.80851063829787,1.1725,1.54243977679989,0.00877629745794482,"FOSB::JUNB(var.2)",0.0295897283065839,"T3_PB_to_PC","closing","T3_PB_to_PC_closing",0.0295897283065839,TRUE,0.62521509705225
"MA0894.1",27,351,1.43617021276596,0.8775,1.6366612111293,0.00880552236469387,"HESX1",0.0295897283065839,"T3_PB_to_PC","closing","T3_PB_to_PC_closing",0.0295897283065839,TRUE,0.710756596329758
"MA0758.1",43,626,2.28723404255319,1.565,1.46149140099245,0.00891949713462666,"E2F7",0.0298383177687511,"T3_PB_to_PC","closing","T3_PB_to_PC_closing",0.0298383177687511,FALSE,0.54744232789251
"MA0618.1",26,336,1.38297872340426,0.84,1.64640324214792,0.00931422240924715,"LBX1",0.0310196871307963,"T3_PB_to_PC","closing","T3_PB_to_PC_closing",0.0310196871307963,TRUE,0.719318604617288
"MA0874.1",20,239,1.06382978723404,0.5975,1.78046826315321,0.00945239895666111,"Arx",0.0313399538740853,"T3_PB_to_PC","closing","T3_PB_to_PC_closing",0.0313399538740853,TRUE,0.832257530180505
"MA0799.1",51,772,2.71276595744681,1.93,1.40557821629368,0.00973550278630563,"RFX4",0.032135774684,"T3_PB_to_PC","closing","T3_PB_to_PC_closing",0.032135774684,FALSE,0.491164764094301
"MA0603.1",52,793,2.76595744680851,1.9825,1.39518660620858,0.0104205194701672,"Arntl",0.0342454075979943,"T3_PB_to_PC","closing","T3_PB_to_PC_closing",0.0342454075979943,FALSE,0.480459129472863
"MA0624.1",68,1087,3.61702127659574,2.7175,1.33101058936366,0.0107260726166477,"NFATC1",0.0350949568948211,"T3_PB_to_PC","closing","T3_PB_to_PC_closing",0.0350949568948211,FALSE,0.412523133116586
"MA1542.1",33,459,1.75531914893617,1.1475,1.52968989014045,0.0108885457182967,"OSR1",0.0352870339135964,"T3_PB_to_PC","closing","T3_PB_to_PC_closing",0.0352870339135964,TRUE,0.613240152057881
"MA0630.1",29,391,1.54255319148936,0.9775,1.57805953093541,0.0109739837372042,"SHOX",0.0352870339135964,"T3_PB_to_PC","closing","T3_PB_to_PC_closing",0.0352870339135964,TRUE,0.658152545025303
"MA0720.1",29,391,1.54255319148936,0.9775,1.57805953093541,0.0109739837372042,"Shox2",0.0352870339135964,"T3_PB_to_PC","closing","T3_PB_to_PC_closing",0.0352870339135964,TRUE,0.658152545025303
"MA1499.1",29,391,1.54255319148936,0.9775,1.57805953093541,0.0109739837372042,"HOXB4",0.0352870339135964,"T3_PB_to_PC","closing","T3_PB_to_PC_closing",0.0352870339135964,TRUE,0.658152545025303
"MA0896.1",31,426,1.64893617021277,1.065,1.54829687343922,0.011322991069994,"Hmx1",0.0362530100352598,"T3_PB_to_PC","closing","T3_PB_to_PC_closing",0.0362530100352598,TRUE,0.630683054940028
"MA0764.2",299,5634,15.9042553191489,14.085,1.12916260696833,0.0119269005154626,"ETV4",0.0380233666005774,"T3_PB_to_PC","closing","T3_PB_to_PC_closing",0.0380233666005774,FALSE,0.175254536475156
"MA0875.1",34,480,1.80851063829787,1.2,1.50709219858156,0.0121456012873343,"BARX1",0.0385558236610696,"T3_PB_to_PC","closing","T3_PB_to_PC_closing",0.0385558236610696,TRUE,0.591768635896545
"MA0469.3",11,108,0.585106382978723,0.27,2.16706067769898,0.0127840028786384,"E2F3",0.0404104497773908,"T3_PB_to_PC","closing","T3_PB_to_PC_closing",0.0404104497773908,TRUE,1.11574021519631
"MA0664.1",40,588,2.12765957446809,1.47,1.44738746562455,0.0131142334832881,"MLXIPL",0.0412794015971853,"T3_PB_to_PC","closing","T3_PB_to_PC_closing",0.0412794015971853,FALSE,0.533452179793107
"MA1464.1",50,768,2.65957446808511,1.92,1.38519503546099,0.0133632507156452,"ARNT2",0.0418864917389552,"T3_PB_to_PC","closing","T3_PB_to_PC_closing",0.0418864917389552,FALSE,0.470090163548046
"MA0734.2",110,1896,5.85106382978723,4.74,1.23440165185385,0.0135514601737632,"GLI2",0.0422918633811334,"T3_PB_to_PC","closing","T3_PB_to_PC_closing",0.0422918633811334,FALSE,0.303813066350745
"MA1139.1",34,484,1.80851063829787,1.21,1.49463689115527,0.0136059614094799,"FOSL2::JUNB(var.2)",0.0422918633811334,"T3_PB_to_PC","closing","T3_PB_to_PC_closing",0.0422918633811334,FALSE,0.579796002207718
"MA0601.1",37,538,1.96808510638298,1.345,1.46326030214348,0.0141620193420288,"Arid3b",0.0437942555088198,"T3_PB_to_PC","closing","T3_PB_to_PC_closing",0.0437942555088198,FALSE,0.549187422002028
"MA1546.1",23,298,1.22340425531915,0.745,1.6421533628445,0.0142067155940139,"PAX3(var.2)",0.0437942555088198,"T3_PB_to_PC","closing","T3_PB_to_PC_closing",0.0437942555088198,TRUE,0.715589747117587
"MA0703.2",26,349,1.38297872340426,0.8725,1.58507590074986,0.0146014121961833,"LMX1B",0.0448257345611223,"T3_PB_to_PC","closing","T3_PB_to_PC_closing",0.0448257345611223,TRUE,0.664552835089708
"MA0442.2",125,2193,6.64893617021277,5.4825,1.21275625539677,0.0148559954554823,"SOX10",0.0454203795483188,"T3_PB_to_PC","closing","T3_PB_to_PC_closing",0.0454203795483188,FALSE,0.278290810572617
"MA0865.1",56,883,2.97872340425532,2.2075,1.34936507554035,0.015021060511014,"E2F8",0.0455792627414792,"T3_PB_to_PC","closing","T3_PB_to_PC_closing",0.0455792627414792,FALSE,0.432281796559029
"MA0620.3",46,701,2.4468085106383,1.7525,1.39618174644125,0.0150523068851955,"MITF",0.0455792627414792,"T3_PB_to_PC","closing","T3_PB_to_PC_closing",0.0455792627414792,FALSE,0.481487788345111
"MA0893.2",26,350,1.38297872340426,0.875,1.58054711246201,0.0150912572347793,"GSX2",0.0455792627414792,"T3_PB_to_PC","closing","T3_PB_to_PC_closing",0.0455792627414792,TRUE,0.660424952074979
"MA1117.1",63,1013,3.35106382978723,2.5325,1.32322362479259,0.0152492007781738,"RELB",0.0458705797601517,"T3_PB_to_PC","closing","T3_PB_to_PC_closing",0.0458705797601517,FALSE,0.404057987970968
"MA0816.1",171,3105,9.09574468085106,7.7625,1.17175454825779,0.0165722066452948,"Ascl2",0.0496500648891162,"T3_PB_to_PC","closing","T3_PB_to_PC_closing",0.0496500648891162,FALSE,0.228671625988299
"MA1132.1",62,1001,3.29787234042553,2.5025,1.31783110506515,0.0172361974090188,"JUN::JUNB",0.0514328130685122,"T3_PB_to_PC","closing","T3_PB_to_PC_closing",0.0514328130685122,FALSE,0.39816657928449
"MA0713.1",31,441,1.64893617021277,1.1025,1.4956337144787,0.0176519769258612,"PHOX2A",0.0524636445684959,"T3_PB_to_PC","closing","T3_PB_to_PC_closing",0.0524636445684959,FALSE,0.580757862418001
"MA0834.1",36,532,1.91489361702128,1.33,1.4397696368581,0.0191551805682407,"ATF7",0.0567054154916968,"T3_PB_to_PC","closing","T3_PB_to_PC_closing",0.0567054154916968,FALSE,0.52583900095708
"MA0639.1",15,176,0.797872340425532,0.44,1.81334622823985,0.0193600393646235,"DBP",0.0570853334624866,"T3_PB_to_PC","closing","T3_PB_to_PC_closing",0.0570853334624866,FALSE,0.858655205553677
"MA0724.1",22,291,1.17021276595745,0.7275,1.60853988447759,0.0200192007253327,"VENTX",0.0587965501618039,"T3_PB_to_PC","closing","T3_PB_to_PC_closing",0.0587965501618039,FALSE,0.68575260561046
"MA0138.2",172,3147,9.14893617021277,7.8675,1.1628771744789,0.0208688615299255,"REST",0.0610516498091153,"T3_PB_to_PC","closing","T3_PB_to_PC_closing",0.0610516498091153,FALSE,0.21769996501306
"MA1508.1",227,4251,12.0744680851064,10.6275,1.13615319549343,0.0217047768320836,"IKZF1",0.0632490762372436,"T3_PB_to_PC","closing","T3_PB_to_PC_closing",0.0632490762372436,FALSE,0.18415864644242
"MA0798.2",79,1335,4.20212765957447,3.3375,1.25906446728823,0.0217997781574479,"RFX3",0.063278733484265,"T3_PB_to_PC","closing","T3_PB_to_PC_closing",0.063278733484265,FALSE,0.332353300433021
"MA1141.1",89,1529,4.73404255319149,3.8225,1.23846763981465,0.0227212613810087,"FOS::JUND",0.0656979108148547,"T3_PB_to_PC","closing","T3_PB_to_PC_closing",0.0656979108148547,FALSE,0.308557337492873
"MA0908.1",19,245,1.01063829787234,0.6125,1.65002171081198,0.0231046686103252,"HOXD11",0.0665485821749134,"T3_PB_to_PC","closing","T3_PB_to_PC_closing",0.0665485821749134,FALSE,0.722485881774326
"MA0030.1",47,741,2.5,1.8525,1.34952766531714,0.0241019395986962,"FOXF2",0.0691540266947206,"T3_PB_to_PC","closing","T3_PB_to_PC_closing",0.0691540266947206,FALSE,0.432455621392882
"MA0597.1",113,2000,6.01063829787234,5,1.20212765957447,0.0247154726998575,"THAP1",0.0706426920846503,"T3_PB_to_PC","closing","T3_PB_to_PC_closing",0.0706426920846503,FALSE,0.26559131085505
"MA0656.1",40,615,2.12765957446809,1.5375,1.3838436256703,0.0250196329719094,"JDP2(var.2)",0.0712391076223069,"T3_PB_to_PC","closing","T3_PB_to_PC_closing",0.0712391076223069,FALSE,0.468681970172337
"MA1651.1",93,1614,4.9468085106383,4.035,1.22597484774183,0.0254053013196871,"ZFP42",0.0720621854923444,"T3_PB_to_PC","closing","T3_PB_to_PC_closing",0.0720621854923444,FALSE,0.293930557587988
"MA0913.2",43,671,2.28723404255319,1.6775,1.36347781970384,0.0258012090536506,"HOXD9",0.0727034301241963,"T3_PB_to_PC","closing","T3_PB_to_PC_closing",0.0727034301241963,FALSE,0.44729228958536
"MA0608.1",54,874,2.87234042553191,2.185,1.31457227713131,0.0258319128185564,"Creb3l2",0.0727034301241963,"T3_PB_to_PC","closing","T3_PB_to_PC_closing",0.0727034301241963,FALSE,0.394594563110363
"MA0051.1",72,1213,3.82978723404255,3.0325,1.26291417445756,0.0259237431810137,"IRF2",0.0727034301241963,"T3_PB_to_PC","closing","T3_PB_to_PC_closing",0.0727034301241963,FALSE,0.336757741659785
"MA0702.2",25,351,1.32978723404255,0.8775,1.51542704734194,0.0266253983017161,"LMX1A",0.0743915622961806,"T3_PB_to_PC","closing","T3_PB_to_PC_closing",0.0743915622961806,FALSE,0.599725354459903
"MA0892.1",37,564,1.96808510638298,1.41,1.39580503998793,0.0269520316382431,"GSX1",0.0750231925452587,"T3_PB_to_PC","closing","T3_PB_to_PC_closing",0.0750231925452587,FALSE,0.481098479807753
"MA1127.1",41,637,2.18085106382979,1.5925,1.36945121747553,0.0272216308734128,"FOSB::JUN",0.0754919577381633,"T3_PB_to_PC","closing","T3_PB_to_PC_closing",0.0754919577381633,FALSE,0.453598928829917
"MA1140.2",32,475,1.70212765957447,1.1875,1.43337066069429,0.0273801462193596,"JUNB(var.2)",0.0756098134166876,"T3_PB_to_PC","closing","T3_PB_to_PC_closing",0.0756098134166876,FALSE,0.519412736271
"MA1145.1",43,674,2.28723404255319,1.685,1.35740892733127,0.0274933829115017,"FOSL2::JUND(var.2)",0.0756098134166876,"T3_PB_to_PC","closing","T3_PB_to_PC_closing",0.0756098134166876,FALSE,0.440856469334379
"MA0707.1",34,511,1.80851063829787,1.2775,1.41566390473415,0.0275681893422775,"MNX1",0.0756098134166876,"T3_PB_to_PC","closing","T3_PB_to_PC_closing",0.0756098134166876,FALSE,0.501479812391125
"MA0725.1",23,318,1.22340425531915,0.795,1.538873277131,0.0278495985583179,"VSX1",0.0761018334230957,"T3_PB_to_PC","closing","T3_PB_to_PC_closing",0.0761018334230957,FALSE,0.621875371257675
"MA0519.1",135,2444,7.18085106382979,6.11,1.17526203990668,0.0284955606076298,"Stat5a::Stat5b",0.0773678481193525,"T3_PB_to_PC","closing","T3_PB_to_PC_closing",0.0773678481193525,FALSE,0.232983687767836
"MA1561.1",24,336,1.27659574468085,0.84,1.51975683890577,0.0285203193469463,"SOX12",0.0773678481193525,"T3_PB_to_PC","closing","T3_PB_to_PC_closing",0.0773678481193525,FALSE,0.60384146021987
"MA0851.1",68,1145,3.61702127659574,2.8625,1.26358821889808,0.0294079111817589,"Foxj3",0.0794866005130149,"T3_PB_to_PC","closing","T3_PB_to_PC_closing",0.0794866005130149,FALSE,0.337527532994643
"MA0147.3",68,1146,3.61702127659574,2.865,1.26248561137722,0.0298760619648781,"MYC",0.0804604412483721,"T3_PB_to_PC","closing","T3_PB_to_PC_closing",0.0804604412483721,FALSE,0.336268088219201
"MA0845.1",56,920,2.97872340425532,2.3,1.29509713228492,0.0301957347625491,"FOXB1",0.0810288422045382,"T3_PB_to_PC","closing","T3_PB_to_PC_closing",0.0810288422045382,FALSE,0.37306141806392
"MA0046.2",35,533,1.86170212765957,1.3325,1.39714981437867,0.0303388391849567,"HNF1A",0.0811210538780562,"T3_PB_to_PC","closing","T3_PB_to_PC_closing",0.0811210538780562,FALSE,0.482487759768541
"MA0705.1",23,321,1.22340425531915,0.8025,1.52449128388679,0.0305517536812127,"Lhx8",0.0813986008792311,"T3_PB_to_PC","closing","T3_PB_to_PC_closing",0.0813986008792311,FALSE,0.60832884826407
"MA0158.2",24,340,1.27659574468085,0.85,1.50187734668335,0.0321235549242831,"HOXA5",0.0852817507954278,"T3_PB_to_PC","closing","T3_PB_to_PC_closing",0.0852817507954278,FALSE,0.586767958162032
"MA0647.1",23,324,1.22340425531915,0.81,1.5103756238508,0.0334474952053658,"GRHL1",0.0884816717134855,"T3_PB_to_PC","closing","T3_PB_to_PC_closing",0.0884816717134855,FALSE,0.59490834134609
"MA1505.1",17,223,0.904255319148936,0.5575,1.62198263524473,0.0349415481360599,"HOXC8",0.0918387539493599,"T3_PB_to_PC","closing","T3_PB_to_PC_closing",0.0918387539493599,FALSE,0.697759263778135
"MA0521.1",220,4166,11.7021276595745,10.415,1.12358402876375,0.0349627427903729,"Tcf12",0.0918387539493599,"T3_PB_to_PC","closing","T3_PB_to_PC_closing",0.0918387539493599,FALSE,0.168109306479593
"MA1592.1",80,1388,4.25531914893617,3.47,1.22631675761849,0.0357453591298463,"ZNF274",0.0935650453012818,"T3_PB_to_PC","closing","T3_PB_to_PC_closing",0.0935650453012818,FALSE,0.294332851738742
"MA0032.2",66,1121,3.51063829787234,2.8025,1.25268092698389,0.0366226390104816,"FOXC1",0.0955261842720954,"T3_PB_to_PC","closing","T3_PB_to_PC_closing",0.0955261842720954,FALSE,0.32502014122298
"MA0518.1",131,2389,6.96808510638298,5.9725,1.1666948692144,0.0368837678564868,"Stat4",0.0958720934527496,"T3_PB_to_PC","closing","T3_PB_to_PC_closing",0.0958720934527496,FALSE,0.222428532630895
"MA0622.1",58,971,3.08510638297872,2.4275,1.27089861296755,0.0378583603323943,"Mlxip",0.0980636694721048,"T3_PB_to_PC","closing","T3_PB_to_PC_closing",0.0980636694721048,FALSE,0.345850077869513
"MA0877.2",13,160,0.691489361702128,0.4,1.72872340425532,0.0391550162918143,"BARHL1",0.101071426137348,"T3_PB_to_PC","closing","T3_PB_to_PC_closing",0.101071426137348,FALSE,0.789707890781531
"MA1657.1",53,882,2.81914893617021,2.205,1.27852559463502,0.0415277892354167,"ZNF652",0.106826657826279,"T3_PB_to_PC","closing","T3_PB_to_PC_closing",0.106826657826279,FALSE,0.354482170394974
"MA0655.1",70,1207,3.72340425531915,3.0175,1.23393678718116,0.0421017178345009,"JDP2",0.107930864276762,"T3_PB_to_PC","closing","T3_PB_to_PC_closing",0.107930864276762,FALSE,0.303269658354592
"MA0837.1",22,315,1.17021276595745,0.7875,1.48598446470787,0.0428171198100112,"CEBPE",0.109388943076262,"T3_PB_to_PC","closing","T3_PB_to_PC_closing",0.109388943076262,FALSE,0.571420004102327
"MA1131.1",49,809,2.6063829787234,2.0225,1.28869368540094,0.0432620212928277,"FOSL2::JUN(var.2)",0.110109900227683,"T3_PB_to_PC","closing","T3_PB_to_PC_closing",0.110109900227683,FALSE,0.365910504171155
"MA0466.2",21,298,1.11702127659574,0.745,1.49935741824932,0.0433945183202934,"CEBPB",0.110109900227683,"T3_PB_to_PC","closing","T3_PB_to_PC_closing",0.110109900227683,FALSE,0.58434529750962
"MA1503.1",17,230,0.904255319148936,0.575,1.57261794634598,0.0446384938588154,"HOXB9",0.112882428537886,"T3_PB_to_PC","closing","T3_PB_to_PC_closing",0.112882428537886,FALSE,0.653169140674439
"MA0043.3",33,514,1.75531914893617,1.285,1.36600711979469,0.0449238249536411,"HLF",0.113220180457487,"T3_PB_to_PC","closing","T3_PB_to_PC_closing",0.113220180457487,FALSE,0.449966059288844
"MA1521.1",64,1097,3.40425531914894,2.7425,1.24129637890572,0.0454213854291508,"MAFA",0.114088732424736,"T3_PB_to_PC","closing","T3_PB_to_PC_closing",0.114088732424736,FALSE,0.311848784829439
"MA1519.1",18,248,0.957446808510638,0.62,1.5442690459849,0.0460039967473572,"LHX5",0.115164367696404,"T3_PB_to_PC","closing","T3_PB_to_PC_closing",0.115164367696404,FALSE,0.626925058264773
"MA0675.1",33,517,1.75531914893617,1.2925,1.35808057944771,0.047966208381579,"NKX6-2",0.119674887801532,"T3_PB_to_PC","closing","T3_PB_to_PC_closing",0.119674887801532,FALSE,0.441570144332026
"MA1129.1",25,374,1.32978723404255,0.935,1.42223233587439,0.0502105838686023,"FOSL1::JUN(var.2)",0.124856985219924,"T3_PB_to_PC","closing","T3_PB_to_PC_closing",0.124856985219924,FALSE,0.508158177258918
"MA1133.1",40,649,2.12765957446809,1.6225,1.31134642494181,0.0505603984879495,"JUN::JUNB(var.2)",0.1251817901003,"T3_PB_to_PC","closing","T3_PB_to_PC_closing",0.1251817901003,FALSE,0.391049960035425
"MA0145.3",20,286,1.06382978723404,0.715,1.48787382829936,0.0509499298477251,"TFCP2",0.1251817901003,"T3_PB_to_PC","closing","T3_PB_to_PC_closing",0.1251817901003,FALSE,0.573253160728434
"MA0906.1",17,234,0.904255319148936,0.585,1.54573558828878,0.0509716541282011,"HOXC12",0.1251817901003,"T3_PB_to_PC","closing","T3_PB_to_PC_closing",0.1251817901003,FALSE,0.62829448798991
"MA0508.3",167,3142,8.88297872340426,7.855,1.13086934734618,0.0510124184859133,"PRDM1",0.1251817901003,"T3_PB_to_PC","closing","T3_PB_to_PC_closing",0.1251817901003,FALSE,0.177433535903547
"MA0897.1",28,429,1.48936170212766,1.0725,1.38868223974607,0.0514242946967754,"Hmx2",0.125380189543652,"T3_PB_to_PC","closing","T3_PB_to_PC_closing",0.125380189543652,FALSE,0.473717556437138
"MA0847.2",66,1144,3.51063829787234,2.86,1.22749590834697,0.0514294075071815,"FOXD2",0.125380189543652,"T3_PB_to_PC","closing","T3_PB_to_PC_closing",0.125380189543652,FALSE,0.295719390879595
"MA0621.1",23,340,1.22340425531915,0.85,1.43929912390488,0.0524603119605802,"mix-a",0.12747684925926,"T3_PB_to_PC","closing","T3_PB_to_PC_closing",0.12747684925926,FALSE,0.525367455262836
"MA1535.1",70,1224,3.72340425531915,3.06,1.21679877624809,0.0534060818288925,"NR2C1",0.12926349968453,"T3_PB_to_PC","closing","T3_PB_to_PC_closing",0.12926349968453,FALSE,0.283091792884281
"MA0756.1",22,323,1.17021276595745,0.8075,1.44917989592253,0.0535421198425198,"ONECUT2",0.12926349968453,"T3_PB_to_PC","closing","T3_PB_to_PC_closing",0.12926349968453,FALSE,0.535237692452634
"MA0609.2",38,615,2.02127659574468,1.5375,1.31465144438678,0.0538202010019778,"CREM",0.129515709507985,"T3_PB_to_PC","closing","T3_PB_to_PC_closing",0.129515709507985,FALSE,0.394681443598388
"MA1130.1",78,1381,4.14893617021277,3.4525,1.20171938311738,0.054530809491935,"FOSL2::JUN",0.130524588396049,"T3_PB_to_PC","closing","T3_PB_to_PC_closing",0.130524588396049,FALSE,0.265101248113878
"MA0901.2",71,1245,3.77659574468085,3.1125,1.21336409467658,0.0545893720905727,"HOXB13",0.130524588396049,"T3_PB_to_PC","closing","T3_PB_to_PC_closing",0.130524588396049,FALSE,0.279013714537428
"MA0600.2",38,616,2.02127659574468,1.54,1.31251726996408,0.0548659952492414,"RFX2",0.13076687685602,"T3_PB_to_PC","closing","T3_PB_to_PC_closing",0.13076687685602,FALSE,0.392337504914474
"MA1575.1",66,1150,3.51063829787234,2.875,1.22109158186864,0.0559476680605933,"THRB(var.2)",0.132920255965613,"T3_PB_to_PC","closing","T3_PB_to_PC_closing",0.132920255965613,FALSE,0.288172587990484
"MA0794.1",33,525,1.75531914893617,1.3125,1.33738601823708,0.0568192226756862,"PROX1",0.1345623495748,"T3_PB_to_PC","closing","T3_PB_to_PC_closing",0.1345623495748,FALSE,0.419417018531443
"MA1545.1",11,137,0.585106382978723,0.3425,1.70833980431744,0.0585765441009926,"OVOL2",0.138252588018724,"T3_PB_to_PC","closing","T3_PB_to_PC_closing",0.138252588018724,FALSE,0.772595813162188
"MA0489.1",94,1701,5,4.2525,1.17577895355673,0.0588549638271738,"JUN(var.2)",0.138252588018724,"T3_PB_to_PC","closing","T3_PB_to_PC_closing",0.138252588018724,FALSE,0.233618086010312
"MA0031.1",41,676,2.18085106382979,1.69,1.29044441646733,0.0589334088337187,"FOXD1",0.138252588018724,"T3_PB_to_PC","closing","T3_PB_to_PC_closing",0.138252588018724,FALSE,0.36786911930301
"MA0840.1",33,528,1.75531914893617,1.32,1.32978723404255,0.0604261767005463,"Creb5",0.141310118553629,"T3_PB_to_PC","closing","T3_PB_to_PC_closing",0.141310118553629,FALSE,0.411196517890712
"MA0125.1",25,382,1.32978723404255,0.955,1.39244736548958,0.0611879302805219,"Nobox",0.141851236020303,"T3_PB_to_PC","closing","T3_PB_to_PC_closing",0.141851236020303,FALSE,0.477623830808924
"MA0828.1",35,566,1.86170212765957,1.415,1.31569054958274,0.061478685553172,"SREBF2(var.2)",0.141851236020303,"T3_PB_to_PC","closing","T3_PB_to_PC_closing",0.141851236020303,FALSE,0.395821303627788
"MA0104.4",47,792,2.5,1.98,1.26262626262626,0.0616026563014255,"MYCN",0.141851236020303,"T3_PB_to_PC","closing","T3_PB_to_PC_closing",0.141851236020303,FALSE,0.336428807196497
"MA0042.2",41,679,2.18085106382979,1.6975,1.28474289474509,0.0621787589525991,"FOXI1",0.141851236020303,"T3_PB_to_PC","closing","T3_PB_to_PC_closing",0.141851236020303,FALSE,0.361480796301922
"MA0033.2",41,679,2.18085106382979,1.6975,1.28474289474509,0.0621787589525991,"FOXL1",0.141851236020303,"T3_PB_to_PC","closing","T3_PB_to_PC_closing",0.141851236020303,FALSE,0.361480796301922
"MA0848.1",41,679,2.18085106382979,1.6975,1.28474289474509,0.0621787589525991,"FOXO4",0.141851236020303,"T3_PB_to_PC","closing","T3_PB_to_PC_closing",0.141851236020303,FALSE,0.361480796301922
"MA0849.1",41,679,2.18085106382979,1.6975,1.28474289474509,0.0621787589525991,"FOXO6",0.141851236020303,"T3_PB_to_PC","closing","T3_PB_to_PC_closing",0.141851236020303,FALSE,0.361480796301922
"MA0850.1",41,679,2.18085106382979,1.6975,1.28474289474509,0.0621787589525991,"FOXP3",0.141851236020303,"T3_PB_to_PC","closing","T3_PB_to_PC_closing",0.141851236020303,FALSE,0.361480796301922
"MA1489.1",68,1200,3.61702127659574,3,1.20567375886525,0.0650988615860757,"FOXN3",0.148060215680526,"T3_PB_to_PC","closing","T3_PB_to_PC_closing",0.148060215680526,FALSE,0.269840780326652
"MA0058.3",57,988,3.03191489361702,2.47,1.22749590834697,0.0660474447808471,"MAX",0.149761075399732,"T3_PB_to_PC","closing","T3_PB_to_PC_closing",0.149761075399732,FALSE,0.295719390879595
"MA0003.4",194,3721,10.3191489361702,9.3025,1.10928771149371,0.0665799340050933,"TFAP2A",0.150511002326665,"T3_PB_to_PC","closing","T3_PB_to_PC_closing",0.150511002326665,FALSE,0.149634900605051
"MA0886.1",19,278,1.01063829787234,0.695,1.45415582427675,0.0670013894100657,"EMX2",0.150848006296282,"T3_PB_to_PC","closing","T3_PB_to_PC_closing",0.150848006296282,FALSE,0.540182865822787
"MA0509.2",75,1339,3.98936170212766,3.3475,1.19174360033687,0.0671334290755573,"RFX1",0.150848006296282,"T3_PB_to_PC","closing","T3_PB_to_PC_closing",0.150848006296282,FALSE,0.253075088730539
"MA0757.1",32,515,1.70212765957447,1.2875,1.32204090064036,0.0675888162493021,"ONECUT3",0.15141518595189,"T3_PB_to_PC","closing","T3_PB_to_PC_closing",0.15141518595189,FALSE,0.402767902177002
"MA1142.1",74,1321,3.93617021276596,3.3025,1.19187591605328,0.0684455383097489,"FOSL1::JUND",0.1528753640092,"T3_PB_to_PC","closing","T3_PB_to_PC_closing",0.1528753640092,FALSE,0.253235257806699
"MA1578.1",52,897,2.76595744680851,2.2425,1.23342584027135,0.0713496068155432,"VEZF1",0.158549283373408,"T3_PB_to_PC","closing","T3_PB_to_PC_closing",0.158549283373408,FALSE,0.302672145870811
"MA0650.2",45,763,2.3936170212766,1.9075,1.25484509634422,0.0714109372834652,"HOXA13",0.158549283373408,"T3_PB_to_PC","closing","T3_PB_to_PC_closing",0.158549283373408,FALSE,0.327510432178844
"MA0153.2",26,408,1.38297872340426,1.02,1.35586149353358,0.0732259805344224,"HNF1B",0.162096680945635,"T3_PB_to_PC","closing","T3_PB_to_PC_closing",0.162096680945635,FALSE,0.439210873196735
"MA1118.1",56,978,2.97872340425532,2.445,1.21829178088152,0.0754153340273287,"SIX1",0.166449228356175,"T3_PB_to_PC","closing","T3_PB_to_PC_closing",0.166449228356175,FALSE,0.284860884284339
"MA1629.1",233,4536,12.3936170212766,11.34,1.09291155390446,0.0763853212789354,"Zic2",0.167730638478513,"T3_PB_to_PC","closing","T3_PB_to_PC_closing",0.167730638478513,FALSE,0.128177972743284
"MA0878.2",40,672,2.12765957446809,1.68,1.26646403242148,0.0764455993065608,"CDX1",0.167730638478513,"T3_PB_to_PC","closing","T3_PB_to_PC_closing",0.167730638478513,FALSE,0.340807244244606
"MA1466.1",35,578,1.86170212765957,1.445,1.28837517485092,0.0771343606964508,"ATF6",0.168745551552939,"T3_PB_to_PC","closing","T3_PB_to_PC_closing",0.168745551552939,FALSE,0.365553887206974
"MA1501.1",23,356,1.22340425531915,0.89,1.3746115228305,0.0781798191868006,"HOXB7",0.17053258805074,"T3_PB_to_PC","closing","T3_PB_to_PC_closing",0.17053258805074,FALSE,0.459025007603962
"MA0594.2",8,95,0.425531914893617,0.2375,1.79171332586786,0.078554765618319,"HOXA9",0.170850889653837,"T3_PB_to_PC","closing","T3_PB_to_PC_closing",0.170850889653837,FALSE,0.841340629857447
"MA0157.2",48,829,2.5531914893617,2.0725,1.23193799245438,0.0815452408760687,"FOXO3",0.176839388644033,"T3_PB_to_PC","closing","T3_PB_to_PC_closing",0.176839388644033,FALSE,0.300930813287023
"MA1128.1",82,1494,4.36170212765957,3.735,1.16779173431314,0.0822119105907399,"FOSL1::JUN",0.177768363190412,"T3_PB_to_PC","closing","T3_PB_to_PC_closing",0.177768363190412,FALSE,0.223784240217162
"MA1602.1",34,563,1.80851063829787,1.4075,1.28490986735195,0.0827197549865963,"ZSCAN29",0.178349529537575,"T3_PB_to_PC","closing","T3_PB_to_PC_closing",0.178349529537575,FALSE,0.361668284952754
"MA1525.1",63,1124,3.35106382978723,2.81,1.19254940561823,0.0859319381974064,"NFATC4",0.184741285000764,"T3_PB_to_PC","closing","T3_PB_to_PC_closing",0.184741285000764,FALSE,0.254050246019974
"MA0879.1",27,436,1.43617021276596,1.09,1.31758735116143,0.0896319434674873,"Dlx1",0.192142039732027,"T3_PB_to_PC","closing","T3_PB_to_PC_closing",0.192142039732027,FALSE,0.397899705322679
"MA1655.1",107,2001,5.69148936170213,5.0025,1.13772900783651,0.0903596818847704,"ZNF341",0.193147056406988,"T3_PB_to_PC","closing","T3_PB_to_PC_closing",0.193147056406988,FALSE,0.18615823552734
"MA0704.1",17,255,0.904255319148936,0.6375,1.41843971631206,0.0945710586839963,"Lhx4",0.201571456509318,"T3_PB_to_PC","closing","T3_PB_to_PC_closing",0.201571456509318,FALSE,0.504305854475576
"MA0884.1",37,628,1.96808510638298,1.57,1.25355739260062,0.0951967724680979,"DUXA",0.202327043479205,"T3_PB_to_PC","closing","T3_PB_to_PC_closing",0.202327043479205,FALSE,0.326029200602039
"MA1135.1",69,1251,3.67021276595745,3.1275,1.17352926169703,0.0960357471326436,"FOSB::JUNB",0.202807652086307,"T3_PB_to_PC","closing","T3_PB_to_PC_closing",0.202807652086307,FALSE,0.230855044960628
"MA1500.1",20,310,1.06382978723404,0.775,1.37268359643102,0.0960935176161885,"HOXB6",0.202807652086307,"T3_PB_to_PC","closing","T3_PB_to_PC_closing",0.202807652086307,FALSE,0.457000173600529
"MA1606.1",56,996,2.97872340425532,2.49,1.19627445954029,0.0962384836977917,"Foxf1",0.202807652086307,"T3_PB_to_PC","closing","T3_PB_to_PC_closing",0.202807652086307,FALSE,0.258549628963473
"MA0100.3",60,1075,3.19148936170213,2.6875,1.18753092528451,0.0971479803034361,"MYB",0.204147586778488,"T3_PB_to_PC","closing","T3_PB_to_PC_closing",0.204147586778488,FALSE,0.247966298985083
"MA1144.1",68,1236,3.61702127659574,3.09,1.17055704744199,0.101449218819418,"FOSL2::JUND",0.212587407975522,"T3_PB_to_PC","closing","T3_PB_to_PC_closing",0.212587407975522,FALSE,0.227196478815775
"MA1137.1",75,1376,3.98936170212766,3.44,1.15969816922316,0.10313183319567,"FOSL1::JUNB",0.215507976369664,"T3_PB_to_PC","closing","T3_PB_to_PC_closing",0.215507976369664,FALSE,0.213750612804012
"MA1541.1",105,1976,5.58510638297872,4.94,1.13058833663537,0.103915759106956,"NR6A1",0.216539542720082,"T3_PB_to_PC","closing","T3_PB_to_PC_closing",0.216539542720082,FALSE,0.177074995122224
"MA1625.1",140,2685,7.4468085106383,6.7125,1.10939419152898,0.105725457495488,"Stat5b",0.219696911675862,"T3_PB_to_PC","closing","T3_PB_to_PC_closing",0.219696911675862,FALSE,0.14977337749106
"MA0867.2",101,1902,5.37234042553191,4.755,1.12982974248831,0.110130000377688,"SOX4",0.228201341294688,"T3_PB_to_PC","closing","T3_PB_to_PC_closing",0.228201341294688,FALSE,0.176106661788784
"MA0035.4",40,695,2.12765957446809,1.7375,1.22455227307516,0.110429871591665,"GATA1",0.228201341294688,"T3_PB_to_PC","closing","T3_PB_to_PC_closing",0.228201341294688,FALSE,0.292255538401299
"MA0680.1",15,225,0.797872340425532,0.5625,1.41843971631206,0.110941235082752,"PAX7",0.228608446810762,"T3_PB_to_PC","closing","T3_PB_to_PC_closing",0.228608446810762,FALSE,0.504305854475576
"MA0614.1",50,890,2.65957446808511,2.225,1.1953143676787,0.11150941454588,"Foxj2",0.228608446810762,"T3_PB_to_PC","closing","T3_PB_to_PC_closing",0.228608446810762,FALSE,0.25739130386358
"MA0903.1",29,485,1.54255319148936,1.2125,1.27220881772318,0.111546212652972,"HOXB3",0.228608446810762,"T3_PB_to_PC","closing","T3_PB_to_PC_closing",0.228608446810762,FALSE,0.347336625045136
"MA0711.1",21,337,1.11702127659574,0.8425,1.32584127785845,0.116678804907385,"OTX1",0.238472297153176,"T3_PB_to_PC","closing","T3_PB_to_PC_closing",0.238472297153176,FALSE,0.406909162716501
"MA0099.3",67,1229,3.56382978723404,3.0725,1.15991205442931,0.117241529848694,"FOS::JUN",0.238967708380125,"T3_PB_to_PC","closing","T3_PB_to_PC_closing",0.238967708380125,FALSE,0.214016666865945
"MA0510.2",41,719,2.18085106382979,1.7975,1.21326902021129,0.118272667915317,"RFX5",0.240348639673048,"T3_PB_to_PC","closing","T3_PB_to_PC_closing",0.240348639673048,FALSE,0.278900666260148
"MA0846.1",78,1449,4.14893617021277,3.6225,1.14532399453769,0.118642832158969,"FOXC2",0.240348639673048,"T3_PB_to_PC","closing","T3_PB_to_PC_closing",0.240348639673048,FALSE,0.195757031928454
"MA0852.2",64,1171,3.40425531914894,2.9275,1.16285407998256,0.119176690858471,"FOXK1",0.240348639673048,"T3_PB_to_PC","closing","T3_PB_to_PC_closing",0.240348639673048,FALSE,0.21767131313281
"MA1116.1",179,3497,9.52127659574468,8.7425,1.08907939327935,0.119207770347222,"RBPJ",0.240348639673048,"T3_PB_to_PC","closing","T3_PB_to_PC_closing",0.240348639673048,FALSE,0.12311045424264
"MA1607.1",61,1113,3.24468085106383,2.7825,1.16610273173902,0.121075436525586,"Foxl2",0.243456268593227,"T3_PB_to_PC","closing","T3_PB_to_PC_closing",0.243456268593227,FALSE,0.221696130398621
"MA1473.1",40,702,2.12765957446809,1.755,1.21234163787355,0.122468194835287,"CDX4",0.245594820825602,"T3_PB_to_PC","closing","T3_PB_to_PC_closing",0.245594820825602,FALSE,0.277797497573765
"MA0681.2",52,938,2.76595744680851,2.345,1.17951277049403,0.124830452511226,"PHOX2B",0.249660905022453,"T3_PB_to_PC","closing","T3_PB_to_PC_closing",0.249660905022453,FALSE,0.2381922617376
"MA0780.1",13,194,0.691489361702128,0.485,1.4257512612415,0.127170565689367,"PAX3",0.253661074877722,"T3_PB_to_PC","closing","T3_PB_to_PC_closing",0.253661074877722,FALSE,0.511723320822165
"MA1589.1",107,2041,5.69148936170213,5.1025,1.11543152605627,0.128924314110847,"ZNF140",0.255791325336947,"T3_PB_to_PC","closing","T3_PB_to_PC_closing",0.255791325336947,FALSE,0.157603245748626
"MA1619.1",107,2041,5.69148936170213,5.1025,1.11543152605627,0.128924314110847,"Ptf1a(var.2)",0.255791325336947,"T3_PB_to_PC","closing","T3_PB_to_PC_closing",0.255791325336947,FALSE,0.157603245748626
"MA1138.1",71,1319,3.77659574468085,3.2975,1.1452905973255,0.131069595869024,"FOSL2::JUNB",0.259357874053824,"T3_PB_to_PC","closing","T3_PB_to_PC_closing",0.259357874053824,FALSE,0.195714962913004
"MA0481.3",57,1043,3.03191489361702,2.6075,1.16276697741784,0.13459632992917,"FOXP1",0.265631910389313,"T3_PB_to_PC","closing","T3_PB_to_PC_closing",0.265631910389313,FALSE,0.217563245371938
"MA0835.2",104,1986,5.53191489361702,4.965,1.11418225450494,0.135224220038902,"BATF3",0.266166934430134,"T3_PB_to_PC","closing","T3_PB_to_PC_closing",0.266166934430134,FALSE,0.15598653844313
"MA0124.2",43,768,2.28723404255319,1.92,1.19126773049645,0.135994649694056,"Nkx3-1",0.266978970188857,"T3_PB_to_PC","closing","T3_PB_to_PC_closing",0.266978970188857,FALSE,0.252498898023492
"MA0593.1",93,1772,4.9468085106383,4.43,1.1166610633495,0.145312829679852,"FOXP2",0.284129488659851,"T3_PB_to_PC","closing","T3_PB_to_PC_closing",0.284129488659851,FALSE,0.159192647509075
"MA0873.1",13,199,0.691489361702128,0.4975,1.38992836523041,0.145646881003184,"HOXD12",0.284129488659851,"T3_PB_to_PC","closing","T3_PB_to_PC_closing",0.284129488659851,FALSE,0.475011568545113
"MA0907.1",25,424,1.32978723404255,1.06,1.25451625853071,0.146173092723752,"HOXC13",0.284129488659851,"T3_PB_to_PC","closing","T3_PB_to_PC_closing",0.284129488659851,FALSE,0.327132318196588
"MA0663.1",37,656,1.96808510638298,1.64,1.20005189413596,0.146254321240459,"MLX",0.284129488659851,"T3_PB_to_PC","closing","T3_PB_to_PC_closing",0.284129488659851,FALSE,0.263097996188693
"MA0148.4",57,1051,3.03191489361702,2.6275,1.15391622973055,0.147364396972148,"FOXA1",0.285542441925252,"T3_PB_to_PC","closing","T3_PB_to_PC_closing",0.285542441925252,FALSE,0.206539743446242
"MA1113.2",40,716,2.12765957446809,1.79,1.18863663378105,0.148944911174922,"PBX2",0.287857263566041,"T3_PB_to_PC","closing","T3_PB_to_PC_closing",0.287857263566041,FALSE,0.249308964346383
"MA0476.1",91,1735,4.84042553191489,4.3375,1.11594824943283,0.14968319965478,"FOS",0.288536607086476,"T3_PB_to_PC","closing","T3_PB_to_PC_closing",0.288536607086476,FALSE,0.158271418514384
"MA1480.1",32,561,1.70212765957447,1.4025,1.21363825994614,0.151313812395486,"DPRX",0.290928103214001,"T3_PB_to_PC","closing","T3_PB_to_PC_closing",0.290928103214001,FALSE,0.279339661110796
"MA0715.1",31,543,1.64893617021277,1.3575,1.21468594490811,0.154594679039551,"PROP1",0.29647205800387,"T3_PB_to_PC","closing","T3_PB_to_PC_closing",0.29647205800387,FALSE,0.280584543276801
"MA0843.1",11,165,0.585106382978723,0.4125,1.41843971631206,0.15505038432784,"TEF",0.296583555662997,"T3_PB_to_PC","closing","T3_PB_to_PC_closing",0.296583555662997,FALSE,0.504305854475576
"MA0103.3",202,4015,10.7446808510638,10.0375,1.07045388304496,0.157216348502829,"ZEB1",0.299957534483659,"T3_PB_to_PC","closing","T3_PB_to_PC_closing",0.299957534483659,FALSE,0.0982239910723619
"MA0899.1",41,741,2.18085106382979,1.8525,1.17724753782984,0.159820514473202,"HOXA10",0.304148223971961,"T3_PB_to_PC","closing","T3_PB_to_PC_closing",0.304148223971961,FALSE,0.235418930777647
"MA1507.1",26,449,1.38297872340426,1.1225,1.23205231483675,0.161465828592644,"HOXD4",0.306497476158046,"T3_PB_to_PC","closing","T3_PB_to_PC_closing",0.306497476158046,FALSE,0.301064687352898
"MA1472.1",128,2501,6.80851063829787,6.2525,1.08892613167499,0.165481223776863,"BHLHA15(var.2)",0.313322317100356,"T3_PB_to_PC","closing","T3_PB_to_PC_closing",0.313322317100356,FALSE,0.122907415681574
"MA1154.1",76,1444,4.04255319148936,3.61,1.11982082866741,0.166482466320439,"ZNF282",0.314420050316577,"T3_PB_to_PC","closing","T3_PB_to_PC_closing",0.314420050316577,FALSE,0.163269207866961
"MA1126.1",41,746,2.18085106382979,1.865,1.16935713878273,0.1703212598296,"FOS::JUN(var.2)",0.320857726850711,"T3_PB_to_PC","closing","T3_PB_to_PC_closing",0.320857726850711,FALSE,0.225716851097342
"MA0613.1",46,846,2.4468085106383,2.115,1.15688345656657,0.172211887284752,"FOXG1",0.323602186182431,"T3_PB_to_PC","closing","T3_PB_to_PC_closing",0.323602186182431,FALSE,0.210244782974022
"MA0909.2",33,592,1.75531914893617,1.48,1.1860264519839,0.178694269639759,"HOXD13",0.334939510430302,"T3_PB_to_PC","closing","T3_PB_to_PC_closing",0.334939510430302,FALSE,0.24613740312395
"MA0485.2",15,245,0.797872340425532,0.6125,1.30264871906209,0.180344939638144,"HOXC9",0.337186278120439,"T3_PB_to_PC","closing","T3_PB_to_PC_closing",0.337186278120439,FALSE,0.381449197098865
"MA0514.1",128,2514,6.80851063829787,6.285,1.08329524873474,0.18094170233759,"Sox3",0.337456274859605,"T3_PB_to_PC","closing","T3_PB_to_PC_closing",0.337456274859605,FALSE,0.115427830328644
"MA1134.1",67,1273,3.56382978723404,3.1825,1.11982082866741,0.183633575944388,"FOS::JUNB",0.34162256272946,"T3_PB_to_PC","closing","T3_PB_to_PC_closing",0.34162256272946,FALSE,0.163269207866961
"MA0491.2",75,1437,3.98936170212766,3.5925,1.11046950650735,0.187315199201884,"JUND",0.347604822399517,"T3_PB_to_PC","closing","T3_PB_to_PC_closing",0.347604822399517,FALSE,0.151171076198147
"MA0047.3",53,994,2.81914893617021,2.485,1.13446637270431,0.188644427001905,"FOXA2",0.349202835095339,"T3_PB_to_PC","closing","T3_PB_to_PC_closing",0.349202835095339,FALSE,0.18201511767965
"MA0068.2",12,191,0.638297872340425,0.4775,1.33674947087,0.18952611078902,"PAX4",0.349966531308438,"T3_PB_to_PC","closing","T3_PB_to_PC_closing",0.349966531308438,FALSE,0.418730184925568
"MA1495.1",13,210,0.691489361702128,0.525,1.31712259371834,0.19096589412543,"HOXA1",0.350888071471849,"T3_PB_to_PC","closing","T3_PB_to_PC_closing",0.350888071471849,FALSE,0.397390728797469
"MA0904.2",13,210,0.691489361702128,0.525,1.31712259371834,0.19096589412543,"HOXB5",0.350888071471849,"T3_PB_to_PC","closing","T3_PB_to_PC_closing",0.350888071471849,FALSE,0.397390728797469
"MA0769.2",68,1299,3.61702127659574,3.2475,1.11378638232355,0.193673184096246,"TCF7",0.354988194928254,"T3_PB_to_PC","closing","T3_PB_to_PC_closing",0.354988194928254,FALSE,0.155473854093096
"MA1637.1",166,3309,8.82978723404255,8.2725,1.06736624164915,0.195269837384028,"EBF3",0.357037496785502,"T3_PB_to_PC","closing","T3_PB_to_PC_closing",0.357037496785502,FALSE,0.094056639658328
"MA0776.1",7,101,0.372340425531915,0.2525,1.47461554666105,0.197376090421586,"MYBL1",0.360006267614922,"T3_PB_to_PC","closing","T3_PB_to_PC_closing",0.360006267614922,FALSE,0.560339850643265
"MA0684.2",101,1976,5.37234042553191,4.94,1.08751830476355,0.201488397535267,"RUNX3",0.366357864745318,"T3_PB_to_PC","closing","T3_PB_to_PC_closing",0.366357864745318,FALSE,0.121041010744757
"MA0895.1",19,327,1.01063829787234,0.8175,1.2362547986206,0.201840593043332,"HMBOX1",0.366357864745318,"T3_PB_to_PC","closing","T3_PB_to_PC_closing",0.366357864745318,FALSE,0.305977287917906
"MA0069.1",27,484,1.43617021276596,1.21,1.18691753121154,0.20547603417596,"PAX6",0.37205126576521,"T3_PB_to_PC","closing","T3_PB_to_PC_closing",0.37205126576521,FALSE,0.2472209133701
"MA0112.3",70,1347,3.72340425531915,3.3675,1.1056879748535,0.206877946451697,"ESR1",0.373682682936963,"T3_PB_to_PC","closing","T3_PB_to_PC_closing",0.373682682936963,FALSE,0.144945619260528
"MA1105.2",74,1431,3.93617021276596,3.5775,1.10025722229656,0.211608908740978,"GRHL2",0.381304941837608,"T3_PB_to_PC","closing","T3_PB_to_PC_closing",0.381304941837608,FALSE,0.137842153120465
"MA1622.1",90,1761,4.78723404255319,4.4025,1.08738990177245,0.217170257341294,"Smad2::Smad3",0.390383161389411,"T3_PB_to_PC","closing","T3_PB_to_PC_closing",0.390383161389411,FALSE,0.120870662232756
"MA1463.1",20,351,1.06382978723404,0.8775,1.21234163787355,0.218549228690845,"ARGFX",0.391917607219641,"T3_PB_to_PC","closing","T3_PB_to_PC_closing",0.391917607219641,FALSE,0.277797497573765
"MA0462.2",101,1988,5.37234042553191,4.97,1.08095380795411,0.219448636259053,"BATF::JUN",0.392586768943054,"T3_PB_to_PC","closing","T3_PB_to_PC_closing",0.392586768943054,FALSE,0.112306208823379
"MA0152.1",79,1539,4.20212765957447,3.8475,1.09217093166328,0.222171744308913,"NFATC2",0.396507467115908,"T3_PB_to_PC","closing","T3_PB_to_PC_closing",0.396507467115908,FALSE,0.127199985775274
"MA0477.2",85,1664,4.52127659574468,4.16,1.08684533551555,0.226075624508462,"FOSL1",0.402511732418408,"T3_PB_to_PC","closing","T3_PB_to_PC_closing",0.402511732418408,FALSE,0.120147978395669
"MA0825.1",55,1054,2.92553191489362,2.635,1.11025879123097,0.229108118304703,"MNT",0.406939657750735,"T3_PB_to_PC","closing","T3_PB_to_PC_closing",0.406939657750735,FALSE,0.150897294293617
"MA0651.1",13,219,0.691489361702128,0.5475,1.26299426794909,0.232337213960967,"HOXC11",0.411694920700431,"T3_PB_to_PC","closing","T3_PB_to_PC_closing",0.411694920700431,FALSE,0.336849233805459
"MA0144.2",142,2846,7.5531914893617,7.115,1.06158699780207,0.236681628432616,"STAT3",0.418399276802682,"T3_PB_to_PC","closing","T3_PB_to_PC_closing",0.418399276802682,FALSE,0.0862239649604181
"MA0737.1",48,916,2.5531914893617,2.29,1.11493078138066,0.237574580816838,"GLIS3",0.418984958130877,"T3_PB_to_PC","closing","T3_PB_to_PC_closing",0.418984958130877,FALSE,0.156955439585308
"MA1683.1",50,959,2.65957446808511,2.3975,1.10931156124509,0.243339898911943,"FOXA3",0.428140482519597,"T3_PB_to_PC","closing","T3_PB_to_PC_closing",0.428140482519597,FALSE,0.149665918272329
"MA1103.2",54,1041,2.87234042553191,2.6025,1.10368508185664,0.245066658963774,"FOXK2",0.43016406491053,"T3_PB_to_PC","closing","T3_PB_to_PC_closing",0.43016406491053,FALSE,0.142329889009766
"MA0164.1",42,798,2.23404255319149,1.995,1.11982082866741,0.245654261904706,"Nr2e3",0.430183284931715,"T3_PB_to_PC","closing","T3_PB_to_PC_closing",0.430183284931715,FALSE,0.163269207866961
"MA1634.1",99,1971,5.26595744680851,4.9275,1.06868745749539,0.258257457273633,"BATF",0.451194527227471,"T3_PB_to_PC","closing","T3_PB_to_PC_closing",0.451194527227471,FALSE,0.0958413419890376
"MA0777.1",7,110,0.372340425531915,0.275,1.35396518375242,0.259808041896661,"MYBL2",0.452842988913339,"T3_PB_to_PC","closing","T3_PB_to_PC_closing",0.452842988913339,FALSE,0.437191707050338
"MA0838.1",17,303,0.904255319148936,0.7575,1.19373639491609,0.260823126082834,"CEBPG",0.453552568899286,"T3_PB_to_PC","closing","T3_PB_to_PC_closing",0.453552568899286,FALSE,0.255485499315454
"MA1421.1",88,1751,4.68085106382979,4.3775,1.06929778728265,0.270616045286537,"TCF7L1",0.469487371590132,"T3_PB_to_PC","closing","T3_PB_to_PC_closing",0.469487371590132,FALSE,0.0966650323861239
"MA0628.1",12,209,0.638297872340425,0.5225,1.22162272218263,0.279697796485959,"POU6F1",0.483184099831287,"T3_PB_to_PC","closing","T3_PB_to_PC_closing",0.483184099831287,FALSE,0.288799982590355
"MA0520.1",72,1426,3.82978723404255,3.565,1.07427411894602,0.280085796530165,"Stat6",0.483184099831287,"T3_PB_to_PC","closing","T3_PB_to_PC_closing",0.483184099831287,FALSE,0.103363510930957
"MA1640.1",35,669,1.86170212765957,1.6725,1.11312533791305,0.280454041859178,"MEIS2(var.2)",0.483184099831287,"T3_PB_to_PC","closing","T3_PB_to_PC_closing",0.483184099831287,FALSE,0.154617345363378
"MA0819.1",27,510,1.43617021276596,1.275,1.12640801001252,0.289493091865934,"CLOCK",0.497607941317942,"T3_PB_to_PC","closing","T3_PB_to_PC_closing",0.497607941317942,FALSE,0.171730779081089
"MA0490.2",79,1576,4.20212765957447,3.94,1.06652986283616,0.291266687481742,"JUNB",0.499505629566389,"T3_PB_to_PC","closing","T3_PB_to_PC_closing",0.499505629566389,FALSE,0.0929257144046316
"MA0515.1",99,1991,5.26595744680851,4.9775,1.05795227459739,0.292774897204558,"Sox6",0.50094053512523,"T3_PB_to_PC","closing","T3_PB_to_PC_closing",0.50094053512523,FALSE,0.0812759110103246
"MA1631.1",242,4981,12.8723404255319,12.4525,1.0337153523816,0.296392255141061,"ASCL1(var.2)",0.505969387494809,"T3_PB_to_PC","closing","T3_PB_to_PC_closing",0.505969387494809,FALSE,0.0478403702263102
"MA1534.1",46,900,2.4468085106383,2.25,1.08747044917258,0.299202435679456,"NR1I3",0.509600495472315,"T3_PB_to_PC","closing","T3_PB_to_PC_closing",0.509600495472315,FALSE,0.120977524475994
"MA0591.1",98,1978,5.21276595744681,4.945,1.05414882860401,0.306700874361155,"Bach1::Mafk",0.521181895839229,"T3_PB_to_PC","closing","T3_PB_to_PC_closing",0.521181895839229,FALSE,0.076079934927522
"MA1487.1",79,1585,4.20212765957447,3.9625,1.06047385730586,0.309294914003349,"FOXE1",0.524130947670498,"T3_PB_to_PC","closing","T3_PB_to_PC_closing",0.524130947670498,FALSE,0.084710416559041
"MA0463.2",58,1151,3.08510638297872,2.8775,1.07214817827236,0.309841485151058,"BCL6",0.524130947670498,"T3_PB_to_PC","closing","T3_PB_to_PC_closing",0.524130947670498,FALSE,0.100505655590778
"MA0025.2",26,496,1.38297872340426,1.24,1.11530542210021,0.311514544152273,"NFIL3",0.525768891261529,"T3_PB_to_PC","closing","T3_PB_to_PC_closing",0.525768891261529,FALSE,0.157440134280656
"MA0868.2",46,906,2.4468085106383,2.265,1.08026865811845,0.315178644112062,"SOX8",0.530752299114217,"T3_PB_to_PC","closing","T3_PB_to_PC_closing",0.530752299114217,FALSE,0.111391484491136
"MA0480.1",96,1942,5.1063829787234,4.855,1.0517781624559,0.31695514015533,"Foxo1",0.531865737208385,"T3_PB_to_PC","closing","T3_PB_to_PC_closing",0.531865737208385,FALSE,0.0728318199581273
"MA1623.1",185,3802,9.84042553191489,9.505,1.03528937737137,0.317265754769077,"Stat2",0.531865737208385,"T3_PB_to_PC","closing","T3_PB_to_PC_closing",0.531865737208385,FALSE,0.0500354703701728
"MA1585.1",38,744,2.02127659574468,1.86,1.08670784717456,0.321654203938359,"ZKSCAN1",0.53772254313432,"T3_PB_to_PC","closing","T3_PB_to_PC_closing",0.53772254313432,FALSE,0.119965462902556
"MA0744.2",95,1924,5.0531914893617,4.81,1.05055956119786,0.322201041261449,"SCRT2",0.53772254313432,"T3_PB_to_PC","closing","T3_PB_to_PC_closing",0.53772254313432,FALSE,0.0711593308081457
"MA0911.1",12,217,0.638297872340425,0.5425,1.17658593979802,0.323512056106083,"Hoxa11",0.538705343426647,"T3_PB_to_PC","closing","T3_PB_to_PC_closing",0.538705343426647,FALSE,0.234607927431166
"MA0793.1",32,627,1.70212765957447,1.5675,1.08588686416234,0.340966291933057,"POU6F2",0.566505242276304,"T3_PB_to_PC","closing","T3_PB_to_PC_closing",0.566505242276304,FALSE,0.118875128768679
"MA1616.1",114,2333,6.06382978723404,5.8325,1.03966220098312,0.344805607230352,"Prdm15",0.57139428664641,"T3_PB_to_PC","closing","T3_PB_to_PC_closing",0.57139428664641,FALSE,0.0561162428218152
"MA0095.2",89,1811,4.73404255319149,4.5275,1.04561955896002,0.345440781873366,"YY1",0.57139428664641,"T3_PB_to_PC","closing","T3_PB_to_PC_closing",0.57139428664641,FALSE,0.0643594127514108
"MA0905.1",16,302,0.851063829787234,0.755,1.12723686064534,0.347637109667152,"HOXC10",0.573755052680742,"T3_PB_to_PC","closing","T3_PB_to_PC_closing",0.573755052680742,FALSE,0.172791973509641
"MA1624.1",115,2366,6.11702127659574,5.915,1.0341540619773,0.366132044917425,"Stat5a",0.602945928274612,"T3_PB_to_PC","closing","T3_PB_to_PC_closing",0.602945928274612,FALSE,0.048452520636831
"MA0649.1",40,801,2.12765957446809,2.0025,1.06250166015884,0.369015330438656,"HEY2",0.605067517833843,"T3_PB_to_PC","closing","T3_PB_to_PC_closing",0.605067517833843,FALSE,0.0874664532909679
"MA0101.1",75,1530,3.98936170212766,3.825,1.04297037964122,0.369042520930829,"REL",0.605067517833843,"T3_PB_to_PC","closing","T3_PB_to_PC_closing",0.605067517833843,FALSE,0.0606995691556584
"MA0635.1",11,206,0.585106382978723,0.515,1.13612889898781,0.376133758882134,"BARHL2",0.61534163185542,"T3_PB_to_PC","closing","T3_PB_to_PC_closing",0.61534163185542,FALSE,0.184127794271914
"MA0037.3",30,598,1.59574468085106,1.495,1.06738774638867,0.382965096289057,"GATA3",0.625146524795704,"T3_PB_to_PC","closing","T3_PB_to_PC_closing",0.625146524795704,FALSE,0.0940857060071241
"MA1562.1",25,498,1.32978723404255,1.245,1.06810219601812,0.396399647378116,"SOX14",0.645664054463044,"T3_PB_to_PC","closing","T3_PB_to_PC_closing",0.645664054463044,FALSE,0.0950510413992663
"MA1497.1",18,354,0.957446808510638,0.885,1.08186080057699,0.400123044495344,"HOXA6",0.650308913275657,"T3_PB_to_PC","closing","T3_PB_to_PC_closing",0.650308913275657,FALSE,0.113516217874264
"MA0041.1",81,1673,4.30851063829787,4.1825,1.03012806653864,0.406692831431054,"Foxd3",0.659549678799058,"T3_PB_to_PC","closing","T3_PB_to_PC_closing",0.659549678799058,FALSE,0.0428251063307056
"MA1520.1",51,1046,2.71276595744681,2.615,1.03738659940605,0.413562797973024,"MAF",0.669236111253528,"T3_PB_to_PC","closing","T3_PB_to_PC_closing",0.669236111253528,FALSE,0.0529550294097767
"MA1112.2",107,2228,5.69148936170213,5.57,1.02181137553,0.421873626968691,"NR4A1",0.679958443336875,"T3_PB_to_PC","closing","T3_PB_to_PC_closing",0.679958443336875,FALSE,0.0311303139444429
"MA0832.1",77,1596,4.09574468085106,3.99,1.02650242627846,0.422379917518099,"Tcf21",0.679958443336875,"T3_PB_to_PC","closing","T3_PB_to_PC_closing",0.679958443336875,FALSE,0.0377384429035986
"MA1146.1",43,882,2.28723404255319,2.205,1.03729435036426,0.424336332932525,"NR1H4::RXRA",0.679958443336875,"T3_PB_to_PC","closing","T3_PB_to_PC_closing",0.679958443336875,FALSE,0.0528267329534779
"MA0841.1",52,1071,2.76595744680851,2.6775,1.03303732840654,0.424465307581816,"NFE2",0.679958443336875,"T3_PB_to_PC","closing","T3_PB_to_PC_closing",0.679958443336875,FALSE,0.0468937829311533
"MA0606.1",76,1576,4.04255319148936,3.94,1.02602872880441,0.424746158974509,"NFAT5",0.679958443336875,"T3_PB_to_PC","closing","T3_PB_to_PC_closing",0.679958443336875,FALSE,0.0370725330671192
"MA0791.1",30,611,1.59574468085106,1.5275,1.04467736880593,0.429216871604397,"POU4F3",0.685644081834861,"T3_PB_to_PC","closing","T3_PB_to_PC_closing",0.685644081834861,FALSE,0.0630588397693604
"MA1604.1",150,3141,7.97872340425532,7.8525,1.01607429535248,0.430399193518388,"Ebf2",0.686063671719482,"T3_PB_to_PC","closing","T3_PB_to_PC_closing",0.686063671719482,FALSE,0.0230073156992725
"MA0887.1",18,361,0.957446808510638,0.9025,1.0608828903165,0.432667232947604,"EVX1",0.688208434496615,"T3_PB_to_PC","closing","T3_PB_to_PC_closing",0.688208434496615,FALSE,0.0852667674393254
"MA0159.1",110,2299,5.85106382978723,5.7475,1.01801893515219,0.436388800959688,"RARA::RXRA",0.692651160672186,"T3_PB_to_PC","closing","T3_PB_to_PC_closing",0.692651160672186,FALSE,0.025765812949572
"MA0766.2",35,720,1.86170212765957,1.8,1.03427895981087,0.443227328967795,"GATA5",0.702011862866189,"T3_PB_to_PC","closing","T3_PB_to_PC_closing",0.702011862866189,FALSE,0.0486267484790724
"MA1506.1",14,283,0.74468085106383,0.7075,1.05255243966619,0.460892982416964,"HOXD10",0.728445264582743,"T3_PB_to_PC","closing","T3_PB_to_PC_closing",0.728445264582743,FALSE,0.0738934828728587
"MA0492.1",75,1574,3.98936170212766,3.935,1.01381491794858,0.46801085977821,"JUND(var.2)",0.736946939932895,"T3_PB_to_PC","closing","T3_PB_to_PC_closing",0.736946939932895,FALSE,0.0197957210080584
"MA0059.1",45,939,2.3936170212766,2.3475,1.01964516348311,0.468247787571303,"MAX::MYC",0.736946939932895,"T3_PB_to_PC","closing","T3_PB_to_PC_closing",0.736946939932895,FALSE,0.0280685965587723
"MA0731.1",55,1153,2.92553191489362,2.8825,1.0149286781938,0.474600692485276,"BCL6B",0.744648211387336,"T3_PB_to_PC","closing","T3_PB_to_PC_closing",0.744648211387336,FALSE,0.0213797703309455
"MA0468.1",43,899,2.28723404255319,2.2475,1.01767921804369,0.475137464638568,"DUX4",0.744648211387336,"T3_PB_to_PC","closing","T3_PB_to_PC_closing",0.744648211387336,FALSE,0.025284299803812
"MA0151.1",72,1514,3.82978723404255,3.785,1.01183282273251,0.476236504395001,"Arid3a",0.744805937691134,"T3_PB_to_PC","closing","T3_PB_to_PC_closing",0.744805937691134,FALSE,0.0169723702638494
"MA0830.2",205,4341,10.9042553191489,10.8525,1.00476897665505,0.482095127359945,"TCF4",0.75239114018937,"T3_PB_to_PC","closing","T3_PB_to_PC_closing",0.75239114018937,FALSE,0.00686526108381811
"MA0768.1",72,1523,3.82978723404255,3.8075,1.00585350861262,0.497105879564467,"LEF1",0.774198300950088,"T3_PB_to_PC","closing","T3_PB_to_PC_closing",0.774198300950088,FALSE,0.00842164223811415
"MA1498.1",15,312,0.797872340425532,0.78,1.02291325695581,0.501507677385316,"HOXA7",0.7757379980411,"T3_PB_to_PC","closing","T3_PB_to_PC_closing",0.7757379980411,FALSE,0.0326852201087023
"MA1502.1",15,312,0.797872340425532,0.78,1.02291325695581,0.501507677385316,"HOXB8",0.7757379980411,"T3_PB_to_PC","closing","T3_PB_to_PC_closing",0.7757379980411,FALSE,0.0326852201087023
"MA0910.2",15,312,0.797872340425532,0.78,1.02291325695581,0.501507677385316,"HOXD8",0.7757379980411,"T3_PB_to_PC","closing","T3_PB_to_PC_closing",0.7757379980411,FALSE,0.0326852201087023
"MA0914.1",25,525,1.32978723404255,1.3125,1.01317122593718,0.502253958517227,"ISL2",0.7757379980411,"T3_PB_to_PC","closing","T3_PB_to_PC_closing",0.7757379980411,FALSE,0.018879434144992
"MA0063.2",48,1020,2.5531914893617,2.55,1.00125156445557,0.517733207330726,"NKX2-5",0.797993745183309,"T3_PB_to_PC","closing","T3_PB_to_PC_closing",0.797993745183309,FALSE,0.00180593773770041
"MA0122.3",31,658,1.64893617021277,1.645,1.00239280863998,0.52073102722924,"Nkx3-2",0.800959476934048,"T3_PB_to_PC","closing","T3_PB_to_PC_closing",0.800959476934048,FALSE,0.00344940888655336
"MA0661.1",18,381,0.957446808510638,0.9525,1.0051934997487,0.525082344894647,"MEOX1",0.805990595249808,"T3_PB_to_PC","closing","T3_PB_to_PC_closing",0.805990595249808,FALSE,0.00747468217384235
"MA0143.4",45,959,2.3936170212766,2.3975,0.998380405120582,0.526450487677511,"SOX2",0.806431342520376,"T3_PB_to_PC","closing","T3_PB_to_PC_closing",0.806431342520376,FALSE,-0.00233703066931714
"MA1654.1",170,3627,9.04255319148936,9.0675,0.997248766637923,0.52774337607451,"ZNF16",0.806495276103767,"T3_PB_to_PC","closing","T3_PB_to_PC_closing",0.806495276103767,FALSE,-0.00397321417367159
"MA1104.2",43,917,2.28723404255319,2.2925,0.997702962945776,0.528654410207429,"GATA6",0.806495276103767,"T3_PB_to_PC","closing","T3_PB_to_PC_closing",0.806495276103767,FALSE,-0.00331628989263685
"MA1633.1",109,2328,5.79787234042553,5.82,0.996197996636689,0.531501902913402,"BACH1",0.809184529741628,"T3_PB_to_PC","closing","T3_PB_to_PC_closing",0.809184529741628,FALSE,-0.00549413694652835
"MA0667.1",59,1261,3.13829787234043,3.1525,0.995494963470397,0.533747019220777,"MYF6",0.810947609651119,"T3_PB_to_PC","closing","T3_PB_to_PC_closing",0.810947609651119,FALSE,-0.0065126287588095
"MA0778.1",49,1048,2.6063829787234,2.62,0.994802663634887,0.536175155432184,"NFKB2",0.811343113300272,"T3_PB_to_PC","closing","T3_PB_to_PC_closing",0.811343113300272,FALSE,-0.00751627420613501
"MA0479.1",54,1155,2.87234042553191,2.8875,0.994749930920144,0.536182513213183,"FOXH1",0.811343113300272,"T3_PB_to_PC","closing","T3_PB_to_PC_closing",0.811343113300272,FALSE,-0.00759275084696598
"MA0710.1",24,514,1.27659574468085,1.285,0.993459723487043,0.54277815667599,"NOTO",0.819660941053216,"T3_PB_to_PC","closing","T3_PB_to_PC_closing",0.819660941053216,FALSE,-0.00946516329622023
"MA0883.1",21,452,1.11702127659574,1.13,0.988514404067031,0.553223963389771,"Dmbx1",0.833747629674281,"T3_PB_to_PC","closing","T3_PB_to_PC_closing",0.833747629674281,FALSE,-0.0166646471949324
"MA1125.1",167,3586,8.88297872340426,8.965,0.990850945165003,0.563117908100609,"ZNF384",0.846947498877126,"T3_PB_to_PC","closing","T3_PB_to_PC_closing",0.846947498877126,FALSE,-0.0132585913943945
"MA1572.1",36,780,1.91489361702128,1.95,0.981996726677578,0.569125713878608,"TGIF2LY",0.854261131898273,"T3_PB_to_PC","closing","T3_PB_to_PC_closing",0.854261131898273,FALSE,-0.0262084101791468
"MA1101.2",47,1018,2.5,2.545,0.982318271119843,0.571866836029073,"BACH2",0.856651927063632,"T3_PB_to_PC","closing","T3_PB_to_PC_closing",0.856651927063632,FALSE,-0.0257360927508041
"MA1504.1",24,522,1.27659574468085,1.305,0.978234287111763,0.573647970884315,"HOXC4",0.85759796849639,"T3_PB_to_PC","closing","T3_PB_to_PC_closing",0.85759796849639,FALSE,-0.0317465880700271
"MA1646.1",139,2997,7.3936170212766,7.4925,0.986802405242121,0.579509145276468,"OSR2",0.863191833671599,"T3_PB_to_PC","closing","T3_PB_to_PC_closing",0.863191833671599,FALSE,-0.0191654008165686
"MA0007.3",39,849,2.07446808510638,2.1225,0.977370122547177,0.582112446171376,"Ar",0.863191833671599,"T3_PB_to_PC","closing","T3_PB_to_PC_closing",0.863191833671599,FALSE,-0.0330216156081158
"MA0665.1",100,2162,5.31914893617021,5.405,0.984116361918633,0.582158388912302,"MSC",0.863191833671599,"T3_PB_to_PC","closing","T3_PB_to_PC_closing",0.863191833671599,FALSE,-0.0230977189960819
"MA1549.1",28,611,1.48936170212766,1.5275,0.975032210885538,0.582171690988687,"POU6F1(var.2)",0.863191833671599,"T3_PB_to_PC","closing","T3_PB_to_PC_closing",0.863191833671599,FALSE,-0.0364767351390955
"MA0658.1",13,285,0.691489361702128,0.7125,0.970511384845091,0.583693476250663,"LHX6",0.863191833671599,"T3_PB_to_PC","closing","T3_PB_to_PC_closing",0.863191833671599,FALSE,-0.0431814713965533
"MA1496.1",14,307,0.74468085106383,0.7675,0.970268209855153,0.584332273464018,"HOXA4",0.863191833671599,"T3_PB_to_PC","closing","T3_PB_to_PC_closing",0.863191833671599,FALSE,-0.0435430034255529
"MA1471.1",34,742,1.80851063829787,1.855,0.974938349486724,0.585633959395797,"BARX2",0.863357483287575,"T3_PB_to_PC","closing","T3_PB_to_PC_closing",0.863357483287575,FALSE,-0.0366156226059833
"MA1527.1",81,1756,4.30851063829787,4.39,0.981437503029128,0.586759040250403,"NFIC(var.2)",0.863357483287575,"T3_PB_to_PC","closing","T3_PB_to_PC_closing",0.863357483287575,FALSE,-0.0270302236854634
"MA0056.2",95,2059,5.0531914893617,5.1475,0.981678774038213,0.590688804929933,"MZF1",0.867428835586082,"T3_PB_to_PC","closing","T3_PB_to_PC_closing",0.867428835586082,FALSE,-0.0266756036973191
"MA0154.4",153,3305,8.13829787234043,8.2625,0.984967972446647,0.592139435064251,"EBF1",0.867850724082379,"T3_PB_to_PC","closing","T3_PB_to_PC_closing",0.867850724082379,FALSE,-0.0218498160060546
"MA0679.2",28,616,1.48936170212766,1.54,0.967117988394584,0.599606062473418,"ONECUT1",0.877070828637588,"T3_PB_to_PC","closing","T3_PB_to_PC_closing",0.877070828637588,FALSE,-0.0482346939069464
"MA1152.1",62,1353,3.29787234042553,3.3825,0.974980736267711,0.601063203437177,"SOX15",0.877481702082454,"T3_PB_to_PC","closing","T3_PB_to_PC_closing",0.877481702082454,FALSE,-0.0365529008895142
"MA1119.1",72,1570,3.82978723404255,3.925,0.975741970456701,0.603674502027392,"SIX2",0.879572614282099,"T3_PB_to_PC","closing","T3_PB_to_PC_closing",0.879572614282099,FALSE,-0.0354269307909424
"MA1594.1",64,1398,3.40425531914894,3.495,0.974035856694975,0.605277688709744,"ZNF382",0.880189387480446,"T3_PB_to_PC","closing","T3_PB_to_PC_closing",0.880189387480446,FALSE,-0.0379517312398664
"MA1120.1",45,988,2.3936170212766,2.47,0.969075717116031,0.608161194686452,"SOX13",0.881656121799574,"T3_PB_to_PC","closing","T3_PB_to_PC_closing",0.881656121799574,FALSE,-0.0453172135382785
"MA1641.1",89,1939,4.73404255319149,4.8475,0.976594647383494,0.608650003655202,"MYF5",0.881656121799574,"T3_PB_to_PC","closing","T3_PB_to_PC_closing",0.881656121799574,FALSE,-0.0341667468856096
"MA0869.1",42,924,2.23404255319149,2.31,0.967117988394584,0.611189630797369,"Sox11",0.883619117393095,"T3_PB_to_PC","closing","T3_PB_to_PC_closing",0.883619117393095,FALSE,-0.0482346939069464
"MA0629.1",21,468,1.11702127659574,1.17,0.954719039825423,0.617627669272035,"Rhox11",0.891199692992144,"T3_PB_to_PC","closing","T3_PB_to_PC_closing",0.891199692992144,FALSE,-0.06685035270098
"MA0866.1",42,928,2.23404255319149,2.32,0.962949376375642,0.622382070807269,"SOX21",0.896326302745603,"T3_PB_to_PC","closing","T3_PB_to_PC_closing",0.896326302745603,FALSE,-0.0544666411606897
"MA0140.2",38,843,2.02127659574468,2.1075,0.959087352666515,0.628433702764482,"GATA1::TAL1",0.903297769291529,"T3_PB_to_PC","closing","T3_PB_to_PC_closing",0.903297769291529,FALSE,-0.060264370277457
"MA0002.2",162,3525,8.61702127659574,8.8125,0.977818017202354,0.632613567625999,"RUNX1",0.907557156632684,"T3_PB_to_PC","closing","T3_PB_to_PC_closing",0.907557156632684,FALSE,-0.0323606308823531
"MA0074.1",45,998,2.3936170212766,2.495,0.959365539589818,0.635093569275719,"RXRA::VDR",0.909366223953333,"T3_PB_to_PC","closing","T3_PB_to_PC_closing",0.909366223953333,FALSE,-0.059845972222729
"MA0135.1",28,627,1.48936170212766,1.5675,0.950151006142048,0.636906532606598,"Lhx3",0.910215082997169,"T3_PB_to_PC","closing","T3_PB_to_PC_closing",0.910215082997169,FALSE,-0.0737697593757784
"MA1573.1",122,2668,6.48936170212766,6.67,0.972917796420938,0.639878089161372,"THAP11",0.912713297350637,"T3_PB_to_PC","closing","T3_PB_to_PC_closing",0.912713297350637,FALSE,-0.0396086977840166
"MA0888.1",17,390,0.904255319148936,0.975,0.927441352973268,0.659328062888656,"EVX2",0.934309570425889,"T3_PB_to_PC","closing","T3_PB_to_PC_closing",0.934309570425889,FALSE,-0.108670483950949
"MA1563.1",29,656,1.54255319148936,1.64,0.940581214322782,0.659600960676583,"SOX18",0.934309570425889,"T3_PB_to_PC","closing","T3_PB_to_PC_closing",0.934309570425889,FALSE,-0.0883740426733082
"MA1639.1",33,745,1.75531914893617,1.8625,0.942453234328145,0.662277956561549,"MEIS1(var.2)",0.934309570425889,"T3_PB_to_PC","closing","T3_PB_to_PC_closing",0.934309570425889,FALSE,-0.0855055322205583
"MA0790.1",31,701,1.64893617021277,1.7525,0.940905089993019,0.662431002591247,"POU4F1",0.934309570425889,"T3_PB_to_PC","closing","T3_PB_to_PC_closing",0.934309570425889,FALSE,-0.087877357334516
"MA0499.2",157,3438,8.35106382978723,8.595,0.971618828363843,0.66276869753738,"MYOD1",0.934309570425889,"T3_PB_to_PC","closing","T3_PB_to_PC_closing",0.934309570425889,FALSE,-0.0415361627663097
"MA1532.1",80,1772,4.25531914893617,4.43,0.960568656644734,0.663320208500706,"NR1D2",0.934309570425889,"T3_PB_to_PC","closing","T3_PB_to_PC_closing",0.934309570425889,FALSE,-0.0580378587663157
"MA1467.1",121,2661,6.43617021276596,6.6525,0.967481429953545,0.663785619739572,"ATOH1(var.2)",0.934309570425889,"T3_PB_to_PC","closing","T3_PB_to_PC_closing",0.934309570425889,FALSE,-0.04769263357766
"MA0077.1",34,768,1.80851063829787,1.92,0.941932624113475,0.665176940940183,"SOX9",0.934504704221048,"T3_PB_to_PC","closing","T3_PB_to_PC_closing",0.934504704221048,FALSE,-0.0863026948542332
"MA0755.1",6,143,0.319148936170213,0.3575,0.892724296979616,0.668391187346684,"CUX2",0.937255311580125,"T3_PB_to_PC","closing","T3_PB_to_PC_closing",0.937255311580125,FALSE,-0.163711787014794
"MA0674.1",23,528,1.22340425531915,1.32,0.92682140554481,0.675638987207165,"NKX6-1",0.945641059017908,"T3_PB_to_PC","closing","T3_PB_to_PC_closing",0.945641059017908,FALSE,-0.109635173712607
"MA0467.1",45,1016,2.3936170212766,2.54,0.942368906014408,0.681436766583854,"Crx",0.951969715115272,"T3_PB_to_PC","closing","T3_PB_to_PC_closing",0.951969715115272,FALSE,-0.085634626534996
"MA0610.1",19,443,1.01063829787234,1.1075,0.912540223812497,0.691206177464883,"DMRT3",0.963812725960379,"T3_PB_to_PC","closing","T3_PB_to_PC_closing",0.963812725960379,FALSE,-0.132038361161878
"MA0009.2",22,512,1.17021276595745,1.28,0.914228723404255,0.697255501638867,"TBXT",0.970433963101856,"T3_PB_to_PC","closing","T3_PB_to_PC_closing",0.970433963101856,FALSE,-0.12937137033305
"MA0836.2",35,806,1.86170212765957,2.015,0.923921651443957,0.709503709715749,"CEBPD",0.985642025042735,"T3_PB_to_PC","closing","T3_PB_to_PC_closing",0.985642025042735,FALSE,-0.114156017108724
"MA1147.1",39,897,2.07446808510638,2.2425,0.925069380203515,0.715153008517449,"NR4A2::RXRA",0.991643390992596,"T3_PB_to_PC","closing","T3_PB_to_PC_closing",0.991643390992596,FALSE,-0.112364963520067
"MA1530.1",24,565,1.27659574468085,1.4125,0.903784598004142,0.723399486627085,"NKX6-3",0.997354186278943,"T3_PB_to_PC","closing","T3_PB_to_PC_closing",0.997354186278943,FALSE,-0.145947527315877
"MA1523.1",83,1870,4.41489361702128,4.675,0.944362271020594,0.723542897182146,"MSANTD3",0.997354186278943,"T3_PB_to_PC","closing","T3_PB_to_PC_closing",0.997354186278943,FALSE,-0.082586162752058
"MA1493.1",32,745,1.70212765957447,1.8625,0.91389404540911,0.72515861599946,"HES6",0.997354186278943,"T3_PB_to_PC","closing","T3_PB_to_PC_closing",0.997354186278943,FALSE,-0.129899603741973
"MA1574.1",99,2221,5.26595744680851,5.5525,0.948393957101938,0.725260541211978,"THRB",0.997354186278943,"T3_PB_to_PC","closing","T3_PB_to_PC_closing",0.997354186278943,FALSE,-0.0764401032856707
"MA0522.3",192,4243,10.2127659574468,10.6075,0.962787269144172,0.726387677604236,"TCF3",0.997354186278943,"T3_PB_to_PC","closing","T3_PB_to_PC_closing",0.997354186278943,FALSE,-0.0547095311292017
"MA1648.1",197,4352,10.4787234042553,10.88,0.963117959949938,0.727293133157835,"TCF12(var.2)",0.997354186278943,"T3_PB_to_PC","closing","T3_PB_to_PC_closing",0.997354186278943,FALSE,-0.0542140908680856
"MA0682.2",23,551,1.22340425531915,1.3775,0.888133760667259,0.749460099715465,"PITX1",1,"T3_PB_to_PC","closing","T3_PB_to_PC_closing",1,FALSE,-0.17114949511872
"MA1470.1",17,416,0.904255319148936,1.04,0.869476268412439,0.756036559444569,"BACH2(var.2)",1,"T3_PB_to_PC","closing","T3_PB_to_PC_closing",1,FALSE,-0.201779784638232
"MA0115.1",75,1718,3.98936170212766,4.295,0.928838580239269,0.764320966517201,"NR1H2::RXRA",1,"T3_PB_to_PC","closing","T3_PB_to_PC_closing",1,FALSE,-0.106498644434252
"MA1540.1",106,2401,5.63829787234043,6.0025,0.939324926670625,0.765645806578317,"NR5A1",1,"T3_PB_to_PC","closing","T3_PB_to_PC_closing",1,FALSE,-0.0903022647986109
"MA1603.1",29,693,1.54255319148936,1.7325,0.890362592490252,0.765802737552063,"Dmrt1",1,"T3_PB_to_PC","closing","T3_PB_to_PC_closing",1,FALSE,-0.167533493680578
"MA1124.1",63,1454,3.35106382978723,3.635,0.921888261289473,0.766961130003364,"ZNF24",1,"T3_PB_to_PC","closing","T3_PB_to_PC_closing",1,FALSE,-0.117334632501256
"MA0084.1",34,807,1.80851063829787,2.0175,0.896411716628437,0.768343090164811,"SRY",1,"T3_PB_to_PC","closing","T3_PB_to_PC_closing",1,FALSE,-0.157764979632707
"MA0770.1",50,1168,2.65957446808511,2.92,0.910813174001749,0.772982946897747,"HSF2",1,"T3_PB_to_PC","closing","T3_PB_to_PC_closing",1,FALSE,-0.134771352157973
"MA0689.1",79,1815,4.20212765957447,4.5375,0.926088740402087,0.778228898983123,"TBX20",1,"T3_PB_to_PC","closing","T3_PB_to_PC_closing",1,FALSE,-0.110776093885687
"MA0065.2",216,4812,11.4893617021277,12.03,0.955059160609115,0.77968379695952,"Pparg::Rxra",1,"T3_PB_to_PC","closing","T3_PB_to_PC_closing",1,FALSE,-0.0663364814470916
"MA0029.1",48,1128,2.5531914893617,2.82,0.905387052965143,0.782179164787917,"Mecom",1,"T3_PB_to_PC","closing","T3_PB_to_PC_closing",1,FALSE,-0.143391825237395
"MA1536.1",70,1623,3.72340425531915,4.0575,0.917659705562329,0.789993243555533,"NR2C2(var.2)",1,"T3_PB_to_PC","closing","T3_PB_to_PC_closing",1,FALSE,-0.123967262473406
"MA0719.1",50,1177,2.65957446808511,2.9425,0.903848587284658,0.790141619482567,"RHOXF1",1,"T3_PB_to_PC","closing","T3_PB_to_PC_closing",1,FALSE,-0.145845386111213
"MA0602.1",17,427,0.904255319148936,1.0675,0.847077582340924,0.790969379544734,"Arid5a",1,"T3_PB_to_PC","closing","T3_PB_to_PC_closing",1,FALSE,-0.239432282242779
"MA0691.1",66,1540,3.51063829787234,3.85,0.911854103343465,0.799562886749552,"TFAP4",1,"T3_PB_to_PC","closing","T3_PB_to_PC_closing",1,FALSE,-0.133123501084667
"MA0523.1",64,1499,3.40425531914894,3.7475,0.908407023121798,0.805303712245256,"TCF7L2",1,"T3_PB_to_PC","closing","T3_PB_to_PC_closing",1,FALSE,-0.138587646805007
"MA0525.2",18,456,0.957446808510638,1.14,0.83986562150056,0.80731359465563,"TP63",1,"T3_PB_to_PC","closing","T3_PB_to_PC_closing",1,FALSE,-0.251767861970107
"MA0070.1",27,667,1.43617021276596,1.6675,0.861271491913618,0.813219640858965,"PBX1",1,"T3_PB_to_PC","closing","T3_PB_to_PC_closing",1,FALSE,-0.21545834096183
"MA0648.1",19,482,1.01063829787234,1.205,0.838703981636797,0.81438512671853,"GSC",1,"T3_PB_to_PC","closing","T3_PB_to_PC_closing",1,FALSE,-0.253764669654875
"MA1494.1",56,1328,2.97872340425532,3.32,0.897205844655217,0.818371359164137,"HNF4A(var.2)",1,"T3_PB_to_PC","closing","T3_PB_to_PC_closing",1,FALSE,-0.156487468319094
"MA0626.1",40,968,2.12765957446809,2.42,0.879198171267804,0.820944690869677,"Npas2",1,"T3_PB_to_PC","closing","T3_PB_to_PC_closing",1,FALSE,-0.185738068482376
"MA1628.1",244,5469,12.9787234042553,13.6725,0.949257517224744,0.823906565573095,"Zic1::Zic2",1,"T3_PB_to_PC","closing","T3_PB_to_PC_closing",1,FALSE,-0.0751270563995693
"MA0078.1",43,1038,2.28723404255319,2.595,0.881400401754602,0.824292540070461,"Sox17",1,"T3_PB_to_PC","closing","T3_PB_to_PC_closing",1,FALSE,-0.18212890385086
"MA0526.3",63,1491,3.35106382978723,3.7275,0.899011087803416,0.827268728366483,"USF2",1,"T3_PB_to_PC","closing","T3_PB_to_PC_closing",1,FALSE,-0.153587581042185
"MA0113.3",30,744,1.59574468085106,1.86,0.857927247769389,0.830141953485451,"NR3C1",1,"T3_PB_to_PC","closing","T3_PB_to_PC_closing",1,FALSE,-0.221071100910703
"MA0714.1",23,584,1.22340425531915,1.46,0.837948120081609,0.835029398973389,"PITX3",1,"T3_PB_to_PC","closing","T3_PB_to_PC_closing",1,FALSE,-0.255065448139865
"MA0870.1",31,770,1.64893617021277,1.925,0.856590218292346,0.835990422998077,"Sox1",1,"T3_PB_to_PC","closing","T3_PB_to_PC_closing",1,FALSE,-0.223321207981808
"MA1558.1",187,4242,9.9468085106383,10.605,0.93793573886264,0.838352972549439,"SNAI1",1,"T3_PB_to_PC","closing","T3_PB_to_PC_closing",1,FALSE,-0.0924374744994966
"MA0891.1",19,492,1.01063829787234,1.23,0.82165715274174,0.839399644917587,"GSC2",1,"T3_PB_to_PC","closing","T3_PB_to_PC_closing",1,FALSE,-0.283389803076477
"MA1155.1",91,2129,4.84042553191489,5.3225,0.909427060951601,0.843017039403783,"ZSCAN4",1,"T3_PB_to_PC","closing","T3_PB_to_PC_closing",1,FALSE,-0.136968574892065
"MA1645.1",99,2310,5.26595744680851,5.775,0.911854103343465,0.846305625728557,"NKX2-2",1,"T3_PB_to_PC","closing","T3_PB_to_PC_closing",1,FALSE,-0.133123501084667
"MA0160.1",71,1685,3.77659574468085,4.2125,0.896521245028095,0.847040366970084,"NR4A2",1,"T3_PB_to_PC","closing","T3_PB_to_PC_closing",1,FALSE,-0.157588714366427
"MA0706.1",15,401,0.797872340425532,1.0025,0.79588263384093,0.849725671715455,"MEOX2",1,"T3_PB_to_PC","closing","T3_PB_to_PC_closing",1,FALSE,-0.329370585164862
"MA0116.1",80,1889,4.25531914893617,4.7225,0.901073403692148,0.849751801291944,"Znf423",1,"T3_PB_to_PC","closing","T3_PB_to_PC_closing",1,FALSE,-0.150281857432523
"MA1539.1",44,1078,2.34042553191489,2.695,0.868432479374729,0.852728111784627,"NR2F6(var.3)",1,"T3_PB_to_PC","closing","T3_PB_to_PC_closing",1,FALSE,-0.203512749868375
"MA1524.1",24,620,1.27659574468085,1.55,0.823610157858613,0.861025867388648,"MSGN1",1,"T3_PB_to_PC","closing","T3_PB_to_PC_closing",1,FALSE,-0.279964719897466
"MA1537.1",98,2305,5.21276595744681,5.7625,0.904601467669728,0.864703146467649,"NR2F1(var.2)",1,"T3_PB_to_PC","closing","T3_PB_to_PC_closing",1,FALSE,-0.144644163377442
"MA0141.3",68,1635,3.61702127659574,4.0875,0.884898171644219,0.868589277012743,"ESRRB",1,"T3_PB_to_PC","closing","T3_PB_to_PC_closing",1,FALSE,-0.176415015800101
"MA0498.2",120,2802,6.38297872340426,7.005,0.911203243883548,0.871267146101687,"MEIS1",1,"T3_PB_to_PC","closing","T3_PB_to_PC_closing",1,FALSE,-0.134153628553046
"MA0488.1",72,1734,3.82978723404255,4.335,0.883457262754914,0.878229357826397,"JUN",1,"T3_PB_to_PC","closing","T3_PB_to_PC_closing",1,FALSE,-0.178766115785435
"MA0111.1",67,1622,3.56382978723404,4.055,0.878872943830837,0.879544236192227,"Spz1",1,"T3_PB_to_PC","closing","T3_PB_to_PC_closing",1,FALSE,-0.186271839247421
"MA0743.2",80,1918,4.25531914893617,4.795,0.887449248996073,0.881736620632572,"SCRT1",1,"T3_PB_to_PC","closing","T3_PB_to_PC_closing",1,FALSE,-0.172261851482395
"MA0804.1",16,440,0.851063829787234,1.1,0.773694390715667,0.88288399769023,"TBX19",1,"T3_PB_to_PC","closing","T3_PB_to_PC_closing",1,FALSE,-0.370162415858074
"MA0093.3",65,1580,3.45744680851064,3.95,0.875302989496364,0.883270541390908,"USF1",1,"T3_PB_to_PC","closing","T3_PB_to_PC_closing",1,FALSE,-0.192143948828907
"MA0130.1",550,12187,29.2553191489362,30.4675,0.960213970589519,0.88429772871132,"ZNF354C",1,"T3_PB_to_PC","closing","T3_PB_to_PC_closing",1,FALSE,-0.0585706658405617
"MA0038.2",57,1401,3.03191489361702,3.5025,0.865643081689371,0.886913751671847,"GFI1",1,"T3_PB_to_PC","closing","T3_PB_to_PC_closing",1,FALSE,-0.208154126666092
"MA0105.4",51,1266,2.71276595744681,3.165,0.85711404658667,0.889754649219735,"NFKB1",1,"T3_PB_to_PC","closing","T3_PB_to_PC_closing",1,FALSE,-0.222439231272587
"MA0109.1",24,637,1.27659574468085,1.5925,0.801629980961288,0.890866871131231,"HLTF",1,"T3_PB_to_PC","closing","T3_PB_to_PC_closing",1,FALSE,-0.318989828849866
"MA1579.1",138,3229,7.34042553191489,8.0725,0.909312546536376,0.893115543057424,"ZBTB26",1,"T3_PB_to_PC","closing","T3_PB_to_PC_closing",1,FALSE,-0.137150249274499
"MA0071.1",53,1318,2.81914893617021,3.295,0.855583895651051,0.896545087918311,"RORA",1,"T3_PB_to_PC","closing","T3_PB_to_PC_closing",1,FALSE,-0.225017081250313
"MA0683.1",24,641,1.27659574468085,1.6025,0.796627609785242,0.897096815476666,"POU4F2",1,"T3_PB_to_PC","closing","T3_PB_to_PC_closing",1,FALSE,-0.32802080191121
"MA1479.1",17,476,0.904255319148936,1.19,0.759878419452887,0.903984211108613,"DMRTC2",1,"T3_PB_to_PC","closing","T3_PB_to_PC_closing",1,FALSE,-0.39615759048773
"MA0727.1",27,720,1.43617021276596,1.8,0.797872340425532,0.907536978626151,"NR3C2",1,"T3_PB_to_PC","closing","T3_PB_to_PC_closing",1,FALSE,-0.325768353005105
"MA0486.2",40,1028,2.12765957446809,2.57,0.82788310290587,0.908931952845119,"HSF1",1,"T3_PB_to_PC","closing","T3_PB_to_PC_closing",1,FALSE,-0.272499278691779
"MA0083.3",18,504,0.957446808510638,1.26,0.759878419452887,0.909555883940547,"SRF",1,"T3_PB_to_PC","closing","T3_PB_to_PC_closing",1,FALSE,-0.39615759048773
"MA1600.1",106,2536,5.63829787234043,6.34,0.889321430968521,0.909559682737796,"ZNF684",1,"T3_PB_to_PC","closing","T3_PB_to_PC_closing",1,FALSE,-0.169221520350149
"MA1151.1",41,1053,2.18085106382979,2.6325,0.828433452546928,0.9107074502149,"RORC",1,"T3_PB_to_PC","closing","T3_PB_to_PC_closing",1,FALSE,-0.27154054195057
"MA1647.1",96,2315,5.1063829787234,5.7875,0.882312393731906,0.912785548020763,"PRDM4",1,"T3_PB_to_PC","closing","T3_PB_to_PC_closing",1,FALSE,-0.1806369093134
"MA0738.1",92,2227,4.8936170212766,5.5675,0.878961297041149,0.914589886260875,"HIC2",1,"T3_PB_to_PC","closing","T3_PB_to_PC_closing",1,FALSE,-0.186126812383704
"MA1478.1",14,409,0.74468085106383,1.0225,0.728294230869271,0.916042458984769,"DMRTA2",1,"T3_PB_to_PC","closing","T3_PB_to_PC_closing",1,FALSE,-0.457404696977714
"MA1538.1",43,1105,2.28723404255319,2.7625,0.827958024453644,0.916194548233989,"NR2F1(var.3)",1,"T3_PB_to_PC","closing","T3_PB_to_PC_closing",1,FALSE,-0.272368724119649
"MA1570.1",23,634,1.22340425531915,1.585,0.771863883482113,0.920771982387198,"TFAP4(var.2)",1,"T3_PB_to_PC","closing","T3_PB_to_PC_closing",1,FALSE,-0.373579771993641
"MA0855.1",74,1829,3.93617021276596,4.5725,0.86083547572793,0.923129352234538,"RXRB",1,"T3_PB_to_PC","closing","T3_PB_to_PC_closing",1,FALSE,-0.21618888521205
"MA0066.1",78,1921,4.14893617021277,4.8025,0.863911748092195,0.923551166785238,"PPARG",1,"T3_PB_to_PC","closing","T3_PB_to_PC_closing",1,FALSE,-0.211042481863294
"MA0752.1",29,782,1.54255319148936,1.955,0.789029765467704,0.924627972924593,"ZNF410",1,"T3_PB_to_PC","closing","T3_PB_to_PC_closing",1,FALSE,-0.341846540754643
"MA0672.1",46,1184,2.4468085106383,2.96,0.826624496837263,0.924644749008658,"NKX2-3",1,"T3_PB_to_PC","closing","T3_PB_to_PC_closing",1,FALSE,-0.274694231303899
"MA1153.1",39,1020,2.07446808510638,2.55,0.81351689612015,0.924974797662348,"Smad4",1,"T3_PB_to_PC","closing","T3_PB_to_PC_closing",1,FALSE,-0.297754011608115
"MA1571.1",32,855,1.70212765957447,2.1375,0.796317033719049,0.925962752830759,"TGIF2LX",1,"T3_PB_to_PC","closing","T3_PB_to_PC_closing",1,FALSE,-0.328583365080566
"MA0036.3",32,857,1.70212765957447,2.1425,0.794458650909903,0.928006816995142,"GATA2",1,"T3_PB_to_PC","closing","T3_PB_to_PC_closing",1,FALSE,-0.331954145181895
"MA0771.1",44,1142,2.34042553191489,2.855,0.819763758989455,0.928959453590376,"HSF4",1,"T3_PB_to_PC","closing","T3_PB_to_PC_closing",1,FALSE,-0.28671812385095
"MA0669.1",32,858,1.70212765957447,2.145,0.793532708426325,0.929011347419339,"NEUROG2",1,"T3_PB_to_PC","closing","T3_PB_to_PC_closing",1,FALSE,-0.333636586449985
"MA0676.1",49,1260,2.6063829787234,3.15,0.8274231678487,0.929725220955251,"Nr2e1",1,"T3_PB_to_PC","closing","T3_PB_to_PC_closing",1,FALSE,-0.273300997688668
"MA0090.3",74,1842,3.93617021276596,4.605,0.854760089634301,0.932363876105534,"TEAD1",1,"T3_PB_to_PC","closing","T3_PB_to_PC_closing",1,FALSE,-0.226406859642701
"MA0820.1",114,2756,6.06382978723404,6.89,0.880091405984621,0.934683365626819,"FIGLA",1,"T3_PB_to_PC","closing","T3_PB_to_PC_closing",1,FALSE,-0.184273086300119
"MA0754.1",4,154,0.212765957446809,0.385,0.552638850511191,0.934723221321154,"CUX1",1,"T3_PB_to_PC","closing","T3_PB_to_PC_closing",1,FALSE,-0.855588497156137
"MA0775.1",60,1531,3.19148936170213,3.8275,0.833831315924788,0.940594736238405,"MEIS3",1,"T3_PB_to_PC","closing","T3_PB_to_PC_closing",1,FALSE,-0.26217080870774
"MA0072.1",40,1062,2.12765957446809,2.655,0.801378370797772,0.940918554074373,"RORA(var.2)",1,"T3_PB_to_PC","closing","T3_PB_to_PC_closing",1,FALSE,-0.319442722666458
"MA0774.1",55,1416,2.92553191489362,3.54,0.826421444885203,0.941607554282947,"MEIS2",1,"T3_PB_to_PC","closing","T3_PB_to_PC_closing",1,FALSE,-0.275048657861483
"MA1110.1",38,1017,2.02127659574468,2.5425,0.794995711207347,0.942934375002061,"NR1H4",1,"T3_PB_to_PC","closing","T3_PB_to_PC_closing",1,FALSE,-0.330979202710073
"MA0107.1",64,1647,3.40425531914894,4.1175,0.826777248123603,0.954059537293789,"RELA",1,"T3_PB_to_PC","closing","T3_PB_to_PC_closing",1,FALSE,-0.274427661780766
"MA0019.1",37,1011,1.96808510638298,2.5275,0.778668686996233,0.955583145547002,"Ddit3::Cebpa",1,"T3_PB_to_PC","closing","T3_PB_to_PC_closing",1,FALSE,-0.360916630519447
"MA0089.2",66,1697,3.51063829787234,4.2425,0.827492822126657,0.955769475616054,"NFE2L1",1,"T3_PB_to_PC","closing","T3_PB_to_PC_closing",1,FALSE,-0.273179553747575
"MA1568.1",16,493,0.851063829787234,1.2325,0.690518320314186,0.956204590836614,"TCF21(var.2)",1,"T3_PB_to_PC","closing","T3_PB_to_PC_closing",1,FALSE,-0.53424631410205
"MA0677.1",87,2190,4.62765957446809,5.475,0.845234625473623,0.958673848032188,"Nr2f6",1,"T3_PB_to_PC","closing","T3_PB_to_PC_closing",1,FALSE,-0.24257451879889
"MA0797.1",53,1403,2.81914893617021,3.5075,0.803748805750595,0.961318486128868,"TGIF2",1,"T3_PB_to_PC","closing","T3_PB_to_PC_closing",1,FALSE,-0.31518161111575
"MA1559.1",148,3599,7.87234042553191,8.9975,0.874947532707076,0.96499456820692,"SNAI3",1,"T3_PB_to_PC","closing","T3_PB_to_PC_closing",1,FALSE,-0.192729939419066
"MA0150.2",73,1883,3.88297872340426,4.7075,0.824849436729528,0.965751879776625,"Nfe2l2",1,"T3_PB_to_PC","closing","T3_PB_to_PC_closing",1,FALSE,-0.277795543710358
"MA0497.1",122,3015,6.48936170212766,7.5375,0.860943509403338,0.966845735725619,"MEF2C",1,"T3_PB_to_PC","closing","T3_PB_to_PC_closing",1,FALSE,-0.216007840527144
"MA0119.1",71,1840,3.77659574468085,4.6,0.82099907493062,0.967167895094237,"NFIC::TLX1",1,"T3_PB_to_PC","closing","T3_PB_to_PC_closing",1,FALSE,-0.284545741213114
"MA1597.1",105,2632,5.58510638297872,6.58,0.848800362154821,0.968690196363307,"ZNF528",1,"T3_PB_to_PC","closing","T3_PB_to_PC_closing",1,FALSE,-0.236501123398553
"MA1643.1",113,2826,6.01063829787234,7.065,0.850762674858081,0.971694057152548,"NFIB",1,"T3_PB_to_PC","closing","T3_PB_to_PC_closing",1,FALSE,-0.233169659168567
"MA0671.1",40,1116,2.12765957446809,2.79,0.762601998017235,0.972294222642616,"NFIX",1,"T3_PB_to_PC","closing","T3_PB_to_PC_closing",1,FALSE,-0.390995892152609
"MA0822.1",31,897,1.64893617021277,2.2425,0.735311558623307,0.972983759874443,"HES7",1,"T3_PB_to_PC","closing","T3_PB_to_PC_closing",1,FALSE,-0.443570469530554
"MA1148.1",91,2325,4.84042553191489,5.8125,0.83276138183482,0.973449289460194,"PPARA::RXRA",1,"T3_PB_to_PC","closing","T3_PB_to_PC_closing",1,FALSE,-0.264023195277567
"MA1576.1",91,2325,4.84042553191489,5.8125,0.83276138183482,0.973449289460194,"THRB(var.3)",1,"T3_PB_to_PC","closing","T3_PB_to_PC_closing",1,FALSE,-0.264023195277567
"MA0809.2",70,1835,3.72340425531915,4.5875,0.811641254565482,0.973520563026268,"TEAD4",1,"T3_PB_to_PC","closing","T3_PB_to_PC_closing",1,FALSE,-0.301084120298914
"MA0833.2",35,997,1.86170212765957,2.4925,0.746921615911565,0.973576044990162,"ATF4",1,"T3_PB_to_PC","closing","T3_PB_to_PC_closing",1,FALSE,-0.420969312948732
"MA0091.1",69,1814,3.67021276595745,4.535,0.809308217410683,0.974307403753932,"TAL1::TCF3",1,"T3_PB_to_PC","closing","T3_PB_to_PC_closing",1,FALSE,-0.305237068139559
"MA0856.1",69,1816,3.67021276595745,4.54,0.8084169088012,0.974916794124796,"RXRG",1,"T3_PB_to_PC","closing","T3_PB_to_PC_closing",1,FALSE,-0.306826812936543
"MA1581.1",156,3821,8.29787234042553,9.5525,0.868659758223034,0.975290967131402,"ZBTB6",1,"T3_PB_to_PC","closing","T3_PB_to_PC_closing",1,FALSE,-0.203135229683088
"MA0512.2",69,1818,3.67021276595745,4.545,0.807527561266765,0.975513609328942,"Rxra",1,"T3_PB_to_PC","closing","T3_PB_to_PC_closing",1,FALSE,-0.308414807874327
"MA0858.1",65,1724,3.45744680851064,4.31,0.802191834921262,0.975645443132968,"Rarb(var.2)",1,"T3_PB_to_PC","closing","T3_PB_to_PC_closing",1,FALSE,-0.317979014635872
"MA0670.1",45,1250,2.3936170212766,3.125,0.765957446808511,0.976987779095924,"NFIA",1,"T3_PB_to_PC","closing","T3_PB_to_PC_closing",1,FALSE,-0.384661966718029
"MA0018.4",70,1848,3.72340425531915,4.62,0.805931656995487,0.977341751113962,"CREB1",1,"T3_PB_to_PC","closing","T3_PB_to_PC_closing",1,FALSE,-0.311268801391745
"MA0643.1",61,1637,3.24468085106383,4.0925,0.792835882972225,0.97794813213275,"Esrrg",1,"T3_PB_to_PC","closing","T3_PB_to_PC_closing",1,FALSE,-0.334904016263805
"MA1580.1",20,633,1.06382978723404,1.5825,0.672246311048368,0.979012438007261,"ZBTB32",1,"T3_PB_to_PC","closing","T3_PB_to_PC_closing",1,FALSE,-0.572936015477117
"MA1531.1",82,2138,4.36170212765957,5.345,0.816034074398424,0.979365569740507,"NR1D1",1,"T3_PB_to_PC","closing","T3_PB_to_PC_closing",1,FALSE,-0.293296932184237
"MA1121.1",53,1452,2.81914893617021,3.63,0.77662505128656,0.97971579741384,"TEAD2",1,"T3_PB_to_PC","closing","T3_PB_to_PC_closing",1,FALSE,-0.364707992802498
"MA1150.1",39,1115,2.07446808510638,2.7875,0.744203797347581,0.980595126029093,"RORB",1,"T3_PB_to_PC","closing","T3_PB_to_PC_closing",1,FALSE,-0.426228404387051
"MA1608.1",16,532,0.851063829787234,1.33,0.639897616381379,0.980644969804374,"Isl1",1,"T3_PB_to_PC","closing","T3_PB_to_PC_closing",1,FALSE,-0.644084747946826
"MA0102.4",30,895,1.59574468085106,2.2375,0.713181980268632,0.981665294195356,"CEBPA",1,"T3_PB_to_PC","closing","T3_PB_to_PC_closing",1,FALSE,-0.487655820661172
"MA0495.3",57,1558,3.03191489361702,3.895,0.778412039439543,0.9822823899226,"MAFF",1,"T3_PB_to_PC","closing","T3_PB_to_PC_closing",1,FALSE,-0.361392217531439
"MA0800.1",56,1536,2.97872340425532,3.84,0.775709219858156,0.982764243577133,"EOMES",1,"T3_PB_to_PC","closing","T3_PB_to_PC_closing",1,FALSE,-0.366410285840294
"MA0483.1",112,2874,5.95744680851064,7.185,0.829150564858822,0.986250608356894,"Gfi1b",1,"T3_PB_to_PC","closing","T3_PB_to_PC_closing",1,FALSE,-0.270292251448825
"MA0092.1",55,1529,2.92553191489362,3.8225,0.765345170671973,0.986421981758628,"Hand1::Tcf3",1,"T3_PB_to_PC","closing","T3_PB_to_PC_closing",1,FALSE,-0.385815659827586
"MA1566.1",100,2597,5.31914893617021,6.4925,0.819275923938423,0.98658820995197,"TBX3",1,"T3_PB_to_PC","closing","T3_PB_to_PC_closing",1,FALSE,-0.287576914981168
"MA1601.1",127,3228,6.75531914893617,8.07,0.837090353028026,0.987208381945596,"ZNF75D",1,"T3_PB_to_PC","closing","T3_PB_to_PC_closing",1,FALSE,-0.256543020058251
"MA0821.1",27,840,1.43617021276596,2.1,0.683890577507599,0.987477827843953,"HES5",1,"T3_PB_to_PC","closing","T3_PB_to_PC_closing",1,FALSE,-0.548160472978998
"MA0482.2",48,1369,2.5531914893617,3.4225,0.746001896088152,0.988345083972102,"GATA4",1,"T3_PB_to_PC","closing","T3_PB_to_PC_closing",1,FALSE,-0.422746863650944
"MA0478.1",92,2424,4.8936170212766,6.06,0.807527561266765,0.988636416478369,"FOSL2",1,"T3_PB_to_PC","closing","T3_PB_to_PC_closing",1,FALSE,-0.308414807874327
"MA0607.1",11,425,0.585106382978723,1.0625,0.550688360450563,0.990669651444204,"Bhlha15",1,"T3_PB_to_PC","closing","T3_PB_to_PC_closing",1,FALSE,-0.860689359602655
"MA1468.1",29,910,1.54255319148936,2.275,0.678045358896423,0.991190530338599,"ATOH7",1,"T3_PB_to_PC","closing","T3_PB_to_PC_closing",1,FALSE,-0.560544179249161
"MA0783.1",72,1978,3.82978723404255,4.945,0.774476690402943,0.992107548406943,"PKNOX2",1,"T3_PB_to_PC","closing","T3_PB_to_PC_closing",1,FALSE,-0.36870441353373
"MA0505.1",128,3309,6.80851063829787,8.2725,0.823029391151148,0.993052215754796,"Nr5a2",1,"T3_PB_to_PC","closing","T3_PB_to_PC_closing",1,FALSE,-0.280982390420866
"MA0826.1",7,318,0.372340425531915,0.795,0.468352736518132,0.993281323646173,"OLIG1",1,"T3_PB_to_PC","closing","T3_PB_to_PC_closing",1,FALSE,-1.09432951988558
"MA1636.1",38,1159,2.02127659574468,2.8975,0.69759330310429,0.993825729188984,"CEBPG(var.2)",1,"T3_PB_to_PC","closing","T3_PB_to_PC_closing",1,FALSE,-0.519539836476578
"MA0596.1",69,1925,3.67021276595745,4.8125,0.762641613705443,0.993946881364683,"SREBF2",1,"T3_PB_to_PC","closing","T3_PB_to_PC_closing",1,FALSE,-0.390920949000511
"MA0673.1",37,1135,1.96808510638298,2.8375,0.693598275377261,0.993971464609607,"NKX2-8",1,"T3_PB_to_PC","closing","T3_PB_to_PC_closing",1,FALSE,-0.527825703551054
"MA0730.1",78,2151,4.14893617021277,5.3775,0.771536247366391,0.994654737954109,"RARA(var.2)",1,"T3_PB_to_PC","closing","T3_PB_to_PC_closing",1,FALSE,-0.374192287678337
"MA0861.1",28,911,1.48936170212766,2.2775,0.653945862624659,0.994777553122765,"TP73",1,"T3_PB_to_PC","closing","T3_PB_to_PC_closing",1,FALSE,-0.612754682623342
"MA1618.1",87,2371,4.62765957446809,5.9275,0.78071017705071,0.994957123241254,"Ptf1a",1,"T3_PB_to_PC","closing","T3_PB_to_PC_closing",1,FALSE,-0.357139170723493
"MA0818.1",5,270,0.265957446808511,0.675,0.394011032308905,0.996071342205507,"BHLHE22",1,"T3_PB_to_PC","closing","T3_PB_to_PC_closing",1,FALSE,-1.34368840762365
"MA1123.2",82,2270,4.36170212765957,5.675,0.768581872715344,0.996078873225424,"TWIST1",1,"T3_PB_to_PC","closing","T3_PB_to_PC_closing",1,FALSE,-0.379727267489966
"MA0796.1",46,1390,2.4468085106383,3.475,0.704117557018215,0.996271312232049,"TGIF1",1,"T3_PB_to_PC","closing","T3_PB_to_PC_closing",1,FALSE,-0.506109729630275
"MA0258.2",106,2847,5.63829787234043,7.1175,0.792173919542034,0.996291587080342,"ESR2",1,"T3_PB_to_PC","closing","T3_PB_to_PC_closing",1,FALSE,-0.336109069011042
"MA0106.3",23,798,1.22340425531915,1.995,0.613235215698822,0.996539712067469,"TP53",1,"T3_PB_to_PC","closing","T3_PB_to_PC_closing",1,FALSE,-0.705485194586271
"MA0142.1",52,1546,2.76595744680851,3.865,0.715642288954336,0.996609331103472,"Pou5f1::Sox2",1,"T3_PB_to_PC","closing","T3_PB_to_PC_closing",1,FALSE,-0.482687436856348
"MA1588.1",41,1269,2.18085106382979,3.1725,0.687423503177238,0.99661559496161,"ZNF136",1,"T3_PB_to_PC","closing","T3_PB_to_PC_closing",1,FALSE,-0.540726817541067
"MA0088.2",66,1894,3.51063829787234,4.735,0.741423082971983,0.996714156926454,"ZNF143",1,"T3_PB_to_PC","closing","T3_PB_to_PC_closing",1,FALSE,-0.431629117280928
"MA1550.1",72,2045,3.82978723404255,5.1125,0.749102637465536,0.996920980892054,"PPARD",1,"T3_PB_to_PC","closing","T3_PB_to_PC_closing",1,FALSE,-0.416762767505942
"MA0052.4",125,3318,6.64893617021277,8.295,0.80155951419081,0.99718251191413,"MEF2A",1,"T3_PB_to_PC","closing","T3_PB_to_PC_closing",1,FALSE,-0.319116653450282
"MA0808.1",50,1509,2.65957446808511,3.7725,0.704989918644163,0.997273476507548,"TEAD3",1,"T3_PB_to_PC","closing","T3_PB_to_PC_closing",1,FALSE,-0.504323421363753
"MA0117.2",36,1155,1.91489361702128,2.8875,0.663166620613429,0.997407932485562,"Mafb",1,"T3_PB_to_PC","closing","T3_PB_to_PC_closing",1,FALSE,-0.592554526414401
"MA0592.3",91,2522,4.84042553191489,6.305,0.767712217591577,0.997582506985871,"ESRRA",1,"T3_PB_to_PC","closing","T3_PB_to_PC_closing",1,FALSE,-0.381360607932957
"MA0745.2",148,3871,7.87234042553191,9.6775,0.813468398401645,0.997614798622522,"SNAI2",1,"T3_PB_to_PC","closing","T3_PB_to_PC_closing",1,FALSE,-0.297840020169139
"MA1111.1",74,2113,3.93617021276596,5.2825,0.745133973074483,0.997678538999536,"NR2F2",1,"T3_PB_to_PC","closing","T3_PB_to_PC_closing",1,FALSE,-0.424426317167608
"MA1567.1",80,2260,4.25531914893617,5.65,0.753153831670119,0.997708188894778,"TBX6",1,"T3_PB_to_PC","closing","T3_PB_to_PC_closing",1,FALSE,-0.408981613893669
"MA1565.1",137,3624,7.28723404255319,9.06,0.804330468272979,0.997882819614795,"TBX18",1,"T3_PB_to_PC","closing","T3_PB_to_PC_closing",1,FALSE,-0.314137930442805
"MA0842.2",31,1039,1.64893617021277,2.5975,0.634816619908668,0.998070653385796,"NRL",1,"T3_PB_to_PC","closing","T3_PB_to_PC_closing",1,FALSE,-0.655585922917679
"MA0668.1",5,292,0.265957446808511,0.73,0.3643252696007,0.998190956062809,"NEUROD2",1,"T3_PB_to_PC","closing","T3_PB_to_PC_closing",1,FALSE,-1.45669707110429
"MA1621.1",148,3897,7.87234042553191,9.7425,0.808041100901403,0.998229897568487,"Rbpjl",1,"T3_PB_to_PC","closing","T3_PB_to_PC_closing",1,FALSE,-0.307497632133898
"MA0114.4",74,2134,3.93617021276596,5.335,0.737801351971126,0.99830425549506,"HNF4A",1,"T3_PB_to_PC","closing","T3_PB_to_PC_closing",1,FALSE,-0.438693706814686
"MA1632.1",79,2262,4.20212765957447,5.655,0.743081814248359,0.998440627342622,"ATF2",1,"T3_PB_to_PC","closing","T3_PB_to_PC_closing",1,FALSE,-0.428405091327288
"MA1638.1",85,2412,4.52127659574468,6.03,0.749797113722169,0.998523972335408,"HAND2",1,"T3_PB_to_PC","closing","T3_PB_to_PC_closing",1,FALSE,-0.415425898665327
"MA0712.2",28,981,1.48936170212766,2.4525,0.607283058971523,0.998796138474186,"OTX2",1,"T3_PB_to_PC","closing","T3_PB_to_PC_closing",1,FALSE,-0.719556595524132
"MA0817.1",4,268,0.212765957446809,0.67,0.317561130517625,0.998829705292027,"BHLHE23",1,"T3_PB_to_PC","closing","T3_PB_to_PC_closing",1,FALSE,-1.65488921443379
"MA0484.2",72,2116,3.82978723404255,5.29,0.723967341028838,0.998954105078093,"HNF4G",1,"T3_PB_to_PC","closing","T3_PB_to_PC_closing",1,FALSE,-0.46600148492604
"MA0693.2",49,1541,2.6063829787234,3.8525,0.676543278059287,0.99900548656674,"VDR",1,"T3_PB_to_PC","closing","T3_PB_to_PC_closing",1,FALSE,-0.563743736966219
"MA0678.1",4,273,0.212765957446809,0.6825,0.311744992596056,0.999032968945792,"OLIG2",1,"T3_PB_to_PC","closing","T3_PB_to_PC_closing",1,FALSE,-1.68155708013781
"MA1649.1",71,2098,3.77659574468085,5.245,0.720037320244204,0.999060753997131,"ZBTB12",1,"T3_PB_to_PC","closing","T3_PB_to_PC_closing",1,FALSE,-0.473854406450271
"MA0503.1",79,2299,4.20212765957447,5.7475,0.731122689791121,0.999109044701517,"Nkx2-5(var.2)",1,"T3_PB_to_PC","closing","T3_PB_to_PC_closing",1,FALSE,-0.451812596298138
"MA0595.1",68,2028,3.61702127659574,5.07,0.713416425364052,0.999127682258166,"SREBF1",1,"T3_PB_to_PC","closing","T3_PB_to_PC_closing",1,FALSE,-0.487181640535844
"MA0782.2",92,2621,4.8936170212766,6.5525,0.746832052083418,0.999159613032146,"PKNOX1",1,"T3_PB_to_PC","closing","T3_PB_to_PC_closing",1,FALSE,-0.42114231753527
"MA0660.1",76,2232,4.04255319148936,5.58,0.724471898116373,0.999200941162144,"MEF2B",1,"T3_PB_to_PC","closing","T3_PB_to_PC_closing",1,FALSE,-0.464996374027782
"MA0501.1",57,1763,3.03191489361702,4.4075,0.687899011597736,0.999281561745552,"MAF::NFE2",1,"T3_PB_to_PC","closing","T3_PB_to_PC_closing",1,FALSE,-0.539729214924203
"MA0739.1",49,1562,2.6063829787234,3.905,0.667447625793445,0.999324704285037,"Hic1",1,"T3_PB_to_PC","closing","T3_PB_to_PC_closing",1,FALSE,-0.583271299533456
"MA0827.1",5,330,0.265957446808511,0.825,0.322372662798195,0.999547017921749,"OLIG3",1,"T3_PB_to_PC","closing","T3_PB_to_PC_closing",1,FALSE,-1.63319421114093
"MA1593.1",80,2369,4.25531914893617,5.9225,0.718500489478458,0.999562659619963,"ZNF317",1,"T3_PB_to_PC","closing","T3_PB_to_PC_closing",1,FALSE,-0.476936947444892
"MA0461.2",9,470,0.478723404255319,1.175,0.407424173834314,0.999590747118921,"Atoh1",1,"T3_PB_to_PC","closing","T3_PB_to_PC_closing",1,FALSE,-1.29539297112776
"MA0802.1",68,2074,3.61702127659574,5.185,0.69759330310429,0.999595004063293,"TBR1",1,"T3_PB_to_PC","closing","T3_PB_to_PC_closing",1,FALSE,-0.519539836476578
"MA0805.1",76,2287,4.04255319148936,5.7175,0.707049093395603,0.99967135526382,"TBX1",1,"T3_PB_to_PC","closing","T3_PB_to_PC_closing",1,FALSE,-0.500115663539721
"MA1114.1",115,3267,6.11702127659574,8.1675,0.74894659033924,0.999764342075825,"PBX3",1,"T3_PB_to_PC","closing","T3_PB_to_PC_closing",1,FALSE,-0.41706332921156
"MA1109.1",94,2797,5,6.9925,0.715051841258491,0.999880891093658,"NEUROD1",1,"T3_PB_to_PC","closing","T3_PB_to_PC_closing",1,FALSE,-0.483878236206501
"MA0773.1",94,2798,5,6.995,0.714796283059328,0.99988280156384,"MEF2D",1,"T3_PB_to_PC","closing","T3_PB_to_PC_closing",1,FALSE,-0.484393944173716
"MA0017.2",115,3318,6.11702127659574,8.295,0.737434753055545,0.999889247929959,"NR2F1",1,"T3_PB_to_PC","closing","T3_PB_to_PC_closing",1,FALSE,-0.439410730658618
"MA0801.1",67,2131,3.56382978723404,5.3275,0.668949748894236,0.999906089267298,"MGA",1,"T3_PB_to_PC","closing","T3_PB_to_PC_closing",1,FALSE,-0.580028097685269
"MA0803.1",67,2131,3.56382978723404,5.3275,0.668949748894236,0.999906089267298,"TBX15",1,"T3_PB_to_PC","closing","T3_PB_to_PC_closing",1,FALSE,-0.580028097685269
"MA0659.2",55,1823,2.92553191489362,4.5575,0.64191594402493,0.999910593279416,"MAFG",1,"T3_PB_to_PC","closing","T3_PB_to_PC_closing",1,FALSE,-0.639541452048979
"MA0688.1",68,2168,3.61702127659574,5.42,0.667347099002905,0.999923847445686,"TBX2",1,"T3_PB_to_PC","closing","T3_PB_to_PC_closing",1,FALSE,-0.583488605284616
"MA0623.2",4,346,0.212765957446809,0.865,0.245972205140819,0.999945355691443,"NEUROG1",1,"T3_PB_to_PC","closing","T3_PB_to_PC_closing",1,FALSE,-2.02342692938751
"MA0161.2",66,2140,3.51063829787234,5.35,0.656194074368662,0.999950997489242,"NFIC",1,"T3_PB_to_PC","closing","T3_PB_to_PC_closing",1,FALSE,-0.607803330367475
"MA0829.2",64,2127,3.40425531914894,5.3175,0.640198461523072,0.999977014511235,"SREBF1(var.2)",1,"T3_PB_to_PC","closing","T3_PB_to_PC_closing",1,FALSE,-0.643406631465787
"MA0631.1",19,885,1.01063829787234,2.2125,0.45678567135473,0.999980521882961,"Six3",1,"T3_PB_to_PC","closing","T3_PB_to_PC_closing",1,FALSE,-1.13040754018261
"MA0690.1",59,2026,3.13829787234043,5.065,0.61960471319653,0.999987663504304,"TBX21",1,"T3_PB_to_PC","closing","T3_PB_to_PC_closing",1,FALSE,-0.69057764804474
"MA1620.1",127,3773,6.75531914893617,9.4325,0.716174836886951,0.999991075445458,"Ptf1a(var.3)",1,"T3_PB_to_PC","closing","T3_PB_to_PC_closing",1,FALSE,-0.481614250609591
"MA0494.1",91,2877,4.84042553191489,7.1925,0.672982347155355,0.999991794291596,"Nr1h3::Rxra",1,"T3_PB_to_PC","closing","T3_PB_to_PC_closing",1,FALSE,-0.571357288823879
"MA0633.1",22,1011,1.17021276595745,2.5275,0.46299219226803,0.999992741098858,"Twist2",1,"T3_PB_to_PC","closing","T3_PB_to_PC_closing",1,FALSE,-1.11093711426008
"MA0860.1",77,2578,4.09574468085106,6.445,0.635491804631662,0.999997494547015,"Rarg(var.2)",1,"T3_PB_to_PC","closing","T3_PB_to_PC_closing",1,FALSE,-0.654052304481653
"MA0857.1",103,3271,5.47872340425532,8.1775,0.669975347509058,0.999998388695644,"Rarb",1,"T3_PB_to_PC","closing","T3_PB_to_PC_closing",1,FALSE,-0.577817930561304
"MA1642.1",81,2710,4.30851063829787,6.775,0.635942529638062,0.999998556918237,"NEUROG2(var.2)",1,"T3_PB_to_PC","closing","T3_PB_to_PC_closing",1,FALSE,-0.653029431780519
"MA0859.1",102,3302,5.42553191489362,8.255,0.657241903681843,0.999999443933286,"Rarg",1,"T3_PB_to_PC","closing","T3_PB_to_PC_closing",1,FALSE,-0.605501434884334
"MA0698.1",96,3148,5.1063829787234,7.87,0.64884154748709,0.999999448245571,"ZBTB18",1,"T3_PB_to_PC","closing","T3_PB_to_PC_closing",1,FALSE,-0.624059668309975
"MA0496.3",143,4362,7.6063829787234,10.905,0.697513340552353,0.999999651272123,"MAFK",1,"T3_PB_to_PC","closing","T3_PB_to_PC_closing",1,FALSE,-0.519705216538967
"MA0729.1",72,2573,3.82978723404255,6.4325,0.595380837006227,0.999999829610091,"RARA",1,"T3_PB_to_PC","closing","T3_PB_to_PC_closing",1,FALSE,-0.74811288416249
"MA0728.1",113,3661,6.01063829787234,9.1525,0.656720928475536,0.999999873457064,"Nr2f6(var.2)",1,"T3_PB_to_PC","closing","T3_PB_to_PC_closing",1,FALSE,-0.606645466090584
"MA1587.1",230,6597,12.2340425531915,16.4925,0.741794303664786,0.999999946587973,"ZNF135",1,"T3_PB_to_PC","closing","T3_PB_to_PC_closing",1,FALSE,-0.430906960776516
"MA0513.1",110,3753,5.85106382978723,9.3825,0.623614583510497,0.999999995856576,"SMAD2::SMAD3::SMAD4",1,"T3_PB_to_PC","closing","T3_PB_to_PC_closing",1,FALSE,-0.681271114939531
"MA1108.2",52,2216,2.76595744680851,5.54,0.499270297257854,0.999999998725181,"MXI1",1,"T3_PB_to_PC","closing","T3_PB_to_PC_closing",1,FALSE,-1.00210412531935
"MA0806.1",41,1898,2.18085106382979,4.745,0.459610340111652,0.999999998971374,"TBX4",1,"T3_PB_to_PC","closing","T3_PB_to_PC_closing",1,FALSE,-1.12151370046946
"MA0807.1",41,1898,2.18085106382979,4.745,0.459610340111652,0.999999998971374,"TBX5",1,"T3_PB_to_PC","closing","T3_PB_to_PC_closing",1,FALSE,-1.12151370046946
"MA1547.1",67,3174,3.56382978723404,7.935,0.449127887490113,0.999999999999999,"PITX2",1,"T3_PB_to_PC","closing","T3_PB_to_PC_closing",1,FALSE,-1.1547985771822
"MA0087.1",0,0,0,0,NA,1,"Sox5",1,"T3_PB_to_PC","closing","T3_PB_to_PC_closing",1,FALSE,NA
