"transition","gene_name","module","peak_id","tier","distance_bp","peak_log2FC","gene_biotype"
"T1_MBC_to_prePB","IFI6","blue","chr1-27683478-27683734","proximal",11388.5,10.6913163789624,"protein_coding"
"T1_MBC_to_prePB","LGALS3BP","blue","chr17-78965959-78966428","proximal",13915,3.63643373958308,"protein_coding"
"T1_MBC_to_prePB","LGALS3BP","blue","chr17-78965501-78965791","proximal",14462.5,2.3757620442306,"protein_coding"
"T1_MBC_to_prePB","LGALS3BP","blue","chr17-78997622-78997886","proximal",17645.5,4.21293544490571,"protein_coding"
"T1_MBC_to_prePB","MALAT1","blue","chr11-65479433-65479714","proximal",18188,0.716108247297884,"lincRNA"
"T1_MBC_to_prePB","XAF1","blue","chr17-6734839-6735325","proximal",20364.5,4.23950538748771,"protein_coding"
"T1_MBC_to_prePB","IFI6","blue","chr1-27692458-27692875","proximal",20449,1.71873111166303,"protein_coding"
"T1_MBC_to_prePB","IFI6","blue","chr1-27692981-27693667","proximal",21106.5,2.67673859136989,"protein_coding"
"T1_MBC_to_prePB","LGALS3BP","blue","chr17-79008864-79009133","proximal",28890,4.01435426908304,"protein_coding"
"T1_MBC_to_prePB","ISG15","blue","chr1-967866-968140","proximal",33134.5,11.1147431596788,"protein_coding"
"T1_MBC_to_prePB","LGALS3BP","blue","chr17-79014518-79014947","proximal",34624,3.66578155620175,"protein_coding"
"T1_MBC_to_prePB","LGALS3BP","blue","chr17-79023939-79024277","proximal",43999.5,4.45694893145522,"protein_coding"
"T1_MBC_to_prePB","ITGA6","blue","chr2-172379569-172380212","proximal",47463,11.8334458775457,"protein_coding"
"T1_MBC_to_prePB","MALAT1","blue","chr11-65547495-65547764","proximal",49868,1.36795901836474,"lincRNA"
"T1_MBC_to_prePB","MALAT1","blue","chr11-65548277-65548760","distal",50757,3.5149100920325,"lincRNA"
"T1_MBC_to_prePB","MALAT1","blue","chr11-65548818-65549138","distal",51216.5,10.8017354972443,"lincRNA"
"T1_MBC_to_prePB","RP11-16E12.2","blue","chr15-31284021-31284443","distal",53394.5,2.79620540700283,"lincRNA"
"T1_MBC_to_prePB","TNFSF10","blue","chr3-172468272-172468540","distal",55100.5,4.77241554936574,"protein_coding"
"T1_MBC_to_prePB","IFIT3","blue","chr10-89264420-89264802","distal",63282.5,2.53380851607925,"protein_coding"
"T1_MBC_to_prePB","MALAT1","blue","chr11-65430456-65430801","distal",67133,6.98913081113284,"lincRNA"
"T1_MBC_to_prePB","IFI6","blue","chr1-27744913-27745175","distal",72826.5,2.20714404563665,"protein_coding"
"T1_MBC_to_prePB","ITGA6","blue","chr2-172508979-172509229","distal",81750.5,11.2648330420223,"protein_coding"
"T1_MBC_to_prePB","MALAT1","blue","chr11-65405933-65406219","distal",91685.5,2.59939859421542,"lincRNA"
"T1_MBC_to_prePB","MALAT1","blue","chr11-65405417-65405721","distal",92192.5,1.52147917039293,"lincRNA"
"T1_MBC_to_prePB","LGALS3BP","blue","chr17-79075569-79075832","distal",95592,5.72714425344812,"protein_coding"
"T1_MBC_to_prePB","RP11-284N8.3","blue","chr1-110752949-110753212","distal",96041,11.5219823540272,"lincRNA"
"T1_MBC_to_prePB","RP11-284N8.3","blue","chr1-110757467-110758054","distal",100721,11.8193497003547,"lincRNA"
"T1_MBC_to_prePB","MALAT1","blue","chr11-65601197-65601476","distal",103575,5.95683525058271,"lincRNA"
"T1_MBC_to_prePB","MALAT1","blue","chr11-65393501-65393780","distal",104121,3.62260795651979,"lincRNA"
"T1_MBC_to_prePB","LGALS3BP","blue","chr17-79093435-79093704","distal",113461,4.8762426119731,"protein_coding"
"T1_MBC_to_prePB","LGALS3BP","blue","chr17-78865937-78866262","distal",114009,12.008045199506,"protein_coding"
"T1_MBC_to_prePB","MALAT1","blue","chr11-65617219-65618047","distal",119871.5,3.75700637667138,"lincRNA"
"T1_MBC_to_prePB","ISG15","blue","chr1-873402-873924","distal",127474.5,2.98134743222157,"protein_coding"
"T1_MBC_to_prePB","IFIT1","blue","chr10-89264420-89264802","distal",127934.5,2.53380851607925,"protein_coding"
"T1_MBC_to_prePB","MALAT1","blue","chr11-65627748-65628014","distal",130119.5,5.87764156937952,"lincRNA"
"T1_MBC_to_prePB","IFI6","blue","chr1-27807910-27808294","distal",135884.5,3.70398176930954,"protein_coding"
"T1_MBC_to_prePB","LGALS3BP","blue","chr17-79116580-79116843","distal",136603,3.66712003484065,"protein_coding"
"T1_MBC_to_prePB","RP11-16E12.2","blue","chr15-31373774-31374281","distal",143190,3.0703814120921,"lincRNA"
"T1_MBC_to_prePB","MALAT1","blue","chr11-65641042-65641342","distal",143430.5,5.65882456148491,"lincRNA"
"T1_MBC_to_prePB","LGALS3BP","blue","chr17-78830318-78830579","distal",149660,11.9340716293991,"protein_coding"
"T1_MBC_to_prePB","MALAT1","blue","chr11-65344978-65345319","distal",152613,11.0455447800574,"lincRNA"
"T1_MBC_to_prePB","MALAT1","blue","chr11-65343416-65343682","distal",154212.5,11.1662484768856,"lincRNA"
"T1_MBC_to_prePB","MALAT1","blue","chr11-65341685-65342010","distal",155914,2.02278755085953,"lincRNA"
"T1_MBC_to_prePB","MALAT1","blue","chr11-65655858-65656162","distal",158248.5,4.09895200890713,"lincRNA"
"T1_MBC_to_prePB","LGALS3BP","blue","chr17-78820118-78820394","distal",159852.5,4.03980408180239,"protein_coding"
"T1_MBC_to_prePB","MALAT1","blue","chr11-65337574-65337833","distal",160058,4.91077599002272,"lincRNA"
"T1_MBC_to_prePB","XAF1","blue","chr17-6915678-6915956","distal",160370.5,2.41025360281062,"protein_coding"
"T1_MBC_to_prePB","XAF1","blue","chr17-6917972-6918255","distal",162667,1.2284973921261,"protein_coding"
"T1_MBC_to_prePB","MALAT1","blue","chr11-65667903-65668168","distal",170274,5.87518080520805,"lincRNA"
"T1_MBC_to_prePB","XAF1","blue","chr17-6926954-6927222","distal",171641.5,5.26840275852087,"protein_coding"
"T1_MBC_to_prePB","LGALS3BP","blue","chr17-78806858-78807118","distal",173120.5,4.9859910798129,"protein_coding"
"T1_MBC_to_prePB","MALAT1","blue","chr11-65319596-65319909","distal",178009,3.4584229332532,"lincRNA"
"T1_MBC_to_prePB","MALAT1","blue","chr11-65313859-65314140","distal",183762,2.96974761255075,"lincRNA"
"T1_MBC_to_prePB","IFIT1","blue","chr10-89577879-89578150","distal",185469,6.83983829638555,"protein_coding"
"T1_MBC_to_prePB","MALAT1","blue","chr11-65686727-65686984","distal",189094,2.47880643182697,"lincRNA"
"T1_MBC_to_prePB","MALAT1","blue","chr11-65307406-65307656","distal",190230.5,12.3117786190035,"lincRNA"
"T1_MBC_to_prePB","RP11-16E12.2","blue","chr15-31421446-31421762","distal",190766.5,3.08134521016324,"lincRNA"
"T1_MBC_to_prePB","XAF1","blue","chr17-6946856-6947455","distal",191709,3.99309761693322,"protein_coding"
"T1_MBC_to_prePB","IFI6","blue","chr1-27478593-27478925","distal",193458.5,10.748397464063,"protein_coding"
"T1_MBC_to_prePB","XAF1","blue","chr17-6955456-6955774","distal",200168.5,4.11901833936476,"protein_coding"
"T1_MBC_to_prePB","XAF1","blue","chr17-6554787-6555088","distal",200509,3.82338455621528,"protein_coding"
"T1_MBC_to_prePB","MALAT1","blue","chr11-65292534-65292836","distal",205076.5,4.76839631128564,"lincRNA"
"T1_MBC_to_prePB","ISG15","blue","chr1-1209422-1209703","distal",208425,11.6331695209439,"protein_coding"
"T1_MBC_to_prePB","XAF1","blue","chr17-6544030-6544385","distal",211239,1.58798698679536,"protein_coding"
"T1_MBC_to_prePB","LGALS3BP","blue","chr17-79197003-79197326","distal",217056,1.98571325147855,"protein_coding"
"T1_MBC_to_prePB","HIST1H2BK","blue","chr6-26924642-26924921","distal",222016,3.55707593603481,"protein_coding"
"T1_MBC_to_prePB","IFIT1","blue","chr10-89623181-89623496","distal",230793,1.31660192885143,"protein_coding"
"T1_MBC_to_prePB","MALAT1","blue","chr11-65264868-65265425","distal",232615,3.97559235036158,"lincRNA"
"T1_MBC_to_prePB","LGALS3BP","blue","chr17-79215497-79215753","distal",235516.5,2.97644032079301,"protein_coding"
"T1_MBC_to_prePB","MALAT1","blue","chr11-65259322-65259612","distal",238294.5,3.11808331445006,"lincRNA"
"T1_MBC_to_prePB","LGALS3BP","blue","chr17-79218576-79219145","distal",238752,3.74255642550878,"protein_coding"
"T1_MBC_to_prePB","ISG15","blue","chr1-1243919-1244211","distal",242927.5,11.801190934912,"protein_coding"
"T1_MBC_to_prePB","IFIT3","blue","chr10-89577879-89578150","distal",250121,6.83983829638555,"protein_coding"
"T1_MBC_to_prePB","MALAT1","blue","chr11-65244941-65245204","distal",252689,4.00344396804739,"lincRNA"
"T1_MBC_to_prePB","IFI27","blue","chr14-94359235-94359588","distal",254576,3.88100974987109,"protein_coding"
"T1_MBC_to_prePB","IFI27","blue","chr14-94373019-94373335","distal",268341.5,3.66765844850768,"protein_coding"
"T1_MBC_to_prePB","MALAT1","blue","chr11-65770136-65770450","distal",272531.5,11.3058359904666,"lincRNA"
"T1_MBC_to_prePB","MALAT1","blue","chr11-65222506-65222772","distal",275122.5,5.84560964773244,"lincRNA"
"T1_MBC_to_prePB","RP11-16E12.2","blue","chr15-31507755-31508025","distal",277052.5,3.21642260522283,"lincRNA"
"T1_MBC_to_prePB","ISG15","blue","chr1-1283095-1283552","distal",282186,10.7411529807443,"protein_coding"
"T1_MBC_to_prePB","RP11-16E12.2","blue","chr15-31521446-31521721","distal",290746,3.81376468561938,"lincRNA"
"T1_MBC_to_prePB","HIST1H2BK","blue","chr6-27440721-27441009","distal",294067.5,4.13167481973955,"protein_coding"
"T1_MBC_to_prePB","IFIT3","blue","chr10-89623181-89623496","distal",295445,1.31660192885143,"protein_coding"
"T1_MBC_to_prePB","HIST1H2BK","blue","chr6-27447078-27447611","distal",300547,3.46062980151802,"protein_coding"
"T1_MBC_to_prePB","IFI27","blue","chr14-94406000-94406267","distal",301298,2.53132595645142,"protein_coding"
"T1_MBC_to_prePB","LGALS3BP","blue","chr17-79282956-79283495","distal",303117,3.27361684499213,"protein_coding"
"T1_MBC_to_prePB","IFI27","blue","chr14-93799364-93799653","distal",305327,3.210038443757,"protein_coding"
"T1_MBC_to_prePB","MALAT1","blue","chr11-65190374-65190666","distal",307241.5,12.1928405034236,"lincRNA"
"T1_MBC_to_prePB","MALAT1","blue","chr11-65190066-65190331","distal",307563,5.4752900729287,"lincRNA"
"T1_MBC_to_prePB","MALAT1","blue","chr11-65189588-65189875","distal",308030,2.34257495734852,"lincRNA"
"T1_MBC_to_prePB","MALAT1","blue","chr11-65183867-65184126","distal",313765,3.30967905409287,"lincRNA"
"T1_MBC_to_prePB","RASSF6","blue","chr4-73935295-73935561","distal",314797.5,7.31327970388426,"protein_coding"
"T1_MBC_to_prePB","MALAT1","blue","chr11-65812646-65812912","distal",315017.5,5.38358288656545,"lincRNA"
"T1_MBC_to_prePB","IFI27","blue","chr14-94425737-94425996","distal",321031,1.36939100629779,"protein_coding"
"T1_MBC_to_prePB","MALAT1","blue","chr11-65819563-65819840","distal",321940,8.15551091250819,"lincRNA"
"T1_MBC_to_prePB","RP11-284N8.3","blue","chr1-110333422-110333732","distal",323462.5,2.34263082185971,"lincRNA"
"T1_MBC_to_prePB","XAF1","blue","chr17-7080817-7081142","distal",325533,4.50092382000883,"protein_coding"
"T1_MBC_to_prePB","RP11-16E12.2","blue","chr15-31558762-31559115","distal",328101,11.4195015278933,"lincRNA"
"T1_MBC_to_prePB","ISG15","blue","chr1-1333635-1333993","distal",332676.5,10.7048962944686,"protein_coding"
"T1_MBC_to_prePB","IFI6","blue","chr1-27339276-27339543","distal",332808,1.80490179655434,"protein_coding"
"T1_MBC_to_prePB","MALAT1","blue","chr11-65837654-65837919","distal",340025,2.87716796724666,"lincRNA"
"T1_MBC_to_prePB","LGALS3BP","blue","chr17-79320023-79320293","distal",340049.5,5.49503471079975,"protein_coding"
"T1_MBC_to_prePB","MALAT1","blue","chr11-65153892-65154167","distal",343732,5.76886428341805,"lincRNA"
"T1_MBC_to_prePB","MALAT1","blue","chr11-65149765-65150041","distal",347858.5,6.43020306473501,"lincRNA"
"T1_MBC_to_prePB","ISG15","blue","chr1-1361204-1361969","distal",360449,11.0781166624953,"protein_coding"
"T1_MBC_to_prePB","XAF1","blue","chr17-7117663-7118406","distal",362588,1.18741294307201,"protein_coding"
"T1_MBC_to_prePB","IFI27","blue","chr14-94468053-94468334","distal",363358,3.82587888014659,"protein_coding"
"T1_MBC_to_prePB","IFIT3","blue","chr10-88963283-88963545","distal",364479.5,3.78340488762775,"protein_coding"
"T1_MBC_to_prePB","XAF1","blue","chr17-7123091-7123370","distal",367784,2.91794577389326,"protein_coding"
"T1_MBC_to_prePB","RSAD2","blue","chr2-7237452-7237841","distal",371841,2.01909720664183,"protein_coding"
"T1_MBC_to_prePB","ISG15","blue","chr1-1373440-1373706","distal",372435.5,10.7704005705688,"protein_coding"
"T1_MBC_to_prePB","XAF1","blue","chr17-6376526-6376875","distal",378746,3.76119357769428,"protein_coding"
"T1_MBC_to_prePB","IFI27","blue","chr14-94492544-94492804","distal",387838.5,5.34107306558077,"protein_coding"
"T1_MBC_to_prePB","RP11-16E12.2","blue","chr15-31618575-31618991","distal",387945.5,1.89139956049452,"lincRNA"
"T1_MBC_to_prePB","RP11-16E12.2","blue","chr15-31620680-31620960","distal",389982.5,1.95466804237596,"lincRNA"
"T1_MBC_to_prePB","XAF1","blue","chr17-7146246-7146526","distal",390939.5,4.04406059358404,"protein_coding"
"T1_MBC_to_prePB","LGALS3BP","blue","chr17-79375756-79376011","distal",395775,10.7690891594902,"protein_coding"
"T1_MBC_to_prePB","XAF1","blue","chr17-7155380-7155645","distal",400066,6.52643634215584,"protein_coding"
"T1_MBC_to_prePB","RP11-16E12.2","blue","chr15-31630739-31631248","distal",400156,4.49259414547834,"lincRNA"
"T1_MBC_to_prePB","LGALS3BP","blue","chr17-78579425-78580025","distal",400383.5,4.28988035632065,"protein_coding"
"T1_MBC_to_prePB","XAF1","blue","chr17-6347449-6347755","distal",407844.5,5.42170929865238,"protein_coding"
"T1_MBC_to_prePB","ITGA6","blue","chr2-172017590-172017887","distal",409615,3.39948732009501,"protein_coding"
"T1_MBC_to_prePB","MALAT1","blue","chr11-65083086-65083363","distal",414537,4.48308507814643,"lincRNA"
"T1_MBC_to_prePB","RP11-16E12.2","blue","chr15-31645713-31646022","distal",415030,10.5865833844507,"lincRNA"
"T1_MBC_to_prePB","XAF1","blue","chr17-7183942-7184211","distal",428630,1.57581792431378,"protein_coding"
"T1_MBC_to_prePB","IFIT1","blue","chr10-88963283-88963545","distal",429131.5,3.78340488762775,"protein_coding"
"T1_MBC_to_prePB","XAF1","blue","chr17-7184766-7185029","distal",429451,6.22080336534444,"protein_coding"
"T1_MBC_to_prePB","LGALS3BP","blue","chr17-78549194-78549447","distal",430788,2.34707755764125,"protein_coding"
"T1_MBC_to_prePB","IFI27","blue","chr14-93673287-93673724","distal",431330,6.64388676536334,"protein_coding"
"T1_MBC_to_prePB","ITGA6","blue","chr2-172864718-172865007","distal",437509,6.58025209818463,"protein_coding"
"T1_MBC_to_prePB","XAF1","blue","chr17-7197897-7198438","distal",442721,2.54355298936653,"protein_coding"
"T1_MBC_to_prePB","HIST1H2BK","blue","chr6-27598675-27598944","distal",452012,10.8639140021204,"protein_coding"
"T1_MBC_to_prePB","IFI27","blue","chr14-93650930-93651728","distal",453506.5,3.81374476817328,"protein_coding"
"T1_MBC_to_prePB","XAF1","blue","chr17-7211105-7211401","distal",455806.5,11.4216522024644,"protein_coding"
"T1_MBC_to_prePB","XAF1","blue","chr17-7216829-7217405","distal",461670.5,11.1325398769253,"protein_coding"
"T1_MBC_to_prePB","MALAT1","blue","chr11-65029181-65029446","distal",468448,5.76908547561724,"lincRNA"
"T1_MBC_to_prePB","LGALS3BP","blue","chr17-79451291-79451582","distal",471328,1.55802249601813,"protein_coding"
"T1_MBC_to_prePB","XAF1","blue","chr17-7227570-7227830","distal",472253.5,4.16181762531469,"protein_coding"
"T1_MBC_to_prePB","IFIT3","blue","chr10-88855160-88855426","distal",472600.5,4.64719626483804,"protein_coding"
"T1_MBC_to_prePB","LGALS3BP","blue","chr17-79454929-79455191","distal",474951.5,5.30812304859587,"protein_coding"
"T1_MBC_to_prePB","XAF1","blue","chr17-7232812-7233110","distal",477514.5,4.81129769131028,"protein_coding"
"T1_MBC_to_prePB","IFIT1","blue","chr10-89874286-89874562","distal",481878.5,3.45707810125754,"protein_coding"
"T1_MBC_to_prePB","IFI6","blue","chr1-27189273-27189545","distal",482808.5,2.64651533924253,"protein_coding"
"T1_MBC_to_prePB","RP11-16E12.2","blue","chr15-31727512-31727786","distal",496811.5,4.14018700234649,"lincRNA"
"T1_MBC_to_prePB","IFI27","blue","chr14-94602989-94603341","distal",498329.5,3.31011073979612,"protein_coding"
"T1_MBC_to_prePB","RP11-16E12.2","blue","chr15-31729884-31730225","distal",499217,2.86613177024722,"lincRNA"
"T1_MBC_to_prePB","LGALS3BP","blue","chr17-79479734-79480009","distal",499763,1.39457104433274,"protein_coding"
"T1_MBC_to_prePB","XAF1","blue","chr17-7255182-7255709","distal",499999,1.61301480581582,"protein_coding"
"T1_MBC_to_prePB","STAT5A","yellow","chr17-42287755-42288027","promoter",344.5,2.67736776464996,"protein_coding"
"T1_MBC_to_prePB","PAX5","yellow","chr9-37037593-37037982","proximal",3603,4.09397244781213,"protein_coding"
"T1_MBC_to_prePB","LTA","yellow","chr6-31566377-31566652","proximal",5539,3.25608908993448,"protein_coding"
"T1_MBC_to_prePB","BIRC3","yellow","chr11-102323308-102323826","proximal",6117.5,5.80331964136705,"protein_coding"
"T1_MBC_to_prePB","PAX5","yellow","chr9-37027589-37027860","proximal",6460,5.30454427020998,"protein_coding"
"T1_MBC_to_prePB","CCL17","yellow","chr16-57411210-57411522","proximal",6599.5,4.06594737394183,"protein_coding"
"T1_MBC_to_prePB","CCR7","yellow","chr17-40558122-40558376","proximal",7222.5,3.5889896298883,"protein_coding"
"T1_MBC_to_prePB","TNF","yellow","chr6-31566377-31566652","proximal",9052,3.25608908993448,"protein_coding"
"T1_MBC_to_prePB","STAT5A","yellow","chr17-42277392-42277833","proximal",9934,5.70305460583327,"protein_coding"
"T1_MBC_to_prePB","STAT5A","yellow","chr17-42298543-42299003","proximal",11226.5,2.01811780061332,"protein_coding"
"T1_MBC_to_prePB","STAT5A","yellow","chr17-42299073-42299760","proximal",11870,4.35700274235287,"protein_coding"
"T1_MBC_to_prePB","CD40","yellow","chr20-46130479-46130806","proximal",12371,5.53510613076369,"protein_coding"
"T1_MBC_to_prePB","SPIB","yellow","chr19-50432196-50432535","proximal",13428,12.0076688081868,"protein_coding"
"T1_MBC_to_prePB","SPIB","yellow","chr19-50398470-50398807","proximal",20299,3.96615518624912,"protein_coding"
"T1_MBC_to_prePB","SPIB","yellow","chr19-50440967-50441234","proximal",22163,2.92479459347646,"protein_coding"
"T1_MBC_to_prePB","LTA","yellow","chr6-31548617-31548900","proximal",23295,2.72256628214151,"protein_coding"
"T1_MBC_to_prePB","CCR7","yellow","chr17-40540589-40540892","proximal",24731,5.81559859066599,"protein_coding"
"T1_MBC_to_prePB","SPIB","yellow","chr19-50393894-50394152","proximal",24914.5,3.55435563523495,"protein_coding"
"T1_MBC_to_prePB","TNF","yellow","chr6-31548617-31548900","proximal",26808,2.72256628214151,"protein_coding"
"T1_MBC_to_prePB","LTA","yellow","chr6-31544775-31545135","proximal",27098.5,2.83164114374328,"protein_coding"
"T1_MBC_to_prePB","LTA","yellow","chr6-31543162-31543802","proximal",28571.5,4.04130379273564,"protein_coding"
"T1_MBC_to_prePB","TNF","yellow","chr6-31544775-31545135","proximal",30611.5,2.83164114374328,"protein_coding"
"T1_MBC_to_prePB","LTA","yellow","chr6-31539992-31540527","proximal",31794,5.33848446511456,"protein_coding"
"T1_MBC_to_prePB","TNF","yellow","chr6-31543162-31543802","proximal",32084.5,4.04130379273564,"protein_coding"
"T1_MBC_to_prePB","TNF","yellow","chr6-31539992-31540527","proximal",35307,5.33848446511456,"protein_coding"
"T1_MBC_to_prePB","SPIB","yellow","chr19-50380914-50381422","proximal",37769.5,7.34984290010484,"protein_coding"
"T1_MBC_to_prePB","BATF3","yellow","chr1-212661932-212662190","proximal",37923.5,11.1317092279354,"protein_coding"
"T1_MBC_to_prePB","AHR","yellow","chr7-17337975-17338229","proximal",39480.5,11.3429897342789,"protein_coding"
"T1_MBC_to_prePB","CCL22","yellow","chr16-57318338-57318790","proximal",40207.5,3.59441561180746,"protein_coding"
"T1_MBC_to_prePB","BATF3","yellow","chr1-212740423-212740673","proximal",40563.5,11.4868127268424,"protein_coding"
"T1_MBC_to_prePB","BHLHE40","yellow","chr3-5019915-5020429","proximal",41056.5,2.83392745414845,"protein_coding"
"T1_MBC_to_prePB","BHLHE40","yellow","chr3-5021992-5022270","proximal",43015.5,3.96960681477131,"protein_coding"
"T1_MBC_to_prePB","CCR7","yellow","chr17-40610644-40610932","proximal",45316.5,2.1603986204825,"protein_coding"
"T1_MBC_to_prePB","BHLHE40","yellow","chr3-5025767-5026037","proximal",46786.5,1.87014404131613,"protein_coding"
"T1_MBC_to_prePB","SPIB","yellow","chr19-50370603-50370904","proximal",48184,1.17388142889404,"protein_coding"
"T1_MBC_to_prePB","BHLHE40","yellow","chr3-5028426-5028730","proximal",49462.5,5.47502860721356,"protein_coding"
"T1_MBC_to_prePB","RAB13","yellow","chr1-153935728-153936012","distal",50487.5,11.8359800128323,"protein_coding"
"T1_MBC_to_prePB","CCL22","yellow","chr16-57411210-57411522","distal",52594.5,4.06594737394183,"protein_coding"
"T1_MBC_to_prePB","CD40","yellow","chr20-46063125-46063401","distal",55008.5,3.59638558203025,"protein_coding"
"T1_MBC_to_prePB","CD22","yellow","chr19-35263955-35264230","distal",55168,4.04593031438488,"protein_coding"
"T1_MBC_to_prePB","SPIB","yellow","chr19-50353958-50354246","distal",64835.5,3.48701624038761,"protein_coding"
"T1_MBC_to_prePB","PAX5","yellow","chr9-36968780-36969030","distal",65279.5,10.9912609887371,"protein_coding"
"T1_MBC_to_prePB","STAT5A","yellow","chr17-42219790-42220062","distal",67620.5,4.52422251899647,"protein_coding"
"T1_MBC_to_prePB","BHLHE40","yellow","chr3-4910062-4910357","distal",68906,4.98694729744963,"protein_coding"
"T1_MBC_to_prePB","PEA15","yellow","chr1-160132180-160132441","distal",73026,10.8477860139915,"protein_coding"
"T1_MBC_to_prePB","CCL22","yellow","chr16-57278809-57279153","distal",79790.5,6.17336708447692,"protein_coding"
"T1_MBC_to_prePB","BATF3","yellow","chr1-212781802-212782222","distal",82027.5,1.22319994636721,"protein_coding"
"T1_MBC_to_prePB","BATF3","yellow","chr1-212782752-212783156","distal",82969.5,1.84263882335496,"protein_coding"
"T1_MBC_to_prePB","CCL17","yellow","chr16-57318338-57318790","distal",86202.5,3.59441561180746,"protein_coding"
"T1_MBC_to_prePB","BHLHE40","yellow","chr3-5068383-5068686","distal",89419,2.93044381570891,"protein_coding"
"T1_MBC_to_prePB","CCR7","yellow","chr17-40474897-40475186","distal",90430,3.20300076836937,"protein_coding"
"T1_MBC_to_prePB","CCL17","yellow","chr16-57496422-57496680","distal",91784.5,4.59797178482379,"protein_coding"
"T1_MBC_to_prePB","CAPG","yellow","chr2-85512623-85512885","distal",94322.5,1.54604675860119,"protein_coding"
"T1_MBC_to_prePB","STAT5A","yellow","chr17-42193004-42193305","distal",94392,10.4894183005283,"protein_coding"
"T1_MBC_to_prePB","TNF","yellow","chr6-31670883-31671171","distal",95460.5,5.91879655723929,"protein_coding"
"T1_MBC_to_prePB","STAT5A","yellow","chr17-42385772-42386062","distal",98370.5,4.66355032293114,"protein_coding"
"T1_MBC_to_prePB","LTA","yellow","chr6-31670883-31671171","distal",98973.5,5.91879655723929,"protein_coding"
"T1_MBC_to_prePB","BIRC3","yellow","chr11-102217763-102218024","distal",99556,4.4047537335308,"protein_coding"
"T1_MBC_to_prePB","CCR7","yellow","chr17-40464308-40464569","distal",101033,3.40454697679238,"protein_coding"
"T1_MBC_to_prePB","SPIB","yellow","chr19-50316330-50316846","distal",102349.5,5.16534199200459,"protein_coding"
"T1_MBC_to_prePB","CCR7","yellow","chr17-40669538-40669823","distal",104209,4.25156219057785,"protein_coding"
"T1_MBC_to_prePB","CCL17","yellow","chr16-57509831-57510098","distal",105198,5.02424402289212,"protein_coding"
"T1_MBC_to_prePB","CD40","yellow","chr20-46012807-46013069","distal",105333.5,4.647044242719,"protein_coding"
"T1_MBC_to_prePB","SPIB","yellow","chr19-50312461-50312780","distal",106317,11.8467557807594,"protein_coding"
"T1_MBC_to_prePB","DEK","yellow","chr6-18156101-18156450","distal",108547,3.30461493338145,"protein_coding"
"T1_MBC_to_prePB","DEK","yellow","chr6-18155441-18155715","distal",109244.5,2.19487826720036,"protein_coding"
"T1_MBC_to_prePB","DEK","yellow","chr6-18155156-18155406","distal",109541.5,12.5698035781163,"protein_coding"
"T1_MBC_to_prePB","SPIB","yellow","chr19-50529111-50529383","distal",110309.5,5.75338002249075,"protein_coding"
"T1_MBC_to_prePB","CCR7","yellow","chr17-40679219-40679679","distal",113977.5,3.53103721125458,"protein_coding"
"T1_MBC_to_prePB","STAT5A","yellow","chr17-42402222-42402604","distal",114866.5,2.26959567120874,"protein_coding"
"T1_MBC_to_prePB","STAT5A","yellow","chr17-42404215-42404487","distal",116804.5,4.50057827872159,"protein_coding"
"T1_MBC_to_prePB","TNF","yellow","chr6-31695190-31695455","distal",119756,3.20469776329222,"protein_coding"
"T1_MBC_to_prePB","LTA","yellow","chr6-31695190-31695455","distal",123269,3.20469776329222,"protein_coding"
"T1_MBC_to_prePB","CCL17","yellow","chr16-57278809-57279153","distal",125785.5,6.17336708447692,"protein_coding"
"T1_MBC_to_prePB","TNF","yellow","chr6-31702603-31702917","distal",127193.5,3.69560301358278,"protein_coding"
"T1_MBC_to_prePB","TNF","yellow","chr6-31704043-31704354","distal",128632,4.28046263180998,"protein_coding"
"T1_MBC_to_prePB","BIRC3","yellow","chr11-102188155-102188432","distal",129156,4.54043396168141,"protein_coding"
"T1_MBC_to_prePB","LTA","yellow","chr6-31702603-31702917","distal",130706.5,3.69560301358278,"protein_coding"
"T1_MBC_to_prePB","LTA","yellow","chr6-31704043-31704354","distal",132145,4.28046263180998,"protein_coding"
"T1_MBC_to_prePB","CCR7","yellow","chr17-40700271-40700550","distal",134939,2.98981629878664,"protein_coding"
"T1_MBC_to_prePB","SPIB","yellow","chr19-50554037-50554413","distal",135287.5,3.11014016825246,"protein_coding"
"T1_MBC_to_prePB","STAT5A","yellow","chr17-42422877-42423304","distal",135544,4.61837731094664,"protein_coding"
"T1_MBC_to_prePB","CD40","yellow","chr20-45981318-45981604","distal",136810.5,3.33499479647062,"protein_coding"
"T1_MBC_to_prePB","CCR7","yellow","chr17-40428257-40428904","distal",136891,3.4576184388878,"protein_coding"
"T1_MBC_to_prePB","CCL22","yellow","chr16-57496422-57496680","distal",137779.5,4.59797178482379,"protein_coding"
"T1_MBC_to_prePB","STAT5A","yellow","chr17-42428169-42428469","distal",140772.5,4.90180978059787,"protein_coding"
"T1_MBC_to_prePB","STAT5A","yellow","chr17-42431976-42432231","distal",144557,4.12113846693681,"protein_coding"
"T1_MBC_to_prePB","CD22","yellow","chr19-35464163-35464426","distal",145034,3.62693569496063,"protein_coding"
"T1_MBC_to_prePB","SPIB","yellow","chr19-50269868-50270144","distal",148931.5,3.19327767735864,"protein_coding"
"T1_MBC_to_prePB","CCL17","yellow","chr16-57553744-57554021","distal",149116,2.84031738401227,"protein_coding"
"T1_MBC_to_prePB","CD22","yellow","chr19-35168284-35168588","distal",150824.5,5.78056643026561,"protein_coding"
"T1_MBC_to_prePB","CCL22","yellow","chr16-57509831-57510098","distal",151193,5.02424402289212,"protein_coding"
"T1_MBC_to_prePB","STAT5A","yellow","chr17-42441094-42441360","distal",153680.5,4.45651280291433,"protein_coding"
"T1_MBC_to_prePB","CCR7","yellow","chr17-40719432-40719700","distal",154094.5,12.1355934717422,"protein_coding"
"T1_MBC_to_prePB","PAX5","yellow","chr9-36873378-36873643","distal",160674,2.9920101853258,"protein_coding"
"T1_MBC_to_prePB","TNF","yellow","chr6-31737597-31737858","distal",162161,3.57149095720145,"protein_coding"
"T1_MBC_to_prePB","LTA","yellow","chr6-31409422-31409701","distal",162492,3.55960784340793,"protein_coding"
"T1_MBC_to_prePB","CCL17","yellow","chr16-57569837-57570092","distal",165198,1.44109890836522,"protein_coding"
"T1_MBC_to_prePB","LTA","yellow","chr6-31737597-31737858","distal",165674,3.57149095720145,"protein_coding"
"T1_MBC_to_prePB","TNF","yellow","chr6-31409422-31409701","distal",166005,3.55960784340793,"protein_coding"
"T1_MBC_to_prePB","CCL17","yellow","chr16-57570812-57571109","distal",166194,3.51337449210083,"protein_coding"
"T1_MBC_to_prePB","CCL17","yellow","chr16-57571788-57572106","distal",167180.5,2.98191807887104,"protein_coding"
"T1_MBC_to_prePB","TNF","yellow","chr6-31744904-31745174","distal",169472.5,2.27894911288589,"protein_coding"
"T1_MBC_to_prePB","LACTB","yellow","chr15-62950582-62951093","distal",170962,10.7998048806161,"protein_coding"
"T1_MBC_to_prePB","CD22","yellow","chr19-35490974-35491270","distal",171861.5,2.41002654080788,"protein_coding"
"T1_MBC_to_prePB","CD22","yellow","chr19-35491677-35492246","distal",172701,4.00660532843369,"protein_coding"
"T1_MBC_to_prePB","BATF3","yellow","chr1-212872550-212872872","distal",172726.5,2.1045808298419,"protein_coding"
"T1_MBC_to_prePB","LTA","yellow","chr6-31744904-31745174","distal",172985.5,2.27894911288589,"protein_coding"
"T1_MBC_to_prePB","BATF3","yellow","chr1-212873748-212874017","distal",173898,1.90921689012005,"protein_coding"
"T1_MBC_to_prePB","CD40","yellow","chr20-46292540-46292842","distal",174419.5,4.19010445343533,"protein_coding"
"T1_MBC_to_prePB","STAT5A","yellow","chr17-42462877-42463151","distal",175467.5,4.58203106298185,"protein_coding"
"T1_MBC_to_prePB","CD22","yellow","chr19-35503929-35504187","distal",184797.5,3.84242371080822,"protein_coding"
"T1_MBC_to_prePB","BHLHE40","yellow","chr3-5163803-5164067","distal",184819.5,3.7850015917378,"protein_coding"
"T1_MBC_to_prePB","CD40","yellow","chr20-46302920-46303798","distal",185087.5,10.6919452083167,"protein_coding"
"T1_MBC_to_prePB","CD40","yellow","chr20-46306600-46306868","distal",188462.5,4.79835051481346,"protein_coding"
"T1_MBC_to_prePB","CYP1B1","yellow","chr2-38302050-38302393","distal",192320,10.8781455715906,"protein_coding"
"T1_MBC_to_prePB","CYP1B1","yellow","chr2-38303451-38304608","distal",194128,3.42526515889658,"protein_coding"
"T1_MBC_to_prePB","CCL22","yellow","chr16-57553744-57554021","distal",195111,2.84031738401227,"protein_coding"
"T1_MBC_to_prePB","CD22","yellow","chr19-35521237-35521783","distal",202249.5,3.26805207441201,"protein_coding"
"T1_MBC_to_prePB","CCR7","yellow","chr17-40770571-40770855","distal",205241.5,4.55355815217895,"protein_coding"
"T1_MBC_to_prePB","CCL17","yellow","chr16-57610373-57610704","distal",205772,2.39932877208439,"protein_coding"
"T1_MBC_to_prePB","LTA","yellow","chr6-31364755-31365044","distal",207154,10.83524214376,"protein_coding"
"T1_MBC_to_prePB","TNF","yellow","chr6-31364755-31365044","distal",210667,10.83524214376,"protein_coding"
"T1_MBC_to_prePB","CCL22","yellow","chr16-57569837-57570092","distal",211193,1.44109890836522,"protein_coding"
"T1_MBC_to_prePB","CCL22","yellow","chr16-57570812-57571109","distal",212189,3.51337449210083,"protein_coding"
"T1_MBC_to_prePB","LACTB","yellow","chr15-63334082-63334865","distal",212674,3.15575861449184,"protein_coding"
"T1_MBC_to_prePB","CCL22","yellow","chr16-57571788-57572106","distal",213175.5,2.98191807887104,"protein_coding"
"T1_MBC_to_prePB","CAPG","yellow","chr2-85632839-85633124","distal",214550,2.6983651264374,"protein_coding"
"T1_MBC_to_prePB","STAT5A","yellow","chr17-42072284-42072558","distal",215125.5,3.14554976154664,"protein_coding"
"T1_MBC_to_prePB","LACTB","yellow","chr15-63340379-63340661","distal",218720.5,3.32189741403738,"protein_coding"
"T1_MBC_to_prePB","CAPG","yellow","chr2-85198473-85198992","distal",219699,2.19805204933698,"protein_coding"
"T1_MBC_to_prePB","TNF","yellow","chr6-31795156-31795516","distal",219769.5,3.85738181928614,"protein_coding"
"T1_MBC_to_prePB","CCL17","yellow","chr16-57625237-57625555","distal",220629.5,4.02604687443164,"protein_coding"
"T1_MBC_to_prePB","LTA","yellow","chr6-31795156-31795516","distal",223282.5,3.85738181928614,"protein_coding"
"T1_MBC_to_prePB","TNF","yellow","chr6-31802623-31802917","distal",227203.5,5.70523730574522,"protein_coding"
"T1_MBC_to_prePB","CCR7","yellow","chr17-40335929-40336441","distal",229286.5,6.44137202030348,"protein_coding"
"T1_MBC_to_prePB","LTA","yellow","chr6-31802623-31802917","distal",230716.5,5.70523730574522,"protein_coding"
"T1_MBC_to_prePB","CCL22","yellow","chr16-57126711-57126993","distal",231919.5,4.07993986251322,"protein_coding"
"T1_MBC_to_prePB","CCL22","yellow","chr16-57126343-57126613","distal",232293.5,10.5279511273504,"protein_coding"
"T1_MBC_to_prePB","AICDA","yellow","chr12-8379876-8380463","distal",232701,2.70063817092439,"protein_coding"
"T1_MBC_to_prePB","SPIB","yellow","chr19-50183968-50184229","distal",234839,6.72726133639572,"protein_coding"
"T1_MBC_to_prePB","SPIB","yellow","chr19-50181722-50182010","distal",237071.5,3.66362372096131,"protein_coding"
"T1_MBC_to_prePB","LTA","yellow","chr6-31334688-31334981","distal",237219,1.81562533343695,"protein_coding"
"T1_MBC_to_prePB","AICDA","yellow","chr12-8851011-8851287","distal",238278.5,4.40784117978415,"protein_coding"
"T1_MBC_to_prePB","SPIB","yellow","chr19-50179976-50180250","distal",238824.5,2.01179620308668,"protein_coding"
"T1_MBC_to_prePB","CD22","yellow","chr19-35557933-35558277","distal",238844.5,5.23643002268865,"protein_coding"
"T1_MBC_to_prePB","CCL22","yellow","chr16-57118319-57118587","distal",240318.5,3.20601829855283,"protein_coding"
"T1_MBC_to_prePB","TNF","yellow","chr6-31334688-31334981","distal",240732,1.81562533343695,"protein_coding"
"T1_MBC_to_prePB","ARID5A","yellow","chr2-96779104-96779405","distal",242512,10.6865877920341,"protein_coding"
"T1_MBC_to_prePB","SPIB","yellow","chr19-50175594-50175869","distal",243206,5.07252882115,"protein_coding"
"T1_MBC_to_prePB","CYP1B1","yellow","chr2-37862294-37862844","distal",247332.5,11.1716362996783,"protein_coding"
"T1_MBC_to_prePB","BHLHE40","yellow","chr3-5228946-5229491","distal",250103,3.66900958681287,"protein_coding"
"T1_MBC_to_prePB","CCL22","yellow","chr16-57610373-57610704","distal",251767,2.39932877208439,"protein_coding"
"T1_MBC_to_prePB","TNF","yellow","chr6-31831798-31832092","distal",256378.5,3.436644890344,"protein_coding"
"T1_MBC_to_prePB","CCR7","yellow","chr17-40822270-40822616","distal",256971.5,3.81542882476047,"protein_coding"
"T1_MBC_to_prePB","LTA","yellow","chr6-31831798-31832092","distal",259891.5,3.436644890344,"protein_coding"
"T1_MBC_to_prePB","CCR7","yellow","chr17-40826290-40826621","distal",260984,2.90223919362822,"protein_coding"
"T1_MBC_to_prePB","CCR7","yellow","chr17-40829116-40829398","distal",263785.5,0.986396149729392,"protein_coding"
"T1_MBC_to_prePB","RAB13","yellow","chr1-153721941-153722197","distal",264288.5,2.01457553843733,"protein_coding"
"T1_MBC_to_prePB","CCR7","yellow","chr17-40830057-40830335","distal",264724.5,1.8425047147102,"protein_coding"
"T1_MBC_to_prePB","STAT5A","yellow","chr17-42021407-42021671","distal",266007.5,3.84862171899133,"protein_coding"
"T1_MBC_to_prePB","CCR7","yellow","chr17-40831780-40832046","distal",266441.5,5.45368359638848,"protein_coding"
"T1_MBC_to_prePB","CCL22","yellow","chr16-57625237-57625555","distal",266624.5,4.02604687443164,"protein_coding"
"T1_MBC_to_prePB","PAX5","yellow","chr9-36765900-36766321","distal",268074,5.6747444653403,"protein_coding"
"T1_MBC_to_prePB","STAT5A","yellow","chr17-42015436-42015741","distal",271958,2.89164528510419,"protein_coding"
"T1_MBC_to_prePB","SPIB","yellow","chr19-50145521-50145859","distal",273247.5,11.5254610757757,"protein_coding"
"T1_MBC_to_prePB","SPIB","yellow","chr19-50145118-50145380","distal",273688.5,6.34476720812543,"protein_coding"
"T1_MBC_to_prePB","ARID5A","yellow","chr2-96812290-96812779","distal",275792,11.3819042015079,"protein_coding"
"T1_MBC_to_prePB","CCL17","yellow","chr16-57126711-57126993","distal",277914.5,4.07993986251322,"protein_coding"
"T1_MBC_to_prePB","CCL17","yellow","chr16-57126343-57126613","distal",278288.5,10.5279511273504,"protein_coding"
"T1_MBC_to_prePB","CCL17","yellow","chr16-57682955-57683245","distal",278333.5,6.10619239155152,"protein_coding"
"T1_MBC_to_prePB","CCL22","yellow","chr16-57076239-57076529","distal",282387.5,4.91441208634806,"protein_coding"
"T1_MBC_to_prePB","CD40","yellow","chr20-45834381-45834661","distal",283750.5,5.66578408678458,"protein_coding"
"T1_MBC_to_prePB","CCL17","yellow","chr16-57118319-57118587","distal",286313.5,3.20601829855283,"protein_coding"
"T1_MBC_to_prePB","CCR7","yellow","chr17-40273272-40273537","distal",292067,3.46800959683333,"protein_coding"
"T1_MBC_to_prePB","STAT5A","yellow","chr17-41994655-41995077","distal",292680.5,3.52077925107788,"protein_coding"
"T1_MBC_to_prePB","CD40","yellow","chr20-45825089-45825348","distal",293053,3.72438545353551,"protein_coding"
"T1_MBC_to_prePB","STAT5A","yellow","chr17-42580765-42581044","distal",293358,2.78597594435864,"protein_coding"
"T1_MBC_to_prePB","TNF","yellow","chr6-31870023-31870309","distal",294599.5,5.6938324544413,"protein_coding"
"T1_MBC_to_prePB","CCR7","yellow","chr17-40270524-40270794","distal",294812.5,3.45312069427852,"protein_coding"
"T1_MBC_to_prePB","CCR7","yellow","chr17-40268899-40269169","distal",296437.5,2.74702344917081,"protein_coding"
"T1_MBC_to_prePB","CD40","yellow","chr20-46415127-46415448","distal",297016,3.74609052264429,"protein_coding"
"T1_MBC_to_prePB","LTA","yellow","chr6-31870023-31870309","distal",298112.5,5.6938324544413,"protein_coding"
"T1_MBC_to_prePB","SPIB","yellow","chr19-50117582-50118134","distal",301079.5,3.67680213606278,"protein_coding"
"T1_MBC_to_prePB","STAT5A","yellow","chr17-41984905-41985180","distal",302504,3.19923547792843,"protein_coding"
"T1_MBC_to_prePB","CCR7","yellow","chr17-40259798-40260137","distal",305504,3.01211491837636,"protein_coding"
"T1_MBC_to_prePB","CD22","yellow","chr19-35626336-35626603","distal",307209,3.09540091309026,"protein_coding"
"T1_MBC_to_prePB","PEA15","yellow","chr1-159892059-159892534","distal",313040,10.7777933838475,"protein_coding"
"T1_MBC_to_prePB","STAT5A","yellow","chr17-42600521-42600834","distal",313131,10.7321581772478,"protein_coding"
"T1_MBC_to_prePB","CD22","yellow","chr19-35632286-35632731","distal",313248,3.69515358504289,"protein_coding"
"T1_MBC_to_prePB","CD22","yellow","chr19-35633874-35634135","distal",314744,3.79597387311119,"protein_coding"
"T1_MBC_to_prePB","SPIB","yellow","chr19-50096418-50096997","distal",322230,5.64059043443222,"protein_coding"
"T1_MBC_to_prePB","STAT5A","yellow","chr17-42610985-42611297","distal",323594.5,5.60093228519992,"protein_coding"
"T1_MBC_to_prePB","CCL22","yellow","chr16-57682955-57683245","distal",324328.5,6.10619239155152,"protein_coding"
"T1_MBC_to_prePB","CD22","yellow","chr19-35644679-35644958","distal",325558,3.10418070010152,"protein_coding"
"T1_MBC_to_prePB","CCL17","yellow","chr16-57076239-57076529","distal",328382.5,4.91441208634806,"protein_coding"
"T1_MBC_to_prePB","STAT5A","yellow","chr17-41955953-41956223","distal",331458.5,2.86319793006489,"protein_coding"
"T1_MBC_to_prePB","LTA","yellow","chr6-31238922-31239172","distal",333006.5,11.2658509517427,"protein_coding"
"T1_MBC_to_prePB","SPIB","yellow","chr19-50083674-50083954","distal",335123.5,5.53561782020766,"protein_coding"
"T1_MBC_to_prePB","CCL22","yellow","chr16-57023303-57023584","distal",335328,5.73362927848016,"protein_coding"
"T1_MBC_to_prePB","BIRC3","yellow","chr11-101980945-101981248","distal",336353,2.99097787900073,"protein_coding"
"T1_MBC_to_prePB","TNF","yellow","chr6-31238922-31239172","distal",336519.5,11.2658509517427,"protein_coding"
"T1_MBC_to_prePB","ARID5A","yellow","chr2-96196384-96196634","distal",340233.5,11.7910458996728,"protein_coding"
"T1_MBC_to_prePB","PAX5","yellow","chr9-37374912-37375184","distal",340863.5,3.87382895745859,"protein_coding"
"T1_MBC_to_prePB","PEA15","yellow","chr1-159861389-159861648","distal",343818,11.0695362106608,"protein_coding"
"T1_MBC_to_prePB","CCR7","yellow","chr17-40219408-40219731","distal",345902,3.96010652569294,"protein_coding"
"T1_MBC_to_prePB","CAPG","yellow","chr2-85765828-85766082","distal",347523.5,12.0504099648282,"protein_coding"
"T1_MBC_to_prePB","CCR7","yellow","chr17-40215756-40216053","distal",349567,2.5431418970965,"protein_coding"
"T1_MBC_to_prePB","TNF","yellow","chr6-31926673-31926979","distal",351259.5,6.34549968855316,"protein_coding"
"T1_MBC_to_prePB","LTA","yellow","chr6-31926673-31926979","distal",354772.5,6.34549968855316,"protein_coding"
"T1_MBC_to_prePB","LACTB","yellow","chr15-63481345-63481817","distal",359781.5,5.28578882671751,"protein_coding"
"T1_MBC_to_prePB","CCL22","yellow","chr16-56998511-56998771","distal",360130.5,4.07118919048401,"protein_coding"
"T1_MBC_to_prePB","CCR7","yellow","chr17-40202299-40202736","distal",362954,2.74027810929042,"protein_coding"
"T1_MBC_to_prePB","STAT5A","yellow","chr17-41923655-41923922","distal",363758,4.67124385268541,"protein_coding"
"T1_MBC_to_prePB","TNF","yellow","chr6-31939818-31940336","distal",364510.5,3.05367042655595,"protein_coding"
"T1_MBC_to_prePB","LTA","yellow","chr6-31939818-31940336","distal",368023.5,3.05367042655595,"protein_coding"
"T1_MBC_to_prePB","CCL22","yellow","chr16-56985225-56985580","distal",373369,5.86876504742418,"protein_coding"
"T1_MBC_to_prePB","PAX5","yellow","chr9-37411111-37411577","distal",377159.5,3.87750004709635,"protein_coding"
"T1_MBC_to_prePB","PEA15","yellow","chr1-159824524-159824791","distal",380679,1.35583133770715,"protein_coding"
"T1_MBC_to_prePB","CCL17","yellow","chr16-57023303-57023584","distal",381323,5.73362927848016,"protein_coding"
"T1_MBC_to_prePB","SPIB","yellow","chr19-50037146-50037412","distal",381658.5,2.77518699590619,"protein_coding"
"T1_MBC_to_prePB","CCL17","yellow","chr16-57791157-57791434","distal",386529,5.39822327332481,"protein_coding"
"T1_MBC_to_prePB","RAB13","yellow","chr1-154378213-154378540","distal",392019,1.85488695945213,"protein_coding"
"T1_MBC_to_prePB","CCL22","yellow","chr16-56966341-56966938","distal",392132,1.61943837082465,"protein_coding"
"T1_MBC_to_prePB","CCR7","yellow","chr17-40171937-40172196","distal",393405,4.16650209148679,"protein_coding"
"T1_MBC_to_prePB","CAPG","yellow","chr2-85812271-85812522","distal",393965,10.8570473734956,"protein_coding"
"T1_MBC_to_prePB","RAB13","yellow","chr1-153590090-153590354","distal",396135.5,1.40619330769226,"protein_coding"
"T1_MBC_to_prePB","CCL17","yellow","chr16-56998511-56998771","distal",406125.5,4.07118919048401,"protein_coding"
"T1_MBC_to_prePB","SPIB","yellow","chr19-50828860-50829199","distal",410092,3.46051461997533,"protein_coding"
"T1_MBC_to_prePB","SPIB","yellow","chr19-50832152-50832414","distal",413345.5,11.4222072205855,"protein_coding"
"T1_MBC_to_prePB","SPIB","yellow","chr19-50004272-50004541","distal",414531,3.77459990170347,"protein_coding"
"T1_MBC_to_prePB","SPIB","yellow","chr19-50833952-50834260","distal",415168.5,5.0836709408271,"protein_coding"
"T1_MBC_to_prePB","CCL17","yellow","chr16-56985225-56985580","distal",419364,5.86876504742418,"protein_coding"
"T1_MBC_to_prePB","CCR7","yellow","chr17-40985199-40985486","distal",419871,5.82831248590284,"protein_coding"
"T1_MBC_to_prePB","AICDA","yellow","chr12-8184977-8185574","distal",427595,5.40581148066493,"protein_coding"
"T1_MBC_to_prePB","STAT5A","yellow","chr17-41855630-41856084","distal",431689.5,11.6286891449949,"protein_coding"
"T1_MBC_to_prePB","CCL22","yellow","chr16-57791157-57791434","distal",432524,5.39822327332481,"protein_coding"
"T1_MBC_to_prePB","CCL17","yellow","chr16-57842120-57842381","distal",437484,10.4836145817452,"protein_coding"
"T1_MBC_to_prePB","CCL17","yellow","chr16-56966341-56966938","distal",438127,1.61943837082465,"protein_coding"
"T1_MBC_to_prePB","TNF","yellow","chr6-32013882-32014690","distal",438719.5,10.8508475482155,"protein_coding"
"T1_MBC_to_prePB","CCL17","yellow","chr16-57844036-57844599","distal",439551,2.81753557123288,"protein_coding"
"T1_MBC_to_prePB","CD22","yellow","chr19-35759458-35759963","distal",440450,2.21189639764508,"protein_coding"
"T1_MBC_to_prePB","TNF","yellow","chr6-32015981-32016287","distal",440567.5,4.38017782894848,"protein_coding"
"T1_MBC_to_prePB","CD22","yellow","chr19-35760392-35760655","distal",441263,3.49281389409207,"protein_coding"
"T1_MBC_to_prePB","SPIB","yellow","chr19-49977259-49977529","distal",441543.5,3.32042386446842,"protein_coding"
"T1_MBC_to_prePB","LTA","yellow","chr6-32013882-32014690","distal",442232.5,10.8508475482155,"protein_coding"
"T1_MBC_to_prePB","SPIB","yellow","chr19-50861739-50862018","distal",442941,3.68335073018514,"protein_coding"
"T1_MBC_to_prePB","LTA","yellow","chr6-32015981-32016287","distal",444080.5,4.38017782894848,"protein_coding"
"T1_MBC_to_prePB","SPIB","yellow","chr19-49973507-49973773","distal",445297.5,1.43051218555285,"protein_coding"
"T1_MBC_to_prePB","LTA","yellow","chr6-31126084-31126427","distal",445798,4.13800565559118,"protein_coding"
"T1_MBC_to_prePB","CCR7","yellow","chr17-40118588-40118879","distal",446738,4.26793491674794,"protein_coding"
"T1_MBC_to_prePB","CCR7","yellow","chr17-40117975-40118413","distal",447277.5,11.3355645488835,"protein_coding"
"T1_MBC_to_prePB","TNF","yellow","chr6-31126084-31126427","distal",449311,4.13800565559118,"protein_coding"
"T1_MBC_to_prePB","STAT5A","yellow","chr17-41837693-41837971","distal",449714.5,2.55834286633749,"protein_coding"
"T1_MBC_to_prePB","BATF3","yellow","chr1-213151296-213151559","distal",451443,11.2603796707964,"protein_coding"
"T1_MBC_to_prePB","CCL22","yellow","chr16-56906700-56907212","distal",451815.5,10.6341297015737,"protein_coding"
"T1_MBC_to_prePB","CCL22","yellow","chr16-56903626-56903918","distal",454999.5,11.5379320140279,"protein_coding"
"T1_MBC_to_prePB","SPIB","yellow","chr19-50879713-50879986","distal",460912,3.48234663296199,"protein_coding"
"T1_MBC_to_prePB","PAX5","yellow","chr9-36572687-36572967","distal",461357.5,3.40893852016677,"protein_coding"
"T1_MBC_to_prePB","SPIB","yellow","chr19-50880313-50880835","distal",461636.5,3.0713737785151,"protein_coding"
"T1_MBC_to_prePB","CD22","yellow","chr19-34855777-34856248","distal",463248,3.2354485206559,"protein_coding"
"T1_MBC_to_prePB","LTA","yellow","chr6-31105297-31105573","distal",466618.5,3.7893802300821,"protein_coding"
"T1_MBC_to_prePB","SPIB","yellow","chr19-50887314-50887598","distal",468518.5,5.44045083754504,"protein_coding"
"T1_MBC_to_prePB","TNF","yellow","chr6-31105297-31105573","distal",470131.5,3.7893802300821,"protein_coding"
"T1_MBC_to_prePB","BHLHE40","yellow","chr3-4508689-4508953","distal",470294.5,3.75852383910268,"protein_coding"
"T1_MBC_to_prePB","SPIB","yellow","chr19-49946851-49947107","distal",471958.5,3.57080731399503,"protein_coding"
"T1_MBC_to_prePB","CCR7","yellow","chr17-40086683-40086964","distal",478648,6.03909351542942,"protein_coding"
"T1_MBC_to_prePB","TNF","yellow","chr6-32054284-32054568","distal",478859.5,11.3246612171417,"protein_coding"
"T1_MBC_to_prePB","SPIB","yellow","chr19-49939612-49939896","distal",479183.5,2.22511699916335,"protein_coding"
"T1_MBC_to_prePB","TNF","yellow","chr6-32054750-32055294","distal",479455.5,1.73567561485125,"protein_coding"
"T1_MBC_to_prePB","STAT5A","yellow","chr17-42767031-42767312","distal",479625,2.49696850692294,"protein_coding"
"T1_MBC_to_prePB","TNF","yellow","chr6-32055407-32055673","distal",479973.5,3.52494207037993,"protein_coding"
"T1_MBC_to_prePB","ARID5A","yellow","chr2-96054923-96055208","distal",481677,2.84714486986944,"protein_coding"
"T1_MBC_to_prePB","LTA","yellow","chr6-32054284-32054568","distal",482372.5,11.3246612171417,"protein_coding"
"T1_MBC_to_prePB","LTA","yellow","chr6-32054750-32055294","distal",482968.5,1.73567561485125,"protein_coding"
"T1_MBC_to_prePB","CCL22","yellow","chr16-57842120-57842381","distal",483479,10.4836145817452,"protein_coding"
"T1_MBC_to_prePB","LTA","yellow","chr6-32055407-32055673","distal",483486.5,3.52494207037993,"protein_coding"
"T1_MBC_to_prePB","CCL22","yellow","chr16-57844036-57844599","distal",485546,2.81753557123288,"protein_coding"
"T1_MBC_to_prePB","BHLHE40","yellow","chr3-5467957-5468372","distal",489049,3.31690448056234,"protein_coding"
"T1_MBC_to_prePB","AICDA","yellow","chr12-9102392-9102666","distal",489658.5,3.60828673009563,"protein_coding"
"T1_MBC_to_prePB","SPIB","yellow","chr19-49925681-49925952","distal",493121,2.91281902753356,"protein_coding"
"T1_MBC_to_prePB","PAX5","yellow","chr9-37529088-37529476","distal",495097.5,3.89811083865307,"protein_coding"
"T1_MBC_to_prePB","CCL17","yellow","chr16-56906700-56907212","distal",497810.5,10.6341297015737,"protein_coding"
"T1_MBC_to_prePB","RANBP1","turquoise","chr22-20117968-20118218","proximal",2155.5,11.534929441507,"protein_coding"
"T1_MBC_to_prePB","RANBP1","turquoise","chr22-20119147-20119405","proximal",3338.5,2.31727194083883,"protein_coding"
"T1_MBC_to_prePB","TPI1","turquoise","chr12-6862327-6862585","proximal",4662.5,12.1592350658271,"protein_coding"
"T1_MBC_to_prePB","ACTB","turquoise","chr7-5569266-5569853","proximal",5776,0.792040082252662,"protein_coding"
"T1_MBC_to_prePB","TUBB","turquoise","chr6-30711995-30712294","proximal",8056,4.60941311068907,"protein_coding"
"T1_MBC_to_prePB","ACTB","turquoise","chr7-5572437-5572729","proximal",8799.5,4.02850251405047,"protein_coding"
"T1_MBC_to_prePB","TPI1","turquoise","chr12-6876031-6876312","proximal",9053,6.21441936746152,"protein_coding"
"T1_MBC_to_prePB","CBX3","turquoise","chr7-26191574-26191904","proximal",9422.5,3.13311912069679,"protein_coding"
"T1_MBC_to_prePB","TUBB","turquoise","chr6-30710523-30710814","proximal",9532,1.69276412129213,"protein_coding"
"T1_MBC_to_prePB","RANBP1","turquoise","chr22-20105159-20105739","proximal",10488.5,4.27975363859572,"protein_coding"
"T1_MBC_to_prePB","PFN1","turquoise","chr17-4935023-4935301","proximal",13898.5,3.5131287017111,"protein_coding"
"T1_MBC_to_prePB","ACTB","turquoise","chr7-5578330-5578833","proximal",14798,3.24476744552903,"protein_coding"
"T1_MBC_to_prePB","PCNA","turquoise","chr20-5107324-5107587","proximal",19170,2.52478238768752,"protein_coding"
"T1_MBC_to_prePB","TUBA1B","turquoise","chr12-49110569-49110841","proximal",20691.5,5.47751463322346,"protein_coding"
"T1_MBC_to_prePB","TUBB","turquoise","chr6-30698667-30698924","proximal",21405,5.26747473677564,"protein_coding"
"T1_MBC_to_prePB","RANBP1","turquoise","chr22-20144547-20144839","proximal",28755.5,5.6595170994965,"protein_coding"
"T1_MBC_to_prePB","ACTB","turquoise","chr7-5534356-5534740","proximal",29235.5,4.69376795249902,"protein_coding"
"T1_MBC_to_prePB","STMN1","turquoise","chr1-25876101-25876590","proximal",30645,1.30167952362287,"protein_coding"
"T1_MBC_to_prePB","TUBB","turquoise","chr6-30689164-30689431","proximal",30903,1.47572887091399,"protein_coding"
"T1_MBC_to_prePB","H2AFZ","turquoise","chr4-99916740-99917050","proximal",33492.5,2.61349078766833,"protein_coding"
"T1_MBC_to_prePB","TPI1","turquoise","chr12-6833129-6833400","proximal",33854,4.52254908545093,"protein_coding"
"T1_MBC_to_prePB","TUBB","turquoise","chr6-30685199-30685459","proximal",34871.5,0.793787451021423,"protein_coding"
"T1_MBC_to_prePB","ACTB","turquoise","chr7-5598408-5598920","proximal",34880.5,2.53861598273857,"protein_coding"
"T1_MBC_to_prePB","TFRC","turquoise","chr3-196044987-196045277","proximal",37056.5,5.7989594529011,"protein_coding"
"T1_MBC_to_prePB","ACTB","turquoise","chr7-5526539-5526815","proximal",37106.5,2.78955716939915,"protein_coding"
"T1_MBC_to_prePB","ACTB","turquoise","chr7-5603213-5603501","proximal",39573.5,5.7574472182521,"protein_coding"
"T1_MBC_to_prePB","CBX3","turquoise","chr7-26241249-26241584","proximal",40255,3.21457460276048,"protein_coding"
"T1_MBC_to_prePB","PPIA","turquoise","chr7-44836960-44837217","proximal",40409,5.6632922433786,"protein_coding"
"T1_MBC_to_prePB","PRDX3","turquoise","chr10-119134903-119135205","proximal",43778.5,5.5712215694459,"protein_coding"
"T1_MBC_to_prePB","PFN1","turquoise","chr17-4900801-4901072","proximal",48124,5.10737023698991,"protein_coding"
"T1_MBC_to_prePB","HSPD1","turquoise","chr2-197457618-197457934","distal",58960.5,11.4366857905149,"protein_coding"
"T1_MBC_to_prePB","H2AFZ","turquoise","chr4-100009716-100010230","distal",59585.5,3.50390321115054,"protein_coding"
"T1_MBC_to_prePB","TYMS","turquoise","chr18-596947-597238","distal",60511,4.66134783568894,"protein_coding"
"T1_MBC_to_prePB","TUBB","turquoise","chr6-30658532-30658937","distal",61466,3.59169229696783,"protein_coding"
"T1_MBC_to_prePB","TUBB","turquoise","chr6-30655136-30655420","distal",64922.5,1.937062037504,"protein_coding"
"T1_MBC_to_prePB","PFN1","turquoise","chr17-5015065-5015330","distal",66137,7.12040017952739,"protein_coding"
"T1_MBC_to_prePB","TFRC","turquoise","chr3-196014381-196014695","distal",67650.5,5.6494505820437,"protein_coding"
"T1_MBC_to_prePB","TPI1","turquoise","chr12-6934709-6935050","distal",67761,4.55812423386364,"protein_coding"
"T1_MBC_to_prePB","TPI1","turquoise","chr12-6798349-6798895","distal",68496.5,6.26585416921546,"protein_coding"
"T1_MBC_to_prePB","ACTB","turquoise","chr7-5632305-5632597","distal",68667.5,4.28499915848023,"protein_coding"
"T1_MBC_to_prePB","TUBB","turquoise","chr6-30650089-30650696","distal",69808,6.01679025036553,"protein_coding"
"T1_MBC_to_prePB","TPI1","turquoise","chr12-6937694-6937950","distal",70703.5,10.841894931761,"protein_coding"
"T1_MBC_to_prePB","ACTB","turquoise","chr7-5635763-5636204","distal",72200,2.94732440545448,"protein_coding"
"T1_MBC_to_prePB","TUBB","turquoise","chr6-30646822-30647089","distal",73245,6.34839922016503,"protein_coding"
"T1_MBC_to_prePB","TUBA1B","turquoise","chr12-49208461-49208726","distal",77197,4.64063685238393,"protein_coding"
"T1_MBC_to_prePB","TPI1","turquoise","chr12-6945014-6945281","distal",78029,3.62316308262143,"protein_coding"
"T1_MBC_to_prePB","TUBA1B","turquoise","chr12-49212482-49213268","distal",81478.5,3.40526677010878,"protein_coding"
"T1_MBC_to_prePB","CBX3","turquoise","chr7-26118612-26118867","distal",82422,2.76909235833758,"protein_coding"
"T1_MBC_to_prePB","TUBA1B","turquoise","chr12-49217923-49218225","distal",86677.5,3.15487580248583,"protein_coding"
"T1_MBC_to_prePB","PPIA","turquoise","chr7-44887685-44887944","distal",91135,4.60400634978719,"protein_coding"
"T1_MBC_to_prePB","PFN1","turquoise","chr17-4853371-4853757","distal",95496.5,4.38461578777083,"protein_coding"
"T1_MBC_to_prePB","STMN1","turquoise","chr1-26002468-26002762","distal",95624.5,4.16064976477538,"protein_coding"
"T1_MBC_to_prePB","H2AFZ","turquoise","chr4-99850804-99851054","distal",99458.5,12.2145284881521,"protein_coding"
"T1_MBC_to_prePB","PFN1","turquoise","chr17-4848634-4848913","distal",100287,4.06122465256276,"protein_coding"
"T1_MBC_to_prePB","TUBB","turquoise","chr6-30615002-30615263","distal",105068,11.8660830411934,"protein_coding"
"T1_MBC_to_prePB","PFN1","turquoise","chr17-4843207-4843471","distal",105721.5,4.65892234676456,"protein_coding"
"T1_MBC_to_prePB","RANBP1","turquoise","chr22-20008383-20008663","distal",107414.5,5.85735446221844,"protein_coding"
"T1_MBC_to_prePB","RANBP1","turquoise","chr22-20226024-20226375","distal",110262,4.1206044081479,"protein_coding"
"T1_MBC_to_prePB","RANBP1","turquoise","chr22-20000963-20001254","distal",114829,3.8554155210561,"protein_coding"
"T1_MBC_to_prePB","TPI1","turquoise","chr12-6982781-6983031","distal",115787.5,12.2133873273429,"protein_coding"
"T1_MBC_to_prePB","PRDX3","turquoise","chr10-119297137-119297423","distal",118447.5,10.7505128328929,"protein_coding"
"T1_MBC_to_prePB","TUBB","turquoise","chr6-30845472-30845730","distal",125400.5,4.19839002471372,"protein_coding"
"T1_MBC_to_prePB","PPIA","turquoise","chr7-44925115-44925528","distal",128642,4.87142404106917,"protein_coding"
"T1_MBC_to_prePB","CBX3","turquoise","chr7-26331317-26331614","distal",130304,4.52944517092615,"protein_coding"
"T1_MBC_to_prePB","PPIA","turquoise","chr7-44662541-44662803","distal",134007.5,10.7262326697551,"protein_coding"
"T1_MBC_to_prePB","PFN1","turquoise","chr17-4812345-4812616","distal",136580,4.82848766868048,"protein_coding"
"T1_MBC_to_prePB","TPI1","turquoise","chr12-6729593-6729886","distal",137379,2.27186939737267,"protein_coding"
"T1_MBC_to_prePB","RANBP1","turquoise","chr22-20255857-20256129","distal",140055.5,1.54573668070503,"protein_coding"
"T1_MBC_to_prePB","RANBP1","turquoise","chr22-19974555-19974834","distal",141243,3.27194239642324,"protein_coding"
"T1_MBC_to_prePB","RANBP1","turquoise","chr22-19971760-19972017","distal",144049,10.9842352761372,"protein_coding"
"T1_MBC_to_prePB","PCNA","turquoise","chr20-4982003-4982269","distal",144489.5,2.2522262508578,"protein_coding"
"T1_MBC_to_prePB","PFN1","turquoise","chr17-5095107-5095401","distal",146193.5,3.85319443580843,"protein_coding"
"T1_MBC_to_prePB","PFN1","turquoise","chr17-4802679-4802939","distal",146251.5,2.93693852293432,"protein_coding"
"T1_MBC_to_prePB","TPI1","turquoise","chr12-7013895-7014158","distal",146908,6.57944138289843,"protein_coding"
"T1_MBC_to_prePB","PPIA","turquoise","chr7-44646538-44646788","distal",150016.5,13.0733557585433,"protein_coding"
"T1_MBC_to_prePB","TPI1","turquoise","chr12-6716403-6716877","distal",150478.5,3.77084339847064,"protein_coding"
"T1_MBC_to_prePB","TPI1","turquoise","chr12-6715669-6715924","distal",151322,10.7026220774457,"protein_coding"
"T1_MBC_to_prePB","TPI1","turquoise","chr12-6715138-6715647","distal",151726,2.89633128757057,"protein_coding"
"T1_MBC_to_prePB","LDHA","turquoise","chr11-18548196-18548463","distal",153942,5.88287841840926,"protein_coding"
"T1_MBC_to_prePB","TYMS","turquoise","chr18-812073-813320","distal",155093,2.79964844033372,"protein_coding"
"T1_MBC_to_prePB","PFN1","turquoise","chr17-4792408-4792664","distal",156524.5,4.84096324505403,"protein_coding"
"T1_MBC_to_prePB","TPI1","turquoise","chr12-7023574-7024076","distal",156706.5,4.48508029080673,"protein_coding"
"T1_MBC_to_prePB","RANBP1","turquoise","chr22-20273338-20273628","distal",157545.5,3.8302730454172,"protein_coding"
"T1_MBC_to_prePB","RANBP1","turquoise","chr22-19958078-19958356","distal",157720.5,4.84543202882024,"protein_coding"
"T1_MBC_to_prePB","TFRC","turquoise","chr3-195923518-195923771","distal",158544,3.28930791742231,"protein_coding"
"T1_MBC_to_prePB","PPIA","turquoise","chr7-44961716-44961979","distal",165168,2.12121133369514,"protein_coding"
"T1_MBC_to_prePB","ACTB","turquoise","chr7-5734955-5735231","distal",171309.5,2.08512358008512,"protein_coding"
"T1_MBC_to_prePB","TFRC","turquoise","chr3-195910324-195910775","distal",171639,11.8778293098074,"protein_coding"
"T1_MBC_to_prePB","TFRC","turquoise","chr3-196255605-196255894","distal",173561,5.48797219652995,"protein_coding"
"T1_MBC_to_prePB","RANBP1","turquoise","chr22-19941235-19941539","distal",174550.5,4.74496551605119,"protein_coding"
"T1_MBC_to_prePB","ACTB","turquoise","chr7-5739628-5739918","distal",175989.5,2.09947341173664,"protein_coding"
"T1_MBC_to_prePB","TPI1","turquoise","chr12-7047041-7047315","distal",180059.5,3.1953594615406,"protein_coding"
"T1_MBC_to_prePB","TUBB","turquoise","chr6-30539026-30539288","distal",181043.5,6.91790947440262,"protein_coding"
"T1_MBC_to_prePB","TYMS","turquoise","chr18-839366-839633","distal",181896,4.12956811161218,"protein_coding"
"T1_MBC_to_prePB","TPI1","turquoise","chr12-7053073-7053958","distal",186397,1.0719713470543,"protein_coding"
"T1_MBC_to_prePB","TPI1","turquoise","chr12-6679514-6679822","distal",187450.5,3.3093078730606,"protein_coding"
"T1_MBC_to_prePB","TPI1","turquoise","chr12-7055537-7055952","distal",188626,2.22874296513566,"protein_coding"
"T1_MBC_to_prePB","PPIA","turquoise","chr7-44605125-44605414","distal",191410,4.56351754725997,"protein_coding"
"T1_MBC_to_prePB","RANBP1","turquoise","chr22-20307447-20307726","distal",191649,6.69108515198509,"protein_coding"
"T1_MBC_to_prePB","TPI1","turquoise","chr12-7059570-7059934","distal",192633.5,11.3171373751615,"protein_coding"
"T1_MBC_to_prePB","CBX3","turquoise","chr7-26008214-26008476","distal",192816.5,5.50166249317946,"protein_coding"
"T1_MBC_to_prePB","TPI1","turquoise","chr12-7060186-7060671","distal",193310,3.13068083771516,"protein_coding"
"T1_MBC_to_prePB","CBX3","turquoise","chr7-26007215-26007522","distal",193793,11.9507709849209,"protein_coding"
"T1_MBC_to_prePB","TPI1","turquoise","chr12-7063141-7063455","distal",196179.5,3.87595478378563,"protein_coding"
"T1_MBC_to_prePB","TUBB","turquoise","chr6-30523486-30523763","distal",196576,11.0732700677049,"protein_coding"
"T1_MBC_to_prePB","FABP5","turquoise","chr8-81083434-81083962","distal",196664.5,5.49114729237559,"protein_coding"
"T1_MBC_to_prePB","TPI1","turquoise","chr12-7068412-7068681","distal",201428,1.83845914592388,"protein_coding"
"T1_MBC_to_prePB","TPI1","turquoise","chr12-6665099-6665403","distal",201867.5,5.90199074392664,"protein_coding"
"T1_MBC_to_prePB","PRDX3","turquoise","chr10-118976164-118976447","distal",202527,4.29102808798033,"protein_coding"
"T1_MBC_to_prePB","PPIA","turquoise","chr7-44999228-44999499","distal",202684,3.40221103899348,"protein_coding"
"T1_MBC_to_prePB","TUBB","turquoise","chr6-30923405-30923698","distal",203351,5.11673663370383,"protein_coding"
"T1_MBC_to_prePB","TPI1","turquoise","chr12-7070430-7070724","distal",203458.5,1.40294930418752,"protein_coding"
"T1_MBC_to_prePB","CBX3","turquoise","chr7-25990758-25991299","distal",210133,1.35462483121022,"protein_coding"
"T1_MBC_to_prePB","TUBB","turquoise","chr6-30509324-30509718","distal",210679.5,4.42499937001455,"protein_coding"
"T1_MBC_to_prePB","PFN1","turquoise","chr17-4736469-4736736","distal",212458,6.00971122744122,"protein_coding"
"T1_MBC_to_prePB","CBX3","turquoise","chr7-26416650-26416915","distal",215621,1.46386246738992,"protein_coding"
"T1_MBC_to_prePB","PKM","turquoise","chr15-72448275-72448581","distal",216606.5,3.43171412544516,"protein_coding"
"T1_MBC_to_prePB","TUBA1B","turquoise","chr12-49351189-49351467","distal",219931.5,4.95971837712742,"protein_coding"
"T1_MBC_to_prePB","TPI1","turquoise","chr12-6646945-6647317","distal",219987.5,3.20523036775334,"protein_coding"
"T1_MBC_to_prePB","PPIA","turquoise","chr7-45018399-45018991","distal",222015.5,2.33358850333609,"protein_coding"
"T1_MBC_to_prePB","TPI1","turquoise","chr12-6644254-6644531","distal",222726,12.1001380760305,"protein_coding"
"T1_MBC_to_prePB","TPI1","turquoise","chr12-6643243-6643806","distal",223594,1.71076045667042,"protein_coding"
"T1_MBC_to_prePB","TPI1","turquoise","chr12-6641603-6642161","distal",225236.5,3.83553145174993,"protein_coding"
"T1_MBC_to_prePB","PPIA","turquoise","chr7-45026159-45026445","distal",229622.5,4.56561767029475,"protein_coding"
"T1_MBC_to_prePB","CBX3","turquoise","chr7-26438535-26438788","distal",237500,1.86186308306792,"protein_coding"
"T1_MBC_to_prePB","CBX3","turquoise","chr7-26438809-26439085","distal",237785.5,5.25262436138119,"protein_coding"
"T1_MBC_to_prePB","PFN1","turquoise","chr17-4710265-4710525","distal",238665.5,5.2657862369024,"protein_coding"
"T1_MBC_to_prePB","TUBA1B","turquoise","chr12-49371689-49372032","distal",240464,3.90663978641119,"protein_coding"
"T1_MBC_to_prePB","TUBA1B","turquoise","chr12-49375161-49375455","distal",243911.5,4.19234805837086,"protein_coding"
"T1_MBC_to_prePB","PPIA","turquoise","chr7-45041036-45041301","distal",244489,2.67523824643011,"protein_coding"
"T1_MBC_to_prePB","TUBA1B","turquoise","chr12-49381854-49382136","distal",250598.5,3.67805274385244,"protein_coding"
"T1_MBC_to_prePB","ENO1","turquoise","chr1-9129791-9130075","distal",250684.5,1.98298610981443,"protein_coding"
"T1_MBC_to_prePB","PRDX3","turquoise","chr10-118927694-118927956","distal",251007.5,2.1373905040142,"protein_coding"
"T1_MBC_to_prePB","TFRC","turquoise","chr3-196336207-196336464","distal",254147,2.7292674025822,"protein_coding"
"T1_MBC_to_prePB","PFN1","turquoise","chr17-4693575-4693825","distal",255360.5,12.6035295380865,"protein_coding"
"T1_MBC_to_prePB","PFN1","turquoise","chr17-4693212-4693502","distal",255703.5,1.05081911119543,"protein_coding"
"T1_MBC_to_prePB","PKM","turquoise","chr15-72489621-72490506","distal",258242,3.94047828823908,"protein_coding"
"T1_MBC_to_prePB","TUBB","turquoise","chr6-30461503-30461791","distal",258553.5,3.84271363380529,"protein_coding"
"T1_MBC_to_prePB","TPI1","turquoise","chr12-7125979-7126239","distal",258990.5,4.78479866288816,"protein_coding"
"T1_MBC_to_prePB","TUBA1B","turquoise","chr12-49390648-49390925","distal",259390,11.3515526997101,"protein_coding"
"T1_MBC_to_prePB","TUBA1B","turquoise","chr12-49391896-49392224","distal",260663.5,2.12083106685947,"protein_coding"
"T1_MBC_to_prePB","LDHA","turquoise","chr11-18655925-18656344","distal",261747,6.70538224965651,"protein_coding"
"T1_MBC_to_prePB","TUBB","turquoise","chr6-30457922-30458258","distal",262110.5,3.62773956520066,"protein_coding"
"T1_MBC_to_prePB","TPI1","turquoise","chr12-6602785-6603215","distal",264118.5,2.27835245469777,"protein_coding"
"T1_MBC_to_prePB","CBX3","turquoise","chr7-25935034-25935299","distal",265995,3.85958994746724,"protein_coding"
"T1_MBC_to_prePB","LDHA","turquoise","chr11-18127507-18127783","distal",266742.5,3.56264427725629,"protein_coding"
"T1_MBC_to_prePB","TUBB","turquoise","chr6-30449843-30450123","distal",270217.5,1.91364140075192,"protein_coding"
"T1_MBC_to_prePB","RANBP1","turquoise","chr22-19842996-19843406","distal",272736.5,2.9084284834346,"protein_coding"
"T1_MBC_to_prePB","TFRC","turquoise","chr3-195808931-195809208","distal",273119,5.14147940799885,"protein_coding"
"T1_MBC_to_prePB","RANBP1","turquoise","chr22-19841609-19841925","distal",274170.5,11.3813299678234,"protein_coding"
"T1_MBC_to_prePB","ACTB","turquoise","chr7-5279977-5280255","distal",283667.5,3.10242594376905,"protein_coding"
"T1_MBC_to_prePB","TFRC","turquoise","chr3-196366213-196366853","distal",284344.5,4.74352574515757,"protein_coding"
"T1_MBC_to_prePB","TUBB","turquoise","chr6-30434241-30434531","distal",285814.5,4.0432360466234,"protein_coding"
"T1_MBC_to_prePB","PKM","turquoise","chr15-72519700-72519964","distal",288010.5,11.4386545125854,"protein_coding"
"T1_MBC_to_prePB","TFRC","turquoise","chr3-196370257-196370530","distal",288205,5.53738585801863,"protein_coding"
"T1_MBC_to_prePB","PKM","turquoise","chr15-72523509-72523799","distal",291832.5,2.59150797718036,"protein_coding"
"T1_MBC_to_prePB","ENO1","turquoise","chr1-9172064-9172346","distal",292956.5,10.8924530717178,"protein_coding"
"T1_MBC_to_prePB","DUT","turquoise","chr15-48624101-48624629","distal",293354.5,4.17122265766999,"protein_coding"
"T1_MBC_to_prePB","LCP1","turquoise","chr13-45915277-45915545","distal",296459.5,7.08421827520222,"protein_coding"
"T1_MBC_to_prePB","TPI1","turquoise","chr12-6569982-6570243","distal",297006,10.4928862738897,"protein_coding"
"T1_MBC_to_prePB","TUBB","turquoise","chr6-30421469-30421740","distal",298596,4.41230630720223,"protein_coding"
"T1_MBC_to_prePB","PFN1","turquoise","chr17-4642830-4643272","distal",306009.5,3.76836596944962,"protein_coding"
"T1_MBC_to_prePB","TUBA1B","turquoise","chr12-49437562-49437874","distal",306321.5,2.55313972643494,"protein_coding"
"T1_MBC_to_prePB","CBX3","turquoise","chr7-25891331-25891673","distal",309659.5,11.0712116587843,"protein_coding"
"T1_MBC_to_prePB","TPI1","turquoise","chr12-6553103-6553394","distal",313870,10.8350161862888,"protein_coding"
"T1_MBC_to_prePB","LDHA","turquoise","chr11-18720099-18720358","distal",325841,4.58084290919775,"protein_coding"
"T1_MBC_to_prePB","ENO1","turquoise","chr1-9205348-9205642","distal",326246.5,10.8993280762668,"protein_coding"
"T1_MBC_to_prePB","LCP1","turquoise","chr13-45885240-45885542","distal",326479.5,3.2126556846714,"protein_coding"
"T1_MBC_to_prePB","PCNA","turquoise","chr20-4795136-4795823","distal",331146,3.24132211363053,"protein_coding"
"T1_MBC_to_prePB","PPIA","turquoise","chr7-45128846-45129224","distal",332355.5,3.67648932591782,"protein_coding"
"T1_MBC_to_prePB","TFRC","turquoise","chr3-195749008-195749270","distal",333049.5,10.726118806513,"protein_coding"
"T1_MBC_to_prePB","ACTB","turquoise","chr7-5230134-5230450","distal",333491.5,4.13859163737961,"protein_coding"
"T1_MBC_to_prePB","ACTB","turquoise","chr7-5229671-5229930","distal",333983,3.04224212994866,"protein_coding"
"T1_MBC_to_prePB","PFN1","turquoise","chr17-4613682-4613986","distal",335226.5,4.00263480853161,"protein_coding"
"T1_MBC_to_prePB","TUBB","turquoise","chr6-30379336-30379616","distal",340724.5,2.79465724420023,"protein_coding"
"T1_MBC_to_prePB","TUBA1B","turquoise","chr12-49481952-49482395","distal",350777,2.118338825694,"protein_coding"
"T1_MBC_to_prePB","TUBA1B","turquoise","chr12-49483602-49483874","distal",352341.5,4.04028853299963,"protein_coding"
"T1_MBC_to_prePB","TUBA1B","turquoise","chr12-49485974-49486298","distal",354739.5,3.02650290104065,"protein_coding"
"T1_MBC_to_prePB","TUBB","turquoise","chr6-30364692-30364960","distal",355374.5,2.35158089472749,"protein_coding"
"T1_MBC_to_prePB","TFRC","turquoise","chr3-196438918-196439231","distal",356886,0.941518423116044,"protein_coding"
"T1_MBC_to_prePB","LDHA","turquoise","chr11-18753206-18753837","distal",359134,3.95463766985004,"protein_coding"
"T1_MBC_to_prePB","TUBA1B","turquoise","chr12-49491729-49492074","distal",360505,3.18679840340328,"protein_coding"
"T1_MBC_to_prePB","TFRC","turquoise","chr3-195721233-195721494","distal",360825,3.05450921726852,"protein_coding"
"T1_MBC_to_prePB","ENO1","turquoise","chr1-9241413-9241686","distal",362301,1.65237693956917,"protein_coding"
"T1_MBC_to_prePB","H2AFZ","turquoise","chr4-99579765-99580068","distal",370471,2.84298437418886,"protein_coding"
"T1_MBC_to_prePB","ACTG1","turquoise","chr17-81153177-81153443","distal",370536.5,2.96976033860533,"protein_coding"
"T1_MBC_to_prePB","RANBP1","turquoise","chr22-19744100-19744372","distal",371701.5,2.71476591264791,"protein_coding"
"T1_MBC_to_prePB","PKM","turquoise","chr15-72605022-72605327","distal",373353,3.36089540415766,"protein_coding"
"T1_MBC_to_prePB","ACTB","turquoise","chr7-5938091-5938384","distal",374454,3.31854743858719,"protein_coding"
"T1_MBC_to_prePB","RAN","turquoise","chr12-131246329-131246765","distal",374668.5,4.31965819622902,"protein_coding"
"T1_MBC_to_prePB","ENO1","turquoise","chr1-9256238-9256511","distal",377126,10.8093566164458,"protein_coding"
"T1_MBC_to_prePB","ENO1","turquoise","chr1-9258711-9258993","distal",379603.5,11.0239462419645,"protein_coding"
"T1_MBC_to_prePB","PKM","turquoise","chr15-72612517-72612805","distal",380839.5,5.26332125381406,"protein_coding"
"T1_MBC_to_prePB","PCNA","turquoise","chr20-5510298-5510612","distal",383829.5,3.65982259848441,"protein_coding"
"T1_MBC_to_prePB","TFRC","turquoise","chr3-196466920-196467448","distal",384995.5,11.8010520677947,"protein_coding"
"T1_MBC_to_prePB","PCNA","turquoise","chr20-4741325-4741629","distal",385148.5,4.76264464160039,"protein_coding"
"T1_MBC_to_prePB","TUBB","turquoise","chr6-31105297-31105573","distal",385234.5,3.7893802300821,"protein_coding"
"T1_MBC_to_prePB","TUBA1B","turquoise","chr12-48744506-48744778","distal",386754.5,2.50748478906644,"protein_coding"
"T1_MBC_to_prePB","TYMS","turquoise","chr18-267891-268168","distal",389574,4.59504294975288,"protein_coding"
"T1_MBC_to_prePB","LDHA","turquoise","chr11-18785833-18786134","distal",391596,10.7509902975524,"protein_coding"
"T1_MBC_to_prePB","PFN1","turquoise","chr17-5342384-5342637","distal",393450,1.64682951845171,"protein_coding"
"T1_MBC_to_prePB","TUBA1B","turquoise","chr12-49525253-49525549","distal",394004.5,11.9328715645548,"protein_coding"
"T1_MBC_to_prePB","TPI1","turquoise","chr12-7261764-7262024","distal",394775.5,3.07502613272932,"protein_coding"
"T1_MBC_to_prePB","LDHA","turquoise","chr11-18789907-18790176","distal",395654,11.2037129061278,"protein_coding"
"T1_MBC_to_prePB","RANBP1","turquoise","chr22-19718211-19718488","distal",397588,5.37009850029477,"protein_coding"
"T1_MBC_to_prePB","PPIA","turquoise","chr7-45194279-45194564","distal",397742,2.84802271331628,"protein_coding"
"T1_MBC_to_prePB","LDHA","turquoise","chr11-18797252-18797538","distal",403007.5,3.34312284938659,"protein_coding"
"T1_MBC_to_prePB","TUBB","turquoise","chr6-31126084-31126427","distal",406055,4.13800565559118,"protein_coding"
"T1_MBC_to_prePB","RANBP1","turquoise","chr22-19706007-19706979","distal",409444.5,3.53157221998411,"protein_coding"
"T1_MBC_to_prePB","RANBP1","turquoise","chr22-19705514-19705778","distal",410291.5,4.32006473179148,"protein_coding"
"T1_MBC_to_prePB","TPI1","turquoise","chr12-7282831-7283125","distal",415859.5,2.40040206224807,"protein_coding"
"T1_MBC_to_prePB","TPI1","turquoise","chr12-6444885-6445178","distal",422087,3.3940816355969,"protein_coding"
"T1_MBC_to_prePB","TUBB","turquoise","chr6-30294841-30295153","distal",425203.5,5.77352348980185,"protein_coding"
"T1_MBC_to_prePB","ENO1","turquoise","chr1-9310046-9310360","distal",430954.5,10.6368897256543,"protein_coding"
"T1_MBC_to_prePB","RAN","turquoise","chr12-131303511-131303791","distal",431772.5,2.85284406611836,"protein_coding"
"T1_MBC_to_prePB","TFRC","turquoise","chr3-195641859-195642158","distal",440180,1.74470288394145,"protein_coding"
"T1_MBC_to_prePB","TFRC","turquoise","chr3-195634875-195635129","distal",447186.5,3.52831013130486,"protein_coding"
"T1_MBC_to_prePB","ENO1","turquoise","chr1-9327183-9327456","distal",448071,1.90723032036788,"protein_coding"
"T1_MBC_to_prePB","RAN","turquoise","chr12-131324008-131324281","distal",452266,11.3359210822068,"protein_coding"
"T1_MBC_to_prePB","PFN1","turquoise","chr17-5404361-5404641","distal",455440.5,3.6580634674823,"protein_coding"
"T1_MBC_to_prePB","ENO1","turquoise","chr1-9335722-9336084","distal",456654.5,4.19112099978176,"protein_coding"
"T1_MBC_to_prePB","PCNA","turquoise","chr20-4667243-4667531","distal",459238.5,11.4481249198336,"protein_coding"
"T1_MBC_to_prePB","PCNA","turquoise","chr20-4666882-4667179","distal",459595,2.06697183264134,"protein_coding"
"T1_MBC_to_prePB","PCNA","turquoise","chr20-5591524-5591802","distal",465037.5,6.94635928004381,"protein_coding"
"T1_MBC_to_prePB","TPI1","turquoise","chr12-7342901-7343171","distal",475917.5,3.87355391633344,"protein_coding"
"T1_MBC_to_prePB","FABP5","turquoise","chr8-80803705-80804069","distal",476475.5,2.62758273083923,"protein_coding"
"T1_MBC_to_prePB","TPI1","turquoise","chr12-6387774-6388325","distal",479069,4.83647458291427,"protein_coding"
"T1_MBC_to_prePB","HSPD1","turquoise","chr2-197036110-197036490","distal",480436.5,5.58533980273522,"protein_coding"
"T1_MBC_to_prePB","RAN","turquoise","chr12-131356170-131356498","distal",484455.5,1.6194493137264,"protein_coding"
"T1_MBC_to_prePB","RAN","turquoise","chr12-131356712-131357325","distal",485140,1.47017730908909,"protein_coding"
"T1_MBC_to_prePB","ACTG1","turquoise","chr17-81037347-81037621","distal",486362.5,3.13404274264421,"protein_coding"
"T1_MBC_to_prePB","TFRC","turquoise","chr3-195589988-195590249","distal",492070,3.93924713980944,"protein_coding"
"T1_MBC_to_prePB","ACTB","turquoise","chr7-6056086-6056336","distal",492427.5,11.042043749798,"protein_coding"
"T1_MBC_to_prePB","ENO1","turquoise","chr1-9375894-9376351","distal",496874,11.3778101758827,"protein_coding"
"T1_MBC_to_prePB","TUBA1B","turquoise","chr12-49628273-49628790","distal",497135,1.38794808803891,"protein_coding"
"T1_MBC_to_prePB","PPIA","turquoise","chr7-44297436-44297721","distal",499101,4.0529540793094,"protein_coding"
"T1_MBC_to_prePB","TYMS","turquoise","chr18-158208-158691","distal",499154,2.65847166418572,"protein_coding"
"T1_MBC_to_prePB","CD83","brown","chr6-14117850-14118125","promoter",732,5.44134953524596,"protein_coding"
"T1_MBC_to_prePB","HLA-DMB","brown","chr6-32937960-32938447","proximal",2866,3.4075619738022,"protein_coding"
"T1_MBC_to_prePB","HLA-DMB","brown","chr6-32936152-32936477","proximal",4755,2.58830726965071,"protein_coding"
"T1_MBC_to_prePB","LTB","brown","chr6-31566377-31566652","proximal",16007,3.25608908993448,"protein_coding"
"T1_MBC_to_prePB","CXCR5","brown","chr11-118901493-118901760","proximal",17861,6.07133288874777,"protein_coding"
"T1_MBC_to_prePB","CD82","brown","chr11-44586507-44586825","proximal",22239.5,11.4712121735431,"protein_coding"
"T1_MBC_to_prePB","PIKFYVE","brown","chr2-208288650-208288905","proximal",22511,2.70169887703089,"protein_coding"
"T1_MBC_to_prePB","CD82","brown","chr11-44586880-44587414","proximal",22720.5,5.38938363921954,"protein_coding"
"T1_MBC_to_prePB","CD82","brown","chr11-44590574-44590956","proximal",26338.5,5.23509477756809,"protein_coding"
"T1_MBC_to_prePB","CD83","brown","chr6-14144924-14145189","proximal",27801,3.58849200512347,"protein_coding"
"T1_MBC_to_prePB","MARCH1","brown","chr4-164415860-164416130","proximal",31945.5,2.77134889031041,"protein_coding"
"T1_MBC_to_prePB","LTB","brown","chr6-31548617-31548900","proximal",33763,2.72256628214151,"protein_coding"
"T1_MBC_to_prePB","LTB","brown","chr6-31544775-31545135","proximal",37566.5,2.83164114374328,"protein_coding"
"T1_MBC_to_prePB","LTB","brown","chr6-31543162-31543802","proximal",39039.5,4.04130379273564,"protein_coding"
"T1_MBC_to_prePB","CD69","brown","chr12-9800612-9800887","proximal",39849,3.9339912190839,"protein_coding"
"T1_MBC_to_prePB","JUNB","brown","chr19-12750933-12751221","proximal",40418.5,5.59509061071471,"protein_coding"
"T1_MBC_to_prePB","JUNB","brown","chr19-12833454-12833766","proximal",42114.5,2.29369978222236,"protein_coding"
"T1_MBC_to_prePB","LTB","brown","chr6-31539992-31540527","proximal",42262,5.33848446511456,"protein_coding"
"T1_MBC_to_prePB","KLF6","brown","chr10-3827506-3827777","proximal",42361,2.61707805640647,"protein_coding"
"T1_MBC_to_prePB","CXCR5","brown","chr11-118927702-118927971","proximal",44071,12.1050633625558,"protein_coding"
"T1_MBC_to_prePB","CXCR5","brown","chr11-118927988-118928284","proximal",44370.5,6.33622664155184,"protein_coding"
"T1_MBC_to_prePB","NFKBIA","brown","chr14-35452173-35452432","proximal",47554,11.8075830090516,"protein_coding"
"T1_MBC_to_prePB","DUSP2","brown","chr2-96196384-96196634","distal",51069.5,11.7910458996728,"protein_coding"
"T1_MBC_to_prePB","JUNB","brown","chr19-12845354-12845654","distal",54008.5,3.15175318486664,"protein_coding"
"T1_MBC_to_prePB","CXCR5","brown","chr11-118827317-118827582","distal",56316,5.12146840504864,"protein_coding"
"T1_MBC_to_prePB","NFKBIA","brown","chr14-35343080-35343667","distal",61375,11.9462826400969,"protein_coding"
"T1_MBC_to_prePB","NFKBIA","brown","chr14-35342788-35343068","distal",61820.5,2.64479812915598,"protein_coding"
"T1_MBC_to_prePB","KLF6","brown","chr10-3852167-3852598","distal",67102,11.7494553613039,"protein_coding"
"T1_MBC_to_prePB","CD82","brown","chr11-44632883-44633604","distal",68817,3.03063717576519,"protein_coding"
"T1_MBC_to_prePB","MS4A1","brown","chr11-60386114-60386380","distal",69504.5,4.7007007038517,"protein_coding"
"T1_MBC_to_prePB","PIKFYVE","brown","chr2-208195695-208196007","distal",70415.5,11.1788736167949,"protein_coding"
"T1_MBC_to_prePB","SPOCK2","brown","chr10-72163729-72164000","distal",74833,2.32769245800204,"protein_coding"
"T1_MBC_to_prePB","SPOCK2","brown","chr10-72164216-72164486","distal",75319.5,3.62798173688899,"protein_coding"
"T1_MBC_to_prePB","JUNB","brown","chr19-12868447-12868706","distal",77081,2.66344253090753,"protein_coding"
"T1_MBC_to_prePB","CD82","brown","chr11-44642728-44642985","distal",78430,2.95906982345247,"protein_coding"
"T1_MBC_to_prePB","MARCH1","brown","chr4-164465576-164465847","distal",81662,4.51454661180339,"protein_coding"
"T1_MBC_to_prePB","CXCR5","brown","chr11-118800892-118801196","distal",82721.5,4.1531937799234,"protein_coding"
"T1_MBC_to_prePB","CXCR5","brown","chr11-118796714-118796978","distal",86919.5,3.13679430799737,"protein_coding"
"T1_MBC_to_prePB","MS4A1","brown","chr11-60542992-60543264","distal",87376.5,4.31200348090621,"protein_coding"
"T1_MBC_to_prePB","LTB","brown","chr6-31670883-31671171","distal",88505.5,5.91879655723929,"protein_coding"
"T1_MBC_to_prePB","DUSP2","brown","chr2-96054923-96055208","distal",90374,2.84714486986944,"protein_coding"
"T1_MBC_to_prePB","PMAIP1","brown","chr18-59992214-59992535","distal",92427,2.89642985102776,"protein_coding"
"T1_MBC_to_prePB","CXCR5","brown","chr11-118977857-118978154","distal",94240,3.62609146467559,"protein_coding"
"T1_MBC_to_prePB","CD83","brown","chr6-14211220-14211823","distal",94266,7.30979166479432,"protein_coding"
"T1_MBC_to_prePB","JUNB","brown","chr19-12886413-12886676","distal",95049,0.97717861820779,"protein_coding"
"T1_MBC_to_prePB","SPOCK2","brown","chr10-71993078-71993380","distal",95802.5,4.35815536340343,"protein_coding"
"T1_MBC_to_prePB","JUNB","brown","chr19-12889717-12890239","distal",98482.5,11.1118741686647,"protein_coding"
"T1_MBC_to_prePB","CXCR5","brown","chr11-118782774-118783111","distal",100823,10.9696702550268,"protein_coding"
"T1_MBC_to_prePB","JUNB","brown","chr19-12893164-12893488","distal",101830.5,4.14478124087073,"protein_coding"
"T1_MBC_to_prePB","CXCR5","brown","chr11-118777808-118778096","distal",105813.5,5.2507232965203,"protein_coding"
"T1_MBC_to_prePB","KLF6","brown","chr10-3894592-3894842","distal",109436.5,10.9144133560375,"protein_coding"
"T1_MBC_to_prePB","NFKBIA","brown","chr14-35515337-35515704","distal",110772,1.03103725046913,"protein_coding"
"T1_MBC_to_prePB","LTB","brown","chr6-31695190-31695455","distal",112801,3.20469776329222,"protein_coding"
"T1_MBC_to_prePB","JUNB","brown","chr19-12674936-12675201","distal",116427,3.92402337597427,"protein_coding"
"T1_MBC_to_prePB","HLA-DMB","brown","chr6-33059770-33060036","distal",118833.5,3.71014061307053,"protein_coding"
"T1_MBC_to_prePB","LTB","brown","chr6-31702603-31702917","distal",120238.5,3.69560301358278,"protein_coding"
"T1_MBC_to_prePB","LTB","brown","chr6-31704043-31704354","distal",121677,4.28046263180998,"protein_coding"
"T1_MBC_to_prePB","CXCR5","brown","chr11-118758331-118758623","distal",125288.5,11.4772388273642,"protein_coding"
"T1_MBC_to_prePB","PIKFYVE","brown","chr2-208394446-208394710","distal",128311.5,3.10857463128844,"protein_coding"
"T1_MBC_to_prePB","CXCR5","brown","chr11-118754448-118754825","distal",129129,4.62014411890118,"protein_coding"
"T1_MBC_to_prePB","JUNB","brown","chr19-12662115-12662374","distal",129251,1.48272426706172,"protein_coding"
"T1_MBC_to_prePB","SPOCK2","brown","chr10-72221138-72221421","distal",132248,4.31515084973764,"protein_coding"
"T1_MBC_to_prePB","DUSP2","brown","chr2-96011334-96011621","distal",133962,2.28484853690265,"protein_coding"
"T1_MBC_to_prePB","HLA-DMB","brown","chr6-32806445-32806709","distal",134492.5,6.63695154005592,"protein_coding"
"T1_MBC_to_prePB","CD69","brown","chr12-9911389-9911692","distal",150640,4.52179781322024,"protein_coding"
"T1_MBC_to_prePB","MS4A1","brown","chr11-60609404-60609670","distal",153785.5,4.54184018785386,"protein_coding"
"T1_MBC_to_prePB","JUNB","brown","chr19-12946152-12946719","distal",154940,2.72832818860094,"protein_coding"
"T1_MBC_to_prePB","LTB","brown","chr6-31737597-31737858","distal",155206,3.57149095720145,"protein_coding"
"T1_MBC_to_prePB","CXCR5","brown","chr11-119039342-119039644","distal",155727.5,4.67132959218519,"protein_coding"
"T1_MBC_to_prePB","CXCR5","brown","chr11-119039869-119040119","distal",156228.5,11.8812407923379,"protein_coding"
"T1_MBC_to_prePB","JUNB","brown","chr19-12948977-12949390","distal",157688,3.55804286692443,"protein_coding"
"T1_MBC_to_prePB","SPOCK2","brown","chr10-71930247-71930524","distal",158646,5.01989129582005,"protein_coding"
"T1_MBC_to_prePB","RAB11FIP1","brown","chr8-37739473-37739735","distal",159862.5,4.00119563987559,"protein_coding"
"T1_MBC_to_prePB","LTB","brown","chr6-31744904-31745174","distal",162517.5,2.27894911288589,"protein_coding"
"T1_MBC_to_prePB","CD52","brown","chr1-26488419-26488713","distal",170609.5,1.92046588908724,"protein_coding"
"T1_MBC_to_prePB","LTB","brown","chr6-31409422-31409701","distal",172960,3.55960784340793,"protein_coding"
"T1_MBC_to_prePB","SPOCK2","brown","chr10-71906278-71906544","distal",182620.5,1.58543988273557,"protein_coding"
"T1_MBC_to_prePB","CD82","brown","chr11-44749439-44749701","distal",185143.5,3.16063602165295,"protein_coding"
"T1_MBC_to_prePB","JUNB","brown","chr19-12606131-12606396","distal",185232,5.60795901998666,"protein_coding"
"T1_MBC_to_prePB","NFKBIA","brown","chr14-35591367-35591752","distal",186811,5.20823108367326,"protein_coding"
"T1_MBC_to_prePB","JUNB","brown","chr19-12978250-12978549","distal",186904,4.21328598552433,"protein_coding"
"T1_MBC_to_prePB","HLA-DMB","brown","chr6-33129299-33129553","distal",188356.5,4.99949104160509,"protein_coding"
"T1_MBC_to_prePB","RAB11FIP1","brown","chr8-37707259-37707555","distal",192059.5,4.9340197692628,"protein_coding"
"T1_MBC_to_prePB","CD83","brown","chr6-13924961-13925272","distal",192139,3.51586069668965,"protein_coding"
"T1_MBC_to_prePB","CXCR5","brown","chr11-118691246-118691520","distal",192382.5,4.58012629674133,"protein_coding"
"T1_MBC_to_prePB","CXCR5","brown","chr11-119076636-119077155","distal",193130,3.61766417728935,"protein_coding"
"T1_MBC_to_prePB","JUNB","brown","chr19-12992221-12992512","distal",200871,1.01332834901252,"protein_coding"
"T1_MBC_to_prePB","SESN3","brown","chr11-95438757-95439016","distal",206346,3.79714875469144,"protein_coding"
"T1_MBC_to_prePB","SPOCK2","brown","chr10-72297467-72297744","distal",208574,10.721115877474,"protein_coding"
"T1_MBC_to_prePB","JUNB","brown","chr19-13001615-13002125","distal",210374.5,4.98738164081757,"protein_coding"
"T1_MBC_to_prePB","SPOCK2","brown","chr10-71876115-71876388","distal",212780,3.11884949933136,"protein_coding"
"T1_MBC_to_prePB","LTB","brown","chr6-31795156-31795516","distal",212814.5,3.85738181928614,"protein_coding"
"T1_MBC_to_prePB","LTB","brown","chr6-31364755-31365044","distal",217622,10.83524214376,"protein_coding"
"T1_MBC_to_prePB","LTB","brown","chr6-31802623-31802917","distal",220248.5,5.70523730574522,"protein_coding"
"T1_MBC_to_prePB","NFKBIA","brown","chr14-35183737-35184184","distal",220788,5.86613678646738,"protein_coding"
"T1_MBC_to_prePB","PIKFYVE","brown","chr2-208490090-208490429","distal",223993,3.18538921739218,"protein_coding"
"T1_MBC_to_prePB","MS4A1","brown","chr11-60682878-60683139","distal",227257,4.14069345632111,"protein_coding"
"T1_MBC_to_prePB","RAB11FIP1","brown","chr8-38126628-38126906","distal",227300.5,1.96298452075942,"protein_coding"
"T1_MBC_to_prePB","HLA-DMB","brown","chr6-33172826-33173076","distal",231881.5,12.4576618149327,"protein_coding"
"T1_MBC_to_prePB","HLA-DMB","brown","chr6-33173098-33173348","distal",232153.5,12.3062220217508,"protein_coding"
"T1_MBC_to_prePB","HLA-DMB","brown","chr6-33176069-33176354","distal",235142,1.97561863278921,"protein_coding"
"T1_MBC_to_prePB","PIKFYVE","brown","chr2-208030897-208031177","distal",235229.5,2.53079596371653,"protein_coding"
"T1_MBC_to_prePB","SPOCK2","brown","chr10-72324576-72325099","distal",235806,10.8224239515647,"protein_coding"
"T1_MBC_to_prePB","JUNB","brown","chr19-12551688-12552041","distal",239631,5.52491282915007,"protein_coding"
"T1_MBC_to_prePB","CD83","brown","chr6-13874051-13874321","distal",243069.5,5.04474676171437,"protein_coding"
"T1_MBC_to_prePB","SESN3","brown","chr11-94987502-94987770","distal",244904.5,3.7271174429284,"protein_coding"
"T1_MBC_to_prePB","RAB11FIP1","brown","chr8-37654232-37654509","distal",245096,2.65331739874537,"protein_coding"
"T1_MBC_to_prePB","LTB","brown","chr6-31334688-31334981","distal",247687,1.81562533343695,"protein_coding"
"T1_MBC_to_prePB","LTB","brown","chr6-31831798-31832092","distal",249423.5,3.436644890344,"protein_coding"
"T1_MBC_to_prePB","JUNB","brown","chr19-13044364-13044642","distal",253007.5,4.56400764479345,"protein_coding"
"T1_MBC_to_prePB","CD82","brown","chr11-44307885-44308145","distal",256411.5,3.54339225437248,"protein_coding"
"T1_MBC_to_prePB","JUNB","brown","chr19-13049288-13049570","distal",257933.5,3.45454193308477,"protein_coding"
"T1_MBC_to_prePB","JUNB","brown","chr19-13056462-13056721","distal",265096,3.77859085318209,"protein_coding"
"T1_MBC_to_prePB","RGS2","brown","chr1-193074190-193074816","distal",265464.5,1.73538896159217,"protein_coding"
"T1_MBC_to_prePB","CD69","brown","chr12-9483828-9484111","distal",276931,4.34676786275467,"protein_coding"
"T1_MBC_to_prePB","RAB11FIP1","brown","chr8-37619896-37620312","distal",279362.5,3.97891721441167,"protein_coding"
"T1_MBC_to_prePB","JUNB","brown","chr19-13076199-13076489","distal",284848.5,5.8002815977537,"protein_coding"
"T1_MBC_to_prePB","LTB","brown","chr6-31870023-31870309","distal",287644.5,5.6938324544413,"protein_coding"
"T1_MBC_to_prePB","PMAIP1","brown","chr18-60190022-60190307","distal",290217,3.12107451371566,"protein_coding"
"T1_MBC_to_prePB","PMAIP1","brown","chr18-60193766-60194038","distal",293954.5,2.44653607159599,"protein_coding"
"T1_MBC_to_prePB","CD52","brown","chr1-26612338-26612609","distal",294517,11.0017938009929,"protein_coding"
"T1_MBC_to_prePB","MARCH1","brown","chr4-164087930-164088202","distal",295983.5,5.74026532443245,"protein_coding"
"T1_MBC_to_prePB","CD83","brown","chr6-13814771-13815035","distal",302352.5,11.8696552300763,"protein_coding"
"T1_MBC_to_prePB","CXCR5","brown","chr11-119186354-119186635","distal",302729,4.07786875317748,"protein_coding"
"T1_MBC_to_prePB","JUNB","brown","chr19-13094398-13094663","distal",303035,4.45631521236782,"protein_coding"
"T1_MBC_to_prePB","HLA-DMB","brown","chr6-33245747-33246037","distal",304822.5,4.60335476988797,"protein_coding"
"T1_MBC_to_prePB","RAB11FIP1","brown","chr8-37593833-37594363","distal",305368.5,2.81356033298209,"protein_coding"
"T1_MBC_to_prePB","NFKBIA","brown","chr14-35099202-35099509","distal",305393,4.71966039303778,"protein_coding"
"T1_MBC_to_prePB","CXCR5","brown","chr11-119191780-119192077","distal",308163,1.90017530146406,"protein_coding"
"T1_MBC_to_prePB","CD52","brown","chr1-26002468-26002762","distal",315341.5,4.16064976477538,"protein_coding"
"T1_MBC_to_prePB","CD82","brown","chr11-44883635-44884072","distal",319427,5.35588222676143,"protein_coding"
"T1_MBC_to_prePB","CXCR5","brown","chr11-118563262-118563556","distal",320356.5,3.82929825755475,"protein_coding"
"T1_MBC_to_prePB","CXCR5","brown","chr11-119204891-119205255","distal",321307.5,5.95721121185253,"protein_coding"
"T1_MBC_to_prePB","CXCR5","brown","chr11-118560788-118561057","distal",322843,6.27854492993306,"protein_coding"
"T1_MBC_to_prePB","CXCR5","brown","chr11-119209095-119209435","distal",325499.5,3.39520572958832,"protein_coding"
"T1_MBC_to_prePB","HLA-DMB","brown","chr6-33267104-33267549","distal",326257,5.65623328968337,"protein_coding"
"T1_MBC_to_prePB","RUNX3","brown","chr1-25291517-25292024","distal",326650,1.40916360604817,"protein_coding"
"T1_MBC_to_prePB","CXCR5","brown","chr11-119210680-119210941","distal",327045,3.46058657814718,"protein_coding"
"T1_MBC_to_prePB","RUNX3","brown","chr1-25293359-25293617","distal",328367.5,3.92221458457737,"protein_coding"
"T1_MBC_to_prePB","PMAIP1","brown","chr18-59561548-59561841","distal",338253,3.535109879211,"protein_coding"
"T1_MBC_to_prePB","RAB11FIP1","brown","chr8-38239754-38240044","distal",340432.5,2.15670562076799,"protein_coding"
"T1_MBC_to_prePB","RAB11FIP1","brown","chr8-38240460-38240735","distal",341131,3.8825300224542,"protein_coding"
"T1_MBC_to_prePB","RAB11FIP1","brown","chr8-37557844-37558105","distal",341492,4.98153160029334,"protein_coding"
"T1_MBC_to_prePB","CXCR5","brown","chr11-119227085-119227363","distal",343458.5,4.69933803622052,"protein_coding"
"T1_MBC_to_prePB","LTB","brown","chr6-31238922-31239172","distal",343474.5,11.2658509517427,"protein_coding"
"T1_MBC_to_prePB","LTB","brown","chr6-31926673-31926979","distal",344304.5,6.34549968855316,"protein_coding"
"T1_MBC_to_prePB","RAB11FIP1","brown","chr8-37553079-37553348","distal",346253,3.38429335309102,"protein_coding"
"T1_MBC_to_prePB","SESN3","brown","chr11-94884543-94884816","distal",347861,5.06392544665694,"protein_coding"
"T1_MBC_to_prePB","HLA-DMB","brown","chr6-32590298-32590595","distal",350623,3.18875740909782,"protein_coding"
"T1_MBC_to_prePB","CXCR5","brown","chr11-119234818-119235096","distal",351191.5,3.83600998319629,"protein_coding"
"T1_MBC_to_prePB","CD82","brown","chr11-44915743-44916044","distal",351467,3.51139296244791,"protein_coding"
"T1_MBC_to_prePB","PMAIP1","brown","chr18-60253460-60253731","distal",353648,5.31935556349361,"protein_coding"
"T1_MBC_to_prePB","ZFP36L1","brown","chr14-69152298-69152559","distal",356176,4.12188824402313,"protein_coding"
"T1_MBC_to_prePB","LTB","brown","chr6-31939818-31940336","distal",357555.5,3.05367042655595,"protein_coding"
"T1_MBC_to_prePB","ZFP36L1","brown","chr14-69162248-69162498","distal",366120.5,10.9748550967571,"protein_coding"
"T1_MBC_to_prePB","PIKFYVE","brown","chr2-208634600-208634904","distal",368485.5,4.66653103411709,"protein_coding"
"T1_MBC_to_prePB","CXCR5","brown","chr11-119252254-119252529","distal",368626,5.70570743785095,"protein_coding"
"T1_MBC_to_prePB","AC079767.4","brown","chr2-208030897-208031177","distal",368662.5,2.53079596371653,"lincRNA"
"T1_MBC_to_prePB","CD82","brown","chr11-44958065-44958349","distal",393780.5,3.58613286255498,"protein_coding"
"T1_MBC_to_prePB","NFKBIA","brown","chr14-35008682-35009058","distal",395878.5,3.90868653340634,"protein_coding"
"T1_MBC_to_prePB","NFKBIA","brown","chr14-35800757-35801040","distal",396150,3.33314249452552,"protein_coding"
"T1_MBC_to_prePB","CXCR5","brown","chr11-118481710-118481973","distal",401924,3.52985634817992,"protein_coding"
"T1_MBC_to_prePB","PMAIP1","brown","chr18-60305681-60305958","distal",405872,11.0205373103863,"protein_coding"
"T1_MBC_to_prePB","CD82","brown","chr11-44972339-44972604","distal",408045,2.44635564050944,"protein_coding"
"T1_MBC_to_prePB","SESN3","brown","chr11-94823074-94823397","distal",409305,4.88260258505659,"protein_coding"
"T1_MBC_to_prePB","REL","brown","chr2-61293358-61293644","distal",411980.5,11.3460636970878,"protein_coding"
"T1_MBC_to_prePB","SPOCK2","brown","chr10-71674454-71674726","distal",414441.5,11.0570655475872,"protein_coding"
"T1_MBC_to_prePB","HLA-DMB","brown","chr6-33359158-33359435","distal",418227,6.33561644376585,"protein_coding"
"T1_MBC_to_prePB","RAB11FIP1","brown","chr8-38325122-38326046","distal",426117.5,11.5057698727345,"protein_coding"
"T1_MBC_to_prePB","RAB11FIP1","brown","chr8-38326048-38326317","distal",426716,4.03373230922234,"protein_coding"
"T1_MBC_to_prePB","LTB","brown","chr6-32013882-32014690","distal",431764.5,10.8508475482155,"protein_coding"
"T1_MBC_to_prePB","SESN3","brown","chr11-94800197-94800669","distal",432107.5,4.20594367728426,"protein_coding"
"T1_MBC_to_prePB","LTB","brown","chr6-32015981-32016287","distal",433612.5,4.38017782894848,"protein_coding"
"T1_MBC_to_prePB","HLA-DMB","brown","chr6-33378042-33378316","distal",437109.5,0.880297948387378,"protein_coding"
"T1_MBC_to_prePB","JUNB","brown","chr19-13228828-13229128","distal",437482.5,4.02559351783956,"protein_coding"
"T1_MBC_to_prePB","HLA-DMB","brown","chr6-33378779-33379049","distal",437844.5,3.71964200381949,"protein_coding"
"T1_MBC_to_prePB","CXCR5","brown","chr11-118443028-118443370","distal",440566.5,1.70168518682127,"protein_coding"
"T1_MBC_to_prePB","CD52","brown","chr1-25876101-25876590","distal",441611,1.30167952362287,"protein_coding"
"T1_MBC_to_prePB","MS4A1","brown","chr11-60897292-60897566","distal",441677.5,3.53228670347168,"protein_coding"
"T1_MBC_to_prePB","CD82","brown","chr11-44117101-44117370","distal",447191,3.71016193563779,"protein_coding"
"T1_MBC_to_prePB","HLA-DMB","brown","chr6-33393531-33393786","distal",452589,2.60711559437858,"protein_coding"
"T1_MBC_to_prePB","LTB","brown","chr6-31126084-31126427","distal",456266,4.13800565559118,"protein_coding"
"T1_MBC_to_prePB","DUSP2","brown","chr2-95688099-95688505","distal",457137.5,4.36823967224631,"protein_coding"
"T1_MBC_to_prePB","ZFP36L1","brown","chr14-69260030-69260301","distal",463913,1.55090085840905,"protein_coding"
"T1_MBC_to_prePB","CXCR5","brown","chr11-119352136-119352394","distal",468499.5,3.43758282561858,"protein_coding"
"T1_MBC_to_prePB","JUNB","brown","chr19-13261059-13261323","distal",469695.5,3.07355935376029,"protein_coding"
"T1_MBC_to_prePB","LTB","brown","chr6-32054284-32054568","distal",471904.5,11.3246612171417,"protein_coding"
"T1_MBC_to_prePB","JUNB","brown","chr19-13263702-13263978","distal",472344.5,3.90885009817165,"protein_coding"
"T1_MBC_to_prePB","LTB","brown","chr6-32054750-32055294","distal",472500.5,1.73567561485125,"protein_coding"
"T1_MBC_to_prePB","LTB","brown","chr6-32055407-32055673","distal",473018.5,3.52494207037993,"protein_coding"
"T1_MBC_to_prePB","NFKBIA","brown","chr14-34931301-34932033","distal",473081.5,5.96313221118539,"protein_coding"
"T1_MBC_to_prePB","MS4A1","brown","chr11-60928856-60929273","distal",473313,6.18024158840033,"protein_coding"
"T1_MBC_to_prePB","JUNB","brown","chr19-13266789-13267056","distal",475427,2.32968433649818,"protein_coding"
"T1_MBC_to_prePB","LTB","brown","chr6-31105297-31105573","distal",477086.5,3.7893802300821,"protein_coding"
"T1_MBC_to_prePB","MS4A1","brown","chr11-60934623-60934909","distal",479014.5,3.83508806599653,"protein_coding"
"T1_MBC_to_prePB","HLA-DMB","brown","chr6-33422176-33422450","distal",481243.5,5.76631954492606,"protein_coding"
"T1_MBC_to_prePB","CXCR5","brown","chr11-118402248-118402498","distal",481392.5,11.5634864431085,"protein_coding"
"T1_MBC_to_prePB","RAB11FIP1","brown","chr8-38385544-38385881","distal",486246,3.28398031655014,"protein_coding"
"T1_MBC_to_prePB","SPOCK2","brown","chr10-72575513-72575781","distal",486615.5,2.86933557473835,"protein_coding"
"T1_MBC_to_prePB","ZFP36L1","brown","chr14-69283327-69283659","distal",487240.5,5.73964958156392,"protein_coding"
"T1_MBC_to_prePB","ZFP36L1","brown","chr14-69291529-69291819","distal",495421.5,3.91456732107636,"protein_coding"
"T1_MBC_to_prePB","LAPTM5","brown","chr1-31255616-31255883","distal",497930,11.6514569996124,"protein_coding"
"T2_prePB_to_PB","ISG15","blue","chr1-1004004-1004328","proximal",3028.5,0.342862319261339,"protein_coding"
"T2_prePB_to_PB","IFI6","blue","chr1-27668219-27668509","proximal",3853.5,0.308299543934264,"protein_coding"
"T2_prePB_to_PB","MALAT1","blue","chr11-65479433-65479714","proximal",18188,0.274406227762954,"lincRNA"
"T2_prePB_to_PB","IFI6","blue","chr1-27692458-27692875","proximal",20449,0.256020026601718,"protein_coding"
"T2_prePB_to_PB","LGALS3BP","blue","chr17-79008590-79008856","proximal",28614.5,0.330785150483614,"protein_coding"
"T2_prePB_to_PB","RP11-16E12.2","blue","chr15-31195799-31196161","proximal",34857.5,0.324628200033,"lincRNA"
"T2_prePB_to_PB","ISG15","blue","chr1-1051477-1051739","distal",50470.5,0.402390600134999,"protein_coding"
"T2_prePB_to_PB","MALAT1","blue","chr11-65548277-65548760","distal",50757,0.797228696874137,"lincRNA"
"T2_prePB_to_PB","RP11-16E12.2","blue","chr15-31283686-31284006","distal",53008.5,0.401036114662641,"lincRNA"
"T2_prePB_to_PB","ISG15","blue","chr1-1071931-1072284","distal",70970,0.949011322338451,"protein_coding"
"T2_prePB_to_PB","ISG15","blue","chr1-1072286-1072550","distal",71280.5,11.1422009721124,"protein_coding"
"T2_prePB_to_PB","MALAT1","blue","chr11-65570508-65570778","distal",72881.5,0.565617230708142,"lincRNA"
"T2_prePB_to_PB","RP11-284N8.3","blue","chr1-110752635-110752911","distal",95733.5,0.308820313366016,"lincRNA"
"T2_prePB_to_PB","IFI6","blue","chr1-27560889-27561152","distal",111197,0.514828753767253,"protein_coding"
"T2_prePB_to_PB","RP11-284N8.3","blue","chr1-110527187-110527458","distal",129717,0.337280461314753,"lincRNA"
"T2_prePB_to_PB","ITGA6","blue","chr2-172290498-172290759","distal",136725,0.322383847615853,"protein_coding"
"T2_prePB_to_PB","MALAT1","blue","chr11-65343416-65343682","distal",154212.5,0.383892255766277,"lincRNA"
"T2_prePB_to_PB","MALAT1","blue","chr11-65341685-65342010","distal",155914,0.405498927674541,"lincRNA"
"T2_prePB_to_PB","MALAT1","blue","chr11-65658186-65658484","distal",160573.5,12.395901515778,"lincRNA"
"T2_prePB_to_PB","MALAT1","blue","chr11-65667903-65668168","distal",170274,0.293226821118662,"lincRNA"
"T2_prePB_to_PB","MALAT1","blue","chr11-65314158-65314480","distal",183442.5,0.380398411476616,"lincRNA"
"T2_prePB_to_PB","MALAT1","blue","chr11-65313859-65314140","distal",183762,0.322433374330292,"lincRNA"
"T2_prePB_to_PB","MALAT1","blue","chr11-65686727-65686984","distal",189094,0.338831581443838,"lincRNA"
"T2_prePB_to_PB","ISG15","blue","chr1-805158-805423","distal",195847,0.456782413451425,"protein_coding"
"T2_prePB_to_PB","MALAT1","blue","chr11-65292534-65292836","distal",205076.5,0.401305280368596,"lincRNA"
"T2_prePB_to_PB","XAF1","blue","chr17-6544030-6544385","distal",211239,0.396613021757407,"protein_coding"
"T2_prePB_to_PB","LGALS3BP","blue","chr17-79196716-79196993","distal",216746,0.267924557699151,"protein_coding"
"T2_prePB_to_PB","IFI6","blue","chr1-27894970-27895276","distal",222905.5,0.553000239556007,"protein_coding"
"T2_prePB_to_PB","RP11-284N8.3","blue","chr1-110881165-110881422","distal",224254,0.311502590345263,"lincRNA"
"T2_prePB_to_PB","IFIT3","blue","chr10-89102084-89102378","distal",225662.5,0.285180867436141,"protein_coding"
"T2_prePB_to_PB","ISG15","blue","chr1-1265818-1266091","distal",264817,0.918353392973078,"protein_coding"
"T2_prePB_to_PB","ISG15","blue","chr1-1266340-1266610","distal",265337.5,1.37618823932594,"protein_coding"
"T2_prePB_to_PB","MALAT1","blue","chr11-65770136-65770450","distal",272531.5,0.474912471253426,"lincRNA"
"T2_prePB_to_PB","RP11-16E12.2","blue","chr15-31508601-31508992","distal",277959,0.382712776139683,"lincRNA"
"T2_prePB_to_PB","IFIT1","blue","chr10-89102084-89102378","distal",290314.5,0.285180867436141,"protein_coding"
"T2_prePB_to_PB","RP11-16E12.2","blue","chr15-31521446-31521721","distal",290746,0.299240521770252,"lincRNA"
"T2_prePB_to_PB","HIST1H2BK","blue","chr6-27440721-27441009","distal",294067.5,0.293984430613712,"protein_coding"
"T2_prePB_to_PB","MALAT1","blue","chr11-65819563-65819840","distal",321940,0.37378675880706,"lincRNA"
"T2_prePB_to_PB","RP11-16E12.2","blue","chr15-31558762-31559115","distal",328101,0.341548821127332,"lincRNA"
"T2_prePB_to_PB","ISG15","blue","chr1-1334695-1334958","distal",333689,0.362131658104202,"protein_coding"
"T2_prePB_to_PB","MALAT1","blue","chr11-65837173-65837626","distal",339638,0.429264135332415,"lincRNA"
"T2_prePB_to_PB","MALAT1","blue","chr11-65837654-65837919","distal",340025,0.745228590969371,"lincRNA"
"T2_prePB_to_PB","LGALS3BP","blue","chr17-79320023-79320293","distal",340049.5,0.29037815365772,"protein_coding"
"T2_prePB_to_PB","MALAT1","blue","chr11-65153892-65154167","distal",343732,0.302982379502705,"lincRNA"
"T2_prePB_to_PB","ITGA6","blue","chr2-172778753-172779151","distal",351598.5,0.559531483566534,"protein_coding"
"T2_prePB_to_PB","XAF1","blue","chr17-7117663-7118406","distal",362588,0.741322448150761,"protein_coding"
"T2_prePB_to_PB","MALAT1","blue","chr11-65122535-65122840","distal",375074,0.399834280440985,"lincRNA"
"T2_prePB_to_PB","MALAT1","blue","chr11-65121939-65122221","distal",375681.5,0.374810309984109,"lincRNA"
"T2_prePB_to_PB","IFI6","blue","chr1-27286855-27287152","distal",385214,0.690714770446625,"protein_coding"
"T2_prePB_to_PB","RP11-16E12.2","blue","chr15-31618575-31618991","distal",387945.5,0.347928583029407,"lincRNA"
"T2_prePB_to_PB","RP11-16E12.2","blue","chr15-31619827-31620184","distal",389168,0.517332285563223,"lincRNA"
"T2_prePB_to_PB","XAF1","blue","chr17-7145542-7145979","distal",390314,0.273282684292384,"protein_coding"
"T2_prePB_to_PB","XAF1","blue","chr17-7146246-7146526","distal",390939.5,0.337200815005395,"protein_coding"
"T2_prePB_to_PB","IFI44L","blue","chr1-78225426-78225682","distal",394367.5,0.381741735955221,"protein_coding"
"T2_prePB_to_PB","RP11-16E12.2","blue","chr15-31638903-31639179","distal",408203.5,0.366494368262534,"lincRNA"
"T2_prePB_to_PB","MALAT1","blue","chr11-65082227-65082527","distal",415384.5,0.388710419489834,"lincRNA"
"T2_prePB_to_PB","IFI27","blue","chr14-93673287-93673724","distal",431330,0.374646464157339,"protein_coding"
"T2_prePB_to_PB","ITGA6","blue","chr2-172864718-172865007","distal",437509,0.333870478291438,"protein_coding"
"T2_prePB_to_PB","XAF1","blue","chr17-7199751-7200017","distal",444437.5,0.252852738092471,"protein_coding"
"T2_prePB_to_PB","RP11-284N8.3","blue","chr1-110210490-110210758","distal",446415.5,0.79361635244674,"lincRNA"
"T2_prePB_to_PB","IFI44L","blue","chr1-78148478-78148763","distal",471301,11.5082875099049,"protein_coding"
"T2_prePB_to_PB","IFIT3","blue","chr10-88855160-88855426","distal",472600.5,0.361305896377447,"protein_coding"
"T2_prePB_to_PB","IFIT3","blue","chr10-88853791-88854078","distal",473959,0.306264626198202,"protein_coding"
"T2_prePB_to_PB","LGALS3BP","blue","chr17-79477779-79478662","distal",498112,0.666102836224272,"protein_coding"
"T2_prePB_to_PB","XAF1","blue","chr17-7254686-7255000","distal",499396.5,0.784015225297577,"protein_coding"
"T2_prePB_to_PB","XAF1","blue","chr17-7255182-7255709","distal",499999,0.489182415878844,"protein_coding"
"T2_prePB_to_PB","STAT5A","yellow","chr17-42277392-42277833","proximal",9934,0.28636754599768,"protein_coding"
"T2_prePB_to_PB","TNF","yellow","chr6-31588313-31588679","proximal",12929.5,0.337637717912891,"protein_coding"
"T2_prePB_to_PB","LTA","yellow","chr6-31588313-31588679","proximal",16442.5,0.337637717912891,"protein_coding"
"T2_prePB_to_PB","STAT5A","yellow","chr17-42264272-42264834","proximal",22993.5,0.369937516439323,"protein_coding"
"T2_prePB_to_PB","STAT5A","yellow","chr17-42263987-42264245","proximal",23430.5,0.279611336248672,"protein_coding"
"T2_prePB_to_PB","PEA15","yellow","chr1-160232193-160232453","proximal",26986.5,0.287843496220467,"protein_coding"
"T2_prePB_to_PB","SPIB","yellow","chr19-50380914-50381422","proximal",37769.5,0.479555278333221,"protein_coding"
"T2_prePB_to_PB","SPIB","yellow","chr19-50380634-50380905","proximal",38168,0.361183727895231,"protein_coding"
"T2_prePB_to_PB","SPIB","yellow","chr19-50380317-50380589","proximal",38484.5,0.35554859057909,"protein_coding"
"T2_prePB_to_PB","SPIB","yellow","chr19-50379824-50380085","proximal",38983,0.286436152023744,"protein_coding"
"T2_prePB_to_PB","SPIB","yellow","chr19-50372514-50372780","proximal",46290.5,0.314183636240846,"protein_coding"
"T2_prePB_to_PB","BHLHE40","yellow","chr3-4910062-4910357","distal",68906,0.555309169251798,"protein_coding"
"T2_prePB_to_PB","CD40","yellow","chr20-46045169-46045692","distal",72841,1.05251805953892,"protein_coding"
"T2_prePB_to_PB","CCL17","yellow","chr16-57481240-57481510","distal",76608.5,0.338385648933192,"protein_coding"
"T2_prePB_to_PB","CCL22","yellow","chr16-57278809-57279153","distal",79790.5,0.370443637536771,"protein_coding"
"T2_prePB_to_PB","PAX5","yellow","chr9-37120265-37120529","distal",86212.5,0.360449182624573,"protein_coding"
"T2_prePB_to_PB","TNF","yellow","chr6-31670883-31671171","distal",95460.5,0.273288299254133,"protein_coding"
"T2_prePB_to_PB","SPIB","yellow","chr19-50321351-50321622","distal",97451,0.365456032430186,"protein_coding"
"T2_prePB_to_PB","LTA","yellow","chr6-31670883-31671171","distal",98973.5,0.273288299254133,"protein_coding"
"T2_prePB_to_PB","SPIB","yellow","chr19-50316330-50316846","distal",102349.5,0.480523691736259,"protein_coding"
"T2_prePB_to_PB","BATF3","yellow","chr1-212588138-212588403","distal",111714,0.265671449860903,"protein_coding"
"T2_prePB_to_PB","STAT5A","yellow","chr17-42402222-42402604","distal",114866.5,0.351710985425032,"protein_coding"
"T2_prePB_to_PB","CCL17","yellow","chr16-57520290-57520589","distal",115673,0.584379374109094,"protein_coding"
"T2_prePB_to_PB","CAPG","yellow","chr2-85536126-85536560","distal",117911.5,1.61785959363462,"protein_coding"
"T2_prePB_to_PB","TNF","yellow","chr6-31697297-31697844","distal",122004,1.22798280213465,"protein_coding"
"T2_prePB_to_PB","CCL22","yellow","chr16-57481240-57481510","distal",122603.5,0.338385648933192,"protein_coding"
"T2_prePB_to_PB","CCR7","yellow","chr17-40688599-40688875","distal",123265.5,0.899435086061464,"protein_coding"
"T2_prePB_to_PB","LTA","yellow","chr6-31697297-31697844","distal",125517,1.22798280213465,"protein_coding"
"T2_prePB_to_PB","CCL17","yellow","chr16-57278809-57279153","distal",125785.5,0.370443637536771,"protein_coding"
"T2_prePB_to_PB","STAT5A","yellow","chr17-42422315-42422861","distal",135041.5,0.490896750475586,"protein_coding"
"T2_prePB_to_PB","PEA15","yellow","chr1-160068803-160069102","distal",136384,0.409886447016974,"protein_coding"
"T2_prePB_to_PB","CCR7","yellow","chr17-40428257-40428904","distal",136891,0.27061429765316,"protein_coding"
"T2_prePB_to_PB","CCL22","yellow","chr16-57219988-57220262","distal",138646.5,0.29000000856413,"protein_coding"
"T2_prePB_to_PB","SPIB","yellow","chr19-50270243-50270508","distal",148562,0.329778229286207,"protein_coding"
"T2_prePB_to_PB","CCL22","yellow","chr16-57520290-57520589","distal",161668,0.584379374109094,"protein_coding"
"T2_prePB_to_PB","CXCL10","yellow","chr4-75858137-75859068","distal",164894,0.810844524561392,"protein_coding"
"T2_prePB_to_PB","CCR7","yellow","chr17-40730317-40730616","distal",164995,0.26951383680256,"protein_coding"
"T2_prePB_to_PB","PEA15","yellow","chr1-160040061-160040436","distal",165088,0.535859177744671,"protein_coding"
"T2_prePB_to_PB","CCR7","yellow","chr17-40738770-40739025","distal",173426,1.01166050362501,"protein_coding"
"T2_prePB_to_PB","CD22","yellow","chr19-35494263-35494562","distal",175152,0.426693234439245,"protein_coding"
"T2_prePB_to_PB","STAT5A","yellow","chr17-42462549-42462864","distal",175160,0.517340148926838,"protein_coding"
"T2_prePB_to_PB","CCL17","yellow","chr16-57219988-57220262","distal",184641.5,0.29000000856413,"protein_coding"
"T2_prePB_to_PB","TNF","yellow","chr6-31774524-31774794","distal",199092.5,0.314815373996588,"protein_coding"
"T2_prePB_to_PB","LTA","yellow","chr6-31774524-31774794","distal",202605.5,0.314815373996588,"protein_coding"
"T2_prePB_to_PB","STAT5A","yellow","chr17-42084078-42084689","distal",203163,1.0301958586838,"protein_coding"
"T2_prePB_to_PB","PEA15","yellow","chr1-160001429-160001763","distal",203740.5,0.414949790021473,"protein_coding"
"T2_prePB_to_PB","RAB13","yellow","chr1-154192905-154193328","distal",206759,0.628298282732813,"protein_coding"
"T2_prePB_to_PB","CYP1B1","yellow","chr2-37899261-37899621","distal",210460.5,0.502971368035765,"protein_coding"
"T2_prePB_to_PB","CYP1B1","yellow","chr2-37898281-37898875","distal",211323.5,0.57521217018346,"protein_coding"
"T2_prePB_to_PB","AICDA","yellow","chr12-8395989-8396248","distal",216752,0.391053316701773,"protein_coding"
"T2_prePB_to_PB","AICDA","yellow","chr12-8395722-8395977","distal",217021,0.53434906182254,"protein_coding"
"T2_prePB_to_PB","AICDA","yellow","chr12-8395359-8395621","distal",217380.5,0.318575649275147,"protein_coding"
"T2_prePB_to_PB","BATF3","yellow","chr1-212458201-212458887","distal",241440.5,0.416497957059403,"protein_coding"
"T2_prePB_to_PB","ARID5A","yellow","chr2-96782130-96782533","distal",245589,0.904090786260009,"protein_coding"
"T2_prePB_to_PB","CCR7","yellow","chr17-40828802-40829077","distal",263468,0.710887389066351,"protein_coding"
"T2_prePB_to_PB","BATF3","yellow","chr1-212964921-212965302","distal",265127,0.439156714821168,"protein_coding"
"T2_prePB_to_PB","STAT5A","yellow","chr17-42015436-42015741","distal",271958,0.272838687509552,"protein_coding"
"T2_prePB_to_PB","SPIB","yellow","chr19-50145521-50145859","distal",273247.5,0.578298084593125,"protein_coding"
"T2_prePB_to_PB","SPIB","yellow","chr19-50145118-50145380","distal",273688.5,0.333743519987303,"protein_coding"
"T2_prePB_to_PB","SPIB","yellow","chr19-50143524-50143975","distal",275188,0.346652168722697,"protein_coding"
"T2_prePB_to_PB","CAPG","yellow","chr2-85132429-85133015","distal",285709.5,0.432907951315366,"protein_coding"
"T2_prePB_to_PB","LACTB","yellow","chr15-63414453-63414734","distal",292794,0.288063122784123,"protein_coding"
"T2_prePB_to_PB","TNF","yellow","chr6-31870023-31870309","distal",294599.5,0.643740710147007,"protein_coding"
"T2_prePB_to_PB","LTA","yellow","chr6-31275760-31276041","distal",296153,0.453887520010937,"protein_coding"
"T2_prePB_to_PB","LTA","yellow","chr6-31870023-31870309","distal",298112.5,0.643740710147007,"protein_coding"
"T2_prePB_to_PB","TNF","yellow","chr6-31275760-31276041","distal",299666,0.453887520010937,"protein_coding"
"T2_prePB_to_PB","CCR7","yellow","chr17-40259798-40260137","distal",305504,0.456053075421713,"protein_coding"
"T2_prePB_to_PB","RAB13","yellow","chr1-154297933-154298191","distal",311704.5,11.400751365119,"protein_coding"
"T2_prePB_to_PB","RAB13","yellow","chr1-154300928-154301222","distal",314717.5,0.450370095454269,"protein_coding"
"T2_prePB_to_PB","SPIB","yellow","chr19-50093961-50094285","distal",324814.5,11.4940244405516,"protein_coding"
"T2_prePB_to_PB","CCR7","yellow","chr17-40896939-40897221","distal",331608.5,0.462046859297643,"protein_coding"
"T2_prePB_to_PB","CCL22","yellow","chr16-57023303-57023584","distal",335328,0.255734617059092,"protein_coding"
"T2_prePB_to_PB","RAB13","yellow","chr1-153643624-153644240","distal",342425.5,0.916267047090608,"protein_coding"
"T2_prePB_to_PB","STAT5A","yellow","chr17-42634245-42634531","distal",346841.5,0.587020817876195,"protein_coding"
"T2_prePB_to_PB","RAB13","yellow","chr1-153631055-153631327","distal",355166.5,0.253167694321015,"protein_coding"
"T2_prePB_to_PB","LACTB","yellow","chr15-63481345-63481817","distal",359781.5,0.345033514710262,"protein_coding"
"T2_prePB_to_PB","CCR7","yellow","chr17-40202299-40202736","distal",362954,0.579551181309392,"protein_coding"
"T2_prePB_to_PB","PAX5","yellow","chr9-37409396-37409661","distal",375344,12.0963074587115,"protein_coding"
"T2_prePB_to_PB","PEA15","yellow","chr1-159824524-159824791","distal",380679,0.421733281389357,"protein_coding"
"T2_prePB_to_PB","CCL17","yellow","chr16-57023303-57023584","distal",381323,0.255734617059092,"protein_coding"
"T2_prePB_to_PB","PAX5","yellow","chr9-37422536-37422833","distal",388500,0.363405022581844,"protein_coding"
"T2_prePB_to_PB","RAB13","yellow","chr1-154377606-154377863","distal",391377,0.434016057890627,"protein_coding"
"T2_prePB_to_PB","CCL22","yellow","chr16-56966341-56966938","distal",392132,0.406781584104135,"protein_coding"
"T2_prePB_to_PB","CAPG","yellow","chr2-85829791-85830093","distal",411510.5,0.612828601558088,"protein_coding"
"T2_prePB_to_PB","CD22","yellow","chr19-35738663-35739270","distal",419706,0.80817097922847,"protein_coding"
"T2_prePB_to_PB","CAPG","yellow","chr2-85839048-85839325","distal",420755,0.286309591933843,"protein_coding"
"T2_prePB_to_PB","AICDA","yellow","chr12-8184977-8185574","distal",427595,0.489153464132496,"protein_coding"
"T2_prePB_to_PB","SPIB","yellow","chr19-49990574-49990837","distal",428232,0.317563192249879,"protein_coding"
"T2_prePB_to_PB","STAT5A","yellow","chr17-41856165-41856453","distal",431237.5,0.441853289773305,"protein_coding"
"T2_prePB_to_PB","CCL17","yellow","chr16-56966341-56966938","distal",438127,0.406781584104135,"protein_coding"
"T2_prePB_to_PB","PEA15","yellow","chr1-160644230-160644487","distal",439022,0.734788262984472,"protein_coding"
"T2_prePB_to_PB","CCL17","yellow","chr16-57844036-57844599","distal",439551,0.951513921149389,"protein_coding"
"T2_prePB_to_PB","CCR7","yellow","chr17-40118588-40118879","distal",446738,0.496632507843352,"protein_coding"
"T2_prePB_to_PB","LACTB","yellow","chr15-63569318-63569610","distal",447664.5,0.866719042954325,"protein_coding"
"T2_prePB_to_PB","ARID5A","yellow","chr2-96991087-96991545","distal",454573.5,0.343091680278972,"protein_coding"
"T2_prePB_to_PB","SPIB","yellow","chr19-50879713-50879986","distal",460912,0.294851965625988,"protein_coding"
"T2_prePB_to_PB","CD22","yellow","chr19-34855777-34856248","distal",463248,0.297576907932035,"protein_coding"
"T2_prePB_to_PB","SPIB","yellow","chr19-50887314-50887598","distal",468518.5,0.308878138423282,"protein_coding"
"T2_prePB_to_PB","CD22","yellow","chr19-34850163-34850456","distal",468951,0.35978852913508,"protein_coding"
"T2_prePB_to_PB","SPIB","yellow","chr19-49946851-49947107","distal",471958.5,0.319230751280522,"protein_coding"
"T2_prePB_to_PB","CCL22","yellow","chr16-57844036-57844599","distal",485546,0.951513921149389,"protein_coding"
"T2_prePB_to_PB","CCR7","yellow","chr17-40075177-40075454","distal",490156,0.274521585195711,"protein_coding"
"T2_prePB_to_PB","BATF3","yellow","chr1-212208743-212209018","distal",491104,0.320883630016636,"protein_coding"
"T2_prePB_to_PB","RANBP1","turquoise","chr22-20118378-20118905","proximal",2704,0.551257348650485,"protein_coding"
"T2_prePB_to_PB","ACTB","turquoise","chr7-5569266-5569853","proximal",5776,0.479312025109949,"protein_coding"
"T2_prePB_to_PB","TPI1","turquoise","chr12-6876031-6876312","proximal",9053,0.656358252072546,"protein_coding"
"T2_prePB_to_PB","CBX3","turquoise","chr7-26191574-26191904","proximal",9422.5,0.338181245878215,"protein_coding"
"T2_prePB_to_PB","TUBB","turquoise","chr6-30710523-30710814","proximal",9532,0.396062832512682,"protein_coding"
"T2_prePB_to_PB","RANBP1","turquoise","chr22-20104613-20104960","proximal",11151,0.440860814622119,"protein_coding"
"T2_prePB_to_PB","PPIA","turquoise","chr7-44807838-44808367","proximal",11423,1.37830763173135,"protein_coding"
"T2_prePB_to_PB","PCNA","turquoise","chr20-5107324-5107587","proximal",19170,0.419937562828332,"protein_coding"
"T2_prePB_to_PB","TPI1","turquoise","chr12-6887986-6888267","proximal",21008,0.283689713710933,"protein_coding"
"T2_prePB_to_PB","TUBB","turquoise","chr6-30689164-30689431","proximal",30903,0.330769907477372,"protein_coding"
"T2_prePB_to_PB","H2AFZ","turquoise","chr4-99916740-99917050","proximal",33492.5,0.293561368479197,"protein_coding"
"T2_prePB_to_PB","TPI1","turquoise","chr12-6833129-6833400","proximal",33854,0.339948931240466,"protein_coding"
"T2_prePB_to_PB","STMN1","turquoise","chr1-25942775-25943857","proximal",36325.5,0.55456057047657,"protein_coding"
"T2_prePB_to_PB","STMN1","turquoise","chr1-25869957-25870254","proximal",36885,0.475271006022636,"protein_coding"
"T2_prePB_to_PB","TFRC","turquoise","chr3-196044987-196045277","proximal",37056.5,0.331905160590741,"protein_coding"
"T2_prePB_to_PB","PFN1","turquoise","chr17-4901235-4901485","proximal",47700.5,11.8894516874651,"protein_coding"
"T2_prePB_to_PB","RANBP1","turquoise","chr22-20067906-20068326","proximal",47821.5,1.11842598338096,"protein_coding"
"T2_prePB_to_PB","PFN1","turquoise","chr17-4900801-4901072","proximal",48124,0.401198036247571,"protein_coding"
"T2_prePB_to_PB","LDHA","turquoise","chr11-18343772-18344038","distal",50482.5,0.266103375270108,"protein_coding"
"T2_prePB_to_PB","ENO1","turquoise","chr1-8936941-8937198","distal",57821,10.9618240662125,"protein_coding"
"T2_prePB_to_PB","PFN1","turquoise","chr17-4890741-4891026","distal",58177,0.538632768041935,"protein_coding"
"T2_prePB_to_PB","TUBB","turquoise","chr6-30658532-30658937","distal",61466,0.321209752678973,"protein_coding"
"T2_prePB_to_PB","PFN1","turquoise","chr17-4870846-4871103","distal",78086,0.480277765771545,"protein_coding"
"T2_prePB_to_PB","TUBA1B","turquoise","chr12-49212092-49212404","distal",80851.5,0.294266367684363,"protein_coding"
"T2_prePB_to_PB","TPI1","turquoise","chr12-6948792-6949440","distal",81997.5,0.596146527359287,"protein_coding"
"T2_prePB_to_PB","PFN1","turquoise","chr17-4852129-4852817","distal",96587.5,0.801243606494653,"protein_coding"
"T2_prePB_to_PB","PFN1","turquoise","chr17-4850898-4851407","distal",97908,0.526127574303014,"protein_coding"
"T2_prePB_to_PB","RANBP1","turquoise","chr22-20008383-20008663","distal",107414.5,0.306996808048616,"protein_coding"
"T2_prePB_to_PB","TPI1","turquoise","chr12-6756477-6756743","distal",110508.5,0.255487118683989,"protein_coding"
"T2_prePB_to_PB","RANBP1","turquoise","chr22-20004359-20004631","distal",111442.5,0.373425151616371,"protein_coding"
"T2_prePB_to_PB","TPI1","turquoise","chr12-6982405-6982699","distal",115433.5,0.36466280415132,"protein_coding"
"T2_prePB_to_PB","TPI1","turquoise","chr12-7000276-7000539","distal",133289,0.293114021611193,"protein_coding"
"T2_prePB_to_PB","LDHA","turquoise","chr11-18250945-18251507","distal",143161.5,0.660879473956126,"protein_coding"
"T2_prePB_to_PB","TPI1","turquoise","chr12-6722917-6723688","distal",143816,0.519184205994841,"protein_coding"
"T2_prePB_to_PB","PFN1","turquoise","chr17-5095107-5095401","distal",146193.5,0.291749646924269,"protein_coding"
"T2_prePB_to_PB","STMN1","turquoise","chr1-25757152-25757422","distal",149703.5,0.285022569198156,"protein_coding"
"T2_prePB_to_PB","PPIA","turquoise","chr7-44646174-44646430","distal",150377.5,0.271894777309233,"protein_coding"
"T2_prePB_to_PB","TUBB","turquoise","chr6-30881877-30882144","distal",161810,0.397731758464052,"protein_coding"
"T2_prePB_to_PB","RANBP1","turquoise","chr22-20286967-20287235","distal",171163.5,0.721995540966086,"protein_coding"
"T2_prePB_to_PB","LCP1","turquoise","chr13-46038957-46039241","distal",172771.5,0.314637665740044,"protein_coding"
"T2_prePB_to_PB","PKM","turquoise","chr15-72410442-72410958","distal",178878.5,0.308604262039008,"protein_coding"
"T2_prePB_to_PB","TPI1","turquoise","chr12-6665099-6665403","distal",201867.5,0.269200722658067,"protein_coding"
"T2_prePB_to_PB","TUBB","turquoise","chr6-30923405-30923698","distal",203351,0.503291933217033,"protein_coding"
"T2_prePB_to_PB","CBX3","turquoise","chr7-25990758-25991299","distal",210133,0.406847745711022,"protein_coding"
"T2_prePB_to_PB","CBX3","turquoise","chr7-25989322-25989602","distal",211699.5,0.791060788498856,"protein_coding"
"T2_prePB_to_PB","PFN1","turquoise","chr17-4736469-4736736","distal",212458,0.373634785251439,"protein_coding"
"T2_prePB_to_PB","CBX3","turquoise","chr7-26415972-26416289","distal",214969,11.2072192693091,"protein_coding"
"T2_prePB_to_PB","TUBA1B","turquoise","chr12-49351189-49351467","distal",219931.5,0.398215536077739,"protein_coding"
"T2_prePB_to_PB","CBX3","turquoise","chr7-26438170-26438430","distal",237138.5,12.5859503977801,"protein_coding"
"T2_prePB_to_PB","CBX3","turquoise","chr7-26438535-26438788","distal",237500,0.329253239503482,"protein_coding"
"T2_prePB_to_PB","PFN1","turquoise","chr17-4710265-4710525","distal",238665.5,0.501543215146739,"protein_coding"
"T2_prePB_to_PB","STMN1","turquoise","chr1-26146296-26146612","distal",239463.5,0.366355235987922,"protein_coding"
"T2_prePB_to_PB","STMN1","turquoise","chr1-26147047-26147555","distal",240310.5,0.360203428860416,"protein_coding"
"T2_prePB_to_PB","STMN1","turquoise","chr1-25664694-25665000","distal",242143.5,0.327913752827953,"protein_coding"
"T2_prePB_to_PB","TPI1","turquoise","chr12-7125979-7126239","distal",258990.5,0.448887900326368,"protein_coding"
"T2_prePB_to_PB","TUBA1B","turquoise","chr12-49391896-49392224","distal",260663.5,0.381360810660273,"protein_coding"
"T2_prePB_to_PB","TPI1","turquoise","chr12-6602785-6603215","distal",264118.5,0.292287864762096,"protein_coding"
"T2_prePB_to_PB","RANBP1","turquoise","chr22-19842355-19842632","distal",273444,0.318079128286586,"protein_coding"
"T2_prePB_to_PB","TUBA1B","turquoise","chr12-49412468-49412748","distal",281211.5,0.35096312608194,"protein_coding"
"T2_prePB_to_PB","PKM","turquoise","chr15-72522348-72522662","distal",290683.5,0.355114997597711,"protein_coding"
"T2_prePB_to_PB","PKM","turquoise","chr15-72522665-72522915","distal",290968.5,11.7871708713981,"protein_coding"
"T2_prePB_to_PB","ENO1","turquoise","chr1-9172064-9172346","distal",292956.5,0.451791857523886,"protein_coding"
"T2_prePB_to_PB","STMN1","turquoise","chr1-26201963-26202306","distal",295144,0.583823481712366,"protein_coding"
"T2_prePB_to_PB","LCP1","turquoise","chr13-45915277-45915545","distal",296459.5,0.430254323180965,"protein_coding"
"T2_prePB_to_PB","PFN1","turquoise","chr17-4642830-4643272","distal",306009.5,0.423142707816084,"protein_coding"
"T2_prePB_to_PB","ENO1","turquoise","chr1-9189157-9189447","distal",310053.5,0.484706165781628,"protein_coding"
"T2_prePB_to_PB","PCNA","turquoise","chr20-4803181-4803464","distal",323303,0.504789929319997,"protein_coding"
"T2_prePB_to_PB","LDHA","turquoise","chr11-18720099-18720358","distal",325841,0.414508351769967,"protein_coding"
"T2_prePB_to_PB","LDHA","turquoise","chr11-18034612-18034952","distal",359605.5,0.49824496832585,"protein_coding"
"T2_prePB_to_PB","TUBA1B","turquoise","chr12-48744506-48744778","distal",386754.5,0.381869214963475,"protein_coding"
"T2_prePB_to_PB","PFN1","turquoise","chr17-5342384-5342637","distal",393450,0.333259128061339,"protein_coding"
"T2_prePB_to_PB","TPI1","turquoise","chr12-6472480-6472838","distal",394459.5,0.93478114119046,"protein_coding"
"T2_prePB_to_PB","ENO1","turquoise","chr1-8483011-8483984","distal",395751,0.402632366470666,"protein_coding"
"T2_prePB_to_PB","ENO1","turquoise","chr1-9294837-9295105","distal",415722.5,0.322786601970298,"protein_coding"
"T2_prePB_to_PB","PCNA","turquoise","chr20-5591524-5591802","distal",465037.5,0.374022688674298,"protein_coding"
"T2_prePB_to_PB","ENO1","turquoise","chr1-9352491-9353117","distal",473555.5,0.374985132054185,"protein_coding"
"T2_prePB_to_PB","TPI1","turquoise","chr12-7342274-7342767","distal",475402,0.93287820281519,"protein_coding"
"T2_prePB_to_PB","RAN","turquoise","chr12-131356170-131356498","distal",484455.5,0.5230476110631,"protein_coding"
"T2_prePB_to_PB","TYMS","turquoise","chr18-158208-158691","distal",499154,0.446557791752891,"protein_coding"
"T2_prePB_to_PB","LTB","brown","chr6-31588313-31588679","proximal",5974.5,0.337637717912891,"protein_coding"
"T2_prePB_to_PB","CXCR5","brown","chr11-118901493-118901760","proximal",17861,0.277378337646146,"protein_coding"
"T2_prePB_to_PB","CD82","brown","chr11-44586880-44587414","proximal",22720.5,0.29931123950942,"protein_coding"
"T2_prePB_to_PB","RGS2","brown","chr1-192777911-192778191","proximal",30987.5,0.439021504830107,"protein_coding"
"T2_prePB_to_PB","CXCR5","brown","chr11-118927702-118927971","proximal",44071,0.323186006541355,"protein_coding"
"T2_prePB_to_PB","CXCR5","brown","chr11-118927988-118928284","proximal",44370.5,0.377529192354189,"protein_coding"
"T2_prePB_to_PB","NFKBIA","brown","chr14-35451638-35451917","proximal",47029,0.330307885755899,"protein_coding"
"T2_prePB_to_PB","NFKBIA","brown","chr14-35344232-35344596","distal",60334.5,0.387553366869887,"protein_coding"
"T2_prePB_to_PB","CD69","brown","chr12-9826539-9826789","distal",65763.5,10.9916698939939,"protein_coding"
"T2_prePB_to_PB","LTB","brown","chr6-31670883-31671171","distal",88505.5,0.273288299254133,"protein_coding"
"T2_prePB_to_PB","JUNB","brown","chr19-12880559-12880836","distal",89202,0.445305923756487,"protein_coding"
"T2_prePB_to_PB","JUNB","brown","chr19-12886130-12886411","distal",94775,0.327818758878482,"protein_coding"
"T2_prePB_to_PB","JUNB","brown","chr19-12886413-12886676","distal",95049,0.32308444853845,"protein_coding"
"T2_prePB_to_PB","SPOCK2","brown","chr10-71993078-71993380","distal",95802.5,0.435122834646718,"protein_coding"
"T2_prePB_to_PB","JUNB","brown","chr19-12893164-12893488","distal",101830.5,0.98921769926283,"protein_coding"
"T2_prePB_to_PB","RUNX3","brown","chr1-25071557-25071832","distal",106574,0.385306800802344,"protein_coding"
"T2_prePB_to_PB","NFKBIA","brown","chr14-35515337-35515704","distal",110772,0.366539984936047,"protein_coding"
"T2_prePB_to_PB","LTB","brown","chr6-31697297-31697844","distal",115049,1.22798280213465,"protein_coding"
"T2_prePB_to_PB","CD52","brown","chr1-26201963-26202306","distal",115822,0.583823481712366,"protein_coding"
"T2_prePB_to_PB","CD52","brown","chr1-26438101-26438359","distal",120273.5,0.35029481636421,"protein_coding"
"T2_prePB_to_PB","JUNB","brown","chr19-12912597-12912875","distal",121240.5,0.817719543870861,"protein_coding"
"T2_prePB_to_PB","JUNB","brown","chr19-12917250-12917506","distal",125882.5,0.263501260851414,"protein_coding"
"T2_prePB_to_PB","RUNX3","brown","chr1-24829243-24829502","distal",135748,0.408213926274928,"protein_coding"
"T2_prePB_to_PB","RAB11FIP1","brown","chr8-37757118-37757385","distal",142215,0.415269663411056,"protein_coding"
"T2_prePB_to_PB","SPOCK2","brown","chr10-72237987-72238945","distal",149434.5,0.629357182001943,"protein_coding"
"T2_prePB_to_PB","JUNB","brown","chr19-12948977-12949390","distal",157688,0.395548204943503,"protein_coding"
"T2_prePB_to_PB","SPOCK2","brown","chr10-71930247-71930524","distal",158646,0.301910698065264,"protein_coding"
"T2_prePB_to_PB","CD69","brown","chr12-9600712-9600981","distal",160054,0.453245525691163,"protein_coding"
"T2_prePB_to_PB","CD52","brown","chr1-26147047-26147555","distal",170655.5,0.360203428860416,"protein_coding"
"T2_prePB_to_PB","CD52","brown","chr1-26146296-26146612","distal",171502.5,0.366355235987922,"protein_coding"
"T2_prePB_to_PB","JUNB","brown","chr19-12978250-12978549","distal",186904,0.324461171386075,"protein_coding"
"T2_prePB_to_PB","LTB","brown","chr6-31774524-31774794","distal",192137.5,0.314815373996588,"protein_coding"
"T2_prePB_to_PB","CXCR5","brown","chr11-119076636-119077155","distal",193130,0.439198698385315,"protein_coding"
"T2_prePB_to_PB","SPOCK2","brown","chr10-71892333-71892694","distal",196518,0.530870057926746,"protein_coding"
"T2_prePB_to_PB","JUNB","brown","chr19-13001615-13002125","distal",210374.5,0.317514788445777,"protein_coding"
"T2_prePB_to_PB","RGS2","brown","chr1-193028389-193028682","distal",219497,0.34658871849641,"protein_coding"
"T2_prePB_to_PB","NFKBIA","brown","chr14-35183737-35184184","distal",220788,0.546655230174833,"protein_coding"
"T2_prePB_to_PB","HLA-DMB","brown","chr6-33167647-33167950","distal",226729,0.870430630719158,"protein_coding"
"T2_prePB_to_PB","HLA-DMB","brown","chr6-33168178-33168446","distal",227242.5,0.3767858582242,"protein_coding"
"T2_prePB_to_PB","RAB11FIP1","brown","chr8-38126628-38126906","distal",227300.5,0.50495954698769,"protein_coding"
"T2_prePB_to_PB","PIKFYVE","brown","chr2-208030897-208031177","distal",235229.5,0.366133752696469,"protein_coding"
"T2_prePB_to_PB","JUNB","brown","chr19-13030062-13030324","distal",238697.5,0.265126221403636,"protein_coding"
"T2_prePB_to_PB","JUNB","brown","chr19-13048992-13049276","distal",257638.5,0.386666977048385,"protein_coding"
"T2_prePB_to_PB","SESN3","brown","chr11-94964348-94964612","distal",268060.5,0.319680299015437,"protein_coding"
"T2_prePB_to_PB","RAB11FIP1","brown","chr8-37619896-37620312","distal",279362.5,0.643515226368831,"protein_coding"
"T2_prePB_to_PB","LTB","brown","chr6-31870023-31870309","distal",287644.5,0.643740710147007,"protein_coding"
"T2_prePB_to_PB","SESN3","brown","chr11-95522929-95523212","distal",290530,0.278671697849684,"protein_coding"
"T2_prePB_to_PB","SESN3","brown","chr11-95523931-95524181","distal",291515.5,12.3887030626976,"protein_coding"
"T2_prePB_to_PB","CXCR5","brown","chr11-119185897-119186326","distal",302346,11.3533401812736,"protein_coding"
"T2_prePB_to_PB","CD83","brown","chr6-13814771-13815035","distal",302352.5,0.459832256484407,"protein_coding"
"T2_prePB_to_PB","CD83","brown","chr6-13814403-13814692","distal",302708,0.316742160252625,"protein_coding"
"T2_prePB_to_PB","HLA-DMB","brown","chr6-33244940-33245221","distal",304011,0.278774271743479,"protein_coding"
"T2_prePB_to_PB","LTB","brown","chr6-31275760-31276041","distal",306621,0.453887520010937,"protein_coding"
"T2_prePB_to_PB","PIKFYVE","brown","chr2-208576099-208576359","distal",309962.5,0.345555778209726,"protein_coding"
"T2_prePB_to_PB","DUSP2","brown","chr2-95825470-95825738","distal",319835.5,0.354324581071423,"protein_coding"
"T2_prePB_to_PB","HLA-DMB","brown","chr6-33267104-33267549","distal",326257,0.539831468619341,"protein_coding"
"T2_prePB_to_PB","HLA-DMB","brown","chr6-33280375-33280694","distal",339465,0.494999848046121,"protein_coding"
"T2_prePB_to_PB","HLA-DMB","brown","chr6-33280999-33281249","distal",340054.5,11.3541534084047,"protein_coding"
"T2_prePB_to_PB","RAB11FIP1","brown","chr8-38240186-38240438","distal",340845.5,11.7411661252589,"protein_coding"
"T2_prePB_to_PB","CD52","brown","chr1-26662937-26663225","distal",345124.5,0.660225697996408,"protein_coding"
"T2_prePB_to_PB","HLA-DMB","brown","chr6-33290789-33291064","distal",349857,0.294779845630254,"protein_coding"
"T2_prePB_to_PB","DUSP2","brown","chr2-95787544-95787811","distal",357762,0.339866921944624,"protein_coding"
"T2_prePB_to_PB","PIKFYVE","brown","chr2-208634600-208634904","distal",368485.5,0.454349977115827,"protein_coding"
"T2_prePB_to_PB","CXCR5","brown","chr11-119252254-119252529","distal",368626,0.252578889802947,"protein_coding"
"T2_prePB_to_PB","AC079767.4","brown","chr2-208030897-208031177","distal",368662.5,0.366133752696469,"lincRNA"
"T2_prePB_to_PB","CD52","brown","chr1-25942775-25943857","distal",374640.5,0.55456057047657,"protein_coding"
"T2_prePB_to_PB","NFKBIA","brown","chr14-35016908-35017165","distal",387712,0.32384620560669,"protein_coding"
"T2_prePB_to_PB","NFKBIA","brown","chr14-35008682-35009058","distal",395878.5,0.441621309851947,"protein_coding"
"T2_prePB_to_PB","CD83","brown","chr6-13710921-13711428","distal",406081,0.50008226484714,"protein_coding"
"T2_prePB_to_PB","REL","brown","chr2-61292809-61293074","distal",411421,0.269882498286393,"protein_coding"
"T2_prePB_to_PB","LAPTM5","brown","chr1-31190953-31191226","distal",433270,0.42024658476342,"protein_coding"
"T2_prePB_to_PB","LAPTM5","brown","chr1-31191482-31191851","distal",433847,0.476511364425946,"protein_coding"
"T2_prePB_to_PB","RUNX3","brown","chr1-24529997-24530273","distal",434985.5,1.23764646837609,"protein_coding"
"T2_prePB_to_PB","CD52","brown","chr1-26758620-26758880","distal",440793.5,0.352181491632401,"protein_coding"
"T2_prePB_to_PB","HLA-DMB","brown","chr6-33385656-33385937","distal",444727,12.6743850935976,"protein_coding"
"T2_prePB_to_PB","HLA-DMB","brown","chr6-33385975-33386231","distal",445033.5,0.261817581094078,"protein_coding"
"T2_prePB_to_PB","CD52","brown","chr1-25869957-25870254","distal",447851,0.475271006022636,"protein_coding"
"T2_prePB_to_PB","RUNX3","brown","chr1-24515896-24516176","distal",449084.5,0.853239032334195,"protein_coding"
"T2_prePB_to_PB","HLA-DMB","brown","chr6-33393531-33393786","distal",452589,0.431134837885362,"protein_coding"
"T2_prePB_to_PB","MS4A1","brown","chr11-60928549-60928851","distal",472948.5,0.483011465724365,"protein_coding"
"T2_prePB_to_PB","NFKBIA","brown","chr14-34931301-34932033","distal",473081.5,0.532270599342829,"protein_coding"
"T2_prePB_to_PB","JUNB","brown","chr19-13265757-13266027","distal",474396.5,11.2909238338567,"protein_coding"
"T2_prePB_to_PB","CD52","brown","chr1-26799506-26799773","distal",481683,0.406546311997153,"protein_coding"
"T2_prePB_to_PB","CXCR5","brown","chr11-118401577-118401940","distal",482007,0.378970069537536,"protein_coding"
"T2_prePB_to_PB","PMAIP1","brown","chr18-60382218-60382545","distal",482434,0.375761669326468,"protein_coding"
"T2_prePB_to_PB","JUNB","brown","chr19-13278394-13278665","distal",487034,0.370634210253485,"protein_coding"
"T3_PB_to_PC","IFI6","blue","chr1-27692458-27692875","proximal",20449,0.285831368985901,"protein_coding"
"T3_PB_to_PC","MALAT1","blue","chr11-65548818-65549138","distal",51216.5,10.8958531422371,"lincRNA"
"T3_PB_to_PC","IFIT3","blue","chr10-89264935-89265211","distal",62820.5,11.3724078127075,"protein_coding"
"T3_PB_to_PC","MALAT1","blue","chr11-65405417-65405721","distal",92192.5,0.272147505576389,"lincRNA"
"T3_PB_to_PC","XAF1","blue","chr17-6659110-6659452","distal",96165.5,2.52450413184648,"protein_coding"
"T3_PB_to_PC","IFIT1","blue","chr10-89264935-89265211","distal",127472.5,11.3724078127075,"protein_coding"
"T3_PB_to_PC","RSAD2","blue","chr2-7005251-7005778","distal",139709,0.850672145560485,"protein_coding"
"T3_PB_to_PC","RSAD2","blue","chr2-7005791-7006051","distal",140115.5,0.897820253794772,"protein_coding"
"T3_PB_to_PC","MALAT1","blue","chr11-65341685-65342010","distal",155914,0.252119204737607,"lincRNA"
"T3_PB_to_PC","ISG15","blue","chr1-1166862-1167115","distal",165851,10.6916027246266,"protein_coding"
"T3_PB_to_PC","TNFSF10","blue","chr3-172309935-172310253","distal",213412.5,1.48252300007249,"protein_coding"
"T3_PB_to_PC","MALAT1","blue","chr11-65276187-65276538","distal",221399,1.45806351389363,"lincRNA"
"T3_PB_to_PC","MALAT1","blue","chr11-65274350-65274683","distal",223245,0.766617301690458,"lincRNA"
"T3_PB_to_PC","LGALS3BP","blue","chr17-79213060-79213310","distal",233076.5,12.5796448977824,"protein_coding"
"T3_PB_to_PC","LGALS3BP","blue","chr17-79213539-79213973","distal",233647.5,0.699269908304746,"protein_coding"
"T3_PB_to_PC","MALAT1","blue","chr11-65239437-65239704","distal",258191,0.443708592582155,"lincRNA"
"T3_PB_to_PC","ISG15","blue","chr1-1265818-1266091","distal",264817,0.628230927852601,"protein_coding"
"T3_PB_to_PC","ISG15","blue","chr1-1266340-1266610","distal",265337.5,0.694302332704389,"protein_coding"
"T3_PB_to_PC","RP11-16E12.2","blue","chr15-31508083-31508343","distal",277375.5,0.548088514717211,"lincRNA"
"T3_PB_to_PC","RP11-16E12.2","blue","chr15-31508601-31508992","distal",277959,0.381680321637109,"lincRNA"
"T3_PB_to_PC","IFI27","blue","chr14-94425737-94425996","distal",321031,0.451328751864902,"protein_coding"
"T3_PB_to_PC","RP11-16E12.2","blue","chr15-31600408-31600711","distal",369722,1.21199160265818,"lincRNA"
"T3_PB_to_PC","RP11-16E12.2","blue","chr15-31645713-31646022","distal",415030,11.2135732456404,"lincRNA"
"T3_PB_to_PC","LTA","yellow","chr6-31539992-31540527","proximal",31794,0.990482614870192,"protein_coding"
"T3_PB_to_PC","TNF","yellow","chr6-31539992-31540527","proximal",35307,0.990482614870192,"protein_coding"
"T3_PB_to_PC","CXCL10","yellow","chr4-76106352-76106709","distal",83034,0.700711690631318,"protein_coding"
"T3_PB_to_PC","STAT5A","yellow","chr17-42188411-42188817","distal",98932.5,0.562268738206883,"protein_coding"
"T3_PB_to_PC","CD40","yellow","chr20-45985478-45985860","distal",132602.5,0.27821275293545,"protein_coding"
"T3_PB_to_PC","CCR7","yellow","chr17-40714447-40714740","distal",149122,10.6210487615855,"protein_coding"
"T3_PB_to_PC","PEA15","yellow","chr1-160040061-160040436","distal",165088,0.365834066264501,"protein_coding"
"T3_PB_to_PC","CYP1B1","yellow","chr2-37898281-37898875","distal",211323.5,0.28647090540103,"protein_coding"
"T3_PB_to_PC","STAT5A","yellow","chr17-42580765-42581044","distal",293358,0.265286264586297,"protein_coding"
"T3_PB_to_PC","PEA15","yellow","chr1-159887860-159888413","distal",317200,1.00061230698129,"protein_coding"
"T3_PB_to_PC","CCR7","yellow","chr17-40896416-40896776","distal",331124.5,0.751804489971219,"protein_coding"
"T3_PB_to_PC","LTA","yellow","chr6-31239697-31240249","distal",332080.5,0.490375959533705,"protein_coding"
"T3_PB_to_PC","TNF","yellow","chr6-31239697-31240249","distal",335593.5,0.490375959533705,"protein_coding"
"T3_PB_to_PC","RAB13","yellow","chr1-154325032-154325745","distal",339031,0.625020366476568,"protein_coding"
"T3_PB_to_PC","LACTB","yellow","chr15-63481345-63481817","distal",359781.5,0.489236691233065,"protein_coding"
"T3_PB_to_PC","CD22","yellow","chr19-35739304-35739871","distal",420327,0.386097089171186,"protein_coding"
"T3_PB_to_PC","CCR7","yellow","chr17-40117975-40118413","distal",447277.5,0.715210179863478,"protein_coding"
"T3_PB_to_PC","CCL22","yellow","chr16-56905017-56905540","distal",453493,0.835177889115949,"protein_coding"
"T3_PB_to_PC","CCL22","yellow","chr16-56894229-56894768","distal",464273,0.518509458191123,"protein_coding"
"T3_PB_to_PC","RAB13","yellow","chr1-153505312-153505562","distal",480920.5,11.0836069727462,"protein_coding"
"T3_PB_to_PC","CCL17","yellow","chr16-56905017-56905540","distal",499488,0.835177889115949,"protein_coding"
"T3_PB_to_PC","TPI1","turquoise","chr12-6797867-6798135","distal",69117.5,10.6375768780938,"protein_coding"
"T3_PB_to_PC","PFN1","turquoise","chr17-4852129-4852817","distal",96587.5,0.508461247053156,"protein_coding"
"T3_PB_to_PC","TYMS","turquoise","chr18-812073-813320","distal",155093,0.840193572425525,"protein_coding"
"T3_PB_to_PC","TPI1","turquoise","chr12-7063141-7063455","distal",196179.5,11.4873633261912,"protein_coding"
"T3_PB_to_PC","TPI1","turquoise","chr12-6641603-6642161","distal",225236.5,0.481943356448423,"protein_coding"
"T3_PB_to_PC","TFRC","turquoise","chr3-195634610-195634863","distal",447452,0.283254463138284,"protein_coding"
"T3_PB_to_PC","HLA-DMB","brown","chr6-32940676-32940958","promoter",252.5,11.0363822343637,"protein_coding"
"T3_PB_to_PC","HLA-DMB","brown","chr6-32937090-32937957","proximal",3546,0.616712916278765,"protein_coding"
"T3_PB_to_PC","CD82","brown","chr11-44586507-44586825","proximal",22239.5,11.7471557287543,"protein_coding"
"T3_PB_to_PC","LTB","brown","chr6-31539992-31540527","proximal",42262,0.990482614870192,"protein_coding"
"T3_PB_to_PC","SPOCK2","brown","chr10-72142068-72142611","distal",53308,1.28084099076455,"protein_coding"
"T3_PB_to_PC","NFKBIA","brown","chr14-35343080-35343667","distal",61375,0.555898451631757,"protein_coding"
"T3_PB_to_PC","JUNB","brown","chr19-12721368-12721643","distal",69990,0.445214085754973,"protein_coding"
"T3_PB_to_PC","HLA-DMB","brown","chr6-32862164-32862632","distal",78671.5,1.18390303761183,"protein_coding"
"T3_PB_to_PC","RUNX3","brown","chr1-24884267-24884551","distal",80711.5,1.41460666446827,"protein_coding"
"T3_PB_to_PC","REL","brown","chr2-60782065-60782321","distal",99327.5,11.3541447650992,"protein_coding"
"T3_PB_to_PC","REL","brown","chr2-60777057-60777307","distal",104338.5,11.9330026940671,"protein_coding"
"T3_PB_to_PC","SESN3","brown","chr11-95070676-95070951","distal",161727,0.607520504517297,"protein_coding"
"T3_PB_to_PC","PIKFYVE","brown","chr2-208489420-208489678","distal",223282.5,12.429932218995,"protein_coding"
"T3_PB_to_PC","PIKFYVE","brown","chr2-208490090-208490429","distal",223993,0.291671918782107,"protein_coding"
"T3_PB_to_PC","HLA-DMB","brown","chr6-33172220-33172674","distal",231377.5,0.320779590911516,"protein_coding"
"T3_PB_to_PC","CD83","brown","chr6-13814771-13815035","distal",302352.5,0.310436958469797,"protein_coding"
"T3_PB_to_PC","HLA-DMB","brown","chr6-33245747-33246037","distal",304822.5,11.1044961922893,"protein_coding"
"T3_PB_to_PC","LTB","brown","chr6-31239697-31240249","distal",342548.5,0.490375959533705,"protein_coding"
"T3_PB_to_PC","RAB11FIP1","brown","chr8-38243951-38244201","distal",344609.5,12.5977017922327,"protein_coding"
"T3_PB_to_PC","NFKBIA","brown","chr14-35872892-35873184","distal",468289.5,0.503026403592137,"protein_coding"
"T3_PB_to_PC","NFKBIA","brown","chr14-35873186-35873466","distal",468577.5,0.327351161230723,"protein_coding"
"T3_PB_to_PC","PMAIP1","brown","chr18-60382218-60382545","distal",482434,0.323206419925473,"protein_coding"
