"tf","gene","Gain","Cover","Frequency","Cor"
"ARNT2","FOXA3",0.137931718773356,0.0886145528940743,0.0886145528940743,0.0663533735286818
"ARNT2","HOXA9",0.126332621499732,0.0786731293220118,0.0786731293220118,0.29096576951664
"ARNT2","HOXA7",0.0922297067126033,0.0522727272727273,0.0522727272727273,0.223730453472804
"ARNT2","YY2",0.0342453675387589,0.0248080159899011,0.0248080159899011,0.0814341876961245
"ASCL1","A4GALT",0.406160882498308,0.134,0.134,0.575519683195008
"ASCL1","EMX1",0.376170811121469,0.192954204326984,0.192954204326984,0.405527991779302
"ASCL1","SOX18",0.332566003175193,0.140697041110238,0.140697041110238,0.342597987041161
"ASCL1","TNFSF4",0.313658382925942,0.134,0.134,0.60449135411441
"ASCL1","GLIS2",0.267349178665732,0.169994155348846,0.169994155348846,0.178513101158948
"ASCL1","INA",0.175637864128856,0.0960189188810993,0.0960189188810993,0.213454544475349
"ASCL1","HOXC10",0.15076990730753,0.0684684684684685,0.0684684684684685,0.0716913210790943
"ASCL1","FSCN1",0.141051784238539,0.088,0.088,0.574046238177256
"ASCL1","CCL17",0.135202004362491,0.082,0.082,0.527733289969222
"ASCL1","ONECUT3",0.133476486908625,0.0535004095004095,0.0535004095004095,0.110376982076376
"ASCL1","TLX2",0.11240204644775,0.0843400232242192,0.0843400232242192,0.197195382717613
"ASCL1","LHX2",0.102700428863984,0.0377043840792131,0.0377043840792131,0.131907536017094
"ASCL1","PHLDA3",0.0854401637666921,0.04,0.04,0.272034253106356
"ASCL1","TBX2",0.0825351849006625,0.0850871273766522,0.0850871273766522,0.0581752725071923
"ASCL1","NPAS2",0.0707649010746026,0.0554630785297639,0.0554630785297639,0.391838609312938
"ASCL1","CYB5R2",0.0688906724134826,0.032,0.032,0.355178190250402
"ASCL1","CDCA7",0.0606945799498447,0.064,0.064,0.289838001261893
"ASCL1","CCDC28B",0.0601819067848159,0.066,0.066,0.487084034383735
"ASCL1","HSPB1",0.0572338495605462,0.048,0.048,0.330635044857114
"ASCL1","CLECL1",0.0556441793212885,0.048,0.048,0.20571561067146
"ASCL1","HLF",0.0555755043627569,0.0516734473944572,0.0516734473944572,0.27767384771601
"ASCL1","STK38L",0.0523119638161965,0.034,0.034,0.296741202030218
"ASCL1","HOXA1",0.0464089910225895,0.0309270696230299,0.0309270696230299,0.200644549956891
"ASCL1","NHLH2",0.0432792082406419,0.078474025974026,0.078474025974026,0.0595802166969511
"ASCL1","GPR132",0.0411248945943364,0.022,0.022,0.230380067223233
"ASCL1","AIF1",0.0351858701729676,0.042,0.042,0.272959068918602
"ASCL1","FUT7",0.0269194295054812,0.044,0.044,0.219974418930585
"ASCL1","RUNX1",0.0265945084203049,0.048,0.048,0.118412916916101
"ASCL1","DPP4",0.0251133807628409,0.0413459686835459,0.0413459686835459,0.128819626094788
"ASCL1","BCL6B",0.0250589119551771,0.0273381339118787,0.0273381339118787,0.0663286479120208
"ASCL1","EBI3",0.0249893230107334,0.048,0.048,0.360883881620253
"ASCL1","SYT11",0.0231286706994806,0.04,0.04,0.305705732743564
"ASCL1","CMTM3",0.0195163367680406,0.038,0.038,0.249203944323
"ASCL1","HOXA7",0.0168194784907837,0.0181818181818182,0.0181818181818182,0.0023115352914508
"ASCL1","FGR",0.0164712564566487,0.052,0.052,0.220677994282442
"ASCL1","LAPTM4B",0.0152673141994449,0.012,0.012,0.0645382747723488
"ASCL1","NFATC2",0.0151645220892827,0.05,0.05,0.205369328728931
"ASCL1","DDIT4",0.0131900077748223,0.02,0.02,0.133358871473848
"ASCL1","POU2F1",0.0162799363010813,0.014,0.014,-0.0956874051238845
"ATF2","MAFF",0.217930092175229,0.05,0.05,0.0361833742275718
"ATF2","NCKAP5L",0.0795554029289191,0.056,0.056,0.230258750657312
"ATF2","NRF1",0.0574336984981721,0.06,0.06,0.0660414978615589
"ATF2","HTR3A",0.043328425239068,0.068,0.068,0.163363371302139
"ATF2","FOXJ3",0.0383900142946246,0.056,0.056,0.199344603602005
"ATF2","GABPA",0.0329576933692579,0.058,0.058,0.131099273821486
"ATF2","NFATC1",0.0321772985717091,0.062,0.062,0.193302223568922
"ATF2","ESRRA",0.0237494110561034,0.026,0.026,0.106067161965168
"ATF2","JUP",0.0200001354040109,0.044,0.044,0.255836189931054
"ATF2","DLX4",0.0184331120212244,0.0342152750892588,0.0342152750892588,0.0304294088136262
"ATF2","GATM",0.0162359985705619,0.04,0.04,0.151475943907134
"ATF2","NFAT5",0.0154270496216819,0.03,0.03,0.181428871344257
"ATF2","NKX6-3",0.0146315299412021,0.0154339863035515,0.0154339863035515,0.0341512429467659
"ATF2","GNB3",0.0136298918806512,0.0263046794475366,0.0263046794475366,0.0159223998920312
"ATF2","RFX1",0.0128812524913596,0.022,0.022,0.0155920556240397
"ATF2","ZNF263",0.0122801729785267,0.016,0.016,0.105881756080743
"ATF2","CD86",0.0120707731313937,0.024,0.024,0.129683579362705
"ATF2","ZBTB33",0.0120275019230734,0.02,0.02,0.0732545644593258
"ATF2","ZNF652",0.0108341579690729,0.022,0.022,-0.111946026624498
"ATF2","YY2",0.0108830362936333,0.0207268216564976,0.0207268216564976,-0.0598535584153172
"ATF2","SPI1",0.0674220286349253,0.08,0.08,-0.106298421503755
"ATF2","DBP",0.081679901697831,0.024,0.024,-0.0211641278400094
"ATF3","SCRT1",0.244394571895385,0.123143621084798,0.123143621084798,0.0481307852276206
"ATF3","CEBPD",0.114329027094872,0.0598183603338242,0.0598183603338242,0.0966639247442364
"ATF3","DSE",0.0900195641052499,0.068,0.068,0.38989380353301
"ATF3","CD40",0.0617902726297524,0.038,0.038,0.379430952019691
"ATF3","APEX1",0.0611414763838293,0.022,0.022,0.307515338061218
"ATF3","IRF9",0.0583167900742208,0.06,0.06,0.0474292273680663
"ATF3","FOXP2",0.0579077432955587,0.0558271546026208,0.0558271546026208,0.0590954123119754
"ATF3","KIF15",0.052372939399099,0.034,0.034,0.130054306889194
"ATF3","ADCY1",0.0485469599067781,0.036,0.036,0.337070494981018
"ATF3","TP63",0.0470062245487746,0.0566096550592675,0.0566096550592675,0.170777743038732
"ATF3","KIAA0020",0.0438014907463176,0.02,0.02,0.1996885577305
"ATF3","CD86",0.0395071947838723,0.032,0.032,0.308041929705147
"ATF3","RMI2",0.0370704561188759,0.022,0.022,0.247233131152024
"ATF3","TFEB",0.0325296900674121,0.03,0.03,0.220239026017866
"ATF3","CXCL10",0.032322713859515,0.058,0.058,0.33770909571355
"ATF3","KIF5C",0.0307560537484513,0.038,0.038,0.334853037992498
"ATF3","TMSB4X",0.0237466140839353,0.016,0.016,0.261898384027748
"ATF3","CHEK1",0.0234695215133393,0.02,0.02,0.204700162946288
"ATF3","CLECL1",0.021448494516768,0.038,0.038,0.306076220803386
"ATF3","FOXJ3",0.020657086652878,0.032,0.032,0.0956975190008675
"ATF3","IRF5",0.0206277151747441,0.036,0.036,0.310630372939653
"ATF3","CALM2",0.0182536395444998,0.048,0.048,0.288816609692852
"ATF3","TFCP2",0.0182445776757714,0.01,0.01,0.165154701954118
"ATF3","ETS1",0.0181143403628468,0.014,0.014,0.250535441550007
"ATF3","PAICS",0.0147757671501324,0.016,0.016,0.199541485067202
"ATF3","NDC80",0.01410184696882,0.012,0.012,0.143924026810905
"ATF3","IL32",0.0117359424463108,0.01,0.01,0.181443665962776
"ATF3","STK38L",0.0104556550977919,0.018,0.018,0.323698879661732
"ATF3","LTA",0.010354889202933,0.038,0.038,0.347566459408785
"ATF4","ESRRG",0.297850335450832,0.21889141448798,0.21889141448798,0.134714581552676
"ATF4","PSAT1",0.187722751601125,0.144,0.144,0.43816776997426
"ATF4","NR3C2",0.0960749901025638,0.102196712018141,0.102196712018141,0.0170840863958729
"ATF4","ZNF410",0.0818141646220616,0.0402716468590832,0.0402716468590832,0.0489007171183084
"ATF4","HOXB2",0.0695039410780059,0.0528163265306122,0.0528163265306122,0.0417317601134271
"ATF4","KISS1R",0.0657843802286116,0.0747474747474747,0.0747474747474747,0.210812582441659
"ATF4","DDIT4",0.0587281752764377,0.11,0.11,0.166493353322531
"ATF4","WARS",0.0420419896647606,0.078,0.078,0.312188868208547
"ATF4","NFIB",0.0345604546842838,0.0322343592480579,0.0322343592480579,0.0476946029779802
"ATF4","NHLH1",0.0286199350314689,0.0223132265847774,0.0223132265847774,0.0819131597148843
"ATF4","KIF20A",0.0269839240154012,0.1,0.1,0.221580002597574
"ATF4","TUBA1C",0.026709899708614,0.136,0.136,0.310276187490338
"ATF4","ZBTB32",0.0257119855422694,0.07,0.07,0.229248825449138
"ATF4","NR1I2",0.0190555462681369,0.0803120490620491,0.0803120490620491,0.108318835710658
"ATF4","FAH",0.0174230446342073,0.064,0.064,0.188323534823865
"ATF4","FHL2",0.0164002738992423,0.0627637386617721,0.0627637386617721,0.137553618432258
"ATF4","NR2F6",0.0153445471718545,0.02,0.02,0.141043263692098
"ATF4","KLF5",0.0122198542952882,0.0217813963060143,0.0217813963060143,0.0903123092674067
"ATF4","AURKB",0.0117794025302224,0.098,0.098,0.227939904516164
"ATF4","ZNF528",0.0113476723920045,0.02,0.02,0.099232599792708
"ATF4","TP53",0.0110990284670192,0.048,0.048,0.14668966892459
"ATF4","THAP11",0.0124014335228609,0.03,0.03,-0.0725380186928772
"ATF4","PLEK",0.0129115204157071,0.064,0.064,-0.056642777215242
"ATF4","DDIT3",0.0154031845691733,0.046,0.046,-0.0419348461332214
"ATF4","RORB",0.0203658359326762,0.0537480206010516,0.0537480206010516,-0.0229939708499678
"ATF4","GCM1",0.0213116380449034,0.0826114259973931,0.0826114259973931,-0.0865999762739494
"ATF4","KBTBD11",0.0222890255563842,0.0395604395604396,0.0395604395604396,-0.0340828489478786
"ATF4","CAV1",0.0284498343909311,0.072,0.072,-0.079748744885872
"ATF4","MAFF",0.029427024362493,0.032,0.032,-0.104125120791025
"ATF4","FOXN3",0.0345253089003051,0.078,0.078,-0.0334590633471013
"ATF4","VEZF1",0.0361768852866395,0.05,0.05,-0.129962207672499
"ATF4","DNAJC5B",0.0556607691399316,0.08,0.08,-0.204633863351274
"ATF4","PBX1",0.0732672593439822,0.0675835845437106,0.0675835845437106,-0.108117528509617
"ATF4","NEUROG2",0.140106761150247,0.194119513484929,0.194119513484929,-0.100764557720344
"ATF6","ZFX",0.10211922229673,0.056,0.056,0.0720938776062481
"ATF6","SHOX",0.0461921931302254,0.12046511627907,0.12046511627907,0.0175678428900815
"ATF6","ETS2",0.0239203609656463,0.0384580187600091,0.0384580187600091,0.122781259006297
"ATF6","FOXJ3",0.0210703543488746,0.04,0.04,0.0979440935715555
"ATF6","PRR5L",0.014555430423697,0.052,0.052,0.0369814824736782
"ATF6","MT2A",0.0143447327122176,0.03,0.03,0.15970893859865
"ATF6","NRF1",0.0127610584632621,0.014,0.014,0.0207923058889098
"ATF6","SNTA1",0.0121881643247245,0.04,0.04,0.143016462187159
"ATF6","MAX",0.0110166075433837,0.034,0.034,0.195223323053833
"ATF6","NR4A3",0.0121493714180814,0.064,0.064,-0.0611174131377964
"ATF6","PLD4",0.025656670515242,0.05,0.05,-0.00204920278460673
"ATF6","FOSL2",0.0285890129767999,0.038,0.038,-0.0986048716190926
"ATF6","NR3C2",0.0349746407093337,0.0349296536796537,0.0349296536796537,-0.0481188447842853
"ATF6","GLIS3",0.0646322777439404,0.0538461538461538,0.0538461538461538,-0.0684324174576875
"ATF7","DLX6",0.115616534575253,0.0479568618515987,0.0479568618515987,0.0647905170312448
"ATF7","SOX5",0.093454984463207,0.08,0.08,0.144256690520597
"ATF7","NR6A1",0.024914937272202,0.0363046794475366,0.0363046794475366,0.103686136546995
"ATF7","KIAA0020",0.0218629416760212,0.034,0.034,0.107500391395056
"ATF7","TFEB",0.0165335977417511,0.018,0.018,0.151438829033081
"ATF7","TCN2",0.0156083528751383,0.04,0.04,0.106120562984779
"ATF7","ERF",0.0126530143773797,0.028,0.028,0.0343226286919081
"ATF7","CD86",0.012135957166894,0.01,0.01,0.115783068145939
"ATF7","EXO1",0.0109352194530876,0.034,0.034,0.00323623209913803
"ATF7","ETV2",0.0101173365739414,0.0170212765957447,0.0170212765957447,-0.0535110751722208
"ATF7","CEBPD",0.0167286088175958,0.0370941159969142,0.0370941159969142,-0.0515495186200324
"BACH1","CRIP2",0.0981861429532397,0.08,0.08,0.534418560387955
"BACH1","GATA3",0.0399731070282564,0.0898324382384533,0.0898324382384533,0.0281026207346797
"BACH1","SPOCK2",0.0305789255026412,0.048,0.048,0.753672128499242
"BACH1","CD84",0.0300996099313453,0.076,0.076,0.386980708925393
"BACH1","MEF2A",0.0250817878767725,0.018,0.018,0.439037736948739
"BACH1","ANK3",0.0240790047552231,0.02,0.02,0.263683930144236
"BACH1","NFATC1",0.0216516301746777,0.02,0.02,0.309589056680377
"BACH1","JUP",0.0193205970091518,0.022,0.022,0.340536318349262
"BACH1","TTN",0.0155358550625207,0.048,0.048,0.525427238630993
"BACH1","CCSER2",0.0152923718676671,0.046,0.046,0.367527430103292
"BACH1","RREB1",0.0151723858320746,0.024,0.024,0.307739512390567
"BACH1","CD22",0.0151723589579853,0.066,0.066,0.254586439222822
"BACH1","TFEC",0.0141280735546128,0.016,0.016,0.498693047056918
"BACH1","RGS2",0.0116479122486965,0.016,0.016,0.724316617541366
"BACH1","C1orf162",0.0102691389990628,0.04,0.04,0.267419267734938
"BACH1","CCDC34",0.0115999962309299,0.036,0.036,-0.41008866643728
"BACH1","CCL3",0.0116114142233729,0.026,0.026,-0.23644036382027
"BACH1","SLC7A5",0.012035043651435,0.006,0.006,-0.479433468480189
"BACH1","LIN54",0.0137809158437483,0.034,0.034,-0.199197808287002
"BACH1","TCF3",0.0144102504599392,0.04,0.04,-0.503517445764078
"BACH1","LPXN",0.0145152284356332,0.014,0.014,-0.531818038168844
"BACH1","ZNF684",0.0148474064511591,0.028,0.028,-0.14057633965572
"BACH1","ZNF140",0.0159871019607644,0.018,0.018,-0.116856612741076
"BACH1","KLHL21",0.0166612333996699,0.036,0.036,-0.201552346067185
"BACH1","INA",0.020400326569855,0.0479954661852987,0.0479954661852987,-0.154578868132909
"BACH1","ZNF740",0.0232740250529162,0.042,0.042,-0.0185625697396052
"BACH1","HOXB6",0.02366086482044,0.0737851368684611,0.0737851368684611,-0.103991090213895
"BACH1","CCDC152",0.0243267689730081,0.044,0.044,-0.182745675203618
"BACH1","HHLA2",0.0448730009297814,0.044899659332649,0.044899659332649,-0.204712704259856
"BACH1","EMP1",0.050251267420116,0.0601414141414141,0.0601414141414141,-0.227177390419709
"BACH1","GFI1",0.0552531666463339,0.0422642754071325,0.0422642754071325,-0.0753606664721463
"BACH1","ANKRD13B",0.0653502166922415,0.0663636363636364,0.0663636363636364,-0.273286404202954
"BACH1","G0S2",0.0684128167419189,0.04,0.04,-0.293617483077435
"BACH2","EMILIN2",0.268919168856147,0.078,0.078,0.496573038527408
"BACH2","TTN",0.169515806102619,0.048,0.048,0.615511289282376
"BACH2","DOPEY2",0.12377051266808,0.124,0.124,0.553358025489843
"BACH2","MYC",0.0987717635603026,0.044,0.044,0.326217082403066
"BACH2","TFE3",0.0922098516119068,0.052,0.052,0.0660524278215212
"BACH2","KLF4",0.0565596908745956,0.05,0.05,0.431484698897112
"BACH2","MARCH1",0.0371603275292186,0.116,0.116,0.755758987680101
"BACH2","RORA",0.0368251532546627,0.088,0.088,0.324897895065504
"BACH2","ELF4",0.036421056300321,0.012,0.012,0.348827695327772
"BACH2","ZNF148",0.0297258768620301,0.034,0.034,0.374460876287515
"BACH2","HES1",0.0205811450187502,0.076,0.076,0.500279121702845
"BACH2","C1orf162",0.01708933507002,0.056,0.056,0.41990238197251
"BACH2","NCF2",0.0157090133581476,0.072,0.072,0.138852996403996
"BACH2","BACH1",0.0109970792915286,0.072,0.072,0.646347739410241
"BACH2","CENPE",0.0126747804189882,0.036,0.036,-0.29165628400155
"BACH2","FNIP2",0.0128754624354031,0.036,0.036,-0.171581177221169
"BACH2","RASSF6",0.0144208355317158,0.024,0.024,-0.287407247956862
"BACH2","G0S2",0.0165183541686401,0.026,0.026,-0.206199416377732
"BACH2","ETV4",0.0175914186201569,0.0484210526315789,0.0484210526315789,-0.15927705708953
"BACH2","PTP4A3",0.0236084295520944,0.044,0.044,-0.446594812578739
"BACH2","CCR5",0.0360087406282297,0.0578239224177817,0.0578239224177817,-0.13306262976996
"BACH2","SLC7A5",0.0385307648508485,0.058,0.058,-0.460377321117259
"BACH2","E2F2",0.0436547861722232,0.03,0.03,-0.336617795521726
"BACH2","ZKSCAN5",0.0491229054828959,0.054,0.054,-0.178792612549072
"BACH2","IGJ",0.0907218288750945,0.02,0.02,-0.589214326892375
"BACH2","BHLHE41",0.18522521563822,0.04,0.04,-0.433461369315397
"BARHL2","ITGA8",0.178764426510756,0.14,0.14,0.26892558402452
"BARHL2","GLIS3",0.0804561965073741,0.0416208791208791,0.0416208791208791,0.0947242254393365
"BARHL2","BHLHE22",0.0364073796203073,0.0234049705568693,0.0234049705568693,0.0703960182973487
"BARHL2","THAP11",0.014594975465927,0.032,0.032,-0.112365678985922
"BATF","TP53",0.312442078603028,0.088,0.088,0.553266484360125
"BATF","GPX1",0.286379935329435,0.07,0.07,0.592230262978001
"BATF","STAT5B",0.264970982504578,0.052,0.052,0.565602345581272
"BATF","ATF5",0.203507074481947,0.066,0.066,0.519293633428339
"BATF","GPATCH4",0.202866462548339,0.088,0.088,0.587351812281456
"BATF","PSAT1",0.196809924366382,0.04,0.04,0.473023291205761
"BATF","HILPDA",0.189612990442274,0.048,0.048,0.309200526351255
"BATF","NR5A2",0.148570295689323,0.04717877960935,0.04717877960935,0.274039182727478
"BATF","ENO1",0.141824047858949,0.058,0.058,0.63594095719115
"BATF","CCT6A",0.137420145862451,0.054,0.054,0.623126646543851
"BATF","SNX10",0.132412850672075,0.092,0.092,0.759771991976577
"BATF","AICDA",0.129077221624194,0.112,0.112,0.527098158229763
"BATF","ALDOA",0.12332950496617,0.044,0.044,0.55265763345233
"BATF","HN1",0.120431975134696,0.04,0.04,0.53670990808246
"BATF","SELL",0.120267259527314,0.058,0.058,0.48308074978378
"BATF","ETV5",0.1186576449473,0.064,0.064,0.568920925015741
"BATF","ZNF460",0.114888617523738,0.056,0.056,0.261907239521281
"BATF","CCDC141",0.111742802798465,0.052,0.052,0.206975150508818
"BATF","HSPH1",0.110635315464332,0.052,0.052,0.639745888305528
"BATF","TPM4",0.108513597043387,0.044,0.044,0.668455960283924
"BATF","MSMO1",0.107577468375919,0.028,0.028,0.449641591880273
"BATF","CCT5",0.100606245433198,0.03,0.03,0.62558191492455
"BATF","TEAD4",0.0980145538012505,0.0648189949968836,0.0648189949968836,0.270744640602475
"BATF","MYF6",0.0963354810323884,0.0427732489891744,0.0427732489891744,0.13507814399543
"BATF","S100A11",0.0910442044587652,0.038,0.038,0.598622224726378
"BATF","DKC1",0.089943727861474,0.032,0.032,0.531285022541109
"BATF","RAB7L1",0.0871092450569404,0.046,0.046,0.706531362500912
"BATF","DGKG",0.0855817910194282,0.09,0.09,0.674276616895566
"BATF","GBP1",0.0840214783679369,0.064,0.064,0.566949122418753
"BATF","PFKFB3",0.0832101274927678,0.032,0.032,0.537119122612993
"BATF","ARL6IP5",0.0829499514898109,0.03,0.03,0.694871887720557
"BATF","PFN1",0.0807084387519487,0.054,0.054,0.690806925742186
"BATF","TXN",0.0791951699804182,0.032,0.032,0.58791107924862
"BATF","B4GALT5",0.0767841088230022,0.082,0.082,0.683784612725138
"BATF","PRMT1",0.0737653702159824,0.076,0.076,0.633495190121188
"BATF","PTMS",0.0726278439514813,0.038,0.038,0.491329508166886
"BATF","VIM",0.070914995264094,0.026,0.026,0.576457241710064
"BATF","CCDC152",0.0683673836097109,0.096,0.096,0.450777585267018
"BATF","IVNS1ABP",0.067626533323217,0.02,0.02,0.497627507484758
"BATF","CCDC34",0.0674243036230202,0.028,0.028,0.505009872238775
"BATF","HSPD1",0.0647720472059626,0.038,0.038,0.588528235452112
"BATF","NOLC1",0.0634412512402428,0.064,0.064,0.555922646491924
"BATF","ZYX",0.0632383895430643,0.044,0.044,0.679357836750391
"BATF","ANKRD13B",0.0580678410385088,0.0261616161616162,0.0261616161616162,0.401948918701825
"BATF","UBE2C",0.0553866174982497,0.038,0.038,0.36624288859385
"BATF","MCM4",0.0539032220049518,0.056,0.056,0.526662627713272
"BATF","RHOC",0.0498868584216932,0.042,0.042,0.585288520523278
"BATF","EMP1",0.0495748108677602,0.100222222222222,0.100222222222222,0.303940966701462
"BATF","TMSB4X",0.0477382586665727,0.02,0.02,0.588860182510881
"BATF","CALM2",0.0473527818603069,0.016,0.016,0.555661291901355
"BATF","HHLA2",0.0459362867932358,0.081573360365702,0.081573360365702,0.297909937461978
"BATF","NRL",0.045618022129029,0.0472995090016367,0.0472995090016367,0.0271179993573682
"BATF","NFE2L1",0.0446157779865828,0.02,0.02,0.49407890444943
"BATF","CCND3",0.0439550177857613,0.07,0.07,0.7259692304918
"BATF","HMGCS1",0.0407014135370275,0.022,0.022,0.41320523879562
"BATF","HLA-DQA1",0.0392404256140511,0.058,0.058,0.611730861103277
"BATF","NME1",0.0385725790720354,0.032,0.032,0.520052181923979
"BATF","CKS1B",0.0382890277176618,0.032,0.032,0.499519259671707
"BATF","STK39",0.032979997545373,0.022,0.022,0.494399010278976
"BATF","CREB1",0.0306439275491468,0.034,0.034,0.198773350221721
"BATF","CLSPN",0.0303616886633939,0.044,0.044,0.42994700536798
"BATF","FSCN1",0.0301929418965262,0.098,0.098,0.473052855306167
"BATF","SERPINB9",0.0289808344995158,0.056,0.056,0.60731509044595
"BATF","GAPDH",0.025632747545101,0.016,0.016,0.566062144342996
"BATF","PCNA",0.0247684156654839,0.042,0.042,0.578685494810648
"BATF","SMAD2",0.0233018707270005,0.008,0.008,0.265828873609201
"BATF","CBX3",0.0229902050959742,0.034,0.034,0.597603976391096
"BATF","CD22",0.0229614352977139,0.036,0.036,0.565373482732912
"BATF","LDHA",0.0227054690939074,0.02,0.02,0.547063037772045
"BATF","NPM1",0.0223630795359229,0.01,0.01,0.540520358806045
"BATF","ITGA2",0.0220298623787609,0.0831016042780749,0.0831016042780749,0.153422069190086
"BATF","WDR76",0.0210345793807012,0.034,0.034,0.47847991784575
"BATF","HMGA1",0.0200985697260672,0.018,0.018,0.516130192572847
"BATF","LGALS3",0.0196368156902957,0.01,0.01,0.558223827172306
"BATF","HCK",0.0190301786763625,0.024,0.024,0.280878711855596
"BATF","NUF2",0.018755581700945,0.024,0.024,0.374585625972932
"BATF","PROX1",0.0180761039103392,0.0127789736037159,0.0127789736037159,0.0234490077251278
"BATF","RAB13",0.0168249527914049,0.07,0.07,0.492403151623802
"BATF","CCR1",0.0158937222547922,0.034243661100804,0.034243661100804,0.164209266889529
"BATF","NR1D1",0.0152951644298425,0.0121224617307092,0.0121224617307092,0.170028801078957
"BATF","JDP2",0.0136486019375689,0.02,0.02,0.237313091245251
"BATF","BIRC3",0.0134179674657936,0.05,0.05,0.59858914241428
"BATF","TOP2A",0.0132263243393109,0.02,0.02,0.371485123729325
"BATF","KLHL21",0.0131094042434552,0.006,0.006,0.247892920045964
"BATF","RRM2B",0.0119136587025292,0.004,0.004,0.403700023184734
"BATF","TNFSF4",0.0117494173247935,0.048,0.048,0.452978902414828
"BATF","EBI3",0.0114817863394882,0.01,0.01,0.604219761529781
"BATF","NQO1",0.0104474579175,0.024,0.024,0.401505898409569
"BATF","NR3C2",0.0126873427414242,0.0429035250463822,0.0429035250463822,-0.102866642663159
"BATF","NFIL3",0.0131776950174789,0.026,0.026,-0.293952100045318
"BATF","TCF3",0.0140294539356328,0.062,0.062,-0.104684573030688
"BATF","ZNF652",0.0147274706908027,0.008,0.008,-0.316627719410713
"BATF","IGJ",0.0163290453539641,0.1,0.1,-0.399070959027587
"BATF","RORB",0.0216295607021386,0.0305277677512505,0.0305277677512505,-0.00375042289484757
"BATF","MIXL1",0.0248359372128822,0.054,0.054,-0.267225574752602
"BATF","RUNX2",0.0810509227183636,0.118,0.118,-0.169066762203454
"BATF3","RHOC",0.791243254282984,0.178,0.178,0.703080685596681
"BATF3","VASP",0.734967925308736,0.166,0.166,0.765984936771243
"BATF3","BATF",0.725961100906553,0.19,0.19,0.780716983719988
"BATF3","CCND3",0.702080359038109,0.146,0.146,0.689427780864929
"BATF3","DGKG",0.657812311135177,0.128,0.128,0.823871521021091
"BATF3","EBI3",0.649019582660477,0.122,0.122,0.690087286042923
"BATF3","B4GALT5",0.63877411774548,0.17,0.17,0.782493114566466
"BATF3","TNFRSF8",0.625599093266397,0.214,0.214,0.610038311112833
"BATF3","RAB7L1",0.621470201864504,0.118,0.118,0.647336650080539
"BATF3","PFKFB3",0.599694668212975,0.1,0.1,0.669542507523328
"BATF3","ZYX",0.585221041878331,0.106,0.106,0.663401050828413
"BATF3","SNX10",0.576701351599877,0.128,0.128,0.813231690930931
"BATF3","CCT5",0.567373847030029,0.072,0.072,0.479620416477658
"BATF3","ARL6IP5",0.558868583279826,0.104,0.104,0.632833472986406
"BATF3","GBP1",0.556412014656664,0.102,0.102,0.561074210586875
"BATF3","CCDC152",0.534909354050907,0.136,0.136,0.454119581627231
"BATF3","HSPH1",0.531085550127304,0.094,0.094,0.526294097011255
"BATF3","RAB13",0.527745951625604,0.142,0.142,0.662100915616931
"BATF3","PKIG",0.517722141136539,0.13,0.13,0.637500814414793
"BATF3","AICDA",0.509283934294946,0.114,0.114,0.664166450869225
"BATF3","CCT6A",0.500027459160037,0.062,0.062,0.450484962569475
"BATF3","NPM1",0.485268666860469,0.06,0.06,0.450224121424991
"BATF3","TTC39C",0.483134144187297,0.098,0.098,0.620126827496481
"BATF3","CCL5",0.480318643565736,0.108,0.108,0.627035035582603
"BATF3","RCAN2",0.472932015596424,0.108,0.108,0.43846212477421
"BATF3","FUT7",0.468392699317365,0.232,0.232,0.573355040240532
"BATF3","DKC1",0.464302868915622,0.05,0.05,0.377683012960006
"BATF3","NQO1",0.463470440939923,0.072,0.072,0.366454254077388
"BATF3","PTMS",0.442997667907012,0.076,0.076,0.515220172592446
"BATF3","BHLHE40",0.438733420960313,0.096,0.096,0.692469282984121
"BATF3","PFN1",0.436553264921126,0.068,0.068,0.559292739969665
"BATF3","PRMT1",0.42329619007245,0.056,0.056,0.485797678383016
"BATF3","STAT5B",0.406474948049169,0.15,0.15,0.628329026831457
"BATF3","GPATCH4",0.3952758711391,0.064,0.064,0.403734467166647
"BATF3","CD226",0.392905393405694,0.178,0.178,0.40794570216889
"BATF3","TPRG1",0.386913950988824,0.17,0.17,0.44846712136346
"BATF3","MSMO1",0.386064149632605,0.108,0.108,0.246451290773596
"BATF3","TXN",0.372309447636942,0.054,0.054,0.478750452995312
"BATF3","HSPD1",0.345890798065774,0.05,0.05,0.417614397079914
"BATF3","IVNS1ABP",0.345223681066664,0.056,0.056,0.447733027642478
"BATF3","S100A11",0.340612794024838,0.098,0.098,0.516170687680162
"BATF3","TMSB4X",0.339506823765451,0.048,0.048,0.483278165578314
"BATF3","TP53",0.329549672167563,0.054,0.054,0.442718858592919
"BATF3","FNIP2",0.320632563012713,0.056,0.056,0.333040868693716
"BATF3","TPM4",0.317850954282097,0.05,0.05,0.499637935337732
"BATF3","FAM107B",0.312914740715182,0.07,0.07,0.343156148377061
"BATF3","HHLA2",0.311642423880079,0.18970007246885,0.18970007246885,0.365262999112823
"BATF3","ETV5",0.298291776747529,0.116,0.116,0.635956250540377
"BATF3","BIRC3",0.288268241473729,0.108,0.108,0.70076481427722
"BATF3","CALM2",0.284380511678007,0.07,0.07,0.463578393272604
"BATF3","CCDC34",0.277132465536192,0.03,0.03,0.33136200403324
"BATF3","GLO1",0.265878132057126,0.036,0.036,0.439045475030865
"BATF3","EMP1",0.263504508552114,0.100181818181818,0.100181818181818,0.318211781853245
"BATF3","EGR2",0.260483109011807,0.078,0.078,0.613652855531244
"BATF3","NPM3",0.243364889648482,0.054,0.054,0.35573999563147
"BATF3","CBX3",0.235347072040661,0.088,0.088,0.47170791691922
"BATF3","MYB",0.234488684245566,0.054,0.054,0.30566981137502
"BATF3","MT2A",0.226261817488863,0.078,0.078,0.452377062849319
"BATF3","KCNMA1",0.221545643006839,0.058,0.058,0.296871247449081
"BATF3","NFE2L1",0.221358305276597,0.094,0.094,0.46358381101141
"BATF3","SERPINB9",0.216860966120283,0.04,0.04,0.560183092922899
"BATF3","ELK1",0.211848743352502,0.048,0.048,0.304106353007577
"BATF3","HMGCS1",0.206593047176872,0.066,0.066,0.199369727631749
"BATF3","HLA-DQA1",0.204940006878169,0.084,0.084,0.62609913479952
"BATF3","VIM",0.202990975265136,0.032,0.032,0.450605422340359
"BATF3","UBE2C",0.202573557030093,0.03,0.03,0.187126983519205
"BATF3","NOLC1",0.198858154915822,0.034,0.034,0.393125803097469
"BATF3","CORO2A",0.198139034907146,0.064,0.064,0.360120435356053
"BATF3","CD22",0.192899983204424,0.118,0.118,0.724319421682569
"BATF3","STK39",0.192714862928611,0.036,0.036,0.335751217906134
"BATF3","NR5A2",0.188005447128351,0.103853357538028,0.103853357538028,0.337772529323745
"BATF3","ENO1",0.181214235408953,0.028,0.028,0.411307087649384
"BATF3","RILPL2",0.179842758918891,0.112,0.112,0.555946392595347
"BATF3","SMAD2",0.176204825661093,0.028,0.028,0.205393386955257
"BATF3","HTR3A",0.172579883931882,0.104,0.104,0.0929718661994606
"BATF3","HN1",0.17120538272574,0.032,0.032,0.31735600403739
"BATF3","OLIG3",0.168308270237538,0.0836561633807914,0.0836561633807914,0.283910700250288
"BATF3","FSCN1",0.166757465192257,0.068,0.068,0.60782490876184
"BATF3","FOSL1",0.162860768854868,0.0928333333333333,0.0928333333333333,0.40286207323821
"BATF3","HMGA1",0.154364526006772,0.034,0.034,0.394839629237761
"BATF3","ETS2",0.148538411457706,0.0682910089224434,0.0682910089224434,0.252760132721934
"BATF3","ALDOA",0.148432682058232,0.026,0.026,0.303992349674755
"BATF3","ATF5",0.146754959906175,0.062,0.062,0.357530045930082
"BATF3","PCNA",0.142278042859603,0.05,0.05,0.472334607836816
"BATF3","PAPD5",0.136556215051163,0.036,0.036,0.232909602619519
"BATF3","HILPDA",0.135105865820536,0.024,0.024,0.211596398050815
"BATF3","MSANTD3",0.124653339687815,0.062,0.062,0.312324433275831
"BATF3","GAPDH",0.12202762782942,0.022,0.022,0.395480478347186
"BATF3","LGALS3",0.120044016247963,0.034,0.034,0.505314182616247
"BATF3","COTL1",0.117714652403063,0.028,0.028,0.445726194637627
"BATF3","CD163L1",0.115583827337156,0.0560577686982181,0.0560577686982181,0.297137665224868
"BATF3","PRKCDBP",0.109816786038573,0.09,0.09,0.564107058244887
"BATF3","NME1",0.108675173820975,0.02,0.02,0.294127741731523
"BATF3","CCR7",0.108362921049372,0.11,0.11,0.791100367861833
"BATF3","TPM3",0.0999924879231892,0.044,0.044,0.505797683086401
"BATF3","ANKRD13B",0.0966640630390959,0.0442828282828283,0.0442828282828283,0.304290124062828
"BATF3","ITGA2",0.0906134522171838,0.0551069518716577,0.0551069518716577,0.192200035369284
"BATF3","CKS1B",0.0834865356744577,0.05,0.05,0.363555621456639
"BATF3","KLHL21",0.0829318333607676,0.024,0.024,0.127282472994486
"BATF3","TFE3",0.0825859933235916,0.04,0.04,0.265636851339347
"BATF3","MCM4",0.0786276502154893,0.074,0.074,0.379727131735532
"BATF3","LDHA",0.0783540871853225,0.02,0.02,0.32451750794295
"BATF3","PERP",0.0664723978717746,0.042,0.042,0.318814831404732
"BATF3","INSM1",0.0617620770676822,0.0412096318236669,0.0412096318236669,0.209709982037511
"BATF3","MYF6",0.0613904845461899,0.0355314986304943,0.0355314986304943,0.146770436144728
"BATF3","CREB1",0.0563939699110314,0.044,0.044,0.239647546731055
"BATF3","ZWINT",0.0528999747565549,0.032,0.032,0.287517039969368
"BATF3","CCDC141",0.0513666540954657,0.05,0.05,0.308584136654373
"BATF3","TNFSF4",0.050862236646858,0.038,0.038,0.590169368108916
"BATF3","DPP4",0.0487961630233828,0.0217235505541978,0.0217235505541978,0.185229876813008
"BATF3","E2F1",0.0458509906853057,0.034,0.034,0.320479738650505
"BATF3","RRM2",0.0338012791741966,0.032,0.032,0.194169119176863
"BATF3","TLX2",0.0314482137040425,0.0367228381772554,0.0367228381772554,0.226312764285881
"BATF3","STAT6",0.021204070854714,0.07,0.07,0.565124136471706
"BATF3","HMGB2",0.020736788704903,0.094,0.094,0.34218983408912
"BATF3","ZNF460",0.0207092635185977,0.024,0.024,0.269980920291929
"BATF3","LPXN",0.0198529403333211,0.018,0.018,0.37708991778726
"BATF3","HS3ST3B1",0.0178436152397999,0.012,0.012,0.109741457659067
"BATF3","PROX1",0.0174782881478779,0.0147478380725803,0.0147478380725803,0.0729096746101336
"BATF3","RUNX3",0.0168884145841749,0.044,0.044,0.494909940776634
"BATF3","CXCR5",0.01574369135408,0.06,0.06,0.529259065083235
"BATF3","CLSPN",0.0134594964173625,0.01,0.01,0.270681096212331
"BATF3","KIF23",0.0128538694632425,0.016,0.016,0.137522621170229
"BATF3","MIXL1",0.0117522267197108,0.026,0.026,-0.243745742555524
"BATF3","KIAA0125",0.0174315849837644,0.014,0.014,-0.312211026062543
"BATF3","POU2F1",0.0265338718027899,0.02,0.02,-0.147006112276483
"BATF3","IGJ",0.0317133724646693,0.102,0.102,-0.470436992384072
"BATF3","E2F2",0.0399230267519603,0.136,0.136,-0.0935570410815014
"BATF3","BHLHE41",0.0484628913854358,0.078,0.078,-0.396335395634725
"BATF3","NFIL3",0.101681150868891,0.046,0.046,-0.231721361784484
"BATF3","ZNF652",0.458371844632284,0.11,0.11,-0.305646697916803
"BCL6","CARD17",0.147287647045716,0.104801200300075,0.104801200300075,0.155034930245757
"BCL6","FOXP3",0.12013143792911,0.067516527443243,0.067516527443243,0.0559907856824488
"BCL6","INSM1",0.0990966950508095,0.0458590077888324,0.0458590077888324,0.157839614643176
"BCL6","NR1H3",0.0890375323216598,0.0792901580500991,0.0792901580500991,0.0668737267495382
"BCL6","POU6F1",0.0881064804934403,0.082,0.082,0.111858145428177
"BCL6","CREM",0.0587548385821986,0.054,0.054,0.29936518164029
"BCL6","CLOCK",0.054427974163605,0.054,0.054,0.114908542559684
"BCL6","SESN1",0.0333242941024553,0.038,0.038,0.148734782769413
"BCL6","NR3C2",0.0322909417356481,0.014308905380334,0.014308905380334,0.013278305879098
"BCL6","TBX21",0.0261766736260969,0.032,0.032,0.211260645451948
"BCL6","NRF1",0.0253051588722128,0.01,0.01,0.0100719632371444
"BCL6","GPR132",0.023890775321962,0.038,0.038,0.237521659681608
"BCL6","MGST3",0.0214581420410609,0.036,0.036,0.276716920248003
"BCL6","BATF2",0.0212091863277638,0.0365769551181922,0.0365769551181922,0.101263289857811
"BCL6","MECOM",0.0211682102665784,0.0229447271866493,0.0229447271866493,0.0454174755193162
"BCL6","SORL1",0.0209353146823065,0.032,0.032,0.128168452300293
"BCL6","CCDC71L",0.0192653789429649,0.074,0.074,0.35990575384484
"BCL6","STAT3",0.018820831020068,0.034,0.034,0.400318581303972
"BCL6","TCN2",0.0180867296495566,0.04,0.04,0.140824342173166
"BCL6","DDX60",0.0165408560540358,0.048,0.048,0.187412464404706
"BCL6","CXCL10",0.0129627926700049,0.042,0.042,0.369390956547021
"BCL6","DLX4",0.0123688803230159,0.017165655783542,0.017165655783542,0.023147360027839
"BCL6","VIM",0.0108723577580432,0.066,0.066,0.0843010635213275
"BCL6","MZF1",0.0101115738710218,0.026,0.026,0.00313075013156499
"BCL6","HIST1H2BK",0.0102080115290737,0.036,0.036,-0.0219514982326714
"BCL6","ISL2",0.0107162399095339,0.034,0.034,-0.0474335454011218
"BCL6","MLX",0.0129802915417559,0.056,0.056,-0.141218630451234
"BCL6","MGST1",0.0147182854172251,0.0333383283383283,0.0333383283383283,-0.180586681953225
"BCL6","TP73",0.0188288356623951,0.056,0.056,-0.108353540317533
"BCL6","ETV4",0.0250255971759266,0.0546315789473684,0.0546315789473684,-0.155901040799915
"BCL6","MT1X",0.0340292727068523,0.068,0.068,-0.207617079405524
"BCL6","CCR1",0.0399781827203141,0.0484065141207998,0.0484065141207998,-0.160866284019878
"BCL6B","ETV4",0.0262527118668767,0.0181052631578947,0.0181052631578947,0.132551593742322
"BCL6B","MT1H",0.0252147393804724,0.0149861239592969,0.0149861239592969,0.0908898482457694
"BCL6B","CCR5",0.0219784249293431,0.0370790499822758,0.0370790499822758,0.0986623481188307
"BCL6B","ZNF135",0.019471754378883,0.0155327818249167,0.0155327818249167,0.111722775523091
"BCL6B","LMNA",0.0149768364945414,0.028,0.028,0.152827647789222
"BHLHE22","FOXP2",0.0457096515771488,0.0365169740646331,0.0365169740646331,0.040725142971537
"BHLHE22","TFEB",0.0184975176157919,0.036,0.036,0.11075813690007
"BHLHE22","HOXC10",0.013834720487272,0.010960960960961,0.010960960960961,0.0249218086628727
"BHLHE40","PRKCDBP",0.694041409653374,0.19,0.19,0.55039755608901
"BHLHE40","BATF3",0.519618301088519,0.08,0.08,0.692469282984121
"BHLHE40","CCR7",0.39539262394809,0.106,0.106,0.735001908050849
"BHLHE40","FOXA3",0.36764251263257,0.172342281151021,0.172342281151021,0.131591115284905
"BHLHE40","BBC3",0.313131708609859,0.134,0.134,0.448517499982617
"BHLHE40","AC099552.4",0.175700319093847,0.0797410414333707,0.0797410414333707,0.489609028262462
"BHLHE40","RFX5",0.17134841563437,0.072,0.072,0.321296383761427
"BHLHE40","KIF5C",0.164308605478265,0.096,0.096,0.502611016078197
"BHLHE40","NR6A1",0.13045888765176,0.062731807874665,0.062731807874665,0.236316144887542
"BHLHE40","SLC16A3",0.127803081044821,0.118,0.118,0.268605842278496
"BHLHE40","INSM1",0.106830233801518,0.0732027205045594,0.0732027205045594,0.159218483308409
"BHLHE40","HOXA1",0.101591882348104,0.0639235935337991,0.0639235935337991,0.251023493551388
"BHLHE40","AHR",0.0873561825826419,0.098,0.098,0.535791861146136
"BHLHE40","RAB11FIP1",0.0613441896639063,0.116,0.116,0.438508145159705
"BHLHE40","ARPC5",0.0508249287119378,0.048,0.048,0.492358735915116
"BHLHE40","RBPJ",0.0390359441976213,0.036,0.036,0.215109721769322
"BHLHE40","TUBB6",0.036895732681811,0.064,0.064,0.263980196559844
"BHLHE40","RAB7L1",0.0212075639265,0.052,0.052,0.560831338754117
"BHLHE40","MAX",0.0195308951087508,0.046,0.046,0.252888059809784
"BHLHE40","E2F6",0.0177510012296837,0.018,0.018,0.121176622359984
"BHLHE40","APEX1",0.0175207056259318,0.046,0.046,0.453778271646001
"BHLHE40","NR1D1",0.0146813722394282,0.0181010101010101,0.0181010101010101,0.0942611523337344
"BHLHE40","S100A11",0.014221796513364,0.082,0.082,0.469142738504459
"BHLHE40","ADAP1",0.0138682157822147,0.04,0.04,0.139555783431577
"BHLHE40","TBX21",0.0136562551048159,0.016,0.016,0.25533345177357
"BHLHE40","BAX",0.0127214531136978,0.042,0.042,0.483979679190593
"BHLHE40","POLR3K",0.0105894596663835,0.038,0.038,0.373217143786066
"BHLHE40","ZNF135",0.0104888099938707,0.0317955033472275,0.0317955033472275,0.237088989893351
"BHLHE40","TAS1R3",0.0138589898803245,0.032,0.032,-0.125882198800544
"BHLHE41","H1F0",0.119343033607342,0.082,0.082,0.270425002737265
"BHLHE41","XBP1",0.0923239007128576,0.094,0.094,0.701453747096388
"BHLHE41","HOXA5",0.0688634913552253,0.0330637007077856,0.0330637007077856,0.095955231836157
"BHLHE41","TCN2",0.0652444706380082,0.062,0.062,0.317410499716026
"BHLHE41","NR1D1",0.0403679120148651,0.0444683952931376,0.0444683952931376,0.0645991843766142
"BHLHE41","HINFP",0.0374484452175682,0.034,0.034,0.120280566928943
"BHLHE41","SLC16A3",0.0352257606002578,0.074,0.074,0.166003452065046
"BHLHE41","GYG1",0.0330145698617435,0.072,0.072,0.143215218763516
"BHLHE41","DLX2",0.0221153475579014,0.0147750410509031,0.0147750410509031,0.0261708111770482
"BHLHE41","SNAI3",0.0207240267330407,0.028,0.028,0.170967812194915
"BHLHE41","E2F6",0.0180785853475048,0.03,0.03,0.0343946824126193
"BHLHE41","FOXD3",0.0174226532447337,0.0674712643678161,0.0674712643678161,0.0288622037075108
"BHLHE41","FCER2",0.01226845794804,0.012,0.012,-0.384863379953838
"BHLHE41","E2F1",0.0136463165857545,0.098,0.098,-0.217993913996799
"BHLHE41","MYBL2",0.0194266976247652,0.076,0.076,-0.0269129404094239
"BHLHE41","HLA-DMB",0.0239838236833584,0.02,0.02,-0.610127431729547
"BHLHE41","DOPEY2",0.0368236340677206,0.06,0.06,-0.297906932462338
"BHLHE41","CD22",0.0726712882788338,0.026,0.026,-0.570334953846332
"CEBPB","CHAC1",0.296598112886437,0.174,0.174,0.403573591430329
"CEBPB","HSF4",0.0523041155761948,0.0637360323379187,0.0637360323379187,0.113702966123654
"CEBPB","ZKSCAN1",0.0244858128071269,0.054,0.054,0.252945955527372
"CEBPB","MEIS1",0.0215038232193907,0.0557438515286744,0.0557438515286744,0.0851720582747052
"CEBPB","RFX1",0.0101436713305712,0.016,0.016,-0.0896233475638793
"CEBPB","MITF",0.0294367644224132,0.0865108889405565,0.0865108889405565,-0.040985447421251
"CEBPB","GMEB1",0.0331347518191007,0.032,0.032,-0.103578879364221
"CEBPD","MID1IP1",0.0689279296966137,0.03,0.03,0.102707213807057
"CEBPD","HLX",0.0559711226847514,0.0324675324675325,0.0324675324675325,0.106273084080082
"CEBPD","NREP",0.053063236447238,0.03,0.03,0.079947607770239
"CEBPD","OLIG3",0.0484488535893394,0.050657586300491,0.050657586300491,0.044470457810067
"CEBPD","SNTA1",0.0478289213429128,0.024,0.024,0.0850139417076065
"CEBPD","MEIS1",0.0407505752068289,0.0248107012745413,0.0248107012745413,0.0220412127580439
"CEBPD","KIF5C",0.0331151717888615,0.022,0.022,0.0815829204461948
"CEBPD","ONECUT2",0.0299113812315051,0.0298602658357272,0.0298602658357272,0.0809869220632788
"CEBPD","ZBED2",0.0229543186657581,0.028,0.028,0.134642494720559
"CEBPD","HSF2",0.0201839907622641,0.03,0.03,0.117104821232912
"CEBPD","CADM1",0.0188276836691734,0.046,0.046,0.0400463647258916
"CEBPD","AC099552.4",0.0179819056840182,0.0293878312803285,0.0293878312803285,0.0621483804045453
"CEBPD","HOPX",0.0161328934724644,0.026,0.026,0.0703055380124556
"CEBPD","PRDX3",0.0158488146598506,0.024,0.024,0.0977139708579825
"CEBPD","ATP8B4",0.0124885517213575,0.024,0.024,0.0847023291279012
"CEBPD","CDCA7",0.0114460762036815,0.02,0.02,0.12442263284859
"CEBPD","UNG",0.010510282191329,0.03,0.03,0.0999360444320891
"CEBPG","PPARD",0.0972621712599548,0.08,0.08,0.234361315608278
"CEBPG","GABPA",0.036141818672325,0.048,0.048,0.180668869073947
"CEBPG","EIF5A",0.0342939559660291,0.05,0.05,0.250702004380603
"CEBPG","TCF4",0.0336421330058413,0.042,0.042,0.242462441732038
"CEBPG","NFKB1",0.0326630214151081,0.06,0.06,0.362228549107442
"CEBPG","ARNT",0.0265981150487706,0.032,0.032,0.0623324709714391
"CEBPG","CEBPB",0.0166397269480786,0.042,0.042,0.0449096888909579
"CEBPG","COTL1",0.0142372795217145,0.032,0.032,0.363172351838925
"CEBPG","SORL1",0.0126702233790611,0.036,0.036,0.302661148118984
"CEBPG","ARID3B",0.0124032719807714,0.04,0.04,0.177016421469845
"CEBPG","CD226",0.013955881458931,0.032,0.032,-0.0163882668592654
"CEBPG","CLOCK",0.0203864657503908,0.04,0.04,-0.00651101685713645
"CENPB","SOX15",0.287099955966395,0.0925118518795028,0.0925118518795028,0.115691900323097
"CENPB","AR",0.118132771449238,0.168764568764569,0.168764568764569,0.0860156489251721
"CENPB","GNAZ",0.0576735842299603,0.054,0.054,0.124392751444924
"CENPB","LHX1",0.0445296491078847,0.0981288514289227,0.0981288514289227,0.111041666187465
"CENPB","NFYC",0.0341224517062649,0.022,0.022,0.19462664829225
"CENPB","RFX1",0.0310904946916552,0.034,0.034,0.0364469245252507
"CENPB","SP4",0.0301775949569966,0.024,0.024,0.106160567498152
"CENPB","VRK2",0.0166534295381005,0.038,0.038,0.250001701576728
"CENPB","ASCL1",0.0196853136350454,0.0501616161616162,0.0501616161616162,-0.020799247150298
"CLOCK","DLX2",0.0822512550053869,0.0467454844006568,0.0467454844006568,0.057763016404275
"CLOCK","CCND2",0.0240770122767665,0.026,0.026,0.115939076033892
"CLOCK","TFEB",0.0188953861032136,0.032,0.032,0.141318837523064
"CLOCK","CD163L1",0.0183749638031782,0.0336596300079446,0.0336596300079446,0.0629333750643733
"CLOCK","SNTA1",0.0183320487570742,0.038,0.038,0.0798486579209058
"CLOCK","DLX4",0.0115723642613499,0.0195121951219512,0.0195121951219512,0.043831294696458
"CLOCK","GRHL1",0.0238015924572001,0.0551418439716312,0.0551418439716312,-0.0768896483179044
"CREB1","ZBTB33",0.0871691205679293,0.06,0.06,0.127920429366329
"CREB1","SPI1",0.0629292877563433,0.062,0.062,0.1004966235929
"CREB1","TEAD1",0.0585272901144562,0.0801351748457244,0.0801351748457244,0.102804395404279
"CREB1","ZSCAN29",0.0448914021491893,0.062,0.062,0.0474203514515552
"CREB1","ARNT",0.0391449788849249,0.038,0.038,0.135954771876071
"CREB1","E2F6",0.0354227701857223,0.044,0.044,0.00831379910622541
"CREB1","ZNF382",0.0339976332407599,0.0342040816326531,0.0342040816326531,0.157915315563997
"CREB1","TFEB",0.0166174617706992,0.028,0.028,0.133851116371122
"CREB1","CEBPD",0.0159087691712611,0.0123720106599341,0.0123720106599341,0.0479039567479714
"CREB1","GNB3",0.0156375440491942,0.0201830550401979,0.0201830550401979,0.0390202898428622
"CREB1","HSF2",0.0133747984225389,0.03,0.03,0.0868950059168849
"CREB1","DNAJA1",0.0116698321400072,0.04,0.04,0.250659102956084
"CREB1","SP1",0.0115179135404908,0.02,0.02,0.094163399921885
"CREB1","GMEB1",0.0113999142822063,0.018,0.018,0.0581246677535402
"CREB1","EXO1",0.0110714398953265,0.038,0.038,0.114035744223163
"CREB1","TEAD2",0.010583132597926,0.076,0.076,0.194569727513982
"CREB1","TFCP2",0.0104437841164778,0.018,0.018,0.10940595246393
"CREB1","KLF13",0.0191170272277996,0.054,0.054,-0.0307126731526127
"CREB1","BATF2",0.0229063947071873,0.0616419211101794,0.0616419211101794,-0.061912288701482
"CREB1","CUX2",0.038659191285395,0.020450885668277,0.020450885668277,-0.0280117307649035
"CREB3","BHLHE41",0.0305476238345943,0.052,0.052,0.388334702997253
"CREB3","DBP",0.02553002275722,0.028,0.028,0.120381548382917
"CREB3","CDKN1C",0.0122134693971683,0.054,0.054,0.209025183653517
"CREB3","PPARD",0.110016821736574,0.028,0.028,-0.20887723754329
"CREB3L1","HOXB9",0.2432009350538,0.133945181666805,0.133945181666805,0.0730499007630847
"CREB3L1","HLF",0.0712771751757785,0.0277199321700819,0.0277199321700819,0.0863521204575114
"CREB3L1","PITX2",0.0300066989791231,0.0275862068965517,0.0275862068965517,0.0231702366570409
"CREB3L4","CTCFL",0.642126368955003,0.312335249889429,0.312335249889429,0.143991557443583
"CREB3L4","TEAD3",0.0877160105973832,0.122493042671614,0.122493042671614,0.0359372603646384
"CREB3L4","PRRX1",0.0843865266186498,0.188444388728295,0.188444388728295,0.103861467918708
"CREB3L4","FADS1",0.0668145409196739,0.014,0.014,0.110159848873653
"CREB3L4","NEUROD2",0.039121639245379,0.0527549724044569,0.0527549724044569,0.0459852044125865
"CREB3L4","CNN2",0.015618441355154,0.022,0.022,0.049528640517019
"CREB3L4","COL1A2",0.013384387661541,0.026,0.026,0.0419690547030424
"CREB3L4","CDCA8",0.0130315739943385,0.016,0.016,0.0765504498496988
"CREB3L4","ZFX",0.0135916052022751,0.03,0.03,-0.0116395835603557
"CREM","CXCL16",0.254758709694292,0.118,0.118,0.340917075388117
"CREM","SPI1",0.22313770789794,0.1,0.1,0.111194260809447
"CREM","ERF",0.130616940516937,0.102,0.102,0.216580393012226
"CREM","TGIF2",0.118948768240838,0.096,0.096,0.244924857564512
"CREM","SESN3",0.104952171735555,0.144,0.144,0.349924305074936
"CREM","BCL6",0.0943582132175945,0.078,0.078,0.29936518164029
"CREM","DSE",0.0801134971830616,0.152,0.152,0.347265039736036
"CREM","RARG",0.0721604197539822,0.016,0.016,0.217368714934993
"CREM","PBX2",0.050503486589134,0.072,0.072,0.160404165801889
"CREM","B4GALT5",0.0425274791762454,0.154,0.154,0.392829464353369
"CREM","SCRT1",0.0396481700633625,0.0256366182836771,0.0256366182836771,0.0524412630232528
"CREM","BHLHE40",0.029543996047144,0.11,0.11,0.31183508421392
"CREM","ZNF317",0.0284846116629824,0.058,0.058,0.224489730925259
"CREM","RELA",0.0227865655109226,0.046,0.046,0.240366859883703
"CREM","RUNX3",0.0214888692718174,0.07,0.07,0.429042306397415
"CREM","BATF3",0.0208118051269524,0.096,0.096,0.245274271756412
"CREM","RBPJ",0.0196614581545337,0.024,0.024,0.240042004540636
"CREM","RELB",0.0176760580132892,0.036,0.036,0.155043867835561
"CREM","SSBP1",0.0169314725928526,0.026,0.026,0.163616723583394
"CREM","BBC3",0.0167577545565256,0.044,0.044,0.296081678532465
"CREM","NOLC1",0.0132593330104129,0.08,0.08,0.126803310586217
"CREM","ZNF24",0.0110234675248485,0.016,0.016,0.248086296865093
"CREM","EGR3",0.0107737247720913,0.012,0.012,0.117775234947645
"CREM","DBP",0.010346817881607,0.022,0.022,0.0247229766798022
"CREM","ISL2",0.0156651431548029,0.034,0.034,-0.118603154904978
"CREM","JDP2",0.0349193688071934,0.056,0.056,-0.0339119588423155
"CTCF","NFATC3",0.0736453661880589,0.048,0.048,0.262563533880477
"CTCF","RXRA",0.0510415928075938,0.062,0.062,0.0963058609612965
"CTCF","HOXB4",0.0486991063233819,0.042,0.042,0.0888834291124342
"CTCF","PKNOX1",0.0478778640948201,0.04,0.04,0.202712870485601
"CTCF","ZBTB33",0.0477693722353342,0.06,0.06,0.090759244492757
"CTCF","TEF",0.0448913766932786,0.024,0.024,0.101501486359639
"CTCF","ARL6IP1",0.0429368401292088,0.056,0.056,0.278314974411163
"CTCF","IRF2",0.0423211884523946,0.104,0.104,0.388577555183337
"CTCF","ARNTL",0.0410989725401673,0.058,0.058,0.0807175766919783
"CTCF","ODC1",0.032344192048733,0.042,0.042,0.274090312406004
"CTCF","POU2F1",0.0309893284235593,0.044,0.044,0.0709416115912682
"CTCF","FOXO1",0.0287746553827136,0.04,0.04,0.168688578178499
"CTCF","NDC80",0.0260059400095417,0.046,0.046,0.275524076972936
"CTCF","POU4F1",0.0249593197836034,0.022,0.022,0.0308051445838965
"CTCF","HLTF",0.0249583459111114,0.052,0.052,0.293265657344523
"CTCF","SELL",0.0231136179872236,0.026,0.026,0.320274641292325
"CTCF","ZBED1",0.022787830336007,0.046,0.046,0.156532795666517
"CTCF","PGK1",0.0227289267622741,0.054,0.054,0.357838667416703
"CTCF","SOX11",0.0215166452246042,0.0944523475906619,0.0944523475906619,0.054982976931585
"CTCF","FNIP2",0.0177843581234416,0.038,0.038,0.159144170227084
"CTCF","CTCFL",0.0175614093856283,0.0901950955820925,0.0901950955820925,0.0696271403626096
"CTCF","CCNA2",0.0171600443139135,0.038,0.038,0.297224369574898
"CTCF","CARD17",0.0157146536793521,0.00860215053763441,0.00860215053763441,0.0240978719724029
"CTCF","FKBP4",0.0155971789965263,0.054,0.054,0.340269389674619
"CTCF","TBR1",0.0150359647211485,0.00666666666666667,0.00666666666666667,0.0544002450340768
"CTCF","NCL",0.0150123678305227,0.036,0.036,0.337317276863577
"CTCF","PBX3",0.0136169016006738,0.042,0.042,0.160658805676856
"CTCF","ZNF140",0.0108144751560073,0.022,0.022,0.0664242894689795
"CTCF","MYBL2",0.0106639583494254,0.06,0.06,0.305087832304308
"CTCF","ITGA8",0.010795210459857,0.018,0.018,-0.0302960943888209
"CTCF","NR3C2",0.0120248664260991,0.0183905380333952,0.0183905380333952,-0.0955868285715785
"CTCF","GATA3",0.0135625411403209,0.0267948442534909,0.0267948442534909,-0.068060695197724
"CTCF","CUX2",0.0143772713137664,0.0430817610062893,0.0430817610062893,-0.0687172820297936
"CTCF","SMAD4",0.0147181728169814,0.03,0.03,-0.14467160047085
"CTCF","MEF2D",0.0158484118965719,0.048,0.048,-0.0950273929146695
"CTCF","TBX2",0.0172737238130225,0.102605492436001,0.102605492436001,-0.0704801422906731
"CTCF","NFIA",0.0181125966477449,0.0224521072796935,0.0224521072796935,-0.10697234784978
"CTCF","BATF2",0.0201734159716326,0.0472107400647824,0.0472107400647824,-0.0529785209733892
"CTCF","RARG",0.020670214880146,0.068,0.068,-0.112184365241004
"CTCF","NKX6-3",0.0218907940829009,0.0421060869326624,0.0421060869326624,-0.070279982632909
"CTCF","CUX1",0.0224125273300603,0.03,0.03,-0.190088949210221
"CTCF","GMEB2",0.0324149291552937,0.042,0.042,-0.10963138559519
"CTCF","TCF7L1",0.0345765222549747,0.042,0.042,-0.125023982793434
"CTCF","PLAG1",0.0359304608279949,0.032,0.032,-0.145815625291315
"CTCF","MXI1",0.0488030351459981,0.074,0.074,-0.234745399142555
"CTCFL","NKX2-2",0.900559498050408,0.77078431372549,0.77078431372549,0.314025898068257
"CTCFL","CREB3L4",0.200969897888628,0.058,0.058,0.143991557443583
"CTCFL","GLI3",0.127607411014325,0.0829268292682927,0.0829268292682927,0.155800497251087
"CTCFL","RFX4",0.118845980147056,0.0795950182026131,0.0795950182026131,0.118370744829061
"CTCFL","HOXA10",0.0416687958497719,0.0335435179965493,0.0335435179965493,0.0795583155925798
"CTCFL","NR2F6",0.0274980941255521,0.0160618556701031,0.0160618556701031,0.0931816406470501
"CTCFL","GATA3",0.0242725306277791,0.0165843179377014,0.0165843179377014,0.0467563313710975
"CTCFL","TLX2",0.0134586158010478,0.00964062851117526,0.00964062851117526,0.0154127789911801
"CUX1","PLAC8",0.0330355350293733,0.064,0.064,0.18046547447767
"CUX1","TBX19",0.0276527921408831,0.074,0.074,0.107048277815921
"CUX1","ESRRG",0.0227377921696203,0.031971125254466,0.031971125254466,0.0485288936920825
"CUX1","ATF6",0.018649474930882,0.034,0.034,0.00508585060498318
"CUX1","NFIB",0.0142661642887905,0.0270319634703196,0.0270319634703196,0.0219309611145052
"CUX1","TFEC",0.0112624945921761,0.044,0.044,0.237228499212919
"CUX1","ATF2",0.010745019525818,0.022,0.022,-0.0736798430416782
"CUX1","IL1RN",0.0280129997654567,0.052,0.052,-0.0754106939070812
"CUX1","FLI1",0.0384823497280651,0.078,0.078,-0.284385679792149
"DBP","POU5F1",0.0615835808191526,0.0685962549968441,0.0685962549968441,0.0616092168693337
"DBP","KIF13A",0.0200901558902516,0.018,0.018,0.0164123505030778
"DBP","ZNF317",0.0124313156000248,0.042,0.042,0.0528686737759091
"DBP","FOXN3",0.0235092255121212,0.05,0.05,-0.110303827412914
"DBP","YY2",0.0243414184758946,0.0415592783505155,0.0415592783505155,-0.0767608010707514
"DLX6","CREB3L1",0.15449156433095,0.0581208837624041,0.0581208837624041,0.205419588936468
"DLX6","EMX2",0.0449710624346112,0.0280738662926601,0.0280738662926601,0.123696721922503
"DLX6","HESX1",0.0336424840419162,0.0213300018119916,0.0213300018119916,0.0645535000597678
"DLX6","CERS6",0.0125599667871546,0.046,0.046,0.0952273043398084
"E2F1","CCNB1",0.39464603007956,0.058,0.058,0.651757768987246
"E2F1","MAZ",0.296229474772018,0.046,0.046,0.466390865514855
"E2F1","POLR1E",0.273743199517442,0.054,0.054,0.621059914341486
"E2F1","CDC25A",0.263022457908086,0.084,0.084,0.767055865698492
"E2F1","KLHL23",0.262308375521211,0.072,0.072,0.58149193731159
"E2F1","PPP1R14B",0.255610787019528,0.034,0.034,0.679527164201435
"E2F1","UNG",0.23574395735232,0.104,0.104,0.713064419755069
"E2F1","MCM6",0.228251572145089,0.068,0.068,0.760988414794564
"E2F1","CYCS",0.20004892322972,0.028,0.028,0.669517679104968
"E2F1","MRPL37",0.184214268977803,0.046,0.046,0.709827236573806
"E2F1","TUBB2A",0.146737733783858,0.03,0.03,0.374073952824814
"E2F1","AK4",0.126935144215014,0.03,0.03,0.563155245265457
"E2F1","HNRNPA2B1",0.118061808014149,0.028,0.028,0.680752987971179
"E2F1","YBX1",0.111992097715695,0.044,0.044,0.631120769482297
"E2F1","DCTPP1",0.105020073199691,0.048,0.048,0.700685537907263
"E2F1","UBE2S",0.100416041565272,0.028,0.028,0.646864098936671
"E2F1","TUBA1C",0.0979555922459097,0.03,0.03,0.665428001218083
"E2F1","E2F2",0.0968656374468928,0.102,0.102,0.557703758755703
"E2F1","MSC",0.0845186958399765,0.024,0.024,0.363534786029973
"E2F1","E2F3",0.0742601589817402,0.034,0.034,0.331148982382381
"E2F1","COCH",0.0727310009882172,0.03,0.03,0.57344902931127
"E2F1","CBX3",0.0629504333333328,0.034,0.034,0.741142854017456
"E2F1","CYB5R2",0.057612439649448,0.048,0.048,0.366936435231732
"E2F1","VIM",0.0397872105017753,0.012,0.012,0.602037685529655
"E2F1","ETV5",0.0379439271141157,0.042,0.042,0.411883114885173
"E2F1","NTRK2",0.0207415238647419,0.04,0.04,0.287129571611649
"E2F1","AURKA",0.0187064210256636,0.074,0.074,0.625246418568294
"E2F1","DEK",0.0153302503819766,0.07,0.07,0.375279932316974
"E2F1","F2R",0.0118568883738685,0.006,0.006,0.52110490539388
"E2F2","HIST1H1B",0.614788465431395,0.168,0.168,0.660591272876505
"E2F2","KIF14",0.566547885270117,0.098,0.098,0.651145478636672
"E2F2","HIST1H4C",0.556654724564447,0.204,0.204,0.734650216042936
"E2F2","CDCA8",0.461807749425619,0.142,0.142,0.668245373626675
"E2F2","TOP2A",0.425758992741356,0.148,0.148,0.681321941205101
"E2F2","NCAPG",0.317188193111964,0.134,0.134,0.72000435645441
"E2F2","HIST1H2BJ",0.299363501173004,0.126,0.126,0.444277644292952
"E2F2","MAZ",0.290111567749129,0.122,0.122,0.495041868745687
"E2F2","TPX2",0.215840705371103,0.114,0.114,0.653993099649581
"E2F2","MLXIPL",0.196891270274365,0.149361794216014,0.149361794216014,0.0509092007384857
"E2F2","UBE2S",0.176763792746773,0.062,0.062,0.581742280960829
"E2F2","HN1",0.129031146741468,0.064,0.064,0.575284556021702
"E2F2","TUBB",0.100396487683779,0.128,0.128,0.586445543770928
"E2F2","SGOL2",0.0966914120784723,0.07,0.07,0.593957538793719
"E2F2","CCNB1",0.0811647853612666,0.05,0.05,0.532262926663432
"E2F2","HMGB2",0.0807629574297235,0.134,0.134,0.646222391807129
"E2F2","CDC25A",0.0723746437255921,0.058,0.058,0.616582289743362
"E2F2","MRTO4",0.0698460947547613,0.058,0.058,0.474909586441226
"E2F2","MYH10",0.0669725761917012,0.0409004839049022,0.0409004839049022,0.295764741667694
"E2F2","AURKA",0.0629784953032151,0.052,0.052,0.599896534454434
"E2F2","MCM4",0.0561034696973709,0.154,0.154,0.587142021802214
"E2F2","HNRNPAB",0.0537608243172185,0.082,0.082,0.578232587767437
"E2F2","DTL",0.0515145245727394,0.164,0.164,0.537829809225997
"E2F2","CYCS",0.0477235982766142,0.048,0.048,0.535115719322237
"E2F2","PPIA",0.0397005087349425,0.064,0.064,0.565415676121895
"E2F2","E2F3",0.0353697167819555,0.08,0.08,0.296150636069494
"E2F2","NR6A1",0.0337822525063214,0.0465697794269223,0.0465697794269223,0.100427181986989
"E2F2","ZWINT",0.0319133510316862,0.07,0.07,0.644311449370124
"E2F2","SNRPE",0.0314095422392584,0.08,0.08,0.395687446406582
"E2F2","HELLS",0.0266976003930185,0.05,0.05,0.621926727336395
"E2F2","RRM1",0.0239166783898794,0.084,0.084,0.555198004487286
"E2F2","E2F1",0.0234601333090418,0.124,0.124,0.557703758755703
"E2F2","LAPTM4B",0.0143961468767946,0.038,0.038,0.179960625693187
"E2F2","HNRNPA2B1",0.0136908545618601,0.032,0.032,0.536469820215894
"E2F2","ATIC",0.0128780783362548,0.026,0.026,0.369130044615535
"E2F2","GTSF1",0.011804324850133,0.024,0.024,0.367094306063606
"E2F2","NR1D2",0.0155833877480646,0.006,0.006,-0.378499878184382
"E2F3","ZSCAN29",0.0826384696846799,0.058,0.058,0.143801256940035
"E2F3","NGFRAP1",0.044800879961586,0.034,0.034,0.177270813317106
"E2F3","YBX3",0.0302113778721953,0.026,0.026,0.353345609662579
"E2F3","FBXO5",0.025206893772684,0.026,0.026,0.351786045795231
"E2F3","TTK",0.0242000060457714,0.024,0.024,0.328354480396206
"E2F3","ASPM",0.0211064824943391,0.042,0.042,0.24499286428632
"E2F3","IL2RA",0.0175270646799754,0.02,0.02,0.371265770786665
"E2F3","E2F2",0.0105493204791493,0.052,0.052,0.296150636069494
"E2F4","LCK",0.0777076437362323,0.0489795918367347,0.0489795918367347,0.322088768149367
"E2F4","ZBTB6",0.0756446540708596,0.088,0.088,0.125368724048483
"E2F4","MRTO4",0.0733592024678926,0.062,0.062,0.525841650775654
"E2F4","MGA",0.0592817501991547,0.07,0.07,0.14638691787204
"E2F4","STIP1",0.0543980545876109,0.074,0.074,0.524776741281274
"E2F4","TFDP1",0.0386187271575965,0.066,0.066,0.487110512649662
"E2F4","CYCS",0.0338087578477427,0.066,0.066,0.519178440655662
"E2F4","GPATCH4",0.0299836880155288,0.064,0.064,0.525413404497946
"E2F4","CCT5",0.0294423223143348,0.046,0.046,0.557268633705013
"E2F4","KPNB1",0.0289100494545671,0.048,0.048,0.501620572888399
"E2F4","WDR43",0.0277116270702159,0.048,0.048,0.463603433179023
"E2F4","MYCN",0.0260728573317904,0.109946948779386,0.109946948779386,0.117373331012358
"E2F4","MCM6",0.025340262140617,0.034,0.034,0.519524724945424
"E2F4","IVNS1ABP",0.0221762417526845,0.032,0.032,0.41878013038407
"E2F4","DCTPP1",0.0190806483829879,0.038,0.038,0.528261910699299
"E2F4","COCH",0.0185940441082627,0.056,0.056,0.408343757469693
"E2F4","SNRPE",0.0160665741453028,0.034,0.034,0.495790583479617
"E2F4","DDX21",0.0149644687516377,0.044,0.044,0.43857664604931
"E2F4","CCNB1",0.014710442413909,0.022,0.022,0.437181999789581
"E2F4","HNRNPA2B1",0.0137256707125029,0.03,0.03,0.467838352416217
"E2F4","TP73",0.0134249519709355,0.042,0.042,0.070418461544754
"E2F4","TEF",0.0133631637773381,0.032,0.032,-0.0330441225622053
"E2F6","EGR4",0.737201603094104,0.1379852107942,0.1379852107942,0.103241150555076
"E2F6","HEY2",0.134459572392648,0.15371516587234,0.15371516587234,0.0902486562274541
"E2F6","NHLH1",0.131358421415048,0.0995161219565694,0.0995161219565694,0.155345903514912
"E2F6","CALR",0.0969354648740541,0.04,0.04,0.329657362899951
"E2F6","HLTF",0.082088415463426,0.042,0.042,0.232583808323892
"E2F6","TBR1",0.0809016808425092,0.0493531468531469,0.0493531468531469,0.0588599774775898
"E2F6","ZNF684",0.0758633562004715,0.06,0.06,0.158853188440605
"E2F6","HNRNPA2B1",0.0722757921746194,0.022,0.022,0.282570225089451
"E2F6","MLXIPL",0.0700661290559284,0.056688832054561,0.056688832054561,0.0528737763789325
"E2F6","ZNF143",0.0656247856279937,0.058,0.058,0.155366990749423
"E2F6","MSMO1",0.0589108639032751,0.03,0.03,0.21598999752834
"E2F6","HMGCS1",0.0587328013433926,0.084,0.084,0.229688332212412
"E2F6","PSPH",0.0570950875931641,0.036,0.036,0.158194290397598
"E2F6","TCF7L2",0.05593821606784,0.0462432488146774,0.0462432488146774,0.0665219526047858
"E2F6","TAS1R3",0.0559058187206707,0.074,0.074,0.0478300496198797
"E2F6","MTDH",0.0518801839014794,0.028,0.028,0.266856250256479
"E2F6","BNIP3",0.0515481201919583,0.032,0.032,0.208379807016928
"E2F6","NAMPT",0.0511867726009586,0.03,0.03,0.179520060055104
"E2F6","HNRNPAB",0.0507828066072845,0.024,0.024,0.243174148276083
"E2F6","HSPA8",0.04867573666649,0.024,0.024,0.268104664850844
"E2F6","TFDP1",0.0467226610585786,0.036,0.036,0.187122945821503
"E2F6","GYG1",0.0438955409448932,0.02,0.02,0.227618018913043
"E2F6","PAICS",0.0408578110699466,0.024,0.024,0.238514048910754
"E2F6","AQP3",0.0398187297022843,0.022,0.022,0.199075939882913
"E2F6","SLC16A1",0.0390695132973769,0.048,0.048,0.225369797222694
"E2F6","VRK2",0.0388263090565972,0.016,0.016,0.166159742324362
"E2F6","STEAP3",0.0387669026545039,0.0532112332112332,0.0532112332112332,0.0960324057422014
"E2F6","DUSP6",0.0385762343958753,0.042,0.042,0.141206978615353
"E2F6","NFATC3",0.0382801116844412,0.02,0.02,0.149631285013961
"E2F6","HOXA5",0.0341726053779781,0.0152890587673196,0.0152890587673196,0.0120266774427307
"E2F6","MNX1",0.033565701539872,0.0462222222222222,0.0462222222222222,0.0314415605098949
"E2F6","ALDOA",0.0325926514873324,0.03,0.03,0.234666027562277
"E2F6","ARID3B",0.032324179771582,0.018,0.018,0.174742794169418
"E2F6","CCT4",0.030635663844705,0.032,0.032,0.231262732986428
"E2F6","POU2F1",0.030489749241655,0.04,0.04,0.0475707098405349
"E2F6","S100A4",0.0302857947679912,0.026,0.026,0.104045709041868
"E2F6","NCL",0.0300840100159275,0.028,0.028,0.218949826207999
"E2F6","SNRPE",0.0298200676163394,0.018,0.018,0.191449460476777
"E2F6","PLAGL2",0.0297523200316329,0.04,0.04,0.205171976688692
"E2F6","HEY1",0.0294038081845633,0.0331643803766566,0.0331643803766566,0.0902846000880373
"E2F6","MSANTD3",0.0289227733043766,0.038,0.038,0.151743241628145
"E2F6","EIF1AX",0.0287875930852974,0.036,0.036,0.22180245020982
"E2F6","HLX",0.0285515204555708,0.0222428365285508,0.0222428365285508,0.121001117858629
"E2F6","SLC39A14",0.0278294552074125,0.026,0.026,0.224926277271556
"E2F6","SP1",0.0272665642458254,0.038,0.038,0.0883788876643901
"E2F6","FNIP2",0.026940717480987,0.024,0.024,0.113652942327117
"E2F6","HILPDA",0.0269135834884283,0.024,0.024,0.140821453950139
"E2F6","LHX8",0.0265632262548978,0.0766363636363636,0.0766363636363636,0.0366549812509478
"E2F6","RFX4",0.0264858135130327,0.0554792956691691,0.0554792956691691,0.0578523715465337
"E2F6","FOXD2",0.0264470201741907,0.099531914893617,0.099531914893617,0.0332017284270016
"E2F6","THAP1",0.0259743139225979,0.016,0.016,0.14078892944448
"E2F6","PA2G4",0.0255210685542883,0.022,0.022,0.247012376813318
"E2F6","PRDX3",0.024899667379252,0.01,0.01,0.213955902232088
"E2F6","TP73",0.0247141663968048,0.034,0.034,0.120572753378062
"E2F6","CCNA2",0.0245458618805636,0.022,0.022,0.158343980522773
"E2F6","LDHB",0.0241185116525843,0.018,0.018,0.216713699117663
"E2F6","DLX2",0.0240565589789108,0.0212089968304884,0.0212089968304884,0.0758588539083048
"E2F6","HOXB2",0.0240423603461452,0.0266358089627604,0.0266358089627604,0.0602111930201653
"E2F6","TXN",0.0232493658536205,0.01,0.01,0.273818922661562
"E2F6","NFYA",0.023018048790979,0.018,0.018,0.109348675977719
"E2F6","GAPDH",0.0226007525068587,0.02,0.02,0.26628849413776
"E2F6","CALM2",0.0224485884642149,0.012,0.012,0.212432123678137
"E2F6","ARL13B",0.0219606480801869,0.046,0.046,0.165998588784675
"E2F6","NFATC2",0.0191152205133367,0.048,0.048,0.162258033950318
"E2F6","CAP1",0.0187251828675048,0.014,0.014,0.190320384613497
"E2F6","FOXK2",0.017717794290398,0.02,0.02,0.075371674285858
"E2F6","MAFK",0.0175623403708816,0.038,0.038,0.138482763534752
"E2F6","CAV1",0.0167254614184338,0.046,0.046,0.115666731504531
"E2F6","TUBB",0.0166858328360904,0.024,0.024,0.181099121054539
"E2F6","MRPL37",0.0161292737878633,0.018,0.018,0.20623120571952
"E2F6","E2F3",0.0160491222335382,0.018,0.018,0.205309071623397
"E2F6","CTSH",0.0160140138671421,0.01,0.01,0.226787848719495
"E2F6","EXO1",0.0160047589081252,0.02,0.02,0.117847677747735
"E2F6","WDR34",0.0158099521446039,0.028,0.028,0.162286267452516
"E2F6","CREB3L4",0.0157648007154245,0.03,0.03,0.0753172602919215
"E2F6","HOXB3",0.0145987923825359,0.0210552397824857,0.0210552397824857,0.0449278877174926
"E2F6","DPYSL2",0.0145646100743233,0.018,0.018,0.139279828412693
"E2F6","ZSCAN29",0.0143279541852188,0.02,0.02,0.12575833548625
"E2F6","H2AFZ",0.0139206928401461,0.018,0.018,0.176641595378269
"E2F6","LACTB",0.0138429253046823,0.024,0.024,0.134412084036415
"E2F6","ITGA8",0.013813406966835,0.02,0.02,0.0249724896932045
"E2F6","POLR1E",0.0128361193293857,0.024,0.024,0.166715190132965
"E2F6","NOP56",0.0126109584951394,0.01,0.01,0.222983294279329
"E2F6","ATF7",0.0125722014702473,0.016,0.016,0.0761029520820717
"E2F6","PSAT1",0.0123397121904177,0.024,0.024,0.21818989316033
"E2F6","TMSB4X",0.0122432258685409,0.01,0.01,0.218367371672316
"E2F6","CCR10",0.0119169772708841,0.03,0.03,0.105307123130003
"E2F6","DHFR",0.0119036035014322,0.03,0.03,0.18708180378261
"E2F6","XRCC5",0.0116726798765364,0.012,0.012,0.225092428107297
"E2F6","ACTG1",0.0114559637084189,0.02,0.02,0.18165735065883
"E2F6","NFIX",0.0104175361431617,0.00812244897959184,0.00812244897959184,0.0230346908765986
"E2F6","SNAI1",0.010079935614545,0.101821106049708,0.101821106049708,0.140491551652198
"E2F6","TCF7L1",0.0144682040414283,0.034,0.034,-0.122236457723591
"E2F6","CUX1",0.0158360545098488,0.012,0.012,-0.126648636924983
"E2F6","NKX6-3",0.0159386514895395,0.046186300807698,0.046186300807698,-0.000104109464817975
"E2F6","SOX11",0.017804160423031,0.0100031269543465,0.0100031269543465,-0.00932579623007098
"E2F6","YY2",0.0271004999757455,0.0558875096430325,0.0558875096430325,-0.0520041071976451
"E2F6","RREB1",0.0363505523596343,0.02,0.02,-0.159174416141152
"E2F6","HOXA7",0.0424707372087228,0.0954545454545455,0.0954545454545455,-0.0322294511287923
"E2F7","PRR11",0.530162852155321,0.064,0.064,0.531522926078138
"E2F7","COCH",0.47542361007853,0.108,0.108,0.573907382831249
"E2F7","HELLS",0.46780596121225,0.072,0.072,0.678502171491723
"E2F7","E2F1",0.420625430287566,0.066,0.066,0.611643798244775
"E2F7","CDC25A",0.419664188516659,0.048,0.048,0.604011119844449
"E2F7","MCM6",0.389514561406119,0.048,0.048,0.626718637916616
"E2F7","SNRPG",0.389309168987027,0.05,0.05,0.583084883487883
"E2F7","EZH2",0.387078155444851,0.074,0.074,0.675159827252889
"E2F7","SPDL1",0.384266781620773,0.058,0.058,0.578908854876495
"E2F7","LGALS1",0.37018117472402,0.044,0.044,0.499758000551165
"E2F7","ZWILCH",0.365736463158072,0.06,0.06,0.648836165587244
"E2F7","PKM",0.359362173980251,0.042,0.042,0.550478479014768
"E2F7","MCM3",0.35717706909765,0.078,0.078,0.694449992269467
"E2F7","WDR76",0.344320338519509,0.08,0.08,0.701018098153517
"E2F7","AURKB",0.332752732847648,0.066,0.066,0.611603169757129
"E2F7","KIFC1",0.310749754727799,0.048,0.048,0.621348535970174
"E2F7","VIM",0.304608363323262,0.038,0.038,0.535088732349394
"E2F7","CDCA4",0.293336252010193,0.126,0.126,0.688739117667198
"E2F7","ARL13B",0.29027824170838,0.07,0.07,0.446100054657547
"E2F7","KIF23",0.264419610637483,0.052,0.052,0.563844643389591
"E2F7","ZNF684",0.26205984628026,0.13,0.13,0.328118301176125
"E2F7","LCP1",0.245876829344193,0.032,0.032,0.553960427729251
"E2F7","HMGN2",0.235672289082887,0.04,0.04,0.606259597099202
"E2F7","MYB",0.22381031963841,0.094,0.094,0.586258007008414
"E2F7","RPL22L1",0.222607088369089,0.062,0.062,0.349691618822708
"E2F7","CCL3",0.21342742224724,0.046,0.046,0.308640041120664
"E2F7","EIF1AX",0.211839331656732,0.03,0.03,0.496714447289911
"E2F7","KLF5",0.211499031968081,0.129878324844369,0.129878324844369,0.322003275761542
"E2F7","CCND2",0.20740969646477,0.03,0.03,0.501003626743749
"E2F7","NREP",0.197540533724525,0.042,0.042,0.395470485106164
"E2F7","E2F2",0.193706219925231,0.076,0.076,0.452214560665562
"E2F7","LDHA",0.188227841360408,0.048,0.048,0.572080146876218
"E2F7","GGCT",0.172425108383011,0.044,0.044,0.627884694404044
"E2F7","CENPA",0.163841354074137,0.028,0.028,0.594124785891817
"E2F7","FDXR",0.156382862284812,0.1,0.1,0.435442867647591
"E2F7","INSIG1",0.148049933577416,0.044,0.044,0.458304052124015
"E2F7","FAM111B",0.143309314229321,0.102,0.102,0.623492400731512
"E2F7","RFC3",0.142479973445548,0.042,0.042,0.629266871694065
"E2F7","NAMPT",0.135596553360878,0.038,0.038,0.356803123236255
"E2F7","ID2",0.135544618595551,0.054,0.054,0.518937731802679
"E2F7","SGOL2",0.133139694508771,0.024,0.024,0.536273821679107
"E2F7","ATF3",0.126241333850734,0.084,0.084,0.244487941029774
"E2F7","SOX11",0.123134124071311,0.100014328575613,0.100014328575613,0.133101971384582
"E2F7","CCT6A",0.109754743679661,0.03,0.03,0.524526245737604
"E2F7","IVNS1ABP",0.109638179225568,0.032,0.032,0.446541333694908
"E2F7","DPP4",0.10948249460084,0.0501611522942268,0.0501611522942268,0.266612605126857
"E2F7","HOXB2",0.101522287335068,0.116048390490217,0.116048390490217,0.0356619565392291
"E2F7","LIMA1",0.101153074939319,0.046,0.046,0.313033478594803
"E2F7","MT2A",0.0909834870460213,0.024,0.024,0.450268078156245
"E2F7","IL2RB",0.0855766457735971,0.036,0.036,0.498718067641247
"E2F7","SLC43A3",0.0767933025399988,0.04,0.04,0.566653928010944
"E2F7","PTMS",0.0755194260758204,0.024,0.024,0.301240170371234
"E2F7","STK39",0.0744464612239357,0.024,0.024,0.53573873688504
"E2F7","HIST1H2BJ",0.0613421034267869,0.016,0.016,0.316568114482442
"E2F7","LHX1",0.0593701937251897,0.132944057605497,0.132944057605497,0.195561050501176
"E2F7","SLC7A5",0.0591754502266565,0.014,0.014,0.318321903768237
"E2F7","PAX6",0.0533085923308061,0.0818349447007984,0.0818349447007984,0.0217826023503347
"E2F7","CYP1B1",0.0491176131549599,0.066,0.066,0.293598409196216
"E2F7","HOXB6",0.0490180398549635,0.0508842533062181,0.0508842533062181,0.11874953020712
"E2F7","NFIB",0.045964073787902,0.0264588744588745,0.0264588744588745,0.0627505360825454
"E2F7","CXCL10",0.0349029028756319,0.062,0.062,0.256988094977834
"E2F7","HOXA10",0.0321880930010384,0.0234871794871795,0.0234871794871795,0.0816277549325453
"E2F7","TNFSF4",0.0293229301713327,0.152,0.152,0.25778423542114
"E2F7","XRCC5",0.02713003766046,0.034,0.034,0.535202870676219
"E2F7","MYC",0.0262224790566898,0.04,0.04,0.211606489629415
"E2F7","PRKCDBP",0.0258911035341106,0.048,0.048,0.319174428080274
"E2F7","HSPE1",0.0195982561989256,0.032,0.032,0.531780447177589
"E2F7","HOPX",0.0181778874782192,0.024,0.024,0.345223110008565
"E2F7","HOXB7",0.0169501783390181,0.02,0.02,0.130863823253571
"E2F7","CLECL1",0.0126088357371323,0.016,0.016,0.381028521611638
"E2F7","CD226",0.0119969504631785,0.006,0.006,0.34176073527331
"E2F7","CCL22",0.0112755436419212,0.032,0.032,0.305289637836374
"E2F7","RFX7",0.0106725304483004,0.034,0.034,0.019052067078251
"E2F7","OLIG3",0.0105527179889974,0.0151898734177215,0.0151898734177215,0.170437513078096
"E2F7","PPAP2B",0.0175606248656011,0.028,0.028,-0.0237681229965674
"E2F7","ESR2",0.0370877401064563,0.016,0.016,-0.199051234921057
"E2F7","FOXJ2",0.0575753413554982,0.056,0.056,-0.0291443941126125
"E2F7","KLF13",0.0592562516295121,0.028,0.028,-0.280031285375811
"E2F7","IRF1",0.134954796536061,0.038,0.038,-0.358705296823446
"E2F8","DIAPH3",0.808187237181093,0.208,0.208,0.698310525018008
"E2F8","RRM2",0.73473081406881,0.202,0.202,0.800031498798225
"E2F8","HJURP",0.657196921518415,0.172,0.172,0.633922059796203
"E2F8","HMMR",0.616918282382276,0.084,0.084,0.636881442942145
"E2F8","KIF20A",0.586825522848901,0.102,0.102,0.49536705687319
"E2F8","KIF23",0.575867115131003,0.126,0.126,0.645216748678914
"E2F8","ZWINT",0.55990338833757,0.134,0.134,0.768290070753567
"E2F8","MYBL2",0.544716560325265,0.088,0.088,0.648495162909375
"E2F8","CLSPN",0.533875827134354,0.216,0.216,0.760063198980332
"E2F8","AURKB",0.506515760349198,0.15,0.15,0.702123821997411
"E2F8","NUSAP1",0.494059177261253,0.144,0.144,0.714911733804037
"E2F8","KIFC1",0.465861967096972,0.104,0.104,0.718780979423328
"E2F8","E2F7",0.440813791818777,0.14,0.14,0.648779158649956
"E2F8","HMGB2",0.431723874727928,0.062,0.062,0.698312537838845
"E2F8","DUT",0.427607988738627,0.096,0.096,0.692707584615031
"E2F8","E2F2",0.408888495025741,0.16,0.16,0.611721245250141
"E2F8","TUBB4B",0.365183081377164,0.058,0.058,0.606708661867075
"E2F8","E2F1",0.348247813071471,0.152,0.152,0.676252280249209
"E2F8","CDCA4",0.293064798505089,0.146,0.146,0.72560561390103
"E2F8","TMEM173",0.258818868481064,0.042,0.042,0.395775112722615
"E2F8","CENPA",0.24262761443541,0.046,0.046,0.62262362852382
"E2F8","HELLS",0.240064225539211,0.11,0.11,0.732018532120182
"E2F8","ZWILCH",0.218731304242376,0.112,0.112,0.705240777779438
"E2F8","SGOL2",0.206492738800223,0.046,0.046,0.632350395437819
"E2F8","LHX1",0.204169897236702,0.133926634069186,0.133926634069186,0.233614973905802
"E2F8","RFX2",0.193885637330374,0.0962857142857143,0.0962857142857143,0.36237672196174
"E2F8","HIST1H2BJ",0.184383037036985,0.054,0.054,0.416223524003627
"E2F8","GINS2",0.181544958732364,0.076,0.076,0.700373553765077
"E2F8","CDKN1A",0.170935179319401,0.05,0.05,0.394617555981916
"E2F8","WDR76",0.15961298805067,0.112,0.112,0.736272320414373
"E2F8","NR2F2",0.141900328700303,0.232123067071707,0.232123067071707,0.172462385322781
"E2F8","RFC3",0.111184972778901,0.072,0.072,0.69528749988791
"E2F8","SLC7A5",0.10232536935485,0.018,0.018,0.421458163691957
"E2F8","DHCR24",0.101882362496087,0.084,0.084,0.64751229926904
"E2F8","MCM3",0.0937844506018456,0.102,0.102,0.716205755155752
"E2F8","GLI3",0.0828224471392546,0.0736881005173688,0.0736881005173688,0.0686815468360884
"E2F8","DKC1",0.0791391327951903,0.044,0.044,0.500029046843065
"E2F8","CCND2",0.0642776039343037,0.026,0.026,0.578690308946064
"E2F8","OTX1",0.0637422793091379,0.0388159266208047,0.0388159266208047,0.143172974282004
"E2F8","STK39",0.0462118152653058,0.018,0.018,0.534353640477669
"E2F8","EZH2",0.0447529505973418,0.058,0.058,0.637260082969646
"E2F8","LGALS1",0.0403849725800634,0.012,0.012,0.462781610717318
"E2F8","FAM111B",0.0400338835643554,0.12,0.12,0.645203038639587
"E2F8","NFIB",0.0387160812667974,0.0852251675265374,0.0852251675265374,0.0588461310074014
"E2F8","PDGFRA",0.0375138359502073,0.048,0.048,0.491255656756618
"E2F8","MYB",0.035365648883569,0.022,0.022,0.571505148737762
"E2F8","E2F4",0.0352823904489372,0.04,0.04,0.330162170671519
"E2F8","PAX6",0.0348247899892148,0.110156823490157,0.110156823490157,0.0189769382815914
"E2F8","KIF5C",0.0338927246117636,0.024,0.024,0.323333252459199
"E2F8","LDHA",0.032945661460919,0.014,0.014,0.637751945988965
"E2F8","SNAI2",0.0324033323632628,0.0948441127694859,0.0948441127694859,0.130456688997175
"E2F8","HOXA10",0.0285914566051706,0.0231846119680897,0.0231846119680897,0.0972180974048792
"E2F8","SOX11",0.0285502874382035,0.0427579143610326,0.0427579143610326,0.0859402377868733
"E2F8","CCT6A",0.0223757755844528,0.02,0.02,0.548575749569847
"E2F8","NREP",0.0195053499617695,0.028,0.028,0.355791915631058
"E2F8","FDXR",0.0190524534292933,0.01,0.01,0.372325310011292
"E2F8","CBX3",0.017155184431767,0.026,0.026,0.629371121715636
"E2F8","AIF1",0.016869510495962,0.036,0.036,0.241370654113697
"E2F8","MCM6",0.016006841587317,0.056,0.056,0.646577791702811
"E2F8","ANXA3",0.0133890391208888,0.018,0.018,0.316526078999989
"E2F8","SLC16A1",0.0126933291281828,0.024,0.024,0.585702844445128
"E2F8","ETS2",0.0118407759912366,0.0191718142301533,0.0191718142301533,0.0705579843780198
"E2F8","HOXC10",0.0117142473884098,0.010960960960961,0.010960960960961,0.0727936890780091
"E2F8","FOXP2",0.0109887332983169,0.012107664105901,0.012107664105901,0.0241824855879615
"E2F8","NR3C1",0.0108017810139952,0.014,0.014,-0.297746726899478
"E2F8","POU4F1",0.037950007223816,0.02,0.02,-0.036431896042335
"E2F8","NFAT5",0.0389600830164322,0.016,0.016,-0.245607397005688
"E2F8","LAG3",0.046367803516095,0.024,0.024,-0.12102382248455
"E2F8","ZNF281",0.0592333131603031,0.016,0.016,-0.282470588367469
"E2F8","KLF10",0.0678509158121491,0.016,0.016,-0.369875337837025
"E2F8","MEF2D",0.0833165092246149,0.02,0.02,-0.223324964941429
"EBF1","MYCN",0.349137407115322,0.134568900675398,0.134568900675398,0.185914652619824
"EBF1","EGR1",0.316159738886057,0.106,0.106,0.434308303061573
"EBF1","DMBX1",0.108717709843913,0.130173145748488,0.130173145748488,0.11276007978922
"EBF1","KLF4",0.107336767456679,0.06,0.06,0.469673118259049
"EBF1","MYC",0.0994044946534144,0.108,0.108,0.398927572811772
"EBF1","UNC119",0.0927891474943362,0.076,0.076,0.327735516571956
"EBF1","NR2C2",0.0919323151060327,0.052,0.052,0.142107843769107
"EBF1","ADCY1",0.073605662767839,0.09,0.09,0.138865054261589
"EBF1","B3GNT7",0.0732573276160971,0.046,0.046,0.303661620613413
"EBF1","FAM167A",0.0712290077999783,0.084,0.084,0.374816915342625
"EBF1","LMNA",0.0683625527060707,0.09,0.09,0.0927545820225346
"EBF1","HLX",0.0634256188478036,0.0810966810966811,0.0810966810966811,0.0384603626563779
"EBF1","MYH10",0.0618847596318211,0.0715758468335788,0.0715758468335788,0.0299267609686052
"EBF1","CRIP2",0.0600493062348262,0.11,0.11,0.501282762788104
"EBF1","FOS",0.0461820331616523,0.074,0.074,0.55386548096008
"EBF1","NTRK2",0.0461802028318509,0.122,0.122,0.16265376207287
"EBF1","GNAZ",0.045958480301526,0.018,0.018,0.242874192929402
"EBF1","FGR",0.0434600438966683,0.034,0.034,0.398903838994006
"EBF1","HOPX",0.0400940566028291,0.064,0.064,0.296774298035424
"EBF1","ERF",0.0381337156371343,0.036,0.036,0.173707576124633
"EBF1","KLF11",0.0357848445511459,0.08,0.08,0.589805828597765
"EBF1","JUP",0.0333657304457627,0.034,0.034,0.407763230638845
"EBF1","TGIF1",0.0326314793889252,0.076,0.076,0.470096264615545
"EBF1","BCAS1",0.0325724231502745,0.066,0.066,0.159186797191395
"EBF1","ONECUT3",0.031573804232702,0.144782496782497,0.144782496782497,0.0398968211609153
"EBF1","LYST",0.031564010758528,0.03,0.03,0.28356424511142
"EBF1","USF2",0.0273552638925275,0.034,0.034,0.149187800738305
"EBF1","NFIX",0.0261714571024984,0.0140816326530612,0.0140816326530612,0.045538952149851
"EBF1","CYP1B1",0.0247348724638364,0.05,0.05,0.144452335946467
"EBF1","E2F4",0.0239654896139203,0.056,0.056,0.0363922890012856
"EBF1","HES6",0.0237574378646811,0.016,0.016,0.105161343158174
"EBF1","AC099552.4",0.0233855095404982,0.0879852556924225,0.0879852556924225,0.115539616316521
"EBF1","EBI3",0.0232812984373497,0.054,0.054,0.130372913643936
"EBF1","A4GALT",0.021308768781179,0.054,0.054,0.118621187289244
"EBF1","BCAS4",0.0208730013854425,0.058,0.058,0.198587819788043
"EBF1","ALPL",0.0205796026473722,0.05,0.05,0.324799789265822
"EBF1","HLA-DMB",0.0189669215609928,0.072,0.072,0.689826420971316
"EBF1","FOXC1",0.0181398744880698,0.0534093372295619,0.0534093372295619,0.0696060592426259
"EBF1","ASCL2",0.0178684923340421,0.0734077141127357,0.0734077141127357,0.0644282307079348
"EBF1","STK38L",0.017533935431035,0.05,0.05,0.112878636879512
"EBF1","CCL5",0.0165804957974691,0.038,0.038,0.174106627519877
"EBF1","CUX1",0.0162570607737845,0.006,0.006,0.205109117420308
"EBF1","PHLDA3",0.016071400219328,0.042,0.042,0.0732987227018345
"EBF1","FOSL1",0.015135630223969,0.0465833333333333,0.0465833333333333,0.0775125438779698
"EBF1","MTF1",0.0143745118956854,0.036,0.036,0.14603452544837
"EBF1","FCER2",0.0142674648465933,0.09,0.09,0.303991855114348
"EBF1","EGR3",0.0141478096341321,0.062,0.062,0.161216768681881
"EBF1","SRF",0.013723227278427,0.062,0.062,0.108681221503603
"EBF1","DUSP2",0.0129395719906736,0.038,0.038,0.544452220438067
"EBF1","RELA",0.011957627405657,0.032,0.032,0.332289245556862
"EBF1","HCK",0.0116500361428921,0.032,0.032,0.182547375551238
"EBF1","RREB1",0.0114463483630173,0.036,0.036,0.0884633506816292
"EBF1","COCH",0.0112523758573669,0.052,0.052,0.0617732213359714
"EBF1","MGA",0.0101769148924933,0.016,0.016,0.160579334041725
"EBF1","KLF13",0.0100568512250727,0.018,0.018,-0.319610073441347
"EBF1","HOXD3",0.0100716131377061,0.0454783999499447,0.0454783999499447,-0.0866871687009223
"EBF1","TCF3",0.0103322926731619,0.038,0.038,-0.490998567143205
"EBF1","GATM",0.0104021711693395,0.04,0.04,-0.0707519324899739
"EBF1","NR1H3",0.0121769893450373,0.0183900864313235,0.0183900864313235,-0.065950861444656
"EBF1","FADS1",0.0123969645247412,0.028,0.028,-0.137328172784569
"EBF1","NR1D1",0.0145712236745022,0.0202853275018223,0.0202853275018223,-0.142367537629025
"EBF1","KIAA0125",0.0155876113105593,0.024,0.024,-0.384668770767397
"EBF1","MAFK",0.0183872939468303,0.04,0.04,-3.36983049436718e-05
"EBF1","MNT",0.0232216555512888,0.03,0.03,-0.0506435906004843
"EBF1","TEAD3",0.0244803234640446,0.0448833230261802,0.0448833230261802,-0.0965939298871738
"EBF1","PSAT1",0.0253021483563303,0.054,0.054,-0.249516542581681
"EBF1","CHAC1",0.026151825387698,0.042,0.042,-0.280024186194217
"EBF1","RUNX1",0.0264920338051349,0.058,0.058,-0.053602125773875
"EBF1","PKNOX1",0.0396984506200176,0.064,0.064,-0.178562102208758
"EBF1","CCR1",0.042026517693667,0.0544881467738611,0.0544881467738611,-0.00903822251811268
"EBF1","SP1",0.0619258595496837,0.068,0.068,-0.108080230412448
"EBF1","IRF3",0.134091516986636,0.126,0.126,-0.369926610426172
"EGR1","DUSP2",0.460915049759392,0.256,0.256,0.707832513783887
"EGR1","ADAP1",0.2185605522858,0.116,0.116,0.34542461698482
"EGR1","POU3F1",0.203247219461673,0.153684210526316,0.153684210526316,0.292154729440389
"EGR1","ODC1",0.202229268139377,0.086,0.086,0.368729316925032
"EGR1","TUBB2A",0.172114850606403,0.042,0.042,0.217150376381776
"EGR1","SRF",0.163353064402844,0.032,0.032,0.192316518192541
"EGR1","MAFK",0.152918073486153,0.084,0.084,0.228135733125051
"EGR1","MYC",0.131942187986616,0.076,0.076,0.372874036155361
"EGR1","NR2C2",0.130449867120821,0.076,0.076,0.246800173874955
"EGR1","CCR1",0.130111478706976,0.0846497629354772,0.0846497629354772,0.185514301772566
"EGR1","NEUROG2",0.114415574189132,0.092141723955579,0.092141723955579,0.120342673506846
"EGR1","HIC1",0.109426596894379,0.05,0.05,0.146732930625157
"EGR1","ELK1",0.108267224635857,0.032,0.032,0.180348386684753
"EGR1","EGR4",0.107468514455697,0.197478016855061,0.197478016855061,0.243950520456052
"EGR1","CCR5",0.10291903874822,0.0627849932163962,0.0627849932163962,0.12256533854958
"EGR1","YBX1",0.102360462088323,0.086,0.086,0.406504995199469
"EGR1","FOSB",0.101894923248022,0.134,0.134,0.449442605756733
"EGR1","NR4A3",0.0975412506564326,0.088,0.088,0.340230730619472
"EGR1","NOP16",0.0893368466304292,0.09,0.09,0.309998506508051
"EGR1","PLD4",0.088397003015862,0.094,0.094,0.33040961389798
"EGR1","PPM1G",0.082273915559889,0.02,0.02,0.200422568961572
"EGR1","CNN2",0.0795301792131993,0.022,0.022,0.203236185074081
"EGR1","COCH",0.0764716337195862,0.106,0.106,0.278685783581383
"EGR1","LCK",0.0733918929935259,0.0571428571428571,0.0571428571428571,0.111415536178024
"EGR1","IRF6",0.0723644160680129,0.0808359065098475,0.0808359065098475,0.057084037131013
"EGR1","EGR3",0.0675335009663491,0.118,0.118,0.281694872913343
"EGR1","HES1",0.0673541458055302,0.132,0.132,0.457407943146499
"EGR1","SNTA1",0.0669576549057485,0.028,0.028,0.186850529628815
"EGR1","TFDP1",0.0664791056774604,0.072,0.072,0.240502887239995
"EGR1","SREBF2",0.0636701456379661,0.026,0.026,0.178252861800301
"EGR1","POU2F1",0.0603258186870435,0.05,0.05,0.131354147044899
"EGR1","NR4A2",0.0599313252669949,0.124,0.124,0.470464832984361
"EGR1","APEX1",0.0593051666453458,0.036,0.036,0.167405062388685
"EGR1","SERPINB9",0.0573455309730148,0.078,0.078,0.310680301708849
"EGR1","ZNF703",0.0568630313922815,0.074,0.074,0.304649211126638
"EGR1","CLECL1",0.0560798417403473,0.078,0.078,0.327544365827752
"EGR1","DDIT4",0.055491082373954,0.108,0.108,0.0278569348046704
"EGR1","SOX2",0.0525962815706888,0.084,0.084,0.164963373644427
"EGR1","POLR1E",0.050749567473793,0.024,0.024,0.21936509619424
"EGR1","ERF",0.0480940533617187,0.042,0.042,0.161791419953879
"EGR1","HOXA10",0.0477168345172062,0.0389795520934761,0.0389795520934761,0.0487803743470252
"EGR1","NFIC",0.0470838955463149,0.032,0.032,0.147084579838852
"EGR1","IKZF1",0.045089215119811,0.02,0.02,0.217026083817267
"EGR1","HSP90AB1",0.0446860156609963,0.026,0.026,0.359905007647933
"EGR1","CASZ1",0.0435264341528886,0.032,0.032,0.169944469115374
"EGR1","SLC25A5",0.0431192181413943,0.028,0.028,0.214182892469545
"EGR1","HSP90AA1",0.042722980818009,0.044,0.044,0.304340860098441
"EGR1","COTL1",0.0405812012511241,0.016,0.016,0.363385876754789
"EGR1","CRIP2",0.0396250104095919,0.048,0.048,0.339205167549565
"EGR1","NAMPT",0.0393894273699857,0.016,0.016,0.174990852419091
"EGR1","JUN",0.0392191024901093,0.09,0.09,0.234358617652629
"EGR1","HRAS",0.0382907962541205,0.052,0.052,0.168340741914634
"EGR1","KPNA2",0.0381495604138097,0.028,0.028,0.19674894918456
"EGR1","HSF1",0.0379955968034984,0.02,0.02,0.213687198727807
"EGR1","H2AFZ",0.0361101691612011,0.014,0.014,0.13848725689732
"EGR1","EBF1",0.0346139631079514,0.054,0.054,0.434308303061573
"EGR1","CENPV",0.0338309966388212,0.034,0.034,0.243129808539543
"EGR1","DKC1",0.0337238581794454,0.054,0.054,0.246464528944628
"EGR1","POLD3",0.030901213465864,0.01,0.01,0.163546364650131
"EGR1","GRPEL1",0.0306660221371236,0.036,0.036,0.228820225731168
"EGR1","EGR2",0.0302317571895415,0.08,0.08,0.164778447927425
"EGR1","FOXN3",0.0302084400912675,0.042,0.042,0.233270013430939
"EGR1","LAPTM5",0.0287100891886816,0.036,0.036,0.517141298889874
"EGR1","DLX4",0.0262165868320947,0.0170481137351056,0.0170481137351056,0.0447482256515837
"EGR1","INA",0.0256983829816457,0.0335068496984453,0.0335068496984453,0.0683354900578036
"EGR1","PFN1",0.0246614693283342,0.02,0.02,0.238281437681479
"EGR1","F2R",0.0246056158410966,0.038,0.038,0.132012459718501
"EGR1","GNAZ",0.0246045801809492,0.052,0.052,0.221125091773052
"EGR1","SERBP1",0.0245530539591341,0.014,0.014,0.255642381918094
"EGR1","GYG1",0.0238956358738605,0.062,0.062,0.0891409274431004
"EGR1","DLX2",0.0235568951880416,0.0510329552831558,0.0510329552831558,0.0324832335844936
"EGR1","ELK4",0.0231837496323254,0.062,0.062,0.310702548415337
"EGR1","PAX5",0.0228792560523535,0.042,0.042,0.266522959653424
"EGR1","FOXJ3",0.0228714920124109,0.026,0.026,0.129899893811356
"EGR1","IL10",0.0222184506803935,0.048,0.048,0.22513660976696
"EGR1","CENPB",0.0221654184197462,0.016,0.016,0.100158842614523
"EGR1","FOXK2",0.0216759252032859,0.028,0.028,0.0722745653323722
"EGR1","LYST",0.0214815229675776,0.038,0.038,0.186790385828094
"EGR1","BCAS4",0.0212532940743849,0.076,0.076,0.151659213471362
"EGR1","LBR",0.0204228548111552,0.04,0.04,0.325931532871482
"EGR1","MAFF",0.0197573057283178,0.022,0.022,0.150526740321136
"EGR1","B3GNT7",0.019326366214218,0.03,0.03,0.174327454327044
"EGR1","PPA1",0.0188484874859142,0.014,0.014,0.0872575983410632
"EGR1","KLHL21",0.0183129912914107,0.018,0.018,0.10599999989452
"EGR1","SLC16A1",0.0178027306949483,0.074,0.074,0.154016351026455
"EGR1","SOCS2",0.0177855517923141,0.038,0.038,0.0914979557352303
"EGR1","MFHAS1",0.0173619218709071,0.02,0.02,0.279748348149261
"EGR1","KIF2A",0.0173232209141921,0.01,0.01,0.272996280867946
"EGR1","FKBP4",0.0171628794279662,0.058,0.058,0.130682387421575
"EGR1","ACTG1",0.0171256585038947,0.01,0.01,0.208267061420055
"EGR1","IL2RB",0.0170713814385557,0.036,0.036,0.159081595544949
"EGR1","CFL1",0.0169844421121617,0.028,0.028,0.2793702238261
"EGR1","MYCN",0.0166488740772787,0.157013133964771,0.157013133964771,0.158063730975296
"EGR1","HS3ST3B1",0.0166265384913815,0.016,0.016,0.173187829758692
"EGR1","GPX1",0.0161038799426938,0.038,0.038,0.132515561323709
"EGR1","TCFL5",0.0158648230167117,0.062,0.062,0.0610968032626474
"EGR1","TMEM99",0.0153487215089904,0.02,0.02,0.0370334806098087
"EGR1","HOXC10",0.0151210722841608,0.0436936936936937,0.0436936936936937,0.00585514567502731
"EGR1","ARID3B",0.0150813349306013,0.05,0.05,0.150520060646874
"EGR1","TUBA1B",0.0146843775992122,0.016,0.016,0.140375746995248
"EGR1","AIM1",0.0146090110454374,0.016,0.016,0.294564950293841
"EGR1","HSPB1",0.0144458407973993,0.01,0.01,0.133175292552383
"EGR1","RFX1",0.0141801408851515,0.026,0.026,0.00435193722476124
"EGR1","KLF6",0.0135973208201047,0.058,0.058,0.507545501395229
"EGR1","SOX4",0.0134632819236612,0.022,0.022,0.167404876482091
"EGR1","SNAI1",0.0133492387584461,0.0601012181373924,0.0601012181373924,0.192985763048987
"EGR1","CCND3",0.012707868406409,0.052,0.052,0.199196739064014
"EGR1","POU2F3",0.01200435145898,0.0699391912435391,0.0699391912435391,0.0359691249389825
"EGR1","TPI1",0.011975270014097,0.052,0.052,0.0844107668142174
"EGR1","PHLDA3",0.0116124027555244,0.028,0.028,0.104676445360785
"EGR1","JUNB",0.0115303573943167,0.098,0.098,0.466008507010112
"EGR1","MNT",0.0114569955258779,0.01,0.01,0.0211945372327247
"EGR1","HSPE1",0.011439284540961,0.02,0.02,0.185517246829176
"EGR1","PPIA",0.0107509463974124,0.018,0.018,0.188286161016766
"EGR1","MSMO1",0.0106497037645611,0.034,0.034,0.0614205902776123
"EGR1","PPP1R14B",0.0105652572056578,0.03,0.03,0.18727830567461
"EGR1","BAX",0.0101634828478316,0.008,0.008,0.228178510462639
"EGR1","FOSL1",0.0100629384632419,0.0260833333333333,0.0260833333333333,0.139948134795805
"EGR1","MAFG",0.0100589322151837,0.038,0.038,0.0785949294337807
"EGR1","PDGFRA",0.010005016617077,0.044,0.044,0.171487633353425
"EGR1","WDR65",0.0105645878989508,0.06,0.06,-0.0182867588937888
"EGR1","GFI1",0.0119814575149483,0.0201632653061224,0.0201632653061224,-0.139405218207506
"EGR1","AQP3",0.012091835261505,0.034,0.034,-0.0302100615861406
"EGR1","ISL2",0.0122758801018533,0.008,0.008,-0.213669817941798
"EGR1","LBX2",0.0128379774767727,0.081055900621118,0.081055900621118,-0.084341288890521
"EGR1","RXRB",0.0130911789258669,0.018,0.018,-0.0894477738994363
"EGR1","PSPH",0.0139580413813852,0.068,0.068,-0.026753403069731
"EGR1","NUB1",0.0181729265808297,0.054,0.054,-0.139868591049184
"EGR1","ZNF740",0.0198943227838612,0.034,0.034,-0.110151173741742
"EGR1","DBP",0.0202727815711974,0.024,0.024,-0.147561115705722
"EGR1","ACTN1",0.022500634505339,0.0872022263450835,0.0872022263450835,-0.0125272794462302
"EGR1","KLF13",0.0237436280109356,0.008,0.008,-0.306594151451858
"EGR1","FOXO4",0.0239825417492159,0.038,0.038,-0.118831620674658
"EGR1","CADM1",0.0282182014443732,0.028,0.028,-0.308809768807905
"EGR1","VDR",0.032343459053537,0.03,0.03,-0.291772397764253
"EGR1","FAM92B",0.036636512977122,0.024,0.024,-0.165478279066429
"EGR1","TAS1R3",0.0375964539906813,0.028,0.028,-0.141341321777277
"EGR1","PPARA",0.0399056224426407,0.026,0.026,-0.0145901854903298
"EGR1","MLXIP",0.0605183562954589,0.024,0.024,-0.310037704696339
"EGR1","FOXO3",0.0842412093379172,0.038,0.038,-0.140531384758035
"EGR1","KIAA0125",0.0954897412642801,0.026,0.026,-0.336541488876283
"EGR2","FSCN1",0.455034735610502,0.092,0.092,0.706558367073184
"EGR2","NPAS2",0.437124094732378,0.188876042450439,0.188876042450439,0.629609631181373
"EGR2","S100A4",0.427433334406891,0.124,0.124,0.572135234342553
"EGR2","HLF",0.40994592391813,0.176119272888635,0.176119272888635,0.482506908685542
"EGR2","WDR65",0.386339101781067,0.078,0.078,0.648272115192288
"EGR2","TLX2",0.378513180209385,0.177574598559503,0.177574598559503,0.343848283100029
"EGR2","HOXB9",0.373008628752459,0.318135523045815,0.318135523045815,0.219938713114063
"EGR2","TNF",0.311577160552971,0.088,0.088,0.722116538866201
"EGR2","SERPINB1",0.291029348788242,0.126,0.126,0.617579337166975
"EGR2","HES2",0.236949086601695,0.139181929181929,0.139181929181929,0.306866865891035
"EGR2","SPIB",0.213598268614854,0.12,0.12,0.538244357419895
"EGR2","DPYSL2",0.202010139353679,0.128,0.128,0.50530082742338
"EGR2","PAX2",0.200266352379485,0.121690904839841,0.121690904839841,0.149699113950857
"EGR2","SOCS2",0.189220786863132,0.108,0.108,0.429129668204883
"EGR2","OLIG3",0.184001890733577,0.0780430330397019,0.0780430330397019,0.285506311663824
"EGR2","TPRG1",0.181051259378663,0.086,0.086,0.416153398697126
"EGR2","EZH2",0.164391466178858,0.11,0.11,0.467795350907895
"EGR2","APEX1",0.136805311072213,0.032,0.032,0.404023820533786
"EGR2","BCAS4",0.132434550764481,0.028,0.028,0.445079666581486
"EGR2","NEUROG2",0.132355014044344,0.167831835007932,0.167831835007932,0.064947762385435
"EGR2","MGST3",0.124544892798417,0.03,0.03,0.498582965292072
"EGR2","BATF3",0.115816401372229,0.072,0.072,0.613652855531244
"EGR2","NFATC2",0.114494858935183,0.066,0.066,0.321135095959281
"EGR2","CCNA1",0.0933721813636979,0.0455415303101138,0.0455415303101138,0.282506970182746
"EGR2","BAX",0.088437383032553,0.02,0.02,0.37152955306116
"EGR2","HOXA1",0.0876626403491592,0.0402261145422024,0.0402261145422024,0.274955724271971
"EGR2","PPA1",0.0870623459171777,0.03,0.03,0.324490815923482
"EGR2","LGALS3",0.0865350305868598,0.05,0.05,0.450342704178795
"EGR2","ACTN1",0.0862974872250269,0.0405706039991754,0.0405706039991754,0.389640997277808
"EGR2","ITGA2",0.0855290690149879,0.0370053475935829,0.0370053475935829,0.150091789479714
"EGR2","VASP",0.0682283746459398,0.038,0.038,0.549341756688791
"EGR2","TSPAN33",0.0657670099501009,0.056,0.056,0.504025600858218
"EGR2","MYL9",0.0646247263065568,0.052,0.052,0.419645331237421
"EGR2","FABP5",0.0632161580694725,0.066,0.066,0.382187106548406
"EGR2","ARPC4",0.0612552147648019,0.03,0.03,0.366025716948226
"EGR2","RARG",0.0585021756915748,0.036,0.036,0.278981619582838
"EGR2","NGFRAP1",0.0569106128018224,0.03,0.03,0.170590864557596
"EGR2","NKX6-1",0.0563096980793161,0.15981084857628,0.15981084857628,0.130787374678798
"EGR2","PTMS",0.0516044131597706,0.034,0.034,0.429018003000495
"EGR2","LGALS1",0.0510234304873801,0.092,0.092,0.363794762932236
"EGR2","TNIK",0.0499484463457395,0.042,0.042,0.240898746214825
"EGR2","PLAGL2",0.0464413610137264,0.03,0.03,0.195351298508242
"EGR2","MYH10",0.043913549553466,0.0245108352619398,0.0245108352619398,0.253168190215316
"EGR2","ACTG1",0.0423936738618257,0.02,0.02,0.382244348398232
"EGR2","ARPC5",0.0423166924613822,0.02,0.02,0.416642755212246
"EGR2","ASCL2",0.0392949686974825,0.0404042505825845,0.0404042505825845,0.0345582042482281
"EGR2","SOX18",0.0359568757316873,0.120370118845501,0.120370118845501,0.279542132309815
"EGR2","CDK6",0.0359421288806482,0.062,0.062,0.29832268138364
"EGR2","SERPINB9",0.0347970534592541,0.038,0.038,0.361793981520191
"EGR2","DEK",0.032360983654016,0.052,0.052,0.546672332885895
"EGR2","BZW2",0.0284814603667214,0.022,0.022,0.344529529302031
"EGR2","HS3ST3B1",0.0271329289980083,0.022,0.022,0.129667627190539
"EGR2","RAN",0.0257545085835082,0.028,0.028,0.363372353638074
"EGR2","STAT3",0.0241160037012637,0.034,0.034,0.32150103962575
"EGR2","LCP1",0.0220326319029291,0.014,0.014,0.394884024130243
"EGR2","HRAS",0.0206520642380824,0.018,0.018,0.207622782965838
"EGR2","TUBA1A",0.0186922759767561,0.008,0.008,0.445551730927824
"EGR2","IKZF1",0.0184216342983273,0.01,0.01,0.284018771014728
"EGR2","TFDP1",0.0178566458192941,0.016,0.016,0.300702514117161
"EGR2","HIC1",0.0173996032427185,0.032,0.032,0.106364870401463
"EGR2","TXN",0.0164686946728326,0.02,0.02,0.29862641462344
"EGR2","NUB1",0.0155909099363809,0.046,0.046,0.19083647667578
"EGR2","NFYC",0.0151617317695849,0.01,0.01,0.120532837852553
"EGR2","SSBP1",0.0145124425451192,0.02,0.02,0.300645209621464
"EGR2","MAFB",0.0130587521787825,0.0535714285714286,0.0535714285714286,0.0260275422659345
"EGR2","DGKG",0.0130033915521745,0.062,0.062,0.600274252120663
"EGR2","TBX2",0.011816589356852,0.0269230769230769,0.0269230769230769,0.0245866427199863
"EGR2","PBX3",0.0109937475957289,0.012,0.012,0.482771703010686
"EGR2","RREB1",0.0116244702449301,0.018,0.018,-0.147080492487462
"EGR3","POU3F2",0.471629888003355,0.254218943596063,0.254218943596063,0.247524815341833
"EGR3","ARNT2",0.222361902247282,0.125921182642494,0.125921182642494,0.0853749290268775
"EGR3","OTX1",0.183185048108907,0.0894183293782358,0.0894183293782358,0.0586366719148248
"EGR3","HIC1",0.167760757041207,0.034,0.034,0.127372807900361
"EGR3","NR2C2",0.107907756916276,0.056,0.056,0.178006362549871
"EGR3","PBX1",0.0833111863969845,0.0463387229377912,0.0463387229377912,0.130725222146704
"EGR3","NR4A3",0.0755019726697423,0.044,0.044,0.233098229733904
"EGR3","HOXC4",0.049757547490753,0.054,0.054,0.11615226136846
"EGR3","EGR1",0.0469320831331362,0.066,0.066,0.281694872913343
"EGR3","PPARA",0.0450280396167706,0.046,0.046,0.128660579456599
"EGR3","HOXA4",0.0396523478881033,0.0180286607396582,0.0180286607396582,0.0431002675100217
"EGR3","HES7",0.035894127970218,0.0271441441441441,0.0271441441441441,0.0344583782385612
"EGR3","SNAI1",0.0317728735969246,0.0385174312332196,0.0385174312332196,0.330803128981112
"EGR3","TFAP2A",0.029670613366238,0.0158947368421053,0.0158947368421053,0.0130538741828617
"EGR3","TEAD4",0.0272356486697335,0.0110893991206644,0.0110893991206644,0.0496544172390535
"EGR3","HILPDA",0.023844632805541,0.036,0.036,0.0555329355803566
"EGR3","HES2",0.0230745964574828,0.0180952380952381,0.0180952380952381,0.0256426333014561
"EGR3","HOXA10",0.0196386623990763,0.0104615384615385,0.0104615384615385,0.00783262992844365
"EGR3","NEUROG2",0.0186082388823038,0.0131693989071038,0.0131693989071038,0.021266812419739
"EGR3","HOXA7",0.0129875718602097,0.00681818181818182,0.00681818181818182,0.0460887875918706
"EGR3","FOXH1",0.012546155203763,0.019047619047619,0.019047619047619,0.0105805511436848
"EGR3","MAFB",0.0120565797719853,0.0607142857142857,0.0607142857142857,0.00987049078950263
"EGR4","SNAI1",0.783060853787226,0.159767171928428,0.159767171928428,0.755732474666218
"EGR4","EGR3",0.662353999975888,0.14,0.14,0.42454114145744
"EGR4","HIC1",0.0708332079428263,0.024,0.024,0.167378096213597
"EGR4","EGR1",0.0692281060851743,0.078,0.078,0.243950520456052
"EGR4","CEBPD",0.0345153438777794,0.0144759450171821,0.0144759450171821,0.034701087374462
"EGR4","RORB",0.0276575813528776,0.0138259328246109,0.0138259328246109,0.00141628208513736
"EGR4","NR2C2",0.0206153398875977,0.01,0.01,0.14507655600688
"EGR4","HES5",0.0186816039016158,0.0197647058823529,0.0197647058823529,0.00528678546204723
"EGR4","HES1",0.0112839182817124,0.024,0.024,0.12052196829506
"EGR4","NR2F2",0.0639499379237151,0.0454328196645081,0.0454328196645081,-0.000278658434071911
"EHF","NFIX",0.299542371959903,0.0744489795918367,0.0744489795918367,0.119191544662468
"EHF","TWIST1",0.155636493639454,0.110463964305736,0.110463964305736,0.145700392987862
"EHF","TBR1",0.141128925818685,0.0583770396270396,0.0583770396270396,0.0634785040697506
"EHF","MZF1",0.0947053377847736,0.038,0.038,0.139895595707907
"EHF","PAX2",0.0714215562240216,0.110469554761348,0.110469554761348,0.0344008746063952
"EHF","ADCY1",0.0709083718731879,0.034,0.034,0.185976194880797
"EHF","SHOX2",0.0645105687552099,0.0457680250783699,0.0457680250783699,0.081871953143559
"EHF","TCF7L2",0.0638649921965286,0.0281212121212121,0.0281212121212121,0.06630555010273
"EHF","CCL22",0.0626839329372429,0.06,0.06,0.288099787836258
"EHF","PRKCDBP",0.0560732566687861,0.044,0.044,0.285838439013795
"EHF","MEIS3",0.0364875722610415,0.070703223548752,0.070703223548752,0.129872244502494
"EHF","DSE",0.0247205623199537,0.054,0.054,0.116993348740805
"EHF","C20orf195",0.0235856199228425,0.008,0.008,0.0878812445429575
"EHF","BBC3",0.0197674081609672,0.042,0.042,0.171782474843871
"EHF","SOX5",0.0195762624999013,0.022,0.022,0.0885944401815314
"EHF","INSM1",0.0185810896087669,0.0126456612506074,0.0126456612506074,0.0441958036673119
"EHF","HES2",0.0168889402615379,0.0110866910866911,0.0110866910866911,0.128687606221567
"EHF","RHOC",0.016140213738214,0.066,0.066,0.208064089528616
"EHF","PLAC8",0.0150865560230148,0.038,0.038,0.0996033126858743
"EHF","WDR65",0.0149464009931228,0.018,0.018,0.242391915743458
"EHF","NFIC",0.0142686218006548,0.012,0.012,0.0641448601358037
"EHF","LTA",0.0122507020933663,0.034,0.034,0.181231727216071
"EHF","KIF5C",0.0113526887350382,0.014,0.014,0.116234626823933
"EHF","GATA2",0.0112221455075608,0.0291197329995828,0.0291197329995828,0.065448016266425
"EHF","FSCN1",0.0110863586480856,0.028,0.028,0.260162450282966
"EHF","HOXB4",0.01058762869006,0.008,0.008,0.0539119810176253
"EHF","HOXA5",0.0103657868287116,0.0044994944388271,0.0044994944388271,0.0275325355895141
"EHF","KLF7",0.0102047397341534,0.038,0.038,0.0803405252434399
"ELF1","KLF7",0.226061075136283,0.09,0.09,0.391319999670265
"ELF1","MEF2A",0.14808661093473,0.074,0.074,0.520649883053574
"ELF1","HES6",0.118597875059925,0.058,0.058,0.0907206562641545
"ELF1","HIC2",0.115724133707336,0.064,0.064,0.179501830589099
"ELF1","C20orf195",0.112544923481319,0.124,0.124,0.204996789967515
"ELF1","THAP11",0.10795933570906,0.052,0.052,0.0860377026424553
"ELF1","NFAT5",0.0776763538223389,0.066,0.066,0.343165852491437
"ELF1","ETV3",0.0737737140687636,0.11,0.11,0.420620016990561
"ELF1","BTNL9",0.0686872967876122,0.046,0.046,0.287152464237732
"ELF1","ZNF384",0.0645601696359009,0.076,0.076,0.0377864177998414
"ELF1","EGR4",0.0494836201643997,0.0550189332467814,0.0550189332467814,0.100341525685267
"ELF1","GPR18",0.0484075150101041,0.062,0.062,0.32023024190362
"ELF1","CD96",0.0451057846351478,0.086,0.086,0.114723990329388
"ELF1","JUP",0.0356777720093647,0.048,0.048,0.343206214428985
"ELF1","THRB",0.0355925074184257,0.0168473231989425,0.0168473231989425,0.0368111312765097
"ELF1","MEF2C",0.0343958662233061,0.076,0.076,0.00727961490131605
"ELF1","ZNF703",0.0340699267397754,0.054,0.054,0.347859322094461
"ELF1","CASZ1",0.0296722496419128,0.054,0.054,0.230660681594066
"ELF1","ZNF140",0.0295787170557603,0.026,0.026,0.0160723787476643
"ELF1","TRIM22",0.0283909649116009,0.022,0.022,0.350381719140537
"ELF1","SYCP2",0.0264788755200194,0.028,0.028,0.230791077812166
"ELF1","TGIF2",0.0257024946911897,0.04,0.04,0.055310255418127
"ELF1","GRASP",0.0248473709229427,0.08,0.08,0.584859074898366
"ELF1","ENC1",0.0245841248842488,0.022,0.022,0.275440327992464
"ELF1","RELA",0.0242451310520308,0.026,0.026,0.437019534194355
"ELF1","HIC1",0.0232407062675051,0.012,0.012,0.164074578577096
"ELF1","MAFK",0.0226773416611746,0.052,0.052,0.00770336019639405
"ELF1","RUNX3",0.022386207273159,0.038,0.038,0.529742034061113
"ELF1","JUND",0.0195930290936656,0.022,0.022,0.740149447482255
"ELF1","SOCS3",0.0195556354519492,0.05,0.05,0.15059064153876
"ELF1","ELK4",0.0185397196237714,0.038,0.038,0.464535904438648
"ELF1","PLAG1",0.0185257969248454,0.026,0.026,0.0631227554746155
"ELF1","HOXC4",0.0181427902202913,0.026,0.026,2.65670448145023e-05
"ELF1","RORA",0.0179290360503983,0.032,0.032,0.363362948022369
"ELF1","ZNF382",0.0178065591631824,0.0322857142857143,0.0322857142857143,0.0266811941044061
"ELF1","EBF1",0.0175596172049824,0.042,0.042,0.517713462622928
"ELF1","GNB3",0.0170421073170962,0.0304691816120388,0.0304691816120388,0.0308954701072381
"ELF1","ZNF136",0.0170408549505603,0.018,0.018,0.39701841186801
"ELF1","DDIT3",0.0168782364838145,0.038,0.038,0.231105007885733
"ELF1","PPAP2B",0.0161449217960708,0.022,0.022,0.283526522515759
"ELF1","MEIS2",0.0149826431419421,0.0237742830712303,0.0237742830712303,0.0100133681908639
"ELF1","RGS1",0.0141488001544516,0.05,0.05,0.154117299814885
"ELF1","SATB1",0.0141352499317185,0.03,0.03,0.30759291413576
"ELF1","IFIT2",0.0129325422816726,0.05,0.05,0.217536115889913
"ELF1","ERF",0.0126734029310129,0.014,0.014,0.179306642209067
"ELF1","NR1H2",0.0121813153971705,0.032,0.032,0.464408679792914
"ELF1","POU5F1",0.0120187967299183,0.0426358089627604,0.0426358089627604,0.0529519516228727
"ELF1","SMAD3",0.0116474823247863,0.028,0.028,0.609747608770949
"ELF1","STAT4",0.0115021037458777,0.022,0.022,0.0753053891726806
"ELF1","KLF10",0.0109795524900105,0.042,0.042,0.197378559746244
"ELF1","ZNF740",0.0108409332227216,0.018,0.018,0.129260738739379
"ELF1","NR1H3",0.0103685289778448,0.0121624407338693,0.0121624407338693,-0.0941507847502215
"ELF1","POLD3",0.0106962274725877,0.052,0.052,-0.168197654655797
"ELF1","HOXB3",0.0108153252217157,0.0146168647425014,0.0146168647425014,-0.067400318031585
"ELF1","LIMA1",0.0111541474857632,0.022,0.022,-0.165366606525342
"ELF1","FNIP2",0.0115639649474584,0.016,0.016,-0.165676463780699
"ELF1","HLX",0.0118124330191746,0.0101628530199959,0.0101628530199959,-0.132227788473892
"ELF1","TEF",0.0118361972122642,0.024,0.024,-0.115520841022691
"ELF1","ANKRD13B",0.0126690743384822,0.0181414141414141,0.0181414141414141,-0.22830766288809
"ELF1","CAP1",0.0126692006293325,0.062,0.062,-0.095146664802072
"ELF1","TMEM173",0.0126770774216139,0.016,0.016,-0.277545771203316
"ELF1","NFYC",0.0128768195080586,0.022,0.022,-0.11760672793257
"ELF1","EHF",0.0133420596771646,0.00669218422027411,0.00669218422027411,-0.0677447384994664
"ELF1","CERS6",0.013967458258458,0.036,0.036,-0.0896718718224307
"ELF1","KISS1R",0.0147519138501407,0.0222222222222222,0.0222222222222222,-0.16340731517171
"ELF1","SMAD2",0.0151552430498366,0.028,0.028,-0.0843082478863665
"ELF1","NR1I2",0.016844391907962,0.0828343837535014,0.0828343837535014,-0.0861032929207038
"ELF1","KIF2C",0.0181897127588555,0.044,0.044,-0.320829215071094
"ELF1","SLC25A5",0.0186207784459689,0.058,0.058,-0.0813442595263959
"ELF1","MGST3",0.0195110656310564,0.046,0.046,-0.128236444350332
"ELF1","MEIS1",0.0224761730620736,0.0472162733785864,0.0472162733785864,-0.125831868131176
"ELF1","STEAP3",0.0233373723366926,0.0575335775335775,0.0575335775335775,-0.137735301752085
"ELF1","MT2A",0.0265434667067123,0.056,0.056,-0.157046434328242
"ELF1","KLF15",0.0281335479843081,0.0407849318445986,0.0407849318445986,-0.112818206361725
"ELF1","KIAA0125",0.0299868846887872,0.062,0.062,-0.325862193497801
"ELF1","LHX8",0.0301764935841598,0.0171774461028192,0.0171774461028192,-0.00895173385407541
"ELF1","LBX2",0.0307007775487537,0.0219063545150502,0.0219063545150502,-0.0390500777683763
"ELF1","MID1IP1",0.0367428826098607,0.036,0.036,-0.218942345934992
"ELF1","JDP2",0.0381924810205276,0.054,0.054,-0.0178486354222563
"ELF1","HESX1",0.038597323087317,0.0363161257712885,0.0363161257712885,-0.127471493546474
"ELF1","SREBF1",0.0410364298081751,0.05,0.05,-0.263351104286489
"ELF1","FADS1",0.0410540484403117,0.01,0.01,-0.331995921293697
"ELF1","ELK3",0.0430654243886875,0.088,0.088,-0.153540549285992
"ELF1","ZNF16",0.0439641455528283,0.018,0.018,-0.07560926286782
"ELF1","HSF2",0.0455493921011776,0.086,0.086,-0.00296955293527551
"ELF1","HMX2",0.0545906456778621,0.0672739541160594,0.0672739541160594,-0.104641651246073
"ELF1","TFCP2",0.0655469702307551,0.086,0.086,-0.0600464654487639
"ELF1","NHLH1",0.0833636374592746,0.0630712875630621,0.0630712875630621,-0.171477798589754
"ELF1","HSF4",0.0844017039057296,0.0638097685224561,0.0638097685224561,-0.151576898988613
"ELF1","MZF1",0.126684464569612,0.06,0.06,-0.207412653014285
"ELF1","RXRB",0.286630166150497,0.15,0.15,-0.16216638034358
"ELF2","PLAG1",0.175863164167379,0.086,0.086,0.184573526596175
"ELF2","SMAD4",0.0738380987916144,0.06,0.06,0.295779419287763
"ELF2","FOSL2",0.0728204771041075,0.074,0.074,0.274194532475529
"ELF2","NEUROD1",0.0628248115743529,0.0297622158348576,0.0297622158348576,0.0821314767288143
"ELF2","NR1D2",0.0568259534500242,0.07,0.07,0.453658086200878
"ELF2","ZNF354C",0.0551972698733161,0.082,0.082,0.15287730812016
"ELF2","ZNF384",0.0470823807330272,0.052,0.052,0.107002915010828
"ELF2","B3GNT7",0.0387250696876551,0.06,0.06,0.235491684883525
"ELF2","DLL1",0.0196220464117301,0.086,0.086,0.153902093624215
"ELF2","TFE3",0.0178672702684489,0.026,0.026,0.0863409143925604
"ELF2","NR4A2",0.016139423752002,0.07,0.07,0.461154414293457
"ELF2","ITGA8",0.0148213702697819,0.022,0.022,0.0269709592261906
"ELF2","MYCN",0.0123621251419366,0.0178776529338327,0.0178776529338327,0.124669363984364
"ELF2","RFX3",0.0107078168682472,0.028,0.028,0.10325725292926
"ELF2","MAFK",0.0102338351931743,0.022,0.022,-0.0174028256850874
"ELF2","ZNF528",0.0108742976687809,0.024,0.024,-0.0943693188255609
"ELF2","ZNF740",0.011619852860205,0.026,0.026,-0.0510414626795649
"ELF2","KIF4A",0.0151692900944107,0.036,0.036,-0.303115302076633
"ELF2","MEIS1",0.0169911728650834,0.059739998006799,0.059739998006799,-0.0909446375388907
"ELF2","TBP",0.0272206353076782,0.046,0.046,-0.188693654215506
"ELF2","ZNF682",0.0545693757636149,0.0521722007147243,0.0521722007147243,-0.123214296848983
"ELF3","ZNF423",0.497181439867674,0.22902103273071,0.22902103273071,0.105953652717075
"ELF3","ZBTB12",0.125171863108705,0.07,0.07,0.238237113252012
"ELF3","NKX6-3",0.0762458373659719,0.0308717602757661,0.0308717602757661,0.10738429940007
"ELF3","EMX2",0.0635587041447552,0.0281673679289388,0.0281673679289388,0.138090890112641
"ELF3","ZNF528",0.0567228118405335,0.05,0.05,0.11513188718288
"ELF3","NFATC4",0.0524468477934025,0.0276754945510998,0.0276754945510998,0.118976279125155
"ELF3","MZF1",0.0465594350521032,0.034,0.034,0.12827820134164
"ELF3","GMPR",0.0378280738138461,0.052,0.052,0.151153396227428
"ELF3","NR2F2",0.0376194867364638,0.0474908745329273,0.0474908745329273,0.0050510145123695
"ELF3","PBX1",0.0371885048469596,0.0214887640449438,0.0214887640449438,0.0264291973686554
"ELF3","FOXK1",0.036774220426281,0.052,0.052,0.0924984641945292
"ELF3","C4BPB",0.0263073088908965,0.012,0.012,0.029893971144353
"ELF3","OLIG3",0.0192897639618059,0.0127581612258494,0.0127581612258494,0.00791807741865131
"ELF3","NHLH1",0.0159220451796936,0.0183171748190393,0.0183171748190393,0.0153445855042838
"ELF3","HSF2",0.0153620026812713,0.024,0.024,0.0653351971451462
"ELF3","ETV4",0.0153489112811893,0.01,0.01,0.0383241237839376
"ELF3","GATA2",0.012636014448934,0.0354013946003933,0.0354013946003933,0.008006987097442
"ELF4","CASZ1",0.212770275663639,0.064,0.064,0.283486925977162
"ELF4","NFIC",0.151556312193731,0.08,0.08,0.291695038888203
"ELF4","THAP11",0.070785542611674,0.032,0.032,0.0940225583783458
"ELF4","PLD4",0.0594324804489862,0.058,0.058,0.297881464904775
"ELF4","ZNF16",0.0503457822668832,0.072,0.072,0.0986605898032586
"ELF4","ZBTB7A",0.0453113804513199,0.032,0.032,0.199176030948282
"ELF4","DDIT4",0.0427597049824488,0.018,0.018,0.207636398407189
"ELF4","SERBP1",0.0359912203505373,0.02,0.02,0.182870284977702
"ELF4","ETV3",0.034290907358419,0.038,0.038,0.230392531468173
"ELF4","PLEKHA1",0.0342093126048894,0.042,0.042,0.275229725506039
"ELF4","CFL1",0.0341063843798183,0.038,0.038,0.182656353839778
"ELF4","TPM3",0.0335624264007692,0.038,0.038,0.365486564583403
"ELF4","ZNF382",0.0297369548926346,0.0341224489795918,0.0341224489795918,0.114988360172173
"ELF4","NFKB1",0.0274489160296178,0.03,0.03,0.383388377198365
"ELF4","CAP1",0.026072018492688,0.044,0.044,0.142790671154579
"ELF4","MZT1",0.0244429549243103,0.022,0.022,0.0956460769284464
"ELF4","NFYA",0.0241211935244388,0.034,0.034,0.0570655119574576
"ELF4","ERF",0.0228172786603272,0.028,0.028,0.118256233530708
"ELF4","SMAD2",0.0225444419518651,0.026,0.026,0.0554754652139177
"ELF4","MAFK",0.0213334644962198,0.038,0.038,0.144779918050053
"ELF4","RGCC",0.0200615555680086,0.038,0.038,0.134042747210493
"ELF4","BZW2",0.0194414990449716,0.038,0.038,0.125699988991531
"ELF4","MTF1",0.0177994499874096,0.026,0.026,0.205936262549251
"ELF4","IFIT2",0.0171924852508285,0.028,0.028,0.246694034068632
"ELF4","KIF2A",0.0151114996244745,0.048,0.048,0.220824315783049
"ELF4","BACH2",0.0147208177895486,0.022,0.022,0.348827695327772
"ELF4","NQO1",0.0139745047891254,0.028,0.028,0.0856775352283257
"ELF4","TESC",0.0136453403267359,0.014,0.014,0.143182362879697
"ELF4","ZNF354C",0.0128935800225352,0.026,0.026,0.184335473239082
"ELF4","TBP",0.0117344295170178,0.014,0.014,0.0837877502527947
"ELF4","CD72",0.0111216957871212,0.036,0.036,0.236651972793534
"ELF4","BCAS1",0.010912122957969,0.024,0.024,0.180333458608985
"ELF4","LAG3",0.0102661239158996,0.022,0.022,-0.0863992113517848
"ELF4","G0S2",0.0110953823571846,0.02,0.02,-0.07102299512414
"ELF4","F2R",0.0119932123410021,0.06,0.06,-0.103657728798156
"ELF4","HFE",0.0200834933000481,0.0322020202020202,0.0322020202020202,-0.0269981051941563
"ELF4","TIMD4",0.0212623025634887,0.044,0.044,-0.0300566159120665
"ELF4","GFI1",0.0683813894583382,0.0542844774273346,0.0542844774273346,-0.135185267289514
"ELF4","USF1",0.102725756959438,0.05,0.05,-0.0517109776551855
"ELF5","ZNF423",0.147710352721817,0.0938833746898263,0.0938833746898263,0.0223813425530832
"ELF5","PROX1",0.120667561109449,0.0455541237113402,0.0455541237113402,0.112704670346367
"ELF5","RFX3",0.117353187837519,0.024,0.024,0.215546893175476
"ELF5","MPP7",0.044582022966079,0.008,0.008,0.251145955707449
"ELF5","HES2",0.0107469280043727,0.00918192918192918,0.00918192918192918,-0.000922060205443717
"ELK1","NFYA",0.0824566233616238,0.066,0.066,0.157385563894088
"ELK1","ATF1",0.0605715952497814,0.058,0.058,0.215627223820423
"ELK1","ZNF384",0.0409140025739947,0.036,0.036,0.129008233555315
"ELK1","LAPTM4B",0.0386635715737899,0.044,0.044,0.277320120761181
"ELK1","MTF1",0.0373300861282137,0.044,0.044,0.189218574679098
"ELK1","TMEM99",0.0305165432287374,0.026,0.026,0.272944463469042
"ELK1","SNRPE",0.0294422829445738,0.052,0.052,0.422880793594537
"ELK1","C1QBP",0.0274732520383043,0.034,0.034,0.442794479863819
"ELK1","SNRPG",0.0225653090490248,0.046,0.046,0.386853751983554
"ELK1","GRPEL1",0.0208692840199781,0.076,0.076,0.391351896728599
"ELK1","GPX1",0.0194116494980889,0.022,0.022,0.372652388485561
"ELK1","E2F4",0.0181246890692007,0.024,0.024,0.250559294325938
"ELK1","PPID",0.0174784476162028,0.048,0.048,0.351413509709555
"ELK1","PRDX3",0.0148417244244628,0.032,0.032,0.390616103109015
"ELK1","NR1H3",0.014609591261729,0.0202036693465265,0.0202036693465265,0.0540403356507946
"ELK1","WARS",0.0136789720685086,0.024,0.024,0.134329313494806
"ELK1","POU5F1",0.01158264940001,0.0302040816326531,0.0302040816326531,0.0519545086750058
"ELK1","SSBP1",0.0113003116351942,0.018,0.018,0.371364435478644
"ELK1","HSP90AA1",0.0109232705152958,0.024,0.024,0.423657949802103
"ELK1","GMEB1",0.0116681866913137,0.014,0.014,-0.0250800497321424
"ELK1","POU2F2",0.0175484837284889,0.054,0.054,-0.185513207671183
"ELK3","ZBTB6",0.406682705310392,0.194,0.194,0.409258630512815
"ELK3","THAP11",0.200850578430438,0.118,0.118,0.231605012019664
"ELK3","ZNF740",0.184616172390062,0.096,0.096,0.22833880169477
"ELK3","CREM",0.166937836467942,0.09,0.09,0.231971294487711
"ELK3","SSBP1",0.124427831815504,0.088,0.088,0.243755162999198
"ELK3","ARID3B",0.10644718036017,0.082,0.082,0.187882494560191
"ELK3","HLTF",0.104867288558215,0.034,0.034,0.175653571457399
"ELK3","NFYA",0.083415782229941,0.062,0.062,0.215782714156455
"ELK3","SNRPG",0.0587728071748141,0.074,0.074,0.166114231782385
"ELK3","SLC16A3",0.053954447152954,0.03,0.03,0.249799947303569
"ELK3","CARD17",0.0531693267221798,0.0523130782695674,0.0523130782695674,0.222359574415335
"ELK3","ZKSCAN1",0.0523350605770584,0.054,0.054,0.423201671263742
"ELK3","HOXC4",0.0517475063124029,0.03,0.03,0.217755363101494
"ELK3","CREB3L2",0.0493954853257998,0.09,0.09,0.551132350079253
"ELK3","PRDX3",0.0490587964880081,0.038,0.038,0.160270192201742
"ELK3","FOXO1",0.0476583335694613,0.07,0.07,0.133994287939153
"ELK3","TBP",0.0474515176031936,0.058,0.058,0.0484625369718514
"ELK3","NME1",0.0455153137504395,0.072,0.072,0.162928011533728
"ELK3","ZSCAN29",0.0400592459141943,0.018,0.018,0.232326283906882
"ELK3","PAPD5",0.0287129891897824,0.036,0.036,0.119861675705412
"ELK3","CCT7",0.0282064631369777,0.066,0.066,0.0737977744600881
"ELK3","DBP",0.0276323997653766,0.016,0.016,0.120703024929093
"ELK3","GRPEL1",0.0241053842864231,0.08,0.08,0.0193733053209265
"ELK3","GPX1",0.0219173824244414,0.034,0.034,0.0763997951648376
"ELK3","SNRPE",0.0218081655257625,0.03,0.03,0.0747099128397133
"ELK3","LAPTM4B",0.0197007754166497,0.006,0.006,0.0672168979172818
"ELK3","TFCP2",0.0172910252222398,0.036,0.036,0.139297439295254
"ELK3","THAP1",0.0156879720125303,0.028,0.028,0.0936410314750577
"ELK3","GTSF1",0.0109842700802471,0.012,0.012,0.0887647220739182
"ELK3","NCL",0.0107990778038507,0.032,0.032,0.0571112332967522
"ELK3","RGS1",0.0105304352127889,0.024,0.024,0.371980904017828
"ELK3","HMBOX1",0.0101531542991194,0.012,0.012,0.0113038995993353
"ELK3","CKS2",0.0101951547125876,0.058,0.058,-0.00609834907427357
"ELK3","CCT5",0.0129434214305227,0.07,0.07,-0.00759498318505669
"ELK3","TMEM173",0.0145375521771203,0.052,0.052,-0.108586414644255
"ELK3","ANK3",0.0385398061272643,0.07,0.07,-0.270312857986158
"ELK3","DDIT3",0.116548715037238,0.046,0.046,-0.266274266946703
"ELK4","IRF9",0.124290734606419,0.086,0.086,0.0674360821630989
"ELK4","PLD4",0.0838426451529953,0.066,0.066,0.316316431221024
"ELK4","C20orf195",0.0618487526013061,0.042,0.042,0.224022392365607
"ELK4","THAP1",0.0426382887727505,0.072,0.072,0.0800959553880713
"ELK4","EGR1",0.0418371235459691,0.052,0.052,0.310702548415337
"ELK4","ETV3",0.0349973127061168,0.058,0.058,0.31250192533861
"ELK4","ZNF384",0.0344184056854256,0.038,0.038,0.109580788496329
"ELK4","ATF1",0.0273587782587171,0.048,0.048,0.00167115997490464
"ELK4","ZNF274",0.0214261789144267,0.02,0.02,0.133652474501928
"ELK4","ITGA8",0.0200905306525242,0.034,0.034,0.0130735840438514
"ELK4","SP1",0.0185260742534597,0.028,0.028,0.0455668282466268
"ELK4","KIF2A",0.0155267319797493,0.054,0.054,0.191147084280259
"ELK4","BCAS4",0.015246256409186,0.036,0.036,0.220761918299633
"ELK4","YY1",0.0142770816893087,0.032,0.032,0.425506049759498
"ELK4","ZNF528",0.0135145118434257,0.032,0.032,0.0710464349756006
"ELK4","RFX5",0.0131728061705896,0.034,0.034,0.0865704545661272
"ELK4","ZC3H12A",0.0123847577922293,0.054,0.054,0.433468938732708
"ELK4","NEUROD1",0.0113271903513451,0.0363470081003397,0.0363470081003397,0.0658239470920055
"ELK4","SERPINB1",0.0112338839275645,0.034,0.034,0.188970869606454
"ELK4","TRIM22",0.0109503791581916,0.016,0.016,0.311529190419003
"ELK4","NR1D2",0.0103461761816324,0.034,0.034,0.369751580133316
"ELK4","EGR3",0.0100766118672443,0.012,0.012,0.12018221105799
"ELK4","RXRB",0.0101565447349132,0.02,0.02,-0.0291009402936569
"ELK4","RPL22L1",0.0102529728838669,0.042,0.042,-0.146483081485399
"ELK4","ARL13B",0.0111211869137328,0.036,0.036,-0.00274091542581967
"ELK4","POU2F2",0.0122414221832988,0.03,0.03,-0.28939075682314
"ELK4","MT2A",0.0125996095005126,0.04,0.04,-0.067917503955758
"ELK4","MEIS1",0.0147444645749927,0.0123093447905478,0.0123093447905478,-0.127209907464833
"ELK4","ZNF341",0.022768316170877,0.026,0.026,-0.209302911734233
"ELK4","ZNF16",0.027100158779119,0.04,0.04,-0.0596069126936577
"ELK4","GMEB1",0.0329593224177659,0.034,0.034,-0.100411929455926
"ELK4","PLAG1",0.0340347467484862,0.056,0.056,-0.040724334304684
"ELK4","LHX8",0.0379948786551681,0.071028192371476,0.071028192371476,-0.0810405634313258
"ELK4","HSF4",0.0508047649130199,0.0575465170933475,0.0575465170933475,-0.160566918656776
"EMX1","VRK2",0.0594986358411487,0.05,0.05,0.23470032140033
"EMX1","HOXA4",0.0409386527245901,0.0418818403415876,0.0418818403415876,0.0524217056406091
"EMX1","STK38L",0.0266654788113439,0.036,0.036,0.269056877068409
"EMX1","TMEM99",0.0178068118921504,0.024,0.024,0.137103681941515
"EMX2","SHOX2",0.144009541957207,0.0778474399164054,0.0778474399164054,0.138204921829865
"EMX2","NKX6-3",0.0800523367185696,0.0353634342642647,0.0353634342642647,0.1180943560215
"EMX2","RORB",0.0406658481863379,0.0349671153003232,0.0349671153003232,0.0402286862532763
"EMX2","TBR1",0.0359139247963996,0.023030303030303,0.023030303030303,0.0679551004669451
"EMX2","REST",0.0271794006669554,0.032,0.032,0.101570441518406
"EMX2","IL1RN",0.0112463738862369,0.04,0.04,0.101083042925046
"EMX2","HTR3A",0.0103124033656814,0.024,0.024,-0.109223611307982
"EMX2","FOXN3",0.020205449773035,0.03,0.03,-0.161814931861918
"EOMES","GMEB2",0.119028276338201,0.11,0.11,0.259007265744324
"EOMES","SH2D2A",0.066812009586334,0.098,0.098,0.190953681315199
"EOMES","HOXC8",0.0576941727276568,0.0216867469879518,0.0216867469879518,0.117334306297324
"EOMES","PAX6",0.0517280160059209,0.0320114423366456,0.0320114423366456,0.00962124655612781
"EOMES","CD96",0.0132688038945087,0.03,0.03,0.139454505306389
"EOMES","DPP4",0.0107977212777804,0.00659501709819248,0.00659501709819248,0.0528932059883248
"EOMES","HOXB6",0.0114829670258176,0.00555662743584797,0.00555662743584797,-0.0108541955213837
"ERF","TBP",0.0555602128208587,0.09,0.09,0.124730632731797
"ERF","CREM",0.0381680466641924,0.054,0.054,0.216580393012226
"ERF","HMBOX1",0.0380532653393917,0.038,0.038,0.0896058243078464
"ERF","NR1H3",0.0247869417625631,0.0285120976225542,0.0285120976225542,0.0242989424843391
"ERF","TFE3",0.0157897475839537,0.018,0.018,0.109761271561203
"ERF","HLTF",0.0155830360477668,0.03,0.03,0.0226804337589448
"ERF","TMEM99",0.0129368747430612,0.016,0.016,0.0561143418895781
"ESR1","ARX",0.406774710201587,0.178313008130081,0.178313008130081,0.263639976502418
"ESR1","ZKSCAN5",0.113445652901172,0.062,0.062,0.164367489287649
"ESR1","BHLHA15",0.108842560584805,0.0562377723435663,0.0562377723435663,0.0946285378246094
"ESR1","ETV2",0.0419309371139132,0.0342561647974019,0.0342561647974019,0.0819243653070189
"ESR1","ZNF684",0.036606561000265,0.038,0.038,0.0351020611594777
"ESR1","TBX6",0.0334366852452595,0.0271551175911178,0.0271551175911178,0.0842382547638292
"ESR1","NRL",0.0276331793414445,0.0150339022679448,0.0150339022679448,0.0810850892926607
"ESR1","ZNF382",0.0263132138781793,0.0241224489795918,0.0241224489795918,0.0746409024602001
"ESR1","ZNF143",0.0237656927158263,0.03,0.03,0.08930433416999
"ESR1","C10orf10",0.0203959220955716,0.04,0.04,0.189145767508503
"ESR1","SCNN1B",0.0193196610222511,0.03,0.03,0.171539223356747
"ESR1","PKNOX1",0.0135589286624817,0.028,0.028,0.0509890122789712
"ESR1","BHLHE41",0.0118448034669771,0.024,0.024,0.226965286253733
"ESR1","NR2F6",0.0141156169070176,0.026,0.026,-0.0654910529632747
"ESR1","HEY1",0.021574240889091,0.0176877470355731,0.0176877470355731,-0.0334563121521634
"ESR1","NGFRAP1",0.0376926867353097,0.064,0.064,-0.13771596294034
"ESR2","SOX15",0.110626228692701,0.0302325581395349,0.0302325581395349,0.0870697045044864
"ESR2","MAF",0.100573467886286,0.084,0.084,0.132619848442972
"ESR2","ZSCAN29",0.0928267456031235,0.08,0.08,0.1853289445388
"ESR2","GNB3",0.0725108674617143,0.0667111935683364,0.0667111935683364,0.0998691149959488
"ESR2","COL7A1",0.0556001395361772,0.05,0.05,0.135134120797261
"ESR2","LAG3",0.048760238651657,0.024,0.024,0.121853060981944
"ESR2","ZNF528",0.0418450044223948,0.018,0.018,0.0156667097676532
"ESR2","MEIS2",0.0409078521869576,0.0322386679000925,0.0322386679000925,0.0673216151531424
"ESR2","SOX12",0.0333986689666514,0.028,0.028,0.097479740757188
"ESR2","NFATC1",0.0298619867679831,0.058,0.058,0.0926420873471397
"ESR2","BCL6",0.0265809115252264,0.04,0.04,0.178850608545819
"ESR2","STAT4",0.0262176996528305,0.04,0.04,0.112936531047536
"ESR2","NHLH1",0.0259778410487841,0.0305066900636104,0.0305066900636104,0.0139393706278973
"ESR2","TCF7L1",0.0247533416113825,0.044,0.044,0.0668178186943813
"ESR2","CXCL16",0.0227588687711829,0.05,0.05,0.235191207780556
"ESR2","H1F0",0.0221172123390377,0.046,0.046,0.126688205118353
"ESR2","KLF13",0.0200026818123441,0.034,0.034,0.186249632124481
"ESR2","B3GNT7",0.0153011842414781,0.034,0.034,0.10164677451822
"ESR2","RARG",0.0152394307004278,0.028,0.028,0.137934595240955
"ESR2","TEAD3",0.0139509760014415,0.0122036693465265,0.0122036693465265,0.0614797270253961
"ESR2","C1orf162",0.0134492598295221,0.034,0.034,0.107486579382666
"ESR2","IGLL5",0.0120664249649543,0.07,0.07,0.261519988682039
"ESR2","HGF",0.0103802483557772,0.026,0.026,0.0430655668952542
"ESR2","NR2F6",0.0117304327249412,0.0220618556701031,0.0220618556701031,-0.0979300998706326
"ESR2","KLHL21",0.036525761290085,0.056,0.056,-0.00255922984506888
"ESR2","ZNF282",0.0566813106203993,0.068,0.068,-1.11086759959827e-06
"ESRRA","COL7A1",0.177215797944718,0.122,0.122,0.0939183638678688
"ESRRA","NEUROD1",0.0922679837375519,0.141912725372354,0.141912725372354,0.108540795789236
"ESRRA","CREB3L4",0.0647462534878638,0.024,0.024,0.0257467162533534
"ESRRA","TMEM99",0.0602964164371202,0.044,0.044,0.253273017876931
"ESRRA","PLAGL1",0.0572625856171817,0.076,0.076,0.15396944966912
"ESRRA","ZNF384",0.0418100812372703,0.036,0.036,0.110377651199048
"ESRRA","TBR1",0.0404524128488442,0.0952607808857809,0.0952607808857809,0.0451662725751144
"ESRRA","ZNF282",0.0403440823724361,0.034,0.034,0.120566831752511
"ESRRA","ESR2",0.0378885993800251,0.044,0.044,0.0484270544232892
"ESRRA","SMAD5",0.0352516386777631,0.052,0.052,0.132509962874788
"ESRRA","ZNF274",0.0315828217072806,0.044,0.044,0.0853700054615032
"ESRRA","FOXK2",0.0311054307826159,0.044,0.044,0.087797679819155
"ESRRA","GATM",0.025785211707983,0.024,0.024,0.22030332434981
"ESRRA","EIF5A",0.0254595996624955,0.052,0.052,0.257604226419018
"ESRRA","PSPH",0.024427462280612,0.034,0.034,0.171843755529848
"ESRRA","MITF",0.0230758276804899,0.0212121212121212,0.0212121212121212,0.057567470427076
"ESRRA","NFYC",0.0229515694185687,0.028,0.028,0.155835190334233
"ESRRA","COL1A2",0.0175742111149836,0.03,0.03,0.0779223927070925
"ESRRA","TMOD2",0.0161783625211748,0.042,0.042,0.150748544057599
"ESRRA","DLX2",0.0140389949313147,0.0142857142857143,0.0142857142857143,0.0140084933023573
"ESRRA","E2F3",0.0132549521007541,0.042,0.042,0.187696942634478
"ESRRA","CDKN1A",0.0131338656927959,0.022,0.022,0.201344112996859
"ESRRA","NR1D1",0.0120822004569332,0.0140808080808081,0.0140808080808081,0.0876683267384329
"ESRRA","FAM101B",0.0119123539229386,0.02,0.02,0.0726131913574112
"ESRRA","TBX6",0.0114083948592338,0.0584339465224418,0.0584339465224418,0.0289549262227907
"ESRRA","NOP16",0.0103797644123139,0.054,0.054,0.221937726123403
"ESRRA","GFI1",0.0175378315501171,0.0141224489795918,0.0141224489795918,-0.00260292219057794
"ETS1","ZNF135",0.3679784753527,0.0987542355616745,0.0987542355616745,0.273704903182685
"ETS1","DNAJA1",0.276419736254553,0.074,0.074,0.629153953959038
"ETS1","IL2RB",0.245719283912711,0.088,0.088,0.722093137701687
"ETS1","CD40",0.244390133178142,0.106,0.106,0.455264713717676
"ETS1","PPID",0.224208256092552,0.052,0.052,0.583939764465585
"ETS1","STK38L",0.204220353240335,0.108,0.108,0.519912764462196
"ETS1","E2F4",0.164869851293958,0.04,0.04,0.439985249473008
"ETS1","FOXO1",0.157025073034433,0.068,0.068,0.206685983891406
"ETS1","CAP1",0.153321204413429,0.056,0.056,0.677744294701538
"ETS1","KIF5C",0.143714624580958,0.03,0.03,0.437270643934319
"ETS1","CFL1",0.139055460363834,0.096,0.096,0.727021100935405
"ETS1","KLHL23",0.137844980190182,0.038,0.038,0.485860174408578
"ETS1","TPM4",0.134814623272182,0.118,0.118,0.704974183572867
"ETS1","MID1IP1",0.124160118546371,0.04,0.04,0.44230900631785
"ETS1","LACTB",0.116612975186016,0.098,0.098,0.464511445569184
"ETS1","GLO1",0.116036258316293,0.04,0.04,0.656096884561766
"ETS1","THAP11",0.115071761747672,0.03,0.03,0.273707374559607
"ETS1","SSBP1",0.110313145198019,0.062,0.062,0.625276571726535
"ETS1","TFCP2",0.108422378679714,0.042,0.042,0.299167573020486
"ETS1","CCT7",0.107456162149419,0.086,0.086,0.640157697549505
"ETS1","ODC1",0.10735646523776,0.02,0.02,0.515524376205983
"ETS1","SSRP1",0.106207710290135,0.068,0.068,0.634219640627926
"ETS1","TRAF1",0.102290260804217,0.064,0.064,0.44826366950255
"ETS1","TBP",0.0966983698156738,0.032,0.032,0.296656544054905
"ETS1","ZNF528",0.0949654216460232,0.078,0.078,0.140689242808651
"ETS1","SNRPE",0.0915531026898711,0.024,0.024,0.596633978659055
"ETS1","CCND3",0.0882434892278655,0.054,0.054,0.685419606530726
"ETS1","ZNF740",0.0880395303535683,0.052,0.052,0.0445468016386841
"ETS1","DPYSL2",0.0816949141826811,0.048,0.048,0.549601085474798
"ETS1","NCL",0.0768411843606716,0.022,0.022,0.587880801940955
"ETS1","STAT5B",0.0719240632956396,0.072,0.072,0.379630115802722
"ETS1","PLAGL1",0.0694853751570314,0.054,0.054,0.179999182463037
"ETS1","NPM3",0.0694011670898188,0.054,0.054,0.604436074501139
"ETS1","TUBB3",0.0686463221681589,0.05,0.05,0.439771484547891
"ETS1","SNRPG",0.0645507641998897,0.036,0.036,0.587782297800282
"ETS1","FOXH1",0.0633054087125789,0.071957671957672,0.071957671957672,0.102534633047094
"ETS1","PRDX3",0.0605360021415415,0.028,0.028,0.587099280742032
"ETS1","SEPW1",0.057704232593292,0.034,0.034,0.579728943416518
"ETS1","CCT5",0.0576095636358885,0.028,0.028,0.654395453587434
"ETS1","PPIA",0.0542064401239895,0.034,0.034,0.641822999056633
"ETS1","PAPD5",0.0488457805111875,0.044,0.044,0.44615627908062
"ETS1","PRR19",0.0487807273598699,0.0233743313269115,0.0233743313269115,0.251565042556262
"ETS1","MLX",0.0477210182556199,0.054,0.054,0.413481333917231
"ETS1","GMEB1",0.046493687757067,0.05,0.05,0.120026796448482
"ETS1","GPX1",0.0428102164280013,0.022,0.022,0.551061904958706
"ETS1","TMEM173",0.0415229215184556,0.03,0.03,0.366951156495789
"ETS1","WDR65",0.0341165579802147,0.03,0.03,0.328318982034224
"ETS1","NR1D1",0.0293966173106128,0.0325112985525357,0.0325112985525357,0.0939832031082078
"ETS1","ARID3B",0.0292759039343017,0.018,0.018,0.396174894945091
"ETS1","G0S2",0.0270249452893704,0.062,0.062,0.219176822337416
"ETS1","HMGCS1",0.025799709064532,0.042,0.042,0.505460181925047
"ETS1","SP2",0.0251208496291597,0.034,0.034,0.176603677217296
"ETS1","TFE3",0.0245721850494647,0.022,0.022,0.180322511902412
"ETS1","TUBB4B",0.0228870273001693,0.072,0.072,0.567151344270663
"ETS1","NR1H3",0.0219147293491745,0.0141426509997939,0.0141426509997939,0.0346301437611302
"ETS1","DDX21",0.0208437804806305,0.02,0.02,0.597058387223149
"ETS1","ZBTB6",0.0207814819712138,0.032,0.032,0.050701576392677
"ETS1","POU2F2",0.0198015471666809,0.042,0.042,0.010739393865215
"ETS1","BCAS1",0.0166359819610707,0.01,0.01,0.316428295832322
"ETS1","LAPTM4B",0.0132936639190915,0.01,0.01,0.286080665996156
"ETS1","CLOCK",0.0120404299192766,0.022,0.022,0.0829756498208643
"ETS1","MYBL1",0.0106414087736272,0.05025,0.05025,0.125591760809571
"ETS1","ZNF341",0.0105762939134041,0.02,0.02,-0.0482774647622041
"ETS1","PRDM15",0.023483555335708,0.024,0.024,-0.375368378376767
"ETS1","USF1",0.0253063313919464,0.024,0.024,-0.213569909536229
"ETS1","DBP",0.0351006360245066,0.024,0.024,-0.158241855411815
"ETS1","LHX8",0.0384683746997245,0.077218754711292,0.077218754711292,-0.0674647587114854
"ETS1","ZSCAN29",0.0451824346649734,0.064,0.064,-0.126938551932612
"ETS1","HMBOX1",0.0686624930487491,0.06,0.06,-0.0772785429949644
"ETS2","ZNF354C",0.0963560606583141,0.06,0.06,0.300367211481058
"ETS2","CREM",0.0376859014309836,0.032,0.032,0.210752320229894
"ETS2","THAP1",0.0276239185329118,0.042,0.042,0.176174024107683
"ETS2","PLAGL1",0.0233599091958808,0.014,0.014,0.185663944947723
"ETV1","ZNF528",0.227233004979366,0.062,0.062,0.186479321528877
"ETV1","FOXC1",0.22426089193932,0.0864235639516538,0.0864235639516538,0.211129276065887
"ETV1","POU2F3",0.131328244323129,0.0794192763757981,0.0794192763757981,0.0968343334221791
"ETV1","AR",0.127830949149999,0.182075818917924,0.182075818917924,0.052986698001964
"ETV1","MGST1",0.0335146967628262,0.0133105783105783,0.0133105783105783,0.14812159356821
"ETV1","FOXH1",0.0276231457529492,0.0291005291005291,0.0291005291005291,0.0255615397086359
"ETV1","NR1I2",0.0274390828654686,0.0185651154401154,0.0185651154401154,0.0338949600395792
"ETV1","DPP4",0.0218697420442867,0.00860314523589269,0.00860314523589269,0.126120027789967
"ETV1","TGIF2",0.0191501453639967,0.036,0.036,0.0796187230723126
"ETV1","MEIS2",0.018974951836706,0.0127235584335492,0.0127235584335492,0.0378901212720829
"ETV1","BHLHE22",0.0189503801207445,0.0175031555411302,0.0175031555411302,0.0408902371327397
"ETV1","NR1H3",0.0178567483472281,0.0122251337273429,0.0122251337273429,0.0528779959381698
"ETV1","HOXC4",0.0102750654594576,0.004,0.004,0.0788979672113201
"ETV1","LAG3",0.0100772888068082,0.006,0.006,0.0555873442973878
"ETV2","ITGA8",0.0846577152121613,0.058,0.058,0.0845642789114531
"ETV2","NR1I2",0.0698311239746105,0.120361705288176,0.120361705288176,0.0599760637839135
"ETV2","G0S2",0.0170649179648156,0.032,0.032,0.0822971656495629
"ETV2","MLXIPL",0.0145945804417016,0.0165158371040724,0.0165158371040724,0.026543731764686
"ETV2","TEAD3",0.0129948966876775,0.0103316326530612,0.0103316326530612,0.0524062735489625
"ETV2","ZSCAN29",0.0161493414479149,0.032,0.032,-0.0751046288978726
"ETV3","POU5F1B",0.181757421879324,0.0607380424453595,0.0607380424453595,0.0613168092440274
"ETV3","HOXD3",0.0496693309017059,0.0371690677584987,0.0371690677584987,0.0563294433375086
"ETV3","NFYA",0.039483365096298,0.04,0.04,0.00717683628138122
"ETV3","THAP11",0.0335053056537723,0.04,0.04,0.0675103816945816
"ETV3","ZNF24",0.0246124320436107,0.038,0.038,0.250402856120603
"ETV3","DNAJA1",0.0215139067952368,0.038,0.038,0.0856517059392426
"ETV3","SP2",0.0207371846140837,0.036,0.036,0.228574474533705
"ETV3","ELK4",0.0200596653467436,0.044,0.044,0.31250192533861
"ETV3","NPM1",0.0122511800356438,0.022,0.022,0.0651512029197781
"ETV3","HLX",0.0101798635916795,0.0162440733869305,0.0162440733869305,-0.11498928156657
"ETV3","ZBTB6",0.0103757067649282,0.03,0.03,-0.106115703544374
"ETV3","LAPTM4B",0.0110654736008073,0.036,0.036,-0.0751195180719717
"ETV3","POU5F1",0.016634433595135,0.0484515043130654,0.0484515043130654,-0.0690234283867672
"ETV3","NR1H3",0.0177592884174613,0.0325924806661184,0.0325924806661184,-0.0135583303642013
"ETV3","ZNF682",0.0193604789018455,0.022772488860389,0.022772488860389,-0.0522174650629308
"ETV3","POU2F2",0.0242327918136507,0.052,0.052,-0.315913143963145
"ETV3","ZSCAN29",0.0269970286550624,0.05,0.05,-0.0330956307848436
"ETV4","MT1G",0.678878690445744,0.116,0.116,0.448742445331687
"ETV4","FKBP4",0.676647987134612,0.1,0.1,0.586678047685939
"ETV4","LYAR",0.676540503306992,0.092,0.092,0.609667920636158
"ETV4","CD3EAP",0.655713979987012,0.096,0.096,0.520359938417778
"ETV4","MCM10",0.634384479812022,0.088,0.088,0.542559951017363
"ETV4","NOP16",0.623239508658539,0.082,0.082,0.537662274311818
"ETV4","HRAS",0.60963451558895,0.082,0.082,0.502191994574371
"ETV4","DCTPP1",0.547050592974823,0.064,0.064,0.571214479423045
"ETV4","NPM3",0.539455613643898,0.076,0.076,0.598644067628745
"ETV4","STIP1",0.531886947575873,0.062,0.062,0.551879343590318
"ETV4","PBK",0.518989666178613,0.068,0.068,0.574915593588719
"ETV4","BZW2",0.514821933084763,0.058,0.058,0.566129432525089
"ETV4","SLC25A5",0.512320968110964,0.074,0.074,0.531817743218772
"ETV4","TUBB",0.505535139335044,0.066,0.066,0.560991709358586
"ETV4","TUBB6",0.502711153321887,0.06,0.06,0.521092819262451
"ETV4","UBE2S",0.501385632651654,0.064,0.064,0.56862223662579
"ETV4","FAH",0.494054249108039,0.074,0.074,0.366142928488951
"ETV4","C12orf75",0.490686403219145,0.058,0.058,0.541600034526715
"ETV4","WDR43",0.487078535543009,0.07,0.07,0.510431676748144
"ETV4","FABP5",0.458454489422939,0.054,0.054,0.569583323882998
"ETV4","KPNB1",0.445261081630654,0.06,0.06,0.534387246977037
"ETV4","CDK1",0.432660419918275,0.052,0.052,0.52554521458255
"ETV4","PPIF",0.431714020905686,0.056,0.056,0.547825719350983
"ETV4","CKS2",0.427554864072512,0.048,0.048,0.528378868451292
"ETV4","GTSF1",0.427523119667153,0.058,0.058,0.419467449015405
"ETV4","UNG",0.423979948203017,0.052,0.052,0.523406158899255
"ETV4","NDC80",0.420335642519809,0.06,0.06,0.442124695470491
"ETV4","SLC43A3",0.415194525142844,0.05,0.05,0.620410919648834
"ETV4","PPP2R3C",0.407676620587727,0.048,0.048,0.436413548549251
"ETV4","MLX",0.402541381571276,0.054,0.054,0.453687898010721
"ETV4","CDC20",0.40043876696082,0.05,0.05,0.480708275505652
"ETV4","PAPD5",0.389501191952427,0.054,0.054,0.429269641765969
"ETV4","SERBP1",0.386184926128538,0.048,0.048,0.521023517059716
"ETV4","HN1",0.374216011784844,0.04,0.04,0.558155096374794
"ETV4","PA2G4",0.371629386574077,0.042,0.042,0.577336939720344
"ETV4","EHD3",0.359386117042603,0.058,0.058,0.51360669144506
"ETV4","FDXR",0.35000005322398,0.054,0.054,0.381576162752237
"ETV4","FUT7",0.348168613380622,0.086,0.086,0.527077503741778
"ETV4","ARID3B",0.344438536831037,0.048,0.048,0.350472539579468
"ETV4","ARNTL2",0.342417255498439,0.038,0.038,0.51377828941022
"ETV4","CCL3",0.341620625638625,0.056,0.056,0.34037697233723
"ETV4","HSPA1A",0.336753098601785,0.054,0.054,0.345556024971897
"ETV4","TESC",0.332896017550428,0.04,0.04,0.475465078708875
"ETV4","TUBB4B",0.329959005629421,0.05,0.05,0.531240214382448
"ETV4","ZWILCH",0.316823368243114,0.056,0.056,0.584556425656039
"ETV4","GLO1",0.315297852547791,0.04,0.04,0.543003200223544
"ETV4","IL32",0.3075796767491,0.068,0.068,0.332430516281659
"ETV4","BNIP3",0.293539092891096,0.04,0.04,0.426363005861274
"ETV4","KLHL21",0.292997893361796,0.05,0.05,0.279746529641393
"ETV4","RANBP1",0.29295339913984,0.058,0.058,0.584588526526412
"ETV4","NME1",0.292771374479182,0.034,0.034,0.567700335097454
"ETV4","NOLC1",0.29089267615912,0.034,0.034,0.514412898208939
"ETV4","HSP90AB1",0.287823340481718,0.04,0.04,0.52769247748378
"ETV4","BUB1B",0.286425282271896,0.032,0.032,0.535801876843116
"ETV4","CCND2",0.273900029388613,0.05,0.05,0.512735357965857
"ETV4","ENO1",0.272236876592638,0.03,0.03,0.580087895378976
"ETV4","TMEM97",0.261902933296032,0.044,0.044,0.576583920059038
"ETV4","E2F4",0.261627589765747,0.038,0.038,0.331928442923213
"ETV4","ARL13B",0.260111115961294,0.038,0.038,0.378004035890307
"ETV4","HSP90AA1",0.258714158053597,0.04,0.04,0.574140205531806
"ETV4","SLC41A1",0.255189319476893,0.032,0.032,0.430916829618113
"ETV4","PGK1",0.253903941246017,0.048,0.048,0.547483901243607
"ETV4","CCNE1",0.25257549588294,0.04,0.04,0.53396496862825
"ETV4","DHCR24",0.248491452118109,0.052,0.052,0.577860933303574
"ETV4","HMGA1",0.24574028901759,0.034,0.034,0.559759443597689
"ETV4","CMTM3",0.242974690046038,0.03,0.03,0.433503305723289
"ETV4","DOK1",0.24284908826157,0.04,0.04,0.369045730065798
"ETV4","GPX1",0.240398638559235,0.032,0.032,0.456522077623565
"ETV4","SOX2",0.234200250963124,0.032,0.032,0.348108731436079
"ETV4","SSBP1",0.231893926448666,0.028,0.028,0.489737578781094
"ETV4","STEAP3",0.231671638636543,0.0975579975579976,0.0975579975579976,0.337135142272227
"ETV4","ZWINT",0.22598383650887,0.036,0.036,0.567885174561796
"ETV4","TPRG1",0.2158308884858,0.048,0.048,0.456985637267315
"ETV4","TMEM99",0.204542859899724,0.044,0.044,0.302909482801177
"ETV4","DDX21",0.197926409199102,0.084,0.084,0.465878030183994
"ETV4","SOCS2",0.19603397385952,0.028,0.028,0.328918048211985
"ETV4","XRCC5",0.192810249593421,0.036,0.036,0.515629806852411
"ETV4","LDHA",0.189927970086606,0.03,0.03,0.566318263360753
"ETV4","MZT1",0.187532174024269,0.032,0.032,0.443917163591711
"ETV4","CERS6",0.187279110216462,0.036,0.036,0.348227754737678
"ETV4","NEUROG2",0.184234481546443,0.177511017098537,0.177511017098537,0.149697255193368
"ETV4","CD96",0.181600635918085,0.028,0.028,0.300387023341315
"ETV4","CTSH",0.18148831162161,0.028,0.028,0.418835950272162
"ETV4","POU2F3",0.172285964315413,0.139428397689267,0.139428397689267,0.121091422834074
"ETV4","LDHB",0.170774454581248,0.03,0.03,0.521942093961202
"ETV4","TNIK",0.164434976742366,0.03,0.03,0.319791316559701
"ETV4","COCH",0.154751151222729,0.036,0.036,0.436024677212486
"ETV4","DHFR",0.153907367962487,0.032,0.032,0.56324011700789
"ETV4","CCT4",0.15117323660138,0.028,0.028,0.531265793457044
"ETV4","CENPB",0.148430266440453,0.026,0.026,0.268319509642957
"ETV4","CFL1",0.1467667199838,0.026,0.026,0.560267567079467
"ETV4","PKM",0.146747493513363,0.026,0.026,0.531498763184864
"ETV4","GMNN",0.145807669000314,0.036,0.036,0.534918698147053
"ETV4","MYBL2",0.144897591155092,0.03,0.03,0.511458172495389
"ETV4","TYMS",0.143529385082256,0.04,0.04,0.571817971951465
"ETV4","AURKA",0.143017875448611,0.03,0.03,0.524534567346443
"ETV4","KISS1R",0.141706531319483,0.0666666666666667,0.0666666666666667,0.378104999887884
"ETV4","PRRX1",0.135519689808629,0.0803944703360667,0.0803944703360667,0.0867400120069468
"ETV4","THAP1",0.135422072961006,0.026,0.026,0.228811106772201
"ETV4","CDCA7",0.129563272981045,0.028,0.028,0.420996797487515
"ETV4","SLC39A14",0.128775767355573,0.03,0.03,0.425300632717571
"ETV4","IL10",0.121976640784043,0.062,0.062,0.328779918666073
"ETV4","LCK",0.119865503526812,0.0612244897959184,0.0612244897959184,0.330294208187803
"ETV4","TBP",0.118244188484847,0.024,0.024,0.262435429125723
"ETV4","LIMA1",0.115118574741632,0.042,0.042,0.26532835909731
"ETV4","CEP55",0.114800661932015,0.034,0.034,0.522107235002408
"ETV4","AIF1",0.113801242441009,0.058,0.058,0.27017312287756
"ETV4","PRR19",0.111407862195966,0.050994171334313,0.050994171334313,0.267958199464296
"ETV4","HOXB6",0.107942072488071,0.0535042296662644,0.0535042296662644,0.152809400005183
"ETV4","HMGN2",0.106762648295939,0.03,0.03,0.526810986684481
"ETV4","SMAD2",0.101732643848981,0.02,0.02,0.228447992685127
"ETV4","SH2D2A",0.0979326652132204,0.038,0.038,0.285196758664955
"ETV4","ESCO2",0.0972493306806489,0.032,0.032,0.524509157506598
"ETV4","PCNA",0.0963437799231763,0.02,0.02,0.554788240115091
"ETV4","ELF3",0.0952367578914597,0.030780559646539,0.030780559646539,0.0383241237839376
"ETV4","TPM4",0.0946044005489696,0.016,0.016,0.520437602213745
"ETV4","GYG1",0.0945277479490777,0.024,0.024,0.408991839993319
"ETV4","NKX3-1",0.0924767277153304,0.0642626262626263,0.0642626262626263,0.155327363054826
"ETV4","ACTB",0.0898870867602764,0.022,0.022,0.540178025433008
"ETV4","KIF14",0.0880882216843579,0.02,0.02,0.423594123553473
"ETV4","NPDC1",0.0870095253083361,0.016,0.016,0.31105023235713
"ETV4","ANKRD13B",0.0868856783664272,0.0402222222222222,0.0402222222222222,0.392580201017541
"ETV4","NQO1",0.082731042561416,0.018,0.018,0.370005364039328
"ETV4","TP53",0.0826928296254392,0.022,0.022,0.386504610754497
"ETV4","MYH10",0.0825057710189877,0.0429623395750053,0.0429623395750053,0.347379079873065
"ETV4","NUF2",0.0779445952022297,0.036,0.036,0.498160409555049
"ETV4","HSF2",0.0767036268798796,0.05,0.05,0.206182989296709
"ETV4","DPP4",0.0762756614533425,0.0303953299699121,0.0303953299699121,0.305678563050616
"ETV4","CAP1",0.0760511237190457,0.014,0.014,0.463006131613117
"ETV4","TEAD4",0.0747465707273499,0.0380641140104105,0.0380641140104105,0.316984460574353
"ETV4","KBTBD11",0.0727551772770845,0.0374358974358974,0.0374358974358974,0.270166280272824
"ETV4","CDKN1A",0.0727483127488302,0.016,0.016,0.283510473477651
"ETV4","UCHL1",0.0725412938688114,0.046,0.046,0.368500814254663
"ETV4","RFC3",0.0714952795375616,0.02,0.02,0.557934372329636
"ETV4","IRF6",0.0714788136234537,0.0377087246791996,0.0377087246791996,0.108254010618833
"ETV4","CCR1",0.0701676386297997,0.0322024324881468,0.0322024324881468,0.304670018500744
"ETV4","IL2RB",0.0691629120128285,0.018,0.018,0.481917162803449
"ETV4","E2F1",0.068559807240772,0.026,0.026,0.487529233500549
"ETV4","FOXD2",0.0640800880305058,0.0243829787234043,0.0243829787234043,0.00583176222098049
"ETV4","MGST1",0.0622656570083089,0.031041181041181,0.031041181041181,0.339923870907318
"ETV4","RORB",0.0580967159635697,0.04877373800462,0.04877373800462,0.0753701829388468
"ETV4","HOXB9",0.0576890850660665,0.0550687559961625,0.0550687559961625,0.0758189018237013
"ETV4","CBX3",0.055408422702836,0.014,0.014,0.531912810087321
"ETV4","FAM129A",0.054654296947186,0.014,0.014,0.280915986410931
"ETV4","HLTF",0.054241342541215,0.02,0.02,0.325076732934729
"ETV4","HOXA9",0.0536972782160031,0.0756137037679936,0.0756137037679936,0.176523544794803
"ETV4","RAN",0.0524168076307931,0.014,0.014,0.525914876375597
"ETV4","GAPDH",0.0518205533404855,0.012,0.012,0.506982741276901
"ETV4","CDK6",0.0517238795621324,0.018,0.018,0.448503857595947
"ETV4","MAFK",0.0504923648924558,0.032,0.032,0.174126090932062
"ETV4","KYNU",0.0503684688558157,0.018,0.018,0.286224048570078
"ETV4","KIF2A",0.0481108880257604,0.01,0.01,0.421890811279989
"ETV4","CKS1B",0.0468913920748835,0.014,0.014,0.523120049531736
"ETV4","MCM3",0.0400583529439454,0.018,0.018,0.534424331854725
"ETV4","TUBB3",0.0394159818102471,0.016,0.016,0.407958714071261
"ETV4","FOSL1",0.0379482417987498,0.0384166666666667,0.0384166666666667,0.264827120899162
"ETV4","CCNA1",0.0367359112955933,0.0215521271622253,0.0215521271622253,0.243577246253108
"ETV4","HES6",0.0339932903249834,0.042,0.042,0.0724539846200996
"ETV4","HOXA1",0.0291064103412995,0.0212324929971989,0.0212324929971989,0.153830758616439
"ETV4","FOXA3",0.028603994532885,0.0468497458266836,0.0468497458266836,0.0583911560491303
"ETV4","ARID3A",0.0276006718692279,0.016,0.016,0.330788198093204
"ETV4","NR2F6",0.0273843604365359,0.0160618556701031,0.0160618556701031,0.142976460545217
"ETV4","ATP8B4",0.0240185483383971,0.02,0.02,0.250899103545173
"ETV4","SLC16A3",0.0225193370058727,0.012,0.012,0.266633816463574
"ETV4","FOXC1",0.0206525639902223,0.0244216707138055,0.0244216707138055,0.0463915268898078
"ETV4","GLI3",0.0201115746003913,0.0261640798226164,0.0261640798226164,0.0232720491897266
"ETV4","SGOL2",0.0200734493014792,0.014,0.014,0.503134549482274
"ETV4","ETS2",0.0196667739414901,0.0277739647677877,0.0277739647677877,0.0521932822430606
"ETV4","MEIS2",0.0175518242465225,0.010777058279371,0.010777058279371,0.0631852430013775
"ETV4","ASCL2",0.0173048649927346,0.0274064956493457,0.0274064956493457,0.0273236480367738
"ETV4","CEBPD",0.0169027570678621,0.0143698716600042,0.0143698716600042,0.0632489002976831
"ETV4","AC099552.4",0.0156027419982234,0.0105053191489362,0.0105053191489362,0.159485605705239
"ETV4","AIM1",0.0149567467838876,0.042,0.042,0.244506591310017
"ETV4","PSAT1",0.0147018295054481,0.008,0.008,0.313921478610549
"ETV4","ZYX",0.0140280577076134,0.018,0.018,0.410197786186231
"ETV4","LHX9",0.013516052784053,0.0777150078810935,0.0777150078810935,0.0116919830621188
"ETV4","NR1I2",0.0130190588212862,0.0526695526695527,0.0526695526695527,0.114240755816301
"ETV4","MT2A",0.0117185249706844,0.004,0.004,0.344215560903992
"ETV4","ITGA2",0.0111200892103459,0.0116042780748663,0.0116042780748663,0.214761241719025
"ETV4","ESRRA",0.0107072594622555,0.006,0.006,0.108597322440213
"ETV4","TOP2A",0.0105110302335905,0.004,0.004,0.467311495339487
"ETV4","HMBOX1",0.0145348200192298,0.008,0.008,-0.137320406921103
"ETV4","KIAA0125",0.0185263270150228,0.026,0.026,-0.266660600039845
"ETV4","RHOB",0.0235748581599078,0.05,0.05,-0.228503100016017
"ETV4","CREB3",0.0299931690251452,0.08,0.08,-0.12975563453254
"ETV4","NHLH1",0.0338322426020158,0.0180618556701031,0.0180618556701031,-0.00467166872440915
"ETV4","PBX2",0.035585288244018,0.042,0.042,-0.265889508824525
"ETV4","RFX4",0.0429340110527176,0.0362615584134571,0.0362615584134571,-0.00272140624118816
"ETV4","ZBTB7B",0.0445345400988146,0.068,0.068,-0.143428677592738
"ETV4","CUX1",0.0602687552110589,0.03,0.03,-0.193477217269154
"ETV4","KLF10",0.0621102630391134,0.022,0.022,-0.378061315684411
"ETV4","RREB1",0.19968712135071,0.05,0.05,-0.256632475461398
"ETV5","ACTR3",0.398445720711586,0.048,0.048,0.483939559340859
"ETV5","SNRPE",0.378982045248817,0.05,0.05,0.50860363001538
"ETV5","PPID",0.344900440265086,0.05,0.05,0.48041476178974
"ETV5","DUSP4",0.34274939722582,0.098,0.098,0.624419453820223
"ETV5","CHORDC1",0.337117041348416,0.04,0.04,0.377489627810822
"ETV5","NCL",0.33685367980316,0.042,0.042,0.375385993132165
"ETV5","IL2RB",0.329795195140201,0.042,0.042,0.47795310812149
"ETV5","BCAS1",0.32441755697174,0.104,0.104,0.576037208682495
"ETV5","PRDX3",0.323895372280044,0.04,0.04,0.442536724096043
"ETV5","MT2A",0.290178478913114,0.104,0.104,0.543652018856273
"ETV5","STK38L",0.28400605902183,0.074,0.074,0.573841855978793
"ETV5","MRPL37",0.278343111622673,0.034,0.034,0.46999070294334
"ETV5","EGR2",0.27809607798242,0.084,0.084,0.598421568858747
"ETV5","DUT",0.273116466864423,0.048,0.048,0.497188420487656
"ETV5","TRAF1",0.261908791009032,0.1,0.1,0.589068566250922
"ETV5","CCNB2",0.253480471252978,0.034,0.034,0.33483529314545
"ETV5","CCL22",0.214537292791252,0.112,0.112,0.639965161910698
"ETV5","HSPA8",0.205339446303693,0.04,0.04,0.498177346512712
"ETV5","CAP1",0.204006459437257,0.03,0.03,0.486353324431176
"ETV5","RPL22L1",0.199406116047838,0.052,0.052,0.303804916604376
"ETV5","CCT4",0.197145761832425,0.04,0.04,0.465607520668014
"ETV5","KLHL23",0.194808891068927,0.042,0.042,0.435770164361909
"ETV5","FABP5",0.181123237935844,0.03,0.03,0.517657612383887
"ETV5","SERBP1",0.180104595012304,0.032,0.032,0.446303004877805
"ETV5","TPM4",0.164040915234199,0.026,0.026,0.488422594877149
"ETV5","BZW2",0.163163000324893,0.034,0.034,0.4749238645105
"ETV5","DNAJA1",0.160894602600571,0.03,0.03,0.420305696243911
"ETV5","HSP90AA1",0.153486463225804,0.036,0.036,0.501013112019693
"ETV5","ODC1",0.147529250544399,0.02,0.02,0.259165209805039
"ETV5","RAN",0.140754837177837,0.032,0.032,0.488064790925387
"ETV5","WARS",0.136699636416667,0.076,0.076,0.350199684425429
"ETV5","CKS2",0.127575332541699,0.028,0.028,0.438366203827172
"ETV5","TEAD1",0.126303747732626,0.0970908022333235,0.0970908022333235,0.112565307374449
"ETV5","TBP",0.12385260152221,0.022,0.022,0.227572593828049
"ETV5","SSBP1",0.122506001726299,0.02,0.02,0.423464329315778
"ETV5","CCT7",0.118115285828536,0.044,0.044,0.399789562222974
"ETV5","SLC41A1",0.116635236070981,0.022,0.022,0.396952031786101
"ETV5","DPYSL2",0.106991695798394,0.034,0.034,0.527630011349539
"ETV5","PA2G4",0.106418236911791,0.03,0.03,0.442853577161139
"ETV5","E2F4",0.105689676613345,0.02,0.02,0.271460023812544
"ETV5","NKX6-1",0.105583510279785,0.0622664300954475,0.0622664300954475,0.0835174723683769
"ETV5","TMEM99",0.101445260830696,0.028,0.028,0.336515354854585
"ETV5","DLGAP5",0.0985779651513761,0.016,0.016,0.337423860256769
"ETV5","PPARG",0.0976952943330383,0.0457349071024473,0.0457349071024473,0.296336676291513
"ETV5","GINS2",0.0937005834401823,0.07,0.07,0.479067516857941
"ETV5","CDC20",0.0887817271132102,0.02,0.02,0.34177778260729
"ETV5","NR6A1",0.0880030822381475,0.0567120181405896,0.0567120181405896,0.259469261222852
"ETV5","NPDC1",0.0825758230109205,0.032,0.032,0.369803095540223
"ETV5","CFL1",0.0716595968160696,0.02,0.02,0.477843346937713
"ETV5","WDR65",0.0705755926518973,0.044,0.044,0.563084523933809
"ETV5","GLO1",0.0624743363528898,0.02,0.02,0.435364491099112
"ETV5","GRAMD1B",0.0570127102902255,0.146,0.146,0.498025497780511
"ETV5","PFKFB3",0.0562364626519409,0.064,0.064,0.527186178894693
"ETV5","TMEM97",0.0560691133673461,0.03,0.03,0.415784709500739
"ETV5","AQP3",0.0523041587099069,0.022,0.022,0.0604084759670372
"ETV5","ENO1",0.0491965448398938,0.018,0.018,0.472638610910962
"ETV5","DHFR",0.0462625006020079,0.082,0.082,0.489786630526517
"ETV5","MYB",0.0459707182513234,0.024,0.024,0.398881566157477
"ETV5","CENPB",0.044297360085092,0.01,0.01,0.214893472052567
"ETV5","SH2D2A",0.037974916012147,0.024,0.024,0.427467666176291
"ETV5","ZWILCH",0.0344072830540422,0.042,0.042,0.408851690466963
"ETV5","TPX2",0.0326633423386832,0.022,0.022,0.394517525534176
"ETV5","TFCP2",0.0314029071777984,0.01,0.01,0.22344926693971
"ETV5","ARID3B",0.0280414137033639,0.008,0.008,0.197536546595215
"ETV5","TPM3",0.0235551517692577,0.016,0.016,0.458952361940053
"ETV5","SATB1",0.0220228824829271,0.054,0.054,0.140660774679945
"ETV5","HELLS",0.0194625489907372,0.048,0.048,0.429193689766
"ETV5","TSPAN33",0.0192074320507026,0.042,0.042,0.426100761806797
"ETV5","GAPDH",0.0154196946283264,0.016,0.016,0.456315079668871
"ETV5","NME1",0.0140632174815134,0.012,0.012,0.389915086547882
"ETV5","HOXA9",0.0124459145763141,0.0396817794078068,0.0396817794078068,0.112259546181952
"ETV5","ESRRA",0.0111122898386333,0.008,0.008,0.121027275645767
"ETV5","USF1",0.0111942727342113,0.004,0.004,-0.132279487611531
"ETV5","JUN",0.0263976808101658,0.016,0.016,-0.266100433177783
"ETV6","TEAD2",0.281468354615651,0.076,0.076,0.336449968152511
"ETV6","C20orf195",0.204458820329687,0.09,0.09,0.188308482241259
"ETV6","ESR2",0.188081676113578,0.066,0.066,0.103403349580806
"ETV6","ZBED1",0.116335585350568,0.098,0.098,0.260562152193672
"ETV6","MTF1",0.0784069679393691,0.07,0.07,0.232334248567723
"ETV6","CENPB",0.0571037444976807,0.068,0.068,0.0817941655165509
"ETV6","CARD17",0.0565959426510137,0.068417104276069,0.068417104276069,0.0988231884333143
"ETV6","POU2F2",0.0560709273558546,0.082,0.082,0.238128673746302
"ETV6","ZBTB7B",0.0516567622438613,0.088,0.088,0.114303536307769
"ETV6","RRM2B",0.0500646805648495,0.108,0.108,0.332310329906313
"ETV6","TGIF1",0.0468602096105029,0.108,0.108,0.269810892651648
"ETV6","TRAF1",0.04516840715598,0.06,0.06,0.415592752120992
"ETV6","ATF3",0.0433663072579064,0.068,0.068,0.20988165870698
"ETV6","ETS2",0.037959995535403,0.0171356668954473,0.0171356668954473,0.13686053025546
"ETV6","TEAD1",0.0352911627220687,0.0339700264472524,0.0339700264472524,0.0947923702191404
"ETV6","FOXO1",0.0303319225195827,0.024,0.024,0.112351360706663
"ETV6","KLHL21",0.0263659212271787,0.052,0.052,0.0880647164413823
"ETV6","TRIM22",0.0260480272959851,0.05,0.05,0.321369322821129
"ETV6","BCAS1",0.0254931312133762,0.068,0.068,0.227878341142101
"ETV6","CD83",0.024380030337949,0.108,0.108,0.300337939821671
"ETV6","ZNF740",0.016023657734342,0.014,0.014,0.126285623490706
"ETV6","CD84",0.0145038064588129,0.036,0.036,0.297039022874986
"ETV6","NFATC3",0.0130419720318129,0.032,0.032,0.0745024561200519
"ETV6","TGIF2",0.0130172251781053,0.016,0.016,0.0798213969502934
"ETV6","SH2D2A",0.0129188003368731,0.046,0.046,0.115730367923076
"ETV6","RGCC",0.0120513846326168,0.018,0.018,0.0800916114525217
"ETV6","RFX3",0.0116151594498047,0.03,0.03,0.0905070701141484
"ETV6","DPYSL2",0.0115034901652382,0.064,0.064,0.145788553592592
"ETV6","KLF7",0.0114086029304501,0.04,0.04,0.176819811217873
"ETV6","ERF",0.0112835977034122,0.02,0.02,0.0909904018535994
"ETV6","THAP11",0.0108996707039177,0.026,0.026,0.119187399413986
"ETV6","SMAD2",0.0108472487995285,0.024,0.024,-0.0437123693850121
"ETV6","DLGAP5",0.0112893159939299,0.044,0.044,-0.146965658889327
"ETV6","TCN2",0.0133990991666152,0.044,0.044,-0.109238990686988
"ETV6","MIXL1",0.0207212522193435,0.082,0.082,-0.18269655784693
"ETV6","NFYA",0.0331649206342532,0.048,0.048,-0.0754783707921038
"ETV6","HNF1B",0.129382933426891,0.12656716846372,0.12656716846372,-0.0837172675304684
"ETV6","LHX8",0.191984276698924,0.118198100407056,0.118198100407056,-0.0933182426835279
"FLI1","TEAD3",0.179877848088947,0.0856682127396413,0.0856682127396413,0.118518094048185
"FLI1","CLOCK",0.0868760119541342,0.064,0.064,0.213592647437785
"FLI1","CARD17",0.0608205529913708,0.0567891972993248,0.0567891972993248,0.154085179693317
"FLI1","ZNF528",0.0607087125845387,0.066,0.066,0.174111211263578
"FLI1","MLX",0.053965889184867,0.044,0.044,0.365834303767139
"FLI1","HOXC4",0.0463794015066185,0.052,0.052,0.191254074996146
"FLI1","PAPD5",0.0423137144489607,0.066,0.066,0.30671079024691
"FLI1","CAP1",0.0316365573387391,0.044,0.044,0.330431331351292
"FLI1","ATF1",0.0304259962678681,0.032,0.032,0.181678501598232
"FLI1","GTSF1",0.0285030386180476,0.048,0.048,0.33039581093712
"FLI1","DLX4",0.0217788026649851,0.0271025293586269,0.0271025293586269,0.0748434725626907
"FLI1","STK38L",0.0153233643800191,0.03,0.03,0.207734682713909
"FLI1","GMEB1",0.0144902664820346,0.018,0.018,0.0789003195658694
"FLI1","ZSCAN29",0.0138545739216096,0.028,0.028,0.0845630771218411
"FLI1","ARPC5",0.0132231591698515,0.012,0.012,0.388749423348048
"FLI1","DBP",0.012086111501927,0.014,0.014,0.0722705895947157
"FLI1","NFYA",0.0101164936169106,0.006,0.006,0.159354598838927
"FOS","ZNF460",0.290146917570741,0.128,0.128,0.0755122895683028
"FOS","ID3",0.129616162716956,0.108,0.108,0.499447882687196
"FOS","OSR2",0.121982659888463,0.11302692438775,0.11302692438775,0.102370485264644
"FOS","NR4A1",0.112273390060699,0.05,0.05,0.497968545634774
"FOS","EMILIN2",0.085727287565154,0.044,0.044,0.287813138826706
"FOS","MS4A7",0.0506522407886601,0.026,0.026,0.139812122706572
"FOS","FOSL1",0.0402496509521977,0.08675,0.08675,0.0326988317725916
"FOS","LRRK2",0.037768943610719,0.044,0.044,0.358586454990896
"FOS","SP2",0.0371212813247145,0.046,0.046,0.259381498093789
"FOS","RGS2",0.0288940196892852,0.086,0.086,0.639820473228383
"FOS","HOXC8",0.0214148001522611,0.0692735618673179,0.0692735618673179,0.057726796092976
"FOS","SMAD3",0.0182862460293351,0.044,0.044,0.508397191000034
"FOS","TCF12",0.0158165074562237,0.028,0.028,0.0164039700943879
"FOS","SERPINB9",0.0151938032955836,0.07,0.07,0.082921937083043
"FOS","FOSL2",0.0127732805253013,0.042,0.042,0.200161630226395
"FOS","C1orf162",0.0115102508028641,0.042,0.042,0.0868095917514686
"FOS","ELF4",0.0113799615720802,0.036,0.036,0.117644186590676
"FOS","MAFF",0.0104161313180956,0.024,0.024,0.185840160829258
"FOS","ALDOA",0.0101071519326799,0.07,0.07,-0.198622404626457
"FOS","RASSF6",0.0101924959973377,0.048,0.048,-0.0553757195691224
"FOS","IRF4",0.0101992825280962,0.076,0.076,-0.489730276806616
"FOS","ITGA2",0.0114596966253876,0.0275935828877005,0.0275935828877005,-0.0149364385487036
"FOS","MSMO1",0.0115668369237667,0.06,0.06,-0.22397024821265
"FOS","PPID",0.0119057338144577,0.068,0.068,-0.169593423655796
"FOS","ZNF528",0.0119565337462651,0.024,0.024,-0.116852387336913
"FOS","RAB7L1",0.0121674414622462,0.05,0.05,-0.29835195155412
"FOS","ZBED2",0.0126057429929779,0.062,0.062,-0.124843830091272
"FOS","FOXK1",0.0126383083373268,0.022,0.022,-0.0352750986283615
"FOS","ENO1",0.0140115457944857,0.1,0.1,-0.251385619247044
"FOS","ZKSCAN1",0.0141442376598941,0.026,0.026,-0.206280941340619
"FOS","PSAT1",0.0145449703434088,0.038,0.038,-0.345933086203918
"FOS","PAPD5",0.017162533299604,0.048,0.048,-0.0343838163354532
"FOS","TPM4",0.0192274229739192,0.12,0.12,-0.247297343447658
"FOS","VIM",0.0264996918471528,0.064,0.064,-0.273525224636271
"FOS","HILPDA",0.0282835727745789,0.044,0.044,-0.154070246174559
"FOS","PTMS",0.0312714375301838,0.05,0.05,-0.236957149321107
"FOS","GATA3",0.0384132193741375,0.0655531686358754,0.0655531686358754,-0.100278224337088
"FOS","ESRRA",0.0435445091643324,0.064,0.064,-0.0073965953190486
"FOS","PTP4A3",0.0652923118797576,0.094,0.094,-0.437241319360391
"FOS","HPGD",0.0711213831120974,0.096,0.096,-0.288670545275736
"FOS","NFE2L1",0.0755289556421387,0.102,0.102,-0.271828982072735
"FOS","NFE2L2",0.0851190063369127,0.108,0.108,-0.226628104719458
"FOS","ZKSCAN5",0.0983884230591778,0.098,0.098,-0.236849167379838
"FOS","JDP2",0.205927562810231,0.134,0.134,-0.205367823991948
"FOSL1","NHLH2",0.644868381681292,0.553556998556999,0.553556998556999,0.241293983467426
"FOSL1","TNFRSF8",0.244004869947456,0.12,0.12,0.638466467752901
"FOSL1","PERP",0.198301950947489,0.068,0.068,0.455065909793568
"FOSL1","OLIG3",0.179893099451788,0.0681039800626743,0.0681039800626743,0.25437113147675
"FOSL1","ZBED2",0.166013672371419,0.034,0.034,0.46114697889324
"FOSL1","HDGFRP3",0.154016179303911,0.0728370032223416,0.0728370032223416,0.497621416334646
"FOSL1","RCAN2",0.152472294906297,0.06,0.06,0.446359799607879
"FOSL1","CD163L1",0.150560904310397,0.0717137668823062,0.0717137668823062,0.366247002449593
"FOSL1","ITGA2",0.148764451705971,0.0598930481283422,0.0598930481283422,0.275270481089463
"FOSL1","RRM2B",0.134215830896516,0.084,0.084,0.420862497423014
"FOSL1","GPX1",0.114765809358376,0.088,0.088,0.468311755139294
"FOSL1","EGR2",0.106945985183543,0.08,0.08,0.414136975724139
"FOSL1","G0S2",0.0835352429145701,0.042,0.042,0.26789055664451
"FOSL1","FNIP2",0.0767074773419312,0.05,0.05,0.380025322543479
"FOSL1","ANKRD13B",0.0641820232558056,0.0361616161616162,0.0361616161616162,0.329021344460867
"FOSL1","FUT7",0.0631355627566922,0.04,0.04,0.513458689758947
"FOSL1","KCNMA1",0.0596134057038347,0.07,0.07,0.359361860032789
"FOSL1","CREB5",0.0581708843310927,0.0622664586724543,0.0622664586724543,0.25998849120077
"FOSL1","TUBA1A",0.0483065872909891,0.018,0.018,0.401867270360973
"FOSL1","CCDC152",0.0441903262425764,0.052,0.052,0.309770455464882
"FOSL1","NQO1",0.0396251213284968,0.04,0.04,0.348345230619925
"FOSL1","SOX15",0.0367746855343635,0.0488364851652878,0.0488364851652878,0.0602817367663605
"FOSL1","PRKCDBP",0.0272531397789233,0.048,0.048,0.304342347994599
"FOSL1","UBE2C",0.0256969333167485,0.032,0.032,0.320119250739166
"FOSL1","SOX6",0.0231049386122503,0.0423534798534798,0.0423534798534798,0.0341520097117495
"FOSL1","CCT5",0.0189750340574217,0.03,0.03,0.42893309133671
"FOSL1","NPM1",0.0176593563463403,0.016,0.016,0.411611931880006
"FOSL1","MGST1",0.0168653758645509,0.0601076701076701,0.0601076701076701,0.0699833505834555
"FOSL1","RRM2",0.0149447218399766,0.044,0.044,0.370379460638301
"FOSL1","HTR3A",0.0148734731541927,0.01,0.01,0.207104783366722
"FOSL1","TNFSF9",0.0146340225712595,0.044,0.044,0.11198200228471
"FOSL1","MT2A",0.013846614288344,0.008,0.008,0.34740971794446
"FOSL1","MYB",0.0137237382339892,0.036,0.036,0.407673513100297
"FOSL1","F2R",0.0132990573269826,0.044,0.044,0.29777094512929
"FOSL1","BLOC1S2",0.0130635586978774,0.054,0.054,0.342856341507892
"FOSL1","HMGA1",0.013051109257274,0.018,0.018,0.446511651557101
"FOSL1","SELL",0.012035926384759,0.048,0.048,0.0537856019436622
"FOSL2","FOXK1",0.146712917304383,0.092,0.092,0.160323377775503
"FOSL2","RHOXF1",0.0372425601180014,0.0198296085936535,0.0198296085936535,0.0263922400224725
"FOSL2","DDIT3",0.026531032759062,0.042,0.042,0.230549596241061
"FOSL2","MYC",0.0222152506540496,0.024,0.024,0.1413816451645
"FOSL2","ESR2",0.0168814162788642,0.036,0.036,0.034461892586105
"FOSL2","ZNF16",0.0148334010017916,0.026,0.026,0.0232245234973251
"FOSL2","KISS1R",0.0237597650172367,0.0202020202020202,0.0202020202020202,-0.0518537458738551
"FOXA2","FOXP3",0.215133872223682,0.105879600189497,0.105879600189497,0.205503534768218
"FOXA2","MEIS1",0.142608886571857,0.0635204358466121,0.0635204358466121,0.231707775230534
"FOXA2","NFIA",0.109738291921028,0.0560640891675374,0.0560640891675374,0.156048206263257
"FOXA3","SOX9",0.942288186816627,0.598556467797847,0.598556467797847,0.477897081031709
"FOXA3","PITX2",0.217756217164979,0.190919540229885,0.190919540229885,0.0220757406139731
"FOXA3","CYP1B1",0.111882205578102,0.052,0.052,0.235898871938639
"FOXA3","KLF1",0.0884780131516445,0.0538917338391023,0.0538917338391023,0.0340648114725365
"FOXA3","C4BPB",0.0467202358704409,0.018,0.018,0.129462370783563
"FOXA3","CCL22",0.0432904226430455,0.05,0.05,0.241272852382693
"FOXA3","BCAS1",0.0429734119070491,0.054,0.054,0.226381989298028
"FOXA3","CCL17",0.0354435997813876,0.068,0.068,0.188467516286434
"FOXA3","TWIST1",0.0192489004589832,0.0103974358974359,0.0103974358974359,0.107737977588629
"FOXA3","SOCS2",0.013904890577696,0.044,0.044,0.187673980486481
"FOXA3","HOPX",0.0138263589096459,0.038,0.038,0.133694800812076
"FOXA3","PLAGL1",0.0137221086057619,0.006,0.006,0.0781659848302568
"FOXA3","MECOM",0.0103922547009432,0.00588235294117647,0.00588235294117647,0.00202630712545075
"FOXC1","TFAP2A",0.196334747749522,0.0888421052631579,0.0888421052631579,0.0809226568845021
"FOXC1","NEUROD1",0.109015736198673,0.056728507969689,0.056728507969689,0.12726299146166
"FOXC1","HIC2",0.0932949167673706,0.086,0.086,0.127509580288041
"FOXC1","RARG",0.0486812073572107,0.05,0.05,0.181171566445886
"FOXC1","HOXC4",0.0456743182924833,0.014,0.014,0.0988072089517117
"FOXC1","INA",0.0404549343846,0.0168114968585142,0.0168114968585142,0.0781687043956598
"FOXC1","FOXP3",0.0251814450149295,0.0189949327148941,0.0189949327148941,0.0166233163228385
"FOXC1","ZNF281",0.0216679278542179,0.05,0.05,0.10914478870699
"FOXC1","TUBB2A",0.0206522457807269,0.034,0.034,0.0749435636842907
"FOXC1","KLHL23",0.019084892378423,0.044,0.044,0.0804888304322966
"FOXC1","TFAP2B",0.0143676712550574,0.0504269249913849,0.0504269249913849,0.0562791045688862
"FOXC1","SOX6",0.0138973913794838,0.0171693121693122,0.0171693121693122,0.0345007920796239
"FOXD2","ITGA8",0.0498788962292542,0.026,0.026,0.146940610952696
"FOXD2","DDX60",0.0279314622937199,0.034,0.034,0.199104639765332
"FOXD2","GMPR",0.026570401058281,0.038,0.038,0.193123921097111
"FOXD2","HFE",0.0194594935481525,0.0100606060606061,0.0100606060606061,0.0808335322091892
"FOXD2","GMEB1",0.0169915858306554,0.022,0.022,0.0841862177135272
"FOXD2","KLHL23",0.0158646862733676,0.058,0.058,0.0777442856003073
"FOXD2","DPP4",0.0101934725909483,0.00439772864564456,0.00439772864564456,0.0157419711961165
"FOXH1","NR2F2",0.152681309803594,0.0820902115787026,0.0820902115787026,0.0727399446812748
"FOXK1","FOSL2",0.126186409682281,0.098,0.098,0.160323377775503
"FOXK1","BHLHE22",0.0662095213151394,0.0365615248948582,0.0365615248948582,0.0500500917606257
"FOXK1","DNAJC5B",0.0585535862005889,0.084,0.084,0.0809771384591308
"FOXK1","ZKSCAN5",0.0215556284664134,0.028,0.028,0.0729093767206991
"FOXK1","KYNU",0.0202385515278272,0.048,0.048,0.168643293388784
"FOXK1","HINFP",0.0168151787288194,0.026,0.026,0.0807590355819768
"FOXK1","HLTF",0.0165767417259997,0.032,0.032,0.061706273892851
"FOXK1","SNAI1",0.0156516363907553,0.0277250276733474,0.0277250276733474,0.0903256394960588
"FOXK1","HNRNPAB",0.014606478035576,0.038,0.038,0.0568199181544608
"FOXK1","CD3EAP",0.0144522758149044,0.046,0.046,0.0960186965366241
"FOXK1","NFIB",0.0144225272490597,0.0393073593073593,0.0393073593073593,0.0219895565574263
"FOXK1","EXO1",0.0142992689417768,0.018,0.018,0.0342366206691565
"FOXK1","NFKB1",0.0112897430599296,0.038,0.038,0.196436310684084
"FOXK1","DDIT4",0.0108082905738781,0.028,0.028,0.109276315487795
"FOXK1","SMAD5",0.0104266974006804,0.018,0.018,-0.106381920723543
"FOXK1","C10orf10",0.0336041717060958,0.05,0.05,-0.127793289631573
"FOXK1","ATF2",0.0366583418444904,0.056,0.056,-0.079380139378264
"FOXK2","PLAGL1",0.0648230950240404,0.046,0.046,0.122057998587379
"FOXK2","CCR5",0.0618240980114141,0.0693311352464092,0.0693311352464092,0.120995197596767
"FOXK2","HOXB4",0.0507486958695742,0.054,0.054,0.0286029676534842
"FOXK2","FOXJ3",0.046221556628109,0.052,0.052,0.106749970337966
"FOXK2","HESX1",0.0408676688848997,0.0657085363876518,0.0657085363876518,0.0818588081249441
"FOXK2","E2F6",0.0361292651594557,0.046,0.046,0.075371674285858
"FOXK2","THAP1",0.0361055672573869,0.044,0.044,0.140746651557537
"FOXK2","ZNF410",0.0282755077505494,0.0761516694963214,0.0761516694963214,0.0615320724425643
"FOXK2","SMAD5",0.0278240914586003,0.028,0.028,0.099979915351076
"FOXK2","ZBTB14",0.023165437343514,0.008,0.008,0.0700771701088016
"FOXK2","CREB3",0.0213820920179952,0.068,0.068,0.0868599090931312
"FOXK2","NFATC3",0.01931645926832,0.034,0.034,0.148277097713228
"FOXK2","NR2C2",0.014385178733605,0.028,0.028,0.0619570891173558
"FOXK2","SLC7A5",0.0116832473246027,0.024,0.024,0.177080719185012
"FOXK2","KPNA2",0.0116045825778188,0.03,0.03,0.201918627037832
"FOXK2","RFX2",0.0108029205302761,0.0300816326530612,0.0300816326530612,0.0987567211203851
"FOXK2","RREB1",0.0118876195723255,0.032,0.032,-0.148415905357048
"FOXK2","SOX12",0.0123985604826829,0.016,0.016,-0.0528047824974546
"FOXK2","FOXO4",0.0430590812759232,0.058,0.058,-0.114464271377914
"FOXN3","ZBTB33",0.0625057092955633,0.056,0.056,0.0516594292477805
"FOXN3","FOSL2",0.0568925190489077,0.048,0.048,0.163881003823941
"FOXN3","CD84",0.0357720600525768,0.058,0.058,0.31422103096079
"FOXN3","LRRK2",0.0348340357395608,0.092,0.092,0.233453707200729
"FOXN3","TBX19",0.0100512794161167,0.024,0.024,-0.0223022791072713
"FOXN3","NFIA",0.0119969860814437,0.0475304771856496,0.0475304771856496,-0.0123332302312382
"FOXN3","SPDEF",0.0162379324906077,0.108,0.108,-0.0643179985916066
"FOXN3","NFATC4",0.0465638251639644,0.0229678305985197,0.0229678305985197,-0.0930009046487628
"FOXO3","C10orf10",0.0413190794486381,0.036,0.036,0.236272667796005
"FOXO3","FOXO4",0.0372445563792398,0.036,0.036,0.202666290981907
"FOXO3","MECOM",0.031797547922879,0.0255533199195171,0.0255533199195171,0.0461757821232311
"FOXO3","SMAD5",0.0305198025773562,0.046,0.046,0.0830386401696359
"FOXO3","NFIB",0.0288816429633729,0.0395151515151515,0.0395151515151515,0.0258898844093824
"FOXO3","NFATC4",0.0274936572421728,0.0138496455664718,0.0138496455664718,0.0950947155385306
"FOXO3","SATB1",0.0235677425840614,0.058,0.058,0.0705852812443534
"FOXO3","RUNX2",0.0234796994488913,0.042,0.042,0.154237879246835
"FOXO3","MS4A7",0.0212072359967886,0.052,0.052,0.0364033063475785
"FOXO3","ELF5",0.0166545678766015,0.128045214662673,0.128045214662673,0.0139926086208122
"FOXO3","NR4A3",0.0126018989682094,0.064,0.064,0.0115137608227858
"FOXO3","PRDM15",0.0117562597184904,0.024,0.024,0.316084667455946
"FOXO3","KIAA0125",0.0100626869741292,0.026,0.026,0.313532242557863
"FOXO3","MT2A",0.0104312234981525,0.028,0.028,-0.392713998344125
"FOXO3","PAICS",0.0107904867087389,0.02,0.02,-0.518223314178718
"FOXO3","DUSP4",0.0108853016380926,0.016,0.016,-0.413472794728701
"FOXO3","SELL",0.011228216382666,0.028,0.028,-0.372323724293487
"FOXO3","PPA1",0.0113681258903437,0.01,0.01,-0.437149490269276
"FOXO3","EHD3",0.0114099193487782,0.026,0.026,-0.457885576196472
"FOXO3","NFIA",0.012109576815479,0.0134848484848485,0.0134848484848485,-0.0119785423072577
"FOXO3","KPNA2",0.0127752872670095,0.008,0.008,-0.439749099611031
"FOXO3","PLAGL1",0.0153933706571739,0.038,0.038,-0.08289876541063
"FOXO3","ZBED1",0.0181910552800275,0.014,0.014,-0.221086776158389
"FOXO3","HLA-DQA1",0.0185588109079964,0.032,0.032,-0.458220267632977
"FOXO3","MRPL37",0.0187524970996001,0.022,0.022,-0.543946698181016
"FOXO3","KIF20A",0.0216356241610106,0.04,0.04,-0.400131274862985
"FOXO3","HNRNPAB",0.0218492324568321,0.028,0.028,-0.521682010934232
"FOXO3","NPM1",0.0222266756827483,0.03,0.03,-0.524349488418586
"FOXO3","FOXO1",0.0235105795327959,0.034,0.034,-0.157172841193576
"FOXO3","SOX6",0.0261392430258238,0.0892918192918193,0.0892918192918193,-0.107236907857917
"FOXO3","CCNB2",0.0280388196664831,0.024,0.024,-0.50385097633518
"FOXO3","MZT1",0.0323422781075442,0.032,0.032,-0.463505960817028
"FOXO3","RILPL2",0.032609307447544,0.068,0.068,-0.35745275560571
"FOXO3","KLF1",0.0370077678090972,0.126158526948001,0.126158526948001,-0.168531800237665
"FOXO3","CCT6A",0.0376031572621795,0.048,0.048,-0.575658044771509
"FOXO3","ACTG1",0.0398878259366818,0.012,0.012,-0.569807834282255
"FOXO3","NOP16",0.0409314282017585,0.04,0.04,-0.499013259147288
"FOXO3","CHORDC1",0.0545507533186662,0.034,0.034,-0.453617650385484
"FOXO3","SYT11",0.0625912290323785,0.03,0.03,-0.434056850368769
"FOXO3","HMGCS1",0.0643081537824447,0.068,0.068,-0.476467790675251
"FOXO3","DPP4",0.0680749174651545,0.0478406833152332,0.0478406833152332,-0.287887006975227
"FOXO3","VRK2",0.0681995997285348,0.032,0.032,-0.319521796682846
"FOXO3","YBX3",0.0683041531746408,0.04,0.04,-0.446277428219521
"FOXO3","LCP1",0.0761304409323952,0.048,0.048,-0.599222725217527
"FOXO3","DKC1",0.0842345912731758,0.05,0.05,-0.540728023574465
"FOXO3","RPL22L1",0.104630658880455,0.082,0.082,-0.428201822245267
"FOXO3","POLR3G",0.109086551005746,0.058,0.058,-0.492066938758439
"FOXO3","CCR5",0.125730846021933,0.0647709590577838,0.0647709590577838,-0.268977153839943
"FOXO3","TFAP4",0.133588910209128,0.072,0.072,-0.256152284087562
"FOXO3","THAP1",0.135136880606794,0.042,0.042,-0.292785922293345
"FOXO4","TBX19",0.686187401271531,0.19,0.19,0.193017600340361
"FOXO4","MS4A7",0.27903864163559,0.052,0.052,0.0856039213469562
"FOXO4","ASCL2",0.186729175775539,0.0974033497541146,0.0974033497541146,0.120165080314579
"FOXO4","HS3ST3B1",0.0640098332818068,0.028,0.028,0.0643534542353467
"FOXO4","FGR",0.0345525349031712,0.062,0.062,0.106016199678587
"FOXO4","ZIC2",0.0289881200410809,0.0472047952047952,0.0472047952047952,0.0562188968228475
"FOXO4","HOXB4",0.0238152049805164,0.028,0.028,0.0600507265465493
"FOXO4","SMAD5",0.0221228486382968,0.028,0.028,0.074121787420498
"FOXO4","FOXP2",0.0173646174763285,0.0123178545428211,0.0123178545428211,0.0411005574885485
"FOXO4","HOXC4",0.0133879765529222,0.026,0.026,0.0263362623587862
"FOXO4","PLAC8",0.0125404764175202,0.028,0.028,0.0981775175951322
"FOXO4","C10orf10",0.0122785611727554,0.026,0.026,0.13074848878804
"FOXO4","RFX2",0.0101752740653174,0.026,0.026,-0.150482405124607
"FOXO4","EXO1",0.0106145467252381,0.03,0.03,-0.229329633599831
"FOXO4","CCR5",0.0108170826520368,0.0270091354428704,0.0270091354428704,-0.117380213056381
"FOXO4","NFATC4",0.0248820556305338,0.0689855292189328,0.0689855292189328,-0.0543699827578631
"FOXO4","RORB",0.0402171244166757,0.102035631890535,0.102035631890535,-0.0697494469693682
"FOXO4","NR2F6",0.050936092456659,0.0561855670103093,0.0561855670103093,-0.136978610638468
"FOXP1","IRF8",0.806366969514408,0.118,0.118,0.876624221057309
"FOXP1","TGIF1",0.707463699984201,0.132,0.132,0.666905719214072
"FOXP1","HLA-DMB",0.642914891926511,0.078,0.078,0.832362498531238
"FOXP1","ELK4",0.581720227030674,0.102,0.102,0.526822384527648
"FOXP1","KLF12",0.579129468974597,0.106,0.106,0.481143696953647
"FOXP1","ZNF136",0.465566853066596,0.1,0.1,0.469304737948898
"FOXP1","ELF1",0.420033748281094,0.09,0.09,0.695493802451629
"FOXP1","CD84",0.408898739487711,0.072,0.072,0.490854813216617
"FOXP1","MXI1",0.385298560871624,0.06,0.06,0.485953363616834
"FOXP1","KLF6",0.370871503302044,0.058,0.058,0.848931994975706
"FOXP1","SORL1",0.368021768605076,0.082,0.082,0.566930865568844
"FOXP1","PLEKHA1",0.36574811219874,0.118,0.118,0.499628209169416
"FOXP1","C1orf162",0.343542094792512,0.07,0.07,0.486511512106677
"FOXP1","NFAT5",0.285013782222531,0.064,0.064,0.38713810260931
"FOXP1","RELA",0.275554440391925,0.052,0.052,0.442510735934135
"FOXP1","BTNL9",0.252953228281405,0.106,0.106,0.379233094793756
"FOXP1","VAV3",0.233924301851337,0.128,0.128,0.585658050606574
"FOXP1","RARA",0.219174986497305,0.042,0.042,0.47262054056657
"FOXP1","DNAJC5B",0.203509243017273,0.064,0.064,0.425648510337698
"FOXP1","RREB1",0.200376903081996,0.052,0.052,0.3060787007025
"FOXP1","MS4A1",0.192657996593258,0.088,0.088,0.840347550331403
"FOXP1","TSC22D3",0.174098783600057,0.072,0.072,0.863764719212779
"FOXP1","HLA-DRB1",0.159602992210251,0.07,0.07,0.556323248125569
"FOXP1","SATB1",0.12534985865179,0.054,0.054,0.413793625780197
"FOXP1","SPDEF",0.117111810876289,0.044,0.044,0.20587099754635
"FOXP1","PLAC8",0.106597591897143,0.032,0.032,0.381424707305329
"FOXP1","BIRC3",0.0823758910497574,0.11,0.11,0.471493546120075
"FOXP1","PLAGL1",0.0810242814274256,0.1,0.1,0.250277377185622
"FOXP1","ZNF24",0.0734352311924788,0.048,0.048,0.213232453767629
"FOXP1","HLA-DQA1",0.067268878311468,0.108,0.108,0.354943691017784
"FOXP1","RILPL2",0.0647463445691279,0.064,0.064,0.41359757090458
"FOXP1","MARCH1",0.0625450739099621,0.016,0.016,0.842808052228541
"FOXP1","SYCP2",0.0620276847982544,0.048,0.048,0.281506630450428
"FOXP1","VEZF1",0.0453831493406763,0.018,0.018,0.181150160969707
"FOXP1","LRRK2",0.0452771664151072,0.038,0.038,0.572579276112113
"FOXP1","STAT6",0.0396829959561263,0.026,0.026,0.477292051339264
"FOXP1","MPP7",0.038920757130581,0.066,0.066,0.251395100532385
"FOXP1","ZBTB33",0.0388840520710917,0.034,0.034,0.139272068771794
"FOXP1","ATF2",0.0315277334188717,0.03,0.03,0.265716309359361
"FOXP1","FOXJ3",0.0232630321433535,0.004,0.004,0.312534703331931
"FOXP1","CYP1B1",0.02293201553812,0.086,0.086,0.0182209419304631
"FOXP1","AIM1",0.0213417015228427,0.034,0.034,0.388889095310417
"FOXP1","LAPTM5",0.0207301992593373,0.046,0.046,0.666161462684927
"FOXP1","MS4A7",0.0202828922800837,0.132,0.132,0.232548170249311
"FOXP1","FOSL2",0.0199420324066599,0.04,0.04,0.33811819112057
"FOXP1","CDKN2D",0.0183100750674571,0.034,0.034,0.75269079771217
"FOXP1","KLF7",0.0178827812738205,0.068,0.068,0.435615193634642
"FOXP1","DMBX1",0.0170867007896097,0.0301369863013699,0.0301369863013699,0.110896261260857
"FOXP1","CORO2A",0.0155780422598279,0.03,0.03,0.0436231242356271
"FOXP1","CASZ1",0.0111726415049718,0.004,0.004,0.313323588584814
"FOXP1","MAFF",0.0106284387002763,0.012,0.012,0.223696310581118
"FOXP1","EHD3",0.0101579511324613,0.058,0.058,-0.255443932330993
"FOXP1","KIAA0101",0.0107065986174966,0.07,0.07,-0.353644075851115
"FOXP1","DPP4",0.011057187346606,0.043303696913429,0.043303696913429,-0.156404384692176
"FOXP1","TNIK",0.011313324408412,0.03,0.03,-0.19379326283306
"FOXP1","DUSP4",0.0117273110169085,0.05,0.05,-0.0471459617715763
"FOXP1","UBE2C",0.0117759052470249,0.032,0.032,-0.348087524346084
"FOXP1","COCH",0.0118306374826487,0.046,0.046,-0.219700732232235
"FOXP1","RGS1",0.0119234015263465,0.062,0.062,-0.0411601294988246
"FOXP1","MECOM",0.0138833106494873,0.0171428571428571,0.0171428571428571,-0.0546169974662205
"FOXP1","ARNT",0.0139304919666367,0.022,0.022,-0.0967744273112454
"FOXP1","MCM10",0.0140624934740059,0.058,0.058,-0.320454643284848
"FOXP1","ANKRD13B",0.014532928665146,0.0402828282828283,0.0402828282828283,-0.190563742992204
"FOXP1","MIXL1",0.01543071224327,0.038,0.038,-0.347993839635994
"FOXP1","SMAD2",0.0156781033154132,0.032,0.032,-0.203099191301098
"FOXP1","TBP",0.0164520239472329,0.036,0.036,-0.136587228695228
"FOXP1","CCNB2",0.0166655283112399,0.04,0.04,-0.334841381202289
"FOXP1","MTDH",0.0167589820199773,0.012,0.012,-0.517658124122688
"FOXP1","F2R",0.0178919342495565,0.032,0.032,-0.365719127727053
"FOXP1","CDCA7",0.0179308792435235,0.1,0.1,-0.138059528366737
"FOXP1","HGF",0.0181109471502269,0.044,0.044,-0.135388417357586
"FOXP1","SYT11",0.0181492675624885,0.062,0.062,-0.012579479724146
"FOXP1","SOCS2",0.018157943847464,0.042,0.042,-0.223430801340242
"FOXP1","BCAS1",0.0197110254962102,0.104,0.104,-0.0287118871276688
"FOXP1","PHLDA3",0.0204413028628094,0.066,0.066,-0.112498053585837
"FOXP1","ATP8B4",0.0207447646201085,0.13,0.13,-0.0656830678134575
"FOXP1","KIF15",0.0218133422057567,0.04,0.04,-0.331244456081042
"FOXP1","BHLHE22",0.0221415309870438,0.0154212454212454,0.0154212454212454,-0.0616400022744757
"FOXP1","TFAP4",0.0236599773345319,0.028,0.028,-0.31518958492978
"FOXP1","TMEM173",0.0237723600690999,0.076,0.076,-0.326253314341578
"FOXP1","AK4",0.0239836826317428,0.06,0.06,-0.29423914283961
"FOXP1","LAG3",0.0253932556453279,0.06,0.06,-0.0672778740659264
"FOXP1","DLGAP5",0.0258185698179666,0.046,0.046,-0.359217157563661
"FOXP1","CDCA2",0.0262650310278374,0.066,0.066,-0.312230726118429
"FOXP1","KIAA0125",0.0273503362342133,0.064,0.064,-0.358084630663545
"FOXP1","CCR5",0.0331103964891239,0.0275501153853272,0.0275501153853272,-0.151356440882842
"FOXP1","HINFP",0.0338474041823199,0.026,0.026,-0.218704283424078
"FOXP1","ID2",0.0348628463080126,0.042,0.042,-0.299499541882928
"FOXP1","CUX2",0.0359051953054465,0.0696540880503145,0.0696540880503145,-0.0431778364090047
"FOXP1","CYSLTR1",0.0421574751702156,0.062,0.062,-0.287551191971017
"FOXP1","HESX1",0.0463910346694874,0.050900273706095,0.050900273706095,-0.125216651103219
"FOXP1","CDKN1A",0.0480640272329219,0.06,0.06,-0.346801920997986
"FOXP1","PRDM15",0.050986701133216,0.062,0.062,-0.208458709133466
"FOXP1","EMP1",0.0519312001533193,0.0822020202020202,0.0822020202020202,-0.171031147425103
"FOXP1","POLR3G",0.0551921510949423,0.07,0.07,-0.307201860622662
"FOXP1","FOXP2",0.0568884677597289,0.112489797404758,0.112489797404758,-0.0863498676384399
"FOXP1","TBR1",0.057053800448975,0.0367380536130536,0.0367380536130536,-0.0596654980525597
"FOXP1","NR2F6",0.0605926811743527,0.0464329896907216,0.0464329896907216,-0.227571614420787
"FOXP1","RORB",0.075686732897765,0.0909856409033329,0.0909856409033329,-0.0694892718363176
"FOXP1","MEF2C",0.0785023306271214,0.088,0.088,-0.218046391577581
"FOXP1","S100A11",0.0911646759698044,0.066,0.066,-0.555587554392338
"FOXP1","MT2A",0.0911965405068181,0.062,0.062,-0.322408540373851
"FOXP1","CREB3L4",0.112137555162543,0.078,0.078,-0.193127355701126
"FOXP1","RASSF6",0.123510605053627,0.15,0.15,-0.322130484742188
"FOXP1","RPL22L1",0.153800935806077,0.07,0.07,-0.45183110531431
"FOXP1","CD226",0.181094261594522,0.112,0.112,-0.352025398404938
"FOXP1","SLC7A5",0.184568976809131,0.046,0.046,-0.530658248297539
"FOXP1","LIMA1",0.229448888076501,0.086,0.086,-0.374598294015698
"FOXP1","RUNX2",0.232120123713272,0.058,0.058,-0.422520097745498
"FOXP1","PRDM1",0.295697609425865,0.074,0.074,-0.786077120335653
"FOXP1","VDR",0.559054727102376,0.11,0.11,-0.521791540428971
"FOXP2","CRX",0.622282359304292,0.24041125592239,0.24041125592239,0.231823135092251
"FOXP2","SOX6",0.363685098427263,0.146158933658934,0.146158933658934,0.221553567654156
"FOXP2","ESRRG",0.138033814145079,0.121464809350626,0.121464809350626,0.0788725446099335
"FOXP2","HOXC10",0.0590329456728284,0.0327327327327327,0.0327327327327327,0.0318612070498465
"FOXP2","MECOM",0.0511344242773003,0.0256338028169014,0.0256338028169014,0.053620226357429
"FOXP2","HESX1",0.0464759787811597,0.0295702718941034,0.0295702718941034,0.0797627009734316
"FOXP2","APOBEC3B",0.0132564902425528,0.052,0.052,0.101339142754851
"FOXP2","ZIC2",0.0116170538270723,0.0105974025974026,0.0105974025974026,0.0148939942512558
"FOXP2","HMBOX1",0.0112635845843319,0.018,0.018,0.0833958626338841
"FOXP3","MEIS1",0.0486919217944203,0.0309331502541331,0.0309331502541331,0.0882750267510517
"FOXP3","MGST1",0.0320140252258543,0.0133594183594184,0.0133594183594184,0.0701230589771721
"FOXP3","KLF1",0.0198279637451424,0.0134063537221432,0.0134063537221432,0.0149994682746661
"FOXP3","TBX19",0.0162892844159091,0.006,0.006,0.07477473617617
"GABPA","HIC2",0.101162118078526,0.072,0.072,0.168406925558673
"GABPA","MSX1",0.0694398751857564,0.082,0.082,0.0957120667321769
"GABPA","NKX3-1",0.0679671720046031,0.0281616161616162,0.0281616161616162,0.0389239485050381
"GABPA","MTF1",0.0628550488852446,0.074,0.074,0.138407488793075
"GABPA","DNAJC5B",0.0385301885110476,0.05,0.05,0.141849842658857
"GABPA","SP1",0.0374860764434773,0.036,0.036,0.135770824129691
"GABPA","RUNX1",0.0335612300315837,0.062,0.062,0.176398154993471
"GABPA","SOX12",0.032883805867615,0.034,0.034,0.104271689098971
"GABPA","IKZF1",0.0318833452922424,0.046,0.046,0.0693839905617447
"GABPA","CEBPG",0.0299105761098864,0.06,0.06,0.180668869073947
"GABPA","ITGA8",0.0291508928640505,0.024,0.024,0.0749481354656966
"GABPA","RELA",0.0272324888592459,0.04,0.04,0.22146485710306
"GABPA","ZNF684",0.0258745186652714,0.044,0.044,0.0349933630116907
"GABPA","E2F4",0.0250527657876181,0.054,0.054,0.0718055051656128
"GABPA","NFYC",0.0239665882968432,0.052,0.052,0.0437124798941735
"GABPA","DLX4",0.0224136817049791,0.0268350754936121,0.0268350754936121,0.0314721645345788
"GABPA","ZBTB33",0.0198114024391615,0.026,0.026,0.115922295576678
"GABPA","LRRK2",0.0191326907343376,0.07,0.07,0.216450525980566
"GABPA","POU5F1B",0.0189373347931759,0.0285914534022187,0.0285914534022187,0.0898800464420574
"GABPA","REST",0.017593191567179,0.016,0.016,0.103066845051514
"GABPA","LIMA1",0.0169659815650968,0.028,0.028,0.0290986842300449
"GABPA","CD84",0.0166681377616572,0.054,0.054,0.174063655914284
"GABPA","STAT4",0.0159015915194282,0.038,0.038,0.0272056490209125
"GABPA","GPR18",0.015796200451244,0.034,0.034,0.164621842390057
"GABPA","IFIT2",0.0151068276181083,0.044,0.044,0.174824372080931
"GABPA","RORA",0.014877585598963,0.04,0.04,0.170842776196954
"GABPA","NFYA",0.0144600965048526,0.016,0.016,0.0595913728188047
"GABPA","BHLHE41",0.0134569261124847,0.052,0.052,0.00232116646738787
"GABPA","LAG3",0.010618912899042,0.026,0.026,0.0323189556493671
"GABPA","NXPH4",0.010618765120573,0.026,0.026,0.144979336407444
"GABPA","SSBP1",0.0105756828398325,0.04,0.04,0.0247359659120809
"GABPA","SPI1",0.0113853099314789,0.018,0.018,-0.0381252195418704
"GABPA","CREB3",0.0116670227773447,0.036,0.036,-0.145757036382593
"GABPA","PFN1",0.0119887185986728,0.046,0.046,-0.0146412270647993
"GABPA","KLF15",0.0128503856494569,0.0250278844234675,0.0250278844234675,-0.0917692833183582
"GABPA","SELL",0.0136286224669833,0.026,0.026,-0.0437938226532833
"GABPA","HOXB3",0.0137454468011979,0.0213710292561699,0.0213710292561699,-0.00508949275979202
"GABPA","ZNF384",0.0150520724420085,0.016,0.016,-0.0391089654395021
"GABPA","TCF7L2",0.0155705949024421,0.0140812203669347,0.0140812203669347,-0.011689525959457
"GABPA","RUNX2",0.0156156220609145,0.046,0.046,-0.2045251273708
"GABPA","KIAA0125",0.0186785555310678,0.048,0.048,-0.160565481207641
"GABPA","ARX",0.0214324204605331,0.0654065040650406,0.0654065040650406,-0.0511190768613401
"GABPA","NHLH1",0.0369568429811079,0.0306382978723404,0.0306382978723404,-0.10856425601603
"GABPA","TAS1R3",0.0379987720568164,0.054,0.054,-0.0376064142087074
"GABPA","ISL2",0.0864913399589394,0.068,0.068,-0.0883355879279934
"GABPA","SHOX2",0.101553061793073,0.0503134796238244,0.0503134796238244,-0.0704219964498903
"GATA2","HES5",0.0515493353456171,0.0524755244755245,0.0524755244755245,0.117344015939423
"GATA2","INA",0.0492810942412744,0.0358878020793977,0.0358878020793977,0.165644907044451
"GATA2","PAX2",0.0283934786323352,0.0201726844583987,0.0201726844583987,0.0495540642933635
"GATA2","ITGA2",0.0222181177172007,0.0390374331550802,0.0390374331550802,0.125396326149116
"GATA2","KBTBD11",0.0168095493778101,0.00881562881562882,0.00881562881562882,0.120881211512574
"GATA2","TEAD4",0.0142119517313188,0.0180075692490833,0.0180075692490833,0.144502373175875
"GATA3","MYBL1",0.499824317673465,0.09625,0.09625,0.172075522190699
"GATA3","ARL13B",0.0694342579675444,0.13,0.13,0.113604383574629
"GATA3","NR5A2",0.0613058392799401,0.0498112284981238,0.0498112284981238,0.0410171654260834
"GATA3","CD96",0.0483907840892559,0.104,0.104,0.0990374723331188
"GATA3","SYCP2",0.0435425700002445,0.018,0.018,0.0664700536012075
"GATA3","ARNTL",0.0172887904226571,0.032,0.032,0.0829087423926844
"GFI1","TFAP2E",0.106686815754327,0.045752442002442,0.045752442002442,0.0768550619874197
"GFI1","ASCL2",0.0785019719021618,0.034110061870288,0.034110061870288,0.0370506041245001
"GFI1","HSF4",0.0383398923399792,0.0307686791321047,0.0307686791321047,0.117895697828289
"GFI1","RUNX2",0.0374956148982517,0.068,0.068,0.249558471125351
"GFI1","HOXD3",0.0361158900717187,0.0401497651700904,0.0401497651700904,0.0715929114643872
"GFI1","FAM92B",0.0322308507714729,0.024,0.024,0.120231847723881
"GFI1","IL1RN",0.0273167101333671,0.052,0.052,0.114454708646575
"GFI1","COL7A1",0.0179482518448735,0.014,0.014,0.137729779370824
"GFI1","HIST1H1B",0.0110851702747236,0.068,0.068,0.0246071093471761
"GFI1","ATF7",0.0251237342990171,0.04,0.04,-0.0890002018905531
"GLI3","TAS1R3",0.118621996513258,0.052,0.052,0.169009360184541
"GLI3","MZF1",0.0937147162748039,0.028,0.028,0.186318878004513
"GLI3","SOX13",0.0431656885450975,0.0289570900824098,0.0289570900824098,0.0260186762080461
"GLI3","ZNF16",0.0385245160983782,0.02,0.02,0.0940746898969455
"GLI3","SCRT1",0.0308308583687017,0.0172315592903828,0.0172315592903828,0.0285015265243459
"GLI3","RXRB",0.0284763603496847,0.018,0.018,0.132407051044998
"GLI3","IRF6",0.0281719827037061,0.0296717403264258,0.0296717403264258,0.0389057230476809
"GLI3","HOXA1",0.0237292384653645,0.0117927170868347,0.0117927170868347,0.0214097273355678
"GLI3","SNAI3",0.0169842531073065,0.008,0.008,0.0775217856923938
"GLIS2","ASCL1",0.132752771934337,0.0481010101010101,0.0481010101010101,0.178513101158948
"GLIS2","MEIS3",0.111759046541327,0.0702389226728014,0.0702389226728014,0.163355179884436
"GLIS2","ZNF410",0.0869097294296781,0.04,0.04,0.113740540572325
"GLIS2","NKX6-1",0.0725408174421765,0.044769667771099,0.044769667771099,0.0821314879215583
"GLIS2","SOX18",0.0592025552671539,0.0449473684210526,0.0449473684210526,0.133430228635827
"GLIS2","GATA2",0.0483651748826506,0.0458072590738423,0.0458072590738423,0.0396751042003828
"GLIS2","HOXB6",0.0467212580124802,0.0254415434437077,0.0254415434437077,0.0256357896906424
"GLIS2","TWIST1",0.02386435293608,0.0103563103563104,0.0103563103563104,0.0769075752033848
"GLIS2","KLF1",0.0183742034220125,0.0214472893946578,0.0214472893946578,0.0577568625376635
"GLIS2","HEY1",0.0159897316797885,0.0109683794466403,0.0109683794466403,0.0212511787337862
"GLIS2","EMX1",0.0116977231990837,0.012040035325287,0.012040035325287,0.106966178387019
"GLIS3","MAFA",0.499188992604769,0.191504329004329,0.191504329004329,0.228076119155182
"GLIS3","ZIC2",0.135955681469343,0.0572155914261177,0.0572155914261177,0.102196701169952
"GLIS3","HOXC8",0.0852036479439498,0.0407264043558591,0.0407264043558591,0.0692765844817141
"GLIS3","HESX1",0.0720836766204268,0.0316516779995613,0.0316516779995613,0.054999136224661
"GLIS3","HOXC10",0.0487566268617202,0.03003003003003,0.03003003003003,0.0654978574052636
"GLIS3","ZNF410",0.0477175641696834,0.0275042444821732,0.0275042444821732,0.0485446849106208
"GLIS3","HSF2",0.0449019756292457,0.052,0.052,0.102061746444613
"GLIS3","BHLHE22",0.0358310838524945,0.0281549014354922,0.0281549014354922,0.0776348611893134
"GMEB2","POU5F1B",0.155612631331615,0.0818286493433676,0.0818286493433676,0.155461074711946
"GMEB2","CUX2",0.13010886284202,0.102080484914775,0.102080484914775,0.053977859412973
"GMEB2","ATF6",0.0117386836236642,0.018,0.018,0.0686689689245519
"GMEB2","RFX1",0.0236988954457551,0.04,0.04,-0.0185183090708341
"GRHL1","LHX2",0.176013155892732,0.0635880398671096,0.0635880398671096,0.153591371689221
"GRHL1","PBX1",0.068513955348603,0.0434639627295149,0.0434639627295149,0.060980897016153
"GRHL1","DLX2",0.0501349159405129,0.0413421926910299,0.0413421926910299,0.036104941449946
"GRHL1","DDX60",0.0148372974223689,0.04,0.04,0.0910712203957285
"GRHL1","GMEB1",0.0246830151485595,0.03,0.03,-0.0945133394237744
"HES1","HSF2",0.395699296495426,0.182,0.182,0.248056635223567
"HES1","ZNF703",0.34427621434399,0.08,0.08,0.395678880604474
"HES1","EGR1",0.243955836010033,0.128,0.128,0.457407943146499
"HES1","FOXD3",0.194806554795038,0.130740365111562,0.130740365111562,0.0944440492863603
"HES1","PLAG1",0.18250831977294,0.098,0.098,0.122771920025005
"HES1","HSF1",0.118795907722072,0.028,0.028,0.134121239291961
"HES1","SREBF2",0.116664038444446,0.02,0.02,0.0857370264077029
"HES1","C1orf228",0.0897563620012574,0.07,0.07,0.26422081755106
"HES1","TRIAP1",0.0650125090586035,0.052,0.052,0.104384364743566
"HES1","NR2C1",0.051947769867958,0.046,0.046,0.121523845886327
"HES1","REST",0.0499122658113502,0.046,0.046,0.0642242474745816
"HES1","RILPL2",0.0462205070674192,0.03,0.03,0.273249834840011
"HES1","KIF2A",0.0390999616485214,0.02,0.02,0.207182685843202
"HES1","USF2",0.0344649948010641,0.036,0.036,0.156266756025481
"HES1","BACH2",0.0342004729922821,0.04,0.04,0.500279121702845
"HES1","FAM167A",0.0309311961531708,0.096,0.096,0.156978688452033
"HES1","PPARG",0.0288179462729444,0.037182659123501,0.037182659123501,0.0181699213610883
"HES1","ZFX",0.0276311663649662,0.036,0.036,0.0812478943662974
"HES1","MFHAS1",0.0255049208073326,0.022,0.022,0.175978243883212
"HES1","KLF6",0.0227176835346145,0.028,0.028,0.603154983159196
"HES1","ZNF317",0.0225531380058793,0.01,0.01,0.329636188250268
"HES1","KISS1R",0.0219846046177324,0.0141414141414141,0.0141414141414141,0.00730798589351391
"HES1","RGCC",0.0218354448553893,0.044,0.044,0.0106793513502827
"HES1","CD72",0.0215762060457388,0.056,0.056,0.161949625368493
"HES1","MAX",0.0214955108967535,0.024,0.024,0.275003384923277
"HES1","MYB",0.0210959075915723,0.028,0.028,0.0141856160255255
"HES1","YY1",0.019211059151451,0.042,0.042,0.434088280925114
"HES1","LAPTM4B",0.0162829531137896,0.01,0.01,0.065883444936211
"HES1","FCER2",0.0142356555031744,0.048,0.048,0.406287579138219
"HES1","STEAP3",0.0138742730180215,0.0110866910866911,0.0110866910866911,0.00136514674200354
"HES1","ZNF263",0.0121086793072675,0.01,0.01,0.153342663159218
"HES1","NR3C1",0.0106419130045659,0.036,0.036,0.473281997744595
"HES1","PRDM15",0.0101577659779041,0.004,0.004,-0.23346669249787
"HES1","PPP1R14B",0.022378652552408,0.01,0.01,-0.0137799654044172
"HES1","HSF4",0.0250632900052714,0.0165264670465686,0.0165264670465686,-0.140131718576656
"HES1","TCF3",0.0265898129622835,0.044,0.044,-0.453546145052667
"HES1","POU2F2",0.0278568206829148,0.02,0.02,-0.367947165936032
"HES1","ESR2",0.0336348146818279,0.026,0.026,-0.0865761071985428
"HES1","CDCA8",0.0393441603348896,0.026,0.026,-0.0384863899070628
"HES1","MIXL1",0.0541451333524913,0.016,0.016,-0.279444867833524
"HES1","NFIL3",0.0577175265284446,0.018,0.018,-0.197417632216048
"HES1","FOXJ2",0.0837635240372521,0.072,0.072,-0.084379786607335
"HES2","SOX11",0.188978281719223,0.0745245841942353,0.0745245841942353,0.138318624128559
"HES2","ASCL1",0.0741713038142169,0.0501414141414141,0.0501414141414141,0.174564483770661
"HES2","KCNMA1",0.0457055289829354,0.062,0.062,0.284136297511384
"HES2","PERP",0.0406105531022009,0.066,0.066,0.281102685894131
"HES2","FOXD3",0.0365711197414509,0.0441666666666667,0.0441666666666667,0.0398325830211612
"HES2","WDR34",0.0338522251590893,0.05,0.05,0.23733727122884
"HES2","KIF5C",0.0308622635746015,0.026,0.026,0.289966546232618
"HES2","PPARG",0.0254567747443761,0.0129733520336606,0.0129733520336606,0.168826391979011
"HES2","IL32",0.0238552293393007,0.04,0.04,0.258109919811995
"HES2","HOXA7",0.0210914892572486,0.0204545454545455,0.0204545454545455,0.142426173921987
"HES5","GATA2",0.167358825285949,0.14306703254845,0.14306703254845,0.117344015939423
"HES5","NPAS2",0.155707661327724,0.0555506988879098,0.0555506988879098,0.300115767394177
"HES5","TLX2",0.108344611696265,0.0504091545522117,0.0504091545522117,0.104266476219531
"HES5","PPARG",0.0613409378954696,0.0414837343923182,0.0414837343923182,0.239488985488016
"HES5","DLX4",0.019448804958698,0.0172281369639093,0.0172281369639093,0.0505855255294635
"HES5","HLF",0.0154909297217163,0.0170194003527337,0.0170194003527337,0.137453515186711
"HES5","CCL17",0.0108866643570863,0.03,0.03,0.31551502016225
"HES6","CUX2",0.153947370831468,0.166572967260006,0.166572967260006,0.0639350557072815
"HES6","THRB",0.0773723184931514,0.0574124256444151,0.0574124256444151,0.0507634796551181
"HES6","DLX4",0.071030989622719,0.0416234352819719,0.0416234352819719,0.0358479441483748
"HES6","RFX4",0.0381124812983556,0.0313794854934095,0.0313794854934095,0.0147183717431097
"HES6","GMEB1",0.0247894459883791,0.03,0.03,0.0992945963293207
"HES6","HCK",0.0199398688241839,0.038,0.038,0.187229038567867
"HES6","ASCL2",0.0184909507447858,0.0256993678364646,0.0256993678364646,0.0574649109418623
"HES6","SCNN1B",0.0142237901993624,0.026,0.026,0.0394620511427938
"HES6","DUSP8",0.0125417621816469,0.054,0.054,0.189055824604289
"HES7","SLC16A9",0.0605829190403859,0.0524459709786971,0.0524459709786971,0.13946353259188
"HES7","HOXA9",0.054723014301986,0.0342365037029781,0.0342365037029781,0.195569522468787
"HES7","HOXA1",0.0302343646228615,0.0141743444365698,0.0141743444365698,0.0878540711265173
"HES7","PRR19",0.0287798924082312,0.0461436911896328,0.0461436911896328,0.139621639268633
"HES7","ZNF410",0.0202413506020702,0.0105715902659875,0.0105715902659875,0.0434692048968563
"HES7","NR5A2",0.0139422726341405,0.00946843853820598,0.00946843853820598,0.0405200829955697
"HES7","NR1I2",0.0115438378500039,0.00928030303030303,0.00928030303030303,0.0352750085588306
"HESX1","TCF7L2",0.0649383826962887,0.0323248814677386,0.0323248814677386,0.0531665705301388
"HESX1","POU2F1",0.0415219513606544,0.048,0.048,0.0976057885491302
"HESX1","HOXA9",0.0401966408597195,0.0946187914464771,0.0946187914464771,0.0652396440862701
"HESX1","HFE",0.0256295621292532,0.0322626262626263,0.0322626262626263,0.0658941009698238
"HESX1","ATF3",0.0171548080743987,0.04,0.04,0.0421648270945488
"HEY1","YY2",0.232068978740953,0.0952994599901816,0.0952994599901816,0.22887773683278
"HEY1","ASCL1",0.153893905764552,0.102141414141414,0.102141414141414,0.193398610550675
"HEY1","SOX11",0.0917472265759508,0.0521410929299166,0.0521410929299166,0.0768365061633474
"HEY1","HOXA9",0.0906723332993751,0.0945486861132139,0.0945486861132139,0.104441048661075
"HEY1","HOXA1",0.0622235337593983,0.0331386048395262,0.0331386048395262,0.066819880949711
"HEY1","KCNMA1",0.054221500502573,0.054,0.054,0.113508339741951
"HEY1","TLX2",0.0292411606543763,0.0317500939230835,0.0317500939230835,0.0428257147842761
"HEY1","FOXA3",0.027687520087679,0.0529650916680568,0.0529650916680568,0.0411799008172108
"HEY1","DLX4",0.0252465352224982,0.0147273841786037,0.0147273841786037,0.0300536640702096
"HEY1","SLC16A9",0.0219998117054529,0.0176582278481013,0.0176582278481013,0.0562194538665586
"HEY1","IL32",0.0207534197248258,0.02,0.02,0.128370838198444
"HEY1","PPARG",0.0146927796773946,0.00879545729128911,0.00879545729128911,0.0573539476047075
"HEY1","STEAP3",0.0132727184867061,0.00886446886446886,0.00886446886446886,0.0532182130261032
"HEY2","ZNF410",0.130294751476803,0.0592642897566497,0.0592642897566497,0.123318909121654
"HEY2","SOX11",0.0116375412889922,0.00975609756097561,0.00975609756097561,0.0503526788154755
"HIC2","DMBX1",0.0806143272256929,0.0629919371426221,0.0629919371426221,0.0896247683126287
"HIC2","NFYB",0.0660508812240921,0.04,0.04,0.0824399195906961
"HIC2","GABPA",0.060537956119699,0.062,0.062,0.168406925558673
"HIC2","SOX13",0.0535829503495822,0.154464723966003,0.154464723966003,0.0302235331593726
"HIC2","MT1E",0.0476522920327236,0.024,0.024,0.0145245939958916
"HIC2","SMAD4",0.0461501084836824,0.08,0.08,0.169981236573528
"HIC2","POLR3G",0.042699233633811,0.042,0.042,0.0205150819841252
"HIC2","RGCC",0.0349615021598947,0.042,0.042,0.133025056852788
"HIC2","NQO1",0.0340563239803701,0.09,0.09,0.130597794730757
"HIC2","SOX12",0.0339280683813851,0.02,0.02,0.0938839493881727
"HIC2","ITGA2",0.0321448280653546,0.0391176470588235,0.0391176470588235,0.021862439902782
"HIC2","DDIT4",0.0316983651480555,0.032,0.032,0.0914121780175773
"HIC2","NOLC1",0.029080597466028,0.052,0.052,0.0669686465689233
"HIC2","FOXK1",0.0260404082772645,0.038,0.038,0.107687816087005
"HIC2","EIF1AX",0.0227733428282498,0.014,0.014,0.0436534762955012
"HIC2","MAFK",0.0217182758868746,0.024,0.024,0.0203447939393542
"HIC2","NFKB1",0.0213407389632318,0.032,0.032,0.111694446752372
"HIC2","SNTA1",0.0191887134536058,0.018,0.018,0.0402309954626297
"HIC2","NCKAP5L",0.0189210535120344,0.014,0.014,0.0648684772941679
"HIC2","THAP11",0.0173045618554859,0.028,0.028,0.0827088152343701
"HIC2","POU4F1",0.0109583285139902,0.01,0.01,0.0100143036087833
"HIC2","CXCR4",0.010657975398797,0.036,0.036,0.135036703114247
"HIC2","BATF2",0.0105988920412601,0.0145425840060946,0.0145425840060946,0.0400767132189242
"HIC2","GFI1",0.0104233970224424,0.0181628530199959,0.0181628530199959,-0.0602885016971615
"HIC2","TFDP1",0.0104472700766458,0.016,0.016,-0.0656626569584518
"HIC2","ETV4",0.0135131633583189,0.0262105263157895,0.0262105263157895,-0.0115329669304238
"HIC2","IRF9",0.0135504665356567,0.03,0.03,-0.0336876191759389
"HIC2","TFAP2E",0.0158130078145829,0.0472658226653072,0.0472658226653072,-0.0568964733776217
"HIC2","TFRC",0.0167105130287351,0.02,0.02,-0.0141377023385948
"HIC2","TPI1",0.0175836890480992,0.034,0.034,-0.0704053505092287
"HIC2","MEF2D",0.0192451947642507,0.05,0.05,-0.0158701943010784
"HIC2","HHLA2",0.0334025600468607,0.0387772103530572,0.0387772103530572,-0.0136758077219636
"HIC2","POLD3",0.0445432284014902,0.024,0.024,-0.0127727620080295
"HIF1A","NR1H2",0.0706185891537967,0.074,0.074,0.408317828088698
"HIF1A","SP3",0.0333564274870739,0.016,0.016,0.202327271440517
"HIF1A","MEF2A",0.024701424201406,0.058,0.058,0.41602549408594
"HIF1A","IRF9",0.0157633563129619,0.01,0.01,0.0978057271448515
"HIF1A","CD83",0.0127475066441685,0.064,0.064,0.41168605589367
"HIF1A","HFE",0.0109689809879821,0.0241212121212121,0.0241212121212121,0.0228913160625736
"HIF1A","HES1",0.0106025906409518,0.042,0.042,0.374475166015833
"HIF1A","ZNF140",0.0108060425854483,0.014,0.014,-0.0700966224520149
"HIF1A","NGFRAP1",0.0140415549669426,0.028,0.028,-0.0739640014357608
"HIF1A","CHAC1",0.0193058101133722,0.048,0.048,-0.193732636617743
"HIF1A","BARHL2",0.019732964637888,0.066031746031746,0.066031746031746,-0.065915587809588
"HIF1A","HILPDA",0.032187011627927,0.07,0.07,-0.152135957119246
"HIF1A","RFX4",0.0431811556333376,0.0684325168502384,0.0684325168502384,-0.0846280442397981
"HIF1A","CUX2",0.0464147420978065,0.0807726864330638,0.0807726864330638,-0.0819527247318915
"HIF1A","ZNF341",0.0743429560761781,0.044,0.044,-0.270655745813576
"HIF1A","MZF1",0.085937916806667,0.05,0.05,-0.182076707881578
"HINFP","MNX1",0.74289966394836,0.246,0.246,0.0851534911936429
"HINFP","SP4",0.0924908927675449,0.066,0.066,0.118689874353105
"HINFP","GATA3",0.0702087442306075,0.0345714285714286,0.0345714285714286,0.0620852359226615
"HINFP","HOXB3",0.0623148031510145,0.0611412120764745,0.0611412120764745,0.0678983475619166
"HINFP","TEAD3",0.0465570710634479,0.0242646876932591,0.0242646876932591,0.097019191803189
"HINFP","CTSH",0.0455433901024663,0.022,0.022,0.194177847534425
"HINFP","NFIX",0.0444032681325828,0.0283673469387755,0.0283673469387755,0.00396487726408895
"HINFP","ZNF740",0.0250689866705384,0.042,0.042,0.100867745150843
"HINFP","ZBTB32",0.0143583450084872,0.042,0.042,0.104541058187735
"HINFP","ACTR3",0.0121737289571696,0.03,0.03,0.192766488251124
"HINFP","FOXP2",0.012122737001868,0.0193953773540413,0.0193953773540413,0.0274781810969011
"HINFP","MNT",0.0110063499871749,0.016,0.016,0.0359663795616452
"HINFP","FOXO1",0.0102405312110882,0.024,0.024,0.109610666397562
"HLF","TFAP2B",0.372622201505885,0.227111508017841,0.227111508017841,0.263497276617836
"HLF","KLF1",0.174314814315113,0.0806674569306148,0.0806674569306148,0.226968291135581
"HLF","WDR65",0.116809195309228,0.042,0.042,0.472021359092476
"HLF","CCL17",0.112460220047308,0.094,0.094,0.484263569596761
"HLF","CCNA1",0.100447363524137,0.0412638304503662,0.0412638304503662,0.199534409610492
"HLF","HDGFRP3",0.0551524232174157,0.0227891156462585,0.0227891156462585,0.348954852828496
"HLF","DPP4",0.0513935483210375,0.0196421444487399,0.0196421444487399,0.223236954551892
"HLF","HOPX",0.0382288152855766,0.026,0.026,0.366276009458257
"HLF","HSPB1",0.0376138669111045,0.036,0.036,0.369117650604457
"HLF","RHOC",0.0353865884559777,0.072,0.072,0.39404206102417
"HLF","MYH10",0.0340728189735794,0.0163475699558174,0.0163475699558174,0.169594063868008
"HLF","ID2",0.0255744108388953,0.03,0.03,0.319279439914869
"HLF","ETV5",0.0240344626939876,0.02,0.02,0.388048669645999
"HLF","SYT11",0.0231167336638433,0.028,0.028,0.375235653284987
"HLF","VRK2",0.0207408309464045,0.026,0.026,0.294996776375635
"HLF","RCAN2",0.015228978373729,0.03,0.03,0.274450661611958
"HLF","BCAT1",0.0135843219612507,0.022,0.022,0.343878985877767
"HLF","SOX4",0.0112984079775466,0.046,0.046,0.232911625925664
"HLF","FNIP2",0.0105562619261322,0.014,0.014,0.227704735543724
"HLF","KYNU",0.0102639415760442,0.02,0.02,0.317786106994143
"HLTF","CTCF",0.1073612197413,0.038,0.038,0.293265657344523
"HLTF","TUBA1B",0.0860599277009437,0.03,0.03,0.521616121881727
"HLTF","TCF12",0.0854333955735072,0.02,0.02,0.27301107704944
"HLTF","E2F6",0.0839131491043585,0.058,0.058,0.232583808323892
"HLTF","PPA1",0.0802514017821385,0.018,0.018,0.515625046397976
"HLTF","BNIP3",0.0676209147735028,0.034,0.034,0.474842009706541
"HLTF","CDC20",0.0658232382528247,0.034,0.034,0.458956112971844
"HLTF","SLC25A5",0.0620921867596123,0.042,0.042,0.527980194976463
"HLTF","ACTR3",0.0565555738431851,0.032,0.032,0.526134654750384
"HLTF","SNRPG",0.0522742090342403,0.018,0.018,0.543689839730247
"HLTF","CDK1",0.0471930379886178,0.032,0.032,0.459801454249456
"HLTF","TMSB4X",0.0450698016076046,0.016,0.016,0.521290794894673
"HLTF","TXN",0.0390910530683585,0.012,0.012,0.535647463025716
"HLTF","KPNA2",0.0374079067702687,0.022,0.022,0.420223535229003
"HLTF","AK4",0.033982107854747,0.03,0.03,0.429285853068731
"HLTF","ONECUT2",0.0301043573285437,0.0403851209893374,0.0403851209893374,0.220828779330403
"HLTF","IL2RB",0.0233811976024182,0.018,0.018,0.500368617317988
"HLTF","CHORDC1",0.0223698813848084,0.042,0.042,0.403124735702645
"HLTF","HMMR",0.0223479189535599,0.028,0.028,0.484170131100002
"HLTF","LYAR",0.0197449476410112,0.054,0.054,0.510073796284827
"HLTF","SPC25",0.0163403863453447,0.02,0.02,0.449238359486504
"HLTF","MCM3",0.0144895954087832,0.02,0.02,0.513169948200847
"HLTF","CEP55",0.0138427090573373,0.018,0.018,0.488249091387079
"HLTF","TPX2",0.012410193243431,0.028,0.028,0.499122831113232
"HLTF","CCDC34",0.0119250208833277,0.03,0.03,0.469125169152558
"HLTF","BUB1B",0.0111611879191254,0.016,0.016,0.445484031546282
"HLTF","HMX2",0.0111317864031352,0.0360998650472335,0.0360998650472335,0.0938987638095236
"HLTF","MCM6",0.0106640623671625,0.038,0.038,0.489259405339645
"HLTF","USF1",0.0165755561720916,0.016,0.016,-0.207644959032694
"HLTF","NHLH1",0.0171135781388477,0.0303750822548805,0.0303750822548805,-0.0443642095044988
"HMBOX1","KLHL21",0.0404168334996584,0.048,0.048,0.0228763976508108
"HMBOX1","NFAT5",0.0361015021550609,0.052,0.052,0.173909712939782
"HMBOX1","MLXIPL",0.0250660787998335,0.0384615384615385,0.0384615384615385,0.0196791743494193
"HMBOX1","ZKSCAN1",0.0179202855938509,0.05,0.05,0.12059760683375
"HMBOX1","POU2F1",0.0118101640354674,0.02,0.02,0.0682267540210729
"HMBOX1","CUX1",0.0108214679159326,0.022,0.022,0.122513888441773
"HMBOX1","ZNF652",0.0106704016054961,0.024,0.024,0.101438543333148
"HMBOX1","RFX1",0.0112894808616833,0.02,0.02,-0.0107679884589192
"HMBOX1","EXO1",0.0148217736801117,0.034,0.034,-0.182226154988145
"HMBOX1","CTSH",0.0163968993977553,0.026,0.026,-0.0787155156913296
"HMBOX1","KLF5",0.0219028680813279,0.0321222410865874,0.0321222410865874,-0.0547282281179284
"HNF1B","ARNT2",0.0846486348480901,0.0501315806233839,0.0501315806233839,0.0680525047462461
"HNF1B","GRHL1",0.0485050079643534,0.0317375886524823,0.0317375886524823,0.129374314234539
"HNF1B","NR1I2",0.045113986333875,0.0365302181478652,0.0365302181478652,0.0225673350790577
"HNF1B","HOXA9",0.0382348075337272,0.0262206310872497,0.0262206310872497,0.0419566381295591
"HNF1B","DMBX1",0.0113842505822378,0.0459178082191781,0.0459178082191781,0.0146125582882073
"HOXA1","HOXA4",0.089658580371554,0.0665759674959202,0.0665759674959202,0.116668900819899
"HOXA1","WDR65",0.0460930512642283,0.056,0.056,0.347337125794983
"HOXA1","HESX1",0.0366763642202052,0.0299526974832391,0.0299526974832391,0.0888063977793036
"HOXA1","SOX9",0.0128939579559844,0.0920547345374932,0.0920547345374932,0.0338276122007812
"HOXA10","ITGA2",0.150407413591855,0.0598128342245989,0.0598128342245989,0.210783945761113
"HOXA10","FHL2",0.11139004354074,0.0456876915387076,0.0456876915387076,0.147006318566507
"HOXA10","TP63",0.10887003398587,0.0378060785037529,0.0378060785037529,0.10030964746608
"HOXA10","PPARG",0.0935706101119671,0.0391866408223942,0.0391866408223942,0.103309914839553
"HOXA10","TFAP2A",0.090144279524561,0.035010708589656,0.035010708589656,0.0487842082936068
"HOXA10","HTR3A",0.0686081860390719,0.042,0.042,0.140494753082086
"HOXA10","MYH10",0.0676743840308599,0.0327372185987797,0.0327372185987797,0.177157869685274
"HOXA10","CCR5",0.0545008147772424,0.0267500345230621,0.0267500345230621,0.0842357346275385
"HOXA10","MSC",0.0473011346806843,0.068,0.068,0.1965470431589
"HOXA10","HPGD",0.0386474264810136,0.068,0.068,0.177653728423102
"HOXA10","TPRG1",0.0320886482373811,0.052,0.052,0.130895447826277
"HOXA10","SIX1",0.0316091671630857,0.0144929453262787,0.0144929453262787,0.0853215885493019
"HOXA10","PERP",0.0301386601843997,0.054,0.054,0.0968488711634874
"HOXA10","CCL3",0.0299077554810164,0.044,0.044,0.144515775013518
"HOXA10","NR5A2",0.0258696361957533,0.0142590530187979,0.0142590530187979,0.0367930482690862
"HOXA10","TESC",0.0221550987600446,0.062,0.062,0.186285722134981
"HOXA10","CD70",0.021877388470177,0.052,0.052,0.116634061564181
"HOXA10","HOPX",0.0213187143212015,0.052,0.052,0.0738902175971105
"HOXA10","ATF4",0.0182789792147762,0.038,0.038,0.130532239649441
"HOXA10","YY2",0.014587806235262,0.0104166666666667,0.0104166666666667,0.0474295781207971
"HOXA10","HDGFRP3",0.0136111141700692,0.0105043859649123,0.0105043859649123,0.0552579146460432
"HOXA10","SOX4",0.0102051920881039,0.03,0.03,0.203231718909521
"HOXA4","SH2D2A",0.0631203262651844,0.044,0.044,0.31415891470225
"HOXA4","RCAN2",0.0379779316661105,0.044,0.044,0.315431889916699
"HOXA4","NR5A2",0.0300792152115163,0.0164451827242525,0.0164451827242525,0.118793352810568
"HOXA4","HOXB6",0.029931445867095,0.0453544455136617,0.0453544455136617,0.0879032637956754
"HOXA4","KBTBD11",0.0250722982084418,0.0176312576312576,0.0176312576312576,0.0823639808431346
"HOXA4","CCR5",0.0223809350970266,0.0114126837018403,0.0114126837018403,0.123603378839358
"HOXA4","HOXA1",0.018753036823731,0.00711484593837535,0.00711484593837535,0.116668900819899
"HOXA5","ETV2",0.0443398891200672,0.0168531012304751,0.0168531012304751,0.024215213182443
"HOXA5","ARNTL",0.0188123790319504,0.012,0.012,0.109502247339409
"HOXA7","ARNT2",0.265015043096344,0.138834171293188,0.138834171293188,0.223730453472804
"HOXA7","SOX4",0.101926763838932,0.032,0.032,0.317896088765766
"HOXA7","NGFRAP1",0.0738449474326395,0.034,0.034,0.170546724080585
"HOXA7","KLF1",0.0642159333913306,0.054266951161688,0.054266951161688,0.103524350542656
"HOXA7","HES6",0.0399812753586135,0.028,0.028,0.101326642469231
"HOXA7","SOX9",0.0339456489440663,0.226495165115855,0.226495165115855,0.049902754602757
"HOXA7","PRC1",0.0228658127880525,0.032,0.032,0.258133780691826
"HOXA7","MITF",0.0215491085047904,0.011900333255832,0.011900333255832,0.0694604037574219
"HOXA7","TMEM173",0.0174703289160442,0.014,0.014,0.237003365419088
"HOXA7","SOX6",0.0117976169626331,0.0172883597883598,0.0172883597883598,0.0638395493961933
"HOXB2","ONECUT3",0.214998739674696,0.188592020592021,0.188592020592021,0.152637876735432
"HOXB2","SIX3",0.21454359191734,0.0823575866804321,0.0823575866804321,0.2135951788158
"HOXB2","HEY2",0.118889470794143,0.0690459336385796,0.0690459336385796,0.0617021193257286
"HOXB2","HOXA4",0.0454225045722265,0.0563356780385448,0.0563356780385448,0.0353841056568216
"HOXB3","ONECUT3",0.193697186469816,0.106344214344214,0.106344214344214,0.124228493137551
"HOXB3","NFATC4",0.140511389647034,0.0715225690247594,0.0715225690247594,0.14590798492178
"HOXB3","HEY2",0.102129955168285,0.0792230451595989,0.0792230451595989,0.0503175170560318
"HOXB3","CREB3L1",0.0628939897035754,0.0389766961636535,0.0389766961636535,0.0786805795161266
"HOXB3","PITX1",0.0352789215390309,0.0264557647063684,0.0264557647063684,0.0711067364155466
"HOXB3","PBX2",0.0301402814197074,0.048,0.048,0.152974879327629
"HOXB3","RASSF6",0.0239214496246729,0.044,0.044,0.226057339972055
"HOXB3","MAF",0.0150719810224432,0.016,0.016,0.0734287192222246
"HOXB3","TIMD4",0.0141498279349791,0.024,0.024,0.14585641038611
"HOXB3","POU6F1",0.0136867565169404,0.01,0.01,0.0934000326723631
"HOXB3","SCNN1B",0.0128202107304308,0.016,0.016,0.123278417019635
"HOXB3","CUX1",0.0125087194500946,0.032,0.032,0.0517376642581551
"HOXB3","SP1",0.0124826795188904,0.02,0.02,0.116437104098186
"HOXB3","HESX1",0.0109062036170172,0.00842528395815253,0.00842528395815253,0.0419587640761836
"HOXB3","ZNF684",0.0102710414573079,0.01,0.01,-0.0110356700919553
"HOXB3","CCR5",0.0142274774466413,0.0218362282878412,0.0218362282878412,-0.00833415373702189
"HOXB4","SOX6",0.228052067745174,0.100524691358025,0.100524691358025,0.0513423226618409
"HOXB4","HOXA5",0.0497271388413298,0.0224413604595607,0.0224413604595607,0.0565910722254678
"HOXB4","LIMA1",0.0469332304907689,0.058,0.058,0.135534861185717
"HOXB4","TFAP2E",0.042837775910652,0.0188959694372066,0.0188959694372066,0.0164882536818033
"HOXB4","HMX2",0.0375602667805361,0.0260458839406208,0.0260458839406208,0.0851974210187213
"HOXB4","SIX3",0.0278381311242456,0.016256092288924,0.016256092288924,0.0584852060618015
"HOXB4","TEF",0.0273026255649633,0.03,0.03,0.104473226737009
"HOXB4","LGALS3",0.0211928088452996,0.032,0.032,0.11299494937293
"HOXB4","IVNS1ABP",0.0179359971744463,0.072,0.072,0.0601597934246414
"HOXB4","ATF1",0.0162811639722146,0.032,0.032,0.0598468745456554
"HOXB4","NFYA",0.0159699909007605,0.018,0.018,0.0145203374378067
"HOXB4","HESX1",0.0131564996725514,0.00625137091467427,0.00625137091467427,0.0651046873353739
"HOXB4","KIF14",0.0120099647697095,0.028,0.028,0.0492728294256151
"HOXB4","CADM1",0.0118989275812318,0.034,0.034,0.178648231497424
"HOXB4","SOX4",0.0161638669991846,0.024,0.024,-0.0352147555856803
"HOXB4","MSC",0.0195961417090577,0.028,0.028,-0.00432737171196982
"HOXB6","PITX2",0.347357506414858,0.314663382594417,0.314663382594417,0.140651327716806
"HOXB6","SIX1",0.120864562579442,0.111327160493827,0.111327160493827,0.202086844398853
"HOXB6","SOX6",0.0869003655520689,0.0427838827838828,0.0427838827838828,0.0409146854260816
"HOXB6","KBTBD11",0.0408724054337105,0.022002442002442,0.022002442002442,0.148277144120856
"HOXB6","TP63",0.0154266092206519,0.0070874861572536,0.0070874861572536,0.0715539242538635
"HOXB6","RCAN2",0.0133868649810008,0.022,0.022,0.240918726626074
"HOXB6","MGST1",0.010987487975417,0.0221001221001221,0.0221001221001221,0.0833880678618137
"HOXB7","HESX1",0.111306486435899,0.0802659812888028,0.0802659812888028,0.118392597584533
"HOXB7","HRAS",0.076637048293021,0.064,0.064,0.147862983360478
"HOXB7","POU6F1",0.0635239135312954,0.078,0.078,0.0900833840794787
"HOXB7","IRF6",0.0603054528860056,0.0682876439615849,0.0682876439615849,0.0946249053298904
"HOXB7","CKAP2L",0.0557981667238073,0.024,0.024,0.106584063423585
"HOXB7","HSF1",0.055215840312671,0.07,0.07,0.0447113993248984
"HOXB7","ZNF410",0.0495784909061295,0.0421958121109225,0.0421958121109225,0.0956695719497202
"HOXB7","MAF",0.0332847062317198,0.05,0.05,0.114862769343389
"HOXB7","SIX1",0.0297220236226576,0.0506216931216931,0.0506216931216931,0.0807141703786739
"HOXB7","KIAA0101",0.0281297810478832,0.044,0.044,0.151135358274675
"HOXB7","SOX4",0.0269335101537176,0.018,0.018,0.126453503575264
"HOXB7","GMNN",0.026868627194391,0.03,0.03,0.154382972287263
"HOXB7","AQP3",0.0233758333536078,0.012,0.012,0.219608906205057
"HOXB7","DPYSL2",0.0218130669002873,0.068,0.068,0.125585496732305
"HOXB7","TMEM99",0.0216271538504765,0.024,0.024,0.101462087339391
"HOXB7","ASPM",0.0173714543300904,0.012,0.012,0.166915948715112
"HOXB7","NCAPG",0.0166553573711872,0.038,0.038,0.159782070256125
"HOXB7","RRM2",0.0143044072966414,0.032,0.032,0.166195858071756
"HOXB7","BHLHE41",0.0124511159458117,0.05,0.05,0.222549879129536
"HOXB7","SOX11",0.0124094362772921,0.0121951219512195,0.0121951219512195,0.0496288042884588
"HOXB7","ATF5",0.011502869692653,0.048,0.048,0.205450512473092
"HOXB7","RCAN2",0.0105533100640276,0.034,0.034,0.0684506372005424
"HOXB7","CCDC34",0.0100699443328587,0.018,0.018,0.146799038232569
"HOXB7","FAM129A",0.0100319835912527,0.016,0.016,0.191123843055812
"HOXB7","ZBTB33",0.0379393876862896,0.022,0.022,-0.103888051854518
"HOXB7","GMEB1",0.0466585020700281,0.052,0.052,-0.0345267978302062
"HOXB9","HOXC10",0.0415323411728852,0.0246996996996997,0.0246996996996997,0.0761204728429506
"HOXB9","HOXA7",0.0279370929716607,0.0386363636363636,0.0386363636363636,0.114986332302378
"HOXB9","FOXA3",0.0203079505434448,0.0257426118185612,0.0257426118185612,0.0782351390425808
"HOXB9","HOXA1",0.013271418565796,0.011849414464581,0.011849414464581,0.0986379749423474
"HOXC10","HOXA7",0.0348744927611381,0.0159090909090909,0.0159090909090909,0.0929204442272618
"HOXC10","HOXB7",0.0137353639697571,0.01,0.01,0.0798652844279447
"HOXC10","ZBTB26",0.0119103472869333,0.016,0.016,0.0823479218713923
"HOXC4","HOXA5",0.10798101007379,0.0826214735719286,0.0826214735719286,0.0897148881878247
"HOXC4","PPA1",0.0865686127859498,0.02,0.02,0.155175487530469
"HOXC4","FAH",0.0623330626887921,0.036,0.036,0.144123407407629
"HOXC4","TEF",0.0494049839756574,0.056,0.056,0.118501968155422
"HOXC4","NR2C2",0.0477080906277971,0.074,0.074,0.05940882579533
"HOXC4","SSBP1",0.0316448249147375,0.022,0.022,0.136740794863708
"HOXC4","CYB5R2",0.0296288874450418,0.04,0.04,0.123103491117921
"HOXC4","TET1",0.0259507526673104,0.0562848897134611,0.0562848897134611,0.0608951875471051
"HOXC4","HOXA1",0.0256154984629249,0.120876446964328,0.120876446964328,0.0398115996589691
"HOXC4","RAB7L1",0.0245040357432483,0.054,0.054,0.194462417736967
"HOXC4","LCK",0.0242779497670472,0.0204081632653061,0.0204081632653061,0.0463077993197158
"HOXC4","ITGA2",0.0234572601829755,0.0486096256684492,0.0486096256684492,0.0587134656752662
"HOXC4","LGALS3",0.023319271131141,0.022,0.022,0.117618508388536
"HOXC4","APEX1",0.0229889268747727,0.018,0.018,0.106693343041062
"HOXC4","EIF1AX",0.0201201671113679,0.014,0.014,0.116997307226518
"HOXC4","CD86",0.015582035982339,0.008,0.008,0.0859806204672156
"HOXC4","NR5A2",0.0150847943388506,0.0541568737329619,0.0541568737329619,0.0780201034279694
"HOXC4","CREB5",0.0121436116491398,0.00833423765599566,0.00833423765599566,0.0837080246618875
"HOXC4","KIAA0020",0.0115258723638383,0.014,0.014,0.0717943450563372
"HOXC8","GLIS3",0.079887021606483,0.0390659340659341,0.0390659340659341,0.0692765844817141
"HOXC8","CEBPD",0.0651250663465799,0.0392199663370503,0.0392199663370503,0.0974771429485863
"HOXC8","SIX1",0.0324631493312839,0.0168430335097002,0.0168430335097002,0.0143609129732756
"HOXC8","EOMES",0.0246083133938266,0.006,0.006,0.117334306297324
"HOXC8","NFKBIE",0.0136708762590074,0.064,0.064,0.0863808379990932
"HOXD3","HOXA5",0.136939165788965,0.0617473527483639,0.0617473527483639,0.145444942919973
"HOXD3","HESX1",0.0595822001775741,0.0234042553191489,0.0234042553191489,0.0121599184661466
"HOXD3","LHX2",0.0282329597665671,0.0188795518207283,0.0188795518207283,0.1576660845269
"HOXD3","ZBTB33",0.0100029089580157,0.022,0.022,0.09294653098078
"HSF1","BCAS4",0.0418823639775135,0.06,0.06,0.382462279046819
"HSF1","TP63",0.0362336703245216,0.0521902300972068,0.0521902300972068,0.177861650107125
"HSF1","SYT11",0.0348523256171449,0.06,0.06,0.370001986383942
"HSF1","YBX3",0.0306904430841058,0.052,0.052,0.222438948962568
"HSF1","HESX1",0.0266730342734515,0.0594109120039673,0.0594109120039673,0.0353674121603656
"HSF1","HSPA1A",0.0257052266833384,0.022,0.022,0.191518921207277
"HSF1","MTDH",0.0248040379212247,0.036,0.036,0.14375221519208
"HSF1","NR2C2",0.0223169600250958,0.03,0.03,0.118266555807532
"HSF1","BAX",0.0213450948147125,0.018,0.018,0.387858027884265
"HSF1","CD163L1",0.0165594788792519,0.0156809669731018,0.0156809669731018,0.233085367591378
"HSF1","CCR5",0.0147955752443407,0.0246222749914938,0.0246222749914938,0.167822691034894
"HSF1","HSP90AB1",0.0138304954191277,0.03,0.03,0.410300770126906
"HSF1","HNRNPA2B1",0.0136723652376207,0.03,0.03,0.244702501035146
"HSF1","CREB5",0.0136128806958753,0.0332711611502984,0.0332711611502984,0.112347597759353
"HSF1","CCNA2",0.0129350151937076,0.012,0.012,0.287164779026126
"HSF1","LCP1",0.0123200696947676,0.024,0.024,0.366398674771693
"HSF1","HOXC10",0.0108692403368281,0.0486486486486487,0.0486486486486487,0.0359348810213126
"HSF1","ZBTB32",0.0107552237086197,0.014,0.014,0.217504732755376
"HSF1","MS4A7",0.0101925387267605,0.03,0.03,0.0850328388665756
"HSF1","TBX19",0.014974961166088,0.054,0.054,-0.0967533002676371
"HSF1","MEF2D",0.0372113869632112,0.054,0.054,-0.139764523195187
"HSF1","COL7A1",0.0622485064333208,0.048,0.048,-0.170552787762978
"HSF2","GLIS3",0.120203197529207,0.0954304029304029,0.0954304029304029,0.102061746444613
"HSF2","CEBPD",0.106720403781978,0.0783540220211796,0.0783540220211796,0.117104821232912
"HSF2","SIX1",0.0441907222339929,0.0630599647266314,0.0630599647266314,0.118748606837675
"HSF2","GPR18",0.0427421611601892,0.07,0.07,0.168027059684122
"HSF2","NR2C2",0.0323377178721856,0.034,0.034,0.136352615037255
"HSF2","SYT11",0.0254416166138244,0.05,0.05,0.23332214121993
"HSF2","KBTBD11",0.0221307220654523,0.0507203907203907,0.0507203907203907,0.0411312295765272
"HSF2","FOXN3",0.0207855383170068,0.03,0.03,0.106916364157187
"HSF2","G0S2",0.0204629221843977,0.042,0.042,0.0169156352456047
"HSF2","C1QBP",0.0191752705679423,0.038,0.038,0.194596717753272
"HSF2","NGFRAP1",0.0163487908718059,0.03,0.03,0.138671211751861
"HSF2","PLEKHA1",0.0153640581473802,0.054,0.054,0.0282994507178865
"HSF2","CCR5",0.0146316787838735,0.0292297157435129,0.0292297157435129,0.119670411466248
"HSF2","ZBTB32",0.0135541228658168,0.024,0.024,0.118621745424561
"HSF2","ARNT2",0.0130946523752587,0.0657014024227139,0.0657014024227139,0.0918393608791311
"HSF2","FAH",0.0114587815682019,0.036,0.036,0.152280997962674
"HSF2","PRR5L",0.0113995144013516,0.034,0.034,0.196831730680548
"HSF2","SEPW1",0.0100574724579932,0.024,0.024,0.229557207552068
"HSF2","EMX2",0.0133269992928487,0.0368162692847125,0.0368162692847125,-0.0642782618151267
"HSF2","TIMD4",0.0186822776046892,0.04,0.04,-0.108582104292529
"HSF2","FOXP2",0.0510406057440927,0.0515481404817074,0.0515481404817074,-0.0470279486595654
"HSF4","KLF15",0.105343314320852,0.0430054125133552,0.0430054125133552,0.0778067895430786
"HSF4","POU6F1",0.0416942143202985,0.02,0.02,0.0808855498356453
"HSF4","MEIS1",0.0386607308576345,0.0288910051269558,0.0288910051269558,0.112065663394864
"HSF4","GNB3",0.0291187118318466,0.024407338693053,0.024407338693053,0.106217090957906
"HSF4","CARD17",0.0202031731762171,0.00860215053763441,0.00860215053763441,0.0862755318649177
"HSF4","FOXP2",0.0149153452105844,0.00976056123227085,0.00976056123227085,0.0583266401228421
"HSF4","NFATC3",0.0101647754156852,0.032,0.032,0.0113042488888049
"HSF4","ARNTL",0.0267275297172211,0.036,0.036,-0.119648693331965
"HSF4","HESX1",0.0344329500101237,0.0147620092125466,0.0147620092125466,-0.00102950398262512
"IKZF1","CDK5R1",0.278374208440704,0.13,0.13,0.329999104044727
"IKZF1","TEAD2",0.270842226842404,0.088,0.088,0.326817333231726
"IKZF1","PLEK",0.240672985196598,0.106,0.106,0.525221565988314
"IKZF1","BCAS4",0.183860526755846,0.058,0.058,0.53575433443561
"IKZF1","CLECL1",0.154714540776859,0.046,0.046,0.45720059984345
"IKZF1","SOX5",0.15364099190027,0.11,0.11,0.253981244335247
"IKZF1","C1orf162",0.141243393946037,0.088,0.088,0.260628874252475
"IKZF1","ARID5A",0.138855650594997,0.086,0.086,0.468988921711868
"IKZF1","TBX21",0.136419905116624,0.052,0.052,0.251930897347537
"IKZF1","MYCN",0.128807305808617,0.0550730662162025,0.0550730662162025,0.118288675999892
"IKZF1","SPI1",0.122217295508021,0.11,0.11,0.116035332007915
"IKZF1","RFX5",0.117157924696793,0.08,0.08,0.306602471096153
"IKZF1","SYCP2",0.107946646739397,0.088,0.088,0.131343052035483
"IKZF1","HMBOX1",0.102771281341373,0.088,0.088,0.0404562504781078
"IKZF1","POU2F1",0.0960581619137045,0.094,0.094,0.0205787580027265
"IKZF1","S100A4",0.0896759895712113,0.084,0.084,0.441290221609135
"IKZF1","NFATC2",0.0891281539772776,0.042,0.042,0.40776003503863
"IKZF1","ZBTB14",0.0876744407753997,0.074,0.074,0.144758692579083
"IKZF1","STAT3",0.0811499918938974,0.062,0.062,0.41105137470629
"IKZF1","NCF2",0.0802827710892545,0.064,0.064,0.460256788518979
"IKZF1","KLF16",0.0762238987606087,0.088,0.088,0.377000400513741
"IKZF1","TFEB",0.070896803595189,0.072,0.072,0.285106330052744
"IKZF1","FAM107B",0.0684823462559039,0.036,0.036,0.482232559436507
"IKZF1","ZNF135",0.0674883553661869,0.076605368672397,0.076605368672397,0.279195095774608
"IKZF1","CD86",0.0662394227731125,0.078,0.078,0.37874011775541
"IKZF1","BATF",0.0659361914013671,0.1,0.1,0.531884821423195
"IKZF1","BCAT1",0.0656806409429963,0.032,0.032,0.504535657297504
"IKZF1","CEBPG",0.0651385857663254,0.062,0.062,0.341279721198702
"IKZF1","HLA-DQA1",0.062616304870139,0.06,0.06,0.597192433956523
"IKZF1","PASK",0.060530937705633,0.074,0.074,0.464296105830065
"IKZF1","ZNF140",0.0564101424289924,0.02,0.02,0.111128326369662
"IKZF1","VEZF1",0.0535292400326186,0.058,0.058,0.225826572108102
"IKZF1","VRK2",0.0534212979305555,0.04,0.04,0.361960083071815
"IKZF1","ALOX5AP",0.0530893316255656,0.074,0.074,0.477104931077886
"IKZF1","POLR1E",0.0523742852116896,0.022,0.022,0.460934450822351
"IKZF1","CD84",0.0523659926320829,0.08,0.08,0.31503898390976
"IKZF1","FGR",0.0522945667075462,0.074,0.074,0.278722662915576
"IKZF1","CCNA1",0.0513723039187171,0.0304160822814399,0.0304160822814399,0.313996428953132
"IKZF1","SH2D2A",0.050652784226415,0.044,0.044,0.290553097382098
"IKZF1","ATF3",0.0501529805064487,0.036,0.036,0.260087582541753
"IKZF1","CMTM3",0.0499913478985483,0.052,0.052,0.512660256708214
"IKZF1","NFE2L1",0.0486859964687745,0.06,0.06,0.349889019006973
"IKZF1","PPP2R3C",0.046044001591497,0.036,0.036,0.408717768489944
"IKZF1","SMAD2",0.0452819044960627,0.046,0.046,0.250329121401884
"IKZF1","CTSH",0.0433360678963943,0.12,0.12,0.425399438279865
"IKZF1","SELL",0.0398215611783092,0.056,0.056,0.324782371707644
"IKZF1","CKAP2L",0.0395335084938126,0.102,0.102,0.279973957666031
"IKZF1","NFATC1",0.0394040348576616,0.05,0.05,0.152328593915929
"IKZF1","CORO2A",0.038570302026683,0.03,0.03,0.291463472214995
"IKZF1","CD96",0.0381057052890213,0.024,0.024,0.277321454091486
"IKZF1","KIF2A",0.0379079239445673,0.022,0.022,0.426259430258021
"IKZF1","ZBTB32",0.0377921115386276,0.074,0.074,0.330288532917137
"IKZF1","FAM101B",0.0376280172023155,0.084,0.084,0.134020030778519
"IKZF1","YBX3",0.0369706302459689,0.038,0.038,0.443639762373123
"IKZF1","PEA15",0.0361251931380285,0.03,0.03,0.557755978272226
"IKZF1","HOPX",0.0360905723852553,0.038,0.038,0.334379946449611
"IKZF1","TMSB4X",0.0351843151632701,0.062,0.062,0.504573966508817
"IKZF1","SOCS2",0.0350655092054807,0.044,0.044,0.334022579999936
"IKZF1","NRL",0.0336398521642163,0.0666588730418518,0.0666588730418518,0.0415449851078548
"IKZF1","MGST3",0.0326067217627751,0.052,0.052,0.381085421508
"IKZF1","PLAC8",0.0318291720810724,0.096,0.096,0.14496748739636
"IKZF1","NR2C2",0.0315502242879172,0.036,0.036,0.163933895442309
"IKZF1","NRF1",0.0313910895392488,0.036,0.036,0.116210836566784
"IKZF1","COTL1",0.0298242560480871,0.056,0.056,0.52836489841468
"IKZF1","ARL6IP5",0.029371592249344,0.036,0.036,0.556445813897533
"IKZF1","ID2",0.029012867585456,0.05,0.05,0.348211662731544
"IKZF1","MGST1",0.0289326976911951,0.0957692307692308,0.0957692307692308,0.149660433030391
"IKZF1","NR2F6",0.0287487116644418,0.0324329896907216,0.0324329896907216,0.068557835869615
"IKZF1","DEPDC1",0.0285844026777256,0.076,0.076,0.275317725469575
"IKZF1","DUSP4",0.0278395940997007,0.024,0.024,0.427991949059553
"IKZF1","ADAP1",0.0274510624989077,0.05,0.05,0.169758509920325
"IKZF1","BAX",0.027400649139332,0.014,0.014,0.512882938910133
"IKZF1","TBP",0.0265139005174812,0.032,0.032,0.221614372989563
"IKZF1","EXO1",0.0255873088676501,0.072,0.072,0.306165076541386
"IKZF1","IL32",0.0255326841322109,0.018,0.018,0.3238976795207
"IKZF1","DDIT4",0.0244985000878282,0.012,0.012,0.304211126714149
"IKZF1","CASZ1",0.0239032081281334,0.026,0.026,0.168153679383087
"IKZF1","KIF5C",0.0238899399672602,0.03,0.03,0.34168563407675
"IKZF1","C1QBP",0.0235990792264013,0.078,0.078,0.479675174599127
"IKZF1","PFN1",0.022262840789547,0.034,0.034,0.59144256673682
"IKZF1","ZNF684",0.0220811691571672,0.016,0.016,0.15249484935377
"IKZF1","POLR3K",0.0219699502293789,0.074,0.074,0.478535870858468
"IKZF1","HIC1",0.0208842103620375,0.046,0.046,0.086355744073013
"IKZF1","HTR3A",0.0208689572740698,0.028,0.028,0.256228651677111
"IKZF1","TP63",0.0203840518196805,0.0327242524916943,0.0327242524916943,0.168552799945001
"IKZF1","CBX3",0.0200587035201661,0.076,0.076,0.518992316028912
"IKZF1","HK1",0.020032160306398,0.03,0.03,0.526146795515674
"IKZF1","SOX4",0.0200106605793649,0.052,0.052,0.33106943225955
"IKZF1","ATF5",0.0199009063970073,0.042,0.042,0.267529779113004
"IKZF1","HSF1",0.0198205782497902,0.016,0.016,0.260248978575139
"IKZF1","GRPEL1",0.0194906552318766,0.044,0.044,0.432343032909536
"IKZF1","TNIK",0.0187217923720265,0.028,0.028,0.254308308169252
"IKZF1","CALM2",0.018180944819281,0.046,0.046,0.423408417323013
"IKZF1","IL10",0.0181434554446827,0.028,0.028,0.370631670967702
"IKZF1","LIN54",0.0181007363640513,0.028,0.028,0.183019410034437
"IKZF1","GPX1",0.0180248057359431,0.034,0.034,0.449322529837164
"IKZF1","RFX2",0.0178306626712539,0.0120816326530612,0.0120816326530612,0.151878310852811
"IKZF1","KIAA0020",0.0175070783918121,0.026,0.026,0.39740672344091
"IKZF1","ATF6",0.017237197673882,0.02,0.02,0.144915125524745
"IKZF1","HOXA1",0.0169208219367276,0.0332233134217542,0.0332233134217542,0.16038679588421
"IKZF1","TFCP2",0.0167263491980974,0.028,0.028,0.237531782303124
"IKZF1","TRIM22",0.0167245880681238,0.05,0.05,0.196006752761031
"IKZF1","DGKG",0.0167228519899488,0.098,0.098,0.414270844465966
"IKZF1","CAP1",0.0166960320187116,0.042,0.042,0.542283807657497
"IKZF1","UBE2C",0.0165540072868461,0.11,0.11,0.280155367972805
"IKZF1","ARNTL2",0.0165131124160668,0.026,0.026,0.414587228677366
"IKZF1","TUBA1A",0.0161212015908676,0.018,0.018,0.519767802600752
"IKZF1","PPARD",0.0159672742576898,0.028,0.028,0.0464761249314883
"IKZF1","XRCC5",0.0154236870100651,0.03,0.03,0.444389433773681
"IKZF1","PPM1G",0.015354827502134,0.012,0.012,0.410887444971101
"IKZF1","GLO1",0.0152409798795026,0.032,0.032,0.4929277721787
"IKZF1","SET",0.0152146398162977,0.05,0.05,0.527971281869149
"IKZF1","ZBED1",0.0151620829457275,0.012,0.012,0.2902844612521
"IKZF1","TMEM99",0.0145381873394417,0.014,0.014,0.296046892697656
"IKZF1","HSF2",0.0145378597021771,0.024,0.024,0.143540494154136
"IKZF1","VIM",0.01430530127332,0.03,0.03,0.465285746371192
"IKZF1","CCL22",0.0142746059546754,0.096,0.096,0.286717270345869
"IKZF1","PIK3CD",0.0141263003401873,0.024,0.024,0.471207622682546
"IKZF1","RAN",0.0135640030722164,0.024,0.024,0.526599595355859
"IKZF1","ANK3",0.0132358652600469,0.034,0.034,0.0609826323725452
"IKZF1","IL2RB",0.0130963138282245,0.034,0.034,0.567832210914827
"IKZF1","HOXC8",0.0128052895317918,0.0383620267444885,0.0383620267444885,0.017370817264964
"IKZF1","LIMA1",0.0126065138500899,0.024,0.024,0.163690398343645
"IKZF1","FCRL3",0.0125796865561216,0.056,0.056,0.298380504156864
"IKZF1","LDHB",0.0121404117250464,0.048,0.048,0.438988508693992
"IKZF1","CHEK1",0.0119274347795099,0.066,0.066,0.374876803550819
"IKZF1","PFKFB3",0.0119051696639203,0.038,0.038,0.401670456448818
"IKZF1","PRKCDBP",0.0116548599249729,0.096,0.096,0.224405078405904
"IKZF1","DLX4",0.0114074986446989,0.0145502645502645,0.0145502645502645,0.0942137520601278
"IKZF1","C4BPB",0.0112488005922792,0.008,0.008,0.353801939282072
"IKZF1","FOXO1",0.0106236463312394,0.018,0.018,0.220382333636056
"IKZF1","STAT5B",0.0106018593324089,0.054,0.054,0.393643731777351
"IKZF1","ARPC5",0.0105346900907553,0.042,0.042,0.461973278615285
"IKZF1","IFIT2",0.0104699905812421,0.018,0.018,0.152940256867689
"IKZF1","ARNTL",0.010445778000422,0.018,0.018,0.0927479427563412
"IKZF1","NKX3-1",0.0100964789896874,0.00806060606060606,0.00806060606060606,0.189237786561485
"IKZF1","ISL2",0.0100923031612939,0.014,0.014,-0.236517477904322
"IKZF1","IRF9",0.0113709323344225,0.02,0.02,-0.171108047490906
"IKZF1","TEAD3",0.0118601574299862,0.0445095856524428,0.0445095856524428,-0.083532382760822
"IKZF1","SOX12",0.0121755236310047,0.02,0.02,-0.0135447576571036
"IKZF1","TCF7L1",0.0129562765088789,0.03,0.03,-0.108159426684945
"IKZF1","RXRB",0.0129839147080642,0.02,0.02,-0.0774427730706364
"IKZF1","MSX1",0.0146927241979108,0.042,0.042,-0.0891991992999105
"IKZF1","ZBTB33",0.0173447772107827,0.022,0.022,-0.00726458504786462
"IKZF1","STAT4",0.0190440572800447,0.008,0.008,-0.00285139189361018
"IKZF1","OSR2",0.0312615098838201,0.0405642923219241,0.0405642923219241,-0.0792373351113194
"IKZF1","NR3C2",0.0361567942097143,0.069604205318491,0.069604205318491,-0.092391429450333
"IKZF1","FOXP2",0.0416852500767226,0.0881656583486441,0.0881656583486441,-0.101820653778866
"IKZF1","IRF3",0.0455003703246388,0.046,0.046,-0.30898619702927
"IKZF1","PLAG1",0.0601274217379771,0.062,0.062,-0.189447806407685
"INSM1","TFAP2B",0.17427889022054,0.110788438452304,0.110788438452304,0.078259371886304
"INSM1","KLF1",0.146522489057027,0.0643429745535009,0.0643429745535009,0.0856419995167549
"INSM1","PITX2",0.119199295003957,0.136666666666667,0.136666666666667,0.0286072542702495
"INSM1","NKX2-2",0.0633317783720975,0.149156862745098,0.149156862745098,0.00719013278810834
"INSM1","CYB5R2",0.0432868911916256,0.02,0.02,0.149879970400901
"INSM1","HLF",0.0308171971205429,0.0151095896923881,0.0151095896923881,0.0573716958203165
"IRF1","KLF10",0.417529090150093,0.146,0.146,0.616949674355964
"IRF1","RUNX1",0.327943041021752,0.158,0.158,0.376860272841739
"IRF1","HGF",0.318111217651245,0.138,0.138,0.358421809037821
"IRF1","MAF",0.303802631014893,0.162,0.162,0.218301848404291
"IRF1","JUN",0.289562457537424,0.178,0.178,0.517468583228194
"IRF1","RGCC",0.270712171380591,0.096,0.096,0.336621018715086
"IRF1","BATF2",0.256931427316063,0.112746945855736,0.112746945855736,0.250071901509274
"IRF1","RFX4",0.249594316166441,0.176498571751736,0.176498571751736,0.0916836418424848
"IRF1","STAT4",0.202527825042276,0.116,0.116,0.123849043905246
"IRF1","XAF1",0.196493678228304,0.096,0.096,0.634285859699352
"IRF1","PRDM15",0.193449847066272,0.09,0.09,0.449307605345427
"IRF1","HOXD3",0.156472026463805,0.0873846185431551,0.0873846185431551,0.186700932658856
"IRF1","ZBTB7C",0.155576029443585,0.181227123930302,0.181227123930302,0.0527138643543399
"IRF1","TBX6",0.153211894262807,0.071264425405049,0.071264425405049,0.0741965992710626
"IRF1","RASSF6",0.138927139740197,0.078,0.078,0.484926741364453
"IRF1","NFAT5",0.138832722923466,0.072,0.072,0.27572457735346
"IRF1","MEF2D",0.130537720587781,0.082,0.082,0.313376287453454
"IRF1","ID3",0.127920068529269,0.07,0.07,0.359914073204549
"IRF1","FAM92B",0.12685153915238,0.074,0.074,0.306855631477016
"IRF1","COL1A2",0.123928484671956,0.084,0.084,0.301664467613578
"IRF1","TCN2",0.120460978273141,0.054,0.054,0.349908314973577
"IRF1","SOX11",0.111337765187244,0.0650612922633608,0.0650612922633608,0.0468126744293537
"IRF1","POU5F1",0.109021007633664,0.0889450873132758,0.0889450873132758,0.157622178577717
"IRF1","PLAG1",0.107752918299364,0.094,0.094,0.208763904432076
"IRF1","LIMA1",0.104857028238586,0.11,0.11,0.016497013117735
"IRF1","ZNF274",0.103123970382473,0.082,0.082,0.203626421189808
"IRF1","TFE3",0.100937618420184,0.094,0.094,0.131033850527067
"IRF1","HSF4",0.0991520690166051,0.0659834550183311,0.0659834550183311,0.190308173581321
"IRF1","MECOM",0.0981614195336671,0.0429482779027104,0.0429482779027104,0.0279853957960403
"IRF1","MNT",0.0928021811676923,0.074,0.074,0.0937571907602183
"IRF1","HOXB3",0.0905003959675958,0.056651509559312,0.056651509559312,0.149431347045384
"IRF1","MIXL1",0.089104019096425,0.09,0.09,0.402678162031769
"IRF1","OSR2",0.0784260254733759,0.0404747066556308,0.0404747066556308,0.10880774309233
"IRF1","ZNF24",0.0770895114188591,0.03,0.03,0.339720966295168
"IRF1","TIMD4",0.0768100186252419,0.084,0.084,0.304613484246074
"IRF1","NUB1",0.0691946961983638,0.016,0.016,0.39783651996757
"IRF1","GRHL1",0.0686218991083647,0.0614804964539007,0.0614804964539007,0.166727080056162
"IRF1","SOCS3",0.0647020564932004,0.048,0.048,0.496788820810757
"IRF1","USF2",0.0642943372801269,0.094,0.094,0.102794331020383
"IRF1","CEBPD",0.0635089102004462,0.0619433340346448,0.0619433340346448,0.00788868436825534
"IRF1","CUX1",0.0628199100297752,0.082,0.082,0.188420593955229
"IRF1","SESN1",0.0578895614258849,0.042,0.042,0.234442499561285
"IRF1","RHOXF1",0.0564211382786535,0.0569764948239224,0.0569764948239224,0.139528384917514
"IRF1","SP3",0.0537789865233698,0.052,0.052,0.248629868281935
"IRF1","BHLHE41",0.05342402934685,0.064,0.064,0.26761965102685
"IRF1","GABPA",0.0527687715053885,0.074,0.074,0.235378901315995
"IRF1","MGA",0.0464386281001265,0.066,0.066,0.131394595799523
"IRF1","USF1",0.0459688042497984,0.05,0.05,0.226923907144938
"IRF1","CEBPB",0.0454112886783762,0.05,0.05,0.18350728664126
"IRF1","BCL6",0.043011168502959,0.052,0.052,0.256938590747764
"IRF1","POU6F1",0.0413961572570411,0.044,0.044,0.187037533908466
"IRF1","RXRB",0.0400139913869259,0.064,0.064,0.0184964935442719
"IRF1","ELK3",0.0384161752534197,0.066,0.066,0.354963764683772
"IRF1","TRIM22",0.0333069022261505,0.02,0.02,0.396355270557389
"IRF1","LYST",0.0318364955673045,0.07,0.07,0.13222586732818
"IRF1","HOXB2",0.0306771427121374,0.0368003366294972,0.0368003366294972,0.0807608965907232
"IRF1","LGALS3BP",0.0290821573053526,0.098,0.098,0.545552889530874
"IRF1","TBX21",0.0290024959487526,0.046,0.046,0.123089605613531
"IRF1","MEIS1",0.0282584947241768,0.022577873254565,0.022577873254565,0.0838682775498174
"IRF1","ZFX",0.0273241325551572,0.022,0.022,0.124637179955074
"IRF1","FOXO4",0.0264424810351154,0.018,0.018,0.200965099990784
"IRF1","CAV1",0.0262993169694398,0.028,0.028,0.387651677061271
"IRF1","ZBTB6",0.0237712138496461,0.048,0.048,0.195795567819085
"IRF1","ZNF317",0.0235254973879899,0.066,0.066,0.133651637651468
"IRF1","ZKSCAN5",0.0233100055800988,0.036,0.036,0.0118791818563446
"IRF1","SMAD4",0.0230566512617193,0.058,0.058,0.159406978857762
"IRF1","IRF9",0.0222962609156288,0.018,0.018,0.24203951713501
"IRF1","DUSP5",0.0203229033957844,0.058,0.058,0.614906913370955
"IRF1","ZNF143",0.0186428246081547,0.026,0.026,0.0224299343814084
"IRF1","CXCL16",0.018207702546581,0.034,0.034,0.182032910798002
"IRF1","GNB3",0.017236310755563,0.0303867243867244,0.0303867243867244,0.162330686624907
"IRF1","IL1RN",0.0169663822730459,0.022,0.022,0.262165064127202
"IRF1","ENC1",0.0168957882279313,0.042,0.042,0.0711295482741987
"IRF1","SP2",0.016721349837423,0.04,0.04,0.0559155142848474
"IRF1","TBR1",0.0164382217181932,0.0451515151515152,0.0451515151515152,0.0698146504829001
"IRF1","POU5F1B",0.0162581697974446,0.121011963926178,0.121011963926178,0.059180402605046
"IRF1","STAT2",0.0161073619392661,0.086,0.086,0.643125406679154
"IRF1","SP1",0.0159345110389206,0.018,0.018,0.190995748382039
"IRF1","HIF1A",0.0154241403549634,0.04,0.04,0.172711684926495
"IRF1","NFKBIA",0.0153484937962018,0.152,0.152,0.122551250066845
"IRF1","NFIL3",0.0149655910636081,0.022,0.022,0.32278859294907
"IRF1","TET1",0.0147213703650613,0.0323055040197897,0.0323055040197897,0.183684257257667
"IRF1","ELF2",0.0142101320960021,0.046,0.046,0.156366165932669
"IRF1","MXI1",0.0133538410040849,0.034,0.034,0.172526560085248
"IRF1","JUND",0.0131493907697806,0.054,0.054,0.245124610804085
"IRF1","SPDEF",0.0129887384677158,0.07,0.07,0.0812290717211999
"IRF1","ZNF449",0.0128410975915472,0.034,0.034,0.0840690875840874
"IRF1","IRF5",0.0126580854072134,0.052,0.052,0.155183015788476
"IRF1","ZNF384",0.0126248241689518,0.012,0.012,0.0232230988002957
"IRF1","RORA",0.0124055804933632,0.032,0.032,0.0551211208241715
"IRF1","TFAP2E",0.0117697226459004,0.010926324534572,0.010926324534572,0.0367606715470768
"IRF1","MTF1",0.0107624933032028,0.028,0.028,0.0148602185272341
"IRF1","BARHL2",0.0105477943360153,0.0330891330891331,0.0330891330891331,0.207382856627293
"IRF1","ELF3",0.0101765654521325,0.127077635177782,0.127077635177782,0.013613819127879
"IRF1","ZBTB33",0.010054422895086,0.026,0.026,0.110068081031097
"IRF1","HLF",0.0100067224389038,0.0224310776942356,0.0224310776942356,-0.0889599688949363
"IRF1","DLL1",0.0100367605319753,0.048,0.048,-0.0279714646648908
"IRF1","C1orf228",0.0102696662092016,0.042,0.042,-0.0605189897834244
"IRF1","ESCO2",0.0105367297873548,0.028,0.028,-0.519015110755545
"IRF1","LCP1",0.0107684165857718,0.078,0.078,-0.602142117985321
"IRF1","SHOX2",0.0109239070377683,0.0342737722048067,0.0342737722048067,-0.0319516662728728
"IRF1","TPX2",0.011211987247643,0.026,0.026,-0.570072490800455
"IRF1","APOBEC3B",0.0113882487879824,0.022,0.022,-0.442624171377757
"IRF1","KBTBD11",0.0115112226667194,0.022026862026862,0.022026862026862,-0.178683420390983
"IRF1","HMMR",0.0116227503037491,0.038,0.038,-0.527574312385481
"IRF1","MRTO4",0.0119252138563502,0.024,0.024,-0.532485668142884
"IRF1","FOXC1",0.0121514397730775,0.0398778998778999,0.0398778998778999,-0.0685397826140262
"IRF1","TEAD1",0.0122424771481323,0.0483984719365266,0.0483984719365266,-0.0471519456212569
"IRF1","SREBF1",0.0125012870575206,0.006,0.006,-0.410221602920051
"IRF1","SOX15",0.012739168190381,0.0133773404670011,0.0133773404670011,-0.0942706327939574
"IRF1","LAPTM4B",0.0127572134821042,0.046,0.046,-0.120403947406918
"IRF1","PPIF",0.0128681855816728,0.06,0.06,-0.531310230323347
"IRF1","CEBPG",0.0130402638805612,0.05,0.05,-0.00741347465809983
"IRF1","MCM10",0.0145752353480758,0.014,0.014,-0.54032159196303
"IRF1","FADS1",0.014688642599031,0.008,0.008,-0.308635965278052
"IRF1","SH2D2A",0.0150824216850256,0.042,0.042,-0.304418007682252
"IRF1","TUBA1B",0.0153994609278559,0.028,0.028,-0.614802188145524
"IRF1","HOXB7",0.0154561624363562,0.018,0.018,-0.0606232639882349
"IRF1","TP53",0.0155148691149999,0.048,0.048,-0.341501043853829
"IRF1","NR3C2",0.0157228519249456,0.0122874149659864,0.0122874149659864,-0.0293003651826739
"IRF1","CCR10",0.0158601160894318,0.042,0.042,-0.0308025619828278
"IRF1","DOK1",0.01587924434017,0.06,0.06,-0.369552090140128
"IRF1","ALDOA",0.0160410373476959,0.032,0.032,-0.490558219791607
"IRF1","ARNT",0.0162650023113758,0.026,0.026,-0.0314297415105956
"IRF1","LCK",0.0164647842203222,0.0306122448979592,0.0306122448979592,-0.276988950337107
"IRF1","JDP2",0.0166695426083866,0.018,0.018,-0.166893912555423
"IRF1","HESX1",0.0170969763278664,0.0127001535424435,0.0127001535424435,-0.0343756663305639
"IRF1","TFAP4",0.0172786419366255,0.052,0.052,-0.115060193696351
"IRF1","SYT11",0.0179295706924792,0.052,0.052,-0.367447075753549
"IRF1","HIST1H2BJ",0.0182675816444601,0.046,0.046,-0.15549861207153
"IRF1","WDR43",0.0183675305499583,0.04,0.04,-0.466012501397695
"IRF1","WDR34",0.0185484838177497,0.066,0.066,-0.219246206063693
"IRF1","CHEK1",0.0190120226248367,0.028,0.028,-0.541442334655544
"IRF1","CD52",0.0193148300205813,0.046,0.046,-0.163084160083889
"IRF1","FDXR",0.0194335463103138,0.048,0.048,-0.31848544594218
"IRF1","CENPB",0.0196132771829822,0.064,0.064,-0.165165840249589
"IRF1","SLC43A3",0.0203016651602175,0.05,0.05,-0.600413842906851
"IRF1","FOXP2",0.020372385748901,0.0196702024598358,0.0196702024598358,-0.0383465014494889
"IRF1","ARID3A",0.0205180402200164,0.07,0.07,-0.281711591997643
"IRF1","ATF7",0.0205228497885108,0.034,0.034,-0.00452454971784992
"IRF1","FAM129A",0.0205343315359575,0.042,0.042,-0.27143677621488
"IRF1","HSPA1A",0.0207176100113,0.052,0.052,-0.28785976473811
"IRF1","PDGFRA",0.0210435702253461,0.026,0.026,-0.517172025948641
"IRF1","CORO2A",0.0211550443971469,0.04,0.04,-0.209054583855405
"IRF1","DDX21",0.0217639022955722,0.034,0.034,-0.52514672273098
"IRF1","DIAPH3",0.0220177431596355,0.044,0.044,-0.499799675778135
"IRF1","ACOT7",0.0221035489900747,0.06,0.06,-0.560065168826554
"IRF1","NR1H3",0.0222745155848566,0.0141834673263245,0.0141834673263245,-0.0115412196900874
"IRF1","ZBED2",0.0229470899792991,0.06,0.06,-0.447205176153986
"IRF1","PGK1",0.0229617152818285,0.054,0.054,-0.545121458942976
"IRF1","CDC25A",0.02297961404359,0.034,0.034,-0.571370250570407
"IRF1","ETV4",0.023442859501156,0.0201052631578947,0.0201052631578947,-0.38056124740512
"IRF1","TUBB4B",0.0238293896293314,0.044,0.044,-0.588269619213019
"IRF1","NCL",0.0255402011076018,0.034,0.034,-0.475025457242176
"IRF1","LGALS1",0.0256748681215555,0.042,0.042,-0.480790589634154
"IRF1","SEPW1",0.0261265838408063,0.064,0.064,-0.517021280332847
"IRF1","ZNF282",0.026515963650865,0.016,0.016,-0.255000493474837
"IRF1","CDKN1A",0.0270532670334231,0.058,0.058,-0.0700973718564075
"IRF1","TFEC",0.0271377583989754,0.094,0.094,-0.00137249546896363
"IRF1","MYH10",0.0272168363128953,0.0204502419524511,0.0204502419524511,-0.356601416764087
"IRF1","CD163L1",0.0272376959523495,0.0470684371807967,0.0470684371807967,-0.220956005637987
"IRF1","POLD3",0.0275227101627095,0.028,0.028,-0.511023595823084
"IRF1","MPEG1",0.0275527414213295,0.076,0.076,-0.0292392180077802
"IRF1","HIST1H1B",0.0279005413508583,0.038,0.038,-0.432646372519414
"IRF1","SNAI1",0.0283549769679015,0.105287341590278,0.105287341590278,-0.0184496744967171
"IRF1","NCAPG",0.0284080684849743,0.052,0.052,-0.604292048220269
"IRF1","RMI2",0.029923061348262,0.06,0.06,-0.427522168053651
"IRF1","MITF",0.0300163521720881,0.107149500116252,0.107149500116252,-0.13059429986548
"IRF1","ZNF263",0.0302421194828415,0.022,0.022,-0.0363200543432529
"IRF1","ZNF16",0.0304009583159859,0.042,0.042,-0.0742886576591825
"IRF1","FOXK1",0.0307078290996696,0.044,0.044,-0.0721498359748587
"IRF1","HSF1",0.0311476025722441,0.032,0.032,-0.25408665876075
"IRF1","BTNL9",0.0313293419115689,0.02,0.02,-0.019382878657945
"IRF1","NREP",0.0319998251131671,0.068,0.068,-0.298344808456048
"IRF1","NUF2",0.032135487761142,0.052,0.052,-0.578950814991522
"IRF1","CERS6",0.0324372335070436,0.032,0.032,-0.350149223618802
"IRF1","ALPL",0.032639081648213,0.072,0.072,-0.0170615606561768
"IRF1","NR2C1",0.0327618380620124,0.048,0.048,-0.0386993731194734
"IRF1","NR2F6",0.0332877604266205,0.0282474226804124,0.0282474226804124,-0.0858745748913089
"IRF1","NDC80",0.0333195874302349,0.02,0.02,-0.442043430201487
"IRF1","NKX2-2",0.0336967331884994,0.0470588235294118,0.0470588235294118,-0.049757537276581
"IRF1","ANK3",0.0340088845077627,0.074,0.074,-0.0710577380275109
"IRF1","ZNF410",0.0350499182987274,0.057159026598755,0.057159026598755,-0.093880472427041
"IRF1","COTL1",0.0369444817291708,0.068,0.068,-0.526702785565254
"IRF1","GTSF1",0.0382172147398513,0.06,0.06,-0.439219222332007
"IRF1","CTCF",0.0385831295423087,0.062,0.062,-0.169756033712627
"IRF1","FAM167A",0.0389351090750446,0.048,0.048,-0.00424262643915682
"IRF1","POU4F1",0.0399666390842823,0.058,0.058,-0.076379544939343
"IRF1","HILPDA",0.0422517952022187,0.036,0.036,-0.27167218827909
"IRF1","TFAP2A",0.0425727089531706,0.0349405331510595,0.0349405331510595,-0.0877917577959498
"IRF1","KPNA2",0.0431855973619304,0.038,0.038,-0.523370259205543
"IRF1","NUSAP1",0.0439741401985751,0.104,0.104,-0.58113116831802
"IRF1","ARL6IP1",0.0443721879970132,0.052,0.052,-0.445501634785739
"IRF1","PPARG",0.0447917431112605,0.0762960219781374,0.0762960219781374,-0.249469925851546
"IRF1","RPL22L1",0.0458364937836036,0.066,0.066,-0.374934714118385
"IRF1","HLA-DRB1",0.0474247695612752,0.144,0.144,-0.456677361887962
"IRF1","DMBX1",0.0477810001959763,0.0710229133242832,0.0710229133242832,-0.0390365128593339
"IRF1","ZNF341",0.0480763728397178,0.048,0.048,-0.186475331089962
"IRF1","ZNF682",0.0493868659377423,0.0687573687269135,0.0687573687269135,-0.106390646041696
"IRF1","GMEB1",0.0532756313204067,0.042,0.042,-0.170140682717045
"IRF1","MAFA",0.0538118089458025,0.178980846197827,0.178980846197827,-0.065365404481254
"IRF1","G0S2",0.0538613705737772,0.024,0.024,-0.299638089590206
"IRF1","INA",0.0549861393393235,0.0263926787288527,0.0263926787288527,-0.225083222960888
"IRF1","HHLA2",0.0557029906876159,0.0510225333494847,0.0510225333494847,-0.269406963411061
"IRF1","RFC3",0.0566211656039492,0.108,0.108,-0.589305584174093
"IRF1","KIF23",0.0578379010636868,0.062,0.062,-0.529845982021115
"IRF1","KIFC1",0.0585493537892809,0.064,0.064,-0.609462871710779
"IRF1","PPIA",0.0589229020622745,0.056,0.056,-0.632356483793833
"IRF1","MSC",0.0592837548606424,0.042,0.042,-0.341920596113207
"IRF1","KIF4A",0.0594985020529206,0.034,0.034,-0.543933917675691
"IRF1","DLGAP5",0.0610739628045802,0.03,0.03,-0.594134089372395
"IRF1","TTK",0.061812608520383,0.026,0.026,-0.536556090073726
"IRF1","BNIP3",0.0630933790707083,0.066,0.066,-0.40990483930479
"IRF1","IRF6",0.0657937423486739,0.0703996312468713,0.0703996312468713,-0.131775732829521
"IRF1","HOXA10",0.0659434131928601,0.0440699704470524,0.0440699704470524,-0.135510329264886
"IRF1","TOP2A",0.0670452563223044,0.046,0.046,-0.573930231062523
"IRF1","HJURP",0.0684181603164673,0.046,0.046,-0.510023420144863
"IRF1","MAFF",0.0694795942706467,0.056,0.056,-0.0528439642084826
"IRF1","TPM4",0.0702309664717043,0.098,0.098,-0.616892246967842
"IRF1","EXO1",0.0707765126447116,0.046,0.046,-0.423295292021624
"IRF1","NR6A1",0.0713890914314008,0.0526303854875283,0.0526303854875283,-0.157839497096154
"IRF1","BIRC5",0.0720472579892923,0.038,0.038,-0.605646683479569
"IRF1","ETV1",0.0722046854752343,0.103814262023217,0.103814262023217,-0.14037623828091
"IRF1","FOXH1",0.0730128671223364,0.0826210826210826,0.0826210826210826,-0.0930344387056333
"IRF1","NGFRAP1",0.0731791341319064,0.046,0.046,-0.269565562116198
"IRF1","UBE2C",0.0741847483557383,0.046,0.046,-0.55739271629376
"IRF1","STK39",0.0746562556865773,0.088,0.088,-0.558224395340144
"IRF1","ASPM",0.0747750656421484,0.026,0.026,-0.503150083844291
"IRF1","UBE2S",0.0757647203799508,0.07,0.07,-0.583539977645676
"IRF1","AURKB",0.0777593880810805,0.076,0.076,-0.596594178014117
"IRF1","HOXB6",0.078104702273113,0.0394488751049078,0.0394488751049078,-0.158176095133197
"IRF1","CKAP2L",0.081710936567167,0.028,0.028,-0.453704539920635
"IRF1","TEAD4",0.0820286304080911,0.0561665796315326,0.0561665796315326,-0.32596493948345
"IRF1","PSPH",0.0849456444920981,0.054,0.054,-0.375483015246484
"IRF1","KIF20A",0.085465228990189,0.048,0.048,-0.499124949607316
"IRF1","KIF14",0.0889985170483,0.042,0.042,-0.540212865736193
"IRF1","TUBA1C",0.0898596645812336,0.052,0.052,-0.612745212025997
"IRF1","KLF5",0.0944138558316714,0.060554355095951,0.060554355095951,-0.259517966660265
"IRF1","NR1D1",0.0963411665609726,0.0931438092262834,0.0931438092262834,-0.0452056329144648
"IRF1","KIF2C",0.0997558649724258,0.034,0.034,-0.568405860345072
"IRF1","AQP3",0.100857844935698,0.05,0.05,-0.420623311358617
"IRF1","MID1IP1",0.102455278249221,0.052,0.052,-0.455133419088091
"IRF1","ATF4",0.102634009502182,0.086,0.086,-0.173139426816103
"IRF1","DPP4",0.106647024380843,0.0587409221210499,0.0587409221210499,-0.305850938686845
"IRF1","RFX2",0.10766966123119,0.0622857142857143,0.0622857142857143,-0.285373985271167
"IRF1","NR1I2",0.108749697392755,0.144552934810288,0.144552934810288,-0.146588144714852
"IRF1","DEPDC1",0.109337909938259,0.036,0.036,-0.441640104494475
"IRF1","HPGD",0.110537774160754,0.072,0.072,-0.439309469653559
"IRF1","GMEB2",0.113054268900449,0.108,0.108,-0.0409034565927526
"IRF1","CENPE",0.114837482925822,0.028,0.028,-0.548226160871625
"IRF1","CENPV",0.115578286634677,0.048,0.048,-0.480599346876252
"IRF1","PRR11",0.11824980896667,0.048,0.048,-0.618278204631743
"IRF1","PRR5L",0.119459994273375,0.044,0.044,-0.421558487962039
"IRF1","KIF15",0.12059080358124,0.038,0.038,-0.515694334627479
"IRF1","BUB1B",0.120658896968679,0.05,0.05,-0.614609796684661
"IRF1","BHLHA15",0.124200757671498,0.0659035356678662,0.0659035356678662,-0.0158428202251857
"IRF1","ESRRG",0.125164459721414,0.186926107641986,0.186926107641986,-0.116808376209428
"IRF1","POU2F3",0.131575544964,0.115690686125469,0.115690686125469,-0.16274244120232
"IRF1","CRX",0.131609990810019,0.24001215840071,0.24001215840071,-0.110558196852442
"IRF1","MYBL2",0.133034188584544,0.092,0.092,-0.624328373042924
"IRF1","KISS1R",0.133327283823303,0.0686868686868687,0.0686868686868687,-0.327109206446276
"IRF1","HES7",0.137984299225874,0.0785435435435435,0.0785435435435435,-0.186115778019733
"IRF1","HOXA7",0.139534551985785,0.0704545454545455,0.0704545454545455,-0.253493798258406
"IRF1","HTR3A",0.139779576841924,0.064,0.064,-0.3645288785806
"IRF1","MGST1",0.14410246666386,0.0688239538239538,0.0688239538239538,-0.352088760457564
"IRF1","CDK1",0.149752393074944,0.086,0.086,-0.59233670414076
"IRF1","ZNF140",0.161459815313569,0.116,0.116,-0.191833002928641
"IRF1","C12orf75",0.169330931087769,0.056,0.056,-0.635181600015294
"IRF1","SOX4",0.179859385236314,0.048,0.048,-0.517172371731994
"IRF1","PRC1",0.182572378453525,0.066,0.066,-0.551343155930628
"IRF1","CCNB2",0.187473027045656,0.084,0.084,-0.612503891610629
"IRF1","ARNTL",0.21050032796878,0.048,0.048,-0.04789587807277
"IRF1","TFAP2C",0.221696508769119,0.235177865612648,0.235177865612648,-0.0773805666030943
"IRF1","PLK1",0.228454219123909,0.052,0.052,-0.565438004727013
"IRF1","SREBF2",0.242008332052853,0.064,0.064,-0.368728479419009
"IRF1","TMEM173",0.266306197494185,0.064,0.064,-0.493388041613956
"IRF1","UCHL1",0.281833386913482,0.082,0.082,-0.503862812596605
"IRF1","FAM101B",0.32016394147294,0.152,0.152,-0.349489483000664
"IRF2","FLI1",0.537805017666405,0.162,0.162,0.528381249661772
"IRF2","FAM129A",0.180692888410187,0.098,0.098,0.504541206556185
"IRF2","HOXB6",0.145678451719835,0.107399976591732,0.107399976591732,0.135303921933806
"IRF2","HSPA1A",0.139918042789184,0.086,0.086,0.428997000609966
"IRF2","LIN54",0.129672438246286,0.036,0.036,0.242309938832421
"IRF2","ATF1",0.118216016785086,0.054,0.054,0.244623619235256
"IRF2","WARS",0.117071317569691,0.052,0.052,0.393083586381357
"IRF2","CERS6",0.116735094618541,0.05,0.05,0.354047592759502
"IRF2","CCND2",0.107267724841419,0.064,0.064,0.611735478998759
"IRF2","PPA1",0.105694401307837,0.06,0.06,0.54321161022474
"IRF2","GTSF1",0.0995960983770495,0.06,0.06,0.473836419450169
"IRF2","PPARA",0.0982090385381277,0.09,0.09,0.0791516488972018
"IRF2","BHLHE22",0.095761888804536,0.173373543943164,0.173373543943164,0.114160508285973
"IRF2","PSPH",0.0910830092853935,0.05,0.05,0.396268109303245
"IRF2","IRF6",0.0909663572104973,0.0764297031306017,0.0764297031306017,0.0737205665710464
"IRF2","CADM1",0.0903149278343132,0.168,0.168,0.341253957234169
"IRF2","MT1E",0.0862337170807683,0.046,0.046,0.434988345717547
"IRF2","FAM107B",0.0820096421352354,0.118,0.118,0.418731419382585
"IRF2","NME1",0.0679206667986759,0.056,0.056,0.608850756551161
"IRF2","IRF4",0.0673907271738624,0.138,0.138,0.694322930654496
"IRF2","TFCP2",0.0657681901038688,0.038,0.038,0.189889919082807
"IRF2","UCHL1",0.0647014183787884,0.116,0.116,0.451937028910173
"IRF2","NR1H3",0.064237112548871,0.0468394910604042,0.0468394910604042,0.126415085536524
"IRF2","EIF1AX",0.0589731953297308,0.078,0.078,0.50769712786955
"IRF2","CYSLTR1",0.0573578706134648,0.05,0.05,0.300069041182203
"IRF2","OSR2",0.0563718288106342,0.080880763425678,0.080880763425678,0.0870501816182194
"IRF2","CLOCK",0.0537507388846884,0.052,0.052,0.197179603708551
"IRF2","MEIS2",0.0528217873111406,0.051304733271662,0.051304733271662,0.101232681449799
"IRF2","PRDX3",0.0515423110012608,0.048,0.048,0.545831466992525
"IRF2","TCF12",0.0515205862370697,0.032,0.032,0.264062386451979
"IRF2","HINFP",0.0491964855073385,0.024,0.024,0.198632855684666
"IRF2","XRCC5",0.0464098993986492,0.072,0.072,0.540654206856977
"IRF2","BNIP3",0.0425014458726265,0.04,0.04,0.468420374728393
"IRF2","VRK2",0.0413875522196211,0.02,0.02,0.309164421684753
"IRF2","ARL13B",0.0408872654507266,0.056,0.056,0.294322505502114
"IRF2","CAV1",0.0390942448664016,0.062,0.062,0.191726779160067
"IRF2","TEAD1",0.0369570890132022,0.0509256538348516,0.0509256538348516,0.0963242331765912
"IRF2","ATIC",0.0369067173084586,0.054,0.054,0.490913659772265
"IRF2","ZNF382",0.0324708811870335,0.0462857142857143,0.0462857142857143,0.0942475215916785
"IRF2","KPNB1",0.0322308045964329,0.02,0.02,0.524397945710662
"IRF2","GBP1",0.0311790398575803,0.03,0.03,0.348722643258814
"IRF2","SSBP1",0.0309824834127627,0.036,0.036,0.534379282837912
"IRF2","PERP",0.0302325634289976,0.036,0.036,0.337656113723263
"IRF2","RXRA",0.0296383532654985,0.084,0.084,0.0494716360402797
"IRF2","PGK1",0.0283316453699346,0.058,0.058,0.465363441210008
"IRF2","ARNT",0.0257581569868846,0.018,0.018,0.170825861364912
"IRF2","ETV1",0.0256117098546016,0.0845771144278607,0.0845771144278607,0.114999401727722
"IRF2","SERBP1",0.0241683830719911,0.062,0.062,0.367454355393763
"IRF2","ZNF341",0.0225427581306623,0.048,0.048,0.0793923753348918
"IRF2","STAT1",0.0224791118474426,0.05,0.05,0.346861612722195
"IRF2","CENPV",0.0218653034146795,0.024,0.024,0.225004252225294
"IRF2","TGIF2",0.0204407822636483,0.022,0.022,0.178037999399914
"IRF2","LAG3",0.0187631405620859,0.03,0.03,0.115954030696535
"IRF2","ETS1",0.0185632917623047,0.044,0.044,0.173075664089391
"IRF2","MYB",0.0175339534236906,0.048,0.048,0.358544123054901
"IRF2","CKS2",0.0167997566874014,0.036,0.036,0.469565949987969
"IRF2","SIX3",0.0158198204777427,0.0305112785071745,0.0305112785071745,0.0879808591963064
"IRF2","H2AFZ",0.0154483870918789,0.062,0.062,0.458522991422182
"IRF2","NCL",0.0149333260851604,0.016,0.016,0.424347017783177
"IRF2","ABCE1",0.0143614969166127,0.048,0.048,0.384157918634061
"IRF2","NR6A1",0.0142489177012163,0.0344885590599876,0.0344885590599876,0.125401113144261
"IRF2","TTK",0.0141430987303286,0.044,0.044,0.373083400909709
"IRF2","TNFSF10",0.0130777734109781,0.038,0.038,0.340574854020792
"IRF2","INSIG1",0.0129246603465191,0.028,0.028,0.390988699004634
"IRF2","HSPA8",0.0127939248727147,0.016,0.016,0.533346799587532
"IRF2","SLC41A1",0.0125284230565717,0.02,0.02,0.322935281905016
"IRF2","MSC",0.0125221103288839,0.026,0.026,0.26243800640402
"IRF2","MIXL1",0.0118823496128793,0.036,0.036,0.271553145992201
"IRF2","TCN2",0.0116228935596965,0.032,0.032,0.117503067957659
"IRF2","GLO1",0.0110315442246522,0.034,0.034,0.412183918507753
"IRF2","APEX1",0.0109654745788164,0.018,0.018,0.335187682594671
"IRF2","DEPDC1",0.0105895410740627,0.016,0.016,0.325900926262655
"IRF2","TFEB",0.0103689966312834,0.012,0.012,0.136228916447
"IRF2","DUT",0.0103217376595188,0.046,0.046,0.380786641795839
"IRF2","TFAP2E",0.012056016567401,0.0319300473295319,0.0319300473295319,-0.0568805767497299
"IRF2","YY1",0.0138151571951355,0.074,0.074,-0.161146254171078
"IRF2","RFX7",0.0209111498217268,0.004,0.004,-0.282283932997094
"IRF2","ZBTB18",0.0223750682039077,0.03,0.03,-0.475293248050649
"IRF2","GLI3",0.0226467211414045,0.0146341463414634,0.0146341463414634,-0.0149727317336483
"IRF2","HMBOX1",0.0232177380726482,0.018,0.018,-0.129505339674374
"IRF2","PRDM4",0.0275490227763057,0.038,0.038,-0.634435524954258
"IRF2","TCF7L2",0.0319014140935033,0.0886291486291486,0.0886291486291486,-0.104063972885863
"IRF2","HS3ST3B1",0.0391432589252935,0.052,0.052,-0.253248001281061
"IRF2","USF1",0.132410362448046,0.08,0.08,-0.255792663763098
"IRF2","FOSB",0.350545393360137,0.052,0.052,-0.533344487111113
"IRF3","ELF3",0.236517661323372,0.127435304018515,0.127435304018515,0.16962461640764
"IRF3","SHOX",0.200465106585749,0.193023255813953,0.193023255813953,0.0188926283405098
"IRF3","TBR1",0.120349430396994,0.0615967365967366,0.0615967365967366,0.0954777278836624
"IRF3","ZBTB7B",0.103523560816906,0.04,0.04,0.315580331161477
"IRF3","MEIS1",0.0785574628698239,0.0658190394985992,0.0658190394985992,0.190847185276267
"IRF3","BARHL2",0.0664269032916931,0.0506715506715507,0.0506715506715507,0.252939586229573
"IRF3","MZF1",0.0474512752673476,0.06,0.06,0.200633129587335
"IRF3","POU6F1",0.0329088706572097,0.02,0.02,0.110884299888805
"IRF3","ZNF528",0.0289089306993641,0.042,0.042,0.0920736459326889
"IRF3","HESX1",0.0268026868198523,0.0678557463974747,0.0678557463974747,0.0622816213899542
"IRF3","HOXC8",0.0259315292666171,0.0749338818689392,0.0749338818689392,0.07544800025423
"IRF3","CCR10",0.0248501747606381,0.042,0.042,0.270492307209264
"IRF3","SP3",0.0247098312640573,0.046,0.046,0.0737957200140113
"IRF3","HOXD3",0.0243580584397506,0.0147847034025896,0.0147847034025896,0.0910076610648279
"IRF3","LAG3",0.0242468033836969,0.02,0.02,0.161036386496165
"IRF3","FOXO4",0.0239083601060456,0.028,0.028,0.15195698091576
"IRF3","SNAI3",0.0232615490325715,0.03,0.03,0.207586367740864
"IRF3","SOX12",0.0225573648673274,0.02,0.02,0.0679873017720164
"IRF3","SIX3",0.0204362854229567,0.0160695187165775,0.0160695187165775,0.0881621162797345
"IRF3","ZNF75D",0.0155906904576289,0.026,0.026,0.195254461787893
"IRF3","ZNF341",0.0155711922989583,0.034,0.034,0.134934711031976
"IRF3","CTCF",0.0151779768441293,0.032,0.032,0.0123212042641887
"IRF3","CLOCK",0.0133718371079591,0.022,0.022,0.0752975738504133
"IRF3","HOXB3",0.0124240265057959,0.0210201028517999,0.0210201028517999,0.0294462122040834
"IRF3","USF1",0.0121685275968,0.018,0.018,0.0565710334742902
"IRF3","HOXB2",0.0118730663382411,0.0183673469387755,0.0183673469387755,0.0944154858889585
"IRF3","ZNF16",0.0105129861087033,0.014,0.014,0.0392279915857875
"IRF3","NAP1L1",0.0103806799524959,0.03,0.03,-0.555462820762562
"IRF3","GYG1",0.0108237047402553,0.04,0.04,-0.206838870729645
"IRF3","PLEKHA1",0.0113449074246807,0.056,0.056,-0.0801806225142871
"IRF3","DEPDC1",0.0118593402181351,0.022,0.022,-0.267537025882447
"IRF3","MYB",0.0119572697023219,0.048,0.048,-0.329438481023188
"IRF3","PPA1",0.0119601264867672,0.026,0.026,-0.295351677758166
"IRF3","HPGD",0.01205570075273,0.034,0.034,-0.157450104663745
"IRF3","DUSP4",0.0121106922575551,0.04,0.04,-0.343497808319388
"IRF3","JDP2",0.0121117052699586,0.02,0.02,-0.0510852671286696
"IRF3","PTMS",0.0128671053870611,0.034,0.034,-0.208569302637287
"IRF3","CCR1",0.0130417356612825,0.0200812203669347,0.0200812203669347,-0.188463591330317
"IRF3","POU2F1",0.0133165869451002,0.016,0.016,-0.055325448433528
"IRF3","MLTK",0.0136627251700616,0.022,0.022,-0.326094487951757
"IRF3","TCF12",0.0140692313372706,0.028,0.028,-0.170419705366707
"IRF3","EGR2",0.014617251267117,0.034,0.034,-0.194516613728231
"IRF3","NOP16",0.0149818407269768,0.032,0.032,-0.373789640263089
"IRF3","TP63",0.0157231627310776,0.0351605758582503,0.0351605758582503,-0.188350134467659
"IRF3","HOXB7",0.0159074392246857,0.028,0.028,-0.00790767838015946
"IRF3","DUT",0.0159691597645649,0.038,0.038,-0.385457977547499
"IRF3","SERBP1",0.0160886087599016,0.042,0.042,-0.400608799778689
"IRF3","VAV3",0.0167142821390076,0.086,0.086,-0.195500241141281
"IRF3","YY1",0.0171111194925466,0.028,0.028,-0.41389621530592
"IRF3","IL32",0.017430977777378,0.032,0.032,-0.278591178520899
"IRF3","TMSB4X",0.0177195496728631,0.058,0.058,-0.329333442544209
"IRF3","CD163L1",0.0177217992679871,0.017903189195324,0.017903189195324,-0.210228807041394
"IRF3","SHOX2",0.0180076741006343,0.0458986415882968,0.0458986415882968,-0.00126768562633727
"IRF3","NGFRAP1",0.0183245167641066,0.022,0.022,-0.110184410648407
"IRF3","POU3F1",0.0194313560148871,0.0325263157894737,0.0325263157894737,-0.10471429708642
"IRF3","EBF1",0.0198823397930906,0.06,0.06,-0.369926610426172
"IRF3","CD86",0.0201131010596192,0.028,0.028,-0.22256743898131
"IRF3","SNRPE",0.0202247075734476,0.056,0.056,-0.355175107148726
"IRF3","CD70",0.0207436099969129,0.056,0.056,-0.357337686095216
"IRF3","HSPA1A",0.0222107462495736,0.076,0.076,-0.0505879889592348
"IRF3","GLO1",0.0222481839298148,0.044,0.044,-0.392985487022537
"IRF3","FAM107B",0.0225020207019383,0.042,0.042,-0.366110369791045
"IRF3","NR1D2",0.0239320416354222,0.046,0.046,-0.10330500678753
"IRF3","SLC25A5",0.0240556176125092,0.046,0.046,-0.408122809505301
"IRF3","ODC1",0.0271458767274714,0.036,0.036,-0.36459640626223
"IRF3","EMP1",0.0301303034928346,0.0280808080808081,0.0280808080808081,-0.250478400338675
"IRF3","ATF1",0.0323098852218002,0.05,0.05,-0.050451676685636
"IRF3","POLD3",0.0334852612656248,0.044,0.044,-0.352795776581417
"IRF3","MYH10",0.0359313964927641,0.0450031559015359,0.0450031559015359,-0.256138049329818
"IRF3","FOXK2",0.0392291041209205,0.042,0.042,-0.13427233107725
"IRF3","KYNU",0.0401810893800187,0.04,0.04,-0.379284238208608
"IRF3","RORA",0.040618468056437,0.044,0.044,-0.155631850717298
"IRF3","HOXB6",0.0408991503008821,0.0424257676294016,0.0424257676294016,-0.123117831016202
"IRF3","CLECL1",0.0451458190733884,0.058,0.058,-0.389560910758909
"IRF3","NR2C2",0.0464166071029742,0.046,0.046,-0.190603268531909
"IRF3","PPAP2B",0.0524317167118478,0.032,0.032,-0.143739503405069
"IRF3","HHLA2",0.0573486095045877,0.0530427353696868,0.0530427353696868,-0.221374245649915
"IRF3","PIK3R6",0.106683062887475,0.106,0.106,-0.265247030460044
"IRF3","EIF5A",0.121689101422353,0.062,0.062,-0.450359097964203
"IRF4","IRF2",0.21851445939488,0.156,0.156,0.694322930654496
"IRF4","NEUROD2",0.162800848026522,0.107160262417994,0.107160262417994,0.221371621009551
"IRF4","DDX60",0.0911259851532806,0.11,0.11,0.18900223620155
"IRF4","E2F6",0.0742541837908874,0.042,0.042,0.194292867393835
"IRF4","SCNN1B",0.0741157610480176,0.05,0.05,0.274705754842555
"IRF4","CD86",0.0671462035393044,0.12,0.12,0.116430702281159
"IRF4","HLX",0.0574939171683684,0.0588538445681303,0.0588538445681303,0.0758570554012039
"IRF4","WDR34",0.0553168023057445,0.122,0.122,0.0382231866242429
"IRF4","CDK6",0.0504708724520826,0.074,0.074,0.355812688138575
"IRF4","SMAD2",0.047606299335614,0.066,0.066,0.206652439881015
"IRF4","XBP1",0.0430312783244899,0.068,0.068,0.625382548022475
"IRF4","IFI27",0.0428864162957281,0.074,0.074,0.428719798360384
"IRF4","SIX1",0.0426205269357669,0.0801102292768959,0.0801102292768959,0.115386709866706
"IRF4","MIXL1",0.040269574219374,0.034,0.034,0.396004051666535
"IRF4","HIST1H2AC",0.0376278077348246,0.154,0.154,0.491495858571973
"IRF4","ARNT",0.0365062933993378,0.052,0.052,0.0391897209984958
"IRF4","ZNF528",0.0269119999180778,0.028,0.028,0.151658216859616
"IRF4","CHAC1",0.0260218387250825,0.07,0.07,0.292170804848567
"IRF4","HOXB7",0.0247630920012543,0.026,0.026,0.216088066031977
"IRF4","SLC16A1",0.0232480356397551,0.05,0.05,0.260496679680306
"IRF4","MECOM",0.0213697380924718,0.0939235412474849,0.0939235412474849,0.0491878803954476
"IRF4","LIN54",0.0201902388679634,0.044,0.044,0.143468684509852
"IRF4","HOXA7",0.0166656512714827,0.0386363636363636,0.0386363636363636,0.0994060437812341
"IRF4","ARID3A",0.0165022823032874,0.048,0.048,0.644857839034085
"IRF4","TBR1",0.0154892908256218,0.0166666666666667,0.0166666666666667,0.0709513425888161
"IRF4","E2F3",0.0154078578240398,0.042,0.042,0.344421338199623
"IRF4","BATF2",0.0140903223726272,0.0226061674805571,0.0226061674805571,0.145654731558349
"IRF4","TEAD4",0.0123720631519626,0.0422653841618517,0.0422653841618517,0.0778874186816838
"IRF4","TFCP2",0.0122551511738819,0.02,0.02,0.0866512251227695
"IRF4","PRR11",0.0122325701786187,0.076,0.076,0.202634058672868
"IRF4","NFE2L2",0.0104178524086305,0.02,0.02,0.257494958410094
"IRF4","NFIC",0.0120942392018957,0.022,0.022,-0.124192860756436
"IRF4","ELF5",0.0125036782336198,0.0643065998329156,0.0643065998329156,-0.101753662758825
"IRF4","NUB1",0.0126443245701476,0.044,0.044,-0.0804956991495066
"IRF4","ZFP36L1",0.0163719013403394,0.016,0.016,-0.705752570553347
"IRF4","SP3",0.0191522551052602,0.008,0.008,-0.139011408756201
"IRF4","C20orf195",0.0229448498974652,0.032,0.032,-0.276534895948365
"IRF4","ZNF281",0.024476634995308,0.026,0.026,-0.189496769365101
"IRF4","ZNF449",0.0281150392710578,0.116,0.116,-0.128809010993513
"IRF4","FOXP1",0.0311965348787629,0.052,0.052,-0.785638112410682
"IRF4","GNAZ",0.0347810570525104,0.044,0.044,-0.223177395769588
"IRF4","BCL6",0.0490562331193624,0.1,0.1,-0.121105392021289
"IRF4","ELF2",0.0616035194796883,0.036,0.036,-0.391928244742938
"IRF4","DLL1",0.0688232629896521,0.046,0.046,-0.37435067083561
"IRF4","SPOCK2",0.0723155015018316,0.046,0.046,-0.726071748555793
"IRF4","NR2C1",0.0900649864831373,0.074,0.074,-0.149985434030485
"IRF5","GNG11",0.936801831879589,0.278,0.278,0.579438018802957
"IRF5","NTRK2",0.66925718950011,0.17,0.17,0.541087022132207
"IRF5","CREB5",0.625106769273608,0.240689998191355,0.240689998191355,0.479754792418724
"IRF5","ATP8B4",0.570940166679516,0.15,0.15,0.614119911804337
"IRF5","AHR",0.563708778541885,0.174,0.174,0.554892127616819
"IRF5","HOPX",0.446658376509773,0.144,0.144,0.466095721411518
"IRF5","EHF",0.387675387580304,0.19371652302013,0.19371652302013,0.213223865360858
"IRF5","ARID5A",0.379913589024326,0.184,0.184,0.594550564098455
"IRF5","ETV5",0.368509298525577,0.1,0.1,0.451246433336025
"IRF5","MGST3",0.299438341855859,0.148,0.148,0.522973068195209
"IRF5","HDGFRP3",0.295586771224951,0.141378446115288,0.141378446115288,0.552930042658138
"IRF5","SYT11",0.251270655942806,0.128,0.128,0.420721943271538
"IRF5","IL6",0.246461335812934,0.126,0.126,0.297111419637515
"IRF5","CD86",0.240134495005601,0.096,0.096,0.355353144458483
"IRF5","PBX3",0.223764814035144,0.15,0.15,0.405245734540363
"IRF5","DDX60",0.223485728605579,0.148,0.148,0.319272451709478
"IRF5","CCL5",0.200466173463322,0.142,0.142,0.530526288900555
"IRF5","MLTK",0.193963067896382,0.16,0.16,0.407531103910366
"IRF5","TNF",0.172782081329329,0.104,0.104,0.63931836084688
"IRF5","LACTB",0.167946832501555,0.174,0.174,0.603596049681553
"IRF5","SH2D2A",0.149777362258732,0.076,0.076,0.349123366123042
"IRF5","NPDC1",0.126845421254284,0.142,0.142,0.219714396819065
"IRF5","SLC16A9",0.126033817952382,0.0649506020376659,0.0649506020376659,0.223792016757671
"IRF5","ANXA3",0.126016674970147,0.088,0.088,0.395641744924445
"IRF5","BCL6",0.121210120524519,0.09,0.09,0.30518286515557
"IRF5","RMI2",0.118964178392527,0.122,0.122,0.294891009241147
"IRF5","ACTN1",0.105096318922233,0.0607128427128427,0.0607128427128427,0.318268055313936
"IRF5","ZBED2",0.0978715025820206,0.146,0.146,0.380234406855834
"IRF5","GBP1",0.0807882589481575,0.106,0.106,0.461918018729823
"IRF5","MNDA",0.0768240247962201,0.116,0.116,0.496890263088876
"IRF5","NREP",0.0758531577347001,0.07,0.07,0.271513616508869
"IRF5","LYST",0.0755841848931844,0.098,0.098,0.253336614778337
"IRF5","FNIP2",0.0750698267450007,0.112,0.112,0.318482927863134
"IRF5","RFX5",0.0547494914884109,0.04,0.04,0.30285718071819
"IRF5","LHX1",0.0520113141056323,0.0242586399108138,0.0242586399108138,0.0809959344777509
"IRF5","HOXA9",0.0362273503985668,0.0419131937516941,0.0419131937516941,0.107880708668842
"IRF5","CARD17",0.0349415775932305,0.0564391097774444,0.0564391097774444,0.0803976697169476
"IRF5","PEA15",0.0336199543737118,0.064,0.064,0.526069116380807
"IRF5","NFYA",0.0300605049438694,0.028,0.028,0.0630548601155991
"IRF5","S100A11",0.0284245431733906,0.068,0.068,0.392397275174229
"IRF5","BATF2",0.0259509179247155,0.0434181560586878,0.0434181560586878,0.104507440168688
"IRF5","SCNN1B",0.0254109586840456,0.068,0.068,0.0965608644316265
"IRF5","KLHL21",0.0240683989893848,0.06,0.06,0.0236604687606706
"IRF5","MPP7",0.023100244975777,0.024,0.024,0.0216887961217509
"IRF5","DPP4",0.023003383785491,0.0345040931833328,0.0345040931833328,0.119048015306596
"IRF5","PCNA",0.0224193550324491,0.088,0.088,0.24221083580783
"IRF5","ODC1",0.0214874121803874,0.078,0.078,0.0875578635052355
"IRF5","POU3F1",0.0192297019518234,0.0222105263157895,0.0222105263157895,0.10328590650874
"IRF5","ZIC2",0.0183298525697986,0.0210571533729428,0.0210571533729428,0.021855921490286
"IRF5","SELL",0.0155654323582937,0.058,0.058,0.0280482657696041
"IRF5","EBF1",0.0133039778868776,0.07,0.07,0.103016971384202
"IRF5","KLF10",0.0112991018475121,0.042,0.042,0.000660822909832906
"IRF5","CD163L1",0.0100601468278947,0.00671717171717172,0.00671717171717172,0.251404668444199
"IRF5","GNB3",0.0175311674737984,0.0263867243867244,0.0263867243867244,-0.0293804928405216
"IRF5","ESR1",0.0211583659122104,0.048,0.048,-0.0696349016648105
"IRF5","SREBF1",0.0262957369930014,0.05,0.05,-0.276495005032052
"IRF5","HMX2",0.0388119818171848,0.0933198380566802,0.0933198380566802,-0.0712577482741105
"IRF6","HOXC10",0.0592474346284434,0.0274024024024024,0.0274024024024024,0.00694616142117752
"IRF6","MYL9",0.0107976428823125,0.042,0.042,0.103342735073978
"IRF7","ISG15",0.997193476669026,0.422,0.422,0.953449541788399
"IRF7","IFI6",0.994531604162402,0.444,0.444,0.957285682739858
"IRF7","IFIT3",0.959440327981312,0.302,0.302,0.892550396422487
"IRF7","RSAD2",0.947451149090138,0.246,0.246,0.914257117324653
"IRF7","IFIT1",0.933398537938279,0.258,0.258,0.912465962869892
"IRF7","STAT1",0.919285554282727,0.256,0.256,0.892686201989025
"IRF7","STAT2",0.914738099182537,0.21,0.21,0.878536962656964
"IRF7","TNFSF10",0.838494984977366,0.24,0.24,0.832368253049455
"IRF7","IFI44L",0.8369525488993,0.254,0.254,0.936146782385257
"IRF7","DUSP5",0.824076319796527,0.154,0.154,0.826405760732298
"IRF7","HIST1H2AC",0.773842629878741,0.11,0.11,0.752701826035839
"IRF7","MX1",0.749789103638732,0.21,0.21,0.945570370360058
"IRF7","XBP1",0.689189569974075,0.202,0.202,0.875638930067754
"IRF7","LGALS3BP",0.670332841985176,0.102,0.102,0.742750014189023
"IRF7","CDKN1C",0.649529284305001,0.158,0.158,0.548485022430475
"IRF7","IGLL5",0.637378508257782,0.114,0.114,0.698495445759217
"IRF7","CREB3L2",0.633557377429954,0.146,0.146,0.731901472151541
"IRF7","IL1RN",0.478505951888399,0.114,0.114,0.457631255813693
"IRF7","SCNN1B",0.446673384941886,0.112,0.112,0.476656744590978
"IRF7","ITGA8",0.204527919094005,0.134,0.134,0.315175434176726
"IRF7","TRIM22",0.183511185066557,0.212,0.212,0.264867511295971
"IRF7","FOXD2",0.172584756491454,0.0992765957446809,0.0992765957446809,0.123420967196945
"IRF7","ESR2",0.170448097413029,0.098,0.098,0.287836406404272
"IRF7","HFE",0.168985875148307,0.0806262626262626,0.0806262626262626,0.264426760570789
"IRF7","POU6F1",0.160281739495114,0.092,0.092,0.238485950788725
"IRF7","SP3",0.159752314224983,0.11,0.11,0.171423474696029
"IRF7","NUB1",0.151575766924167,0.124,0.124,0.369621325326994
"IRF7","CARD17",0.144804355628037,0.0637659414853713,0.0637659414853713,0.288896520907811
"IRF7","DDX60",0.134468517974742,0.08,0.08,0.375619007230458
"IRF7","DLX6",0.131992802629097,0.142236500341764,0.142236500341764,0.102698353544833
"IRF7","FOXO4",0.120650033380915,0.064,0.064,0.174141197949458
"IRF7","ZNF281",0.110612631803313,0.088,0.088,0.152832469763528
"IRF7","SESN1",0.109894583396066,0.068,0.068,0.253595926028639
"IRF7","CAV1",0.0997734703867075,0.048,0.048,0.443598964796174
"IRF7","IRF4",0.0976493806576693,0.128,0.128,0.487973610699906
"IRF7","MEF2B",0.096864528049275,0.055249569707401,0.055249569707401,0.052506642966349
"IRF7","ZFX",0.0958357451703863,0.09,0.09,0.106397521096426
"IRF7","ESR1",0.088706074446842,0.044,0.044,0.277389239579832
"IRF7","ZBTB33",0.0772864233809274,0.048,0.048,0.194193244989766
"IRF7","BCL6",0.0763995451422951,0.102,0.102,0.0905008548617008
"IRF7","FLI1",0.0749968833588834,0.098,0.098,0.273092643733692
"IRF7","PLAC8",0.0726336664018983,0.108,0.108,0.0822852007871944
"IRF7","CLOCK",0.0700400338903214,0.04,0.04,0.172102943605215
"IRF7","MEF2C",0.0630486073301682,0.052,0.052,0.472931055440875
"IRF7","ARX",0.0484945986304579,0.0413095238095238,0.0413095238095238,0.0732942147311794
"IRF7","ZBTB12",0.0481448720153686,0.07,0.07,0.128886751740944
"IRF7","BATF2",0.0474591779131853,0.0393335210487951,0.0393335210487951,0.279979622050888
"IRF7","ATF7",0.0474320212280303,0.058,0.058,0.101586186129567
"IRF7","SOCS3",0.0463283704242404,0.034,0.034,0.597639420495692
"IRF7","HNF1B",0.0414500213748035,0.0682856726606727,0.0682856726606727,0.0334842081130565
"IRF7","HOXD3",0.0413055882297956,0.0670504209731852,0.0670504209731852,0.182179275923713
"IRF7","GLIS3",0.0383366722126862,0.021978021978022,0.021978021978022,0.0502400601173982
"IRF7","SP4",0.0351920101535116,0.054,0.054,0.000793785358057652
"IRF7","HGF",0.0334764104154917,0.08,0.08,0.330419015421029
"IRF7","CHAC1",0.0329817366467019,0.068,0.068,0.326478363033554
"IRF7","ZBTB26",0.0306018478788972,0.018,0.018,0.201029587573838
"IRF7","RHOXF1",0.0299929529804321,0.0413080237326246,0.0413080237326246,0.109937009336244
"IRF7","GATA3",0.0243246251844319,0.0264962406015038,0.0264962406015038,0.0847179116585766
"IRF7","E2F6",0.0228188844413562,0.05,0.05,0.0244555539879385
"IRF7","CEBPB",0.0227394554524391,0.02,0.02,0.19366967282771
"IRF7","ZNF24",0.022667472798611,0.036,0.036,0.280915330582529
"IRF7","NFE2L2",0.0216526411356939,0.028,0.028,0.310572861709294
"IRF7","REST",0.0206017808992476,0.024,0.024,0.145578412210656
"IRF7","BHLHE22",0.0172327505143583,0.0182498982498982,0.0182498982498982,0.0843380018574658
"IRF7","HOXB4",0.0143444088249614,0.024,0.024,0.0686322499923581
"IRF7","FAM107B",0.0106466306124126,0.022,0.022,-0.402877797803392
"IRF7","CKS2",0.0106860577860967,0.056,0.056,-0.467817904172932
"IRF7","NEUROD1",0.0111265577703624,0.0181343088581134,0.0181343088581134,-0.0325863550444124
"IRF7","E2F1",0.0118141375520221,0.022,0.022,-0.506827581178195
"IRF7","PPA1",0.0122738583473255,0.048,0.048,-0.244262151624801
"IRF7","ZBTB7A",0.0123700457196484,0.026,0.026,-0.144502045040843
"IRF7","GATM",0.0124991605882619,0.048,0.048,-0.262704368327761
"IRF7","CCL3",0.0126065134658728,0.008,0.008,-0.311045082167928
"IRF7","KLHL21",0.0132921739661772,0.022,0.022,-0.209976346535055
"IRF7","APOBEC3B",0.0133994058340109,0.062,0.062,-0.378517992270533
"IRF7","ARNTL",0.0139390372566047,0.02,0.02,-0.0340034690821849
"IRF7","PSAT1",0.0140418721154679,0.042,0.042,-0.330662146140114
"IRF7","MCM10",0.0140884201615953,0.036,0.036,-0.519095943862001
"IRF7","PGK1",0.0141161037275757,0.036,0.036,-0.508989736783469
"IRF7","ZNF136",0.0142291405711946,0.048,0.048,-0.0472718144923003
"IRF7","MT2A",0.0155912510595737,0.072,0.072,-0.151314060963949
"IRF7","SERPINB9",0.0163549709998234,0.03,0.03,-0.422201193522216
"IRF7","RORB",0.0168683279267299,0.00920613368544309,0.00920613368544309,-0.0018645550873597
"IRF7","CD86",0.0169367355890274,0.048,0.048,-0.278994840754142
"IRF7","ZBED2",0.0170396210829748,0.034,0.034,-0.440921314038894
"IRF7","TP53",0.017265178053789,0.024,0.024,-0.332155529573192
"IRF7","EMILIN2",0.0179220715881588,0.04,0.04,-0.285833102969095
"IRF7","MLTK",0.0181104634374893,0.016,0.016,-0.424409734725093
"IRF7","THAP11",0.0189182838311559,0.024,0.024,-0.0889619729163338
"IRF7","HHLA2",0.0192119431009495,0.02040858830255,0.02040858830255,-0.286925066594259
"IRF7","HEY2",0.0192869468074516,0.0787846889952153,0.0787846889952153,-0.0666302100118747
"IRF7","OLIG3",0.0195603049272642,0.0304295079000831,0.0304295079000831,-0.107593478721067
"IRF7","CXCR5",0.0197089091827847,0.052,0.052,-0.412533162087773
"IRF7","DCTPP1",0.0204327562636636,0.036,0.036,-0.501725191424325
"IRF7","MS4A1",0.0207843714482851,0.056,0.056,-0.486652979305288
"IRF7","ZNF410",0.0215524974343691,0.0825127334465195,0.0825127334465195,-0.0813771331847621
"IRF7","CDC25A",0.0222254666674293,0.052,0.052,-0.516954762218654
"IRF7","TOP2A",0.0225825758296512,0.024,0.024,-0.505728796964048
"IRF7","AK4",0.0228623982322016,0.052,0.052,-0.441381311564708
"IRF7","CCNB2",0.0230003228046164,0.08,0.08,-0.529276236391927
"IRF7","PRC1",0.0232196473467734,0.06,0.06,-0.459606390297308
"IRF7","ATF6",0.0238467673478977,0.028,0.028,-0.0707361150701445
"IRF7","ARL13B",0.0251637019731106,0.034,0.034,-0.323457057063948
"IRF7","CCDC6",0.0261344177177344,0.046,0.046,-0.392529321823019
"IRF7","TPRG1",0.0262799058314903,0.042,0.042,-0.401286088520933
"IRF7","NCL",0.026444185045221,0.066,0.066,-0.420183512952485
"IRF7","CCNA1",0.0266829190085435,0.0696275518154901,0.0696275518154901,-0.274560732538084
"IRF7","MAFF",0.0267339343772737,0.05,0.05,-0.161328769058895
"IRF7","GBP1",0.0272761919956297,0.1,0.1,-0.0913529007473234
"IRF7","RMI2",0.027678102775021,0.016,0.016,-0.435886126616434
"IRF7","RFX5",0.0289785781598192,0.062,0.062,-0.000344993456956125
"IRF7","SPI1",0.0295819173874043,0.036,0.036,-0.0194157842373566
"IRF7","PKM",0.0296070727300506,0.128,0.128,-0.484370175351796
"IRF7","STAT5A",0.0298130117195313,0.026,0.026,-0.389917486953867
"IRF7","PBX3",0.0312591393840365,0.05,0.05,-0.359445224745536
"IRF7","CCDC34",0.0316097202984638,0.088,0.088,-0.572630025999311
"IRF7","ENC1",0.0327909410340822,0.064,0.064,-0.165522743120584
"IRF7","CDKN1A",0.0345762981215381,0.076,0.076,-0.148500306453519
"IRF7","NKX3-1",0.0352066259325942,0.0401616161616162,0.0401616161616162,-0.216966157668909
"IRF7","YY1",0.0362878574056436,0.014,0.014,-0.400931549754555
"IRF7","ALOX5AP",0.0366398922307659,0.082,0.082,-0.314231220476128
"IRF7","NGFRAP1",0.0369651166451024,0.044,0.044,-0.199467132047025
"IRF7","FABP5",0.0372623082047831,0.09,0.09,-0.562801284594393
"IRF7","KLHL23",0.0378021318342224,0.096,0.096,-0.365349818097834
"IRF7","PRR11",0.0380461403197902,0.084,0.084,-0.537239785671237
"IRF7","FOXN3",0.0392147115850092,0.016,0.016,-0.233997869784322
"IRF7","ACTR3",0.0399033088282997,0.036,0.036,-0.462287980048606
"IRF7","DEPDC1",0.0406948443540073,0.06,0.06,-0.417000703474845
"IRF7","FHL2",0.043085653039682,0.115450007360018,0.115450007360018,-0.262433437927481
"IRF7","CCND3",0.0437602184206143,0.03,0.03,-0.504317330068296
"IRF7","SLC25A5",0.0441791022620786,0.05,0.05,-0.476373877289286
"IRF7","ZNF341",0.0526624741747726,0.096,0.096,-0.0785465421701571
"IRF7","MT1E",0.0527045494148549,0.04,0.04,-0.309644916441875
"IRF7","MSANTD3",0.0528343543261376,0.126,0.126,-0.326290347574758
"IRF7","MCM6",0.0530881501610122,0.024,0.024,-0.575984741574541
"IRF7","NDC80",0.0562836783374801,0.07,0.07,-0.439055424319447
"IRF7","TUBB4B",0.0573017853183303,0.062,0.062,-0.579314360923221
"IRF7","BCAT1",0.0575686029920477,0.03,0.03,-0.463019324566993
"IRF7","CEBPG",0.0577861980020592,0.032,0.032,-0.322253992144986
"IRF7","G0S2",0.0586758965575671,0.086,0.086,-0.302117563647699
"IRF7","CHORDC1",0.0594061525692507,0.028,0.028,-0.418244471772564
"IRF7","HK1",0.0598251178373146,0.046,0.046,-0.555599043866398
"IRF7","DUT",0.0598942454504286,0.064,0.064,-0.577987751520845
"IRF7","ELF4",0.0599440067137357,0.096,0.096,-0.225996019355547
"IRF7","FAM101B",0.0638023245057459,0.158,0.158,-0.0773206777058018
"IRF7","ETV4",0.0646112370961755,0.0950526315789474,0.0950526315789474,-0.328712968974218
"IRF7","HCK",0.065280038886472,0.032,0.032,-0.383898565335513
"IRF7","YBX3",0.0663013283698033,0.05,0.05,-0.42592994269269
"IRF7","CHEK1",0.0675065158295309,0.08,0.08,-0.552388671249283
"IRF7","CD80",0.0676150736896909,0.05,0.05,-0.357493638930343
"IRF7","TUBA1B",0.0687691677253492,0.044,0.044,-0.599423270785808
"IRF7","GRPEL1",0.0697179675935212,0.022,0.022,-0.441084123804017
"IRF7","HMGB2",0.0762960959185034,0.044,0.044,-0.625024214734081
"IRF7","KIF15",0.0765276915036716,0.074,0.074,-0.469572909698102
"IRF7","PEA15",0.0770137521861474,0.048,0.048,-0.438311130660603
"IRF7","BIRC5",0.0783804720448016,0.082,0.082,-0.571887575325217
"IRF7","SERBP1",0.0798361909175762,0.028,0.028,-0.466429260795335
"IRF7","TUBB",0.0813974584305283,0.03,0.03,-0.598364806623429
"IRF7","POLR3G",0.083910825102108,0.102,0.102,-0.417260801610793
"IRF7","YY2",0.0846885912772836,0.116005680622765,0.116005680622765,-0.0990392999848427
"IRF7","NFIC",0.0860785388990016,0.034,0.034,-0.235531799460139
"IRF7","TTC39C",0.0944982806872487,0.054,0.054,-0.423494928998563
"IRF7","ABCE1",0.0986478144797412,0.096,0.096,-0.464679231232668
"IRF7","CKAP2L",0.105429089308896,0.032,0.032,-0.475755961507755
"IRF7","TTK",0.106606258178091,0.048,0.048,-0.501489574976025
"IRF7","WARS",0.107671825777783,0.15,0.15,-0.147088880718353
"IRF7","MAFK",0.10972816402678,0.044,0.044,-0.261407081168635
"IRF7","NR6A1",0.114224763620131,0.0973436404864976,0.0973436404864976,-0.0985600440994416
"IRF7","FADS1",0.117111786437515,0.1,0.1,-0.284700707706518
"IRF7","APEX1",0.139115348694286,0.03,0.03,-0.420151574253308
"IRF7","NCF2",0.141351740561522,0.096,0.096,-0.355660263808509
"IRF7","LCP1",0.142487106125706,0.046,0.046,-0.693458136728476
"IRF7","ZYX",0.145137749999756,0.056,0.056,-0.574137578862654
"IRF7","BLOC1S2",0.149451559191963,0.04,0.04,-0.536623080363283
"IRF7","LBR",0.150934078220077,0.056,0.056,-0.615039465178756
"IRF7","CENPE",0.161776834989627,0.11,0.11,-0.519441361420081
"IRF7","SYT11",0.164106681569373,0.036,0.036,-0.451515417084819
"IRF7","NR2C2",0.165336734388039,0.146,0.146,-0.211629168261385
"IRF7","BCAS4",0.180487670952028,0.046,0.046,-0.471255422258057
"IRF7","TRIAP1",0.199228340624043,0.082,0.082,-0.425094232193722
"IRF7","MRTO4",0.242118982988494,0.118,0.118,-0.552595453826059
"IRF7","SOX4",0.249872998792722,0.058,0.058,-0.486136184037766
"IRF7","ETS1",0.267129053723369,0.074,0.074,-0.537553198667355
"IRF7","CLECL1",0.272989512032234,0.042,0.042,-0.509858841850545
"IRF7","HLA-DRA",0.324053774458098,0.084,0.084,-0.756192669716755
"IRF7","CENPV",0.363683018566792,0.094,0.094,-0.485358615005532
"IRF7","NAP1L1",0.38010997155183,0.072,0.072,-0.703723108527352
"IRF7","PIK3CD",0.383176365644703,0.086,0.086,-0.577758375422244
"IRF7","CXCR4",0.408902897310014,0.076,0.076,-0.626085063668592
"IRF7","MAX",0.416422444427693,0.076,0.076,-0.298280334012307
"IRF7","HLA-DRB1",0.428092491362333,0.108,0.108,-0.677463425584561
"IRF7","TPM3",0.472145161634416,0.054,0.054,-0.695787328794682
"IRF7","PTMA",0.523355792153709,0.072,0.072,-0.697179921661849
"IRF7","YBX1",0.580012337324864,0.158,0.158,-0.718620044859411
"IRF8","CEBPG",0.400890025762295,0.088,0.088,0.458581397844782
"IRF8","FOXP1",0.380666105080825,0.084,0.084,0.876624221057309
"IRF8","NFKBIE",0.325092568067437,0.048,0.048,0.554416141242825
"IRF8","SMAD4",0.323359176828562,0.068,0.068,0.371565592197457
"IRF8","CCDC6",0.251493934637887,0.036,0.036,0.659824348222998
"IRF8","MARCH1",0.245469093963681,0.144,0.144,0.827948445445073
"IRF8","IL6",0.234939897516692,0.06,0.06,0.390009433660743
"IRF8","NFIC",0.211258049055089,0.172,0.172,0.244828968583148
"IRF8","RELB",0.197172269217355,0.04,0.04,0.45267505621489
"IRF8","KLF4",0.177934620084921,0.048,0.048,0.515428092962987
"IRF8","SP3",0.163728438308492,0.064,0.064,0.244244157043404
"IRF8","BBC3",0.153102536202286,0.04,0.04,0.395754126984687
"IRF8","MGA",0.128169782329964,0.076,0.076,0.287159788118116
"IRF8","ZNF317",0.110691647740661,0.038,0.038,0.429800946607213
"IRF8","DSE",0.106056725483023,0.084,0.084,0.166603507199615
"IRF8","ARID5A",0.104094221395878,0.04,0.04,0.364872747402257
"IRF8","CD69",0.103389619451074,0.072,0.072,0.830491673447019
"IRF8","CXCL16",0.0949082206390144,0.056,0.056,0.337664645474037
"IRF8","YY1",0.0906248485589185,0.04,0.04,0.540748593749569
"IRF8","CREM",0.0879681053823643,0.06,0.06,0.251407899702074
"IRF8","SRSF2",0.0856673580132571,0.054,0.054,0.0530994663689648
"IRF8","NR4A3",0.0793789014917157,0.052,0.052,0.473618128676803
"IRF8","ETV6",0.0792355915205824,0.112,0.112,0.327345807866669
"IRF8","NAP1L1",0.0735506782300727,0.072,0.072,0.59340276526703
"IRF8","CD96",0.0722372258953286,0.026,0.026,0.100175714459984
"IRF8","CASZ1",0.068948471093408,0.028,0.028,0.336455352273158
"IRF8","DLL1",0.0561269646446374,0.038,0.038,0.418126472934257
"IRF8","CYB5R2",0.0485226279621421,0.152,0.152,0.130201673947099
"IRF8","CORO2A",0.044371583109231,0.074,0.074,0.13132780630251
"IRF8","STAT5A",0.0393231949494128,0.06,0.06,0.449692137307453
"IRF8","RFX1",0.0370105132614213,0.018,0.018,0.184259177137544
"IRF8","HLA-DRB1",0.0290684210020531,0.03,0.03,0.605231471593042
"IRF8","THAP11",0.0284152455325636,0.028,0.028,0.00892439776171149
"IRF8","NUB1",0.0281491983363884,0.016,0.016,0.234195975367991
"IRF8","IFIT2",0.027447890068214,0.034,0.034,0.387280662725833
"IRF8","ELF5",0.0239235520152612,0.046209147366408,0.046209147366408,0.103481652988373
"IRF8","C20orf195",0.0234938349080044,0.022,0.022,0.309306429179576
"IRF8","CREB5",0.0141732114177229,0.0145632121540966,0.0145632121540966,0.0905508766308942
"IRF8","RXRA",0.0137788233128218,0.048,0.048,0.169051834404147
"IRF8","LBR",0.0130971365491874,0.022,0.022,0.0605245285809248
"IRF8","NTRK2",0.013060081476093,0.07,0.07,0.0502627898633323
"IRF8","CCDC71L",0.0102495941578219,0.042,0.042,0.0741880187229273
"IRF8","MLTK",0.0102370877299501,0.042,0.042,-0.10739294397915
"IRF8","SOX4",0.0102520167320656,0.056,0.056,-0.118286323071993
"IRF8","CHAC1",0.0103556770474717,0.008,0.008,-0.260356206985719
"IRF8","NFATC4",0.0106477515262618,0.0414996038560803,0.0414996038560803,-0.0869622156309976
"IRF8","IRF7",0.0122220548688173,0.024,0.024,-0.413297779473642
"IRF8","MCM10",0.0161229729859497,0.082,0.082,-0.219291916744644
"IRF8","SCNN1B",0.0171368743618009,0.032,0.032,-0.190188939013003
"IRF8","ESR1",0.0180884241629779,0.02,0.02,-0.141673595946697
"IRF8","PTMS",0.0185444601685294,0.028,0.028,-0.147214308447313
"IRF8","POU6F1",0.0192978432113294,0.012,0.012,-0.0405267992354762
"IRF8","HLX",0.0208844519445582,0.0485054627911771,0.0485054627911771,-0.0844244187731994
"IRF8","CDK6",0.0326298068424208,0.024,0.024,-0.371044664344528
"IRF8","LAG3",0.0333325453135405,0.032,0.032,-0.114718858563597
"IRF8","NHLH1",0.0395021462415288,0.0324408861592455,0.0324408861592455,-0.152679773938786
"IRF8","CKAP2L",0.0440172284074713,0.062,0.062,-0.122033625113986
"IRF8","CARD17",0.0593447071648343,0.0849212303075769,0.0849212303075769,-0.119254356101284
"IRF8","KPNA2",0.0770020216351568,0.044,0.044,-0.113551138374302
"IRF8","ARNT",0.0806693326341897,0.066,0.066,-0.0403604366475211
"IRF8","TCF12",0.0821988958087594,0.068,0.068,-0.0604643961780687
"IRF8","IFI27",0.106124439656528,0.052,0.052,-0.322799239038848
"IRF8","MIXL1",0.108885025845774,0.054,0.054,-0.367046484818111
"IRF8","MLXIP",0.133925143328199,0.046,0.046,-0.281318415261268
"IRF8","IRF4",0.316522507457119,0.062,0.062,-0.745537805294016
"IRF9","ETV1",0.207111315532239,0.132196162046908,0.132196162046908,0.0639917617255754
"IRF9","ATF2",0.161138143885901,0.1,0.1,0.144802804940165
"IRF9","PROX1",0.0647431078683652,0.0268256013745704,0.0268256013745704,0.00578273492591655
"IRF9","HFE",0.0617203837323839,0.0564848484848485,0.0564848484848485,0.130379851637047
"IRF9","BATF2",0.0576396778242147,0.0614538028138137,0.0614538028138137,0.160730187943953
"IRF9","POU6F1",0.0504445121981675,0.044,0.044,0.103282387139344
"IRF9","SESN1",0.0390344199237536,0.044,0.044,0.136488837701182
"IRF9","SP3",0.0330958687593561,0.048,0.048,0.175299278492635
"IRF9","LBX2",0.0251215039325667,0.0175107501194458,0.0175107501194458,0.0308608964640076
"IRF9","FOXD2",0.0233960338998407,0.0142553191489362,0.0142553191489362,0.0501681690109855
"IRF9","RARA",0.0185534409605289,0.036,0.036,0.142474107400698
"IRF9","IFI27",0.0162308018694177,0.044,0.044,0.287943128975731
"IRF9","ELF3",0.0144277990289707,0.00618556701030928,0.00618556701030928,0.0233686590395685
"IRF9","USF1",0.0142826147565344,0.024,0.024,0.0972843612178261
"IRF9","ZNF528",0.0123141675154072,0.024,0.024,0.0767114823319692
"IRF9","NFIX",0.0120760726032924,0.006,0.006,0.0030114577537047
"IRF9","LIMA1",0.0113380428941466,0.022,0.022,0.0049921573556197
"IRF9","RXRB",0.0104691102560129,0.02,0.02,0.0552739427346179
"IRF9","HEY2",0.0101358883066917,0.028987012987013,0.028987012987013,-0.00446993997281634
"IRF9","CD70",0.0147163170427259,0.05,0.05,-0.0914721880320143
"ISL2","CUX2",0.143382619510528,0.105646162393496,0.105646162393496,0.0656095434338669
"ISL2","EMX2",0.137614984502394,0.0800607760635811,0.0800607760635811,0.206876552812874
"ISL2","LHX8",0.133719525070115,0.084894617819991,0.084894617819991,0.121654283938442
"ISL2","MEIS2",0.094252914641322,0.0897028214616096,0.0897028214616096,0.0779950233283842
"ISL2","BARHL2",0.0735298812410682,0.0308424908424908,0.0308424908424908,0.229566604356712
"ISL2","MNT",0.0543553041297473,0.054,0.054,0.115507936846766
"ISL2","GRHL1",0.0144702506811727,0.00842198581560284,0.00842198581560284,0.0544814686638051
"ISL2","GTSF1",0.015315782517017,0.076,0.076,-0.0248795523618816
"ISL2","HIF1A",0.0182924608765809,0.048,0.048,-0.226999649068639
"ISL2","ZNF384",0.0273889759821541,0.03,0.03,-0.105209683577924
"ISL2","PRR19",0.0302146658493769,0.146520169765597,0.146520169765597,-0.0885424454492098
"JDP2","ATF5",0.0619906254315191,0.09,0.09,0.250379297392209
"JDP2","DDIT3",0.0435517398598375,0.066,0.066,0.137214732886266
"JDP2","ASPM",0.0376241382055037,0.022,0.022,0.124926968004898
"JDP2","SOX12",0.0337229004749331,0.034,0.034,0.0570261262148908
"JDP2","NFE2L1",0.0322698763935186,0.046,0.046,0.270535022296536
"JDP2","TOP2A",0.029088953162775,0.038,0.038,0.139764427383147
"JDP2","NR1D1",0.0226535853054637,0.0263257315422264,0.0263257315422264,0.0769210085526039
"JDP2","UBE2C",0.0195319643924495,0.022,0.022,0.12293702759881
"JDP2","TPM4",0.0166605161011224,0.02,0.02,0.214991700452414
"JDP2","CEBPB",0.0154258838646043,0.042,0.042,0.128914482090616
"JDP2","ATF2",0.01498535408157,0.028,0.028,0.0448056308484615
"JDP2","ANKRD13B",0.0143673244427113,0.0241212121212121,0.0241212121212121,0.149784200196967
"JDP2","CKS1B",0.0138868985565036,0.024,0.024,0.122581409443056
"JDP2","BATF",0.0128428995765153,0.02,0.02,0.237313091245251
"JDP2","NUF2",0.0123863341453614,0.038,0.038,0.139527120974355
"JDP2","HN1",0.0105464025802248,0.024,0.024,0.12690749862686
"JDP2","DIAPH3",0.0102093359754656,0.02,0.02,0.0795440845575251
"JDP2","ITGA2",0.0119130433841518,0.0435828877005348,0.0435828877005348,-0.0388332655830103
"JDP2","RASSF6",0.0177912196156482,0.034,0.034,-0.209262434019717
"JDP2","TMEM99",0.0187088590823323,0.066,0.066,-0.0533962975299968
"JDP2","P2RY6",0.0773630525547699,0.0665263157894737,0.0665263157894737,-0.107952516468508
"JUN","FOS",0.342750410780718,0.226,0.226,0.638263607934238
"JUN","MEF2D",0.328507743747828,0.09,0.09,0.351093206083062
"JUN","FOSB",0.234967091381447,0.15,0.15,0.577916573397063
"JUN","RGS1",0.169303947860976,0.16,0.16,0.370584363095459
"JUN","MAFF",0.101786789669202,0.058,0.058,0.168504848410879
"JUN","GABPA",0.0949402821285097,0.06,0.06,0.268896887111227
"JUN","FOXO3",0.0938576799885946,0.054,0.054,0.369314107599964
"JUN","NRF1",0.088721402718172,0.092,0.092,0.0995923293305161
"JUN","PRDM15",0.0707608629134806,0.112,0.112,0.26502883171135
"JUN","STAT4",0.0598347701580476,0.062,0.062,0.143910725614508
"JUN","SMAD4",0.0532626192704379,0.062,0.062,0.288848353099307
"JUN","NCKAP5L",0.0356482537112011,0.048,0.048,0.188817220227006
"JUN","SMAD3",0.0333536546291912,0.086,0.086,0.4458183315265
"JUN","RBPJ",0.0326796209037757,0.05,0.05,0.140718136665762
"JUN","CAV1",0.0318028275397629,0.064,0.064,0.183019720242559
"JUN","ZNF317",0.0316723450981081,0.054,0.054,0.327096433314559
"JUN","TCN2",0.0296091458705729,0.068,0.068,0.21148439563788
"JUN","ZFX",0.0262863630157294,0.022,0.022,0.161326169689158
"JUN","SOX11",0.0222014631899033,0.0245731707317073,0.0245731707317073,0.0273639914687863
"JUN","RFX1",0.0200128215420692,0.032,0.032,0.146326956982458
"JUN","CARD17",0.0196352489042339,0.0261565391347837,0.0261565391347837,0.0759260644368533
"JUN","SP1",0.0185834653397152,0.026,0.026,0.0837403077957348
"JUN","ZNF460",0.018406839155098,0.042,0.042,0.0455315608429382
"JUN","REST",0.0173340548391083,0.02,0.02,0.0829794387212443
"JUN","MEF2C",0.0142454345082228,0.04,0.04,0.0450119601702999
"JUN","GPR18",0.013147164902501,0.036,0.036,0.170201847172287
"JUN","PPAP2B",0.0113339912037138,0.026,0.026,0.227874185489892
"JUN","IGLL5",0.0107054382170785,0.072,0.072,0.214511070258344
"JUN","KIAA0020",0.010075727048913,0.024,0.024,-0.392339020465284
"JUN","CTSH",0.0101967976193589,0.022,0.022,-0.518744444078254
"JUN","GMEB1",0.010289224951719,0.012,0.012,-0.105506448112864
"JUN","NR5A2",0.0108983526025874,0.0846376006272501,0.0846376006272501,-0.120778188811582
"JUN","HSF2",0.0114029537361149,0.018,0.018,-0.0779497372484394
"JUN","BATF",0.0114811135826758,0.034,0.034,-0.350707036205798
"JUN","HINFP",0.0122647171379868,0.02,0.02,-0.150111213016352
"JUN","TUBB2A",0.0130406568909345,0.03,0.03,-0.201771724392217
"JUN","BHLHE40",0.0134287757579226,0.028,0.028,-0.19694668347588
"JUN","SPI1",0.0147531108712724,0.022,0.022,-0.0200770818922582
"JUN","PRR5L",0.0167948394015676,0.024,0.024,-0.369815428101511
"JUN","HTR3A",0.018873089392452,0.034,0.034,-0.165221863996616
"JUN","RAB13",0.0252113521646662,0.054,0.054,-0.240799575550678
"JUN","TUBB3",0.0261061938437167,0.034,0.034,-0.376902457083173
"JUN","SOX4",0.0272769976517667,0.016,0.016,-0.371029605041459
"JUN","GLI3",0.0290404873043422,0.0834441980783444,0.0834441980783444,-0.0987302930668529
"JUN","AURKA",0.0290940071464023,0.052,0.052,-0.528462540284693
"JUN","KISS1R",0.0328404758974164,0.0161616161616162,0.0161616161616162,-0.247082860032257
"JUN","ATF3",0.0334229702861811,0.066,0.066,-0.023942774551989
"JUN","RMI2",0.0339074336085261,0.026,0.026,-0.409227660535598
"JUN","ANXA3",0.0368077264321466,0.056,0.056,-0.359238599859669
"JUN","YBX3",0.0375478273107849,0.096,0.096,-0.407216511991562
"JUN","SP4",0.0394461190704076,0.05,0.05,-0.119869370675868
"JUN","TEAD1",0.0401415909592372,0.0632089332941522,0.0632089332941522,-0.0703705972099326
"JUN","KLHL23",0.043414280225726,0.054,0.054,-0.392077358790291
"JUN","ZNF143",0.0451027556507608,0.068,0.068,-0.161175383916898
"JUN","PSAT1",0.0560638509676793,0.042,0.042,-0.4675600213155
"JUN","KIF5C",0.0585504232923663,0.042,0.042,-0.33592781980969
"JUN","TFEB",0.0613916703882236,0.036,0.036,-0.199351575988413
"JUN","NR2F6",0.0692440790732803,0.0484329896907216,0.0484329896907216,-0.199474680762795
"JUN","TEF",0.0765853262174438,0.074,0.074,-0.159799796894829
"JUN","BHLHE22",0.0842345642037177,0.0985410495115136,0.0985410495115136,-0.0701541346603945
"JUN","EHF",0.093114847259889,0.0512345105382856,0.0512345105382856,-0.0663667102259105
"JUN","DOK1",0.0987979492020032,0.048,0.048,-0.408476788427885
"JUN","ZNF682",0.0998689879748238,0.0646390320512107,0.0646390320512107,-0.17834364602567
"JUN","S100A11",0.10469109013924,0.06,0.06,-0.622308475110211
"JUN","UCHL1",0.209899332822484,0.11,0.11,-0.549753337980799
"JUNB","NR4A1",0.352104369442074,0.17,0.17,0.624098021891218
"JUNB","FOSL2",0.339014976234633,0.11,0.11,0.366061810027109
"JUNB","GNAZ",0.221200645055521,0.04,0.04,0.225477968171308
"JUNB","ELF1",0.1482426095076,0.106,0.106,0.666229383245801
"JUNB","PRDM4",0.136007272849163,0.058,0.058,0.765953882500903
"JUNB","HIF1A",0.113013012292119,0.04,0.04,0.452316037395069
"JUNB","TGIF1",0.087674926282595,0.126,0.126,0.577440626135233
"JUNB","ZEB1",0.0860590367602427,0.01,0.01,0.520926237158725
"JUNB","RGS2",0.0798219621033261,0.084,0.084,0.754429329009132
"JUNB","PPAP2B",0.0478487336386176,0.076,0.076,0.286794428826403
"JUNB","ID3",0.0408514069866533,0.04,0.04,0.456505897587618
"JUNB","HES1",0.0378742302539687,0.012,0.012,0.572850359289893
"JUNB","DOPEY2",0.0361377041691818,0.034,0.034,0.481734676516844
"JUNB","CREB1",0.0345336848634416,0.06,0.06,0.176266049678908
"JUNB","BIRC3",0.0342037036624258,0.046,0.046,0.440902216768569
"JUNB","SOX12",0.0319873270496257,0.034,0.034,0.0869222309162472
"JUNB","BACH1",0.0310269700997662,0.026,0.026,0.678238266971193
"JUNB","NFKB2",0.0291227009214098,0.09,0.09,0.72913572029327
"JUNB","ARL6IP5",0.0263383282850893,0.088,0.088,0.00089454650616813
"JUNB","HSF2",0.0263338768482389,0.044,0.044,0.131102604687484
"JUNB","KLF6",0.0234956120102503,0.078,0.078,0.830418496041677
"JUNB","EMILIN2",0.023100375180563,0.036,0.036,0.438883582198561
"JUNB","RGS1",0.020873713438661,0.076,0.076,0.0408160361948547
"JUNB","RUNX3",0.0144566543050334,0.028,0.028,0.565757584085167
"JUNB","GABPA",0.0128613856587573,0.018,0.018,0.201556551642053
"JUNB","SMAD4",0.0119676425430572,0.028,0.028,0.312799150554703
"JUNB","ANK3",0.0111356060720731,0.044,0.044,0.26369681290253
"JUNB","BATF",0.0100645320483676,0.05,0.05,-0.111562280246321
"JUNB","HIST1H4C",0.0103611400134347,0.068,0.068,-0.265769133865103
"JUNB","FBXO5",0.0114690645864528,0.072,0.072,-0.300945737266253
"JUNB","PRMT1",0.012647722961224,0.06,0.06,-0.232357227669956
"JUNB","SMAD2",0.0129890515285232,0.016,0.016,-0.0928994123569096
"JUNB","TMEM99",0.0142534436226054,0.046,0.046,-0.16876407706386
"JUNB","HILPDA",0.014626703729282,0.034,0.034,-0.0856534278956126
"JUNB","COL7A1",0.0148857706856232,0.024,0.024,-0.123786171557213
"JUNB","SELL",0.0166903351833213,0.012,0.012,-0.401512831684223
"JUNB","COL1A2",0.0167764981803694,0.018,0.018,-0.150638724228639
"JUNB","BHLHE41",0.0194222165132816,0.046,0.046,-0.454635988302541
"JUNB","DIAPH3",0.0201794813224752,0.126,0.126,-0.307879449671981
"JUNB","C10orf10",0.022008099831673,0.022,0.022,-0.225713785147304
"JUNB","FNIP2",0.0233169876676787,0.076,0.076,-0.061712114502961
"JUNB","ATF5",0.0295377347445311,0.038,0.038,-0.42907279373629
"JUNB","IGJ",0.0350257772599019,0.082,0.082,-0.649039140090157
"JUNB","ZNF652",0.037179921570904,0.078,0.078,-0.0257258290711758
"JUNB","APOBEC3B",0.0577130699836008,0.078,0.078,-0.359873789632377
"JUNB","RORB",0.0584291521556335,0.0279297822420032,0.0279297822420032,-0.0561584763529842
"JUNB","ETS2",0.0596488300005329,0.0512926103866392,0.0512926103866392,-0.0621736956884655
"JUNB","NR1D1",0.0649376386592425,0.072815578465063,0.072815578465063,-0.122627802322771
"JUNB","CEBPB",0.0744012520690346,0.054,0.054,-0.276436518529065
"JUNB","P2RY6",0.100334512135832,0.0849473684210526,0.0849473684210526,-0.154887129532855
"JUNB","NFATC4",0.110905535128337,0.119707244752665,0.119707244752665,-0.104489995306996
"JUNB","RUNX2",0.110925011122709,0.05,0.05,-0.464114259846169
"JUND","PRDM4",0.788428012982999,0.182,0.182,0.80653271483136
"JUND","RGS2",0.744416249191728,0.114,0.114,0.824345429134572
"JUND","BACH1",0.723189539155416,0.152,0.152,0.781506936984218
"JUND","MARCH1",0.605707891930546,0.102,0.102,0.828441729985406
"JUND","ZEB1",0.505791089592659,0.082,0.082,0.556718677696657
"JUND","HES1",0.474230291262428,0.076,0.076,0.531905274542469
"JUND","ANK3",0.448509640644544,0.156,0.156,0.310373154272169
"JUND","ID3",0.410970974280038,0.082,0.082,0.606373012144099
"JUND","HIF1A",0.382262064882041,0.086,0.086,0.51931442594551
"JUND","ZNF148",0.340073982331144,0.07,0.07,0.449717310028915
"JUND","KLF6",0.277678424439832,0.146,0.146,0.797804480184117
"JUND","GABPA",0.233611674850951,0.07,0.07,0.297394922336159
"JUND","KLF4",0.198222443025794,0.076,0.076,0.477546071990811
"JUND","NFKB2",0.132053665905263,0.032,0.032,0.747579010525464
"JUND","XAF1",0.126592548425375,0.266,0.266,0.0192212550552285
"JUND","DOPEY2",0.116669492677358,0.06,0.06,0.509907290948181
"JUND","NR4A1",0.093314362382767,0.028,0.028,0.626094982356616
"JUND","HS3ST3B1",0.0847411496778193,0.134,0.134,0.317833234598954
"JUND","HMBOX1",0.0752884715497367,0.05,0.05,0.152362916539951
"JUND","LRRK2",0.0743450875578314,0.028,0.028,0.542755985013385
"JUND","EMILIN2",0.0737802316063833,0.018,0.018,0.431137432859578
"JUND","RUNX3",0.0707950557729847,0.074,0.074,0.568914198127383
"JUND","TTN",0.0688954191806469,0.05,0.05,0.615690991755187
"JUND","MS4A7",0.0527977537165778,0.04,0.04,0.238366635806618
"JUND","FOSL2",0.0523018277697304,0.018,0.018,0.338021269446236
"JUND","PPAP2B",0.0418632640927046,0.124,0.124,0.308918130087085
"JUND","RGS1",0.0357486465749073,0.03,0.03,0.147440406438855
"JUND","BBC3",0.0333227415896251,0.064,0.064,0.30555145627158
"JUND","CREB1",0.0286113316916025,0.022,0.022,0.174192927652392
"JUND","CREB5",0.0285530281652304,0.0227878006872852,0.0227878006872852,0.0397586336692139
"JUND","ATF2",0.0250303875658913,0.016,0.016,0.230685269237964
"JUND","SOX12",0.0171646076661051,0.014,0.014,0.0926047762709876
"JUND","GNAZ",0.0135654068502369,0.044,0.044,0.214623575472816
"JUND","ELK4",0.0100916656987428,0.014,0.014,0.509151929680354
"JUND","FNIP2",0.0111973852434215,0.016,0.016,-0.239803815958958
"JUND","RRM2",0.0133745216765532,0.036,0.036,-0.465887435921046
"JUND","CKS1B",0.0134830072654691,0.062,0.062,-0.468846291580087
"JUND","HIST1H4C",0.0135434427058328,0.016,0.016,-0.43153760014217
"JUND","LDHA",0.0158037394812155,0.058,0.058,-0.553663949961477
"JUND","RASSF6",0.0174832317216893,0.048,0.048,-0.106501854372234
"JUND","TCF3",0.0177733253152291,0.062,0.062,-0.542346833199334
"JUND","CEBPB",0.0186637142926653,0.006,0.006,-0.197774748750196
"JUND","COL7A1",0.0187782281357807,0.034,0.034,-0.0568857767121916
"JUND","TMEM99",0.0200471184980943,0.028,0.028,-0.320419600589772
"JUND","IGJ",0.0216448171825294,0.116,0.116,-0.51713893608595
"JUND","CALM2",0.0221955863549247,0.036,0.036,-0.441337237402109
"JUND","HN1",0.0234758008966382,0.038,0.038,-0.526180173128996
"JUND","ETS2",0.0250165423076088,0.0619537863189201,0.0619537863189201,-0.033237600004584
"JUND","PRMT1",0.0255868125179733,0.076,0.076,-0.470187995022415
"JUND","FAM111B",0.0268977001741518,0.082,0.082,-0.172664183103002
"JUND","RAB7L1",0.0309280696792644,0.02,0.02,-0.370009955028868
"JUND","DPP4",0.0317009789917514,0.0563975750821157,0.0563975750821157,-0.201906130347047
"JUND","COL1A2",0.0325750088193997,0.06,0.06,-0.0655204212175566
"JUND","GATA3",0.033118135395481,0.0694650912996778,0.0694650912996778,-0.03587115601764
"JUND","PAPD5",0.0341805472425401,0.08,0.08,-0.33133725248909
"JUND","HTR3A",0.0397310644521241,0.068,0.068,-0.0506458362572088
"JUND","NME1",0.0497930514737738,0.04,0.04,-0.591684187978474
"JUND","ZKSCAN1",0.0498387724083303,0.066,0.066,-0.213569915376567
"JUND","SPDL1",0.0513146402575918,0.08,0.08,-0.502288718927551
"JUND","BHLHE41",0.053579587596472,0.04,0.04,-0.356593016684146
"JUND","CCDC34",0.0536981739243333,0.034,0.034,-0.466900899594576
"JUND","DIAPH3",0.0577099792186555,0.042,0.042,-0.478184873343416
"JUND","MGST1",0.0578687479147408,0.0467238317238317,0.0467238317238317,-0.235101602514612
"JUND","SOX6",0.065044712563126,0.175810948310948,0.175810948310948,-0.132029874603882
"JUND","NR1I3",0.071215547197323,0.0894757433489828,0.0894757433489828,-0.0758353607678981
"JUND","E2F2",0.0749140994504524,0.026,0.026,-0.473893483227256
"JUND","TTK",0.0846026943395307,0.056,0.056,-0.423582628202672
"JUND","RORB",0.0849208664927674,0.0812270855698472,0.0812270855698472,-0.0617072936993485
"JUND","NFYB",0.0983119548447343,0.016,0.016,-0.309982450609751
"JUND","LGALS3",0.103111089512283,0.048,0.048,-0.4747457319124
"JUND","ZKSCAN5",0.11613996006412,0.046,0.046,-0.172099672020064
"JUND","GAPDH",0.130718630757567,0.086,0.086,-0.630390782006438
"JUND","IRF4",0.199306120615408,0.038,0.038,-0.678875841806008
"JUND","APOBEC3B",0.209839626255899,0.054,0.054,-0.474132482456495
"JUND","SELL",0.216438413529845,0.068,0.068,-0.485684294094713
"JUND","NUF2",0.223878732313944,0.092,0.092,-0.512906043379559
"JUND","UBE2C",0.232002684318346,0.05,0.05,-0.476036415122129
"JUND","F2R",0.276398223571288,0.06,0.06,-0.468572793488939
"JUND","ATF5",0.304679986715458,0.064,0.064,-0.53700268177931
"JUND","RUNX2",0.321907925098095,0.18,0.18,-0.470082279035211
"JUND","HPGD",0.401954337787572,0.08,0.08,-0.454792594501426
"JUND","PTP4A3",0.403589995069628,0.072,0.072,-0.413426892735187
"KLF10","PBX2",0.440090074243801,0.134,0.134,0.493727064683547
"KLF10","IRF1",0.420414601523338,0.134,0.134,0.616949674355964
"KLF10","COL1A2",0.328021831641668,0.12,0.12,0.369062482218652
"KLF10","ITGA6",0.276582536244592,0.1,0.1,0.649002904704386
"KLF10","LHX2",0.229233413823909,0.126955247215165,0.126955247215165,0.0930444146379777
"KLF10","FOXO3",0.20368769007268,0.054,0.054,0.405974062634719
"KLF10","ETV2",0.201703544712753,0.137402567373518,0.137402567373518,0.0592863386933782
"KLF10","RHOXF1",0.169918672878033,0.0699350797044469,0.0699350797044469,0.0802831340932812
"KLF10","CAV1",0.155783661386115,0.056,0.056,0.441224827395651
"KLF10","RUNX1",0.154301757865848,0.1,0.1,0.343792160154551
"KLF10","ZBTB7C",0.14570160478261,0.184065560882565,0.184065560882565,0.043962785995164
"KLF10","SCRT1",0.135974415835193,0.0727476445123504,0.0727476445123504,0.0588503585098542
"KLF10","MECOM",0.128154848935166,0.0629518286187715,0.0629518286187715,0.0422943414874512
"KLF10","LAG3",0.121613988765608,0.082,0.082,0.255693033367525
"KLF10","SESN1",0.12132253680491,0.054,0.054,0.210590860411994
"KLF10","ZNF75D",0.113630852740828,0.094,0.094,0.349609984507991
"KLF10","SP1",0.111003407801799,0.042,0.042,0.220088270464607
"KLF10","NR1D2",0.108473218209918,0.11,0.11,0.307598636574094
"KLF10","ZSCAN29",0.101069098265039,0.086,0.086,0.223867913563668
"KLF10","NUB1",0.0982757987797282,0.086,0.086,0.402632799979982
"KLF10","FOXO4",0.0890827442646038,0.06,0.06,0.216342060396405
"KLF10","JUN",0.0877559291327502,0.068,0.068,0.445780833525361
"KLF10","PPARA",0.0860056647453358,0.038,0.038,0.229532358477984
"KLF10","C10orf10",0.0817465116375304,0.046,0.046,0.307962363643882
"KLF10","HINFP",0.0697315250160977,0.084,0.084,0.0848443802588919
"KLF10","HGF",0.0660177037325018,0.074,0.074,0.316796179808459
"KLF10","PRDM15",0.0644658053438496,0.036,0.036,0.405735897297341
"KLF10","VEZF1",0.0623312555821971,0.084,0.084,0.0958700878237188
"KLF10","MLXIPL",0.0596501633424682,0.0436074496688307,0.0436074496688307,0.044644946380948
"KLF10","ARNTL",0.0588378099850226,0.106,0.106,0.00835137056865857
"KLF10","CREB3L1",0.0565463102005061,0.036905445128028,0.036905445128028,0.0351829119174809
"KLF10","MLXIP",0.0546566040040955,0.03,0.03,0.364900677549958
"KLF10","HOXB4",0.0533772788560679,0.038,0.038,0.0687930695869798
"KLF10","DUSP5",0.0474843478612728,0.092,0.092,0.648925760233963
"KLF10","POU4F1",0.0446828874091769,0.084,0.084,0.00728586760580186
"KLF10","HIF1A",0.0434741731712515,0.058,0.058,0.184000264626349
"KLF10","TFAP2E",0.0396111425164608,0.0237667887667888,0.0237667887667888,0.0359942003625585
"KLF10","ZNF449",0.0370956724287755,0.078,0.078,0.136041555107007
"KLF10","CEBPB",0.0367385430075435,0.06,0.06,0.109974147363562
"KLF10","NFATC4",0.0353378410981344,0.0207224211869226,0.0207224211869226,0.0985075816733987
"KLF10","TCN2",0.0322967935350405,0.036,0.036,0.348623646161181
"KLF10","ZNF384",0.0316862071519983,0.032,0.032,0.0561940441600439
"KLF10","HIST1H2BK",0.0298643353315621,0.062,0.062,0.432030868732161
"KLF10","PLAG1",0.0274606503433278,0.02,0.02,0.152143386880413
"KLF10","GFI1",0.0267892497283963,0.0261624407338693,0.0261624407338693,0.154406467143408
"KLF10","IGLL5",0.0264231170835534,0.026,0.026,0.526862965574125
"KLF10","ZNF281",0.0262032962381417,0.014,0.014,0.249921830494338
"KLF10","ENC1",0.0232577081879132,0.062,0.062,0.0971418435622526
"KLF10","FOXJ3",0.0232026236068406,0.048,0.048,0.0484023735516249
"KLF10","ID3",0.0230659516959381,0.038,0.038,0.304635923816262
"KLF10","MXI1",0.022289363976493,0.032,0.032,0.150803396571266
"KLF10","ARX",0.0199537753289466,0.0147009291521487,0.0147009291521487,0.055226718607638
"KLF10","TEAD3",0.0189510036693429,0.0204948979591837,0.0204948979591837,0.136774539606062
"KLF10","CADM1",0.0178953840457974,0.014,0.014,0.376281712941347
"KLF10","ELF1",0.0170256484521811,0.042,0.042,0.197378559746244
"KLF10","H1F0",0.0165012808972389,0.048,0.048,0.185398005948669
"KLF10","SCNN1B",0.0160102438661935,0.046,0.046,0.299553089779268
"KLF10","PPAP2B",0.0156018810057088,0.028,0.028,0.120697586710192
"KLF10","ZNF24",0.0131097780529672,0.034,0.034,0.343988716500419
"KLF10","CUX1",0.0129453450537896,0.036,0.036,0.17553137043861
"KLF10","MAFF",0.0117024948753893,0.026,0.026,0.00844072523044372
"KLF10","REST",0.0111299532869796,0.006,0.006,0.12228998033117
"KLF10","SOX12",0.0105086179970491,0.014,0.014,0.10180858560959
"KLF10","NR3C1",0.0104392256360676,0.046,0.046,0.174447986291899
"KLF10","MGST3",0.0104302922801301,0.04,0.04,-0.0514222126818408
"KLF10","KIFC1",0.0105493859825009,0.038,0.038,-0.563486960979513
"KLF10","MAFK",0.0110429996348691,0.014,0.014,-0.185060481867062
"KLF10","TCFL5",0.0110615839792449,0.04,0.04,-0.051269258083105
"KLF10","GINS2",0.0116178201218606,0.03,0.03,-0.547405862206605
"KLF10","HLX",0.0116371688951532,0.0121624407338693,0.0121624407338693,-0.257481861031511
"KLF10","EZH2",0.0116853826734181,0.014,0.014,-0.500988234547333
"KLF10","TP53",0.0117925781150651,0.026,0.026,-0.394493586186281
"KLF10","NOP16",0.0120662996237837,0.022,0.022,-0.469284371951616
"KLF10","HES1",0.0121131472605165,0.046,0.046,-0.114749708978029
"KLF10","ZBED2",0.0125896253691605,0.026,0.026,-0.441197089836276
"KLF10","SRSF2",0.0133445874729994,0.05,0.05,-0.274845645994885
"KLF10","G0S2",0.0136426362306326,0.036,0.036,-0.2419743193263
"KLF10","HLF",0.0139047286122767,0.0707747236202521,0.0707747236202521,-0.137799125310821
"KLF10","NFYC",0.0139724940086161,0.018,0.018,-0.153119049596307
"KLF10","ZBTB7A",0.0143049971662824,0.028,0.028,-0.133826803693494
"KLF10","CXCR4",0.0146247725293778,0.056,0.056,-0.452525986748403
"KLF10","BATF3",0.0157028232058617,0.036,0.036,-0.303366736344199
"KLF10","LYAR",0.0165211755261271,0.032,0.032,-0.523386268380119
"KLF10","NR3C2",0.0168274366152772,0.0122887033601319,0.0122887033601319,-0.0169648552996864
"KLF10","PPIF",0.0172168852922312,0.058,0.058,-0.4988602533646
"KLF10","MAFG",0.017266172040407,0.028,0.028,-0.176405008791923
"KLF10","CLSPN",0.0173236254959294,0.062,0.062,-0.515642875382462
"KLF10","MSC",0.0174522057297944,0.012,0.012,-0.362687933632661
"KLF10","PAX5",0.0175125005922667,0.066,0.066,-0.306249369314869
"KLF10","NR2F6",0.0175518753223285,0.0281855670103093,0.0281855670103093,-0.0671588745223804
"KLF10","CDCA4",0.0178708000507998,0.038,0.038,-0.499869865494139
"KLF10","MT1G",0.0186534241475077,0.038,0.038,-0.335080270097199
"KLF10","FDXR",0.0191081291218782,0.02,0.02,-0.338839538933078
"KLF10","LGALS1",0.0197664653832687,0.02,0.02,-0.483642542800952
"KLF10","HRAS",0.0204798992640091,0.014,0.014,-0.419927801313506
"KLF10","NR6A1",0.0215770579199965,0.0303661100803958,0.0303661100803958,-0.185011165146304
"KLF10","POLR3G",0.0216925118916798,0.016,0.016,-0.448925191845401
"KLF10","ATF4",0.0224159066676229,0.036,0.036,-0.146005999108738
"KLF10","PPARD",0.0226023088598193,0.046,0.046,-0.0906512915681864
"KLF10","NGFRAP1",0.0246097801652825,0.03,0.03,-0.223115078680003
"KLF10","TFEB",0.0248833113630801,0.036,0.036,-0.183347579099303
"KLF10","GPR132",0.0254997917863912,0.024,0.024,-0.296468063252993
"KLF10","MYBL2",0.0265993337602094,0.046,0.046,-0.560687861693082
"KLF10","CFL1",0.0282713141193324,0.048,0.048,-0.600603595371426
"KLF10","TUBB2A",0.0285960147528074,0.012,0.012,-0.306591902781784
"KLF10","STMN1",0.0288753435374589,0.032,0.032,-0.55866461618067
"KLF10","HMGB2",0.0290447659149511,0.026,0.026,-0.589954617231942
"KLF10","CCDC86",0.0290862844152571,0.032,0.032,-0.492818828623324
"KLF10","STEAP3",0.030092902576311,0.0243956043956044,0.0243956043956044,-0.284373218061797
"KLF10","SSRP1",0.0308033215186576,0.052,0.052,-0.515586776222114
"KLF10","RFX2",0.0344103466692527,0.0220408163265306,0.0220408163265306,-0.258992586165715
"KLF10","SNTA1",0.0353270732470982,0.012,0.012,-0.324482486380322
"KLF10","NR1D1",0.0355912822746469,0.0426135582630428,0.0426135582630428,-0.104393265050381
"KLF10","HJURP",0.0361606722855007,0.074,0.074,-0.505248100068006
"KLF10","PRR5L",0.036169669878586,0.03,0.03,-0.392715544136396
"KLF10","ZNF682",0.0366102774450425,0.0439230241964214,0.0439230241964214,-0.117530298619693
"KLF10","PASK",0.0379463217042662,0.052,0.052,-0.32411838580589
"KLF10","NCAPG",0.0395336804062634,0.038,0.038,-0.561698692730854
"KLF10","KIF14",0.0411633430907403,0.03,0.03,-0.486828642019264
"KLF10","GLI3",0.0443864914669381,0.0274205469327421,0.0274205469327421,-0.0997828058698678
"KLF10","PKM",0.0453038129539277,0.036,0.036,-0.5723122363948
"KLF10","CKAP2L",0.0518195330470514,0.01,0.01,-0.443116055531738
"KLF10","MYL9",0.0519950225643443,0.04,0.04,-0.391812335130853
"KLF10","BHLHA15",0.0526375245578679,0.0244269438876828,0.0244269438876828,-0.0267149141212485
"KLF10","ESRRA",0.0534894180120474,0.066,0.066,-0.0264428062806554
"KLF10","CAPG",0.0546617530983355,0.044,0.044,-0.332518350970507
"KLF10","MT1H",0.0557384342253175,0.0428307123034228,0.0428307123034228,-0.26288752492479
"KLF10","POLR1E",0.0591240552785327,0.042,0.042,-0.446396753455794
"KLF10","AIM1",0.0609835139756601,0.052,0.052,-0.408571778343342
"KLF10","HOXA7",0.061448063940085,0.0522727272727273,0.0522727272727273,-0.214457126417917
"KLF10","ACTG1",0.0616998583608849,0.05,0.05,-0.582143422658228
"KLF10","CCNE1",0.0649829758173948,0.062,0.062,-0.526669750177927
"KLF10","BUB1B",0.0652448668421482,0.054,0.054,-0.577305672188678
"KLF10","FOXP2",0.0659299862836294,0.0343102377115552,0.0343102377115552,-0.054706268160502
"KLF10","JDP2",0.0661134687435985,0.036,0.036,-0.222806411463953
"KLF10","TUBB6",0.06805399422457,0.052,0.052,-0.509142403680361
"KLF10","ASPM",0.0758391620823439,0.034,0.034,-0.479078055280468
"KLF10","ACTN1",0.0879387158391475,0.0709577406720264,0.0709577406720264,-0.245685297514542
"KLF10","KIF15",0.0886921685227641,0.038,0.038,-0.486769329228515
"KLF10","TEAD4",0.098684297104957,0.0763997214875708,0.0763997214875708,-0.311050366876014
"KLF10","IL2RA",0.104269790170409,0.034,0.034,-0.512766376232684
"KLF10","HEY1",0.105709371321103,0.0691571727505231,0.0691571727505231,-0.167783782117743
"KLF10","POLD3",0.107553280834846,0.032,0.032,-0.499357755646215
"KLF10","CCNA2",0.116945943492984,0.034,0.034,-0.536510635607008
"KLF10","ANKRD13B",0.119831637646379,0.0603838383838384,0.0603838383838384,-0.422227492267987
"KLF10","TESC",0.128413986287975,0.026,0.026,-0.550976113959883
"KLF10","HOXA10",0.133315196609605,0.0725528963596918,0.0725528963596918,-0.140085217376024
"KLF10","MAZ",0.147099972206253,0.076,0.076,-0.422360496833423
"KLF10","KIF2C",0.150054636872825,0.062,0.062,-0.550718532065354
"KLF10","HES7",0.150918434676731,0.0675465465465465,0.0675465465465465,-0.190943200377126
"KLF10","IRF6",0.16227859277952,0.0808359065098475,0.0808359065098475,-0.10495535391952
"KLF10","TUBA1B",0.165774297170244,0.028,0.028,-0.629098524554201
"KLF10","ACTB",0.172509013163107,0.074,0.074,-0.682920163904822
"KLF10","KLF16",0.200978524245833,0.054,0.054,-0.388909701674342
"KLF10","NPDC1",0.242662825901638,0.064,0.064,-0.410827427528218
"KLF10","ZBTB32",0.320294092350193,0.062,0.062,-0.494596976404651
"KLF11","PLD4",0.287689451364725,0.088,0.088,0.486374701355659
"KLF11","RFX7",0.160399594349007,0.058,0.058,0.434709889908882
"KLF11","MPP7",0.148230668961394,0.052,0.052,0.22195729240821
"KLF11","ZNF274",0.147239297471257,0.096,0.096,0.196411206591395
"KLF11","CASZ1",0.136767154943578,0.082,0.082,0.245969689801402
"KLF11","CAMK2N1",0.104363770731609,0.092,0.092,0.447457126985465
"KLF11","IL6",0.0978164112608856,0.102,0.102,0.310391520829681
"KLF11","MYC",0.096216696393187,0.066,0.066,0.326827651711213
"KLF11","NXPH4",0.0883561813772055,0.094,0.094,0.410734361181674
"KLF11","CORO2A",0.081503518696192,0.026,0.026,0.0730414269454645
"KLF11","FOXO4",0.0710628433174653,0.064,0.064,0.0594354077186802
"KLF11","ELK4",0.0707919978868475,0.072,0.072,0.459231199649483
"KLF11","DMBX1",0.0701031489025361,0.140837837837838,0.140837837837838,0.13619163152997
"KLF11","ZNF703",0.0678282777141799,0.036,0.036,0.352205898901594
"KLF11","ZNF263",0.0670028826928621,0.066,0.066,0.1330891449911
"KLF11","EGR1",0.0524123168193683,0.07,0.07,0.386297887534689
"KLF11","TUBB2A",0.0516430287225946,0.064,0.064,0.107068643013664
"KLF11","RILPL2",0.0501927295012028,0.084,0.084,0.360730651183253
"KLF11","VAV3",0.0476250801227252,0.06,0.06,0.469137294819968
"KLF11","HIF1A",0.0460430882905007,0.052,0.052,0.418928356984882
"KLF11","ZNF449",0.0423433157604053,0.054,0.054,0.152680391267846
"KLF11","MAFF",0.0403370540425507,0.026,0.026,0.194223793351002
"KLF11","TFE3",0.0383897223106001,0.056,0.056,0.0745850315337287
"KLF11","ELF2",0.037491380448253,0.05,0.05,0.44779574858216
"KLF11","ELF4",0.0368492911641089,0.054,0.054,0.335761381302887
"KLF11","PPAP2B",0.0338380473165299,0.03,0.03,0.275527988729028
"KLF11","PPARD",0.0317626473441478,0.04,0.04,0.311807469872569
"KLF11","ZC3H12A",0.026667953003455,0.042,0.042,0.571936456041171
"KLF11","ZNF384",0.0259317535323962,0.016,0.016,0.093556188687557
"KLF11","ASCL2",0.0232358961241003,0.0299102232154277,0.0299102232154277,0.0778457160522984
"KLF11","PAX5",0.0231518137502567,0.054,0.054,0.326186670320322
"KLF11","HSF1",0.0228287217303648,0.022,0.022,0.124400311739
"KLF11","ZBTB26",0.0195801957410382,0.042,0.042,0.0790624901653586
"KLF11","CREB1",0.0185392759329259,0.032,0.032,0.124614089124537
"KLF11","ELK1",0.017904828488782,0.04,0.04,0.0999749598004321
"KLF11","RAB11FIP1",0.0176910411115655,0.04,0.04,0.434354148943451
"KLF11","NR1D2",0.0174217020172906,0.028,0.028,0.512047778923616
"KLF11","NFIC",0.0166215804825552,0.028,0.028,0.144649703183516
"KLF11","FAM167A",0.0165866018976675,0.03,0.03,0.337611148572493
"KLF11","ZNF382",0.0153696114301396,0.0160816326530612,0.0160816326530612,0.0683458363012559
"KLF11","NFKBIE",0.0151298785883731,0.024,0.024,0.444902493109181
"KLF11","ZBED1",0.0150835551081226,0.034,0.034,0.123780228664788
"KLF11","ZBTB18",0.0128187303871261,0.044,0.044,0.507332499590445
"KLF11","TCF7",0.0118575882626346,0.042,0.042,0.505511806081145
"KLF11","NFKBIA",0.0117887765769865,0.062,0.062,0.692346820614255
"KLF11","HES6",0.0115754852900097,0.02,0.02,0.0863736413347579
"KLF11","PROX1",0.0111127117357104,0.0418882878290095,0.0418882878290095,0.0482739656686073
"KLF11","NR4A1",0.0106203095347697,0.066,0.066,0.523228681263185
"KLF11","AIM1",0.0100724884163146,0.01,0.01,0.26325330832778
"KLF11","NR1D1",0.0105483488532869,0.0142247214412163,0.0142247214412163,-0.192596703793056
"KLF11","MIXL1",0.0109001743135244,0.006,0.006,-0.290695628273126
"KLF11","MLX",0.0123244330515588,0.036,0.036,-0.335453029122163
"KLF11","TFEB",0.0131235130144122,0.02,0.02,-0.107322990734668
"KLF11","NFE2L1",0.0138189706372102,0.044,0.044,-0.122918965672163
"KLF11","COL7A1",0.0153373375883985,0.012,0.012,-0.132466776870287
"KLF11","PPARA",0.0158577843741569,0.028,0.028,-0.0838467131129713
"KLF11","VDR",0.0163134542058572,0.022,0.022,-0.421934753550759
"KLF11","SESN1",0.0187803832018671,0.038,0.038,-0.0102609366010359
"KLF11","TCF3",0.0193899444374743,0.038,0.038,-0.524738649844919
"KLF11","HOXB2",0.0207108359528608,0.0265739532926573,0.0265739532926573,-0.120938119498536
"KLF11","NFYB",0.023095241282846,0.042,0.042,-0.30919426337617
"KLF11","RUNX1",0.0243679052162843,0.036,0.036,-0.158703853603123
"KLF11","ZNF682",0.0262172130828404,0.041810519385301,0.041810519385301,-0.137812706154331
"KLF11","PKNOX1",0.0269879042306355,0.034,0.034,-0.187800766925518
"KLF11","SNAI3",0.0329565593246862,0.044,0.044,-0.209487580075371
"KLF11","MNT",0.0430332980833093,0.04,0.04,-0.0758678723042064
"KLF11","PBX2",0.0482499917795526,0.024,0.024,-0.165160382199722
"KLF11","NFYC",0.0534094410034937,0.042,0.042,-0.220900846253965
"KLF11","BHLHE41",0.0715526759626736,0.026,0.026,-0.389881831908812
"KLF13","MIXL1",0.20050640186833,0.078,0.078,0.515499155292127
"KLF13","ZNF682",0.145447712038664,0.119256966776264,0.119256966776264,0.135972996846964
"KLF13","HIC2",0.144078559975242,0.104,0.104,0.0618684803199733
"KLF13","TBR1",0.108894912901894,0.127331002331002,0.127331002331002,0.121663872494789
"KLF13","REST",0.0990707387097675,0.068,0.068,0.132587001660643
"KLF13","COL1A2",0.0884613381371141,0.126,0.126,0.0195008496342358
"KLF13","SOX13",0.0785088615054891,0.0561445658632359,0.0561445658632359,0.0220236056872631
"KLF13","TFEB",0.0747396211040579,0.084,0.084,0.0407783062038191
"KLF13","ZKSCAN5",0.0729200371854627,0.038,0.038,0.172569768002335
"KLF13","TCF4",0.0679758799681342,0.104,0.104,0.0922523757417617
"KLF13","PPARA",0.0498723485446176,0.046,0.046,0.177663460536745
"KLF13","HGF",0.0319159994289829,0.064,0.064,0.129652978646165
"KLF13","DLX6",0.0309741014215656,0.0433477633477633,0.0433477633477633,0.120949441936645
"KLF13","PLAG1",0.0268966026431789,0.028,0.028,0.0695781295695121
"KLF13","TFAP4",0.0264194783609787,0.066,0.066,0.015639079247471
"KLF13","SP1",0.0204643044062544,0.026,0.026,0.165118691361143
"KLF13","PRDM1",0.0167663259760751,0.062,0.062,0.528567051676125
"KLF13","ZNF652",0.0156182589338677,0.03,0.03,0.180623712962359
"KLF13","LHX8",0.0150724169040043,0.0192222222222222,0.0192222222222222,0.0633269312166806
"KLF13","SOX12",0.0147757655491884,0.012,0.012,0.0875527973265088
"KLF13","RREB1",0.011744794682553,0.028,0.028,0.0974177567384451
"KLF13","ZBTB12",0.0116699676254489,0.052,0.052,0.124173191546347
"KLF13","COL7A1",0.0109231493284294,0.014,0.014,0.187519358934973
"KLF13","PLD4",0.0122751648851664,0.018,0.018,-0.161600678447288
"KLF13","TFE3",0.0128139267490224,0.02,0.02,-0.115082272544295
"KLF13","SNTA1",0.0130522096669268,0.02,0.02,-0.326683250593361
"KLF13","NFATC1",0.0133083033502978,0.028,0.028,-0.0686639653545888
"KLF13","MEF2A",0.0148590324363077,0.05,0.05,-0.0154083969862492
"KLF13","KLF4",0.0151509261770037,0.046,0.046,-0.229461244216153
"KLF13","ADCY1",0.0152914162903524,0.038,0.038,-0.235518185749333
"KLF13","CXCR4",0.0158044859129319,0.134,0.134,-0.43747502829514
"KLF13","FOS",0.0158869433871427,0.036,0.036,-0.305972519808179
"KLF13","ANKRD13B",0.0172748704390711,0.0362020202020202,0.0362020202020202,-0.273440875819205
"KLF13","MAX",0.0182233088681457,0.048,0.048,-0.223491583668221
"KLF13","CCNB1",0.0199384060076474,0.052,0.052,-0.388050991608394
"KLF13","NFYC",0.020028866776356,0.04,0.04,-0.110380072034016
"KLF13","NR1H2",0.0200750219998591,0.092,0.092,-0.0885602102522726
"KLF13","UNG",0.021317315690575,0.08,0.08,-0.390572855912242
"KLF13","CYB5R2",0.0219723028541591,0.034,0.034,-0.277946906072098
"KLF13","LMNA",0.0222114523507677,0.034,0.034,-0.205450036319703
"KLF13","MAFK",0.0233475561655552,0.038,0.038,-0.23932694657136
"KLF13","FOSB",0.0234011053868325,0.056,0.056,-0.278855558754237
"KLF13","ZNF136",0.0268761842483092,0.034,0.034,-0.10476282582344
"KLF13","POLR1E",0.0307315543784462,0.08,0.08,-0.424283156337885
"KLF13","KLF16",0.0310035988004801,0.056,0.056,-0.323631357710564
"KLF13","CXCL16",0.031133712212181,0.018,0.018,-0.113213767732177
"KLF13","CD84",0.0371743166505737,0.056,0.056,-0.202974971936891
"KLF13","SESN3",0.0383496538665541,0.044,0.044,-0.316019395990625
"KLF13","THAP11",0.0434411030608143,0.06,0.06,-0.0473982341873436
"KLF13","TNFSF9",0.0489020848482227,0.064,0.064,-0.20276417883213
"KLF13","THAP1",0.0492345493932402,0.058,0.058,-0.228862332518673
"KLF13","ELK1",0.0563085156734906,0.074,0.074,-0.291898605948882
"KLF13","NQO1",0.057623603333376,0.11,0.11,-0.0820676174431767
"KLF13","ZNF263",0.0584595184244848,0.084,0.084,-0.0633105332002593
"KLF13","HLX",0.0891396356590519,0.0892393320964749,0.0892393320964749,-0.269718625190301
"KLF13","ALPL",0.17338879929295,0.054,0.054,-0.259748284706529
"KLF15","TBX2",0.462373120163869,0.281726032295635,0.281726032295635,0.18892695510592
"KLF15","MITF",0.19422522905093,0.104293575137565,0.104293575137565,0.0184421799841705
"KLF15","PAX6",0.18406266896765,0.109569996826094,0.109569996826094,0.0954119941141165
"KLF15","HOXC8",0.13278242157149,0.0671510263087674,0.0671510263087674,0.0945334677516443
"KLF15","COL7A1",0.111102036122696,0.052,0.052,0.156145976625834
"KLF15","SOX11",0.0854144608887124,0.0396774883036075,0.0396774883036075,0.0357768556010776
"KLF15","SHOX2",0.080620496253958,0.0389237199582027,0.0389237199582027,0.0812979040340141
"KLF15","SOX15",0.0575834711030767,0.0895733751741754,0.0895733751741754,0.00913043676872593
"KLF15","NFYA",0.0383281131062292,0.046,0.046,0.0763428595969677
"KLF15","RORB",0.0347943190066686,0.0253225952946207,0.0253225952946207,0.00735284072313227
"KLF15","FOXP2",0.0342414628237215,0.0291256392196739,0.0291256392196739,0.0550072489840008
"KLF15","PRDM15",0.0324238402128317,0.054,0.054,0.153708862874425
"KLF15","USF1",0.0316060841168266,0.036,0.036,0.0652550020497387
"KLF15","CEBPD",0.0309827766228731,0.0247650606634406,0.0247650606634406,0.0463644026511225
"KLF15","GFI1",0.030342792612474,0.0341624407338693,0.0341624407338693,0.10689512004958
"KLF15","HEY1",0.0293891777565255,0.0443734015345269,0.0443734015345269,0.0183305342698649
"KLF15","PBX1",0.0273023416921944,0.0187448616059194,0.0187448616059194,0.0331549816751403
"KLF15","MEIS2",0.0215621251002457,0.0128603916127043,0.0128603916127043,0.0241501814931718
"KLF15","MYH10",0.0198003311369736,0.0368819692825584,0.0368819692825584,0.0449740568177322
"KLF15","ARX",0.0173121716428002,0.0121980255516841,0.0121980255516841,0.0625092556514631
"KLF15","ZSCAN29",0.0160836286779514,0.016,0.016,0.101542967275867
"KLF15","ASCL1",0.0147733703032311,0.0241010101010101,0.0241010101010101,0.0582399276215523
"KLF15","FADS1",0.0143774521738427,0.054,0.054,0.071296059965183
"KLF15","NR2F6",0.0129259846998235,0.00812371134020618,0.00812371134020618,0.0489029729647562
"KLF15","NHLH1",0.011695539954108,0.00825531914893617,0.00825531914893617,0.0514298587894464
"KLF15","HOXA7",0.0109116870103786,0.00909090909090909,0.00909090909090909,0.00464910978149696
"KLF15","NRF1",0.0107665028812528,0.006,0.006,0.0335940489126083
"KLF15","SREBF2",0.0110243772342482,0.028,0.028,-0.113285269657258
"KLF15","GABPA",0.0124786442501349,0.028,0.028,-0.0917692833183582
"KLF16","FOSL1",0.30179152831103,0.064,0.064,0.264558085120854
"KLF16","BCL6B",0.137502865347944,0.0786494014555304,0.0786494014555304,0.11423220634539
"KLF16","LAPTM4B",0.125382050654726,0.046,0.046,0.251142321561949
"KLF16","PRRX1",0.117499487912087,0.0684954673273946,0.0684954673273946,0.0726805265237949
"KLF16","CNN2",0.106974321500717,0.056,0.056,0.563955270423703
"KLF16","NR1D1",0.0986710811885749,0.0728774341351661,0.0728774341351661,0.15881972854207
"KLF16","MAFA",0.0943788951047612,0.139900351221106,0.139900351221106,0.0693533050271451
"KLF16","MT1H",0.0914764799732463,0.0768732654949121,0.0768732654949121,0.29455581235301
"KLF16","ESRRG",0.0725887050724557,0.0751424580845857,0.0751424580845857,0.0697929132484768
"KLF16","CREM",0.0710704388426152,0.082,0.082,0.116098490717918
"KLF16","HLX",0.0665174033157324,0.0445887445887446,0.0445887445887446,0.34149643303507
"KLF16","INSM1",0.0642567416696755,0.0448710436287059,0.0448710436287059,0.09518818448141
"KLF16","TFAP2C",0.0631360828230629,0.0802371541501976,0.0802371541501976,0.0305573221800747
"KLF16","MNT",0.0596517323796931,0.072,0.072,0.0866722982276241
"KLF16","FOXA2",0.0574741061709614,0.0506258704888842,0.0506258704888842,0.0468515789380965
"KLF16","OTX1",0.05697060771769,0.038614744946185,0.038614744946185,0.133463422017009
"KLF16","CEBPD",0.0544530824117743,0.0639841503611754,0.0639841503611754,0.0936970653704542
"KLF16","ETS1",0.0529737995397139,0.044,0.044,0.490458536929778
"KLF16","TESC",0.0504885473269534,0.048,0.048,0.530133511242831
"KLF16","MFHAS1",0.0501302108579938,0.058,0.058,0.476481666748033
"KLF16","TMOD2",0.0493722645031034,0.046,0.046,0.128673588797421
"KLF16","ZBTB32",0.0480092202012082,0.042,0.042,0.434468561654816
"KLF16","TLX2",0.0467673562927245,0.0632440124991549,0.0632440124991549,0.123368804894361
"KLF16","HOXA10",0.0457305331074794,0.043800064913989,0.043800064913989,0.131192445112382
"KLF16","KISS1R",0.0434153474888243,0.0565656565656566,0.0565656565656566,0.313997707746683
"KLF16","TP73",0.0380738828818177,0.042,0.042,0.166460506454404
"KLF16","HMX2",0.0376811216577205,0.0725371120107962,0.0725371120107962,0.0667510864770002
"KLF16","SIX3",0.037611900362428,0.0942015721017089,0.0942015721017089,0.024671627379152
"KLF16","ANKRD13B",0.0369262088261241,0.0361818181818182,0.0361818181818182,0.374912241013311
"KLF16","ZNF384",0.0358617722226401,0.042,0.042,0.091123848899841
"KLF16","ACTG1",0.0353923930441281,0.024,0.024,0.579032795858191
"KLF16","LCK",0.0346595987813305,0.0224489795918367,0.0224489795918367,0.329898889315326
"KLF16","FADS1",0.0341821828033942,0.026,0.026,0.28216201776707
"KLF16","NRF1",0.0335563934180165,0.036,0.036,0.0929438434302232
"KLF16","HOXB7",0.0331994025390972,0.04,0.04,0.0531591699476864
"KLF16","ACTN1",0.0331682723553291,0.0324687693259122,0.0324687693259122,0.260215959222106
"KLF16","IKZF1",0.032892268325053,0.042,0.042,0.377000400513741
"KLF16","MYL9",0.0326509295377234,0.048,0.048,0.460570634704738
"KLF16","LCP1",0.0326138162189353,0.032,0.032,0.594208783869232
"KLF16","GRPEL1",0.0312993507157002,0.06,0.06,0.45737471364593
"KLF16","ARPC4",0.0309469214016589,0.048,0.048,0.539655920300131
"KLF16","MYC",0.0309366182074504,0.034,0.034,0.279542372915548
"KLF16","MT1G",0.0282531713653905,0.06,0.06,0.363177086273168
"KLF16","SPIB",0.0274331485133897,0.06,0.06,0.319061180750172
"KLF16","ZBTB7A",0.0262445736725514,0.034,0.034,0.13620066158635
"KLF16","DLX4",0.025838590612539,0.0271943691659139,0.0271943691659139,0.105536399209184
"KLF16","CAPG",0.0237053009239702,0.034,0.034,0.398950772601926
"KLF16","USF2",0.0233568915806392,0.03,0.03,0.133941425570949
"KLF16","CD40",0.0226339010757431,0.036,0.036,0.314337116996367
"KLF16","CCNA2",0.0213743284390269,0.01,0.01,0.449411062127913
"KLF16","APEX1",0.0212332544512515,0.026,0.026,0.478698974916803
"KLF16","C1QBP",0.0203120749979717,0.022,0.022,0.491914506290979
"KLF16","HSPB1",0.0202108376241794,0.032,0.032,0.406207819970341
"KLF16","CTCFL",0.0190462213732444,0.0368421052631579,0.0368421052631579,0.0150928559932831
"KLF16","TFCP2",0.0185125993731034,0.022,0.022,0.225264478111264
"KLF16","ACTB",0.0183832907067602,0.03,0.03,0.583361669401024
"KLF16","RXRA",0.0173904106641883,0.02,0.02,0.0574472118924398
"KLF16","CD3EAP",0.0173106452180469,0.058,0.058,0.419651712238945
"KLF16","H2AFZ",0.0167745671210763,0.008,0.008,0.497150780766178
"KLF16","GPR132",0.0167123510175498,0.026,0.026,0.357070101500226
"KLF16","HOXB6",0.0164102135511636,0.017149663915596,0.017149663915596,0.142616286463388
"KLF16","DSE",0.016399576846125,0.014,0.014,0.39786703097607
"KLF16","PRR5L",0.01578841202565,0.03,0.03,0.343767553591202
"KLF16","NPDC1",0.0157275285650813,0.03,0.03,0.309338662843922
"KLF16","CYB5R2",0.0156377302291157,0.016,0.016,0.322491765520962
"KLF16","PPIA",0.0153623517833601,0.028,0.028,0.547597544180674
"KLF16","TEAD1",0.0145929138094348,0.0267704966206289,0.0267704966206289,0.0326089198238688
"KLF16","NFKB1",0.0145209916357951,0.046,0.046,0.307762210759287
"KLF16","TMSB4X",0.0136532467923891,0.016,0.016,0.533084723538988
"KLF16","S100A4",0.0136150690609069,0.028,0.028,0.337510010253071
"KLF16","MCM6",0.0130639694046569,0.026,0.026,0.532723419334819
"KLF16","ETV5",0.0127571383738476,0.032,0.032,0.350841561146502
"KLF16","E2F8",0.012339369764385,0.06,0.06,0.302401077697297
"KLF16","CCR5",0.0121537078433057,0.0178170320416725,0.0178170320416725,0.226693801921814
"KLF16","EGR1",0.0118156016926419,0.022,0.022,0.154315190929204
"KLF16","VIM",0.0114357317707112,0.012,0.012,0.496361979547438
"KLF16","HCK",0.0114026274699972,0.022,0.022,0.325053594666859
"KLF16","CENPV",0.0112597523265083,0.026,0.026,0.39124238384748
"KLF16","FKBP4",0.0111323393024917,0.024,0.024,0.500830910851524
"KLF16","PPIF",0.0108154942025108,0.042,0.042,0.486734231026055
"KLF16","HES2",0.010771210669544,0.0786935286935287,0.0786935286935287,0.119524884525629
"KLF16","STEAP3",0.0105962877307246,0.00888888888888889,0.00888888888888889,0.298425134588943
"KLF16","ZYX",0.010478626344886,0.03,0.03,0.5338213976667
"KLF16","HSPA1A",0.0103960647074732,0.03,0.03,0.334964147044291
"KLF16","ESRRA",0.0103211130781073,0.008,0.008,0.139498858470703
"KLF16","UNG",0.0101961815218097,0.032,0.032,0.489717125467729
"KLF16","PRDM15",0.0101806428030987,0.028,0.028,-0.284893006468039
"KLF16","MEF2D",0.0116507243350467,0.016,0.016,-0.233662668669575
"KLF16","REST",0.0117988899932311,0.018,0.018,-0.00348907460384837
"KLF16","SOX12",0.0122066714442182,0.018,0.018,-0.0074342291727634
"KLF16","SP3",0.0135263788236287,0.01,0.01,-0.188295660076893
"KLF16","ID3",0.0140415133663242,0.04,0.04,-0.268329869291497
"KLF16","NR4A1",0.0154234978253264,0.092,0.092,-0.0238775116162483
"KLF16","NFIX",0.0163412413496655,0.0141224489795918,0.0141224489795918,-0.033691213068057
"KLF16","KLF13",0.0188646333042907,0.032,0.032,-0.323631357710564
"KLF16","ZKSCAN5",0.0275590399750143,0.024,0.024,-0.0370898185253734
"KLF16","EMX2",0.0280194255224117,0.0454184198223469,0.0454184198223469,-0.162876517696426
"KLF16","FOXJ2",0.0285134272120728,0.028,0.028,-0.113048716056027
"KLF16","GNB3",0.0347056293261008,0.0424267161410019,0.0424267161410019,-0.17285310202402
"KLF16","ETV3",0.0371437369637292,0.068,0.068,-0.167656158791957
"KLF16","FOXO3",0.0379341886902536,0.028,0.028,-0.383214324315224
"KLF16","FOXO4",0.056501537390456,0.028,0.028,-0.180312398833947
"KLF2","DUSP8",0.640863571346785,0.148,0.148,0.573233655936671
"KLF2","ZBTB18",0.558130310846882,0.124,0.124,0.564591904217755
"KLF2","TSC22D3",0.558090867057645,0.108,0.108,0.798275890109406
"KLF2","RHOB",0.535435404042628,0.218,0.218,0.649081757936032
"KLF2","MAFB",0.534794240568714,0.168879120879121,0.168879120879121,0.0600348642000078
"KLF2","NR4A2",0.434827417658533,0.162,0.162,0.715959719970608
"KLF2","CRIP2",0.413894829696762,0.068,0.068,0.535061861513925
"KLF2","CD52",0.383312939117393,0.168,0.168,0.725677044149653
"KLF2","NR1D2",0.348106702315316,0.06,0.06,0.488530297806942
"KLF2","CDKN2D",0.321146121805432,0.192,0.192,0.759754111072193
"KLF2","DDIT3",0.316701638613607,0.098,0.098,0.401278874492918
"KLF2","NR1H2",0.284852811548937,0.114,0.114,0.55829315901376
"KLF2","KIF13A",0.282367414399987,0.236,0.236,0.358277229178705
"KLF2","MEF2A",0.251057473306195,0.096,0.096,0.361083046369159
"KLF2","JUN",0.247103629475272,0.07,0.07,0.358209603761282
"KLF2","EBF1",0.24382177355758,0.066,0.066,0.591233840467514
"KLF2","KLF3",0.243506888479356,0.18,0.18,0.772767697610135
"KLF2","DLL1",0.216575222284573,0.084,0.084,0.435767019842011
"KLF2","ERF",0.199879326537817,0.084,0.084,0.110535125177702
"KLF2","FOXK2",0.177547608345516,0.114,0.114,0.0318094969401157
"KLF2","JUP",0.155610992844477,0.06,0.06,0.397339031843077
"KLF2","GMEB2",0.154022874161027,0.098,0.098,0.333960677689399
"KLF2","HCK",0.14720380652676,0.156,0.156,0.148109362109088
"KLF2","BACH2",0.129506936039877,0.03,0.03,0.611196534111212
"KLF2","MPEG1",0.128073521481394,0.138,0.138,0.585887548879712
"KLF2","HES1",0.116738333914498,0.072,0.072,0.585306035377877
"KLF2","CUX1",0.116689257821912,0.134,0.134,0.31205174667278
"KLF2","HES6",0.108649013350023,0.09,0.09,0.152985081920488
"KLF2","FGR",0.106030133311795,0.108,0.108,0.395964808088402
"KLF2","NXPH4",0.104025510195724,0.094,0.094,0.430793434346589
"KLF2","MPP7",0.10197341629955,0.044,0.044,0.241092368969954
"KLF2","FOS",0.100527713117982,0.044,0.044,0.518302222977264
"KLF2","PLD4",0.0954137079777028,0.05,0.05,0.406444235980807
"KLF2","CCDC6",0.0934782343095591,0.104,0.104,0.54393760836802
"KLF2","DDX21",0.0891545280099202,0.146,0.146,0.420235817047586
"KLF2","NFIC",0.0821299980075778,0.12,0.12,0.015199512318207
"KLF2","ARNTL",0.0710950217899007,0.05,0.05,0.114170488763676
"KLF2","GRASP",0.066081579184145,0.022,0.022,0.680462267148186
"KLF2","FOSL2",0.065079953199225,0.068,0.068,0.362125446477033
"KLF2","RFX3",0.0558694135791482,0.03,0.03,0.154983394501069
"KLF2","RGS2",0.0534328420096082,0.08,0.08,0.70635210135156
"KLF2","C1orf228",0.0533575272320082,0.044,0.044,0.300234760710244
"KLF2","FAM167A",0.0509348584833601,0.066,0.066,0.375123540367449
"KLF2","PIKFYVE",0.0505015444202709,0.14,0.14,0.580543692338493
"KLF2","ZNF703",0.049796290445301,0.016,0.016,0.370779784720882
"KLF2","TFAP2E",0.0493652990359151,0.021390084714827,0.021390084714827,0.0177835652427991
"KLF2","SYCP2",0.0461542590781877,0.01,0.01,0.210298615055826
"KLF2","NRF1",0.0459830920026982,0.038,0.038,0.144345645974641
"KLF2","RREB1",0.0456143659623322,0.052,0.052,0.234962424408254
"KLF2","ETV3",0.0432052605064962,0.04,0.04,0.324936972950209
"KLF2","MYC",0.04317414647505,0.066,0.066,0.366640705062678
"KLF2","CEBPG",0.0428283724939205,0.064,0.064,0.329790359241192
"KLF2","LAPTM5",0.0420194853575224,0.094,0.094,0.645514848626037
"KLF2","NFIX",0.0414099304782944,0.0646530612244898,0.0646530612244898,0.044434965959202
"KLF2","HIC2",0.0408724131606786,0.048,0.048,0.0822435420602169
"KLF2","ZNF449",0.0406630224298801,0.104,0.104,0.18662076728206
"KLF2","B3GNT7",0.0404258145432774,0.024,0.024,0.316938194237471
"KLF2","EGR1",0.0383109404318981,0.046,0.046,0.409559497658872
"KLF2","USF2",0.0378565769422654,0.044,0.044,0.140701448118975
"KLF2","SREBF1",0.0356558351093434,0.03,0.03,0.169592236496767
"KLF2","HS3ST3B1",0.0337116692926364,0.022,0.022,0.278660608425897
"KLF2","KLF4",0.0334125303704037,0.016,0.016,0.415855655745441
"KLF2","ELF5",0.0312778421461489,0.0403860260407115,0.0403860260407115,0.148407634946544
"KLF2","JDP2",0.0306771886523923,0.04,0.04,0.0398431473664623
"KLF2","FOXO4",0.0278640368098107,0.052,0.052,0.0616029987322922
"KLF2","KLF6",0.0232122426461516,0.038,0.038,0.753362990282326
"KLF2","PLAG1",0.0227208662086712,0.044,0.044,0.0415873094970541
"KLF2","ZNF652",0.022559042978823,0.044,0.044,0.158320780469039
"KLF2","LBR",0.0222335217329778,0.146,0.146,0.159749547102039
"KLF2","NCKAP5L",0.021611435394301,0.018,0.018,0.284518597105702
"KLF2","USF1",0.0209126980215984,0.018,0.018,0.107965077594602
"KLF2","RFX7",0.0191339444626154,0.064,0.064,0.353160302601445
"KLF2","CCSER2",0.0186891118411554,0.066,0.066,0.266582431663377
"KLF2","NR3C2",0.0166896301441095,0.0531269325912183,0.0531269325912183,0.153600557232011
"KLF2","JUND",0.0153767895395301,0.1,0.1,0.676047547167759
"KLF2","TCFL5",0.0151620808801916,0.018,0.018,0.353722302019662
"KLF2","IFIT2",0.0148712698784124,0.032,0.032,0.249765150757029
"KLF2","ACTB",0.0142577727708334,0.112,0.112,0.0584771022662992
"KLF2","TCF7L2",0.0138233681519789,0.00608122036693465,0.00608122036693465,0.0330955417788155
"KLF2","TCF7",0.013043549554456,0.086,0.086,0.454668052045008
"KLF2","NR3C1",0.0130067231996185,0.058,0.058,0.564995405198645
"KLF2","CD22",0.0123483273117715,0.078,0.078,0.225559524973843
"KLF2","ZBTB7A",0.0118758344097281,0.022,0.022,0.141233216603044
"KLF2","IL6",0.0114592698494661,0.014,0.014,0.20947647954171
"KLF2","NAP1L1",0.0103958815404027,0.102,0.102,0.489130748066004
"KLF2","PAX5",0.0103863815478466,0.03,0.03,0.261686041190177
"KLF2","YY1",0.0102354212794726,0.016,0.016,0.415064393816054
"KLF2","CCNA1",0.0100982212834775,0.0369643135421537,0.0369643135421537,-0.143301933017753
"KLF2","STK38L",0.0101593740556354,0.042,0.042,-0.203035736895589
"KLF2","UCHL1",0.0101696923008071,0.04,0.04,-0.146024114922796
"KLF2","PLK1",0.0103953232144186,0.05,0.05,-0.0770269223574919
"KLF2","DPYSL2",0.0104064440770207,0.064,0.064,-0.214353916646523
"KLF2","ETV4",0.0106953323995119,0.0347368421052632,0.0347368421052632,-0.108942250200952
"KLF2","KLF5",0.0107660381672278,0.0261730205278592,0.0261730205278592,-0.0800395273482215
"KLF2","AC099552.4",0.0109423898649119,0.0608594624860022,0.0608594624860022,-0.151623314292691
"KLF2","TUBB4B",0.0111873796078411,0.098,0.098,-0.0827240465401759
"KLF2","BCAT1",0.0112725938100755,0.048,0.048,-0.201993020383886
"KLF2","TFE3",0.0114367554567899,0.022,0.022,-0.0426638881031892
"KLF2","COL7A1",0.0115858071528431,0.016,0.016,-0.186956126756682
"KLF2","MT2A",0.0119248098702667,0.026,0.026,-0.33263090173278
"KLF2","HIST1H4C",0.0120292071178573,0.066,0.066,-0.028289815675574
"KLF2","STIP1",0.0120696500912099,0.04,0.04,-0.262372960373652
"KLF2","CCT4",0.0124210840400369,0.062,0.062,-0.264106586228139
"KLF2","WDR65",0.0124247085447958,0.066,0.066,-0.195383276560342
"KLF2","TFAP2A",0.0124722996894241,0.090002278423331,0.090002278423331,-0.0783020121509212
"KLF2","RGCC",0.0124794824101651,0.014,0.014,-0.098863166531726
"KLF2","LDHA",0.0125301715403805,0.03,0.03,-0.261872908035659
"KLF2","DLX6",0.0126182024647369,0.0418181818181818,0.0418181818181818,-0.0457580692398187
"KLF2","TEAD4",0.0139873578206005,0.0384605450083947,0.0384605450083947,-0.0711477756780726
"KLF2","PTP4A3",0.0142520267928359,0.048,0.048,-0.559558280971006
"KLF2","DLGAP5",0.014396525777195,0.082,0.082,-0.0720422942561478
"KLF2","POLR3K",0.0149153723109122,0.054,0.054,-0.249451137242887
"KLF2","DDIT4",0.0151105307214463,0.044,0.044,-0.093898642574484
"KLF2","IFIT3",0.0151965763984947,0.09,0.09,-0.477053186860996
"KLF2","RXRA",0.0156810022713081,0.046,0.046,-0.0765035636318417
"KLF2","CCNA2",0.0158151381250145,0.062,0.062,-0.107374126904384
"KLF2","ZNF16",0.0158994119589034,0.034,0.034,-0.00564377363384306
"KLF2","ZNF682",0.0159628156228174,0.0207106331902859,0.0207106331902859,-0.141115054421316
"KLF2","FOSL1",0.0159762570838118,0.0445833333333333,0.0445833333333333,-0.176506694396362
"KLF2","MRTO4",0.0160576962016866,0.092,0.092,-0.137738959967489
"KLF2","ATIC",0.0164789639137875,0.078,0.078,-0.302072740486959
"KLF2","HSPE1",0.0166219077604384,0.124,0.124,-0.209505677588094
"KLF2","CMTM3",0.0170103107556933,0.066,0.066,-0.195313238544161
"KLF2","VDR",0.01701320000707,0.07,0.07,-0.34887330955322
"KLF2","MYBL2",0.0171285338996814,0.066,0.066,-0.051358016174592
"KLF2","NGFRAP1",0.0171407816665137,0.04,0.04,-0.0968090302272872
"KLF2","ARL13B",0.0171739954037053,0.082,0.082,-0.18428740461815
"KLF2","MEIS1",0.017221187055337,0.0535517733951964,0.0535517733951964,-0.128650932127538
"KLF2","BATF3",0.0174064890101035,0.086,0.086,-0.228995269873868
"KLF2","SSRP1",0.0175719466522,0.076,0.076,-0.176431716612802
"KLF2","APEX1",0.017894460885255,0.07,0.07,-0.197326200716638
"KLF2","MLX",0.0180505169244322,0.012,0.012,-0.314179263736439
"KLF2","CDC20",0.0180958482142835,0.1,0.1,-0.0695988086296467
"KLF2","S100A4",0.0181999182193783,0.056,0.056,-0.223055771352082
"KLF2","ZNF140",0.018395866120882,0.028,0.028,-0.090276453245238
"KLF2","ETV2",0.0186526869167367,0.0464970431059341,0.0464970431059341,-0.036133725206385
"KLF2","TUBB3",0.0187746364292812,0.068,0.068,-0.195909010858693
"KLF2","HOXB3",0.0188938166143967,0.012837528604119,0.012837528604119,-0.144870677974742
"KLF2","PSAT1",0.0190648892358885,0.054,0.054,-0.149630870753607
"KLF2","MECOM",0.01969248826098,0.0171428571428571,0.0171428571428571,-0.0359093729863959
"KLF2","HOXA4",0.0197002697070066,0.103611554939951,0.103611554939951,-0.0854177870978232
"KLF2","LSM2",0.019726954125319,0.072,0.072,-0.280882034091969
"KLF2","LBX2",0.0205346576370052,0.0395604395604396,0.0395604395604396,-0.108169558019343
"KLF2","PAICS",0.0205368075096965,0.048,0.048,-0.282866960768782
"KLF2","POU5F1",0.0207385696072003,0.0444502419524511,0.0444502419524511,-0.112503343955492
"KLF2","CD70",0.0208117903872074,0.06,0.06,-0.189809231094667
"KLF2","VIM",0.0208377234290683,0.12,0.12,-0.170140129739523
"KLF2","FHL2",0.0209745393349304,0.105746430306725,0.105746430306725,-0.119501291591907
"KLF2","MAF",0.021154413695802,0.04,0.04,-0.113018489972206
"KLF2","BNIP3",0.0217301091429886,0.028,0.028,-0.250510153897411
"KLF2","CREB3L4",0.0217874114788074,0.03,0.03,-0.155152298987587
"KLF2","SOX2",0.0222917274241634,0.062,0.062,-0.138778307363529
"KLF2","PKM",0.0227068040686148,0.08,0.08,-0.321891000410444
"KLF2","KIF4A",0.0231907156640274,0.084,0.084,-0.0862414931312317
"KLF2","HSF4",0.0232235240334678,0.0329594567372902,0.0329594567372902,-0.131207590916401
"KLF2","MYL9",0.0236107255041944,0.066,0.066,-0.217849933800251
"KLF2","KIF5C",0.0240045549108564,0.07,0.07,-0.165137931589303
"KLF2","ATF3",0.0240229402195313,0.038,0.038,-0.113462532391571
"KLF2","PPARG",0.0244512552174751,0.0675504672455363,0.0675504672455363,-0.141490749889571
"KLF2","IRF6",0.0246883268924574,0.113853850182477,0.113853850182477,-0.0498905514678867
"KLF2","PPIF",0.0262136448381994,0.072,0.072,-0.253746500150847
"KLF2","KLHL23",0.0270097585701087,0.112,0.112,-0.175641980324749
"KLF2","ZKSCAN1",0.0270961928629132,0.02,0.02,-0.383487078154347
"KLF2","H1F0",0.0279148045990517,0.042,0.042,-0.247738783489302
"KLF2","HNRNPAB",0.0288080916868974,0.08,0.08,-0.283662069377954
"KLF2","RARG",0.0289779285947454,0.088,0.088,-0.0989387048607755
"KLF2","CAV1",0.0289795554630256,0.042,0.042,-0.327838041906566
"KLF2","THAP11",0.0308294973983708,0.052,0.052,-0.146932867585126
"KLF2","KIF14",0.0308721396893421,0.158,0.158,-0.0102589606612527
"KLF2","HINFP",0.0309700793631955,0.02,0.02,-0.224663774017006
"KLF2","CYB5R2",0.0309749502688767,0.062,0.062,-0.198199484114137
"KLF2","ZNF341",0.031091919989173,0.026,0.026,-0.113228900275227
"KLF2","CREB3",0.0317639085081549,0.04,0.04,-0.36927549212808
"KLF2","FAH",0.0319226777497194,0.052,0.052,-0.310388030502053
"KLF2","HJURP",0.0319238701290946,0.078,0.078,-0.0282803528953587
"KLF2","NHLH1",0.0321652697513121,0.0347620092125466,0.0347620092125466,-0.129875498212663
"KLF2","CTCF",0.032340832023609,0.05,0.05,-0.180344323681713
"KLF2","EMX1",0.0326427127473878,0.148156870441239,0.148156870441239,-0.0819297302799824
"KLF2","PKNOX1",0.0341398346569284,0.058,0.058,-0.16008139989632
"KLF2","HFE",0.0353166880149749,0.0343232323232323,0.0343232323232323,-0.178925513672091
"KLF2","ONECUT2",0.0353434667608741,0.0638146939967866,0.0638146939967866,-0.123927753472154
"KLF2","SHOX2",0.0361124716772297,0.0891588296760711,0.0891588296760711,-0.0311581308992702
"KLF2","CCR10",0.0362056602388616,0.05,0.05,-0.368204194347761
"KLF2","GPR132",0.0363787310011119,0.076,0.076,-0.256388495595848
"KLF2","CD3EAP",0.0367947302132603,0.072,0.072,-0.267553696317062
"KLF2","CDCA2",0.0370321871694885,0.148,0.148,-0.0338054221979735
"KLF2","CCL17",0.0372762686209203,0.09,0.09,-0.212190147859139
"KLF2","ZBTB32",0.0373207853292781,0.056,0.056,-0.131246615579103
"KLF2","LGALS3BP",0.0376512307669111,0.066,0.066,-0.410571808226622
"KLF2","TRAF1",0.0380436397620956,0.082,0.082,-0.210193174652527
"KLF2","CREM",0.0382591440784639,0.072,0.072,-0.0655352683169269
"KLF2","TGIF2",0.0385436619191777,0.052,0.052,-0.275368068188659
"KLF2","INSIG1",0.0390442671168375,0.124,0.124,-0.0543953629951101
"KLF2","CYP1B1",0.0391176066714447,0.074,0.074,-0.1544875164327
"KLF2","DOK1",0.0400093389839163,0.112,0.112,-0.263662831558357
"KLF2","KPNB1",0.0404133081727193,0.07,0.07,-0.401497984659391
"KLF2","E2F6",0.0413736455595282,0.028,0.028,-0.206267899349111
"KLF2","SLC29A1",0.0416738724437991,0.078,0.078,-0.268009338303179
"KLF2","ID2",0.0422976878208542,0.058,0.058,-0.292829170598523
"KLF2","NREP",0.0437846501298969,0.082,0.082,-0.202704803188584
"KLF2","GMPR",0.0442032396685122,0.048,0.048,-0.259748124944554
"KLF2","ZNF282",0.0453401370901271,0.08,0.08,-0.121304222487251
"KLF2","FOXJ2",0.0456972361515349,0.056,0.056,-0.0139718105471364
"KLF2","RAB13",0.0462389848628372,0.082,0.082,-0.329967350381854
"KLF2","C10orf10",0.046523903803735,0.056,0.056,-0.242583593254474
"KLF2","ZNF528",0.0471879960455083,0.046,0.046,-0.171626257451547
"KLF2","KLF10",0.0493719628142602,0.05,0.05,-0.141945481293232
"KLF2","MTDH",0.0510901780461653,0.128,0.128,-0.257372005615944
"KLF2","IGLL5",0.0521294518306103,0.05,0.05,-0.386728359370779
"KLF2","ISL2",0.0526652499726946,0.064,0.064,-0.242881723752573
"KLF2","ASCL1",0.0529048413842739,0.0781414141414142,0.0781414141414142,-0.157876827379729
"KLF2","GATM",0.0571252058512525,0.124,0.124,-0.298914217970751
"KLF2","NFYB",0.0574949713369626,0.062,0.062,-0.385884181467203
"KLF2","LCK",0.0581548845870525,0.0836734693877551,0.0836734693877551,-0.145542036330359
"KLF2","LAG3",0.0582766704619719,0.034,0.034,-0.182841218594133
"KLF2","BHLHE41",0.0588714401977414,0.058,0.058,-0.38721937896698
"KLF2","ZKSCAN5",0.058918155067305,0.062,0.062,-0.261806692587201
"KLF2","TRIM22",0.0593745215806618,0.032,0.032,-0.0703790575055645
"KLF2","SOX12",0.0605615108886109,0.042,0.042,-0.0238187561099337
"KLF2","NUB1",0.06057889026092,0.032,0.032,-0.0384088329301116
"KLF2","TEF",0.0623733581224242,0.064,0.064,-0.187616714481948
"KLF2","TEAD1",0.0639484743212635,0.0799882456655892,0.0799882456655892,-0.121770857691676
"KLF2","NFATC4",0.0681831964483328,0.0416017069820541,0.0416017069820541,-0.112512850297265
"KLF2","RFX5",0.0686626132068636,0.052,0.052,-0.152381206413657
"KLF2","CCDC71L",0.070280868032159,0.076,0.076,-0.277853743024112
"KLF2","ADCY1",0.072972946560478,0.098,0.098,-0.196894362791918
"KLF2","STAT3",0.0746115669995928,0.11,0.11,-0.240298012283164
"KLF2","ZNF740",0.0754624377116574,0.056,0.056,-0.122431598831904
"KLF2","HGF",0.0760106923903948,0.07,0.07,-0.21650066642334
"KLF2","SLC16A3",0.0765750118090965,0.03,0.03,-0.387139796162097
"KLF2","LMNA",0.0770078316275655,0.096,0.096,-0.286447481152622
"KLF2","TET1",0.0787427878797931,0.0422032570603999,0.0422032570603999,-0.205278417734944
"KLF2","ARNT",0.0791376995330099,0.074,0.074,-0.213525028409308
"KLF2","SIX3",0.0796634809749015,0.0800768898899314,0.0800768898899314,-0.106061914374234
"KLF2","NFYA",0.0804305059442458,0.072,0.072,-0.208969792183698
"KLF2","NR1D1",0.0808165581666536,0.054797875663855,0.054797875663855,-0.211573028297627
"KLF2","PHLDA3",0.0813441742257194,0.098,0.098,-0.194903267866383
"KLF2","SLC41A1",0.0848002407858409,0.114,0.114,-0.260486887333481
"KLF2","NFATC3",0.0860297813026059,0.042,0.042,-0.320050199420262
"KLF2","DUSP6",0.0878126842896162,0.108,0.108,-0.0122520883337457
"KLF2","IRF3",0.0883122567886322,0.112,0.112,-0.330290124701673
"KLF2","GNB3",0.091396794928353,0.0830785405071119,0.0830785405071119,-0.198995949193955
"KLF2","TFAP4",0.0978097632698577,0.08,0.08,-0.314311110741078
"KLF2","TNFSF10",0.100552819220216,0.14,0.14,-0.600491707232082
"KLF2","HNRNPA2B1",0.103599588010275,0.04,0.04,-0.401450875363806
"KLF2","HSPA8",0.106969798948915,0.154,0.154,-0.436895408214815
"KLF2","E2F3",0.108551869131784,0.088,0.088,-0.394150345044444
"KLF2","P2RY6",0.108786198459573,0.0929473684210526,0.0929473684210526,-0.18198486553859
"KLF2","FDXR",0.110918679764423,0.11,0.11,-0.311641338581634
"KLF2","NR2F6",0.126899613455074,0.112680412371134,0.112680412371134,-0.234242293557442
"KLF2","SOX13",0.128075004090266,0.183521919966933,0.183521919966933,-0.0830958969746345
"KLF2","NOP56",0.130144598241827,0.124,0.124,-0.354825991174977
"KLF2","ARPC5",0.131923450546853,0.054,0.054,-0.497311549800078
"KLF2","ESRRA",0.132431120679551,0.114,0.114,-0.159774153895337
"KLF2","CD40",0.136480970375583,0.116,0.116,-0.244013946820951
"KLF2","ZBTB7B",0.136719111357817,0.062,0.062,-0.28188055763994
"KLF2","CDKN1C",0.142395484863748,0.096,0.096,-0.318258020234314
"KLF2","SESN1",0.146187109958898,0.076,0.076,-0.138721269826971
"KLF2","IRF1",0.149743585866675,0.1,0.1,-0.174395737864384
"KLF2","BARHL2",0.154276512139013,0.0815384615384615,0.0815384615384615,-0.229988110423114
"KLF2","VRK2",0.154513454346982,0.112,0.112,-0.348939150362303
"KLF2","POU2F2",0.158828483328767,0.066,0.066,-0.523669741014382
"KLF2","KLF13",0.161981299430541,0.078,0.078,-0.35616854361843
"KLF2","IRF2",0.167250841257667,0.036,0.036,-0.624650096834598
"KLF2","TP73",0.181738302736138,0.156,0.156,-0.0993529135107891
"KLF2","RUNX1",0.183787672724381,0.064,0.064,-0.264459288535396
"KLF2","CALR",0.191736343686908,0.068,0.068,-0.65281065293767
"KLF2","TAS1R3",0.193743910408274,0.138,0.138,-0.167220255530347
"KLF2","ZBTB6",0.194014901661052,0.114,0.114,-0.348457102030983
"KLF2","IRF5",0.197160568102857,0.102,0.102,-0.309957903619545
"KLF2","MIXL1",0.205318628407959,0.056,0.056,-0.418299088995379
"KLF2","CADM1",0.24111285232722,0.076,0.076,-0.399807780981722
"KLF2","HIST1H2BK",0.245910729934889,0.108,0.108,-0.525147385074423
"KLF2","ITGA6",0.335322046416343,0.162,0.162,-0.498109490262838
"KLF3","ASCL2",0.334092386942853,0.149263036736016,0.149263036736016,0.215724988783027
"KLF3","ENC1",0.237381782760881,0.1,0.1,0.40007374478583
"KLF3","C1orf228",0.222447927680428,0.072,0.072,0.343937554694151
"KLF3","ZNF384",0.136894382458949,0.092,0.092,0.119729651354091
"KLF3","C20orf195",0.131565659382412,0.064,0.064,0.324548792780063
"KLF3","KLF7",0.130674563601104,0.088,0.088,0.478109059621913
"KLF3","BACH2",0.074845763948919,0.048,0.048,0.645882957870362
"KLF3","BBC3",0.0650907985296706,0.106,0.106,0.235115679170484
"KLF3","HIC1",0.0649969798526614,0.136,0.136,0.231405997580742
"KLF3","ZBTB7A",0.0610006534006969,0.048,0.048,0.200711930188396
"KLF3","ZNF652",0.0596898350348423,0.066,0.066,0.186033397193937
"KLF3","HCK",0.0560876271547852,0.086,0.086,0.139721337983019
"KLF3","DUSP8",0.0526264997398703,0.11,0.11,0.516831787699096
"KLF3","KLF2",0.0354990251307563,0.094,0.094,0.772767697610135
"KLF3","GMEB2",0.0354384897409704,0.018,0.018,0.32355115932199
"KLF3","ERF",0.0319925424681452,0.036,0.036,0.16119373229928
"KLF3","LAPTM5",0.0295536877829242,0.02,0.02,0.547991552576891
"KLF3","TCF7L1",0.0274943268141401,0.022,0.022,0.162909941344657
"KLF3","CDKN2D",0.0230435071131481,0.068,0.068,0.73219277555521
"KLF3","EMILIN2",0.0216237448439473,0.072,0.072,0.291420477355714
"KLF3","CUX1",0.0213137840865393,0.01,0.01,0.301015965321505
"KLF3","HES6",0.0205018457833782,0.014,0.014,0.122479369807285
"KLF3","RFX1",0.0201323462955297,0.028,0.028,0.145284172314492
"KLF3","CCDC141",0.0165259848108233,0.022,0.022,0.308376527336604
"KLF3","CD52",0.0142151326215946,0.06,0.06,0.64867918956808
"KLF3","NXPH4",0.0131651214231366,0.052,0.052,0.343374584959716
"KLF3","POU3F1",0.0122169056058276,0.0166315789473684,0.0166315789473684,0.1635988039881
"KLF3","USF2",0.012150879767303,0.024,0.024,0.164825283817212
"KLF3","COTL1",0.0112354560021693,0.062,0.062,0.243104968454621
"KLF3","SYCP2",0.0111196616106019,0.01,0.01,0.224501042308143
"KLF3","HOXC8",0.0104507457490625,0.00952776623736325,0.00952776623736325,0.0472923034103809
"KLF3","RAB11FIP1",0.01019879619497,0.04,0.04,0.45586669097293
"KLF3","PAICS",0.0100081918621337,0.026,0.026,-0.367249238620215
"KLF3","PRC1",0.0100369573113112,0.032,0.032,-0.273811369259135
"KLF3","IRF3",0.0103808796444064,0.006,0.006,-0.213910055997633
"KLF3","FDXR",0.0107514936522681,0.018,0.018,-0.312649103075852
"KLF3","ARID3B",0.0107827548033648,0.04,0.04,-0.135997652286025
"KLF3","SLC16A3",0.0111006735886841,0.008,0.008,-0.396749118358233
"KLF3","NFYC",0.0114385619285487,0.008,0.008,-0.229014160119855
"KLF3","TBP",0.0115075660313733,0.02,0.02,-0.15648455886923
"KLF3","CTCF",0.0117044819724122,0.008,0.008,-0.169662362829121
"KLF3","ARNT",0.0117507446098644,0.012,0.012,-0.189702926841637
"KLF3","HINFP",0.0118252309074072,0.008,0.008,-0.219254933704313
"KLF3","KSR1",0.0126470497333513,0.044,0.044,-0.0841874209033037
"KLF3","TUBB3",0.0130663734493293,0.048,0.048,-0.221894940443467
"KLF3","ADCY1",0.0131056922760158,0.034,0.034,-0.148140424952194
"KLF3","TPRG1",0.0131708667768175,0.046,0.046,-0.227147737184137
"KLF3","ZKSCAN5",0.0132711702201414,0.012,0.012,-0.212778698444199
"KLF3","POLR3K",0.0133016073199208,0.04,0.04,-0.317433625347292
"KLF3","CCNA1",0.0151631359611656,0.0477871279414056,0.0477871279414056,-0.145583528012395
"KLF3","HSPA1A",0.0159855324915982,0.026,0.026,-0.324954023094552
"KLF3","NTRK2",0.0168232508523698,0.05,0.05,-0.103246154764615
"KLF3","HOXB3",0.0173226879690133,0.0253710292561699,0.0253710292561699,-0.105279946611688
"KLF3","ISL2",0.0180661538005307,0.04,0.04,-0.209558998574884
"KLF3","MGST3",0.0186484535317113,0.024,0.024,-0.361503924370557
"KLF3","NQO1",0.0198953900734545,0.04,0.04,-0.298043924855786
"KLF3","TCF4",0.0206741964811805,0.048,0.048,-0.0716358737194668
"KLF3","ONECUT2",0.0207600595759801,0.0405701348653781,0.0405701348653781,-0.109686194124758
"KLF3","SP1",0.0211811184150279,0.028,0.028,-0.127050478523334
"KLF3","SESN1",0.0213091521458047,0.042,0.042,-0.0643035358438643
"KLF3","SNAI3",0.0229008724178403,0.028,0.028,-0.199815804466051
"KLF3","DUSP6",0.0242055402222274,0.054,0.054,-0.116965709792211
"KLF3","ATF3",0.025488230358062,0.042,0.042,-0.0878929315874014
"KLF3","NR1D1",0.0270058267357515,0.0181010101010101,0.0181010101010101,-0.196123979283328
"KLF3","FAH",0.0289001699993186,0.02,0.02,-0.333737247860516
"KLF3","ZBTB6",0.0307155503085093,0.022,0.022,-0.253608524622728
"KLF3","CENPF",0.0309059234200458,0.066,0.066,-0.295728214841685
"KLF3","FAM129A",0.0309095154138159,0.018,0.018,-0.380862256951495
"KLF3","ZNF140",0.0316159225631233,0.04,0.04,-0.116043519474127
"KLF3","MAFG",0.0335143802519656,0.066,0.066,-0.128507671695716
"KLF3","PPARG",0.0375887034541069,0.0698475608154603,0.0698475608154603,-0.1348929001076
"KLF3","NOP56",0.0392097531844018,0.036,0.036,-0.446170350579896
"KLF3","PKNOX1",0.0461378900670836,0.03,0.03,-0.227165880991769
"KLF3","KLF13",0.0480593905001828,0.028,0.028,-0.250425069612143
"KLF3","HEY1",0.0585220250805371,0.0624192048360846,0.0624192048360846,-0.0413549983354943
"KLF3","E2F3",0.0644520908553206,0.032,0.032,-0.382959107592157
"KLF3","PLAGL2",0.0698244619794999,0.028,0.028,-0.289642530101994
"KLF3","NFYB",0.0803892230105357,0.032,0.032,-0.349566463861996
"KLF3","XAF1",0.0963613595774563,0.034,0.034,-0.251407782902174
"KLF3","TFAP4",0.0986974899217123,0.038,0.038,-0.317405439810118
"KLF4","POU2F1",0.222264599073251,0.096,0.096,0.192493396948748
"KLF4","PIK3R6",0.135280916459634,0.064,0.064,0.117326799684437
"KLF4","NR2C1",0.120949278130309,0.056,0.056,0.166998449349607
"KLF4","DLL1",0.0853037290914663,0.062,0.062,0.34364012965374
"KLF4","HMBOX1",0.0790626442600611,0.048,0.048,0.162382929453317
"KLF4","FOXN3",0.07863568886562,0.054,0.054,0.256541323313997
"KLF4","EIF5A",0.0782887357475101,0.068,0.068,0.0861635387877119
"KLF4","NFATC2",0.0752722073271872,0.07,0.07,0.229562677264393
"KLF4","CD72",0.0660949298292684,0.052,0.052,0.27903084765343
"KLF4","ESRRA",0.0598963820160134,0.052,0.052,0.0193815752432535
"KLF4","ERF",0.0589099934032049,0.038,0.038,0.204205898855438
"KLF4","TNFSF9",0.0579743036431215,0.06,0.06,0.288798134053449
"KLF4","MYCN",0.056742090560556,0.0443489594051392,0.0443489594051392,0.224252714514716
"KLF4","B3GNT7",0.0556066568403579,0.036,0.036,0.25068040852767
"KLF4","CCDC141",0.0508571590838843,0.028,0.028,0.263918383897559
"KLF4","BCL6B",0.0473304620139181,0.052021046353402,0.052021046353402,0.0745649100526585
"KLF4","LAPTM4B",0.0418551544109666,0.028,0.028,0.0665640601445122
"KLF4","KSR1",0.0405248944244129,0.048,0.048,0.14062580028122
"KLF4","IKZF1",0.039302793919501,0.034,0.034,0.152368568882227
"KLF4","CD22",0.0379890265192961,0.032,0.032,0.366313427055509
"KLF4","SP2",0.0370956311952187,0.028,0.028,0.223929625981612
"KLF4","C1orf228",0.0359818595315869,0.012,0.012,0.200864009902764
"KLF4","EBF1",0.0348501794689328,0.082,0.082,0.469673118259049
"KLF4","EGR1",0.0332342009692217,0.028,0.028,0.273132425538158
"KLF4","HDGFRP3",0.0330107796736687,0.0727081095596133,0.0727081095596133,0.0912996698481242
"KLF4","ARNT",0.0322408483832745,0.05,0.05,0.0302268040508279
"KLF4","TCF7L1",0.031957127685,0.036,0.036,0.103544964319983
"KLF4","CRIP2",0.0319388308347089,0.048,0.048,0.373831889266348
"KLF4","SRF",0.0302984973750828,0.026,0.026,0.0899219253287423
"KLF4","NXPH4",0.0288492357234709,0.044,0.044,0.319885265128053
"KLF4","POLR1E",0.0272848462091575,0.044,0.044,0.0220821086881888
"KLF4","ZNF148",0.02452996053158,0.056,0.056,0.269130398217012
"KLF4","ZEB1",0.0243710639232646,0.034,0.034,0.341087844151844
"KLF4","JUP",0.0233504047448777,0.062,0.062,0.145885378373395
"KLF4","DUSP8",0.0227709054781771,0.054,0.054,0.37677232438921
"KLF4","KIF13A",0.0225738203519981,0.068,0.068,0.106799109756899
"KLF4","HSPB1",0.0215774287055438,0.016,0.016,0.112139127109826
"KLF4","PPAP2B",0.0212066090404805,0.01,0.01,0.171054764286844
"KLF4","VAV3",0.0209907531472923,0.05,0.05,0.33527274149596
"KLF4","INA",0.0206115640145864,0.00958188153310104,0.00958188153310104,0.00487335424779845
"KLF4","ATF1",0.0198697737468021,0.034,0.034,0.00908064231201028
"KLF4","NR5A2",0.0197031377661226,0.0235900647734577,0.0235900647734577,0.0372255220318003
"KLF4","CREB5",0.0190581789270562,0.0331409386869235,0.0331409386869235,0.101104177418246
"KLF4","HSF2",0.0185922414961298,0.024,0.024,0.0973079159684905
"KLF4","RFX7",0.0182806178154056,0.046,0.046,0.25521701876775
"KLF4","IL10",0.0180718496364406,0.016,0.016,0.0531117372340355
"KLF4","PAX5",0.0180492458581466,0.026,0.026,0.321834365172005
"KLF4","SERPINB1",0.0176437672355699,0.016,0.016,0.129741961809345
"KLF4","TCFL5",0.0175148124447015,0.02,0.02,0.250912307335333
"KLF4","GPR132",0.0171706673707939,0.026,0.026,0.0212758332796787
"KLF4","C20orf195",0.0167223974606449,0.058,0.058,0.0674489748765946
"KLF4","MAX",0.0166310736844646,0.022,0.022,0.216516212793524
"KLF4","TNF",0.0164096096067432,0.062,0.062,0.146750104740297
"KLF4","SOX12",0.0157971011882286,0.014,0.014,0.0613506321470671
"KLF4","ONECUT2",0.0155625632116098,0.0150800915331808,0.0150800915331808,0.0276460869492078
"KLF4","NFATC1",0.0152764935566802,0.016,0.016,0.288706656990544
"KLF4","BIRC3",0.0149396400140725,0.016,0.016,0.316873524432963
"KLF4","HK1",0.0148568898648884,0.028,0.028,0.0591204928831915
"KLF4","ZNF703",0.0148159477518986,0.024,0.024,0.247934635426899
"KLF4","CYB5R2",0.0147737339873784,0.012,0.012,0.0564699018668747
"KLF4","USF2",0.0143383837384673,0.018,0.018,0.136950132440418
"KLF4","TSPAN33",0.0140387309961563,0.04,0.04,0.318264646970625
"KLF4","STAT4",0.0137383099383908,0.02,0.02,0.0597752931408742
"KLF4","TFE3",0.013582410809464,0.016,0.016,0.140077403484653
"KLF4","SATB1",0.0133105012377463,0.022,0.022,0.247104346485476
"KLF4","MS4A7",0.0131997682593299,0.014,0.014,0.213886932721907
"KLF4","LTA",0.0125586506463686,0.066,0.066,0.160267796317288
"KLF4","DUSP2",0.0109554393688683,0.036,0.036,0.392830421088387
"KLF4","CCDC71L",0.0108346905562589,0.046,0.046,0.0637912858023952
"KLF4","NR4A1",0.0108107044590866,0.044,0.044,0.445502880291879
"KLF4","PPARG",0.010322327377804,0.0130933808195576,0.0130933808195576,0.0351469749436553
"KLF4","SLC29A1",0.0115920331195625,0.056,0.056,-0.0964286513064859
"KLF4","MIXL1",0.0136226552557532,0.016,0.016,-0.231365352820875
"KLF4","KISS1R",0.015446429083127,0.0404040404040404,0.0404040404040404,-0.0942138311713117
"KLF4","KLF10",0.0157107808160658,0.036,0.036,-0.070422492377223
"KLF4","KLHL21",0.015758529858344,0.036,0.036,-0.00848145070973791
"KLF4","CCR10",0.0173580686597194,0.032,0.032,-0.268839215184848
"KLF4","CCDC86",0.0174245912128194,0.032,0.032,-0.0111793233630267
"KLF4","VDR",0.0178784945483719,0.014,0.014,-0.310316323208385
"KLF4","KLF13",0.0198026581012025,0.026,0.026,-0.229461244216153
"KLF4","ETV4",0.0256437560728097,0.0745263157894737,0.0745263157894737,-0.0490162305405674
"KLF4","KBTBD11",0.0272255220367418,0.0307936507936508,0.0307936507936508,-0.00242782227377473
"KLF4","MAFF",0.0274396692895756,0.068,0.068,-0.0169204819476494
"KLF4","BHLHE41",0.0607964133421331,0.028,0.028,-0.324817179350726
"KLF5","CCNA2",0.3087084372299,0.052,0.052,0.373352782238274
"KLF5","TTK",0.277762996150252,0.044,0.044,0.364345347432882
"KLF5","H2AFZ",0.26782148187854,0.042,0.042,0.410991611377441
"KLF5","KIF15",0.240261351073651,0.036,0.036,0.344161283130282
"KLF5","PRC1",0.220149243595408,0.048,0.048,0.319754946747197
"KLF5","POLD3",0.206521078344744,0.03,0.03,0.368560705358466
"KLF5","GLI3",0.204751119712224,0.151071692535107,0.151071692535107,0.164924819759093
"KLF5","KIF2C",0.196335189542487,0.044,0.044,0.342080646747178
"KLF5","MID1IP1",0.193081139438435,0.03,0.03,0.305375407981389
"KLF5","PSPH",0.182114794679559,0.032,0.032,0.272219706422856
"KLF5","CDCA8",0.174412579122364,0.048,0.048,0.358143739357646
"KLF5","TFDP1",0.169007577507195,0.03,0.03,0.360605705204802
"KLF5","NR1I3",0.161420054474692,0.106103286384977,0.106103286384977,0.0962164451096614
"KLF5","MT1E",0.160871964265265,0.026,0.026,0.30339046886934
"KLF5","TUBA1B",0.157665099394437,0.03,0.03,0.389402834614913
"KLF5","BIRC5",0.151962192122026,0.028,0.028,0.385694183545427
"KLF5","KPNA2",0.136831551882516,0.034,0.034,0.308683367171081
"KLF5","CCNB2",0.132488958198129,0.032,0.032,0.349973862084398
"KLF5","DLGAP5",0.128958289928964,0.034,0.034,0.356622799493003
"KLF5","HOXC10",0.121396825429072,0.152477477477477,0.152477477477477,0.103641934505217
"KLF5","PBX1",0.11101836289851,0.074438202247191,0.074438202247191,0.025739992781969
"KLF5","CCNB1",0.0993366615505908,0.052,0.052,0.335728242177086
"KLF5","ASPM",0.098052242423834,0.028,0.028,0.291427205119517
"KLF5","E2F8",0.0836295668674392,0.058,0.058,0.342481548070621
"KLF5","POLR3G",0.0821848084294855,0.022,0.022,0.305441250469725
"KLF5","SOX11",0.0814225639721411,0.0400749875317643,0.0400749875317643,0.0152556271038682
"KLF5","ARL6IP1",0.0811296566569833,0.024,0.024,0.244946237948896
"KLF5","KIF5C",0.0780473797828115,0.024,0.024,0.264128352100659
"KLF5","YY2",0.0770428337169077,0.057970404656708,0.057970404656708,0.134436029427566
"KLF5","SOCS2",0.0742560745907114,0.024,0.024,0.288860965854326
"KLF5","TUBB6",0.0732134807192378,0.048,0.048,0.35363929077484
"KLF5","TUBB",0.072497582444864,0.024,0.024,0.385815446764199
"KLF5","CKS2",0.0724479943586881,0.034,0.034,0.34620210231088
"KLF5","FBXO5",0.0712719547102443,0.032,0.032,0.365143993362297
"KLF5","ACTG1",0.067449952645926,0.018,0.018,0.368139842964461
"KLF5","PRR19",0.067204277144295,0.0419618036189374,0.0419618036189374,0.169763929891379
"KLF5","DPYSL2",0.0655162609330428,0.04,0.04,0.378675013910159
"KLF5","ANXA3",0.063181328614465,0.028,0.028,0.284794421917089
"KLF5","MSMO1",0.0630154134369355,0.032,0.032,0.321357707031574
"KLF5","MYH10",0.0615874623514572,0.0306753629286766,0.0306753629286766,0.263551512177381
"KLF5","FABP5",0.0605570826283083,0.032,0.032,0.389721320293173
"KLF5","FOXP2",0.0605112365713527,0.0367464116238776,0.0367464116238776,0.0436769041605071
"KLF5","SNTA1",0.0593343696351995,0.018,0.018,0.183458052231501
"KLF5","POU3F2",0.058435207329334,0.0971299285613631,0.0971299285613631,0.0878115730554181
"KLF5","CENPE",0.0583965130608372,0.016,0.016,0.278724110095505
"KLF5","CENPF",0.0575269528621939,0.02,0.02,0.316527771190942
"KLF5","INA",0.0574335395070506,0.0287743307725676,0.0287743307725676,0.16156710847176
"KLF5","CDCA2",0.0564371759643749,0.036,0.036,0.343667505298265
"KLF5","AK4",0.0553438504498151,0.018,0.018,0.296756956445499
"KLF5","C12orf75",0.0542187447092509,0.03,0.03,0.380040231271262
"KLF5","TPI1",0.0537206562285028,0.02,0.02,0.366090287502995
"KLF5","CDCA7",0.0523211513397617,0.052,0.052,0.373201021801452
"KLF5","SLC25A5",0.0478530847736361,0.024,0.024,0.351244169661901
"KLF5","HLX",0.0470614635227174,0.0283858998144712,0.0283858998144712,0.207027049670667
"KLF5","PPA1",0.046067427393445,0.014,0.014,0.317905998168056
"KLF5","KLHL23",0.0458158469161407,0.02,0.02,0.309724276996308
"KLF5","FADS1",0.0447942524460814,0.012,0.012,0.241713879190276
"KLF5","HMX2",0.0419351908223629,0.0259784075573549,0.0259784075573549,0.0829066865696445
"KLF5","TLX2",0.0419009341885774,0.116349281403623,0.116349281403623,0.124798570403413
"KLF5","MEIS3",0.0406356909001965,0.118560219167402,0.118560219167402,0.0862880703014111
"KLF5","DOK1",0.040546397028326,0.038,0.038,0.293326200130467
"KLF5","LMNA",0.0405302778453941,0.022,0.022,0.250157211653361
"KLF5","PPP1R14B",0.0401551354153227,0.012,0.012,0.331680199764686
"KLF5","NR3C2",0.0398859736680625,0.0287840136054422,0.0287840136054422,0.0378160263132788
"KLF5","CDC20",0.039404738823722,0.024,0.024,0.294583981015009
"KLF5","ATIC",0.0382519214324758,0.012,0.012,0.326582483581055
"KLF5","STMN1",0.0370762908024779,0.022,0.022,0.417718153487057
"KLF5","KIF4A",0.0366287937622087,0.032,0.032,0.323524180198805
"KLF5","NCL",0.035513185662569,0.012,0.012,0.337370539251142
"KLF5","MCM6",0.0354213146755994,0.02,0.02,0.402526078204353
"KLF5","NUSAP1",0.035235192454206,0.034,0.034,0.396044435785911
"KLF5","OTX1",0.0346259188393432,0.0397430186103758,0.0397430186103758,0.0924991906495361
"KLF5","PRDX3",0.03425698599299,0.012,0.012,0.340362182600726
"KLF5","KIF14",0.0338014243325428,0.022,0.022,0.302327892893808
"KLF5","FNIP2",0.0336774420763921,0.02,0.02,0.203232469012016
"KLF5","GTSF1",0.0324903831488361,0.018,0.018,0.293043608641798
"KLF5","MAFG",0.0324163316720041,0.056,0.056,0.116954398059022
"KLF5","NR1H3",0.0312822908927167,0.0203896613940797,0.0203896613940797,0.0897524548483538
"KLF5","HCK",0.0311460905687916,0.034,0.034,0.199935031045602
"KLF5","RRM2",0.0304873306366538,0.022,0.022,0.389966644584435
"KLF5","FOXD3",0.0303041196881721,0.0541666666666667,0.0541666666666667,0.0220987452986907
"KLF5","CTSH",0.0298370786589292,0.012,0.012,0.332789832472445
"KLF5","NKX6-1",0.029645445343335,0.0306173637598704,0.0306173637598704,0.0171498938202727
"KLF5","MT1H",0.02957584681713,0.0149861239592969,0.0149861239592969,0.17489169134958
"KLF5","PPARG",0.0294208650111397,0.0261166354119062,0.0261166354119062,0.173614173193343
"KLF5","TUBB3",0.0293815426950697,0.032,0.032,0.278329206177101
"KLF5","POU2F3",0.0289808354058855,0.0599250025336982,0.0599250025336982,0.099098490137896
"KLF5","PIK3R6",0.0279704668781668,0.016,0.016,0.137467756608289
"KLF5","PRR5L",0.027707104135617,0.038,0.038,0.290666922830087
"KLF5","SMAD2",0.0263553330792092,0.024,0.024,0.17943047512137
"KLF5","CENPV",0.0262782848326222,0.01,0.01,0.25188979577041
"KLF5","PPIA",0.0261923379319738,0.016,0.016,0.398429764634553
"KLF5","DUSP6",0.025484932089991,0.016,0.016,0.241408042690243
"KLF5","PTMS",0.0252000212206846,0.016,0.016,0.268157450831066
"KLF5","MYC",0.0237999698239152,0.05,0.05,0.167903669318341
"KLF5","THRB",0.0234622794740233,0.0738417052214144,0.0738417052214144,0.0188647070191844
"KLF5","HFE",0.0226843951068197,0.0363030303030303,0.0363030303030303,0.025518896068426
"KLF5","TMSB4X",0.0218769040761244,0.01,0.01,0.365842567218893
"KLF5","TUBB4B",0.0215358809496679,0.018,0.018,0.353236157612016
"KLF5","HN1",0.0214632274565715,0.016,0.016,0.368560183945492
"KLF5","CEP55",0.021351217051136,0.018,0.018,0.362752263134567
"KLF5","NR2F2",0.0212716739595519,0.0588688232371935,0.0588688232371935,0.090062529542446
"KLF5","SOX4",0.0203923650459344,0.008,0.008,0.252961594108497
"KLF5","FOXP3",0.0202877987037764,0.0190624090981599,0.0190624090981599,0.0301276421961257
"KLF5","MRPL37",0.0200185817702132,0.012,0.012,0.350367020516624
"KLF5","CCT5",0.0198868480218261,0.014,0.014,0.348963577346146
"KLF5","TUBA1A",0.0198306196540089,0.04,0.04,0.229239161794171
"KLF5","NCAPG",0.0195076351200987,0.02,0.02,0.390393564314147
"KLF5","THAP11",0.0190864678229369,0.022,0.022,0.15659294720714
"KLF5","MSC",0.0183811573836879,0.01,0.01,0.231632621989476
"KLF5","STK38L",0.0180337541290903,0.012,0.012,0.266507965746514
"KLF5","NPM1",0.0179981272570108,0.02,0.02,0.32186820043928
"KLF5","FOXK1",0.0177952352114309,0.022,0.022,0.0628172786418968
"KLF5","AQP3",0.0176932245925633,0.014,0.014,0.246982403173935
"KLF5","UCHL1",0.0176520827152822,0.032,0.032,0.272311671324158
"KLF5","MYBL2",0.0174965432643056,0.028,0.028,0.360869957049863
"KLF5","LYAR",0.017336555554446,0.014,0.014,0.351452120379798
"KLF5","CKS1B",0.0170823823352477,0.02,0.02,0.367405371701033
"KLF5","HDGFRP3",0.0169429602505733,0.0332715717866094,0.0332715717866094,0.205305094689338
"KLF5","CTCFL",0.0166276999254317,0.0829131652661064,0.0829131652661064,0.0160015734283701
"KLF5","CORO2A",0.0166143603899386,0.024,0.024,0.161734615855862
"KLF5","CALM2",0.0162572601833664,0.01,0.01,0.332942319088093
"KLF5","SH2D2A",0.0160894243250173,0.018,0.018,0.196731779568724
"KLF5","HESX1",0.0159859657143334,0.0126147992027237,0.0126147992027237,0.0735105429941694
"KLF5","UNG",0.0159640691030257,0.046,0.046,0.37263531831846
"KLF5","EBI3",0.0158699268855281,0.02,0.02,0.289987766233606
"KLF5","HOXA10",0.0158467993506709,0.0104939271255061,0.0104939271255061,0.0367227538148949
"KLF5","INSIG1",0.0157710882906792,0.042,0.042,0.371912782656286
"KLF5","VIM",0.0154329049694715,0.01,0.01,0.375418456709903
"KLF5","HSPB1",0.0151810691515078,0.01,0.01,0.247744160721143
"KLF5","TRIAP1",0.0151100105046223,0.01,0.01,0.240592394816099
"KLF5","LCP1",0.0150964107207166,0.012,0.012,0.373779554506334
"KLF5","SOX15",0.0149006496325137,0.0229508196721311,0.0229508196721311,0.0417632601249637
"KLF5","TOP2A",0.0147366837425364,0.014,0.014,0.334856669178461
"KLF5","S100A4",0.0146516374393458,0.028,0.028,0.235058847145954
"KLF5","CDC25A",0.0144713293833895,0.014,0.014,0.390948755103935
"KLF5","UBE2S",0.0143943375777302,0.014,0.014,0.332146219928962
"KLF5","ASCL1",0.0143009582575846,0.0280808080808081,0.0280808080808081,0.107545167657428
"KLF5","HLF",0.0141463064941767,0.0218694885361552,0.0218694885361552,0.136884503896735
"KLF5","SELL",0.0140936031532752,0.032,0.032,0.270016666571256
"KLF5","FOXJ2",0.0139880673964303,0.022,0.022,0.0192457068532893
"KLF5","ACTR3",0.0139650191049073,0.01,0.01,0.345180936084696
"KLF5","RAB11FIP1",0.0134967812563252,0.058,0.058,0.123092771525859
"KLF5","CYB5R2",0.0131118820406108,0.022,0.022,0.196239167840235
"KLF5","BUB1B",0.0127717380115001,0.018,0.018,0.357018217775656
"KLF5","SSRP1",0.0123932658066389,0.01,0.01,0.377651308070402
"KLF5","DHFR",0.0123261572800936,0.04,0.04,0.4142871536745
"KLF5","CNN2",0.01200262488803,0.01,0.01,0.298387513963253
"KLF5","CDK6",0.0115343052746482,0.014,0.014,0.336446172103142
"KLF5","KIAA0101",0.0114963456763167,0.018,0.018,0.408226095374324
"KLF5","AICDA",0.0111714027494518,0.012,0.012,0.236451895853664
"KLF5","FSCN1",0.0107417598401641,0.028,0.028,0.224078386054112
"KLF5","KIFC1",0.0106324097430424,0.032,0.032,0.390868141893255
"KLF5","SLC41A1",0.0106000812286556,0.016,0.016,0.276631803256805
"KLF5","TMEM97",0.0100666748903192,0.016,0.016,0.374763270727455
"KLF5","ZNF135",0.0109076969205355,0.0156854897653038,0.0156854897653038,-0.00209440853490991
"KLF5","MEF2D",0.0282372735906887,0.014,0.014,-0.190891519471886
"KLF5","IRF1",0.0380633741213883,0.032,0.032,-0.259517966660265
"KLF5","FOXO3",0.0840493371486654,0.02,0.02,-0.257546290593044
"KLF6","KLF11",0.849087579963547,0.196,0.196,0.711795611289588
"KLF6","JUNB",0.829539005142737,0.218,0.218,0.830418496041677
"KLF6","KLF2",0.823797837610477,0.246,0.246,0.753362990282326
"KLF6","ZC3H12A",0.807628261473661,0.17,0.17,0.691795768053014
"KLF6","LAPTM5",0.759798018740045,0.176,0.176,0.865444715125286
"KLF6","REL",0.722099704066929,0.124,0.124,0.847114172523345
"KLF6","JUND",0.717621898568215,0.232,0.232,0.797804480184117
"KLF6","ZFP36L1",0.703488565169582,0.172,0.172,0.835083474344481
"KLF6","KLF3",0.695407610056444,0.164,0.164,0.725116843743488
"KLF6","FCER2",0.65558376508844,0.102,0.102,0.621247725527372
"KLF6","PMAIP1",0.651799049576806,0.102,0.102,0.762649360806683
"KLF6","NFKBIA",0.624393341101394,0.196,0.196,0.835292076260157
"KLF6","SPOCK2",0.588967795634948,0.072,0.072,0.76701843829073
"KLF6","BLOC1S2",0.586261817410395,0.126,0.126,0.583853260157478
"KLF6","NR3C1",0.581316530139458,0.11,0.11,0.674165376086618
"KLF6","RUNX3",0.565858412847395,0.094,0.094,0.638808531100133
"KLF6","MPEG1",0.536843536078444,0.096,0.096,0.605219071233216
"KLF6","TUBA1A",0.53313173646081,0.16,0.16,0.511397676808302
"KLF6","CDKN2D",0.517432329213558,0.08,0.08,0.775931953224856
"KLF6","HLA-DRA",0.489558985307623,0.224,0.224,0.826024653186417
"KLF6","LTB",0.489177244717376,0.24,0.24,0.888659925434485
"KLF6","ELF5",0.455723227252129,0.148382649738265,0.148382649738265,0.125783127088994
"KLF6","RORA",0.451538310514709,0.06,0.06,0.401649506241478
"KLF6","NR1H2",0.448955092309969,0.1,0.1,0.570324340349087
"KLF6","GRASP",0.447913751184691,0.046,0.046,0.669852328834455
"KLF6","CXCR4",0.439694004180923,0.134,0.134,0.633540895168241
"KLF6","YY1",0.436291504644405,0.088,0.088,0.645045011601982
"KLF6","TSPAN33",0.418732887989391,0.1,0.1,0.531999264221645
"KLF6","EBF1",0.407041948286784,0.088,0.088,0.684635321173953
"KLF6","TNFSF9",0.399394401894602,0.154,0.154,0.447926912637806
"KLF6","NAP1L1",0.397756532034157,0.086,0.086,0.759559292076181
"KLF6","ELF2",0.391379318886903,0.066,0.066,0.437538527943978
"KLF6","ELF4",0.389909841894999,0.078,0.078,0.424031705757188
"KLF6","KLF7",0.369740980530788,0.066,0.066,0.505267317926485
"KLF6","UNC119",0.350925716977516,0.052,0.052,0.361368230456902
"KLF6","FOS",0.349945325579952,0.114,0.114,0.592630121515646
"KLF6","RFX7",0.344209020487708,0.126,0.126,0.462399428299777
"KLF6","PKIG",0.338072831054157,0.148,0.148,0.385936493973442
"KLF6","JUP",0.322510399664619,0.092,0.092,0.497792648978452
"KLF6","RHOB",0.316651305143234,0.142,0.142,0.491236210614011
"KLF6","PIKFYVE",0.306163262830643,0.096,0.096,0.742229133418114
"KLF6","NR4A1",0.302347294498199,0.086,0.086,0.603130019800581
"KLF6","MPP7",0.287667795633648,0.078,0.078,0.257409702162715
"KLF6","RAB11FIP1",0.275673763806289,0.08,0.08,0.649097784622288
"KLF6","HSF1",0.272408095527484,0.054,0.054,0.257539466285847
"KLF6","SNTA1",0.257607687842149,0.12,0.12,0.203559553504647
"KLF6","HSP90AB1",0.241411147823699,0.09,0.09,0.431239034236647
"KLF6","HSPB1",0.23749673569742,0.07,0.07,0.273876501340533
"KLF6","USF2",0.230784832663418,0.054,0.054,0.227166660839279
"KLF6","NFATC1",0.22546379830777,0.07,0.07,0.352265009470061
"KLF6","ELF1",0.221955054078255,0.056,0.056,0.664267709750128
"KLF6","RELB",0.218539980642628,0.068,0.068,0.407169821394587
"KLF6","CCDC141",0.217773403614263,0.164,0.164,0.433598590777312
"KLF6","ZNF317",0.208838310340743,0.048,0.048,0.44123315383481
"KLF6","MTF1",0.208787895256831,0.056,0.056,0.309906692738456
"KLF6","COTL1",0.20482764646435,0.056,0.056,0.529751403334735
"KLF6","CREB1",0.201763949172483,0.066,0.066,0.229889358102513
"KLF6","TPM3",0.201009601164574,0.15,0.15,0.561827794046971
"KLF6","CUX1",0.196749642287054,0.086,0.086,0.214283661534993
"KLF6","RRM2B",0.196360955785606,0.064,0.064,0.277083859742457
"KLF6","SPIB",0.195042726315391,0.1,0.1,0.373915984504105
"KLF6","TCF7",0.193742911342527,0.044,0.044,0.591385494816154
"KLF6","HES6",0.193731572971249,0.072,0.072,0.118374927706466
"KLF6","HTR3A",0.19316857440218,0.11,0.11,0.220417401529058
"KLF6","ZBTB7A",0.184614702637653,0.044,0.044,0.276192934651513
"KLF6","ATF2",0.180530727458173,0.062,0.062,0.286887954910112
"KLF6","NFKBIE",0.177054962301507,0.064,0.064,0.540029683727815
"KLF6","CD52",0.172115095005699,0.05,0.05,0.705884068941439
"KLF6","KIF2A",0.170007527706902,0.118,0.118,0.346159461331581
"KLF6","NXPH4",0.169131186114321,0.056,0.056,0.422528331746063
"KLF6","FOXJ3",0.164189212618358,0.056,0.056,0.33532494838656
"KLF6","PPARD",0.161613125576945,0.036,0.036,0.313241249501754
"KLF6","SNX10",0.157521666312815,0.212,0.212,0.377475803043703
"KLF6","MEF2A",0.15541340064786,0.066,0.066,0.500136061744331
"KLF6","WDR43",0.15294384708969,0.054,0.054,0.333867267211325
"KLF6","ZNF281",0.146041519218967,0.024,0.024,0.301407750254933
"KLF6","SYT11",0.144976483951511,0.108,0.108,0.256492031130182
"KLF6","RELA",0.14379766679404,0.056,0.056,0.445587686825587
"KLF6","NFKBID",0.143741452123071,0.086,0.086,0.74811312211987
"KLF6","TFAP2E",0.142134224340446,0.0707548336543182,0.0707548336543182,0.0120857711026661
"KLF6","TRAF1",0.141795932244897,0.342,0.342,0.19678243214481
"KLF6","KIF13A",0.140162701300668,0.126,0.126,0.338659333116252
"KLF6","TMOD2",0.139140156584809,0.254,0.254,0.286227542584708
"KLF6","KLF4",0.138063668685757,0.062,0.062,0.50605018240992
"KLF6","CD40",0.136779048633822,0.194,0.194,0.176467747250599
"KLF6","BAX",0.135026089374506,0.11,0.11,0.216929830725457
"KLF6","HOPX",0.121764431637665,0.078,0.078,0.272795115609629
"KLF6","RARA",0.121471618872524,0.1,0.1,0.442192205980811
"KLF6","CCSER2",0.121312023735613,0.024,0.024,0.458760672791367
"KLF6","TCFL5",0.120676486599983,0.026,0.026,0.36927081123415
"KLF6","SET",0.118754342385214,0.062,0.062,0.355542982429093
"KLF6","NFIX",0.115771865294547,0.0422448979591837,0.0422448979591837,0.0300463401951851
"KLF6","AHR",0.115041653573385,0.076,0.076,0.348827023300582
"KLF6","CORO2A",0.108098743802152,0.09,0.09,0.19562738345203
"KLF6","DOPEY2",0.104404101760352,0.108,0.108,0.50065277043963
"KLF6","LMNA",0.0987978571403878,0.104,0.104,0.010451371556045
"KLF6","C20orf195",0.0979741292656829,0.184,0.184,0.267370205550093
"KLF6","ZNF148",0.0954631194308796,0.052,0.052,0.392552419241143
"KLF6","CMTM3",0.0945324509713212,0.074,0.074,0.178202751678327
"KLF6","ETS1",0.0924250378273599,0.048,0.048,0.322997786531909
"KLF6","IL10",0.0918765808793251,0.06,0.06,0.145398552679793
"KLF6","ARL6IP1",0.0899060193890655,0.056,0.056,0.122468466494425
"KLF6","KIF5C",0.0893780980148867,0.13,0.13,0.125556468833379
"KLF6","FOXO1",0.0866898914178393,0.052,0.052,0.135204157883151
"KLF6","DUSP8",0.0814242573923134,0.03,0.03,0.528155929418407
"KLF6","DUSP4",0.0781043449084115,0.074,0.074,0.213771748043287
"KLF6","TCF7L2",0.0770515868566249,0.0403257060399918,0.0403257060399918,0.00957834107033082
"KLF6","DDIT4",0.0756031423384918,0.046,0.046,0.17931800396922
"KLF6","B3GNT7",0.0728336240576676,0.026,0.026,0.326093043130731
"KLF6","CD70",0.0665817993059989,0.1,0.1,0.0934594660675403
"KLF6","GNAZ",0.0662064509972216,0.18,0.18,0.238876613972567
"KLF6","IL6",0.0658792796229179,0.086,0.086,0.359982033235486
"KLF6","ZNF263",0.0646863955506607,0.08,0.08,0.192242632434645
"KLF6","PHLDA3",0.0639701663531376,0.056,0.056,0.0872320110054181
"KLF6","ZBTB26",0.061814529312015,0.13,0.13,0.00149191041472467
"KLF6","HSP90AA1",0.0611107969147382,0.072,0.072,0.233448359774149
"KLF6","TCF4",0.0600792404806288,0.092,0.092,0.156027348121262
"KLF6","NGFRAP1",0.0573564384489975,0.074,0.074,0.0225204260191227
"KLF6","CYB5R2",0.0563619954374161,0.17,0.17,0.125489471081407
"KLF6","FOXK1",0.0562804523784164,0.054,0.054,0.144056194926219
"KLF6","NFIC",0.0546980856600001,0.018,0.018,0.241134551859376
"KLF6","PBX3",0.0531373650981906,0.052,0.052,0.221700201355312
"KLF6","SLC41A1",0.0527503291403011,0.094,0.094,0.074151923072857
"KLF6","ZNF140",0.0516873153324823,0.054,0.054,0.00482228162300715
"KLF6","ZBTB14",0.0511043988517616,0.092,0.092,0.099047031366091
"KLF6","LAPTM4B",0.0510585331931754,0.048,0.048,0.1127163055524
"KLF6","PPARG",0.0509371436339932,0.0718016399556655,0.0718016399556655,0.0787578360415907
"KLF6","DKC1",0.0506717992723696,0.04,0.04,0.157875633982108
"KLF6","ODC1",0.0492157569957135,0.04,0.04,0.238639230132677
"KLF6","CCR1",0.0480911525078617,0.0824852607709751,0.0824852607709751,0.0163638198533617
"KLF6","FAM167A",0.046628065989989,0.128,0.128,0.383424036927205
"KLF6","TFAP2A",0.0465213318314048,0.0804128503075872,0.0804128503075872,0.0171552074525202
"KLF6","CDK5R1",0.0438702449278507,0.08,0.08,0.319076355160347
"KLF6","EBI3",0.043258443893371,0.16,0.16,0.14939204698132
"KLF6","E2F4",0.0430776028337862,0.032,0.032,0.130548660653938
"KLF6","CD163L1",0.0424025019365324,0.0897679037566678,0.0897679037566678,0.0720104231856209
"KLF6","GMEB2",0.0412367728281927,0.012,0.012,0.314683607550816
"KLF6","MYL9",0.0407868968101974,0.076,0.076,0.178779687154051
"KLF6","SP4",0.0377197146309173,0.044,0.044,0.0446412306418381
"KLF6","AIF1",0.0376491809166823,0.032,0.032,0.226594242164
"KLF6","PPP1R14B",0.0360864782182871,0.17,0.17,0.0642000683899014
"KLF6","APEX1",0.0331917369840248,0.068,0.068,0.143826629389703
"KLF6","GRPEL1",0.0331142300349961,0.056,0.056,0.153410240534294
"KLF6","SMAD4",0.032991738168937,0.012,0.012,0.347631485885607
"KLF6","CFL1",0.0323758143953674,0.056,0.056,0.235932031140251
"KLF6","NR5A2",0.0321065709883256,0.113128974761661,0.113128974761661,0.082635808105523
"KLF6","CD72",0.0321007455735044,0.074,0.074,0.258412760665003
"KLF6","HOXA4",0.0319516683995798,0.140931448976263,0.140931448976263,0.0385730976386717
"KLF6","DDIT3",0.0319173963142412,0.022,0.022,0.323968096472079
"KLF6","PPM1G",0.0312693713900946,0.048,0.048,0.112588815420362
"KLF6","TESC",0.0286572254531755,0.096,0.096,0.135443228768317
"KLF6","CAMK2N1",0.028574878456351,0.068,0.068,0.409708357543933
"KLF6","LCK",0.0279795023988442,0.0591836734693878,0.0591836734693878,0.0588341764876937
"KLF6","NR4A3",0.0278806090156068,0.012,0.012,0.437158565908569
"KLF6","BBC3",0.0276105019425064,0.006,0.006,0.343596140467593
"KLF6","FOSL2",0.0274720568475437,0.026,0.026,0.326710075055557
"KLF6","SERBP1",0.0271408627470578,0.038,0.038,0.20409354647568
"KLF6","ZBED1",0.0256261785235215,0.018,0.018,0.227073608745687
"KLF6","IL32",0.0251117886509724,0.074,0.074,0.0559644001118841
"KLF6","KCNMA1",0.0248573891948255,0.05,0.05,0.125522195766418
"KLF6","ASCL2",0.0248442702760012,0.104692119486765,0.104692119486765,0.149927556853552
"KLF6","ACTB",0.0246899269173461,0.044,0.044,0.218718374563428
"KLF6","CREM",0.0240825638253673,0.024,0.024,0.161072242874875
"KLF6","RFX1",0.0235200690231369,0.01,0.01,0.153841514488829
"KLF6","BCAS1",0.0234054776777471,0.042,0.042,0.124209352287116
"KLF6","PFN1",0.0204838357360763,0.04,0.04,0.186242891076095
"KLF6","POLD3",0.0200675884424998,0.03,0.03,0.0951013897242515
"KLF6","PLAG1",0.0196729965554404,0.036,0.036,0.0246301221220057
"KLF6","FOXK2",0.0182921245409205,0.024,0.024,0.0306380382666704
"KLF6","TRIM22",0.0160941852941529,0.048,0.048,0.259142740387188
"KLF6","RFX5",0.0157656778742549,0.026,0.026,0.116873209046936
"KLF6","RFX3",0.0154338856974362,0.022,0.022,0.183772447615067
"KLF6","HRAS",0.0146930981827595,0.058,0.058,0.0565464370916517
"KLF6","C1QBP",0.013876111426908,0.05,0.05,0.126465508412205
"KLF6","TBP",0.013727138135163,0.026,0.026,0.0170998852534956
"KLF6","NREP",0.0133973221035625,0.038,0.038,0.0180361441671924
"KLF6","RGS2",0.013304109186808,0.004,0.004,0.718505249129052
"KLF6","A4GALT",0.0127696733369217,0.082,0.082,0.0913081232050183
"KLF6","NFATC2",0.0123744951896145,0.012,0.012,0.208461557055201
"KLF6","C1orf228",0.0121136392667717,0.014,0.014,0.316966515022254
"KLF6","ARL13B",0.0120720377120185,0.046,0.046,0.0150347771364241
"KLF6","ACOT7",0.0118210829660253,0.04,0.04,0.0674409952149576
"KLF6","SOX2",0.0117781308660554,0.062,0.062,0.0393753563892998
"KLF6","NUSAP1",0.0102109636699229,0.044,0.044,-0.107583578014899
"KLF6","BIRC5",0.0107123926044996,0.09,0.09,-0.0898402636167901
"KLF6","HGF",0.0108838346774532,0.016,0.016,-0.203568573101529
"KLF6","RHOXF1",0.0110357528417113,0.00869866975130133,0.00869866975130133,-0.0476488033149442
"KLF6","RFX2",0.0115455428982682,0.0342448979591837,0.0342448979591837,-0.107513012198724
"KLF6","FAH",0.0126278761638525,0.012,0.012,-0.157261909764146
"KLF6","F2R",0.0126854492734938,0.086,0.086,-0.102239032736706
"KLF6","STMN1",0.0136881184107629,0.078,0.078,-0.0390412715780615
"KLF6","LDHB",0.0138265152267498,0.048,0.048,-0.0943699576435119
"KLF6","TBX6",0.014601381879232,0.0234113457488083,0.0234113457488083,-0.0924035803946004
"KLF6","KIF15",0.0149501716691367,0.076,0.076,-0.0950232826624507
"KLF6","FOXO3",0.0154790773458276,0.046,0.046,-0.0560633990261992
"KLF6","HNRNPAB",0.016065658335807,0.026,0.026,-0.118840425031394
"KLF6","RUNX1",0.0165658142421252,0.018,0.018,-0.190794742098151
"KLF6","TGIF2",0.0169553408427909,0.028,0.028,-0.117224210556014
"KLF6","SOCS3",0.0180986296458519,0.07,0.07,-0.134309617966015
"KLF6","ASPM",0.0203306106093893,0.068,0.068,-0.148621604162581
"KLF6","HFE",0.0227188124500904,0.0484444444444444,0.0484444444444444,-0.156332453129484
"KLF6","TUBB6",0.0227564456630779,0.06,0.06,-0.03989708280586
"KLF6","GATA3",0.0227669262397779,0.0244081632653061,0.0244081632653061,-0.0614677016992615
"KLF6","ZNF652",0.0233667172347975,0.034,0.034,-0.0399516976992488
"KLF6","MTDH",0.0235295996470905,0.048,0.048,-0.315683604441663
"KLF6","TTLL12",0.0238333008027997,0.068,0.068,-0.0473263122260826
"KLF6","PAPD5",0.0244134723225819,0.078,0.078,-0.0216667833736784
"KLF6","NFYB",0.0249437916455233,0.004,0.004,-0.246081555407345
"KLF6","HOXC8",0.0252169986205461,0.0338230972671173,0.0338230972671173,-0.0315855021667695
"KLF6","NEUROD2",0.0254815915552317,0.0161212121212121,0.0161212121212121,-0.199257099617813
"KLF6","CCNA2",0.0260410288723438,0.116,0.116,-0.0385183724982951
"KLF6","DUSP5",0.0271596004372283,0.038,0.038,-0.483577609256904
"KLF6","BUB1B",0.0281879805993712,0.118,0.118,-0.101403509370419
"KLF6","ZNF282",0.0283773560803746,0.056,0.056,-0.0400797607498945
"KLF6","CAV1",0.0296778600364085,0.058,0.058,-0.345281516112109
"KLF6","SREBF1",0.0311282778067764,0.05,0.05,-0.0406565495690508
"KLF6","HOXB4",0.0312409869637795,0.02,0.02,-0.18568833815134
"KLF6","PLK1",0.0322916598059493,0.092,0.092,-0.110554583762924
"KLF6","FOXP3",0.0328476693458358,0.0304299481097109,0.0304299481097109,-0.050080486834709
"KLF6","MT1G",0.0334569722542526,0.13,0.13,-0.0268355511790713
"KLF6","YY2",0.0338535267247096,0.0620730766533418,0.0620730766533418,-0.103438543194272
"KLF6","HJURP",0.0343082328242977,0.08,0.08,-0.163314224674423
"KLF6","FDXR",0.0343770327931732,0.086,0.086,-0.0769181892906763
"KLF6","NFYC",0.0373660996200005,0.01,0.01,-0.104918671771274
"KLF6","MNT",0.0382488234436354,0.026,0.026,-0.0917890422829732
"KLF6","HOXB7",0.0397350061813433,0.024,0.024,-0.191515114392979
"KLF6","IGLL5",0.0397911079547983,0.05,0.05,-0.451281251894695
"KLF6","GRHL1",0.0401458526580834,0.0276595744680851,0.0276595744680851,-0.088083989518289
"KLF6","ZKSCAN5",0.040921126082508,0.066,0.066,-0.19945273878396
"KLF6","RAB13",0.0414874530330275,0.064,0.064,-0.0124042776033512
"KLF6","NRL",0.0429597488577636,0.0388590133270984,0.0388590133270984,-0.117030559260084
"KLF6","NFATC3",0.0495149146028237,0.034,0.034,-0.183210617625164
"KLF6","COL1A2",0.0606409904697024,0.048,0.048,-0.203407076474514
"KLF6","E2F6",0.061106494343019,0.036,0.036,-0.15207556066854
"KLF6","CEBPB",0.0611734004369166,0.046,0.046,-0.275841045614961
"KLF6","ARNT",0.0689353558730618,0.054,0.054,-0.0839307958311696
"KLF6","ZSCAN29",0.0704596387099516,0.044,0.044,-0.26046742734905
"KLF6","SLC39A14",0.0720241762328601,0.104,0.104,-0.190065868889475
"KLF6","TET1",0.0725658040023621,0.0503459080601938,0.0503459080601938,-0.2457985562393
"KLF6","FKBP4",0.073591326848245,0.092,0.092,-0.121200443105921
"KLF6","TPI1",0.0739546212568458,0.142,0.142,-0.174735172435574
"KLF6","CDK6",0.0772343861725232,0.032,0.032,-0.17835490147656
"KLF6","C10orf10",0.0799070597883306,0.048,0.048,-0.290337495188272
"KLF6","PKM",0.080316910230403,0.106,0.106,-0.152703247687855
"KLF6","CENPE",0.0832098518497592,0.074,0.074,-0.13936191244916
"KLF6","MGST3",0.0887074352763683,0.032,0.032,-0.123279860274058
"KLF6","GFI1",0.093090187968995,0.0602440733869305,0.0602440733869305,-0.199098539832615
"KLF6","ZNF341",0.0955891646677883,0.116,0.116,-0.24133968647652
"KLF6","TXN",0.101296883185888,0.03,0.03,-0.214554019795749
"KLF6","TAS1R3",0.105453232647204,0.098,0.098,-0.200694786080305
"KLF6","LGALS1",0.112019648157469,0.082,0.082,-0.249275427288446
"KLF6","MT1H",0.112775587768309,0.158094357076781,0.158094357076781,-0.0153350863490242
"KLF6","ETV2",0.120067419037868,0.0765712209810639,0.0765712209810639,-0.105287506553873
"KLF6","FADS1",0.130623774094553,0.064,0.064,-0.234857879290771
"KLF6","ITGA6",0.144748046102183,0.118,0.118,-0.504102914133267
"KLF6","FAM129A",0.154492712163382,0.05,0.05,-0.262460174016693
"KLF6","E2F3",0.157800494748155,0.022,0.022,-0.245829967722482
"KLF6","S100A11",0.177179949397232,0.024,0.024,-0.342202135712146
"KLF6","NFIL3",0.187115526431517,0.054,0.054,-0.313173307438894
"KLF6","SLC16A3",0.20712702690985,0.05,0.05,-0.289169385829285
"KLF6","CREB3L2",0.214203713981894,0.104,0.104,-0.627083478530654
"KLF6","AQP3",0.214211581509337,0.054,0.054,-0.430059080343633
"KLF6","CTSH",0.217841151139009,0.13,0.13,-0.235189889975268
"KLF6","ZKSCAN1",0.219375278928241,0.11,0.11,-0.441365294930843
"KLF6","SNAI3",0.243155119703467,0.122,0.122,-0.313884588044731
"KLF6","CADM1",0.25098581352015,0.078,0.078,-0.472133586604769
"KLF6","IRF4",0.254347982968755,0.056,0.056,-0.752615726891355
"KLF6","WARS",0.27017328607672,0.09,0.09,-0.36572107048014
"KLF6","TP73",0.277383847143104,0.172,0.172,-0.266345727355503
"KLF6","ISL2",0.279503814407585,0.11,0.11,-0.355699209004819
"KLF6","KLF13",0.296397208345303,0.124,0.124,-0.435903552332743
"KLF6","IRF3",0.302522985597401,0.068,0.068,-0.421580679001042
"KLF6","POU2F2",0.341800964041379,0.074,0.074,-0.466703720455182
"KLF6","CHAC1",0.376335751320374,0.106,0.106,-0.395551944766492
"KLF6","KIAA0125",0.404723254433412,0.08,0.08,-0.538352345284624
"KLF6","PRDM1",0.441489607251513,0.138,0.138,-0.832027346836784
"KLF6","CREB3",0.615824928548939,0.13,0.13,-0.511039240449349
"KLF6","ARID3A",0.656079829218043,0.09,0.09,-0.580174213615828
"KLF6","TCF3",0.756248447146582,0.15,0.15,-0.635971622923111
"KLF9","VAV3",0.464291752915569,0.126,0.126,0.598760391178648
"KLF9","SMAD3",0.277488384665855,0.08,0.08,0.750165965662349
"KLF9","ALPL",0.276838119297895,0.066,0.066,0.532481302229147
"KLF9","ENC1",0.273966925621104,0.072,0.072,0.347561761858143
"KLF9","FOXN3",0.237899471188239,0.088,0.088,0.281731436513784
"KLF9","SESN3",0.227223032816203,0.13,0.13,0.693125200689117
"KLF9","NXPH4",0.216400271174214,0.038,0.038,0.457040134332531
"KLF9","ZNF281",0.21509949618713,0.13,0.13,0.406786017229395
"KLF9","TSC22D3",0.213594954308513,0.074,0.074,0.852504575374992
"KLF9","NR3C2",0.177367937769475,0.0756016800659658,0.0756016800659658,0.218549065511272
"KLF9","EBF2",0.171215099240864,0.090356334841629,0.090356334841629,0.17411690917514
"KLF9","ZFX",0.162169143989742,0.068,0.068,0.193343820670173
"KLF9","MXI1",0.147914535887582,0.072,0.072,0.496228067934061
"KLF9","GRASP",0.137111045875664,0.042,0.042,0.702280192213802
"KLF9","GMEB1",0.133988333453026,0.094,0.094,0.0129855670676564
"KLF9","GMEB2",0.133448139794604,0.116,0.116,0.352762540834387
"KLF9","ZNF140",0.132286937414516,0.116,0.116,0.0125604534820974
"KLF9","SYCP2",0.131190626644064,0.096,0.096,0.228319316415008
"KLF9","FAM167A",0.127947193913957,0.084,0.084,0.432740800562766
"KLF9","NR4A2",0.12742698076515,0.126,0.126,0.706158839090016
"KLF9","POU5F1B",0.12272927133916,0.0581812356412861,0.0581812356412861,0.116483889390703
"KLF9","SPOCK2",0.121210859588958,0.068,0.068,0.791870554716073
"KLF9","JUP",0.119659916409367,0.076,0.076,0.44568032273767
"KLF9","LHX2",0.119286587069661,0.0423561982932708,0.0423561982932708,0.0951375316485144
"KLF9","MPEG1",0.119227489255122,0.094,0.094,0.622545977901031
"KLF9","CCSER2",0.115997736817527,0.074,0.074,0.435098918715657
"KLF9","HS3ST3B1",0.113329495203271,0.06,0.06,0.324327000100595
"KLF9","PPARD",0.111917339146418,0.044,0.044,0.322569876313054
"KLF9","HLA-DMB",0.0914175239143383,0.092,0.092,0.762630288038154
"KLF9","ZBTB18",0.0835938601522863,0.036,0.036,0.592948417995721
"KLF9","HIC2",0.0796527675645623,0.058,0.058,0.151176742619638
"KLF9","REL",0.0768316372237943,0.06,0.06,0.839176704209483
"KLF9","JUN",0.0698822143870107,0.04,0.04,0.463472173277304
"KLF9","CXCL16",0.0606954035488039,0.086,0.086,0.280645042166678
"KLF9","LAPTM5",0.0493557635397507,0.08,0.08,0.617221160426739
"KLF9","JUNB",0.0486750242912827,0.04,0.04,0.743784494996865
"KLF9","ZNF263",0.0454133430528588,0.026,0.026,0.159138787346409
"KLF9","NR1H2",0.0446293195439295,0.022,0.022,0.583813379435349
"KLF9","ZNF384",0.0441010240303398,0.048,0.048,0.0109416973306396
"KLF9","TCFL5",0.0436048933404128,0.008,0.008,0.374268234229017
"KLF9","CRIP2",0.0434777721519087,0.142,0.142,0.467421613266284
"KLF9","TUBB2A",0.0396271015023793,0.09,0.09,0.0709925848821429
"KLF9","NR1D2",0.038278642015679,0.014,0.014,0.535937110206964
"KLF9","MAFF",0.0357284357040346,0.036,0.036,0.216531956672428
"KLF9","SMAD4",0.0351678069812251,0.036,0.036,0.322319163569958
"KLF9","ZNF703",0.0349059812179529,0.048,0.048,0.359888092260766
"KLF9","RARA",0.0339775885228513,0.054,0.054,0.460134218608392
"KLF9","MYC",0.0329956228179313,0.028,0.028,0.285602393791717
"KLF9","POU3F1",0.0278325320791981,0.0846315789473684,0.0846315789473684,0.21551820491665
"KLF9","IKZF1",0.0277629647577011,0.026,0.026,0.0463602372640342
"KLF9","ELF2",0.027142198622751,0.018,0.018,0.468897828431425
"KLF9","DOPEY2",0.026054559709573,0.01,0.01,0.484803165538492
"KLF9","JUND",0.0249831744319592,0.034,0.034,0.811390295297997
"KLF9","PLEK",0.0224012888916478,0.022,0.022,0.0626561486245617
"KLF9","ANK3",0.0219277682449949,0.016,0.016,0.335003990632312
"KLF9","KLF2",0.0213145446774917,0.054,0.054,0.762878718254598
"KLF9","NFATC1",0.0213022345501288,0.018,0.018,0.318020763396891
"KLF9","TCF7L1",0.0209671182315769,0.09,0.09,0.127751057050643
"KLF9","KIF2A",0.0204851515402305,0.048,0.048,0.0979733127122764
"KLF9","RREB1",0.0174246326445916,0.006,0.006,0.291461316757324
"KLF9","CDK5R1",0.0154355061322471,0.02,0.02,0.232470059195665
"KLF9","FCER2",0.014723511416739,0.036,0.036,0.589317247860923
"KLF9","NR3C1",0.0142441103240172,0.004,0.004,0.672223917360675
"KLF9","DNAJC5B",0.014076449710384,0.034,0.034,0.374825564327321
"KLF9","PPAP2B",0.0140466313537147,0.026,0.026,0.266013022985319
"KLF9","FOXO3",0.0125468369148851,0.042,0.042,0.182574285543657
"KLF9","RELA",0.0122434960185889,0.022,0.022,0.414715169807088
"KLF9","MTF1",0.0112694873703738,0.014,0.014,0.256618149225023
"KLF9","KLF3",0.0112637382126005,0.048,0.048,0.71104658645359
"KLF9","SOX12",0.0111181166607918,0.018,0.018,0.0164100857443333
"KLF9","HIC1",0.0110182635467455,0.114,0.114,0.0976716722867233
"KLF9","MAX",0.0108047368406778,0.018,0.018,0.255999507492011
"KLF9","DUSP8",0.0102376907956087,0.02,0.02,0.522704743000519
"KLF9","HLX",0.0106165112796434,0.0142238713667285,0.0142238713667285,-0.169767623180683
"KLF9","CLECL1",0.0107547256623764,0.044,0.044,-0.00393466094893637
"KLF9","ZNF75D",0.0115166716143667,0.034,0.034,-0.125140097031126
"KLF9","FBXO5",0.01158818905793,0.062,0.062,-0.305810097183381
"KLF9","KLF16",0.0116175413308969,0.04,0.04,-0.129971919950349
"KLF9","MT1E",0.0117757888194873,0.036,0.036,-0.305699000837624
"KLF9","SESN1",0.0124386901442133,0.024,0.024,-0.016600537047486
"KLF9","HOXB7",0.0124456054751229,0.016,0.016,-0.203649280088124
"KLF9","NFYB",0.0128253089097447,0.006,0.006,-0.340297469703734
"KLF9","KLF15",0.0129967500927582,0.0386921324832987,0.0386921324832987,-0.10146987566254
"KLF9","ZNF341",0.0130829767303193,0.012,0.012,-0.204591079898474
"KLF9","E2F6",0.0135005305543193,0.026,0.026,-0.225940313461159
"KLF9","NR6A1",0.0139550622588047,0.0465285508142651,0.0465285508142651,-0.122837734885978
"KLF9","NR1H3",0.0139774235894308,0.0123711340206186,0.0123711340206186,-0.129447776704558
"KLF9","GAPDH",0.0144524862549252,0.064,0.064,-0.493011201704696
"KLF9","NFIL3",0.0147733530631034,0.042,0.042,-0.162785780754002
"KLF9","RASSF6",0.0150642670444528,0.018,0.018,-0.267666341503783
"KLF9","PKM",0.0154415216828405,0.062,0.062,-0.455348588746253
"KLF9","NPM1",0.0155853188654869,0.026,0.026,-0.0310313146647623
"KLF9","S100A4",0.0159827370456441,0.04,0.04,-0.177992239491956
"KLF9","HNRNPA2B1",0.0171124527940845,0.042,0.042,-0.487463925262038
"KLF9","CADM1",0.017965178094334,0.014,0.014,-0.301192597337646
"KLF9","MYH10",0.0184204156777038,0.0409004839049022,0.0409004839049022,-0.140819868085702
"KLF9","TPI1",0.0198467811638692,0.066,0.066,-0.462386011047068
"KLF9","ESRRA",0.0200929147603114,0.026,0.026,-0.148022299877954
"KLF9","TFAP4",0.0216617536180436,0.032,0.032,-0.302711061152359
"KLF9","MNT",0.0235091101064521,0.034,0.034,-0.064578635165027
"KLF9","KISS1R",0.0242707854058999,0.0303030303030303,0.0303030303030303,-0.181073036352259
"KLF9","ZBTB26",0.0247965439661983,0.046,0.046,-0.023322661917267
"KLF9","COL7A1",0.0263372730711001,0.014,0.014,-0.137225721323365
"KLF9","RXRB",0.0267164406551523,0.02,0.02,-0.0835731661918908
"KLF9","CTCF",0.0281174243891468,0.036,0.036,-0.209747456757591
"KLF9","PPIF",0.0283334518287922,0.034,0.034,-0.34984479067063
"KLF9","HOXB4",0.0289010612330016,0.028,0.028,-0.174056853815712
"KLF9","MLXIP",0.0302291708842325,0.02,0.02,-0.15723464052851
"KLF9","TFEB",0.0314629652646143,0.048,0.048,-0.16797659236838
"KLF9","CCND2",0.0327582183472407,0.044,0.044,-0.528532736210172
"KLF9","SLC7A5",0.0329811536607482,0.01,0.01,-0.457131296077776
"KLF9","SLC16A3",0.0332368902113893,0.022,0.022,-0.414406843543171
"KLF9","XAF1",0.0337931391525901,0.032,0.032,-0.236874855846394
"KLF9","TEAD3",0.0345315544012614,0.103563440527726,0.103563440527726,-0.0281229321508901
"KLF9","HFE",0.034981844705192,0.0403232323232323,0.0403232323232323,-0.13179354525245
"KLF9","ARID3A",0.0357840271057125,0.03,0.03,-0.698444977388667
"KLF9","CREB3",0.0377136996882559,0.026,0.026,-0.409513928236675
"KLF9","SMAD2",0.0379945513091454,0.042,0.042,-0.208046839781544
"KLF9","PBX2",0.0442660830632468,0.098,0.098,-0.192961443470096
"KLF9","HSPA1A",0.0452786900556209,0.058,0.058,-0.314274159097892
"KLF9","NR1D1",0.0455417416015222,0.0304090388420285,0.0304090388420285,-0.216965805260054
"KLF9","KLF13",0.0508541712312392,0.028,0.028,-0.292804366523387
"KLF9","THAP1",0.0511064367256173,0.072,0.072,-0.0424138627393014
"KLF9","GPR132",0.0543276185498818,0.072,0.072,-0.214566629032719
"KLF9","KSR1",0.0546440151958223,0.102,0.102,-0.0484386398487793
"KLF9","ZSCAN29",0.0555008081370909,0.038,0.038,-0.236053261552534
"KLF9","TP73",0.0571220864309872,0.054,0.054,-0.292850354546416
"KLF9","RFX2",0.0583138841426581,0.0783673469387755,0.0783673469387755,-0.197690451103807
"KLF9","ELK3",0.0613300852197261,0.046,0.046,-0.46019814417974
"KLF9","EMX2",0.0634267558027574,0.0346189808321646,0.0346189808321646,-0.146508475131325
"KLF9","CCR10",0.0647809746837663,0.048,0.048,-0.373364027264987
"KLF9","IRF3",0.0742971385882883,0.026,0.026,-0.247623031026037
"KLF9","PTP4A3",0.0752333138722302,0.054,0.054,-0.517679540406817
"KLF9","NEUROD2",0.0928309432383654,0.0890402999062793,0.0890402999062793,-0.150988736716176
"KLF9","MLX",0.0946295370217367,0.036,0.036,-0.405243313562541
"KLF9","KIAA0125",0.11173081016951,0.08,0.08,-0.358046254293342
"KLF9","ZBTB7B",0.138897681040444,0.062,0.062,-0.241735738487187
"KLF9","ISL2",0.195609176767185,0.048,0.048,-0.240847607305793
"LBX2","HESX1",0.10579733736739,0.0658935502636925,0.0658935502636925,0.0686215084977804
"LBX2","LIMA1",0.0349171284647227,0.048,0.048,0.110170407334121
"LBX2","TCF7L1",0.0215549710434476,0.012,0.012,0.0427455727761381
"LBX2","CCDC152",0.0187595510449704,0.05,0.05,0.129960943122943
"LBX2","OTX1",0.0128405596052384,0.00769230769230769,0.00769230769230769,0.0402103757243338
"LEF1","ONECUT3",0.18885594867807,0.123451035451035,0.123451035451035,0.0768957245771183
"LEF1","TEF",0.11845954572798,0.064,0.064,0.206056445098173
"LEF1","NFATC2",0.0886117028083187,0.06,0.06,0.416709622958969
"LEF1","TCF4",0.0806420204632968,0.052,0.052,0.40329878294494
"LEF1","ATF7",0.0627728753825618,0.056,0.056,0.134108822920948
"LEF1","JDP2",0.0552676442263361,0.06,0.06,0.232183262313389
"LEF1","VEZF1",0.0515815857134265,0.036,0.036,0.215608535211104
"LEF1","GRAMD1B",0.0493299862406417,0.084,0.084,0.537500181266058
"LEF1","MYL9",0.0484941874885669,0.072,0.072,0.399562450295004
"LEF1","ETS1",0.0430911582515434,0.098,0.098,0.288736128906669
"LEF1","ETV6",0.0423321348105566,0.044,0.044,0.304259414065115
"LEF1","NFE2L2",0.0422125701217643,0.048,0.048,0.199557647462188
"LEF1","TBX21",0.0324059018314366,0.042,0.042,0.311303117194172
"LEF1","PLEK",0.0308473241364375,0.068,0.068,0.278758178392354
"LEF1","PAX5",0.0270071870311296,0.06,0.06,0.410832451525453
"LEF1","ALOX5AP",0.0262038142427209,0.058,0.058,0.468787683773169
"LEF1","PSAT1",0.022883593810808,0.046,0.046,0.249470474981115
"LEF1","MYF6",0.0201837390869045,0.0211882092082953,0.0211882092082953,0.111273356614857
"LEF1","ZNF16",0.0179436751648635,0.018,0.018,0.16094655744475
"LEF1","STAT3",0.0152122351616637,0.036,0.036,0.509544488478131
"LEF1","EZH2",0.0147607467859015,0.084,0.084,0.103286254810413
"LEF1","NAMPT",0.0143234497582421,0.054,0.054,0.261735885967124
"LEF1","TFCP2",0.0142405388147169,0.012,0.012,0.196922701652847
"LEF1","CCND3",0.0107226600983748,0.07,0.07,0.334003132789361
"LEF1","BATF3",0.0107129814487659,0.026,0.026,0.412341110334693
"LEF1","BCL6",0.0106507032551694,0.02,0.02,0.266529690885191
"LEF1","ZBTB33",0.0102659595073566,0.016,0.016,0.127040380409806
"LEF1","RPL22L1",0.0106662854059606,0.038,0.038,-0.174659733659137
"LEF1","CD226",0.0145070377918409,0.036,0.036,-0.109188925803684
"LEF1","MGST1",0.0239592617893775,0.0267465867465867,0.0267465867465867,-0.0420072136780949
"LHX1","KLF1",0.146402701254517,0.0724140983088351,0.0724140983088351,0.211790727669239
"LHX1","SIX1",0.0899277247508092,0.0699691358024691,0.0699691358024691,0.0860516988594882
"LHX1","NKX3-1",0.0224931643689095,0.0120808080808081,0.0120808080808081,0.126999770639871
"LHX1","MT1E",0.0135484415663716,0.05,0.05,0.206838947529322
"LHX2","TFAP2B",0.120965109124563,0.174545716222699,0.174545716222699,0.156280122702782
"LHX2","ASCL1",0.0485453790992353,0.0280606060606061,0.0280606060606061,0.131907536017094
"LHX2","ZNF274",0.0268992093201488,0.034,0.034,0.137434450526013
"LHX2","POU5F1",0.0181342251585303,0.0181237113402062,0.0181237113402062,0.0563345599971057
"LHX2","TNFSF4",0.0174955806864046,0.07,0.07,0.164557040518785
"LHX2","ESR1",0.0155355937624236,0.022,0.022,0.0587997679313626
"LHX9","RORB",0.0578237733220131,0.0529160943423382,0.0529160943423382,0.0558180774562597
"LHX9","KIF14",0.0119630753735863,0.058,0.058,0.195098796127619
"LIN54","HEY2",0.196359313832958,0.116423618198672,0.116423618198672,0.100435705848387
"LIN54","NDC80",0.132778023012353,0.118,0.118,0.361572688873717
"LIN54","SIX3",0.115636388831909,0.14411320334257,0.14411320334257,0.0885356525666004
"LIN54","ASPM",0.0888443868795869,0.102,0.102,0.300026907350322
"LIN54","NFYC",0.0874782929846861,0.034,0.034,0.202760275343435
"LIN54","DEPDC1",0.0784231876639385,0.108,0.108,0.331017869627744
"LIN54","KIF15",0.0766804288355717,0.064,0.064,0.289275604983366
"LIN54","APOBEC3B",0.0710497814136181,0.116,0.116,0.38260628622667
"LIN54","SNAI2",0.0701289860940455,0.140352068486397,0.140352068486397,0.114443803628478
"LIN54","HEY1",0.0655514915684225,0.0467635433620088,0.0467635433620088,0.121718776425895
"LIN54","WDR34",0.0645129392481385,0.066,0.066,0.314746139316156
"LIN54","CKS2",0.0624861787038993,0.042,0.042,0.322077527608696
"LIN54","TTK",0.0546231910550567,0.06,0.06,0.292187120935792
"LIN54","NFIB",0.0543827976671824,0.0425395244025381,0.0425395244025381,0.0272684387239484
"LIN54","PRC1",0.0531886796523832,0.114,0.114,0.285730021518168
"LIN54","CDK1",0.0531311895532563,0.09,0.09,0.299486354913664
"LIN54","CALM2",0.0524924541030904,0.06,0.06,0.351293026645392
"LIN54","CCNA2",0.0476319595053727,0.034,0.034,0.306934931672459
"LIN54","GATM",0.047532102109589,0.034,0.034,0.249657778288016
"LIN54","EXO1",0.0462988942429599,0.044,0.044,0.279380632031051
"LIN54","MZT1",0.0460211371955125,0.06,0.06,0.262449874191164
"LIN54","SPC25",0.0447298463182206,0.144,0.144,0.37476758347837
"LIN54","PLK1",0.0444205060307388,0.036,0.036,0.2380052268047
"LIN54","CENPE",0.0437459018258704,0.048,0.048,0.241215047552026
"LIN54","ARL13B",0.0425790080842811,0.074,0.074,0.261092677509845
"LIN54","CDC20",0.0408328340377632,0.06,0.06,0.279169606497536
"LIN54","SLC25A5",0.0380806137030694,0.042,0.042,0.28849345707044
"LIN54","H2AFZ",0.0376474455013122,0.042,0.042,0.328118369356208
"LIN54","TUBA1B",0.0370499348198438,0.044,0.044,0.305835460395254
"LIN54","OSR2",0.0364248357407678,0.0385291396854764,0.0385291396854764,0.0363790637581661
"LIN54","UBE2C",0.0356631512883544,0.066,0.066,0.295221834935047
"LIN54","BCL6",0.0346611789986852,0.068,0.068,0.15427620728511
"LIN54","RFX4",0.0336625150176384,0.020383835573709,0.020383835573709,0.0286311515519453
"LIN54","CHEK1",0.032147199816731,0.042,0.042,0.295902112647488
"LIN54","MT2A",0.0316878001429961,0.044,0.044,0.275526007520572
"LIN54","CENPF",0.0311271930319017,0.046,0.046,0.232055327663326
"LIN54","PBX1",0.0310799906748519,0.0185530282269115,0.0185530282269115,0.0805365990840255
"LIN54","POLR3G",0.0281654006632908,0.038,0.038,0.176728633049967
"LIN54","MT1E",0.0269832379417239,0.018,0.018,0.200831697094051
"LIN54","PRDX3",0.0260966852390649,0.022,0.022,0.30685692665456
"LIN54","SNRPG",0.0260243752899879,0.036,0.036,0.35033235189801
"LIN54","ARL6IP1",0.0254581541606671,0.038,0.038,0.214454969241502
"LIN54","KPNA2",0.0252787080618694,0.04,0.04,0.272085285238492
"LIN54","RMI2",0.0248469601238286,0.054,0.054,0.26503228601229
"LIN54","FBXO5",0.0245537961301088,0.076,0.076,0.339274324026512
"LIN54","STK39",0.024199305640085,0.066,0.066,0.278561726657663
"LIN54","TXN",0.0240317360327425,0.02,0.02,0.327753190830823
"LIN54","SPDL1",0.0238666562781443,0.024,0.024,0.309865654214115
"LIN54","CEP55",0.0235753210580155,0.098,0.098,0.324051286047425
"LIN54","GYG1",0.0235064117791396,0.018,0.018,0.272988882100134
"LIN54","ATF6",0.0222311101452198,0.03,0.03,0.10859999474505
"LIN54","P2RY6",0.0221054123777852,0.0346315789473684,0.0346315789473684,0.0654617169653233
"LIN54","SMAD5",0.0214833748894553,0.026,0.026,0.143239469545868
"LIN54","HMMR",0.0211088647754063,0.062,0.062,0.315087061658879
"LIN54","TMSB4X",0.0207618578374661,0.018,0.018,0.338743051248708
"LIN54","FKBP4",0.0207137979880764,0.018,0.018,0.223524142654997
"LIN54","FNIP2",0.0201649608653485,0.04,0.04,0.159102758765924
"LIN54","ZBTB12",0.0199693196981,0.098,0.098,0.0531069150020687
"LIN54","NUF2",0.0199585629640994,0.082,0.082,0.28807367359223
"LIN54","CENPA",0.0194397232962489,0.102,0.102,0.345528422011283
"LIN54","NKX3-1",0.0191478813952554,0.0582424242424242,0.0582424242424242,0.0649660249955971
"LIN54","GTSF1",0.0191225631845093,0.04,0.04,0.210283666389217
"LIN54","CREB3",0.019077691464063,0.054,0.054,0.167681002423572
"LIN54","HILPDA",0.0190481920872877,0.024,0.024,0.140254721280209
"LIN54","DLGAP5",0.018926216351411,0.054,0.054,0.294189376454246
"LIN54","BIRC5",0.018367127465971,0.068,0.068,0.323658621502205
"LIN54","HES7",0.0182712719402772,0.0348828828828829,0.0348828828828829,0.0773781427563279
"LIN54","HPGD",0.0178714032524805,0.036,0.036,0.213386717810458
"LIN54","PPA1",0.0177064648207211,0.024,0.024,0.285154698727838
"LIN54","MTDH",0.0171798524008976,0.018,0.018,0.301465076580064
"LIN54","CERS6",0.0170216915575556,0.028,0.028,0.186169814023131
"LIN54","CDCA8",0.0169629948188371,0.068,0.068,0.309232871898933
"LIN54","PROX1",0.0169230328462443,0.0207044673539519,0.0207044673539519,0.028190738996253
"LIN54","PPP2R3C",0.0164553953366603,0.018,0.018,0.24778077972984
"LIN54","CCNB2",0.0164537615223335,0.042,0.042,0.248313164494247
"LIN54","CTSH",0.0161560291548257,0.01,0.01,0.300582052590976
"LIN54","BUB1B",0.0161464348931589,0.058,0.058,0.25179031963497
"LIN54","ABCE1",0.0160137450022706,0.036,0.036,0.23393723417028
"LIN54","DLX4",0.0159032804893772,0.0144900417258141,0.0144900417258141,0.0776940264192899
"LIN54","GMPR",0.0156246779772574,0.068,0.068,0.0249816771337158
"LIN54","ATIC",0.0148144392344391,0.022,0.022,0.216636293549997
"LIN54","MYBL1",0.0146097963863018,0.0165,0.0165,0.0554410377108468
"LIN54","LSM2",0.0145639987000349,0.018,0.018,0.286336817952052
"LIN54","DHFR",0.0145633909887205,0.032,0.032,0.306469942058041
"LIN54","COL1A2",0.0141028095445604,0.024,0.024,0.0909071365211656
"LIN54","GATA3",0.0139722689534914,0.0142040816326531,0.0142040816326531,0.0340792569142991
"LIN54","GPR18",0.0134916847556101,0.03,0.03,0.0219325337781184
"LIN54","KIF14",0.0121229232181276,0.036,0.036,0.26688968973102
"LIN54","NCAPG",0.0111612199302201,0.068,0.068,0.318527758138749
"LIN54","KIAA0020",0.0110111060421158,0.018,0.018,0.175085552082383
"LIN54","NUSAP1",0.0106704383899279,0.074,0.074,0.331214096986716
"LIN54","HSPA8",0.0100631389994498,0.02,0.02,0.291665609755395
"LIN54","POU2F1",0.0135987463035462,0.022,0.022,-0.0341098075636139
"MAF","PRR19",0.141649390281562,0.0928974335777168,0.0928974335777168,0.00300058665644022
"MAF","EOMES",0.0864904500927812,0.1,0.1,0.162600026275592
"MAF","CREB3L1",0.0811637973465234,0.0418608499659674,0.0418608499659674,0.0933510863332799
"MAF","DLX4",0.0703739520954848,0.041708715103024,0.041708715103024,0.0384737793915679
"MAF","P2RY6",0.0515591079371947,0.0424210526315789,0.0424210526315789,0.144503113589165
"MAF","BHLHE41",0.0253534970238694,0.046,0.046,0.231177922030991
"MAF","CD226",0.0158349545932797,0.04,0.04,0.0532449278775831
"MAF","ZNF75D",0.0146963147826084,0.022,0.022,0.136368437812539
"MAF","NFIL3",0.0125442605629968,0.032,0.032,0.151697032482006
"MAF","SH2D2A",0.0121631580327931,0.028,0.028,0.00105640976641969
"MAF","LGALS3",0.0110300635017364,0.036,0.036,0.0445303956483858
"MAF","CDC20",0.017210942741975,0.062,0.062,-0.0107103970712768
"MAFF","CCDC152",0.119001425464919,0.144,0.144,0.133359344828439
"MAFF","MAFA",0.0941171937573841,0.0966674834599363,0.0966674834599363,0.0620961620518379
"MAFF","DMBX1",0.0896212344733723,0.0620660249290386,0.0620660249290386,0.165283011991307
"MAFF","SP2",0.0646172109242616,0.084,0.084,0.184876492055248
"MAFF","EXO1",0.0630468206131999,0.026,0.026,0.00630878127147309
"MAFF","KPNA2",0.0598298163597069,0.026,0.026,0.0347431372534659
"MAFF","IFIT2",0.0567886271330486,0.074,0.074,0.186539171382289
"MAFF","CHEK1",0.0489797523334385,0.026,0.026,0.0165391787934327
"MAFF","TFDP1",0.0394166390933785,0.02,0.02,0.0379375808832076
"MAFF","KIF20A",0.0385476472691264,0.076,0.076,0.00756569215085556
"MAFF","TUBB2A",0.0334855674995453,0.018,0.018,0.0868467787600945
"MAFF","KBTBD11",0.0284848348165009,0.0286446886446886,0.0286446886446886,0.0328733528648542
"MAFF","CCL3",0.0275810633784989,0.052,0.052,0.0339074722531475
"MAFF","ANK3",0.0250565290226392,0.006,0.006,0.0407156617843267
"MAFF","HTR3A",0.0249732251591895,0.03,0.03,0.117194444759284
"MAFF","SPDEF",0.021394884436549,0.012,0.012,0.0960024308654842
"MAFF","ZBTB14",0.0209985875046875,0.03,0.03,0.071887953560775
"MAFF","NDC80",0.0207634734333463,0.014,0.014,0.0134938409163484
"MAFF","C1orf228",0.020324594479412,0.008,0.008,0.108362604526747
"MAFF","CYCS",0.0192540744277783,0.018,0.018,0.01432331608835
"MAFF","CCNB2",0.0167624818787103,0.018,0.018,0.00775526648867667
"MAFF","TBP",0.0142274994397454,0.026,0.026,0.0634595579303544
"MAFF","TCN2",0.0132729530843278,0.034,0.034,0.0199846963611835
"MAFF","CDK1",0.0131409794499462,0.026,0.026,0.0178238126381334
"MAFF","MYC",0.0131145717236566,0.036,0.036,0.177290996035485
"MAFF","FOS",0.0125067426835132,0.046,0.046,0.185840160829258
"MAFF","SRSF2",0.0103661976617929,0.016,0.016,0.0550399415080108
"MAFF","NCL",0.0100996521457457,0.012,0.012,0.0367334430504251
"MAFF","KLF4",0.0101294491845257,0.056,0.056,-0.0169204819476494
"MAFF","TXN",0.0107418178216472,0.032,0.032,-0.0448720579185701
"MAFF","KLF5",0.0171552087257655,0.0431962236970726,0.0431962236970726,-0.0400966797667907
"MAFF","MT1E",0.0328603552965095,0.016,0.016,-0.022091926974868
"MAFF","DEPDC1",0.0409684728241397,0.016,0.016,-0.00290024014490335
"MAFG","MYF6",0.114468722547194,0.068602125994522,0.068602125994522,0.0816398861131251
"MAFG","KLF5",0.0658513753256153,0.0627954416833874,0.0627954416833874,0.116954398059022
"MAFG","HFE",0.0649899145098685,0.0686060606060606,0.0686060606060606,0.0762463151028495
"MAFG","ETV1",0.0601570130255517,0.169533285951196,0.169533285951196,0.062308018863625
"MAFG","NFE2L1",0.0580691882883547,0.096,0.096,0.375344782067408
"MAFG","ZBTB32",0.0501614724937361,0.024,0.024,0.239579430867753
"MAFG","INSM1",0.0407378852051434,0.0179594609419171,0.0179594609419171,0.134207715843142
"MAFG","PROX1",0.0394699979130017,0.0185567010309278,0.0185567010309278,0.0780653982868113
"MAFG","BCL6",0.0334916045979018,0.042,0.042,0.234967508559259
"MAFG","BCAT1",0.0334668817738381,0.04,0.04,0.327499873656906
"MAFG","MYCN",0.0291575722547201,0.0266927329848678,0.0266927329848678,0.157884459825677
"MAFG","ZNF684",0.0254611968846292,0.028,0.028,0.0940438017039337
"MAFG","RFX2",0.0230897736541172,0.0361632653061224,0.0361632653061224,0.103157501438015
"MAFG","PKM",0.0226566697444973,0.02,0.02,0.232690295730393
"MAFG","BNIP3",0.0220705749035592,0.048,0.048,0.179679954787734
"MAFG","SRF",0.0169115762773612,0.03,0.03,0.262016111483227
"MAFG","HOXC4",0.01677894007057,0.024,0.024,0.0871207189915543
"MAFG","UCHL1",0.0167499782435954,0.032,0.032,0.0436673432535033
"MAFG","CD40",0.0167133218825543,0.032,0.032,0.340769039598681
"MAFG","MYL9",0.0166445351541405,0.044,0.044,0.396842636249059
"MAFG","HSPB1",0.0164058701810215,0.036,0.036,0.247829307836924
"MAFG","CCR5",0.0157893383928582,0.0241758241758242,0.0241758241758242,0.101900706976295
"MAFG","ATF1",0.0154380764422079,0.01,0.01,0.0770797033796115
"MAFG","LCK",0.0142416655832025,0.0244897959183673,0.0244897959183673,0.170787594500169
"MAFG","ZNF682",0.0139014736202162,0.0146066196418882,0.0146066196418882,0.0640140655122341
"MAFG","AC099552.4",0.0119861441631973,0.0377206980216499,0.0377206980216499,0.161915137267202
"MAFG","CCND2",0.0117695148141986,0.014,0.014,0.20436704871263
"MAFG","NKX3-1",0.0116094161435979,0.0360808080808081,0.0360808080808081,0.143859173065541
"MAFG","HK1",0.0115352986051853,0.034,0.034,0.280193476771779
"MAFG","CDKN1A",0.0108410589986317,0.016,0.016,0.12162706548553
"MAFG","SIX3",0.0103203130187903,0.0214429751228657,0.0214429751228657,0.0349554775697788
"MAFG","FOXO4",0.0145928331042486,0.012,0.012,-0.0941289594889484
"MAFK","PLEKHA1",0.209365982090195,0.132,0.132,0.21221275990903
"MAFK","E2F6",0.120300568758338,0.074,0.074,0.138482763534752
"MAFK","SP4",0.101865095699806,0.062,0.062,0.170295101298561
"MAFK","TFCP2",0.0969128557804782,0.092,0.092,0.23315084204702
"MAFK","C1orf162",0.0764806663040568,0.086,0.086,0.257701430148056
"MAFK","DMBX1",0.0754942132780784,0.0625525525525526,0.0625525525525526,0.0696594785064074
"MAFK","KLHL21",0.0740688925231482,0.044,0.044,0.19368007347781
"MAFK","KBTBD11",0.0719748918175977,0.0683028083028083,0.0683028083028083,0.152153154433652
"MAFK","ZNF282",0.0697024150201322,0.032,0.032,0.150905249722528
"MAFK","CREB3L1",0.0592953201899463,0.0443520258690896,0.0443520258690896,0.101088218503872
"MAFK","VRK2",0.0563725604291912,0.034,0.034,0.163349547923473
"MAFK","SOX13",0.0481868399768811,0.0427510398098633,0.0427510398098633,0.0770004660618219
"MAFK","EIF5A",0.0425244948071543,0.032,0.032,0.280996409212724
"MAFK","GPR18",0.0423983628926791,0.07,0.07,0.196336471803751
"MAFK","OLIG3",0.0365577796120503,0.0505325667661888,0.0505325667661888,0.0730941087497979
"MAFK","GATM",0.0362679064169516,0.02,0.02,0.222171881236357
"MAFK","GCM1",0.0351909841630906,0.0360307317101888,0.0360307317101888,0.0433713723992202
"MAFK","EMP1",0.0309879789305082,0.0400808080808081,0.0400808080808081,0.207565812648113
"MAFK","FCRL3",0.0254498510572706,0.052,0.052,0.273606226286111
"MAFK","CNN2",0.0247306755630344,0.026,0.026,0.33002315241353
"MAFK","ARID3B",0.0244628969385458,0.044,0.044,0.232981088065508
"MAFK","PKNOX1",0.0241584300926291,0.034,0.034,0.135711599003226
"MAFK","NCL",0.0239656287752049,0.034,0.034,0.298701837436999
"MAFK","TFRC",0.0232369515235039,0.028,0.028,0.321982276990095
"MAFK","ATF1",0.0208827464497785,0.014,0.014,0.111095783964322
"MAFK","POU5F1B",0.0206190997398233,0.00714285714285714,0.00714285714285714,0.00519916454861231
"MAFK","MT1X",0.019224252402671,0.034,0.034,0.164610887622195
"MAFK","HK1",0.0190305403128115,0.032,0.032,0.311233020613175
"MAFK","TESC",0.0188492999516574,0.024,0.024,0.295707185072338
"MAFK","ATIC",0.01663413883603,0.03,0.03,0.263576458407371
"MAFK","GRHL1",0.015657560349706,0.0147606382978723,0.0147606382978723,0.00831229822219705
"MAFK","PPM1G",0.0155907181874187,0.03,0.03,0.269028283342485
"MAFK","POLD3",0.0152959896555075,0.016,0.016,0.261098283213045
"MAFK","HN1",0.0148516954890394,0.034,0.034,0.269494482187634
"MAFK","CCNB1",0.0144276962390025,0.048,0.048,0.245708312217484
"MAFK","HSF1",0.0141700449859106,0.034,0.034,0.0782054761007996
"MAFK","CEBPD",0.0141531667092543,0.00822638333683989,0.00822638333683989,0.0174735272646771
"MAFK","ARPC4",0.0139820479761989,0.018,0.018,0.27394386043183
"MAFK","SOX12",0.0137211814999984,0.022,0.022,0.0379232210388686
"MAFK","RPL22L1",0.0130611451832996,0.056,0.056,0.177769288471383
"MAFK","EMILIN2",0.0129348448119308,0.026,0.026,0.113901928331399
"MAFK","TUBB",0.0127820892667087,0.012,0.012,0.276706181971074
"MAFK","NR1I3",0.0127197770355212,0.00837245696400626,0.00837245696400626,0.0254500627620508
"MAFK","KIF2C",0.0125383461225098,0.016,0.016,0.170403918195294
"MAFK","PLK1",0.0124104158303377,0.03,0.03,0.213891577289651
"MAFK","STIP1",0.0122143181107178,0.042,0.042,0.273709588183365
"MAFK","NFATC2",0.0121790726667049,0.028,0.028,0.244148547867157
"MAFK","KIF15",0.0121355892187975,0.014,0.014,0.153061578134765
"MAFK","HTR3A",0.0120914473142326,0.026,0.026,0.184511260861678
"MAFK","SERPINB9",0.0120639246902252,0.032,0.032,0.342385391389323
"MAFK","CTSH",0.0120429688673472,0.01,0.01,0.202798520957773
"MAFK","H2AFZ",0.012004810111379,0.01,0.01,0.244244204603505
"MAFK","MRTO4",0.0117564648403685,0.02,0.02,0.28076920284255
"MAFK","ETS2",0.0116053520418029,0.0299245024021963,0.0299245024021963,0.174896302955806
"MAFK","ZBTB32",0.0110468859059418,0.026,0.026,0.246737491953701
"MAFK","SLC7A5",0.0108737159403638,0.024,0.024,0.159460734618938
"MAFK","PAICS",0.0108485124841961,0.03,0.03,0.261500893270902
"MAFK","APEX1",0.0105631291486536,0.018,0.018,0.285565156193567
"MAFK","ARL6IP1",0.0104365852715827,0.01,0.01,0.195638064946372
"MAFK","DHCR24",0.0103392842739112,0.04,0.04,0.247534056097941
"MAFK","BIRC5",0.0103092510933239,0.018,0.018,0.198669909053394
"MAFK","VASP",0.0102447213805931,0.024,0.024,0.282859118942472
"MAFK","ZNF75D",0.0161108822859618,0.046,0.046,-0.0194714045545785
"MAFK","MLXIP",0.0168076383133336,0.038,0.038,-0.285961293417941
"MAFK","VDR",0.019883079582112,0.048,0.048,-0.205221905341455
"MAFK","ITGA8",0.0340066704573079,0.046,0.046,-0.1304119703826
"MAFK","HOXC8",0.0944084393535668,0.0387011460476051,0.0387011460476051,-0.0262665807515524
"MAX","ATF6",0.146004611014053,0.092,0.092,0.195223323053833
"MAX","RBPJ",0.135849681827788,0.07,0.07,0.254251732427684
"MAX","ZNF382",0.0872552199393177,0.0842857142857143,0.0842857142857143,0.186119021432192
"MAX","SET",0.065994360684421,0.054,0.054,0.529661006660528
"MAX","SNTA1",0.0587516676067052,0.044,0.044,0.313144403532948
"MAX","MGA",0.0500731445945108,0.052,0.052,0.201982321230715
"MAX","EIF1AX",0.0477536709117528,0.056,0.056,0.387092409230088
"MAX","APEX1",0.0424933444526157,0.046,0.046,0.401143516730645
"MAX","MNX1",0.0359848932473306,0.10516049382716,0.10516049382716,0.054313498314994
"MAX","WDR43",0.0329080859609874,0.028,0.028,0.449748976150248
"MAX","PPA1",0.029247157024004,0.04,0.04,0.325651133626839
"MAX","KIF2A",0.02775508963484,0.046,0.046,0.419367523687437
"MAX","NR6A1",0.0258248034385295,0.0667524221809936,0.0667524221809936,0.120122902328622
"MAX","STEAP3",0.0250163985788054,0.0420757020757021,0.0420757020757021,0.189703094357412
"MAX","BACH2",0.0238315399226187,0.064,0.064,0.280785801987444
"MAX","VRK2",0.0210402283048522,0.022,0.022,0.235912266885326
"MAX","BTNL9",0.0192189644043393,0.024,0.024,0.110326438005115
"MAX","CD72",0.0183090212471264,0.062,0.062,0.163712458422523
"MAX","HSF1",0.0164146597849401,0.014,0.014,0.237210872479961
"MAX","AK4",0.0154275057500845,0.07,0.07,0.339848296044502
"MAX","ZNF317",0.0153637942841874,0.034,0.034,0.249038516556952
"MAX","CCT6A",0.0144055323928254,0.064,0.064,0.374613592146029
"MAX","CENPB",0.013974869102781,0.044,0.044,0.223202549550615
"MAX","ODC1",0.0137872147443995,0.012,0.012,0.374301213725749
"MAX","IVNS1ABP",0.0124024161161873,0.03,0.03,0.31437137909479
"MAX","ALPL",0.0120812510629443,0.016,0.016,0.218199226526075
"MAX","STAT5A",0.0117466234107786,0.032,0.032,0.33454617874328
"MAX","DLX2",0.0115044283455179,0.0251954022988506,0.0251954022988506,0.0479452940820065
"MAX","HINFP",0.0109298982101228,0.018,0.018,0.0395155691708469
"MAX","FAM129A",0.0106037940557621,0.044,0.044,0.044730570096199
"MAX","STAT3",0.0101929526466022,0.044,0.044,0.211332926633683
"MAX","KLF15",0.0115415626872664,0.0225491059373276,0.0225491059373276,-0.124090270578124
"MAX","MLXIP",0.011752123853657,0.036,0.036,-0.372632976434887
"MAX","POU2F2",0.014489664639458,0.04,0.04,-0.255249773405125
"MAX","HOXA5",0.0262696943296614,0.0622262469582995,0.0622262469582995,-0.0487721484883366
"MAX","PRDM15",0.0274366041659826,0.032,0.032,-0.319304360383405
"MAX","NFIX",0.0365383299765945,0.0907755102040816,0.0907755102040816,-0.0794318316489727
"MAX","HOXB7",0.0454103849495617,0.062,0.062,-0.099509069749704
"MAZ","KIF2C",0.250143480564822,0.094,0.094,0.578553210155077
"MAZ","CENPF",0.216653949096551,0.104,0.104,0.602864963546225
"MAZ","CENPE",0.190737017160507,0.096,0.096,0.566842457374201
"MAZ","CKAP2L",0.174991644298532,0.052,0.052,0.449528885886903
"MAZ","HOXA10",0.171977098362454,0.0801802900630349,0.0801802900630349,0.162425916272559
"MAZ","ESRRG",0.150252392727943,0.107596739975754,0.107596739975754,0.0908554990877625
"MAZ","CDCA2",0.13965026920105,0.144,0.144,0.526586950693645
"MAZ","CUX2",0.131579097034056,0.156981880802636,0.156981880802636,0.0465788483919752
"MAZ","TP73",0.124820501800443,0.058,0.058,0.312711824344961
"MAZ","NRF1",0.122325296246574,0.134,0.134,0.0536875363316824
"MAZ","TTK",0.121084945747025,0.056,0.056,0.495515955518834
"MAZ","TEAD4",0.119365715136104,0.0829731201814823,0.0829731201814823,0.31093247424802
"MAZ","CTCFL",0.117821174285958,0.117552705292643,0.117552705292643,0.042964395789148
"MAZ","HIST1H1B",0.114515743884699,0.12,0.12,0.516241340751475
"MAZ","BUB1B",0.109366646624418,0.14,0.14,0.592867146075852
"MAZ","HJURP",0.105731106966084,0.132,0.132,0.567990830749241
"MAZ","DLGAP5",0.105187467798381,0.048,0.048,0.542793123868557
"MAZ","BIRC5",0.102829643027302,0.044,0.044,0.573269120587214
"MAZ","GMEB1",0.0933939703987853,0.054,0.054,0.165778159802323
"MAZ","DLX4",0.0889027587037204,0.0584915257882738,0.0584915257882738,0.140516903458194
"MAZ","BHLHA15",0.0804752776768727,0.0393411045824342,0.0393411045824342,0.070770968100663
"MAZ","KIF20A",0.078267574651427,0.074,0.074,0.490015574652674
"MAZ","ZNF410",0.0774051804031897,0.0506621392190153,0.0506621392190153,0.0994965206788545
"MAZ","ESRRA",0.0745190950092883,0.074,0.074,0.116708093742915
"MAZ","RORB",0.0726290285770881,0.0304690443185989,0.0304690443185989,0.0118375674339663
"MAZ","KPNA2",0.0706301312231361,0.044,0.044,0.451345689540662
"MAZ","CDC20",0.0700075763194559,0.032,0.032,0.510558893393355
"MAZ","HES7",0.069570082888264,0.045990990990991,0.045990990990991,0.173942540471528
"MAZ","ANKRD13B",0.0690136263945353,0.0422626262626263,0.0422626262626263,0.370760327653106
"MAZ","HOXB2",0.0664039505724313,0.0325541763096991,0.0325541763096991,0.0110871888422107
"MAZ","SHOX2",0.0655175402741977,0.0501828631138976,0.0501828631138976,0.0575567676236823
"MAZ","TUBA1B",0.0638864709909213,0.052,0.052,0.572859419035019
"MAZ","PRR11",0.0616609922253216,0.096,0.096,0.599898534391711
"MAZ","PBK",0.0597290677673754,0.09,0.09,0.508449380032415
"MAZ","APOBEC3B",0.0595514143936957,0.06,0.06,0.453004040334623
"MAZ","KISS1R",0.0555915883217394,0.0363636363636364,0.0363636363636364,0.296429185513497
"MAZ","CCNB2",0.054628003414175,0.04,0.04,0.492513895064754
"MAZ","MITF",0.051027989505126,0.0694295900178253,0.0694295900178253,0.123440463381783
"MAZ","STEAP3",0.0508160895138636,0.031013431013431,0.031013431013431,0.271295896990573
"MAZ","NCAPG",0.0494187213562893,0.082,0.082,0.585915289110573
"MAZ","E2F2",0.048442160979105,0.134,0.134,0.495041868745687
"MAZ","FOXP2",0.0459674732215121,0.0219321603442837,0.0219321603442837,0.0318588921729292
"MAZ","E2F8",0.0459374454181896,0.072,0.072,0.432440523442313
"MAZ","HOXB7",0.044260745235905,0.028,0.028,0.0954184752048766
"MAZ","TFDP1",0.0410541055141803,0.068,0.068,0.436638940776107
"MAZ","TBX5",0.040929402542199,0.0698489010989011,0.0698489010989011,0.0906965104389304
"MAZ","CEP55",0.0386820085912952,0.062,0.062,0.510061447761448
"MAZ","GLIS2",0.0372136061918657,0.124965842700396,0.124965842700396,0.0571592208116829
"MAZ","KIFC1",0.0363827367436352,0.088,0.088,0.6019224200756
"MAZ","MEIS1",0.0358377061003999,0.0204936494402427,0.0204936494402427,0.0295791789999439
"MAZ","POLD3",0.0339686733686595,0.064,0.064,0.416442344355346
"MAZ","ZNF341",0.0333210484872873,0.036,0.036,0.224132628051353
"MAZ","GLIS3",0.0321966493010527,0.0171520146520147,0.0171520146520147,0.036273622314178
"MAZ","FDXR",0.0320762055676641,0.07,0.07,0.390580323450187
"MAZ","KIF14",0.0317311020399782,0.046,0.046,0.507837506306479
"MAZ","TPI1",0.0310628592724712,0.108,0.108,0.524625198951515
"MAZ","H2AFZ",0.0305827609454243,0.04,0.04,0.486653827745249
"MAZ","UBE2S",0.0278301262841609,0.05,0.05,0.550845613473251
"MAZ","TUBA1C",0.0275408203099829,0.084,0.084,0.546695139825417
"MAZ","SNAI3",0.0266575000291874,0.028,0.028,0.087568692792125
"MAZ","HILPDA",0.0262782481764583,0.046,0.046,0.255267943644591
"MAZ","TUBB2A",0.0257953738242369,0.034,0.034,0.293903255816731
"MAZ","PIK3R6",0.0253517801969092,0.028,0.028,0.19018073375873
"MAZ","STMN1",0.0245292361210048,0.078,0.078,0.529876508568646
"MAZ","MAF",0.0241451936142946,0.066,0.066,0.0199377325192784
"MAZ","CCNB1",0.0238483954333505,0.032,0.032,0.474235678849133
"MAZ","MT1H",0.0237060920533195,0.0298334875115634,0.0298334875115634,0.217733318135897
"MAZ","FOXN3",0.0233610518447683,0.048,0.048,0.0228085152284094
"MAZ","NHLH1",0.0229242154065301,0.02,0.02,0.0637780622092346
"MAZ","SPDL1",0.0227622906738282,0.062,0.062,0.491117201919553
"MAZ","CKS1B",0.022748043205724,0.058,0.058,0.494863433630919
"MAZ","HRAS",0.0207003305409827,0.046,0.046,0.397942520104743
"MAZ","NR1H3",0.0205705328209759,0.0305933307406061,0.0305933307406061,0.0828949462466268
"MAZ","CENPV",0.0204063966513359,0.02,0.02,0.360048685568489
"MAZ","TFAP4",0.0198713166916383,0.05,0.05,0.205954448255264
"MAZ","NPDC1",0.0198194306572705,0.028,0.028,0.31189419951678
"MAZ","TCF12",0.0195678172588996,0.038,0.038,0.0545095320077298
"MAZ","MYBL1",0.0193132428023834,0.0505,0.0505,0.114701517139309
"MAZ","E2F7",0.0190994156388258,0.076,0.076,0.403624954989463
"MAZ","HEY1",0.0184143075732144,0.0130434782608696,0.0130434782608696,0.121651796831905
"MAZ","PHLDA3",0.0181578600633088,0.042,0.042,0.224961138800769
"MAZ","GMNN",0.0171219612428191,0.052,0.052,0.456920637287566
"MAZ","SOX15",0.0166033378766622,0.0426193199353703,0.0426193199353703,0.0679478625739198
"MAZ","TFCP2",0.0161271020256691,0.04,0.04,0.0107727663293714
"MAZ","HSPB1",0.015705827784521,0.05,0.05,0.238240710273378
"MAZ","MEIS2",0.0156580061775947,0.0297486894850447,0.0297486894850447,0.0201256399313095
"MAZ","HES2",0.0150504709739706,0.0384126984126984,0.0384126984126984,0.148702420596068
"MAZ","HELLS",0.0149311071542868,0.098,0.098,0.555648608078967
"MAZ","CKS2",0.0142150771980988,0.048,0.048,0.449379836781031
"MAZ","MZT1",0.013980782301842,0.07,0.07,0.337942212342712
"MAZ","NEUROG2",0.0131432839769966,0.0427322404371585,0.0427322404371585,0.0805193669236744
"MAZ","TUBB6",0.0126176285081894,0.03,0.03,0.433971140728766
"MAZ","MYBL2",0.0125227881624164,0.066,0.066,0.548328319256919
"MAZ","HHLA2",0.0124651588158928,0.012224708690099,0.012224708690099,0.242396674705752
"MAZ","MECOM",0.0120406591110028,0.00857142857142857,0.00857142857142857,0.0132436598231631
"MAZ","CCNA1",0.011982249571831,0.0194015895278167,0.0194015895278167,0.195024012233385
"MAZ","SLC29A1",0.0117733961049978,0.052,0.052,0.43676009677242
"MAZ","E2F3",0.0111983346210897,0.036,0.036,0.219227266321829
"MAZ","DPYSL2",0.0110001097163273,0.05,0.05,0.378063116868401
"MAZ","THAP11",0.010530581077318,0.024,0.024,0.0284384656859461
"MAZ","ZNF384",0.0104602029946352,0.012,0.012,0.0201623125688648
"MAZ","TNIK",0.0104055203014676,0.03,0.03,0.290808689253997
"MAZ","ARNT",0.0103773635105145,0.016,0.016,0.0762710011090529
"MAZ","BATF2",0.010770553313259,0.0249184753119913,0.0249184753119913,-0.126160194248625
"MAZ","ZNF274",0.0108195710839873,0.02,0.02,-0.159837425327146
"MAZ","CADM1",0.0109174440472565,0.024,0.024,-0.274406868851593
"MAZ","ITGA8",0.0109452676313093,0.016,0.016,-0.171003120349594
"MAZ","IFI27",0.0118773605861619,0.048,0.048,-0.367328916227724
"MAZ","CDK5R1",0.0123073272248359,0.06,0.06,-0.118125187821239
"MAZ","HOXC10",0.0126708350492418,0.0277777777777778,0.0277777777777778,-0.00141066850441918
"MAZ","ELK3",0.0135164375231551,0.042,0.042,-0.214300839966335
"MAZ","BHLHE22",0.0136970799575678,0.0180599647266314,0.0180599647266314,-0.0591942063127933
"MAZ","RFX3",0.0140751102070799,0.03,0.03,-0.100696482692544
"MAZ","NR3C1",0.0144888231445084,0.046,0.046,-0.340551274844935
"MAZ","ZBTB26",0.0147823093535656,0.032,0.032,-0.153962638810925
"MAZ","SP2",0.0151900563808832,0.03,0.03,-0.129707011543503
"MAZ","PITX1",0.0154181099974785,0.0192661567453719,0.0192661567453719,-0.0905834130725491
"MAZ","PPARD",0.0155598677015153,0.034,0.034,-0.056039371959614
"MAZ","TCFL5",0.0172198067518872,0.032,0.032,-0.19740998050507
"MAZ","IRF1",0.017355308601384,0.02,0.02,-0.391197719122139
"MAZ","RXRA",0.0182015772424355,0.038,0.038,-0.119763306799251
"MAZ","CYSLTR1",0.0191267305820331,0.052,0.052,-0.258403477452813
"MAZ","SPDEF",0.0198804045724601,0.038,0.038,-0.105938267635317
"MAZ","MEF2A",0.0199632811455064,0.052,0.052,-0.292132694975858
"MAZ","MIXL1",0.0248306211107448,0.046,0.046,-0.27457860452162
"MAZ","KIF13A",0.0248693811874697,0.028,0.028,-0.149489954670809
"MAZ","SOCS3",0.0305288965448912,0.036,0.036,-0.387895924184476
"MAZ","ZNF136",0.0305910993899279,0.04,0.04,-0.254685180631185
"MAZ","DBP",0.0312825635867214,0.038,0.038,-0.0946979748372714
"MAZ","MEF2C",0.0324745901972961,0.068,0.068,-0.250844812381695
"MAZ","TCF4",0.0325181041386162,0.052,0.052,-0.256650631926726
"MAZ","RFX4",0.0359852258581959,0.0206624247763488,0.0206624247763488,-0.000868590791990379
"MAZ","LAG3",0.0385296095268575,0.042,0.042,-0.178559480707636
"MAZ","ELF2",0.0389414375239615,0.076,0.076,-0.292637043719324
"MAZ","COL1A2",0.0425130711876644,0.076,0.076,-0.165125656483434
"MAZ","ARX",0.043551170235467,0.0321399535423926,0.0321399535423926,-0.038983492321358
"MAZ","KLF10",0.0435950857539756,0.052,0.052,-0.422360496833423
"MAZ","SOX12",0.0436212147102943,0.04,0.04,-0.0986053553936519
"MAZ","ZKSCAN5",0.0492738108915254,0.064,0.064,-0.0479435612812609
"MAZ","HSF4",0.0508303365452048,0.0303909110035767,0.0303909110035767,-0.0093292942065357
"MAZ","HIC2",0.051159069471629,0.054,0.054,-0.134629249802963
"MAZ","ZFX",0.0582912440659084,0.048,0.048,-0.176603839085119
"MAZ","FAM92B",0.0698351528513807,0.064,0.064,-0.174443693665541
"MAZ","BARHL2",0.072801733783037,0.0506715506715507,0.0506715506715507,-0.217475875743671
"MAZ","LHX8",0.129540207418245,0.14280114578622,0.14280114578622,-0.0567441103876577
"MEF2A","IFIT2",0.240542754623123,0.114,0.114,0.347574749458866
"MEF2A","MAFB",0.18701487664225,0.172725274725275,0.172725274725275,0.0688181357768736
"MEF2A","POU4F1",0.138194116015539,0.088,0.088,0.0948020732815718
"MEF2A","RELA",0.11644656089586,0.068,0.068,0.41187410626464
"MEF2A","PLAC8",0.10996834116102,0.07,0.07,0.398628801584067
"MEF2A","ATF1",0.103158259322042,0.076,0.076,0.0551585558699881
"MEF2A","YY1",0.102177091214582,0.086,0.086,0.442205783178926
"MEF2A","ZNF24",0.0972973073196597,0.06,0.06,0.318754611682153
"MEF2A","GABPA",0.0962472882919335,0.078,0.078,0.266544604349741
"MEF2A","MEF2D",0.0817266910702955,0.08,0.08,0.1656333708184
"MEF2A","ELF4",0.0815941643332276,0.096,0.096,0.333027595650422
"MEF2A","ELK4",0.0722554345847608,0.09,0.09,0.40627987332386
"MEF2A","DDIT4",0.0717390568802602,0.056,0.056,0.160920764274911
"MEF2A","LYST",0.069664601643261,0.082,0.082,0.2794698571372
"MEF2A","ZNF740",0.0676074772757091,0.076,0.076,0.145231611469078
"MEF2A","ELF1",0.0653733958081602,0.088,0.088,0.520649883053574
"MEF2A","ATF6",0.0615129271386321,0.046,0.046,0.11738305455335
"MEF2A","HIF1A",0.0559459405671208,0.062,0.062,0.41602549408594
"MEF2A","ZNF140",0.0530314872914019,0.068,0.068,0.0328068627778254
"MEF2A","IL1RN",0.0518723954878277,0.092,0.092,0.148900673580973
"MEF2A","ADAP1",0.0512903668154296,0.07,0.07,0.233754299453757
"MEF2A","SPI1",0.0486426688198272,0.052,0.052,0.0819737907558736
"MEF2A","ATF2",0.0452749546953861,0.036,0.036,0.207057216705341
"MEF2A","TCFL5",0.0451433776754063,0.05,0.05,0.27236813655574
"MEF2A","PPARD",0.0449198590852346,0.06,0.06,0.192759366875119
"MEF2A","MAFK",0.0406178505791546,0.056,0.056,0.095626269930378
"MEF2A","RGCC",0.0383995989090263,0.05,0.05,0.198832894851444
"MEF2A","MAX",0.0381688543776456,0.034,0.034,0.288686765902044
"MEF2A","NAMPT",0.0373507259788937,0.052,0.052,0.0887337752454848
"MEF2A","CHORDC1",0.0373092780485585,0.07,0.07,0.108370793022728
"MEF2A","MEF2C",0.0360047153494494,0.074,0.074,0.113539372980416
"MEF2A","ZBTB33",0.0346753703794263,0.044,0.044,0.196203156593701
"MEF2A","ZNF281",0.0326695494142326,0.05,0.05,0.324742062880773
"MEF2A","EGR4",0.0318156028785455,0.0484135337157667,0.0484135337157667,0.0553200042283028
"MEF2A","NR4A3",0.031436738036234,0.042,0.042,0.325566213878034
"MEF2A","CREM",0.0308990955941909,0.048,0.048,0.270024040193142
"MEF2A","CTCF",0.0303895150173356,0.04,0.04,0.0602137429183168
"MEF2A","HIST1H2BK",0.0293628670021082,0.05,0.05,0.0660697227959844
"MEF2A","LRRK2",0.0292372348184531,0.062,0.062,0.403730815299372
"MEF2A","HIC2",0.0287295495391998,0.036,0.036,0.187762117161457
"MEF2A","NPM1",0.0280241387499804,0.066,0.066,0.127629326594728
"MEF2A","RFX1",0.0256674070021026,0.038,0.038,0.0420265023591661
"MEF2A","ZNF136",0.0254882728058841,0.056,0.056,0.31406286973566
"MEF2A","SET",0.0251890938376238,0.042,0.042,0.194705033693677
"MEF2A","PLEKHA1",0.0249615945488296,0.05,0.05,0.290723569714004
"MEF2A","ARID3B",0.0238172897131635,0.052,0.052,0.0698569042942408
"MEF2A","POU2F1",0.0235465023057715,0.03,0.03,0.0304319498110901
"MEF2A","SORL1",0.0232712751377131,0.05,0.05,0.351425618561639
"MEF2A","SP1",0.0231606987193194,0.024,0.024,0.0882988911537189
"MEF2A","PLEK",0.0229883892244612,0.03,0.03,0.195410853976405
"MEF2A","CD84",0.0224765112673867,0.06,0.06,0.326683857737653
"MEF2A","ATF3",0.0222340402104541,0.044,0.044,0.0914581763964965
"MEF2A","EIF5A",0.0218019038454869,0.054,0.054,0.0257763739322866
"MEF2A","YBX1",0.0210629576231489,0.06,0.06,0.12851781781318
"MEF2A","EIF1AX",0.0209694195986688,0.052,0.052,0.0188347856376017
"MEF2A","CLOCK",0.0208992323378269,0.034,0.034,0.0747296579862783
"MEF2A","FOXJ3",0.020618968185366,0.038,0.038,0.126940679831638
"MEF2A","ZNF382",0.0200071553251172,0.0422448979591837,0.0422448979591837,0.124215331706386
"MEF2A","TFEC",0.0195451268463728,0.05,0.05,0.409593708432565
"MEF2A","ZNF528",0.0186729788560839,0.034,0.034,0.0811003408504906
"MEF2A","DNAJA1",0.0186551626876031,0.026,0.026,0.163507643850546
"MEF2A","MS4A7",0.0184065031224417,0.028,0.028,0.174639872982824
"MEF2A","SOX5",0.0183926380254225,0.03,0.03,0.175086064093684
"MEF2A","PLAGL1",0.018118812267257,0.066,0.066,0.0549503360416969
"MEF2A","GNB3",0.0180374847046999,0.0243248814677386,0.0243248814677386,0.0486073485206318
"MEF2A","FCRL3",0.0179946963194106,0.058,0.058,0.256210114718311
"MEF2A","MPP7",0.0179895362014593,0.014,0.014,0.175542536826213
"MEF2A","TEAD1",0.016537199559445,0.043726124008228,0.043726124008228,0.0737764072335002
"MEF2A","HLA-DRB1",0.0164953507922746,0.072,0.072,0.400526932848016
"MEF2A","DOPEY2",0.0159999912726996,0.062,0.062,0.28211314792964
"MEF2A","BTNL9",0.0155056444428542,0.048,0.048,0.141984573185304
"MEF2A","NAP1L1",0.0151726630362205,0.064,0.064,0.372122819437338
"MEF2A","ZBTB18",0.0148715487481816,0.03,0.03,0.416758298936246
"MEF2A","ESR1",0.0143392973932323,0.03,0.03,0.0322759714980497
"MEF2A","APEX1",0.0142618972961349,0.052,0.052,0.030188856777843
"MEF2A","KLF10",0.0136212978958663,0.048,0.048,0.160592838983194
"MEF2A","REST",0.012702323015776,0.016,0.016,0.114264109931118
"MEF2A","VRK2",0.0125723571954423,0.022,0.022,0.0399082788374487
"MEF2A","GRPEL1",0.0125329498709718,0.042,0.042,0.0507850099140864
"MEF2A","ZNF263",0.0118483794640115,0.008,0.008,0.11325726263064
"MEF2A","NR1H2",0.011368461115637,0.026,0.026,0.410105337656511
"MEF2A","ARL6IP1",0.0113569942225945,0.03,0.03,0.0348685895635253
"MEF2A","RORA",0.0112765963177963,0.038,0.038,0.165354482483041
"MEF2A","HLA-DRA",0.0112668087252214,0.11,0.11,0.390005720653394
"MEF2A","SMAD4",0.0110736462453093,0.034,0.034,0.189742974841463
"MEF2A","IL6",0.0110567920391728,0.03,0.03,0.222729886365153
"MEF2A","TCF12",0.0107018047546987,0.03,0.03,0.061741620471386
"MEF2A","ABCE1",0.0105666215294141,0.044,0.044,0.026002517441081
"MEF2A","MTF1",0.0105336298180952,0.018,0.018,0.205375623106378
"MEF2A","MNDA",0.0103430129566865,0.08,0.08,0.148834515847275
"MEF2A","TP53",0.0101513441910495,0.042,0.042,0.0158569208018119
"MEF2A","NFKB1",0.0100810383216458,0.024,0.024,0.296871894701618
"MEF2A","PSPH",0.0101769302775808,0.052,0.052,-0.101692731896867
"MEF2A","HSPA1A",0.0103939215704774,0.032,0.032,-0.0203375523102307
"MEF2A","TOP2A",0.0103956951188251,0.068,0.068,-0.294479727988139
"MEF2A","PRR11",0.0109425006632177,0.06,0.06,-0.335601048019346
"MEF2A","CCNA1",0.0110594097543505,0.0302508960573477,0.0302508960573477,-0.0357709760398008
"MEF2A","KPNB1",0.0115361186335503,0.044,0.044,-0.0685790301268554
"MEF2A","BHLHA15",0.0116363419232881,0.0268189225995133,0.0268189225995133,-0.0825393999238009
"MEF2A","ASPM",0.011784014261916,0.042,0.042,-0.329439226424049
"MEF2A","WDR34",0.0124723096033644,0.038,0.038,-0.207018306359596
"MEF2A","GPX1",0.0126838358925886,0.03,0.03,-0.153014713990405
"MEF2A","PRC1",0.0128205301783001,0.032,0.032,-0.243282353508762
"MEF2A","E2F4",0.0128722784930401,0.048,0.048,-0.00432532069606495
"MEF2A","NUF2",0.0129415958399765,0.086,0.086,-0.294325194748866
"MEF2A","PRDM15",0.0134731431573458,0.034,0.034,-0.162148945331555
"MEF2A","KLHL21",0.0138439725394688,0.028,0.028,-0.00936269388800403
"MEF2A","OSR2",0.0141731580842259,0.0256258824675009,0.0256258824675009,-0.0414421123538617
"MEF2A","ZNF384",0.0141904850446121,0.022,0.022,-0.0338434850504198
"MEF2A","NGFRAP1",0.0142366365066127,0.032,0.032,-0.0603236619285444
"MEF2A","MT1X",0.0142783258204977,0.04,0.04,-0.0848177175779825
"MEF2A","CENPE",0.0148065933743887,0.068,0.068,-0.347294566630227
"MEF2A","ZNF682",0.0151271870795526,0.0247980655450944,0.0247980655450944,-0.0899335919875738
"MEF2A","DLX6",0.015817555812679,0.073866028708134,0.073866028708134,-0.0289719904369476
"MEF2A","TNIK",0.0164264856081149,0.044,0.044,-0.0181159537317611
"MEF2A","XRCC5",0.0165813536159441,0.048,0.048,-0.0428819212073261
"MEF2A","NR1D1",0.0193916765450183,0.0242247214412163,0.0242247214412163,-0.127973971458429
"MEF2A","ISL2",0.0199241930287598,0.05,0.05,-0.0739598118247342
"MEF2A","HINFP",0.0211525294454105,0.036,0.036,-0.073833222581936
"MEF2A","LPXN",0.0217103088918196,0.066,0.066,-0.12576648494496
"MEF2A","SOX11",0.0231769352280645,0.117017954259387,0.117017954259387,-0.0824666394835976
"MEF2A","PPA1",0.0235279236857318,0.066,0.066,-0.0627805194901741
"MEF2A","HSF4",0.0239627045743711,0.016354042911308,0.016354042911308,-0.11678262671097
"MEF2A","KIF4A",0.0240737957683891,0.102,0.102,-0.292515408606063
"MEF2A","FOXJ2",0.0249506351868861,0.034,0.034,-0.0162602463932782
"MEF2A","TBP",0.0266012058798517,0.052,0.052,-0.0502715026269398
"MEF2A","CKAP2L",0.0269742239892672,0.058,0.058,-0.202926268091602
"MEF2A","P2RY6",0.0276909498300637,0.0546315789473684,0.0546315789473684,-0.0868242482456566
"MEF2A","NR3C2",0.0283921392771976,0.0245748299319728,0.0245748299319728,-0.00242346116331975
"MEF2A","KLF15",0.0290479832900819,0.0203268641470889,0.0203268641470889,-0.0872233809283158
"MEF2A","CENPF",0.0300539648272262,0.076,0.076,-0.37070352911048
"MEF2A","FADS1",0.0314838403198684,0.024,0.024,-0.287067681389858
"MEF2A","SREBF1",0.0316900755409534,0.066,0.066,-0.257053620997808
"MEF2A","HIST1H1B",0.0336955170488017,0.116,0.116,-0.322563192951364
"MEF2A","NFYB",0.0352388904481367,0.034,0.034,-0.0213116322626773
"MEF2A","FOXO4",0.0366431269113966,0.058,0.058,-0.0189029999605
"MEF2A","HEY1",0.0373572313965573,0.0424959311787956,0.0424959311787956,-0.117403042378699
"MEF2A","ZNF410",0.0398824127415749,0.0485568760611205,0.0485568760611205,-0.125406793891182
"MEF2A","LIN54",0.0450303383699248,0.052,0.052,-0.148529668557238
"MEF2A","ELK3",0.0471835079633101,0.074,0.074,-0.0114400209514026
"MEF2A","HNF1B",0.0494616336814438,0.120943292818293,0.120943292818293,-0.0253285873668683
"MEF2A","GLIS3",0.055963350219183,0.0512820512820513,0.0512820512820513,-0.0333209710307958
"MEF2A","SNAI3",0.0595620306887783,0.03,0.03,-0.191967974472265
"MEF2A","ETV2",0.071329199365375,0.0359821421963974,0.0359821421963974,-0.100135416496739
"MEF2A","ZNF16",0.0832433562958992,0.052,0.052,-0.0920202763090605
"MEF2A","NR1I3",0.101620711036303,0.0503129890453834,0.0503129890453834,-0.0709295404642386
"MEF2A","ZNF341",0.104829692678607,0.048,0.048,-0.247893630571279
"MEF2A","HEY2",0.106944926709751,0.0868387531718462,0.0868387531718462,-0.0926745081378169
"MEF2A","MECOM",0.153431779353114,0.0773618179666233,0.0773618179666233,-0.0462063642002506
"MEF2B","MEIS1",0.283723646365788,0.0946692947390568,0.0946692947390568,0.373912542224562
"MEF2B","NR6A1",0.228347754767318,0.0688542568542569,0.0688542568542569,0.228691127713744
"MEF2B","ZNF382",0.0578659115832813,0.036,0.036,0.0848397671518631
"MEF2B","GLIS3",0.0575389275985486,0.023992673992674,0.023992673992674,0.110303645896464
"MEF2B","RFX2",0.0511034115506444,0.0240816326530612,0.0240816326530612,0.0377845262459567
"MEF2B","BHLHA15",0.0495566093854932,0.0292725943132447,0.0292725943132447,0.0483616368852825
"MEF2B","NR3C2",0.0485249321654229,0.0204738713667285,0.0204738713667285,0.0847475043477601
"MEF2B","MGST1",0.0413978433724162,0.0155588855588856,0.0155588855588856,0.0717437171596854
"MEF2B","TNFSF9",0.0311784433278531,0.082,0.082,0.108025032195082
"MEF2B","NGFRAP1",0.0281240917134075,0.008,0.008,0.0751746890318763
"MEF2B","LYST",0.0127465369701232,0.036,0.036,0.0858877222114541
"MEF2C","TEAD1",0.190703693559016,0.113928886276815,0.113928886276815,0.142699496785488
"MEF2C","ZBTB33",0.136106074050084,0.084,0.084,0.217061603132714
"MEF2C","EMX2",0.117498217416454,0.0670874240299205,0.0670874240299205,0.159157162204014
"MEF2C","HOXC4",0.104541774127759,0.072,0.072,0.232299738762356
"MEF2C","RGCC",0.097352881547459,0.054,0.054,0.248600651083941
"MEF2C","HOXB3",0.0904175562393861,0.0667974705346817,0.0667974705346817,0.139014981697631
"MEF2C","LAG3",0.0861328726875816,0.052,0.052,0.226818361163884
"MEF2C","ZNF740",0.08263210705665,0.078,0.078,0.204686243638148
"MEF2C","IRF9",0.0745168812849956,0.052,0.052,0.0371356055264988
"MEF2C","CYSLTR1",0.0723392274922484,0.064,0.064,0.43503520581868
"MEF2C","HFE",0.0715476484270827,0.0362626262626263,0.0362626262626263,0.17568313654699
"MEF2C","MIXL1",0.0658511456790394,0.054,0.054,0.388874510133456
"MEF2C","XAF1",0.0594815089123161,0.032,0.032,0.479630444373184
"MEF2C","RORB",0.0519844984690695,0.0255768410655326,0.0255768410655326,0.0431017225811482
"MEF2C","ZNF528",0.04808949970657,0.058,0.058,0.160863987155912
"MEF2C","ZNF75D",0.0436116648572587,0.044,0.044,0.227089202357653
"MEF2C","ZBTB7A",0.0418526540454026,0.066,0.066,0.0667772617095603
"MEF2C","CADM1",0.0367269950929641,0.03,0.03,0.358857184072116
"MEF2C","ZNF263",0.034586462196712,0.048,0.048,0.0466159366970384
"MEF2C","SP1",0.0328774410557882,0.02,0.02,0.169729577397321
"MEF2C","HIST1H2BK",0.0314617409326864,0.056,0.056,0.414883015266037
"MEF2C","TCF3",0.0310854679208321,0.078,0.078,0.283530499048456
"MEF2C","PPARA",0.0304764204307642,0.032,0.032,0.155144984657531
"MEF2C","FOXO4",0.0304495409434239,0.058,0.058,0.0816251306456927
"MEF2C","SP3",0.0303464944556576,0.062,0.062,0.137674639206006
"MEF2C","FAM129A",0.0298682046369735,0.078,0.078,0.165885211691633
"MEF2C","ZKSCAN1",0.0289361937534436,0.028,0.028,0.284805950564922
"MEF2C","DLX6",0.0288888470355872,0.0335714285714286,0.0335714285714286,0.0431653025657149
"MEF2C","NEUROD2",0.0267209271537242,0.0220808080808081,0.0220808080808081,0.17950032312715
"MEF2C","CTCF",0.0266325025701563,0.044,0.044,0.102991915830649
"MEF2C","VRK2",0.0248729215692231,0.046,0.046,0.194562819977917
"MEF2C","ZNF281",0.0236082787220662,0.038,0.038,0.137745887828332
"MEF2C","IFIT2",0.0235532942145176,0.034,0.034,0.000968692869965455
"MEF2C","ZNF143",0.0228931150126272,0.034,0.034,0.126418818749756
"MEF2C","SESN1",0.0224689887459828,0.046,0.046,0.0868411567949
"MEF2C","SOX5",0.0221943249565909,0.048,0.048,0.121043469037674
"MEF2C","FOXJ2",0.0218790879758534,0.024,0.024,0.0962468742565243
"MEF2C","FAM101B",0.0216685697932717,0.064,0.064,0.0806713277373278
"MEF2C","ZBTB6",0.0213934040788022,0.056,0.056,0.179908047738857
"MEF2C","STAT4",0.0193600796669711,0.054,0.054,0.0331686606155587
"MEF2C","GLIS3",0.0184976210886659,0.0823809523809524,0.0823809523809524,0.0432353308432367
"MEF2C","GBP1",0.0177819600291432,0.036,0.036,0.141436542269128
"MEF2C","PERP",0.0174494661132628,0.05,0.05,0.0150592675481505
"MEF2C","NFYC",0.0167079139425109,0.032,0.032,0.0116252936780025
"MEF2C","ONECUT3",0.0167004691176156,0.0333333333333333,0.0333333333333333,0.0612792669704448
"MEF2C","FLI1",0.0164593160851621,0.028,0.028,0.253643941118618
"MEF2C","CREB3L1",0.0162042841530054,0.0492745023399539,0.0492745023399539,0.0625586216714129
"MEF2C","CD86",0.0153012031207704,0.044,0.044,0.080353261166985
"MEF2C","UNC119",0.0152882059205009,0.048,0.048,0.0432586357816031
"MEF2C","ID2",0.0148546697824145,0.04,0.04,0.030946287884358
"MEF2C","TNIK",0.0137709234430393,0.046,0.046,0.00812665223663622
"MEF2C","ATF3",0.0134199585264407,0.028,0.028,0.0565829438730396
"MEF2C","CAP1",0.0123521565178973,0.06,0.06,0.0285623266495413
"MEF2C","ELK3",0.0122605039189011,0.018,0.018,0.399120591906365
"MEF2C","A4GALT",0.0110133305742217,0.056,0.056,0.0483571808576346
"MEF2C","ASPM",0.0103252784660888,0.02,0.02,-0.246048542133198
"MEF2C","IL32",0.0105977478238559,0.038,0.038,-0.0431984136296559
"MEF2C","DLGAP5",0.0106161083067816,0.032,0.032,-0.23826412713239
"MEF2C","DEPDC1",0.0108557643002951,0.024,0.024,-0.157390825521425
"MEF2C","MITF",0.0123861828420346,0.0177361853832442,0.0177361853832442,-0.0792935398812649
"MEF2C","SNTA1",0.0124223547410826,0.024,0.024,-0.146169189242491
"MEF2C","TCFL5",0.0128597370302071,0.014,0.014,-0.111926648590138
"MEF2C","NGFRAP1",0.0131097066268945,0.026,0.026,-0.036563205551821
"MEF2C","ELF4",0.0132259416805253,0.034,0.034,-0.0843806212607712
"MEF2C","AURKB",0.0133848953698777,0.06,0.06,-0.302272088759874
"MEF2C","GCM1",0.0135560477208272,0.0381979863653259,0.0381979863653259,-0.047330892841408
"MEF2C","ZC3H12A",0.0136664489987594,0.062,0.062,-0.175295600580539
"MEF2C","DUSP6",0.014041697136035,0.02,0.02,-0.166442882966668
"MEF2C","TMEM173",0.0157539545339324,0.062,0.062,-0.157741757415096
"MEF2C","ZNF703",0.0158952618733003,0.07,0.07,-0.0484147354343132
"MEF2C","SATB1",0.0169561322677593,0.038,0.038,-0.141248731800181
"MEF2C","CENPB",0.0169961838513494,0.054,0.054,-0.142596037737068
"MEF2C","HSF1",0.017317671000112,0.042,0.042,-0.0289656753737693
"MEF2C","MNT",0.0185321722896289,0.026,0.026,-0.0468992193882349
"MEF2C","ELF3",0.0200115272475827,0.030780559646539,0.030780559646539,-0.0295207133042664
"MEF2C","MGST1",0.0217172785075499,0.0487962037962038,0.0487962037962038,-0.16143491890063
"MEF2C","EGR4",0.0219633308215583,0.0502650654549389,0.0502650654549389,-0.0628737398706045
"MEF2C","KIF4A",0.0220525364061335,0.044,0.044,-0.256778141206271
"MEF2C","PRC1",0.0222045407952341,0.052,0.052,-0.211636003479146
"MEF2C","ZFX",0.022239023415303,0.03,0.03,-0.000937491383452976
"MEF2C","SREBF1",0.0228274267698047,0.042,0.042,-0.3458537070661
"MEF2C","PLK1",0.0241804790178195,0.036,0.036,-0.252195304842671
"MEF2C","CCNA2",0.0263351196623137,0.044,0.044,-0.220661003745159
"MEF2C","KIF15",0.0275477769970275,0.058,0.058,-0.233499518749116
"MEF2C","FOSB",0.0279594274735444,0.084,0.084,-0.213356383102954
"MEF2C","E2F4",0.0282149434922145,0.076,0.076,-0.177139617923579
"MEF2C","CDK1",0.0286192813615102,0.064,0.064,-0.239042343598529
"MEF2C","UBE2C",0.0306789564991978,0.07,0.07,-0.248583517711925
"MEF2C","BTNL9",0.0318545258740096,0.084,0.084,-0.0472575279869652
"MEF2C","GMEB1",0.0324570960163647,0.046,0.046,-0.120643696127721
"MEF2C","SMAD3",0.0362546595290969,0.118,0.118,-0.302202838238161
"MEF2C","NFIX",0.0390288101180889,0.0242448979591837,0.0242448979591837,-0.0370597151197567
"MEF2C","SMAD4",0.0394456750472696,0.058,0.058,-0.0892327441064851
"MEF2C","NR3C2",0.0485379215447439,0.0264700577200577,0.0264700577200577,-0.0805151086241715
"MEF2C","NRF1",0.0508634995839508,0.07,0.07,-0.0775147698172265
"MEF2D","RFX1",0.103698229298602,0.06,0.06,0.0688296524574964
"MEF2D","STAT4",0.083361749688123,0.07,0.07,0.136064533339984
"MEF2D","DLX2",0.081603813813891,0.0509073204261657,0.0509073204261657,0.0738827469384958
"MEF2D","IRF9",0.0479926691664264,0.038,0.038,0.14911841506332
"MEF2D","ZNF460",0.0374927543328,0.028,0.028,0.00924641442393431
"MEF2D","TFE3",0.0344716496521006,0.066,0.066,0.07688315121477
"MEF2D","IRF1",0.0313403754914064,0.062,0.062,0.313376287453454
"MEF2D","ZNF652",0.0310337600870183,0.05,0.05,0.213655448932403
"MEF2D","POU2F1",0.0282966379469147,0.034,0.034,0.0992720018121202
"MEF2D","MEIS1",0.0243812559209264,0.0227067669172932,0.0227067669172932,0.111324944727514
"MEF2D","P2RY6",0.023999934302279,0.0305263157894737,0.0305263157894737,0.13355443370715
"MEF2D","DDIT3",0.0227729036072905,0.034,0.034,0.134669752548012
"MEF2D","BHLHE41",0.0224119754048864,0.06,0.06,0.185407820870749
"MEF2D","ZNF143",0.0213124875919937,0.038,0.038,0.0147992134802012
"MEF2D","JUN",0.0185082405989482,0.044,0.044,0.351093206083062
"MEF2D","RHOXF1",0.0177024748519258,0.0110383998024447,0.0110383998024447,0.0715475207082242
"MEF2D","EMX2",0.0103822277237305,0.021645628798504,0.021645628798504,0.126887528787175
"MEF2D","RGCC",0.0101680898794022,0.03,0.03,0.0320552753388374
"MEF2D","REST",0.0101215928432076,0.016,0.016,0.0387692887336784
"MEF2D","CCDC152",0.0101696635989083,0.026,0.026,-0.220245004779853
"MEF2D","CEBPG",0.0104454949472,0.04,0.04,-0.082725847036149
"MEF2D","ATF2",0.0105707533638823,0.024,0.024,-0.0679591393998055
"MEF2D","NR1D1",0.0110308702536084,0.0182865771113194,0.0182865771113194,-0.100998595670129
"MEF2D","ARL6IP1",0.0112902470653761,0.028,0.028,-0.275074439013773
"MEF2D","PBX3",0.0114092411444189,0.038,0.038,-0.249936583530898
"MEF2D","CCNA1",0.0116735829840042,0.0346220975533739,0.0346220975533739,-0.181363542904714
"MEF2D","RFX2",0.0121450885647382,0.022,0.022,-0.200137689072666
"MEF2D","ZBTB32",0.0125506266236838,0.022,0.022,-0.311852000562842
"MEF2D","MGST1",0.0126287018862056,0.0287423687423687,0.0287423687423687,-0.195415101728268
"MEF2D","ELF4",0.0128392522023078,0.036,0.036,-0.106748094021607
"MEF2D","TFCP2",0.0131399005887877,0.026,0.026,-0.143326210216442
"MEF2D","CTSH",0.0134595653212587,0.03,0.03,-0.355855174984856
"MEF2D","CD86",0.0136717131403446,0.024,0.024,-0.241496513694803
"MEF2D","DOK1",0.014370471457821,0.036,0.036,-0.319321711484205
"MEF2D","HIC2",0.0144491193006558,0.038,0.038,-0.0158701943010784
"MEF2D","HNF1B",0.0148068678246655,0.0241379310344828,0.0241379310344828,-0.0125987804572202
"MEF2D","CCL3",0.0148775548528326,0.052,0.052,-0.135996598015797
"MEF2D","HSF1",0.0149939228269465,0.032,0.032,-0.139764523195187
"MEF2D","RMI2",0.0150909106293757,0.06,0.06,-0.348647449374231
"MEF2D","FAM101B",0.0151731043150255,0.028,0.028,-0.203790689927179
"MEF2D","TEF",0.0156383872059287,0.022,0.022,-0.112735142878715
"MEF2D","DDX60",0.0158865237715665,0.056,0.056,-0.0131841521710139
"MEF2D","ONECUT3",0.0163238517191188,0.00857142857142857,0.00857142857142857,-0.0010188537652604
"MEF2D","THAP1",0.0168315903483161,0.028,0.028,-0.163857428931398
"MEF2D","MLXIPL",0.0188625554590867,0.0258419568496295,0.0258419568496295,-0.0322316551085527
"MEF2D","SLC16A9",0.0188821329080191,0.0150949367088608,0.0150949367088608,-0.166947934094558
"MEF2D","ZNF282",0.0197270384015097,0.026,0.026,-0.200309495839312
"MEF2D","MID1IP1",0.0204990467905163,0.034,0.034,-0.323514197128635
"MEF2D","ZNF140",0.0208290488823249,0.024,0.024,-0.12432151357741
"MEF2D","YY2",0.0254293348887481,0.0164115646258503,0.0164115646258503,-0.0505040784562873
"MEF2D","KLF1",0.0254861109605811,0.0292631578947368,0.0292631578947368,-0.126692210970593
"MEF2D","AIF1",0.0259339357258578,0.056,0.056,-0.260359700750243
"MEF2D","TLX2",0.0259704935353508,0.0658973500014988,0.0658973500014988,-0.119847708556844
"MEF2D","CMTM3",0.0268051127732319,0.05,0.05,-0.374038051579538
"MEF2D","GLIS2",0.0283043062687396,0.0932497327234169,0.0932497327234169,-0.0769139183937426
"MEF2D","LHX8",0.0293825011425583,0.0176767676767677,0.0176767676767677,-0.0343017862674832
"MEF2D","NGFRAP1",0.0324756319237978,0.008,0.008,-0.0997898778488038
"MEF2D","NR3C2",0.0380469055167503,0.0224502679859823,0.0224502679859823,-0.023504403918627
"MEF2D","ETV2",0.0462153032710899,0.0359807712817231,0.0359807712817231,-0.00785862558905069
"MEF2D","NKX3-1",0.0602996245800407,0.0220606060606061,0.0220606060606061,-0.0292059357098266
"MEF2D","PLAGL1",0.0634279548568692,0.028,0.028,-0.0571989146589354
"MEF2D","C20orf195",0.0647247309133937,0.028,0.028,-0.0349981909964377
"MEF2D","NR1I3",0.0712239496362106,0.0447183098591549,0.0447183098591549,-0.0542598782272791
"MEF2D","SNAI3",0.0928363794869924,0.09,0.09,-0.087916285728895
"MEF2D","MYF6",0.11141476477516,0.0916528629190035,0.0916528629190035,-0.115571271878352
"MEIS1","FOXA2",0.440365846985889,0.172013251465306,0.172013251465306,0.231707775230534
"MEIS1","MAF",0.337109444973115,0.112,0.112,0.218251817177916
"MEIS1","GLIS3",0.0927092408128094,0.0362637362637363,0.0362637362637363,0.1010705298252
"MEIS1","MAFA",0.0845390235949556,0.102071932260611,0.102071932260611,0.0366894494602963
"MEIS1","ZNF684",0.0765420519520469,0.04,0.04,0.00354935973321364
"MEIS1","HES2",0.0361551655498723,0.0338217338217338,0.0338217338217338,0.0260981772823599
"MEIS1","P2RY6",0.0291623730581333,0.0344210526315789,0.0344210526315789,0.176161884935964
"MEIS1","TCN2",0.0273610669624937,0.042,0.042,0.182955016443461
"MEIS1","NFIA",0.026905392299083,0.0268199233716475,0.0268199233716475,0.0605294999555273
"MEIS1","OSR2",0.0245656974632424,0.0127898144992453,0.0127898144992453,0.0486006467499075
"MEIS1","MLXIP",0.0221517620033052,0.042,0.042,0.192600475651652
"MEIS1","EHF",0.0182354357264776,0.0157348785787375,0.0157348785787375,0.0244171221085326
"MEIS1","HOXB2",0.0152438672595957,0.0203488323164317,0.0203488323164317,0.0577624760320588
"MEIS1","CARD17",0.0110532132818479,0.010752688172043,0.010752688172043,0.0627741857885567
"MEIS1","NFIL3",0.0100192400670248,0.026,0.026,0.136727396499605
"MEIS2","HOXA4",0.159486039201195,0.0868266642782809,0.0868266642782809,0.0226484618483718
"MEIS2","HIST1H2BJ",0.0674013228984918,0.05,0.05,0.0904304703921883
"MEIS2","HES2",0.048884613400664,0.0383150183150183,0.0383150183150183,0.0154194517361339
"MEIS2","ETV1",0.0398465668344302,0.0280028429282161,0.0280028429282161,0.0378901212720829
"MEIS2","POLD3",0.0245642859073946,0.046,0.046,0.0534270010020574
"MEIS2","NFATC3",0.0232896277309502,0.042,0.042,0.187557314833683
"MEIS2","AQP3",0.0192938556495351,0.03,0.03,0.124335550964748
"MEIS2","HTR3A",0.0163545368494587,0.012,0.012,0.0361015224449018
"MEIS2","CCL3",0.0160043658219784,0.018,0.018,0.0281536740959715
"MEIS2","HHLA2",0.0139779418984469,0.0102255460134694,0.0102255460134694,0.0221193702088868
"MEIS2","NOP56",0.0123440954521463,0.04,0.04,0.103675531162663
"MEIS2","TUBB2A",0.01225151499427,0.022,0.022,0.0262809947507969
"MEIS2","ONECUT2",0.0179047271483076,0.0487823165684795,0.0487823165684795,-0.0212082957473641
"MEIS3","NKX6-1",0.281903586175264,0.0956639767693145,0.0956639767693145,0.204131938683138
"MEIS3","NHLH2",0.223373140800546,0.194576118326118,0.194576118326118,0.105930471015433
"MEIS3","PBX1",0.0475895081230668,0.0322280076733352,0.0322280076733352,0.0686422804984086
"MEIS3","HOXA4",0.0305915275369108,0.102122479574096,0.102122479574096,0.107924722556166
"MEIS3","ZNF135",0.0292478573014076,0.0202070917588159,0.0202070917588159,0.0892218749696992
"MGA","TMOD2",0.295894526382653,0.134,0.134,0.337436911357663
"MGA","SMAD4",0.157250828315033,0.092,0.092,0.245452105502354
"MGA","GCM1",0.119982105850344,0.0532350327854576,0.0532350327854576,0.106011219203825
"MGA","CXCL16",0.116212563895244,0.062,0.062,0.265567595719699
"MGA","RXRA",0.115346356508835,0.074,0.074,0.210458858856827
"MGA","ESR2",0.114909189740858,0.092,0.092,0.178655993002367
"MGA","DLX6",0.0894139611468453,0.0523896103896104,0.0523896103896104,0.0294388240004053
"MGA","NFYC",0.0562192172051706,0.07,0.07,0.093649101330159
"MGA","RFX5",0.0531012283642367,0.084,0.084,0.199784727381431
"MGA","TTN",0.0442725472349414,0.124,0.124,0.325023406208148
"MGA","MNX1",0.0327746099517355,0.0603456790123457,0.0603456790123457,0.0935897626428624
"MGA","CREM",0.0302234798338446,0.04,0.04,0.221497354609562
"MGA","RELB",0.0297339247359952,0.052,0.052,0.156094610147324
"MGA","NFYB",0.0292909749332709,0.04,0.04,0.0222228200784553
"MGA","ZBTB7A",0.02400990952164,0.036,0.036,0.173631815713354
"MGA","ARNT",0.0207518355332586,0.03,0.03,0.0468137758990489
"MGA","TFE3",0.0205953497326937,0.028,0.028,0.158139738212362
"MGA","AIM1",0.0174450314127457,0.052,0.052,0.255901061788042
"MGA","BBC3",0.0159417554989656,0.042,0.042,0.202855556167615
"MGA","HLTF",0.0153036725557562,0.05,0.05,0.0330244636908784
"MGA","NFATC2",0.014754689342887,0.064,0.064,0.242180620733581
"MGA","CD84",0.0143039048612981,0.042,0.042,0.24243951489309
"MGA","ZNF282",0.0135122511784157,0.028,0.028,0.0477942351875844
"MGA","ZNF263",0.0127208095351417,0.016,0.016,0.10125958768004
"MGA","EIF5A",0.0124978819915628,0.028,0.028,0.129887975181019
"MGA","CD83",0.0105921808786529,0.058,0.058,0.292055212682168
"MGA","SP2",0.0103120980154246,0.014,0.014,0.134402072264745
"MGA","SNAI3",0.0122660848340132,0.016,0.016,-0.116197064514563
"MGA","VDR",0.013334922756778,0.026,0.026,-0.219225438622773
"MGA","HOXB4",0.0137444517871386,0.02,0.02,-0.103797530645871
"MGA","NR1I3",0.0145852323046969,0.0167840375586854,0.0167840375586854,-0.0634887168946198
"MGA","RORB",0.0161043348300425,0.0187703978674107,0.0187703978674107,-0.0612063329107778
"MGA","FOXP2",0.0163309191165334,0.0214866434378629,0.0214866434378629,-0.0612278334486258
"MGA","FOXJ2",0.0165257174082782,0.026,0.026,-0.0423177090438195
"MGA","YY2",0.0318188120129955,0.0186224489795918,0.0186224489795918,-0.00622204147458478
"MITF","NR1I2",0.214143542446087,0.101144851880146,0.101144851880146,0.158045149098847
"MITF","HOXA1",0.0846142358112903,0.0380152542944889,0.0380152542944889,0.115061084782041
"MITF","HES7",0.0359932333420685,0.059027027027027,0.059027027027027,0.0832317381943402
"MITF","NR5A2",0.0292094225847733,0.0260817591256172,0.0260817591256172,0.0496649075190363
"MITF","NGFRAP1",0.0146399913227358,0.01,0.01,0.0885872120023305
"MIXL1","TBR1",0.248158900392004,0.188645104895105,0.188645104895105,0.151775668174667
"MIXL1","ESR1",0.138487574351881,0.076,0.076,0.281993952335255
"MIXL1","ZNF682",0.131534202847321,0.0792874184938316,0.0792874184938316,0.0785127712748041
"MIXL1","IGJ",0.107168604493139,0.048,0.048,0.631568410632601
"MIXL1","VDR",0.0949542544750574,0.08,0.08,0.339844457984656
"MIXL1","PBX2",0.0936234688383771,0.03,0.03,0.351271784276184
"MIXL1","RGCC",0.0868217665432811,0.082,0.082,0.283660253015221
"MIXL1","SP1",0.0727988819474151,0.026,0.026,0.206434937302832
"MIXL1","HOXB3",0.0581704271436409,0.036427745380281,0.036427745380281,0.143754673635369
"MIXL1","BARHL2",0.0580382684885501,0.0551404151404151,0.0551404151404151,0.298866314837261
"MIXL1","CREB3L1",0.0490285351754172,0.130063982562536,0.130063982562536,0.104746638841449
"MIXL1","FOXD2",0.0446978201369953,0.006,0.006,0.0951300909238477
"MIXL1","NFYA",0.040916430923407,0.044,0.044,0.136758553257614
"MIXL1","PRDM1",0.0257489151952924,0.034,0.034,0.548329311445678
"MIXL1","RORB",0.0254969701940253,0.016435300122771,0.016435300122771,0.0335375479291848
"MIXL1","REST",0.0238298929300576,0.026,0.026,0.146274322801597
"MIXL1","NFE2L2",0.0222189252707737,0.052,0.052,0.293549469090367
"MIXL1","TBX19",0.0121778256043446,0.052,0.052,-0.0848864898640404
"MIXL1","MGST1",0.0151210189588746,0.0422777222777223,0.0422777222777223,-0.138869324534419
"MIXL1","CNN2",0.0217656029827428,0.03,0.03,-0.444436186450349
"MIXL1","MTDH",0.0263877021063609,0.034,0.034,-0.0519347305654744
"MIXL1","RPL22L1",0.0494873357461355,0.034,0.034,-0.060507404697029
"MIXL1","MYC",0.123150765011009,0.03,0.03,-0.39091787947947
"MLX","HINFP",0.172569888207062,0.106,0.106,0.231888166680798
"MLX","EIF1AX",0.161397067458042,0.042,0.042,0.640985376504314
"MLX","BAX",0.150401442822754,0.094,0.094,0.597282026281411
"MLX","ATIC",0.144323883440101,0.042,0.042,0.635851428798339
"MLX","SELL",0.140474356787957,0.07,0.07,0.526336830223717
"MLX","FAM129A",0.12934237236472,0.052,0.052,0.484612396645258
"MLX","NFATC3",0.124071410856709,0.04,0.04,0.359724358163403
"MLX","FHL2",0.102586894252451,0.0480098722476059,0.0480098722476059,0.335116919258227
"MLX","ARID3A",0.101565343768473,0.074,0.074,0.587840368989979
"MLX","ETV1",0.0984176741977104,0.100639658848614,0.100639658848614,0.135056101920363
"MLX","HOXA7",0.0966569107902212,0.0454545454545455,0.0454545454545455,0.254915007911497
"MLX","H2AFZ",0.0943012286835492,0.03,0.03,0.641285944050737
"MLX","NEUROD1",0.0697766445540663,0.148027175333159,0.148027175333159,0.0677857433436117
"MLX","TEAD4",0.0625870916305261,0.0291486279332244,0.0291486279332244,0.335483110773181
"MLX","INSIG1",0.054358188601726,0.064,0.064,0.558781997223714
"MLX","CCL3",0.0511479236572251,0.05,0.05,0.360677606694481
"MLX","RAB7L1",0.0485547076802282,0.064,0.064,0.526128259868893
"MLX","FOXD3",0.0383137483370386,0.0416666666666667,0.0416666666666667,0.0624574955026846
"MLX","STIP1",0.0379303586917104,0.032,0.032,0.616547173429701
"MLX","APEX1",0.0365188562815335,0.022,0.022,0.529529748085256
"MLX","PPP2R3C",0.0347212498510932,0.05,0.05,0.539958826241057
"MLX","GBP1",0.0344131434484164,0.028,0.028,0.42149065967144
"MLX","PRMT1",0.0341608610928086,0.038,0.038,0.634567165995765
"MLX","ARPC5",0.0303925673781861,0.03,0.03,0.585245636438876
"MLX","EMP1",0.0269766833092148,0.022040404040404,0.022040404040404,0.349740129768579
"MLX","DEPDC1",0.0268552102624373,0.012,0.012,0.437449525767035
"MLX","HOXB7",0.0263787221453445,0.032,0.032,0.180705519845486
"MLX","SLC16A9",0.0233262689643951,0.0848919419573943,0.0848919419573943,0.221878379184329
"MLX","NR1D1",0.0191089039217373,0.0162449234614183,0.0162449234614183,0.21616073230136
"MLX","CALR",0.0151735495620543,0.028,0.028,0.540491965742116
"MLX","SLC16A1",0.0151426012941189,0.028,0.028,0.576742817071524
"MLX","ARL6IP5",0.0146713563390382,0.024,0.024,0.541665615288392
"MLX","SET",0.0143906134931916,0.032,0.032,0.530610443143975
"MLX","YBX1",0.0131996462340442,0.028,0.028,0.466650825424266
"MLX","KLF15",0.0105250356677415,0.0431615652847733,0.0431615652847733,0.0181206091518742
"MLXIPL","POU5F1",0.0449962384959176,0.0281224489795918,0.0281224489795918,0.0456489786948421
"MLXIPL","HOXA1",0.0196770854873078,0.011849414464581,0.011849414464581,0.0850198524328666
"MNT","RFX4",0.0204621458984069,0.0254462836741318,0.0254462836741318,0.0724098562659105
"MNT","MLXIP",0.0141225894465172,0.04,0.04,0.129354845217042
"MNT","ATF6",0.0133013129241319,0.026,0.026,-0.0726351681099703
"MNX1","PITX2",0.237110725114578,0.255665024630542,0.255665024630542,0.0197116323122686
"MNX1","HOXD8",0.14669115428282,0.182708266579234,0.182708266579234,0.0137620298722496
"MNX1","NR2F2",0.0914974621811263,0.0803611563202356,0.0803611563202356,0.013788374078743
"MNX1","GLIS3",0.0886910042535997,0.0677380952380952,0.0677380952380952,0.0966166512842398
"MNX1","FHL2",0.0706831214599279,0.0264876894367061,0.0264876894367061,0.016256521456962
"MNX1","GATA3",0.0588444926695947,0.0367883995703545,0.0367883995703545,0.14155220458215
"MNX1","SIX1",0.0422497094410792,0.024373897707231,0.024373897707231,0.0135740234782918
"MNX1","FOXD3",0.0275645373287445,0.0146247464503043,0.0146247464503043,0.00237619609525122
"MNX1","TP63",0.0204485737652806,0.00697674418604651,0.00697674418604651,0.0148774432744876
"MNX1","TNIK",0.0109614988668015,0.012,0.012,0.0171577989247043
"MSANTD3","SNAI2",0.18557020250054,0.138604589664291,0.138604589664291,0.127329919954279
"MSANTD3","NFYC",0.147584714214146,0.054,0.054,0.260843016182577
"MSANTD3","DEPDC1",0.0904888722764413,0.024,0.024,0.369507265988186
"MSANTD3","ZBTB14",0.0848377551491892,0.03,0.03,0.112027612501338
"MSANTD3","HMX2",0.0841085236346734,0.0647773279352227,0.0647773279352227,0.114607097777198
"MSANTD3","ONECUT2",0.0515445318859822,0.0444807439505331,0.0444807439505331,0.24260857043245
"MSANTD3","PRDX3",0.0487153233085341,0.032,0.032,0.484747847938349
"MSANTD3","IL10",0.0484417111914679,0.038,0.038,0.340740677827761
"MSANTD3","CYCS",0.0449492594667382,0.02,0.02,0.472747396766496
"MSANTD3","BIRC5",0.0423274473998816,0.02,0.02,0.438641229976284
"MSANTD3","VIM",0.0389608656605967,0.02,0.02,0.440965505381978
"MSANTD3","PPP1R14B",0.0357213730621049,0.026,0.026,0.475564421886679
"MSANTD3","PRC1",0.0356008719635389,0.022,0.022,0.361470347107519
"MSANTD3","TXN",0.0298663845808225,0.034,0.034,0.465481165040087
"MSANTD3","NR1H3",0.0294115393251556,0.0224094256259205,0.0224094256259205,0.0787690901967693
"MSANTD3","LSM2",0.0270321373355706,0.036,0.036,0.464371025578866
"MSANTD3","CD80",0.026822780371656,0.056,0.056,0.236219029389929
"MSANTD3","COCH",0.0267552204854615,0.026,0.026,0.39806204372004
"MSANTD3","VEZF1",0.0222376633348715,0.04,0.04,0.105156322550056
"MSANTD3","RANBP1",0.0216757351226264,0.032,0.032,0.47283934738949
"MSANTD3","FOXJ3",0.0207554005047143,0.038,0.038,0.101308207813777
"MSANTD3","CYB5R2",0.0204217632672369,0.02,0.02,0.289766118193227
"MSANTD3","MRPL37",0.0199122950355045,0.034,0.034,0.478636836311058
"MSANTD3","CKAP2L",0.0195988494566757,0.024,0.024,0.346587335641435
"MSANTD3","SRSF2",0.0182194254368009,0.034,0.034,0.444433545562305
"MSANTD3","NFYB",0.0174947608103911,0.016,0.016,0.211182005631405
"MSANTD3","CDKN1A",0.017027807940341,0.012,0.012,0.291866374738104
"MSANTD3","ZBTB6",0.0169438095102207,0.038,0.038,0.0641412669806329
"MSANTD3","DLX4",0.0152330473772571,0.00985008818342152,0.00985008818342152,0.111521566114645
"MSANTD3","PAPD5",0.0135568282607093,0.01,0.01,0.329478649911011
"MSANTD3","CKS1B",0.0135094002087031,0.044,0.044,0.479595338887754
"MSANTD3","GYG1",0.0133821623993716,0.016,0.016,0.331701468112669
"MSANTD3","KIF14",0.0128469164974418,0.022,0.022,0.298774647466335
"MSANTD3","SPC25",0.011125505589872,0.038,0.038,0.455409698250114
"MSANTD3","FKBP4",0.01050309590658,0.016,0.016,0.394768401926488
"MSANTD3","DBP",0.0149399574048943,0.016,0.016,-0.138738592577792
"MSC","NR1I2",0.389719209621011,0.194321895424837,0.194321895424837,0.274654768911659
"MSC","TPI1",0.344075170322179,0.04,0.04,0.540976488804796
"MSC","ADCY1",0.254973449959031,0.134,0.134,0.498662479914072
"MSC","ZNF282",0.248040122283799,0.048,0.048,0.279445963129598
"MSC","EMX1",0.243411388210247,0.129221135569875,0.129221135569875,0.26912489175139
"MSC","DLGAP5",0.236218026105144,0.03,0.03,0.454140339331365
"MSC","CD86",0.227334499863079,0.108,0.108,0.44751381566806
"MSC","TFAP2B",0.181454276402513,0.143276979084317,0.143276979084317,0.139031057978326
"MSC","MRPL37",0.178383828115295,0.03,0.03,0.508723136952156
"MSC","CCR5",0.176575796399763,0.0980198710474653,0.0980198710474653,0.238666937012123
"MSC","CORO2A",0.168369516559995,0.108,0.108,0.374126636541062
"MSC","NCL",0.163509856915615,0.032,0.032,0.449529279134941
"MSC","POU2F3",0.149695055666702,0.159636160940509,0.159636160940509,0.175053342683554
"MSC","SYT11",0.144252134300356,0.088,0.088,0.504868362040037
"MSC","CCDC34",0.138694235687765,0.02,0.02,0.496855791022046
"MSC","BCAS1",0.13766585440641,0.098,0.098,0.497970680869318
"MSC","BCAT1",0.135189483222808,0.1,0.1,0.524678028905221
"MSC","PKM",0.135061108411392,0.03,0.03,0.559233198646142
"MSC","GYG1",0.126108764659734,0.03,0.03,0.33014063752516
"MSC","CDK1",0.122471497122599,0.038,0.038,0.42247913299427
"MSC","F2R",0.119760420559096,0.048,0.048,0.421438314015264
"MSC","ACTR3",0.114603473012162,0.024,0.024,0.503662918793183
"MSC","LGALS1",0.0980812525737959,0.054,0.054,0.50645733280407
"MSC","AC099552.4",0.0976672523926576,0.0670422732362822,0.0670422732362822,0.437942885502069
"MSC","SOX13",0.0970252820061595,0.0525013562737348,0.0525013562737348,0.102291938871182
"MSC","IRF6",0.094003923186337,0.0530758339487479,0.0530758339487479,0.12760025186286
"MSC","KCNMA1",0.0916758122450533,0.11,0.11,0.445482613286743
"MSC","PHLDA3",0.0874566255328885,0.058,0.058,0.365500544878953
"MSC","TUBA1C",0.0866558859467862,0.032,0.032,0.507759626926134
"MSC","PPP2R3C",0.0825197428919739,0.02,0.02,0.420045699925701
"MSC","HPGD",0.0759260697114283,0.02,0.02,0.327566296000565
"MSC","LBX2",0.0736607397511296,0.0394648829431438,0.0394648829431438,0.0343456257417261
"MSC","HOXB9",0.0729293086032165,0.0616984440303034,0.0616984440303034,0.117343978506611
"MSC","ZNF682",0.0722864242015458,0.0499763886038018,0.0499763886038018,0.0652333533063434
"MSC","RRM2",0.067882859224619,0.028,0.028,0.425933632264179
"MSC","BZW2",0.0676873487265379,0.032,0.032,0.536639734368017
"MSC","GATA3",0.0669692058450785,0.057389903329753,0.057389903329753,0.0759771470789122
"MSC","MCM6",0.0656914604370021,0.02,0.02,0.505535512102339
"MSC","ATF5",0.0595259676413789,0.104,0.104,0.425944738751852
"MSC","ZBTB7A",0.055991124591913,0.07,0.07,0.148885374163911
"MSC","PPID",0.0534149958281551,0.022,0.022,0.469370324057021
"MSC","TWIST1",0.0528354337152134,0.0906983438502426,0.0906983438502426,0.160543534995656
"MSC","NPM3",0.0511717057727866,0.036,0.036,0.487785238072752
"MSC","SIX1",0.0505404470832279,0.062879188712522,0.062879188712522,0.174291109222088
"MSC","PRRX1",0.0479082737712804,0.0996674237508112,0.0996674237508112,0.0623513130863561
"MSC","ZWINT",0.0473027656300079,0.022,0.022,0.471112706672746
"MSC","GGCT",0.044258959081882,0.02,0.02,0.504883043267515
"MSC","DCTPP1",0.0424054928883188,0.02,0.02,0.485255238589116
"MSC","MECOM",0.0423160195861395,0.0441176470588235,0.0441176470588235,0.0258651877860503
"MSC","GINS2",0.0400398577886619,0.022,0.022,0.514026879094208
"MSC","MLXIPL",0.0394090787746826,0.0269230769230769,0.0269230769230769,0.00798563497170692
"MSC","TUBA1A",0.038831098460031,0.054,0.054,0.387827088795916
"MSC","ACOT7",0.0387594641168721,0.022,0.022,0.498361244612809
"MSC","YBX3",0.0381229411651085,0.016,0.016,0.354066018365073
"MSC","SLC29A1",0.0368479147029441,0.034,0.034,0.405883353834079
"MSC","HIST1H2BJ",0.036397966883925,0.014,0.014,0.214300075559667
"MSC","GLO1",0.036119073193123,0.022,0.022,0.47692934247154
"MSC","TPX2",0.0350251997980723,0.016,0.016,0.465733401828646
"MSC","BHLHE22",0.0349326486122081,0.0235421271180765,0.0235421271180765,0.0674119596476428
"MSC","CCT7",0.0348794412577302,0.016,0.016,0.479616267282816
"MSC","PAPD5",0.0336717288721035,0.018,0.018,0.298658836761962
"MSC","SOX5",0.033340723261236,0.054,0.054,0.167686600694697
"MSC","LDHA",0.0324865366612229,0.014,0.014,0.526495125002618
"MSC","PLEK",0.0322451378406467,0.052,0.052,0.334067344282111
"MSC","TMEM97",0.0311848884278393,0.038,0.038,0.494973617433022
"MSC","BATF",0.0311302411369912,0.05,0.05,0.425716609583721
"MSC","CCR1",0.0301996645997761,0.0262848897134611,0.0262848897134611,0.272719508150839
"MSC","CERS6",0.0298658901853894,0.02,0.02,0.304988994944913
"MSC","AURKA",0.029044525290461,0.022,0.022,0.444699237713337
"MSC","ALOX5AP",0.0260515691637878,0.12,0.12,0.25680786219242
"MSC","CCDC86",0.0244626427210309,0.018,0.018,0.445681034691397
"MSC","ATP8B4",0.0243687060468304,0.054,0.054,0.481563261304203
"MSC","MYBL2",0.0215317219488214,0.02,0.02,0.410083575974583
"MSC","GPR132",0.0204210689684191,0.042,0.042,0.345586777848551
"MSC","SREBF2",0.0192568820153511,0.008,0.008,0.308384717420152
"MSC","DLX4",0.0160178749225047,0.0196943691659139,0.0196943691659139,0.0590482100407603
"MSC","GATM",0.0158441235869264,0.008,0.008,0.276618701647242
"MSC","ATF3",0.0155247120800038,0.02,0.02,0.192275068464373
"MSC","KLHL23",0.0144850296310022,0.008,0.008,0.380703858402412
"MSC","SOX15",0.0139688688798903,0.0555226872133922,0.0555226872133922,0.0775129276111022
"MSC","CLECL1",0.0122925216117094,0.02,0.02,0.409097901124875
"MSC","LAPTM5",0.0111192513591709,0.082,0.082,0.234421514367956
"MSX1","DBP",0.0854380776369834,0.04,0.04,0.0941716225366727
"MSX1","TBP",0.0379923507915301,0.066,0.066,0.0954019566421229
"MSX1","ATF6",0.0102430839874047,0.022,0.022,0.0351896376711947
"MSX1","ZNF652",0.013239869685636,0.028,0.028,-0.0678253696222188
"MSX1","SMAD5",0.281188041294064,0.31,0.31,-0.0241763439354573
"MTF1","NR2C1",0.145578553040543,0.088,0.088,0.131963625211816
"MTF1","VAV3",0.12988056498212,0.14,0.14,0.317116616683143
"MTF1","USF2",0.0642666865945054,0.046,0.046,0.157377711980852
"MTF1","NFYC",0.0642600277146111,0.082,0.082,0.112861977518997
"MTF1","ZNF282",0.0264294873165827,0.06,0.06,0.094787296555084
"MTF1","HEY1",0.0208259943203955,0.0356347361078819,0.0356347361078819,0.0345253539780628
"MTF1","ZNF75D",0.020055949107567,0.046,0.046,0.0063240936869162
"MTF1","PPP2R3C",0.014839356510546,0.04,0.04,0.125645571152111
"MTF1","NKX6-3",0.0137671523791051,0.035219037598129,0.035219037598129,0.0134181993400334
"MTF1","RREB1",0.0116729201264415,0.024,0.024,0.0804820486478406
"MTF1","ZEB1",0.0112841931224116,0.032,0.032,0.222203802011678
"MTF1","HHLA2",0.0111627268986696,0.0224498296663245,0.0224498296663245,0.111366235898022
"MTF1","DBP",0.0123419764163662,0.022,0.022,-0.016521498107742
"MTF1","MEIS1",0.0131381505016792,0.0412213892610761,0.0412213892610761,-0.0701771415650064
"MTF1","PBX1",0.0139871684765572,0.0599616333241984,0.0599616333241984,-0.0439167932343259
"MTF1","MEIS2",0.0164582959901956,0.0276210299105766,0.0276210299105766,-0.0107396679096766
"MTF1","NFIL3",0.0176302693972262,0.054,0.054,-0.183475141001726
"MXI1","RFX3",0.171001993786115,0.088,0.088,0.190423930713363
"MXI1","POU5F1B",0.124873144040034,0.0630571909167368,0.0630571909167368,0.124869878143911
"MXI1","TCFL5",0.0409150601259592,0.04,0.04,0.254730621101939
"MXI1","CEBPG",0.0380289921100094,0.086,0.086,0.23321644703663
"MXI1","CASZ1",0.0367786272701344,0.068,0.068,0.204742468373283
"MXI1","TCF7L1",0.0355342460724343,0.024,0.024,0.151657521128924
"MXI1","TBX19",0.023297210355856,0.028,0.028,0.0560393308894264
"MXI1","MYBL1",0.0231089975027819,0.0424166666666667,0.0424166666666667,0.0668081346101017
"MXI1","ENC1",0.0214400901471236,0.028,0.028,0.234369781001524
"MXI1","GLIS3",0.019178437809469,0.0294047619047619,0.0294047619047619,0.0446215485889102
"MXI1","HOXB3",0.0190291740725486,0.0315769789129205,0.0315769789129205,0.0111947848500588
"MXI1","KLF4",0.0188220087021455,0.028,0.028,0.271397501356137
"MXI1","GABPA",0.0187049412842149,0.034,0.034,0.200922562887042
"MXI1","ZNF740",0.0181427534851325,0.024,0.024,0.090410290845875
"MXI1","RBPJ",0.0178322419797451,0.042,0.042,0.0533611983663798
"MXI1","EMILIN2",0.015330453851698,0.056,0.056,0.135829766993515
"MXI1","CAV1",0.015149309511728,0.05,0.05,0.0347410360712698
"MXI1","ZNF317",0.0145416405041151,0.024,0.024,0.250428451238362
"MXI1","TFAP2E",0.0144779436478673,0.0106270690935639,0.0106270690935639,0.0416618452924127
"MXI1","JUP",0.0101449101717028,0.03,0.03,0.0961706764258702
"MXI1","MT1X",0.0125669958553162,0.03,0.03,-0.290280020347207
"MXI1","INA",0.0189531555886244,0.0575185760463457,0.0575185760463457,-0.15936215237738
"MXI1","NOP56",0.0190381890377431,0.062,0.062,-0.397922073365627
"MXI1","ZNF341",0.0320978446501793,0.046,0.046,-0.192157909083179
"MXI1","ESRRA",0.0321711661385064,0.038,0.038,-0.129991359993146
"MXI1","FAM101B",0.0451783181405535,0.056,0.056,-0.282114130686823
"MXI1","SNAI3",0.0932724311530226,0.084,0.084,-0.175217531029881
"MYB","ACOT7",0.761007526930202,0.116,0.116,0.813785244802376
"MYB","SLC29A1",0.748000054030526,0.162,0.162,0.747938274097971
"MYB","ESCO2",0.677665492065176,0.112,0.112,0.72900324207838
"MYB","GMNN",0.606213497498281,0.088,0.088,0.74179480167828
"MYB","KIF4A",0.595815316883458,0.08,0.08,0.634717056813057
"MYB","CD70",0.595423247265476,0.102,0.102,0.645268620961475
"MYB","CCDC86",0.593285104445665,0.114,0.114,0.750985929799499
"MYB","TPX2",0.570963485107629,0.07,0.07,0.724866772657736
"MYB","TTLL12",0.568656234618401,0.118,0.118,0.757276061857691
"MYB","DHCR24",0.558547694850878,0.086,0.086,0.772017316935521
"MYB","ABCE1",0.556566661383013,0.09,0.09,0.713458951791063
"MYB","TMEM97",0.549711503074186,0.09,0.09,0.799938128782104
"MYB","SRSF2",0.53845668550463,0.086,0.086,0.690376598062667
"MYB","RANBP1",0.520907802305445,0.084,0.084,0.772384917471718
"MYB","PGK1",0.507820161168543,0.072,0.072,0.719881207510692
"MYB","ID2",0.489461744242319,0.078,0.078,0.528045001745042
"MYB","NUF2",0.488127080794436,0.06,0.06,0.632860267861228
"MYB","TUBA1C",0.463461950226975,0.05,0.05,0.693411904935133
"MYB","XRCC5",0.4509165489711,0.07,0.07,0.728780402524089
"MYB","SEPW1",0.44499816192921,0.062,0.062,0.735417731307608
"MYB","STK39",0.443232106361993,0.062,0.062,0.703469615466891
"MYB","MZT1",0.425848881398268,0.06,0.06,0.615199100089914
"MYB","HK1",0.410506484657047,0.05,0.05,0.670511173727035
"MYB","CCT4",0.403030602749283,0.064,0.064,0.731478442642893
"MYB","ACTB",0.401216864227773,0.04,0.04,0.709909893256089
"MYB","HSPA8",0.386195052414075,0.064,0.064,0.705535474197235
"MYB","TUBB3",0.384099731455587,0.102,0.102,0.635136327634765
"MYB","SET",0.363696145354954,0.06,0.06,0.677425274608483
"MYB","CFL1",0.336772357928268,0.03,0.03,0.733574003219124
"MYB","TP63",0.334757628183806,0.186715065009639,0.186715065009639,0.412679034906821
"MYB","ALDOA",0.325684254284191,0.034,0.034,0.669987898982703
"MYB","HSP90AA1",0.32189516510774,0.086,0.086,0.752066993103072
"MYB","HIST1H4C",0.320514656216477,0.078,0.078,0.587153374355266
"MYB","CERS6",0.320075417619166,0.064,0.064,0.502377193854273
"MYB","LGALS3",0.318359783149748,0.04,0.04,0.568453978024202
"MYB","SLC39A14",0.294007911900327,0.04,0.04,0.578847675935179
"MYB","PERP",0.289433372444719,0.056,0.056,0.573021810099164
"MYB","G0S2",0.288959571866165,0.078,0.078,0.39593100489518
"MYB","MTDH",0.284863429490889,0.04,0.04,0.516949121473637
"MYB","ARPC5",0.271583806206918,0.036,0.036,0.612452921496355
"MYB","PRMT1",0.260289458963874,0.048,0.048,0.715292928977939
"MYB","ETV4",0.258611163796894,0.0888421052631579,0.0888421052631579,0.52632685314412
"MYB","PRR19",0.252135097273574,0.139078015056508,0.139078015056508,0.405126085649562
"MYB","ACTN1",0.237387047169824,0.125731601731602,0.125731601731602,0.417417859691678
"MYB","FAM107B",0.234050363963311,0.042,0.042,0.632936476654862
"MYB","MGST1",0.215328474923045,0.102237207237207,0.102237207237207,0.495047048545958
"MYB","HSPH1",0.200829956642973,0.082,0.082,0.700927170277757
"MYB","FHL2",0.17838886947207,0.0720872234673327,0.0720872234673327,0.436088102239444
"MYB","GPR132",0.173392704007952,0.046,0.046,0.348792601138808
"MYB","CCNA1",0.153739098744965,0.0737369487299361,0.0737369487299361,0.357039637504611
"MYB","CCR1",0.124724331653252,0.0584671201814059,0.0584671201814059,0.44164504790047
"MYB","PSAT1",0.0934111062119904,0.032,0.032,0.415945561263699
"MYB","FAM111B",0.0910126831250531,0.034,0.034,0.681072074618066
"MYB","CYB5R2",0.0765025176431131,0.032,0.032,0.260124256147244
"MYB","A4GALT",0.0719285482753775,0.072,0.072,0.250274454941219
"MYB","LPXN",0.064006827584121,0.02,0.02,0.481398060811779
"MYB","AC099552.4",0.0594077457184683,0.0398259611795446,0.0398259611795446,0.318623803596388
"MYB","LBX2",0.055644318570044,0.0460821786908743,0.0460821786908743,0.0651984682179269
"MYB","KIFC1",0.0547804676524495,0.022,0.022,0.644898860443846
"MYB","APOBEC3B",0.0446143828083824,0.016,0.016,0.459677374956835
"MYB","CCL5",0.0430562331662636,0.064,0.064,0.380964899776429
"MYB","TP53",0.042963481981009,0.018,0.018,0.506698893469004
"MYB","CCL17",0.0366069036356107,0.054,0.054,0.291326234900509
"MYB","PLEK",0.0324816769206907,0.022,0.022,0.371389264120726
"MYB","KSR1",0.0323283251071146,0.024,0.024,0.299621943568002
"MYB","NFIA",0.0303023631140257,0.0292685475444096,0.0292685475444096,0.0324928308388408
"MYB","TNF",0.0253260037705443,0.04,0.04,0.367223310296532
"MYB","SOX15",0.0156066083824874,0.0389357164173289,0.0389357164173289,0.11308636266321
"MYB","ZNF140",0.0142352552597667,0.008,0.008,0.151215324704191
"MYB","CCND3",0.0136423979116045,0.026,0.026,0.582489131638984
"MYB","GLIS2",0.0115513561470832,0.0153846153846154,0.0153846153846154,0.0580559795751264
"MYB","SPI1",0.0114820997560292,0.018,0.018,-0.0887496701702027
"MYB","BACH1",0.0196900094265179,0.042,0.042,-0.312812068086957
"MYB","PPARA",0.0498443781752512,0.02,0.02,-0.222336718342215
"MYB","ZBTB7B",0.0721759038883585,0.054,0.054,-0.28000820525249
"MYBL1","CCNA2",0.0262755846150765,0.022,0.022,0.123540597697353
"MYBL1","DEPDC1",0.0111831262656147,0.026,0.026,0.117394564650278
"MYBL2","FBXO5",0.710525051231468,0.132,0.132,0.724477564107853
"MYBL2","E2F8",0.65154291577526,0.13,0.13,0.648495162909375
"MYBL2","MT1X",0.455627145714028,0.08,0.08,0.520358460050861
"MYBL2","AURKA",0.38266837853587,0.066,0.066,0.778350076721715
"MYBL2","ARL6IP1",0.320278399990919,0.06,0.06,0.500292380099296
"MYBL2","CENPA",0.29391257211543,0.134,0.134,0.731739754388212
"MYBL2","MLX",0.17319794606572,0.062,0.062,0.556717963264003
"MYBL2","GTSF1",0.169640997044445,0.044,0.044,0.577431097361401
"MYBL2","CTCF",0.124184351715216,0.08,0.08,0.305087832304308
"MYBL2","LYAR",0.103720579885045,0.034,0.034,0.725140519316756
"MYBL2","SLC43A3",0.0937241421243759,0.072,0.072,0.785388723533072
"MYBL2","CCT5",0.0872843955058338,0.042,0.042,0.691261559308429
"MYBL2","GAPDH",0.0514996951125709,0.03,0.03,0.7221924120171
"MYBL2","CALM2",0.0347221324282966,0.058,0.058,0.58043629501398
"MYBL2","NR2F6",0.0234008622163169,0.0202474226804124,0.0202474226804124,0.178951794850855
"MYC","COTL1",0.178666000290198,0.028,0.028,0.507801764866622
"MYC","ACTG1",0.165446919763439,0.03,0.03,0.40552696275263
"MYC","MT1H",0.108291409796937,0.11322849213691,0.11322849213691,0.259327243036929
"MYC","ZBTB32",0.0894450976481313,0.05,0.05,0.260289249257867
"MYC","WDR43",0.0767004648546172,0.05,0.05,0.449437119942428
"MYC","MFHAS1",0.0722773511495352,0.03,0.03,0.377113049966955
"MYC","GRASP",0.0705918139541155,0.154,0.154,0.343358416271796
"MYC","TFDP1",0.0667267223619238,0.028,0.028,0.347134614639166
"MYC","POU3F1",0.0639424409680829,0.0284210526315789,0.0284210526315789,0.180454955309884
"MYC","HSP90AA1",0.063258832425165,0.03,0.03,0.442828298560136
"MYC","MT1G",0.0599392190843485,0.088,0.088,0.281915302522723
"MYC","KIAA0020",0.0577892663143588,0.04,0.04,0.315328959160797
"MYC","POLR1E",0.0527629695346553,0.036,0.036,0.348323213551559
"MYC","PLK1",0.0483140278813014,0.058,0.058,0.262391777336666
"MYC","KIF2A",0.043447719860382,0.028,0.028,0.425746087646263
"MYC","KLF16",0.0421974442283308,0.036,0.036,0.279542372915548
"MYC","NEUROD1",0.0396031453679712,0.0296054350666318,0.0296054350666318,0.0796436717921118
"MYC","ESRRA",0.0385107116597733,0.05,0.05,0.0915143742427331
"MYC","MAFF",0.0360371913206136,0.032,0.032,0.177290996035485
"MYC","ODC1",0.0358483502287812,0.076,0.076,0.412971571594648
"MYC","SYCP2",0.0358209775651769,0.06,0.06,0.168646481177161
"MYC","LMNA",0.034594621949616,0.038,0.038,0.23600620167357
"MYC","STAT5A",0.0334026967642155,0.054,0.054,0.409753143352569
"MYC","LYAR",0.0325046456179476,0.058,0.058,0.332171475765898
"MYC","BHLHE40",0.0322469558044802,0.032,0.032,0.287448340183125
"MYC","RAB11FIP1",0.0274320118728013,0.032,0.032,0.380106678037398
"MYC","LHX1",0.0274031152681196,0.0691942839768927,0.0691942839768927,0.088513518991075
"MYC","PFN1",0.0272645841209942,0.024,0.024,0.39908000810597
"MYC","ELF2",0.0239126415198764,0.044,0.044,0.193303687442103
"MYC","TESC",0.0239041868060546,0.008,0.008,0.339910247030343
"MYC","ELF4",0.0184391256632574,0.034,0.034,0.247669303823054
"MYC","PGK1",0.0175845346200293,0.024,0.024,0.325313416452821
"MYC","PTMA",0.0166664987012065,0.016,0.016,0.547991908133847
"MYC","HES1",0.0155447599770845,0.03,0.03,0.306552167969131
"MYC","CDK5R1",0.0144025303154221,0.054,0.054,0.169652986584403
"MYC","HOXA7",0.0142578938891939,0.0386363636363636,0.0386363636363636,0.0717585229801485
"MYC","DLGAP5",0.0136599099534125,0.024,0.024,0.296050562306195
"MYC","CCT5",0.0130583375563508,0.052,0.052,0.350857333174752
"MYC","ELK1",0.0130176981841256,0.018,0.018,0.257016142498343
"MYC","UBE2C",0.0124922419904348,0.02,0.02,0.234927905940617
"MYC","MTDH",0.0104854402562414,0.032,0.032,0.110927886356398
"MYC","BACH2",0.0104545628893342,0.064,0.064,0.326217082403066
"MYC","TCF3",0.0104417608737126,0.022,0.022,-0.36228973816436
"MYC","HOXB7",0.0185927124954393,0.03,0.03,-0.103154791162657
"MYC","COL7A1",0.0273705893525266,0.012,0.012,-0.186690662097875
"MYC","FOXO3",0.0479919842689502,0.022,0.022,-0.256175486241936
"MYC","PRDM15",0.0492759741240564,0.014,0.014,-0.31055732886054
"MYC","CADM1",0.0648578213535501,0.014,0.014,-0.395233444367739
"MYC","KLF10",0.0716378403698594,0.02,0.02,-0.285540546948176
"MYC","ITGA6",0.159977423820421,0.034,0.034,-0.49413290840738
"MYC","MLXIP",0.162212569708061,0.026,0.026,-0.384950258874007
"MYC","NFIL3",0.185606289598829,0.032,0.032,-0.292581948845322
"MYCN","NEUROD1",0.0204649769423257,0.0113143454402927,0.0113143454402927,0.0935978725546118
"MYF6","ZNF410",0.0549575707564242,0.0338200339558574,0.0338200339558574,0.0488716054137438
"MYF6","FOXP3",0.0521060831128326,0.0401158466884602,0.0401158466884602,0.0510308938877569
"MYF6","ZIC1",0.0342738741484502,0.07728511185958,0.07728511185958,0.0223867392078222
"MYF6","PHLDA3",0.0177682700110185,0.016,0.016,0.063489315934903
"MYF6","NHLH1",0.0122828505506414,0.00831322658477736,0.00831322658477736,0.0420467927232142
"MZF1","ZNF341",0.118730573729946,0.056,0.056,0.195398894490176
"MZF1","ARX",0.095576328392197,0.0812427409988386,0.0812427409988386,0.0857714022155383
"MZF1","ELF3",0.0776092247082597,0.0575215653271618,0.0575215653271618,0.12827820134164
"MZF1","C10orf10",0.058696296179827,0.058,0.058,0.0949669496515192
"MZF1","EMX2",0.0437528459873563,0.030271154745208,0.030271154745208,0.118776457236771
"MZF1","PROX1",0.032372525036199,0.0212267758015181,0.0212267758015181,0.0244493550698376
"MZF1","ELF1",0.0109942289679582,0.046,0.046,-0.207412653014285
"MZF1","ATF2",0.0197424405045373,0.034,0.034,-0.180861240955727
"MZF1","NFATC3",0.021973301459934,0.042,0.042,-0.152131817509103
"MZF1","ZNF281",0.0323426948364824,0.054,0.054,-0.150552046031568
"NEUROD1","SPDEF",0.325888190901603,0.074,0.074,0.240461499695194
"NEUROD1","AIF1",0.24214555754173,0.176,0.176,0.283116190571117
"NEUROD1","NRL",0.156347315053629,0.0732522796352583,0.0732522796352583,0.169696384429906
"NEUROD1","THRB",0.129529912312244,0.0562541308658295,0.0562541308658295,0.0764501615894954
"NEUROD1","FOXC1",0.102914125410763,0.0533615947099093,0.0533615947099093,0.12726299146166
"NEUROD1","GFI1",0.0677465376743069,0.0361624407338693,0.0361624407338693,0.0920832028095888
"NEUROD1","DNAJC5B",0.0604446716091091,0.058,0.058,0.158526788925145
"NEUROD1","POU6F1",0.0537410919379591,0.026,0.026,0.0994193882065068
"NEUROD1","NEUROD2",0.0511560840011622,0.0242638758721233,0.0242638758721233,0.0874781266582433
"NEUROD1","TNFSF9",0.0368477420716605,0.068,0.068,0.140824603694406
"NEUROD1","CD96",0.0352851910160048,0.074,0.074,0.146115520659683
"NEUROD1","RCAN2",0.0290680372003794,0.046,0.046,0.0738625947489778
"NEUROD1","POU2F3",0.0264964990293105,0.0244755244755245,0.0244755244755245,0.0354852136954994
"NEUROD1","TLX2",0.0210513302120033,0.0192290233158995,0.0192290233158995,0.043342141676802
"NEUROD1","F2R",0.0153202201762,0.028,0.028,0.0669481193064688
"NEUROD1","RXRB",0.0142472112414297,0.02,0.02,0.0447831404843501
"NEUROD1","SPI1",0.012322667692631,0.02,0.02,-0.0939824589410113
"NEUROD2","NEUROD1",0.0904687192324435,0.0501437157042069,0.0501437157042069,0.0874781266582433
"NEUROD2","ITGA8",0.0677762865464671,0.042,0.042,0.114174382338826
"NEUROD2","HOXB3",0.0158007195278533,0.0147322654462243,0.0147322654462243,0.0489783261384252
"NEUROD2","NGFRAP1",0.0136840248029198,0.008,0.008,-0.0294876440029225
"NFAT5","NFIA",0.271003169689917,0.143667711598746,0.143667711598746,0.150142674521338
"NFAT5","ATF6",0.163797388140176,0.13,0.13,0.126381722556959
"NFAT5","PLAGL1",0.141367066971702,0.058,0.058,0.181135464269574
"NFAT5","ZBTB7C",0.125866603570375,0.114334854108671,0.114334854108671,0.0593536194883381
"NFAT5","PPAP2B",0.101542881302453,0.086,0.086,0.236263733884428
"NFAT5","ATF2",0.0633953775128054,0.062,0.062,0.181428871344257
"NFAT5","ZNF652",0.0555362005414196,0.068,0.068,0.0984315071383712
"NFAT5","ZNF382",0.0514870184591337,0.0762448979591837,0.0762448979591837,0.117471775614936
"NFAT5","POU5F1B",0.0476960034041128,0.0254329004329004,0.0254329004329004,0.0975235408261851
"NFAT5","SMAD4",0.0318086740880326,0.036,0.036,0.208906613063282
"NFAT5","NFATC4",0.0313380324578668,0.0760680235702139,0.0760680235702139,0.05720085170753
"NFAT5","ZNF263",0.0303064647683066,0.028,0.028,0.117686410469221
"NFAT5","ZNF24",0.0275026757974505,0.026,0.026,0.250934001591775
"NFAT5","IRF1",0.0262109134843514,0.038,0.038,0.27572457735346
"NFAT5","CCSER2",0.0223679789427912,0.05,0.05,0.295302602670313
"NFAT5","ALPL",0.0210771368002743,0.05,0.05,0.279561692244886
"NFAT5","TRIM22",0.0162526765839704,0.01,0.01,0.326155347396316
"NFAT5","RARG",0.0159228141840073,0.044,0.044,0.134533097175482
"NFAT5","PIKFYVE",0.0138360825730022,0.04,0.04,0.391403754996243
"NFAT5","ID3",0.0117887984437584,0.042,0.042,0.326017645311302
"NFAT5","HSF2",0.0114075142800098,0.024,0.024,0.0313598240306161
"NFAT5","SP3",0.0112122279862182,0.024,0.024,0.200525574118771
"NFAT5","KLF12",0.0107050225761341,0.028,0.028,0.253157306419292
"NFAT5","CEBPG",0.0103966362551817,0.044,0.044,0.0532494840730106
"NFAT5","RORA",0.0103755149820659,0.024,0.024,0.211904725945219
"NFAT5","BCL6",0.0103651975447066,0.008,0.008,0.128708142115454
"NFAT5","LIMA1",0.0106358913076978,0.018,0.018,-0.109583359496527
"NFAT5","ASPM",0.0114479107048977,0.024,0.024,-0.331903133023388
"NFAT5","CCNB2",0.0117696399873095,0.03,0.03,-0.319744737347756
"NFAT5","POLR3G",0.0121356935207162,0.032,0.032,-0.276910721462195
"NFAT5","DEPDC1",0.0129620441336701,0.02,0.02,-0.264154416189854
"NFAT5","CCNA2",0.0137288155429897,0.026,0.026,-0.31840386801304
"NFAT5","CKAP2L",0.014321466212805,0.034,0.034,-0.252301473373882
"NFAT5","JDP2",0.0160851532614695,0.032,0.032,-0.0794719354294608
"NFAT5","SNTA1",0.0172378991433316,0.03,0.03,-0.13431302965353
"NFAT5","TUBB2A",0.0182737786236186,0.036,0.036,-0.16350772323905
"NFAT5","CCR5",0.0274453728513299,0.04435523020832,0.04435523020832,-0.152972651902958
"NFAT5","OSR2",0.0277189770587431,0.0424441306782219,0.0424441306782219,-0.0433749777236744
"NFAT5","CREB3L4",0.0482752109725725,0.062,0.062,-0.157561671477333
"NFATC1","FOXD2",0.189906843417689,0.06,0.06,0.0118550312753532
"NFATC1","FCRL3",0.0886945857664227,0.112,0.112,0.373155498800486
"NFATC1","BHLHA15",0.0633653410466315,0.122546478026564,0.122546478026564,0.00912368991853644
"NFATC1","MEF2D",0.0496213275102605,0.104,0.104,0.0725666374911339
"NFATC1","MS4A7",0.0408038762672135,0.032,0.032,0.224965882136809
"NFATC1","LYST",0.0400736944952661,0.046,0.046,0.232251028084855
"NFATC1","ZNF274",0.0356093500006945,0.028,0.028,0.166634284956932
"NFATC1","PLAG1",0.0348463324985357,0.056,0.056,0.0995400426819499
"NFATC1","ENC1",0.0347542241321332,0.06,0.06,0.184373452683852
"NFATC1","ATF2",0.0326815013858399,0.044,0.044,0.193302223568922
"NFATC1","ZNF263",0.0294914541459027,0.03,0.03,0.116883285566771
"NFATC1","MTF1",0.0290703788797961,0.028,0.028,0.17434244233959
"NFATC1","LCK",0.027862556490147,0.0530612244897959,0.0530612244897959,0.0152860018510266
"NFATC1","PPAP2B",0.0265826098335169,0.032,0.032,0.172744598766067
"NFATC1","BHLHE22",0.0243189641123224,0.118475959499166,0.118475959499166,0.0314240756740343
"NFATC1","ZFX",0.02130998650175,0.048,0.048,0.0213906643497214
"NFATC1","CCDC141",0.0207021108812338,0.038,0.038,0.246122928171513
"NFATC1","PLEK",0.0190442695761851,0.058,0.058,0.203815589838461
"NFATC1","TFEC",0.0179034935764412,0.052,0.052,0.307920857480879
"NFATC1","PLAGL1",0.0171988842479187,0.036,0.036,0.165480165739627
"NFATC1","S100A4",0.0162154774596338,0.042,0.042,0.0984151712630848
"NFATC1","NR4A3",0.0146736017280091,0.044,0.044,0.239769316651204
"NFATC1","NFAT5",0.0134504109055645,0.03,0.03,0.215166781902523
"NFATC1","PAX5",0.0121176391259376,0.048,0.048,0.369436365924361
"NFATC1","ZKSCAN1",0.0104716571188349,0.032,0.032,-0.0318361530293137
"NFATC1","ASPM",0.0105403341306745,0.042,0.042,-0.223931255752175
"NFATC1","DEPDC1",0.0120701633252387,0.032,0.032,-0.18759181143687
"NFATC1","CKAP2L",0.0124461185195739,0.04,0.04,-0.168709939085563
"NFATC1","CCR5",0.0136723975729904,0.0327779747134586,0.0327779747134586,-0.083360282234213
"NFATC1","TNIK",0.0153698408461388,0.044,0.044,-0.14166101166532
"NFATC1","NFIL3",0.0163201097327541,0.046,0.046,-0.120311262274461
"NFATC1","LIMA1",0.0184596125334165,0.04,0.04,-0.204863850765182
"NFATC1","ZNF143",0.0250646518586379,0.04,0.04,-0.129347634891993
"NFATC2","TEAD2",0.284595954340273,0.086,0.086,0.442676899177029
"NFATC2","VEZF1",0.269134905010614,0.078,0.078,0.249171768266785
"NFATC2","BCL6",0.183325400134623,0.06,0.06,0.32811006921687
"NFATC2","STAT3",0.171977286490122,0.062,0.062,0.539752777574155
"NFATC2","CDK5R1",0.171848608996336,0.052,0.052,0.381752290323519
"NFATC2","ARID5A",0.161067700146388,0.058,0.058,0.554820140172006
"NFATC2","ETS2",0.145643335890553,0.10045756119881,0.10045756119881,0.309013048263988
"NFATC2","KSR1",0.132005193970414,0.042,0.042,0.440581250988005
"NFATC2","DDIT4",0.128462101315289,0.07,0.07,0.372525339363127
"NFATC2","TEF",0.125304099362764,0.048,0.048,0.143387515542291
"NFATC2","S100A4",0.125211320059184,0.064,0.064,0.466300279730383
"NFATC2","BCAT1",0.110001102966421,0.096,0.096,0.529186496540853
"NFATC2","ZNF16",0.0983397349910872,0.05,0.05,0.109808413298406
"NFATC2","DSE",0.0971156938149448,0.042,0.042,0.458568980486423
"NFATC2","GATM",0.0954906529873304,0.096,0.096,0.384228720576684
"NFATC2","MAFG",0.0913190242443777,0.08,0.08,0.380174044530546
"NFATC2","CXCL10",0.0901853255495012,0.066,0.066,0.447536212019262
"NFATC2","SESN1",0.0832304503485482,0.074,0.074,0.0852667886929082
"NFATC2","VRK2",0.0782838710481751,0.04,0.04,0.354223463244616
"NFATC2","ALOX5AP",0.07212577388717,0.062,0.062,0.594509133194218
"NFATC2","ZNF135",0.0707153511208104,0.0356161467358678,0.0356161467358678,0.359497445024899
"NFATC2","MGA",0.065292387558865,0.05,0.05,0.242180620733581
"NFATC2","TCF7L2",0.0652211515741501,0.0383046794475366,0.0383046794475366,0.0447620937973697
"NFATC2","TGIF2",0.063486518516438,0.05,0.05,0.156537960473839
"NFATC2","ACTN1",0.0619634754418315,0.0608357039785611,0.0608357039785611,0.239189364251019
"NFATC2","CYP1B1",0.0585798743640784,0.098,0.098,0.311811198539507
"NFATC2","SRF",0.0581367663204868,0.052,0.052,0.431038097498114
"NFATC2","KLF4",0.0483843288273995,0.102,0.102,0.229562677264393
"NFATC2","LTA",0.0467404258210076,0.03,0.03,0.574647082741527
"NFATC2","NFATC4",0.0458439950340875,0.050696179272241,0.050696179272241,0.02664349180202
"NFATC2","NFATC1",0.0455401857147347,0.036,0.036,0.20344111832019
"NFATC2","ATF2",0.0452567461454868,0.042,0.042,0.200305394822458
"NFATC2","BCAS4",0.0445103660841404,0.046,0.046,0.469838983206597
"NFATC2","RARG",0.0433492552795633,0.062,0.062,0.218395260899359
"NFATC2","HSPB1",0.0415726909923254,0.028,0.028,0.446141109342556
"NFATC2","B4GALT5",0.0392289937508243,0.058,0.058,0.605980477345231
"NFATC2","EMX1",0.0380552588973038,0.0360136213143769,0.0360136213143769,0.180264043275962
"NFATC2","BCAS1",0.0379172613727545,0.036,0.036,0.298332434525573
"NFATC2","E2F6",0.0369076501196069,0.038,0.038,0.162258033950318
"NFATC2","PROX1",0.0366879430920396,0.0522190438427552,0.0522190438427552,0.0958944328877607
"NFATC2","JDP2",0.0359528606386678,0.048,0.048,0.217930642814137
"NFATC2","NFYC",0.0345353544899136,0.054,0.054,0.19708368778697
"NFATC2","IL2RA",0.0332302565929375,0.086,0.086,0.541204675788589
"NFATC2","TRIM22",0.0327751157198653,0.03,0.03,0.340605973281381
"NFATC2","SELL",0.0326240540435076,0.03,0.03,0.247720057033139
"NFATC2","KLF5",0.0322333368976836,0.0366540618408191,0.0366540618408191,0.107914435483595
"NFATC2","ATF6",0.0298366119154725,0.036,0.036,0.131910235173639
"NFATC2","CCDC141",0.0284013530262119,0.01,0.01,0.247503646848786
"NFATC2","AICDA",0.0269164520728426,0.098,0.098,0.365473934376367
"NFATC2","ELF4",0.0250879719674024,0.026,0.026,0.283472248277691
"NFATC2","ZBTB14",0.0237746155798873,0.012,0.012,0.103491162282451
"NFATC2","ETS1",0.0235943204353218,0.032,0.032,0.406627390892905
"NFATC2","HLX",0.0222991629951665,0.0304473304473305,0.0304473304473305,0.219066223555183
"NFATC2","NRL",0.0222114994008378,0.036520925882628,0.036520925882628,0.0216395983043021
"NFATC2","ARL6IP1",0.0215029941019149,0.032,0.032,0.243833540963094
"NFATC2","ACTR3",0.0214599638268884,0.064,0.064,0.407527679206465
"NFATC2","FADS1",0.0203849770337409,0.032,0.032,0.0685148149206571
"NFATC2","PLAGL1",0.0197524847249437,0.018,0.018,0.177767848141517
"NFATC2","ID2",0.0196064965834087,0.028,0.028,0.245359112467088
"NFATC2","RELA",0.0193914249170093,0.042,0.042,0.171749205544425
"NFATC2","RAB13",0.0186554884155356,0.072,0.072,0.375664944142738
"NFATC2","YBX3",0.0168482061587053,0.02,0.02,0.358302572695233
"NFATC2","NKX3-1",0.0162214014377805,0.016040404040404,0.016040404040404,0.184667525356289
"NFATC2","SP4",0.0156185110202194,0.02,0.02,0.127782344572487
"NFATC2","MT1E",0.015355130497871,0.036,0.036,0.168666177493747
"NFATC2","VIM",0.0146760172994592,0.016,0.016,0.345348398470382
"NFATC2","BATF",0.0143451824194383,0.03,0.03,0.559606000136799
"NFATC2","MS4A7",0.0142201199522042,0.03,0.03,0.190178205871469
"NFATC2","POU5F1",0.014122120725919,0.0121224489795918,0.0121224489795918,0.1360828829859
"NFATC2","E2F4",0.0139998807741743,0.02,0.02,0.235622715800181
"NFATC2","SP2",0.0138207532089884,0.028,0.028,0.136664199928971
"NFATC2","STAT5A",0.0133538523075611,0.068,0.068,0.539404302171199
"NFATC2","LCK",0.012872215443656,0.0102040816326531,0.0102040816326531,0.23341360772345
"NFATC2","STK39",0.0123781852827392,0.036,0.036,0.251916039565132
"NFATC2","CCSER2",0.0122945022855601,0.024,0.024,0.342461645651097
"NFATC2","SERBP1",0.0121580787059106,0.03,0.03,0.29847913351638
"NFATC2","CD80",0.0121455931489909,0.044,0.044,0.402002174709721
"NFATC2","NCF2",0.0118085988626135,0.022,0.022,0.491245244350847
"NFATC2","HSPA1A",0.0117693202116035,0.038,0.038,0.259055168734035
"NFATC2","SLC39A14",0.0114852563968159,0.062,0.062,0.196977658997709
"NFATC2","CENPB",0.0113891186615147,0.016,0.016,0.21112051371903
"NFATC2","NDC80",0.0111896452029591,0.016,0.016,0.095825040237941
"NFATC2","EXO1",0.0111144546044878,0.028,0.028,0.191483893476683
"NFATC2","MCM6",0.0108847427101847,0.074,0.074,0.332405248072442
"NFATC2","FBXO5",0.0105317311798346,0.032,0.032,0.102911835729093
"NFATC2","HSPH1",0.0103414710148655,0.052,0.052,0.406605382095133
"NFATC2","HTR3A",0.0103320818869223,0.026,0.026,0.0465043554350609
"NFATC2","AIM1",0.0102260221351847,0.026,0.026,0.400981061704043
"NFATC2","IRF1",0.0108600876966317,0.042,0.042,-0.0332811159547623
"NFATC2","MEIS1",0.0146188956930423,0.0575492486739677,0.0575492486739677,-0.114120966849409
"NFATC2","AQP3",0.0187024093417759,0.072,0.072,-0.128071078294248
"NFATC2","MLXIP",0.021944686301873,0.03,0.03,-0.302950005856337
"NFATC2","PLAG1",0.0285321393763178,0.024,0.024,-0.146775474202174
"NFATC2","EMX2",0.0300665902215319,0.0476390836839645,0.0476390836839645,-0.14208423267398
"NFATC3","NFYB",0.0904659943455186,0.028,0.028,0.290555404028049
"NFATC3","ZNF143",0.0802155176327069,0.058,0.058,0.189228974203287
"NFATC3","PLAGL2",0.0712084571041196,0.046,0.046,0.270874910919038
"NFATC3","SCNN1B",0.0637755294363395,0.068,0.068,0.112401755668029
"NFATC3","CCR5",0.0637099677841706,0.0493635655703281,0.0493635655703281,0.191818518910746
"NFATC3","HOXB4",0.0617353562320918,0.074,0.074,0.116380497106874
"NFATC3","TET1",0.0591726142791764,0.0544473304473304,0.0544473304473304,0.0988549434319483
"NFATC3","VEZF1",0.0406746618299519,0.074,0.074,0.103071791578332
"NFATC3","LPXN",0.0388492247574387,0.022,0.022,0.402766345322978
"NFATC3","MGST1",0.0292095902629746,0.0444755244755245,0.0444755244755245,0.192156853367713
"NFATC3","HLTF",0.0275770618009858,0.024,0.024,0.287281600861704
"NFATC3","ZNF684",0.0271308377113133,0.028,0.028,0.146536420338416
"NFATC3","ATF2",0.0216384529339252,0.034,0.034,0.0716838195319966
"NFATC3","PSPH",0.0209796451309443,0.042,0.042,0.240734636534871
"NFATC3","KLHL21",0.020182602529518,0.016,0.016,0.183180193201593
"NFATC3","ATF3",0.0192009732989835,0.026,0.026,0.150536404840515
"NFATC3","ZNF382",0.0165682082464774,0.0201632653061224,0.0201632653061224,0.0736039357034524
"NFATC3","ZNF740",0.0161898069147069,0.026,0.026,0.101661249129008
"NFATC3","HLX",0.0160468105591182,0.0142032570603999,0.0142032570603999,0.159038048294402
"NFATC3","CDCA8",0.0157840120299127,0.046,0.046,0.289527579739715
"NFATC3","CCNA2",0.0150316242301187,0.022,0.022,0.308621659463169
"NFATC3","ELK3",0.014688986560773,0.05,0.05,0.279727487917812
"NFATC3","AK4",0.0144612697460794,0.034,0.034,0.321581377813587
"NFATC3","TLX2",0.0132086947408279,0.0635108744003856,0.0635108744003856,0.0848104457317398
"NFATC3","TMEM99",0.0126167767290806,0.008,0.008,0.265729703739682
"NFATC3","FOXN3",0.011434628277276,0.028,0.028,0.0125839873157222
"NFATC3","SP2",0.0111900718083578,0.026,0.026,0.0280199712069292
"NFATC3","NFAT5",0.0135145896729403,0.032,0.032,-0.0772395067300011
"NFATC3","TCF7L2",0.014663518746603,0.0384662956091528,0.0384662956091528,-0.0803744125315047
"NFATC3","GFI1",0.0261668382119968,0.0322444856730571,0.0322444856730571,-0.0370037098391667
"NFATC3","HOXA5",0.0319431073643144,0.0701874465271836,0.0701874465271836,-0.0560891715482486
"NFATC3","SP3",0.0378899384637179,0.036,0.036,-0.10090661528336
"NFATC4","HES2",0.0686013367418099,0.0363003663003663,0.0363003663003663,0.0179372800739663
"NFATC4","EMX1",0.0255354798456794,0.0190167795113335,0.0190167795113335,0.0189381817513402
"NFATC4","LGALS3BP",0.0106613269077837,0.072,0.072,0.226085045782638
"NFE2L1","FCRL3",0.460743200561105,0.098,0.098,0.333510223673972
"NFE2L1","POU5F1",0.396756177240289,0.125212286976646,0.125212286976646,0.133092506638275
"NFE2L1","PSAT1",0.204951790362419,0.202,0.202,0.504091828404012
"NFE2L1","ATF4",0.193480920615621,0.182,0.182,0.272227465855128
"NFE2L1","BCL6",0.178076893144688,0.048,0.048,0.220389650255441
"NFE2L1","CEBPG",0.166731412335854,0.13,0.13,0.24091018124172
"NFE2L1","MGA",0.133539463078558,0.04,0.04,0.166549303390912
"NFE2L1","ETS2",0.130636086703847,0.046991535117822,0.046991535117822,0.30129192709308
"NFE2L1","JDP2",0.127026829001372,0.088,0.088,0.270535022296536
"NFE2L1","NFE2L2",0.0902041069161996,0.09,0.09,0.155365447172401
"NFE2L1","HOXB6",0.0901690326087091,0.132801278586748,0.132801278586748,0.11954757854799
"NFE2L1","RBPJ",0.0874187615907781,0.066,0.066,0.139967738995946
"NFE2L1","MSC",0.0846837363590456,0.156,0.156,0.268591721044775
"NFE2L1","STAT6",0.0791846513012739,0.104,0.104,0.367481417363144
"NFE2L1","G0S2",0.06984856010758,0.094,0.094,0.205627682314826
"NFE2L1","CCR7",0.0662179106154627,0.08,0.08,0.494638482018608
"NFE2L1","SLC7A5",0.062717989234108,0.172,0.172,0.294404542771257
"NFE2L1","FAM107B",0.0396661458309083,0.134,0.134,0.364582722012382
"NFE2L1","KLHL21",0.0393133417013806,0.054,0.054,0.199345851186375
"NFE2L1","CXCL10",0.0378303990544195,0.108,0.108,0.196347515289904
"NFE2L1","NR1I2",0.0339809033149171,0.104688163144045,0.104688163144045,0.129659587906793
"NFE2L1","PEA15",0.0327754438643527,0.082,0.082,0.435700691038135
"NFE2L1","TEAD4",0.031163530697743,0.0807475475745273,0.0807475475745273,0.0507307459458742
"NFE2L1","MID1IP1",0.026450263975075,0.064,0.064,0.257832473528219
"NFE2L1","ZNF282",0.0257986647539652,0.042,0.042,0.208930111349654
"NFE2L1","TTN",0.0227433488354517,0.042,0.042,0.181720441115213
"NFE2L1","RAB13",0.0216060174646224,0.082,0.082,0.188361891485944
"NFE2L1","JUP",0.0203420617756666,0.05,0.05,0.0624918719105037
"NFE2L1","SNX10",0.0201463589744055,0.074,0.074,0.492893150033188
"NFE2L1","ZNF140",0.0179107295069727,0.024,0.024,0.120004827729247
"NFE2L1","ZNF740",0.0174250279175088,0.018,0.018,0.0542171709309608
"NFE2L1","BHLHE40",0.0136573976782471,0.036,0.036,0.42957069888693
"NFE2L1","CLOCK",0.0123602358851807,0.026,0.026,0.0845285888067767
"NFE2L1","ASCL1",0.0119726964258758,0.0340808080808081,0.0340808080808081,0.049263854268071
"NFE2L1","CNN2",0.0119470650177403,0.04,0.04,0.392874552254245
"NFE2L1","MT1X",0.0104846463016069,0.036,0.036,0.16112172163443
"NFE2L1","HMX2",0.0143972493699143,0.0595816464237517,0.0595816464237517,-0.0423859003755125
"NFE2L1","RFX1",0.0210156951087663,0.022,0.022,-0.0136915098136675
"NFE2L1","GABPA",0.0220523739172607,0.036,0.036,-0.0967565194346263
"NFE2L1","GLIS3",0.032316547048565,0.0742765567765568,0.0742765567765568,-0.0548913269401386
"NFIA","STAT4",0.109454064442638,0.032,0.032,0.0959695689406212
"NFIA","ARNT2",0.0609950833710242,0.0319139876516926,0.0319139876516926,0.0122757261584297
"NFIA","NEUROG2",0.0542864920630598,0.0328997003349198,0.0328997003349198,0.0135737001611619
"NFIA","ANK3",0.0331698344153308,0.014,0.014,0.113299638663805
"NFIA","SOX2",0.0231988526029872,0.046,0.046,0.0244086309087462
"NFIA","KBTBD11",0.0224493958187858,0.0132356532356532,0.0132356532356532,0.0136032889797857
"NFIA","HHLA2",0.0205737285230156,0.0163273806867327,0.0163273806867327,0.00154528677272134
"NFIA","CLOCK",0.0121981995787968,0.024,0.024,0.0645771764732813
"NFIA","KLF1",0.0121939612344413,0.0189219219219219,0.0189219219219219,0.015016131263307
"NFIA","LIMA1",0.0109294511725312,0.022,0.022,0.0545876440344179
"NFIB","ESRRG",0.0694269271185653,0.0389928292046936,0.0389928292046936,0.0756251816545371
"NFIB","CRX",0.0571815873099136,0.16309811165527,0.16309811165527,0.0374002526407064
"NFIB","NR1H3",0.0437902629754859,0.0264902337067285,0.0264902337067285,0.080697388515414
"NFIB","ANKRD13B",0.0323193980433201,0.0181010101010101,0.0181010101010101,0.0955685501571277
"NFIB","KLF15",0.028334035017165,0.0158847287285877,0.0158847287285877,0.0705261072818616
"NFIB","ELF3",0.0253774858110226,0.0122659373027562,0.0122659373027562,0.0332907256098745
"NFIB","TFAP2E",0.0209322917083505,0.0106700244200244,0.0106700244200244,0.0100513275240902
"NFIB","NHLH1",0.0169844852979864,0.0201237113402062,0.0201237113402062,0.0249017738791342
"NFIB","SOX2",0.0107179971140747,0.04,0.04,0.115045587281142
"NFIC","ESRRA",0.120219795727938,0.092,0.092,0.204044880457313
"NFIC","KSR1",0.096900261995916,0.068,0.068,0.376469428821599
"NFIC","DDIT4",0.0959089994696183,0.058,0.058,0.304569243568266
"NFIC","NEUROD1",0.080604584288948,0.0318526260778678,0.0318526260778678,0.042417247183158
"NFIC","PITX1",0.0779980846130261,0.0918208101042357,0.0918208101042357,0.0165610544118911
"NFIC","EMX1",0.0687726653588136,0.0746839077326763,0.0746839077326763,0.181470450285273
"NFIC","GLIS2",0.0586082764018779,0.161767904102,0.161767904102,0.0826751866094877
"NFIC","ELF4",0.0512632261326066,0.056,0.056,0.291695038888203
"NFIC","DNAJC5B",0.0422518670189175,0.076,0.076,0.127938085136481
"NFIC","S100A4",0.0338657720374959,0.038,0.038,0.360313298558593
"NFIC","NCF2",0.0302802415861862,0.046,0.046,0.384288459898067
"NFIC","TTC39C",0.0283442873130632,0.068,0.068,0.421427049075455
"NFIC","C4BPB",0.02815449866209,0.056,0.056,0.33121383043289
"NFIC","NFATC2",0.0268946367580394,0.046,0.046,0.316396046136782
"NFIC","CDCA7",0.0266577502441036,0.054,0.054,0.338809668695623
"NFIC","CD86",0.022638860464103,0.016,0.016,0.267360918729006
"NFIC","TMOD2",0.0223660802091031,0.028,0.028,0.179327732218086
"NFIC","HINFP",0.020605383466159,0.024,0.024,0.0769658991639412
"NFIC","HOXA5",0.0196253199723822,0.0218346870520784,0.0218346870520784,0.031031510648424
"NFIC","EGR2",0.0150359231688317,0.048,0.048,0.302073631574038
"NFIC","TWIST1",0.0141148327304932,0.0643435530714012,0.0643435530714012,0.121264107599857
"NFIC","BCAS4",0.0133472907066818,0.042,0.042,0.384377637222091
"NFIC","TMEM173",0.0114259607309873,0.04,0.04,0.114961900146964
"NFIC","HSF4",0.0101383154793111,0.0166382978723404,0.0166382978723404,-0.135223686518126
"NFIC","GRHL1",0.0107735960678653,0.0167996453900709,0.0167996453900709,-0.0265222382499353
"NFIC","HOXB3",0.0110345439330305,0.0148695652173913,0.0148695652173913,-0.0441517120450646
"NFIC","NEUROD2",0.0315554873426411,0.0626098094345517,0.0626098094345517,-0.110732844506978
"NFIL3","RASSF6",0.203035516374786,0.062,0.062,0.455681080276265
"NFIL3","ONECUT3",0.0831915757590672,0.0985894465894466,0.0985894465894466,0.0905020545521759
"NFIL3","ESR1",0.0758419694738423,0.066,0.066,0.226003689927063
"NFIL3","HOXB2",0.0728720656265359,0.0407359562381654,0.0407359562381654,0.119136473842476
"NFIL3","ESRRG",0.0483164582105074,0.0397815023216451,0.0397815023216451,0.000217966230817971
"NFIL3","TCN2",0.0409295977609724,0.054,0.054,0.252630533282617
"NFIL3","CADM1",0.0332796759474492,0.042,0.042,0.370504738321391
"NFIL3","ITGA8",0.0314414971582229,0.05,0.05,0.0585195826743208
"NFIL3","ELF3",0.0264138231328915,0.0267199663370503,0.0267199663370503,0.0833943756309459
"NFIL3","BARHL2",0.0185165709462876,0.0241758241758242,0.0241758241758242,0.20115660435522
"NFIL3","LHX8",0.0170074406140228,0.00879315543494648,0.00879315543494648,0.0534685417940555
"NFIL3","DDIT4",0.011381962265657,0.024,0.024,-0.216942233068741
"NFIL3","FOXN3",0.0118492536358522,0.022,0.022,-0.14875766858618
"NFIL3","ZNF460",0.0124820296225452,0.028,0.028,-0.139502478305365
"NFIL3","E2F6",0.0139118298156715,0.026,0.026,-0.077336247794674
"NFIL3","TUBA1A",0.0146001507240742,0.03,0.03,-0.415917841500635
"NFIL3","CCNA1",0.0158797628088807,0.0476188249961041,0.0476188249961041,-0.212143386535517
"NFIL3","TFRC",0.0168439718361242,0.056,0.056,-0.384184166324945
"NFIL3","JDP2",0.0179951421978736,0.028,0.028,-0.1238216192662
"NFIX","EHF",0.127105259146183,0.0794298060254969,0.0794298060254969,0.119191544662468
"NFIX","NFATC4",0.0525494770961536,0.0388768795876191,0.0388768795876191,0.0456144458589786
"NFIX","MS4A7",0.0389419136500664,0.05,0.05,0.186479083912841
"NFIX","RFX4",0.0262105569623416,0.013282006319981,0.013282006319981,0.015535587185988
"NFIX","HOXA1",0.0147045268075766,0.00711552090715804,0.00711552090715804,0.0375600078230443
"NFIX","HHLA2",0.0136194767342237,0.0122453229964276,0.0122453229964276,-0.0107794449461944
"NFKB1","ZNF449",0.444907912971953,0.106,0.106,0.21203843712912
"NFKB1","SPIB",0.286274529571195,0.072,0.072,0.552734609352916
"NFKB1","TRAF1",0.223240967281859,0.074,0.074,0.509864182916962
"NFKB1","STAT6",0.211534160439658,0.154,0.154,0.619789174708969
"NFKB1","LMNA",0.203690990922536,0.148,0.148,0.405939649546718
"NFKB1","AIM1",0.165751146933495,0.05,0.05,0.535395339434213
"NFKB1","CYB5R2",0.165309712467291,0.062,0.062,0.436053041643143
"NFKB1","LAPTM4B",0.164276211063917,0.05,0.05,0.298082323085273
"NFKB1","HLA-DQA1",0.157340796538407,0.04,0.04,0.638752229334335
"NFKB1","MTF1",0.15456351198174,0.098,0.098,0.326930400195396
"NFKB1","FOXK1",0.145118568425736,0.09,0.09,0.196436310684084
"NFKB1","GCM1",0.116965708253834,0.0552778385085048,0.0552778385085048,0.119244387219941
"NFKB1","PEA15",0.111438434164933,0.048,0.048,0.655528700399947
"NFKB1","ATF1",0.106762735478173,0.07,0.07,0.195695450870581
"NFKB1","PPAP2B",0.105789700186195,0.056,0.056,0.197298008062206
"NFKB1","SRF",0.105557945203599,0.044,0.044,0.432802145393577
"NFKB1","BCAT1",0.104172056693768,0.074,0.074,0.492506860829149
"NFKB1","CD96",0.10131815920467,0.034,0.034,0.268173187991706
"NFKB1","PAX5",0.0899278270478905,0.052,0.052,0.596536587122598
"NFKB1","DDX21",0.0867105422440085,0.03,0.03,0.476946017555141
"NFKB1","TFRC",0.085996473091919,0.062,0.062,0.395090408667735
"NFKB1","CRIP2",0.0856771283160622,0.104,0.104,0.272007300221934
"NFKB1","TUBB2A",0.082717073248953,0.03,0.03,0.228384769961397
"NFKB1","CD83",0.0806758571673215,0.16,0.16,0.499209204004549
"NFKB1","HSP90AB1",0.0789698462782858,0.032,0.032,0.520534260345786
"NFKB1","RRM2B",0.0690276286209261,0.056,0.056,0.462711641109835
"NFKB1","ZBED1",0.068494869790159,0.032,0.032,0.323352968999175
"NFKB1","JUP",0.0645409233502897,0.07,0.07,0.336273443520263
"NFKB1","EIF5A",0.0608320720360326,0.022,0.022,0.371986250469605
"NFKB1","MS4A7",0.0573964961742003,0.03,0.03,0.269929615823234
"NFKB1","PASK",0.0533844735004199,0.032,0.032,0.463916505093541
"NFKB1","HCK",0.0528351819299214,0.03,0.03,0.25959423226039
"NFKB1","EMILIN2",0.0512637393682836,0.07,0.07,0.387972469540674
"NFKB1","NOP16",0.0492315519372524,0.04,0.04,0.359251377839308
"NFKB1","SOX13",0.0478992933918266,0.10217520473275,0.10217520473275,0.109067672340113
"NFKB1","SMAD2",0.0464971380334969,0.062,0.062,0.189599670068117
"NFKB1","LTA",0.0462675132617556,0.05,0.05,0.448840881798569
"NFKB1","CD22",0.0455949867721585,0.044,0.044,0.565842884727125
"NFKB1","NAMPT",0.0453169710693598,0.022,0.022,0.410600445106749
"NFKB1","TFAP4",0.042354676462492,0.068,0.068,0.092774520510611
"NFKB1","ANK3",0.0401383988743796,0.056,0.056,0.162916333627254
"NFKB1","RILPL2",0.0387455502808978,0.014,0.014,0.502866635626259
"NFKB1","CDK5R1",0.037434169740905,0.058,0.058,0.305194468681293
"NFKB1","CHORDC1",0.0368575320955868,0.022,0.022,0.389406124849666
"NFKB1","CEBPG",0.0352801012289106,0.05,0.05,0.362228549107442
"NFKB1","RFX1",0.0336982160187522,0.044,0.044,0.116330443171248
"NFKB1","KLF16",0.0335668491768876,0.052,0.052,0.307762210759287
"NFKB1","RBPJ",0.0335585540346465,0.04,0.04,0.286532199715795
"NFKB1","ZBTB7A",0.03086822274007,0.024,0.024,0.244652898299605
"NFKB1","NOLC1",0.030543361271421,0.036,0.036,0.395226603893959
"NFKB1","ZNF282",0.0303937473126306,0.044,0.044,0.182108081525534
"NFKB1","HK1",0.0283369639785993,0.016,0.016,0.445649056786776
"NFKB1","TNF",0.0278248834568665,0.06,0.06,0.5030238538169
"NFKB1","SERPINB9",0.0274377614490159,0.094,0.094,0.493413461443129
"NFKB1","HLA-DRB1",0.0273745012622708,0.028,0.028,0.530513594675195
"NFKB1","TPM3",0.0273268070653725,0.018,0.018,0.559350885522064
"NFKB1","RFX5",0.0265634735288883,0.028,0.028,0.255277112955757
"NFKB1","CNN2",0.0245858428202951,0.034,0.034,0.437583051419305
"NFKB1","EGR3",0.0242605035458239,0.038,0.038,0.138790450676164
"NFKB1","NFIX",0.0241092551742435,0.0340408163265306,0.0340408163265306,0.0269105179068758
"NFKB1","SREBF2",0.0238926787211883,0.016,0.016,0.20763607724875
"NFKB1","ARL13B",0.0230495860248333,0.034,0.034,0.245094413855841
"NFKB1","PMAIP1",0.0226954610611739,0.048,0.048,0.562197346249559
"NFKB1","PIK3CD",0.0225639476155116,0.016,0.016,0.529984267764073
"NFKB1","INSM1",0.0218099916505879,0.0175332910589727,0.0175332910589727,0.121428255680364
"NFKB1","YY1",0.021631323169232,0.042,0.042,0.477607574183361
"NFKB1","DUSP2",0.0211159543995213,0.044,0.044,0.461178810134727
"NFKB1","SNX10",0.0209672529756897,0.056,0.056,0.569598165755499
"NFKB1","VEZF1",0.0207829230714739,0.026,0.026,0.228335217982334
"NFKB1","POLD3",0.0198340021464834,0.036,0.036,0.349164835353552
"NFKB1","STEAP3",0.0195775931283005,0.02,0.02,0.173011773796706
"NFKB1","LCK",0.0187851630862098,0.0224489795918367,0.0224489795918367,0.226990273498907
"NFKB1","C1orf162",0.0178722096124507,0.018,0.018,0.33572420425963
"NFKB1","PPM1G",0.0176822081149294,0.012,0.012,0.324711917378241
"NFKB1","IL2RA",0.0175657866592457,0.026,0.026,0.452009266397128
"NFKB1","CENPV",0.0172121220709932,0.074,0.074,0.215634977348151
"NFKB1","SET",0.0166473945565026,0.018,0.018,0.439495820999395
"NFKB1","ZNF684",0.0157189555627081,0.026,0.026,0.020077242682039
"NFKB1","TRIAP1",0.0153419032642125,0.02,0.02,0.321546298555005
"NFKB1","RREB1",0.0146777321914663,0.034,0.034,0.0696105344085716
"NFKB1","KIF2A",0.0145455619448117,0.01,0.01,0.379002589375086
"NFKB1","SYT11",0.0141766375190905,0.01,0.01,0.396326989717319
"NFKB1","SOX15",0.0140634494582626,0.0116279069767442,0.0116279069767442,0.146472881088655
"NFKB1","ZNF354C",0.013996298312438,0.034,0.034,0.315773708261334
"NFKB1","ZBTB14",0.0138975889086663,0.018,0.018,0.0938657129112396
"NFKB1","KLF5",0.0137783495129192,0.0176930596285435,0.0176930596285435,0.102898207060701
"NFKB1","IRF8",0.0136374076602602,0.062,0.062,0.466173412427281
"NFKB1","HSP90AA1",0.0134480012838576,0.02,0.02,0.402220888514338
"NFKB1","DNAJA1",0.0133552847283629,0.016,0.016,0.397403215768996
"NFKB1","ALPL",0.0129707555758064,0.048,0.048,0.232141552594094
"NFKB1","HLA-DRA",0.0123698207280698,0.032,0.032,0.587293960703163
"NFKB1","ADCY1",0.012041107161111,0.008,0.008,0.286578174702477
"NFKB1","NR1D1",0.011813759930113,0.0141830677913152,0.0141830677913152,0.0101793939240146
"NFKB1","HES1",0.011764695388473,0.02,0.02,0.265284861862518
"NFKB1","CFL1",0.0116916645895749,0.026,0.026,0.415754154234026
"NFKB1","ZNF460",0.011607731817961,0.012,0.012,0.195651781978226
"NFKB1","ATIC",0.0115528411276849,0.022,0.022,0.291451014338845
"NFKB1","GRPEL1",0.01152014158177,0.014,0.014,0.319229735489267
"NFKB1","BCL6B",0.0113261662565488,0.0312993742654846,0.0312993742654846,0.0927962204581751
"NFKB1","DLL1",0.0112209784514545,0.024,0.024,0.187029917430016
"NFKB1","CCDC152",0.011086044262166,0.016,0.016,0.272919505075957
"NFKB1","SRSF2",0.0103219623554256,0.024,0.024,0.380381374988366
"NFKB1","REL",0.0102280757753894,0.086,0.086,0.394748159013944
"NFKB1","STAT5A",0.0101037446540626,0.042,0.042,0.567816216040287
"NFKB1","HSPD1",0.0100900106913076,0.056,0.056,0.356169701550974
"NFKB1","IRF9",0.0112863608639478,0.022,0.022,-0.0529916204211085
"NFKB1","GMEB1",0.0132204156135821,0.02,0.02,-0.00234050413560065
"NFKB1","MLXIPL",0.0151772909462,0.0710349531116795,0.0710349531116795,-0.0503895099807371
"NFKB1","HFE",0.0191772127347412,0.0382626262626263,0.0382626262626263,-0.134028073025046
"NFKB1","GATA3",0.0197987526983616,0.0347239527389903,0.0347239527389903,-0.0260452370739022
"NFKB1","HOXB3",0.0235073311941978,0.0274630545508231,0.0274630545508231,-0.144039654090016
"NFKB1","ELK3",0.0240233582179634,0.068,0.068,-0.166964655857361
"NFKB1","IGJ",0.0265107054731375,0.02,0.02,-0.590743853633907
"NFKB1","TBX6",0.0478414532559378,0.0880925209598656,0.0880925209598656,-0.0778389480300347
"NFKB1","ZBTB26",0.0487700760667263,0.054,0.054,-0.136028749751771
"NFKB1","ZKSCAN5",0.06960165705399,0.032,0.032,-0.00263577041291703
"NFKB1","FOXJ2",0.0716854389422228,0.088,0.088,-0.0951017929232087
"NFKB1","MLXIP",0.150116045615059,0.036,0.036,-0.410792519215033
"NFKB2","TCFL5",0.263283706789411,0.092,0.092,0.408129088191251
"NFKB2","FOXK1",0.15695279798498,0.084,0.084,0.177052193522105
"NFKB2","PROX1",0.154987163761485,0.0630791888523847,0.0630791888523847,0.0878808322240202
"NFKB2","ELF2",0.12385158679536,0.042,0.042,0.452505187929366
"NFKB2","RBPJ",0.111931075750973,0.03,0.03,0.285831769266917
"NFKB2","ZEB1",0.109057865793234,0.134,0.134,0.528434600111461
"NFKB2","ETV6",0.108491484267375,0.068,0.068,0.296958574148347
"NFKB2","B3GNT7",0.0612633328974299,0.034,0.034,0.328578033716238
"NFKB2","CD22",0.0597460027757074,0.044,0.044,0.532760762637654
"NFKB2","DLL1",0.0542735873909193,0.056,0.056,0.396258667654689
"NFKB2","AIM1",0.0506116709308573,0.04,0.04,0.440904568257411
"NFKB2","PMAIP1",0.0475681647451174,0.084,0.084,0.691441619323384
"NFKB2","PLD4",0.0432453138524653,0.036,0.036,0.376685136749858
"NFKB2","CD83",0.040751720596022,0.024,0.024,0.724055900166397
"NFKB2","RELB",0.0320420623191892,0.05,0.05,0.443319199229318
"NFKB2","RILPL2",0.0319573463476117,0.028,0.028,0.465706213022822
"NFKB2","HMBOX1",0.0318938761808575,0.04,0.04,0.0732817851944011
"NFKB2","CAMK2N1",0.0309060329689636,0.064,0.064,0.415517531174066
"NFKB2","NFKBID",0.0272050734991635,0.056,0.056,0.705315307392572
"NFKB2","VEZF1",0.0259149033785948,0.032,0.032,0.158210229785512
"NFKB2","PIK3CD",0.0233976286015617,0.06,0.06,0.435354100627386
"NFKB2","SPDEF",0.0220578423212351,0.056,0.056,0.188431117256673
"NFKB2","NCF2",0.018787099784305,0.07,0.07,0.170740817750422
"NFKB2","NFKB1",0.0186782190402802,0.028,0.028,0.446083124386967
"NFKB2","MTF1",0.0180699070485976,0.02,0.02,0.294630337722251
"NFKB2","SPIB",0.017737287390651,0.064,0.064,0.39884263793736
"NFKB2","CREB1",0.0172149574906993,0.018,0.018,0.181114282189547
"NFKB2","C20orf195",0.0169967373743038,0.02,0.02,0.269757973192104
"NFKB2","REL",0.0166618816622658,0.038,0.038,0.780937341469802
"NFKB2","FOSB",0.015893137675516,0.026,0.026,0.555072631483898
"NFKB2","ZNF263",0.0157937094422251,0.028,0.028,0.134299094764054
"NFKB2","CDK5R1",0.015793670255867,0.028,0.028,0.345235651715576
"NFKB2","HLA-DRB1",0.0157155411864485,0.028,0.028,0.571303659094262
"NFKB2","FOXO1",0.0130900378975795,0.028,0.028,0.12932345940776
"NFKB2","ZNF460",0.0129159702595885,0.02,0.02,0.188345122045584
"NFKB2","SRF",0.0126571388801052,0.054,0.054,0.136955511196556
"NFKB2","TUBB2A",0.0123012187048799,0.044,0.044,0.0760498540568114
"NFKB2","BBC3",0.0121415254659641,0.008,0.008,0.348003482735258
"NFKB2","RFX1",0.0119842175569132,0.012,0.012,0.164112975071728
"NFKB2","FAM167A",0.011517904820096,0.016,0.016,0.343020304007461
"NFKB2","CCDC152",0.010637312093479,0.032,0.032,0.0492146124035697
"NFKB2","XBP1",0.0127981542228417,0.054,0.054,-0.589139171224418
"NFKB2","KIF2C",0.0128520149305858,0.044,0.044,-0.253654541342383
"NFKB2","ATF1",0.0129608134543141,0.028,0.028,-0.0520393781563608
"NFKB2","TFDP1",0.0132572730473917,0.062,0.062,-0.156810412785514
"NFKB2","KLF5",0.0144408217949823,0.0299717034521788,0.0299717034521788,-0.103871199011011
"NFKB2","MID1IP1",0.0145246844602815,0.054,0.054,-0.201027678181141
"NFKB2","CDC20",0.0148668920968896,0.044,0.044,-0.219825726984009
"NFKB2","CHEK1",0.0151846096165903,0.04,0.04,-0.17374839989844
"NFKB2","CENPV",0.0152394695273947,0.05,0.05,-0.065248018204372
"NFKB2","MT1E",0.0158057641349536,0.036,0.036,-0.258096717748708
"NFKB2","XAF1",0.016581208161866,0.038,0.038,-0.260784539133841
"NFKB2","INSIG1",0.0192449648028373,0.05,0.05,-0.233005529069427
"NFKB2","MNT",0.0203114374795987,0.008,0.008,-0.0208055563220431
"NFKB2","BHLHA15",0.0218125604946788,0.0615511025514113,0.0615511025514113,-0.0698659447691087
"NFKB2","ZNF684",0.0241709937811308,0.03,0.03,-0.140200184388931
"NFKB2","GRHL1",0.0250102974793858,0.0296099290780142,0.0296099290780142,-0.0700027199743126
"NFKB2","MIXL1",0.0257627398378242,0.024,0.024,-0.355078068265618
"NFKB2","IL1RN",0.0316127579657809,0.068,0.068,-0.162307343506156
"NFKB2","CEBPD",0.0394430481549816,0.0494446489936181,0.0494446489936181,-0.0655063690577181
"NFKB2","DBP",0.0410214833888646,0.06,0.06,-0.09543853215854
"NFKB2","DLX4",0.0419457509462468,0.0682225663526476,0.0682225663526476,-0.09770920987645
"NFKB2","SLC7A5",0.0454334553798093,0.05,0.05,-0.444747870385567
"NFKB2","ZBTB7B",0.0480924303490308,0.056,0.056,-0.202071280712282
"NFKB2","TET1",0.0499435166925933,0.0442234590806019,0.0442234590806019,-0.19935558142223
"NFKB2","UCHL1",0.0622355134674771,0.034,0.034,-0.377736953033556
"NFKB2","AQP3",0.0640655606996901,0.04,0.04,-0.552536201976002
"NFKB2","IGJ",0.0754427465660483,0.03,0.03,-0.682821142069331
"NFKB2","MTDH",0.0855872784039033,0.082,0.082,-0.45787186928845
"NFKB2","SCRT1",0.0865420964945155,0.169405398523046,0.169405398523046,-0.0788430480471725
"NFKB2","HOXB3",0.109744373133196,0.0735490268448119,0.0735490268448119,-0.165357815248768
"NFKB2","PITX1",0.111386937572215,0.0741556795358794,0.0741556795358794,-0.142247866732358
"NFKB2","ZNF143",0.177344213323948,0.082,0.082,-0.255319349024202
"NFYA","NEUROD2",0.155810702151868,0.103266270956993,0.103266270956993,0.202107734386526
"NFYA","ELK1",0.0575115572027517,0.07,0.07,0.157385563894088
"NFYA","APEX1",0.0566118923295641,0.038,0.038,0.207055273902696
"NFYA","TCF12",0.0555311142449012,0.04,0.04,0.190161366712905
"NFYA","MZT1",0.0477224995683902,0.038,0.038,0.179413915233874
"NFYA","HPGD",0.0416937462287256,0.038,0.038,0.119469759813773
"NFYA","SELL",0.0386942854801327,0.02,0.02,0.210432816941024
"NFYA","C1orf228",0.0349779714894945,0.086,0.086,0.0499922408456268
"NFYA","CYCS",0.0273070418187547,0.032,0.032,0.181484571866678
"NFYA","HOXB3",0.0259838175229361,0.0271752171452474,0.0271752171452474,0.0729680287353507
"NFYA","GATA3",0.0257139736294053,0.0186079484425349,0.0186079484425349,0.0259373381038223
"NFYA","MEF2C",0.0256451819682269,0.052,0.052,0.213834092034865
"NFYA","HLTF",0.024078115545395,0.014,0.014,0.157201108661464
"NFYA","FAM129A",0.0236989965423575,0.014,0.014,0.18153189014103
"NFYA","CALM2",0.0233446661129405,0.018,0.018,0.214698787895348
"NFYA","CKS2",0.023278792775736,0.022,0.022,0.152213936378565
"NFYA","MSMO1",0.0231047677123222,0.026,0.026,0.184668906456522
"NFYA","POLR1E",0.0208110911262273,0.034,0.034,0.136007550446669
"NFYA","MRPL37",0.0178131765088805,0.028,0.028,0.191129898703001
"NFYA","HSPA8",0.0170906519966942,0.03,0.03,0.232795261669224
"NFYA","HOXB7",0.0138369649030464,0.022,0.022,0.0970874632281081
"NFYA","BHLHE22",0.0134958840653957,0.00792043399638336,0.00792043399638336,0.035257115833017
"NFYA","HIST1H2BJ",0.0133697389183003,0.022,0.022,0.123702708544753
"NFYA","H2AFZ",0.0111232149401453,0.01,0.01,0.143523325199816
"NFYA","PLK1",0.0110961623221368,0.012,0.012,0.0550167744637707
"NFYA","HIC1",0.0107398767823374,0.004,0.004,0.00268391169851856
"NFYA","DBP",0.0106624086767342,0.014,0.014,0.0473612102079889
"NFYA","HES6",0.0151059733562484,0.03,0.03,-0.0863987491117497
"NFYA","FOXO4",0.023277526989314,0.028,0.028,-0.0918270658493165
"NFYA","MNT",0.0351124094699781,0.046,0.046,-0.096591516880617
"NFYB","ZBTB7C",0.479523881735196,0.273756572842561,0.273756572842561,0.113526941980423
"NFYB","LPXN",0.196995000981271,0.046,0.046,0.504367778960145
"NFYB","E2F3",0.181070452370695,0.054,0.054,0.35222940964652
"NFYB","HOXC4",0.117921326444533,0.088,0.088,0.237352215017871
"NFYB","SNRPG",0.109322840932972,0.044,0.044,0.47842346789654
"NFYB","CALM2",0.102914939249231,0.054,0.054,0.463457562305971
"NFYB","GATM",0.100282855442735,0.036,0.036,0.350899478502425
"NFYB","OSR2",0.0911599352193549,0.0831919762403233,0.0831919762403233,0.123012073132459
"NFYB","IRF2",0.0792300853819145,0.044,0.044,0.474720022434601
"NFYB","NFYA",0.0787503297309363,0.05,0.05,0.203771008976251
"NFYB","LAPTM4B",0.0704588396309031,0.066,0.066,0.259263380178554
"NFYB","PPARA",0.0699033052714202,0.068,0.068,0.0977872651304523
"NFYB","PAPD5",0.063429751156546,0.028,0.028,0.37206011646821
"NFYB","SRSF2",0.0627208832409833,0.052,0.052,0.401340042419432
"NFYB","CCNA2",0.0577106917475744,0.056,0.056,0.35608788582657
"NFYB","DEPDC1",0.0517806642008383,0.038,0.038,0.277516987342265
"NFYB","CYCS",0.047514345992327,0.034,0.034,0.420164567443174
"NFYB","H2AFZ",0.0471295557431496,0.044,0.044,0.391585692230612
"NFYB","NQO1",0.045653756173011,0.05,0.05,0.364441864716039
"NFYB","MSMO1",0.0429064893086672,0.026,0.026,0.346704064382205
"NFYB","NFATC3",0.042259790706894,0.016,0.016,0.290555404028049
"NFYB","FBXO5",0.0422365066697525,0.056,0.056,0.347999940790053
"NFYB","BZW2",0.0377652003183261,0.054,0.054,0.406516552771392
"NFYB","CDKN1C",0.0376701197099002,0.082,0.082,0.173103257091133
"NFYB","GMNN",0.0365829750681851,0.048,0.048,0.404532306306817
"NFYB","HN1",0.0363576425829628,0.054,0.054,0.401797156230995
"NFYB","CKAP2L",0.0358876992807157,0.032,0.032,0.241485729950606
"NFYB","ZNF282",0.0352328011544646,0.036,0.036,0.200852841432735
"NFYB","MID1IP1",0.0336118112939553,0.028,0.028,0.269080101341983
"NFYB","SP4",0.0331632758213526,0.038,0.038,0.140340248122065
"NFYB","MSX1",0.0331005109727521,0.07,0.07,0.0243414674720619
"NFYB","SP1",0.0330050030124217,0.034,0.034,0.141193400349243
"NFYB","TPI1",0.028539081374798,0.026,0.026,0.402185992449567
"NFYB","CKS2",0.0278689285644103,0.028,0.028,0.399738961679558
"NFYB","CCNB1",0.0265338032562216,0.044,0.044,0.306147181172891
"NFYB","ZKSCAN5",0.0260771877461454,0.044,0.044,0.0719581413224076
"NFYB","GLO1",0.0260226373072601,0.03,0.03,0.394763095156736
"NFYB","RFX2",0.0243644782134274,0.0220816326530612,0.0220816326530612,0.178554803836324
"NFYB","RANBP1",0.0240461195918853,0.044,0.044,0.409800499003337
"NFYB","CDK1",0.023270440489106,0.064,0.064,0.329415650814931
"NFYB","HNRNPAB",0.0220869198815331,0.032,0.032,0.444077560753736
"NFYB","PRC1",0.0220096879558904,0.044,0.044,0.273287278436304
"NFYB","MIXL1",0.021302440451292,0.074,0.074,0.209946933549021
"NFYB","DLX6",0.0207310187191916,0.0240217969165338,0.0240217969165338,0.0208186434015785
"NFYB","FABP5",0.0206713530977572,0.05,0.05,0.371454745153056
"NFYB","HIST1H4C",0.0197412121094393,0.084,0.084,0.314968433177949
"NFYB","CCR10",0.019586481921995,0.044,0.044,0.16204342255087
"NFYB","CCNB2",0.0189790313069082,0.038,0.038,0.295226651053042
"NFYB","RFX5",0.0188567094064628,0.022,0.022,0.173749902170396
"NFYB","SLC41A1",0.0184769726834711,0.022,0.022,0.338913814019856
"NFYB","YBX1",0.0183927871324201,0.038,0.038,0.25409848502662
"NFYB","TEF",0.0165762866037217,0.018,0.018,0.0454337821840996
"NFYB","CCT6A",0.0152161053123968,0.034,0.034,0.384233936313063
"NFYB","TUBB",0.0149618712008027,0.046,0.046,0.328531293837951
"NFYB","PKNOX1",0.0144263025902594,0.01,0.01,0.234013817509943
"NFYB","BIRC5",0.0143367082540426,0.048,0.048,0.302985771776829
"NFYB","HMGCS1",0.0142101168072355,0.028,0.028,0.339117788236794
"NFYB","GRPEL1",0.0133589491342362,0.018,0.018,0.30553739170504
"NFYB","SCRT1",0.0133175923279968,0.00839572192513369,0.00839572192513369,0.00552099721431278
"NFYB","IFI27",0.013214877019343,0.06,0.06,0.165563154624387
"NFYB","POLR1E",0.0131038521710555,0.022,0.022,0.308152291224467
"NFYB","HOXA9",0.01282232145547,0.0973909411905086,0.0973909411905086,0.115770272021558
"NFYB","HSF2",0.0126257661007002,0.026,0.026,0.078829251215573
"NFYB","NEUROD2",0.0126234817209145,0.0262424242424242,0.0262424242424242,0.0294739200109677
"NFYB","UBE2C",0.0124350421147991,0.034,0.034,0.279768516633301
"NFYB","ARL6IP1",0.012337137193932,0.034,0.034,0.193330800882042
"NFYB","STAT3",0.012222162666483,0.02,0.02,0.162872078862323
"NFYB","FNIP2",0.0120342773528523,0.012,0.012,0.235118588110135
"NFYB","TGIF2",0.0114856924163453,0.012,0.012,0.204916522783753
"NFYB","POLR3K",0.0111837510923938,0.018,0.018,0.421564467759938
"NFYB","BAX",0.0106373410454578,0.012,0.012,0.330076243104216
"NFYB","DIAPH3",0.010127085285581,0.054,0.054,0.298066943724878
"NFYB","ARNT",0.0101075056065006,0.008,0.008,0.100219221343454
"NFYB","PRR5L",0.0100603268972775,0.024,0.024,0.221871258308141
"NFYB","ZBTB7B",0.0102499425792099,0.032,0.032,-0.00891009420264406
"NFYB","MEIS1",0.0191774915312475,0.0103750539825263,0.0103750539825263,-0.0577972476592314
"NFYB","DBP",0.0248068526804833,0.038,0.038,-0.032167053864003
"NFYC","POU3F1",0.409511751127461,0.082,0.082,0.0276157472426123
"NFYC","INSM1",0.106913151386848,0.0915428359853429,0.0915428359853429,0.0798886846804981
"NFYC","JDP2",0.0504980515386512,0.058,0.058,0.120812488248502
"NFYC","WARS",0.045808552027714,0.026,0.026,0.314002592199747
"NFYC","LAPTM4B",0.0441355015850166,0.052,0.052,0.231345743494226
"NFYC","MNT",0.0294982366818602,0.026,0.026,0.0409127352039782
"NFYC","HLTF",0.0253533706921733,0.04,0.04,0.304417444887531
"NFYC","FOXP2",0.0232790695910352,0.012172324688211,0.012172324688211,0.0315091589098508
"NFYC","CDKN1A",0.0227328269318702,0.018,0.018,0.284758774813392
"NFYC","FAM92B",0.0182046073933559,0.032,0.032,0.0192866595962825
"NFYC","GFI1",0.0156862420436999,0.0262440733869305,0.0262440733869305,0.00325922054712011
"NFYC","MAF",0.0149815748181378,0.04,0.04,0.0438342675855701
"NFYC","CREB3L4",0.0146346737058165,0.034,0.034,0.0964140324472559
"NFYC","PTMS",0.0144094674155374,0.032,0.032,0.246756649843424
"NFYC","TGIF2",0.0143177604132358,0.028,0.028,0.0776779653711736
"NFYC","POLR1E",0.0136731626541892,0.034,0.034,0.317407157713593
"NFYC","RUNX1",0.0134023510086542,0.028,0.028,0.0584138938663842
"NFYC","ETV2",0.0132615083678972,0.0148936170212766,0.0148936170212766,0.0261728883221876
"NFYC","IL10",0.0120553212919253,0.026,0.026,0.267923844632121
"NFYC","ARL6IP1",0.0112493163543403,0.034,0.034,0.24718683264006
"NFYC","CCT7",0.0109752450812197,0.036,0.036,0.379825149355034
"NFYC","ZNF460",0.0106383447531319,0.032,0.032,0.0837686132931803
"NFYC","ZNF135",0.0105073951618076,0.0838016206962352,0.0838016206962352,0.137072807556136
"NFYC","PPARD",0.0134158719998809,0.026,0.026,-0.0996153134228362
"NFYC","KLF12",0.0273221088856377,0.062,0.062,-0.180079909013843
"NFYC","DDIT3",0.0286500340900506,0.05,0.05,-0.0522239071754151
"NFYC","DUSP8",0.0386407188911571,0.076,0.076,-0.0637707036276133
"NFYC","MAFF",0.040012287385462,0.01,0.01,-0.0309749252495521
"NFYC","HOXB3",0.0403214987289839,0.0547888093304791,0.0547888093304791,-0.0586892597825733
"NFYC","NR1H2",0.0415978529288096,0.108,0.108,-0.105090192415376
"NFYC","MSX1",0.0971379245970899,0.026,0.026,-0.0408781810432044
"NHLH1","TFAP2E",0.137933786454061,0.0735355537932857,0.0735355537932857,0.103517745239254
"NHLH1","NR2F6",0.0945959026169632,0.0785567010309278,0.0785567010309278,0.1407912076407
"NHLH1","HOXC8",0.0486135615871811,0.0407196489912552,0.0407196489912552,0.0599823568727312
"NHLH1","EMP1",0.0482595713257586,0.0541212121212121,0.0541212121212121,0.031844143803602
"NHLH1","BHLHE22",0.0445477652525338,0.0277563802036376,0.0277563802036376,0.0513860217586298
"NHLH1","ZNF384",0.0317569162879983,0.04,0.04,0.0542300977896259
"NHLH1","ARNT2",0.031268195073767,0.128397249380856,0.128397249380856,0.00755214384121166
"NHLH1","MLXIP",0.0287112695627451,0.072,0.072,0.158514754681254
"NHLH1","TAS1R3",0.023212211435336,0.014,0.014,0.0636842914566023
"NHLH1","HLF",0.0224298325029471,0.0817023362380658,0.0817023362380658,0.0221932862089497
"NHLH1","HOXC4",0.0221169536298503,0.036,0.036,0.0853983617816114
"NHLH1","GFI1",0.0200783494970187,0.0120816326530612,0.0120816326530612,0.0730382056746145
"NHLH1","GLIS3",0.0182431757020953,0.0125,0.0125,0.0325321807530053
"NHLH1","LAG3",0.015488267314459,0.016,0.016,0.0445838715155504
"NHLH1","NKX6-3",0.0131098798372171,0.00659501709819248,0.00659501709819248,0.0211782926575156
"NHLH1","ETV4",0.164356537885986,0.05,0.05,-0.00467166872440915
"NHLH2","HES2",0.236717048547488,0.107008547008547,0.107008547008547,0.291790623705023
"NHLH2","SNAI2",0.135337510365477,0.119871139796513,0.119871139796513,0.0943800507621349
"NHLH2","GATA2",0.0754942368435094,0.0576911615710114,0.0576911615710114,0.0944596158332596
"NHLH2","SOX11",0.0406344811473933,0.0277016885553471,0.0277016885553471,0.119028820861348
"NHLH2","INA",0.0399000786201748,0.0549927934735458,0.0549927934735458,0.156910827697898
"NHLH2","MYH10",0.0265818077302521,0.0183673469387755,0.0183673469387755,0.154368358584252
"NHLH2","PIK3R6",0.0132141870589726,0.006,0.006,0.159575690949437
"NHLH2","EMP1",0.0114719860212954,0.00802020202020202,0.00802020202020202,0.156377173291819
"NKX2-2","MECOM",0.0171924793090318,0.0374387501479465,0.0374387501479465,0.0107342564977523
"NKX6-1","MEIS3",0.0646785706459945,0.0429323632575665,0.0429323632575665,0.204131938683138
"NKX6-1","NR5A2",0.0601363384221839,0.0422767952796137,0.0422767952796137,0.127407460418364
"NKX6-1","CREB3L1",0.0520088801646664,0.0260977630488815,0.0260977630488815,0.0480608003929984
"NKX6-3","ESR1",0.146246995034584,0.052,0.052,0.202194968336383
"NKX6-3","HOXD3",0.101475651584761,0.0698228901480934,0.0698228901480934,0.122025372340557
"NKX6-3","TIMD4",0.0546181212394024,0.036,0.036,0.188413821068044
"NKX6-3","RFX4",0.0465624818144755,0.0237845487845488,0.0237845487845488,0.0338159296581064
"NKX6-3","TET1",0.0245304295114026,0.0141220366934653,0.0141220366934653,0.139748473566588
"NKX6-3","ZNF143",0.0226023384605667,0.01,0.01,0.0941195594656909
"NKX6-3","LIMA1",0.0219547582867299,0.046,0.046,0.103507943998703
"NR1D1","TBP",0.126537100451242,0.042,0.042,0.170649206924139
"NR1D1","HOXA5",0.123226406087101,0.0576789742108246,0.0576789742108246,0.0794973569161758
"NR1D1","OSR2",0.120430251901177,0.0854793320025318,0.0854793320025318,0.130745510974012
"NR1D1","KISS1R",0.0984418783915153,0.0828282828282828,0.0828282828282828,0.211846185604293
"NR1D1","ZBTB32",0.0937546309281163,0.034,0.034,0.213461397025256
"NR1D1","TMEM173",0.0620283326122665,0.024,0.024,0.187159929947725
"NR1D1","CD3EAP",0.0549019037901032,0.032,0.032,0.22388879126901
"NR1D1","GATM",0.0540840337262312,0.018,0.018,0.162453735094177
"NR1D1","TFRC",0.0531490629035173,0.022,0.022,0.189021140106681
"NR1D1","MT1E",0.052821106608888,0.018,0.018,0.147254484367186
"NR1D1","GPATCH4",0.0461251327514184,0.07,0.07,0.279283259945209
"NR1D1","VRK2",0.0446381634608977,0.016,0.016,0.151222739369451
"NR1D1","TUBB2A",0.0437959341201532,0.06,0.06,0.132487756743118
"NR1D1","SLC29A1",0.0435380761301845,0.03,0.03,0.230522101675902
"NR1D1","BARHL2",0.0424560744293325,0.0286935286935287,0.0286935286935287,0.0829834137053066
"NR1D1","SLC7A5",0.0408804745210523,0.022,0.022,0.198402448012181
"NR1D1","TESC",0.0406921433309814,0.032,0.032,0.200210712929408
"NR1D1","ZNF282",0.0400489063770921,0.02,0.02,0.121339605965382
"NR1D1","STIP1",0.0372676818016517,0.022,0.022,0.242760222861884
"NR1D1","SNTA1",0.0367016583454561,0.024,0.024,0.125472341770153
"NR1D1","PAICS",0.0353487693609042,0.02,0.02,0.222355941673024
"NR1D1","CCDC86",0.0352441841263117,0.036,0.036,0.229053289384351
"NR1D1","MID1IP1",0.0326774877818135,0.012,0.012,0.151877023719249
"NR1D1","CD70",0.0325049285262947,0.03,0.03,0.181483557677938
"NR1D1","FOXP2",0.0289300150749307,0.019667189940937,0.019667189940937,0.00762092112658008
"NR1D1","POLR3K",0.0288494655309565,0.02,0.02,0.199839917780662
"NR1D1","FAM101B",0.0283882332220642,0.04,0.04,0.158919544953214
"NR1D1","PIK3R6",0.0260463451296399,0.02,0.02,0.0813096281189021
"NR1D1","INA",0.0224513972245201,0.0239830401746358,0.0239830401746358,0.078409061019256
"NR1D1","FKBP4",0.0223871186921478,0.012,0.012,0.227469193065535
"NR1D1","EIF5A",0.0203740359496354,0.012,0.012,0.115455643561218
"NR1D1","ZNF410",0.0201451616165485,0.0254895302773062,0.0254895302773062,0.0430401764298759
"NR1D1","HNRNPAB",0.0199303169677643,0.014,0.014,0.202945994501345
"NR1D1","PLK1",0.0177330802343568,0.01,0.01,0.16936416007175
"NR1D1","LCP1",0.0171193427497173,0.02,0.02,0.185996127631677
"NR1D1","HHLA2",0.016726428079975,0.020450666989695,0.020450666989695,0.10892884806907
"NR1D1","C4BPB",0.0165288645025445,0.03,0.03,0.0517190309529329
"NR1D1","POLD3",0.0153511903433734,0.01,0.01,0.15678439055322
"NR1D1","PRR5L",0.0142945274232756,0.034,0.034,0.170191565589899
"NR1D1","CMTM3",0.0141034892716474,0.016,0.016,0.176375704295028
"NR1D1","HES7",0.014099879925303,0.0296666666666667,0.0296666666666667,0.0968074170582812
"NR1D1","CDKN1C",0.0133825838247001,0.05,0.05,0.0578377053650511
"NR1D1","CCT6A",0.0128494457405138,0.018,0.018,0.217765084578717
"NR1D1","SNRPG",0.0124474087383896,0.016,0.016,0.180008481454581
"NR1D1","PSAT1",0.0122217360607638,0.012,0.012,0.156668691213998
"NR1D1","FDXR",0.0118984501579451,0.01,0.01,0.19469413488397
"NR1D1","POLR3G",0.0108191500181865,0.012,0.012,0.18372213074036
"NR1D1","KPNB1",0.0105213248647176,0.01,0.01,0.238275608119059
"NR1D1","IL2RB",0.0100514721712888,0.012,0.012,0.177022493409561
"NR1D2","SYCP2",0.13842506926819,0.086,0.086,0.2467177765273
"NR1D2","EOMES",0.127317650385838,0.068,0.068,0.173955257775347
"NR1D2","ANK3",0.114426746918555,0.056,0.056,0.226619373192723
"NR1D2","GABPA",0.0783064909295982,0.05,0.05,0.239299140620754
"NR1D2","SPDEF",0.0658754544791793,0.08,0.08,0.219181743293318
"NR1D2","TCF7",0.0657543581153016,0.12,0.12,0.473431393742835
"NR1D2","LYST",0.0479461566049788,0.052,0.052,0.213311271253698
"NR1D2","GNAZ",0.0435137543340563,0.038,0.038,0.192332613175488
"NR1D2","FOXO4",0.0430128740749318,0.028,0.028,0.139801556428368
"NR1D2","USF1",0.0313416908631327,0.02,0.02,0.168853594471416
"NR1D2","YY1",0.0196114662255443,0.046,0.046,0.263282366557075
"NR1D2","PLAG1",0.0174430210668235,0.026,0.026,0.175468613064278
"NR1D2","DUSP2",0.0130121010665028,0.058,0.058,0.33604496864638
"NR1D2","PPAP2B",0.0118958909165574,0.008,0.008,0.251159652137718
"NR1D2","C1orf162",0.010871991373814,0.046,0.046,0.141243379577009
"NR1D2","JUNB",0.0106336197952047,0.042,0.042,0.562089161676062
"NR1D2","XAF1",0.0106070436629096,0.03,0.03,0.127894095162066
"NR1D2","CCL3",0.0107040501053821,0.016,0.016,-0.253726836413436
"NR1D2","HHLA2",0.0111322720808017,0.0204502419524511,0.0204502419524511,-0.216179401161695
"NR1D2","CXCL10",0.0112269718675555,0.03,0.03,-0.152782626595755
"NR1D2","INA",0.0112704640051646,0.0311832696640219,0.0311832696640219,-0.175431734606212
"NR1D2","TFE3",0.0119108996432513,0.028,0.028,-0.0280170711234139
"NR1D2","IL2RB",0.012073282373562,0.028,0.028,-0.401322781593766
"NR1D2","SMAD5",0.0126174510294677,0.022,0.022,-0.0323067340193278
"NR1D2","A4GALT",0.0129134851411167,0.046,0.046,-0.154314846429429
"NR1D2","HDGFRP3",0.0129187839938174,0.0394790547798067,0.0394790547798067,-0.187404177037838
"NR1D2","VDR",0.0136233576180334,0.048,0.048,-0.322838742760428
"NR1D2","TFRC",0.0149826960288747,0.042,0.042,-0.348508428581146
"NR1D2","LCP1",0.0156152332697288,0.02,0.02,-0.380814773350393
"NR1D2","ZKSCAN1",0.0179305222469947,0.048,0.048,-0.023482093006631
"NR1D2","DSE",0.0184694802204142,0.052,0.052,-0.190991247874803
"NR1D2","IRF3",0.0189215800832775,0.052,0.052,-0.10330500678753
"NR1D2","IL32",0.0189384342882365,0.024,0.024,-0.295540811077058
"NR1D2","STMN1",0.0193141014887856,0.022,0.022,-0.467673942804737
"NR1D2","PSAT1",0.0196054010441956,0.016,0.016,-0.374564107706301
"NR1D2","MLTK",0.020100957421039,0.024,0.024,-0.332789306374535
"NR1D2","NDC80",0.0214869869309196,0.016,0.016,-0.390125270028909
"NR1D2","TUBA1B",0.0230668352692843,0.022,0.022,-0.490152893942633
"NR1D2","MZF1",0.0262251111814243,0.054,0.054,-0.0919894951884219
"NR1D2","FDXR",0.0315939566718772,0.032,0.032,-0.333225228277439
"NR1D2","LBX2",0.0321712288714509,0.074605828953655,0.074605828953655,-0.0889158732133545
"NR1D2","BIRC5",0.032778457225228,0.018,0.018,-0.476538180812122
"NR1D2","PRR5L",0.0332415984067574,0.036,0.036,-0.300761765633906
"NR1D2","LAG3",0.0348696755926525,0.058,0.058,-0.000384351184368919
"NR1D2","KIF4A",0.0490728391173672,0.032,0.032,-0.442930249842788
"NR1D2","PIK3R6",0.102904192859329,0.076,0.076,-0.0626509967229443
"NR1D2","FADS1",0.129309961466171,0.024,0.024,-0.39991299483185
"NR1I2","TEAD1",0.0541138690204997,0.0291213635027917,0.0291213635027917,0.0291185937100969
"NR1I2","MT1H",0.0156444464088906,0.0107308048103608,0.0107308048103608,0.151568948587301
"NR1I3","SLC16A9",0.101508719905655,0.0399143254090769,0.0399143254090769,0.0300677027153904
"NR1I3","LHX1",0.0501363374357871,0.0281577438954488,0.0281577438954488,0.0253817281184162
"NR1I3","TEAD4",0.0276631768545451,0.0135131872266114,0.0135131872266114,0.0556591678120006
"NR1I3","G0S2",0.0181145168567356,0.036,0.036,0.0631646460167417
"NR1I3","HOXC4",0.0131460076411033,0.026,0.026,0.0659415676861557
"NR2C1","NKX3-1",0.0585705717126684,0.0281616161616162,0.0281616161616162,0.0176242180741673
"NR2C1","PLEKHA1",0.0302661821578915,0.072,0.072,0.123650820805091
"NR2C1","C1orf228",0.0277983118919349,0.034,0.034,0.122606123394446
"NR2C1","USF1",0.0251405150721442,0.038,0.038,0.0584500559325104
"NR2C1","HOXB4",0.0221611134943343,0.03,0.03,0.044996282730363
"NR2C1","LBX2",0.0211708064373458,0.0854515050167224,0.0854515050167224,0.0375432093787188
"NR2C1","ZNF460",0.0105966687603899,0.036,0.036,-0.0462574817388174
"NR2C1","NR2C2",0.0155947483622751,0.028,0.028,-0.0292550027936431
"NR2C1","NFE2L2",0.0298805945657696,0.06,0.06,-0.157910911270776
"NR2C2","ADAP1",0.284910314294939,0.064,0.064,0.26404655487332
"NR2C2","KLF16",0.149480870208624,0.04,0.04,0.182190230483807
"NR2C2","ENC1",0.123441111861767,0.08,0.08,0.13255051764513
"NR2C2","GCM1",0.11652328940117,0.0526979769258424,0.0526979769258424,0.0922715294958309
"NR2C2","MRTO4",0.113896667263136,0.036,0.036,0.158323115212715
"NR2C2","EIF5A",0.108211628241527,0.028,0.028,0.166903681816428
"NR2C2","NR1D1",0.0840240876217647,0.0790011454753723,0.0790011454753723,0.114037253056681
"NR2C2","ACTG1",0.0800469038091453,0.024,0.024,0.187778037090292
"NR2C2","POLR1E",0.0724976036495425,0.016,0.016,0.174269309176829
"NR2C2","MSC",0.0650252381563163,0.026,0.026,0.128019418042634
"NR2C2","TESC",0.0649241937151679,0.022,0.022,0.195127888319295
"NR2C2","PPP1R14B",0.0606945051268756,0.02,0.02,0.148542457901233
"NR2C2","FOSL2",0.060445319845705,0.08,0.08,0.150813863898882
"NR2C2","MECOM",0.0582201374685663,0.130945674044266,0.130945674044266,0.0167601705563984
"NR2C2","TFRC",0.0545373207790591,0.024,0.024,0.143027519853572
"NR2C2","CCNB2",0.052572817291387,0.02,0.02,0.13889064725018
"NR2C2","APEX1",0.0516202722737194,0.014,0.014,0.146077941877837
"NR2C2","HES7",0.0495324331366683,0.0352192192192192,0.0352192192192192,0.0784035909012268
"NR2C2","MLTK",0.04695597749391,0.02,0.02,0.161632456416619
"NR2C2","DLGAP5",0.0468989532831309,0.026,0.026,0.146281255180379
"NR2C2","SLC7A5",0.045248711027261,0.024,0.024,0.0976605600805695
"NR2C2","SRF",0.0449267155242253,0.022,0.022,0.144705237758331
"NR2C2","G0S2",0.0444814102443436,0.018,0.018,0.0770772255522477
"NR2C2","CTSH",0.0433640924622093,0.014,0.014,0.139735381343674
"NR2C2","CCL3",0.0374493282347447,0.018,0.018,0.0675716940680531
"NR2C2","KBTBD11",0.0359937951292626,0.0330647130647131,0.0330647130647131,0.106889287231842
"NR2C2","TFAP2A",0.0353711686791091,0.0947792207792208,0.0947792207792208,0.0923502017555746
"NR2C2","HOXD3",0.0353129276990299,0.0973530015603186,0.0973530015603186,0.0148949156349839
"NR2C2","TRIAP1",0.0333953864942959,0.02,0.02,0.168793033680659
"NR2C2","AK4",0.0326512219471963,0.018,0.018,0.135895658886822
"NR2C2","SSRP1",0.030837124548314,0.02,0.02,0.171299406111367
"NR2C2","TBP",0.0297549090559932,0.016,0.016,0.108447678412713
"NR2C2","HN1",0.0291506832136398,0.02,0.02,0.160491047889557
"NR2C2","STIP1",0.0285690097686905,0.026,0.026,0.145435907540845
"NR2C2","KIF15",0.0277805242828707,0.01,0.01,0.12594171467882
"NR2C2","NRF1",0.0277451901478037,0.016,0.016,0.0752459663499504
"NR2C2","PRR19",0.0262654898504816,0.0277249407339938,0.0277249407339938,0.0879804270793498
"NR2C2","RHOXF1",0.0238688549056673,0.0788188275355632,0.0788188275355632,0.0153247794063929
"NR2C2","ANKRD13B",0.0223625347122855,0.0422626262626263,0.0422626262626263,0.123135074066323
"NR2C2","INA",0.0218484867970928,0.0239543540013713,0.0239543540013713,0.0631319763971679
"NR2C2","ACTB",0.0212999648433809,0.02,0.02,0.194607269728872
"NR2C2","CHORDC1",0.0212289937446775,0.02,0.02,0.144498395160024
"NR2C2","TUBB4B",0.01866525764079,0.018,0.018,0.145577419234031
"NR2C2","PGK1",0.0183468375192417,0.018,0.018,0.153247642976981
"NR2C2","ZBED1",0.0182925604791911,0.018,0.018,0.102459117930876
"NR2C2","RELB",0.0179262747702339,0.05,0.05,0.0850023892568051
"NR2C2","PAICS",0.0173436928550697,0.016,0.016,0.146065164332126
"NR2C2","MYBL1",0.0168696863461067,0.0441666666666667,0.0441666666666667,0.0717088046414004
"NR2C2","HILPDA",0.0166393989688129,0.034,0.034,0.123929005621958
"NR2C2","SNAI1",0.0161256215816373,0.0530820287326712,0.0530820287326712,0.149195129668504
"NR2C2","GNAZ",0.0160790216345945,0.018,0.018,0.128029247961853
"NR2C2","ACOT7",0.0156532765210836,0.018,0.018,0.148099694655061
"NR2C2","SLC43A3",0.0156471754874418,0.028,0.028,0.159576975682532
"NR2C2","LYST",0.0153087086367131,0.03,0.03,0.104996028639586
"NR2C2","LYAR",0.0153010150016095,0.016,0.016,0.132045904368248
"NR2C2","DUT",0.015135273758275,0.012,0.012,0.154011707862022
"NR2C2","FKBP4",0.0147554434242715,0.01,0.01,0.11310730485057
"NR2C2","HSPE1",0.0146539067289662,0.012,0.012,0.139685945974892
"NR2C2","CRIP2",0.0143054984529338,0.036,0.036,0.145151198388787
"NR2C2","PBK",0.0141535459702402,0.018,0.018,0.14276529161966
"NR2C2","HES6",0.0136630389630031,0.008,0.008,0.0362293383956406
"NR2C2","NRL",0.013563697426137,0.0150339022679448,0.0150339022679448,0.0180818134787242
"NR2C2","E2F8",0.0126195461558534,0.028,0.028,0.104609177259123
"NR2C2","BCAT1",0.0123955522397321,0.012,0.012,0.119190239356969
"NR2C2","TUBB6",0.0122617364861739,0.028,0.028,0.146406271485718
"NR2C2","CEP55",0.0120273571333879,0.028,0.028,0.148542565773322
"NR2C2","SNTA1",0.0107228415539948,0.004,0.004,0.0885603082249807
"NR2C2","SP1",0.0104928882802229,0.02,0.02,0.0273428693810856
"NR2C2","STAT4",0.0104916700760258,0.024,0.024,0.0416623937920567
"NR2C2","PPARA",0.0104633430691934,0.018,0.018,0.0466992724012153
"NR2C2","CDC25A",0.0104254662062419,0.016,0.016,0.127570384783968
"NR2C2","UBE2S",0.0104053538414625,0.016,0.016,0.139619699676135
"NR2C2","EGR2",0.0103829593950931,0.024,0.024,0.136586817757553
"NR2C2","EZH2",0.0102717187190774,0.014,0.014,0.172423580299504
"NR2C2","HRAS",0.0101093316066169,0.008,0.008,0.107183338397452
"NR2C2","SOX12",0.0279030722349953,0.036,0.036,-0.102889960027577
"NR2C2","SHOX2",0.0288081472917412,0.036546499477534,0.036546499477534,-0.0158515410910973
"NR2F2","TBX5",0.251827432033266,0.314685314685315,0.314685314685315,0.0968878937474223
"NR2F2","PAX2",0.179774096470121,0.133434583653429,0.133434583653429,0.0650146527486787
"NR2F2","TWIST1",0.144625236274491,0.0924494577152805,0.0924494577152805,0.147632545995092
"NR2F2","MEF2B",0.107865283785636,0.16241850518959,0.16241850518959,0.059753237043877
"NR2F2","OTX1",0.0830409101036094,0.0696372732958099,0.0696372732958099,0.109798556494606
"NR2F2","HOXC10",0.0529661195167592,0.049024024024024,0.049024024024024,0.0771959956770812
"NR2F2","MGST1",0.0424128304998672,0.0178055278055278,0.0178055278055278,0.11720282286808
"NR2F2","MITF",0.0347958581241163,0.104514454002945,0.104514454002945,0.0645221633549062
"NR3C1","MEF2A",0.145575199789192,0.052,0.052,0.518427105811279
"NR3C1","RBPJ",0.124682667054895,0.094,0.094,0.314353192326402
"NR3C1","KLF12",0.121039362294366,0.126,0.126,0.477188174749607
"NR3C1","CREM",0.0678898745620405,0.052,0.052,0.280823510074358
"NR3C1","GRASP",0.0467625384787887,0.042,0.042,0.618592878830119
"NR3C1","MAFK",0.0396190436968253,0.05,0.05,0.0529956265861833
"NR3C1","TRIM22",0.0359322571913965,0.01,0.01,0.379644430808487
"NR3C1","CD69",0.0278346135341047,0.064,0.064,0.723981202199615
"NR3C1","FCRL3",0.0254215765344935,0.074,0.074,0.342407577825541
"NR3C1","KLF4",0.0252494171489574,0.046,0.046,0.405066770523045
"NR3C1","HMBOX1",0.011984763874004,0.016,0.016,0.149230977773137
"NR3C1","PRC1",0.0177398392250593,0.014,0.014,-0.345613157748825
"NR3C1","NFIB",0.0269208998508596,0.0238614718614719,0.0238614718614719,-0.0716007621519036
"NR3C1","HESX1",0.0326770446770827,0.0296165253631136,0.0296165253631136,-0.117365287561435
"NR3C1","KLF15",0.0353849933913482,0.0743877167647024,0.0743877167647024,-0.110308678314076
"NR3C1","ONECUT3",0.041807497708258,0.062980694980695,0.062980694980695,-0.0562862912266109
"NR3C1","FOXP3",0.0744531301033057,0.0928344267418687,0.0928344267418687,-0.0699896725155521
"NR3C2","HESX1",0.0279071131663352,0.017113783533765,0.017113783533765,0.0414982827893312
"NR3C2","CRX",0.0243404037732084,0.126951535331114,0.126951535331114,0.0391899440371342
"NR4A1","PPARA",0.0845721843179979,0.088,0.088,0.095901241280916
"NR4A1","NR2C2",0.0772983045208297,0.058,0.058,0.178976838528871
"NR4A1","SYCP2",0.0677972684378065,0.056,0.056,0.206901562958169
"NR4A1","SESN3",0.0664066238828374,0.028,0.028,0.572320955339007
"NR4A1","TFEC",0.0549906434354384,0.128,0.128,0.508658939876851
"NR4A1","PLAG1",0.0426185374942551,0.076,0.076,0.0123267468462982
"NR4A1","FOXO1",0.0413366266855821,0.06,0.06,0.11656599450132
"NR4A1","CD83",0.034940182164188,0.034,0.034,0.643877822127489
"NR4A1","PPAP2B",0.0343665833459165,0.02,0.02,0.290935803328012
"NR4A1","TGIF1",0.0342962825903959,0.042,0.042,0.535424435590945
"NR4A1","IL6",0.0331114006884529,0.036,0.036,0.3107173458747
"NR4A1","KLF4",0.025622199396467,0.026,0.026,0.445502880291879
"NR4A1","CREB5",0.0217906266296681,0.0165378006872852,0.0165378006872852,0.0368809008560471
"NR4A1","PPARD",0.0192389722924293,0.046,0.046,0.155431525389645
"NR4A1","HSF2",0.0164163150972855,0.012,0.012,0.110189527760708
"NR4A1","RFX1",0.0138879708643039,0.024,0.024,0.0761176523620763
"NR4A1","NR3C1",0.0130772114363332,0.012,0.012,0.547937580328455
"NR4A1","REL",0.0124522351366664,0.032,0.032,0.661535308636258
"NR4A1","REST",0.0119227578902416,0.01,0.01,0.0981072517911057
"NR4A1","BLOC1S2",0.0108725274758389,0.064,0.064,0.283890158199615
"NR4A1","RXRB",0.0142524703157252,0.02,0.02,-0.0816172090084205
"NR4A1","PIK3R6",0.014775923980382,0.032,0.032,-0.0354005355711019
"NR4A1","PLAGL2",0.0179024021053443,0.042,0.042,-0.201284958014805
"NR4A1","TCF12",0.0185264953197373,0.04,0.04,-0.173397755303284
"NR4A1","CLOCK",0.0227836231327191,0.036,0.036,-0.143220564529193
"NR4A1","MT1X",0.027177759093501,0.038,0.038,-0.251486066375072
"NR4A1","RASSF6",0.0424989167087188,0.026,0.026,-0.23049067944172
"NR4A1","HOXB2",0.0563684117067209,0.0570439722280665,0.0570439722280665,-0.116859858955618
"NR4A1","FAM101B",0.0726787158716272,0.054,0.054,-0.276105772896494
"NR4A2","NFKBID",0.188851805830166,0.116,0.116,0.747395008922168
"NR4A2","RFX1",0.148807684764709,0.088,0.088,0.198198811848974
"NR4A2","GRASP",0.138945363045958,0.076,0.076,0.719223931299239
"NR4A2","MSX1",0.12371053301052,0.086,0.086,0.179368016000255
"NR4A2","HIF1A",0.0828875139066964,0.066,0.066,0.478698628013385
"NR4A2","RFX3",0.063965361766925,0.048,0.048,0.183027548808954
"NR4A2","ZNF148",0.057732762447996,0.124,0.124,0.202217657561507
"NR4A2","IL6",0.0445024837445461,0.04,0.04,0.333262813412607
"NR4A2","LRRK2",0.0390060209149632,0.04,0.04,0.507904807089841
"NR4A2","HSF1",0.0389704234334697,0.082,0.082,0.0813359166201504
"NR4A2","C1orf228",0.0377869120382172,0.046,0.046,0.281344711264747
"NR4A2","NR2C1",0.0280374137797129,0.046,0.046,0.0881347921957103
"NR4A2","SOX12",0.0259523586597101,0.01,0.01,0.0734608214395659
"NR4A2","NEUROD1",0.0252753554645966,0.0113143454402927,0.0113143454402927,0.0819354367826625
"NR4A2","RARA",0.0248111874986917,0.072,0.072,0.317237463319745
"NR4A2","EGR4",0.0212277997371165,0.0274972566111807,0.0274972566111807,0.167338961743918
"NR4A2","CD52",0.0210241066801026,0.024,0.024,0.529003089928153
"NR4A2","PTMA",0.0203798124518538,0.054,0.054,0.250155177590303
"NR4A2","TFAP2E",0.0198842380674718,0.0126430270760168,0.0126430270760168,0.0595756651424552
"NR4A2","ETV3",0.0152217790589082,0.006,0.006,0.315677257956613
"NR4A2","ELK1",0.0120531258806318,0.014,0.014,0.00218627163093236
"NR4A2","BACH1",0.0115450884904514,0.028,0.028,0.628252310215887
"NR4A2","MRPL37",0.0114436167244042,0.054,0.054,-0.318614824084668
"NR4A2","KPNB1",0.0118372333135826,0.034,0.034,-0.37208541995615
"NR4A2","SLC16A1",0.0120704675009862,0.062,0.062,-0.312843629058023
"NR4A2","OTX1",0.0131434655701169,0.057891347617375,0.057891347617375,-0.0435224789500934
"NR4A2","POLR1E",0.0131592288035222,0.068,0.068,-0.182387117244513
"NR4A2","SMAD5",0.0135773494570804,0.006,0.006,-0.198293655826719
"NR4A2","CCR1",0.0136765233088295,0.0301212121212121,0.0301212121212121,-0.135518745378
"NR4A2","CEBPB",0.0147627188868,0.01,0.01,-0.230738498925124
"NR4A2","NFYC",0.0162212581799424,0.034,0.034,-0.140570497012399
"NR4A2","TCF3",0.0166822874145701,0.04,0.04,-0.518061685159484
"NR4A2","ARPC5",0.0168365428735537,0.05,0.05,-0.479394549205599
"NR4A2","CCND2",0.020520466766299,0.022,0.022,-0.477827200294035
"NR4A2","ZNF16",0.0230187634949409,0.046,0.046,-0.08058109864672
"NR4A2","ZNF384",0.024769282526347,0.034,0.034,-0.0032962908935124
"NR4A2","FAM101B",0.0327375171445755,0.032,0.032,-0.290004059615602
"NR4A2","FOXK2",0.137888521522765,0.124,0.124,-0.15796933511981
"NR6A1","MEF2B",0.315419205200147,0.141308089500861,0.141308089500861,0.228691127713744
"NR6A1","P2RY6",0.188488012384623,0.056,0.056,0.0322759123904086
"NR6A1","TAS1R3",0.165422456213462,0.046,0.046,0.0278079745742109
"NR6A1","TRIAP1",0.128955170569905,0.034,0.034,0.266856659768303
"NR6A1","KYNU",0.126040633161302,0.04,0.04,0.245150796679734
"NR6A1","RMI2",0.099422929553802,0.02,0.02,0.287263618029235
"NR6A1","ARPC4",0.0719296013507802,0.03,0.03,0.300431278094656
"NR6A1","TESC",0.0649534331581789,0.036,0.036,0.242225286424959
"NR6A1","CDKN1A",0.0644478137555425,0.036,0.036,0.202751580517166
"NR6A1","TFAP2A",0.0634907164046227,0.036172704488494,0.036172704488494,0.060297394570709
"NR6A1","EMX1",0.0618500340603328,0.0951834770694549,0.0951834770694549,0.183198767768451
"NR6A1","GMEB1",0.0610339297327104,0.054,0.054,0.152405752171876
"NR6A1","MSC",0.0602357243760405,0.036,0.036,0.209863715170408
"NR6A1","MLTK",0.0548809676563825,0.02,0.02,0.243884388103874
"NR6A1","POLR1E",0.0542308619840646,0.016,0.016,0.23268295640613
"NR6A1","SREBF2",0.0522190920642394,0.044,0.044,0.225902374982543
"NR6A1","BAX",0.0515998985008269,0.018,0.018,0.274926067943087
"NR6A1","CD163L1",0.0490237759055362,0.0268675519237317,0.0268675519237317,0.115238306665655
"NR6A1","ZNF423",0.0481898639996638,0.159989365473236,0.159989365473236,0.0733716307904901
"NR6A1","GATA3",0.0470985389955145,0.0284081632653061,0.0284081632653061,0.0177195692470796
"NR6A1","SOCS2",0.0466733440458655,0.016,0.016,0.261032601904889
"NR6A1","EMX2",0.0435349244317849,0.0216923796166433,0.0216923796166433,0.0441054347392912
"NR6A1","ZNF282",0.0401168891136643,0.016,0.016,0.111696845753079
"NR6A1","PPP1R14B",0.0397621681947677,0.024,0.024,0.220765199633671
"NR6A1","CD96",0.0351397221464642,0.028,0.028,0.156234592507495
"NR6A1","IL2RA",0.0318935510793006,0.02,0.02,0.252789971669719
"NR6A1","ATIC",0.0299241683718682,0.014,0.014,0.235686638696142
"NR6A1","PRR5L",0.0289528070976387,0.014,0.014,0.1789416598181
"NR6A1","HLX",0.0269913668829366,0.0142032570603999,0.0142032570603999,0.10190877301369
"NR6A1","MRTO4",0.0267708467802164,0.012,0.012,0.217279016364023
"NR6A1","AC099552.4",0.024034710499596,0.0167772489734976,0.0167772489734976,0.262526133932284
"NR6A1","DSE",0.0238704089597567,0.016,0.016,0.196502173018133
"NR6A1","IRF5",0.0211094497221239,0.05,0.05,0.234791000630073
"NR6A1","CD70",0.019777935719208,0.016,0.016,0.22565707522123
"NR6A1","MZT1",0.0192105877174579,0.02,0.02,0.223125016532873
"NR6A1","OSR2",0.0186014261512566,0.00842105263157895,0.00842105263157895,0.00490125587654933
"NR6A1","MITF",0.0171192191193626,0.00909090909090909,0.00909090909090909,0.0364899638713167
"NR6A1","FNIP2",0.0165685646963947,0.012,0.012,0.167269177987116
"NR6A1","HOXC4",0.0165147614187158,0.012,0.012,0.0904768620944152
"NR6A1","HOPX",0.0163718307050033,0.018,0.018,0.229310627733554
"NR6A1","HOXB6",0.0160399467762898,0.00869565217391304,0.00869565217391304,0.052102200093817
"NR6A1","MT1H",0.0151455744221144,0.0106845513413506,0.0106845513413506,0.0626724841124633
"NR6A1","TEAD1",0.0136596034536227,0.00975609756097561,0.00975609756097561,0.0612481804520334
"NR6A1","ATF4",0.0132672342987705,0.032,0.032,0.101074551251712
"NR6A1","MYH10",0.0121211405521397,0.00614348832316432,0.00614348832316432,0.136281587387282
"NR6A1","EIF5A",0.011171707265286,0.01,0.01,0.16235317926646
"NR6A1","NFKB1",0.0100858982254491,0.032,0.032,0.212697900785982
"NRF1","ZNF703",0.0358559872692063,0.052,0.052,0.125917738411756
"NRF1","C1orf228",0.0306354565283681,0.044,0.044,0.107961321484893
"NRF1","CENPB",0.0199979271813494,0.054,0.054,0.097725249872074
"NRF1","NFYA",0.0191913887623288,0.026,0.026,0.0331320679235036
"NRF1","EGR1",0.017876912293306,0.054,0.054,0.185461749541452
"NRF1","RFX1",0.0169098489687856,0.022,0.022,0.0599063381470785
"NRF1","ZIC2",0.0146575074412311,0.0104921394395079,0.0104921394395079,0.0110850705855584
"NRF1","IRF6",0.0144750501731529,0.00975609756097561,0.00975609756097561,0.0345152762548676
"NRF1","ZNF740",0.0137858596051923,0.024,0.024,0.0341080257237535
"NRF1","KIF13A",0.0135687202883508,0.018,0.018,0.085722914314251
"NRF1","KLF16",0.0115689658290483,0.02,0.02,0.0929438434302232
"NRF1","FBXO5",0.0106540121503217,0.03,0.03,0.0910733187718815
"NRF1","ZNF281",0.0102323185472133,0.028,0.028,0.0390313743520005
"NRF1","LCK",0.0111621721132716,0.0326530612244898,0.0326530612244898,-0.0241407965265613
"NRF1","NR3C2",0.0114398231006358,0.0428391053391053,0.0428391053391053,-0.039000505614052
"NRF1","FOXK1",0.0140930499329018,0.028,0.028,-0.0122096316656975
"NRF1","RASSF6",0.0142918118437458,0.026,0.026,-0.15770658472077
"NRF1","GFI1",0.0378161654313658,0.0482646876932591,0.0482646876932591,-0.108939426980516
"NRF1","POU4F1",0.0419422541436198,0.06,0.06,-0.0844518098538037
"NRL","HMX2",0.123951650633489,0.0802294197031039,0.0802294197031039,0.118681773845922
"NRL","MYF6",0.0590650366662351,0.0281726881439937,0.0281726881439937,0.0656145477599174
"NRL","ESR1",0.0573029090178654,0.064,0.064,0.0810850892926607
"NRL","ZIC1",0.0230919904209805,0.0609073359073359,0.0609073359073359,0.0207256166851288
"NRL","LIN54",0.0143927269004018,0.024,0.024,0.110488113292378
"NRL","E2F6",0.0127563522206477,0.02,0.02,0.0707777250104554
"NRL","ETV1",0.0110700715790474,0.0339729921819474,0.0339729921819474,0.013471065840605
"OLIG3","C4BPB",0.164813406197212,0.07,0.07,0.312454803989252
"OLIG3","MSC",0.105147424105702,0.07,0.07,0.206065483772011
"OLIG3","BCAS1",0.0683471219891421,0.02,0.02,0.263492925107043
"OLIG3","DOK1",0.0606144215722294,0.046,0.046,0.261952973401584
"OLIG3","CEBPD",0.036489073250558,0.0226172943404166,0.0226172943404166,0.044470457810067
"OLIG3","ASCL1",0.0308259961948433,0.018040404040404,0.018040404040404,0.104151425696237
"OLIG3","EXO1",0.0186000434973569,0.036,0.036,0.218796154729428
"OLIG3","NR1I2",0.016662050938616,0.0184263857057975,0.0184263857057975,0.0973398266868621
"ONECUT2","NFIB",0.449771948142724,0.226061317677756,0.226061317677756,0.201481001303043
"ONECUT2","SLC16A9",0.254013286027063,0.11005248533498,0.11005248533498,0.339415842546527
"ONECUT2","SOX2",0.227042815333777,0.108,0.108,0.419006364960742
"ONECUT2","PPARG",0.220234210511928,0.121691066391415,0.121691066391415,0.410792081171269
"ONECUT2","FOXH1",0.19569603299847,0.192755392755393,0.192755392755393,0.0783334812417198
"ONECUT2","CD163L1",0.154090295281387,0.0941113381001021,0.0941113381001021,0.368819176305791
"ONECUT2","DPP4",0.146746859921021,0.0609377132244686,0.0609377132244686,0.307901940920946
"ONECUT2","DSE",0.137041666061448,0.086,0.086,0.419623270782148
"ONECUT2","ZBED2",0.103036426875765,0.058,0.058,0.433619440736172
"ONECUT2","CMTM3",0.100528698498568,0.05,0.05,0.455251046100526
"ONECUT2","DLX4",0.0690568608001654,0.0440315954746849,0.0440315954746849,0.0862259707811822
"ONECUT2","CD226",0.0663314626942124,0.024,0.024,0.349047724715489
"ONECUT2","NTRK2",0.0606005177408828,0.068,0.068,0.235136354817544
"ONECUT2","EXO1",0.0588825971653636,0.022,0.022,0.285430512950484
"ONECUT2","TLX2",0.0558723449462802,0.0460737569167759,0.0460737569167759,0.0822214800013338
"ONECUT2","CLECL1",0.0530055100031713,0.032,0.032,0.328669424272937
"ONECUT2","C1QBP",0.0506063613277181,0.048,0.048,0.420974166976363
"ONECUT2","CEBPD",0.0477112233016763,0.0330120450241952,0.0330120450241952,0.0809869220632788
"ONECUT2","BCAT1",0.04752142867261,0.042,0.042,0.381216051109335
"ONECUT2","LSM2",0.0468555837624504,0.022,0.022,0.404263406662862
"ONECUT2","BCAS4",0.045696455493156,0.05,0.05,0.373987514349522
"ONECUT2","DUSP4",0.0430162031303695,0.034,0.034,0.385750790048575
"ONECUT2","POU5F1B",0.0412939276283005,0.0543126203765396,0.0543126203765396,0.0490064833710107
"ONECUT2","FHL2",0.0412555847274652,0.0503298762279097,0.0503298762279097,0.242659118295606
"ONECUT2","CD70",0.0400580022346503,0.028,0.028,0.348324015555413
"ONECUT2","LAPTM4B",0.0369103320995192,0.018,0.018,0.205120911787405
"ONECUT2","HOXB6",0.0362803460018038,0.031035104811917,0.031035104811917,0.0862841817702392
"ONECUT2","NR2F2",0.0346836250953238,0.0350271064169852,0.0350271064169852,0.0237890636643409
"ONECUT2","SOX4",0.0338058581545541,0.028,0.028,0.292642502425073
"ONECUT2","ARL13B",0.0306761112696436,0.018,0.018,0.25920219674425
"ONECUT2","TP63",0.0291410292072307,0.0214716377507075,0.0214716377507075,0.149574744355919
"ONECUT2","CCNE2",0.0206715312541343,0.038,0.038,0.333758306157342
"ONECUT2","GPX1",0.0204220806636087,0.02,0.02,0.378397508280901
"ONECUT2","TNF",0.0194113018429312,0.052,0.052,0.290846749498607
"ONECUT2","AICDA",0.0186529837843154,0.036,0.036,0.340330070373713
"ONECUT2","MLTK",0.018560528937171,0.022,0.022,0.345232829509859
"ONECUT2","THAP1",0.0169553419987036,0.008,0.008,0.192831731944208
"ONECUT2","CDC20",0.0169159232115185,0.048,0.048,0.330384119176577
"ONECUT2","PPM1G",0.0162092027456445,0.016,0.016,0.321726902716839
"ONECUT2","HLF",0.0154924728056541,0.0223987022660536,0.0223987022660536,0.04436477392282
"ONECUT2","RORB",0.0119531074483524,0.00917290459429134,0.00917290459429134,0.0434758347212876
"ONECUT2","SOX6",0.0111107179778108,0.0126923076923077,0.0126923076923077,0.0417289941570367
"ONECUT2","SOX11",0.0103846766153515,0.0123780487804878,0.0123780487804878,0.019953420927832
"ONECUT3","RHOXF1",0.144457071113164,0.0481358972192798,0.0481358972192798,0.146105003392891
"ONECUT3","HOXB3",0.0437108590707916,0.0440712580891218,0.0440712580891218,0.124228493137551
"ONECUT3","NFATC4",0.0418319460488664,0.025348131556112,0.025348131556112,0.0825999598309838
"ONECUT3","HFE",0.0306986354787044,0.0161010101010101,0.0161010101010101,0.078477092012312
"ONECUT3","PBX1",0.0262016994826185,0.0184831460674157,0.0184831460674157,0.033442543507647
"ONECUT3","MYF6",0.015497644280659,0.0098780487804878,0.0098780487804878,0.0424350920923126
"OSR2","HNF1B",0.197066046343139,0.0856564245141831,0.0856564245141831,0.111580547362785
"OSR2","ZIC1",0.128992469505671,0.164793669048988,0.164793669048988,0.0180597725952692
"OSR2","TCN2",0.1230248948933,0.058,0.058,0.272999452661536
"OSR2","TP63",0.098652142184461,0.0402752143062221,0.0402752143062221,0.0145358408458566
"OSR2","PIK3R6",0.0599105457426778,0.034,0.034,0.00930546721345939
"OSR2","ARNT2",0.0591955185246772,0.0346110355946422,0.0346110355946422,0.0101698807067627
"OSR2","HOXB2",0.0571367535026989,0.0324489795918367,0.0324489795918367,0.105788229460605
"OSR2","RCAN2",0.0397723300027886,0.046,0.046,0.0363638814994723
"OSR2","SNRPE",0.0375942172128807,0.054,0.054,0.0307277357173214
"OSR2","HES7",0.0354069369336227,0.0217747747747748,0.0217747747747748,0.00035559694246185
"OSR2","SIX3",0.0328599075329665,0.0303374756840329,0.0303374756840329,0.0773883961902727
"OSR2","PERP",0.0313922798040235,0.048,0.048,0.07137368981919
"OSR2","CDKN1A",0.0304764165365784,0.062,0.062,0.153178452346832
"OSR2","ZIC2",0.0276959159081789,0.0261449077238551,0.0261449077238551,0.00232400749410005
"OSR2","NFYB",0.0274214337170492,0.056,0.056,0.123012073132459
"OSR2","COCH",0.0250283916624088,0.044,0.044,0.0328932507639403
"OSR2","CD226",0.0211110076330681,0.026,0.026,0.063611707661331
"OSR2","FOXJ2",0.0209527719394758,0.02,0.02,0.0564355309096919
"OSR2","IL1RN",0.0195817061235014,0.024,0.024,0.123024428805293
"OSR2","OTX1",0.0191116500172183,0.0080816063692776,0.0080816063692776,0.00761285367985786
"OSR2","SOX12",0.0116288467664063,0.014,0.014,0.0628915587852378
"OSR2","LGALS3",0.0104602763788249,0.042,0.042,0.0628641476222732
"OSR2","GPR132",0.0101833501103155,0.026,0.026,0.0690926551856696
"OSR2","CCL3",0.0150440597316912,0.028,0.028,-0.0088437803723986
"OSR2","DEPDC1",0.0152304487049451,0.04,0.04,-0.0293569381174221
"OSR2","TNFRSF8",0.0230432817374752,0.05,0.05,-0.0121062186706715
"OSR2","CD163L1",0.052315882224447,0.022448076268301,0.022448076268301,-0.00153450358004071
"OSR2","OLIG3",0.0735670343417608,0.0428376966795799,0.0428376966795799,-0.00349183523202115
"OSR2","HOXA4",0.0808745873704335,0.0516139808921425,0.0516139808921425,-0.00157126401592403
"OSR2","IL10",0.0947544662295727,0.056,0.056,-0.0035240610887924
"OTX1","SOX15",0.0903350424708703,0.0855250105713808,0.0855250105713808,0.0963524070245906
"PAX5","DDX21",0.405857482607735,0.06,0.06,0.473944306209487
"PAX5","PASK",0.377663588644707,0.114,0.114,0.618055978361124
"PAX5","FGR",0.262511736720079,0.068,0.068,0.484287886839855
"PAX5","CDK5R1",0.251720907870349,0.064,0.064,0.44890205389297
"PAX5","ZBED1",0.23287070821931,0.072,0.072,0.364985516496595
"PAX5","STAT3",0.210782042825112,0.122,0.122,0.506160432638345
"PAX5","PIK3R6",0.152568468119301,0.124,0.124,0.21375499973027
"PAX5","CD80",0.138656793912953,0.062,0.062,0.556125215366169
"PAX5","BATF3",0.136785902795552,0.104,0.104,0.665865357321945
"PAX5","KYNU",0.133343985280328,0.032,0.032,0.506632686332242
"PAX5","NAMPT",0.132619881693787,0.056,0.056,0.49458685243273
"PAX5","GRAMD1B",0.109552012531558,0.07,0.07,0.653675878417191
"PAX5","ANXA3",0.0968233253456957,0.166,0.166,0.339149563844339
"PAX5","ACTB",0.0787864487281575,0.144,0.144,0.479092612548017
"PAX5","SET",0.0757993227557514,0.02,0.02,0.460207802098109
"PAX5","KLF6",0.074896395433334,0.036,0.036,0.611314107959727
"PAX5","CDCA7",0.071639722991228,0.122,0.122,0.416447727670678
"PAX5","IL2RA",0.0700729722028031,0.1,0.1,0.585666432758324
"PAX5","NPM1",0.0668371072415509,0.028,0.028,0.433849684225658
"PAX5","BHLHE40",0.0641758855713496,0.076,0.076,0.598859731118531
"PAX5","ONECUT2",0.058918439010845,0.0469531135887823,0.0469531135887823,0.171138531502609
"PAX5","FOXO1",0.0545991034341994,0.02,0.02,0.21074309912669
"PAX5","ADCY1",0.0384890581673173,0.022,0.022,0.312176470039749
"PAX5","ELK1",0.0380244788188618,0.018,0.018,0.286850960286651
"PAX5","MPP7",0.0377958722861264,0.062,0.062,0.172572272718595
"PAX5","RELB",0.0349493800661069,0.05,0.05,0.322912749578042
"PAX5","TFCP2",0.0348228664266857,0.036,0.036,0.23606642813685
"PAX5","PMAIP1",0.0285025467800847,0.026,0.026,0.673462299874337
"PAX5","PFKFB3",0.0282857421834875,0.088,0.088,0.515079838285288
"PAX5","ZYX",0.0260169683948083,0.072,0.072,0.590141378926885
"PAX5","TFEB",0.0252611673366364,0.034,0.034,0.279806819343982
"PAX5","PPIA",0.0241834711518514,0.094,0.094,0.31156449882936
"PAX5","ELK4",0.0204651165921541,0.016,0.016,0.390628153373628
"PAX5","IVNS1ABP",0.0195312950892938,0.072,0.072,0.361419308055581
"PAX5","POLR1E",0.0175120356639502,0.066,0.066,0.405101323392665
"PAX5","MSC",0.016211223350248,0.068,0.068,0.20653638958132
"PAX5","UNC119",0.0148725083639133,0.032,0.032,0.377499423542122
"PAX5","ZNF16",0.0113314715832702,0.018,0.018,0.0488080696039998
"PAX5","TUBB3",0.011248273693841,0.036,0.036,0.221051124320546
"PAX5","KPNB1",0.0104437650230758,0.06,0.06,0.240856097426819
"PAX5","RXRB",0.0113694314075399,0.008,0.008,-0.0327393143878236
"PAX5","GMPR",0.0123888712962052,0.022,0.022,-0.229396740790281
"PAX5","PLAG1",0.0143780893625846,0.012,0.012,-0.112909921296988
"PAX5","CREB3L4",0.0252148912105595,0.046,0.046,-0.0950536722310196
"PAX5","HOXD3",0.0273797659788705,0.0348924787949178,0.0348924787949178,-0.111809263828999
"PAX5","DBP",0.0296987349361005,0.016,0.016,-0.0995353046323508
"PAX5","FOXP2",0.0327352168591601,0.0294006522798815,0.0294006522798815,-0.0878955726323262
"PAX5","FOXO3",0.0464856303898541,0.034,0.034,-0.254026849115638
"PAX5","HOXB4",0.0535598727312382,0.05,0.05,-0.136732852335268
"PAX5","GFI1",0.0627745848137675,0.0362848897134611,0.0362848897134611,-0.200578533760753
"PAX5","KLF13",0.0734007971054686,0.016,0.016,-0.397981857026867
"PAX5","XBP1",0.0745042689186215,0.042,0.042,-0.654751518313524
"PAX5","HSF4",0.0968911404198933,0.0597741627908018,0.0597741627908018,-0.198380564590512
"PAX5","PRDM15",0.163770049177501,0.034,0.034,-0.337971931654515
"PAX6","TWIST1",0.19559472779061,0.09221187251567,0.09221187251567,0.239059516410373
"PAX6","HEY2",0.170358540069835,0.12944951419645,0.12944951419645,0.118010743720495
"PBX1","MYH10",0.0509240711525095,0.0245318746055123,0.0245318746055123,0.0751511199350032
"PBX1","LHX9",0.0504500493384532,0.0777503159479784,0.0777503159479784,0.044083269724855
"PBX1","GCM1",0.0448054209777448,0.0443839031837855,0.0443839031837855,0.0745739373469194
"PBX1","HDGFRP3",0.0411556951220386,0.0186443788041532,0.0186443788041532,0.0168718426475195
"PBX1","HES5",0.0247719443134636,0.0572976827094474,0.0572976827094474,0.00385324227833077
"PBX1","G0S2",0.0236826245112651,0.036,0.036,0.0735005326056564
"PBX1","SNAI2",0.0181332000048333,0.0165376271794182,0.0165376271794182,0.0698158125902179
"PBX1","NEUROG2",0.0113793362259835,0.00994535519125683,0.00994535519125683,0.0128975610856385
"PBX2","POU5F1B",0.21819951916244,0.117639509355237,0.117639509355237,0.0527967438485825
"PBX2","FOXP3",0.133463685247665,0.0972264668143472,0.0972264668143472,0.0445436788673688
"PBX2","RHOXF1",0.119476849184966,0.0832638207446013,0.0832638207446013,0.151147680470119
"PBX2","CAV1",0.0713064133626073,0.052,0.052,0.389649663466604
"PBX2","NEUROD2",0.0636902841716499,0.06081682807456,0.06081682807456,0.208831661317061
"PBX2","KLF15",0.0570958950698059,0.0269918283963228,0.0269918283963228,0.0682339355654172
"PBX2","HOXB3",0.0528353419138118,0.035732093206368,0.035732093206368,0.152974879327629
"PBX2","TCN2",0.0371086779835824,0.04,0.04,0.313699494271832
"PBX2","CARD17",0.0284717816756932,0.0152288072018005,0.0152288072018005,0.163548212345041
"PBX2","POU5F1",0.0263038696490109,0.0303290553334736,0.0303290553334736,0.143812942050048
"PBX2","PLAGL2",0.0242956893713219,0.052,0.052,0.0399958689113558
"PBX2","LIMA1",0.0237553947375148,0.044,0.044,0.0971199465467116
"PBX2","BCL6",0.022864904246939,0.022,0.022,0.195498339090122
"PBX2","MLXIPL",0.0194233555677477,0.0738908780903666,0.0738908780903666,0.0598102434840961
"PBX2","RUNX2",0.0145184036063936,0.046,0.046,0.121801797619318
"PBX2","POU3F2",0.0144666395310795,0.0717345454680717,0.0717345454680717,0.0324216145755104
"PBX2","ZBTB14",0.0136770051903063,0.026,0.026,0.033650961345276
"PBX2","TET1",0.0115673968829822,0.0101224489795918,0.0101224489795918,0.179481400939264
"PBX2","CCDC152",0.0114703990233098,0.032,0.032,-0.149241193713685
"PBX2","CD86",0.0116334918908402,0.026,0.026,-0.0664451081581306
"PBX2","SOX4",0.013514804895452,0.048,0.048,-0.351064299966736
"PBX2","RFX1",0.0158554555710166,0.028,0.028,-0.0419858684601295
"PBX2","HCK",0.0186572955882224,0.04,0.04,-0.307342329447684
"PBX2","KISS1R",0.0238130201703858,0.0464646464646465,0.0464646464646465,-0.212728314345708
"PBX2","HTR3A",0.0343077405654353,0.026,0.026,-0.284909188254661
"PBX2","ZNF282",0.0361378882506895,0.05,0.05,-0.174525853438159
"PBX2","ARNTL",0.0451804208788719,0.07,0.07,-0.123665809400919
"PBX2","ZNF684",0.0575366753073979,0.08,0.08,-0.000279519228569819
"PBX3","CYP1B1",0.367679343540251,0.096,0.096,0.476485005369708
"PBX3","CNN2",0.307868600375041,0.048,0.048,0.540514887231478
"PBX3","TFDP1",0.292115880314321,0.056,0.056,0.379099158624222
"PBX3","SOX13",0.250057042221892,0.176987909788421,0.176987909788421,0.143468605610786
"PBX3","A4GALT",0.23099988340918,0.092,0.092,0.465573712654625
"PBX3","TMSB4X",0.200064057344207,0.032,0.032,0.483201383080449
"PBX3","TFRC",0.19205467813896,0.028,0.028,0.471606631888164
"PBX3","RMI2",0.188034035527949,0.042,0.042,0.471723678050798
"PBX3","POLD3",0.180778622363922,0.032,0.032,0.381539235839002
"PBX3","CHEK1",0.177017180368967,0.032,0.032,0.393759002676048
"PBX3","TPI1",0.175938854209298,0.044,0.044,0.370422016183627
"PBX3","CCL22",0.155861939916563,0.16,0.16,0.55445968806141
"PBX3","PRC1",0.151366676628891,0.03,0.03,0.277028711869416
"PBX3","SOX5",0.135846402445233,0.06,0.06,0.289813462438962
"PBX3","LIN54",0.133972548417146,0.048,0.048,0.210106989024438
"PBX3","PHLDA3",0.133764962244168,0.07,0.07,0.40838594369135
"PBX3","HSPB1",0.125325699555659,0.072,0.072,0.554424140503968
"PBX3","CDCA8",0.124231916687592,0.03,0.03,0.296388983553972
"PBX3","CKAP2L",0.123142438748048,0.02,0.02,0.296853304181878
"PBX3","ACTB",0.117808244867083,0.04,0.04,0.486799474545109
"PBX3","UBE2C",0.116986671231456,0.028,0.028,0.272694618983167
"PBX3","CCDC28B",0.113002143135076,0.108,0.108,0.542306535747001
"PBX3","ARL6IP1",0.110894649951176,0.024,0.024,0.310437045165396
"PBX3","TNFSF4",0.110085273265694,0.11,0.11,0.496574973615832
"PBX3","CYB5R2",0.108760760130058,0.044,0.044,0.482576731906049
"PBX3","ATIC",0.10611582705547,0.028,0.028,0.365906289210345
"PBX3","NCF2",0.101189122806358,0.104,0.104,0.477390080151212
"PBX3","DLGAP5",0.0958806705105536,0.032,0.032,0.269055241687678
"PBX3","HIST1H1B",0.0941347466069593,0.08,0.08,0.200254294962646
"PBX3","SNTA1",0.0932284880758119,0.026,0.026,0.209649517153561
"PBX3","PPIA",0.0905611175110359,0.028,0.028,0.42247187827093
"PBX3","POU5F1",0.0887385052267004,0.0281224489795918,0.0281224489795918,0.0527674922795425
"PBX3","HK1",0.0884729543208601,0.032,0.032,0.506300437473035
"PBX3","FOXN3",0.0876702263826429,0.08,0.08,0.204811974947103
"PBX3","ARNTL",0.0822050339674712,0.066,0.066,0.110971940054196
"PBX3","PLK1",0.0800089803973684,0.018,0.018,0.181267607975839
"PBX3","ZBTB32",0.0794453045873102,0.02,0.02,0.29529555530798
"PBX3","CCDC34",0.0779854130512212,0.03,0.03,0.37338390117304
"PBX3","ARID5A",0.0778594930566724,0.036,0.036,0.55524505913825
"PBX3","POLR1E",0.0759148675203363,0.022,0.022,0.440524519131612
"PBX3","CREM",0.0709980943656448,0.04,0.04,0.222011410343006
"PBX3","PFN1",0.0693003141424267,0.032,0.032,0.526877594063099
"PBX3","ADCY1",0.0676218473035647,0.04,0.04,0.438035713805204
"PBX3","ARPC5",0.0671798898489611,0.03,0.03,0.487120011793545
"PBX3","TUBB4B",0.0659624829712747,0.026,0.026,0.373510406220027
"PBX3","NTRK2",0.061101095740748,0.102,0.102,0.465183970422201
"PBX3","HES5",0.0607936401002589,0.0601617989853284,0.0601617989853284,0.149317766136074
"PBX3","PPM1G",0.0600895991842137,0.016,0.016,0.386589337684759
"PBX3","MRPL37",0.0587113099906442,0.026,0.026,0.414040968289589
"PBX3","CENPV",0.0570542563910686,0.052,0.052,0.218632832334686
"PBX3","CD70",0.0553115649232022,0.054,0.054,0.439722648843995
"PBX3","E2F7",0.0548308828134091,0.098,0.098,0.389003428409883
"PBX3","TTC39C",0.0547824666554518,0.096,0.096,0.524762787073688
"PBX3","PKM",0.053109308560535,0.03,0.03,0.419177715105281
"PBX3","ARNT",0.0506006935880686,0.026,0.026,0.213114031487792
"PBX3","HS3ST3B1",0.0500126611708281,0.048,0.048,0.154227183702345
"PBX3","ID2",0.0500046306742924,0.068,0.068,0.422263686149199
"PBX3","BCL6B",0.0497590786285904,0.0432768712760596,0.0432768712760596,0.0852007011965072
"PBX3","RAN",0.0496375975113893,0.03,0.03,0.471446795929818
"PBX3","RFX3",0.0464497954956558,0.082,0.082,0.0910993084042992
"PBX3","VASP",0.046406112654242,0.046,0.046,0.589318430094561
"PBX3","MZT1",0.0460485901915917,0.038,0.038,0.363612262124728
"PBX3","PLAC8",0.0455853561432608,0.058,0.058,0.143665638955078
"PBX3","PPID",0.0455125182692075,0.044,0.044,0.446129511356973
"PBX3","RXRB",0.0452311138698588,0.052,0.052,0.0377390547431588
"PBX3","CMTM3",0.0442597983982182,0.05,0.05,0.511960466618864
"PBX3","SP4",0.0435494932686197,0.036,0.036,0.163407037986889
"PBX3","NR5A2",0.0426768021047724,0.0189108672328556,0.0189108672328556,0.260773117600896
"PBX3","RRM1",0.0424593826268267,0.042,0.042,0.407758091985932
"PBX3","FHL2",0.0423545076177008,0.0549866164336525,0.0549866164336525,0.238731849699421
"PBX3","PLAGL2",0.0419740270738307,0.026,0.026,0.270236198770404
"PBX3","PRR19",0.0419103664065805,0.0370890648692312,0.0370890648692312,0.143967238693003
"PBX3","PKIG",0.0413122769606327,0.088,0.088,0.527499356543292
"PBX3","LAPTM4B",0.0397856747461785,0.022,0.022,0.255079901670971
"PBX3","PRMT1",0.0379543691726752,0.038,0.038,0.415924065329405
"PBX3","GPR132",0.0367424414677819,0.024,0.024,0.419120714216186
"PBX3","POLR3K",0.0362375863345332,0.03,0.03,0.429428306099235
"PBX3","UNC119",0.0360342923912,0.06,0.06,0.242667966424166
"PBX3","SLC41A1",0.0352662384135544,0.018,0.018,0.384879240751331
"PBX3","NUF2",0.0352634398993428,0.024,0.024,0.255252267709944
"PBX3","ZYX",0.0349814138668984,0.026,0.026,0.528416641790616
"PBX3","TCF12",0.0343397271760699,0.034,0.034,0.225960639928022
"PBX3","FGR",0.0341062008011412,0.044,0.044,0.288339172762419
"PBX3","S100A4",0.0337073248692754,0.022,0.022,0.484656273256199
"PBX3","KIAA0101",0.03307525521095,0.03,0.03,0.356130795016524
"PBX3","WDR34",0.0329609269031417,0.014,0.014,0.314018717074401
"PBX3","LSM2",0.0327776799367193,0.03,0.03,0.461867317878015
"PBX3","E2F8",0.0324444682166703,0.05,0.05,0.246144310409436
"PBX3","CCND3",0.0316655971441548,0.03,0.03,0.510609528265501
"PBX3","CD82",0.0309737857729386,0.086,0.086,0.447609524636468
"PBX3","TYMS",0.0302580960061421,0.058,0.058,0.408118532672323
"PBX3","NOP16",0.029057052711733,0.02,0.02,0.319948476155843
"PBX3","C1orf228",0.0284173081641902,0.054,0.054,0.0921832016246997
"PBX3","IL32",0.0269893268788291,0.016,0.016,0.315755540900771
"PBX3","COTL1",0.0266480472695368,0.024,0.024,0.459251429943145
"PBX3","PEA15",0.0264179895290912,0.038,0.038,0.601302667221612
"PBX3","LGALS3",0.0263722915841414,0.016,0.016,0.4345525821991
"PBX3","PA2G4",0.0262031460488672,0.022,0.022,0.365017740449696
"PBX3","HOXA1",0.0254914441390141,0.00941176470588235,0.00941176470588235,0.208767783449569
"PBX3","HPGD",0.0254157507342485,0.022,0.022,0.0838384310384031
"PBX3","UNG",0.0241588203838577,0.03,0.03,0.420597948103015
"PBX3","ENO1",0.0241166217410626,0.022,0.022,0.403804694203285
"PBX3","PIK3CD",0.0240759484987992,0.068,0.068,0.501197898180857
"PBX3","LYAR",0.0228589390882923,0.014,0.014,0.323981311601222
"PBX3","HEY1",0.0226777876844727,0.0131422924901186,0.0131422924901186,0.116359425005063
"PBX3","HRAS",0.0214743300990275,0.018,0.018,0.29396139109416
"PBX3","MTDH",0.0212250263936298,0.014,0.014,0.139258541995471
"PBX3","EBI3",0.0209486946996077,0.048,0.048,0.561730199349489
"PBX3","SET",0.0207496621091487,0.02,0.02,0.410992409634042
"PBX3","SRSF2",0.0206243845824559,0.016,0.016,0.378763779117031
"PBX3","SYT11",0.0204603974361275,0.018,0.018,0.464673102379132
"PBX3","NGFRAP1",0.0203354325987578,0.02,0.02,0.197527152491421
"PBX3","ARNTL2",0.0186957737753415,0.038,0.038,0.398304754819371
"PBX3","CCSER2",0.018070269450139,0.048,0.048,0.306770236600746
"PBX3","RAB13",0.0179916557441763,0.07,0.07,0.453102462540092
"PBX3","NRL",0.0177715479493782,0.0195697919102174,0.0195697919102174,0.0563467266796206
"PBX3","CDCA7",0.0177555654597179,0.032,0.032,0.47981555135008
"PBX3","ESCO2",0.0176505047376265,0.058,0.058,0.324702237898123
"PBX3","BATF3",0.0174508777830522,0.03,0.03,0.603185828863804
"PBX3","TPM4",0.0170567011295189,0.016,0.016,0.44108400106336
"PBX3","TTN",0.0161615449654259,0.076,0.076,0.292757697590456
"PBX3","HNRNPAB",0.0159655088579871,0.012,0.012,0.356398038707919
"PBX3","OLIG3",0.0159393375282457,0.0275729760406642,0.0275729760406642,0.200430665328298
"PBX3","CAPG",0.0157264072441998,0.038,0.038,0.560433066366211
"PBX3","RRM2B",0.0157244459894051,0.018,0.018,0.42165696771602
"PBX3","TPM3",0.0149136661549562,0.044,0.044,0.49901551761893
"PBX3","DDX60",0.0142633641699693,0.044,0.044,0.0803054528154546
"PBX3","DGKG",0.0141128686480204,0.076,0.076,0.554788523868774
"PBX3","LPXN",0.0140201997427053,0.036,0.036,0.358199120396848
"PBX3","IL10",0.0139952722755849,0.012,0.012,0.327488566900328
"PBX3","ATF3",0.0133883356421205,0.016,0.016,0.278129167938499
"PBX3","PRKCDBP",0.0132769269585547,0.03,0.03,0.47396692521439
"PBX3","STEAP3",0.012739312743468,0.0110622710622711,0.0110622710622711,0.201620981816793
"PBX3","NCL",0.0123323044786626,0.052,0.052,0.290071339061481
"PBX3","LBR",0.0120169965560938,0.02,0.02,0.330002869731194
"PBX3","KIF5C",0.0120154856930739,0.028,0.028,0.45237411537871
"PBX3","TOP2A",0.0119388130810947,0.036,0.036,0.295323702528445
"PBX3","C1orf162",0.0118951543891696,0.026,0.026,0.26813089013038
"PBX3","NFE2L1",0.011846036671266,0.038,0.038,0.313199136341535
"PBX3","CCNA1",0.0117074735841659,0.0130699703911485,0.0130699703911485,0.307098072086511
"PBX3","POU2F1",0.0118391905294001,0.016,0.016,-0.0906482472368366
"PBX3","PLAG1",0.0129310335014509,0.006,0.006,-0.146856623439931
"PBX3","MNT",0.0139672792280573,0.024,0.024,-0.0796836564776664
"PBX3","ZNF410",0.0183807946410132,0.0847538200339558,0.0847538200339558,-0.0563598884741032
"PBX3","MLXIP",0.0191813823250962,0.014,0.014,-0.324997835147653
"PBX3","IRF9",0.0209894155098616,0.016,0.016,-0.136771350044342
"PBX3","RASSF6",0.0231885614819888,0.012,0.012,-0.341873179141112
"PITX1","HMX2",0.0804724012776173,0.049055330634278,0.049055330634278,0.06475724652043
"PITX1","OTX1",0.0352196226511397,0.0991603627838175,0.0991603627838175,0.00153032183612238
"PITX1","ZNF410",0.030554241233208,0.0147368421052632,0.0147368421052632,0.0865483829008017
"PITX1","PBX1",0.0231694872879929,0.0246862154014799,0.0246862154014799,0.0457336640084989
"PITX1","GRHL1",0.019351258896757,0.0148049645390071,0.0148049645390071,0.00456881851510825
"PITX1","SP3",0.016586826908255,0.038,0.038,0.0512140409063799
"PITX2","GLIS2",0.0278032084106846,0.019087015196855,0.019087015196855,0.0530790495361333
"PITX2","PPARG",0.0211763883285801,0.0130700054104879,0.0130700054104879,0.150573206086756
"PKNOX1","PLAGL2",0.124654953314786,0.04,0.04,0.244302167798234
"PKNOX1","DLX2",0.056845001565587,0.0368392713942032,0.0368392713942032,0.055364236122611
"PKNOX1","MTDH",0.051398881985732,0.046,0.046,0.388194746650496
"PKNOX1","YBX3",0.0440342829318081,0.032,0.032,0.31122529727851
"PKNOX1","ZNF423",0.0425906243998426,0.156010280042538,0.156010280042538,0.100663537705326
"PKNOX1","KISS1R",0.0405079951468217,0.0424242424242424,0.0424242424242424,0.222545487468634
"PKNOX1","IRF2",0.0364045334798818,0.036,0.036,0.321708138796319
"PKNOX1","PRR19",0.0358621621361727,0.0183652888143666,0.0183652888143666,0.159492890239139
"PKNOX1","RFX2",0.0343025065877277,0.0340408163265306,0.0340408163265306,0.212696677674915
"PKNOX1","HPGD",0.0283869448099633,0.024,0.024,0.270225235949763
"PKNOX1","TFRC",0.0279855014262488,0.044,0.044,0.353637976397698
"PKNOX1","ZNF263",0.0272044455660019,0.028,0.028,0.0373044024928665
"PKNOX1","FOXO1",0.0255509740612314,0.046,0.046,0.156179526511743
"PKNOX1","GRHL1",0.0244957872500651,0.0488918439716312,0.0488918439716312,0.027712613648811
"PKNOX1","NDC80",0.024249971022563,0.022,0.022,0.308373612776904
"PKNOX1","TFAP2E",0.0227005321835419,0.0556980319222587,0.0556980319222587,0.0156203228346391
"PKNOX1","LACTB",0.0218933681203375,0.034,0.034,0.125981705172434
"PKNOX1","MT2A",0.0194563021673888,0.024,0.024,0.277489602160954
"PKNOX1","LPXN",0.0190311885725854,0.01,0.01,0.303513097103948
"PKNOX1","NFIX",0.0188158108349592,0.0606938775510204,0.0606938775510204,0.0111051512337286
"PKNOX1","KLF5",0.0182710564607479,0.0217497556207234,0.0217497556207234,0.125385161336957
"PKNOX1","POLR3G",0.0179891127840873,0.03,0.03,0.315510565095583
"PKNOX1","E2F8",0.0177048165095707,0.034,0.034,0.269937276619503
"PKNOX1","PPM1G",0.0176410037395238,0.02,0.02,0.335966994966574
"PKNOX1","ARPC5",0.0168603962302718,0.014,0.014,0.32491227484317
"PKNOX1","ARID3B",0.0163403470764773,0.026,0.026,0.251595705134929
"PKNOX1","NFE2L2",0.0160708367195251,0.03,0.03,0.111615216702448
"PKNOX1","NCL",0.0151865642368406,0.012,0.012,0.362433595330732
"PKNOX1","ZKSCAN5",0.0144366417684599,0.018,0.018,0.0831426729536772
"PKNOX1","RFX4",0.0131274400035549,0.0595044898842367,0.0595044898842367,0.0314191406964926
"PKNOX1","ESCO2",0.0129279323493336,0.052,0.052,0.342417781890177
"PKNOX1","CHEK1",0.0123760254023178,0.016,0.016,0.328801647549828
"PKNOX1","GMNN",0.012133041019855,0.026,0.026,0.36313796991946
"PKNOX1","POLD3",0.0119886377571311,0.032,0.032,0.329511686732459
"PKNOX1","FBXO5",0.0117946903931922,0.036,0.036,0.335159887566594
"PKNOX1","TPI1",0.011721263289465,0.012,0.012,0.360629298861987
"PKNOX1","ACTG1",0.0116511091559382,0.018,0.018,0.327963825587596
"PKNOX1","SET",0.0106085086381456,0.034,0.034,0.312248216263049
"PKNOX1","ZNF652",0.0127512129225399,0.026,0.026,-0.190370169409388
"PKNOX1","NEUROD2",0.0208894550806427,0.0263686348016245,0.0263686348016245,-0.0228103558745811
"PKNOX1","RELB",0.0230791983981989,0.048,0.048,-0.208114869212399
"PKNOX1","HSF4",0.0357320837499069,0.0491148255748889,0.0491148255748889,-0.104435367250691
"PKNOX1","FOXO4",0.0567402128477028,0.034,0.034,-0.168913621642034
"PLAG1","DOPEY2",0.483293028688404,0.176,0.176,0.299854609318823
"PLAG1","ZNF317",0.1804938363746,0.13,0.13,0.163342949650927
"PLAG1","TNFSF9",0.152131374414355,0.1,0.1,0.172511055945393
"PLAG1","ZIC2",0.140172171343458,0.0626227106227106,0.0626227106227106,0.033387299412908
"PLAG1","MSX1",0.0960104743404614,0.04,0.04,0.0852848612468339
"PLAG1","SPDEF",0.0698079148561881,0.036,0.036,0.170576655680585
"PLAG1","NFATC1",0.0630730814524696,0.082,0.082,0.0995400426819499
"PLAG1","ELF2",0.0487361496834373,0.078,0.078,0.184573526596175
"PLAG1","BHLHA15",0.0380349687554439,0.0886904966096075,0.0886904966096075,0.0396924471648837
"PLAG1","EMILIN2",0.0376007678250146,0.074,0.074,0.147459354890766
"PLAG1","DNAJC5B",0.0301108795928389,0.054,0.054,0.157101918250096
"PLAG1","NRL",0.0300653016369428,0.0497077390694412,0.0497077390694412,0.0372576414871244
"PLAG1","KLF15",0.0277355971737075,0.049823594331537,0.049823594331537,0.0713100081133403
"PLAG1","HOXB4",0.0260641176306154,0.034,0.034,0.053884930492286
"PLAG1","DBP",0.0259587104804571,0.036,0.036,0.0887519803938321
"PLAG1","ZSCAN29",0.0242011050519862,0.04,0.04,0.0531146090688427
"PLAG1","HEY1",0.0234844425171304,0.0334794233899093,0.0334794233899093,0.000976670083800585
"PLAG1","NUB1",0.0222800513457608,0.07,0.07,0.179144495732926
"PLAG1","ONECUT3",0.0221821245081271,0.0726275886275886,0.0726275886275886,0.0520761599528099
"PLAG1","MLXIP",0.021235431951393,0.066,0.066,0.179490510033775
"PLAG1","BTNL9",0.0204110401352662,0.034,0.034,0.125735305305079
"PLAG1","IGLL5",0.0198177077817898,0.06,0.06,0.163494063059707
"PLAG1","PBX2",0.0195905304705879,0.05,0.05,0.161422070920591
"PLAG1","NEUROD2",0.019367771410673,0.0283269811517234,0.0283269811517234,0.0899536830060241
"PLAG1","MLXIPL",0.0193549693439507,0.0888712702472293,0.0888712702472293,0.0427051513100419
"PLAG1","MAFF",0.0175481921471825,0.028,0.028,0.0629671177147956
"PLAG1","SATB1",0.0170811169069831,0.038,0.038,0.103653524840356
"PLAG1","TBX6",0.014645205771136,0.0646844570271705,0.0646844570271705,0.0336268078940761
"PLAG1","NXPH4",0.014525869877334,0.034,0.034,0.122811978301711
"PLAG1","ZNF75D",0.012869298269058,0.03,0.03,0.078898063960358
"PLAG1","SOCS3",0.0122265683478765,0.046,0.046,0.186953091299269
"PLAG1","RARA",0.0121857876897643,0.03,0.03,0.0564275900548914
"PLAG1","ESRRA",0.0121071458872603,0.016,0.016,0.0191823218763649
"PLAG1","JUN",0.0109142354550088,0.038,0.038,0.245724602746286
"PLAG1","BACH2",0.0103136409950877,0.064,0.064,0.14559066093306
"PLAG1","SREBF2",0.0106883397608135,0.026,0.026,-0.163244858915821
"PLAG1","FNIP2",0.0110512097611209,0.032,0.032,-0.0745807066934646
"PLAG1","RRM2B",0.0140902855385099,0.046,0.046,-0.044783595263135
"PLAG1","CD3EAP",0.0146419727502869,0.06,0.06,-0.209299395435264
"PLAG1","ATF7",0.0146452362756074,0.024,0.024,-0.110368679202912
"PLAG1","GMEB1",0.0149294502499499,0.024,0.024,-0.104797713948057
"PLAG1","TFEB",0.0149847348662168,0.024,0.024,-0.166805467631534
"PLAG1","IKZF1",0.0155611215326983,0.044,0.044,-0.189447806407685
"PLAG1","DDIT4",0.0164312087961473,0.036,0.036,-0.192783925738533
"PLAG1","NR1H3",0.0174782703040505,0.0322849024645785,0.0322849024645785,-0.084467127704964
"PLAG1","ARL6IP1",0.018092087473595,0.034,0.034,-0.227451891308344
"PLAG1","SLC41A1",0.01935817017017,0.05,0.05,-0.10780798388506
"PLAG1","TP73",0.0223671688086606,0.046,0.046,-0.0401125115130554
"PLAG1","HES6",0.0392741000266466,0.064,0.064,-0.0779747234308549
"PLAG1","NR3C2",0.0483742207603455,0.0386105957534529,0.0386105957534529,-0.0131703302165481
"PLAG1","JDP2",0.0510651279589277,0.054,0.054,-0.142631931195733
"PLAG1","HSF1",0.0632571274017469,0.06,0.06,-0.179693366819165
"PLAGL2","SREBF2",0.11694922988929,0.066,0.066,0.258643283156075
"PLAGL2","NFATC3",0.107059135224198,0.032,0.032,0.270874910919038
"PLAGL2","PKNOX1",0.104528986599223,0.044,0.044,0.244302167798234
"PLAGL2","SIX3",0.102560295565126,0.0523126724654312,0.0523126724654312,0.0965094648054942
"PLAGL2","HOXD3",0.0662424686519951,0.0448939843655291,0.0448939843655291,0.042858925849682
"PLAGL2","NAMPT",0.0639866839269733,0.026,0.026,0.374459769911729
"PLAGL2","RXRA",0.0594554283037789,0.05,0.05,0.127961079603013
"PLAGL2","LGALS3",0.0515692842948267,0.05,0.05,0.47022353932891
"PLAGL2","SOX11",0.0508619666257163,0.0727703034333167,0.0727703034333167,0.103113072756441
"PLAGL2","PPP2R3C",0.0508171952760308,0.038,0.038,0.385156747224907
"PLAGL2","HNRNPA2B1",0.0500165856712023,0.028,0.028,0.463792973317678
"PLAGL2","RFX2",0.0476027186455028,0.0301632653061224,0.0301632653061224,0.173319860964053
"PLAGL2","LIN54",0.0462457880272364,0.024,0.024,0.201033504442687
"PLAGL2","POU5F1",0.040701811070716,0.0464725436566379,0.0464725436566379,0.129046064046437
"PLAGL2","G0S2",0.039558652676327,0.05,0.05,0.246691760721967
"PLAGL2","TPI1",0.0369453235561413,0.02,0.02,0.403366381075849
"PLAGL2","SLC16A3",0.0361126508748969,0.026,0.026,0.240930462540417
"PLAGL2","TEAD4",0.0348405673714302,0.0449306245753528,0.0449306245753528,0.175404257123823
"PLAGL2","KLF16",0.0306831944723572,0.03,0.03,0.242471802882446
"PLAGL2","NR2C2",0.0291906562141685,0.02,0.02,0.0639835013203627
"PLAGL2","LDHB",0.0291129401422342,0.024,0.024,0.420063940373397
"PLAGL2","CCND2",0.0283484671439391,0.02,0.02,0.425608517243061
"PLAGL2","ZNF354C",0.0281611915061152,0.044,0.044,0.160369011540835
"PLAGL2","ACTG1",0.0262736054583741,0.03,0.03,0.400205689806812
"PLAGL2","FOXK2",0.0235162337308674,0.016,0.016,0.077351450354354
"PLAGL2","NFE2L1",0.0227789783354567,0.068,0.068,0.262681587565262
"PLAGL2","PPP1R14B",0.0200840605019598,0.032,0.032,0.393518592789035
"PLAGL2","SSRP1",0.0191223069013507,0.022,0.022,0.391332540641469
"PLAGL2","ARPC4",0.0189527400166029,0.02,0.02,0.410947198834654
"PLAGL2","NEUROG2",0.0184899493497224,0.0397267759562842,0.0397267759562842,0.0903774203708968
"PLAGL2","PHLDA3",0.0181735203892124,0.026,0.026,0.234189435970153
"PLAGL2","RANBP1",0.0180784370402388,0.048,0.048,0.409534936167967
"PLAGL2","LDHA",0.0179638392508988,0.02,0.02,0.401378317032347
"PLAGL2","PBX2",0.0177394641938524,0.038,0.038,0.0399958689113558
"PLAGL2","BATF2",0.0175962666262572,0.0451080281929441,0.0451080281929441,0.0563962687075343
"PLAGL2","CENPB",0.0172833100041304,0.022,0.022,0.212469369424157
"PLAGL2","HOXB4",0.015832520998157,0.01,0.01,0.0649496962946172
"PLAGL2","HOXA4",0.0144856970127151,0.0511197100711167,0.0511197100711167,0.119792226945562
"PLAGL2","ZNF148",0.0138950257917263,0.036,0.036,0.00379752918157156
"PLAGL2","ZBTB7B",0.0138339225260203,0.03,0.03,0.0162979524831267
"PLAGL2","CEBPB",0.0127022996535451,0.034,0.034,0.158562582104849
"PLAGL2","ZBTB7A",0.012292296321947,0.024,0.024,0.0911631740726892
"PLAGL2","ELK1",0.0122635127966415,0.03,0.03,0.211198634038615
"PLAGL2","TTK",0.0117917447622362,0.012,0.012,0.285949607725833
"PLAGL2","TMSB4X",0.0115541097736529,0.008,0.008,0.423350638341993
"PLAGL2","EGR3",0.0108478588745396,0.054,0.054,0.0439867262030768
"PLAGL2","ADAP1",0.0102966285416045,0.058,0.058,0.000948158406628125
"PLAGL2","GFI1",0.010083562150957,0.0200808080808081,0.0200808080808081,-0.0829300542108461
"PLAGL2","NR3C2",0.0140413124066528,0.00820578231292517,0.00820578231292517,-0.0426752867230057
"PLAGL2","MEF2D",0.0160920024061656,0.018,0.018,-0.158656367171259
"PLAGL2","RXRB",0.0169307135618132,0.026,0.026,-0.078699944412381
"POU2F1","TCF7L1",0.227056938257933,0.07,0.07,0.0251485146975061
"POU2F1","POU6F1",0.0637559543921096,0.058,0.058,0.0808356253730502
"POU2F1","HESX1",0.0580474305283296,0.0871434429747179,0.0871434429747179,0.0976057885491302
"POU2F1","SMAD2",0.0536244361628847,0.11,0.11,0.0983756063921004
"POU2F1","GNB3",0.0504812837364351,0.0606918161203876,0.0606918161203876,0.0809642956920304
"POU2F1","MITF",0.0503577495289151,0.0356583740215454,0.0356583740215454,0.0439537266669571
"POU2F1","THRB",0.0373750845901177,0.0241176470588235,0.0241176470588235,0.0518710417196004
"POU2F1","ZNF281",0.0302179534907921,0.04,0.04,0.0944352176235388
"POU2F1","SNAI3",0.0186382143720439,0.038,0.038,0.0499104248266438
"POU2F1","HOXA5",0.016713371171541,0.0248230535894843,0.0248230535894843,0.0546000770648409
"POU2F1","SELL",0.0166147702998476,0.05,0.05,0.051796143810347
"POU2F1","GYG1",0.0158929573193431,0.048,0.048,0.0528083165478658
"POU2F1","NRF1",0.0155294780445523,0.02,0.02,0.0537307867877017
"POU2F1","SREBF2",0.014141360366572,0.036,0.036,0.0584223972975686
"POU2F1","NFAT5",0.0139718631790247,0.028,0.028,0.0313416285159603
"POU2F1","NR2C1",0.0126938969003256,0.022,0.022,0.0583332609133047
"POU2F1","E2F6",0.0104213596519767,0.018,0.018,0.0475707098405349
"POU2F1","MEF2B",0.0103638918153719,0.09324571011318,0.09324571011318,0.00427132646707905
"POU2F1","HIST1H2BJ",0.0101879200462639,0.028,0.028,0.0644600260654573
"POU2F1","PPARG",0.0114164605205269,0.034935468112265,0.034935468112265,-0.08699082765887
"POU2F1","YY2",0.0114174049129794,0.0226821656497651,0.0226821656497651,-0.0207121424738931
"POU2F1","ESRRA",0.0114775033936531,0.016,0.016,-0.0546209598028277
"POU2F1","MTF1",0.0142341840536887,0.032,0.032,-0.0466579708522843
"POU2F1","RGS1",0.0151400791355937,0.054,0.054,-0.110428743299665
"POU2F1","SRF",0.0159114419712229,0.056,0.056,-0.101586937901319
"POU2F1","DDX60",0.0161980631714441,0.054,0.054,-0.0140839795473738
"POU2F1","ZBTB33",0.0167263229329828,0.04,0.04,-0.0481307832778002
"POU2F1","HOXC4",0.0199177657676829,0.034,0.034,-0.105069632203872
"POU2F1","HNF1B",0.0230199515271725,0.10150641025641,0.10150641025641,-0.0584355104644106
"POU2F1","TBX19",0.0370463912475052,0.088,0.088,-0.0885122701839708
"POU2F2","INSM1",0.305712526534329,0.0928891165278821,0.0928891165278821,0.111491866462958
"POU2F2","ARNT",0.24616741020667,0.174,0.174,0.276128557987368
"POU2F2","ETV6",0.159270219804991,0.178,0.178,0.238128673746302
"POU2F2","ZNF16",0.148074917074542,0.09,0.09,0.161504882992834
"POU2F2","EHF",0.0788526533990179,0.15799610689778,0.15799610689778,0.155074706378431
"POU2F2","FCRL3",0.065726831521643,0.082,0.082,0.148679408332242
"POU2F2","RHOXF1",0.0585888401171284,0.0681568224797083,0.0681568224797083,0.0855923772074337
"POU2F2","FDXR",0.0583589610656827,0.092,0.092,0.187274488068707
"POU2F2","CREB3",0.056656973601154,0.05,0.05,0.325778130327723
"POU2F2","ZNF682",0.0563970202596616,0.0503292494723016,0.0503292494723016,0.141535745014158
"POU2F2","ISL2",0.0558690765514071,0.09,0.09,0.219064167586243
"POU2F2","STAT3",0.0520867373892794,0.054,0.054,0.345969356128257
"POU2F2","MYL9",0.0488968033164197,0.104,0.104,0.282750926723425
"POU2F2","IRF3",0.0447976778500817,0.062,0.062,0.289115377664228
"POU2F2","CYB5R2",0.0426073952132987,0.05,0.05,0.241888121539748
"POU2F2","YBX3",0.0416867309002258,0.102,0.102,0.132917278801225
"POU2F2","NR2C1",0.0394121781069724,0.05,0.05,0.0161357503069976
"POU2F2","SOX5",0.0390200211147421,0.076,0.076,0.0372664378945774
"POU2F2","THRB",0.035485820183684,0.144884335756775,0.144884335756775,0.035776839431846
"POU2F2","AICDA",0.0349211186522102,0.084,0.084,0.173011184438652
"POU2F2","MYF6",0.0348057335507899,0.0118625277161863,0.0118625277161863,0.078112277942558
"POU2F2","VDR",0.0317888122356305,0.058,0.058,0.268593571352477
"POU2F2","NR2C2",0.0298122803567005,0.052,0.052,0.0188934082801571
"POU2F2","ESR1",0.0290450008558057,0.044,0.044,0.132564417636897
"POU2F2","C4BPB",0.0285084421294774,0.058,0.058,0.248608988183011
"POU2F2","ALOX5AP",0.0283485841988273,0.06,0.06,0.236013246182076
"POU2F2","TMOD2",0.02779513840525,0.03,0.03,0.033795706050862
"POU2F2","LPXN",0.0273263196597586,0.096,0.096,0.338318817283086
"POU2F2","ZNF382",0.0263899218475211,0.0422448979591837,0.0422448979591837,0.116120677035373
"POU2F2","COL7A1",0.0262764181965441,0.046,0.046,0.13294099679828
"POU2F2","PTMS",0.0255435467064745,0.092,0.092,0.233163098748919
"POU2F2","BATF3",0.0231997782464815,0.04,0.04,0.315310785270639
"POU2F2","RAB7L1",0.0230869676190748,0.086,0.086,0.320310216796228
"POU2F2","MYH10",0.0230366320113158,0.0592888701872502,0.0592888701872502,0.0430193537123412
"POU2F2","NFIX",0.0228612814051974,0.0282857142857143,0.0282857142857143,0.0348628544495906
"POU2F2","PASK",0.0226530555561052,0.116,0.116,0.22082921225905
"POU2F2","HFE",0.0223344483995875,0.0282222222222222,0.0282222222222222,0.109525987459475
"POU2F2","NFIB",0.0202517579141361,0.0320920358180632,0.0320920358180632,0.0648336758824426
"POU2F2","TCF4",0.018948524080393,0.022,0.022,0.162687003288659
"POU2F2","HIST1H2BJ",0.0188794467290687,0.052,0.052,0.0109002108720995
"POU2F2","CCL17",0.0180696852575008,0.088,0.088,0.226027864556486
"POU2F2","HIST1H2BK",0.0177846364698722,0.054,0.054,0.0840524269054902
"POU2F2","ADCY1",0.0168719840735855,0.052,0.052,0.127035753020468
"POU2F2","ZNF528",0.0167897755871249,0.01,0.01,0.111793499125768
"POU2F2","ZNF740",0.0162347964917261,0.014,0.014,0.0439538898847062
"POU2F2","SERPINB9",0.0161905653894464,0.038,0.038,0.0824477177292135
"POU2F2","DLX6",0.0161594897082462,0.0828386116807169,0.0828386116807169,0.0754421846860931
"POU2F2","DUSP4",0.0159056020281043,0.064,0.064,0.112389405084313
"POU2F2","SLC41A1",0.0156220989319915,0.068,0.068,0.117992517717477
"POU2F2","FOXO3",0.0149059471411302,0.066,0.066,0.0337394681967607
"POU2F2","CCNA1",0.0145381006895083,0.0194966495247,0.0194966495247,0.123146642222275
"POU2F2","E2F7",0.0141340490903534,0.08,0.08,0.0181417235884938
"POU2F2","LIN54",0.0138217004691793,0.02,0.02,0.146049052408161
"POU2F2","NHLH1",0.0135849011814173,0.0227620092125466,0.0227620092125466,0.0854288056953921
"POU2F2","ESRRG",0.0129193988513911,0.0363494132985658,0.0363494132985658,0.0543222717463579
"POU2F2","NKX3-1",0.0128723565711084,0.0140606060606061,0.0140606060606061,0.0332438450332245
"POU2F2","YY2",0.0125649753928318,0.0248509713163616,0.0248509713163616,0.115944297394513
"POU2F2","HPGD",0.0120629873012453,0.042,0.042,0.0833986219268266
"POU2F2","HOXB2",0.0118162215404424,0.0184317273301073,0.0184317273301073,0.0816524915796859
"POU2F2","MGST3",0.0113827157136057,0.05,0.05,0.352357866195728
"POU2F2","TCF12",0.0109686286212549,0.024,0.024,0.0316610177696435
"POU2F2","GNB3",0.0104690246195093,0.0202440733869305,0.0202440733869305,0.114627477256752
"POU2F2","ESR2",0.0102734372183232,0.02,0.02,0.11919920461556
"POU2F2","RRM2B",0.010153727928118,0.04,0.04,0.117277899905111
"POU2F2","ZKSCAN1",0.0100391825221233,0.022,0.022,0.286042254774568
"POU2F2","DPP4",0.010303436208686,0.0477975815867717,0.0477975815867717,-0.0292056104203149
"POU2F2","PLAC8",0.011246142133454,0.04,0.04,-0.130789791481749
"POU2F2","CD52",0.01207908763647,0.064,0.064,-0.314365694073338
"POU2F2","MID1IP1",0.0123213759447958,0.06,0.06,-0.0377965162176569
"POU2F2","DUSP6",0.0126974967412658,0.056,0.056,-0.0944367615216171
"POU2F2","PLK1",0.0138263949997275,0.076,0.076,-0.0427114352837227
"POU2F2","NDC80",0.013952769183293,0.062,0.062,-0.0267609116928621
"POU2F2","ZNF384",0.0145331617999307,0.02,0.02,-0.0519520032929879
"POU2F2","DMBX1",0.0146540415665805,0.010958904109589,0.010958904109589,-0.113366607167587
"POU2F2","MT1X",0.0146993850628026,0.05,0.05,-0.0544358084518343
"POU2F2","PLAGL1",0.0165377690103198,0.02,0.02,-0.0262112656555953
"POU2F2","CEBPD",0.0167707043393504,0.0371572340276317,0.0371572340276317,-0.0559239901642657
"POU2F2","MAX",0.0174863641813684,0.044,0.044,-0.255249773405125
"POU2F2","RELB",0.0181185788358817,0.036,0.036,-0.18871773068345
"POU2F2","POU2F1",0.0187612170378251,0.014,0.014,-0.089163081047235
"POU2F2","CD96",0.0197023307964472,0.04,0.04,-0.197613152076556
"POU2F2","CHORDC1",0.0198012777108261,0.108,0.108,-0.103076105629588
"POU2F2","ATF2",0.0210923415321225,0.024,0.024,-0.153395128963857
"POU2F2","SP2",0.0236218615522101,0.03,0.03,-0.226387325136006
"POU2F2","HSF2",0.0242812123334667,0.046,0.046,-0.0473486085707638
"POU2F2","KLF10",0.025577350428308,0.048,0.048,-0.0578725138369132
"POU2F2","RFX1",0.0266330591160856,0.05,0.05,-0.0157230767506644
"POU2F2","MT1E",0.0284101188755139,0.098,0.098,-0.0973794577069846
"POU2F2","CASZ1",0.0296652665991211,0.036,0.036,-0.0388674831836609
"POU2F2","TCFL5",0.0373622625643851,0.11,0.11,-0.18340234237687
"POU2F2","TCF7L1",0.0423757031953874,0.032,0.032,-0.0918741661432459
"POU2F2","REST",0.0429484506488734,0.054,0.054,-0.0166296176114444
"POU2F2","YY1",0.0458491700618902,0.08,0.08,-0.41271504405477
"POU2F2","NRF1",0.0509509475577136,0.044,0.044,-0.0894906749244744
"POU2F2","WDR43",0.0513380741142277,0.098,0.098,-0.290506555641449
"POU2F2","SMAD3",0.0521861523882695,0.06,0.06,-0.490591054532469
"POU2F2","FOS",0.0562855875884472,0.076,0.076,-0.495396785601626
"POU2F2","ETV3",0.0583440206183712,0.05,0.05,-0.315913143963145
"POU2F2","ZBTB26",0.0585738092272414,0.07,0.07,-0.084304091549126
"POU2F2","KISS1R",0.0617756165887533,0.113131313131313,0.113131313131313,-0.0661330966413412
"POU2F2","SP4",0.0654235563370862,0.074,0.074,-0.047410475060851
"POU2F2","MT1G",0.0764397313241697,0.18,0.18,-0.162947091447612
"POU2F2","HOXC8",0.0855484751755295,0.0477496191663205,0.0477496191663205,-0.0892011676081293
"POU2F2","ZNF140",0.0869066430637215,0.084,0.084,-0.0462944389792393
"POU2F2","GABPA",0.0890622170198756,0.096,0.096,-0.18024769513059
"POU2F2","HS3ST3B1",0.090266174272167,0.056,0.056,-0.218700173475945
"POU2F2","DLL1",0.0957141686869821,0.054,0.054,-0.279264063177126
"POU2F2","MT1H",0.179863360054853,0.18163737280296,0.18163737280296,-0.13957065589216
"POU2F2","NFIA",0.224551637065569,0.110188087774295,0.110188087774295,-0.146368985829679
"POU2F2","SATB1",0.262984447146048,0.1,0.1,-0.253494712549832
"POU2F3","HOXD8",0.236748600444682,0.247342131213099,0.247342131213099,0.0983410164781884
"POU2F3","HOXA4",0.145356096648744,0.0594650528097106,0.0594650528097106,0.0980348929140777
"POU2F3","THRB",0.142673891821023,0.0804775280898876,0.0804775280898876,0.111684344256668
"POU2F3","GLIS2",0.129943534085612,0.0804702924840225,0.0804702924840225,0.0714971790924412
"POU2F3","HLF",0.122777333566562,0.0749585119075919,0.0749585119075919,0.120297088409593
"POU2F3","HOXB6",0.115884797563787,0.0844666330322615,0.0844666330322615,0.118285503426816
"POU2F3","INA",0.0525685578824651,0.0216020877936834,0.0216020877936834,0.13859923588731
"POU2F3","MT1H",0.0507183488046527,0.0277058279370953,0.0277058279370953,0.197846578862866
"POU2F3","PRRX1",0.0433750194205078,0.0459486166007905,0.0459486166007905,0.0448704316742796
"POU2F3","ACTN1",0.0389565270929698,0.0162853019995877,0.0162853019995877,0.129490623754734
"POU2F3","NFIB",0.0311418084343043,0.0399497123880686,0.0399497123880686,0.0343433228504668
"POU2F3","FOXA2",0.0251963108002831,0.0316719049595762,0.0316719049595762,0.00827681387584173
"POU2F3","BHLHA15",0.0212895141893597,0.0266270916677421,0.0266270916677421,0.0263204073803436
"POU2F3","BHLHE22",0.0191418715482155,0.0154528909908657,0.0154528909908657,0.0480374751169423
"POU2F3","TFAP2A",0.0190238591221771,0.00829346092503987,0.00829346092503987,0.0358273463127143
"POU2F3","CD96",0.0167054607883666,0.032,0.032,0.198469804131157
"POU2F3","NKX3-1",0.0119861153202466,0.00606060606060606,0.00606060606060606,0.103478815754128
"POU2F3","HPGD",0.011438269624073,0.032,0.032,0.18843475565984
"POU3F1","DMBX1",0.418025742609273,0.146238101114813,0.146238101114813,0.437373511974875
"POU3F1","GNAZ",0.205956344015302,0.124,0.124,0.167182395376242
"POU3F1","ZNF382",0.147956117930675,0.0902857142857143,0.0902857142857143,0.0702131468176254
"POU3F1","SOX5",0.116257178890537,0.058,0.058,0.112089000409434
"POU3F1","IL6",0.101621612728568,0.07,0.07,0.222175080447432
"POU3F1","CYB5R2",0.0661267561531502,0.032,0.032,0.128352343795411
"POU3F1","TTC39C",0.0315087638586046,0.048,0.048,0.162540181873082
"POU3F1","CDCA7",0.0270435717588944,0.046,0.046,0.0739967340507477
"POU3F1","IFIT2",0.0255487657431307,0.032,0.032,0.227867102318219
"POU3F1","EGR2",0.0246466472126604,0.028,0.028,0.167607875771816
"POU3F1","NR4A1",0.0191235207694314,0.064,0.064,0.317825116001159
"POU3F1","BCL6",0.0185965267110939,0.036,0.036,0.106688547142583
"POU3F1","GPR18",0.0150532390675787,0.02,0.02,0.156364706224025
"POU3F1","TFAP2B",0.0143964644360944,0.0529240724432362,0.0529240724432362,0.113175757335382
"POU3F1","AIF1",0.0133352501639895,0.032,0.032,0.0728061114314464
"POU3F1","NFKB1",0.0104062240644316,0.02,0.02,0.211413071698967
"POU3F1","TFAP2C",0.0287707339007278,0.0442687747035573,0.0442687747035573,-0.000821468461165607
"POU3F2","SNAI2",0.278254617402657,0.118820626596746,0.118820626596746,0.196411230823751
"POU3F2","PBX1",0.195416051197894,0.0839593039188819,0.0839593039188819,0.163019465619013
"POU3F2","HOXC10",0.104569194353444,0.0846096096096096,0.0846096096096096,0.178269896883732
"POU3F2","NR2F2",0.0730082508968924,0.0502995236842874,0.0502995236842874,0.0733138446889908
"POU3F2","KLF5",0.0713725212455354,0.0413353398158152,0.0413353398158152,0.0878115730554181
"POU3F2","OLIG3",0.0629341357865259,0.0475510153724677,0.0475510153724677,0.0458683794022019
"POU3F2","HOXA5",0.0360717606785992,0.0588389870998567,0.0588389870998567,0.057108573123537
"POU3F2","COL1A2",0.0247613629830069,0.03,0.03,0.121680520033714
"POU3F2","BHLHA15",0.0220451939082115,0.0222591944625494,0.0222591944625494,0.0363094653621487
"POU3F2","SIX1",0.0168349662058744,0.00961199294532628,0.00961199294532628,0.00466502000543843
"POU4F1","ATF7",0.117409055305511,0.086,0.086,0.133449218805923
"POU4F1","TBX6",0.103461771328183,0.0524710179172574,0.0524710179172574,0.0422834969237068
"POU4F1","ESR2",0.0735061712585444,0.07,0.07,0.0809054045737569
"POU4F1","TBX21",0.0692443338301308,0.08,0.08,0.132693582579038
"POU4F1","FNIP2",0.0454842643481319,0.08,0.08,0.0872950400643713
"POU4F1","ESR1",0.039795204499396,0.018,0.018,0.014614723853613
"POU4F1","NHLH1",0.0314181248622338,0.0281237113402062,0.0281237113402062,0.0746381372188197
"POU4F1","EMX2",0.029407160042622,0.0129733520336606,0.0129733520336606,0.0827451437413679
"POU4F1","ESRRG",0.027791634387985,0.0866867666232073,0.0866867666232073,0.0271767574921654
"POU4F1","SOX6",0.0273725724651125,0.0703941120607787,0.0703941120607787,0.0218844426303829
"POU4F1","ZNF282",0.0199714741589351,0.034,0.034,0.0469713957185973
"POU4F1","ITGA2",0.019189348740696,0.0181818181818182,0.0181818181818182,0.0296079822977437
"POU4F1","HTR3A",0.0176707195173108,0.026,0.026,0.0130363984753721
"POU4F1","ADAP1",0.0132749481440449,0.056,0.056,0.134125082860062
"POU4F1","HPGD",0.0130711603621919,0.03,0.03,0.0752718537704973
"POU4F1","TCF3",0.0126142104813937,0.054,0.054,0.0549558609050723
"POU4F1","ATF6",0.0111040602470758,0.022,0.022,0.0296336133069345
"POU4F1","SOX12",0.0102735387822108,0.012,0.012,0.0624292173991025
"POU4F1","RFX2",0.0114132310771599,0.0161632653061224,0.0161632653061224,-0.00634046106877844
"POU4F1","RREB1",0.0122625667790169,0.034,0.034,-0.0756652076969457
"POU5F1","DLX2",0.195078646591385,0.0841781800129835,0.0841781800129835,0.141961626573004
"POU5F1","MLXIPL",0.128054448060339,0.0657442455242967,0.0657442455242967,0.0456489786948421
"POU5F1","C4BPB",0.0830992528513626,0.03,0.03,0.131105356766132
"POU5F1","E2F6",0.0605709649663437,0.044,0.044,0.136423773904414
"POU5F1","NRL",0.0469803145401351,0.0256722001402852,0.0256722001402852,0.095530732211822
"POU5F1","BHLHA15",0.0344968466662317,0.0196114048743461,0.0196114048743461,0.0405261468085564
"POU5F1","ETV2",0.0311696787041826,0.0126368508503614,0.0126368508503614,0.0870414988328585
"POU5F1","CHAC1",0.0278329344939014,0.044,0.044,0.211041264165166
"POU5F1","SOX11",0.027109100279714,0.0226969387512765,0.0226969387512765,0.0241282664993566
"POU5F1","ZNF682",0.0151937606639608,0.0103978471639893,0.0103978471639893,0.0348765262348662
"POU5F1","ALOX5AP",0.0122199132510869,0.06,0.06,0.183474534134503
"POU5F1","ZNF410",0.0115685422746531,0.00631578947368421,0.00631578947368421,0.0122295370155799
"POU5F1","TFAP2B",0.0112537466073527,0.0388386123680241,0.0388386123680241,0.00997256821977913
"POU5F1","NR5A2",0.0106173947322624,0.00700410396716826,0.00700410396716826,-0.000496949025780055
"POU5F1B","EBF2",0.590145865778849,0.591148574814541,0.591148574814541,0.756698430945927
"POU5F1B","MLXIPL",0.204899064762076,0.0886820119352089,0.0886820119352089,0.0431036258827433
"POU5F1B","NFIB",0.0660640344882928,0.0395882108758821,0.0395882108758821,0.0641507886685768
"POU5F1B","USF1",0.0355676261353203,0.038,0.038,0.134150723511992
"POU5F1B","PLAGL1",0.0341430959640847,0.01,0.01,0.0698635465483232
"POU5F1B","HS3ST3B1",0.0237438457968351,0.008,0.008,0.0763542502198543
"POU6F1","RHOXF1",0.0891433169106393,0.0370481086034013,0.0370481086034013,0.0423449203963134
"POU6F1","HFE",0.0603023888253184,0.0403434343434343,0.0403434343434343,0.135990198613259
"POU6F1","NFATC4",0.0393191140097313,0.0366059339145307,0.0366059339145307,0.0916667302880392
"POU6F1","HOXB3",0.0387534727595477,0.0212118304175586,0.0212118304175586,0.0934000326723631
"POU6F1","TCF7L2",0.0318690784879516,0.0584056895485467,0.0584056895485467,0.0651470377640271
"POU6F1","IL6",0.0173051358427077,0.056,0.056,0.116463835002883
"POU6F1","C4BPB",0.0149692246405193,0.038,0.038,0.00746790184837459
"POU6F1","OSR2",0.0145284694216687,0.00860314523589269,0.00860314523589269,0.0552178469796543
"POU6F1","HESX1",0.0109475062583137,0.0234042553191489,0.0234042553191489,0.0461596618066723
"POU6F1","PSPH",0.0101677677262147,0.04,0.04,-0.144599316617498
"POU6F1","KLF5",0.0398221189826404,0.0513412563667233,0.0513412563667233,-0.0132801813402225
"PPARD","SHOX2",0.103141800610654,0.0548850574712644,0.0548850574712644,0.095554791798703
"PPARD","C1orf228",0.0729353210806771,0.056,0.056,0.163883627827463
"PPARD","TCFL5",0.0552196752183675,0.058,0.058,0.233726685720722
"PPARD","VAV3",0.044926072238618,0.082,0.082,0.325652642742134
"PPARD","RXRB",0.0431994575974457,0.054,0.054,0.0609219836400791
"PPARD","ANK3",0.0291627824772462,0.082,0.082,0.0252949143078955
"PPARD","HIC2",0.0272542621530615,0.03,0.03,0.0593490825955629
"PPARD","ZNF136",0.0204479287131381,0.042,0.042,0.242259622517979
"PPARD","NCKAP5L",0.0202586322271431,0.034,0.034,0.205045218614904
"PPARD","NR2C1",0.0191493390564482,0.016,0.016,0.0797137730682735
"PPARD","NFIX",0.0146514406425604,0.0624897959183673,0.0624897959183673,0.0453276982216513
"PPARD","SP2",0.0106002367330491,0.018,0.018,0.1301393941522
"PPARD","FOXO1",0.010210851400718,0.024,0.024,-0.0252046159499948
"PPARD","KLF16",0.0106992515465095,0.034,0.034,-0.00272807048328294
"PPARD","FAM92B",0.0174914361854498,0.026,0.026,-0.115750293560786
"PPARD","IRF9",0.0182324117225263,0.022,0.022,-0.0209292940400692
"PPARD","KLF5",0.0203893013879574,0.0343949683593147,0.0343949683593147,-0.0432848493339981
"PPARD","FOXK2",0.0207954484004822,0.028,0.028,-0.10498254753568
"PPARD","TET1",0.0227634847272333,0.034243661100804,0.034243661100804,-0.12995822392759
"PPARG","HES5",0.364608825867967,0.352831482243247,0.352831482243247,0.239488985488016
"PPARG","ANXA3",0.351159551228641,0.084,0.084,0.528423850351162
"PPARG","TUBB3",0.302932942010125,0.082,0.082,0.521796543130312
"PPARG","SH2D2A",0.294750563780223,0.066,0.066,0.422351888379621
"PPARG","ONECUT2",0.259155570959186,0.123306879594917,0.123306879594917,0.410792081171269
"PPARG","FOSL1",0.217053635472741,0.117083333333333,0.117083333333333,0.472361947199915
"PPARG","MLTK",0.212868832160618,0.054,0.054,0.496713436359761
"PPARG","HDGFRP3",0.206305446462252,0.0893761188686001,0.0893761188686001,0.497662295897446
"PPARG","IL10",0.178053795458916,0.04,0.04,0.413427249880044
"PPARG","STEAP3",0.175604920551062,0.102002442002442,0.102002442002442,0.365384118538807
"PPARG","KLF1",0.15387501470987,0.144975343764817,0.144975343764817,0.134533628747384
"PPARG","FNIP2",0.14569927032358,0.054,0.054,0.418136248251998
"PPARG","DPP4",0.145658394616466,0.0628995878931587,0.0628995878931587,0.354512587451424
"PPARG","HES2",0.115779397580859,0.0722100122100122,0.0722100122100122,0.168826391979011
"PPARG","DOK1",0.108663301334033,0.032,0.032,0.400480755883332
"PPARG","HK1",0.0953747499532961,0.084,0.084,0.49129717601812
"PPARG","WDR65",0.0886961218849327,0.052,0.052,0.35430204563995
"PPARG","TFRC",0.0886927758276374,0.036,0.036,0.48396962002833
"PPARG","BCAS4",0.0831712737203299,0.058,0.058,0.430473684766953
"PPARG","HOXB6",0.0820398259913544,0.0395695994509842,0.0395695994509842,0.153257038992433
"PPARG","CCNA2",0.0766077149174474,0.03,0.03,0.407579734816322
"PPARG","AC099552.4",0.070875960360217,0.0335321015304218,0.0335321015304218,0.270020999854565
"PPARG","ATF3",0.0696171070170478,0.04,0.04,0.212729466161904
"PPARG","CKS2",0.0675353728012168,0.042,0.042,0.48821983433569
"PPARG","EBI3",0.0651170265751384,0.036,0.036,0.524263642126797
"PPARG","KIF20A",0.0584500463605629,0.046,0.046,0.297691273334043
"PPARG","CCL5",0.0434829728530307,0.076,0.076,0.430332139609185
"PPARG","CCDC86",0.0427830615407675,0.042,0.042,0.487533917543183
"PPARG","CMTM3",0.0400853378937859,0.014,0.014,0.444688425981294
"PPARG","SNRPE",0.0297685100790937,0.036,0.036,0.464189335397683
"PPARG","PDGFRA",0.0265320466903492,0.064,0.064,0.429918093452788
"PPARG","ATIC",0.0255177205587743,0.018,0.018,0.438381313408264
"PPARG","HSPE1",0.0252000294077975,0.02,0.02,0.472005411208576
"PPARG","A4GALT",0.024440606442385,0.02,0.02,0.183637900954135
"PPARG","CCL17",0.0242456147931468,0.042,0.042,0.29774816432245
"PPARG","ZNF423",0.0223332799099074,0.0644003308519438,0.0644003308519438,0.0391327374468571
"PPARG","FABP5",0.0218987275349295,0.026,0.026,0.504727524349899
"PPARG","HSPA1A",0.0214105648859982,0.032,0.032,0.320125595321887
"PPARG","CERS6",0.0197703151406548,0.04,0.04,0.317334464479772
"PPARG","FOXH1",0.0187805274705945,0.0222222222222222,0.0222222222222222,0.0782871444562228
"PPARG","ZBTB32",0.0176143623516571,0.036,0.036,0.335857561261726
"PPARG","SNTA1",0.0175266282206316,0.008,0.008,0.257211480008615
"PPARG","NOP16",0.0150165976108085,0.018,0.018,0.411344730003964
"PPARG","PEA15",0.0131949569137236,0.06,0.06,0.353692498806826
"PPARG","BZW2",0.0125864416426179,0.026,0.026,0.477129556001096
"PPARG","BCAS1",0.0121433704335107,0.02,0.02,0.314343263702834
"PPARG","LACTB",0.0119989422780978,0.02,0.02,0.275473113029115
"PPARG","ANKRD13B",0.0112476755853349,0.00602020202020202,0.00602020202020202,0.312157819475518
"PPARG","LYST",0.0111320902953224,0.036,0.036,0.124678181619023
"PPARG","PRC1",0.010926706444278,0.01,0.01,0.325330102590676
"PPARG","TYMS",0.0103644111984009,0.028,0.028,0.475156675834261
"PRDM1","IFI27",0.558710655508324,0.128,0.128,0.556886618190931
"PRDM1","ELK3",0.464918547914824,0.188,0.188,0.62921397034178
"PRDM1","HIST1H2BK",0.419677166277992,0.114,0.114,0.589077745873265
"PRDM1","C10orf10",0.377341407924957,0.098,0.098,0.340456812315692
"PRDM1","ZKSCAN1",0.374315000303541,0.084,0.084,0.461783037850816
"PRDM1","ATF4",0.349617940569948,0.12,0.12,0.313578072739577
"PRDM1","CAV1",0.345830329908489,0.064,0.064,0.408045843442592
"PRDM1","DLX6",0.275730070276572,0.126860332649806,0.126860332649806,0.0890784519448641
"PRDM1","ZBTB12",0.22169463358441,0.078,0.078,0.0928672777208823
"PRDM1","NFIL3",0.200506669554785,0.086,0.086,0.344632053772624
"PRDM1","SMAD5",0.199172287476748,0.108,0.108,0.247056790931814
"PRDM1","LHX8",0.197624764057604,0.224300015076134,0.224300015076134,0.0718841183444292
"PRDM1","ZNF75D",0.195911329221312,0.104,0.104,0.268645918207034
"PRDM1","GYG1",0.187614182457723,0.08,0.08,0.317721378294152
"PRDM1","GNB3",0.183690916280107,0.111383219954649,0.111383219954649,0.263105185241979
"PRDM1","MEF2B",0.174310517225939,0.0966202472226569,0.0966202472226569,0.0528574464255217
"PRDM1","ZBTB7B",0.155844595934477,0.082,0.082,0.29934924852727
"PRDM1","HOXB2",0.152624323434142,0.120006311803072,0.120006311803072,0.185655240372908
"PRDM1","FLI1",0.152566282263022,0.086,0.086,0.477241254059096
"PRDM1","CARD17",0.139134055546671,0.0904976244061015,0.0904976244061015,0.206876650064122
"PRDM1","ZSCAN29",0.137795278882586,0.046,0.046,0.286953061398627
"PRDM1","GFI1",0.132345069516018,0.0865899814471243,0.0865899814471243,0.204819673637423
"PRDM1","IGLL5",0.126565182365112,0.08,0.08,0.549112949805917
"PRDM1","CYSLTR1",0.126184843792291,0.056,0.056,0.383309730785125
"PRDM1","TEAD3",0.122712271091347,0.101814677386106,0.101814677386106,0.147424183006618
"PRDM1","HOXD3",0.117791639971858,0.0624344685726799,0.0624344685726799,0.160326579019837
"PRDM1","COL1A2",0.113644496399109,0.072,0.072,0.242243754988469
"PRDM1","ZNF143",0.102249530657286,0.072,0.072,0.24799457692164
"PRDM1","UCHL1",0.101882149361969,0.028,0.028,0.239503333822763
"PRDM1","ESR1",0.101812899230476,0.06,0.06,0.22555538119975
"PRDM1","TIMD4",0.0962535439796572,0.074,0.074,0.304884023902197
"PRDM1","EMX2",0.0936380240574744,0.136418887330528,0.136418887330528,0.216613817905819
"PRDM1","TET1",0.0922840698681056,0.0582848897134612,0.0582848897134612,0.273781231104779
"PRDM1","CCR1",0.087070477240881,0.0887507730364873,0.0887507730364873,0.0636330674862855
"PRDM1","ATF7",0.0789774255369433,0.068,0.068,0.0878637229772228
"PRDM1","ESR2",0.0786866566719424,0.096,0.096,0.128954961822802
"PRDM1","HOXB7",0.0770686639831623,0.052,0.052,0.191795117714829
"PRDM1","SOX12",0.071045136548609,0.05,0.05,0.0281916724446419
"PRDM1","HFE",0.0681013396407326,0.0665454545454545,0.0665454545454545,0.191232269902529
"PRDM1","NFYC",0.067850188836907,0.084,0.084,0.136253444354578
"PRDM1","MLXIP",0.0663417812065166,0.078,0.078,0.406062156328744
"PRDM1","ISL2",0.0660545025685544,0.082,0.082,0.310787648055617
"PRDM1","PITX1",0.0612819259186677,0.0731523959622165,0.0731523959622165,0.115814109427654
"PRDM1","HOXB3",0.0597373681061636,0.0442670702000443,0.0442670702000443,0.177801724142034
"PRDM1","LAG3",0.0595920618159879,0.042,0.042,0.19407041033048
"PRDM1","CREB3L4",0.056131673607045,0.094,0.094,0.123923661742609
"PRDM1","RUNX2",0.0547993020253308,0.032,0.032,0.425025676519134
"PRDM1","NEUROD2",0.0533453911540652,0.0343055295220244,0.0343055295220244,0.201073298158851
"PRDM1","BARHL2",0.052087374066167,0.0484249084249084,0.0484249084249084,0.258389879779053
"PRDM1","CLOCK",0.0462315638869478,0.046,0.046,0.169723092114149
"PRDM1","MEIS2",0.0413856991625058,0.0405276749922911,0.0405276749922911,0.074289584657161
"PRDM1","CHAC1",0.0387807483274202,0.042,0.042,0.346513572850137
"PRDM1","ATF5",0.0371313341383545,0.082,0.082,0.251231413552161
"PRDM1","CEBPB",0.0366188602679478,0.04,0.04,0.251774465953426
"PRDM1","F2R",0.0357920382967177,0.098,0.098,0.120335277969701
"PRDM1","NGFRAP1",0.0349056589566637,0.06,0.06,0.0112988208497586
"PRDM1","ARID3A",0.0319419189651814,0.042,0.042,0.515626392394665
"PRDM1","DUSP6",0.0304780753247151,0.098,0.098,0.0393547130263324
"PRDM1","KLHL21",0.0296354053961433,0.048,0.048,0.0547010854213618
"PRDM1","GTSF1",0.0272406802890771,0.102,0.102,0.178835235504403
"PRDM1","SESN1",0.0245237035262623,0.034,0.034,0.105645853716269
"PRDM1","SLC39A14",0.0241759938832769,0.04,0.04,0.134477216138659
"PRDM1","HGF",0.0236895930891294,0.036,0.036,0.260124805072478
"PRDM1","E2F2",0.0229062698585999,0.024,0.024,0.177715452440081
"PRDM1","ZNF684",0.0207217437002814,0.03,0.03,0.0767951635242759
"PRDM1","G0S2",0.0197699064174055,0.026,0.026,0.057594900184788
"PRDM1","NUF2",0.0197277895466532,0.058,0.058,0.00924257182550348
"PRDM1","FOXP2",0.0196760560472935,0.0100015627441788,0.0100015627441788,0.0680082985516955
"PRDM1","CERS6",0.0192726571480317,0.026,0.026,0.158939570664079
"PRDM1","PLK1",0.019234939706895,0.074,0.074,0.0461299292886973
"PRDM1","ELF3",0.018399788946117,0.0123500946770461,0.0123500946770461,0.0386394535437529
"PRDM1","SIX3",0.0166901692460383,0.0259403296202202,0.0259403296202202,0.0829769330033266
"PRDM1","MSMO1",0.0166462523415422,0.046,0.046,0.0850063516690471
"PRDM1","KIAA0125",0.0165062301004177,0.018,0.018,0.476376324435528
"PRDM1","FOXD2",0.0156917062484912,0.0483829787234043,0.0483829787234043,0.0724721426865765
"PRDM1","CDKN1A",0.0151277527815108,0.052,0.052,0.213239938581289
"PRDM1","ARID3B",0.0148780296934462,0.056,0.056,0.098140525114386
"PRDM1","MEIS1",0.0147512559926845,0.0144119503471492,0.0144119503471492,0.135153932179428
"PRDM1","BNIP3",0.0134431254419547,0.052,0.052,0.159236394290316
"PRDM1","SOCS3",0.0128000708117925,0.034,0.034,0.302446180579253
"PRDM1","APOBEC3B",0.0123062522865538,0.054,0.054,0.123816614797762
"PRDM1","RHOXF1",0.0117235940639074,0.0220274107914557,0.0220274107914557,0.0637096473025018
"PRDM1","DLX4",0.0105600732166142,0.0196046801737859,0.0196046801737859,0.0651073860007338
"PRDM1","INSIG1",0.0100227650033296,0.042,0.042,0.0540798167184456
"PRDM1","GBP1",0.010436368787394,0.04,0.04,-0.00643858471584257
"PRDM1","RCAN2",0.0106055702521324,0.072,0.072,-0.0852994105751062
"PRDM1","CLECL1",0.0108410750438556,0.038,0.038,-0.372027622462259
"PRDM1","FAM111B",0.0109161496459213,0.042,0.042,-0.222784574567273
"PRDM1","BTNL9",0.0111063006074562,0.026,0.026,-0.303823200565197
"PRDM1","NXPH4",0.0111227713740549,0.012,0.012,-0.370458497312575
"PRDM1","HIF1A",0.0123223559080926,0.024,0.024,-0.299060739287578
"PRDM1","JDP2",0.0125403607855661,0.02,0.02,-0.0976291529569972
"PRDM1","ETS2",0.0132206999439616,0.0897506291466484,0.0897506291466484,-0.111424937666939
"PRDM1","BBC3",0.0132823216307314,0.056,0.056,-0.35720516378066
"PRDM1","MAFF",0.0134732358413791,0.016,0.016,-0.199341147481073
"PRDM1","DEK",0.0135587421943256,0.078,0.078,-0.704883281556206
"PRDM1","ACTN1",0.0136841379839397,0.0448361162646877,0.0448361162646877,-0.127376452569509
"PRDM1","ONECUT2",0.0157037241603944,0.0317133258678611,0.0317133258678611,-0.0713630550352138
"PRDM1","RREB1",0.0158932922483742,0.018,0.018,-0.11681624705285
"PRDM1","MAZ",0.016159573945525,0.058,0.058,-0.0031172546069614
"PRDM1","ZNF281",0.0170339394474396,0.018,0.018,-0.16821889458359
"PRDM1","NFIC",0.017118955492934,0.026,0.026,-0.291076396356808
"PRDM1","NR4A3",0.0178723471544845,0.032,0.032,-0.402201394227654
"PRDM1","ALPL",0.018146872281425,0.008,0.008,-0.406075456011623
"PRDM1","HMBOX1",0.0190317592833621,0.024,0.024,-0.0448080288596658
"PRDM1","PIK3CD",0.0201261043536371,0.026,0.026,-0.576274459384713
"PRDM1","RELA",0.0204776842152988,0.01,0.01,-0.343400676327671
"PRDM1","CD80",0.0205160011641723,0.114,0.114,-0.456902757029651
"PRDM1","MID1IP1",0.0208456879425139,0.072,0.072,-0.0162841972859222
"PRDM1","CAPG",0.0210583496478173,0.068,0.068,-0.447180851359899
"PRDM1","MS4A7",0.0213178733060594,0.032,0.032,-0.26171319079791
"PRDM1","NFAT5",0.0220687100974088,0.008,0.008,-0.236748217256151
"PRDM1","MAFG",0.023632528080199,0.062,0.062,-0.10803068102472
"PRDM1","RFX1",0.0237894754563683,0.024,0.024,-0.148678132889419
"PRDM1","CD69",0.0246893713698013,0.016,0.016,-0.756660258913251
"PRDM1","NFKBIE",0.0248953327643654,0.004,0.004,-0.503649477872513
"PRDM1","BACH1",0.0253529941397054,0.064,0.064,-0.554452301113987
"PRDM1","MNDA",0.0277881634145629,0.072,0.072,-0.432381601497562
"PRDM1","CASZ1",0.0283876000967089,0.03,0.03,-0.325030818797022
"PRDM1","ZBTB18",0.0284760033191559,0.014,0.014,-0.501659512123003
"PRDM1","AHR",0.0313141546845306,0.06,0.06,-0.461292398336466
"PRDM1","ETV3",0.0322435728017887,0.024,0.024,-0.305647732324757
"PRDM1","KLF12",0.0332604204685525,0.028,0.028,-0.365699186839188
"PRDM1","LYST",0.0333433405689964,0.018,0.018,-0.256920956811791
"PRDM1","NR3C2",0.0366642951762415,0.0737901978973408,0.0737901978973408,-0.167336131674837
"PRDM1","C1orf162",0.0378506119910428,0.082,0.082,-0.462814804797041
"PRDM1","ELK4",0.0386399440952853,0.016,0.016,-0.45767198854444
"PRDM1","KLF2",0.0393223141860514,0.066,0.066,-0.682795954265974
"PRDM1","TBX21",0.0398912411105176,0.072,0.072,-0.125869988619565
"PRDM1","ANKRD13B",0.0489847518097675,0.0906060606060606,0.0906060606060606,-0.111690501984985
"PRDM1","ZNF136",0.0512649728695742,0.054,0.054,-0.32177376251236
"PRDM1","ZBTB32",0.0526587618189705,0.138,0.138,-0.113826255769365
"PRDM1","NREP",0.0534347755979316,0.088,0.088,-0.000105792014066451
"PRDM1","HSP90AB1",0.0574337169425734,0.072,0.072,-0.433917010539104
"PRDM1","FOXN3",0.0581020652820785,0.018,0.018,-0.284654672524817
"PRDM1","CAMK2N1",0.0595475092938822,0.064,0.064,-0.391595623016665
"PRDM1","RARA",0.0601616929790205,0.02,0.02,-0.383097070065142
"PRDM1","CDKN2D",0.061355095232752,0.074,0.074,-0.717522269747484
"PRDM1","FOSB",0.0652175394003417,0.026,0.026,-0.467046182641473
"PRDM1","NUB1",0.0653425345929376,0.044,0.044,-0.102244576659024
"PRDM1","FCRL3",0.0700301126888871,0.05,0.05,-0.339030703990292
"PRDM1","PIK3R6",0.0762568961488624,0.158,0.158,-0.126985630224801
"PRDM1","CNN2",0.0788370878076835,0.066,0.066,-0.330499551919826
"PRDM1","TNFSF9",0.097397211715307,0.028,0.028,-0.388790909486965
"PRDM1","RFX7",0.107165539583042,0.032,0.032,-0.359088617342657
"PRDM1","PLEKHA1",0.110511394353617,0.032,0.032,-0.409307674389691
"PRDM1","NCKAP5L",0.124161886191049,0.046,0.046,-0.397341961882181
"PRDM1","EBF1",0.124907808183104,0.024,0.024,-0.600999729951682
"PRDM1","FGR",0.127131897248309,0.018,0.018,-0.478951876377908
"PRDM1","KLF6",0.127715557541969,0.038,0.038,-0.832027346836784
"PRDM1","KLF9",0.129325858425597,0.06,0.06,-0.672632579160617
"PRDM1","TTC39C",0.157022073501498,0.066,0.066,-0.508322156282793
"PRDM1","HLA-DQA1",0.165409698489555,0.046,0.046,-0.615859065002232
"PRDM1","COTL1",0.16884568701017,0.082,0.082,-0.565513591962768
"PRDM1","IFIT2",0.175595030491213,0.05,0.05,-0.337311327333157
"PRDM1","NR3C1",0.17888635533408,0.064,0.064,-0.566436463056813
"PRDM1","SMAD3",0.180552067008232,0.088,0.088,-0.68218697458924
"PRDM1","TMOD2",0.195345287205697,0.178,0.178,-0.37386773616586
"PRDM1","SATB1",0.201996196676824,0.056,0.056,-0.403656111723233
"PRDM1","CCDC141",0.20744230208794,0.082,0.082,-0.432450925225467
"PRDM1","NFKBID",0.217202854951482,0.034,0.034,-0.700780573193926
"PRDM1","NFKB1",0.221879633048803,0.068,0.068,-0.527991144807146
"PRDM1","STAT6",0.223682273517348,0.104,0.104,-0.62102981706948
"PRDM1","CD52",0.229209791927485,0.066,0.066,-0.719869823093553
"PRDM1","DUSP2",0.241089218606686,0.048,0.048,-0.639716310100312
"PRDM1","PLAC8",0.263077944909199,0.044,0.044,-0.322666889028288
"PRDM1","NFKB2",0.267546294710167,0.072,0.072,-0.737578291537011
"PRDM1","SESN3",0.391463062656047,0.07,0.07,-0.672745678890678
"PRDM1","RAB11FIP1",0.404675567379576,0.066,0.066,-0.66855337710197
"PRDM1","TCF7",0.410527541896466,0.082,0.082,-0.609066940288747
"PRDM1","LTB",0.453644299236994,0.07,0.07,-0.858823944046986
"PRDM1","GPR18",0.463928054348545,0.14,0.14,-0.449918105636973
"PRDM1","CCDC6",0.475542282859266,0.072,0.072,-0.686097948221401
"PRDM1","TFEC",0.477737284697283,0.078,0.078,-0.594632613139801
"PRDM1","CXCR5",0.503195725706844,0.094,0.094,-0.715719396908966
"PRDM1","TTN",0.510439819997321,0.062,0.062,-0.665171364077845
"PRDM1","LRRK2",0.522029217456652,0.072,0.072,-0.555738005182126
"PRDM1","PIKFYVE",0.539579064625736,0.074,0.074,-0.687741410295265
"PRDM1","CD82",0.659979155231158,0.178,0.178,-0.766387919725853
"PRDM1","MS4A1",0.692510815763133,0.108,0.108,-0.874636550234918
"PRDM4","KLF9",0.748200692921403,0.122,0.122,0.80441036344281
"PRDM4","BACH2",0.510737356717894,0.134,0.134,0.723348346210647
"PRDM4","ETV3",0.478771781872118,0.076,0.076,0.429870538101381
"PRDM4","CAMK2N1",0.369176387127904,0.118,0.118,0.500746221708495
"PRDM4","SMAD3",0.286314314630556,0.05,0.05,0.742514251650975
"PRDM4","RARA",0.20466110910254,0.078,0.078,0.502012156821019
"PRDM4","NR1D2",0.188975146415626,0.036,0.036,0.555399238088188
"PRDM4","RFX1",0.166835388254634,0.074,0.074,0.197332866752171
"PRDM4","CD69",0.165192846083762,0.042,0.042,0.817997787369184
"PRDM4","REL",0.121809082370412,0.058,0.058,0.842328025324716
"PRDM4","MXI1",0.112135610353104,0.048,0.048,0.478039149607771
"PRDM4","SPOCK2",0.0990086932288852,0.032,0.032,0.784595674189087
"PRDM4","FOXP1",0.0987356234993356,0.07,0.07,0.830566422691939
"PRDM4","NFKBIA",0.0733576378090788,0.062,0.062,0.763442267246811
"PRDM4","NFAT5",0.0658492540108701,0.064,0.064,0.354862811130361
"PRDM4","ZNF263",0.0649223954682771,0.058,0.058,0.172446004532299
"PRDM4","RELA",0.0512423427533432,0.052,0.052,0.419609429852543
"PRDM4","KLF7",0.0509351796669051,0.03,0.03,0.453547166046606
"PRDM4","DDX21",0.0418493773338077,0.11,0.11,0.35467026343275
"PRDM4","JUNB",0.0412012661270326,0.024,0.024,0.765953882500903
"PRDM4","NR2C1",0.0383021517176028,0.062,0.062,0.0906268756645191
"PRDM4","NXPH4",0.0342633219810146,0.026,0.026,0.444507248855772
"PRDM4","ATF2",0.0319989223265289,0.036,0.036,0.23453958451864
"PRDM4","EMILIN2",0.0303869668719273,0.086,0.086,0.392928956999394
"PRDM4","RREB1",0.0292744967863091,0.044,0.044,0.26968585552976
"PRDM4","POU5F1B",0.0273189842122345,0.0423397740470911,0.0423397740470911,0.0748523308593104
"PRDM4","TNFSF9",0.0248028591466491,0.008,0.008,0.397127030352259
"PRDM4","AIM1",0.0214535036976508,0.072,0.072,0.342778499835644
"PRDM4","FOXJ3",0.0211817465931035,0.022,0.022,0.291404244051772
"PRDM4","ELF1",0.0208020655236166,0.062,0.062,0.652581729540884
"PRDM4","NFKB2",0.0194588534199567,0.032,0.032,0.71010277483652
"PRDM4","TFAP2E",0.0175276515197473,0.0391602312349735,0.0391602312349735,0.0280212201632976
"PRDM4","POU2F1",0.0167473831308159,0.014,0.014,0.125324800445434
"PRDM4","YY1",0.0160942132296322,0.026,0.026,0.467584893841807
"PRDM4","SPIB",0.0134549624348068,0.062,0.062,0.0993900239796102
"PRDM4","CDK5R1",0.0100087169288305,0.028,0.028,0.207016292065689
"PRDM4","CDKN1A",0.0103184341847014,0.006,0.006,-0.314354971505224
"PRDM4","PRDM15",0.0106711938491158,0.024,0.024,-0.226954673082905
"PRDM4","MEF2C",0.0112984614716169,0.022,0.022,-0.230110045502678
"PRDM4","GFI1",0.0117651444082526,0.0241224489795918,0.0241224489795918,-0.0844613086265519
"PRDM4","BATF2",0.0118260344621844,0.0270434883287569,0.0270434883287569,-0.115733573151971
"PRDM4","STAT2",0.0132317648713803,0.084,0.084,-0.360629450450529
"PRDM4","CHAC1",0.013604999212355,0.016,0.016,-0.268578844105205
"PRDM4","SREBF1",0.0153527409988346,0.028,0.028,-0.0785221037115178
"PRDM4","SLC16A3",0.0175844488222187,0.006,0.006,-0.39958656874969
"PRDM4","TMSB4X",0.0194000307365446,0.06,0.06,-0.377473562878828
"PRDM4","LAG3",0.019460076002971,0.028,0.028,-0.117702086855045
"PRDM4","LDHB",0.0202123470858115,0.026,0.026,-0.37144909582263
"PRDM4","TEF",0.0202574401010528,0.014,0.014,-0.152818987134512
"PRDM4","CLOCK",0.0206185150024144,0.014,0.014,-0.125449561302648
"PRDM4","BHLHA15",0.0215124129655991,0.0170731707317073,0.0170731707317073,-0.0696978638704576
"PRDM4","MLX",0.0225317471927542,0.028,0.028,-0.366851161994162
"PRDM4","PA2G4",0.023844810157061,0.052,0.052,-0.330116334952661
"PRDM4","HGF",0.026281289752716,0.048,0.048,-0.136836879332048
"PRDM4","LCK",0.0268283223036329,0.036734693877551,0.036734693877551,-0.140046206286215
"PRDM4","PPARA",0.0309748342578784,0.042,0.042,-0.107512163078433
"PRDM4","TCN2",0.0315760056270317,0.064,0.064,-0.159340356260288
"PRDM4","FAM92B",0.0320023657139626,0.04,0.04,-0.149181101869058
"PRDM4","MYF6",0.0323060785675864,0.102052302073823,0.102052302073823,-0.0798540046529988
"PRDM4","ARPC5",0.0335058598667206,0.014,0.014,-0.478492555303998
"PRDM4","KIAA0125",0.0338062667000084,0.024,0.024,-0.346652462464837
"PRDM4","ESRRA",0.0364188306319073,0.036,0.036,-0.11269912637353
"PRDM4","HOXB2",0.0398321650004401,0.0793296865137808,0.0793296865137808,-0.102439831309528
"PRDM4","NFYB",0.0412929798101471,0.02,0.02,-0.340108512868429
"PRDM4","SPI1",0.047216909565333,0.052,0.052,-0.0338972892424939
"PRDM4","E2F3",0.0483840909364513,0.024,0.024,-0.38949028186374
"PRDM4","ATF7",0.0581842882664099,0.05,0.05,-0.139525120756002
"PRDM4","PLAGL2",0.0596155942293631,0.048,0.048,-0.282945080556339
"PRDM4","CCND2",0.0597871790943757,0.014,0.014,-0.510792037531604
"PRDM4","PBX2",0.0614859089483506,0.088,0.088,-0.222941233991874
"PRDM4","YY2",0.0677745315410957,0.0684089873062627,0.0684089873062627,-0.115965360634349
"PRDM4","MGST3",0.0722688537482185,0.032,0.032,-0.351108227023132
"PRDM4","S100A11",0.0761614892418331,0.022,0.022,-0.553660351092214
"PRDM4","CREB5",0.0960124016733625,0.0454896907216495,0.0454896907216495,-0.0221050919686094
"PRDM4","CEBPB",0.107909301107615,0.076,0.076,-0.295279070641951
"PRDM4","IRF2",0.146127534369692,0.032,0.032,-0.634435524954258
"PRDM4","TFAP4",0.163053141810054,0.062,0.062,-0.288288970795456
"PRDM4","ELK3",0.177960166745497,0.066,0.066,-0.475854830944374
"PROX1","IRF6",0.0406904387567856,0.0228056132420702,0.0228056132420702,0.0172140770754339
"PROX1","ASCL1",0.0288039645113367,0.0240808080808081,0.0240808080808081,0.0233093952077367
"RARA","GMEB2",0.246158205194003,0.142,0.142,0.29210691415814
"RARA","NCKAP5L",0.145747182496327,0.084,0.084,0.318619670575267
"RARA","MGA",0.0990487767139236,0.062,0.062,0.256557233006592
"RARA","ATF6",0.084680221195065,0.094,0.094,0.149441808469291
"RARA","ZNF317",0.0838178098939363,0.088,0.088,0.337946051687287
"RARA","MAX",0.0828866419757517,0.05,0.05,0.288224617584265
"RARA","CCSER2",0.080610051651695,0.092,0.092,0.367417246370829
"RARA","ZNF460",0.0727444658624588,0.062,0.062,0.146410084912701
"RARA","ZNF274",0.055168815125651,0.048,0.048,0.120489162671003
"RARA","BACH2",0.0422125252517269,0.062,0.062,0.499644156417272
"RARA","C20orf195",0.0415432974424352,0.024,0.024,0.204118528384738
"RARA","RELA",0.0384395222732619,0.048,0.048,0.344563493572536
"RARA","ZNF382",0.0365287078219444,0.0522040816326531,0.0522040816326531,0.102974478909355
"RARA","ESR1",0.0362496574024913,0.062,0.062,0.0237974220268624
"RARA","SOX12",0.0350107966683612,0.034,0.034,0.0975590760769098
"RARA","ZEB1",0.0344493976901049,0.06,0.06,0.389097530801046
"RARA","TBP",0.0340054718103388,0.066,0.066,0.00460507475810829
"RARA","TCFL5",0.0278203488110417,0.03,0.03,0.292920114557953
"RARA","ZNF140",0.024149798725826,0.032,0.032,0.0553093378009058
"RARA","PIK3R6",0.0178959286729761,0.038,0.038,0.079540887847328
"RARA","CREB1",0.0174682801740507,0.02,0.02,0.139195048721835
"RARA","NFKBIE",0.0174340886588822,0.072,0.072,0.366935957352946
"RARA","ALPL",0.0169151143993312,0.026,0.026,0.316611235686544
"RARA","FOXK2",0.0167553850226213,0.032,0.032,0.00574926668839232
"RARA","PLAGL1",0.0160624140130093,0.04,0.04,0.18617205416304
"RARA","NFE2L2",0.0130360570032557,0.028,0.028,0.00744008298913613
"RARA","TFE3",0.0127820990502512,0.02,0.02,0.0771857210649031
"RARA","FOSL2",0.0123095085172488,0.036,0.036,0.0683498082677293
"RARA","ETV3",0.0119333533152124,0.018,0.018,0.285502796484094
"RARA","PLEKHA1",0.0114741327125512,0.014,0.014,0.292231221644452
"RARA","SPOCK2",0.0110809679657365,0.046,0.046,0.488638773534118
"RARA","SP1",0.010161268949245,0.018,0.018,-0.0662482497115078
"RARA","C10orf10",0.0102160089736381,0.022,0.022,-0.127810134807184
"RARA","HINFP",0.0113600404070035,0.016,0.016,-0.1161271553118
"RARA","CAPG",0.017094196105717,0.078,0.078,-0.00663613040592479
"RARA","PPP2R3C",0.0178726290871068,0.076,0.076,-0.173072880148963
"RARA","MLXIP",0.0182300467991716,0.046,0.046,-0.149873978192436
"RARA","ATF1",0.0185149368710605,0.036,0.036,-0.0419779287294169
"RARA","RFX2",0.0199591315743892,0.0341224489795918,0.0341224489795918,-0.148263274832756
"RARA","MYBL1",0.0203374118817545,0.0785833333333333,0.0785833333333333,-0.0984004320193769
"RARA","NFYB",0.0224672643852989,0.052,0.052,-0.0259661418111597
"RARA","GRHL1",0.0285924853028076,0.0656914893617021,0.0656914893617021,-0.0547845877197451
"RARA","ZNF682",0.033879630643908,0.0460700541550488,0.0460700541550488,-0.0968277226562658
"RARA","PKNOX1",0.0409769097121671,0.072,0.072,-0.0171340500453723
"RARA","ZNF652",0.0560899192878519,0.07,0.07,-0.0438170314200397
"RARA","PRR19",0.0616920726775277,0.0906565168598869,0.0906565168598869,-0.0157759203735096
"RBPJ","SOX15",0.134472684065369,0.0714061741759678,0.0714061741759678,0.0407563886687374
"RBPJ","TMOD2",0.11453114807576,0.052,0.052,0.226258704762916
"RBPJ","HOXA10",0.087163346648681,0.150198841797776,0.150198841797776,0.0701809473122683
"RBPJ","ZNF136",0.0684063334122516,0.078,0.078,0.229342392585735
"RBPJ","BHLHE22",0.0548347365235583,0.0574649026547761,0.0574649026547761,0.10443197015118
"RBPJ","VEZF1",0.0533381167590042,0.066,0.066,0.19308080149859
"RBPJ","SPDEF",0.0532909798575002,0.04,0.04,0.102774732633866
"RBPJ","NKX3-1",0.0520057500025913,0.0400606060606061,0.0400606060606061,0.1639956663658
"RBPJ","POU3F1",0.0517508156449105,0.0949473684210526,0.0949473684210526,0.173079025913967
"RBPJ","ZNF263",0.0492606843749881,0.05,0.05,0.092679766547115
"RBPJ","ELF4",0.0436344388330881,0.05,0.05,0.281416532046191
"RBPJ","PKNOX1",0.0431406736074724,0.072,0.072,0.115308163072243
"RBPJ","ATF6",0.0387341450372135,0.044,0.044,0.149843618747437
"RBPJ","SOX12",0.0321493434933608,0.034,0.034,0.0961629524926959
"RBPJ","PPARD",0.0268332061718836,0.05,0.05,0.130169190267358
"RBPJ","GNAZ",0.0266957262787746,0.03,0.03,0.149281641828847
"RBPJ","ZNF24",0.0264523320257074,0.042,0.042,0.280119135854472
"RBPJ","ERF",0.026137916636263,0.04,0.04,0.145855256976563
"RBPJ","NR3C1",0.0255728924377314,0.078,0.078,0.314353192326402
"RBPJ","ZBTB7A",0.0242860358610689,0.026,0.026,0.16204056877064
"RBPJ","MT1X",0.023363599841366,0.052,0.052,0.0496014968156356
"RBPJ","RARA",0.0228265375112512,0.054,0.054,0.232984364081386
"RBPJ","PPARA",0.0226029740395,0.036,0.036,0.0411784453318226
"RBPJ","CASZ1",0.0224583671345623,0.02,0.02,0.147312478193121
"RBPJ","ZNF148",0.0209649143250284,0.046,0.046,0.20937997267641
"RBPJ","TNFSF9",0.020855861691989,0.056,0.056,0.229980657164189
"RBPJ","RREB1",0.0197461581466851,0.04,0.04,0.0684434349972934
"RBPJ","TCFL5",0.0197424135792704,0.046,0.046,0.17692239604392
"RBPJ","NR2C1",0.0138205761289831,0.024,0.024,0.0730462278707829
"RBPJ","CTCF",0.0137174201788321,0.024,0.024,0.133416518792194
"RBPJ","FCER2",0.012812499295067,0.038,0.038,0.264537851154169
"RBPJ","CDKN1A",0.0115244646712149,0.036,0.036,0.0968762911291855
"RBPJ","ZNF354C",0.0113917482945644,0.044,0.044,0.173613820375761
"RBPJ","MYCN",0.0109782947669848,0.106310703355159,0.106310703355159,0.133151505185154
"RBPJ","ETV3",0.0108965706954295,0.026,0.026,0.187294465057823
"RBPJ","FOXD2",0.0107358682387806,0.0226382978723404,0.0226382978723404,0.0536885672677288
"RBPJ","TBX21",0.0106104386997445,0.026,0.026,0.0623124344184611
"RBPJ","ZBTB33",0.0101475585647778,0.018,0.018,0.115897220443253
"RBPJ","MT1H",0.0107815933420523,0.0171600370027752,0.0171600370027752,-0.0204347303455436
"RBPJ","NKX6-3",0.0118864118515163,0.0329973641405004,0.0329973641405004,-0.0480697568083904
"RBPJ","POU6F1",0.0144799963186269,0.026,0.026,-0.052050400467231
"RBPJ","TBX19",0.0152153457730317,0.046,0.046,-0.0951779395816706
"RBPJ","NR1I3",0.0161614274043243,0.00833333333333333,0.00833333333333333,-0.0633867058611385
"RBPJ","CARD17",0.0172908907182884,0.0524881220305076,0.0524881220305076,-0.047858108640695
"RBPJ","TET1",0.0180392531762045,0.0381426509997939,0.0381426509997939,-0.065279758109653
"RBPJ","COL7A1",0.0184773271524775,0.028,0.028,-0.0882158743654965
"RBPJ","RFX4",0.0284040628982178,0.0153863014622508,0.0153863014622508,-0.0599102918825858
"RBPJ","DBP",0.0339577458615336,0.04,0.04,-0.0960746189401851
"RBPJ","ZBTB14",0.0368153447419071,0.046,0.046,-0.0117741567443142
"RBPJ","SHOX2",0.0378583360309659,0.0320794148380355,0.0320794148380355,-0.0735247602364422
"RBPJ","HSF4",0.0959369769040588,0.0742375118066529,0.0742375118066529,-0.177983367764729
"RBPJ","PAX6",0.105059800268645,0.106248850476493,0.106248850476493,-0.0761023327710038
"REL","CD83",0.741303114892062,0.17,0.17,0.830262289774277
"REL","CD69",0.611606887687565,0.126,0.126,0.882963787925062
"REL","NFKB2",0.456032112264733,0.072,0.072,0.780937341469802
"REL","FOXP1",0.454414887135086,0.072,0.072,0.894697169235052
"REL","NR4A3",0.335908035164788,0.078,0.078,0.52617878926823
"REL","TFEC",0.318926979914534,0.136,0.136,0.647578404033118
"REL","NFKBID",0.315646850058941,0.068,0.068,0.790524302130676
"REL","NR4A2",0.300242586473543,0.142,0.142,0.791672391968658
"REL","NEUROD1",0.287694888064549,0.132140057486282,0.132140057486282,0.0982999489090561
"REL","NFKBIA",0.249639351348224,0.094,0.094,0.834803875546767
"REL","DLL1",0.220925704025391,0.132,0.132,0.454594654059573
"REL","RILPL2",0.203724925781238,0.06,0.06,0.396503528917326
"REL","JUND",0.1402312012195,0.072,0.072,0.871383701105503
"REL","SP2",0.136897383834996,0.03,0.03,0.308954375449014
"REL","NFKBIE",0.135999273821153,0.052,0.052,0.548156024482542
"REL","IRF8",0.13430457696307,0.146,0.146,0.862380783921525
"REL","BACH1",0.130251983951512,0.044,0.044,0.764622331122175
"REL","AIM1",0.126628858874638,0.034,0.034,0.378900045287913
"REL","PLEK",0.123836100554346,0.09,0.09,0.134098766776484
"REL","HES1",0.121875782158589,0.044,0.044,0.59261848754241
"REL","BIRC3",0.113626826712441,0.044,0.044,0.397274161650332
"REL","PPAP2B",0.108534166375542,0.05,0.05,0.333637276031198
"REL","NFATC1",0.106956432849337,0.03,0.03,0.354061079464959
"REL","NFKB1",0.0984592840268111,0.046,0.046,0.394748159013944
"REL","RELB",0.0920881845683531,0.026,0.026,0.434328328586616
"REL","ELF2",0.0722688976812731,0.026,0.026,0.527045649966909
"REL","CD52",0.0687520845311961,0.028,0.028,0.666676900189908
"REL","MS4A7",0.0570526269512649,0.08,0.08,0.271948016696262
"REL","THRB",0.0559578155300146,0.0334236615994713,0.0334236615994713,0.0446808751245254
"REL","CXCR5",0.0506816116974639,0.048,0.048,0.607257891627814
"REL","DUSP2",0.0419325532846071,0.032,0.032,0.596536272931342
"REL","PTMA",0.0414906452613888,0.138,0.138,0.319374911762503
"REL","RBPJ",0.0362809493716351,0.01,0.01,0.228005472281027
"REL","COTL1",0.0336248899551077,0.018,0.018,0.271223740349098
"REL","NXPH4",0.0326863778767096,0.104,0.104,0.407221708885613
"REL","MPEG1",0.0309544883948787,0.07,0.07,0.613111675914442
"REL","FGR",0.0257306311549215,0.006,0.006,0.441651842371818
"REL","SPIB",0.0220659866598594,0.068,0.068,0.246282082926402
"REL","UNC119",0.0216208767637848,0.01,0.01,0.329611341704481
"REL","NAP1L1",0.0200137732012055,0.046,0.046,0.528113924348265
"REL","LTB",0.0192401174194631,0.03,0.03,0.812487170026536
"REL","MSX1",0.0176530264468458,0.088,0.088,0.109833281391436
"REL","NCF2",0.0164009787317897,0.082,0.082,0.0733770951888283
"REL","EBF1",0.0157813363722425,0.046,0.046,0.671332559433945
"REL","SNX10",0.0153714877098301,0.048,0.048,0.14410928314691
"REL","POU3F1",0.0128823354988263,0.0544210526315789,0.0544210526315789,0.258917154575517
"REL","FAM167A",0.0128021762839148,0.018,0.018,0.40823732721955
"REL","PIK3CD",0.0112403839567043,0.014,0.014,0.314916369075285
"REL","IRF9",0.0107066998608772,0.022,0.022,0.011923500585088
"REL","SNAI3",0.0109131332324126,0.008,0.008,-0.229958106772075
"REL","RUNX1",0.0132107756086169,0.026,0.026,-0.154813951648863
"REL","FAM129A",0.0139949668285135,0.006,0.006,-0.408197759084312
"REL","PRC1",0.0154170275055313,0.034,0.034,-0.299742081853466
"REL","PRR11",0.0221263358973819,0.042,0.042,-0.349114991852339
"REL","SRF",0.0244134199819272,0.018,0.018,-0.0234398455424752
"REL","IL2RA",0.0257382468011229,0.104,0.104,-0.163387141173165
"REL","COL7A1",0.0283682513355543,0.018,0.018,-0.135175800853503
"REL","ETV4",0.0307479581735115,0.0687368421052632,0.0687368421052632,-0.189220614496618
"REL","FADS1",0.0366947495765756,0.066,0.066,-0.355899650833844
"REL","NFATC3",0.0625928740223987,0.062,0.062,-0.322139474721932
"REL","XBP1",0.06608481710642,0.046,0.046,-0.563623034522369
"REL","HLTF",0.0833453830456995,0.094,0.094,-0.35763951992313
"REL","MTDH",0.0928634950241885,0.036,0.036,-0.504535194703392
"REL","LPXN",0.115457963185254,0.026,0.026,-0.536721012970831
"REL","AQP3",0.164268101455332,0.034,0.034,-0.580490897346755
"REL","IRF2",0.187203621336651,0.062,0.062,-0.684449411484318
"REL","IGJ",0.219850726352435,0.058,0.058,-0.646167372130369
"REL","CCR10",0.454305990532712,0.11,0.11,-0.421781276195653
"REL","CALR",0.512228266209548,0.122,0.122,-0.792801909493467
"RELA","DLX2",0.208847997987879,0.123929507007294,0.123929507007294,0.0326945809835022
"RELA","NR4A3",0.113881415057971,0.09,0.09,0.33849316637628
"RELA","PPAP2B",0.0987842808212304,0.022,0.022,0.168274367112502
"RELA","TCF4",0.0908413066014194,0.064,0.064,0.301512046125547
"RELA","NR3C1",0.0575465286457163,0.066,0.066,0.473666048798539
"RELA","ID3",0.0448348091758936,0.048,0.048,0.352831133782111
"RELA","MAFF",0.0444501811745519,0.048,0.048,0.129030966380299
"RELA","MNT",0.0375228779140691,0.048,0.048,0.0173124634022288
"RELA","NR4A2",0.0355579539084463,0.06,0.06,0.449995330710989
"RELA","CXCL16",0.0309747068127035,0.018,0.018,0.234636668953467
"RELA","KLF4",0.0244069316363628,0.022,0.022,0.257002471518954
"RELA","ZKSCAN5",0.0210662912262978,0.04,0.04,0.0214107100758294
"RELA","HINFP",0.0202405251251601,0.038,0.038,0.0190319378458498
"RELA","RFX5",0.0159957104878226,0.028,0.028,0.190858909779633
"RELA","USF2",0.0155614074890183,0.026,0.026,0.130762803428776
"RELA","NFKB1",0.0124370994887983,0.026,0.026,0.291055782733014
"RELA","NFKBID",0.0124316807847292,0.044,0.044,0.472576128932328
"RELA","NPDC1",0.0110442010241528,0.028,0.028,-0.134367809433424
"RELA","RUNX2",0.0111234821774436,0.028,0.028,-0.263128064024276
"RELA","ELF3",0.0121762818397725,0.0267199663370503,0.0267199663370503,-0.0809419532071237
"RELA","ZNF140",0.0140706591865884,0.026,0.026,-0.0539350374082482
"RELA","DBP",0.015812337131331,0.03,0.03,-0.00613163127296804
"RELA","SNAI3",0.0167979592643206,0.024,0.024,-0.198873307182216
"RELA","OSR2",0.0176254822935952,0.0277535420419689,0.0277535420419689,-0.0502474135724812
"RELA","ESRRG",0.0178217235295075,0.0427834008097166,0.0427834008097166,-0.0665181609579091
"RELA","ARX",0.0193552269614712,0.0146399535423926,0.0146399535423926,-0.00585301128492018
"RELA","PTMS",0.0205899452494228,0.032,0.032,-0.126221533858116
"RELA","COL7A1",0.0235270043616606,0.028,0.028,-0.0963451024770797
"RELA","EHF",0.0249058219862783,0.0467572054200088,0.0467572054200088,-0.0618239326318324
"RELA","ZNF341",0.0281574021896156,0.032,0.032,-0.202725902071895
"RELA","TCF7L2",0.0606941599888404,0.074568130282416,0.074568130282416,-0.0762890950282856
"RELA","ZBTB14",0.0739878200747607,0.102,0.102,-0.0706610361395431
"RELB","EOMES",0.175297298755921,0.052,0.052,0.126270287949313
"RELB","HOXC8",0.122470151436166,0.0496053178230162,0.0496053178230162,0.0578868635147654
"RELB","CLOCK",0.0479856580886141,0.062,0.062,0.0151718091394579
"RELB","SESN1",0.0265387002318618,0.034,0.034,0.0617812985976844
"RELB","ZBTB7A",0.0256554260441315,0.02,0.02,0.180370526698099
"RELB","FOXO4",0.0231116378528388,0.03,0.03,0.104616688185696
"RELB","ARNT",0.0226424889426063,0.032,0.032,0.0324505872908375
"RELB","ZNF449",0.0199478670302267,0.038,0.038,0.17836940482724
"RELB","SERPINB1",0.0137610678222108,0.028,0.028,0.15961857434896
"RELB","NFAT5",0.0130595890044818,0.024,0.024,0.242765633561549
"RELB","BIRC3",0.0118149429242827,0.03,0.03,0.341590097252067
"RELB","CD40",0.0110786530615862,0.028,0.028,0.186230709965389
"RELB","IRF1",0.0110160394005436,0.036,0.036,0.121886183617202
"RELB","PPAP2B",0.0108670566710341,0.036,0.036,0.110712598714372
"RELB","HOXC4",0.0124398344690856,0.024,0.024,-0.0133359451402416
"RELB","IRF9",0.0132777033100692,0.032,0.032,-0.0122087049495206
"RELB","FAM92B",0.0311998323576894,0.04,0.04,-0.104619838351035
"RELB","CCR10",0.0428948117751951,0.048,0.048,-0.263240142349742
"RELB","PKNOX1",0.0695076189290974,0.076,0.076,-0.208114869212399
"REST","GPR18",0.0595885324870334,0.064,0.064,0.0776574374578746
"REST","KLHL21",0.0270078677486853,0.042,0.042,0.0366564731070082
"REST","ARNTL",0.0268231102378953,0.042,0.042,0.0999025539482583
"REST","CD84",0.0165795956845627,0.06,0.06,0.137318049538028
"REST","SOX12",0.0158981604338352,0.022,0.022,0.0541569434127064
"REST","ESR1",0.0149685567002053,0.03,0.03,0.0607926808231345
"REST","CCR10",0.0133856509719632,0.032,0.032,0.114150680180072
"REST","CREB1",0.0130579954411085,0.026,0.026,0.0500276158180489
"REST","EOMES",0.0114094570951085,0.104,0.104,0.0705028182696629
"REST","FLI1",0.0113534486900982,0.046,0.046,0.0868200087491972
"REST","OTX1",0.0105382636660068,0.0676141052769853,0.0676141052769853,-0.0545066509049496
"REST","C1orf228",0.0115215514468443,0.036,0.036,-0.0550709696312202
"REST","MYH10",0.0135367094590341,0.0326530612244898,0.0326530612244898,-0.0668271596771511
"REST","MAFA",0.0141204229521571,0.0855202973127502,0.0855202973127502,-0.0398197357307224
"REST","NHLH1",0.015178203872517,0.0181276595744681,0.0181276595744681,-0.0477768464515725
"REST","NR3C2",0.0164205611718248,0.0203463203463203,0.0203463203463203,-0.0517132019897797
"REST","KSR1",0.0201763976449047,0.05,0.05,-0.139887619899706
"REST","TBP",0.0215737971679633,0.044,0.044,-0.0154848842745787
"REST","NPDC1",0.0268780325616459,0.05,0.05,-0.162481681106302
"REST","PIK3R6",0.029168272520495,0.042,0.042,-0.125100308954801
"REST","RORA",0.0347736714827673,0.058,0.058,-0.0779802173857556
"REST","TFAP2E",0.0380497209782938,0.044817605075337,0.044817605075337,-0.0483506895556689
"REST","GFI1",0.0476689540747945,0.0442234590806019,0.0442234590806019,-0.0290855985533418
"REST","SCRT1",0.0538071435644542,0.110478736949325,0.110478736949325,-0.0477936625191432
"REST","NR1I3",0.169521352803467,0.108841940532081,0.108841940532081,-0.101759824581173
"RFX1","C1orf228",0.0738162643156545,0.042,0.042,0.137565618148112
"RFX1","RXRB",0.0442152287326607,0.052,0.052,0.0728641304516027
"RFX1","NCKAP5L",0.0287250381328842,0.014,0.014,0.109746687587786
"RFX1","FOXK2",0.0231770733005902,0.034,0.034,0.0312368166129149
"RFX1","RFX5",0.0229964570217689,0.04,0.04,0.0966554292421978
"RFX1","ZNF24",0.0132989691147939,0.03,0.03,0.0911752590183845
"RFX1","GLIS3",0.0123722679979563,0.005,0.005,0.0238327706539588
"RFX1","NHLH1",0.0115518371901751,0.0142474226804124,0.0142474226804124,0.0288065721177948
"RFX1","HES7",0.0114700829450065,0.03803003003003,0.03803003003003,0.0171749925479937
"RFX1","IFIT2",0.0111588472253782,0.032,0.032,0.141761866961539
"RFX1","ZNF143",0.014737539413245,0.03,0.03,-0.0142913932137542
"RFX1","GRHL1",0.0175078436792791,0.0359042553191489,0.0359042553191489,-0.0664942556360992
"RFX1","STAT4",0.0215100639937964,0.026,0.026,-0.015852894940129
"RFX1","FOXJ3",0.0245068999775021,0.048,0.048,-0.0652393320917582
"RFX1","ZSCAN29",0.0263103243754945,0.04,0.04,-0.114037679051196
"RFX1","ZNF140",0.0449633057737063,0.046,0.046,-0.114974489615761
"RFX2","KPNA2",0.321693692944942,0.046,0.046,0.347339706065045
"RFX2","CHEK1",0.318386082621335,0.06,0.06,0.388660232207855
"RFX2","PBK",0.199625342149375,0.054,0.054,0.440703531011471
"RFX2","PPM1G",0.188666329393755,0.03,0.03,0.329252780165013
"RFX2","HMMR",0.139474485350288,0.082,0.082,0.372955493871416
"RFX2","FAM129A",0.13790544601123,0.03,0.03,0.263865481472934
"RFX2","EIF5A",0.136754597476828,0.022,0.022,0.276908631000718
"RFX2","CYCS",0.128430263452418,0.022,0.022,0.369471251329372
"RFX2","MSMO1",0.0824856887125549,0.02,0.02,0.336498301100738
"RFX2","ETV1",0.0794179861819517,0.0377161809997631,0.0377161809997631,0.115586131510081
"RFX2","ESCO2",0.070732788616976,0.046,0.046,0.398327752614894
"RFX2","STMN1",0.070614079855938,0.026,0.026,0.414160411721862
"RFX2","NR1H3",0.0703716828735114,0.0466951654138694,0.0466951654138694,0.0766139311234171
"RFX2","HOXA1",0.0677665128508355,0.0498072964125409,0.0498072964125409,0.16448895224822
"RFX2","KLHL23",0.0630738386881885,0.02,0.02,0.294236419247756
"RFX2","RPL22L1",0.0623557847877688,0.016,0.016,0.314950091684366
"RFX2","GMNN",0.0538573443267549,0.024,0.024,0.401823692698495
"RFX2","NPDC1",0.0518164477334343,0.028,0.028,0.253255607958389
"RFX2","FHL2",0.0438059884980504,0.0408376033552861,0.0408376033552861,0.182667572100612
"RFX2","KIAA0101",0.0405104760285525,0.02,0.02,0.412583679574381
"RFX2","ETV4",0.0337706468068332,0.0243157894736842,0.0243157894736842,0.285973330084116
"RFX2","TNIK",0.0290182334139776,0.014,0.014,0.199776809358702
"RFX2","PTMS",0.0287818172106941,0.016,0.016,0.227644226775012
"RFX2","TPRG1",0.0265603977703496,0.022,0.022,0.246089278185433
"RFX2","CENPA",0.0263592237794832,0.05,0.05,0.371251367026331
"RFX2","KYNU",0.025664480279763,0.03,0.03,0.171395043010244
"RFX2","ACTN1",0.0169481019086916,0.0283867243867244,0.0283867243867244,0.175680820596406
"RFX2","PKNOX1",0.0151659594992612,0.014,0.014,0.212696677674915
"RFX2","ALDOA",0.0114159616704491,0.008,0.008,0.366193192385401
"RFX2","PBX3",0.0107986036608931,0.014,0.014,0.139698675703809
"RFX2","ZNF140",0.0107430150076948,0.006,0.006,0.100971498709741
"RFX3","ELF5",0.291190776186969,0.143247929059597,0.143247929059597,0.215546893175476
"RFX3","STAT4",0.0473767904017793,0.014,0.014,0.0374254861001532
"RFX3","HEY1",0.0351318539299592,0.0333248081841432,0.0333248081841432,0.0281224233162219
"RFX3","GLIS3",0.0325157895204191,0.0217948717948718,0.0217948717948718,0.0197006626246347
"RFX3","PROX1",0.0290660015235564,0.0164948453608247,0.0164948453608247,0.0801893633476892
"RFX3","ZNF140",0.0214073272553956,0.01,0.01,0.00202964164378554
"RFX3","EIF5A",0.0166969116154918,0.03,0.03,0.00438367690533874
"RFX3","WDR34",0.0150367582920263,0.034,0.034,0.00199782558685569
"RFX3","PBX3",0.0110734521611204,0.038,0.038,0.0910993084042992
"RFX3","PITX1",0.0170390632266984,0.0215461714247157,0.0215461714247157,-0.00694710888943344
"RFX4","ETV1",0.141690892263819,0.0657190239279792,0.0657190239279792,0.022283105561103
"RFX4","NR1H3",0.0832069777441717,0.0405739532926573,0.0405739532926573,0.0466929886713818
"RFX5","HOXC4",0.0814927962875658,0.074,0.074,0.157189429754475
"RFX5","SOX5",0.0369089519647224,0.038,0.038,0.163056698685203
"RFX5","ZNF140",0.0341733934425727,0.032,0.032,0.116611318902822
"RFX5","ODC1",0.0273830101977007,0.04,0.04,0.240167326675284
"RFX5","ZNF24",0.026060140072123,0.05,0.05,0.249049611055647
"RFX5","SPIB",0.0216975679165071,0.036,0.036,0.346590652520838
"RFX5","DSE",0.0202352605673179,0.03,0.03,0.312760908860386
"RFX5","ELK1",0.0194614922611837,0.036,0.036,0.178063963840424
"RFX5","DNAJA1",0.0189891708834697,0.026,0.026,0.346910649561821
"RFX5","NQO1",0.0152700970201785,0.022,0.022,0.267475885561347
"RFX5","LIMA1",0.0127279355740925,0.016,0.016,0.152973712530091
"RFX5","ALDOA",0.012574687431276,0.034,0.034,0.222623710742572
"RFX5","HSPA1A",0.0123087612678481,0.028,0.028,0.236620286188527
"RFX5","FHL2",0.0121025883093065,0.0385428330349251,0.0385428330349251,0.144956926844721
"RFX5","HIST1H2BK",0.0102439855856244,0.024,0.024,0.113541612681793
"RFX5","ID2",0.0100461057847218,0.028,0.028,0.216743807883586
"RFX5","MZF1",0.0254632865582096,0.034,0.034,-0.129171681230286
"RFX7","ZBTB14",0.125324917103721,0.056,0.056,0.116504261421933
"RFX7","FAM167A",0.120658852122457,0.102,0.102,0.261051110306371
"RFX7","NR2C1",0.042160672586552,0.054,0.054,0.111621130029119
"RFX7","ZNF384",0.0345268327002977,0.036,0.036,0.129158304985858
"RFX7","OSR2",0.0328801178435413,0.0363566872778616,0.0363566872778616,0.0624558430178676
"RFX7","ZNF24",0.0296273134743697,0.04,0.04,0.170077296751643
"RFX7","ZNF263",0.0207256116565962,0.02,0.02,0.0922516807927633
"RFX7","FOXK2",0.0176983540678706,0.026,0.026,0.0605761113432075
"RFX7","RFX3",0.0104068157638313,0.03,0.03,0.0115164969250546
"RFX7","CCDC71L",0.010385970184108,0.04,0.04,0.0258449947650882
"RFX7","PKNOX1",0.0131055447887872,0.024,0.024,-0.0265737143249896
"RFX7","ZNF140",0.0179501602996259,0.022,0.022,-0.0822515651907912
"RFX7","ZSCAN29",0.0216648611463132,0.03,0.03,-0.17117542088323
"RHOXF1","TCF7L2",0.156769767229186,0.0563038548752834,0.0563038548752834,0.184455519252695
"RHOXF1","GRHL1",0.0804193320000852,0.0339982269503546,0.0339982269503546,0.0922215297772924
"RHOXF1","TFAP2E",0.0430361250626183,0.0195757020757021,0.0195757020757021,0.0653858053863628
"RHOXF1","HFE",0.0206088127615765,0.0161414141414141,0.0161414141414141,0.11003134833974
"RHOXF1","NR1I3",0.0151640167556037,0.0306338028169014,0.0306338028169014,0.0317795422432067
"RHOXF1","HGF",0.014053212916651,0.006,0.006,0.0932821262515351
"RHOXF1","PRDM15",0.0118031193904516,0.03,0.03,0.172441993872285
"RORA","DNAJC5B",0.221632814551004,0.088,0.088,0.382779489512678
"RORA","FOXJ3",0.140706548605766,0.072,0.072,0.266007075268321
"RORA","BTNL9",0.0791236945752545,0.036,0.036,0.228913395681975
"RORA","ZNF274",0.0357783346191673,0.052,0.052,0.0879709798362456
"RORA","GRHL1",0.0310855801820735,0.0147606382978723,0.0147606382978723,0.0220565473657156
"RORA","ZNF148",0.0291044779826435,0.05,0.05,0.230544129700969
"RORA","ZNF410",0.0283431869534471,0.014782116581777,0.014782116581777,0.011781460669321
"RORA","SOX5",0.0222430204020323,0.026,0.026,0.0893555535948909
"RORA","CAMK2N1",0.0196327118876055,0.026,0.026,0.2904373049754
"RORA","KLF7",0.0147031868852764,0.042,0.042,0.280816341941063
"RORA","SH2D2A",0.013950558715978,0.034,0.034,0.0691552062392903
"RORA","NFAT5",0.0109180862376789,0.026,0.026,0.211904725945219
"RORA","FOXO1",0.0114718747611689,0.026,0.026,-0.0976367339443355
"RORA","NR2C2",0.0115583756756345,0.026,0.026,-0.0205561475939475
"RORA","PTMS",0.0120167622805656,0.034,0.034,-0.0556537725897265
"RORA","NRL",0.0121678347242312,0.0321253214870236,0.0321253214870236,-0.0352876025071566
"RORA","KIF5C",0.0138340696577277,0.022,0.022,-0.0271933182164642
"RORA","CCNA2",0.0142957891874602,0.046,0.046,-0.159416321940841
"RORA","NFYA",0.015846367612164,0.022,0.022,-0.0181793552069497
"RORA","IRF6",0.0187561702884562,0.0846142217772513,0.0846142217772513,-0.00886244728314505
"RORA","CTCF",0.0201907478034374,0.032,0.032,-0.160140381451897
"RORA","REST",0.0260986851231897,0.034,0.034,-0.0779802173857556
"RORB","TP63",0.124994066354395,0.0403305852918256,0.0403305852918256,0.0953036271213594
"RORB","TFAP2A",0.111261743843343,0.0463353839143313,0.0463353839143313,0.0445730264473032
"RORB","EMP1",0.0741570470770957,0.0460808080808081,0.0460808080808081,0.0870124929139321
"RORB","CD163L1",0.0441532267992134,0.017903189195324,0.017903189195324,0.0552300202835586
"RORB","PERP",0.0404235250506382,0.042,0.042,0.0931793531633682
"RORB","TET1",0.0214819238079778,0.0160606060606061,0.0160606060606061,0.0287838370396462
"RORB","ZBTB7C",0.0197859840872762,0.0906320239199917,0.0906320239199917,0.0216870090380592
"RORB","CDC20",0.0143268777183103,0.052,0.052,0.0937831938608212
"RORB","CD70",0.0126217274061989,0.032,0.032,0.0727822925326191
"RORB","ETV4",0.010297614575582,0.008,0.008,0.0753701829388468
"RORB","THRB",0.0105121322756517,0.0117647058823529,0.0117647058823529,-0.000492612921520956
"RREB1","MSX1",0.252667310941609,0.116,0.116,0.187361318550965
"RREB1","FOXA2",0.119314353172975,0.152991089292459,0.152991089292459,0.0739462832519437
"RREB1","BATF2",0.0722854154088814,0.0924792951215903,0.0924792951215903,0.12036283017552
"RREB1","IFIT2",0.068302325790255,0.07,0.07,0.199006931367562
"RREB1","GRHL1",0.0669058624255748,0.0338209219858156,0.0338209219858156,0.0742795467646756
"RREB1","POU3F1",0.0435650065849645,0.0441052631578947,0.0441052631578947,0.0985364421882406
"RREB1","SIX3",0.0399536765511986,0.0541880643887028,0.0541880643887028,0.0663312910805283
"RREB1","TAS1R3",0.0398392747996075,0.08,0.08,0.103123590158891
"RREB1","NR1I3",0.039018099592718,0.086697965571205,0.086697965571205,0.0655218856659499
"RREB1","PPARA",0.0375903670673821,0.042,0.042,0.118910504888657
"RREB1","HSF4",0.0341526243509544,0.0450752716089726,0.0450752716089726,0.0626364539566002
"RREB1","ARNTL",0.029355738161567,0.042,0.042,0.0953112339128722
"RREB1","MPP7",0.0251796886617938,0.034,0.034,0.105139042609211
"RREB1","PAX6",0.0226192386700274,0.0367058115025595,0.0367058115025595,0.049066781472403
"RREB1","TCF7L2",0.0200426221715863,0.0101422387136673,0.0101422387136673,0.0399241438494557
"RREB1","SESN1",0.0200099842907291,0.03,0.03,0.0416989737324198
"RREB1","CLOCK",0.0198039539215039,0.04,0.04,0.0340917850245235
"RREB1","NFIX",0.0190211113326876,0.0424081632653061,0.0424081632653061,0.0641671686242351
"RREB1","HIF1A",0.0164100206869143,0.04,0.04,0.229023733926865
"RREB1","HOXD3",0.015615172071532,0.0326497651700904,0.0326497651700904,0.0413986922204509
"RREB1","ZNF75D",0.0142416732831191,0.032,0.032,0.0935127267530345
"RREB1","LAG3",0.0140656254501513,0.028,0.028,0.00216919344491698
"RREB1","SPI1",0.0139352867926131,0.02,0.02,0.0284687945696933
"RREB1","MEF2D",0.0128507550463293,0.028,0.028,0.134079323426615
"RREB1","ITGA8",0.0126804460770731,0.02,0.02,0.0164769148070977
"RREB1","ZNF281",0.0126257133003392,0.026,0.026,0.224082612391336
"RREB1","NFKB1",0.0122349546031874,0.042,0.042,0.0696105344085716
"RREB1","KLF12",0.0114154971505946,0.038,0.038,0.218141811668435
"RREB1","GRASP",0.0103075319657331,0.066,0.066,0.319815175178555
"RREB1","HOXB7",0.0104590086279444,0.02,0.02,-0.114168917688748
"RREB1","ATF3",0.0106694916299328,0.022,0.022,-0.126549299324463
"RREB1","EMP1",0.0131768489597473,0.024020202020202,0.024020202020202,-0.23151359931883
"RREB1","SMAD5",0.0133227185441716,0.018,0.018,-0.0923930880874414
"RREB1","NKX3-1",0.0135391757014178,0.0462222222222222,0.0462222222222222,-0.0973645956380689
"RREB1","MT1E",0.015297796326099,0.024,0.024,-0.34226289438181
"RREB1","POU5F1",0.0153509047627612,0.046576478013886,0.046576478013886,-0.0409113030219761
"RREB1","PPP2R3C",0.0157310133794389,0.038,0.038,-0.32837453364916
"RREB1","MID1IP1",0.0164469284842779,0.032,0.032,-0.312777325941358
"RREB1","OLIG3",0.0167444313799697,0.0683412704287677,0.0683412704287677,-0.0893363347547473
"RREB1","CKAP2L",0.0169471646132452,0.042,0.042,-0.318298325669804
"RREB1","TUBB2A",0.0176582882914848,0.032,0.032,-0.207711218658427
"RREB1","ZBTB7A",0.0188403071592258,0.036,0.036,-0.0781419074629581
"RREB1","RXRB",0.0217830138432168,0.034,0.034,-0.00485785847573704
"RREB1","NFYA",0.0218946532423601,0.026,0.026,-0.141979172490634
"RREB1","POU6F1",0.0227291567838986,0.044,0.044,-0.0435333422464107
"RREB1","HOXA10",0.0250169398919833,0.0696757717077504,0.0696757717077504,-0.0904559967876737
"RREB1","FOXC1",0.0257524718350086,0.0955843656967253,0.0955843656967253,-0.0879543089657896
"RREB1","ITGA2",0.0267915642966543,0.0392780748663102,0.0392780748663102,-0.181044243134174
"RREB1","SOX12",0.0307348083836604,0.042,0.042,-0.0238170270880525
"RREB1","NFIC",0.0322244371982604,0.05,0.05,-0.113356292088507
"RREB1","ETV2",0.0400635003606381,0.0658321732228897,0.0658321732228897,-0.0622480244320714
"RREB1","POU4F1",0.0433804573083054,0.064,0.064,-0.0756652076969457
"RUNX1","HOXB4",0.144894202673469,0.112,0.112,0.191643196463643
"RUNX1","FAM92B",0.142250253281335,0.1,0.1,0.254980573009004
"RUNX1","IRF1",0.0943693586221576,0.106,0.106,0.376860272841739
"RUNX1","ZNF143",0.0821483439577928,0.072,0.072,0.137236408701461
"RUNX1","USF1",0.0800685573462121,0.074,0.074,0.124996167830938
"RUNX1","GRHL1",0.0724948093707375,0.0528812056737589,0.0528812056737589,0.133425322175767
"RUNX1","CDKN1A",0.0719700140712219,0.046,0.046,0.139454255475244
"RUNX1","NFIA",0.0712446144473559,0.0784622082897945,0.0784622082897945,0.0796181791620338
"RUNX1","KBTBD11",0.0665835119184462,0.0836385836385836,0.0836385836385836,0.0271116311855519
"RUNX1","NRL",0.0647721004902108,0.0753799392097265,0.0753799392097265,0.0614791095496656
"RUNX1","HIST1H2BJ",0.0622832968123002,0.066,0.066,0.0597697721623877
"RUNX1","PROX1",0.0502969972330734,0.102290321362486,0.102290321362486,0.0803804650487562
"RUNX1","VEZF1",0.0490273365080506,0.056,0.056,0.0806776216415446
"RUNX1","KLF12",0.0452511651827913,0.11,0.11,0.0526401836478613
"RUNX1","CYSLTR1",0.0401355436321058,0.048,0.048,0.320162865038991
"RUNX1","MGST3",0.0388384841816442,0.046,0.046,0.164133733424587
"RUNX1","PBX1",0.0383633308262115,0.0956220882433543,0.0956220882433543,0.0905323305705271
"RUNX1","ASCL1",0.0361226242529205,0.0641212121212121,0.0641212121212121,0.118412916916101
"RUNX1","LGALS3BP",0.0295009570754582,0.076,0.076,0.35323369035091
"RUNX1","NFATC4",0.0294980989547631,0.0138787869472325,0.0138787869472325,0.104348824706749
"RUNX1","EOMES",0.0248172180841205,0.03,0.03,0.0841459393159283
"RUNX1","PLAGL1",0.0247141906871077,0.068,0.068,0.0276782557350128
"RUNX1","TMEM99",0.0241498152928252,0.03,0.03,0.0796854549183222
"RUNX1","SP3",0.0234860346891604,0.04,0.04,0.111435911833749
"RUNX1","SMAD4",0.0222810855643954,0.046,0.046,0.0562446194310507
"RUNX1","STAT2",0.0200926132790022,0.074,0.074,0.400072352116587
"RUNX1","ID3",0.0200194409696387,0.056,0.056,0.14922636000787
"RUNX1","ID2",0.0195290285105566,0.05,0.05,0.0470305547011578
"RUNX1","STAT4",0.0153642282228716,0.036,0.036,0.0862684279975277
"RUNX1","HSPA8",0.0152534809426164,0.04,0.04,0.0130763964395012
"RUNX1","IGLL5",0.0145638974475821,0.044,0.044,0.314963433373343
"RUNX1","GPR132",0.0141800724415117,0.03,0.03,0.0118749060320251
"RUNX1","NFYC",0.0141295740549738,0.026,0.026,0.0584138938663842
"RUNX1","TFAP4",0.0134655052097759,0.026,0.026,0.0268019185797547
"RUNX1","HOXC4",0.0130756368510599,0.026,0.026,0.000429081828718512
"RUNX1","ESR1",0.0125387190051084,0.018,0.018,0.129874219543153
"RUNX1","RGS1",0.0121747558995029,0.036,0.036,0.302002717670939
"RUNX1","BCL6",0.0114371446087749,0.01,0.01,0.150229683633161
"RUNX1","SLC16A3",0.0113009397182451,0.032,0.032,0.0147527779411998
"RUNX1","INA",0.0105937570460327,0.071920434350643,0.071920434350643,-0.04926513589463
"RUNX1","HLX",0.0107548204316128,0.0142032570603999,0.0142032570603999,-0.0342465093903463
"RUNX1","HSPA1A",0.0110215564520537,0.034,0.034,-0.101439483189385
"RUNX1","ETV2",0.0127135645569017,0.0316820446449953,0.0316820446449953,-0.0519233943602707
"RUNX1","EXO1",0.0146833164927101,0.05,0.05,-0.0714742560006693
"RUNX1","CCR1",0.0182911900862417,0.0141010101010101,0.0141010101010101,-0.0231244475345159
"RUNX1","MYH10",0.0199930272574134,0.0367978119082685,0.0367978119082685,-0.0673738936366608
"RUNX1","ISL2",0.0259410273183929,0.048,0.048,-0.00125469476485492
"RUNX1","TUBB6",0.0345456973723963,0.07,0.07,-0.283035374949647
"RUNX1","GPX1",0.0356994471893887,0.044,0.044,-0.0257441426757274
"RUNX1","ARL6IP1",0.0365279652792311,0.072,0.072,-0.230883834895091
"RUNX1","JDP2",0.0410298838047385,0.034,0.034,-0.173926564309769
"RUNX1","ATF4",0.0635679640211042,0.072,0.072,-0.134996658197382
"RUNX1","CCR10",0.0705850147741301,0.124,0.124,-0.087347744057698
"RUNX2","NRL",0.233320757860918,0.140332008417115,0.140332008417115,0.21891569434884
"RUNX2","EHF",0.0795772614389975,0.0462829549541811,0.0462829549541811,0.0493513951574173
"RUNX2","ZNF143",0.0755332659189368,0.09,0.09,0.000663493273068869
"RUNX2","PBX1",0.0747241463138625,0.0965812551383941,0.0965812551383941,0.0903901250844404
"RUNX2","HLX",0.0626278320232073,0.0487322201607916,0.0487322201607916,0.0219083945966717
"RUNX2","LIN54",0.0554573715586011,0.068,0.068,0.165328706882986
"RUNX2","CD163L1",0.0347054411531436,0.0716626943593236,0.0716626943593236,0.0177126238733462
"RUNX2","ETV2",0.0264702189175516,0.0402861263054374,0.0402861263054374,0.0873143104791369
"RUNX2","MZF1",0.0225938829166095,0.038,0.038,0.121583870049003
"RUNX2","RARG",0.0189907250699054,0.05,0.05,0.0223413517430681
"RUNX2","ZIC2",0.0158353224212996,0.0445740925740926,0.0445740925740926,0.0709787067474884
"RUNX2","KIF2C",0.0154260242429907,0.028,0.028,0.0776335777954129
"RUNX2","DUSP5",0.0146085476159408,0.082,0.082,0.243395608810262
"RUNX2","PPARG",0.0133128007343276,0.0501560111571615,0.0501560111571615,0.0116717840808248
"RUNX2","HIST1H2BJ",0.0121080099717815,0.036,0.036,0.0675416084674049
"RUNX2","ONECUT2",0.0119935342613932,0.03409318856809,0.03409318856809,0.00806776409129868
"RUNX2","BIRC5",0.0108647358123023,0.022,0.022,0.100712951992232
"RUNX2","SP3",0.0116449594549795,0.006,0.006,-0.178747515025053
"RUNX2","PROX1",0.0122041471084665,0.014840829273819,0.014840829273819,-0.0153379063318637
"RUNX2","HDGFRP3",0.0134812220483839,0.0663717329036878,0.0663717329036878,-0.00109655927748755
"RUNX2","ANXA3",0.018351042315482,0.054,0.054,-0.0329055253631227
"RUNX2","HILPDA",0.018507015551257,0.044,0.044,-0.0712181646496953
"RUNX2","MAX",0.0291798586066379,0.034,0.034,-0.311778799572146
"RUNX2","ZBTB18",0.0634176920677874,0.034,0.034,-0.345808245696546
"RUNX2","ZNF281",0.0840305085510235,0.03,0.03,-0.243603391303765
"RUNX2","ZNF148",0.186210951906956,0.054,0.054,-0.312151045879716
"RUNX3","ZNF354C",0.605553203477693,0.154,0.154,0.316396648206161
"RUNX3","TRIM22",0.343367555004371,0.154,0.154,0.592211644570497
"RUNX3","KSR1",0.309856308866104,0.144,0.144,0.486952374231391
"RUNX3","CCSER2",0.269744001889929,0.054,0.054,0.53490553666299
"RUNX3","FCRL3",0.166320752402297,0.11,0.11,0.413109995512322
"RUNX3","TCF7",0.159115306678651,0.142,0.142,0.541478210057657
"RUNX3","B4GALT5",0.157919437024014,0.124,0.124,0.571441362840362
"RUNX3","PMAIP1",0.154965863083582,0.09,0.09,0.740616474683723
"RUNX3","C1orf162",0.154489983034134,0.074,0.074,0.43685555323715
"RUNX3","TBX21",0.13666712124936,0.134,0.134,0.3104855828481
"RUNX3","CLECL1",0.131809068682692,0.216,0.216,0.439129654087199
"RUNX3","LTA",0.130789520985413,0.09,0.09,0.537554253989897
"RUNX3","RFX5",0.130597783567782,0.058,0.058,0.347188670901064
"RUNX3","CXCR5",0.127939023831158,0.04,0.04,0.686566535423076
"RUNX3","ZNF317",0.123392525849554,0.076,0.076,0.405816502364055
"RUNX3","PEA15",0.121635919644234,0.07,0.07,0.707337153898338
"RUNX3","PLAC8",0.119025788410888,0.094,0.094,0.436815233421899
"RUNX3","NFKBIE",0.106567253956128,0.112,0.112,0.535603856145952
"RUNX3","C4BPB",0.104470948161588,0.104,0.104,0.385419394551864
"RUNX3","ALOX5AP",0.103248133148416,0.04,0.04,0.532408550647669
"RUNX3","ATF2",0.096892592877155,0.048,0.048,0.294519219390604
"RUNX3","PLAGL1",0.0856886636543421,0.058,0.058,0.270893328134781
"RUNX3","GPR132",0.0818573433531273,0.118,0.118,0.284931692571339
"RUNX3","VEZF1",0.0790302528207165,0.062,0.062,0.267074295545466
"RUNX3","ODC1",0.0780898212644748,0.076,0.076,0.284676428808233
"RUNX3","MYBL1",0.0699798650408605,0.0664166666666667,0.0664166666666667,0.0794646090587836
"RUNX3","SERBP1",0.0678691120800918,0.09,0.09,0.322944308656259
"RUNX3","NCKAP5L",0.0674686045885417,0.032,0.032,0.338510242933544
"RUNX3","KYNU",0.0668326024924818,0.122,0.122,0.458842792599911
"RUNX3","CORO2A",0.0575859011326857,0.06,0.06,0.275628878349216
"RUNX3","SP3",0.0566135452337631,0.06,0.06,0.200740428124206
"RUNX3","MZT1",0.0564678521888953,0.132,0.132,0.232173178053657
"RUNX3","SP2",0.0556989706097382,0.04,0.04,0.286290307011858
"RUNX3","HLA-DMB",0.0534093891113172,0.072,0.072,0.672554504551847
"RUNX3","B3GNT7",0.0530498929411774,0.058,0.058,0.254577439297205
"RUNX3","CD72",0.0523636515447702,0.036,0.036,0.341950239191029
"RUNX3","VRK2",0.0519902541626927,0.088,0.088,0.316395409728934
"RUNX3","ELF4",0.0480622141812927,0.06,0.06,0.433085696878688
"RUNX3","CAPG",0.0476630970242508,0.102,0.102,0.523629466435924
"RUNX3","RHOC",0.0442769730413753,0.128,0.128,0.441808344048351
"RUNX3","NAMPT",0.0438610049148063,0.04,0.04,0.363415402865534
"RUNX3","ALDOA",0.0433229306184719,0.142,0.142,0.0852029580894124
"RUNX3","HSPH1",0.0403835004628572,0.068,0.068,0.308868171570358
"RUNX3","LSM2",0.0373988855034414,0.108,0.108,0.321879534704251
"RUNX3","GATM",0.0360198949645916,0.08,0.08,0.209807571116049
"RUNX3","MYC",0.0351576418579886,0.048,0.048,0.35895728756964
"RUNX3","PHLDA3",0.034735227237696,0.07,0.07,0.252501160315454
"RUNX3","HSPA1A",0.0340176186177865,0.06,0.06,0.147284259627946
"RUNX3","NAP1L1",0.033611562489847,0.08,0.08,0.6299413887188
"RUNX3","CXCL16",0.0329705988914348,0.042,0.042,0.298519578964678
"RUNX3","ZNF263",0.0322739696595131,0.026,0.026,0.165842649434294
"RUNX3","PPARG",0.0319346330544379,0.069821033665842,0.069821033665842,0.193725171973269
"RUNX3","HIC2",0.0256404322215356,0.026,0.026,0.128465497826202
"RUNX3","NCL",0.0220901323876248,0.086,0.086,0.138005659799144
"RUNX3","STAT4",0.021774462104995,0.042,0.042,0.0417397141080694
"RUNX3","KIF13A",0.0213959706977889,0.046,0.046,0.195818374210136
"RUNX3","TUBA1A",0.0211683713688448,0.062,0.062,0.558508416976407
"RUNX3","TMEM99",0.0204367858935814,0.062,0.062,0.164806368536544
"RUNX3","ZNF274",0.0192102148113188,0.022,0.022,0.167941553146094
"RUNX3","SOX12",0.0190009045842604,0.014,0.014,0.0835035872886171
"RUNX3","CD96",0.0183072156977974,0.044,0.044,0.234637678916737
"RUNX3","SH2D2A",0.0179793307527845,0.046,0.046,0.282494645765901
"RUNX3","KLF12",0.0176942919432315,0.038,0.038,0.32761323743541
"RUNX3","FOXJ2",0.0171167748840092,0.026,0.026,0.059810615248116
"RUNX3","HTR3A",0.0168290752111076,0.04,0.04,0.127501965965051
"RUNX3","SERPINB1",0.0163718151662327,0.05,0.05,0.536557329336912
"RUNX3","HSPB1",0.0157566496296414,0.022,0.022,0.449715800887427
"RUNX3","CCDC6",0.014878358858592,0.038,0.038,0.556764977163469
"RUNX3","FCER2",0.0143851931044418,0.026,0.026,0.482168218341466
"RUNX3","ZBTB14",0.0141593053122388,0.018,0.018,0.146232869859401
"RUNX3","TEAD2",0.0141080049519974,0.05,0.05,0.322508255243688
"RUNX3","ATP8B4",0.0137358303802026,0.082,0.082,0.380224994154578
"RUNX3","EMX1",0.0134601954157204,0.0118339711510156,0.0118339711510156,0.16991614230446
"RUNX3","NFAT5",0.0134234486544976,0.012,0.012,0.314194569727205
"RUNX3","CCDC28B",0.0129834284385574,0.078,0.078,0.403309067012611
"RUNX3","ID2",0.0129178010302364,0.058,0.058,0.155538895655687
"RUNX3","PKIG",0.0123433097397695,0.034,0.034,0.522572949864658
"RUNX3","MS4A1",0.0122304258845811,0.042,0.042,0.725839179341564
"RUNX3","PRR11",0.0101028958966458,0.052,0.052,-0.22956157310185
"RUNX3","EMX2",0.0118132919059941,0.0519401589527817,0.0519401589527817,-0.0925205480468258
"RUNX3","NFIA",0.0144519747523601,0.026947056774643,0.026947056774643,-0.0305345690370898
"RUNX3","ELF3",0.0154089197905769,0.0184515043130654,0.0184515043130654,-0.062165708647009
"RUNX3","CREB3",0.0233989562217766,0.046,0.046,-0.326909859266765
"RUNX3","ZNF143",0.0239333434767877,0.038,0.038,-0.0398384172415874
"RUNX3","XAF1",0.0245458095686045,0.102,0.102,-0.0610484268987442
"RUNX3","COL7A1",0.0333683683201324,0.024,0.024,-0.14223633229756
"RUNX3","GNB3",0.0340980513280708,0.0465895691609977,0.0465895691609977,-0.111553913199199
"RUNX3","ZNF16",0.0400354330307994,0.026,0.026,-0.0206835128232919
"RUNX3","MEIS1",0.0425490099321737,0.0329739665806637,0.0329739665806637,-0.110789752643174
"RUNX3","POU2F2",0.0474013301019839,0.058,0.058,-0.158003841888528
"RUNX3","SOX6",0.0604074027606363,0.0891371591371591,0.0891371591371591,-0.101545950245581
"RUNX3","SREBF1",0.0662722378506435,0.04,0.04,-0.272041999522873
"RUNX3","CCR10",0.0810590789261189,0.064,0.064,-0.327308055979231
"RUNX3","NFIB",0.0919774034446365,0.145158038308723,0.145158038308723,-0.0340936529658913
"RUNX3","FOXP2",0.128457589632217,0.0635924331167173,0.0635924331167173,-0.110004973224153
"RXRB","PITX1",0.176920862752073,0.132950754657352,0.132950754657352,0.158005634935143
"RXRB","C1orf228",0.0626517271382713,0.064,0.064,0.0813631463256737
"RXRB","NFIX",0.0567906591227304,0.0362448979591837,0.0362448979591837,0.0279454898004967
"RXRB","NR2C1",0.0538884072566586,0.054,0.054,0.0696346701345221
"RXRB","PBX1",0.040456982337381,0.0663716086599068,0.0663716086599068,0.038456826634785
"RXRB","ZNF341",0.0389777852037536,0.034,0.034,0.11994485614801
"RXRB","CUX2",0.0323763187179489,0.0240740740740741,0.0240740740740741,0.0135246417730892
"RXRB","SNAI3",0.0296993133198388,0.04,0.04,0.141940689167415
"RXRB","TFAP2E",0.0208789701767637,0.0169485826315723,0.0169485826315723,0.0382707185579707
"RXRB","HNF1B",0.0191413662373044,0.0241379310344828,0.0241379310344828,0.00443768142731988
"RXRB","ETV2",0.0166229327875181,0.0319742706353344,0.0319742706353344,0.0541061255983911
"RXRB","NCKAP5L",0.0132725265056643,0.044,0.044,0.0795525926329782
"RXRB","H1F0",0.0122537581374997,0.036,0.036,0.0558185163154981
"RXRB","PRR5L",0.0114553874700965,0.046,0.046,-0.107978459816344
"RXRB","ATF1",0.0144007190328684,0.028,0.028,-0.107739796141776
"RXRB","RFX4",0.01490754943981,0.0436955449613677,0.0436955449613677,-0.0456975921898178
"RXRB","NR2C2",0.0155890851927611,0.028,0.028,-0.077644266922873
"RXRB","HES6",0.0166930655781841,0.036,0.036,-0.0691725507157371
"RXRB","NKX6-3",0.0194438206953907,0.0153384475807534,0.0153384475807534,-0.000144160983295913
"RXRB","HIST1H2BJ",0.0256982734511253,0.05,0.05,-0.117871434198472
"RXRB","SP2",0.0263048208201047,0.046,0.046,-0.113764729695772
"RXRB","B3GNT7",0.0276709443937327,0.058,0.058,-0.136844600001894
"RXRB","NR2F6",0.0375795635698578,0.0462474226804124,0.0462474226804124,-0.0559134016960139
"RXRB","TBX6",0.0636029168185467,0.0420297084580423,0.0420297084580423,-0.012385245890736
"SCRT1","GRHL1",0.146791380439408,0.0592641843971631,0.0592641843971631,0.172697972645091
"SCRT1","HOXB4",0.0502216591335194,0.032,0.032,0.04318433268459
"SCRT1","ATF3",0.0208239418450842,0.036,0.036,0.0481307852276206
"SCRT1","CREB3L1",0.0126747249661749,0.0117647058823529,0.0117647058823529,0.00437794483239761
"SCRT1","KBTBD11",0.0107700176342747,0.00661782661782662,0.00661782661782662,0.0187399781695008
"SHOX","HOXA9",0.0864704107973004,0.0525883273179596,0.0525883273179596,0.0796999256200627
"SHOX","HESX1",0.0262178009315773,0.0171600370027752,0.0171600370027752,0.0508069056898996
"SHOX","TBR1",0.0112875646652989,0.0127272727272727,0.0127272727272727,0.0257970554277042
"SIX1","FOXP3",0.184162596571388,0.110316885167923,0.110316885167923,0.0940339074016668
"SIX1","BHLHE22",0.0830325400008481,0.052822856936781,0.052822856936781,0.0748029454266555
"SIX1","CD163L1",0.0786139773257672,0.0358818522301668,0.0358818522301668,0.162112189886998
"SIX1","NR5A2",0.0625314322576982,0.0329757725449384,0.0329757725449384,0.094005859354363
"SIX1","CREB3L4",0.0579364303579704,0.022,0.022,0.0519770269240127
"SIX1","TUBB2A",0.0558451019648338,0.05,0.05,0.218338240422775
"SIX1","HTR3A",0.0417711735640818,0.02,0.02,0.196571869736395
"SIX1","SOX6",0.0363471767989334,0.0426397368064035,0.0426397368064035,0.0760857889586521
"SIX1","SOX4",0.0342601171033734,0.054,0.054,0.308426030630724
"SIX1","EHD3",0.0333408797988681,0.06,0.06,0.350158782214437
"SIX1","IL32",0.0316289312046786,0.05,0.05,0.272739396095223
"SIX1","MSMO1",0.0136171599720134,0.034,0.034,0.268736220585102
"SIX1","DLX2",0.0123628755878896,0.0212751365181197,0.0212751365181197,0.0087792845024836
"SIX1","LHX9",0.0111913156253049,0.067034758824817,0.067034758824817,0.00765760013254843
"SMAD3","HLA-DRB1",0.161551618781713,0.03,0.03,0.503465823515974
"SMAD3","HLA-DRA",0.120876931682784,0.03,0.03,0.54676828325272
"SMAD3","YY1",0.0875991009457239,0.038,0.038,0.465931951221374
"SMAD3","DNAJC5B",0.069645459831911,0.036,0.036,0.364319928291045
"SMAD3","GPR18",0.0593191274388948,0.114,0.114,0.273979043523742
"SMAD3","ZBTB14",0.0554471355326514,0.084,0.084,0.153690483753933
"SMAD3","TCFL5",0.0544741300320012,0.03,0.03,0.394242794857468
"SMAD3","PLD4",0.0319768002561539,0.104,0.104,0.28776908282064
"SMAD3","HTR3A",0.0143896471680788,0.006,0.006,0.0651516001865583
"SMAD3","HIST1H2BK",0.012321854722066,0.038,0.038,-0.344281318376616
"SMAD3","LPXN",0.0383890266310694,0.022,0.022,-0.465828508577941
"SMAD3","HIST1H2BJ",0.0411590719779266,0.056,0.056,-0.255338394318995
"SMAD3","PPARA",0.0724201865843827,0.03,0.03,-0.0516153069311451
"SMAD5","CUX1",0.219830407845277,0.114,0.114,0.0595864045058383
"SMAD5","TCF12",0.0867923081677288,0.09,0.09,0.216689472552191
"SMAD5","NFYA",0.0752811232077092,0.054,0.054,0.11837378225097
"SMAD5","LPXN",0.0415857746853196,0.03,0.03,0.213461566383322
"SMAD5","PPARA",0.0369752014892944,0.046,0.046,0.0942666941389239
"SMAD5","HMX2",0.030783315043388,0.0517543859649123,0.0517543859649123,0.100421453811646
"SMAD5","CAV1",0.0276849037779592,0.056,0.056,0.217872684915253
"SMAD5","NFYB",0.0167083016697782,0.014,0.014,0.115557228884381
"SMAD5","PPM1G",0.0140437842461617,0.044,0.044,0.0883647449341654
"SMAD5","OSR2",0.0130534814257036,0.0234281123715858,0.0234281123715858,0.0550016026615872
"SNAI1","NEUROG2",0.231475663859525,0.138157941124625,0.138157941124625,0.0350324410692951
"SNAI1","BTNL9",0.084593167893266,0.028,0.028,0.145736294770713
"SNAI1","MGST1",0.0753907784562487,0.0289183039183039,0.0289183039183039,0.0159634818813769
"SNAI1","E2F6",0.049856481498769,0.024,0.024,0.140491551652198
"SNAI1","PITX2",0.0454142950563048,0.0673563218390805,0.0673563218390805,0.00547915250371802
"SNAI1","ERF",0.0244255598265617,0.03,0.03,0.13819283664096
"SNAI1","NR4A1",0.0132031177244334,0.054,0.054,0.245745074482855
"SNAI1","NXPH4",0.0119332324328125,0.034,0.034,0.103410158551707
"SNAI1","TFAP2C",0.0114712134612505,0.0177865612648221,0.0177865612648221,0.000761862108247285
"SNAI2","LHX9",0.762669400923318,0.371334389497365,0.371334389497365,0.337539434904303
"SNAI2","POU3F2",0.332748939692705,0.148035167155407,0.148035167155407,0.196411230823751
"SNAI2","ZIC2",0.217052935318318,0.109757260283576,0.109757260283576,0.121570255815428
"SNAI2","PAX2",0.189604812719375,0.20794609038378,0.20794609038378,0.10059397667498
"SNAI2","HMX2",0.159685374327162,0.0854251012145749,0.0854251012145749,0.204315813112554
"SNAI2","DLX4",0.0891903526362625,0.0851479760829354,0.0851479760829354,0.0998942913297372
"SNAI2","ZIC1",0.0882024049123637,0.131059585421288,0.131059585421288,0.0318511434784774
"SNAI2","FADS1",0.0471212338895091,0.076,0.076,0.218857663941368
"SNAI2","TP63",0.0326972240508936,0.0143513391575407,0.0143513391575407,0.0659035300266237
"SNAI2","PAX6",0.0235175990736548,0.0151101101101101,0.0151101101101101,0.0309750734726029
"SNAI2","LHX1",0.0159748675903965,0.0275607215307857,0.0275607215307857,0.0626060443645508
"SNAI2","WDR34",0.0112096962103046,0.026,0.026,0.19777701684552
"SNAI2","NHLH2",0.0109367378525247,0.0393650793650794,0.0393650793650794,0.0943800507621349
"SNAI2","ADCY1",0.010526493062243,0.032,0.032,0.0586454859180558
"SNAI3","ETV2",0.128946871507283,0.0945153742358664,0.0945153742358664,0.157053685758108
"SNAI3","CUX2",0.105399598211852,0.0742213237496256,0.0742213237496256,0.0716637276079536
"SNAI3","NHLH1",0.0913998788698405,0.0628738758499671,0.0628738758499671,0.143661547574747
"SNAI3","CREB3L1",0.0880314122774653,0.0498615536238535,0.0498615536238535,0.0845362065197869
"SNAI3","BATF2",0.0786906534776241,0.0351028187463348,0.0351028187463348,0.0873208326437857
"SNAI3","TEF",0.0708172301832045,0.074,0.074,0.0788027470948653
"SNAI3","BHLHA15",0.0546874463367485,0.0296430790307501,0.0296430790307501,0.0533742282572139
"SNAI3","POU3F2",0.0543687005441972,0.10607889746627,0.10607889746627,0.0383237833564282
"SNAI3","NR1I3",0.0405541330235321,0.111658841940532,0.111658841940532,0.0160818552474869
"SNAI3","ZNF341",0.0376288814019626,0.02,0.02,0.190160480303556
"SNAI3","NKX6-3",0.0359948041939016,0.0199299788308093,0.0199299788308093,0.0516603032172938
"SNAI3","MZF1",0.0350239172226561,0.036,0.036,0.169425502091935
"SNAI3","FOXP2",0.0341832553264716,0.0219636969954697,0.0219636969954697,0.0563611778007126
"SNAI3","FAM101B",0.0317431347562113,0.026,0.026,0.0621106197582308
"SNAI3","ZBTB7C",0.0313860877399753,0.0506289308176101,0.0506289308176101,0.0191578942665424
"SNAI3","MNX1",0.0291378785748419,0.0842222222222222,0.0842222222222222,0.0103571384711231
"SNAI3","HES2",0.0252148057567017,0.0877411477411477,0.0877411477411477,0.00622642171501011
"SNAI3","POU2F1",0.0216936357711504,0.03,0.03,0.0499104248266438
"SNAI3","NR1D1",0.0216523289694675,0.0182045194210143,0.0182045194210143,0.0806712443889458
"SNAI3","DBP",0.0182385037613282,0.022,0.022,0.0929290210833746
"SNAI3","HMBOX1",0.0121870526621369,0.018,0.018,0.027767447051223
"SNAI3","PTP4A3",0.0102381953601735,0.044,0.044,0.216141810707229
"SNAI3","GLIS2",0.0100777797776628,0.010391363022942,0.010391363022942,0.00179053415421649
"SNAI3","ZNF24",0.0106579590277273,0.026,0.026,-0.19097071941352
"SNAI3","THAP1",0.0111437972546418,0.026,0.026,-0.151048611287185
"SNAI3","TFAP2E",0.011252955896737,0.0344868490615913,0.0344868490615913,-0.054166092339117
"SNAI3","FOXO4",0.0120203610025789,0.016,0.016,-0.0353119893917526
"SNAI3","ZKSCAN5",0.0120982607760241,0.024,0.024,-0.0134983075903937
"SNAI3","GFI1",0.0122667351169049,0.0240808080808081,0.0240808080808081,-0.011818519626209
"SNAI3","TFE3",0.0125810689426647,0.022,0.022,-0.105161131431644
"SNAI3","MSC",0.013702850698287,0.032,0.032,-0.0313971520805851
"SNAI3","ZNF740",0.0154282890208609,0.032,0.032,-0.112992479971416
"SNAI3","FOXN3",0.0262497483515146,0.052,0.052,-0.170296639052681
"SNAI3","KBTBD11",0.0302061488676003,0.0440781440781441,0.0440781440781441,-0.0284554685474814
"SNAI3","CREB1",0.0321128302194585,0.038,0.038,-0.151930117111232
"SNAI3","GABPA",0.0435821040644994,0.044,0.044,-0.174219490157557
"SOX12","BARHL2",0.120073061140633,0.088034188034188,0.088034188034188,0.175169095328845
"SOX12","BTNL9",0.0257597098138301,0.058,0.058,0.042309943845476
"SOX12","ZNF384",0.0207155302863707,0.02,0.02,0.0307295575106686
"SOX12","KLF15",0.0170202946620451,0.0203019149260916,0.0203019149260916,0.0499810742631123
"SOX12","FOXN3",0.0126774445628485,0.026,0.026,0.0539586891283818
"SOX12","HSF1",0.0110919887972104,0.028,0.028,0.0617031181720158
"SOX12","YY2",0.0144552573968431,0.0288256539729294,0.0288256539729294,-0.000512246912212587
"SOX12","KLF5",0.0195825014117172,0.0390173380665741,0.0390173380665741,-0.0670821454475697
"SOX13","GATA2",0.108311317307576,0.101785876237637,0.101785876237637,0.0739825439824472
"SOX13","TAS1R3",0.0519725802406792,0.014,0.014,0.0792839057420901
"SOX13","CREB5",0.0482345869980591,0.0269558238379454,0.0269558238379454,0.180662316062626
"SOX13","CYP1B1",0.0297332392449464,0.024,0.024,0.207910493840047
"SOX13","SOX5",0.0290355774362275,0.04,0.04,0.163172455940874
"SOX13","KLF1",0.0195091187649552,0.0160018966334756,0.0160018966334756,0.0642645971570115
"SOX13","AC099552.4",0.0163479807611296,0.00837765957446808,0.00837765957446808,0.185126804751595
"SOX13","NEUROG2",0.0162385399735899,0.0229561078794289,0.0229561078794289,0.0400480670087901
"SOX15","NR2F2",0.22780123174117,0.116265539974818,0.116265539974818,0.0840781281566231
"SOX15","ETV1",0.105042700025534,0.0440653873489694,0.0440653873489694,0.0919660365001075
"SOX15","GCM1",0.0519137864904917,0.0294049349619589,0.0294049349619589,0.0985973856600185
"SOX15","HEY1",0.051197744910557,0.0444908160892816,0.0444908160892816,0.0655760583205361
"SOX15","YY2",0.0503280979588629,0.0309725436566379,0.0309725436566379,0.0555127433648346
"SOX15","ESRRG",0.0170963586146996,0.0134134329467737,0.0134134329467737,0.0247931055963828
"SOX15","HOXA9",0.0142372306588405,0.0106076571829996,0.0106076571829996,0.0793574872364618
"SOX15","MAFA",0.0106917563693467,0.0267894579215334,0.0267894579215334,0.00471419544754676
"SOX15","KBTBD11",0.0103593515269976,0.00661782661782662,0.00661782661782662,0.132292869660304
"SOX18","TWIST1",0.266804079150097,0.0845222288260263,0.0845222288260263,0.0815112775475567
"SOX18","HOXA1",0.0435894143063771,0.0331386048395262,0.0331386048395262,0.228000798708683
"SOX18","CYB5R2",0.0239577782684812,0.006,0.006,0.213942759430606
"SOX18","SOX5",0.02147349379712,0.006,0.006,0.160841412738925
"SOX18","C4BPB",0.0151520903031832,0.006,0.006,0.224074772058513
"SOX2","TBX5",0.632281090030798,0.498982267732268,0.498982267732268,0.224519627732069
"SOX2","DUSP6",0.519652391640821,0.134,0.134,0.493457030417431
"SOX2","GYG1",0.291108167508524,0.11,0.11,0.507740275728626
"SOX2","ONECUT2",0.247911315684226,0.144746092799065,0.144746092799065,0.419006364960742
"SOX2","CYCS",0.22209445443729,0.034,0.034,0.491041809258033
"SOX2","CCNE2",0.164085376460596,0.116,0.116,0.537455765448788
"SOX2","PRDX3",0.163436156378642,0.03,0.03,0.519685203317562
"SOX2","TCF12",0.161813525920294,0.046,0.046,0.264195040164467
"SOX2","EHD3",0.135987034523905,0.076,0.076,0.535489694882603
"SOX2","PLK1",0.132380672675136,0.02,0.02,0.383389736492066
"SOX2","PRR5L",0.119638398682333,0.052,0.052,0.403717484778037
"SOX2","SNRPE",0.118037808255203,0.03,0.03,0.477928910454341
"SOX2","MT1E",0.113117935673859,0.02,0.02,0.366485935383318
"SOX2","GATM",0.10669133621087,0.032,0.032,0.376058560376784
"SOX2","FOXD3",0.105090277204615,0.0837931034482759,0.0837931034482759,0.090324649175399
"SOX2","CCDC34",0.101186320195764,0.03,0.03,0.503532850266926
"SOX2","CCR1",0.100982991739415,0.0604873222016079,0.0604873222016079,0.358587892676864
"SOX2","ACTG1",0.0967498104985569,0.018,0.018,0.500649491626103
"SOX2","BCL6B",0.0866734727042742,0.115023020237987,0.115023020237987,0.0850431284755254
"SOX2","CCNB2",0.0836420391752345,0.02,0.02,0.420365620941929
"SOX2","LAPTM4B",0.0808974110521204,0.042,0.042,0.268649106443128
"SOX2","SLC25A5",0.0773862565668827,0.028,0.028,0.492553753724314
"SOX2","ARPC4",0.074815770438542,0.036,0.036,0.522520862254281
"SOX2","SNRPG",0.0747808057124572,0.02,0.02,0.478063532507238
"SOX2","CCDC86",0.0733781954995019,0.042,0.042,0.492791702028489
"SOX2","PIK3R6",0.0707969057192859,0.038,0.038,0.24977713584546
"SOX2","NGFRAP1",0.0691119699296005,0.026,0.026,0.212605335001709
"SOX2","PPP2R3C",0.0589725615646349,0.014,0.014,0.426723996590944
"SOX2","CD226",0.0519468962445302,0.028,0.028,0.350551570085726
"SOX2","LDHB",0.047329921684108,0.02,0.02,0.509047639526022
"SOX2","ZBED2",0.0472682590133385,0.032,0.032,0.460543013034886
"SOX2","HSPE1",0.0440697607556217,0.02,0.02,0.497100629525332
"SOX2","GPATCH4",0.0435217703083165,0.042,0.042,0.462807957298836
"SOX2","HIST1H1B",0.0434044171223767,0.064,0.064,0.353577966596036
"SOX2","TTLL12",0.040925329528704,0.03,0.03,0.471218955349709
"SOX2","DKC1",0.0388532699363243,0.018,0.018,0.438193011704887
"SOX2","MTDH",0.0372844807462376,0.012,0.012,0.355775442839183
"SOX2","TXN",0.0350197135510137,0.026,0.026,0.470315731483889
"SOX2","KLHL21",0.0346795536668754,0.018,0.018,0.247621461723482
"SOX2","DHCR24",0.0300134491100788,0.078,0.078,0.530033215229855
"SOX2","MSANTD3",0.0269856240556034,0.03,0.03,0.304970482164493
"SOX2","ABCE1",0.0257627968909968,0.016,0.016,0.439771865516051
"SOX2","SSBP1",0.0252250057072973,0.012,0.012,0.456201077832747
"SOX2","HSPA8",0.0211725727231125,0.02,0.02,0.476527414746198
"SOX2","TYMS",0.0200921020535849,0.026,0.026,0.534971284495571
"SOX2","KYNU",0.0193853742764918,0.038,0.038,0.312268409283765
"SOX2","ZWINT",0.0186335806702832,0.026,0.026,0.507546708710674
"SOX2","STK38L",0.0169069618739576,0.026,0.026,0.36308971799672
"SOX2","GINS2",0.0153733282481414,0.034,0.034,0.513084858844064
"SOX2","YY2",0.015069458793756,0.0123930500035066,0.0123930500035066,0.0749126023399675
"SOX2","INSIG1",0.0150373471618957,0.012,0.012,0.398300257910136
"SOX2","NREP",0.0141418770147398,0.008,0.008,0.297769407261791
"SOX2","MCM4",0.0133234721585727,0.02,0.02,0.514245582019716
"SOX2","IL10",0.0127276457062054,0.024,0.024,0.367137184108258
"SOX2","HMMR",0.0115832868836028,0.01,0.01,0.409762832037023
"SOX2","SERPINB1",0.0104166738691645,0.05,0.05,0.316609336585047
"SOX2","MEF2D",0.0115915785937924,0.008,0.008,-0.189439135979347
"SOX4","HCK",0.467968378840507,0.172,0.172,0.530707429146068
"SOX4","AK4",0.456140196220895,0.138,0.138,0.727334253156646
"SOX4","KCNMA1",0.418237706872256,0.192,0.192,0.563443907964208
"SOX4","ZBED2",0.401671142605388,0.192,0.192,0.734147321932618
"SOX4","TNIK",0.400396854487772,0.128,0.128,0.53137865355992
"SOX4","EHD3",0.381524144031253,0.186,0.186,0.744585360508779
"SOX4","SIX1",0.350339462704357,0.193584656084656,0.193584656084656,0.308426030630724
"SOX4","FOXD3",0.281988916075767,0.249699121027721,0.249699121027721,0.114752957550866
"SOX4","SLC16A3",0.251669292166405,0.132,0.132,0.416370560890749
"SOX4","IL32",0.238364959911881,0.144,0.144,0.568849543746458
"SOX4","HOXA7",0.207875558295283,0.0954545454545455,0.0954545454545455,0.317896088765766
"SOX4","TRIAP1",0.207097427771283,0.07,0.07,0.603447161133567
"SOX4","POLR3G",0.19254077981981,0.066,0.066,0.534791067420016
"SOX4","CD96",0.190521441770181,0.078,0.078,0.464889218149124
"SOX4","PDGFRA",0.168269260957254,0.08,0.08,0.620876408289548
"SOX4","HHLA2",0.165365777423168,0.0938603370120307,0.0938603370120307,0.419283951740396
"SOX4","AC099552.4",0.164079492508091,0.108818589025756,0.108818589025756,0.378886506064232
"SOX4","PRR5L",0.155399471330902,0.056,0.056,0.503952880638546
"SOX4","LCK",0.147135738560416,0.0775510204081633,0.0775510204081633,0.404127023631404
"SOX4","MLTK",0.142226908021509,0.06,0.06,0.582253286754674
"SOX4","NREP",0.140841531752847,0.056,0.056,0.452624566737379
"SOX4","PSPH",0.140678867470321,0.036,0.036,0.418904066353266
"SOX4","DUSP4",0.13966742787104,0.116,0.116,0.563859962273959
"SOX4","TBX6",0.139558712322971,0.0669908809269599,0.0669908809269599,0.00966230501783992
"SOX4","RMI2",0.135996190080525,0.026,0.026,0.558077847600574
"SOX4","ARNTL2",0.134000195856446,0.118,0.118,0.654300084272496
"SOX4","SOCS2",0.130761920181658,0.092,0.092,0.520465644481628
"SOX4","ADCY1",0.124991842593773,0.104,0.104,0.459549071985346
"SOX4","MYH10",0.124499056810446,0.0654533978539869,0.0654533978539869,0.477460131623991
"SOX4","BCAS1",0.122983825741277,0.13,0.13,0.441765220463562
"SOX4","CHEK1",0.122219254650254,0.034,0.034,0.58066955045887
"SOX4","PRC1",0.121120591238812,0.024,0.024,0.534742903312223
"SOX4","MT1E",0.120005960045097,0.022,0.022,0.465961968175933
"SOX4","RCAN2",0.116577835554124,0.1,0.1,0.483279390027111
"SOX4","PHLDA3",0.112382935978108,0.062,0.062,0.381893236559598
"SOX4","PPP1R14B",0.111494818524831,0.026,0.026,0.640443303113646
"SOX4","ITGA2",0.10640636422386,0.0989304812834225,0.0989304812834225,0.33308235229956
"SOX4","SOX2",0.105039523013855,0.062,0.062,0.453442589091209
"SOX4","CENPV",0.104731561498048,0.022,0.022,0.513243056305631
"SOX4","HSF2",0.1026015742827,0.072,0.072,0.241305469555148
"SOX4","ETV4",0.0991160160602085,0.0587368421052632,0.0587368421052632,0.478712653815436
"SOX4","AICDA",0.0964715413218196,0.138,0.138,0.472660635597579
"SOX4","ACTG1",0.0947593711706056,0.016,0.016,0.663453380904829
"SOX4","HOXB7",0.0894388974644791,0.084,0.084,0.126453503575264
"SOX4","TPI1",0.087575311678758,0.036,0.036,0.635568248177555
"SOX4","CLECL1",0.0874887710632717,0.038,0.038,0.478360506102421
"SOX4","DOK1",0.0863992221650705,0.086,0.086,0.532126059316322
"SOX4","CCDC34",0.0855681790228267,0.028,0.028,0.658760982045455
"SOX4","OTX1",0.0842856636692547,0.0906748224489621,0.0906748224489621,0.128863476044785
"SOX4","UBE2C",0.0834220050485777,0.044,0.044,0.525187943436642
"SOX4","ATP8B4",0.0759704977507731,0.092,0.092,0.458274029640327
"SOX4","FSCN1",0.0672506452804414,0.114,0.114,0.358579542791636
"SOX4","IVNS1ABP",0.066511959883781,0.076,0.076,0.539705024450384
"SOX4","ETV1",0.0645596501039534,0.0502250651504383,0.0502250651504383,0.125320619402203
"SOX4","ARNT2",0.0643217400427333,0.0693069407823506,0.0693069407823506,0.171423674325658
"SOX4","LMNA",0.0596093864511874,0.072,0.072,0.400942114086323
"SOX4","MCM10",0.058591311265964,0.032,0.032,0.537273681011085
"SOX4","NR1D1",0.0567481371421265,0.0364077892325315,0.0364077892325315,0.188571287168988
"SOX4","C4BPB",0.0545185644953693,0.074,0.074,0.209330042142735
"SOX4","COTL1",0.0543459588763136,0.032,0.032,0.588224465234274
"SOX4","NCL",0.0537013396782098,0.018,0.018,0.574061093996445
"SOX4","C12orf75",0.0510746099603221,0.028,0.028,0.645673002287082
"SOX4","ANKRD13B",0.0474215393149655,0.0382222222222222,0.0382222222222222,0.438805569443957
"SOX4","CDK1",0.0442435584128408,0.026,0.026,0.567559155855088
"SOX4","MYB",0.0433165941453684,0.028,0.028,0.624576443796592
"SOX4","NR1I3",0.0415103475779977,0.0699921752738654,0.0699921752738654,0.0570458943652624
"SOX4","CD226",0.0399740687441731,0.066,0.066,0.417235219306122
"SOX4","CCR1",0.0391954301724899,0.0262440733869305,0.0262440733869305,0.387199619942264
"SOX4","MFHAS1",0.039006922708329,0.07,0.07,0.445422761423333
"SOX4","ZBTB7C",0.0388695815553079,0.0902605938756573,0.0902605938756573,0.0173519477370975
"SOX4","BUB1B",0.0385111500141549,0.062,0.062,0.632821687736335
"SOX4","DUSP6",0.0351833083600731,0.016,0.016,0.437652108685948
"SOX4","KIF4A",0.0350271295689158,0.07,0.07,0.57259662988183
"SOX4","SOX15",0.0345126186607728,0.0522489350595944,0.0522489350595944,0.111580026517542
"SOX4","PGK1",0.0342652097479307,0.056,0.056,0.683001484160246
"SOX4","PERP",0.0333817764720977,0.054,0.054,0.487958331826063
"SOX4","NFIB",0.0323778907704032,0.0919480519480519,0.0919480519480519,0.0799923907486568
"SOX4","HMMR",0.0303646387448001,0.026,0.026,0.568811071510506
"SOX4","FNIP2",0.0303504843624555,0.026,0.026,0.386303356020884
"SOX4","VIM",0.0301580532439612,0.022,0.022,0.581722543371534
"SOX4","KIAA0101",0.0299877902984571,0.03,0.03,0.613752645215516
"SOX4","CD82",0.0290672867867161,0.106,0.106,0.202936088619691
"SOX4","SREBF2",0.0259339164736053,0.016,0.016,0.398305229002785
"SOX4","EBI3",0.0257691805578661,0.066,0.066,0.539206570533814
"SOX4","MCM4",0.0247235976303847,0.034,0.034,0.619260200273215
"SOX4","TUBB",0.0246749867680708,0.01,0.01,0.641864567133261
"SOX4","SEPW1",0.0229548536217396,0.02,0.02,0.63711229558049
"SOX4","GYG1",0.0226938942592568,0.018,0.018,0.452974525397605
"SOX4","NPM1",0.0223018831398848,0.032,0.032,0.608824239457722
"SOX4","TUBA1C",0.0196400655923669,0.02,0.02,0.643770798018221
"SOX4","TTC39C",0.0196235913252386,0.072,0.072,0.336441288676521
"SOX4","MRPL37",0.0187407886877899,0.016,0.016,0.629877591926016
"SOX4","TMEM97",0.01865237045631,0.03,0.03,0.661693726091574
"SOX4","HLA-DRB1",0.0181368381658948,0.064,0.064,0.417932212342153
"SOX4","DKC1",0.0179461458442802,0.012,0.012,0.574843390521148
"SOX4","SSRP1",0.0164777657133423,0.014,0.014,0.609738674305399
"SOX4","CCT5",0.0162095781220195,0.012,0.012,0.647339176812578
"SOX4","CXCR4",0.0160152279186183,0.062,0.062,0.525151880399949
"SOX4","PIK3CD",0.0157262856624601,0.058,0.058,0.405253920525693
"SOX4","FAM107B",0.0152039411820846,0.03,0.03,0.554573359927762
"SOX4","ZNF528",0.0140093631481367,0.026,0.026,0.118105304713501
"SOX4","NFIA",0.0134261902792031,0.0359630790665273,0.0359630790665273,0.0489699397375275
"SOX4","PA2G4",0.012854363228641,0.03,0.03,0.622937154099756
"SOX4","ETS1",0.0127675689419829,0.036,0.036,0.498076043048591
"SOX4","LAPTM5",0.0116222719130893,0.038,0.038,0.359263850864064
"SOX4","ZWILCH",0.0113054359937545,0.028,0.028,0.610355977095975
"SOX4","KIF14",0.0108840523009258,0.03,0.03,0.490992287400207
"SOX4","GTSF1",0.0107755452043793,0.022,0.022,0.514104540546457
"SOX4","ARL6IP5",0.0107029653819006,0.058,0.058,0.526123996804235
"SOX4","APEX1",0.0106686777448324,0.004,0.004,0.557026402498253
"SOX4","RRM1",0.0104929149453597,0.014,0.014,0.593550571556797
"SOX4","TIMD4",0.0113327769206228,0.028,0.028,-0.219808795567909
"SOX4","FAM92B",0.0115131761713212,0.01,0.01,-0.212661507473181
"SOX4","RXRA",0.017247252013314,0.036,0.036,-0.118985568574113
"SOX4","IFI27",0.0282308605870003,0.02,0.02,-0.403936873588081
"SOX4","XAF1",0.0304639230406346,0.022,0.022,-0.445962404059957
"SOX4","ELF2",0.0419558082854141,0.062,0.062,-0.23134050591952
"SOX4","RASSF6",0.0950551850789165,0.032,0.032,-0.406486336583282
"SOX9","ZIC1",0.613278119917126,0.408699991785098,0.408699991785098,0.18282616921485
"SOX9","HNF1B",0.175454982579636,0.107139914683018,0.107139914683018,0.160115967433417
"SOX9","CRX",0.164585658802567,0.229526938690516,0.229526938690516,0.110170203742594
"SOX9","PRR19",0.0134314632755271,0.0115266709471113,0.0115266709471113,0.065427466543819
"SP1","IRF6",0.113844669608175,0.0693521047179584,0.0693521047179584,0.0397317051714266
"SP1","NKX6-3",0.0792470663423112,0.0420105482098643,0.0420105482098643,0.0936900747938296
"SP1","MEIS2",0.0738813206430798,0.0810553499845822,0.0810553499845822,0.0679426214563111
"SP1","CTCF",0.0581797291165711,0.066,0.066,0.163219904188211
"SP1","REST",0.0577235677900088,0.044,0.044,0.128610206874195
"SP1","CREB1",0.0522939500977438,0.068,0.068,0.094163399921885
"SP1","TEAD1",0.0512183246158306,0.0389362327358213,0.0389362327358213,0.0467111961825244
"SP1","ETV1",0.0418598173078929,0.0218431651267472,0.0218431651267472,0.0691342538473657
"SP1","LYST",0.0348262320542844,0.082,0.082,0.0896657500708799
"SP1","PKNOX1",0.0336885934661103,0.048,0.048,0.0752210833786529
"SP1","SESN1",0.027735804185377,0.042,0.042,0.136456497485844
"SP1","CCR10",0.0276608884040905,0.058,0.058,0.183176535985169
"SP1","TGIF2",0.0269421433334916,0.044,0.044,0.183555481511088
"SP1","HOXB7",0.0268970870811938,0.038,0.038,0.0707473209414043
"SP1","SMAD5",0.0246607881265881,0.024,0.024,0.0767526126611965
"SP1","NFATC3",0.0238359414042285,0.034,0.034,0.132087438605099
"SP1","HIST1H2BJ",0.022436583606852,0.054,0.054,0.0334946051967795
"SP1","SP4",0.0223717523173308,0.028,0.028,0.0932262515242645
"SP1","HIC2",0.0197833098548668,0.028,0.028,0.0732793401884929
"SP1","POU6F1",0.0180670574702182,0.028,0.028,0.125897904227572
"SP1","ERF",0.014475047214249,0.026,0.026,0.0518130535476064
"SP1","YY1",0.0140710661939287,0.058,0.058,0.022272903860519
"SP1","MNX1",0.0139041170896903,0.0154074074074074,0.0154074074074074,0.0335970830820319
"SP1","FOXC1",0.0137753541213673,0.017852684144819,0.017852684144819,0.0533963397274295
"SP1","HOXA10",0.0132498823523081,0.0519568151147098,0.0519568151147098,0.0209287327170394
"SP1","ZNF75D",0.0132227035529852,0.03,0.03,0.159536336119258
"SP1","IRF3",0.0125832350263967,0.036,0.036,0.101272717805216
"SP1","TCF7L2",0.0120015249586294,0.0282448979591837,0.0282448979591837,0.0394005842197196
"SP1","NFYB",0.0119251364644748,0.026,0.026,0.141193400349243
"SP1","TEAD3",0.0119242713048054,0.00618686868686869,0.00618686868686869,0.065187874663258
"SP1","FOXK1",0.0116021922876666,0.022,0.022,0.0512479177895879
"SP1","MEF2D",0.0115561687077949,0.036,0.036,0.0942445720178018
"SP1","ZBTB12",0.0111848948894365,0.03,0.03,0.0946315162857234
"SP1","ZKSCAN1",0.0107957983144127,0.024,0.024,0.20030681605884
"SP1","NR1D1",0.0103761887363528,0.0182234718317193,0.0182234718317193,-0.042064786706503
"SP1","G0S2",0.0104452654715577,0.022,0.022,-0.108608118085932
"SP1","CORO2A",0.010526669445226,0.034,0.034,-0.0883800605186051
"SP1","USF2",0.0107664043669608,0.022,0.022,-0.0484849002338474
"SP1","PTMS",0.0110593984690346,0.042,0.042,-0.127522787551233
"SP1","PLK1",0.0112356924996809,0.054,0.054,-0.159962594284613
"SP1","HHLA2",0.0115643356653736,0.0224502547035684,0.0224502547035684,-0.0913176252518148
"SP1","ASCL2",0.0125841827400886,0.0527867058670185,0.0527867058670185,-0.076052423790606
"SP1","RFX7",0.0130876874636587,0.034,0.034,-0.091125444946108
"SP1","MSX1",0.0136024643859443,0.03,0.03,-0.0370723151287224
"SP1","CCNB1",0.0138777866518365,0.07,0.07,-0.140290257507426
"SP1","KLF15",0.013918868079468,0.00904042360842051,0.00904042360842051,-0.0133812063143484
"SP1","TMEM173",0.01405718121747,0.056,0.056,-0.148720651091825
"SP1","RREB1",0.0145194125302723,0.028,0.028,-0.0017839421362618
"SP1","ETV2",0.018495176595426,0.0421944443422492,0.0421944443422492,-0.0567904482473097
"SP1","KLF5",0.0194345558262551,0.0324435355250296,0.0324435355250296,-0.0969273371165586
"SP1","LGALS1",0.0196187396536209,0.068,0.068,-0.206334952906671
"SP1","EMP1",0.0259164359908242,0.046040404040404,0.046040404040404,-0.11533483336251
"SP1","TLX2",0.0457816448860051,0.0293490676287775,0.0293490676287775,-0.0315161502548315
"SP1","GLI3",0.0895695391037721,0.0481152993348115,0.0481152993348115,-0.0919563408404929
"SP2","PLAGL1",0.102018107718134,0.056,0.056,0.171484855032574
"SP2","CD72",0.0907936641441171,0.1,0.1,0.256185481649087
"SP2","MAFF",0.0861990992330001,0.058,0.058,0.184876492055248
"SP2","LHX2",0.083178181657763,0.119950491824637,0.119950491824637,0.14689627698894
"SP2","PPARD",0.072985140158111,0.052,0.052,0.1301393941522
"SP2","ZNF274",0.0649369671658233,0.03,0.03,0.149167740196363
"SP2","SORL1",0.0633240277174631,0.072,0.072,0.2752067049727
"SP2","TFAP2E",0.0622824053158654,0.0624947603942449,0.0624947603942449,0.0757412511038264
"SP2","TFCP2",0.0561141021441585,0.056,0.056,0.13411427261806
"SP2","LIN54",0.054543960498644,0.066,0.066,0.0782395773535214
"SP2","SP3",0.0539545146425355,0.054,0.054,0.142141768596707
"SP2","CREM",0.0509362310327559,0.062,0.062,0.252878807215286
"SP2","RFX1",0.0474183729024882,0.064,0.064,0.121930447272562
"SP2","SP4",0.0469401470097472,0.044,0.044,0.11625016774352
"SP2","DLL1",0.0458846470918393,0.032,0.032,0.164683579334276
"SP2","CASZ1",0.0441321553096441,0.072,0.072,0.187840999169491
"SP2","MTF1",0.0441141399303413,0.05,0.05,0.238302052854553
"SP2","ZNF148",0.0431526022632597,0.064,0.064,0.204991465203321
"SP2","NFYB",0.0393098768919895,0.042,0.042,0.0497849424533969
"SP2","CXCL16",0.0375029795677439,0.032,0.032,0.253984984101395
"SP2","CDK5R1",0.0362603995731325,0.076,0.076,0.203396554812104
"SP2","FOXA2",0.0360326941239664,0.0806313652204063,0.0806313652204063,0.0549266157431685
"SP2","PAX2",0.0357267340302524,0.0833594976452119,0.0833594976452119,0.0656293024978618
"SP2","ZNF740",0.0351460798634835,0.034,0.034,0.0881845915063301
"SP2","PPAP2B",0.0335137815342195,0.04,0.04,0.156278900754338
"SP2","ZNF354C",0.0332418238156334,0.026,0.026,0.15896501032278
"SP2","P2RY6",0.0324988350418976,0.0565263157894737,0.0565263157894737,0.0291151842288788
"SP2","ZEB1",0.0319046250789287,0.056,0.056,0.253056866539273
"SP2","NXPH4",0.0305456551900764,0.04,0.04,0.139693254010776
"SP2","ID3",0.0296529419188676,0.042,0.042,0.280483778751068
"SP2","ETV3",0.0295969392580953,0.066,0.066,0.228574474533705
"SP2","RREB1",0.0294659227055238,0.036,0.036,0.121182377531123
"SP2","ELF2",0.0281332389725122,0.084,0.084,0.258908046791291
"SP2","MAFK",0.026090627080085,0.042,0.042,0.153807523268365
"SP2","TNFSF9",0.0259202114434652,0.054,0.054,0.252322642731983
"SP2","MAX",0.0245590939553088,0.038,0.038,0.249473899523088
"SP2","ARID3B",0.0243344055283011,0.032,0.032,0.0850276317856898
"SP2","APEX1",0.0202114223053391,0.034,0.034,0.116363129896739
"SP2","RELA",0.0187866238785649,0.042,0.042,0.267412948008507
"SP2","PLEKHA1",0.0181735570478205,0.026,0.026,0.229272739219445
"SP2","LIMA1",0.0170616282668289,0.02,0.02,0.024388249299438
"SP2","ZNF449",0.0170520462664,0.034,0.034,0.103641769588516
"SP2","E2F7",0.016990421774955,0.078,0.078,0.115167895523831
"SP2","FAM92B",0.0163909476224923,0.03,0.03,0.0225424079105711
"SP2","HOXD3",0.0153936918327142,0.0247672231412069,0.0247672231412069,0.0559503837718161
"SP2","TFDP1",0.0152708877007348,0.054,0.054,0.0886928406861947
"SP2","NCL",0.0141238114687517,0.032,0.032,0.0972726843888502
"SP2","PLAG1",0.0131765475669166,0.022,0.022,0.10284209039257
"SP2","ERF",0.0123831363758342,0.016,0.016,0.101677131230176
"SP2","PTMA",0.0114092661760005,0.048,0.048,0.300690862146943
"SP2","CCT4",0.0113465184444838,0.032,0.032,0.0731057473349278
"SP2","GRASP",0.0111831200506608,0.04,0.04,0.305312134214083
"SP2","ETV6",0.0111525751536182,0.032,0.032,0.124790336938881
"SP2","HS3ST3B1",0.0110216007225667,0.01,0.01,0.178842095629686
"SP2","SERPINB9",0.0109749518419816,0.03,0.03,0.190694754568459
"SP2","BTNL9",0.0106804437721957,0.012,0.012,0.12135653489501
"SP2","DNAJA1",0.0104566288300194,0.022,0.022,0.15667377052834
"SP2","RXRA",0.0101952375327124,0.008,0.008,0.119196963475962
"SP2","HFE",0.0100987985114789,0.0161616161616162,0.0161616161616162,-0.0890322308630607
"SP2","BCL6B",0.0110538523637711,0.0942065453641962,0.0942065453641962,-0.0366243397793683
"SP2","ASCL1",0.0122154198136107,0.036040404040404,0.036040404040404,-0.055727438946025
"SP2","HOXB3",0.0135604723178989,0.0210013041017692,0.0210013041017692,-0.0624353522542274
"SP2","NFATC4",0.0161708938966632,0.0140355677154583,0.0140355677154583,-0.0714144971074071
"SP2","SNAI3",0.0188522489798011,0.02,0.02,-0.180365705036287
"SP2","EMX2",0.0209614472917636,0.0368162692847125,0.0368162692847125,-0.128917488178343
"SP2","TCF7L1",0.0230314495005745,0.05,0.05,-0.0626769815715393
"SP2","KIAA0125",0.0232899054400394,0.036,0.036,-0.270462232165171
"SP2","HEY1",0.0276164321362375,0.0519262962101837,0.0519262962101837,-0.0607931811097113
"SP2","HMBOX1",0.0419491433366335,0.038,0.038,-0.0565521669605639
"SP3","ZBTB14",0.107161975178331,0.094,0.094,0.14129356527524
"SP3","ZBTB12",0.0857606286339058,0.068,0.068,0.115110420783713
"SP3","TET1",0.0566313750022685,0.0783252937538652,0.0783252937538652,0.135588464334946
"SP3","RFX7",0.0515175975589982,0.092,0.092,0.241501850176527
"SP3","RORA",0.0496848751449491,0.06,0.06,0.221615186182582
"SP3","SP1",0.0442672015733891,0.048,0.048,0.120282821046557
"SP3","SYCP2",0.0364435987631812,0.06,0.06,0.144564351187078
"SP3","MEF2D",0.0344665003669319,0.044,0.044,0.205419252091731
"SP3","SNAI1",0.0294061965079894,0.0452089720307901,0.0452089720307901,0.0625461290005128
"SP3","HMBOX1",0.0251840475545437,0.038,0.038,0.00445612482956895
"SP3","ZBTB26",0.0245917771825708,0.032,0.032,0.10360308831407
"SP3","ETV3",0.0245470652410748,0.048,0.048,0.225649687765927
"SP3","REST",0.0243503603929248,0.034,0.034,0.00235404007136421
"SP3","ZNF263",0.024131247134035,0.026,0.026,0.100299437835815
"SP3","ZNF703",0.0228638364907817,0.06,0.06,0.190999332218029
"SP3","RREB1",0.0226549640886114,0.026,0.026,0.179518398022512
"SP3","OSR2",0.0221168935563209,0.0194264569842738,0.0194264569842738,0.0943416545055128
"SP3","ERF",0.0217036792033964,0.038,0.038,0.082658010445012
"SP3","ZNF449",0.0212534310806988,0.008,0.008,0.0778792472106845
"SP3","HES6",0.0207081609582019,0.018,0.018,0.0755281170947844
"SP3","KLF12",0.0204421300530821,0.048,0.048,0.222811547041407
"SP3","LYST",0.0199637208993666,0.04,0.04,0.142846429702201
"SP3","PITX1",0.0198729787707376,0.0307616596471587,0.0307616596471587,0.0512140409063799
"SP3","MTF1",0.0157432290422783,0.032,0.032,0.0481953903664789
"SP3","MAF",0.0155476974477659,0.04,0.04,0.0948698828960541
"SP3","NFIL3",0.0151791917692934,0.046,0.046,0.147380023634344
"SP3","KLF10",0.0147452087325179,0.034,0.034,0.286737762903149
"SP3","CCDC141",0.0147147903630985,0.032,0.032,0.141890289489101
"SP3","FOXJ2",0.012215500725188,0.012,0.012,0.0916812756283577
"SP3","KIF13A",0.0115220325635463,0.026,0.026,0.162044785779174
"SP3","DLL1",0.0112357967122822,0.022,0.022,0.145160006325992
"SP3","RELB",0.0112281874868157,0.028,0.028,0.184352282782844
"SP3","FCER2",0.011077264363084,0.048,0.048,0.263982130032752
"SP3","DBP",0.0110138329981242,0.016,0.016,0.0641126262564042
"SP3","ARNTL",0.0108244473042148,0.004,0.004,0.00428357927055461
"SP3","USF1",0.0104029419609141,0.014,0.014,0.134928150798777
"SP3","DLX2",0.0104816066385986,0.0146356589147287,0.0146356589147287,-0.00710506807224221
"SP3","ARL6IP1",0.0113854290504241,0.038,0.038,-0.196022191235724
"SP3","NFYA",0.0114726018284542,0.014,0.014,-0.0138456714873728
"SP3","RXRB",0.0116381974540558,0.02,0.02,-0.0390528177354296
"SP3","ZNF282",0.0117490772611582,0.026,0.026,-0.184740497751173
"SP3","MSX1",0.0118480451657789,0.048,0.048,-0.0192629161425334
"SP3","PPARD",0.0122596834632382,0.026,0.026,-0.00033174896517134
"SP3","CD163L1",0.0124414822226896,0.0358574509136307,0.0358574509136307,-0.135924170885975
"SP3","SMAD2",0.0129442361997745,0.026,0.026,-0.104702140484885
"SP3","HEY1",0.0132723889624449,0.0249872122762148,0.0249872122762148,-0.0754132907397157
"SP3","ACTN1",0.013749040534984,0.0446320346320346,0.0446320346320346,-0.154577655237759
"SP3","TEAD3",0.0142500567964706,0.0265963203463203,0.0265963203463203,-0.00592206259847299
"SP3","VDR",0.0143715470525163,0.046,0.046,-0.166657079349741
"SP3","HOXA1",0.0144599449045296,0.0829745874253316,0.0829745874253316,-0.116044603592112
"SP3","ANKRD13B",0.0147754319123204,0.0261616161616162,0.0261616161616162,-0.228446921001643
"SP3","PLAGL2",0.0153030384028487,0.034,0.034,-0.144678246678322
"SP3","USF2",0.0153309767792297,0.028,0.028,-0.0132894380862533
"SP3","CENPB",0.0157699405816423,0.038,0.038,-0.127657034462222
"SP3","KLHL21",0.0159348364314067,0.034,0.034,-0.16848784788118
"SP3","ZBED1",0.0165335210813934,0.042,0.042,-0.0918029819214657
"SP3","GFI1",0.0166151505289277,0.0282036693465265,0.0282036693465265,-0.00897114326201552
"SP3","MYH10",0.0187062558175782,0.0265937302756154,0.0265937302756154,-0.184616358455627
"SP3","PTMS",0.0197085470895922,0.044,0.044,-0.249032021490224
"SP3","NR2F6",0.0199466696324671,0.026,0.026,-0.140217126901272
"SP3","LBX2",0.02045014998676,0.0349737219302437,0.0349737219302437,-0.0466186603096508
"SP3","CENPE",0.0212490899609317,0.046,0.046,-0.347494793831951
"SP3","YY2",0.0221294991776214,0.0247444596395259,0.0247444596395259,-0.0841715249231279
"SP3","SP4",0.0226930567510708,0.036,0.036,-0.0897038858161791
"SP3","E2F8",0.023301692437939,0.084,0.084,-0.140093615055964
"SP3","HINFP",0.0247012611402086,0.03,0.03,-0.00644952159259888
"SP3","GMEB1",0.0247365677811957,0.026,0.026,-0.0317156815539536
"SP3","GLI3",0.0290871914797215,0.0395417590539542,0.0395417590539542,-0.0743784663948353
"SP3","LGALS1",0.0324282991961638,0.056,0.056,-0.39402181306248
"SP3","TCF7L1",0.0338344058498612,0.048,0.048,-0.00102439152329108
"SP3","DLX4",0.0352427260757365,0.0587346754419925,0.0587346754419925,-0.00744322751511176
"SP3","SHOX2",0.0678310795494209,0.0366248693834901,0.0366248693834901,-0.0440977304845134
"SP4","MPP7",0.167395905696779,0.062,0.062,0.141502775367536
"SP4","CTCF",0.0910909162405757,0.042,0.042,0.145996515841409
"SP4","HINFP",0.0800960050128042,0.08,0.08,0.118689874353105
"SP4","ARID3B",0.0751530581230232,0.068,0.068,0.250355390082989
"SP4","B3GNT7",0.071467184741712,0.04,0.04,0.0722161291663249
"SP4","HSPA1A",0.0590292281573554,0.036,0.036,0.172742444699336
"SP4","ZNF143",0.0589556827787429,0.052,0.052,0.100964087967985
"SP4","CORO2A",0.0589190771127937,0.048,0.048,0.132769104273151
"SP4","MT1X",0.0585996305942265,0.042,0.042,0.189259127743741
"SP4","ATF7",0.0578102538784782,0.044,0.044,0.0914356631886543
"SP4","ZBTB6",0.0554502937779367,0.064,0.064,0.158126041971291
"SP4","SMAD2",0.055016030880452,0.034,0.034,0.182345510605488
"SP4","NFYB",0.0511836585439095,0.032,0.032,0.140340248122065
"SP4","THAP1",0.0511185274923847,0.036,0.036,0.183381814977541
"SP4","DNAJA1",0.0457922642352736,0.04,0.04,0.298460432107948
"SP4","ATF1",0.0417675615822004,0.026,0.026,0.149812802603667
"SP4","DDIT4",0.0389178310432401,0.03,0.03,0.191765056986592
"SP4","TMOD2",0.0382912689441741,0.034,0.034,0.114163297426169
"SP4","CHORDC1",0.0355924886869568,0.046,0.046,0.227057960273866
"SP4","HOXC4",0.0346155693573953,0.042,0.042,0.102133130014967
"SP4","ZKSCAN5",0.0341112779341434,0.042,0.042,0.0865857468087358
"SP4","HES6",0.0329337665174032,0.05,0.05,0.0719592454421645
"SP4","HIC2",0.0298768598339737,0.052,0.052,0.0947238760712222
"SP4","ZBTB26",0.029303799508311,0.04,0.04,0.0750958640496901
"SP4","MAFK",0.0287307317023688,0.054,0.054,0.170295101298561
"SP4","ZNF75D",0.0284608635714336,0.064,0.064,0.095930698760033
"SP4","SIX1",0.027902960788597,0.0646384479717813,0.0646384479717813,0.0756069007003923
"SP4","MNT",0.0267757400329157,0.028,0.028,0.055788550299166
"SP4","AQP3",0.0255967189383136,0.048,0.048,0.16603767997356
"SP4","MAFG",0.0252490462679918,0.048,0.048,0.150542021094519
"SP4","ZBED1",0.0244477058725655,0.032,0.032,0.141624288714727
"SP4","TEAD1",0.0236729564303657,0.0169850132236262,0.0169850132236262,0.0745593518308216
"SP4","BAX",0.0236008174132017,0.028,0.028,0.271090581769089
"SP4","RELB",0.0203025298257074,0.034,0.034,0.0614877810983924
"SP4","NGFRAP1",0.0200670803455252,0.024,0.024,0.103306435304043
"SP4","NCL",0.0195145334849167,0.036,0.036,0.244549484907005
"SP4","CASZ1",0.0194824698248725,0.046,0.046,0.107135726799052
"SP4","FAM101B",0.0182087179984675,0.016,0.016,0.10061334733373
"SP4","PBX3",0.0175841435111157,0.082,0.082,0.163407037986889
"SP4","NAMPT",0.0175549354950361,0.022,0.022,0.184703782082696
"SP4","SLC25A5",0.0173237099080557,0.038,0.038,0.206424731040314
"SP4","TEAD2",0.0172910571843502,0.062,0.062,0.1690737073582
"SP4","CCR5",0.0162277901172885,0.0291124085138854,0.0291124085138854,0.0932410820129865
"SP4","MSMO1",0.0160030542727738,0.032,0.032,0.191424989160813
"SP4","ERF",0.0158939422090822,0.026,0.026,0.0833883891842639
"SP4","HSF1",0.0156077204674175,0.036,0.036,0.0715980922671699
"SP4","SEPW1",0.0155500611508325,0.036,0.036,0.217473157479711
"SP4","ZNF274",0.0151974774403117,0.022,0.022,0.0209647286514354
"SP4","LBR",0.0151517342770105,0.066,0.066,0.161949872174183
"SP4","MYBL1",0.0142078031013024,0.018,0.018,0.0584337284175851
"SP4","SP2",0.0138372160727535,0.03,0.03,0.11625016774352
"SP4","PPP1R14B",0.0135005218415531,0.022,0.022,0.200490119133276
"SP4","HNRNPA2B1",0.0130507315958787,0.03,0.03,0.215624826756168
"SP4","SP1",0.013045237069575,0.018,0.018,0.0932262515242645
"SP4","VRK2",0.0123999483194918,0.016,0.016,0.1540175819304
"SP4","ZBTB18",0.0114572257429288,0.048,0.048,0.0416356752842134
"SP4","ALDOA",0.0114511267672551,0.03,0.03,0.233801355686214
"SP4","REST",0.01092092745887,0.016,0.016,0.0702737341665447
"SP4","MLX",0.0108712699843488,0.022,0.022,0.183701343031307
"SP4","DIAPH3",0.0108097088475414,0.056,0.056,0.0631810209681725
"SP4","SNAI1",0.0102348980362584,0.0212542572745621,0.0212542572745621,0.057691013304867
"SP4","NFATC1",0.0102271760965197,0.022,0.022,0.0844701510625108
"SP4","PLAG1",0.0110475621803934,0.01,0.01,-0.080532966207222
"SP4","WARS",0.011699062412177,0.036,0.036,-0.024809987947557
"SP4","G0S2",0.0131175076353161,0.032,0.032,-0.0313712115764957
"SP4","FADS1",0.0140208435336254,0.036,0.036,-0.064798000297494
"SP4","FOSL2",0.0166151860994007,0.03,0.03,-0.00445886142467024
"SP4","FOXO3",0.0171361202432972,0.026,0.026,-0.170471396985177
"SP4","MZF1",0.0273897991878834,0.044,0.044,-0.120742763297753
"SP4","CAMK2N1",0.0318387294868967,0.066,0.066,-0.0485601387815567
"SP4","FOXJ2",0.0399108684250557,0.038,0.038,-0.0620359169797817
"SP4","TP73",0.0409208443953016,0.07,0.07,-0.0849321111525631
"SP4","SHOX2",0.0421581160227848,0.0755224660397074,0.0755224660397074,-0.0837026899019429
"SP4","HOXB4",0.0446949089875505,0.054,0.054,-0.104998188744413
"SP4","USF1",0.0472013399399233,0.03,0.03,-0.114468857808603
"SP4","SESN1",0.0503716465563291,0.066,0.066,-0.0971269310652793
"SP4","TCF7L1",0.0543339807763097,0.068,0.068,-0.0934594324235508
"SPDEF","ZNF384",0.0327591097307509,0.018,0.018,0.0995952126946988
"SPDEF","PLAG1",0.0166860178224961,0.024,0.024,0.170576655680585
"SPI1","ZBTB26",0.0847628836959066,0.068,0.068,0.112774034765328
"SPI1","TFEB",0.0741362608288843,0.094,0.094,0.174527636320222
"SPI1","ENC1",0.0709983806739546,0.098,0.098,0.106323750214009
"SPI1","CREB1",0.0704114213391702,0.092,0.092,0.1004966235929
"SPI1","ZBTB7A",0.0644958537915588,0.06,0.06,0.144687289787696
"SPI1","ZNF652",0.0609929232807232,0.082,0.082,0.111293588072349
"SPI1","RFX3",0.0566438267887521,0.06,0.06,0.0795737882208334
"SPI1","MEIS2",0.0536134025085855,0.0511717545482578,0.0511717545482578,0.100028589124355
"SPI1","REST",0.0532963371922201,0.044,0.044,0.085515736946144
"SPI1","ATF1",0.0486538382152492,0.048,0.048,0.0515017102148748
"SPI1","NFIA",0.047583364377047,0.0225287356321839,0.0225287356321839,0.014498181992471
"SPI1","NKX6-3",0.044604134354577,0.0880454436731916,0.0880454436731916,0.0478157925684233
"SPI1","RGCC",0.0433892468771665,0.062,0.062,0.137523691565133
"SPI1","ITGA8",0.0433043427544891,0.034,0.034,0.0424710404274373
"SPI1","GMPR",0.0404754313277123,0.102,0.102,0.166851695963018
"SPI1","HEY1",0.0363276550964779,0.0492152987677284,0.0492152987677284,0.0742275726340551
"SPI1","TAS1R3",0.0358653420783368,0.084,0.084,0.0662270302399253
"SPI1","TCF7L2",0.0353059223677556,0.0161830550401979,0.0161830550401979,0.021682321223351
"SPI1","GNB3",0.0343492467621364,0.0465083487940631,0.0465083487940631,0.0323983090993258
"SPI1","MZF1",0.0335010827943015,0.062,0.062,0.0926487022162895
"SPI1","HILPDA",0.0319382833538297,0.058,0.058,0.0661270797569261
"SPI1","MS4A7",0.0316615467947641,0.052,0.052,0.0831423204495998
"SPI1","SP3",0.0295791214930013,0.038,0.038,0.0414403699048008
"SPI1","EMX2",0.0292432138300942,0.0541841982234689,0.0541841982234689,0.0918172844209895
"SPI1","SELL",0.0284549415257755,0.05,0.05,0.119985913494908
"SPI1","FLI1",0.0284074504341978,0.092,0.092,0.0757696900457438
"SPI1","RHOXF1",0.0278935128597136,0.0220767996048895,0.0220767996048895,0.0353406196384225
"SPI1","FOXD2",0.0266887456930971,0.0387659574468085,0.0387659574468085,0.0918904039793797
"SPI1","SOX5",0.0255910172596184,0.05,0.05,0.115073581023728
"SPI1","HOXB4",0.0237906573944245,0.032,0.032,0.0206702952044588
"SPI1","CCNA1",0.0231893722232461,0.0585631915225183,0.0585631915225183,0.0259187646118998
"SPI1","ATF7",0.0225157935735549,0.038,0.038,0.0218687113242956
"SPI1","ZNF382",0.0218950016704415,0.0320816326530612,0.0320816326530612,0.075074469337724
"SPI1","TEAD1",0.0210086410638383,0.0121657361151925,0.0121657361151925,0.0476388787650468
"SPI1","SHOX2",0.020691526452176,0.0503396029258098,0.0503396029258098,0.0452759460359523
"SPI1","MECOM",0.019613115639485,0.0114285714285714,0.0114285714285714,0.0379548027857882
"SPI1","CTSH",0.0190766040524274,0.042,0.042,0.0560134812754685
"SPI1","POU2F2",0.0173809053701333,0.042,0.042,0.16183849796902
"SPI1","ATF6",0.0172631182292877,0.028,0.028,0.0237210591427894
"SPI1","NR2C2",0.0169013281085243,0.026,0.026,0.0489559910734885
"SPI1","ETV6",0.0165953304146161,0.046,0.046,0.146020933911639
"SPI1","DBP",0.0160285290118641,0.02,0.02,0.0587501323817772
"SPI1","CREB3",0.0159973703624152,0.052,0.052,0.0646386146418033
"SPI1","HSF1",0.0152364318470291,0.038,0.038,0.0673575423774413
"SPI1","HOXB7",0.014476590484868,0.022,0.022,0.0365454043118092
"SPI1","TFEC",0.0143992090083878,0.07,0.07,0.117004658425239
"SPI1","HCK",0.014395001259626,0.04,0.04,0.0973775738261937
"SPI1","FGR",0.0139816733051159,0.05,0.05,0.205538219913943
"SPI1","ARNTL",0.0137119482319784,0.018,0.018,0.0999699495793091
"SPI1","ATF3",0.0136689464040001,0.03,0.03,0.091308555539398
"SPI1","CD86",0.0127769087075922,0.026,0.026,0.0471823635811019
"SPI1","ZBTB7B",0.0126071319228184,0.024,0.024,0.102218851308522
"SPI1","CDKN2D",0.0125696607673286,0.08,0.08,0.105674803255183
"SPI1","SREBF1",0.0125387755873164,0.044,0.044,0.0651885326827532
"SPI1","MAZ",0.0121867292941794,0.038,0.038,0.00963761292146352
"SPI1","CCL5",0.0117013434416852,0.052,0.052,0.0595837599641644
"SPI1","ERF",0.0116400868215564,0.016,0.016,0.0694916537827745
"SPI1","ARL6IP1",0.0107936683602765,0.044,0.044,0.0929248299768199
"SPI1","ZBTB18",0.0106220684859256,0.03,0.03,0.111762179354382
"SPI1","HMBOX1",0.010188603133587,0.018,0.018,0.0834508881743317
"SPI1","H1F0",0.0100161626571719,0.034,0.034,-0.0377659471404681
"SPI1","MYF6",0.0101857195943221,0.0190909090909091,0.0190909090909091,-0.029252389915644
"SPI1","NFYB",0.0117481477552006,0.04,0.04,-0.0267375755079255
"SPI1","FOXC1",0.0119605308637984,0.0177289377289377,0.0177289377289377,-0.0752143141468329
"SPI1","TP63",0.0128248306425901,0.0353369427012838,0.0353369427012838,-0.044513280157154
"SPI1","SCNN1B",0.0132430715077089,0.046,0.046,-0.0697966750549282
"SPI1","MTF1",0.0135147416300635,0.034,0.034,-0.0566971252802152
"SPI1","SOCS3",0.0158622248873897,0.05,0.05,-0.0777838900891786
"SPI1","HIST1H2BJ",0.015987898634289,0.042,0.042,-0.0892769939122301
"SPI1","ITGA2",0.0166713345389243,0.0460160427807487,0.0460160427807487,-0.0635302629252266
"SPI1","NRL",0.0168268842798856,0.0431143324760346,0.0431143324760346,-0.0848871438571094
"SPI1","EXO1",0.0182853686300814,0.058,0.058,-0.0910322961997624
"SPI1","E2F8",0.0185111090386291,0.064,0.064,-0.0988348651341373
"SPI1","SESN1",0.0191674482190774,0.032,0.032,-0.0619071374622358
"SPI1","NEUROD1",0.0193697387384177,0.0616932322968382,0.0616932322968382,-0.0939824589410113
"SPI1","HS3ST3B1",0.0200586535848619,0.008,0.008,-0.00706116021359399
"SPI1","ELK1",0.0206243468378032,0.052,0.052,-0.0903338033575552
"SPI1","OSR2",0.0233173720629317,0.025531914893617,0.025531914893617,-0.0321452318689385
"SPI1","NR2F6",0.0309375463144039,0.0421855670103093,0.0421855670103093,-0.0647181517574807
"SPI1","P2RY6",0.0315083562523165,0.0527368421052632,0.0527368421052632,-0.0952329235381332
"SPI1","FAH",0.0327225446508722,0.08,0.08,-0.129788458868712
"SPI1","SCRT1",0.0370779526800449,0.0910550887021475,0.0910550887021475,-0.0722469853293338
"SPI1","HOXC8",0.0423194390866613,0.129019357497273,0.129019357497273,-0.0939520483692905
"SPI1","COL7A1",0.0590340150892184,0.084,0.084,-0.0710794810790683
"SPI1","ZNF263",0.0631061371806299,0.052,0.052,-0.0425516905324852
"SPIB","MNDA",0.846091929332967,0.292,0.292,0.798743784438117
"SPIB","STAT5A",0.735219002502488,0.192,0.192,0.780570006030389
"SPIB","CAPG",0.725751220065306,0.16,0.16,0.781937256966922
"SPIB","CCDC28B",0.704025984516258,0.16,0.16,0.691089209326847
"SPIB","CCDC71L",0.592546198012934,0.156,0.156,0.626791278733235
"SPIB","LACTB",0.583976018895051,0.154,0.154,0.700089619092225
"SPIB","CD80",0.568225979373196,0.132,0.132,0.596999603616173
"SPIB","PAX5",0.562090312463669,0.146,0.146,0.753329032476403
"SPIB","GRAMD1B",0.535227088996279,0.106,0.106,0.771889725462854
"SPIB","IRF5",0.531029988940884,0.146,0.146,0.549970410663436
"SPIB","CCL17",0.530723565845126,0.17,0.17,0.661457486921366
"SPIB","PEA15",0.462000518431691,0.084,0.084,0.758642750548132
"SPIB","CD22",0.459149775132501,0.088,0.088,0.783494281855345
"SPIB","LYST",0.453076066949504,0.094,0.094,0.345763251452488
"SPIB","TNFSF4",0.441692709588988,0.088,0.088,0.633238536181001
"SPIB","ALOX5AP",0.431193692084597,0.08,0.08,0.689634467035926
"SPIB","SERPINB1",0.425508909156764,0.116,0.116,0.678100372025002
"SPIB","PBX3",0.415146915971523,0.106,0.106,0.547631368923702
"SPIB","ETV6",0.409401856367491,0.098,0.098,0.475085121697936
"SPIB","CCL22",0.402548155340899,0.132,0.132,0.646819248072113
"SPIB","MFHAS1",0.401508959994017,0.102,0.102,0.570025283706118
"SPIB","PIK3CD",0.387795205819399,0.116,0.116,0.593111938544518
"SPIB","ATF3",0.386319728337698,0.122,0.122,0.348585549940986
"SPIB","TNF",0.381064423304705,0.14,0.14,0.737979624682186
"SPIB","NKX6-1",0.373936893187688,0.168037462206908,0.168037462206908,0.225488599326264
"SPIB","KYNU",0.365609496850931,0.16,0.16,0.547622676295932
"SPIB","CCR7",0.363533832302239,0.112,0.112,0.864776020007645
"SPIB","IKZF1",0.36121872984546,0.106,0.106,0.453699167505553
"SPIB","NFKB1",0.356458687878238,0.114,0.114,0.552734609352916
"SPIB","TSPAN33",0.34934836038401,0.092,0.092,0.65396434736708
"SPIB","STAT6",0.340813822729358,0.07,0.07,0.678729786171755
"SPIB","DEK",0.322743270309849,0.13,0.13,0.724878748728838
"SPIB","BHLHE40",0.311068403460063,0.086,0.086,0.67541406128474
"SPIB","ASCL1",0.287659158443895,0.146282828282828,0.146282828282828,0.378412955267085
"SPIB","BIRC3",0.285807457271146,0.042,0.042,0.71798467923757
"SPIB","UNC119",0.284188966559887,0.146,0.146,0.418647766522097
"SPIB","AIF1",0.283918348959086,0.132,0.132,0.471053932825502
"SPIB","PAX2",0.269946026003205,0.223730451918902,0.223730451918902,0.140748960242756
"SPIB","RRM2B",0.260290004351111,0.07,0.07,0.487651846663978
"SPIB","PASK",0.252402189984231,0.062,0.062,0.605815330096728
"SPIB","RAB13",0.25114142404452,0.162,0.162,0.589659225678511
"SPIB","RILPL2",0.248625383808235,0.042,0.042,0.552446991655729
"SPIB","CCSER2",0.23213688764572,0.112,0.112,0.528463463560079
"SPIB","BBC3",0.213508092933348,0.046,0.046,0.507171955819689
"SPIB","DUSP4",0.207640349872848,0.142,0.142,0.539977527579979
"SPIB","RARG",0.20101430152182,0.092,0.092,0.339540892219111
"SPIB","DGKG",0.199245976680428,0.118,0.118,0.795546848826562
"SPIB","AIM1",0.19688550968623,0.06,0.06,0.488899693047401
"SPIB","HLA-DQA1",0.195865228755028,0.04,0.04,0.610749088812051
"SPIB","DOK1",0.195229138258632,0.124,0.124,0.417080428702691
"SPIB","CD82",0.193484482298383,0.09,0.09,0.64182660870338
"SPIB","ETS1",0.181971888644784,0.078,0.078,0.434585034158099
"SPIB","TFEB",0.158951303324027,0.048,0.048,0.31237434317045
"SPIB","NCKAP5L",0.156398708461525,0.126,0.126,0.319080697273855
"SPIB","TFCP2",0.15573235746277,0.07,0.07,0.291290420649582
"SPIB","HLX",0.154304894738916,0.11156462585034,0.11156462585034,0.27700517753088
"SPIB","TUBA1A",0.150610452427679,0.076,0.076,0.565837787106162
"SPIB","EGR2",0.147446939003351,0.072,0.072,0.538244357419895
"SPIB","USF2",0.144805387559546,0.084,0.084,0.268275360753034
"SPIB","SERPINB9",0.142478425458353,0.074,0.074,0.542898281994514
"SPIB","RUNX3",0.141123019822415,0.06,0.06,0.630193800034254
"SPIB","LCK",0.139325702073705,0.0755102040816326,0.0755102040816326,0.234142360040763
"SPIB","NKX3-1",0.135118460928054,0.0823030303030303,0.0823030303030303,0.245470308438666
"SPIB","MS4A7",0.13376742730042,0.094,0.094,0.306379050177969
"SPIB","MEIS3",0.131817750094268,0.0803689868730519,0.0803689868730519,0.209861161324183
"SPIB","HES5",0.125920609807993,0.194667215137803,0.194667215137803,0.17876718894314
"SPIB","RXRA",0.125281344838577,0.088,0.088,0.248379692627257
"SPIB","IL2RA",0.124073095340353,0.07,0.07,0.540790870629395
"SPIB","PFKFB3",0.123346521489611,0.102,0.102,0.612582910485669
"SPIB","MYC",0.120027834316194,0.038,0.038,0.290249092217198
"SPIB","HLF",0.115182313621652,0.0643300889984673,0.0643300889984673,0.312097088052643
"SPIB","ERF",0.1136783718868,0.046,0.046,0.196452037033232
"SPIB","GPR18",0.111305395919382,0.056,0.056,0.326989158094965
"SPIB","CD86",0.110247281218884,0.048,0.048,0.390557106637678
"SPIB","NAMPT",0.106422661143447,0.046,0.046,0.465857308635803
"SPIB","MGA",0.102816787316203,0.038,0.038,0.267569378863116
"SPIB","TRIM22",0.10229250317062,0.078,0.078,0.496947156167771
"SPIB","CXCR5",0.101273622867643,0.07,0.07,0.680557491157842
"SPIB","ATP8B4",0.100120312151019,0.082,0.082,0.539519030696686
"SPIB","POU3F1",0.0991338387081064,0.121368421052632,0.121368421052632,0.220649708104021
"SPIB","TFAP2B",0.0985940423110606,0.138853408530392,0.138853408530392,0.250073254111306
"SPIB","OTX1",0.0951584649774354,0.0422946276354228,0.0422946276354228,0.115560755119654
"SPIB","WDR65",0.0950795725579869,0.094,0.094,0.516393677584653
"SPIB","AICDA",0.0934478607315071,0.152,0.152,0.56909700541022
"SPIB","NR6A1",0.0910241933080168,0.0525895691609977,0.0525895691609977,0.204774201303424
"SPIB","CD84",0.0890711758316691,0.086,0.086,0.45312311739163
"SPIB","HS3ST3B1",0.0844619599923117,0.042,0.042,0.174689979143868
"SPIB","LRRK2",0.0842610503172555,0.112,0.112,0.387339980755761
"SPIB","HK1",0.081924683895117,0.08,0.08,0.446437815734472
"SPIB","POU2F2",0.0811459005318645,0.088,0.088,0.247983089493895
"SPIB","RHOXF1",0.0774484249300505,0.0349428454455066,0.0349428454455066,0.0266393329557275
"SPIB","ELF4",0.0767670502408131,0.05,0.05,0.37535049149223
"SPIB","TTN",0.0760244952947302,0.102,0.102,0.539621007188609
"SPIB","NUB1",0.072945910297067,0.09,0.09,0.293171387767348
"SPIB","AC099552.4",0.0681104579980214,0.0356149682717432,0.0356149682717432,0.433565936549808
"SPIB","HOXB9",0.066847548193927,0.0395424220035228,0.0395424220035228,0.114965941564599
"SPIB","BAX",0.06424534437861,0.016,0.016,0.37011036213393
"SPIB","SLC41A1",0.0636244064489559,0.048,0.048,0.306145993460738
"SPIB","EXO1",0.0635092912068217,0.044,0.044,0.173016495058261
"SPIB","ACTR3",0.0634655321615807,0.056,0.056,0.37296985473303
"SPIB","BLOC1S2",0.062150703664464,0.05,0.05,0.470826166007939
"SPIB","CYSLTR1",0.0615222638730039,0.1,0.1,0.0956568210603687
"SPIB","CREB1",0.0592727397111734,0.024,0.024,0.25179952184897
"SPIB","BATF",0.0575569345057647,0.068,0.068,0.623956260246963
"SPIB","ZBED2",0.0573403902999061,0.064,0.064,0.339372326236044
"SPIB","CHORDC1",0.0565442405289887,0.022,0.022,0.311630789581697
"SPIB","CENPB",0.0543472816087387,0.03,0.03,0.191940426570652
"SPIB","NFKBIE",0.0539187108751927,0.046,0.046,0.443142908427189
"SPIB","HSPA1A",0.0529125553843274,0.076,0.076,0.215552004626557
"SPIB","TFRC",0.052719659854027,0.02,0.02,0.334061227380014
"SPIB","MS4A1",0.0514721817398745,0.07,0.07,0.619984654078541
"SPIB","ZC3H12A",0.0512364646030587,0.096,0.096,0.395549990392821
"SPIB","FOXN3",0.0507546369068967,0.024,0.024,0.189189219023284
"SPIB","ETS2",0.049770059660552,0.0491191946922901,0.0491191946922901,0.254148747093415
"SPIB","ATF7",0.0493043870209242,0.06,0.06,0.117844068348671
"SPIB","ZBTB6",0.0485871801210693,0.042,0.042,0.116103682738795
"SPIB","IVNS1ABP",0.0466280583254842,0.066,0.066,0.348110830319871
"SPIB","PLEK",0.0457522702449258,0.02,0.02,0.407751384407771
"SPIB","CD72",0.0456346685397065,0.068,0.068,0.459488684886147
"SPIB","LCP1",0.0448468861955737,0.106,0.106,0.407777477078159
"SPIB","PTMS",0.0442892329985746,0.098,0.098,0.417733800557207
"SPIB","EMILIN2",0.0420045272271355,0.038,0.038,0.331208004221341
"SPIB","RAB11FIP1",0.0414740810024401,0.024,0.024,0.543088427502621
"SPIB","E2F4",0.0414296528251442,0.02,0.02,0.19878638146339
"SPIB","EBI3",0.0411186124835736,0.076,0.076,0.563568806324171
"SPIB","SATB1",0.0388015566082632,0.056,0.056,0.217271158645474
"SPIB","LSM2",0.0385561944833723,0.034,0.034,0.358607398951352
"SPIB","CCDC6",0.0380935867303324,0.05,0.05,0.474727222633561
"SPIB","NFAT5",0.0378666929296815,0.06,0.06,0.219230464512991
"SPIB","KLF7",0.0377183628489025,0.046,0.046,0.182367013577488
"SPIB","TFE3",0.0348921390022255,0.016,0.016,0.2261526599918
"SPIB","LGALS3",0.0338642902349179,0.06,0.06,0.337447975960385
"SPIB","HLA-DMB",0.033856875505134,0.05,0.05,0.44829092343501
"SPIB","ARPC5",0.0334065110217446,0.08,0.08,0.368716893708085
"SPIB","NREP",0.0324583779273925,0.06,0.06,0.17885414634568
"SPIB","PPAP2B",0.0319813435725778,0.038,0.038,0.135565773824587
"SPIB","TGIF1",0.0314427809396147,0.082,0.082,0.321721178695452
"SPIB","CCL3",0.0297442244082526,0.05,0.05,0.075270392556343
"SPIB","VIM",0.0295161320888459,0.07,0.07,0.329637641487393
"SPIB","IFIT2",0.0293600288788447,0.05,0.05,0.279552669764575
"SPIB","ELK1",0.0286282062927707,0.01,0.01,0.243328971276733
"SPIB","CDK5R1",0.0283594215974906,0.046,0.046,0.439931156126647
"SPIB","STEAP3",0.0277207656426681,0.0287667887667888,0.0287667887667888,0.0618813752249174
"SPIB","ACTG1",0.0267165652842407,0.064,0.064,0.358012482387741
"SPIB","NFATC1",0.0264300740297905,0.024,0.024,0.270021051095272
"SPIB","PMAIP1",0.0262833236447521,0.05,0.05,0.53747922143081
"SPIB","TEAD2",0.0258481897223632,0.04,0.04,0.451409066485417
"SPIB","CDCA4",0.0254319840078759,0.086,0.086,0.175813264660485
"SPIB","MCM3",0.0253017151177615,0.12,0.12,0.233215175819268
"SPIB","SH2D2A",0.0250966273375597,0.028,0.028,0.296894377044918
"SPIB","PLAGL2",0.0250471967664883,0.018,0.018,0.211938134899159
"SPIB","FSCN1",0.0248307842718434,0.052,0.052,0.536973068551733
"SPIB","JUP",0.0239126797438288,0.024,0.024,0.229132882948568
"SPIB","PPID",0.0220024682036677,0.062,0.062,0.345173460243574
"SPIB","SNRPE",0.0215582014535817,0.066,0.066,0.341770257577107
"SPIB","CORO2A",0.0207638037162882,0.012,0.012,0.299998986397256
"SPIB","SNTA1",0.0205424340015344,0.066,0.066,0.105505527421733
"SPIB","TBP",0.0200736385403296,0.032,0.032,0.166530433597669
"SPIB","NEUROD1",0.0197821372404838,0.00898876404494382,0.00898876404494382,0.0012592471037705
"SPIB","SORL1",0.0194692601639056,0.058,0.058,0.26424509047475
"SPIB","LHX2",0.0193177485019374,0.0424089635854342,0.0424089635854342,0.0903686075860577
"SPIB","KLF4",0.0189754368315141,0.02,0.02,0.244907321962633
"SPIB","MAX",0.018748056332738,0.014,0.014,0.256476242601366
"SPIB","TPRG1",0.0182103355709481,0.108,0.108,0.189689662150824
"SPIB","SOX12",0.0181167480038971,0.026,0.026,0.0254689023015336
"SPIB","NOP16",0.0178639726281247,0.012,0.012,0.211002337198042
"SPIB","PPP2R3C",0.0177621774123332,0.02,0.02,0.170308063030124
"SPIB","MAFB",0.0175355591866832,0.0619047619047619,0.0619047619047619,0.0717494842151764
"SPIB","TP53",0.0174874813518867,0.04,0.04,0.327511414203431
"SPIB","NFKB2",0.0159912948353629,0.038,0.038,0.39884263793736
"SPIB","ARL6IP1",0.0159715245131228,0.014,0.014,0.190422239029237
"SPIB","MCM6",0.0159279349630272,0.058,0.058,0.287272268724859
"SPIB","FGR",0.0157729330121089,0.036,0.036,0.414689051428476
"SPIB","THAP11",0.0157413295154741,0.016,0.016,0.148354006668673
"SPIB","ELK4",0.0150333028467573,0.024,0.024,0.27448479448747
"SPIB","LTB",0.0149426677710295,0.046,0.046,0.55527915288715
"SPIB","ESRRA",0.0147301091319972,0.01,0.01,0.142644688425178
"SPIB","IL10",0.0142233218500129,0.026,0.026,0.347431070192681
"SPIB","STK38L",0.0141840817368481,0.022,0.022,0.46444937644223
"SPIB","RXRB",0.0137635430375435,0.018,0.018,0.0594772514964149
"SPIB","PLEKHA1",0.0137608757238343,0.042,0.042,0.204090189044675
"SPIB","SRSF2",0.0136161594729126,0.008,0.008,0.242024262609019
"SPIB","KLHL23",0.0134557926642666,0.03,0.03,0.22662813757009
"SPIB","BZW2",0.0131106550850585,0.044,0.044,0.248870124892403
"SPIB","EBF1",0.0130956979268227,0.032,0.032,0.246006410077224
"SPIB","COTL1",0.0125772431858307,0.008,0.008,0.417469959755247
"SPIB","SOX4",0.0125398533334004,0.032,0.032,0.10949749171568
"SPIB","MLTK",0.0120683093788434,0.016,0.016,0.320455383158762
"SPIB","LPXN",0.0120572241826432,0.036,0.036,0.216487300139962
"SPIB","AHR",0.0118848021060222,0.01,0.01,0.550818063952671
"SPIB","HSF1",0.0108860966012966,0.008,0.008,0.173302746754989
"SPIB","HOPX",0.0108714389833038,0.02,0.02,0.407601834284385
"SPIB","MT2A",0.0107337273515151,0.034,0.034,0.261413859702646
"SPIB","CD52",0.0104409676695695,0.044,0.044,0.329361591258923
"SPIB","DTL",0.0104344276538118,0.066,0.066,0.191378466873103
"SPIB","GNB3",0.0107255893874561,0.0161628530199959,0.0161628530199959,-0.12490115995189
"SPIB","ITGA6",0.0116319430443004,0.048,0.048,-0.296716748137531
"SPIB","PRDM1",0.0154075122257129,0.11,0.11,-0.52017948622543
"SPIB","RPL22L1",0.0189492597867204,0.078,0.078,-0.102531253503542
"SPIB","XAF1",0.0234718814591093,0.034,0.034,-0.206624256976153
"SPIB","E2F2",0.0284466725876538,0.036,0.036,-0.216650622286708
"SPIB","HMX2",0.0342817297385317,0.0258434547908232,0.0258434547908232,-0.0298373076098605
"SPIB","IGJ",0.0363176611039671,0.02,0.02,-0.555818402321025
"SPIB","KIAA0125",0.0430547848265361,0.014,0.014,-0.320402619228643
"SPIB","FOXO3",0.0434558796154035,0.042,0.042,-0.216450541176634
"SPIB","POU2F1",0.0469836986921399,0.044,0.044,-0.101618623754421
"SPIB","CADM1",0.0495008555569575,0.042,0.042,-0.312927915351093
"SPIB","VDR",0.0523904467922032,0.036,0.036,-0.3146456473257
"SPIB","UCHL1",0.0538966652501496,0.086,0.086,-0.283011525637554
"SPIB","RHOB",0.0558053320457007,0.122,0.122,-0.140484967625885
"SPIB","CERS6",0.0732973737462592,0.116,0.116,-0.177940167885069
"SPIB","RFX4",0.0788342004540361,0.0437094199752428,0.0437094199752428,-0.00551830011760819
"SPIB","BHLHE41",0.226142919284206,0.05,0.05,-0.464482406348289
"SREBF1","ASPM",0.290870158578703,0.128,0.128,0.534407384246703
"SREBF1","CENPE",0.212262974125016,0.052,0.052,0.514791900686412
"SREBF1","PLK1",0.104433156071783,0.046,0.046,0.441745831323997
"SREBF1","KLF15",0.0845274531015914,0.0454592417784979,0.0454592417784979,0.0530309260654651
"SREBF1","KIF2C",0.0814857388359098,0.044,0.044,0.449011511505818
"SREBF1","WDR34",0.0767958674994487,0.084,0.084,0.277356216752214
"SREBF1","CTSH",0.072689311628928,0.058,0.058,0.314578630458895
"SREBF1","LGALS1",0.0652711173228501,0.038,0.038,0.363267167560297
"SREBF1","MCM10",0.056044654548435,0.048,0.048,0.375666809207031
"SREBF1","ZNF341",0.0516985353607119,0.036,0.036,0.19624701036012
"SREBF1","NFE2L1",0.0496197951433555,0.084,0.084,0.17556561193477
"SREBF1","NDC80",0.0481475149887101,0.054,0.054,0.347803831446516
"SREBF1","FOXK2",0.0398351526156965,0.026,0.026,0.140141359876479
"SREBF1","KLF2",0.0385736173193335,0.098,0.098,0.169592236496767
"SREBF1","TOP2A",0.0378959547373902,0.044,0.044,0.463504350047444
"SREBF1","PBK",0.0378198779828555,0.05,0.05,0.372710471166818
"SREBF1","CEP55",0.0311102589339302,0.08,0.08,0.383306205343427
"SREBF1","SNTA1",0.0272835280616478,0.024,0.024,0.169775806247906
"SREBF1","GNAZ",0.0270140199101294,0.04,0.04,0.094338484014259
"SREBF1","CKS2",0.0266667109647606,0.04,0.04,0.271009122037793
"SREBF1","C12orf75",0.0249297358216564,0.044,0.044,0.360074464551175
"SREBF1","SPI1",0.023871267992053,0.034,0.034,0.0651885326827532
"SREBF1","STMN1",0.0226012335239427,0.066,0.066,0.406768324177915
"SREBF1","H2AFZ",0.017719312227035,0.048,0.048,0.360208015261296
"SREBF1","AK4",0.0144539567719263,0.048,0.048,0.287136873823623
"SREBF1","HMGCS1",0.0135805198637967,0.034,0.034,0.235203265927643
"SREBF1","ENC1",0.0133126278409254,0.034,0.034,0.0848228326332253
"SREBF1","KIF20A",0.0126076022434044,0.036,0.036,0.371388779678677
"SREBF1","CENPA",0.0115573826171611,0.07,0.07,0.417849670269261
"SREBF1","HES6",0.0115220015669104,0.024,0.024,0.0542082591034288
"SREBF1","CKS1B",0.0109839035434353,0.084,0.084,0.354966986631517
"SREBF1","SREBF2",0.010391687342703,0.036,0.036,0.172942107214287
"SREBF1","TUBA1C",0.0103096113017929,0.03,0.03,0.387963651540282
"SREBF1","ZFX",0.0106643049604062,0.012,0.012,-0.144683680217257
"SREBF1","NFE2L2",0.0136087752888092,0.032,0.032,-0.242458279340423
"SREBF1","NFKBIE",0.0142929831346334,0.042,0.042,-0.171921080537008
"SREBF1","BBC3",0.0143153102845976,0.05,0.05,-0.060918946061055
"SREBF1","ELK1",0.0153190356311699,0.046,0.046,-0.0351536597899583
"SREBF1","GRHL1",0.0171739728054612,0.0402039007092199,0.0402039007092199,-0.131713280978916
"SREBF1","LIMA1",0.0195048228952709,0.042,0.042,-0.0598796999967402
"SREBF1","RARA",0.0205958441048666,0.026,0.026,-0.179048437804547
"SREBF1","KLF13",0.0233363577080645,0.02,0.02,-0.246310219337873
"SREBF1","JUND",0.0240271446156255,0.036,0.036,-0.261297544650829
"SREBF1","IRF5",0.0320035320436001,0.052,0.052,-0.276495005032052
"SREBF1","PBX2",0.0386456798831819,0.05,0.05,-0.256536380076142
"SREBF1","H1F0",0.0409394116327594,0.064,0.064,-0.241158066149025
"SREBF1","KLF10",0.05167340578145,0.02,0.02,-0.397390066215501
"SREBF1","SP3",0.0644951302118262,0.018,0.018,-0.226920861672563
"SREBF1","ZBTB26",0.087652739027802,0.04,0.04,-0.209834713587655
"SREBF1","NUB1",0.217049394214804,0.036,0.036,-0.417651518425733
"SREBF1","XAF1",0.322143936340677,0.084,0.084,-0.56249839149852
"SREBF2","FOXH1",0.262741631767789,0.255840455840456,0.255840455840456,0.0867439764351882
"SREBF2","MAFB",0.207828810942223,0.277150183150183,0.277150183150183,0.0822663492873227
"SREBF2","ARNT2",0.147235232090987,0.113360664836075,0.113360664836075,0.152836503903851
"SREBF2","C1orf228",0.0811169015388298,0.026,0.026,0.0349346684911649
"SREBF2","CTCF",0.0695588167987488,0.068,0.068,0.261950482281628
"SREBF2","AK4",0.0637998534241651,0.05,0.05,0.480391481727244
"SREBF2","AQP3",0.0616929259583944,0.048,0.048,0.347690836842062
"SREBF2","BNIP3",0.0579680372731069,0.064,0.064,0.427106898501604
"SREBF2","PRR5L",0.0516673315537524,0.056,0.056,0.355710821662525
"SREBF2","ALDOA",0.0505560767070541,0.064,0.064,0.543313588070875
"SREBF2","C12orf75",0.0495990085663274,0.066,0.066,0.5304789241594
"SREBF2","H1F0",0.0443997030625247,0.098,0.098,0.0417925381817016
"SREBF2","MGST1",0.0443566765326897,0.0377827727827728,0.0377827727827728,0.292475469776034
"SREBF2","HMGN2",0.0409987024550655,0.102,0.102,0.539688590415022
"SREBF2","NREP",0.0311585861529146,0.036,0.036,0.299844258300893
"SREBF2","HOXA7",0.0298307129951729,0.0181818181818182,0.0181818181818182,0.170074680057755
"SREBF2","FAM129A",0.0292744542639034,0.054,0.054,0.296004565242998
"SREBF2","MSC",0.0282978159616797,0.032,0.032,0.308384717420152
"SREBF2","CD96",0.0238850900770596,0.036,0.036,0.325459355672038
"SREBF2","H2AFZ",0.0210779083520433,0.038,0.038,0.510376911190505
"SREBF2","HES6",0.0192611703035086,0.022,0.022,0.0392071976513482
"SREBF2","RMI2",0.0185476654482312,0.06,0.06,0.411176300976689
"SREBF2","HOXC10",0.0172238788004886,0.0274024024024024,0.0274024024024024,0.0425243467780092
"SREBF2","KLF5",0.01596590939412,0.013147605083089,0.013147605083089,0.218526885405382
"SREBF2","NR2F6",0.0133004424757643,0.018,0.018,0.0751121056867225
"SREBF2","HLA-DRA",0.0125448390325679,0.078,0.078,0.418315289736791
"SREBF2","SGOL2",0.0121044876888061,0.044,0.044,0.437211996448686
"SREBF2","ARNTL",0.0120230460481996,0.02,0.02,0.0954763545909682
"SREBF2","PPID",0.0118150600875231,0.052,0.052,0.414798841999485
"SREBF2","KLF13",0.0113454687182166,0.05,0.05,-0.130732743912487
"SREBF2","GNB3",0.0161943744257556,0.0263252937538652,0.0263252937538652,-0.0295541185417837
"SREBF2","ZFX",0.0192316049675588,0.022,0.022,-0.082096940229276
"SREBF2","TFAP2E",0.0228410878154893,0.0283483755648704,0.0283483755648704,-0.0698746895832432
"SREBF2","STAT4",0.0253262326092278,0.038,0.038,-0.104162948681516
"SREBF2","C20orf195",0.0380384559258307,0.064,0.064,-0.0651409271175764
"SREBF2","KLF15",0.0406781389436025,0.0926253037934557,0.0926253037934557,-0.113285269657258
"SREBF2","ZBTB12",0.0415134517287602,0.034,0.034,-0.0327424317947383
"SREBF2","TBX2",0.153748226927615,0.114171926064118,0.114171926064118,-0.0895818351430118
"SRF","MYL9",0.474242965040336,0.104,0.104,0.618404452073415
"SRF","IL2RA",0.29162860112165,0.086,0.086,0.71231383631642
"SRF","KIAA0020",0.261532565468622,0.104,0.104,0.563200418292318
"SRF","SERPINB9",0.236544389904153,0.06,0.06,0.611141409343199
"SRF","PLEK",0.22083190699103,0.054,0.054,0.51069075686823
"SRF","MFHAS1",0.210104984600129,0.054,0.054,0.582715168188378
"SRF","CCNA1",0.207211483794556,0.0955041296556023,0.0955041296556023,0.400648713570876
"SRF","CNN2",0.200329864724666,0.118,0.118,0.66020414349969
"SRF","CHORDC1",0.169987977863284,0.08,0.08,0.588402084476266
"SRF","TFRC",0.169232503699647,0.062,0.062,0.674350214085024
"SRF","STK38L",0.156886305339185,0.048,0.048,0.570090321282198
"SRF","DCTPP1",0.141666193441775,0.094,0.094,0.656671022841801
"SRF","CDCA7",0.0996585937817574,0.03,0.03,0.551007869300963
"SRF","ACTG1",0.0920037068066042,0.086,0.086,0.682420928750492
"SRF","EIF1AX",0.0812115589074441,0.054,0.054,0.580640078022993
"SRF","ABCE1",0.0797039596096598,0.046,0.046,0.605629844055807
"SRF","ZNF528",0.0776797130835488,0.082,0.082,0.174460008101088
"SRF","ZNF143",0.0729989591067611,0.076,0.076,0.125337848297251
"SRF","HDGFRP3",0.0728928771159304,0.0498532044396706,0.0498532044396706,0.39119867173974
"SRF","IL32",0.0693484307639085,0.028,0.028,0.440489985820513
"SRF","FAM107B",0.0587751048098195,0.042,0.042,0.570140977067308
"SRF","CAP1",0.0585846621578993,0.054,0.054,0.65109054658752
"SRF","HSP90AB1",0.0552727895380506,0.042,0.042,0.653920900548268
"SRF","KBTBD11",0.0489966705724595,0.0286202686202686,0.0286202686202686,0.278394605606287
"SRF","ATF7",0.0454656818758489,0.058,0.058,0.0377885427143429
"SRF","RMI2",0.0435538986365181,0.014,0.014,0.507419767101948
"SRF","ZYX",0.0434620353121269,0.068,0.068,0.646554609980571
"SRF","SOCS2",0.0383772703566579,0.02,0.02,0.433977309506106
"SRF","ZNF140",0.0360674527879484,0.026,0.026,0.129144103394748
"SRF","MRTO4",0.0297642141903165,0.03,0.03,0.579910992109048
"SRF","NQO1",0.0220397448220541,0.034,0.034,0.406472677102514
"SRF","SLC39A14",0.0190612090038721,0.05,0.05,0.42943110312547
"SRF","ACTB",0.0157241849941031,0.082,0.082,0.64289482596772
"SRF","DTL",0.0148206560756931,0.036,0.036,0.524279591506629
"SRF","KLF7",0.0117038581297123,0.046,0.046,0.107800596271996
"SRF","CERS6",0.0114367226503737,0.032,0.032,0.293511554776045
"SRF","ESR1",0.0104012763678452,0.02,0.02,-0.171163922395823
"SRF","MXI1",0.0108166323884244,0.02,0.02,-0.173895389720169
"SRF","RREB1",0.0289176321215161,0.038,0.038,-0.241275311096084
"SRF","COL7A1",0.0540611480807973,0.05,0.05,-0.213172342577141
"SRF","NKX6-3",0.05874769921344,0.0660663599549774,0.0660663599549774,-0.131047004529471
"STAT1","IRF7",0.861691101291101,0.19,0.19,0.892686201989025
"STAT1","SOCS3",0.678203180531006,0.2,0.2,0.627105041633373
"STAT1","GMPR",0.669652197911211,0.192,0.192,0.454683586301419
"STAT1","MEF2C",0.560296402245152,0.114,0.114,0.510376555035482
"STAT1","H1F0",0.559827432398642,0.148,0.148,0.40037595429115
"STAT1","TIMD4",0.52252554929323,0.17,0.17,0.403870601623235
"STAT1","NFE2L2",0.491616393607649,0.142,0.142,0.413704027397011
"STAT1","CYSLTR1",0.483635696770191,0.16,0.16,0.572293264212924
"STAT1","TGIF2",0.407428234820691,0.138,0.138,0.344607478351039
"STAT1","DDX60",0.37349162247916,0.192,0.192,0.433350776175517
"STAT1","TCN2",0.357684608975445,0.092,0.092,0.426100876172097
"STAT1","FOXD2",0.322017871474809,0.111276595744681,0.111276595744681,0.120123794938771
"STAT1","MEIS2",0.305822189273781,0.240753160653716,0.240753160653716,0.101649426902159
"STAT1","IGJ",0.301058858211298,0.174,0.174,0.678448082849063
"STAT1","ZNF24",0.283358319972991,0.122,0.122,0.3971497233108
"STAT1","PTP4A3",0.280217964528989,0.102,0.102,0.487698805331432
"STAT1","TMEM99",0.270091337668353,0.178,0.178,0.0711564635010863
"STAT1","ATF6",0.256100815553102,0.184,0.184,0.0521421157682471
"STAT1","CREB3L1",0.252225638261173,0.156719687421302,0.156719687421302,0.0975013335184181
"STAT1","HGF",0.250675910190853,0.116,0.116,0.376810235335643
"STAT1","MX1",0.246124071892754,0.296,0.296,0.943631447971162
"STAT1","IRF9",0.239882464417326,0.178,0.178,0.256927747838532
"STAT1","ZBTB33",0.207901991272471,0.122,0.122,0.199385505900971
"STAT1","BATF2",0.182199868697869,0.0880599702943707,0.0880599702943707,0.309704256112796
"STAT1","LGALS3BP",0.181446030987404,0.13,0.13,0.760165616880165
"STAT1","IL1RN",0.178421962338688,0.076,0.076,0.447770821506919
"STAT1","HOXC4",0.1754042272697,0.092,0.092,0.271268646740984
"STAT1","PRDM1",0.173323020635953,0.138,0.138,0.626288345755472
"STAT1","CDKN1A",0.171134184223354,0.1,0.1,0.0570440166472953
"STAT1","BARHL2",0.170556355727431,0.0946275946275946,0.0946275946275946,0.37949207232404
"STAT1","TET1",0.159967389047858,0.074467944753659,0.074467944753659,0.313388908696472
"STAT1","TCF4",0.157806359586249,0.184,0.184,0.247795793346949
"STAT1","IFI44L",0.156673383644048,0.158,0.158,0.919541091854068
"STAT1","SCNN1B",0.155167589422094,0.066,0.066,0.428951030672966
"STAT1","HIST1H2AC",0.146582781985483,0.19,0.19,0.800558748114953
"STAT1","SMAD5",0.134252869892978,0.066,0.066,0.149092164089931
"STAT1","OSR2",0.114471801780018,0.0831009299381664,0.0831009299381664,0.128292031153528
"STAT1","ZNF382",0.10800113811809,0.0561632653061224,0.0561632653061224,0.0076937751723218
"STAT1","PPA1",0.106617535914959,0.118,0.118,0.0454183020341575
"STAT1","LIN54",0.106390755793701,0.1,0.1,0.0623763214746472
"STAT1","COL7A1",0.0945822211275598,0.044,0.044,0.239912886298739
"STAT1","CREM",0.0849862978287423,0.086,0.086,0.156579038005018
"STAT1","ZSCAN29",0.0829551848297605,0.068,0.068,0.248689851764693
"STAT1","TXN",0.0794207398175865,0.136,0.136,0.027446382361505
"STAT1","SIX3",0.0726462004922046,0.0377929359826305,0.0377929359826305,0.147215807189912
"STAT1","ARPC5",0.0725016600166597,0.062,0.062,0.0313401790371393
"STAT1","NFATC4",0.0562979715248524,0.0367135075993958,0.0367135075993958,0.148461320993216
"STAT1","REST",0.0558026753206894,0.034,0.034,0.139881295176874
"STAT1","NKX6-3",0.0554984737853762,0.0552700727053438,0.0552700727053438,0.153451064661737
"STAT1","ZKSCAN5",0.053174076791501,0.05,0.05,0.208116004508318
"STAT1","CD40",0.0520263167973746,0.052,0.052,0.100698538003019
"STAT1","IFIT1",0.0484338441289136,0.172,0.172,0.894160408781374
"STAT1","DLX2",0.0361366162319517,0.0552460381105129,0.0552460381105129,0.0654195021271898
"STAT1","TCF12",0.0327133995881536,0.022,0.022,0.0304507365753807
"STAT1","HLTF",0.0309805362945035,0.02,0.02,0.0284553910688108
"STAT1","NFAT5",0.0299794951837161,0.06,0.06,0.104149670041038
"STAT1","MECOM",0.0286081031698995,0.0257616285951,0.0257616285951,0.0360652430367119
"STAT1","CCDC71L",0.0284996306722659,0.042,0.042,0.113730608662683
"STAT1","HNF1B",0.0267291639562204,0.0807886557886558,0.0807886557886558,0.0393492775550721
"STAT1","CREB3",0.0258685661715285,0.056,0.056,0.290595328283666
"STAT1","THAP11",0.0238648061578545,0.042,0.042,0.0705613103296031
"STAT1","CD226",0.0230686441514807,0.048,0.048,0.0760085598094429
"STAT1","COL1A2",0.0180535328891899,0.042,0.042,0.274648179275272
"STAT1","SMAD2",0.0135735667146151,0.012,0.012,0.00726661237602096
"STAT1","FAH",0.0124463733913034,0.016,0.016,0.0100518783964189
"STAT1","PPARA",0.0113263763097557,0.006,0.006,0.209180910764093
"STAT1","MPP7",0.0100637092319742,0.072,0.072,-0.11041608695872
"STAT1","STIP1",0.0104081195377288,0.026,0.026,-0.144823714973857
"STAT1","KLF6",0.0104134055771751,0.042,0.042,-0.491833825536431
"STAT1","CCND2",0.0113254038257124,0.046,0.046,-0.0797086440491381
"STAT1","EHD3",0.0113696352603112,0.074,0.074,-0.304650653918534
"STAT1","PERP",0.0119182363687046,0.032,0.032,-0.0946847926700951
"STAT1","HS3ST3B1",0.0120378833467637,0.028,0.028,-0.18776874768144
"STAT1","TP63",0.0122701385006922,0.132531479430704,0.132531479430704,-0.0670469518446736
"STAT1","POLD3",0.0125773391659745,0.058,0.058,-0.326706368933886
"STAT1","GYG1",0.0127833205350197,0.074,0.074,-0.131760186282563
"STAT1","RRM2B",0.0129706558115369,0.036,0.036,-0.104196982173328
"STAT1","NREP",0.0130023384171968,0.022,0.022,-0.068694056123986
"STAT1","ABCE1",0.0130549295525182,0.05,0.05,-0.205480232453179
"STAT1","KLF5",0.0136346022839502,0.028264649894531,0.028264649894531,-0.152555588123287
"STAT1","MZF1",0.0137661971734412,0.034,0.034,-0.0700099696352181
"STAT1","EBI3",0.0138874287564128,0.056,0.056,-0.143931549374385
"STAT1","NDC80",0.0142323582588483,0.074,0.074,-0.273482130156807
"STAT1","PPID",0.0146353476686816,0.024,0.024,-0.132783167643945
"STAT1","F2R",0.0155262775733714,0.048,0.048,-0.327105244270699
"STAT1","HSF2",0.016249430911699,0.028,0.028,-0.125274311763978
"STAT1","MCM10",0.0166423337500695,0.008,0.008,-0.368318793542264
"STAT1","COCH",0.016871416858947,0.046,0.046,-0.295389873097969
"STAT1","ZNF460",0.0169994915761463,0.042,0.042,-0.114105466446522
"STAT1","DLGAP5",0.0170638567828908,0.04,0.04,-0.400785325173388
"STAT1","CD86",0.0173556853808911,0.04,0.04,-0.148874889034813
"STAT1","C4BPB",0.0182906308428383,0.066,0.066,-0.0472050964890545
"STAT1","HMGB2",0.0195340478607814,0.056,0.056,-0.480455019345349
"STAT1","EIF5A",0.0195779093565705,0.108,0.108,-0.212510104166763
"STAT1","TPX2",0.0200163536700581,0.048,0.048,-0.38407726670851
"STAT1","CALM2",0.0215292659796491,0.078,0.078,-0.0504504286696994
"STAT1","HSPH1",0.0216888909833258,0.074,0.074,-0.117100433109216
"STAT1","ZNF263",0.0222381475999817,0.034,0.034,-0.0254312853294842
"STAT1","TCF7L1",0.0241865242009354,0.028,0.028,-0.0833028452457851
"STAT1","HLA-DMB",0.0244215336890156,0.042,0.042,-0.481496696638133
"STAT1","RARA",0.0250720188760169,0.06,0.06,-0.0336405064599044
"STAT1","TRIAP1",0.0253884413556488,0.07,0.07,-0.216768502574279
"STAT1","KLF7",0.0279001746855142,0.06,0.06,-0.28944692211039
"STAT1","UNC119",0.028137967086917,0.048,0.048,-0.16993915204237
"STAT1","ELF1",0.0282778337107796,0.12,0.12,-0.0673660330235249
"STAT1","MSANTD3",0.0298445186165915,0.082,0.082,-0.172808354746223
"STAT1","ATIC",0.0320120600548336,0.042,0.042,-0.104342540206738
"STAT1","ARL6IP5",0.0333096169291924,0.128,0.128,-0.00119836933071223
"STAT1","IL10",0.0339210974343255,0.074,0.074,-0.113355852439651
"STAT1","UCHL1",0.0385703423131382,0.098,0.098,-0.199080858933195
"STAT1","RPL22L1",0.0408975296666285,0.058,0.058,-0.0605351210890004
"STAT1","NAMPT",0.0415192686640979,0.044,0.044,-0.0758177745188757
"STAT1","ASPM",0.0417984961542357,0.042,0.042,-0.398843390601978
"STAT1","CCR1",0.0435237245252657,0.0584056895485467,0.0584056895485467,-0.0984493186698765
"STAT1","H2AFZ",0.0481692760814245,0.104,0.104,-0.336991631306796
"STAT1","PAPD5",0.054149616701318,0.046,0.046,-0.0686831354416918
"STAT1","ETV6",0.0557118891703729,0.098,0.098,-0.0534666359555733
"STAT1","HIF1A",0.0585254708288746,0.114,0.114,-0.0155315625244667
"STAT1","CD96",0.0591517848903284,0.044,0.044,-0.345500811230816
"STAT1","XRCC5",0.0606632999607504,0.084,0.084,-0.0518532080893477
"STAT1","POU4F1",0.0618936239059485,0.092,0.092,-0.0264632468460639
"STAT1","THAP1",0.0786629456855157,0.128,0.128,-0.0564485201802451
"STAT1","ZNF684",0.0919230083618213,0.128,0.128,-0.079620516248623
"STAT1","CDC20",0.0935349310924937,0.064,0.064,-0.371033620573713
"STAT1","LAPTM4B",0.0978513846249546,0.258,0.258,-0.10347547530439
"STAT1","TESC",0.113164916352353,0.076,0.076,-0.430141949859893
"STAT1","AIM1",0.162437777357422,0.032,0.032,-0.450534380211269
"STAT1","CENPF",0.202588800802989,0.154,0.154,-0.479106145052995
"STAT1","SREBF1",0.587177063252264,0.208,0.208,-0.542617078689471
"STAT3","LEF1",0.926792366122692,0.284,0.284,0.509544488478131
"STAT3","CXCL10",0.615272144406968,0.202,0.202,0.507289466368145
"STAT3","LTA",0.582806408060978,0.12,0.12,0.633396546117301
"STAT3","MAFG",0.57186346639517,0.146,0.146,0.38911609678249
"STAT3","NCF2",0.498419166868731,0.128,0.128,0.494851825956567
"STAT3","TCF4",0.313985473679275,0.092,0.092,0.422706444338799
"STAT3","TBX21",0.302708620959755,0.09,0.09,0.337593918947791
"STAT3","ZNF135",0.283385272937508,0.156824665067594,0.156824665067594,0.431237970847009
"STAT3","CEBPB",0.267495156577285,0.082,0.082,0.203700114115827
"STAT3","C4BPB",0.244233378643385,0.098,0.098,0.492370332429186
"STAT3","FOXO1",0.243546612393515,0.122,0.122,0.326819647680785
"STAT3","NFE2L1",0.238250818370941,0.044,0.044,0.368337443891693
"STAT3","TFE3",0.230384091545826,0.082,0.082,0.26337097401363
"STAT3","GPR132",0.199355255135413,0.062,0.062,0.409745594070065
"STAT3","CD72",0.178940536687883,0.092,0.092,0.376241713188651
"STAT3","ALOX5AP",0.16662161410712,0.068,0.068,0.549743658484412
"STAT3","ZNF460",0.154455412833992,0.058,0.058,0.231080268324084
"STAT3","NAMPT",0.150044298347681,0.144,0.144,0.488087968498963
"STAT3","CCDC71L",0.145950758229489,0.096,0.096,0.493589103465663
"STAT3","CASZ1",0.14530234165112,0.12,0.12,0.255103239555242
"STAT3","CYP1B1",0.125454651522571,0.1,0.1,0.279656406172126
"STAT3","STAT5B",0.124853193669719,0.064,0.064,0.544557659853798
"STAT3","A4GALT",0.12034295745487,0.1,0.1,0.301657383980097
"STAT3","TFEB",0.111194676432265,0.062,0.062,0.319224238104991
"STAT3","WARS",0.106927578501126,0.112,0.112,0.277814028299524
"STAT3","JDP2",0.100938492854504,0.038,0.038,0.175713726151834
"STAT3","LHX1",0.100585292496921,0.0864644692442269,0.0864644692442269,0.0543140872383234
"STAT3","BCAS4",0.0996620285913696,0.088,0.088,0.44476827198265
"STAT3","IL10",0.0969141488004513,0.066,0.066,0.321613920969349
"STAT3","YBX3",0.0940350776340397,0.082,0.082,0.327586844542434
"STAT3","BATF2",0.0833804921610767,0.102516217519744,0.102516217519744,0.0854630823296742
"STAT3","DDIT4",0.0808473014219841,0.054,0.054,0.317368467338703
"STAT3","IL2RB",0.0792725144859451,0.138,0.138,0.413547437676419
"STAT3","POU2F2",0.0774500219162291,0.072,0.072,0.345969356128257
"STAT3","SP4",0.0720029872248605,0.054,0.054,0.179350065470017
"STAT3","MYCN",0.0682969423065538,0.0619861460799419,0.0619861460799419,0.195983444400524
"STAT3","CREB3L1",0.06650309462894,0.179349098051076,0.179349098051076,0.090086506098841
"STAT3","CLOCK",0.0648579431000568,0.052,0.052,0.124916932454665
"STAT3","SRF",0.0634939073503618,0.096,0.096,0.376539477546182
"STAT3","IFIT2",0.0558711374936505,0.06,0.06,0.184497115427833
"STAT3","ZNF382",0.0537819046625651,0.0400408163265306,0.0400408163265306,0.186700947005273
"STAT3","PLEK",0.0516649373992429,0.058,0.058,0.373215588616169
"STAT3","NTRK2",0.0505224969508339,0.172,0.172,0.271577607273784
"STAT3","TRIM22",0.0500613779117436,0.034,0.034,0.450492289167109
"STAT3","NPDC1",0.0467659747883665,0.132,0.132,0.0346495243851836
"STAT3","TPRG1",0.0456835658724911,0.128,0.128,0.134254796645563
"STAT3","FOXK1",0.0433665719562214,0.048,0.048,0.115797160823056
"STAT3","HK1",0.040401513910456,0.098,0.098,0.369334343671272
"STAT3","CDKN1A",0.0392180251181715,0.062,0.062,0.200625303600186
"STAT3","HLX",0.0378645746803654,0.0588332302618017,0.0588332302618017,0.193410340637228
"STAT3","CREM",0.0358475844423298,0.02,0.02,0.244005286032455
"STAT3","HS3ST3B1",0.0334144308022093,0.07,0.07,0.0764416463046325
"STAT3","ZNF317",0.0333085633788508,0.092,0.092,0.144182112321748
"STAT3","CAP1",0.0319818075083526,0.062,0.062,0.397112337516626
"STAT3","STAT6",0.0317294041585736,0.088,0.088,0.468130703283811
"STAT3","STK38L",0.0309242822075964,0.068,0.068,0.368761306007568
"STAT3","ZBTB7B",0.0299571672897615,0.052,0.052,0.14975904623418
"STAT3","MAX",0.0293890426704385,0.066,0.066,0.211332926633683
"STAT3","ZBTB33",0.0288514633152555,0.04,0.04,0.122063682589407
"STAT3","NFATC1",0.028097500355793,0.036,0.036,0.187570414923097
"STAT3","FLI1",0.0268338403989624,0.032,0.032,0.135024973144418
"STAT3","HLTF",0.0249460246733212,0.072,0.072,0.219823949051757
"STAT3","NPAS2",0.024848451205854,0.0551456318181961,0.0551456318181961,0.200305278434992
"STAT3","ZNF263",0.024783710201452,0.032,0.032,0.0997212673772351
"STAT3","NREP",0.02451411556336,0.082,0.082,0.129234029887606
"STAT3","HHLA2",0.0243111673737271,0.0387574461212164,0.0387574461212164,0.108789375981429
"STAT3","MT2A",0.0242254582231897,0.084,0.084,0.194715102523814
"STAT3","CREB3",0.0234038834125018,0.068,0.068,0.0365601901154781
"STAT3","PKM",0.0228808694420836,0.134,0.134,0.283036580619883
"STAT3","DDX60",0.0225164926712731,0.028,0.028,0.208102524829551
"STAT3","BACH2",0.0223330782542029,0.074,0.074,0.0667431270945703
"STAT3","FUT7",0.0219531306313936,0.144,0.144,0.22029020950883
"STAT3","PPARA",0.0218595709168081,0.036,0.036,0.0535867697400147
"STAT3","CCND2",0.0218505746603499,0.118,0.118,0.243985535918098
"STAT3","EGR2",0.0208444627430483,0.106,0.106,0.32150103962575
"STAT3","SOX11",0.0206692561291898,0.0943803682681423,0.0943803682681423,0.0624440806650412
"STAT3","CD226",0.0205157175192818,0.07,0.07,0.20539952519661
"STAT3","MEIS2",0.0203147390638744,0.0300223558433549,0.0300223558433549,0.0426115154118909
"STAT3","UNG",0.0199782448201509,0.064,0.064,0.225087822968657
"STAT3","HCK",0.0195303888253767,0.058,0.058,0.120605445800512
"STAT3","AHR",0.0194237901055928,0.106,0.106,0.252295728488816
"STAT3","TRIAP1",0.0191687818663704,0.07,0.07,0.231539914863299
"STAT3","ARNTL2",0.0187071756275613,0.078,0.078,0.219912633617328
"STAT3","MGA",0.0181348869429009,0.028,0.028,0.185466792272178
"STAT3","XRCC5",0.0173916031434037,0.11,0.11,0.245993388510339
"STAT3","DUSP4",0.0172158554470304,0.068,0.068,0.31770619978731
"STAT3","TNFRSF8",0.0169599301098139,0.086,0.086,0.26678494346258
"STAT3","RAB7L1",0.0168253077110207,0.068,0.068,0.509963672974303
"STAT3","KIF5C",0.0167506423415842,0.054,0.054,0.230286404729865
"STAT3","GPR18",0.0166928026406393,0.04,0.04,0.205580530241788
"STAT3","PEA15",0.0166286753374264,0.048,0.048,0.571625066202594
"STAT3","TCF12",0.0166031394661459,0.034,0.034,0.162307006676056
"STAT3","LSM2",0.0160618520980829,0.028,0.028,0.348226266485168
"STAT3","AC099552.4",0.01584938091639,0.0230711086226204,0.0230711086226204,0.250958744257289
"STAT3","IVNS1ABP",0.0157677837039316,0.09,0.09,0.243892246421103
"STAT3","CDK6",0.015682513919325,0.09,0.09,0.0539215314161906
"STAT3","ODC1",0.0156533375680359,0.04,0.04,0.16736670386543
"STAT3","HSPH1",0.015499392883085,0.076,0.076,0.367677536763172
"STAT3","BAX",0.0154960330656192,0.056,0.056,0.375201187899193
"STAT3","EBI3",0.0150350750450058,0.086,0.086,0.383029269369474
"STAT3","ZNF140",0.0149460845943878,0.024,0.024,0.103941979904773
"STAT3","RAN",0.0139632104729485,0.12,0.12,0.290485140346472
"STAT3","LYST",0.0138583430081549,0.018,0.018,0.19003015362509
"STAT3","HSP90AA1",0.0137529911053372,0.12,0.12,0.278105126456491
"STAT3","ETV6",0.0136155563770756,0.008,0.008,0.324628865626878
"STAT3","ARL6IP5",0.0135990432327675,0.046,0.046,0.505519062520741
"STAT3","PIKFYVE",0.0129428407601189,0.086,0.086,0.191407857510585
"STAT3","CCDC28B",0.0128971976617284,0.088,0.088,0.416982134328128
"STAT3","FSCN1",0.0127750210113891,0.114,0.114,0.308469342687552
"STAT3","LAG3",0.0127618638800392,0.018,0.018,0.0867786476758168
"STAT3","DNAJA1",0.012654906947936,0.042,0.042,0.37941147124818
"STAT3","CXCR5",0.0126491792047308,0.026,0.026,0.439494710249961
"STAT3","STAT1",0.0125859795449423,0.128,0.128,0.179929476566742
"STAT3","LIN54",0.0115504451561089,0.016,0.016,0.154661804548729
"STAT3","BNIP3",0.0114286160973058,0.048,0.048,0.177255022197545
"STAT3","MEF2C",0.011408704818057,0.022,0.022,0.168722135108623
"STAT3","SMAD2",0.0113108722828258,0.014,0.014,0.133609782083513
"STAT3","INA",0.0113005619810941,0.0120782782698739,0.0120782782698739,0.148567843755606
"STAT3","TXN",0.0112748917451066,0.028,0.028,0.355652460717417
"STAT3","WDR65",0.0112079067488686,0.026,0.026,0.296488653671518
"STAT3","AIF1",0.0109011916795718,0.038,0.038,0.282083361914244
"STAT3","H1F0",0.0106087127999375,0.028,0.028,0.050784525119777
"STAT3","SOCS3",0.010498062909989,0.046,0.046,0.121280647245661
"STAT3","B4GALT5",0.0102642795659466,0.036,0.036,0.616499552305191
"STAT3","KCNMA1",0.0101431010970063,0.05,0.05,0.111371818532239
"STAT3","POU2F1",0.0101164487791293,0.012,0.012,-0.0825963556368799
"STAT3","PDGFRA",0.0112831033929113,0.09,0.09,-0.0159720763924321
"STAT3","KLF10",0.0124242654687855,0.042,0.042,-0.0777860200846773
"STAT3","USF1",0.0165588331930445,0.034,0.034,-0.0521398004030651
"STAT3","HOXB7",0.0176898755240806,0.022,0.022,-0.0144937469430041
"STAT3","TIMD4",0.0188642339451111,0.046,0.046,-0.029979919452783
"STAT3","CCR1",0.0193704177827384,0.034263863121006,0.034263863121006,-0.0157205066107238
"STAT3","MXI1",0.0228105987037044,0.084,0.084,-0.115770229504255
"STAT3","GYG1",0.0237987190787674,0.102,0.102,-0.0187289145768431
"STAT3","MSX1",0.0272190773116081,0.06,0.06,-0.0996113881432306
"STAT3","PLAG1",0.0374162514041339,0.048,0.048,-0.139425120262243
"STAT3","GLI3",0.0461945416753174,0.0249815225424982,0.0249815225424982,-0.0708070462975201
"STAT3","TCF7L2",0.0500995288118303,0.0242440733869305,0.0242440733869305,-0.0228496766460082
"STAT3","NKX6-3",0.0520379970194862,0.0924925782571117,0.0924925782571117,-0.0531834285371043
"STAT3","MZF1",0.0548696212999779,0.07,0.07,-0.161680159128451
"TBP","BHLHE22",0.242707826371317,0.105744587495642,0.105744587495642,0.0344833740261946
"TBP","DLX6",0.142561028030038,0.0668976987924356,0.0668976987924356,0.042279464753436
"TBP","LIN54",0.110533653943229,0.044,0.044,0.180232700003344
"TBP","NGFRAP1",0.0776068998456189,0.028,0.028,0.179175752459288
"TBP","KLF12",0.0500114133209457,0.104,0.104,0.036617689907115
"TBP","LIMA1",0.0431629256534143,0.032,0.032,0.20981523057631
"TBP","KLF5",0.0411232287437789,0.0346846221124659,0.0346846221124659,0.192145473037901
"TBP","EIF5A",0.0406127606746704,0.026,0.026,0.38364032091108
"TBP","POLR1E",0.0278982187373344,0.02,0.02,0.383511452535626
"TBP","MT1H",0.0275801844973785,0.0320074005550416,0.0320074005550416,0.210228110302106
"TBP","H2AFZ",0.0262580954157421,0.028,0.028,0.400997057659676
"TBP","HSPB1",0.0260986068820754,0.03,0.03,0.317059477237956
"TBP","MT1X",0.0212923263904313,0.018,0.018,0.266882576120199
"TBP","CALR",0.0190787537972901,0.028,0.028,0.237701356679035
"TBP","TNFSF9",0.0184839688997363,0.044,0.044,0.0464394061853483
"TBP","C1QBP",0.016197295951425,0.028,0.028,0.418043426319742
"TBP","GYG1",0.0152067527577627,0.022,0.022,0.278577821969323
"TBP","TTK",0.0144709357754722,0.026,0.026,0.352868584061307
"TBP","MT1G",0.0136379105861797,0.044,0.044,0.285620212301066
"TBP","C4BPB",0.0132620196687521,0.028,0.028,0.195892670870986
"TBP","PPP2R3C",0.0129837769960512,0.026,0.026,0.357019294865823
"TBP","TUBB4B",0.0129062105196205,0.026,0.026,0.375956184994954
"TBP","LSM2",0.0122090175729017,0.022,0.022,0.385134409384658
"TBP","FDXR",0.0118250472028377,0.038,0.038,0.313439860390778
"TBP","ANXA3",0.0112738715386127,0.02,0.02,0.302070033844638
"TBP","SLC25A5",0.0112544283586762,0.022,0.022,0.397291188111348
"TBP","CHORDC1",0.0106348978611666,0.024,0.024,0.337324953761383
"TBP","POU4F1",0.0459609611779515,0.022,0.022,-0.024186633607013
"TBR1","ZNF382",0.0723369148031289,0.0441632653061225,0.0441632653061225,0.196244344568599
"TBR1","LBX2",0.0545360651921415,0.0219063545150502,0.0219063545150502,0.0714949762910682
"TBR1","CARD17",0.0157475174406697,0.0111027756939235,0.0111027756939235,0.0880985269233926
"TBX19","ZNF460",0.0560985412693335,0.076,0.076,0.133703693586383
"TBX19","EHF",0.0239128358954577,0.0133650207863101,0.0133650207863101,0.0404405992027597
"TBX19","NFIA",0.0212098828897499,0.0111877394636015,0.0111877394636015,0.027684384220286
"TBX19","HOXB6",0.012727367451622,0.0143685300207039,0.0143685300207039,-0.0108099452250299
"TBX2","KLF15",0.146603467297594,0.0722693811419112,0.0722693811419112,0.18892695510592
"TBX2","GCM1",0.103065529901741,0.03612274129908,0.03612274129908,0.159146467081693
"TBX2","YY2",0.0656867815679401,0.0456632653061225,0.0456632653061225,0.103816573940943
"TBX2","ARNT",0.0152678762802902,0.008,0.008,0.111426103261943
"TBX21","MNT",0.129902729507398,0.094,0.094,0.144512255305106
"TBX21","SOX5",0.10655566912851,0.084,0.084,0.224237756929338
"TBX21","MT1H",0.0829021353314863,0.0641073080481036,0.0641073080481036,0.0158741040898436
"TBX21","IKZF1",0.074018638725598,0.076,0.076,0.251930897347537
"TBX21","PAX6",0.0629426233546845,0.0330638972305639,0.0330638972305639,0.0495046440824729
"TBX21","LAG3",0.0604418346386057,0.06,0.06,0.11040062855947
"TBX21","HSF2",0.0480759610865608,0.056,0.056,0.0758363540135723
"TBX21","OSR2",0.0449239138614227,0.0468338283265982,0.0468338283265982,0.0210776377859573
"TBX21","ARL6IP5",0.0391572770292912,0.032,0.032,0.166836832086161
"TBX21","FOXD3",0.0342623738069507,0.113353617308993,0.113353617308993,0.00872989114233562
"TBX21","NFYC",0.0310302383512731,0.02,0.02,0.0739665207121692
"TBX21","TFRC",0.0294466479330419,0.03,0.03,0.0837218108891602
"TBX21","HOXC8",0.0277537085527782,0.0170143990596532,0.0170143990596532,0.0123167146333725
"TBX21","POLR3K",0.0276289220080698,0.026,0.026,0.0685814367842621
"TBX21","ARL6IP1",0.024864857293015,0.022,0.022,0.0218781437725017
"TBX21","CLOCK",0.024117114089075,0.026,0.026,0.0480112318880128
"TBX21","FGR",0.0233240797594872,0.044,0.044,0.274121218117416
"TBX21","GCM1",0.023258035811174,0.0259009479474401,0.0259009479474401,0.0411898352934344
"TBX21","MS4A7",0.0222407831368467,0.044,0.044,0.17169631214477
"TBX21","RHOC",0.0209877631034096,0.096,0.096,0.301553602108753
"TBX21","TEF",0.0201610635578269,0.032,0.032,0.034283543998316
"TBX21","HLTF",0.019297499571349,0.024,0.024,0.0407551650749782
"TBX21","TMEM99",0.0170464963652009,0.014,0.014,0.0382144927589095
"TBX21","THAP1",0.0166400150222866,0.01,0.01,0.0385780181257651
"TBX21","HOXB9",0.0161371909765033,0.010858224404093,0.010858224404093,0.0295483106371658
"TBX21","HMBOX1",0.0147996245155102,0.018,0.018,0.0991513591827231
"TBX21","TTN",0.0147447862236712,0.048,0.048,0.246028516766523
"TBX21","RUNX3",0.0134231255448339,0.06,0.06,0.3104855828481
"TBX21","IL6",0.0122505857322697,0.044,0.044,0.217086227850655
"TBX21","NUB1",0.011561664916707,0.034,0.034,0.202060956052456
"TBX21","ARPC4",0.0115257725871062,0.02,0.02,0.0503664391106037
"TBX21","HOXB6",0.0106729434767759,0.00845070422535211,0.00845070422535211,-0.0102197205510376
"TBX21","TET1",0.0140207271928627,0.0362440733869305,0.0362440733869305,-0.0740121972416805
"TBX21","KLF5",0.0167603204985148,0.0233389926428976,0.0233389926428976,-0.0340677681591386
"TBX5","ZNF423",0.214681253583238,0.167930993737445,0.167930993737445,0.15535717891709
"TBX5","INA",0.0460328009170026,0.0240117263479003,0.0240117263479003,0.128133124751768
"TBX5","PRR19",0.0425760102470071,0.0418504081207823,0.0418504081207823,0.109360257721388
"TBX5","HOXB9",0.0420368501468196,0.0399185975521121,0.0399185975521121,0.061666217717458
"TBX5","MECOM",0.0415223081019895,0.0890460409515919,0.0890460409515919,0.0277926087637433
"TBX5","TEAD4",0.0195406522424457,0.0289203712750366,0.0289203712750366,0.154452868191983
"TBX5","NRL",0.0128774971316308,0.0236848258124854,0.0236848258124854,0.0215647885939353
"TBX6","GLIS3",0.0488546148722061,0.034478021978022,0.034478021978022,0.058637586880896
"TBX6","PAX6",0.0434281175869297,0.0451679321598021,0.0451679321598021,0.0352026490730978
"TBX6","TEF",0.0378537672373973,0.04,0.04,0.0742923313092905
"TBX6","LHX1",0.032031371353868,0.0349635064389163,0.0349635064389163,0.012162923571927
"TBX6","RFX2",0.0292207037472426,0.024,0.024,0.0786920914886373
"TBX6","GCM1",0.0291802825728704,0.0214834929824038,0.0214834929824038,0.0355368418893441
"TBX6","LHX9",0.0227044032971126,0.113040102123763,0.113040102123763,0.0045187388731358
"TBX6","KLF1",0.0195740382850995,0.0267485380116959,0.0267485380116959,0.00258309025163338
"TBX6","APOBEC3B",0.0154663004241161,0.06,0.06,0.0620714741350632
"TBX6","HOXB2",0.0121258355938853,0.00812371134020618,0.00812371134020618,0.000145494092279487
"TCF3","TFAP2C",0.393324118548326,0.305533596837945,0.305533596837945,0.0550703456611814
"TCF3","SHOX",0.265558804777084,0.193023255813953,0.193023255813953,0.0446591196948114
"TCF3","LAG3",0.13382413214262,0.076,0.076,0.166105662889835
"TCF3","NKX6-3",0.127635719466906,0.081281043225352,0.081281043225352,0.110865890326666
"TCF3","POU4F1",0.12352543068382,0.122,0.122,0.0549558609050723
"TCF3","GNB3",0.105452975268803,0.0586922284065141,0.0586922284065141,0.163315178927647
"TCF3","TBX6",0.0986404402388466,0.0690060472931581,0.0690060472931581,0.113095577626312
"TCF3","MEF2B",0.0928295548986938,0.038324727481354,0.038324727481354,0.0398920757641798
"TCF3","FOXC1",0.0844364192626221,0.0532861395782744,0.0532861395782744,0.0456593661924626
"TCF3","ZNF528",0.0772590730255335,0.066,0.066,0.115045548390527
"TCF3","DBP",0.0692275922217964,0.07,0.07,0.143125842488371
"TCF3","IFI27",0.06521146526722,0.078,0.078,0.39282810372001
"TCF3","EMX2",0.0558278276623967,0.0583917718560075,0.0583917718560075,0.175513847734693
"TCF3","KIAA0125",0.0540727862390302,0.09,0.09,0.409156818036074
"TCF3","IRF9",0.0400143719700076,0.044,0.044,0.0624792794049006
"TCF3","BARHL2",0.0379727608157688,0.0286202686202686,0.0286202686202686,0.181725533908269
"TCF3","SOX12",0.0359213417609244,0.03,0.03,0.0196489184030334
"TCF3","TAS1R3",0.0353859890462835,0.042,0.042,0.139143151073851
"TCF3","PTP4A3",0.0347128838551376,0.08,0.08,0.490253053203961
"TCF3","CDKN1C",0.0295562267229414,0.046,0.046,0.277112622811034
"TCF3","HIST1H2BK",0.0266733527819972,0.052,0.052,0.446491770623026
"TCF3","MNX1",0.0251579554726745,0.0338765432098765,0.0338765432098765,0.0485617942026154
"TCF3","H1F0",0.0247218086617081,0.038,0.038,0.213827552455418
"TCF3","ZKSCAN1",0.0244379588393772,0.038,0.038,0.331339842773096
"TCF3","MEF2C",0.0241810466316842,0.048,0.048,0.283530499048456
"TCF3","CADM1",0.0234330579011311,0.022,0.022,0.403880138068336
"TCF3","NR1I3",0.0216559914765821,0.0388888888888889,0.0388888888888889,0.0563879143786418
"TCF3","HES7",0.0170212239138041,0.0707267267267267,0.0707267267267267,0.052686035616457
"TCF3","DEPDC1",0.0136304761658862,0.044,0.044,0.141735811753725
"TCF3","STEAP3",0.0134615113655047,0.0355555555555556,0.0355555555555556,0.0443303249062247
"TCF3","NFATC3",0.0128383048323916,0.034,0.034,0.23488520369884
"TCF3","TEF",0.0122957562433121,0.024,0.024,0.0292883066889835
"TCF3","HOXC4",0.0117885288783027,0.016,0.016,0.156298667944186
"TCF3","CHAC1",0.0109307251430303,0.038,0.038,0.171881365664914
"TCF3","CCR10",0.0100468135973689,0.016,0.016,0.359258001007617
"TCF3","FOXJ3",0.0115132228036592,0.024,0.024,-0.237948365522053
"TCF3","IKZF1",0.0115513140783979,0.046,0.046,-0.18896452159939
"TCF3","TFAP2E",0.0122745159574785,0.0150412087912088,0.0150412087912088,-0.043035331242938
"TCF3","PAX5",0.0142832249970944,0.034,0.034,-0.447574114353299
"TCF3","RAB11FIP1",0.0173622608546272,0.098,0.098,-0.419287309538517
"TCF3","POU2F1",0.0181280418197808,0.024,0.024,-0.0695342297022817
"TCF3","CCDC141",0.0192479163879574,0.074,0.074,-0.300539171565399
"TCF3","ZNF274",0.0202755811015413,0.038,0.038,-0.0963439468939657
"TCF3","CD69",0.02054450144265,0.108,0.108,-0.649515201673742
"TCF3","PROX1",0.0212939311210396,0.0774621426683282,0.0774621426683282,-0.111026067093669
"TCF3","GNAZ",0.021318650782937,0.072,0.072,-0.11807009289157
"TCF3","GMEB2",0.0235431922245543,0.074,0.074,-0.159409100975271
"TCF3","ONECUT2",0.0257985375044151,0.0489658698086567,0.0489658698086567,-0.0174101162705322
"TCF3","C1orf228",0.027883227903613,0.03,0.03,-0.229068350402598
"TCF3","DLL1",0.0279767569825811,0.048,0.048,-0.325555213014806
"TCF3","HES6",0.0475687175657211,0.062,0.062,-0.0490633778326568
"TCF3","BTNL9",0.0617362715351015,0.066,0.066,-0.264040748645126
"TCF3","DUSP8",0.0740727182414057,0.092,0.092,-0.400841520037524
"TCF3","KIF13A",0.0839344349157902,0.036,0.036,-0.237060152468647
"TCF3","NRF1",0.0853963980192061,0.078,0.078,-0.113733088906168
"TCF3","ZNF263",0.106242659050237,0.062,0.062,-0.160442490819341
"TCF3","FOXJ2",0.117048135284289,0.102,0.102,-0.0940742216291714
"TCF3","NXPH4",0.152342554300286,0.07,0.07,-0.366631541196156
"TCF4","NFATC2",0.335515970871284,0.11,0.11,0.316829961614391
"TCF4","MAFK",0.258525635391356,0.11,0.11,0.185143160435618
"TCF4","CD84",0.222737331311484,0.108,0.108,0.36819560564501
"TCF4","ESRRA",0.159220951005587,0.092,0.092,0.0648528150023687
"TCF4","CEBPB",0.13767096461797,0.078,0.078,0.159260568862562
"TCF4","SERPINB9",0.132077355783346,0.104,0.104,0.321355583185251
"TCF4","SPIB",0.124463440436993,0.09,0.09,0.280235978797679
"TCF4","SYCP2",0.121400004274881,0.038,0.038,0.0473067850897265
"TCF4","SESN3",0.116966634605589,0.17,0.17,0.34076203115674
"TCF4","RELA",0.106015993146112,0.106,0.106,0.301512046125547
"TCF4","FOXJ2",0.102959045588789,0.082,0.082,0.090850513529553
"TCF4","CXCR5",0.102428560210698,0.136,0.136,0.374561196474734
"TCF4","ZNF24",0.0923973117868465,0.068,0.068,0.350580296015862
"TCF4","CENPB",0.0860092329593927,0.1,0.1,0.149678880060735
"TCF4","HIST1H2BK",0.0852751299203511,0.092,0.092,0.278172474561573
"TCF4","FCER2",0.0762651286392785,0.13,0.13,0.291232821869502
"TCF4","ZNF274",0.0761941405961305,0.04,0.04,0.186110255046725
"TCF4","RFX5",0.062752168271959,0.06,0.06,0.287666740255234
"TCF4","MFHAS1",0.0604873997556398,0.146,0.146,0.284519097432802
"TCF4","PLAGL2",0.0580891668315603,0.054,0.054,0.148195233999735
"TCF4","PAX5",0.0539049206124229,0.082,0.082,0.334421068985428
"TCF4","CTCF",0.0497487832688447,0.076,0.076,0.165297004726143
"TCF4","CREB1",0.0492997325588831,0.044,0.044,0.198348797634822
"TCF4","SOX12",0.0491040848721519,0.028,0.028,0.11206567474996
"TCF4","ZNF263",0.048355808588179,0.026,0.026,0.0376403552681688
"TCF4","PPARA",0.0483207470609063,0.054,0.054,0.122191554447637
"TCF4","ATF5",0.0480600323765763,0.068,0.068,0.0934417478479947
"TCF4","SNX10",0.0470308215335403,0.07,0.07,0.317597217085355
"TCF4","CXCL16",0.0468790437058238,0.07,0.07,0.272598997887347
"TCF4","SORL1",0.0466845544718699,0.058,0.058,0.120419115819451
"TCF4","MTF1",0.0454250098707446,0.034,0.034,0.187071358450812
"TCF4","BIRC3",0.0442823893211709,0.104,0.104,0.348684837721584
"TCF4","ZNF682",0.0422455175359671,0.045809269775804,0.045809269775804,0.0702020893246213
"TCF4","AICDA",0.0420758814123656,0.094,0.094,0.0244896751790329
"TCF4","TEF",0.0407751623039084,0.054,0.054,0.132378217144005
"TCF4","KIF13A",0.0393649242185665,0.036,0.036,0.0289220017591524
"TCF4","ZNF382",0.0355821389765462,0.0181224489795918,0.0181224489795918,0.144162387096172
"TCF4","CXCR4",0.0336218575673142,0.126,0.126,0.287452379093091
"TCF4","CD40",0.0330611533952377,0.024,0.024,0.343604158822351
"TCF4","PKNOX1",0.032398209992227,0.044,0.044,0.0888787541058466
"TCF4","NFIC",0.0321495766076093,0.018,0.018,0.151004078902576
"TCF4","ARID5A",0.0320742073177242,0.07,0.07,0.280004043514222
"TCF4","ZNF281",0.027893949099904,0.06,0.06,0.150035671638886
"TCF4","CADM1",0.0271732505138595,0.066,0.066,0.123709353611067
"TCF4","MAFG",0.0248310909596551,0.048,0.048,0.236042924611913
"TCF4","CAPG",0.0242951810280585,0.05,0.05,0.238421247949297
"TCF4","HES6",0.0240376118501948,0.048,0.048,0.0563079342550657
"TCF4","LAG3",0.0240098311389367,0.04,0.04,0.113325456815396
"TCF4","STAT5B",0.0239436943532785,0.034,0.034,0.306150319100764
"TCF4","ABCE1",0.0234988266738451,0.13,0.13,0.159321034620539
"TCF4","SOCS3",0.023423497149899,0.066,0.066,0.240384918255927
"TCF4","CEBPD",0.0232451027254862,0.0453625780208991,0.0453625780208991,0.029764087677377
"TCF4","SOX2",0.0231654235889922,0.076,0.076,0.0346365674421095
"TCF4","SREBF2",0.0209484159963423,0.054,0.054,0.0988928109582595
"TCF4","RASSF6",0.0208157882385104,0.076,0.076,0.0488393558102772
"TCF4","PTMS",0.0207027720813635,0.076,0.076,0.00391554688588141
"TCF4","TESC",0.0204447881896055,0.09,0.09,0.0469339194475904
"TCF4","E2F4",0.020018767783373,0.05,0.05,0.138235480169613
"TCF4","STIP1",0.0179827228593407,0.112,0.112,0.1116953739559
"TCF4","CCL17",0.0173216325194238,0.066,0.066,0.00520155709206505
"TCF4","CCR10",0.0171030897541576,0.032,0.032,0.0569078920398765
"TCF4","NFKB2",0.0170668407186236,0.088,0.088,0.209292728244829
"TCF4","RFX3",0.0164163756073405,0.032,0.032,0.0706403934102525
"TCF4","AIM1",0.0163188624766884,0.048,0.048,0.193021784758232
"TCF4","ZKSCAN1",0.0162793583640255,0.034,0.034,0.12440309064518
"TCF4","CCDC141",0.0159107013970083,0.006,0.006,0.152619465338289
"TCF4","SERPINB1",0.0157507486064054,0.06,0.06,0.243127828992141
"TCF4","NOLC1",0.0156879728179012,0.074,0.074,0.135403173646279
"TCF4","ZBTB7A",0.015326236284835,0.032,0.032,0.099074721053147
"TCF4","IRF2",0.0146208152072052,0.05,0.05,0.112562798236881
"TCF4","ZSCAN29",0.0140191627828358,0.03,0.03,0.00492591845374689
"TCF4","IL1RN",0.0133632142550024,0.036,0.036,0.134500644717287
"TCF4","SLC16A3",0.0127744102011717,0.042,0.042,0.0966821120248372
"TCF4","PEA15",0.0125979214621795,0.04,0.04,0.338143788291323
"TCF4","FLI1",0.0122265879539455,0.04,0.04,0.0791956632001771
"TCF4","BNIP3",0.0118311423117682,0.038,0.038,0.103440418495295
"TCF4","TFAP2E",0.0117835766516953,0.0345142114472011,0.0345142114472011,0.0336017914389698
"TCF4","FKBP4",0.0115719412574335,0.072,0.072,0.0668244872062558
"TCF4","ZBTB7B",0.0115590760141474,0.028,0.028,0.084815947097611
"TCF4","POU6F1",0.011544186825924,0.024,0.024,0.0788710820580764
"TCF4","NPM1",0.0115196694356299,0.056,0.056,0.144870692557376
"TCF4","POU2F1",0.0112889415670853,0.018,0.018,0.00250205169283792
"TCF4","ATF3",0.0112547212413068,0.03,0.03,0.0950225764265498
"TCF4","CD226",0.0112447176947413,0.038,0.038,0.0121652775261761
"TCF4","HSP90AB1",0.0107809471404509,0.11,0.11,0.178825705493062
"TCF4","NCKAP5L",0.0104386986846188,0.026,0.026,0.154925739212013
"TCF4","TRIAP1",0.0103612950930197,0.042,0.042,0.115047518391253
"TCF4","FOS",0.0103125826933977,0.048,0.048,-0.0108392411950825
"TCF4","TBX6",0.0105870905903995,0.0104866422791265,0.0104866422791265,-0.0274392416603191
"TCF4","KISS1R",0.0111749991120219,0.0262626262626263,0.0262626262626263,-0.0132701496516113
"TCF4","ID2",0.0121015001806422,0.06,0.06,-0.0570184274376647
"TCF4","E2F8",0.0126882782473991,0.058,0.058,-0.17585050361148
"TCF4","SREBF1",0.0146670033317227,0.066,0.066,-0.223318900655374
"TCF4","AIF1",0.0148351158136139,0.068,0.068,-0.000116714936662958
"TCF4","KIF5C",0.01486365936928,0.04,0.04,-0.0440655991627354
"TCF4","MT1E",0.0154819452131657,0.048,0.048,-0.0970683104472641
"TCF4","NPDC1",0.0158865254429852,0.032,0.032,-0.139072735406621
"TCF4","PRDM15",0.0162636743766795,0.044,0.044,-0.136400228026151
"TCF4","PRR19",0.0221244623584663,0.060136719510542,0.060136719510542,-0.000850676123334304
"TCF4","JUP",0.0254920828730986,0.064,0.064,-0.00743663923716028
"TCF4","FGR",0.0280726839879869,0.1,0.1,-0.0411723515590012
"TCF4","C1orf228",0.0306892156507052,0.084,0.084,-0.101768837423476
"TCF4","GFI1",0.0350392752461487,0.0403252937538652,0.0403252937538652,-0.0735399929195621
"TCF4","NHLH1",0.0353538037383936,0.0387580609782847,0.0387580609782847,-0.0951862548204441
"TCF4","FOSL1",0.0362244635633632,0.08475,0.08475,-0.0550489266997981
"TCF4","SNAI3",0.0366305307880368,0.038,0.038,-0.135933074868861
"TCF4","UNC119",0.0390729266727009,0.118,0.118,-0.00202822679324192
"TCF4","CTCFL",0.0504498966764123,0.0605056759545924,0.0605056759545924,-0.0338973536971166
"TCF4","MAZ",0.0552700228795248,0.1,0.1,-0.256650631926726
"TCF4","HSF4",0.0595807127993457,0.0496306744676375,0.0496306744676375,-0.0877214871833337
"TCF4","MYBL1",0.0777341524949065,0.06875,0.06875,-0.103465826192548
"TCF7","SORL1",0.301832729645764,0.098,0.098,0.582654388915235
"TCF7","ZFP36L1",0.221356106875655,0.114,0.114,0.732962795550211
"TCF7","FOXJ3",0.216449063134958,0.08,0.08,0.326897764638678
"TCF7","EMILIN2",0.201636962461553,0.088,0.088,0.392833619723835
"TCF7","ZBTB7A",0.128125262026422,0.054,0.054,0.279673127360654
"TCF7","EOMES",0.11982483209052,0.038,0.038,0.169103536627328
"TCF7","GNAZ",0.113875832708708,0.078,0.078,0.313239775227369
"TCF7","CD40",0.105004150757106,0.088,0.088,0.268693850640708
"TCF7","NUB1",0.0989938229368586,0.078,0.078,0.314995534340153
"TCF7","STAT5A",0.0651370314817918,0.088,0.088,0.465094574817896
"TCF7","FOXJ2",0.0564151726169391,0.058,0.058,0.146548042572113
"TCF7","ZNF703",0.0549453538312774,0.056,0.056,0.314391985958152
"TCF7","RFX3",0.05480315521985,0.056,0.056,0.179853674356562
"TCF7","ZBTB18",0.050829223916084,0.086,0.086,0.495854227911647
"TCF7","RFX7",0.0483761308158178,0.046,0.046,0.374263576915261
"TCF7","CXCL10",0.0471276010676954,0.098,0.098,0.192465582655448
"TCF7","BIRC3",0.0466093711445356,0.026,0.026,0.431317479231509
"TCF7","CCL5",0.0450059711574358,0.102,0.102,0.285811210984424
"TCF7","TCF7L2",0.0438155012413897,0.022243661100804,0.022243661100804,0.0770212476550643
"TCF7","CD80",0.0375714886422922,0.086,0.086,0.338184352732405
"TCF7","CYP1B1",0.0335227983459344,0.106,0.106,0.166090553666648
"TCF7","TSPAN33",0.0281615855958834,0.04,0.04,0.429531133627981
"TCF7","KSR1",0.0250191807516052,0.072,0.072,0.233057680514298
"TCF7","RXRA",0.0246306330864838,0.036,0.036,0.188112616169031
"TCF7","AIM1",0.0245784812906839,0.014,0.014,0.333748880199909
"TCF7","RORA",0.0240385372854093,0.022,0.022,0.325487522919884
"TCF7","ARID5A",0.0239345495005246,0.036,0.036,0.320541154060004
"TCF7","RUNX3",0.021254216654384,0.048,0.048,0.541478210057657
"TCF7","NEUROD1",0.0204385883469298,0.0113927358244055,0.0113927358244055,0.0708072699004824
"TCF7","HSPB1",0.0159451624501232,0.06,0.06,0.201022521548875
"TCF7","NFE2L2",0.0158746273695885,0.044,0.044,0.0191080704380358
"TCF7","CEBPG",0.0154558790931743,0.022,0.022,0.344981951720878
"TCF7","FCRL3",0.0144632773650529,0.02,0.02,0.397734916395649
"TCF7","ZNF354C",0.0126035268924748,0.04,0.04,0.257798612824789
"TCF7","ETV6",0.0120538131831339,0.02,0.02,0.299027778755568
"TCF7","ARL6IP1",0.011569787907127,0.042,0.042,0.0516273751737435
"TCF7","RAB11FIP1",0.0112670801862247,0.008,0.008,0.472973271820838
"TCF7","SESN3",0.0107950628916879,0.018,0.018,0.603679950074178
"TCF7","LEF1",0.0101611782974446,0.074,0.074,0.216694659880974
"TCF7","HLA-DQA1",0.0101302545363297,0.01,0.01,0.347318022356268
"TCF7","MEF2C",0.0155707941044445,0.048,0.048,-0.0367287635230667
"TCF7","AQP3",0.0169916039647763,0.016,0.016,-0.468082156057285
"TCF7","IGJ",0.0266034773602056,0.012,0.012,-0.527331752903611
"TCF7","RASSF6",0.0550588083168775,0.03,0.03,-0.267915034514197
"TCF7","ATF4",0.0585642172199557,0.068,0.068,-0.309107615363126
"TCF7L1","BTNL9",0.118156582808374,0.072,0.072,0.197539540204288
"TCF7L1","DNAJC5B",0.0914054947174649,0.102,0.102,0.187559465541519
"TCF7L1","ZNF16",0.0721690902018328,0.032,0.032,0.0918905370661301
"TCF7L1","TEF",0.0665190407995347,0.038,0.038,0.0919505714790783
"TCF7L1","YY2",0.0482488460605702,0.03522424433691,0.03522424433691,0.100103957614542
"TCF7L1","FAM92B",0.0475279243614761,0.052,0.052,0.0393834875230382
"TCF7L1","HIC1",0.0411367555738329,0.036,0.036,0.139518615484826
"TCF7L1","RARG",0.0240014387258848,0.052,0.052,0.0964099834609917
"TCF7L1","MGA",0.0227951568700211,0.044,0.044,0.0982003244200129
"TCF7L1","HIC2",0.0155382488527453,0.032,0.032,0.0217257281931618
"TCF7L1","KLF7",0.0131659660870509,0.042,0.042,0.153851924322668
"TCF7L1","BATF2",0.0129707309168731,0.0327436217848589,0.0327436217848589,0.0563179672915398
"TCF7L2","AR",0.739817546001549,0.601540564698459,0.601540564698459,0.0606669604933956
"TCF7L2","GATA3",0.300027232388034,0.097937701396348,0.097937701396348,0.164777166790026
"TCF7L2","MYF6",0.105161677338882,0.0468892656841007,0.0468892656841007,0.100500464285272
"TCF7L2","TBX6",0.0746742274232109,0.0459293665657326,0.0459293665657326,0.134951123582885
"TCF7L2","HEY2",0.0541888301102958,0.0374548388405634,0.0374548388405634,0.0304394491274414
"TCF7L2","ELF5",0.0343080355620593,0.0889747571495101,0.0889747571495101,0.15907372336786
"TCF7L2","ZNF263",0.0324150492117415,0.032,0.032,0.0857361827156269
"TCF7L2","FAM92B",0.014746457281035,0.024,0.024,0.0609607933363582
"TCF7L2","NEUROG2",0.05410820833953,0.0329508196721311,0.0329508196721311,-0.00872233669030034
"TCFL5","ALPL",0.0748126608594722,0.074,0.074,0.320713244922828
"TCFL5","CXCL16",0.0684028867820218,0.092,0.092,0.241197554457071
"TCFL5","MEIS2",0.0534103381847579,0.0532049799568301,0.0532049799568301,0.0232647194743347
"TCFL5","FOXN3",0.036131127016086,0.054,0.054,0.156651740300991
"TCFL5","SREBF2",0.0333132201791349,0.026,0.026,0.00441475194089414
"TCFL5","BACH2",0.0311482526986373,0.072,0.072,0.431583776599757
"TCFL5","ZIC2",0.0300888710802924,0.0416302995250364,0.0416302995250364,0.0322416314127392
"TCFL5","USF2",0.0245500455056707,0.04,0.04,0.115440161559748
"TCFL5","TCF7L1",0.0244203982461008,0.036,0.036,0.125875619273869
"TCFL5","NR2C1",0.0239037931263535,0.02,0.02,0.0907296199573045
"TCFL5","DUSP8",0.0169201394433296,0.068,0.068,0.347468340951852
"TCFL5","NFIC",0.0125853505749366,0.024,0.024,0.07447323271066
"TCFL5","NFATC2",0.0120500745895066,0.032,0.032,0.0621139448056121
"TCFL5","C1orf228",0.0115480023118735,0.01,0.01,0.142825965177968
"TCFL5","CCSER2",0.011039358478073,0.036,0.036,0.264960313626635
"TCFL5","SMAD5",0.0111271927439997,0.014,0.014,-0.162344676345006
"TCFL5","MSC",0.0113200591147646,0.036,0.036,-0.120654879061969
"TCFL5","COL1A2",0.0138792088489123,0.03,0.03,-0.112832221964835
"TCFL5","PPM1G",0.0161831202136242,0.022,0.022,-0.0975966921590165
"TCFL5","MAZ",0.0171422850800865,0.054,0.054,-0.19740998050507
"TCFL5","GFI1",0.0350724374148704,0.0421624407338693,0.0421624407338693,-0.0868061859515927
"TCFL5","RFX2",0.0359873084681667,0.0524081632653061,0.0524081632653061,-0.0936186774990011
"TCFL5","MT1H",0.0364399278784786,0.0490286771507863,0.0490286771507863,-0.0511673732339138
"TCFL5","HSF4",0.0372522897553067,0.0351937365426539,0.0351937365426539,-0.0836134849054825
"TEAD1","FHL2",0.127278607219969,0.0528906220517817,0.0528906220517817,0.130860356599644
"TEAD1","TEAD3",0.107134026737117,0.0508201917130489,0.0508201917130489,0.165312518751139
"TEAD1","TFAP2A",0.102229080739196,0.0401695146958305,0.0401695146958305,0.0519836209465752
"TEAD1","ARNTL",0.0825044091410736,0.038,0.038,0.146785217486235
"TEAD1","SOX18",0.070126834809266,0.139653025196598,0.139653025196598,0.138366771111114
"TEAD1","POU2F3",0.0583489761666633,0.0313134691395561,0.0313134691395561,0.0482719740329669
"TEAD1","CARD17",0.0467699486911241,0.0308077019254814,0.0308077019254814,0.0968372208194633
"TEAD1","HLF",0.046671262457725,0.0269680524708338,0.0269680524708338,0.119176473285535
"TEAD1","NR5A2",0.0433288255773906,0.0210963690603728,0.0210963690603728,0.0811705477193103
"TEAD1","TET1",0.0415866933295323,0.0200816326530612,0.0200816326530612,0.104459212052687
"TEAD1","CREB3L1",0.0325471851240607,0.0429991714995858,0.0429991714995858,0.0370547172901032
"TEAD1","NPAS2",0.0292294126429661,0.0434393344573391,0.0434393344573391,0.131795989926341
"TEAD1","FSCN1",0.0258737586153366,0.056,0.056,0.182186134535307
"TEAD1","GATA2",0.0235626290833242,0.0503105590062112,0.0503105590062112,0.0475226793935941
"TEAD1","AC099552.4",0.0159321089956441,0.00839958939902949,0.00839958939902949,0.143842762686883
"TEAD2","CD72",0.415637056500034,0.074,0.074,0.568963296318289
"TEAD2","STAT3",0.236134748253673,0.044,0.044,0.502084359129739
"TEAD2","IFIT2",0.143500752277375,0.08,0.08,0.286923252199718
"TEAD2","MYCN",0.133454643432026,0.0528486847246007,0.0528486847246007,0.273829093254745
"TEAD2","GRAMD1B",0.11224392290915,0.056,0.056,0.54051121600742
"TEAD2","NFE2L1",0.0990768614392692,0.044,0.044,0.377762661672507
"TEAD2","CMTM3",0.0747613652781824,0.046,0.046,0.192564887340716
"TEAD2","LTA",0.0688277910985437,0.044,0.044,0.336951521938862
"TEAD2","BCAT1",0.0683439363723519,0.034,0.034,0.196527866979988
"TEAD2","MGST3",0.0678098187232738,0.044,0.044,0.173570932131104
"TEAD2","GPR132",0.0624523270313093,0.02,0.02,0.185073342276405
"TEAD2","CXCL10",0.0621833322919378,0.102,0.102,0.200860585215264
"TEAD2","BACH2",0.0613254432473978,0.092,0.092,0.266646596567866
"TEAD2","IL6",0.059434874584697,0.072,0.072,0.176598605560398
"TEAD2","ZFX",0.0465866089348052,0.042,0.042,0.152342659678892
"TEAD2","ZNF135",0.0423585433245108,0.0157626855902718,0.0157626855902718,0.440604557823167
"TEAD2","VRK2",0.0414586302617061,0.02,0.02,0.0992733300171662
"TEAD2","CD22",0.0358435605278751,0.07,0.07,0.455097206411171
"TEAD2","BCAS4",0.0343580556979296,0.014,0.014,0.238013015205121
"TEAD2","ZNF460",0.0325007422201275,0.026,0.026,0.266015318186412
"TEAD2","E2F3",0.0313523830380243,0.054,0.054,0.0806010201248316
"TEAD2","DSE",0.0313334834117639,0.016,0.016,0.188363407292392
"TEAD2","ZNF274",0.0280474589784272,0.018,0.018,0.189406103935431
"TEAD2","CCR7",0.0254396726503177,0.04,0.04,0.511879301794639
"TEAD2","SYCP2",0.0253513707067745,0.028,0.028,0.185505667008228
"TEAD2","KYNU",0.0205102156767256,0.092,0.092,0.0448235694413408
"TEAD2","NR2C1",0.0178977616274074,0.014,0.014,0.0840305892532736
"TEAD2","LSM2",0.0176624089796959,0.016,0.016,0.110164651565735
"TEAD2","ARL6IP5",0.0175885255468164,0.052,0.052,0.281160250684302
"TEAD2","CCDC28B",0.0174572401322623,0.088,0.088,0.0998741004991155
"TEAD2","SNRPE",0.0169303233793285,0.04,0.04,0.132235172355616
"TEAD2","BATF",0.0164635826314701,0.042,0.042,0.391095121505336
"TEAD2","CCDC86",0.015154950282986,0.052,0.052,0.102171600689349
"TEAD2","MPP7",0.0150714288022363,0.012,0.012,0.105148608305414
"TEAD2","CXCL16",0.0150708657716285,0.038,0.038,0.232011524344177
"TEAD2","BIRC3",0.0150184683529948,0.02,0.02,0.435265890036454
"TEAD2","REST",0.0147390466609251,0.016,0.016,0.0888392528574951
"TEAD2","SELL",0.0142072849880142,0.042,0.042,0.182521587414523
"TEAD2","C1QBP",0.013062481061056,0.038,0.038,0.068517406710891
"TEAD2","PIK3CD",0.0117246726197075,0.034,0.034,0.298939729049378
"TEAD2","GATA2",0.0113027872391261,0.0299722479185939,0.0299722479185939,-0.00485121237481356
"TEAD2","HOPX",0.0124713093640018,0.066,0.066,-0.0204224665978952
"TEAD2","KLF10",0.0185017939451931,0.04,0.04,-0.113974933027978
"TEAD2","LMNA",0.0309306963445012,0.072,0.072,-0.0508132607744678
"TEAD3","LBX2",0.341727221363568,0.118442427138079,0.118442427138079,0.257492596587202
"TEAD3","ZBTB12",0.14932705797965,0.034,0.034,0.0639439141197134
"TEAD3","ELF3",0.0384491213775101,0.0184725436566379,0.0184725436566379,0.0206512669220228
"TEAD3","LHX8",0.0383017631546222,0.0334958540630182,0.0334958540630182,0.0556077616683895
"TEAD3","ARNTL",0.0259457664513933,0.03,0.03,0.104386601532128
"TEAD3","ZNF135",0.0254210498183327,0.0836977145287877,0.0836977145287877,0.0422034860295436
"TEAD3","FAM92B",0.0223438338205875,0.018,0.018,0.090543543332533
"TEAD3","MIXL1",0.0191283883201397,0.058,0.058,0.226378644791006
"TEAD3","CDKN1C",0.0189798167315912,0.052,0.052,0.198479068601136
"TEAD3","IL1RN",0.0116174136821846,0.006,0.006,0.143296840975221
"TEAD3","RUNX2",0.0105581263756152,0.034,0.034,0.0255430892159476
"TEAD3","P2RY6",0.0105279742120308,0.0101052631578947,0.0101052631578947,0.023105359464077
"TEAD4","MYB",0.28148920789516,0.05,0.05,0.456576635899308
"TEAD4","POLR3G",0.224020789142844,0.032,0.032,0.41290451570738
"TEAD4","ATIC",0.185046839320648,0.03,0.03,0.424188268153285
"TEAD4","ITGA2",0.138302106241538,0.0530748663101604,0.0530748663101604,0.224243039284833
"TEAD4","UNG",0.115261227956637,0.04,0.04,0.462514756814418
"TEAD4","ODC1",0.11438178720821,0.038,0.038,0.345525670682232
"TEAD4","KLF5",0.0974716021566933,0.0475742141276946,0.0475742141276946,0.197228914723652
"TEAD4","APEX1",0.0923980254648877,0.02,0.02,0.362772782434866
"TEAD4","CDC25A",0.0904181072830209,0.032,0.032,0.491184068374393
"TEAD4","EMP1",0.0889077747414668,0.0521010101010101,0.0521010101010101,0.340041830703125
"TEAD4","TFAP4",0.0866521700618897,0.032,0.032,0.229713301379994
"TEAD4","CENPB",0.0822291538811367,0.052,0.052,0.268280372849631
"TEAD4","TUBB6",0.0736553433711386,0.054,0.054,0.459054561172812
"TEAD4","CCNE1",0.0729498800517114,0.04,0.04,0.441930022586388
"TEAD4","PPA1",0.071715514224572,0.02,0.02,0.344868247856331
"TEAD4","MLTK",0.0716278040351262,0.016,0.016,0.356182450705783
"TEAD4","TUBB2A",0.0663095421608486,0.018,0.018,0.298294314307288
"TEAD4","ATP8B4",0.0650753296727463,0.036,0.036,0.253050050280365
"TEAD4","KYNU",0.0638343725159515,0.034,0.034,0.271978416724015
"TEAD4","BCAT1",0.0596733621543998,0.028,0.028,0.328970290540414
"TEAD4","CCDC86",0.0592119527185519,0.02,0.02,0.430556768565671
"TEAD4","BZW2",0.0590939075611049,0.03,0.03,0.436827443694983
"TEAD4","PAICS",0.0583698114890509,0.03,0.03,0.446207353518633
"TEAD4","NPM1",0.0579627555988663,0.028,0.028,0.407645831994529
"TEAD4","FHL2",0.056790839266112,0.0240192792104352,0.0240192792104352,0.270342542167798
"TEAD4","DKC1",0.0543507268986859,0.028,0.028,0.419427441015209
"TEAD4","CCT6A",0.0517007006204784,0.028,0.028,0.435454431737355
"TEAD4","ACOT7",0.046521972384971,0.03,0.03,0.477588648536676
"TEAD4","GRPEL1",0.0443143114577799,0.026,0.026,0.362049990018126
"TEAD4","PPIF",0.0434897726521467,0.034,0.034,0.440193715747299
"TEAD4","NR1I3",0.0434226187375943,0.0251173708920188,0.0251173708920188,0.0556591678120006
"TEAD4","MCM4",0.0431820774563577,0.034,0.034,0.474069488024657
"TEAD4","GPATCH4",0.0364057051359278,0.042,0.042,0.447075416241773
"TEAD4","CCNB1",0.036289079876896,0.018,0.018,0.351149392900669
"TEAD4","TTLL12",0.0354888029176296,0.02,0.02,0.427311579443904
"TEAD4","ANKRD13B",0.0340801528318717,0.0181010101010101,0.0181010101010101,0.324268768113258
"TEAD4","GLO1",0.0324835798296737,0.026,0.026,0.421579815571136
"TEAD4","NOLC1",0.0324031127727372,0.042,0.042,0.415458937189773
"TEAD4","E2F8",0.0317745348726637,0.024,0.024,0.325174536808561
"TEAD4","RRM2",0.0316392159204824,0.022,0.022,0.456727710798079
"TEAD4","SOX15",0.0299150373535667,0.0345290569675548,0.0345290569675548,0.0800157087741937
"TEAD4","PASK",0.0299139512402289,0.05,0.05,0.187559906270729
"TEAD4","SRF",0.0280956176400671,0.018,0.018,0.267092759452699
"TEAD4","PPP2R3C",0.0276962642073471,0.012,0.012,0.354512996220108
"TEAD4","CCT7",0.0271568541073359,0.028,0.028,0.404523389159729
"TEAD4","ANXA3",0.0269153141088735,0.012,0.012,0.28876479242573
"TEAD4","FAM111B",0.0260634283085954,0.06,0.06,0.415487149239019
"TEAD4","HOPX",0.0259967162239158,0.022,0.022,0.16579692973067
"TEAD4","CYCS",0.0236885690345738,0.01,0.01,0.400548798438876
"TEAD4","CCDC152",0.0236100176782936,0.018,0.018,0.176172004500671
"TEAD4","GATA2",0.0224206767283425,0.0529828952857739,0.0529828952857739,0.144502373175875
"TEAD4","CMTM3",0.0209896460943322,0.016,0.016,0.360774886712151
"TEAD4","HELLS",0.0202382583796354,0.044,0.044,0.462469278973643
"TEAD4","KLHL21",0.0184322367269935,0.012,0.012,0.199953171423668
"TEAD4","CCNB2",0.0180951268350065,0.008,0.008,0.396776725408985
"TEAD4","FAH",0.0178035729793504,0.014,0.014,0.266730966246029
"TEAD4","PRKCDBP",0.0170488993628208,0.038,0.038,0.132341589661232
"TEAD4","WDR76",0.0165983183360483,0.048,0.048,0.449665948540256
"TEAD4","HSPD1",0.0157755244509674,0.024,0.024,0.448816771221059
"TEAD4","IVNS1ABP",0.0155464327792998,0.014,0.014,0.321483009777494
"TEAD4","ACTG1",0.0150238058737048,0.006,0.006,0.416451703962808
"TEAD4","C12orf75",0.0148311416714743,0.018,0.018,0.428443089538859
"TEAD4","PCNA",0.0133482090336311,0.03,0.03,0.452262669893168
"TEAD4","RILPL2",0.0130710093813172,0.042,0.042,0.205311595141708
"TEAD4","TYMS",0.0124661040739131,0.018,0.018,0.451351137170205
"TEAD4","KIAA0101",0.0117025637588183,0.026,0.026,0.456977144332946
"TEAD4","AK4",0.0116813053551528,0.008,0.008,0.410339231431805
"TEAD4","MCM3",0.0112381725855695,0.042,0.042,0.438906059043953
"TEAD4","ARNTL2",0.0106990353872056,0.008,0.008,0.373956710720216
"TEF","ATF6",0.0104439257618594,0.02,0.02,0.0520383236235555
"TFAP2A","FOXH1",0.196112043952252,0.187830687830688,0.187830687830688,0.0328086801538096
"TFAP2A","SCRT1",0.178674739783503,0.090226636108989,0.090226636108989,0.136566806534687
"TFAP2A","GLIS2",0.135296681838149,0.0858675268286252,0.0858675268286252,0.0920783985973293
"TFAP2A","HES7",0.0951617596949164,0.0865075075075075,0.0865075075075075,0.0791321513270822
"TFAP2A","PHLDA3",0.0797187641952357,0.04,0.04,0.222776692860304
"TFAP2A","HES2",0.0731608054773148,0.045054945054945,0.045054945054945,0.111335093241186
"TFAP2A","HOXA1",0.0479139731206096,0.0213738989571732,0.0213738989571732,0.125969387615855
"TFAP2A","MEIS3",0.0445264951836486,0.0454020450418516,0.0454020450418516,0.103915425530495
"TFAP2A","INA",0.0439902136409353,0.0311839693267845,0.0311839693267845,0.142720659302051
"TFAP2A","FOXC1",0.0408487640947301,0.0311615974537323,0.0311615974537323,0.0809226568845021
"TFAP2A","KIF5C",0.0353475571004875,0.018,0.018,0.214393421690547
"TFAP2A","SLC16A9",0.031600735454553,0.0276312133374498,0.0276312133374498,0.164743780901929
"TFAP2A","TLX2",0.028661197812905,0.0194644250867954,0.0194644250867954,0.0629483489476846
"TFAP2A","HES5",0.0246101118319359,0.0503630878924997,0.0503630878924997,0.0407053076240184
"TFAP2A","RCAN2",0.0231455094874346,0.068,0.068,0.279847938476572
"TFAP2A","PPARG",0.0217140680359697,0.00872217932353142,0.00872217932353142,0.125841738496594
"TFAP2A","ARNT2",0.0202275789036654,0.0248726501185518,0.0248726501185518,0.0583806234283328
"TFAP2A","CD163L1",0.0195350913912332,0.0112626262626263,0.0112626262626263,0.177755470499501
"TFAP2A","EGR2",0.0162449022544738,0.03,0.03,0.115800288769633
"TFAP2A","CCNA1",0.0140193117505216,0.00869721053451769,0.00869721053451769,0.116599286248259
"TFAP2A","AC099552.4",0.0139854226036989,0.00631625606569615,0.00631625606569615,0.121288005244456
"TFAP2A","STEAP3",0.0128379369796285,0.00888888888888889,0.00888888888888889,0.104920934735389
"TFAP2A","RRM2B",0.0125092152563726,0.026,0.026,0.170871397032982
"TFAP2A","FDXR",0.0118010634173941,0.028,0.028,0.202355127961185
"TFAP2A","ARNTL2",0.0116017183632796,0.05,0.05,0.229875383954745
"TFAP2A","COL7A1",0.0114361731277683,0.026,0.026,0.0536632412605635
"TFAP2B","MEIS3",0.454820386680739,0.124633854807777,0.124633854807777,0.375055784676271
"TFAP2B","SOX18",0.452578226129371,0.136143898504084,0.136143898504084,0.390930401386761
"TFAP2B","NPAS2",0.197097833564766,0.048278481052509,0.048278481052509,0.487085614476454
"TFAP2B","AC099552.4",0.106889427163751,0.044036954087346,0.044036954087346,0.401388039104455
"TFAP2B","ZIC1",0.0925817120527503,0.112168186423506,0.112168186423506,0.0522623409937778
"TFAP2B","BCAS1",0.0919648517704203,0.062,0.062,0.376063189407627
"TFAP2B","CYP1B1",0.070306324033845,0.036,0.036,0.375361805467959
"TFAP2B","EMX1",0.068265736167727,0.0293864957097221,0.0293864957097221,0.201890621384894
"TFAP2B","INSM1",0.0291511060276845,0.0497239849247881,0.0497239849247881,0.078259371886304
"TFAP2B","CCDC28B",0.0227080822593059,0.016,0.016,0.377200136500599
"TFAP2B","LHX2",0.0195856299213492,0.0164985994397759,0.0164985994397759,0.156280122702782
"TFAP2B","HES2",0.0115484678659278,0.00666666666666667,0.00666666666666667,0.110502942997233
"TFAP2C","HOXD8",0.328786392062328,0.223834752867011,0.223834752867011,0.105745354005674
"TFAP2C","ASCL2",0.0420161067632544,0.0251829065513801,0.0251829065513801,0.0482975050298979
"TFAP2C","SLC16A9",0.0319935524156932,0.0247900586600803,0.0247900586600803,0.052968607960194
"TFAP2C","AC099552.4",0.0210846393698613,0.00837719298245614,0.00837719298245614,0.0618915306529826
"TFAP2E","HOXD3",0.165082422273362,0.106882676943653,0.106882676943653,0.117644281021488
"TFAP2E","FOXH1",0.150182187019267,0.138624338624339,0.138624338624339,0.00479264886954577
"TFAP2E","TBX2",0.0399091610893807,0.0511661596407359,0.0511661596407359,0.00317889492053572
"TFAP2E","KLF4",0.033873240320146,0.064,0.064,0.197849818965226
"TFAP2E","LHX2",0.0327445363206346,0.01406292749658,0.01406292749658,0.122395019112495
"TFAP2E","GFI1",0.021363126279933,0.0120816326530612,0.0120816326530612,0.0768550619874197
"TFAP2E","CARD17",0.0166633625207741,0.0150537634408602,0.0150537634408602,0.0559127274381141
"TFAP2E","CYP1B1",0.011540710667687,0.032,0.032,-0.00240063740435892
"TFAP2E","HOXA1",0.0260643070951079,0.0118207282913165,0.0118207282913165,-0.0167834128038853
"TFAP4","NR1H3",0.0607411848628753,0.0835788093431687,0.0835788093431687,0.0173166746080474
"TFAP4","KIAA0020",0.0584751396734733,0.054,0.054,0.352268552609999
"TFAP4","HILPDA",0.0572396322615003,0.044,0.044,0.229267902646622
"TFAP4","ETV4",0.0535186783336556,0.0465263157894737,0.0465263157894737,0.276744514588927
"TFAP4","HOXB4",0.0525820952257563,0.04,0.04,0.00667968298820643
"TFAP4","CD3EAP",0.043199255715127,0.09,0.09,0.401397578372417
"TFAP4","LSM2",0.0272151183752207,0.032,0.032,0.321801498728152
"TFAP4","SP4",0.0254660569748694,0.022,0.022,0.116732030741247
"TFAP4","ACTR3",0.0190319341122618,0.052,0.052,0.363208576092995
"TFAP4","TUBA1B",0.0160810741314797,0.028,0.028,0.346009391148814
"TFAP4","KPNB1",0.0159564846254486,0.028,0.028,0.443841963628686
"TFAP4","RANBP1",0.0155346492681631,0.03,0.03,0.395807081954839
"TFAP4","WDR34",0.0150292370534346,0.036,0.036,0.149744714113254
"TFAP4","FOXP2",0.0120954902596396,0.0640760234204713,0.0640760234204713,0.0225704950978809
"TFCP2","VRK2",0.0411748861638645,0.034,0.034,0.298711276608107
"TFCP2","ESR1",0.0401842130375084,0.074,0.074,0.0264994779710977
"TFCP2","STAT3",0.0324682510824968,0.068,0.068,0.361147519826189
"TFCP2","RAB7L1",0.0323949472519304,0.062,0.062,0.418335937218678
"TFCP2","MITF",0.0320993332713486,0.0833449585367744,0.0833449585367744,0.0830198116602618
"TFCP2","THAP11",0.0286935276361883,0.024,0.024,0.194980075799386
"TFCP2","CLOCK",0.0227596978536575,0.024,0.024,0.0931641705883825
"TFCP2","NQO1",0.0200286820145171,0.042,0.042,0.25620072386437
"TFCP2","SOCS2",0.0194696593526286,0.028,0.028,0.231191272589924
"TFCP2","HOXA5",0.0172711439482159,0.0282608695652174,0.0282608695652174,0.0435660498489218
"TFCP2","LIN54",0.0161676640507733,0.03,0.03,0.140602599069392
"TFCP2","CENPE",0.0151230988246366,0.028,0.028,0.119752718502422
"TFCP2","TUBB",0.013606485855774,0.036,0.036,0.292412196757258
"TFCP2","C4BPB",0.0119334072581366,0.03,0.03,0.270877074610112
"TFCP2","CMTM3",0.0100445331487086,0.028,0.028,0.354637458626493
"TFDP1","RRM1",0.850035744934713,0.222,0.222,0.872561416257551
"TFDP1","SPC25",0.841408540352864,0.244,0.244,0.764667287139355
"TFDP1","DTL",0.834978324204018,0.218,0.218,0.803463828296085
"TFDP1","KIAA0101",0.794055581436175,0.2,0.2,0.880106310618481
"TFDP1","CCNE2",0.741827111770186,0.186,0.186,0.752662973665941
"TFDP1","TYMS",0.731837072362174,0.19,0.19,0.88897502024519
"TFDP1","POLR3K",0.725188431045146,0.186,0.186,0.803321077374049
"TFDP1","LBR",0.716065262910556,0.132,0.132,0.786625441438324
"TFDP1","DHFR",0.715524548262344,0.222,0.222,0.871922844793782
"TFDP1","SLC16A1",0.714837999227493,0.152,0.152,0.754581733676753
"TFDP1","C1QBP",0.708217432307113,0.178,0.178,0.795370675458073
"TFDP1","HSPE1",0.702657784961291,0.16,0.16,0.813671844219838
"TFDP1","CKS1B",0.70174797615446,0.118,0.118,0.839777068276687
"TFDP1","STMN1",0.69980192670518,0.11,0.11,0.851687996784566
"TFDP1","MCM4",0.697070386598767,0.162,0.162,0.857567704536186
"TFDP1","CEP55",0.681852453031117,0.134,0.134,0.803288618788993
"TFDP1","SSRP1",0.674102156913343,0.114,0.114,0.817506444614062
"TFDP1","HNRNPAB",0.668777779499097,0.16,0.16,0.827677065542388
"TFDP1","PAICS",0.650756124451958,0.122,0.122,0.826801933739677
"TFDP1","CDCA2",0.649091467873777,0.14,0.14,0.71710835241747
"TFDP1","NOP56",0.64072597173545,0.17,0.17,0.752575518932112
"TFDP1","GGCT",0.633012612889344,0.162,0.162,0.848035769216321
"TFDP1","CDK6",0.628315825580169,0.124,0.124,0.75012752685712
"TFDP1","GRPEL1",0.615937026818848,0.114,0.114,0.687934090941342
"TFDP1","PPIA",0.614864689197603,0.09,0.09,0.838716898651164
"TFDP1","PCNA",0.614458532242318,0.176,0.176,0.871056793609627
"TFDP1","FAM111B",0.610257435071249,0.1,0.1,0.755925369218996
"TFDP1","PDGFRA",0.608270122837825,0.096,0.096,0.709042554344971
"TFDP1","GINS2",0.604033262612099,0.138,0.138,0.857024014957588
"TFDP1","INSIG1",0.584981792736249,0.1,0.1,0.719786767361841
"TFDP1","RFC3",0.58382815914072,0.144,0.144,0.818110605736892
"TFDP1","RAN",0.5787238225731,0.116,0.116,0.85958863301227
"TFDP1","WDR34",0.576448357095324,0.152,0.152,0.561738558540091
"TFDP1","CCT7",0.54683704769135,0.088,0.088,0.79807609904347
"TFDP1","CCNE1",0.539122486724007,0.146,0.146,0.740421547215061
"TFDP1","LDHB",0.534052200567531,0.158,0.158,0.829169249760077
"TFDP1","CBX3",0.523761817469781,0.1,0.1,0.858796283456735
"TFDP1","LSM2",0.522624125276831,0.138,0.138,0.693475083494142
"TFDP1","GATA2",0.517602327781154,0.449514014671549,0.449514014671549,0.137937499863804
"TFDP1","ARPC4",0.508341567933083,0.07,0.07,0.773001600113076
"TFDP1","MSANTD3",0.500646490855371,0.108,0.108,0.484878756761686
"TFDP1","HSPD1",0.484795299824274,0.14,0.14,0.847666104315453
"TFDP1","NCAPG",0.48475852196607,0.084,0.084,0.789812060796551
"TFDP1","HMGN2",0.473234920036468,0.072,0.072,0.809778400072598
"TFDP1","HMGA1",0.469555698982718,0.174,0.174,0.823695195867992
"TFDP1","SGOL2",0.459125080802179,0.098,0.098,0.763728640873355
"TFDP1","HMGCS1",0.45758580289729,0.072,0.072,0.655106529665649
"TFDP1","MITF",0.444673875715758,0.245039913198481,0.245039913198481,0.209876512309452
"TFDP1","KIF2A",0.43733049088226,0.072,0.072,0.627422924552469
"TFDP1","GAPDH",0.426654127154345,0.078,0.078,0.831562022311945
"TFDP1","WDR76",0.410299833529318,0.138,0.138,0.815301188417631
"TFDP1","MCM3",0.408611766456619,0.132,0.132,0.847170320982526
"TFDP1","SPDL1",0.408118900448258,0.086,0.086,0.766931868597838
"TFDP1","CDCA7",0.391902570775899,0.102,0.102,0.65632997302178
"TFDP1","HNRNPA2B1",0.391485181169261,0.078,0.078,0.780381474276818
"TFDP1","APOBEC3B",0.380962587814353,0.064,0.064,0.59779296155503
"TFDP1","DPYSL2",0.374859009126345,0.06,0.06,0.693249998345319
"TFDP1","E2F7",0.372239377425665,0.116,0.116,0.639006596048618
"TFDP1","HLTF",0.364635419932961,0.062,0.062,0.497850589253043
"TFDP1","LHX1",0.363542579557644,0.315993267839312,0.315993267839312,0.207685550799567
"TFDP1","NUSAP1",0.344779858787563,0.072,0.072,0.775386002922649
"TFDP1","ARNTL2",0.33968584279637,0.12,0.12,0.708585670917828
"TFDP1","PPIF",0.338407166483662,0.078,0.078,0.752620500312399
"TFDP1","CLSPN",0.335082514378101,0.124,0.124,0.78029908662684
"TFDP1","F2R",0.332290454793728,0.07,0.07,0.628891206709167
"TFDP1","PA2G4",0.329411129303605,0.104,0.104,0.820205672005065
"TFDP1","SLC43A3",0.328715357615248,0.112,0.112,0.828577416819894
"TFDP1","CDCA4",0.319895471013909,0.084,0.084,0.756371258831205
"TFDP1","SEPW1",0.312198028672139,0.056,0.056,0.758791220043349
"TFDP1","LDHA",0.301161063520189,0.062,0.062,0.84757987415553
"TFDP1","NME1",0.299545323514371,0.068,0.068,0.806860772631454
"TFDP1","HMGB2",0.288447657103385,0.048,0.048,0.788354249435515
"TFDP1","TOP2A",0.27711487192806,0.054,0.054,0.686988592809323
"TFDP1","BUB1B",0.270164528949072,0.052,0.052,0.716872703829919
"TFDP1","SLC39A14",0.267589862152392,0.062,0.062,0.629269511870232
"TFDP1","CAP1",0.266326742201129,0.05,0.05,0.757613237925452
"TFDP1","PKNOX1",0.258585762230134,0.06,0.06,0.333163875597541
"TFDP1","TTLL12",0.252212822569191,0.158,0.158,0.752670274354647
"TFDP1","EZH2",0.252074110499214,0.098,0.098,0.785700986932101
"TFDP1","NOLC1",0.248464232180103,0.076,0.076,0.709430941388383
"TFDP1","CALM2",0.247108936075518,0.04,0.04,0.683224336871696
"TFDP1","AURKA",0.246822224077843,0.036,0.036,0.732560281366029
"TFDP1","PRR5L",0.242293528702507,0.062,0.062,0.496060618432667
"TFDP1","KBTBD11",0.241368892549385,0.107936507936508,0.107936507936508,0.391434213862829
"TFDP1","BNIP3",0.24011172843593,0.102,0.102,0.587782042296885
"TFDP1","KLF16",0.237552660303432,0.072,0.072,0.478188281714396
"TFDP1","SLC16A9",0.232129481421643,0.167588761963569,0.167588761963569,0.329960422902067
"TFDP1","ENO1",0.226464678679391,0.06,0.06,0.821476725053946
"TFDP1","PTMA",0.211168365127991,0.142,0.142,0.711225732873971
"TFDP1","PFN1",0.20923636817323,0.042,0.042,0.802941624958325
"TFDP1","CENPA",0.204940979794635,0.058,0.058,0.724294083439907
"TFDP1","LCP1",0.203401696763097,0.038,0.038,0.770506094665636
"TFDP1","GPATCH4",0.189413454510149,0.076,0.076,0.708993296481688
"TFDP1","HELLS",0.184339697299252,0.108,0.108,0.79995375346762
"TFDP1","STIP1",0.183180491055913,0.07,0.07,0.736152672140014
"TFDP1","IVNS1ABP",0.180785688276536,0.046,0.046,0.593980181612921
"TFDP1","SOX2",0.177449185255876,0.058,0.058,0.477765779517876
"TFDP1","DNAJA1",0.174885415526582,0.05,0.05,0.630431143936805
"TFDP1","KPNB1",0.164043916942836,0.08,0.08,0.702928487561712
"TFDP1","TEAD4",0.155645304124704,0.0919618842264261,0.0919618842264261,0.40390448215606
"TFDP1","PERP",0.141916392617312,0.086,0.086,0.568509541488694
"TFDP1","HSP90AB1",0.140519073608411,0.036,0.036,0.717393248372204
"TFDP1","CENPB",0.137152052590603,0.04,0.04,0.377293370502137
"TFDP1","CFL1",0.135325860522077,0.044,0.044,0.815689929493544
"TFDP1","HILPDA",0.12948061009224,0.03,0.03,0.352278466271601
"TFDP1","ETS1",0.126438268078681,0.042,0.042,0.578705328046408
"TFDP1","ALDOA",0.124931979488119,0.032,0.032,0.744821038861181
"TFDP1","ADCY1",0.124931393141256,0.1,0.1,0.398165053109793
"TFDP1","HOXA1",0.121496021802866,0.0829459012520671,0.0829459012520671,0.244234000797115
"TFDP1","TFAP4",0.121033570662214,0.04,0.04,0.300179963309073
"TFDP1","PBX3",0.120619129826098,0.052,0.052,0.379099158624222
"TFDP1","OTX1",0.118261620076011,0.0702892218595526,0.0702892218595526,0.160197519981351
"TFDP1","ARPC5",0.10951432940051,0.032,0.032,0.708565127620616
"TFDP1","SLC41A1",0.109362358067691,0.054,0.054,0.592481241904943
"TFDP1","HOXA4",0.108735237954878,0.069774393937466,0.069774393937466,0.181618303210116
"TFDP1","CTCF",0.107676864373884,0.056,0.056,0.314945977077573
"TFDP1","TP73",0.10581096355996,0.052,0.052,0.302188677769953
"TFDP1","SOX13",0.102551528265683,0.102620191686688,0.102620191686688,0.0560311455523086
"TFDP1","IKZF1",0.102237752909442,0.028,0.028,0.398753950926452
"TFDP1","OLIG3",0.101508617863714,0.0505325667661888,0.0505325667661888,0.164773618474788
"TFDP1","FHL2",0.100698445297954,0.0459488152033717,0.0459488152033717,0.394552460555843
"TFDP1","HES7",0.0999729073383285,0.0432162162162162,0.0432162162162162,0.193606773571197
"TFDP1","KISS1R",0.094960629866776,0.0767676767676768,0.0767676767676768,0.43094354817729
"TFDP1","TWIST1",0.0843048663255966,0.121445337363059,0.121445337363059,0.108173379489804
"TFDP1","ELK1",0.0702373390942163,0.024,0.024,0.357009895432233
"TFDP1","ARID3B",0.0674282096826607,0.02,0.02,0.455412174020978
"TFDP1","EGR1",0.0610782923438401,0.096,0.096,0.240502887239995
"TFDP1","SMAD2",0.0601817761476929,0.016,0.016,0.32437147736259
"TFDP1","PSAT1",0.0597895237030618,0.058,0.058,0.458770997420185
"TFDP1","CD3EAP",0.0593268657590679,0.048,0.048,0.591860222152738
"TFDP1","TNIK",0.0573778979514376,0.026,0.026,0.440313120564244
"TFDP1","GMEB1",0.0550348495070795,0.024,0.024,0.148534491678292
"TFDP1","LIN54",0.055024782596111,0.022,0.022,0.289504979901258
"TFDP1","E2F6",0.0543822115493267,0.048,0.048,0.187122945821503
"TFDP1","CMTM3",0.0540900993470024,0.022,0.022,0.61689152649016
"TFDP1","LMNA",0.0521943706026553,0.016,0.016,0.390926129707428
"TFDP1","PBX1",0.0504704020905134,0.134277884351877,0.134277884351877,0.0671266814855654
"TFDP1","MYL9",0.0473800498563258,0.048,0.048,0.430124097349469
"TFDP1","FOXA3",0.0449543766467879,0.161141153511537,0.161141153511537,0.11884543620951
"TFDP1","DEK",0.0447333448211461,0.118,0.118,0.386149767056514
"TFDP1","ETV5",0.043768406542817,0.048,0.048,0.423676543553888
"TFDP1","E2F3",0.0436158156920683,0.034,0.034,0.348226359587463
"TFDP1","HEY1",0.043587773092617,0.0246663566612416,0.0246663566612416,0.163998283175077
"TFDP1","DDIT4",0.0420565095230609,0.014,0.014,0.346792975030864
"TFDP1","HOXA9",0.0411843906408946,0.0289927808312812,0.0289927808312812,0.196281007179757
"TFDP1","ZNF684",0.0384519159260769,0.028,0.028,0.31118819145502
"TFDP1","MEIS2",0.037330080226131,0.0234562904717854,0.0234562904717854,0.0331681414251906
"TFDP1","TPM3",0.0350908388613073,0.026,0.026,0.66417326880992
"TFDP1","NQO1",0.0337859954119974,0.036,0.036,0.484027040313359
"TFDP1","HOXB6",0.0326443313248551,0.0225352112676056,0.0225352112676056,0.190919251490264
"TFDP1","NTRK2",0.0314063570642272,0.052,0.052,0.278740348195236
"TFDP1","ATF2",0.0291314009984777,0.048,0.048,0.136553500323187
"TFDP1","JUP",0.0274851823789001,0.052,0.052,0.12671216540842
"TFDP1","LGALS1",0.0264667034580963,0.014,0.014,0.626936027793198
"TFDP1","NFKB1",0.0246242412362216,0.048,0.048,0.298128762579756
"TFDP1","EGR2",0.023878056517535,0.06,0.06,0.300702514117161
"TFDP1","ZBTB14",0.01824724963021,0.016,0.016,0.0894878666002769
"TFDP1","FOXC1",0.0179401224573947,0.0221988997269896,0.0221988997269896,0.0469056405188017
"TFDP1","IRF5",0.0177970947891323,0.028,0.028,0.134177056999783
"TFDP1","PRR11",0.0174416625274966,0.03,0.03,0.671687001610907
"TFDP1","NRF1",0.0150118152862947,0.016,0.016,0.0775958064483293
"TFDP1","TEAD1",0.0126038967706911,0.00975609756097561,0.00975609756097561,0.0338403232532174
"TFDP1","MAZ",0.0123850484174105,0.03,0.03,0.436638940776107
"TFDP1","NFIC",0.0115680938008113,0.01,0.01,0.191800610226251
"TFDP1","PPARA",0.0123512054760252,0.016,0.016,-0.172089305195749
"TFDP1","SNAI3",0.0126049761512054,0.028,0.028,-0.141105707704002
"TFDP1","MNX1",0.0156175116175096,0.055283950617284,0.055283950617284,-0.0344174578471093
"TFDP1","OSR2",0.0170392758309138,0.0255586932177808,0.0255586932177808,-0.00748278545171204
"TFDP1","JUN",0.0186447991222698,0.088,0.088,-0.340647994057399
"TFDP1","TBX6",0.0188115122907282,0.0440238493223414,0.0440238493223414,-0.00825244657289754
"TFDP1","MNT",0.0215549797365512,0.03,0.03,-0.0260267936218023
"TFDP1","HOXB3",0.0229018158427419,0.0356242218449349,0.0356242218449349,-0.0539573217937426
"TFDP1","NR1D2",0.0247661080811461,0.034,0.034,-0.374275869461615
"TFDP1","DBP",0.0264011043547853,0.016,0.016,-0.152849360332698
"TFDP1","CUX1",0.0276648960144854,0.024,0.024,-0.262476619812127
"TFDP1","IRF3",0.160362589739671,0.074,0.074,-0.366605625785057
"TFE3","TFCP2",0.0928661181580058,0.082,0.082,0.208197515422132
"TFE3","POU6F1",0.0760604553813606,0.052,0.052,0.0936436660602553
"TFE3","C10orf10",0.0579965459145028,0.082,0.082,0.0692647748733183
"TFE3","HHLA2",0.0266266108727025,0.0448790450263204,0.0448790450263204,0.0977017711130533
"TFE3","MGA",0.0184261479788328,0.036,0.036,0.158139738212362
"TFE3","MAFG",0.0145081161609607,0.034,0.034,0.164133151845042
"TFE3","CEBPB",0.0134377545092214,0.036,0.036,0.150643087586677
"TFE3","NFATC3",0.0129575240114158,0.022,0.022,0.0763906168714913
"TFE3","PIK3R6",0.0126121712476396,0.026,0.026,0.0926471037500152
"TFE3","BCL6",0.0125441741054688,0.026,0.026,0.179063756081461
"TFE3","MAF",0.0112247284612571,0.022,0.022,-0.0120988326694869
"TFE3","RREB1",0.0130364381673726,0.022,0.022,-0.0435604395599052
"TFEB","SELL",0.11688018243129,0.03,0.03,0.210423857534774
"TFEB","H2AFZ",0.0940373164456887,0.02,0.02,0.221990237226289
"TFEB","HSF1",0.0495582239262715,0.042,0.042,0.17553693611673
"TFEB","NGFRAP1",0.0469327011735141,0.03,0.03,0.154275580782301
"TFEB","MAFG",0.0363000953335027,0.052,0.052,0.237171590896708
"TFEB","POLR3K",0.0344124615263268,0.026,0.026,0.268926258580479
"TFEB","ZNF382",0.0343696622394915,0.0261224489795918,0.0261224489795918,0.133906775864326
"TFEB","MTDH",0.0310927296494661,0.018,0.018,0.0933855769973182
"TFEB","FDXR",0.0308335097924385,0.022,0.022,0.240334089965
"TFEB","STMN1",0.030106665894535,0.028,0.028,0.193207220053998
"TFEB","SLC16A1",0.0291696525841058,0.026,0.026,0.159942178873746
"TFEB","CENPF",0.0286459057414176,0.02,0.02,0.131043115156075
"TFEB","RBPJ",0.0280921963703181,0.04,0.04,0.147022904942863
"TFEB","KPNA2",0.0275911320343683,0.014,0.014,0.148080579166893
"TFEB","PFN1",0.0246793097171901,0.036,0.036,0.299638460418249
"TFEB","HMGN2",0.0228597706836448,0.03,0.03,0.230836400183821
"TFEB","PTP4A3",0.0226219605898048,0.09,0.09,0.165084362376948
"TFEB","NCF2",0.0203296177448405,0.032,0.032,0.308866107633853
"TFEB","SOX5",0.0189231839130206,0.028,0.028,0.178982404549981
"TFEB","DEPDC1",0.0185872976615845,0.024,0.024,0.0959926206150274
"TFEB","AC099552.4",0.0181867660105342,0.0334877752892871,0.0334877752892871,0.248222750287684
"TFEB","BAX",0.017564817619011,0.026,0.026,0.298658626652484
"TFEB","ARID3A",0.0171827866228842,0.022,0.022,0.212665586286972
"TFEB","SLC16A9",0.0168477173460318,0.0375679221982093,0.0375679221982093,0.129158890492839
"TFEB","FAM107B",0.0155086271318791,0.02,0.02,0.238027326218811
"TFEB","HOXB7",0.0152794702905936,0.022,0.022,0.0730500922295965
"TFEB","FAM129A",0.0134709068064863,0.042,0.042,0.21134194289627
"TFEB","HOXA5",0.0113912710974189,0.0177424193602151,0.0177424193602151,0.00663013459468078
"TFEB","KLF15",0.0180220849397244,0.0113648104446245,0.0113648104446245,-0.0110263138904761
"TFEB","IRF9",0.0617060563191931,0.05,0.05,-0.100155517253453
"TFEC","FAM167A",0.385886602411729,0.142,0.142,0.468770099279267
"TFEC","ADAP1",0.321071759990608,0.136,0.136,0.370545776879673
"TFEC","PAX5",0.118104219901926,0.1,0.1,0.456821021905209
"TFEC","AHR",0.0880139054249772,0.048,0.048,0.328979994813694
"TFEC","RAB11FIP1",0.045147787963106,0.066,0.066,0.525518142389375
"TFEC","ZNF317",0.0406398047722069,0.046,0.046,0.375618530030011
"TFEC","HLA-DMB",0.0354644041997487,0.044,0.044,0.652163564254422
"TFEC","HES1",0.0346322970452038,0.096,0.096,0.473274328374547
"TFEC","MFHAS1",0.0242675509655307,0.052,0.052,0.236190389135306
"TFEC","KLF16",0.0191527889131441,0.046,0.046,0.0607710774459796
"TFEC","DDIT3",0.0191192105203385,0.028,0.028,0.290904946426592
"TFEC","SERPINB1",0.0182150566399943,0.016,0.016,0.186468954780507
"TFEC","NFATC1",0.0175023614192022,0.026,0.026,0.307920857480879
"TFEC","RREB1",0.0142791509881834,0.028,0.028,0.190856787994378
"TFEC","BTNL9",0.0125406037777343,0.03,0.03,0.190038032552922
"TFEC","CD83",0.0114799323294205,0.034,0.034,0.60392592935303
"TFEC","STAT5A",0.0105235955983149,0.016,0.016,0.347756316132441
"TFEC","STEAP3",0.0101836538923152,0.0155555555555556,0.0155555555555556,-0.0647857088163401
"TFEC","BHLHE41",0.0408418396520997,0.014,0.014,-0.339729388214207
"TGIF1","ZNF136",0.154639766025735,0.112,0.112,0.445427806022617
"TGIF1","ZNF274",0.118340989086171,0.068,0.068,0.237165767049647
"TGIF1","ZEB1",0.097954980733359,0.062,0.062,0.464335624565931
"TGIF1","C1orf162",0.0949561809268495,0.11,0.11,0.475959257686071
"TGIF1","MPEG1",0.0688883740890132,0.094,0.094,0.496949556442807
"TGIF1","CD40",0.0466190592595618,0.06,0.06,0.180589179446056
"TGIF1","CORO2A",0.0375099697857199,0.026,0.026,0.0927460379897274
"TGIF1","FOXN3",0.0364231567419637,0.018,0.018,0.237754452544589
"TGIF1","VEZF1",0.0352721842950725,0.038,0.038,0.211485259653664
"TGIF1","NFKBID",0.0349079811974383,0.072,0.072,0.669088928691121
"TGIF1","ZFX",0.0330777718941172,0.026,0.026,0.163390690147794
"TGIF1","SPIB",0.0217542547937392,0.056,0.056,0.321721178695452
"TGIF1","BBC3",0.0189665134899968,0.034,0.034,0.313275735091496
"TGIF1","SPOCK2",0.0186999289162408,0.062,0.062,0.646818854389044
"TGIF1","PLEKHA1",0.0146602459105559,0.03,0.03,0.389346125571632
"TGIF1","SYT11",0.0125362211421347,0.054,0.054,0.00963794613670544
"TGIF1","CXCR5",0.0119736794682078,0.064,0.064,0.559425202232688
"TGIF1","FOXO4",0.0119524550513357,0.018,0.018,0.0703539434516696
"TGIF1","USF1",0.011716855756679,0.018,0.018,0.108882575034976
"TGIF1","MT1E",0.0128046126593063,0.028,0.028,-0.279701680652565
"TGIF1","FOSL1",0.0140741603563378,0.0385833333333333,0.0385833333333333,-0.0655397895164744
"TGIF1","NCL",0.0143145194127183,0.052,0.052,-0.180424823907263
"TGIF1","NDC80",0.020322304487495,0.036,0.036,-0.263249043467725
"TGIF1","PITX1",0.0203798797052796,0.0259062532489753,0.0259062532489753,-0.102817856200533
"TGIF1","AQP3",0.0269219979540537,0.024,0.024,-0.475817971548968
"TGIF1","NR1H3",0.0336461598430877,0.0385924806661184,0.0385924806661184,-0.114541943682285
"TGIF1","GMEB1",0.0671595204818992,0.078,0.078,-0.131545551543413
"TGIF2","PITX1",0.157557350655678,0.149527981982689,0.149527981982689,0.134631643626779
"TGIF2","SP1",0.0853300145287745,0.064,0.064,0.183555481511088
"TGIF2","PLAGL2",0.0842208739963685,0.084,0.084,0.209306917725649
"TGIF2","LIMA1",0.0610250326207082,0.032,0.032,0.148983420755715
"TGIF2","ZNF354C",0.0453071303809981,0.114,0.114,0.143028483321562
"TGIF2","GBP1",0.0310201491831469,0.026,0.026,0.190554492309165
"TGIF2","XRCC5",0.0308097350784046,0.05,0.05,0.148129434645754
"TGIF2","NFE2L2",0.0292166310494816,0.036,0.036,0.246152169061812
"TGIF2","HES6",0.0285391196913769,0.036,0.036,0.00323296368418835
"TGIF2","NEUROD2",0.0284959928281776,0.0122461730709153,0.0122461730709153,0.127555180157619
"TGIF2","CD70",0.0187393410823647,0.034,0.034,0.12168961483119
"TGIF2","SOX2",0.0187359636149823,0.064,0.064,0.0351617295841742
"TGIF2","PPP2R3C",0.0163327339021797,0.048,0.048,0.0954715008296469
"TGIF2","MT1E",0.0133969747415066,0.032,0.032,0.0547726470423574
"TGIF2","PKNOX1",0.0112394436042567,0.006,0.006,0.0373852000516193
"TGIF2","ZNF341",0.0103121769736749,0.018,0.018,-0.129455524937094
"TGIF2","HES7",0.0244309676144805,0.0778378378378378,0.0778378378378378,-0.0653806880127296
"THAP1","PPP2R3C",0.078348234593342,0.094,0.094,0.429982846134534
"THAP1","PLEKHA1",0.0700445793036188,0.078,0.078,0.0409115173618648
"THAP1","NR1H3",0.0672788920101477,0.058961940039996,0.058961940039996,0.0756120444284349
"THAP1","PLAGL1",0.0659792848753587,0.038,0.038,0.132473189749133
"THAP1","MT1X",0.0570478796866755,0.036,0.036,0.278631080416132
"THAP1","GATM",0.048883948711947,0.034,0.034,0.312063670560968
"THAP1","HOXA5",0.048781841049294,0.0857320636895965,0.0857320636895965,0.0490279749361035
"THAP1","SMAD5",0.044888566618391,0.038,0.038,0.0804229891746602
"THAP1","GATA3",0.0395709853494024,0.0615187969924812,0.0615187969924812,0.0630736334662959
"THAP1","HOXA7",0.0382478714842605,0.0477272727272727,0.0477272727272727,0.11593459423911
"THAP1","FOXC1",0.0374431432145293,0.0444954795516593,0.0444954795516593,0.0593299819244715
"THAP1","SNRPE",0.0364360859572863,0.06,0.06,0.45075464176489
"THAP1","CREB1",0.0361815532166386,0.05,0.05,0.136386431721213
"THAP1","ITGA8",0.0343697698142028,0.05,0.05,0.00383192735411043
"THAP1","FAH",0.0337833058440907,0.04,0.04,0.274121227259179
"THAP1","CD163L1",0.0324647650392637,0.0291652479854727,0.0291652479854727,0.249761809250986
"THAP1","ONECUT3",0.029891358942561,0.0336880776880777,0.0336880776880777,0.0443231480102321
"THAP1","IKZF1",0.0272187638159312,0.036,0.036,0.296906495605767
"THAP1","SRSF2",0.0266077593536919,0.04,0.04,0.427681801290198
"THAP1","PRR19",0.026413076446676,0.0370890648692312,0.0370890648692312,0.19303893064793
"THAP1","FLI1",0.0261186178673246,0.054,0.054,0.152695669676778
"THAP1","NDC80",0.0256881886781937,0.034,0.034,0.321434073340718
"THAP1","RARA",0.024475675593745,0.05,0.05,0.046211790575364
"THAP1","REST",0.0244411667453382,0.028,0.028,0.0134252371589431
"THAP1","EXO1",0.0244369850278114,0.026,0.026,0.347168771669002
"THAP1","NFYC",0.0238797211589684,0.02,0.02,0.177093549696158
"THAP1","TFCP2",0.0237294883483341,0.016,0.016,0.196792107981934
"THAP1","BCL6B",0.0233160969756316,0.0135115988735011,0.0135115988735011,0.0646527578180011
"THAP1","TP63",0.0230626660664159,0.0213280833435872,0.0213280833435872,0.206434115299411
"THAP1","SERPINB1",0.0209831677351527,0.028,0.028,0.356112487750788
"THAP1","HRAS",0.0199639083878456,0.052,0.052,0.31477983465837
"THAP1","NR2F6",0.019694305297675,0.0160618556701031,0.0160618556701031,0.102638038562242
"THAP1","PPM1G",0.0184750807313076,0.014,0.014,0.397695450186667
"THAP1","RFX3",0.0183328411859488,0.028,0.028,0.0693737002430387
"THAP1","MRPL37",0.0181836709595266,0.054,0.054,0.428284689317332
"THAP1","KSR1",0.0174746489095804,0.028,0.028,0.254247245521318
"THAP1","HSPE1",0.0168814543915262,0.026,0.026,0.453099410613152
"THAP1","ODC1",0.0165450237890722,0.038,0.038,0.371777698475936
"THAP1","SERBP1",0.0151790762034001,0.022,0.022,0.41601750634493
"THAP1","SNTA1",0.0145325656180906,0.032,0.032,0.269693146603293
"THAP1","PIK3R6",0.014342884868003,0.018,0.018,0.223906590935167
"THAP1","C1QBP",0.0138290363057129,0.034,0.034,0.441106703108628
"THAP1","PBX3",0.0131018172012138,0.034,0.034,0.282697429334804
"THAP1","E2F3",0.0116679597670081,0.02,0.02,0.183555736765904
"THAP1","PBK",0.0113173971710971,0.048,0.048,0.357065453236586
"THAP1","IL2RA",0.0112071537734267,0.018,0.018,0.409169563835214
"THAP1","KLHL23",0.0111042566598992,0.028,0.028,0.311147502344669
"THAP1","FOSL1",0.0101419129002231,0.0140833333333333,0.0140833333333333,0.255338817572726
"THAP1","RXRA",0.0101413553357974,0.024,0.024,0.0893259121075039
"THAP1","IRF9",0.0139476867199264,0.022,0.022,-0.138138164969316
"THAP1","RREB1",0.0224060773983663,0.036,0.036,-0.104733922511835
"THAP1","MEF2D",0.028461150250402,0.044,0.044,-0.163857428931398
"THAP1","FOXO3",0.038050678499133,0.042,0.042,-0.292785922293345
"THAP11","RARG",0.358131694581994,0.114,0.114,0.1759715936832
"THAP11","CLOCK",0.236020524414167,0.132,0.132,0.187122508403574
"THAP11","FOXK2",0.120011240012913,0.09,0.09,0.131558825106419
"THAP11","HOXA5",0.0923426494100323,0.115254058378426,0.115254058378426,0.0673799671164693
"THAP11","MGA",0.069936900070506,0.084,0.084,0.165731223156566
"THAP11","CREB1",0.0547467472822553,0.068,0.068,0.182185537448426
"THAP11","HFE",0.0497205293244843,0.0483838383838384,0.0483838383838384,0.0740367067166235
"THAP11","ZBED1",0.0496341615761436,0.074,0.074,0.235908616706215
"THAP11","LPXN",0.041968923898954,0.05,0.05,0.357168764369962
"THAP11","ZBTB26",0.0402218921795277,0.04,0.04,0.119510851359604
"THAP11","MGST3",0.0399456254075517,0.03,0.03,0.259895231450462
"THAP11","TBR1",0.0396314618578932,0.127179487179487,0.127179487179487,0.067500095129871
"THAP11","TCF12",0.0384830610767516,0.026,0.026,0.227226016644141
"THAP11","MAX",0.0375189303914995,0.062,0.062,0.278579846919122
"THAP11","PLEKHA1",0.0327679615028656,0.076,0.076,0.0461273680995226
"THAP11","HOXB4",0.0325567550468996,0.042,0.042,0.054457649119802
"THAP11","ZNF740",0.030394449924483,0.038,0.038,0.133304351302226
"THAP11","ZNF148",0.030137524839811,0.068,0.068,0.115551054637628
"THAP11","ZNF684",0.0284641966724188,0.038,0.038,0.112931897330128
"THAP11","PPP1R14B",0.0239356716336842,0.034,0.034,0.353281969859626
"THAP11","SET",0.0236098429513526,0.044,0.044,0.420244248893086
"THAP11","TEAD3",0.0229330011744152,0.0122461863533292,0.0122461863533292,0.0635624470430953
"THAP11","RAN",0.0228274764287001,0.05,0.05,0.385804200372904
"THAP11","SORL1",0.0219218960429526,0.054,0.054,0.0778177435543864
"THAP11","DNAJA1",0.0200253292644976,0.02,0.02,0.391993641847549
"THAP11","NFATC3",0.01988177851941,0.048,0.048,0.211952546578467
"THAP11","ETV6",0.01956169749586,0.048,0.048,0.119187399413986
"THAP11","MYBL1",0.0170826474517889,0.0305833333333333,0.0305833333333333,0.0610128958853872
"THAP11","SRSF2",0.0166698157986572,0.022,0.022,0.347897961549946
"THAP11","SNRPE",0.0166641030323775,0.036,0.036,0.325680179368693
"THAP11","RFX5",0.0159243457967162,0.022,0.022,0.212795958989514
"THAP11","KPNB1",0.0142978355025403,0.046,0.046,0.390729758978844
"THAP11","FOXJ2",0.0136549000114392,0.008,0.008,0.00497673951115653
"THAP11","TCF7",0.013195966930269,0.066,0.066,0.114669567443098
"THAP11","CYCS",0.0118238133007402,0.034,0.034,0.31758167190774
"THAP11","CD226",0.0115606933335188,0.012,0.012,0.229674450106646
"THAP11","NFYA",0.0113548402800003,0.02,0.02,0.121426897636282
"THAP11","SOCS2",0.0103890440877676,0.024,0.024,0.25217890172698
"THAP11","MZF1",0.0112967025413242,0.02,0.02,-0.171877656981405
"THAP11","RXRB",0.0126036146854692,0.014,0.014,-0.0913034118244509
"THAP11","HGF",0.0153536299274732,0.034,0.034,-0.0703105919208229
"THAP11","FOXO4",0.0191240070362756,0.028,0.028,-0.0382891664958675
"THAP11","MNT",0.0282536181538638,0.04,0.04,-0.0804814711578305
"THRB","POU2F3",0.168753660613168,0.106102158710854,0.106102158710854,0.111684344256668
"THRB","NR2F2",0.138354733576795,0.157800054123898,0.157800054123898,0.0181657216190455
"THRB","FOXK2",0.120279917674187,0.084,0.084,0.124994255811084
"THRB","CREB1",0.0751817441097351,0.07,0.07,0.110350355075995
"THRB","MEF2B",0.074809846525115,0.0855239138371668,0.0855239138371668,0.072534788019884
"THRB","HMBOX1",0.0646385755528877,0.074,0.074,0.135898025618109
"THRB","TFAP2A",0.0395355314702306,0.0165878332194122,0.0165878332194122,0.0270524751739808
"THRB","SPDEF",0.0263217497596624,0.012,0.012,0.128722150801987
"THRB","NR6A1",0.0196507101610259,0.0121624407338693,0.0121624407338693,0.0348638791062998
"THRB","HES6",0.0161216804284373,0.01,0.01,0.0507634796551181
"THRB","TFEB",0.0134560632042132,0.028,0.028,0.0763692542892981
"THRB","ANK3",0.0126829329586668,0.024,0.024,0.0600389019690748
"TLX2","MEIS3",0.088153587079979,0.150883486141282,0.150883486141282,0.111886194014494
"TLX2","OTX1",0.0609692789399037,0.0309969701382999,0.0309969701382999,0.0986520886057321
"TLX2","HFE",0.0408828346453706,0.0201616161616162,0.0201616161616162,0.0604458207285068
"TLX2","EHF",0.0335163333121916,0.0180337291534502,0.0180337291534502,0.125213458092791
"TLX2","TP63",0.0256207726099859,0.0514950166112957,0.0514950166112957,0.117324473718554
"TLX2","WDR65",0.0210306941812616,0.012,0.012,0.288568422087471
"TP53","BAX",0.201304613966525,0.03,0.03,0.594747532134136
"TP53","TRIAP1",0.135144222927476,0.034,0.034,0.496090266593729
"TP53","KSR1",0.126622489866938,0.042,0.042,0.381080895195737
"TP53","ANXA3",0.0901546224600484,0.028,0.028,0.463408892484913
"TP53","MSC",0.0844868035643493,0.022,0.022,0.387241545665871
"TP53","AK4",0.0844028689021286,0.034,0.034,0.531315367816667
"TP53","TUBB6",0.0810627678324435,0.042,0.042,0.52249985849599
"TP53","HSPB1",0.0773266293910686,0.02,0.02,0.452492004989228
"TP53","SLC41A1",0.0625793148992425,0.02,0.02,0.477849457534436
"TP53","KISS1R",0.0452756637827552,0.0262626262626263,0.0262626262626263,0.357413192711928
"TP53","KIF2A",0.0449685425609451,0.064,0.064,0.484722663410209
"TP53","NOP56",0.0441566587384567,0.042,0.042,0.510882727982706
"TP53","PKM",0.0404534503444023,0.044,0.044,0.594528230923881
"TP53","PLK1",0.040414915551081,0.034,0.034,0.441647762221275
"TP53","CDKN1A",0.0342933963277587,0.026,0.026,0.299771591024799
"TP53","DDIT3",0.0332426354794668,0.07,0.07,0.0245505028716362
"TP53","SLC7A5",0.0290160588057692,0.026,0.026,0.341614104972079
"TP53","RRM2B",0.0267852983466419,0.02,0.02,0.337077946170215
"TP53","GGCT",0.0250187805606606,0.04,0.04,0.573164194728981
"TP53","FOXP3",0.0249209374670678,0.0542262423341704,0.0542262423341704,0.074617770298842
"TP53","SH2D2A",0.0246245617840119,0.02,0.02,0.37158175821291
"TP53","HSPD1",0.0231211667155617,0.032,0.032,0.619006305937582
"TP53","ETV4",0.0226827606026758,0.0182105263157895,0.0182105263157895,0.386504610754497
"TP53","BLOC1S2",0.0209923074882378,0.05,0.05,0.393245466405489
"TP53","CCL3",0.0200358595448076,0.044,0.044,0.283987465714186
"TP53","HRAS",0.0163816051628185,0.026,0.026,0.4418684988058
"TP53","NHLH1",0.0143199412757446,0.0185106382978723,0.0185106382978723,0.00147492357771332
"TP53","ATP8B4",0.0135080878232219,0.046,0.046,0.407776929886039
"TP53","LTA",0.0130173857092549,0.044,0.044,0.330895681777612
"TP53","P2RY6",0.0429294025529803,0.0403157894736842,0.0403157894736842,-0.153330824325022
"TP63","HOXA9",0.377006541620875,0.1596330850116,0.1596330850116,0.367667164623194
"TP63","RORB",0.116130667905121,0.0558362085732926,0.0558362085732926,0.0953036271213594
"TP63","HOXB9",0.0820566989200459,0.159356439464949,0.159356439464949,0.080144555321356
"TP63","ACTN1",0.0754168875721417,0.0324481550195836,0.0324481550195836,0.306095781310152
"TP63","PHLDA3",0.0748410445102811,0.034,0.034,0.318030509444221
"TP63","FAM129A",0.0583538971367902,0.066,0.066,0.293213728533349
"TP63","CDKN1A",0.0461711780415445,0.044,0.044,0.291589946147836
"TP63","RRM2B",0.0409993231423656,0.056,0.056,0.297406540472211
"TP63","FDXR",0.0316504660388689,0.032,0.032,0.320295557845327
"TP63","ATP8B4",0.029319172373601,0.03,0.03,0.356981542138782
"TP63","E2F7",0.0259760938580267,0.056,0.056,0.302133299057348
"TP63","TRIAP1",0.0242945372193021,0.038,0.038,0.332793952151019
"TP63","SLC41A1",0.0224845775174644,0.026,0.026,0.333500817744557
"TP63","TMEM173",0.0177359150776802,0.036,0.036,0.26962037162977
"TP63","EGR3",0.0140780596298594,0.024,0.024,0.0719760157943937
"TP73","SNAI2",0.255998811642888,0.220833176460042,0.220833176460042,0.182149252862161
"TP73","KIF15",0.133174068194966,0.042,0.042,0.359699681627495
"TP73","BHLHA15",0.122302189714645,0.0712122919903099,0.0712122919903099,0.0812304483461963
"TP73","ASPM",0.122064292931453,0.036,0.036,0.377104212381307
"TP73","MYF6",0.111001099551624,0.0835496282770314,0.0835496282770314,0.0565718767794816
"TP73","SLC7A5",0.10409386056265,0.028,0.028,0.363361276762129
"TP73","BIRC5",0.0968196336171228,0.038,0.038,0.415604931125959
"TP73","NRL",0.0846740815549276,0.0602057516951134,0.0602057516951134,0.106776158491532
"TP73","KIF4A",0.0719271636406875,0.042,0.042,0.371151934778995
"TP73","TMEM173",0.0685829938218151,0.032,0.032,0.247431953008252
"TP73","PLK1",0.0536469939262188,0.02,0.02,0.288198107284046
"TP73","SOX2",0.0418270021862385,0.076,0.076,0.193933763379449
"TP73","GPX1",0.0291305521605758,0.032,0.032,0.253849008187688
"TP73","TMSB4X",0.0280656092906335,0.022,0.022,0.315910500575702
"TP73","NOP56",0.0256716908087724,0.03,0.03,0.337049094450068
"TP73","PAX2",0.0206685882913078,0.0761193092621664,0.0761193092621664,0.0451676636622432
"TP73","FABP5",0.0133245610205202,0.03,0.03,0.272516662333218
"TP73","SNRPE",0.0125269282357284,0.044,0.044,0.255706510981601
"TP73","CLSPN",0.0124873028324214,0.084,0.084,0.401121866651485
"TP73","VDR",0.0103568315092139,0.03,0.03,0.228876375292677
"TP73","MEF2A",0.0131212458239582,0.028,0.028,-0.302660918154278
"TP73","CARD17",0.0146272119068383,0.0331332833208302,0.0331332833208302,-0.0404588897545649
"TP73","TIMD4",0.0153348502355486,0.034,0.034,-0.00996802449626722
"TP73","PROX1",0.0263350627263985,0.117395963143386,0.117395963143386,-0.0360620543650493
"TP73","PLAC8",0.0328331118770153,0.014,0.014,-0.308237578866527
"TWIST1","NR5A2",0.114033382331769,0.0919198859145788,0.0919198859145788,0.251085311043562
"TWIST1","ARX",0.102792305324121,0.0581445993031359,0.0581445993031359,0.072895246978077
"TWIST1","MSC",0.0897339559832981,0.08,0.08,0.160543534995656
"TWIST1","NHLH2",0.076062479492361,0.127777777777778,0.127777777777778,0.0733216363308102
"TWIST1","FOXC1",0.0618843064010304,0.0378293616495864,0.0378293616495864,0.121341725658843
"TWIST1","CCL22",0.0498931143245934,0.048,0.048,0.364113437224013
"TWIST1","KIF5C",0.0421342956621072,0.018,0.018,0.249298032172128
"TWIST1","FOXP3",0.0358824353751286,0.0237550553152359,0.0237550553152359,0.0244391752818263
"TWIST1","PHLDA3",0.0358475923531193,0.024,0.024,0.281184271097073
"TWIST1","PIK3R6",0.0311550913989672,0.018,0.018,0.0677849208598409
"TWIST1","LTA",0.0224951183124352,0.046,0.046,0.254295790837515
"TWIST1","IRF5",0.0220697630769104,0.032,0.032,0.240936969880447
"TWIST1","ID2",0.0218127640168022,0.026,0.026,0.219114265907668
"TWIST1","CD80",0.0211845068374453,0.046,0.046,0.231475829728359
"TWIST1","HSPB1",0.0205960067432696,0.024,0.024,0.217869910742141
"TWIST1","ACTN1",0.0155267591406054,0.00612244897959184,0.00612244897959184,0.110128521337376
"TWIST1","KSR1",0.0147017444991698,0.026,0.026,0.194128572794138
"TWIST1","FSCN1",0.0137458636657004,0.012,0.012,0.343360716555675
"TWIST1","CD163L1",0.0119074188435913,0.00674157303370787,0.00674157303370787,0.112856902566432
"TWIST1","RARG",0.0117503644380776,0.012,0.012,0.139419462888816
"TWIST1","SOX5",0.011667783393429,0.012,0.012,0.177169524391571
"USF1","MLXIPL",0.151773212710816,0.141721555511837,0.141721555511837,0.0799709355152082
"USF1","POU6F1",0.0872104208894737,0.06,0.06,0.134659589431699
"USF1","KLF15",0.0825146488403359,0.0428516079039132,0.0428516079039132,0.0652550020497387
"USF1","MNT",0.0535388499964106,0.046,0.046,0.0408526659811058
"USF1","CREB3L4",0.0530465110704393,0.042,0.042,0.025273066194703
"USF1","ITGA8",0.0202414058980377,0.034,0.034,0.0459980616025487
"USF1","NCKAP5L",0.0193606055934835,0.062,0.062,0.100462417460815
"USF1","HOXB7",0.0156711751365104,0.026,0.026,0.0353100184586823
"USF1","ZNF24",0.0101497433014945,0.03,0.03,-0.0471352436959578
"USF1","PAPD5",0.0110990855929639,0.034,0.034,-0.234783707872701
"USF1","THAP11",0.0117994399321368,0.024,0.024,-0.181632574466935
"USF1","MLX",0.0132893076910868,0.044,0.044,-0.266350931126863
"USF1","ZNF528",0.0142114974935453,0.026,0.026,-0.0150922574428857
"USF1","B3GNT7",0.0172200207611406,0.058,0.058,-0.0432148598807886
"USF1","ESR2",0.0322410109929094,0.052,0.052,-0.0246859408944674
"USF1","ESR1",0.037174131469478,0.058,0.058,-0.0562586248132806
"USF2","MNT",0.0701362806225969,0.02,0.02,0.0309917566935499
"USF2","REST",0.0421161207854688,0.054,0.054,0.0918460607881189
"USF2","SOX5",0.0347580629890516,0.05,0.05,0.185296950313879
"USF2","CEBPB",0.0255306565273343,0.052,0.052,0.116791204583232
"USF2","NCKAP5L",0.0252287481660782,0.024,0.024,0.179980117708781
"USF2","CEBPG",0.0247657573511543,0.05,0.05,0.222266835029738
"USF2","GABPA",0.0202025808509569,0.038,0.038,0.0926579738624889
"USF2","RXRA",0.0151849763370829,0.026,0.026,0.0847869828569427
"USF2","ZNF24",0.011092354458034,0.032,0.032,0.0159936881303923
"USF2","POU6F1",0.0106781179651641,0.016,0.016,0.0437358323598083
"USF2","CREB3L4",0.0134323860047963,0.026,0.026,-0.0875668058068261
"USF2","MT1X",0.0138713316575614,0.052,0.052,-0.160487623040809
"USF2","GMPR",0.0223084129938621,0.058,0.058,-0.110457677343805
"USF2","SP3",0.0225722107535508,0.042,0.042,-0.0132894380862533
"VDR","ZBTB12",0.225929028214368,0.1,0.1,0.111974436150219
"VDR","FAM101B",0.223105621727215,0.074,0.074,0.119225956881294
"VDR","SHOX",0.178495056066484,0.152861476238625,0.152861476238625,0.0395704263381763
"VDR","HMX2",0.135715404413464,0.0726045883940621,0.0726045883940621,0.137345660167015
"VDR","DBP",0.117409410611365,0.06,0.06,0.112487503053083
"VDR","LBX2",0.117176705638166,0.0724796942188247,0.0724796942188247,0.0985617797451591
"VDR","SP1",0.0876357194758889,0.082,0.082,0.131059026451192
"VDR","HOXA5",0.0853702908705496,0.0501911132345915,0.0501911132345915,0.0881573270984024
"VDR","MT1X",0.0653559980363478,0.044,0.044,0.126485282146964
"VDR","LGALS1",0.0540118293787117,0.024,0.024,0.194879993669071
"VDR","HOXB4",0.0519675361080107,0.036,0.036,0.162042111360011
"VDR","HOXB7",0.0452808350745769,0.04,0.04,0.180979170655719
"VDR","KLF15",0.0441299076046212,0.0722699681824052,0.0722699681824052,0.125687753295856
"VDR","HINFP",0.0419859806179428,0.038,0.038,0.14557178153926
"VDR","FOXO4",0.0348831036291106,0.042,0.042,0.0279943577947429
"VDR","FAH",0.0348256188648143,0.036,0.036,0.0598823854658284
"VDR","RUNX1",0.0323929498018264,0.066,0.066,0.158472855285616
"VDR","AQP3",0.0290629174271973,0.032,0.032,0.34071661167733
"VDR","GRHL1",0.0190946420952393,0.0106382978723404,0.0106382978723404,0.0100758799362481
"VDR","UCHL1",0.0176808506172494,0.024,0.024,0.239338432026307
"VDR","TET1",0.0145181399033459,0.0181414141414141,0.0181414141414141,0.0974431801230517
"VDR","CALR",0.0142944804042094,0.01,0.01,0.404118421164497
"VDR","NFE2L2",0.0139567031341566,0.032,0.032,0.115074592856899
"VDR","CREB3L2",0.0136846402909336,0.048,0.048,0.405809897825809
"VDR","ZBTB26",0.0125867747262284,0.02,0.02,0.0574410316994007
"VDR","FOXC1",0.0125459651382001,0.0688916327118574,0.0688916327118574,0.0338042470890376
"VDR","PSPH",0.0120542394388504,0.036,0.036,0.0713805621606965
"VDR","CREB3",0.0116160580180785,0.022,0.022,0.337164492117497
"VDR","TEAD1",0.011511496245556,0.00725830149867764,0.00725830149867764,0.0563094190008428
"VDR","MTDH",0.0114416455500648,0.032,0.032,0.277247783736902
"VDR","KIF15",0.0108187045733968,0.028,0.028,0.126029078457829
"VDR","HFE",0.0106811510415277,0.0101010101010101,0.0101010101010101,0.111885082229885
"VDR","C10orf10",0.0106307187957367,0.02,0.02,0.157272984842055
"VDR","GMPR",0.0106047093848411,0.026,0.026,0.150598916123498
"VDR","SOX4",0.0110998298571715,0.038,0.038,-0.0775260564786229
"VDR","WDR65",0.0123405415556334,0.05,0.05,-0.0689862587171254
"VDR","GCM1",0.0131278856280417,0.0215130294306855,0.0215130294306855,-0.00448072123673403
"VDR","ZNF384",0.0137050136241017,0.018,0.018,-0.0987263926888208
"VDR","EMP1",0.0146195923243857,0.036020202020202,0.036020202020202,-0.11737131408071
"VDR","KLF11",0.015097892559226,0.026,0.026,-0.421934753550759
"VDR","FOXK1",0.0162686874494783,0.03,0.03,-0.0348073103024839
"VDR","ZNF274",0.0167833518862803,0.016,0.016,-0.164333696574703
"VDR","IL32",0.017186827941485,0.058,0.058,-0.009050107946541
"VDR","ID3",0.0195165959772143,0.006,0.006,-0.255834795256471
"VDR","CEBPD",0.0209084880303198,0.0412393050003507,0.0412393050003507,-0.0226141396135248
"VDR","HLX",0.0385697206713223,0.0304473304473304,0.0304473304473304,-0.058526766109153
"VDR","JUN",0.0549563725315581,0.026,0.026,-0.200371188231846
"VDR","FOXN3",0.0714516578656578,0.032,0.032,-0.228530108725287
"VDR","FCER2",0.0764604605550796,0.03,0.03,-0.416494086830149
"VDR","FOSB",0.0915095565515332,0.02,0.02,-0.379855875775201
"VEZF1","TBX2",0.201185436216083,0.218839957239513,0.218839957239513,0.094632069278708
"VEZF1","ZNF384",0.0880745890965041,0.046,0.046,0.0808354383518724
"VEZF1","NR4A3",0.0811359635770226,0.038,0.038,0.0913635703664355
"VEZF1","EIF5A",0.0526072673099293,0.046,0.046,0.188558997464029
"VEZF1","ARNT",0.0426695595359112,0.046,0.046,0.138921641577219
"VEZF1","TCF7L2",0.0325930711436583,0.0261826427540713,0.0261826427540713,0.064533256942897
"VEZF1","MAFK",0.0303867492728898,0.036,0.036,0.0942523631199841
"VEZF1","ZFX",0.0288369814679267,0.038,0.038,0.0886497868382849
"VEZF1","SP1",0.0237204012320288,0.026,0.026,0.117490084020615
"VEZF1","TBR1",0.0212969145462202,0.0429924242424242,0.0429924242424242,0.0345238717174758
"VEZF1","ERF",0.0207996024268201,0.034,0.034,0.0781397573492985
"VEZF1","ZBED1",0.0197507607871505,0.042,0.042,0.151991134956715
"VEZF1","THAP1",0.0192051902644009,0.022,0.022,0.130887663151946
"VEZF1","RARG",0.0178803955715938,0.004,0.004,0.0841577157542535
"VEZF1","P2RY6",0.0177731429902872,0.0405263157894737,0.0405263157894737,0.0212600911832745
"VEZF1","YBX1",0.0164406271197876,0.04,0.04,0.183674987926902
"VEZF1","TEAD2",0.0152124563704149,0.014,0.014,0.256239085587029
"VEZF1","DNAJA1",0.0146265510121803,0.034,0.034,0.204623857309028
"VEZF1","USF2",0.0142040033983832,0.026,0.026,0.108081805361053
"VEZF1","CERS6",0.0137307823829724,0.026,0.026,0.0194154399966209
"VEZF1","FOXC1",0.01299472529174,0.0577550040471389,0.0577550040471389,0.0692036320394285
"VEZF1","RBPJ",0.0129126965347003,0.024,0.024,0.19308080149859
"VEZF1","SSBP1",0.0127941179106879,0.02,0.02,0.14871570564033
"VEZF1","SYCP2",0.0122264809722665,0.032,0.032,0.145520222511255
"VEZF1","ZKSCAN5",0.011973159394296,0.024,0.024,0.0596088618193884
"VEZF1","ACTR3",0.0118692928164393,0.034,0.034,0.183652588900346
"VEZF1","PBX2",0.0116193184673074,0.04,0.04,0.0950867578623381
"VEZF1","CASZ1",0.0115175587784018,0.004,0.004,0.155957593761775
"VEZF1","NFATC3",0.0103943184512701,0.028,0.028,0.103071791578332
"VEZF1","DLL1",0.0102994983729382,0.032,0.032,0.0832299575415444
"VEZF1","GMEB1",0.0103308586200775,0.012,0.012,-0.0440626495541666
"VEZF1","MNT",0.0112186912016068,0.016,0.016,-0.0629200844235182
"VEZF1","HEY1",0.0115796688970556,0.020022087886538,0.020022087886538,-0.00206543238186156
"VEZF1","ANKRD13B",0.0117294202458221,0.0342222222222222,0.0342222222222222,-0.0596438866264223
"VEZF1","CALR",0.012165568802452,0.034,0.034,-0.0307424374407208
"VEZF1","NFIX",0.0247838823651307,0.064530612244898,0.064530612244898,-0.0570302565993992
"VEZF1","HOXD3",0.0293058178873179,0.114712064508812,0.114712064508812,-0.0762597242275317
"VEZF1","MZF1",0.029459416659858,0.028,0.028,-0.143548771754069
"VEZF1","SNAI3",0.0343587255330794,0.032,0.032,-0.180900870784346
"VEZF1","ZNF16",0.0438757907702957,0.056,0.056,-0.027230697143942
"VEZF1","RXRB",0.0487556466172912,0.044,0.044,-0.0749690533361063
"XBP1","RGS1",0.631216391965808,0.128,0.128,0.461363110586166
"XBP1","ZNF75D",0.374306677567219,0.098,0.098,0.359244381104265
"XBP1","IRF7",0.0907637992768061,0.128,0.128,0.875638930067754
"XBP1","SOX12",0.0752797491472999,0.044,0.044,0.0738152482492338
"XBP1","RSAD2",0.031225427189658,0.1,0.1,0.798917807865324
"XBP1","ZFX",0.0125464247903297,0.018,0.018,0.0276107662555174
"XBP1","PTMA",0.0103742815013079,0.022,0.022,-0.669681376040674
"XBP1","DIAPH3",0.0106346360801508,0.07,0.07,-0.259001071639068
"XBP1","RARG",0.0114883615178322,0.058,0.058,-0.103439646195199
"XBP1","ELF1",0.0138314751476548,0.028,0.028,-0.307306040614966
"XBP1","GPR132",0.0168423563166995,0.062,0.062,-0.272044711586282
"XBP1","JUND",0.0187957826632572,0.144,0.144,-0.370440919884455
"XBP1","FOSL2",0.0221212207610299,0.062,0.062,-0.228341486593205
"XBP1","FOXJ3",0.0269740698978763,0.028,0.028,-0.248389452687691
"XBP1","A4GALT",0.0302967006012916,0.118,0.118,-0.246308460769988
"XBP1","PLD4",0.0327575787848639,0.104,0.104,-0.270340502310854
"XBP1","TUBB",0.0491634207135866,0.076,0.076,-0.467873700559921
"XBP1","ALPL",0.0510278182874064,0.036,0.036,-0.300937095794159
"XBP1","INA",0.0659006036551772,0.107750164420749,0.107750164420749,-0.240980813887681
"XBP1","EMP1",0.0675142140700221,0.100222222222222,0.100222222222222,-0.312449983313721
"XBP1","CDCA8",0.0755852345296965,0.114,0.114,-0.35696394475451
"XBP1","RORA",0.0807870816394951,0.044,0.044,-0.26081716728232
"XBP1","PPARD",0.0913384733594086,0.066,0.066,-0.267022972025629
"XBP1","CREB1",0.100394672847855,0.108,0.108,-0.134099489622357
"XBP1","LCP1",0.102016118925644,0.102,0.102,-0.581326476452085
"XBP1","DUSP2",0.140108642091234,0.048,0.048,-0.603104404969067
"XBP1","DEK",0.533428316421814,0.158,0.158,-0.729987202347651
"YY1","SP2",0.186764354002317,0.1,0.1,0.342141758310776
"YY1","ELK1",0.156328762773821,0.11,0.11,0.323896604290531
"YY1","CRIP2",0.152511415050594,0.116,0.116,0.380442238816182
"YY1","NPM1",0.137786497859813,0.11,0.11,0.519954401965358
"YY1","ZNF703",0.133523236768418,0.072,0.072,0.279428672799139
"YY1","SET",0.113648727233972,0.082,0.082,0.561807661654228
"YY1","PTMA",0.106498115138001,0.104,0.104,0.643880385120338
"YY1","THAP1",0.105726001280188,0.064,0.064,0.270757498276037
"YY1","NFIX",0.0938995219430869,0.0464489795918367,0.0464489795918367,0.0191726321045227
"YY1","ELF5",0.088138699871973,0.0388501742160279,0.0388501742160279,0.128900534872765
"YY1","SRSF2",0.0794151583181391,0.078,0.078,0.464142590817375
"YY1","TCF12",0.0724436041068282,0.05,0.05,0.197976006971275
"YY1","SREBF2",0.0715582177668467,0.054,0.054,0.276011093578974
"YY1","TCFL5",0.0670562362756359,0.066,0.066,0.251246146863423
"YY1","ZNF24",0.0670443094272134,0.048,0.048,0.221381583294357
"YY1","DDX21",0.0624785131393253,0.064,0.064,0.561675082728777
"YY1","WDR43",0.0603508641130605,0.068,0.068,0.470087957714825
"YY1","TTC39C",0.0555931763632824,0.054,0.054,0.417365523733681
"YY1","YBX1",0.048085604754635,0.072,0.072,0.547876732842954
"YY1","TGIF2",0.0441918136344709,0.058,0.058,0.0693525440560534
"YY1","RFX3",0.0424569978671271,0.04,0.04,0.126440749404427
"YY1","HLA-DMB",0.0423211016823132,0.084,0.084,0.635113224447464
"YY1","PPM1G",0.0391517036816287,0.07,0.07,0.350838122786906
"YY1","BLOC1S2",0.0389293562556742,0.03,0.03,0.543537730156576
"YY1","ACTR3",0.0385671321972679,0.066,0.066,0.374686166872796
"YY1","BTNL9",0.0376750434759068,0.03,0.03,0.211954009241419
"YY1","TUBB2A",0.0363687327198535,0.03,0.03,0.281083923242383
"YY1","NRF1",0.0343824086378364,0.028,0.028,0.122667789714682
"YY1","TPM3",0.034311058494079,0.064,0.064,0.601381407194703
"YY1","DLX4",0.0336428780142457,0.058521637200499,0.058521637200499,0.0705542490632442
"YY1","HLA-DRB1",0.0332616967606659,0.024,0.024,0.606052264540706
"YY1","NFE2L2",0.0293419438624098,0.05,0.05,0.0232482298038741
"YY1","SMAD4",0.0288475426481751,0.05,0.05,0.289724697144223
"YY1","KLHL21",0.0278288690415947,0.05,0.05,0.144546369666344
"YY1","HSF1",0.0275399767686293,0.022,0.022,0.250568380981287
"YY1","SLC25A5",0.0267191305134432,0.036,0.036,0.350974651887228
"YY1","THAP11",0.0263357672516354,0.018,0.018,0.207482182055425
"YY1","NR4A1",0.0258456677412625,0.028,0.028,0.371925375758927
"YY1","NFYB",0.0251347384440177,0.04,0.04,0.0544577075752818
"YY1","DDIT4",0.0249423307826314,0.03,0.03,0.27829554022346
"YY1","ZBTB7A",0.0230296218259141,0.016,0.016,0.241765322775815
"YY1","PPARD",0.0229326803411347,0.048,0.048,0.114298924357226
"YY1","SERBP1",0.0228027947891047,0.036,0.036,0.42298499862317
"YY1","BAX",0.0205962258171608,0.028,0.028,0.39755968915604
"YY1","PKNOX1",0.0195277959540176,0.032,0.032,0.082255664215712
"YY1","TCF4",0.0189002085800024,0.024,0.024,0.184618853295726
"YY1","CD86",0.0188546629866152,0.046,0.046,0.188008982929348
"YY1","RAB11FIP1",0.0186315819621048,0.03,0.03,0.487131667919832
"YY1","LAPTM4B",0.0184216470178881,0.036,0.036,0.211077018832058
"YY1","CTCF",0.0174501141177357,0.032,0.032,0.0993622996237165
"YY1","ZNF384",0.0172854868121562,0.02,0.02,0.0876726488763237
"YY1","NFKBIE",0.0164813449547743,0.03,0.03,0.3789627039596
"YY1","CYCS",0.0164092672119974,0.066,0.066,0.253159036412496
"YY1","CERS6",0.0160143681771308,0.04,0.04,0.18046724534449
"YY1","NR2C1",0.0157575447495558,0.03,0.03,0.0407176108838649
"YY1","TRIAP1",0.0152965866665184,0.034,0.034,0.326245105220003
"YY1","C20orf195",0.0148298916569274,0.014,0.014,0.147619471954679
"YY1","SP1",0.0148087700571814,0.018,0.018,0.022272903860519
"YY1","CBX3",0.0147609499652166,0.086,0.086,0.364288499623707
"YY1","ZFP36L1",0.0146233823101325,0.058,0.058,0.57034065350309
"YY1","SRF",0.014559250682187,0.016,0.016,0.343220423771931
"YY1","MXI1",0.0144358605654679,0.042,0.042,0.228035366735477
"YY1","RPL22L1",0.0131071916461647,0.056,0.056,0.0948219183830475
"YY1","GTSF1",0.0128302797546561,0.078,0.078,0.153388720055577
"YY1","MCM6",0.0125782026439668,0.056,0.056,0.308683106096104
"YY1","NR3C1",0.0119194499837876,0.046,0.046,0.447189818097866
"YY1","ABCE1",0.0110935943403037,0.02,0.02,0.372628063674784
"YY1","ATIC",0.0107469510487249,0.06,0.06,0.252842636346863
"YY1","NR4A3",0.0103579706323183,0.006,0.006,0.264107566658895
"YY1","GNB3",0.011728848415206,0.0142238713667285,0.0142238713667285,-0.131790847214153
"YY1","ETV2",0.0119854961518657,0.0106417178379664,0.0106417178379664,-0.12045786080144
"YY1","TIMD4",0.0130750650134519,0.036,0.036,-0.0992437588485353
"YY1","IRF2",0.0145593759523285,0.076,0.076,-0.161146254171078
"YY1","TFEB",0.019498215965733,0.046,0.046,-0.00764162024753626
"YY1","CHAC1",0.0195031609402932,0.022,0.022,-0.32319665089426
"YY1","SOX6",0.0212854530544296,0.0201397368064035,0.0201397368064035,-0.0361784823378639
"YY1","PRDM15",0.0214223256629592,0.012,0.012,-0.283564537179019
"YY1","DLX6",0.0329128407891978,0.0606258828890408,0.0606258828890408,-0.0773287007259631
"YY1","E2F6",0.0392237181098336,0.038,0.038,-0.0029319692659353
"YY1","MNT",0.0407220478558612,0.038,0.038,-0.104180714515697
"YY1","FAM92B",0.0415140932934145,0.026,0.026,-0.162926052184372
"YY1","MEF2B",0.0552949690317924,0.0611823919052835,0.0611823919052835,-0.0618316045444241
"YY1","ATF7",0.0582222957097137,0.058,0.058,-0.0141507471536991
"YY1","MLXIP",0.0674966596817978,0.046,0.046,-0.431936772012052
"YY1","SCRT1",0.0707907749518152,0.124622697563874,0.124622697563874,-0.0930273625483704
"YY1","RASSF6",0.0749794472703337,0.024,0.024,-0.362635445656753
"YY1","PITX1",0.0920328542374988,0.0865921201117338,0.0865921201117338,-0.147946260198223
"YY1","RXRB",0.104460811386149,0.054,0.054,-0.170295774252329
"YY1","MZF1",0.1273330141367,0.056,0.056,-0.270161109917872
"YY1","CUX2",0.146429417028767,0.105376729125704,0.105376729125704,-0.0924519486267919
"YY1","GLI3",0.175259706432296,0.105321507760532,0.105321507760532,-0.117488626330598
"YY2","RFX2",0.055810842315764,0.0522448979591837,0.0522448979591837,0.114827917692055
"YY2","STEAP3",0.0466755271365598,0.031037851037851,0.031037851037851,0.0832198209484184
"YY2","RUNX2",0.0218310092616025,0.048,0.048,0.145575413433719
"YY2","NGFRAP1",0.0193301315001859,0.014,0.014,0.0303939136945385
"YY2","PSPH",0.0165433556949952,0.028,0.028,0.0828239311715027
"YY2","TBX19",0.0163123720701068,0.024,0.024,0.0552938721308696
"YY2","THAP1",0.015243474661548,0.028,0.028,0.095462170180964
"YY2","E2F6",0.0167415352062481,0.032,0.032,-0.0520041071976451
"YY2","SREBF2",0.0232194761161995,0.06,0.06,-0.0790741760631066
"ZBED1","SHOX2",0.0148210473341514,0.0275600835945664,0.0275600835945664,0.0219916303542895
"ZBTB12","HOXA10",0.118646911478428,0.0720102495772049,0.0720102495772049,0.0718903618805404
"ZBTB12","ELF3",0.0774755667800211,0.0349253103303177,0.0349253103303177,0.238237113252012
"ZBTB12","CTCFL",0.0546038577526549,0.0566121185316232,0.0566121185316232,0.0387110003097064
"ZBTB12","HOXD8",0.0416983853247944,0.0583506583506584,0.0583506583506584,0.00309639617926584
"ZBTB12","CCR1",0.0360639193359703,0.0201830550401979,0.0201830550401979,0.0861436384926936
"ZBTB12","EMX2",0.0284674659519167,0.0324450677886863,0.0324450677886863,0.0982489634577387
"ZBTB12","GRHL1",0.0264396650577898,0.0148936170212766,0.0148936170212766,0.0973696298543772
"ZBTB12","ETV4",0.0229388455301199,0.0143157894736842,0.0143157894736842,0.0221977663002368
"ZBTB12","NFATC4",0.020437454868482,0.0278086044974562,0.0278086044974562,0.0463002090243205
"ZBTB12","ETV1",0.0218990022646896,0.00952380952380952,0.00952380952380952,-0.00287513147154634
"ZBTB14","CAMK2N1",0.259112516277966,0.118,0.118,0.19593435109741
"ZBTB14","RELB",0.170892262709782,0.1,0.1,0.202013316845781
"ZBTB14","FOXC1",0.170447035463997,0.0666949280432426,0.0666949280432426,0.0856861223915181
"ZBTB14","MSX1",0.148400146760409,0.034,0.034,0.072071870694978
"ZBTB14","ZNF740",0.117310550139432,0.068,0.068,0.120441470480534
"ZBTB14","ZBTB26",0.0785179854107816,0.026,0.026,0.0863892556542289
"ZBTB14","ZFX",0.0693202514146961,0.07,0.07,0.114991607694756
"ZBTB14","MECOM",0.0677655716365488,0.0344573322286661,0.0344573322286661,0.0323246762468264
"ZBTB14","RFX7",0.0673924372018335,0.068,0.068,0.116504261421933
"ZBTB14","LHX2",0.0590745177732383,0.136479056738975,0.136479056738975,0.0802467627313901
"ZBTB14","POLD3",0.0522850908749574,0.026,0.026,0.111596759101009
"ZBTB14","NREP",0.0522686471906714,0.036,0.036,0.0870296992827952
"ZBTB14","NR6A1",0.0497340262032297,0.0890575139146568,0.0890575139146568,0.112717827513712
"ZBTB14","MXI1",0.0454784705365112,0.08,0.08,0.158302848135388
"ZBTB14","THRB",0.0448683643885079,0.0217002643754131,0.0217002643754131,0.002833264550103
"ZBTB14","BHLHA15",0.0379523058438829,0.0269329158029374,0.0269329158029374,0.0420034423486002
"ZBTB14","POLR1E",0.0379307829614202,0.038,0.038,0.1436922880203
"ZBTB14","ZNF136",0.0371644405151508,0.076,0.076,0.0507224699247083
"ZBTB14","TFDP1",0.0363571466234801,0.028,0.028,0.0894878666002769
"ZBTB14","FAM167A",0.0294998188182818,0.04,0.04,0.149639053923905
"ZBTB14","RMI2",0.0289865627339351,0.02,0.02,0.0920444586097093
"ZBTB14","ZBTB7A",0.02841574775657,0.036,0.036,0.0799194835629698
"ZBTB14","FOXK2",0.0272249872471774,0.032,0.032,0.0700771701088016
"ZBTB14","PPM1G",0.0268969341064625,0.018,0.018,0.0852179277461928
"ZBTB14","KLHL21",0.026476845174501,0.034,0.034,0.0702847963862082
"ZBTB14","PIK3CD",0.0252307705146783,0.094,0.094,0.247313366953961
"ZBTB14","SRF",0.02451607764308,0.018,0.018,0.104025533322369
"ZBTB14","KLHL23",0.0218496390105434,0.06,0.06,0.136379436243707
"ZBTB14","MT1X",0.0183016186704745,0.03,0.03,0.0197154758748222
"ZBTB14","CENPV",0.0172287876400108,0.018,0.018,0.0685353112153396
"ZBTB14","THAP11",0.016668033739331,0.028,0.028,0.0966354369036239
"ZBTB14","MYH10",0.0162851389627412,0.0163686092993899,0.0163686092993899,0.0302506574140598
"ZBTB14","KSR1",0.0154597992387592,0.026,0.026,0.164726581875636
"ZBTB14","UNG",0.0151982874633506,0.058,0.058,0.115572608668561
"ZBTB14","CCNA2",0.0150052687501229,0.014,0.014,0.042695345454384
"ZBTB14","NR2C2",0.0149233841162759,0.014,0.014,0.00278388149087848
"ZBTB14","NFYA",0.0139302771767891,0.022,0.022,0.0216521383776759
"ZBTB14","COCH",0.013822852909796,0.03,0.03,0.0565156247600864
"ZBTB14","POU3F2",0.0136015973332364,0.113358020780466,0.113358020780466,0.0232130581381354
"ZBTB14","HIC1",0.0122302059503165,0.004,0.004,0.144023037929662
"ZBTB14","MCM10",0.0116582349447809,0.024,0.024,0.0583760287866248
"ZBTB14","HES6",0.0107764894181669,0.024,0.024,0.0396896666148328
"ZBTB14","TUBB2A",0.0107731601195194,0.02,0.02,0.0690106901826295
"ZBTB14","PKNOX1",0.0107129983541773,0.012,0.012,0.0188804136556931
"ZBTB14","HOXB7",0.0131390517664766,0.024,0.024,-0.0854295996080305
"ZBTB14","ARX",0.0148052082070624,0.0852235772357724,0.0852235772357724,-0.0754936473483984
"ZBTB14","RELA",0.0241342020922383,0.068,0.068,-0.0706610361395431
"ZBTB14","USF2",0.028394291522637,0.036,0.036,-0.0107595980005459
"ZBTB14","POU2F2",0.0321965108407599,0.06,0.06,-0.11401646613872
"ZBTB14","SNAI3",0.0436604002209942,0.058,0.058,-0.13430046707036
"ZBTB18","FGR",0.161653356381963,0.096,0.096,0.436789100581888
"ZBTB18","POU4F1",0.14189383195202,0.062,0.062,0.0769910567133822
"ZBTB18","HS3ST3B1",0.129005995478722,0.092,0.092,0.298986350396081
"ZBTB18","NR3C2",0.115416583097387,0.0920557616986188,0.0920557616986188,0.204590799094105
"ZBTB18","ZNF449",0.112207156222512,0.08,0.08,0.235988525844811
"ZBTB18","ARNTL",0.0912396687894483,0.078,0.078,0.167100916738294
"ZBTB18","NR1D2",0.0833357206950729,0.068,0.068,0.559040361673036
"ZBTB18","HMBOX1",0.0758549702996225,0.048,0.048,0.152768623554143
"ZBTB18","NFIX",0.0445711471081862,0.064530612244898,0.064530612244898,0.100294121515569
"ZBTB18","RARA",0.0445430644805248,0.026,0.026,0.361036552917806
"ZBTB18","TBX21",0.0377885640668265,0.064,0.064,0.16230393917699
"ZBTB18","ESR2",0.0337495851010331,0.058,0.058,0.106938710515685
"ZBTB18","CUX1",0.0279689273346177,0.034,0.034,0.239737313965272
"ZBTB18","SOX5",0.0275568615048763,0.036,0.036,0.137321374224851
"ZBTB18","ZNF317",0.0247167717929646,0.026,0.026,0.371105699045395
"ZBTB18","MEF2A",0.0234644029052683,0.042,0.042,0.416758298936246
"ZBTB18","DNAJC5B",0.0222787480250275,0.022,0.022,0.28784428578029
"ZBTB18","FOXO1",0.0202991125773154,0.038,0.038,0.102420633144696
"ZBTB18","NUB1",0.0185294502994081,0.038,0.038,0.292108778060017
"ZBTB18","SP4",0.018496125491052,0.024,0.024,0.0416356752842134
"ZBTB18","TCF7",0.0175211041111377,0.03,0.03,0.495854227911647
"ZBTB18","HSF1",0.0158864375642586,0.03,0.03,0.110557673017882
"ZBTB18","JUP",0.0155549414082676,0.036,0.036,0.325529264129428
"ZBTB18","MAFF",0.0152929280180258,0.048,0.048,0.0814405996284796
"ZBTB18","CAMK2N1",0.0152382664844678,0.048,0.048,0.319998038758316
"ZBTB18","HLA-DRB1",0.0146134494440235,0.062,0.062,0.415197467309817
"ZBTB18","LACTB",0.0102906320498708,0.05,0.05,-0.129075423048925
"ZBTB18","SPC25",0.0111786017661921,0.052,0.052,-0.304820811205163
"ZBTB18","GMPR",0.0116096280958737,0.048,0.048,-0.064276161496599
"ZBTB18","KIAA0020",0.0123156845018228,0.04,0.04,-0.264701154245655
"ZBTB18","COL7A1",0.0129215944879855,0.036,0.036,-0.0910193341493684
"ZBTB18","SLC29A1",0.0130071434438234,0.034,0.034,-0.37993212610337
"ZBTB18","CCDC71L",0.0145874111020616,0.04,0.04,-0.132954918883533
"ZBTB18","GATM",0.0165587622081431,0.034,0.034,-0.278903809720066
"ZBTB18","CARD17",0.0165730613596333,0.0559139784946237,0.0559139784946237,-0.000385460211623648
"ZBTB18","UBE2C",0.0171138157378533,0.036,0.036,-0.342369411985901
"ZBTB18","PLK1",0.0190689370674751,0.022,0.022,-0.335142964690326
"ZBTB18","HOXB4",0.0247991665687115,0.024,0.024,-0.16270101733715
"ZBTB18","SHOX2",0.0254008566857729,0.0366248693834901,0.0366248693834901,-0.0137319375668275
"ZBTB18","KIF15",0.0293908430592118,0.034,0.034,-0.332589546259264
"ZBTB18","DLX2",0.0328936035401359,0.0718948333142399,0.0718948333142399,-0.0229087480111444
"ZBTB18","CENPF",0.0409066925352686,0.028,0.028,-0.363955074952032
"ZBTB18","ATF1",0.0417326085544742,0.046,0.046,-0.0923905172452868
"ZBTB18","ZIC2",0.0726322038739867,0.16697288676236,0.16697288676236,-0.0740612270704332
"ZBTB18","FAM92B",0.0970050887857099,0.082,0.082,-0.146989219712679
"ZBTB26","HIC1",0.145003944579018,0.082,0.082,0.243397643518214
"ZBTB26","SPI1",0.110898372687762,0.086,0.086,0.112774034765328
"ZBTB26","HOXC8",0.0610781569039631,0.0355906384157319,0.0355906384157319,0.0936225210557541
"ZBTB26","CLOCK",0.0473862540826475,0.046,0.046,0.117079322065614
"ZBTB26","CEBPD",0.0439138671643074,0.0226593730275615,0.0226593730275615,0.0263594640344777
"ZBTB26","ATF1",0.0437996478887428,0.032,0.032,0.039406751661457
"ZBTB26","HILPDA",0.03607747533649,0.048,0.048,0.00400792896988592
"ZBTB26","ZBTB7A",0.0325147168361186,0.042,0.042,0.142413234742774
"ZBTB26","SCNN1B",0.0321031755037618,0.05,0.05,0.188323689103821
"ZBTB26","THAP1",0.0279571971443976,0.03,0.03,0.0438033643835063
"ZBTB26","TGIF2",0.0252486016013916,0.052,0.052,0.122734094223036
"ZBTB26","UNC119",0.024634208722463,0.068,0.068,0.101032747698422
"ZBTB26","RELB",0.0185197232161853,0.038,0.038,0.121719920484764
"ZBTB26","ARNTL",0.0152301182700593,0.026,0.026,0.07258923011641
"ZBTB26","FOSL2",0.0152172482333816,0.032,0.032,0.0661935704343475
"ZBTB26","KLF13",0.0151295539820983,0.032,0.032,0.159259652905827
"ZBTB26","LPXN",0.0139187363754919,0.02,0.02,0.0215197603536654
"ZBTB26","KLF11",0.0137751621877094,0.086,0.086,0.0790624901653586
"ZBTB26","SCRT1",0.0129864228423063,0.0349779305661659,0.0349779305661659,0.0511227569698967
"ZBTB26","VEZF1",0.0112931744922841,0.022,0.022,0.0673925080238662
"ZBTB26","RILPL2",0.0112144721609605,0.052,0.052,0.0171121987225916
"ZBTB26","ARPC5",0.0109252586750594,0.02,0.02,-0.0530626730779294
"ZBTB26","CDKN1A",0.0146119726314031,0.03,0.03,-0.154187737381235
"ZBTB26","WARS",0.016728704890834,0.04,0.04,-0.176266538095794
"ZBTB26","USF1",0.0169772216723407,0.024,0.024,-0.0459668827629498
"ZBTB26","NRF1",0.0196248115323386,0.02,0.02,-0.0102403388592537
"ZBTB26","NR2F6",0.0204907266645889,0.01,0.01,-0.0139208426036469
"ZBTB26","MT1X",0.0256635916043322,0.032,0.032,-0.0478758076308003
"ZBTB32","TUBA1B",0.232157634022142,0.038,0.038,0.627935439794042
"ZBTB32","YBX3",0.211383760053517,0.042,0.042,0.50182390520828
"ZBTB32","CENPF",0.195821771611762,0.048,0.048,0.529213815854594
"ZBTB32","MRTO4",0.177614452728671,0.088,0.088,0.600284640266681
"ZBTB32","MSC",0.131683396379923,0.032,0.032,0.386367212819566
"ZBTB32","H2AFZ",0.121625008441416,0.022,0.022,0.526198502999625
"ZBTB32","TUBA1C",0.116374812314179,0.116,0.116,0.635502202786347
"ZBTB32","NPDC1",0.111529161334403,0.066,0.066,0.381518803593557
"ZBTB32","BIRC5",0.0983189468679059,0.02,0.02,0.537250116619339
"ZBTB32","TTK",0.0957430910209212,0.024,0.024,0.476846080949842
"ZBTB32","PRR11",0.0946859291788157,0.058,0.058,0.556432248408492
"ZBTB32","SOX4",0.0804086252838916,0.02,0.02,0.426105737237223
"ZBTB32","BCL6B",0.0704729368438034,0.0718976436352854,0.0718976436352854,0.148337813013931
"ZBTB32","HMMR",0.0682103210552678,0.054,0.054,0.509230915917216
"ZBTB32","ONECUT2",0.0596821831342169,0.0318267685865914,0.0318267685865914,0.283304709492
"ZBTB32","PPARG",0.0564655123925592,0.0283872018322118,0.0283872018322118,0.335857561261726
"ZBTB32","MSMO1",0.0563131102680167,0.032,0.032,0.436469902459964
"ZBTB32","HES7",0.0535471907259287,0.0457687687687688,0.0457687687687688,0.176507390270257
"ZBTB32","PASK",0.0494773055384529,0.044,0.044,0.331891224723135
"ZBTB32","TFAP2A",0.0490107063460321,0.0420387331966279,0.0420387331966279,0.0948003307241033
"ZBTB32","CCDC34",0.0468714197659665,0.026,0.026,0.57562081725708
"ZBTB32","RXRA",0.045437285993777,0.072,0.072,0.113398566580689
"ZBTB32","DLGAP5",0.0435388020280591,0.024,0.024,0.522908084976077
"ZBTB32","HNRNPAB",0.0378400724340341,0.08,0.08,0.555629406195583
"ZBTB32","PRRX1",0.0366749154162966,0.104838701748176,0.104838701748176,0.117675640308101
"ZBTB32","MAFG",0.035925490641692,0.028,0.028,0.239579430867753
"ZBTB32","PPID",0.0320895916349995,0.026,0.026,0.476423501547342
"ZBTB32","MITF",0.03181262640758,0.0210338680926916,0.0210338680926916,0.133928015872442
"ZBTB32","MCM10",0.0313730041215267,0.072,0.072,0.426901793103892
"ZBTB32","SREBF2",0.0304477798808004,0.024,0.024,0.24436493842757
"ZBTB32","ZNF135",0.0266044604484553,0.0312676604036542,0.0312676604036542,0.202965114635673
"ZBTB32","ATF4",0.0265890942595322,0.034,0.034,0.229248825449138
"ZBTB32","GATM",0.0264289176255991,0.012,0.012,0.379234323559486
"ZBTB32","NUSAP1",0.023866341824225,0.032,0.032,0.452052068156075
"ZBTB32","NFE2L1",0.0227164974366045,0.016,0.016,0.360297250522415
"ZBTB32","SGOL2",0.0199112102098132,0.054,0.054,0.464475946907168
"ZBTB32","IL10",0.0193077098194287,0.028,0.028,0.390115293682672
"ZBTB32","KSR1",0.0186952031211157,0.026,0.026,0.302984508242365
"ZBTB32","KBTBD11",0.0164339344477439,0.0132600732600733,0.0132600732600733,0.228279509511172
"ZBTB32","BCAS4",0.0154258954521876,0.028,0.028,0.434563410145687
"ZBTB32","MGST1",0.0147680970158054,0.0266699966699967,0.0266699966699967,0.293570150338559
"ZBTB32","GINS2",0.0132318595528453,0.028,0.028,0.526183921332301
"ZBTB32","DUSP6",0.0131734488559659,0.012,0.012,0.34277720432938
"ZBTB32","CYCS",0.0111101849207473,0.018,0.018,0.499968163645205
"ZBTB32","PLAC8",0.0363168918572116,0.05,0.05,-0.245635984309457
"ZBTB32","ZBTB33",0.0380006210436516,0.032,0.032,-0.160825039089337
"ZBTB32","JUN",0.0602059147067371,0.024,0.024,-0.391110836425437
"ZBTB32","GRHL1",0.083010050445343,0.108156028368794,0.108156028368794,-0.130442957172652
"ZBTB33","CTCF",0.0853245371843275,0.05,0.05,0.090759244492757
"ZBTB33","REST",0.0592369899659179,0.044,0.044,0.131710256410781
"ZBTB33","ATF7",0.0516270451598168,0.058,0.058,0.0839864148781961
"ZBTB33","KLF13",0.045758626897038,0.062,0.062,0.226529593247201
"ZBTB33","HMBOX1",0.0412628202714373,0.038,0.038,0.0980489154415818
"ZBTB33","ZNF384",0.0306357506953345,0.028,0.028,0.0384038309841371
"ZBTB33","DNAJA1",0.0299671060541076,0.042,0.042,0.0516471803036513
"ZBTB33","ZFX",0.0145663341684188,0.02,0.02,0.0792030302226697
"ZBTB33","RXRB",0.0144944556829026,0.02,0.02,0.0394702108417578
"ZBTB33","SYCP2",0.0110343984519339,0.03,0.03,0.115943615644513
"ZBTB33","ITGA8",0.01003212551578,0.02,0.02,0.0999552351817132
"ZBTB33","FAM107B",0.0105326932904815,0.026,0.026,-0.0447236976400213
"ZBTB33","CKAP2L",0.0203693724015437,0.038,0.038,-0.235458606008692
"ZBTB33","HEY1",0.0212148786280086,0.0224738432922576,0.0224738432922576,-0.0627070618163819
"ZBTB33","FADS1",0.0280519659023772,0.036,0.036,-0.242121968622552
"ZBTB33","POU4F1",0.0858107301731685,0.026,0.026,-0.00539334888595213
"ZBTB6","PAX6",0.162610944601834,0.105954307966503,0.105954307966503,0.101284480108511
"ZBTB6","HOXC10",0.159279874750561,0.161261261261261,0.161261261261261,0.0846903948383047
"ZBTB6","EIF1AX",0.121944020937683,0.034,0.034,0.161400139734778
"ZBTB6","LPXN",0.11382603924365,0.02,0.02,0.257793769238964
"ZBTB6","KPNB1",0.0959546623672908,0.03,0.03,0.182375410180022
"ZBTB6","ATF1",0.0949512598734113,0.036,0.036,0.0481420417717589
"ZBTB6","PPID",0.0872299476408435,0.038,0.038,0.135696540385634
"ZBTB6","SNRPG",0.0769417157914267,0.02,0.02,0.139980638299782
"ZBTB6","SSBP1",0.0748138128784476,0.02,0.02,0.186826465168654
"ZBTB6","HSPA1A",0.0740192159461431,0.02,0.02,0.141135042619771
"ZBTB6","NFYA",0.0739636531782448,0.062,0.062,0.18437321088617
"ZBTB6","TXN",0.07276321227986,0.018,0.018,0.206086543288357
"ZBTB6","HNRNPA2B1",0.0712241840662255,0.02,0.02,0.172969926208672
"ZBTB6","P2RY6",0.0695324038539072,0.0566315789473684,0.0566315789473684,0.15287909306002
"ZBTB6","RGCC",0.0688494792560087,0.072,0.072,0.201336804925106
"ZBTB6","E2F4",0.0647442620305863,0.076,0.076,0.125368724048483
"ZBTB6","CTSH",0.0622126440124525,0.02,0.02,0.141914815000695
"ZBTB6","E2F3",0.0563979454907907,0.028,0.028,0.18875617701969
"ZBTB6","ARX",0.0522478050480148,0.0435656213704994,0.0435656213704994,0.0506327692577623
"ZBTB6","LSM2",0.0502709226284929,0.022,0.022,0.148101848839183
"ZBTB6","EIF5A",0.0495533392110329,0.02,0.02,0.0903238824593963
"ZBTB6","LDHB",0.0490399028185516,0.022,0.022,0.120458193103232
"ZBTB6","NQO1",0.0488181445362916,0.032,0.032,0.104367032216633
"ZBTB6","ACTR3",0.0486822787986839,0.022,0.022,0.132854819836724
"ZBTB6","MT1E",0.0485364240012668,0.016,0.016,0.0602581749700596
"ZBTB6","CCT7",0.0432579959421355,0.026,0.026,0.105441743384415
"ZBTB6","CCT4",0.0397901045452106,0.03,0.03,0.114700799809949
"ZBTB6","PLAGL2",0.0396828281876932,0.016,0.016,0.108660402976005
"ZBTB6","PRMT1",0.0370909668002121,0.026,0.026,0.153229618087957
"ZBTB6","SP3",0.0370175759351368,0.062,0.062,0.0771851703876163
"ZBTB6","TFRC",0.0368972929741082,0.028,0.028,0.0770168585300071
"ZBTB6","CYCS",0.0337838052383939,0.016,0.016,0.0664109863650161
"ZBTB6","RAB7L1",0.0336909542244734,0.022,0.022,0.184909304798855
"ZBTB6","LGALS3",0.0336903732380193,0.014,0.014,0.181666159621033
"ZBTB6","PBX2",0.0330910477197247,0.038,0.038,0.222660192541177
"ZBTB6","SMAD2",0.0329933264236267,0.012,0.012,0.133270393310694
"ZBTB6","DDIT4",0.032971138983568,0.02,0.02,0.10322780136857
"ZBTB6","RXRB",0.0314817293952126,0.036,0.036,0.0604100246851804
"ZBTB6","FOXD2",0.0309106319323079,0.0243829787234043,0.0243829787234043,0.0063159046446043
"ZBTB6","RASSF6",0.030504419668608,0.054,0.054,0.228359939816396
"ZBTB6","PA2G4",0.0303858537255076,0.028,0.028,0.0872660942449697
"ZBTB6","IFI27",0.030127547966818,0.052,0.052,0.272116075402998
"ZBTB6","DNAJA1",0.0287553703383863,0.026,0.026,0.148377620472619
"ZBTB6","MT1H",0.0287503551482223,0.0234967622571693,0.0234967622571693,0.000887971338473295
"ZBTB6","TMSB4X",0.0286262241080084,0.016,0.016,0.105390677146389
"ZBTB6","XRCC5",0.0281485748867836,0.01,0.01,0.1197728032504
"ZBTB6","TGIF2",0.0277630686366853,0.028,0.028,0.225287084443684
"ZBTB6","SIX3",0.0269910657084942,0.0142978336115591,0.0142978336115591,0.0717606650258031
"ZBTB6","NFATC3",0.0267395506581359,0.008,0.008,0.136329197724809
"ZBTB6","KBTBD11",0.0267038229228435,0.0374603174603175,0.0374603174603175,0.032120248196341
"ZBTB6","MRTO4",0.0265749439075815,0.022,0.022,0.0266468945226193
"ZBTB6","GRHL1",0.0260555574753409,0.0403368794326241,0.0403368794326241,0.0666129812567667
"ZBTB6","MLTK",0.0254629051253178,0.024,0.024,0.0399462520832589
"ZBTB6","SERBP1",0.0238164990194932,0.018,0.018,0.0809957206711957
"ZBTB6","ZBED1",0.0229717144816979,0.034,0.034,0.094837933004081
"ZBTB6","CDKN1C",0.0225965655907636,0.068,0.068,0.199082721150408
"ZBTB6","NCL",0.0213284952926462,0.014,0.014,0.0541959534985425
"ZBTB6","HSF4",0.0210225548220016,0.0244106879865348,0.0244106879865348,0.0507551891195131
"ZBTB6","PPIF",0.0209487124654447,0.022,0.022,0.0470377611348639
"ZBTB6","ABCE1",0.0207956155881345,0.014,0.014,0.0881031697514959
"ZBTB6","HIST1H2BK",0.0206791912895592,0.056,0.056,0.31950770403403
"ZBTB6","ARPC4",0.0200935760924224,0.014,0.014,0.0790535314009786
"ZBTB6","ZIC1",0.0195794290426583,0.0450861195542047,0.0450861195542047,0.016823627269558
"ZBTB6","PSPH",0.0187992452874904,0.032,0.032,0.0154976580506957
"ZBTB6","HSPE1",0.0187841869524517,0.022,0.022,0.0786436641181867
"ZBTB6","BNIP3",0.0182532574814198,0.016,0.016,0.102895168178394
"ZBTB6","E2F6",0.0181276443675028,0.016,0.016,0.107197616847
"ZBTB6","IRF2",0.0174396663577332,0.012,0.012,0.251662513351165
"ZBTB6","RAN",0.0174046534977761,0.02,0.02,0.0874749582392544
"ZBTB6","LDHA",0.0170882813418269,0.022,0.022,0.076174062280261
"ZBTB6","CALR",0.0165357379412164,0.012,0.012,0.206621846039388
"ZBTB6","SOCS2",0.0160395905733982,0.012,0.012,0.0562144800730947
"ZBTB6","ALDOA",0.0154583662371364,0.014,0.014,0.0783423435127223
"ZBTB6","ELF3",0.0151475108599336,0.0863033873343152,0.0863033873343152,0.0374997004344082
"ZBTB6","HINFP",0.0146769040907114,0.01,0.01,0.095953511885761
"ZBTB6","PITX1",0.0145572139957254,0.0195076911636823,0.0195076911636823,0.063693580694425
"ZBTB6","CCR1",0.0143895648847878,0.0222036693465265,0.0222036693465265,0.0502789618115625
"ZBTB6","HOXB2",0.0143848905810542,0.0183673469387755,0.0183673469387755,0.0884340220870427
"ZBTB6","HSPB1",0.0143101360090724,0.024,0.024,0.0747752247309564
"ZBTB6","KLF5",0.0142988205542772,0.0175572361990019,0.0175572361990019,0.00225790214440666
"ZBTB6","ARNTL2",0.0129460452111806,0.036,0.036,0.045915125588739
"ZBTB6","ZKSCAN5",0.0127449428995832,0.014,0.014,0.150421106610855
"ZBTB6","MT1G",0.0125882306150589,0.022,0.022,0.00932948531666075
"ZBTB6","PLAC8",0.0124446038053441,0.034,0.034,0.0627179007489213
"ZBTB6","CD40",0.0122466776636031,0.024,0.024,0.232849171436535
"ZBTB6","NFIC",0.0120740423237077,0.016,0.016,0.0826860309753545
"ZBTB6","TUBB3",0.0118489366950029,0.032,0.032,0.0641155954975779
"ZBTB6","BAX",0.0117625557004006,0.01,0.01,0.0801575390921087
"ZBTB6","CD3EAP",0.0117446939165438,0.01,0.01,0.0810681608186345
"ZBTB6","SRF",0.0117013574101453,0.018,0.018,0.0620649231147614
"ZBTB6","CENPB",0.0112750295917174,0.014,0.014,0.0626542381273047
"ZBTB6","RRM2B",0.0111261349936748,0.02,0.02,0.0737427836249158
"ZBTB6","TUBB",0.0110842428103741,0.018,0.018,0.0127208318473278
"ZBTB6","VIM",0.0110766539214603,0.008,0.008,0.0742750355378073
"ZBTB6","CDC20",0.0178537614359529,0.042,0.042,-0.00780778540065151
"ZBTB6","NRF1",0.0204296634589526,0.034,0.034,-0.0473223289320187
"ZBTB6","HOXB7",0.0228235365981809,0.038,0.038,-0.0556626205847394
"ZBTB7A","B3GNT7",0.284105838315362,0.11,0.11,0.216028367040753
"ZBTB7A","HIC1",0.229558910322758,0.086,0.086,0.177173609520778
"ZBTB7A","ZBED1",0.212514138502814,0.166,0.166,0.306311685165312
"ZBTB7A","MYBL1",0.137493295714792,0.0885,0.0885,0.0843813992401056
"ZBTB7A","ZBTB26",0.128369230337243,0.044,0.044,0.142413234742774
"ZBTB7A","SATB1",0.126792979997545,0.116,0.116,0.170969174794098
"ZBTB7A","CCL5",0.116240348561337,0.162,0.162,0.264077491191211
"ZBTB7A","THRB",0.11194384020995,0.093101454064772,0.093101454064772,0.084498954176417
"ZBTB7A","EOMES",0.0800244908215047,0.048,0.048,0.158471227681535
"ZBTB7A","TCF7",0.074240951966587,0.12,0.12,0.279673127360654
"ZBTB7A","NFYA",0.0705761474264223,0.078,0.078,0.0968380516053716
"ZBTB7A","TFEB",0.0679969027136475,0.054,0.054,0.19195827288392
"ZBTB7A","ARID3B",0.0574387803837782,0.072,0.072,0.182314037895197
"ZBTB7A","ZNF16",0.0440293642158281,0.07,0.07,0.0435676679120793
"ZBTB7A","CEBPG",0.04169176990969,0.082,0.082,0.279419889940642
"ZBTB7A","THAP11",0.035130611620077,0.044,0.044,0.165764747205029
"ZBTB7A","HRAS",0.0343499720770616,0.136,0.136,0.200653268611975
"ZBTB7A","HMBOX1",0.0335121693931588,0.044,0.044,0.0297368320552779
"ZBTB7A","SOX13",0.0309829570184585,0.017619287504198,0.017619287504198,0.0335659131098172
"ZBTB7A","BHLHE22",0.0292198264525415,0.0271745027124774,0.0271745027124774,0.0525893855246814
"ZBTB7A","MAFK",0.0266640285005069,0.04,0.04,0.134024470030345
"ZBTB7A","TNIK",0.0260751515816328,0.054,0.054,0.174006733280749
"ZBTB7A","GMEB2",0.0240207971664835,0.04,0.04,0.127128217475199
"ZBTB7A","CCDC152",0.0214879724887617,0.06,0.06,0.00729298421225331
"ZBTB7A","ZBTB33",0.0213074645948526,0.028,0.028,0.0936779323281182
"ZBTB7A","RFX3",0.020852542514536,0.032,0.032,0.087708117322623
"ZBTB7A","CENPB",0.0187145348372383,0.05,0.05,0.119856214016256
"ZBTB7A","SMAD2",0.0185850488595319,0.032,0.032,0.12795320647307
"ZBTB7A","HES6",0.0156824183716367,0.018,0.018,0.106077120764418
"ZBTB7A","TP53",0.0156118875452769,0.036,0.036,0.229893664229771
"ZBTB7A","ETV3",0.0140903047250168,0.038,0.038,0.174725575841291
"ZBTB7A","PLAGL2",0.0134104294052564,0.042,0.042,0.0911631740726892
"ZBTB7A","BCAS4",0.0130017261487409,0.05,0.05,0.279051286787286
"ZBTB7A","MTF1",0.0119826042659495,0.03,0.03,0.0447681519650193
"ZBTB7A","SOX12",0.0112952213399524,0.016,0.016,0.0838554991596707
"ZBTB7A","DDIT3",0.0109458791822766,0.022,0.022,0.126901330088772
"ZBTB7A","GPR18",0.010907645956713,0.032,0.032,0.0637602555174396
"ZBTB7A","TUBB6",0.0103823163592604,0.054,0.054,0.163067470733834
"ZBTB7A","EGR3",0.0124123419991571,0.064,0.064,-0.00597317814686851
"ZBTB7A","ZNF274",0.0166523982421458,0.034,0.034,-0.031674441523735
"ZBTB7A","PRDM15",0.0276536279915679,0.03,0.03,-0.246391452872157
"ZBTB7A","ZNF684",0.0322529101987331,0.036,0.036,-0.0523813262420764
"ZBTB7A","HMX2",0.0391879090960549,0.0259784075573549,0.0259784075573549,-0.0779746506053865
"ZBTB7A","PPARA",0.0403109382323346,0.04,0.04,-0.100725509942854
"ZBTB7A","STAT4",0.0473752845890284,0.072,0.072,-0.0813551843006601
"ZBTB7A","RUNX1",0.0488732705187349,0.086,0.086,-0.108561254776691
"ZBTB7A","HNF1B",0.080036217418398,0.0558322233322233,0.0558322233322233,-0.0682718392187802
"ZBTB7A","SHOX2",0.0808042623309088,0.0502612330198537,0.0502612330198537,-0.0690733337524454
"ZBTB7B","REST",0.0544972280951671,0.04,0.04,0.0943109704193334
"ZBTB7B","FOXJ2",0.0381628048204347,0.036,0.036,0.105272415257509
"ZBTB7B","ZNF274",0.024362969366694,0.038,0.038,0.0833825433048489
"ZBTB7B","IRF9",0.0233286231927039,0.034,0.034,0.104511297878668
"ZBTB7B","POU2F2",0.0199687704093785,0.02,0.02,0.286061227782334
"ZBTB7B","STAT5B",0.0164814642756998,0.078,0.078,0.129078221539449
"ZBTB7B","HOXB7",0.0154782899460043,0.02,0.02,0.0763706987422798
"ZBTB7B","CCDC141",0.010622961207241,0.038,0.038,-0.0693833058089042
"ZBTB7B","TEAD4",0.0502023988786528,0.080799207138004,0.080799207138004,-0.199668714379983
"ZBTB7B","TCFL5",0.0551336784243005,0.062,0.062,-0.154676571467537
"ZBTB7B","HOXC8",0.08375995222899,0.0575486132925309,0.0575486132925309,-0.00132250209284042
"ZBTB7C","HES5",0.323312443171487,0.179291649526944,0.179291649526944,0.0688385879156038
"ZBTB7C","LAPTM4B",0.0445744135162803,0.02,0.02,0.0638892980275594
"ZBTB7C","TEAD1",0.0266380071057412,0.019365265941816,0.019365265941816,0.020794778706424
"ZBTB7C","TBX2",0.0179990583227448,0.0219419924337957,0.0219419924337957,0.0156691272773372
"ZBTB7C","RORB",0.0177270375780566,0.0139885409828752,0.0139885409828752,0.0216870090380592
"ZBTB7C","HOXB2",0.0155575242326636,0.0184515043130654,0.0184515043130654,0.059860889541169
"ZEB1","NKX3-1",0.185480189024293,0.122323232323232,0.122323232323232,0.157288687420447
"ZEB1","ALPL",0.0640265679368967,0.096,0.096,0.356134180584244
"ZEB1","CXCL16",0.0547185644321682,0.034,0.034,0.273566578651471
"ZEB1","FOXJ2",0.0490558540637268,0.02,0.02,0.0171375682505936
"ZEB1","ZNF449",0.0478717881192785,0.056,0.056,0.170091757462124
"ZEB1","PLD4",0.0464792573130316,0.036,0.036,0.335449008138189
"ZEB1","NFATC1",0.0397870557595438,0.048,0.048,0.259770319942264
"ZEB1","GNAZ",0.0396890545867275,0.034,0.034,0.198204722386738
"ZEB1","NCKAP5L",0.0343916546729806,0.03,0.03,0.293882285195416
"ZEB1","SP2",0.0327328488815837,0.026,0.026,0.253056866539273
"ZEB1","NFKB2",0.0146284402274713,0.086,0.086,0.528434600111461
"ZEB1","TRIM22",0.0145254915680023,0.05,0.05,0.262301970381849
"ZEB1","CD69",0.0141447205028431,0.058,0.058,0.55501060541658
"ZEB1","ZNF136",0.0115954657527604,0.01,0.01,0.331474067075551
"ZEB1","ELF2",0.010417720513323,0.034,0.034,0.323876757724817
"ZEB1","MGST1",0.0100771188424858,0.0243728493728494,0.0243728493728494,-0.119142946404759
"ZEB1","RUNX1",0.0101169395478068,0.022,0.022,-0.113274467775041
"ZEB1","LIN54",0.0102079790431948,0.024,0.024,-0.169878579419706
"ZEB1","FOXA2",0.0122837833584501,0.0713532025175861,0.0713532025175861,-0.0439632626181163
"ZEB1","TCF7L2",0.0128376116382982,0.04630426716141,0.04630426716141,-0.0284665841034468
"ZEB1","MEF2C",0.0152494136186361,0.04,0.04,-0.129958946068819
"ZEB1","ZNF682",0.0191435124307854,0.0275097322975082,0.0275097322975082,-0.123397758816865
"ZEB1","TP73",0.0234096153834039,0.02,0.02,-0.243469522639099
"ZEB1","ASCL2",0.0247859569447143,0.0817100909842845,0.0817100909842845,-0.0181422439150382
"ZEB1","HEY2",0.0253400510974527,0.0611464901356754,0.0611464901356754,-0.0746303205583707
"ZEB1","SNAI3",0.0254048189449963,0.03,0.03,-0.162525404389061
"ZEB1","HESX1",0.0260493332691552,0.0405251914512145,0.0405251914512145,-0.0911411444690726
"ZEB1","EMX2",0.0286980594654084,0.0389668069191211,0.0389668069191211,-0.103595968257681
"ZEB1","MAZ",0.0310052346234449,0.044,0.044,-0.237087664863368
"ZEB1","ATF1",0.0357247328520526,0.068,0.068,-0.0778198697735917
"ZEB1","TBX6",0.0453700943801915,0.0334741888809153,0.0334741888809153,-0.0806023591805699
"ZIC1","FOXA3",0.328290249245206,0.130127170095958,0.130127170095958,0.189940728942196
"ZIC1","PAX6",0.205870349765901,0.120997440529961,0.120997440529961,0.148660973786244
"ZIC1","DLX4",0.162478506889865,0.112377618617456,0.112377618617456,0.160865205770065
"ZIC1","LHX9",0.124678648522623,0.18454413482916,0.18454413482916,0.0927889407805697
"ZIC1","HOXA10",0.0535560103129632,0.0470040485829959,0.0470040485829959,0.0442618472719373
"ZIC1","LHX1",0.0414582039781596,0.0210884767406507,0.0210884767406507,0.063356638405916
"ZIC1","TWIST1",0.0107926266248181,0.0130957481337228,0.0130957481337228,0.0774500067467775
"ZKSCAN1","STAT4",0.113799435236282,0.056,0.056,0.0456162760895993
"ZKSCAN1","HMBOX1",0.0831564367338049,0.078,0.078,0.12059760683375
"ZKSCAN1","ZBTB7B",0.0658787727947395,0.046,0.046,0.288332447827775
"ZKSCAN1","ATF4",0.0655244793766735,0.1,0.1,0.212428939670937
"ZKSCAN1","SOX13",0.0522061868124314,0.0322935234699941,0.0322935234699941,0.0235413814893683
"ZKSCAN1","NFYB",0.0494835458266826,0.034,0.034,0.0975751874227323
"ZKSCAN1","IRF9",0.0378079338957402,0.056,0.056,0.0794380019139743
"ZKSCAN1","HSF4",0.0238016113430225,0.0330252606416552,0.0330252606416552,0.170230931894189
"ZKSCAN1","CTCF",0.0201262514379557,0.03,0.03,0.0622325064137297
"ZKSCAN1","SMAD5",0.018740159385977,0.024,0.024,0.141017703858648
"ZKSCAN1","LPXN",0.016527267760012,0.014,0.014,0.113016539567864
"ZKSCAN1","TBX21",0.0140484237926655,0.036,0.036,0.000280498914675017
"ZKSCAN1","BCL6",0.0122466806979928,0.03,0.03,0.181324191388419
"ZKSCAN1","MNX1",0.0104706446996268,0.0454074074074074,0.0454074074074074,0.0643666498120909
"ZKSCAN1","WDR34",0.0106328012625932,0.04,0.04,-0.2058203438548
"ZKSCAN1","NFIC",0.0106555728257288,0.024,0.024,-0.149395682961243
"ZKSCAN1","POLD3",0.0117470015642341,0.034,0.034,-0.284615209724862
"ZKSCAN1","KLF9",0.0152554427533823,0.032,0.032,-0.30504305487791
"ZKSCAN1","CCR1",0.0161636333026278,0.0283050917336632,0.0283050917336632,-0.162412659564748
"ZKSCAN1","ZNF282",0.0211279634183228,0.034,0.034,-0.0221275978060254
"ZKSCAN1","HMX2",0.042432076221276,0.0726045883940621,0.0726045883940621,-0.0783420399018413
"ZKSCAN1","RORA",0.0615245726762928,0.05,0.05,-0.223539761383512
"ZKSCAN1","SMAD3",0.0632465765835703,0.036,0.036,-0.337850106543762
"ZKSCAN1","RFX3",0.0969910101596848,0.068,0.068,-0.0317232213459927
"ZKSCAN1","KIF13A",0.153966125441812,0.062,0.062,-0.190220684706602
"ZKSCAN5","KLF15",0.159289815159948,0.0771764526317025,0.0771764526317025,0.0754135837239436
"ZKSCAN5","RGCC",0.151247340812552,0.09,0.09,0.177441808138203
"ZKSCAN5","TEAD3",0.0996115342287636,0.052821892393321,0.052821892393321,0.103838626225834
"ZKSCAN5","ARX",0.0955923720000453,0.150691056910569,0.150691056910569,0.138651159255756
"ZKSCAN5","FOXP2",0.0858445022973066,0.0563584059468803,0.0563584059468803,0.0543758183859675
"ZKSCAN5","REST",0.0765555418226234,0.056,0.056,0.126303139981291
"ZKSCAN5","MYF6",0.0728495979334357,0.108089213512456,0.108089213512456,0.0835479838391608
"ZKSCAN5","TFAP2C",0.0718330209367446,0.0992094861660079,0.0992094861660079,0.0671251951917645
"ZKSCAN5","NR2F6",0.0701741717222333,0.03,0.03,0.0708272754914525
"ZKSCAN5","ZIC2",0.0691253007800774,0.0863770965876229,0.0863770965876229,0.0707842013723399
"ZKSCAN5","HEY1",0.0592612694172274,0.0556568239944199,0.0556568239944199,0.0676705126545694
"ZKSCAN5","PROX1",0.0583471092036625,0.0671958196442732,0.0671958196442732,0.0651876556558576
"ZKSCAN5","TPI1",0.0439358788706304,0.02,0.02,0.111663076634792
"ZKSCAN5","HOXB7",0.043060442593983,0.026,0.026,0.0803554800599174
"ZKSCAN5","PLK1",0.0410749429231845,0.02,0.02,0.0274122867056184
"ZKSCAN5","FOXO1",0.0404970072165122,0.06,0.06,0.133405260247053
"ZKSCAN5","SELL",0.040368317459995,0.022,0.022,0.155713014579073
"ZKSCAN5","GABPA",0.0384379661284421,0.07,0.07,0.0845865181640662
"ZKSCAN5","PITX1",0.0380373199021759,0.0545470506705885,0.0545470506705885,0.0709618701974439
"ZKSCAN5","ZBTB26",0.0359772268586253,0.026,0.026,0.113166683295515
"ZKSCAN5","EMX2",0.0324979610225737,0.0151940158952782,0.0151940158952782,0.0900621948836183
"ZKSCAN5","MT1X",0.0322498828917338,0.012,0.012,0.107201871422558
"ZKSCAN5","HES7",0.0282792945347378,0.0704324324324324,0.0704324324324324,0.0403596923452113
"ZKSCAN5","TUBA1B",0.0273484260453648,0.03,0.03,0.0381215370985912
"ZKSCAN5","TMEM173",0.0255999164595889,0.022,0.022,0.0155246352782155
"ZKSCAN5","STK39",0.0238308225417673,0.042,0.042,0.0844088797635703
"ZKSCAN5","NEUROD2",0.0229849183409362,0.046717067583047,0.046717067583047,0.124835299368999
"ZKSCAN5","KIF2C",0.0228732771001112,0.02,0.02,0.0194513024798416
"ZKSCAN5","MT2A",0.022138910267838,0.018,0.018,0.106944904833957
"ZKSCAN5","NFYC",0.0219224961507907,0.008,0.008,0.0308798312877162
"ZKSCAN5","MT1H",0.0218401893817256,0.0234967622571693,0.0234967622571693,0.0357410693220444
"ZKSCAN5","HOXD3",0.021833644534838,0.0126022126022126,0.0126022126022126,0.0295809622080485
"ZKSCAN5","PPA1",0.021757709032375,0.02,0.02,0.105712389383906
"ZKSCAN5","ELK3",0.0216938309935419,0.046,0.046,0.267265977982535
"ZKSCAN5","SP4",0.0210735869330459,0.028,0.028,0.0865857468087358
"ZKSCAN5","MT1E",0.0205737177338851,0.012,0.012,0.0395112572219974
"ZKSCAN5","MEIS2",0.0200430144845375,0.0260869565217391,0.0260869565217391,0.0456838752154335
"ZKSCAN5","E2F4",0.0191205258132288,0.032,0.032,0.0385907274634018
"ZKSCAN5","ITGA8",0.0188730723558987,0.022,0.022,0.113113332222168
"ZKSCAN5","HNRNPA2B1",0.0186517455017269,0.014,0.014,0.147248565557396
"ZKSCAN5","CALM2",0.018261483478049,0.012,0.012,0.138305523137389
"ZKSCAN5","HOXC8",0.01747308393214,0.0193946517778431,0.0193946517778431,0.0349765323162454
"ZKSCAN5","IFI27",0.0171278089910569,0.058,0.058,0.206603782447739
"ZKSCAN5","ZBTB6",0.0170824958418907,0.036,0.036,0.150421106610855
"ZKSCAN5","CLOCK",0.0167339022592952,0.026,0.026,0.108502588224784
"ZKSCAN5","CYCS",0.0165332172435203,0.014,0.014,0.0809095212349518
"ZKSCAN5","SOCS2",0.0156687370853266,0.014,0.014,0.0240910808007789
"ZKSCAN5","CAV1",0.0156196281532035,0.05,0.05,0.157933792894768
"ZKSCAN5","NQO1",0.015497463731911,0.028,0.028,0.126649083971058
"ZKSCAN5","FOXD2",0.0151334080703484,0.0787659574468085,0.0787659574468085,0.0608867629627808
"ZKSCAN5","HN1",0.0147806010612095,0.024,0.024,0.080629437554755
"ZKSCAN5","LBX2",0.0147308992052822,0.0153846153846154,0.0153846153846154,0.0819778296522467
"ZKSCAN5","HSPA8",0.0146678891148301,0.032,0.032,0.136008993536227
"ZKSCAN5","NME1",0.013912861071604,0.02,0.02,0.127095468772924
"ZKSCAN5","EIF1AX",0.0136847527308558,0.028,0.028,0.130908209664489
"ZKSCAN5","ENO1",0.0133896009603828,0.022,0.022,0.102569377410477
"ZKSCAN5","ACTR3",0.0127729422758875,0.032,0.032,0.0847260306796958
"ZKSCAN5","XRCC5",0.0123300710049116,0.022,0.022,0.122197842062938
"ZKSCAN5","TESC",0.0116503064791198,0.03,0.03,0.0103935531522626
"ZKSCAN5","H2AFZ",0.0115589417083644,0.016,0.016,0.0396580273362947
"ZKSCAN5","PBX2",0.0114819587378553,0.036,0.036,0.0366675610087632
"ZKSCAN5","IL2RB",0.0109878352282519,0.026,0.026,0.0413784741511404
"ZKSCAN5","SMAD2",0.0106775892152985,0.012,0.012,0.112739748317733
"ZKSCAN5","LYAR",0.0106077719833353,0.02,0.02,0.0603721846590978
"ZKSCAN5","PPM1G",0.0101274605012312,0.014,0.014,0.0598741301578352
"ZKSCAN5","HSF4",0.0104059872708944,0.0246712177303472,0.0246712177303472,-0.0562995217688623
"ZKSCAN5","JUN",0.0122276195677224,0.028,0.028,-0.178315702754986
"ZKSCAN5","NPDC1",0.0126144861301301,0.036,0.036,-0.00808005386179017
"ZKSCAN5","NRF1",0.0138683975404041,0.014,0.014,-0.0739929614318744
"ZKSCAN5","CENPF",0.0148170462671815,0.03,0.03,-0.00163302034753105
"ZKSCAN5","POU4F1",0.0167395148381474,0.032,0.032,-0.0648481513676518
"ZKSCAN5","USF2",0.0343394581315668,0.05,0.05,-0.105784989304906
"ZKSCAN5","USF1",0.0562057517513253,0.02,0.02,-0.131968751340279
"ZNF135","PRRX1",0.193730124275335,0.0893536271213104,0.0893536271213104,0.118300983846736
"ZNF135","BCL6B",0.177527595846658,0.0808577546432776,0.0808577546432776,0.111722775523091
"ZNF135","SHOX",0.157039554722345,0.139514661274014,0.139514661274014,0.0675068127913808
"ZNF135","GRAMD1B",0.108072069312317,0.088,0.088,0.497778337972855
"ZNF135","TRAF1",0.0999108623139437,0.042,0.042,0.323320399843394
"ZNF135","MYL9",0.0754595178125943,0.044,0.044,0.357139128532281
"ZNF135","MYCN",0.0689933485444528,0.0287440150361499,0.0287440150361499,0.262179825002519
"ZNF135","CD40",0.0677575482710575,0.03,0.03,0.337691012020777
"ZNF135","IKZF1",0.058784850904204,0.07,0.07,0.279195095774608
"ZNF135","GPR132",0.0557821286669567,0.088,0.088,0.320440541171549
"ZNF135","NCKAP5L",0.0500497213404958,0.03,0.03,0.224328547479675
"ZNF135","CYB5R2",0.0372434077903084,0.02,0.02,0.198332122080322
"ZNF135","NFATC2",0.034188322331183,0.022,0.022,0.359497445024899
"ZNF135","NR1I2",0.0331940816369076,0.0216065592903828,0.0216065592903828,0.030132919632317
"ZNF135","NR5A2",0.0308490190388122,0.0117386489479513,0.0117386489479513,0.0448740007063101
"ZNF135","NFIC",0.0284954408969792,0.012,0.012,0.163137654906756
"ZNF135","KLF1",0.0208728237161331,0.0159649122807018,0.0159649122807018,0.0269124835278403
"ZNF135","NR1H3",0.020093532992315,0.0162646876932591,0.0162646876932591,0.0843499408689386
"ZNF135","ATF7",0.0182539375645264,0.01,0.01,0.108738930405047
"ZNF135","ZNF16",0.0167499111971605,0.006,0.006,0.163600004487829
"ZNF135","ETS1",0.0155868740919851,0.052,0.052,0.273704903182685
"ZNF135","LCK",0.0135788089086144,0.00816326530612245,0.00816326530612245,0.121587038081721
"ZNF135","GATM",0.0133248244176719,0.024,0.024,0.158212641463025
"ZNF135","S100A4",0.0131506162341871,0.022,0.022,0.195221799757346
"ZNF135","C1orf162",0.0124663011724187,0.02,0.02,0.272290674836427
"ZNF135","NPAS2",0.0115742813150524,0.0161205073995772,0.0161205073995772,0.0344992608710114
"ZNF135","TUBB",0.0113434010113214,0.082,0.082,0.116470449417048
"ZNF135","EZH2",0.0105237302291704,0.046,0.046,0.123257491348263
"ZNF136","KLF9",0.0532584335840563,0.106,0.106,0.523079120370635
"ZNF136","CCDC141",0.0421901952996202,0.042,0.042,0.212536621071874
"ZNF136","HIC2",0.0406301444379263,0.028,0.028,0.183672233736489
"ZNF136","FCER2",0.0339589815115497,0.076,0.076,0.422964815634469
"ZNF136","MGA",0.0318282244304021,0.042,0.042,0.175807126354059
"ZNF136","DMBX1",0.0309947272697178,0.058954954954955,0.058954954954955,0.122258234517852
"ZNF136","ZBTB7A",0.0178240189586719,0.032,0.032,0.0523398500439898
"ZNF136","GMEB1",0.0146359387431152,0.022,0.022,0.0444975649195626
"ZNF136","PLAGL1",0.0136749534497087,0.004,0.004,0.0525776137763562
"ZNF136","ATF6",0.0107033178689305,0.022,0.022,0.0141426743818443
"ZNF136","SP1",0.0103982916388714,0.018,0.018,0.0289268673920823
"ZNF136","SNRPG",0.010284066324308,0.042,0.042,-0.228796160011116
"ZNF136","TCF12",0.0116109140832709,0.024,0.024,-0.103312724658846
"ZNF136","HOXB6",0.0126801247953593,0.0225352112676056,0.0225352112676056,-0.0365470543034305
"ZNF136","ZBED1",0.0127056728192564,0.028,0.028,-0.0537153500529599
"ZNF136","EIF5A",0.0152542780291077,0.022,0.022,-0.10799199141809
"ZNF136","ELK1",0.0193963474121833,0.062,0.062,-0.0789671882286185
"ZNF136","C10orf10",0.0208644955310866,0.038,0.038,-0.109647818810566
"ZNF136","EIF1AX",0.0255357882750101,0.034,0.034,-0.1573935212253
"ZNF140","ALPL",0.156919772011848,0.13,0.13,0.220869759618076
"ZNF140","PSPH",0.155053317008642,0.03,0.03,0.176790876342688
"ZNF140","FOXD3",0.14065609930199,0.0813590263691684,0.0813590263691684,0.0834176056388835
"ZNF140","MSANTD3",0.124696898536531,0.156,0.156,0.227503300761228
"ZNF140","FAH",0.0848554309795399,0.034,0.034,0.1583692491561
"ZNF140","LMNA",0.0750826772302492,0.028,0.028,0.190548956797836
"ZNF140","SOCS2",0.0675066313278309,0.032,0.032,0.185954971733883
"ZNF140","S100A4",0.0568913798466616,0.044,0.044,0.179330461658462
"ZNF140","RFX2",0.0544215037981028,0.0301632653061224,0.0301632653061224,0.100971498709741
"ZNF140","SIX1",0.0532128733076047,0.0702028218694885,0.0702028218694885,0.11124611281154
"ZNF140","POLD3",0.0501002518972834,0.022,0.022,0.174871815581307
"ZNF140","CENPV",0.0462024772693346,0.024,0.024,0.123500056833343
"ZNF140","NHLH1",0.0431741201174604,0.0509515244571178,0.0509515244571178,0.0505122633255586
"ZNF140","TFRC",0.0402040257200019,0.02,0.02,0.203359381684429
"ZNF140","DLX6",0.0392633765080328,0.0244646464646465,0.0244646464646465,0.0348127585648623
"ZNF140","SLC7A5",0.0391992751611081,0.024,0.024,0.135891351113979
"ZNF140","CTCFL",0.0350611715510899,0.106338886431766,0.106338886431766,0.0550175264963159
"ZNF140","HSPB1",0.0310232404142482,0.024,0.024,0.191377068921316
"ZNF140","H2AFZ",0.0309864840168918,0.014,0.014,0.17114853186755
"ZNF140","SRF",0.0290080441971548,0.02,0.02,0.129144103394748
"ZNF140","MRTO4",0.0284244010304546,0.012,0.012,0.181657050033107
"ZNF140","SLC39A14",0.024490630282938,0.03,0.03,0.176035726318811
"ZNF140","A4GALT",0.0233635685229017,0.05,0.05,0.139071765967671
"ZNF140","FAM107B",0.0232309083506185,0.034,0.034,0.211423310066324
"ZNF140","TMEM173",0.0225592813961109,0.028,0.028,0.138899788527458
"ZNF140","ZNF274",0.022391621178971,0.03,0.03,0.0182541480045944
"ZNF140","SEPW1",0.0220451688871473,0.026,0.026,0.206362453167781
"ZNF140","MLX",0.0217424795833259,0.014,0.014,0.155056142928312
"ZNF140","ARNT",0.0215255037206831,0.03,0.03,0.0983331516914108
"ZNF140","CORO2A",0.020767498882991,0.042,0.042,0.127225454066258
"ZNF140","GTSF1",0.0204017691108458,0.044,0.044,0.182534627190861
"ZNF140","KIF5C",0.0192497505412904,0.02,0.02,0.167241792388312
"ZNF140","TUBA1A",0.0191870867603419,0.042,0.042,0.204055293973489
"ZNF140","CCDC152",0.0189677645340064,0.036,0.036,0.151952788329587
"ZNF140","POLR3G",0.0188379150965713,0.012,0.012,0.139580357587295
"ZNF140","CCR10",0.017713940254644,0.036,0.036,0.0842195901082516
"ZNF140","MPEG1",0.0176408972605644,0.062,0.062,0.0212439413502123
"ZNF140","RRM2B",0.0169144178938423,0.032,0.032,0.129990614249875
"ZNF140","MSMO1",0.0167620415719304,0.028,0.028,0.191257428872679
"ZNF140","AQP3",0.016559784983904,0.012,0.012,0.122142214312489
"ZNF140","POU2F1",0.0162810092292406,0.024,0.024,0.00175754070283077
"ZNF140","ARL6IP1",0.0162738538081362,0.012,0.012,0.141879350305957
"ZNF140","HLX",0.0159275419894245,0.0101834673263245,0.0101834673263245,0.129138576972462
"ZNF140","ETS2",0.0158653025567429,0.0641500800732098,0.0641500800732098,0.0892558078287576
"ZNF140","ANXA3",0.0157303046124444,0.032,0.032,0.196242422908613
"ZNF140","KPNA2",0.0154467594211433,0.018,0.018,0.130463105071178
"ZNF140","CYCS",0.0149460095643021,0.012,0.012,0.162512230873981
"ZNF140","CYB5R2",0.0140461080314479,0.018,0.018,0.143619764965733
"ZNF140","TXN",0.014035737411859,0.012,0.012,0.172485223611286
"ZNF140","CKS2",0.0139999033544853,0.01,0.01,0.154124395488417
"ZNF140","XRCC5",0.0139521325299527,0.014,0.014,0.205394134243341
"ZNF140","IRF5",0.0135043543881388,0.03,0.03,0.110501889320008
"ZNF140","BAX",0.0132221182156489,0.014,0.014,0.212456530557939
"ZNF140","CKAP2L",0.0131462203206206,0.008,0.008,0.120633642933582
"ZNF140","SNRPE",0.0130095679938699,0.008,0.008,0.169532732145059
"ZNF140","HFE",0.0129119384694009,0.0121212121212121,0.0121212121212121,0.0394268253145365
"ZNF140","TWIST1",0.0117566318578387,0.117528909908657,0.117528909908657,0.0587718155475575
"ZNF140","IL32",0.0116806347763896,0.012,0.012,0.158762784458295
"ZNF140","DPYSL2",0.0114993191832328,0.028,0.028,0.1941510060726
"ZNF140","SOX4",0.0112706388128793,0.018,0.018,0.16404787577961
"ZNF140","DUT",0.0109231447401602,0.016,0.016,0.158072675632389
"ZNF140","IRF2",0.0104965262986045,0.018,0.018,0.135864843242793
"ZNF140","CCNB2",0.0101623121473011,0.014,0.014,0.163784606133081
"ZNF140","IL2RB",0.010060051155177,0.016,0.016,0.22130960014654
"ZNF140","NR1D1",0.010214465571491,0.0202449234614183,0.0202449234614183,-0.0150654426574739
"ZNF140","DDIT3",0.0130114884775716,0.038,0.038,-0.132056508638549
"ZNF140","CUX1",0.0199990760354084,0.016,0.016,-0.157495523895729
"ZNF140","SPI1",0.0321252647082427,0.042,0.042,-0.045011499938762
"ZNF143","HOXB7",0.150992662223605,0.054,0.054,0.111457907649237
"ZNF143","TBX6",0.11870150497246,0.0666072074516187,0.0666072074516187,0.0235057893374938
"ZNF143","SIX3",0.107818494214469,0.0564493709158552,0.0564493709158552,0.129140069585267
"ZNF143","CEBPD",0.0914109796804927,0.0392195280173925,0.0392195280173925,0.0362116210671435
"ZNF143","LPXN",0.0743933149147144,0.02,0.02,0.324781432089057
"ZNF143","RHOXF1",0.0577713012403727,0.0474262579525737,0.0474262579525737,0.0772031559448974
"ZNF143","TCF12",0.0556447879851072,0.076,0.076,0.237105055141749
"ZNF143","PRDX3",0.0523145342639344,0.02,0.02,0.290555683413833
"ZNF143","GAPDH",0.0480817819347414,0.03,0.03,0.315794293337727
"ZNF143","PLAGL2",0.0444009180449476,0.024,0.024,0.190421500777739
"ZNF143","KIF2C",0.043752713302883,0.04,0.04,0.176076256725193
"ZNF143","HOXB2",0.0426981387383244,0.0345726909320429,0.0345726909320429,0.0995475046685517
"ZNF143","ARNTL",0.0386782542487289,0.068,0.068,0.0815483999819098
"ZNF143","NFIA",0.0356846552973398,0.0808638105189829,0.0808638105189829,0.0401917907799613
"ZNF143","PPP2R3C",0.0339821379426115,0.044,0.044,0.259077582787167
"ZNF143","RANBP1",0.0317609519939699,0.04,0.04,0.278736777217471
"ZNF143","KPNB1",0.0316135315618509,0.02,0.02,0.312215915492444
"ZNF143","KLF5",0.0292934342458266,0.0300622524052066,0.0300622524052066,0.10802282793585
"ZNF143","DEPDC1",0.0292889765963652,0.022,0.022,0.218271097782421
"ZNF143","ITGA2",0.0273447518473902,0.0257219251336898,0.0257219251336898,0.147468159245138
"ZNF143","IFI27",0.0250495532535918,0.07,0.07,0.180725575769003
"ZNF143","IL1RN",0.0231314614569355,0.028,0.028,0.0810441979748343
"ZNF143","CKS2",0.0211354353629368,0.018,0.018,0.249425846646629
"ZNF143","KBTBD11",0.0206391264332806,0.0330647130647131,0.0330647130647131,0.125206383135811
"ZNF143","PLK1",0.0198237753387478,0.022,0.022,0.18372766264095
"ZNF143","CENPV",0.0197574242725489,0.038,0.038,0.143769206658323
"ZNF143","FAH",0.0179729371244447,0.014,0.014,0.200761984508501
"ZNF143","CDC20",0.0168995864666372,0.026,0.026,0.202999033039317
"ZNF143","KIF20A",0.0141373115790818,0.05,0.05,0.140641095778106
"ZNF143","TNIK",0.0124787591832035,0.028,0.028,0.154739010998558
"ZNF143","PA2G4",0.0103938419080212,0.024,0.024,0.263923850307023
"ZNF143","MIXL1",0.0102660933367759,0.034,0.034,0.183353775545017
"ZNF143","DDIT3",0.0157482823590486,0.032,0.032,-0.20138098828041
"ZNF148","EBF2",0.237070223297137,0.148536337611968,0.148536337611968,0.0960494357887319
"ZNF148","SP2",0.130849571875088,0.082,0.082,0.204991465203321
"ZNF148","MTF1",0.107082912418427,0.078,0.078,0.244818498294935
"ZNF148","THRB",0.106713779192393,0.0457534699272968,0.0457534699272968,0.0371655273160105
"ZNF148","ZFX",0.090158478236042,0.058,0.058,0.151957384195725
"ZNF148","CXCL16",0.0721582754368816,0.068,0.068,0.287217866890137
"ZNF148","RARA",0.0622258733522852,0.08,0.08,0.362320023502956
"ZNF148","RFX7",0.0529709437963357,0.096,0.096,0.304816591237603
"ZNF148","RXRA",0.047513786221667,0.07,0.07,0.186870135216804
"ZNF148","ELK1",0.0457075211824007,0.062,0.062,0.128299227202241
"ZNF148","BHLHE22",0.0451578168941528,0.0653576580475315,0.0653576580475315,0.0778098696018654
"ZNF148","SP4",0.0431639190646921,0.048,0.048,0.0956995502755126
"ZNF148","ID3",0.0421032308931702,0.07,0.07,0.371948879973363
"ZNF148","PLAGL2",0.0405368566050807,0.068,0.068,0.00379752918157156
"ZNF148","ZNF75D",0.037237955566153,0.064,0.064,0.0815134512125376
"ZNF148","RGCC",0.0346800902190955,0.06,0.06,0.151409292375016
"ZNF148","RFX1",0.0343905806148327,0.03,0.03,0.123283428959258
"ZNF148","FOXO4",0.0331766927472739,0.03,0.03,0.086204091378536
"ZNF148","TCF12",0.0315453377571437,0.034,0.034,0.0470953906153461
"ZNF148","HS3ST3B1",0.0294300549617979,0.064,0.064,0.0589932994420197
"ZNF148","THAP11",0.029253188955441,0.04,0.04,0.115551054637628
"ZNF148","TEAD2",0.0258942546007657,0.04,0.04,0.19275434504295
"ZNF148","SOX13",0.0256388986694844,0.0117369345630215,0.0117369345630215,0.060086299221326
"ZNF148","SORL1",0.0227095285941118,0.04,0.04,0.350768733471542
"ZNF148","ATF1",0.0225916210984996,0.034,0.034,0.0294381659246455
"ZNF148","FOXJ2",0.0220539650859635,0.032,0.032,0.118105804119493
"ZNF148","RBPJ",0.0218933412560866,0.03,0.03,0.20937997267641
"ZNF148","GATA3",0.0215441439931174,0.0452201933404941,0.0452201933404941,0.050053115545554
"ZNF148","RORA",0.0215205454962831,0.03,0.03,0.230544129700969
"ZNF148","CREM",0.0214678374434,0.034,0.034,0.232997136766483
"ZNF148","ZNF281",0.0206204129965136,0.032,0.032,0.278116643076489
"ZNF148","ERF",0.0194067088670548,0.03,0.03,0.130528865404002
"ZNF148","ZNF384",0.0185633650538976,0.026,0.026,0.0014646654123956
"ZNF148","SPI1",0.0183255698196941,0.03,0.03,0.07950594263164
"ZNF148","MAX",0.0182906087480307,0.038,0.038,0.227812273805779
"ZNF148","MSX1",0.0176795004276863,0.036,0.036,0.0958989830663836
"ZNF148","IL6",0.0176613380105671,0.066,0.066,0.0159221101421863
"ZNF148","ZBTB7A",0.0171089400834385,0.026,0.026,0.194547015905461
"ZNF148","TBP",0.0168395369770728,0.034,0.034,0.0437627121828646
"ZNF148","ZNF740",0.0161796853164563,0.014,0.014,0.112193935803707
"ZNF148","ETV6",0.0158846381161526,0.044,0.044,0.20977676193287
"ZNF148","USF2",0.0158489416964457,0.032,0.032,0.0894959646070401
"ZNF148","NRF1",0.0151973433547704,0.014,0.014,0.0562215367382974
"ZNF148","ZBTB14",0.015060327329463,0.028,0.028,0.12249635490854
"ZNF148","B3GNT7",0.0149887487406584,0.06,0.06,0.210833534370563
"ZNF148","ASCL2",0.0147406959115145,0.021090829273819,0.021090829273819,0.0913312911846884
"ZNF148","BTNL9",0.0142858630764814,0.048,0.048,0.169377713860301
"ZNF148","ZNF317",0.0141068991601543,0.038,0.038,0.306359526459728
"ZNF148","MYC",0.0139391204568575,0.056,0.056,0.0563286601598729
"ZNF148","KLF4",0.0138280952686752,0.048,0.048,0.269130398217012
"ZNF148","ARNT",0.0135607934042277,0.02,0.02,0.011972481857146
"ZNF148","NR3C1",0.0131637538652669,0.04,0.04,0.405790232516198
"ZNF148","FOXK1",0.0124645918180661,0.028,0.028,0.0260015492637545
"ZNF148","RGS1",0.0122268397067419,0.058,0.058,0.0102928482411752
"ZNF148","KIF13A",0.01216362788641,0.01,0.01,0.164030124847371
"ZNF148","PLAGL1",0.0120945521290056,0.006,0.006,0.130519548779827
"ZNF148","RREB1",0.0118427060781686,0.02,0.02,0.163556503440285
"ZNF148","ETV3",0.0118039345987967,0.02,0.02,0.212980620533649
"ZNF148","EGR3",0.0113205602480995,0.03,0.03,0.0854944229900243
"ZNF148","PPARD",0.0112285474790029,0.016,0.016,0.200165701779366
"ZNF148","SPOCK2",0.011028041846158,0.066,0.066,0.445724774341102
"ZNF148","SP3",0.0110038566364966,0.006,0.006,0.184674626204909
"ZNF148","CD72",0.0109281674730919,0.026,0.026,0.253802598257203
"ZNF148","SREBF2",0.0104514168692497,0.036,0.036,0.0443003217180337
"ZNF148","TET1",0.0100413127768232,0.0281834673263245,0.0281834673263245,-0.0752760521123074
"ZNF148","ASCL1",0.0104711683577903,0.022020202020202,0.022020202020202,-0.0762134928864506
"ZNF148","SREBF1",0.0125743760265089,0.044,0.044,-0.19246712274008
"ZNF148","FNIP2",0.012964709936859,0.05,0.05,-0.144633446563245
"ZNF148","LGALS1",0.013041061200043,0.028,0.028,-0.301598432546354
"ZNF148","TAS1R3",0.0135864926293677,0.038,0.038,-0.0211737342526254
"ZNF148","KLF15",0.014103274062521,0.0157814096016343,0.0157814096016343,-0.102844439086707
"ZNF148","WARS",0.0142335516526445,0.032,0.032,-0.266470582795589
"ZNF148","MNT",0.0150244015611543,0.018,0.018,-0.0829085856281321
"ZNF148","POU5F1",0.0153256891969687,0.0484515043130654,0.0484515043130654,-0.0359566777974531
"ZNF148","ZSCAN29",0.0153258835670583,0.024,0.024,-0.134579001615012
"ZNF148","E2F3",0.0167424666031819,0.058,0.058,-0.0678562940383427
"ZNF148","MNX1",0.0169202070022803,0.0272839506172839,0.0272839506172839,-0.0350580439644402
"ZNF148","ZBTB7B",0.017210832007291,0.046,0.046,-0.0279381063159461
"ZNF148","HSF1",0.0173677847721783,0.044,0.044,-0.0132331192300588
"ZNF148","CREB3L4",0.0187330074947478,0.03,0.03,-0.155350300620971
"ZNF148","TEAD3",0.018892016659197,0.0406131210059782,0.0406131210059782,-0.0640424155373623
"ZNF148","POU6F1",0.0196704948101017,0.042,0.042,-0.0625220119239935
"ZNF148","ZNF341",0.0200890526111102,0.028,0.028,-0.184769368570358
"ZNF148","FAM101B",0.0206904789331342,0.052,0.052,-0.0988074662534894
"ZNF148","CENPF",0.021118751403692,0.042,0.042,-0.274189139480663
"ZNF148","NR2F6",0.0232020977599877,0.0403711340206186,0.0403711340206186,-0.145867246065606
"ZNF148","FADS1",0.024959160291272,0.024,0.024,-0.237675910411466
"ZNF148","POU4F1",0.0264895989746868,0.036,0.036,-0.0525090213728252
"ZNF148","HSF4",0.0339196033422873,0.0431885259477777,0.0431885259477777,-0.125306374640632
"ZNF148","DLX2",0.0490570407346265,0.0281609195402299,0.0281609195402299,-0.0301975888947625
"ZNF148","HES6",0.0627288339209436,0.1,0.1,-0.0552120339656474
"ZNF148","FAM92B",0.0651516184621796,0.068,0.068,-0.133087758062795
"ZNF148","HINFP",0.0764078217262227,0.076,0.076,-0.149443242509852
"ZNF148","PITX1",0.0828136968388308,0.0766019384720676,0.0766019384720676,-0.126152666352045
"ZNF16","GLI3",0.0520948779704271,0.0237250554323725,0.0237250554323725,0.0940746898969455
"ZNF16","ISL2",0.0322584047236288,0.044,0.044,0.0934109254107404
"ZNF16","TFAP2E",0.0293274430826834,0.0147937357602306,0.0147937357602306,0.00146175836849852
"ZNF16","PASK",0.0262849582014932,0.042,0.042,0.0935575317348576
"ZNF16","FOXJ2",0.0260186638957936,0.028,0.028,0.0735173737079149
"ZNF16","ZNF703",0.0229480504088646,0.054,0.054,0.0437739960032273
"ZNF16","TP73",0.0193422330507231,0.052,0.052,0.0301691004840936
"ZNF16","ELF4",0.0189091841252919,0.048,0.048,0.0986605898032586
"ZNF16","TUBB",0.0152222974918506,0.026,0.026,0.0586866074141804
"ZNF16","ELF5",0.0148025742333054,0.0329925423314383,0.0329925423314383,0.0317273585767473
"ZNF16","ZIC2",0.0131088613570576,0.0105974025974026,0.0105974025974026,0.0184192230262859
"ZNF16","ETS1",0.0126709799745186,0.022,0.022,0.0537323922001592
"ZNF16","PRR5L",0.0116863574147764,0.03,0.03,0.00568212562731858
"ZNF16","HLTF",0.0120573229215768,0.016,0.016,-0.00483138121112709
"ZNF16","FAM92B",0.0166255822625523,0.026,0.026,-0.0917895163707631
"ZNF16","EXO1",0.0199310216806297,0.016,0.016,-0.00444857446408043
"ZNF24","RBPJ",0.158235507475899,0.112,0.112,0.280119135854472
"ZNF24","SPDEF",0.104336239179782,0.038,0.038,0.142824103062351
"ZNF24","MAX",0.0802522364538892,0.062,0.062,0.215963540977084
"ZNF24","FOXK1",0.080031746371916,0.08,0.08,0.107108138054783
"ZNF24","MEF2A",0.0799194892516479,0.076,0.076,0.318754611682153
"ZNF24","RFX5",0.0785808421580011,0.074,0.074,0.249049611055647
"ZNF24","HIF1A",0.0667453502538282,0.06,0.06,0.274838956653378
"ZNF24","DNAJA1",0.0597387732626059,0.06,0.06,0.181672184519929
"ZNF24","SET",0.0559562379029545,0.05,0.05,0.118785735077117
"ZNF24","LRRK2",0.0462715958651275,0.112,0.112,0.195535059599412
"ZNF24","SP2",0.0439686789174177,0.038,0.038,0.159807942550987
"ZNF24","FAM107B",0.0425888109596955,0.078,0.078,0.0565634248716812
"ZNF24","RUNX3",0.0412567870719448,0.052,0.052,0.346345655694103
"ZNF24","ARL6IP5",0.0344407322921578,0.04,0.04,0.134933906570861
"ZNF24","ZBTB26",0.0332490009728333,0.042,0.042,0.165817897640057
"ZNF24","IFI27",0.0323436741102559,0.066,0.066,0.367401875657268
"ZNF24","GPR18",0.0300782539178221,0.058,0.058,0.163577063144015
"ZNF24","PLEK",0.0294803017097471,0.05,0.05,0.102910266281217
"ZNF24","ABCE1",0.0293159112822396,0.046,0.046,0.0181942471282431
"ZNF24","SELL",0.0285871036274868,0.07,0.07,0.0237998958212803
"ZNF24","BLOC1S2",0.0274806760091042,0.072,0.072,0.124724093417331
"ZNF24","SRSF2",0.0238868739607148,0.034,0.034,0.00277976671989685
"ZNF24","FOXO4",0.0238436828885413,0.026,0.026,0.0918618733946062
"ZNF24","GNB3",0.0234164417845682,0.030284065141208,0.030284065141208,0.164375315243547
"ZNF24","RFX7",0.0227335352748725,0.058,0.058,0.170077296751643
"ZNF24","ODC1",0.0224973695989381,0.04,0.04,0.0624393872156911
"ZNF24","SMAD2",0.0181944246799438,0.024,0.024,0.0113265296760856
"ZNF24","XAF1",0.0179123461715227,0.064,0.064,0.385727074613325
"ZNF24","ZNF148",0.0175977954017029,0.044,0.044,0.22512316541584
"ZNF24","PLAC8",0.0175037661471033,0.01,0.01,0.279148729504311
"ZNF24","CCR10",0.0161861700857111,0.036,0.036,0.04665972792009
"ZNF24","KLF12",0.0157068697117126,0.06,0.06,0.143420862818003
"ZNF24","KLF10",0.0149782566573289,0.04,0.04,0.343988716500419
"ZNF24","ACTR3",0.0148247468438633,0.038,0.038,0.0222887011120021
"ZNF24","NAP1L1",0.0142804654181086,0.082,0.082,0.113750714044025
"ZNF24","CARD17",0.0139030418502104,0.00680170042510628,0.00680170042510628,0.156251945871992
"ZNF24","CLOCK",0.0134403294156397,0.018,0.018,0.0920852854649415
"ZNF24","HSPH1",0.0134014077277242,0.062,0.062,0.0474740183091536
"ZNF24","HINFP",0.0125265921321512,0.016,0.016,0.0686608343684796
"ZNF24","SSBP1",0.0109900733858716,0.03,0.03,0.0438939476624741
"ZNF24","GBP1",0.010960533132982,0.02,0.02,0.0955609301823509
"ZNF24","COL1A2",0.0109202538075866,0.026,0.026,0.0497828891145167
"ZNF24","STAT3",0.0101786272723772,0.036,0.036,0.262109001474655
"ZNF24","CCNE2",0.0103500219789864,0.072,0.072,-0.21918097286443
"ZNF24","EGR3",0.0106661081594045,0.068,0.068,-0.0129563307251411
"ZNF24","TOP2A",0.0106675821419853,0.038,0.038,-0.368079297833949
"ZNF24","SOX6",0.0107108914045271,0.0197310405643739,0.0197310405643739,-0.144825430655447
"ZNF24","NUF2",0.0108461346123824,0.028,0.028,-0.351445973491347
"ZNF24","RORB",0.0112774602607199,0.0370419043822716,0.0370419043822716,-0.0491273927550385
"ZNF24","RUNX2",0.0113712092939733,0.034,0.034,-0.247392463518972
"ZNF24","MTDH",0.0116385899062773,0.06,0.06,-0.181861451913959
"ZNF24","TBX19",0.0126192799936361,0.022,0.022,-0.00719376992314903
"ZNF24","NR1I3",0.014047024985941,0.00845070422535211,0.00845070422535211,-0.0818054000889567
"ZNF24","PGK1",0.0142744467302613,0.072,0.072,-0.0923363050464029
"ZNF24","SREBF1",0.0147343354980657,0.01,0.01,-0.382592721232201
"ZNF24","ANKRD13B",0.0147954623527215,0.0261212121212121,0.0261212121212121,-0.211950148715287
"ZNF24","CDC20",0.0158362004132173,0.018,0.018,-0.287748828450338
"ZNF24","NFATC4",0.0160699864187824,0.0533080462629026,0.0533080462629026,-0.0324056069479057
"ZNF24","HEY2",0.0162684398952384,0.0586554118796368,0.0586554118796368,-0.0859631317904962
"ZNF24","PRR11",0.018687449179107,0.022,0.022,-0.407977537962415
"ZNF24","MZT1",0.020864048328756,0.056,0.056,-0.0356144331635234
"ZNF24","F2R",0.0221216319197143,0.024,0.024,-0.307542776572076
"ZNF24","MAZ",0.0231881712635893,0.046,0.046,-0.328658807750079
"ZNF24","BTNL9",0.0235697058345496,0.058,0.058,-0.00129315994167334
"ZNF24","EXO1",0.0238790607978862,0.036,0.036,-0.176963502723833
"ZNF24","USF1",0.0255961051336429,0.052,0.052,-0.0471352436959578
"ZNF24","APOBEC3B",0.0275163481259954,0.036,0.036,-0.327807709565358
"ZNF24","CCNA2",0.0302208725856482,0.036,0.036,-0.269075157018886
"ZNF24","HES2",0.030236114751053,0.0963492063492064,0.0963492063492064,-0.109613570725597
"ZNF24","GLIS3",0.0322420498482773,0.0289377289377289,0.0289377289377289,-0.0545111301557309
"ZNF24","HOXB7",0.0352890910413644,0.038,0.038,-0.11345343905161
"ZNF24","GLI3",0.0434761067390704,0.0565410199556541,0.0565410199556541,-0.116321239987896
"ZNF24","DEPDC1",0.0451137502224336,0.04,0.04,-0.24560113863471
"ZNF24","NDC80",0.0471415889127558,0.044,0.044,-0.24179847512673
"ZNF24","MYH10",0.0474699646953806,0.0633915421838839,0.0633915421838839,-0.181111862238935
"ZNF24","ZNF410",0.0578748863670345,0.0465874363327674,0.0465874363327674,-0.121562374036174
"ZNF24","ZNF16",0.0601359470251539,0.038,0.038,-0.0522155433393105
"ZNF24","ZNF282",0.0700208369451726,0.08,0.08,-0.188931752587015
"ZNF24","CENPF",0.0831846821164086,0.06,0.06,-0.45486162720473
"ZNF24","ZNF341",0.084949209549892,0.038,0.038,-0.252840658364557
"ZNF263","EOMES",0.186436874649498,0.042,0.042,0.050075850669477
"ZNF263","SHOX",0.147254138190595,0.183720930232558,0.183720930232558,0.0342763598460079
"ZNF263","TEAD1",0.144928753234196,0.111607405230679,0.111607405230679,0.0996530592435208
"ZNF263","USF1",0.0932453164516341,0.066,0.066,0.111406514044664
"ZNF263","DDIT3",0.0904105685754615,0.104,0.104,0.1093965810493
"ZNF263","RORB",0.0825248456724249,0.0372164866623367,0.0372164866623367,0.0580804814623181
"ZNF263","FOXC1",0.0753882239557049,0.0334332084893883,0.0334332084893883,0.0446309531745362
"ZNF263","SP4",0.0734493829344857,0.058,0.058,0.0692935097330604
"ZNF263","TCF7L2",0.0617712993520494,0.0645079365079365,0.0645079365079365,0.0857361827156269
"ZNF263","LHX2",0.0601351487311067,0.0234753436258224,0.0234753436258224,0.0243586020928684
"ZNF263","TBX21",0.0558363631069581,0.068,0.068,0.128155726150501
"ZNF263","HILPDA",0.0544190039765217,0.082,0.082,0.0236714945413622
"ZNF263","STAT4",0.0527334097283529,0.01,0.01,0.037476329427368
"ZNF263","NR2C1",0.0482853151920858,0.036,0.036,0.0892544088831187
"ZNF263","MEF2D",0.041943039947524,0.072,0.072,0.0922639410446319
"ZNF263","RFX5",0.0386866120359194,0.048,0.048,0.129470163208556
"ZNF263","ZFX",0.0343602290888447,0.052,0.052,0.118107139138546
"ZNF263","HIC1",0.0328181333705293,0.012,0.012,0.0208848167473745
"ZNF263","ARID3B",0.0314764374203563,0.056,0.056,0.103600609284399
"ZNF263","SRF",0.0277916996103892,0.048,0.048,0.0992571616463269
"ZNF263","RXRB",0.0275712881340002,0.038,0.038,0.0177351846406815
"ZNF263","ZNF528",0.0272153839560307,0.052,0.052,0.0863305642857693
"ZNF263","RFX1",0.0261937277808724,0.03,0.03,0.0808542791547346
"ZNF263","KLF12",0.0256187485765866,0.06,0.06,0.11383116858538
"ZNF263","FOXP3",0.0248986194022993,0.034429111782707,0.034429111782707,0.0396063011449277
"ZNF263","ATF2",0.0247711262497094,0.036,0.036,0.105881756080743
"ZNF263","NR3C2",0.0243090672805409,0.0102259843331272,0.0102259843331272,0.0770568394371314
"ZNF263","RORA",0.0241986892107283,0.036,0.036,0.115189186955462
"ZNF263","ERF",0.0230209953991703,0.03,0.03,0.0759982706244263
"ZNF263","POU4F1",0.0212681426274387,0.04,0.04,0.0615322048323072
"ZNF263","NFIC",0.0183575343530376,0.034,0.034,0.103889033034094
"ZNF263","FOXJ3",0.0171983802224846,0.028,0.028,0.122702763332802
"ZNF263","TFCP2",0.0169423941365574,0.024,0.024,0.0311456144189236
"ZNF263","FOXJ2",0.0156360012764149,0.016,0.016,0.0512273649592482
"ZNF263","MAF",0.0148276666366423,0.016,0.016,0.0240827983468031
"ZNF263","LAG3",0.0148143512090868,0.034,0.034,0.0502835218667357
"ZNF263","SP3",0.0147809329945845,0.022,0.022,0.100299437835815
"ZNF263","RELB",0.0147003329365861,0.046,0.046,0.0441922097516823
"ZNF263","CD80",0.0142825877865122,0.072,0.072,0.00182564203943598
"ZNF263","FOSL2",0.0140248428856325,0.026,0.026,0.0532293527230618
"ZNF263","NFATC3",0.0140116272080576,0.032,0.032,0.0155970187578222
"ZNF263","ZNF384",0.0132090547444909,0.02,0.02,0.0150514228347148
"ZNF263","GLO1",0.0126057934394366,0.038,0.038,0.0582424970255081
"ZNF263","GATM",0.0121554701439775,0.024,0.024,0.0314391329127738
"ZNF263","RHOXF1",0.0121476041215363,0.0575379676503272,0.0575379676503272,0.0503232321831384
"ZNF263","LIN54",0.0118756413462614,0.02,0.02,0.0229263548800119
"ZNF263","DBP",0.0117067508721445,0.024,0.024,0.0142515113576679
"ZNF263","HEY1",0.0113955299781613,0.0180458033015578,0.0180458033015578,0.00683409709442105
"ZNF263","ANK3",0.0111537133371869,0.028,0.028,0.0760333864221881
"ZNF263","DNAJA1",0.0109194043197013,0.032,0.032,0.128512966227668
"ZNF263","MTF1",0.0106698719220856,0.02,0.02,0.120946839325693
"ZNF263","TCF7L1",0.0104112060407723,0.008,0.008,0.00195060907723495
"ZNF263","SLC39A14",0.0104020137057834,0.028,0.028,0.00145574474566883
"ZNF263","LYST",0.0100475459002775,0.024,0.024,0.107594437028913
"ZNF263","GFI1",0.0103377377469907,0.0201624407338693,0.0201624407338693,-0.0256503629429023
"ZNF263","IRF3",0.0108669230248647,0.04,0.04,-0.0444827275622057
"ZNF263","REST",0.0128485147519116,0.016,0.016,-0.0437431202033969
"ZNF263","EMX2",0.0150770669166624,0.00869565217391304,0.00869565217391304,-0.00751386922922698
"ZNF263","HSF4",0.0167672025063259,0.0287501645097609,0.0287501645097609,-0.101356239768626
"ZNF263","G0S2",0.0173180091306865,0.03,0.03,-0.0840525555970933
"ZNF263","FOXO4",0.0218398791293553,0.022,0.022,-0.0694468765103611
"ZNF263","HOXB4",0.0223847300161436,0.034,0.034,-0.0783198242764932
"ZNF263","E2F6",0.0237914034921927,0.04,0.04,-0.0278988858040838
"ZNF263","BARHL2",0.0309437638491293,0.0594627594627595,0.0594627594627595,-0.0391961759494271
"ZNF263","MEIS2",0.0344296392911576,0.051304733271662,0.051304733271662,-0.0652740122905722
"ZNF263","PPARD",0.0385312185793285,0.06,0.06,-0.0258159487762471
"ZNF274","B3GNT7",0.0858273921431198,0.08,0.08,0.138924641862562
"ZNF274","ESR2",0.0588360147891958,0.074,0.074,0.132063397743183
"ZNF274","HOXD3",0.0518571798116055,0.0470433526124583,0.0470433526124583,0.087287293629889
"ZNF274","KLF11",0.0339732360191742,0.11,0.11,0.196411206591395
"ZNF274","KIF13A",0.0313245171983062,0.062,0.062,0.170032620164427
"ZNF274","HSF4",0.0275411781213833,0.0454161716452319,0.0454161716452319,0.0552962456048723
"ZNF274","FOXP2",0.027060345012887,0.017108471391426,0.017108471391426,0.0372961265253978
"ZNF274","RFX2",0.0257232613158521,0.0521632653061224,0.0521632653061224,0.0165265559151166
"ZNF274","ESRRA",0.0219625793910501,0.036,0.036,0.0853700054615032
"ZNF274","ANK3",0.0176475979894505,0.006,0.006,0.0560231111059215
"ZNF274","ZNF410",0.0157571925026777,0.0210979060554612,0.0210979060554612,0.045475778172784
"ZNF274","DDIT4",0.0122534052309162,0.022,0.022,0.0377593944935638
"ZNF274","NR1H3",0.0117811465232642,0.0203475827069347,0.0203475827069347,0.0296307813169595
"ZNF274","ARL13B",0.0115576240078546,0.058,0.058,0.006303376208149
"ZNF274","CHAC1",0.0103577941250635,0.026,0.026,0.0985373815747491
"ZNF274","HCK",0.0126147657552144,0.038,0.038,-0.119836084524635
"ZNF282","RXRA",0.322379912867136,0.076,0.076,0.0757711676378856
"ZNF282","PRRX1",0.195003586959443,0.108000757084144,0.108000757084144,0.0631110844278788
"ZNF282","BCL6B",0.153676626180863,0.0627823136598237,0.0627823136598237,0.0936508560215599
"ZNF282","FADS1",0.0798633816431857,0.018,0.018,0.239900986512214
"ZNF282","MTDH",0.0793344632435654,0.024,0.024,0.335144655228442
"ZNF282","NFATC3",0.0778199539513766,0.048,0.048,0.236746552751143
"ZNF282","NFYB",0.0759379505674158,0.052,0.052,0.200852841432735
"ZNF282","HOXA10",0.063557126740832,0.0778860930319958,0.0778860930319958,0.112990510994379
"ZNF282","HEY1",0.0623711320401839,0.0378702627295978,0.0378702627295978,0.120184844222978
"ZNF282","IRF6",0.056731168665843,0.0800526365353066,0.0800526365353066,0.105407733030175
"ZNF282","TFAP2A",0.0541535562143584,0.104857598541809,0.104857598541809,0.114476713080894
"ZNF282","OTX1",0.0479714630002935,0.0704392871115223,0.0704392871115223,0.105543577162521
"ZNF282","FOXA2",0.0472226530035674,0.135370738110464,0.135370738110464,0.0677649411069206
"ZNF282","MRTO4",0.0398352033890636,0.02,0.02,0.386712914767
"ZNF282","TMSB4X",0.0382107083967956,0.018,0.018,0.39950895562894
"ZNF282","TBP",0.0369247802513481,0.034,0.034,0.256606404919907
"ZNF282","SOX4",0.0351897095181937,0.028,0.028,0.35266940885179
"ZNF282","KIAA0020",0.0338774389008686,0.018,0.018,0.337978324419091
"ZNF282","MCM10",0.0335655967853145,0.024,0.024,0.353660320233752
"ZNF282","STEAP3",0.0297128193502377,0.0287912087912088,0.0287912087912088,0.237462190460583
"ZNF282","LGALS3",0.0257374979457433,0.018,0.018,0.367893855030795
"ZNF282","PHLDA3",0.0241275477443512,0.022,0.022,0.223757272876376
"ZNF282","ESRRA",0.0212962941869653,0.022,0.022,0.120566831752511
"ZNF282","PITX1",0.0200918854737054,0.0131336405529954,0.0131336405529954,0.0278066188617457
"ZNF282","ATF5",0.0195221759640909,0.038,0.038,0.307782755536037
"ZNF282","CCDC34",0.0193148065531565,0.022,0.022,0.409570240043274
"ZNF282","FKBP4",0.0186172285296202,0.012,0.012,0.359252604640306
"ZNF282","IL2RB",0.0172885868003971,0.022,0.022,0.38817193945292
"ZNF282","HOXA4",0.0161911869224951,0.0509802764831967,0.0509802764831967,0.121907909077208
"ZNF282","INSIG1",0.0160911273856591,0.016,0.016,0.350203256302008
"ZNF282","HK1",0.0156758069278971,0.026,0.026,0.393516167264834
"ZNF282","EIF5A",0.0155963689498033,0.01,0.01,0.320903605422803
"ZNF282","POLR3G",0.0153743244186958,0.014,0.014,0.325360589601066
"ZNF282","ZNF16",0.0150666209129869,0.02,0.02,0.0232447015320531
"ZNF282","MCM4",0.0134602793923632,0.042,0.042,0.407350083131851
"ZNF282","KLHL23",0.0132475078806663,0.026,0.026,0.31337027510045
"ZNF282","CYCS",0.0129802662253184,0.01,0.01,0.363513674550742
"ZNF282","LDHA",0.0121449714047244,0.018,0.018,0.418029201884904
"ZNF282","PRR11",0.01189629870962,0.014,0.014,0.367844873327167
"ZNF282","KIF4A",0.0118958831229155,0.016,0.016,0.3358113835327
"ZNF282","LAPTM4B",0.0117986324338129,0.022,0.022,0.195375214052127
"ZNF282","CCT5",0.0117843983031952,0.018,0.018,0.401947782982783
"ZNF282","OLIG3",0.0117302077882399,0.0379993584523898,0.0379993584523898,0.098802220947535
"ZNF282","ZBTB32",0.0114015813924197,0.006,0.006,0.262065762334188
"ZNF282","SP3",0.0252386831680815,0.014,0.014,-0.184740497751173
"ZNF317","MECOM",0.141367087827225,0.162293762575453,0.162293762575453,0.0764584678955265
"ZNF317","PRRX1",0.120417305498012,0.065510392700529,0.065510392700529,0.0871059092869264
"ZNF317","BCL6B",0.104778550953079,0.0426757377343033,0.0426757377343033,0.0636327088777618
"ZNF317","ZNF703",0.0635868073708562,0.086,0.086,0.26036125421753
"ZNF317","ZBTB18",0.0503970938292052,0.068,0.068,0.371105699045395
"ZNF317","PLEK",0.0488028873598214,0.052,0.052,0.213291475480141
"ZNF317","MEF2B",0.0479148601802766,0.02877223178428,0.02877223178428,0.0365607696833263
"ZNF317","NCKAP5L",0.0471108418232411,0.03,0.03,0.23525716178335
"ZNF317","TMOD2",0.0468725151458511,0.044,0.044,0.269474340465932
"ZNF317","ETS2",0.0454244777320821,0.0170899107755662,0.0170899107755662,0.102741688092407
"ZNF317","MSX1",0.0291911454855066,0.05,0.05,0.15120623180528
"ZNF317","BTNL9",0.0281337061274745,0.008,0.008,0.156796238689919
"ZNF317","ZNF740",0.0263505241048509,0.036,0.036,0.114022918980646
"ZNF317","CRIP2",0.0208924231693404,0.046,0.046,0.296875566882756
"ZNF317","FOXJ3",0.020356378426593,0.032,0.032,0.208883964624918
"ZNF317","TCF12",0.0194571326033913,0.032,0.032,0.0696929606782636
"ZNF317","MYC",0.0181548278674901,0.042,0.042,0.227188872375632
"ZNF317","RORA",0.016921685911447,0.048,0.048,0.214313426462726
"ZNF317","CEBPD",0.0163107518000735,0.0370082053439933,0.0370082053439933,0.0189853982866795
"ZNF317","VEZF1",0.0142917292608099,0.026,0.026,0.161416629221461
"ZNF317","TCF7L1",0.010564524640424,0.012,0.012,0.0361177954456985
"ZNF317","TAS1R3",0.0102761310043616,0.03,0.03,-0.0130359620719839
"ZNF317","NGFRAP1",0.0108341049466488,0.018,0.018,-0.0179570307188721
"ZNF317","GRHL1",0.016982589690162,0.0297872340425532,0.0297872340425532,-0.0539124671634408
"ZNF317","HPGD",0.0170643200775069,0.034,0.034,-0.220960074582553
"ZNF317","HOXC4",0.021313670404566,0.034,0.034,-0.0144435167908413
"ZNF317","NHLH1",0.0218553081299235,0.0245685457337135,0.0245685457337135,-0.114823707383516
"ZNF317","CREB3L4",0.0320493662730552,0.048,0.048,-0.147978262264589
"ZNF341","ELF3",0.267183826782339,0.0923627182831896,0.0923627182831896,0.194440194850723
"ZNF341","MAFA",0.127232962072723,0.0872879740804269,0.0872879740804269,0.0994011347894565
"ZNF341","CREB3L4",0.104858272314826,0.064,0.064,0.0853255834188997
"ZNF341","LHX8",0.10043960234021,0.0667844112769486,0.0667844112769486,0.0254388512821993
"ZNF341","CCNA2",0.0735964771033274,0.02,0.02,0.131787219805838
"ZNF341","CKAP2L",0.0710803695987341,0.022,0.022,0.114316421633679
"ZNF341","NR1H3",0.0639172059205989,0.0610650370738736,0.0610650370738736,0.0733303106951279
"ZNF341","EHF",0.0580622037761174,0.0268743267580927,0.0268743267580927,0.116028278060074
"ZNF341","KIAA0020",0.0437738632525118,0.022,0.022,0.081020705196434
"ZNF341","HEY1",0.0396769045401293,0.0287979539641944,0.0287979539641944,0.102200926430213
"ZNF341","HES7",0.0383591283945481,0.0188108108108108,0.0188108108108108,0.0728362444429553
"ZNF341","ETV2",0.0349895790105055,0.0210378111640652,0.0210378111640652,0.0832940647019932
"ZNF341","MRTO4",0.0328813280806771,0.02,0.02,0.0849203844801752
"ZNF341","RMI2",0.0297497191560549,0.016,0.016,0.0791865598830995
"ZNF341","HOXB2",0.02832486181192,0.034634546602146,0.034634546602146,0.0407228618413008
"ZNF341","C20orf195",0.0270269242822012,0.042,0.042,0.0162718957902194
"ZNF341","TNIK",0.0266310655324227,0.034,0.034,0.0610952441488729
"ZNF341","PDGFRA",0.0233822143897101,0.024,0.024,0.087963589193442
"ZNF341","CCNB2",0.0209553103222297,0.014,0.014,0.142829454229037
"ZNF341","MID1IP1",0.0201111986443873,0.008,0.008,0.0725642911593229
"ZNF341","ANKRD13B",0.0200206025121214,0.0181010101010101,0.0181010101010101,0.178504262009825
"ZNF341","NKX6-1",0.0177573838575903,0.130995806869861,0.130995806869861,0.0401816859789085
"ZNF341","TOP2A",0.0166103396236331,0.028,0.028,0.205435639717771
"ZNF341","FADS1",0.0150541892484318,0.004,0.004,0.122827263629925
"ZNF341","CTCFL",0.0146507953042368,0.0639318885448917,0.0639318885448917,0.0325151983606659
"ZNF341","TUBA1C",0.0137031401655393,0.02,0.02,0.17555805889184
"ZNF341","CLSPN",0.0130686769022831,0.026,0.026,0.11844344691697
"ZNF341","CCNE2",0.0119987421593976,0.028,0.028,0.0831048164422933
"ZNF341","STEAP3",0.0117986082027314,0.0110622710622711,0.0110622710622711,0.0684068240737116
"ZNF341","PPP1R14B",0.0110329134239476,0.02,0.02,0.0517617354240444
"ZNF341","TPX2",0.0107454078059437,0.024,0.024,0.137181420785788
"ZNF341","NPDC1",0.0100502586148041,0.014,0.014,0.150686756295718
"ZNF341","NRF1",0.0111633500766397,0.018,0.018,-0.000471831081404582
"ZNF341","PTMA",0.018714990781738,0.086,0.086,-0.183331930799523
"ZNF341","VEZF1",0.0296562613310516,0.034,0.034,-0.180492892779361
"ZNF354C","DSE",0.231392406561531,0.046,0.046,0.318107823930553
"ZNF354C","ETS2",0.219795317225639,0.102608098833219,0.102608098833219,0.300367211481058
"ZNF354C","SRF",0.212357421424093,0.036,0.036,0.194897984429572
"ZNF354C","GATM",0.189746174469619,0.038,0.038,0.0912093051701186
"ZNF354C","BCAT1",0.164240177927329,0.028,0.028,0.162182041443672
"ZNF354C","KIAA0020",0.154818177269341,0.03,0.03,0.151323864956937
"ZNF354C","GCM1",0.152965591498669,0.0636777608002408,0.0636777608002408,0.218261040861654
"ZNF354C","MID1IP1",0.148008229295057,0.036,0.036,0.0594495559030582
"ZNF354C","DDIT3",0.141145681083484,0.106,0.106,0.249775005797615
"ZNF354C","AIF1",0.140023286740694,0.042,0.042,0.157167535796115
"ZNF354C","INA",0.122919943118587,0.0479947665225361,0.0479947665225361,0.0362487331802072
"ZNF354C","NREP",0.102893727888207,0.04,0.04,0.151937376081451
"ZNF354C","IL10",0.0893433809814686,0.022,0.022,0.121278846867489
"ZNF354C","HSPB1",0.0864322497523741,0.022,0.022,0.129236283502453
"ZNF354C","PLAGL2",0.0863330004883523,0.06,0.06,0.160369011540835
"ZNF354C","MS4A7",0.0848287537909076,0.04,0.04,0.239459495991187
"ZNF354C","APEX1",0.08457034548869,0.02,0.02,0.114215653457995
"ZNF354C","ATIC",0.0802440172858754,0.026,0.026,0.104868074529734
"ZNF354C","PPP1R14B",0.0765786559982812,0.022,0.022,0.104144733430549
"ZNF354C","CMTM3",0.0725689232107496,0.02,0.02,0.152939235841629
"ZNF354C","EMP1",0.0696256795048372,0.0421010101010101,0.0421010101010101,0.0628808932599612
"ZNF354C","MCM6",0.0691455046779676,0.03,0.03,0.105067252830864
"ZNF354C","DDIT4",0.068557019508118,0.018,0.018,0.117098767082037
"ZNF354C","POU2F3",0.065396558695349,0.0719985811290159,0.0719985811290159,0.0183854134879742
"ZNF354C","CHEK1",0.0651352016339235,0.07,0.07,0.0283811728124645
"ZNF354C","CHORDC1",0.0649533121811807,0.022,0.022,0.143508528484495
"ZNF354C","ARL13B",0.0634253016206,0.04,0.04,0.0975499725480622
"ZNF354C","PSPH",0.0583870774715428,0.04,0.04,0.039213523250454
"ZNF354C","EMILIN2",0.0570473154154951,0.074,0.074,0.252932805987771
"ZNF354C","ANXA3",0.0562620746552347,0.022,0.022,0.0591364973748623
"ZNF354C","TFDP1",0.0552906872811396,0.02,0.02,0.055121535976012
"ZNF354C","KIF5C",0.0548157244158612,0.026,0.026,0.0709653249222188
"ZNF354C","FOXO1",0.0539706786401526,0.046,0.046,0.194709770643492
"ZNF354C","NFATC2",0.0522513949650735,0.038,0.038,0.224146642932181
"ZNF354C","NFYC",0.0504302940175255,0.016,0.016,0.0388111521996811
"ZNF354C","HK1",0.0496739597305631,0.02,0.02,0.164623321183748
"ZNF354C","ACTR3",0.0473692392775729,0.02,0.02,0.122235780080335
"ZNF354C","BAX",0.0470768001621551,0.014,0.014,0.152532765924291
"ZNF354C","IL2RA",0.0463071321148901,0.014,0.014,0.166650554478535
"ZNF354C","TFE3",0.0458352660249778,0.046,0.046,0.166396801975255
"ZNF354C","MRTO4",0.0457202972479273,0.016,0.016,0.094258722029663
"ZNF354C","CD80",0.0438350582617315,0.058,0.058,0.255573215255742
"ZNF354C","PPARG",0.043675025517093,0.023942722368428,0.023942722368428,0.0408284121625942
"ZNF354C","ABCE1",0.0428289561079008,0.02,0.02,0.127938230117039
"ZNF354C","PPM1G",0.0416833536425961,0.012,0.012,0.0604400961875533
"ZNF354C","HSPE1",0.0409952019384361,0.022,0.022,0.112696418585467
"ZNF354C","EMX1",0.0401310876179993,0.14597484345301,0.14597484345301,0.0268365037680758
"ZNF354C","RRM2B",0.0366767514049658,0.03,0.03,0.225999195960291
"ZNF354C","TUBA1A",0.0360408734253491,0.016,0.016,0.168608058154628
"ZNF354C","NFKB1",0.0345135515143218,0.06,0.06,0.315773708261334
"ZNF354C","SIX1",0.0336640869751093,0.0193121693121693,0.0193121693121693,0.0397037975141822
"ZNF354C","SNRPE",0.0332160691347657,0.014,0.014,0.106127733602849
"ZNF354C","CCT4",0.0329112188801481,0.03,0.03,0.122932311104923
"ZNF354C","CCNA1",0.0319995267696033,0.0194249649368864,0.0194249649368864,0.0721532009441881
"ZNF354C","ARPC4",0.0319904462719999,0.02,0.02,0.100055272576455
"ZNF354C","CREM",0.0314564815916366,0.036,0.036,0.266955659370792
"ZNF354C","TCF4",0.0309511837947062,0.04,0.04,0.220170231776153
"ZNF354C","ETS1",0.0303440939686357,0.016,0.016,0.194117022495999
"ZNF354C","ACOT7",0.0302143886489458,0.034,0.034,0.0850424990381136
"ZNF354C","SOX15",0.0299233312924561,0.0670274704954954,0.0670274704954954,0.0922947609770466
"ZNF354C","DPYSL2",0.0296583494650005,0.028,0.028,0.058570337152697
"ZNF354C","SNRPG",0.0283997323816459,0.024,0.024,0.0871804690697513
"ZNF354C","PRDX3",0.0282277752154938,0.032,0.032,0.0370891554214471
"ZNF354C","PPID",0.0280513019027017,0.016,0.016,0.12857529508885
"ZNF354C","PPA1",0.0277052358754198,0.014,0.014,0.0272622214060345
"ZNF354C","LSM2",0.0276165302435551,0.012,0.012,0.0966751922519732
"ZNF354C","NRF1",0.0273974563967949,0.012,0.012,0.0201341124765607
"ZNF354C","KBTBD11",0.0265650131781756,0.0154334554334554,0.0154334554334554,0.0623733892529537
"ZNF354C","CENPV",0.026153611026744,0.014,0.014,0.0313904328289995
"ZNF354C","C1QBP",0.0259962991729661,0.014,0.014,0.0871193060420724
"ZNF354C","CNN2",0.0257243256997877,0.012,0.012,0.156155577182692
"ZNF354C","CCDC86",0.02562084295482,0.02,0.02,0.074626698954166
"ZNF354C","HOXB9",0.0237344179529164,0.0683612143400637,0.0683612143400637,0.0227690944438846
"ZNF354C","HES6",0.0236774774943819,0.016,0.016,0.0770503708094351
"ZNF354C","RFX2",0.0233946313020149,0.0140408163265306,0.0140408163265306,0.025490907320706
"ZNF354C","CCT6A",0.0233689553050067,0.02,0.02,0.1135536949712
"ZNF354C","TRAF1",0.0232655558568942,0.022,0.022,0.198451964835245
"ZNF354C","VASP",0.0225490678643794,0.038,0.038,0.209624904635951
"ZNF354C","SNTA1",0.0223152116337219,0.012,0.012,0.0793423916543907
"ZNF354C","SOCS2",0.0222223774287537,0.012,0.012,0.0293006116155019
"ZNF354C","CDCA7",0.0221035003161446,0.012,0.012,0.0575274373869086
"ZNF354C","SERPINB1",0.0220177804523317,0.012,0.012,0.17301781153343
"ZNF354C","SLC16A9",0.0205199754216764,0.020126582278481,0.020126582278481,0.0335717205665644
"ZNF354C","COCH",0.0201241648451947,0.016,0.016,0.0783418282335836
"ZNF354C","C4BPB",0.0199029520274355,0.016,0.016,0.122110164340672
"ZNF354C","CORO2A",0.0187529758578111,0.014,0.014,0.126440130424373
"ZNF354C","POLR3G",0.0183755500951608,0.03,0.03,0.0134197517182886
"ZNF354C","MT2A",0.0177353623533591,0.028,0.028,0.0306420668016718
"ZNF354C","WDR43",0.0171912659401548,0.022,0.022,0.146775764479044
"ZNF354C","SCNN1B",0.0159459329455257,0.04,0.04,0.0120012407110214
"ZNF354C","ESR2",0.0155199977968345,0.024,0.024,0.102787437680417
"ZNF354C","VIM",0.0154518832210883,0.038,0.038,0.163739011242059
"ZNF354C","KLHL23",0.0153670907362912,0.008,0.008,0.0443259113815519
"ZNF354C","C20orf195",0.0149948401473586,0.004,0.004,0.0865002401124778
"ZNF354C","CCT7",0.0145971970095966,0.02,0.02,0.119581742033751
"ZNF354C","MYH10",0.0141244791229166,0.00816326530612245,0.00816326530612245,0.0284747319254295
"ZNF354C","GRASP",0.0138994735984218,0.054,0.054,0.174310806116253
"ZNF354C","TRIAP1",0.0135023805955424,0.008,0.008,0.0719473065763318
"ZNF354C","TP53",0.0133317598241894,0.034,0.034,0.163364083157802
"ZNF354C","ZNF460",0.0131867212169623,0.03,0.03,0.148920694282864
"ZNF354C","TMEM173",0.0129141419688962,0.012,0.012,0.00811833926733422
"ZNF354C","ELK1",0.0123822876065564,0.008,0.008,0.0996537412159031
"ZNF354C","NFIC",0.0121847126883061,0.01,0.01,0.0907554978789864
"ZNF354C","NR5A2",0.0119785256576847,0.0165859608062895,0.0165859608062895,0.030722513846433
"ZNF354C","YBX1",0.0118149497249985,0.01,0.01,0.159158589075252
"ZNF354C","MSANTD3",0.0117749833406152,0.03,0.03,0.0945913113631152
"ZNF354C","YBX3",0.0115098740758181,0.008,0.008,0.107492700499358
"ZNF354C","MCM10",0.0103605098489385,0.016,0.016,0.0170340917510841
"ZNF354C","KPNB1",0.0101240047202793,0.014,0.014,0.077413851530123
"ZNF354C","FOXA3",0.0101184346110883,0.0324605514132131,0.0324605514132131,0.00985043343132197
"ZNF354C","NGFRAP1",0.015868356942593,0.008,0.008,-0.00871343976580157
"ZNF354C","RASSF6",0.0169124270687034,0.014,0.014,-0.177636944328678
"ZNF382","ATF7",0.194247290045844,0.122,0.122,0.202432110434975
"ZNF382","TET1",0.134689004814859,0.0865083487940631,0.0865083487940631,0.137863785170893
"ZNF382","HOPX",0.129480115600741,0.142,0.142,0.221190129245241
"ZNF382","NKX6-3",0.100522936836807,0.0416892286457504,0.0416892286457504,0.0846161311540896
"ZNF382","NR2C1",0.0712728246493227,0.044,0.044,0.0768047676714713
"ZNF382","NRF1",0.0688025746080457,0.034,0.034,0.0594564271121426
"ZNF382","STK38L",0.0620511218963778,0.042,0.042,0.117631649625426
"ZNF382","NFAT5",0.0452191866446825,0.062,0.062,0.117471775614936
"ZNF382","IFIT2",0.02920979554229,0.048,0.048,0.13094223647133
"ZNF382","HSPA1A",0.0263122391540968,0.014,0.014,0.113897271099066
"ZNF382","POU2F3",0.0251583329008542,0.0573913043478261,0.0573913043478261,0.0283255448609379
"ZNF382","MAX",0.0251302031844246,0.05,0.05,0.186119021432192
"ZNF382","VRK2",0.0184843454799184,0.01,0.01,0.0990231600287204
"ZNF382","ANXA3",0.0143361420716965,0.012,0.012,0.0683069123294213
"ZNF382","RARA",0.0137706435303773,0.038,0.038,0.102974478909355
"ZNF382","PASK",0.0129712169360057,0.018,0.018,0.162604078719014
"ZNF382","ARID5A",0.0110652856557464,0.036,0.036,0.173429515129996
"ZNF382","USF1",0.011645329443507,0.018,0.018,-0.104564952400184
"ZNF382","ERF",0.0143185908544879,0.028,0.028,-0.0531033156532998
"ZNF384","NR1I3",0.132782007871883,0.111815336463224,0.111815336463224,0.0865241877904688
"ZNF384","CCDC141",0.0886278787663806,0.078,0.078,0.158509593758675
"ZNF384","SPDEF",0.0694986252290125,0.074,0.074,0.0995952126946988
"ZNF384","CUX1",0.0613194954170153,0.066,0.066,0.127418262618276
"ZNF384","FOXJ2",0.0564128418423226,0.038,0.038,0.0395463002712475
"ZNF384","DNAJC5B",0.0526714738053514,0.074,0.074,0.0651968496850674
"ZNF384","SYCP2",0.0466066396007745,0.054,0.054,0.13391643479765
"ZNF384","PLD4",0.0383560758282066,0.07,0.07,0.149669687058529
"ZNF384","GATA3",0.0378893334492448,0.0694479054779807,0.0694479054779807,0.0553472547417459
"ZNF384","VEZF1",0.031832018610912,0.038,0.038,0.0808354383518724
"ZNF384","NHLH1",0.0293127741719488,0.0389515244571178,0.0389515244571178,0.0542300977896259
"ZNF384","CD96",0.0268319614657212,0.076,0.076,0.125445972221069
"ZNF384","TUBB2A",0.0242003693996382,0.068,0.068,0.130317497363589
"ZNF384","TNIK",0.0236149606901542,0.068,0.068,0.0763220859098502
"ZNF384","ZC3H12A",0.0206484745615339,0.068,0.068,0.139756081964314
"ZNF384","NR2F6",0.0199251155636126,0.0321237113402062,0.0321237113402062,0.0616999296311705
"ZNF384","EOMES",0.0190287909326291,0.048,0.048,0.111638647053571
"ZNF384","ZNF684",0.0187368602668227,0.022,0.022,0.026220690793097
"ZNF384","FGR",0.0184321568446588,0.042,0.042,0.141952650775819
"ZNF384","PLAC8",0.0181482465945585,0.04,0.04,0.0648701220843754
"ZNF384","ENC1",0.0177044136390665,0.05,0.05,0.115810626529654
"ZNF384","LCK",0.0167505649450264,0.0387755102040816,0.0387755102040816,0.0851719820702128
"ZNF384","CD80",0.0156864414579156,0.064,0.064,0.112137296117793
"ZNF384","RBPJ",0.0155887503236811,0.036,0.036,0.0807034685339002
"ZNF384","MYF6",0.0151321272119313,0.0423304421546889,0.0423304421546889,0.0665571337933826
"ZNF384","FOXN3",0.0150422698803278,0.032,0.032,0.0993943132559815
"ZNF384","WARS",0.0149812857152811,0.034,0.034,0.0891031629839232
"ZNF384","SOX15",0.0146692952778177,0.0646687725795617,0.0646687725795617,0.0431435241857368
"ZNF384","SMAD5",0.0139465267037256,0.02,0.02,0.0686648609044672
"ZNF384","CERS6",0.0138367141138576,0.052,0.052,0.0575885496638836
"ZNF384","ZNF148",0.0136088884090687,0.032,0.032,0.0014646654123956
"ZNF384","NGFRAP1",0.0135873033015279,0.022,0.022,0.0213859259068934
"ZNF384","NR2C2",0.0132621544744583,0.024,0.024,0.0638649524838577
"ZNF384","ZNF682",0.0125567889397963,0.0231743581828471,0.0231743581828471,0.0395192211398737
"ZNF384","NFIA",0.0122509390534649,0.0111877394636015,0.0111877394636015,0.0264084639311326
"ZNF384","GPX1",0.0122036170543403,0.036,0.036,0.111259921966561
"ZNF384","HOXA5",0.0119516861083192,0.0285642062689585,0.0285642062689585,0.0612313895052462
"ZNF384","MGST3",0.0112817578079883,0.03,0.03,0.0710042604659623
"ZNF384","CCL3",0.0109096273108713,0.028,0.028,0.0558118166462901
"ZNF384","POU5F1",0.0108580927073272,0.0323896486429623,0.0323896486429623,0.0666029667740249
"ZNF384","COL1A2",0.0105468878757922,0.024,0.024,0.0981208877596557
"ZNF384","EGR3",0.0104666106054793,0.046,0.046,0.0828926150827524
"ZNF384","FNIP2",0.0105142044481352,0.032,0.032,-0.0637961688208638
"ZNF384","ZBTB12",0.0110115816673452,0.046,0.046,-0.0793630795033249
"ZNF384","NFAT5",0.0120918697359973,0.022,0.022,-0.0721472452529784
"ZNF384","POU4F1",0.013969552841868,0.018,0.018,-0.0340368838597054
"ZNF384","HFE",0.0146282310404427,0.0302424242424242,0.0302424242424242,-0.0777339544059929
"ZNF384","HOXB2",0.015462188485703,0.0266147696191879,0.0266147696191879,-0.041044527211391
"ZNF384","MYH10",0.015966506768845,0.0388596675783716,0.0388596675783716,-0.0431546538751529
"ZNF384","ISL2",0.019821927390461,0.034,0.034,-0.105209683577924
"ZNF384","GMPR",0.0216543699970962,0.056,0.056,-0.0811634265760215
"ZNF384","CCNA1",0.0220070588572304,0.0585881252921926,0.0585881252921926,-0.0279587098353097
"ZNF384","IL1RN",0.0247899710281544,0.06,0.06,-0.109428281378461
"ZNF384","CEBPD",0.0254931517330844,0.0474253103303177,0.0474253103303177,-0.0514457458822406
"ZNF384","SIX3",0.0371710727439834,0.0667388200288337,0.0667388200288337,-0.0655579419877246
"ZNF410","GLIS2",0.259829736648019,0.0982754088017246,0.0982754088017246,0.113740540572325
"ZNF410","HOXA4",0.16077502782971,0.0753354660252397,0.0753354660252397,0.0309144165705279
"ZNF410","EOMES",0.0821369977778345,0.042,0.042,0.136421907769917
"ZNF410","CCR5",0.0665247839840491,0.0589625428335106,0.0589625428335106,0.10913866783981
"ZNF410","ACTN1",0.0602775392217578,0.0324081632653061,0.0324081632653061,0.100243783764138
"ZNF410","IRF6",0.0532863002041398,0.0232618461116536,0.0232618461116536,0.0582379639571688
"ZNF410","MYF6",0.0415893145631917,0.0288470066518847,0.0288470066518847,0.0488716054137438
"ZNF410","GLIS3",0.0348812139290706,0.0221520146520147,0.0221520146520147,0.0485446849106208
"ZNF410","TBX19",0.0299201860713483,0.008,0.008,0.0281649308980052
"ZNF410","HOXB2",0.029195909415666,0.0183080159899011,0.0183080159899011,0.0166901652688335
"ZNF410","POU5F1",0.0271758083020308,0.0183080159899011,0.0183080159899011,0.0122295370155799
"ZNF410","GATA3",0.022552902087829,0.0143974221267454,0.0143974221267454,0.00881159139673485
"ZNF410","NFIB",0.0167106934619668,0.0324497420387831,0.0324497420387831,0.00425765097886055
"ZNF410","ZNF274",0.0165126160588311,0.03,0.03,0.045475778172784
"ZNF410","OTX1",0.0132630711198465,0.00547945205479452,0.00547945205479452,0.012218271487669
"ZNF449","PLD4",0.102835168173477,0.072,0.072,0.245594853596293
"ZNF449","BHLHA15",0.0746854829070145,0.0444300693760404,0.0444300693760404,0.0312873534388545
"ZNF449","SOX15",0.0704007182063994,0.046843853820598,0.046843853820598,0.0740089760342001
"ZNF449","EGR3",0.0697580806196124,0.048,0.048,0.100319321671607
"ZNF449","PPAP2B",0.0602447688248828,0.03,0.03,0.163171649434726
"ZNF449","NCKAP5L",0.0390908290068675,0.074,0.074,0.176260184041802
"ZNF449","C20orf195",0.0358790184975942,0.026,0.026,0.140985945361603
"ZNF449","NHLH1",0.0345648617114781,0.0384369379249836,0.0384369379249836,0.0294216055813394
"ZNF449","MPEG1",0.0287372183387468,0.064,0.064,0.230884289532827
"ZNF449","ZBTB18",0.0272477883822658,0.078,0.078,0.235988525844811
"ZNF449","USF2",0.0251436524416379,0.042,0.042,0.11496322962387
"ZNF449","ANK3",0.0249867424256028,0.032,0.032,0.148632758070183
"ZNF449","CREM",0.0245948931549059,0.044,0.044,0.225373637778301
"ZNF449","SPI1",0.0196513318597576,0.02,0.02,0.114879840899187
"ZNF449","MAFF",0.0181625955767518,0.02,0.02,0.102343252465494
"ZNF449","RELB",0.0171492450517169,0.042,0.042,0.17836940482724
"ZNF449","HS3ST3B1",0.0169782562823349,0.008,0.008,0.111396690979159
"ZNF449","KLF7",0.0159796148118245,0.042,0.042,0.152394261239042
"ZNF449","FCRL3",0.0144655506087524,0.056,0.056,0.241181293510575
"ZNF449","RXRA",0.0118222814083276,0.006,0.006,0.131477152349436
"ZNF449","NFIC",0.0105931033870236,0.024,0.024,0.0713050332149322
"ZNF449","TIMD4",0.0128311271149102,0.036,0.036,-0.0709133776274165
"ZNF449","TFAP2A",0.0265524281288821,0.0244142173615858,0.0244142173615858,-0.0211934650611923
"ZNF460","PROX1",0.2209672540293,0.0792665023979457,0.0792665023979457,0.138796664545417
"ZNF460","NFATC1",0.167454527852632,0.104,0.104,0.287311434770333
"ZNF460","NKX3-1",0.126931700658133,0.0461414141414141,0.0461414141414141,0.231479202668653
"ZNF460","MYCN",0.0739952491848186,0.0439581674364283,0.0439581674364283,0.144280957536653
"ZNF460","USF2",0.0714539484127781,0.07,0.07,0.182366723464852
"ZNF460","TEF",0.069989927310327,0.066,0.066,0.0996994879265613
"ZNF460","KIF13A",0.0670076573068032,0.056,0.056,0.131594749778236
"ZNF460","MYF6",0.0603081148767605,0.0718651362984218,0.0718651362984218,0.0968150479361161
"ZNF460","OTX1",0.0596201978560631,0.133199331203006,0.133199331203006,0.0603047487035322
"ZNF460","EIF5A",0.058908783807356,0.02,0.02,0.0913563825434415
"ZNF460","E2F6",0.058852489225907,0.06,0.06,0.0940106682850021
"ZNF460","CDK5R1",0.0515378641418159,0.076,0.076,0.324569253541025
"ZNF460","VRK2",0.0503987200660972,0.02,0.02,0.0700475970610538
"ZNF460","MGA",0.0445973490695837,0.052,0.052,0.185859230500012
"ZNF460","KLF16",0.0444130240347307,0.024,0.024,0.105661212098284
"ZNF460","IL2RA",0.0437009378158807,0.02,0.02,0.208051702272675
"ZNF460","LCK",0.0434273539282255,0.026530612244898,0.026530612244898,0.0939839644110625
"ZNF460","TMEM173",0.0405525354670749,0.026,0.026,0.0297097204584859
"ZNF460","NKX6-1",0.0399051314241075,0.0748310142503559,0.0748310142503559,0.0444715398716018
"ZNF460","ARPC4",0.0385682138361043,0.024,0.024,0.114306164183329
"ZNF460","TFRC",0.0373389839578136,0.02,0.02,0.110479137413501
"ZNF460","NHLH1",0.0366229019464545,0.0448817723184909,0.0448817723184909,0.0281014940717317
"ZNF460","IKZF1",0.0340200658279432,0.046,0.046,0.179849029522637
"ZNF460","NFATC2",0.0335254439563375,0.054,0.054,0.277816223757814
"ZNF460","POLR1E",0.0326883582478868,0.018,0.018,0.099345588931495
"ZNF460","ZNF682",0.0325178800157139,0.0416820507598167,0.0416820507598167,0.0765151204840865
"ZNF460","ONECUT2",0.0309939540839769,0.042581430449389,0.042581430449389,0.0375536752370887
"ZNF460","NAMPT",0.0306201170453552,0.018,0.018,0.149503542150129
"ZNF460","SLC41A1",0.0296682017032655,0.02,0.02,0.0818736725954508
"ZNF460","CMTM3",0.0292350272324592,0.018,0.018,0.142994400425761
"ZNF460","GPX1",0.0281851104711526,0.02,0.02,0.0758994505049806
"ZNF460","GATM",0.0272947677047105,0.012,0.012,0.0959227003599234
"ZNF460","SOX18",0.0267456516587664,0.14888455853162,0.14888455853162,0.0921512424663679
"ZNF460","SRF",0.0258345524099232,0.012,0.012,0.132660838568133
"ZNF460","BATF3",0.0256762360944051,0.026,0.026,0.269980920291929
"ZNF460","FOXA2",0.0249769180423765,0.0428571428571429,0.0428571428571429,0.0127090975294771
"ZNF460","DSE",0.0249057793575601,0.026,0.026,0.138457920680431
"ZNF460","C4BPB",0.0245217147968628,0.05,0.05,0.228619747906918
"ZNF460","ZNF354C",0.0233590043330019,0.066,0.066,0.148920694282864
"ZNF460","REST",0.0229842826114993,0.026,0.026,0.0637641391414155
"ZNF460","TMEM99",0.0204074537012229,0.02,0.02,0.0235046468495264
"ZNF460","RFX3",0.0188380649035069,0.006,0.006,0.0667077882214017
"ZNF460","ATF5",0.018181887307361,0.07,0.07,0.140060235963806
"ZNF460","HK1",0.0176889091870332,0.014,0.014,0.142377867296987
"ZNF460","RARA",0.0171125970436564,0.036,0.036,0.146410084912701
"ZNF460","ZNF281",0.0167565277373291,0.034,0.034,0.0830253834422294
"ZNF460","MYL9",0.0167484085139818,0.03,0.03,0.255765744368951
"ZNF460","ETS1",0.0164582402249665,0.01,0.01,0.147872841567081
"ZNF460","RMI2",0.0163544089500583,0.014,0.014,0.0614705751112286
"ZNF460","TFDP1",0.0160763821076864,0.03,0.03,0.0167836496760933
"ZNF460","HDGFRP3",0.016026882101365,0.0374395810955961,0.0374395810955961,0.102117594149675
"ZNF460","BCL6B",0.0159884547421417,0.0248044595418518,0.0248044595418518,0.0663839760386791
"ZNF460","HOXA5",0.0158005518092994,0.00869565217391304,0.00869565217391304,0.00856050647474993
"ZNF460","GPR132",0.0155744416539191,0.016,0.016,0.176293443792172
"ZNF460","SNRPG",0.0153914150567315,0.026,0.026,0.0250899156530828
"ZNF460","CCDC6",0.0152501584756298,0.068,0.068,0.261699956022911
"ZNF460","RHOXF1",0.0150930966901786,0.0238550568296281,0.0238550568296281,0.0626570971075278
"ZNF460","E2F1",0.0149599948532699,0.046,0.046,0.0306427708486221
"ZNF460","FAM167A",0.0147916709674556,0.026,0.026,0.107301074595569
"ZNF460","WARS",0.0146982364817726,0.024,0.024,0.125870368753571
"ZNF460","TFE3",0.0143188808507798,0.022,0.022,0.170292411615714
"ZNF460","TCFL5",0.0142450501633908,0.026,0.026,0.132206508036823
"ZNF460","BCAT1",0.0139012897498849,0.012,0.012,0.171035040944354
"ZNF460","CDKN1A",0.0137755157199142,0.014,0.014,0.00781381269969686
"ZNF460","SOX4",0.0134923566199728,0.01,0.01,0.0191028112398727
"ZNF460","TUBB4B",0.013263049106884,0.054,0.054,0.0692855725077872
"ZNF460","SHOX2",0.0131912381199937,0.0251306165099269,0.0251306165099269,0.018059510444239
"ZNF460","FKBP4",0.0131720545697233,0.018,0.018,0.0343857944568143
"ZNF460","TRAF1",0.0130367496481289,0.03,0.03,0.246452429419419
"ZNF460","SNRPE",0.0129586985914287,0.026,0.026,0.0963498306229841
"ZNF460","DLX2",0.0128920989040654,0.0123100775193798,0.0123100775193798,0.00627804596121771
"ZNF460","NR1H2",0.0126693655332204,0.062,0.062,0.133143212357314
"ZNF460","CCND2",0.0121916239917653,0.016,0.016,0.0281203433356416
"ZNF460","HHLA2",0.0116218973785218,0.0183888113195919,0.0183888113195919,0.00967449516150131
"ZNF460","PRDX3",0.0114252529387189,0.02,0.02,0.0244997838398711
"ZNF460","ZNF135",0.0113333842535666,0.0246026961544203,0.0246026961544203,0.232875243245289
"ZNF460","DUT",0.0111882000911818,0.022,0.022,0.0204005084073759
"ZNF460","C1QBP",0.0109980349422051,0.01,0.01,0.0654344438855726
"ZNF460","ZBTB32",0.0109089687854817,0.012,0.012,0.115631018174496
"ZNF460","RXRB",0.0106660156161177,0.016,0.016,0.0559222523562817
"ZNF460","CLECL1",0.0105841663633537,0.014,0.014,0.114900456747925
"ZNF460","USF1",0.0102938484569934,0.022,0.022,0.0530125521532298
"ZNF460","NPAS2",0.0101823734827813,0.0300420271484303,0.0300420271484303,0.0940583881952146
"ZNF460","CHEK1",0.0101239039726559,0.038,0.038,0.00243575752429396
"ZNF460","HRAS",0.0100425872933054,0.014,0.014,0.0360990833428117
"ZNF460","CREB3L4",0.0102046751596656,0.02,0.02,-0.00722464789245826
"ZNF460","FAM92B",0.0126600860515194,0.016,0.016,-0.0881822148742652
"ZNF460","STEAP3",0.012873511983745,0.00886446886446886,0.00886446886446886,-0.00909799743492285
"ZNF460","TNIK",0.0133477842144001,0.048,0.048,-0.0513237140552765
"ZNF460","CEBPD",0.0136438406488003,0.0268470790378007,0.0268470790378007,-0.0662964086522394
"ZNF460","NRF1",0.01416371861951,0.024,0.024,-0.0396799182160319
"ZNF460","TCF7L1",0.0173312565994619,0.01,0.01,-0.0178378997420515
"ZNF460","CENPV",0.0184776089103352,0.062,0.062,-0.0640652728925669
"ZNF460","EXO1",0.0320121306438144,0.068,0.068,-0.0238777237628885
"ZNF460","NR3C2",0.0335846052694195,0.0163059163059163,0.0163059163059163,-0.00223496275317056
"ZNF460","KLF10",0.0363375662143851,0.056,0.056,-0.156780904821851
"ZNF528","HOXD8",0.234508149008348,0.263648760422954,0.263648760422954,0.159414961284679
"ZNF528","ATIC",0.159693164507986,0.03,0.03,0.168275123901051
"ZNF528","LMNA",0.128589214369578,0.03,0.03,0.11248461063577
"ZNF528","IL2RA",0.1203597505095,0.03,0.03,0.198201820196741
"ZNF528","FOXD3",0.0872051566281248,0.0752805949966193,0.0752805949966193,0.0319059606479617
"ZNF528","HINFP",0.085445737893,0.066,0.066,0.137916187317016
"ZNF528","SESN1",0.0847851137034708,0.056,0.056,0.0886908314285868
"ZNF528","ARL6IP5",0.0836342948780861,0.032,0.032,0.226025783828323
"ZNF528","SP1",0.0835558371186707,0.07,0.07,0.151068664791187
"ZNF528","PPP1R14B",0.0803776943287334,0.028,0.028,0.109905469560102
"ZNF528","TBX5",0.0749620753937373,0.116483516483516,0.116483516483516,0.0911508945973258
"ZNF528","CCNA1",0.0725625915673442,0.0499142901667446,0.0499142901667446,0.144889016538711
"ZNF528","RMI2",0.0671587889157712,0.024,0.024,0.0897856274894349
"ZNF528","IRF9",0.0630662786380828,0.054,0.054,0.0767114823319692
"ZNF528","PPM1G",0.0623498785824094,0.034,0.034,0.152883801058098
"ZNF528","NR1D1",0.0616881193307398,0.0546931167343538,0.0546931167343538,0.0867502606266413
"ZNF528","LBX2",0.0513808141578047,0.0744624940277114,0.0744624940277114,0.0422245067428545
"ZNF528","GPR132",0.0468709645623256,0.03,0.03,0.158737464548685
"ZNF528","MLXIP",0.0415054290417795,0.088,0.088,0.0610022698070165
"ZNF528","GTSF1",0.0399577979471427,0.024,0.024,0.105776852629342
"ZNF528","CCNB1",0.0398208950485526,0.028,0.028,0.0563360397586256
"ZNF528","ZNF682",0.0393711436113062,0.0357516671625855,0.0357516671625855,0.0393416197816663
"ZNF528","DPP4",0.0384762612880998,0.0522654364596253,0.0522654364596253,0.0763839748100917
"ZNF528","SERPINB1",0.037847597728247,0.026,0.026,0.170623489024352
"ZNF528","NR2F6",0.0375214638580749,0.0403711340206186,0.0403711340206186,0.0446164312165818
"ZNF528","GGCT",0.0364998841818667,0.036,0.036,0.128153986924611
"ZNF528","HSPA8",0.0347426659258607,0.02,0.02,0.159017711451247
"ZNF528","CD226",0.0332620565468253,0.014,0.014,0.133793813291044
"ZNF528","ARNTL2",0.0331344455107824,0.024,0.024,0.118396771203499
"ZNF528","BATF3",0.0296690504102278,0.03,0.03,0.195935235511373
"ZNF528","NFATC3",0.0295042906729791,0.026,0.026,0.169240015685903
"ZNF528","ERF",0.0293324753098886,0.04,0.04,0.0826165521879761
"ZNF528","TTLL12",0.0288651929862968,0.03,0.03,0.103132973879459
"ZNF528","IL32",0.0275987301222209,0.012,0.012,0.100785131825323
"ZNF528","TUBA1A",0.0270625444714766,0.04,0.04,0.131569839193799
"ZNF528","NKX6-3",0.0247665507977075,0.0110893991206644,0.0110893991206644,0.0517346233720263
"ZNF528","IL10",0.0247170922433665,0.014,0.014,0.124453414600629
"ZNF528","THAP1",0.0246538951554066,0.008,0.008,0.0691429623960064
"ZNF528","ACTG1",0.0239313881770151,0.01,0.01,0.105324245868352
"ZNF528","HOXB7",0.0238512314053487,0.028,0.028,0.066717976329856
"ZNF528","SPI1",0.023307221473399,0.032,0.032,0.0230949502370283
"ZNF528","HSF1",0.0230555649344619,0.032,0.032,0.079862424250081
"ZNF528","DUSP4",0.0213205283846674,0.014,0.014,0.119120872640039
"ZNF528","PRMT1",0.0202689986987365,0.02,0.02,0.163371892091934
"ZNF528","INSM1",0.0151897035992246,0.0409210526315789,0.0409210526315789,0.0348611435591322
"ZNF528","HOXA5",0.0143171560183386,0.0110212335692619,0.0110212335692619,0.0195178596386857
"ZNF528","TFCP2",0.0141499025478374,0.008,0.008,0.125654790774131
"ZNF528","SP4",0.0141226407284535,0.008,0.008,0.0824940101685038
"ZNF528","BHLHE40",0.0136598444690115,0.044,0.044,0.172688819979255
"ZNF528","CAPG",0.0132362243773158,0.042,0.042,0.16131873790013
"ZNF528","IRF3",0.0131794974905239,0.048,0.048,0.0920736459326889
"ZNF528","NFATC2",0.0130520654530864,0.024,0.024,0.150500529327073
"ZNF528","CORO2A",0.0127075549195988,0.042,0.042,0.0942354298778881
"ZNF528","GPX1",0.0125894965586844,0.008,0.008,0.108691721299594
"ZNF528","NR1H3",0.0121702668733757,0.00802020202020202,0.00802020202020202,0.0627392659005543
"ZNF528","CREB3L1",0.0119878476349758,0.0787355292326295,0.0787355292326295,0.0507933664128898
"ZNF528","CYCS",0.0118626405829223,0.012,0.012,0.0709147133722556
"ZNF528","EXO1",0.011469099287763,0.01,0.01,0.0328456927369533
"ZNF528","NPM1",0.0111722632928936,0.014,0.014,0.114414891901004
"ZNF528","MRPL37",0.0110043136222064,0.01,0.01,0.0917703341963161
"ZNF528","ACTN1",0.0108774957735084,0.0182853019995877,0.0182853019995877,0.0689326527670686
"ZNF528","ZNF684",0.0102727712812914,0.008,0.008,0.0448390299816733
"ZNF528","CREB3L2",0.0101437956234682,0.05,0.05,0.107809476497204
"ZNF528","CCDC141",0.0100611039882706,0.032,0.032,0.0726638370660357
"ZNF528","NRF1",0.0161649700530366,0.026,0.026,-0.04001628601446
"ZNF528","MXI1",0.0221161216037793,0.02,0.02,-0.147655370404402
"ZNF528","POU2F1",0.0498428819332645,0.052,0.052,-0.137579025427372
"ZNF528","FOXO3",0.114351880643743,0.032,0.032,-0.10584954903308
"ZNF652","POU2F1",0.0619673925342399,0.062,0.062,0.140486260747191
"ZNF652","ANK3",0.0445633752130735,0.09,0.09,0.120588988814105
"ZNF652","SCRT1",0.0217960281539857,0.0143790849673203,0.0143790849673203,0.0680361196695714
"ZNF652","MXI1",0.0168456737968609,0.044,0.044,0.14569752447112
"ZNF652","POU4F1",0.0149031251911048,0.024,0.024,0.0909602777435086
"ZNF652","VDR",0.0138857635195618,0.026,0.026,0.093482213474928
"ZNF652","NR1H3",0.0132257293668237,0.0222848897134611,0.0222848897134611,0.0146901274602016
"ZNF652","MAF",0.0128023832134887,0.04,0.04,0.0347361588515983
"ZNF652","ZFX",0.0122065300809858,0.028,0.028,0.0291135533156674
"ZNF652","PAX6",0.0121652977901775,0.0471303824149353,0.0471303824149353,0.044323680829168
"ZNF652","NFIA",0.0119625707908859,0.0137408568443051,0.0137408568443051,0.0356109112188281
"ZNF652","CREB3L4",0.0107029212898201,0.02,0.02,0.0308962141804553
"ZNF652","SREBF1",0.0102690242304886,0.034,0.034,0.0416450384659202
"ZNF652","ATF2",0.0109604555919241,0.022,0.022,-0.111946026624498
"ZNF652","SREBF2",0.0123946286254968,0.044,0.044,-0.0768725504952496
"ZNF652","HDGFRP3",0.0130797927049706,0.0499395810955961,0.0499395810955961,-0.231359396409694
"ZNF652","PKIG",0.0132951912583885,0.084,0.084,-0.163244635930784
"ZNF652","NCKAP5L",0.0169410699255929,0.052,0.052,-0.102815335376655
"ZNF652","CMTM3",0.0203641891850837,0.036,0.036,-0.379786892589226
"ZNF652","INSM1",0.021190022062412,0.123305393671595,0.123305393671595,-0.0659229272831079
"ZNF652","GRHL1",0.0256391200037277,0.0593085106382979,0.0593085106382979,-0.0266452403728221
"ZNF652","C4BPB",0.0364945249160595,0.06,0.06,-0.235370826404257
"ZNF652","KIAA0020",0.0391162814837275,0.05,0.05,-0.351714030956771
"ZNF652","KIF13A",0.0417141329010775,0.058,0.058,-0.0244022082716276
"ZNF652","HLX",0.0650615370792277,0.0507111935683364,0.0507111935683364,-0.237365960380338
"ZNF682","TCF7L1",0.229084701091177,0.064,0.064,0.0358685918519575
"ZNF682","THRB",0.112651204600883,0.0552065432914739,0.0552065432914739,0.0861505259447667
"ZNF682","NEUROD2",0.106751597099383,0.052756222013954,0.052756222013954,0.120489611095803
"ZNF682","HEY1",0.0873079389260556,0.0704545454545455,0.0704545454545455,0.044665107927219
"ZNF682","RFX4",0.084428750126895,0.0542625096422565,0.0542625096422565,0.0602147442693627
"ZNF682","NPDC1",0.0617090281018333,0.038,0.038,0.116761231224487
"ZNF682","HNF1B",0.0494974294465257,0.0281325618825619,0.0281325618825619,0.080532449476734
"ZNF682","INA",0.0459350306942681,0.0335642220449743,0.0335642220449743,0.045617880890097
"ZNF682","BCL6B",0.0432093690785017,0.0425490381714465,0.0425490381714465,0.085242450755944
"ZNF682","RFX2",0.0381120403456149,0.0261632653061224,0.0261632653061224,0.0584789813026563
"ZNF682","CTCFL",0.0320514047903405,0.0727731092436975,0.0727731092436975,0.0390854344149013
"ZNF682","GMPR",0.0297594870021377,0.06,0.06,0.108870323979388
"ZNF682","TFAP4",0.0272142703275852,0.05,0.05,0.142588095325868
"ZNF682","TTK",0.0253924090917911,0.02,0.02,0.0585590425842766
"ZNF682","CCR10",0.0218153760522057,0.04,0.04,0.131610694004911
"ZNF682","KLF13",0.0209881991620249,0.052,0.052,0.135972996846964
"ZNF682","MT1E",0.0150536442458878,0.014,0.014,0.0529614395936218
"ZNF682","PPIF",0.0149350495981406,0.026,0.026,0.117395507990746
"ZNF682","INSM1",0.013343961253393,0.0075974025974026,0.0075974025974026,0.0347270997073286
"ZNF682","KLF1",0.0133246900387964,0.0755670934091987,0.0755670934091987,0.0401647060386535
"ZNF682","GLI3",0.0132519778083318,0.0736141906873614,0.0736141906873614,0.0428321371959804
"ZNF682","HOXC10",0.0112710494351888,0.0493243243243243,0.0493243243243243,0.0238182642840265
"ZNF682","RCAN2",0.0109732404817119,0.024,0.024,0.0645855660520097
"ZNF682","HOXB3",0.0124097272700543,0.0193344159838587,0.0193344159838587,-0.074748641161118
"ZNF684","EXO1",0.379222724585705,0.056,0.056,0.324191083305177
"ZNF684","DEPDC1",0.273306455622721,0.04,0.04,0.290868429618082
"ZNF684","PPM1G",0.208871084375892,0.032,0.032,0.303432148720594
"ZNF684","YBX3",0.190856464012367,0.032,0.032,0.230912016588469
"ZNF684","BIRC5",0.190853096504414,0.032,0.032,0.340189765540942
"ZNF684","CCNB1",0.162682134950552,0.034,0.034,0.310313361011137
"ZNF684","PPA1",0.149308533032061,0.02,0.02,0.284725792034202
"ZNF684","KIAA0020",0.138235127857202,0.042,0.042,0.205221096873633
"ZNF684","CENPB",0.12778838864429,0.04,0.04,0.162981718299399
"ZNF684","DUSP6",0.111808652751161,0.04,0.04,0.276384428019204
"ZNF684","DUT",0.108257259088042,0.04,0.04,0.347304242361607
"ZNF684","CTSH",0.108250333680019,0.02,0.02,0.290395831506961
"ZNF684","EIF1AX",0.09241491209118,0.022,0.022,0.270653891710818
"ZNF684","PPP1R14B",0.0869696871593588,0.02,0.02,0.271120487037779
"ZNF684","SSBP1",0.0844923148947703,0.02,0.02,0.297878796050297
"ZNF684","PBK",0.0808820114215446,0.042,0.042,0.31799780999622
"ZNF684","FABP5",0.0781768231128779,0.034,0.034,0.303517004270671
"ZNF684","MLTK",0.0726770545074771,0.024,0.024,0.222308971445876
"ZNF684","TFEB",0.0719714806616026,0.06,0.06,0.102288320496296
"ZNF684","SLC16A1",0.0657690505278362,0.024,0.024,0.32657997768839
"ZNF684","MRPL37",0.0656200219253762,0.02,0.02,0.321970952123787
"ZNF684","SLC7A5",0.0608859244093436,0.02,0.02,0.24916812822067
"ZNF684","HES7",0.0579064552478793,0.0432552552552553,0.0432552552552553,0.097219759037744
"ZNF684","UNG",0.0566548217894504,0.03,0.03,0.26667161943384
"ZNF684","C12orf75",0.0497232520659826,0.032,0.032,0.278398972175938
"ZNF684","ESCO2",0.0496238476740175,0.074,0.074,0.346794675554481
"ZNF684","PPAP2B",0.0472670657248212,0.046,0.046,0.0388512939442953
"ZNF684","PAICS",0.0449486433725283,0.022,0.022,0.290263136599023
"ZNF684","CCND2",0.0403905323082719,0.018,0.018,0.300121423083798
"ZNF684","HOXB2",0.0394030713265021,0.0366753629286766,0.0366753629286766,0.0652557468083014
"ZNF684","EZH2",0.0390213589543524,0.024,0.024,0.337778821817307
"ZNF684","MGST3",0.0383790985324009,0.026,0.026,0.211627259162073
"ZNF684","MT1H",0.0367426084646594,0.0213691026827012,0.0213691026827012,0.117783533697834
"ZNF684","CDCA2",0.0353500373414816,0.048,0.048,0.321345878915254
"ZNF684","DTL",0.0350842976421018,0.036,0.036,0.333978208894828
"ZNF684","HMGN2",0.0346386748492396,0.028,0.028,0.327627537854221
"ZNF684","TPX2",0.0346073257400361,0.024,0.024,0.328631930142912
"ZNF684","HSPA8",0.0337852669678154,0.018,0.018,0.300605085571558
"ZNF684","NRL",0.0323999451944567,0.0153144727612813,0.0153144727612813,0.0701340602865431
"ZNF684","LBX2",0.0314710305255226,0.019708552317248,0.019708552317248,0.0179620244594831
"ZNF684","RFX3",0.0305369650410578,0.054,0.054,0.0447497600857873
"ZNF684","P2RY6",0.0303794902425856,0.0363157894736842,0.0363157894736842,0.0453141458119958
"ZNF684","FOSL1",0.0300471851184645,0.0423333333333333,0.0423333333333333,0.156846044550259
"ZNF684","SPDL1",0.0294100797355509,0.02,0.02,0.317646624155317
"ZNF684","GAPDH",0.0287192166622037,0.018,0.018,0.354752253360992
"ZNF684","ZNF282",0.027275574268356,0.012,0.012,0.134932784042323
"ZNF684","PCNA",0.0259278057500752,0.032,0.032,0.336313293645573
"ZNF684","DCTPP1",0.0255688687253945,0.02,0.02,0.256826537696549
"ZNF684","ARL13B",0.0247455855759022,0.012,0.012,0.211324510023884
"ZNF684","HPGD",0.0241882053624171,0.012,0.012,0.213260539711394
"ZNF684","ODC1",0.023630748775067,0.016,0.016,0.213009007497379
"ZNF684","INSM1",0.023041003832901,0.0279936372918829,0.0279936372918829,0.0133384286930262
"ZNF684","PBX1",0.0227662751461021,0.0185530282269115,0.0185530282269115,0.0561940406445834
"ZNF684","HSPB1",0.0222125951791189,0.014,0.014,0.148230081353341
"ZNF684","ESR1",0.0216436250674568,0.042,0.042,0.0351020611594777
"ZNF684","POU3F2",0.0174215738028104,0.0220776901988938,0.0220776901988938,0.033727239256731
"ZNF684","ZBTB14",0.017278370706894,0.026,0.026,0.0679436913067797
"ZNF684","S100A4",0.0164153648331298,0.01,0.01,0.152257005285018
"ZNF684","PBX3",0.0163310847720849,0.02,0.02,0.173049761276209
"ZNF684","TBX21",0.0161623813346373,0.03,0.03,0.0377847306670838
"ZNF684","ZBED1",0.0160157691446173,0.016,0.016,0.0846558249861591
"ZNF684","ZNF274",0.0157398845200798,0.032,0.032,0.0218211660419034
"ZNF684","IKZF1",0.0156920907757853,0.012,0.012,0.15249484935377
"ZNF684","LDHA",0.0147591281820668,0.012,0.012,0.327507063007476
"ZNF684","BCAT1",0.0139489061995305,0.012,0.012,0.160120827868431
"ZNF684","TRIAP1",0.0138688176226055,0.012,0.012,0.152092699128444
"ZNF684","SET",0.0136653983474261,0.016,0.016,0.254171737299879
"ZNF684","HMGA1",0.0129285557650208,0.016,0.016,0.307208156677951
"ZNF684","ALDOA",0.0127894531162802,0.012,0.012,0.27671455635391
"ZNF684","PHLDA3",0.0110046851611852,0.016,0.016,0.141172961835937
"ZNF684","GGCT",0.0108005558676752,0.012,0.012,0.307773473977145
"ZNF684","MT1G",0.0103584110499235,0.012,0.012,0.166692458477774
"ZNF684","FOXO3",0.0336551965937951,0.01,0.01,-0.15319702255814
"ZNF684","RREB1",0.0858243305248211,0.026,0.026,-0.163363197599839
"ZNF740","ZIC2",0.138594776333875,0.0649078991184254,0.0649078991184254,0.0511064995792715
"ZNF740","ZBTB14",0.126738708947904,0.078,0.078,0.120441470480534
"ZNF740","TEAD3",0.125492074182834,0.0734018243661101,0.0734018243661101,0.154030083502396
"ZNF740","GNB3",0.120597706959926,0.068752009894867,0.068752009894867,0.174677244150151
"ZNF740","ASCL2",0.11694700136918,0.0620959138688603,0.0620959138688603,0.0108583265990227
"ZNF740","ZBTB26",0.104559095129426,0.074,0.074,0.21345054846422
"ZNF740","HIC2",0.0970331089092315,0.07,0.07,0.136475694112317
"ZNF740","HOXC10",0.090502389525601,0.0573573573573574,0.0573573573573574,0.0727601662329578
"ZNF740","ZNF449",0.0891324368164134,0.044,0.044,0.101927146461223
"ZNF740","GMEB1",0.080555672546891,0.08,0.08,0.092868156395717
"ZNF740","FOXK1",0.0728484624253956,0.04,0.04,0.0871420970357096
"ZNF740","RFX3",0.0694180747682849,0.074,0.074,0.0978925227357484
"ZNF740","CASZ1",0.060502330842435,0.062,0.062,0.156409962644768
"ZNF740","SCRT1",0.0480112598255975,0.0367214158390629,0.0367214158390629,0.0528107262786589
"ZNF740","RFX4",0.0477659349765742,0.0551016494054469,0.0551016494054469,0.0490859004509926
"ZNF740","HINFP",0.0437004415667417,0.048,0.048,0.100867745150843
"ZNF740","SATB1",0.0428686105933514,0.064,0.064,0.0891965029928079
"ZNF740","SOX13",0.0421194671467495,0.0382262522927485,0.0382262522927485,0.0389713145733447
"ZNF740","GFI1",0.0393270256749513,0.0422230467944754,0.0422230467944754,0.080903105856957
"ZNF740","LHX2",0.0355680850520928,0.148300436453651,0.148300436453651,0.132544277189248
"ZNF740","TFAP2E",0.0315287238152728,0.053793600443085,0.053793600443085,0.0393953087547148
"ZNF740","EMX2",0.0302843934022308,0.0151706404862085,0.0151706404862085,0.0830908400506257
"ZNF740","MXI1",0.0301424690407465,0.054,0.054,0.090410290845875
"ZNF740","NR1D1",0.0290796480128706,0.0404494428824326,0.0404494428824326,0.00429229782333159
"ZNF740","HOXB2",0.0267904428360686,0.0406568483063328,0.0406568483063328,0.0398402611079149
"ZNF740","NFATC3",0.0260670351998903,0.06,0.06,0.101661249129008
"ZNF740","CCDC152",0.0259514895510737,0.064,0.064,0.0409407268425948
"ZNF740","HS3ST3B1",0.0257615717370062,0.052,0.052,0.0869581816303454
"ZNF740","RARA",0.0253905455316176,0.044,0.044,0.131792959794342
"ZNF740","POU6F1",0.0229144868919114,0.046,0.046,0.043138800586248
"ZNF740","FLI1",0.0220446717534921,0.042,0.042,0.0944788500250596
"ZNF740","SORL1",0.021454194791233,0.036,0.036,0.0827015455318518
"ZNF740","ARNT",0.0202779983138053,0.022,0.022,0.0849240775268804
"ZNF740","TFAP2A",0.02011155717496,0.066298017771702,0.066298017771702,0.0242097016919426
"ZNF740","ALPL",0.0193250311623696,0.058,0.058,0.182323210611494
"ZNF740","MEF2A",0.018453573520187,0.058,0.058,0.145231611469078
"ZNF740","NQO1",0.0160435496157073,0.056,0.056,0.11020932517546
"ZNF740","PPARA",0.0159869573375031,0.022,0.022,0.100180070377555
"ZNF740","H1F0",0.0155650020815033,0.032,0.032,0.124828116501577
"ZNF740","RELA",0.0150738896616873,0.04,0.04,0.125363790282697
"ZNF740","TBR1",0.0146403246426023,0.0306337412587413,0.0306337412587413,0.058348196946559
"ZNF740","LIN54",0.0143934213279051,0.03,0.03,0.0265325869739758
"ZNF740","NFYB",0.011699389218256,0.022,0.022,0.0907352631093846
"ZNF740","PLAGL2",0.0116158526607329,0.022,0.022,0.0297209690190549
"ZNF740","ELK3",0.0115920652301812,0.026,0.026,0.22833880169477
"ZNF740","MGST3",0.0112663030947698,0.02,0.02,0.0719251409725778
"ZNF740","MEF2C",0.0103517680349796,0.03,0.03,0.204686243638148
"ZNF740","PPP1R14B",0.0100738606483361,0.03,0.03,-0.0528359945959364
"ZNF740","CTSH",0.011214705499376,0.02,0.02,-0.0504594861799825
"ZNF740","NFIC",0.0146295148323368,0.034,0.034,-0.0127605071666476
"ZNF740","TAS1R3",0.0161044463943402,0.048,0.048,-0.0338056178022875
"ZNF740","ENC1",0.0268413790865365,0.06,0.06,-0.10197178070718
"ZNF740","USF2",0.0341796190497889,0.046,0.046,-0.0502314342271601
"ZNF740","SNAI3",0.0411789455414659,0.058,0.058,-0.112992479971416
"ZNF740","STEAP3",0.056895878376734,0.0798046398046398,0.0798046398046398,-0.0249274567365359
"ZNF75D","FOXA2",0.209648857557853,0.158058062510117,0.158058062510117,0.111352006039162
"ZNF75D","HNF1B",0.103440300380407,0.0861720774436292,0.0861720774436292,0.0769894432457575
"ZNF75D","NKX6-3",0.0966492552686995,0.0791565368898051,0.0791565368898051,0.106890505922104
"ZNF75D","SP4",0.0623683343290514,0.064,0.064,0.095930698760033
"ZNF75D","NFATC4",0.061116340374844,0.0276189933892173,0.0276189933892173,0.117740404104875
"ZNF75D","P2RY6",0.0604503332657008,0.0505263157894737,0.0505263157894737,0.20618629620302
"ZNF75D","DBP",0.0443242751222125,0.032,0.032,0.124213421300262
"ZNF75D","LBX2",0.0419555354941339,0.0241041567128524,0.0241041567128524,0.0338932225319539
"ZNF75D","SNAI1",0.0383207330103234,0.0872805898886435,0.0872805898886435,0.0651724003196408
"ZNF75D","FAM92B",0.0273402968294275,0.028,0.028,0.171486979556939
"ZNF75D","IFI27",0.0218741880932942,0.05,0.05,0.385311099762642
"ZNF75D","ZNF143",0.0206834947267628,0.03,0.03,0.0668005883957056
"ZNF75D","ELK3",0.0198413705247194,0.036,0.036,0.2986938099842
"ZNF75D","HGF",0.0195638184574828,0.034,0.034,0.208823408756426
"ZNF75D","ZNF148",0.0184092687300478,0.05,0.05,0.0815134512125376
"ZNF75D","RGCC",0.0139538467218445,0.022,0.022,0.185306561637104
"ZNF75D","HOXB2",0.0121941009847007,0.0202251209762255,0.0202251209762255,0.086387111798524
"ZNF75D","ZEB1",0.0116533212701236,0.054,0.054,0.0362980606133441
"ZNF75D","HIST1H2BK",0.0111754616684071,0.032,0.032,0.281707172525264
"ZNF75D","LAG3",0.0110771344811617,0.006,0.006,0.137468648464098
"ZNF75D","ARL6IP1",0.0107485185013755,0.03,0.03,-0.105823730866711
"ZNF75D","GPR18",0.0109328677350521,0.028,0.028,-0.0181827463213137
"ZNF75D","IKZF1",0.0112725188855507,0.036,0.036,-0.144819853727082
"ZNF75D","CCL3",0.0140977702899064,0.036,0.036,-0.15737331268228
"ZNF75D","PPARD",0.0155749105295757,0.04,0.04,-0.0146902311837447
"ZNF75D","ELK1",0.0174146686026123,0.04,0.04,-0.147346274262839
"ZSCAN29","PRDM15",0.135037077797566,0.134,0.134,0.353073715878206
"ZSCAN29","GCM1",0.10887707394401,0.114744544232303,0.114744544232303,0.0979285688283329
"ZSCAN29","HNF1B",0.0845260328488174,0.042279107386866,0.042279107386866,0.0133928044407964
"ZSCAN29","FOXK2",0.0472614790314422,0.054,0.054,0.0756928705013405
"ZSCAN29","NFIC",0.0405822567264609,0.042,0.042,0.0266358700627694
"ZSCAN29","ZIC2",0.0355424854529768,0.138193701035806,0.138193701035806,0.0474728566684846
"ZSCAN29","VIM",0.0239100054082799,0.018,0.018,0.0266583433929138
"ZSCAN29","SLC39A14",0.0172079790544658,0.028,0.028,0.0691416667612512
"ZSCAN29","ONECUT3",0.0135662748879103,0.0114285714285714,0.0114285714285714,0.053519096788429
"ZSCAN29","RUNX2",0.0103627938240541,0.032,0.032,0.171103812136016
"ZSCAN29","ZNF410",0.0897724105061637,0.0380758347481607,0.0380758347481607,-0.0151879953779767
